,timestamp,open,high,low,close,volume,ticker
0,2025-01-01 09:15:00+05:30,1779.25,1790.6,1777.0,1777.95,49909,KOTAKBANK
1,2025-01-01 09:30:00+05:30,1778.95,1782.9,1777.7,1781.75,43692,KOTAKBANK
2,2025-01-01 09:45:00+05:30,1781.9,1783.5,1779.6,1781.6,49959,KOTAKBANK
3,2025-01-01 10:00:00+05:30,1781.65,1792.4,1781.0,1790.1,49110,KOTAKBANK
4,2025-01-01 10:15:00+05:30,1790.5,1793.0,1789.95,1790.75,34615,KOTAKBANK
5,2025-01-01 10:30:00+05:30,1791.35,1792.65,1787.5,1790.0,25737,KOTAKBANK
6,2025-01-01 10:45:00+05:30,1790.0,1796.75,1789.75,1792.55,32078,KOTAKBANK
7,2025-01-01 11:00:00+05:30,1792.6,1794.0,1790.0,1792.35,15943,KOTAKBANK
8,2025-01-01 11:15:00+05:30,1791.65,1792.65,1786.6,1789.1,36566,KOTAKBANK
9,2025-01-01 11:30:00+05:30,1788.7,1791.0,1787.7,1790.65,57428,KOTAKBANK
10,2025-01-01 11:45:00+05:30,1790.2,1791.0,1786.95,1790.0,51828,KOTAKBANK
11,2025-01-01 12:00:00+05:30,1790.0,1791.0,1788.55,1790.25,77145,KOTAKBANK
12,2025-01-01 12:15:00+05:30,1790.3,1791.7,1789.65,1790.1,27481,KOTAKBANK
13,2025-01-01 12:30:00+05:30,1790.15,1790.5,1788.2,1789.4,35964,KOTAKBANK
14,2025-01-01 12:45:00+05:30,1789.4,1790.0,1788.25,1789.75,58549,KOTAKBANK
15,2025-01-01 13:00:00+05:30,1789.3,1790.0,1787.4,1788.85,55729,KOTAKBANK
16,2025-01-01 13:15:00+05:30,1788.8,1790.2,1788.2,1788.9,50322,KOTAKBANK
17,2025-01-01 13:30:00+05:30,1789.7,1790.25,1788.7,1789.95,61778,KOTAKBANK
18,2025-01-01 13:45:00+05:30,1789.35,1791.0,1786.6,1790.05,81341,KOTAKBANK
19,2025-01-01 14:00:00+05:30,1790.15,1791.7,1788.7,1790.05,47054,KOTAKBANK
20,2025-01-01 14:15:00+05:30,1790.0,1790.6,1788.3,1788.9,105062,KOTAKBANK
21,2025-01-01 14:30:00+05:30,1788.9,1791.0,1788.35,1790.15,68925,KOTAKBANK
22,2025-01-01 14:45:00+05:30,1790.0,1790.85,1788.75,1790.0,76222,KOTAKBANK
23,2025-01-01 15:00:00+05:30,1790.0,1790.3,1786.65,1787.9,158614,KOTAKBANK
24,2025-01-01 15:15:00+05:30,1788.6,1789.45,1786.95,1788.1,130030,KOTAKBANK
25,2025-01-02 09:15:00+05:30,1800.0,1835.85,1796.9,1820.3,550450,KOTAKBANK
26,2025-01-02 09:30:00+05:30,1819.2,1821.0,1815.0,1815.9,137329,KOTAKBANK
27,2025-01-02 09:45:00+05:30,1815.35,1819.75,1810.3,1817.0,122997,KOTAKBANK
28,2025-01-02 10:00:00+05:30,1817.45,1825.85,1816.65,1820.5,172564,KOTAKBANK
29,2025-01-02 10:15:00+05:30,1820.5,1828.85,1820.15,1826.3,100429,KOTAKBANK
30,2025-01-02 10:30:00+05:30,1826.05,1829.9,1823.65,1825.0,80612,KOTAKBANK
31,2025-01-02 10:45:00+05:30,1825.0,1831.45,1824.2,1830.05,167764,KOTAKBANK
32,2025-01-02 11:00:00+05:30,1830.25,1830.8,1825.0,1827.75,79538,KOTAKBANK
33,2025-01-02 11:15:00+05:30,1827.1,1829.2,1825.0,1826.3,66989,KOTAKBANK
34,2025-01-02 11:30:00+05:30,1826.35,1828.75,1823.4,1824.1,95703,KOTAKBANK
35,2025-01-02 11:45:00+05:30,1824.1,1825.75,1822.45,1825.15,85588,KOTAKBANK
36,2025-01-02 12:00:00+05:30,1825.15,1826.3,1820.25,1821.4,132886,KOTAKBANK
37,2025-01-02 12:15:00+05:30,1821.3,1828.0,1818.8,1827.65,131974,KOTAKBANK
38,2025-01-02 12:30:00+05:30,1827.6,1829.35,1825.0,1826.3,194723,KOTAKBANK
39,2025-01-02 12:45:00+05:30,1826.3,1828.25,1825.0,1826.8,157593,KOTAKBANK
40,2025-01-02 13:00:00+05:30,1826.9,1828.25,1824.1,1826.3,147635,KOTAKBANK
41,2025-01-02 13:15:00+05:30,1825.85,1831.15,1825.0,1828.0,224617,KOTAKBANK
42,2025-01-02 13:30:00+05:30,1827.55,1828.0,1825.0,1826.85,196034,KOTAKBANK
43,2025-01-02 13:45:00+05:30,1826.75,1828.15,1824.7,1825.75,121931,KOTAKBANK
44,2025-01-02 14:00:00+05:30,1825.75,1831.2,1824.15,1828.7,160343,KOTAKBANK
45,2025-01-02 14:15:00+05:30,1828.9,1834.2,1827.1,1832.2,297044,KOTAKBANK
46,2025-01-02 14:30:00+05:30,1832.2,1835.15,1830.85,1834.4,343002,KOTAKBANK
47,2025-01-02 14:45:00+05:30,1834.4,1840.2,1834.0,1836.5,343984,KOTAKBANK
48,2025-01-02 15:00:00+05:30,1836.7,1839.9,1834.15,1839.25,523865,KOTAKBANK
49,2025-01-02 15:15:00+05:30,1839.3,1839.35,1831.1,1834.05,416396,KOTAKBANK
50,2025-01-03 09:15:00+05:30,1851.0,1853.0,1822.35,1822.85,348395,KOTAKBANK
51,2025-01-03 09:30:00+05:30,1822.85,1824.0,1817.1,1818.95,73712,KOTAKBANK
52,2025-01-03 09:45:00+05:30,1818.9,1820.7,1817.3,1818.95,62275,KOTAKBANK
53,2025-01-03 10:00:00+05:30,1818.85,1827.15,1818.25,1821.95,63145,KOTAKBANK
54,2025-01-03 10:15:00+05:30,1821.6,1829.8,1821.6,1827.0,72365,KOTAKBANK
55,2025-01-03 10:30:00+05:30,1827.0,1827.35,1823.55,1825.65,82845,KOTAKBANK
56,2025-01-03 10:45:00+05:30,1825.6,1829.85,1824.55,1829.0,66368,KOTAKBANK
57,2025-01-03 11:00:00+05:30,1829.0,1833.7,1826.75,1832.6,119522,KOTAKBANK
58,2025-01-03 11:15:00+05:30,1833.0,1838.55,1831.6,1836.5,106312,KOTAKBANK
59,2025-01-03 11:30:00+05:30,1836.55,1838.8,1833.3,1838.0,137850,KOTAKBANK
60,2025-01-03 11:45:00+05:30,1838.0,1838.0,1832.1,1837.15,110934,KOTAKBANK
61,2025-01-03 12:00:00+05:30,1837.15,1838.2,1833.1,1834.05,56369,KOTAKBANK
62,2025-01-03 12:15:00+05:30,1834.15,1834.75,1830.3,1831.9,51036,KOTAKBANK
63,2025-01-03 12:30:00+05:30,1831.9,1833.6,1830.05,1832.1,55149,KOTAKBANK
64,2025-01-03 12:45:00+05:30,1831.4,1836.2,1830.65,1834.5,85505,KOTAKBANK
65,2025-01-03 13:00:00+05:30,1834.5,1841.4,1834.2,1840.0,191904,KOTAKBANK
66,2025-01-03 13:15:00+05:30,1839.4,1843.4,1837.95,1840.2,191858,KOTAKBANK
67,2025-01-03 13:30:00+05:30,1840.4,1842.05,1838.9,1840.8,168897,KOTAKBANK
68,2025-01-03 13:45:00+05:30,1840.5,1840.75,1836.05,1837.45,170909,KOTAKBANK
69,2025-01-03 14:00:00+05:30,1837.45,1839.5,1834.5,1837.75,286106,KOTAKBANK
70,2025-01-03 14:15:00+05:30,1837.45,1839.75,1833.3,1835.6,212152,KOTAKBANK
71,2025-01-03 14:30:00+05:30,1835.6,1840.05,1834.45,1835.05,213607,KOTAKBANK
72,2025-01-03 14:45:00+05:30,1835.05,1841.75,1833.85,1840.45,330148,KOTAKBANK
73,2025-01-03 15:00:00+05:30,1840.25,1840.45,1836.1,1839.0,602640,KOTAKBANK
74,2025-01-03 15:15:00+05:30,1839.0,1840.45,1832.1,1835.7,384832,KOTAKBANK
75,2025-01-06 09:15:00+05:30,1821.0,1825.0,1802.6,1802.7,430791,KOTAKBANK
76,2025-01-06 09:30:00+05:30,1802.8,1806.0,1796.8,1803.55,146492,KOTAKBANK
77,2025-01-06 09:45:00+05:30,1803.3,1803.5,1793.05,1799.35,155033,KOTAKBANK
78,2025-01-06 10:00:00+05:30,1799.25,1806.45,1799.05,1805.15,108199,KOTAKBANK
79,2025-01-06 10:15:00+05:30,1805.15,1806.1,1798.65,1799.25,93509,KOTAKBANK
80,2025-01-06 10:30:00+05:30,1799.5,1800.6,1796.0,1796.55,71647,KOTAKBANK
81,2025-01-06 10:45:00+05:30,1796.25,1796.25,1788.55,1790.75,92279,KOTAKBANK
82,2025-01-06 11:00:00+05:30,1790.75,1792.8,1785.15,1786.1,67605,KOTAKBANK
83,2025-01-06 11:15:00+05:30,1786.15,1791.6,1784.0,1791.05,74521,KOTAKBANK
84,2025-01-06 11:30:00+05:30,1791.0,1794.0,1787.9,1788.45,133570,KOTAKBANK
85,2025-01-06 11:45:00+05:30,1788.05,1789.0,1780.05,1780.75,109679,KOTAKBANK
86,2025-01-06 12:00:00+05:30,1780.05,1790.85,1780.05,1788.85,97556,KOTAKBANK
87,2025-01-06 12:15:00+05:30,1788.55,1790.0,1780.25,1780.25,84021,KOTAKBANK
88,2025-01-06 12:30:00+05:30,1780.65,1785.0,1779.2,1782.05,71642,KOTAKBANK
89,2025-01-06 12:45:00+05:30,1782.05,1784.0,1777.3,1781.55,88812,KOTAKBANK
90,2025-01-06 13:00:00+05:30,1781.8,1783.5,1778.5,1779.4,87222,KOTAKBANK
91,2025-01-06 13:15:00+05:30,1779.85,1781.55,1776.0,1781.55,117630,KOTAKBANK
92,2025-01-06 13:30:00+05:30,1781.15,1782.95,1778.85,1780.15,83959,KOTAKBANK
93,2025-01-06 13:45:00+05:30,1780.15,1782.0,1772.9,1776.5,149353,KOTAKBANK
94,2025-01-06 14:00:00+05:30,1776.5,1784.4,1775.65,1781.15,175397,KOTAKBANK
95,2025-01-06 14:15:00+05:30,1781.1,1785.6,1779.9,1784.2,143236,KOTAKBANK
96,2025-01-06 14:30:00+05:30,1784.2,1785.2,1774.7,1780.05,300862,KOTAKBANK
97,2025-01-06 14:45:00+05:30,1779.55,1782.45,1777.1,1780.95,315965,KOTAKBANK
98,2025-01-06 15:00:00+05:30,1780.95,1784.35,1776.95,1777.15,337254,KOTAKBANK
99,2025-01-06 15:15:00+05:30,1777.35,1781.55,1775.7,1777.9,433818,KOTAKBANK
100,2025-01-07 09:15:00+05:30,1787.0,1796.45,1785.0,1795.7,510505,KOTAKBANK
101,2025-01-07 09:30:00+05:30,1795.7,1797.45,1785.0,1785.75,177830,KOTAKBANK
102,2025-01-07 09:45:00+05:30,1785.75,1786.5,1779.35,1780.7,145380,KOTAKBANK
103,2025-01-07 10:00:00+05:30,1780.65,1781.75,1777.95,1780.5,95506,KOTAKBANK
104,2025-01-07 10:15:00+05:30,1780.85,1784.2,1778.75,1782.05,163279,KOTAKBANK
105,2025-01-07 10:30:00+05:30,1782.05,1787.8,1780.7,1786.1,174239,KOTAKBANK
106,2025-01-07 10:45:00+05:30,1786.1,1793.5,1784.85,1786.85,103977,KOTAKBANK
107,2025-01-07 11:00:00+05:30,1786.95,1791.8,1786.95,1788.0,92658,KOTAKBANK
108,2025-01-07 11:15:00+05:30,1787.65,1789.95,1785.2,1789.3,282043,KOTAKBANK
109,2025-01-07 11:30:00+05:30,1789.3,1792.6,1786.4,1787.3,142865,KOTAKBANK
110,2025-01-07 11:45:00+05:30,1787.35,1792.25,1785.95,1790.3,99124,KOTAKBANK
111,2025-01-07 12:00:00+05:30,1790.55,1790.85,1788.55,1789.7,42312,KOTAKBANK
112,2025-01-07 12:15:00+05:30,1789.7,1791.0,1788.6,1789.85,67966,KOTAKBANK
113,2025-01-07 12:30:00+05:30,1790.3,1791.9,1785.0,1786.65,319840,KOTAKBANK
114,2025-01-07 12:45:00+05:30,1786.7,1786.95,1783.0,1784.15,110809,KOTAKBANK
115,2025-01-07 13:00:00+05:30,1784.4,1785.2,1781.1,1783.7,93774,KOTAKBANK
116,2025-01-07 13:15:00+05:30,1784.1,1785.35,1782.05,1784.0,70021,KOTAKBANK
117,2025-01-07 13:30:00+05:30,1784.0,1786.25,1783.4,1784.05,120939,KOTAKBANK
118,2025-01-07 13:45:00+05:30,1784.45,1784.65,1778.25,1779.55,199398,KOTAKBANK
119,2025-01-07 14:00:00+05:30,1779.55,1782.5,1777.05,1779.2,126508,KOTAKBANK
120,2025-01-07 14:15:00+05:30,1779.55,1780.95,1777.6,1778.7,98095,KOTAKBANK
121,2025-01-07 14:30:00+05:30,1778.75,1778.95,1774.95,1776.5,182781,KOTAKBANK
122,2025-01-07 14:45:00+05:30,1776.8,1777.5,1773.9,1775.2,178664,KOTAKBANK
123,2025-01-07 15:00:00+05:30,1775.2,1775.95,1770.2,1771.0,345021,KOTAKBANK
124,2025-01-07 15:15:00+05:30,1771.05,1774.15,1769.9,1770.65,451753,KOTAKBANK
125,2025-01-08 09:15:00+05:30,1780.1,1781.65,1765.55,1774.45,442218,KOTAKBANK
126,2025-01-08 09:30:00+05:30,1774.45,1784.7,1773.35,1780.2,285026,KOTAKBANK
127,2025-01-08 09:45:00+05:30,1780.15,1783.1,1777.35,1780.35,107025,KOTAKBANK
128,2025-01-08 10:00:00+05:30,1780.35,1784.3,1775.15,1779.0,130404,KOTAKBANK
129,2025-01-08 10:15:00+05:30,1779.0,1780.0,1765.95,1768.15,277218,KOTAKBANK
130,2025-01-08 10:30:00+05:30,1768.0,1772.65,1765.35,1765.8,112191,KOTAKBANK
131,2025-01-08 10:45:00+05:30,1765.8,1773.3,1764.85,1773.25,142988,KOTAKBANK
132,2025-01-08 11:00:00+05:30,1773.2,1773.2,1764.05,1764.7,159866,KOTAKBANK
133,2025-01-08 11:15:00+05:30,1764.2,1773.75,1763.9,1773.75,131222,KOTAKBANK
134,2025-01-08 11:30:00+05:30,1773.75,1779.45,1772.4,1779.0,135981,KOTAKBANK
135,2025-01-08 11:45:00+05:30,1778.65,1779.15,1769.95,1772.8,170822,KOTAKBANK
136,2025-01-08 12:00:00+05:30,1772.8,1772.95,1768.75,1769.9,100269,KOTAKBANK
137,2025-01-08 12:15:00+05:30,1769.9,1772.9,1768.95,1770.75,87217,KOTAKBANK
138,2025-01-08 12:30:00+05:30,1770.75,1771.15,1765.55,1769.7,101983,KOTAKBANK
139,2025-01-08 12:45:00+05:30,1769.7,1769.8,1764.1,1765.15,93974,KOTAKBANK
140,2025-01-08 13:00:00+05:30,1765.3,1766.1,1762.45,1765.6,130527,KOTAKBANK
141,2025-01-08 13:15:00+05:30,1765.6,1767.95,1763.7,1765.95,186553,KOTAKBANK
142,2025-01-08 13:30:00+05:30,1766.0,1770.9,1764.95,1769.45,108501,KOTAKBANK
143,2025-01-08 13:45:00+05:30,1769.35,1772.45,1767.2,1769.65,176481,KOTAKBANK
144,2025-01-08 14:00:00+05:30,1769.65,1771.55,1764.05,1769.65,260877,KOTAKBANK
145,2025-01-08 14:15:00+05:30,1769.65,1774.6,1767.2,1768.0,201245,KOTAKBANK
146,2025-01-08 14:30:00+05:30,1768.15,1768.2,1763.1,1764.95,157482,KOTAKBANK
147,2025-01-08 14:45:00+05:30,1764.9,1767.95,1764.0,1764.95,130608,KOTAKBANK
148,2025-01-08 15:00:00+05:30,1765.3,1769.45,1764.15,1769.05,213313,KOTAKBANK
149,2025-01-08 15:15:00+05:30,1769.0,1773.55,1765.05,1765.05,310651,KOTAKBANK
150,2025-01-09 09:15:00+05:30,1774.0,1802.85,1774.0,1799.2,482061,KOTAKBANK
151,2025-01-09 09:30:00+05:30,1799.25,1808.7,1788.35,1790.75,374331,KOTAKBANK
152,2025-01-09 09:45:00+05:30,1790.6,1802.0,1789.95,1799.65,252233,KOTAKBANK
153,2025-01-09 10:00:00+05:30,1799.9,1802.5,1795.2,1799.55,237485,KOTAKBANK
154,2025-01-09 10:15:00+05:30,1799.35,1801.7,1794.5,1795.0,137329,KOTAKBANK
155,2025-01-09 10:30:00+05:30,1794.65,1796.0,1788.6,1789.05,319820,KOTAKBANK
156,2025-01-09 10:45:00+05:30,1789.4,1791.15,1780.0,1781.65,297337,KOTAKBANK
157,2025-01-09 11:00:00+05:30,1781.9,1787.65,1779.85,1786.55,258319,KOTAKBANK
158,2025-01-09 11:15:00+05:30,1786.75,1800.0,1785.4,1796.1,151407,KOTAKBANK
159,2025-01-09 11:30:00+05:30,1795.95,1799.0,1792.7,1793.4,139656,KOTAKBANK
160,2025-01-09 11:45:00+05:30,1793.0,1796.75,1791.25,1796.25,112869,KOTAKBANK
161,2025-01-09 12:00:00+05:30,1796.25,1796.95,1787.15,1791.4,154667,KOTAKBANK
162,2025-01-09 12:15:00+05:30,1791.4,1795.45,1789.4,1790.65,159111,KOTAKBANK
163,2025-01-09 12:30:00+05:30,1790.6,1792.85,1788.35,1789.1,103720,KOTAKBANK
164,2025-01-09 12:45:00+05:30,1789.1,1789.85,1786.9,1788.25,110219,KOTAKBANK
165,2025-01-09 13:00:00+05:30,1788.45,1793.6,1788.25,1791.0,89786,KOTAKBANK
166,2025-01-09 13:15:00+05:30,1791.3,1793.6,1789.45,1791.25,86714,KOTAKBANK
167,2025-01-09 13:30:00+05:30,1791.2,1793.45,1790.0,1791.55,82079,KOTAKBANK
168,2025-01-09 13:45:00+05:30,1791.55,1793.5,1785.6,1787.85,160550,KOTAKBANK
169,2025-01-09 14:00:00+05:30,1787.95,1791.8,1787.2,1789.95,144477,KOTAKBANK
170,2025-01-09 14:15:00+05:30,1789.95,1791.25,1788.05,1789.85,174935,KOTAKBANK
171,2025-01-09 14:30:00+05:30,1789.8,1792.9,1789.75,1790.7,166601,KOTAKBANK
172,2025-01-09 14:45:00+05:30,1790.9,1792.95,1784.9,1786.4,240984,KOTAKBANK
173,2025-01-09 15:00:00+05:30,1786.4,1792.95,1784.8,1791.0,427030,KOTAKBANK
174,2025-01-09 15:15:00+05:30,1791.25,1795.0,1788.4,1791.0,576760,KOTAKBANK
175,2025-01-10 09:15:00+05:30,1784.2,1789.65,1778.1,1785.1,285289,KOTAKBANK
176,2025-01-10 09:30:00+05:30,1784.8,1786.25,1775.1,1779.9,104852,KOTAKBANK
177,2025-01-10 09:45:00+05:30,1779.6,1779.9,1767.2,1767.75,74835,KOTAKBANK
178,2025-01-10 10:00:00+05:30,1768.0,1772.15,1760.25,1771.55,135117,KOTAKBANK
179,2025-01-10 10:15:00+05:30,1771.75,1777.0,1770.05,1775.65,98520,KOTAKBANK
180,2025-01-10 10:30:00+05:30,1775.35,1780.6,1773.7,1776.75,89563,KOTAKBANK
181,2025-01-10 10:45:00+05:30,1776.75,1783.15,1776.0,1781.85,242694,KOTAKBANK
182,2025-01-10 11:00:00+05:30,1781.55,1785.95,1775.95,1777.8,135131,KOTAKBANK
183,2025-01-10 11:15:00+05:30,1777.9,1780.9,1774.0,1778.25,92486,KOTAKBANK
184,2025-01-10 11:30:00+05:30,1777.9,1781.7,1775.15,1776.95,111020,KOTAKBANK
185,2025-01-10 11:45:00+05:30,1777.05,1778.9,1775.9,1776.6,62799,KOTAKBANK
186,2025-01-10 12:00:00+05:30,1776.3,1778.4,1772.55,1776.65,83172,KOTAKBANK
187,2025-01-10 12:15:00+05:30,1776.3,1780.65,1772.95,1774.4,89570,KOTAKBANK
188,2025-01-10 12:30:00+05:30,1774.4,1775.65,1772.35,1773.95,86985,KOTAKBANK
189,2025-01-10 12:45:00+05:30,1773.9,1776.2,1773.25,1774.55,105498,KOTAKBANK
190,2025-01-10 13:00:00+05:30,1774.4,1776.5,1773.0,1773.95,94172,KOTAKBANK
191,2025-01-10 13:15:00+05:30,1774.15,1774.95,1770.25,1770.35,103588,KOTAKBANK
192,2025-01-10 13:30:00+05:30,1770.45,1773.45,1770.0,1771.1,104145,KOTAKBANK
193,2025-01-10 13:45:00+05:30,1771.15,1772.55,1769.1,1770.75,89061,KOTAKBANK
194,2025-01-10 14:00:00+05:30,1770.9,1771.35,1763.7,1763.95,122287,KOTAKBANK
195,2025-01-10 14:15:00+05:30,1763.95,1765.3,1757.65,1759.15,135277,KOTAKBANK
196,2025-01-10 14:30:00+05:30,1759.15,1760.8,1753.65,1758.7,187526,KOTAKBANK
197,2025-01-10 14:45:00+05:30,1758.65,1764.0,1757.25,1759.4,162474,KOTAKBANK
198,2025-01-10 15:00:00+05:30,1759.6,1760.4,1753.35,1754.0,407332,KOTAKBANK
199,2025-01-10 15:15:00+05:30,1754.0,1762.2,1754.0,1759.5,292888,KOTAKBANK
200,2025-01-13 09:15:00+05:30,1732.9,1744.55,1732.9,1741.0,285463,KOTAKBANK
201,2025-01-13 09:30:00+05:30,1740.95,1741.0,1726.8,1730.55,143172,KOTAKBANK
202,2025-01-13 09:45:00+05:30,1730.6,1731.1,1723.75,1725.4,81425,KOTAKBANK
203,2025-01-13 10:00:00+05:30,1725.55,1735.6,1725.0,1735.6,127842,KOTAKBANK
204,2025-01-13 10:15:00+05:30,1735.2,1737.9,1731.95,1737.9,106840,KOTAKBANK
205,2025-01-13 10:30:00+05:30,1737.9,1739.1,1733.15,1734.9,96780,KOTAKBANK
206,2025-01-13 10:45:00+05:30,1734.85,1736.65,1730.55,1730.95,74159,KOTAKBANK
207,2025-01-13 11:00:00+05:30,1730.95,1738.25,1727.95,1736.35,131459,KOTAKBANK
208,2025-01-13 11:15:00+05:30,1736.35,1740.4,1735.0,1737.7,104287,KOTAKBANK
209,2025-01-13 11:30:00+05:30,1737.85,1738.2,1734.0,1736.4,360194,KOTAKBANK
210,2025-01-13 11:45:00+05:30,1736.4,1737.85,1733.05,1734.0,81140,KOTAKBANK
211,2025-01-13 12:00:00+05:30,1734.15,1737.4,1734.0,1735.15,30112,KOTAKBANK
212,2025-01-13 12:15:00+05:30,1735.1,1735.8,1731.15,1733.4,108584,KOTAKBANK
213,2025-01-13 12:30:00+05:30,1733.4,1736.75,1732.5,1734.05,124422,KOTAKBANK
214,2025-01-13 12:45:00+05:30,1734.05,1735.55,1730.15,1732.55,116703,KOTAKBANK
215,2025-01-13 13:00:00+05:30,1732.5,1737.65,1732.5,1735.65,36962,KOTAKBANK
216,2025-01-13 13:15:00+05:30,1735.65,1738.8,1734.9,1738.1,39894,KOTAKBANK
217,2025-01-13 13:30:00+05:30,1738.1,1739.65,1737.5,1738.3,62283,KOTAKBANK
218,2025-01-13 13:45:00+05:30,1738.3,1741.2,1737.4,1738.35,65834,KOTAKBANK
219,2025-01-13 14:00:00+05:30,1738.35,1740.35,1737.0,1738.45,106311,KOTAKBANK
220,2025-01-13 14:15:00+05:30,1738.45,1739.6,1736.7,1738.65,158242,KOTAKBANK
221,2025-01-13 14:30:00+05:30,1738.65,1738.7,1734.05,1738.4,112496,KOTAKBANK
222,2025-01-13 14:45:00+05:30,1738.45,1740.8,1737.2,1739.3,62221,KOTAKBANK
223,2025-01-13 15:00:00+05:30,1739.3,1740.25,1735.05,1738.2,219479,KOTAKBANK
224,2025-01-13 15:15:00+05:30,1738.6,1741.3,1737.0,1740.0,248389,KOTAKBANK
225,2025-01-14 09:15:00+05:30,1749.6,1752.7,1743.65,1749.55,81590,KOTAKBANK
226,2025-01-14 09:30:00+05:30,1749.65,1755.0,1746.65,1749.2,127573,KOTAKBANK
227,2025-01-14 09:45:00+05:30,1749.2,1751.7,1743.05,1746.45,90737,KOTAKBANK
228,2025-01-14 10:00:00+05:30,1746.4,1746.8,1743.6,1744.05,78058,KOTAKBANK
229,2025-01-14 10:15:00+05:30,1744.3,1745.25,1738.4,1743.4,94359,KOTAKBANK
230,2025-01-14 10:30:00+05:30,1743.9,1747.0,1743.0,1744.1,98634,KOTAKBANK
231,2025-01-14 10:45:00+05:30,1744.05,1745.9,1739.4,1744.0,264274,KOTAKBANK
232,2025-01-14 11:00:00+05:30,1744.05,1745.9,1740.1,1740.95,184830,KOTAKBANK
233,2025-01-14 11:15:00+05:30,1741.0,1741.65,1737.45,1737.45,100141,KOTAKBANK
234,2025-01-14 11:30:00+05:30,1737.75,1738.15,1734.5,1735.4,72551,KOTAKBANK
235,2025-01-14 11:45:00+05:30,1735.4,1736.8,1733.05,1735.9,80267,KOTAKBANK
236,2025-01-14 12:00:00+05:30,1735.85,1736.15,1732.6,1735.0,50254,KOTAKBANK
237,2025-01-14 12:15:00+05:30,1735.05,1736.35,1731.55,1735.3,51049,KOTAKBANK
238,2025-01-14 12:30:00+05:30,1735.35,1739.35,1734.85,1734.95,81718,KOTAKBANK
239,2025-01-14 12:45:00+05:30,1734.9,1736.1,1734.0,1734.95,119874,KOTAKBANK
240,2025-01-14 13:00:00+05:30,1735.0,1735.9,1729.6,1731.85,321547,KOTAKBANK
241,2025-01-14 13:15:00+05:30,1731.85,1739.0,1731.8,1736.5,120023,KOTAKBANK
242,2025-01-14 13:30:00+05:30,1736.45,1741.6,1734.85,1739.85,186218,KOTAKBANK
243,2025-01-14 13:45:00+05:30,1739.85,1750.2,1738.45,1749.15,166935,KOTAKBANK
244,2025-01-14 14:00:00+05:30,1749.2,1765.7,1748.95,1765.1,357998,KOTAKBANK
245,2025-01-14 14:15:00+05:30,1765.15,1768.85,1760.95,1763.45,252066,KOTAKBANK
246,2025-01-14 14:30:00+05:30,1763.75,1763.75,1753.55,1756.6,193158,KOTAKBANK
247,2025-01-14 14:45:00+05:30,1756.55,1758.15,1748.25,1758.15,334005,KOTAKBANK
248,2025-01-14 15:00:00+05:30,1757.7,1757.95,1743.85,1748.6,785039,KOTAKBANK
249,2025-01-14 15:15:00+05:30,1748.6,1763.2,1746.55,1759.5,648961,KOTAKBANK
250,2025-01-15 09:15:00+05:30,1760.1,1776.45,1760.1,1765.5,227053,KOTAKBANK
251,2025-01-15 09:30:00+05:30,1765.1,1776.95,1763.05,1775.2,135337,KOTAKBANK
252,2025-01-15 09:45:00+05:30,1775.25,1779.85,1769.7,1773.25,78248,KOTAKBANK
253,2025-01-15 10:00:00+05:30,1773.25,1782.45,1773.0,1781.45,89781,KOTAKBANK
254,2025-01-15 10:15:00+05:30,1781.55,1788.0,1781.55,1783.8,215168,KOTAKBANK
255,2025-01-15 10:30:00+05:30,1783.8,1786.0,1782.2,1783.35,54997,KOTAKBANK
256,2025-01-15 10:45:00+05:30,1783.35,1787.95,1782.55,1787.85,45929,KOTAKBANK
257,2025-01-15 11:00:00+05:30,1787.85,1789.0,1784.15,1787.5,48717,KOTAKBANK
258,2025-01-15 11:15:00+05:30,1787.5,1790.5,1786.55,1789.45,53166,KOTAKBANK
259,2025-01-15 11:30:00+05:30,1789.25,1792.75,1786.85,1790.0,133795,KOTAKBANK
260,2025-01-15 11:45:00+05:30,1790.0,1795.0,1788.0,1792.55,70050,KOTAKBANK
261,2025-01-15 12:00:00+05:30,1792.8,1792.85,1789.1,1790.25,43646,KOTAKBANK
262,2025-01-15 12:15:00+05:30,1790.35,1791.0,1788.1,1789.45,42504,KOTAKBANK
263,2025-01-15 12:30:00+05:30,1789.45,1790.9,1788.3,1789.85,116762,KOTAKBANK
264,2025-01-15 12:45:00+05:30,1789.95,1790.85,1787.5,1790.2,170398,KOTAKBANK
265,2025-01-15 13:00:00+05:30,1790.2,1792.9,1788.7,1790.0,72631,KOTAKBANK
266,2025-01-15 13:15:00+05:30,1790.25,1790.35,1782.6,1787.2,281455,KOTAKBANK
267,2025-01-15 13:30:00+05:30,1787.2,1787.4,1780.1,1783.45,271523,KOTAKBANK
268,2025-01-15 13:45:00+05:30,1783.35,1786.6,1781.45,1785.7,119908,KOTAKBANK
269,2025-01-15 14:00:00+05:30,1786.2,1786.9,1781.05,1783.65,129047,KOTAKBANK
270,2025-01-15 14:15:00+05:30,1783.7,1786.6,1782.5,1784.6,143391,KOTAKBANK
271,2025-01-15 14:30:00+05:30,1784.7,1793.55,1784.6,1792.25,152952,KOTAKBANK
272,2025-01-15 14:45:00+05:30,1792.5,1792.95,1789.45,1791.15,147740,KOTAKBANK
273,2025-01-15 15:00:00+05:30,1791.15,1791.75,1788.6,1789.75,293535,KOTAKBANK
274,2025-01-15 15:15:00+05:30,1789.8,1791.0,1785.15,1788.0,362939,KOTAKBANK
275,2025-01-16 09:15:00+05:30,1795.8,1802.2,1785.35,1792.95,153441,KOTAKBANK
276,2025-01-16 09:30:00+05:30,1792.95,1802.0,1792.4,1797.3,131548,KOTAKBANK
277,2025-01-16 09:45:00+05:30,1797.3,1800.95,1793.6,1800.95,110404,KOTAKBANK
278,2025-01-16 10:00:00+05:30,1800.85,1801.1,1797.0,1799.4,210728,KOTAKBANK
279,2025-01-16 10:15:00+05:30,1799.4,1800.85,1794.2,1795.9,80443,KOTAKBANK
280,2025-01-16 10:30:00+05:30,1795.8,1801.0,1795.1,1799.55,77422,KOTAKBANK
281,2025-01-16 10:45:00+05:30,1799.55,1800.35,1795.8,1797.8,155783,KOTAKBANK
282,2025-01-16 11:00:00+05:30,1797.85,1799.6,1795.15,1798.7,89024,KOTAKBANK
283,2025-01-16 11:15:00+05:30,1798.05,1801.05,1798.05,1800.3,65430,KOTAKBANK
284,2025-01-16 11:30:00+05:30,1800.25,1804.65,1798.65,1804.65,59255,KOTAKBANK
285,2025-01-16 11:45:00+05:30,1804.65,1808.35,1802.15,1807.9,84251,KOTAKBANK
286,2025-01-16 12:00:00+05:30,1807.9,1809.95,1806.5,1809.45,85672,KOTAKBANK
287,2025-01-16 12:15:00+05:30,1809.45,1812.6,1806.9,1810.2,144475,KOTAKBANK
288,2025-01-16 12:30:00+05:30,1810.2,1813.55,1809.5,1812.45,99349,KOTAKBANK
289,2025-01-16 12:45:00+05:30,1812.45,1814.3,1810.75,1813.9,83388,KOTAKBANK
290,2025-01-16 13:00:00+05:30,1814.0,1814.95,1811.4,1813.95,79292,KOTAKBANK
291,2025-01-16 13:15:00+05:30,1813.95,1814.85,1812.9,1814.05,65126,KOTAKBANK
292,2025-01-16 13:30:00+05:30,1814.1,1814.6,1805.05,1808.8,458513,KOTAKBANK
293,2025-01-16 13:45:00+05:30,1809.15,1810.1,1806.0,1808.15,169761,KOTAKBANK
294,2025-01-16 14:00:00+05:30,1807.95,1808.7,1806.1,1807.85,160159,KOTAKBANK
295,2025-01-16 14:15:00+05:30,1807.85,1808.1,1803.4,1805.5,212488,KOTAKBANK
296,2025-01-16 14:30:00+05:30,1805.55,1809.95,1803.05,1807.35,270966,KOTAKBANK
297,2025-01-16 14:45:00+05:30,1806.7,1807.35,1802.4,1803.25,339286,KOTAKBANK
298,2025-01-16 15:00:00+05:30,1804.0,1807.0,1803.15,1805.95,552914,KOTAKBANK
299,2025-01-16 15:15:00+05:30,1805.95,1807.05,1802.15,1806.0,508684,KOTAKBANK
300,2025-01-17 09:15:00+05:30,1797.0,1805.5,1775.4,1782.75,224538,KOTAKBANK
301,2025-01-17 09:30:00+05:30,1782.8,1789.85,1780.2,1781.95,131705,KOTAKBANK
302,2025-01-17 09:45:00+05:30,1782.0,1786.1,1780.1,1785.45,42257,KOTAKBANK
303,2025-01-17 10:00:00+05:30,1785.45,1785.5,1777.25,1778.15,43103,KOTAKBANK
304,2025-01-17 10:15:00+05:30,1778.05,1780.8,1776.0,1779.5,139674,KOTAKBANK
305,2025-01-17 10:30:00+05:30,1779.2,1780.35,1766.65,1767.45,166953,KOTAKBANK
306,2025-01-17 10:45:00+05:30,1767.45,1769.3,1761.1,1762.2,71894,KOTAKBANK
307,2025-01-17 11:00:00+05:30,1762.2,1764.85,1757.4,1758.35,67950,KOTAKBANK
308,2025-01-17 11:15:00+05:30,1758.35,1762.7,1757.45,1759.15,64600,KOTAKBANK
309,2025-01-17 11:30:00+05:30,1759.05,1761.2,1753.55,1754.6,54531,KOTAKBANK
310,2025-01-17 11:45:00+05:30,1754.25,1756.6,1751.05,1753.35,82548,KOTAKBANK
311,2025-01-17 12:00:00+05:30,1753.6,1756.75,1751.2,1754.2,101997,KOTAKBANK
312,2025-01-17 12:15:00+05:30,1754.1,1758.4,1751.15,1754.8,147903,KOTAKBANK
313,2025-01-17 12:30:00+05:30,1754.8,1760.95,1753.65,1757.4,87735,KOTAKBANK
314,2025-01-17 12:45:00+05:30,1757.4,1765.95,1757.0,1764.5,154425,KOTAKBANK
315,2025-01-17 13:00:00+05:30,1764.75,1764.75,1758.05,1758.8,116350,KOTAKBANK
316,2025-01-17 13:15:00+05:30,1758.8,1759.2,1755.1,1756.2,71624,KOTAKBANK
317,2025-01-17 13:30:00+05:30,1756.75,1759.1,1750.25,1752.4,103487,KOTAKBANK
318,2025-01-17 13:45:00+05:30,1752.1,1753.65,1750.5,1751.55,111695,KOTAKBANK
319,2025-01-17 14:00:00+05:30,1751.9,1755.3,1748.3,1755.0,163461,KOTAKBANK
320,2025-01-17 14:15:00+05:30,1754.6,1756.4,1752.45,1753.3,126641,KOTAKBANK
321,2025-01-17 14:30:00+05:30,1753.3,1762.95,1752.8,1761.75,193832,KOTAKBANK
322,2025-01-17 14:45:00+05:30,1761.55,1763.95,1759.85,1761.5,181103,KOTAKBANK
323,2025-01-17 15:00:00+05:30,1762.05,1762.05,1755.7,1758.85,429128,KOTAKBANK
324,2025-01-17 15:15:00+05:30,1758.85,1761.85,1755.05,1759.05,440207,KOTAKBANK
325,2025-01-20 09:15:00+05:30,1890.0,1918.0,1866.0,1909.45,3753739,KOTAKBANK
326,2025-01-20 09:30:00+05:30,1909.4,1929.0,1909.35,1927.0,1494135,KOTAKBANK
327,2025-01-20 09:45:00+05:30,1927.0,1928.7,1915.0,1926.0,879637,KOTAKBANK
328,2025-01-20 10:00:00+05:30,1925.5,1927.9,1918.5,1920.2,356276,KOTAKBANK
329,2025-01-20 10:15:00+05:30,1920.65,1925.0,1916.55,1920.45,309932,KOTAKBANK
330,2025-01-20 10:30:00+05:30,1920.3,1921.45,1910.05,1917.5,631245,KOTAKBANK
331,2025-01-20 10:45:00+05:30,1917.35,1921.85,1915.65,1919.85,258535,KOTAKBANK
332,2025-01-20 11:00:00+05:30,1919.9,1920.0,1914.05,1915.0,270494,KOTAKBANK
333,2025-01-20 11:15:00+05:30,1915.0,1925.0,1914.7,1923.8,403547,KOTAKBANK
334,2025-01-20 11:30:00+05:30,1923.8,1929.9,1922.5,1925.35,420482,KOTAKBANK
335,2025-01-20 11:45:00+05:30,1925.85,1926.0,1918.05,1919.75,288883,KOTAKBANK
336,2025-01-20 12:00:00+05:30,1919.75,1920.65,1915.0,1915.65,244020,KOTAKBANK
337,2025-01-20 12:15:00+05:30,1916.45,1922.95,1915.1,1920.25,233511,KOTAKBANK
338,2025-01-20 12:30:00+05:30,1920.25,1925.95,1920.05,1923.6,185220,KOTAKBANK
339,2025-01-20 12:45:00+05:30,1923.6,1924.85,1921.25,1922.8,115020,KOTAKBANK
340,2025-01-20 13:00:00+05:30,1922.8,1925.0,1921.7,1924.6,243436,KOTAKBANK
341,2025-01-20 13:15:00+05:30,1924.6,1926.45,1920.5,1922.35,185018,KOTAKBANK
342,2025-01-20 13:30:00+05:30,1922.35,1923.0,1920.6,1922.5,124991,KOTAKBANK
343,2025-01-20 13:45:00+05:30,1922.4,1922.95,1918.65,1919.6,179263,KOTAKBANK
344,2025-01-20 14:00:00+05:30,1919.6,1921.8,1919.0,1921.8,137005,KOTAKBANK
345,2025-01-20 14:15:00+05:30,1921.35,1922.0,1919.0,1919.95,221275,KOTAKBANK
346,2025-01-20 14:30:00+05:30,1919.35,1924.0,1919.3,1921.7,304495,KOTAKBANK
347,2025-01-20 14:45:00+05:30,1921.65,1924.0,1920.85,1923.1,285942,KOTAKBANK
348,2025-01-20 15:00:00+05:30,1923.05,1923.95,1919.5,1922.7,604010,KOTAKBANK
349,2025-01-20 15:15:00+05:30,1922.7,1923.8,1916.15,1918.0,563329,KOTAKBANK
350,2025-01-21 09:15:00+05:30,1920.95,1920.95,1901.3,1907.1,573527,KOTAKBANK
351,2025-01-21 09:30:00+05:30,1907.1,1907.95,1897.15,1900.9,236644,KOTAKBANK
352,2025-01-21 09:45:00+05:30,1900.9,1904.0,1896.55,1901.5,171347,KOTAKBANK
353,2025-01-21 10:00:00+05:30,1901.75,1908.7,1900.15,1908.45,124816,KOTAKBANK
354,2025-01-21 10:15:00+05:30,1908.45,1909.95,1897.8,1899.0,143222,KOTAKBANK
355,2025-01-21 10:30:00+05:30,1899.6,1905.0,1898.95,1899.0,96155,KOTAKBANK
356,2025-01-21 10:45:00+05:30,1899.25,1901.9,1897.1,1897.25,96527,KOTAKBANK
357,2025-01-21 11:00:00+05:30,1897.15,1900.0,1894.2,1896.0,136485,KOTAKBANK
358,2025-01-21 11:15:00+05:30,1896.05,1898.35,1894.6,1894.9,129796,KOTAKBANK
359,2025-01-21 11:30:00+05:30,1895.25,1901.95,1894.8,1900.4,90892,KOTAKBANK
360,2025-01-21 11:45:00+05:30,1900.35,1915.0,1900.35,1909.6,445641,KOTAKBANK
361,2025-01-21 12:00:00+05:30,1909.7,1911.0,1905.05,1906.6,78470,KOTAKBANK
362,2025-01-21 12:15:00+05:30,1906.0,1907.4,1898.0,1899.05,174273,KOTAKBANK
363,2025-01-21 12:30:00+05:30,1899.4,1902.3,1897.4,1901.9,83782,KOTAKBANK
364,2025-01-21 12:45:00+05:30,1901.1,1911.0,1901.1,1909.3,154581,KOTAKBANK
365,2025-01-21 13:00:00+05:30,1909.3,1912.5,1903.45,1904.6,81640,KOTAKBANK
366,2025-01-21 13:15:00+05:30,1904.5,1905.25,1896.6,1904.35,106970,KOTAKBANK
367,2025-01-21 13:30:00+05:30,1905.0,1905.8,1900.55,1902.85,55966,KOTAKBANK
368,2025-01-21 13:45:00+05:30,1902.85,1904.2,1897.05,1899.75,90432,KOTAKBANK
369,2025-01-21 14:00:00+05:30,1899.8,1902.0,1898.8,1899.4,64193,KOTAKBANK
370,2025-01-21 14:15:00+05:30,1899.4,1901.55,1897.05,1900.0,62899,KOTAKBANK
371,2025-01-21 14:30:00+05:30,1899.65,1901.5,1893.0,1895.0,220774,KOTAKBANK
372,2025-01-21 14:45:00+05:30,1894.95,1897.9,1893.05,1894.35,182095,KOTAKBANK
373,2025-01-21 15:00:00+05:30,1894.35,1895.75,1891.1,1892.6,454050,KOTAKBANK
374,2025-01-21 15:15:00+05:30,1892.55,1896.0,1891.0,1893.6,338792,KOTAKBANK
375,2025-01-22 09:15:00+05:30,1899.0,1903.6,1892.5,1898.15,237787,KOTAKBANK
376,2025-01-22 09:30:00+05:30,1898.0,1904.95,1894.4,1902.3,67660,KOTAKBANK
377,2025-01-22 09:45:00+05:30,1902.05,1904.0,1896.0,1896.45,42359,KOTAKBANK
378,2025-01-22 10:00:00+05:30,1896.4,1905.0,1894.8,1903.95,89606,KOTAKBANK
379,2025-01-22 10:15:00+05:30,1904.45,1907.9,1901.45,1906.3,85015,KOTAKBANK
380,2025-01-22 10:30:00+05:30,1906.55,1908.5,1901.9,1905.3,142236,KOTAKBANK
381,2025-01-22 10:45:00+05:30,1905.25,1907.0,1903.25,1905.0,114397,KOTAKBANK
382,2025-01-22 11:00:00+05:30,1905.05,1905.05,1896.2,1896.7,90653,KOTAKBANK
383,2025-01-22 11:15:00+05:30,1896.55,1896.95,1893.15,1895.7,50135,KOTAKBANK
384,2025-01-22 11:30:00+05:30,1896.15,1897.8,1893.4,1895.15,38719,KOTAKBANK
385,2025-01-22 11:45:00+05:30,1895.15,1896.45,1891.45,1893.5,50228,KOTAKBANK
386,2025-01-22 12:00:00+05:30,1893.55,1896.95,1889.9,1890.35,48300,KOTAKBANK
387,2025-01-22 12:15:00+05:30,1890.65,1892.55,1887.05,1888.15,85755,KOTAKBANK
388,2025-01-22 12:30:00+05:30,1888.1,1893.6,1887.7,1892.5,47747,KOTAKBANK
389,2025-01-22 12:45:00+05:30,1892.35,1893.75,1889.7,1891.5,48083,KOTAKBANK
390,2025-01-22 13:00:00+05:30,1891.5,1899.9,1889.55,1899.9,87233,KOTAKBANK
391,2025-01-22 13:15:00+05:30,1899.95,1900.7,1898.05,1899.55,140512,KOTAKBANK
392,2025-01-22 13:30:00+05:30,1899.25,1903.15,1897.7,1900.0,164978,KOTAKBANK
393,2025-01-22 13:45:00+05:30,1900.0,1903.0,1900.0,1900.9,117508,KOTAKBANK
394,2025-01-22 14:00:00+05:30,1900.75,1912.0,1899.75,1911.6,342602,KOTAKBANK
395,2025-01-22 14:15:00+05:30,1911.6,1920.0,1911.0,1915.8,691340,KOTAKBANK
396,2025-01-22 14:30:00+05:30,1915.85,1920.25,1914.0,1914.4,328924,KOTAKBANK
397,2025-01-22 14:45:00+05:30,1914.4,1917.0,1911.9,1916.95,300438,KOTAKBANK
398,2025-01-22 15:00:00+05:30,1916.95,1920.5,1913.9,1918.25,472989,KOTAKBANK
399,2025-01-22 15:15:00+05:30,1918.25,1919.95,1915.1,1915.1,283023,KOTAKBANK
400,2025-01-23 09:15:00+05:30,1907.1,1920.5,1907.1,1916.4,195643,KOTAKBANK
401,2025-01-23 09:30:00+05:30,1916.3,1923.95,1916.0,1917.0,206533,KOTAKBANK
402,2025-01-23 09:45:00+05:30,1916.95,1921.0,1913.0,1916.0,128528,KOTAKBANK
403,2025-01-23 10:00:00+05:30,1916.45,1919.65,1913.0,1918.65,132715,KOTAKBANK
404,2025-01-23 10:15:00+05:30,1918.45,1920.0,1914.5,1919.4,83605,KOTAKBANK
405,2025-01-23 10:30:00+05:30,1918.5,1919.9,1915.6,1917.5,79673,KOTAKBANK
406,2025-01-23 10:45:00+05:30,1917.5,1918.55,1910.35,1913.95,86031,KOTAKBANK
407,2025-01-23 11:00:00+05:30,1913.2,1915.0,1909.1,1910.9,77419,KOTAKBANK
408,2025-01-23 11:15:00+05:30,1910.9,1914.8,1909.6,1914.4,52993,KOTAKBANK
409,2025-01-23 11:30:00+05:30,1914.4,1915.0,1910.25,1911.4,83654,KOTAKBANK
410,2025-01-23 11:45:00+05:30,1911.35,1913.25,1909.55,1911.85,56336,KOTAKBANK
411,2025-01-23 12:00:00+05:30,1911.3,1912.4,1908.25,1909.75,52405,KOTAKBANK
412,2025-01-23 12:15:00+05:30,1909.95,1911.3,1908.1,1909.55,115932,KOTAKBANK
413,2025-01-23 12:30:00+05:30,1909.35,1910.8,1908.4,1908.95,88059,KOTAKBANK
414,2025-01-23 12:45:00+05:30,1908.95,1910.0,1907.1,1909.5,89033,KOTAKBANK
415,2025-01-23 13:00:00+05:30,1909.5,1910.05,1907.35,1908.45,85999,KOTAKBANK
416,2025-01-23 13:15:00+05:30,1908.45,1909.1,1907.45,1908.2,68252,KOTAKBANK
417,2025-01-23 13:30:00+05:30,1908.2,1908.25,1903.0,1906.25,133782,KOTAKBANK
418,2025-01-23 13:45:00+05:30,1906.25,1907.4,1903.05,1905.45,89372,KOTAKBANK
419,2025-01-23 14:00:00+05:30,1905.5,1906.25,1901.65,1903.15,96464,KOTAKBANK
420,2025-01-23 14:15:00+05:30,1903.65,1904.2,1900.1,1901.2,162586,KOTAKBANK
421,2025-01-23 14:30:00+05:30,1901.15,1902.0,1898.35,1901.5,99929,KOTAKBANK
422,2025-01-23 14:45:00+05:30,1901.9,1903.15,1895.0,1895.55,196283,KOTAKBANK
423,2025-01-23 15:00:00+05:30,1895.55,1898.6,1892.3,1893.25,343043,KOTAKBANK
424,2025-01-23 15:15:00+05:30,1893.3,1896.75,1892.1,1893.0,345156,KOTAKBANK
425,2025-01-24 09:15:00+05:30,1891.0,1901.0,1879.2,1879.95,256618,KOTAKBANK
426,2025-01-24 09:30:00+05:30,1879.45,1882.9,1873.05,1874.75,87348,KOTAKBANK
427,2025-01-24 09:45:00+05:30,1874.95,1881.5,1874.55,1880.1,141900,KOTAKBANK
428,2025-01-24 10:00:00+05:30,1880.0,1885.4,1875.2,1884.55,82284,KOTAKBANK
429,2025-01-24 10:15:00+05:30,1885.15,1891.25,1882.5,1889.1,81449,KOTAKBANK
430,2025-01-24 10:30:00+05:30,1889.1,1889.95,1884.8,1888.45,53235,KOTAKBANK
431,2025-01-24 10:45:00+05:30,1888.8,1894.95,1886.95,1894.35,36210,KOTAKBANK
432,2025-01-24 11:00:00+05:30,1894.95,1903.75,1893.55,1902.35,72371,KOTAKBANK
433,2025-01-24 11:15:00+05:30,1902.85,1912.15,1901.1,1911.35,135878,KOTAKBANK
434,2025-01-24 11:30:00+05:30,1911.75,1913.0,1905.6,1910.55,124593,KOTAKBANK
435,2025-01-24 11:45:00+05:30,1910.55,1911.45,1905.0,1906.05,52663,KOTAKBANK
436,2025-01-24 12:00:00+05:30,1906.0,1908.8,1902.7,1907.6,43173,KOTAKBANK
437,2025-01-24 12:15:00+05:30,1907.5,1918.5,1907.0,1912.55,119322,KOTAKBANK
438,2025-01-24 12:30:00+05:30,1913.5,1913.75,1896.25,1902.35,1699262,KOTAKBANK
439,2025-01-24 12:45:00+05:30,1902.7,1904.4,1898.75,1899.6,102391,KOTAKBANK
440,2025-01-24 13:00:00+05:30,1899.6,1901.0,1897.2,1899.65,60186,KOTAKBANK
441,2025-01-24 13:15:00+05:30,1899.65,1899.8,1893.3,1894.6,100700,KOTAKBANK
442,2025-01-24 13:30:00+05:30,1894.6,1895.8,1892.45,1894.05,72453,KOTAKBANK
443,2025-01-24 13:45:00+05:30,1893.9,1896.45,1892.5,1893.0,49819,KOTAKBANK
444,2025-01-24 14:00:00+05:30,1893.25,1894.0,1887.1,1887.7,124065,KOTAKBANK
445,2025-01-24 14:15:00+05:30,1888.0,1888.3,1882.5,1884.15,53376,KOTAKBANK
446,2025-01-24 14:30:00+05:30,1884.65,1887.2,1880.0,1881.2,66004,KOTAKBANK
447,2025-01-24 14:45:00+05:30,1881.8,1886.1,1880.45,1885.25,37112,KOTAKBANK
448,2025-01-24 15:00:00+05:30,1885.25,1886.5,1881.3,1884.25,137413,KOTAKBANK
449,2025-01-24 15:15:00+05:30,1884.2,1890.1,1883.4,1883.4,230613,KOTAKBANK
450,2025-01-27 09:15:00+05:30,1875.0,1898.8,1874.8,1877.05,88548,KOTAKBANK
451,2025-01-27 09:30:00+05:30,1877.15,1879.9,1873.45,1876.45,45664,KOTAKBANK
452,2025-01-27 09:45:00+05:30,1876.45,1883.4,1874.2,1875.5,60545,KOTAKBANK
453,2025-01-27 10:00:00+05:30,1875.45,1877.35,1868.0,1870.0,80918,KOTAKBANK
454,2025-01-27 10:15:00+05:30,1869.95,1873.0,1862.85,1862.85,83626,KOTAKBANK
455,2025-01-27 10:30:00+05:30,1863.1,1872.55,1862.75,1871.25,35625,KOTAKBANK
456,2025-01-27 10:45:00+05:30,1871.8,1877.5,1871.05,1872.65,38995,KOTAKBANK
457,2025-01-27 11:00:00+05:30,1872.35,1874.5,1868.0,1872.45,32956,KOTAKBANK
458,2025-01-27 11:15:00+05:30,1872.45,1879.45,1872.2,1879.1,30047,KOTAKBANK
459,2025-01-27 11:30:00+05:30,1879.45,1881.95,1877.55,1880.0,28253,KOTAKBANK
460,2025-01-27 11:45:00+05:30,1879.65,1886.0,1879.25,1885.6,77414,KOTAKBANK
461,2025-01-27 12:00:00+05:30,1885.55,1888.45,1878.8,1879.15,108287,KOTAKBANK
462,2025-01-27 12:15:00+05:30,1879.75,1893.55,1879.75,1893.4,131303,KOTAKBANK
463,2025-01-27 12:30:00+05:30,1893.4,1893.85,1890.0,1890.55,103955,KOTAKBANK
464,2025-01-27 12:45:00+05:30,1890.85,1892.0,1887.5,1888.8,105176,KOTAKBANK
465,2025-01-27 13:00:00+05:30,1888.8,1890.55,1887.7,1889.3,54753,KOTAKBANK
466,2025-01-27 13:15:00+05:30,1889.2,1890.3,1886.35,1888.45,76134,KOTAKBANK
467,2025-01-27 13:30:00+05:30,1888.5,1889.9,1887.0,1889.4,101826,KOTAKBANK
468,2025-01-27 13:45:00+05:30,1889.4,1890.15,1885.1,1889.25,68011,KOTAKBANK
469,2025-01-27 14:00:00+05:30,1888.8,1890.8,1884.3,1887.05,57242,KOTAKBANK
470,2025-01-27 14:15:00+05:30,1886.4,1890.0,1885.5,1886.25,59325,KOTAKBANK
471,2025-01-27 14:30:00+05:30,1886.2,1886.95,1880.7,1883.25,113426,KOTAKBANK
472,2025-01-27 14:45:00+05:30,1882.65,1885.9,1880.0,1882.45,95629,KOTAKBANK
473,2025-01-27 15:00:00+05:30,1882.4,1883.6,1879.7,1881.05,118761,KOTAKBANK
474,2025-01-27 15:15:00+05:30,1881.05,1882.8,1878.0,1878.7,130298,KOTAKBANK
475,2025-01-28 09:15:00+05:30,1895.0,1895.0,1872.05,1876.55,460477,KOTAKBANK
476,2025-01-28 09:30:00+05:30,1876.55,1877.1,1870.8,1872.25,193086,KOTAKBANK
477,2025-01-28 09:45:00+05:30,1872.55,1882.5,1872.25,1880.0,243532,KOTAKBANK
478,2025-01-28 10:00:00+05:30,1880.0,1881.0,1875.5,1880.0,142183,KOTAKBANK
479,2025-01-28 10:15:00+05:30,1880.0,1885.8,1879.1,1884.95,254925,KOTAKBANK
480,2025-01-28 10:30:00+05:30,1884.75,1885.7,1876.85,1878.5,248698,KOTAKBANK
481,2025-01-28 10:45:00+05:30,1878.3,1883.85,1877.8,1882.45,109212,KOTAKBANK
482,2025-01-28 11:00:00+05:30,1883.35,1884.0,1879.4,1883.3,156467,KOTAKBANK
483,2025-01-28 11:15:00+05:30,1883.0,1883.7,1878.35,1881.4,125831,KOTAKBANK
484,2025-01-28 11:30:00+05:30,1881.4,1883.9,1879.25,1882.15,113686,KOTAKBANK
485,2025-01-28 11:45:00+05:30,1882.15,1890.0,1881.35,1886.8,182346,KOTAKBANK
486,2025-01-28 12:00:00+05:30,1886.7,1889.5,1885.15,1888.6,88619,KOTAKBANK
487,2025-01-28 12:15:00+05:30,1888.55,1890.0,1886.3,1889.4,124677,KOTAKBANK
488,2025-01-28 12:30:00+05:30,1889.25,1890.35,1885.25,1889.3,316722,KOTAKBANK
489,2025-01-28 12:45:00+05:30,1889.7,1895.0,1888.7,1890.55,246165,KOTAKBANK
490,2025-01-28 13:00:00+05:30,1890.9,1894.8,1889.65,1893.9,110811,KOTAKBANK
491,2025-01-28 13:15:00+05:30,1893.9,1894.9,1891.15,1891.5,125761,KOTAKBANK
492,2025-01-28 13:30:00+05:30,1891.7,1894.6,1891.4,1893.4,150589,KOTAKBANK
493,2025-01-28 13:45:00+05:30,1893.7,1894.0,1890.2,1892.25,95189,KOTAKBANK
494,2025-01-28 14:00:00+05:30,1892.1,1894.0,1890.5,1890.6,164594,KOTAKBANK
495,2025-01-28 14:15:00+05:30,1890.9,1905.0,1890.65,1902.3,231445,KOTAKBANK
496,2025-01-28 14:30:00+05:30,1903.1,1903.6,1899.3,1901.45,238450,KOTAKBANK
497,2025-01-28 14:45:00+05:30,1901.8,1901.95,1886.35,1894.0,418421,KOTAKBANK
498,2025-01-28 15:00:00+05:30,1894.05,1895.0,1883.95,1888.3,376655,KOTAKBANK
499,2025-01-28 15:15:00+05:30,1887.7,1888.9,1882.4,1887.0,228832,KOTAKBANK
500,2025-01-29 09:15:00+05:30,1887.8,1897.6,1885.0,1891.15,194175,KOTAKBANK
501,2025-01-29 09:30:00+05:30,1891.65,1903.7,1891.2,1902.95,75102,KOTAKBANK
502,2025-01-29 09:45:00+05:30,1903.5,1903.8,1895.75,1898.45,60094,KOTAKBANK
503,2025-01-29 10:00:00+05:30,1898.45,1907.0,1897.9,1906.5,78359,KOTAKBANK
504,2025-01-29 10:15:00+05:30,1906.7,1910.85,1905.8,1907.65,90312,KOTAKBANK
505,2025-01-29 10:30:00+05:30,1907.15,1910.3,1905.85,1907.5,40690,KOTAKBANK
506,2025-01-29 10:45:00+05:30,1907.2,1914.7,1905.2,1914.0,106902,KOTAKBANK
507,2025-01-29 11:00:00+05:30,1913.7,1914.1,1909.2,1911.0,48366,KOTAKBANK
508,2025-01-29 11:15:00+05:30,1910.4,1913.0,1901.55,1910.65,88822,KOTAKBANK
509,2025-01-29 11:30:00+05:30,1910.95,1919.0,1910.85,1917.3,135858,KOTAKBANK
510,2025-01-29 11:45:00+05:30,1917.3,1919.4,1913.5,1914.0,122490,KOTAKBANK
511,2025-01-29 12:00:00+05:30,1914.0,1917.9,1912.8,1914.0,123244,KOTAKBANK
512,2025-01-29 12:15:00+05:30,1914.0,1918.0,1914.0,1916.95,43775,KOTAKBANK
513,2025-01-29 12:30:00+05:30,1916.95,1921.0,1916.5,1919.95,61292,KOTAKBANK
514,2025-01-29 12:45:00+05:30,1919.5,1921.0,1914.0,1914.9,50537,KOTAKBANK
515,2025-01-29 13:00:00+05:30,1914.15,1919.25,1913.95,1916.5,80242,KOTAKBANK
516,2025-01-29 13:15:00+05:30,1916.8,1920.5,1916.1,1920.35,65765,KOTAKBANK
517,2025-01-29 13:30:00+05:30,1920.05,1923.0,1917.85,1921.1,118546,KOTAKBANK
518,2025-01-29 13:45:00+05:30,1920.9,1923.3,1917.55,1922.95,82019,KOTAKBANK
519,2025-01-29 14:00:00+05:30,1922.95,1924.0,1918.65,1921.6,98274,KOTAKBANK
520,2025-01-29 14:15:00+05:30,1921.6,1922.0,1918.9,1920.5,55519,KOTAKBANK
521,2025-01-29 14:30:00+05:30,1920.5,1921.6,1919.0,1920.45,95140,KOTAKBANK
522,2025-01-29 14:45:00+05:30,1920.45,1922.95,1919.9,1921.35,108063,KOTAKBANK
523,2025-01-29 15:00:00+05:30,1921.65,1921.75,1917.65,1919.0,159671,KOTAKBANK
524,2025-01-29 15:15:00+05:30,1918.95,1924.7,1916.8,1922.9,164919,KOTAKBANK
525,2025-01-30 09:15:00+05:30,1920.35,1925.95,1912.4,1922.25,223927,KOTAKBANK
526,2025-01-30 09:30:00+05:30,1922.0,1938.1,1921.0,1928.8,435093,KOTAKBANK
527,2025-01-30 09:45:00+05:30,1928.85,1932.0,1921.8,1922.5,154902,KOTAKBANK
528,2025-01-30 10:00:00+05:30,1922.75,1928.35,1921.0,1925.35,70023,KOTAKBANK
529,2025-01-30 10:15:00+05:30,1925.65,1929.0,1923.1,1927.4,70647,KOTAKBANK
530,2025-01-30 10:30:00+05:30,1927.65,1928.15,1924.05,1925.2,51564,KOTAKBANK
531,2025-01-30 10:45:00+05:30,1924.9,1925.35,1910.5,1913.95,181138,KOTAKBANK
532,2025-01-30 11:00:00+05:30,1914.55,1919.85,1910.75,1917.35,153862,KOTAKBANK
533,2025-01-30 11:15:00+05:30,1917.8,1920.7,1916.15,1918.05,142208,KOTAKBANK
534,2025-01-30 11:30:00+05:30,1918.25,1918.9,1913.2,1916.8,94049,KOTAKBANK
535,2025-01-30 11:45:00+05:30,1916.95,1918.2,1915.0,1915.65,73575,KOTAKBANK
536,2025-01-30 12:00:00+05:30,1915.6,1918.25,1914.2,1914.5,78658,KOTAKBANK
537,2025-01-30 12:15:00+05:30,1914.55,1916.75,1912.25,1912.75,72396,KOTAKBANK
538,2025-01-30 12:30:00+05:30,1912.8,1913.45,1909.0,1910.7,87197,KOTAKBANK
539,2025-01-30 12:45:00+05:30,1910.65,1911.0,1907.3,1908.1,63289,KOTAKBANK
540,2025-01-30 13:00:00+05:30,1908.8,1909.3,1904.05,1904.1,63531,KOTAKBANK
541,2025-01-30 13:15:00+05:30,1904.05,1907.45,1903.45,1903.8,57457,KOTAKBANK
542,2025-01-30 13:30:00+05:30,1903.85,1905.85,1878.1,1887.95,392158,KOTAKBANK
543,2025-01-30 13:45:00+05:30,1888.25,1898.7,1877.45,1897.15,367751,KOTAKBANK
544,2025-01-30 14:00:00+05:30,1896.15,1902.9,1883.2,1893.05,256936,KOTAKBANK
545,2025-01-30 14:15:00+05:30,1893.55,1902.75,1892.1,1902.3,204181,KOTAKBANK
546,2025-01-30 14:30:00+05:30,1902.3,1902.7,1895.5,1896.75,195066,KOTAKBANK
547,2025-01-30 14:45:00+05:30,1896.2,1903.55,1895.8,1902.0,160066,KOTAKBANK
548,2025-01-30 15:00:00+05:30,1901.95,1903.3,1898.55,1902.0,307973,KOTAKBANK
549,2025-01-30 15:15:00+05:30,1901.8,1905.0,1900.0,1903.8,277751,KOTAKBANK
550,2025-01-31 09:15:00+05:30,1903.05,1908.95,1893.25,1895.0,97177,KOTAKBANK
551,2025-01-31 09:30:00+05:30,1895.5,1905.95,1895.0,1904.55,90572,KOTAKBANK
552,2025-01-31 09:45:00+05:30,1904.8,1904.8,1896.7,1898.05,38693,KOTAKBANK
553,2025-01-31 10:00:00+05:30,1898.05,1900.7,1895.2,1897.15,32519,KOTAKBANK
554,2025-01-31 10:15:00+05:30,1896.85,1901.7,1896.3,1899.65,47885,KOTAKBANK
555,2025-01-31 10:30:00+05:30,1899.95,1904.8,1899.0,1904.1,60344,KOTAKBANK
556,2025-01-31 10:45:00+05:30,1904.8,1905.0,1901.0,1902.7,177344,KOTAKBANK
557,2025-01-31 11:00:00+05:30,1902.7,1903.65,1897.55,1898.0,150490,KOTAKBANK
558,2025-01-31 11:15:00+05:30,1898.0,1901.9,1896.3,1896.9,76122,KOTAKBANK
559,2025-01-31 11:30:00+05:30,1896.9,1899.0,1893.65,1894.4,64539,KOTAKBANK
560,2025-01-31 11:45:00+05:30,1894.4,1898.4,1892.35,1897.65,101097,KOTAKBANK
561,2025-01-31 12:00:00+05:30,1897.95,1900.0,1896.95,1897.85,45942,KOTAKBANK
562,2025-01-31 12:15:00+05:30,1897.75,1898.0,1895.25,1897.1,37337,KOTAKBANK
563,2025-01-31 12:30:00+05:30,1897.1,1901.0,1896.7,1899.75,87979,KOTAKBANK
564,2025-01-31 12:45:00+05:30,1899.8,1902.0,1898.4,1900.0,100628,KOTAKBANK
565,2025-01-31 13:00:00+05:30,1900.1,1902.3,1898.0,1901.65,75402,KOTAKBANK
566,2025-01-31 13:15:00+05:30,1902.25,1903.9,1901.5,1902.0,84083,KOTAKBANK
567,2025-01-31 13:30:00+05:30,1902.45,1903.45,1900.0,1900.0,69626,KOTAKBANK
568,2025-01-31 13:45:00+05:30,1900.3,1901.85,1898.5,1899.2,57463,KOTAKBANK
569,2025-01-31 14:00:00+05:30,1899.2,1899.55,1893.7,1894.25,56098,KOTAKBANK
570,2025-01-31 14:15:00+05:30,1894.75,1896.25,1889.6,1894.3,74265,KOTAKBANK
571,2025-01-31 14:30:00+05:30,1894.35,1896.9,1892.7,1894.25,72836,KOTAKBANK
572,2025-01-31 14:45:00+05:30,1894.25,1895.0,1890.05,1894.05,67675,KOTAKBANK
573,2025-01-31 15:00:00+05:30,1893.55,1903.45,1893.55,1901.6,220955,KOTAKBANK
574,2025-01-31 15:15:00+05:30,1902.1,1907.15,1897.7,1900.0,343997,KOTAKBANK
575,2025-02-01 09:15:00+05:30,1899.0,1908.95,1889.0,1889.05,66109,KOTAKBANK
576,2025-02-01 09:30:00+05:30,1890.1,1903.3,1889.05,1901.35,29373,KOTAKBANK
577,2025-02-01 09:45:00+05:30,1901.35,1905.95,1898.7,1903.2,71148,KOTAKBANK
578,2025-02-01 10:00:00+05:30,1903.1,1913.8,1898.9,1910.85,84513,KOTAKBANK
579,2025-02-01 10:15:00+05:30,1910.9,1912.0,1906.2,1907.6,40163,KOTAKBANK
580,2025-02-01 10:30:00+05:30,1907.9,1910.0,1905.1,1909.5,17612,KOTAKBANK
581,2025-02-01 10:45:00+05:30,1909.25,1912.55,1908.0,1909.2,32563,KOTAKBANK
582,2025-02-01 11:00:00+05:30,1909.15,1910.25,1905.1,1909.95,24028,KOTAKBANK
583,2025-02-01 11:15:00+05:30,1909.95,1915.0,1906.75,1914.35,61968,KOTAKBANK
584,2025-02-01 11:30:00+05:30,1913.9,1917.15,1906.35,1914.85,56267,KOTAKBANK
585,2025-02-01 11:45:00+05:30,1914.75,1915.1,1894.25,1894.75,67746,KOTAKBANK
586,2025-02-01 12:00:00+05:30,1894.75,1907.95,1887.4,1889.0,57896,KOTAKBANK
587,2025-02-01 12:15:00+05:30,1888.8,1894.55,1878.55,1878.75,66697,KOTAKBANK
588,2025-02-01 12:30:00+05:30,1878.8,1899.4,1878.8,1893.35,59039,KOTAKBANK
589,2025-02-01 12:45:00+05:30,1893.35,1898.85,1890.0,1893.0,28390,KOTAKBANK
590,2025-02-01 13:00:00+05:30,1892.95,1893.25,1871.6,1883.15,28751,KOTAKBANK
591,2025-02-01 13:15:00+05:30,1883.25,1892.9,1873.1,1892.45,25346,KOTAKBANK
592,2025-02-01 13:30:00+05:30,1891.7,1897.15,1885.4,1896.3,10837,KOTAKBANK
593,2025-02-01 13:45:00+05:30,1895.75,1907.0,1895.75,1907.0,31954,KOTAKBANK
594,2025-02-01 14:00:00+05:30,1907.0,1909.9,1901.6,1902.85,36008,KOTAKBANK
595,2025-02-01 14:15:00+05:30,1901.8,1909.8,1900.45,1906.5,35913,KOTAKBANK
596,2025-02-01 14:30:00+05:30,1906.05,1911.55,1902.15,1905.6,28643,KOTAKBANK
597,2025-02-01 14:45:00+05:30,1905.6,1910.95,1905.0,1908.55,30554,KOTAKBANK
598,2025-02-01 15:00:00+05:30,1908.45,1910.0,1900.7,1901.45,39486,KOTAKBANK
599,2025-02-01 15:15:00+05:30,1901.4,1912.0,1896.75,1910.7,64569,KOTAKBANK
600,2025-02-03 09:15:00+05:30,1893.6,1902.5,1887.3,1902.5,216463,KOTAKBANK
601,2025-02-03 09:30:00+05:30,1902.5,1903.8,1893.25,1893.25,94767,KOTAKBANK
602,2025-02-03 09:45:00+05:30,1893.2,1898.15,1892.3,1892.65,122244,KOTAKBANK
603,2025-02-03 10:00:00+05:30,1892.6,1901.85,1890.7,1893.55,109582,KOTAKBANK
604,2025-02-03 10:15:00+05:30,1892.8,1901.85,1892.8,1899.05,131799,KOTAKBANK
605,2025-02-03 10:30:00+05:30,1898.4,1899.6,1891.8,1894.25,116689,KOTAKBANK
606,2025-02-03 10:45:00+05:30,1894.25,1895.9,1891.2,1892.7,86090,KOTAKBANK
607,2025-02-03 11:00:00+05:30,1892.7,1896.2,1891.55,1895.0,111860,KOTAKBANK
608,2025-02-03 11:15:00+05:30,1894.45,1895.9,1892.9,1894.05,60796,KOTAKBANK
609,2025-02-03 11:30:00+05:30,1893.3,1894.45,1890.35,1893.1,46536,KOTAKBANK
610,2025-02-03 11:45:00+05:30,1893.25,1895.0,1888.25,1889.55,46636,KOTAKBANK
611,2025-02-03 12:00:00+05:30,1889.8,1892.0,1888.15,1891.1,53121,KOTAKBANK
612,2025-02-03 12:15:00+05:30,1891.15,1891.25,1886.1,1887.95,63281,KOTAKBANK
613,2025-02-03 12:30:00+05:30,1887.1,1890.0,1886.6,1888.05,50301,KOTAKBANK
614,2025-02-03 12:45:00+05:30,1888.15,1888.95,1885.8,1887.35,60821,KOTAKBANK
615,2025-02-03 13:00:00+05:30,1887.35,1895.0,1885.7,1893.25,188601,KOTAKBANK
616,2025-02-03 13:15:00+05:30,1893.25,1893.85,1889.85,1890.35,81017,KOTAKBANK
617,2025-02-03 13:30:00+05:30,1890.35,1892.15,1887.95,1889.15,87261,KOTAKBANK
618,2025-02-03 13:45:00+05:30,1889.15,1890.35,1885.3,1885.8,75733,KOTAKBANK
619,2025-02-03 14:00:00+05:30,1885.8,1888.0,1885.3,1886.6,88253,KOTAKBANK
620,2025-02-03 14:15:00+05:30,1886.6,1887.45,1885.1,1887.3,100924,KOTAKBANK
621,2025-02-03 14:30:00+05:30,1887.3,1887.95,1885.45,1886.15,104434,KOTAKBANK
622,2025-02-03 14:45:00+05:30,1886.15,1887.3,1884.3,1885.9,180179,KOTAKBANK
623,2025-02-03 15:00:00+05:30,1886.0,1887.65,1881.55,1884.65,569025,KOTAKBANK
624,2025-02-03 15:15:00+05:30,1884.65,1887.0,1882.2,1885.85,463525,KOTAKBANK
625,2025-02-04 09:15:00+05:30,1891.05,1896.35,1882.2,1886.4,168457,KOTAKBANK
626,2025-02-04 09:30:00+05:30,1886.4,1896.1,1881.0,1893.8,152372,KOTAKBANK
627,2025-02-04 09:45:00+05:30,1893.75,1898.5,1888.0,1888.0,88004,KOTAKBANK
628,2025-02-04 10:00:00+05:30,1888.0,1895.55,1884.35,1885.55,91935,KOTAKBANK
629,2025-02-04 10:15:00+05:30,1885.65,1890.0,1884.35,1885.75,90346,KOTAKBANK
630,2025-02-04 10:30:00+05:30,1885.7,1887.25,1877.2,1882.3,110936,KOTAKBANK
631,2025-02-04 10:45:00+05:30,1882.2,1883.95,1879.25,1882.9,56204,KOTAKBANK
632,2025-02-04 11:00:00+05:30,1882.9,1886.05,1881.35,1884.95,63697,KOTAKBANK
633,2025-02-04 11:15:00+05:30,1884.95,1886.2,1882.15,1883.75,82148,KOTAKBANK
634,2025-02-04 11:30:00+05:30,1883.7,1885.15,1882.05,1883.5,105285,KOTAKBANK
635,2025-02-04 11:45:00+05:30,1883.5,1891.0,1882.9,1886.15,107880,KOTAKBANK
636,2025-02-04 12:00:00+05:30,1886.2,1890.0,1883.35,1889.95,181261,KOTAKBANK
637,2025-02-04 12:15:00+05:30,1890.0,1900.0,1889.9,1899.7,129786,KOTAKBANK
638,2025-02-04 12:30:00+05:30,1899.7,1904.7,1897.1,1903.7,164226,KOTAKBANK
639,2025-02-04 12:45:00+05:30,1903.9,1907.6,1901.15,1905.95,145094,KOTAKBANK
640,2025-02-04 13:00:00+05:30,1906.0,1907.65,1902.25,1904.5,112807,KOTAKBANK
641,2025-02-04 13:15:00+05:30,1904.45,1912.8,1903.1,1910.9,149248,KOTAKBANK
642,2025-02-04 13:30:00+05:30,1910.9,1916.75,1910.15,1915.85,220606,KOTAKBANK
643,2025-02-04 13:45:00+05:30,1915.85,1925.0,1913.8,1920.35,273816,KOTAKBANK
644,2025-02-04 14:00:00+05:30,1920.4,1923.85,1916.6,1920.0,263350,KOTAKBANK
645,2025-02-04 14:15:00+05:30,1919.95,1926.45,1918.1,1923.55,412524,KOTAKBANK
646,2025-02-04 14:30:00+05:30,1924.35,1941.2,1923.1,1934.5,742235,KOTAKBANK
647,2025-02-04 14:45:00+05:30,1934.5,1934.55,1928.6,1933.0,353826,KOTAKBANK
648,2025-02-04 15:00:00+05:30,1932.9,1934.35,1924.7,1926.75,513676,KOTAKBANK
649,2025-02-04 15:15:00+05:30,1926.55,1931.3,1924.45,1931.3,548888,KOTAKBANK
650,2025-02-05 09:15:00+05:30,1937.8,1938.95,1927.5,1933.25,343868,KOTAKBANK
651,2025-02-05 09:30:00+05:30,1933.05,1937.0,1927.05,1934.3,144163,KOTAKBANK
652,2025-02-05 09:45:00+05:30,1934.3,1937.0,1931.65,1934.3,68671,KOTAKBANK
653,2025-02-05 10:00:00+05:30,1934.05,1934.3,1923.7,1928.2,130890,KOTAKBANK
654,2025-02-05 10:15:00+05:30,1928.2,1928.5,1918.3,1921.0,130334,KOTAKBANK
655,2025-02-05 10:30:00+05:30,1921.0,1923.85,1918.55,1923.5,123890,KOTAKBANK
656,2025-02-05 10:45:00+05:30,1923.05,1923.85,1919.2,1920.35,75714,KOTAKBANK
657,2025-02-05 11:00:00+05:30,1920.3,1921.1,1916.15,1917.05,68412,KOTAKBANK
658,2025-02-05 11:15:00+05:30,1917.05,1923.6,1916.55,1923.2,85841,KOTAKBANK
659,2025-02-05 11:30:00+05:30,1923.2,1923.75,1920.75,1921.7,45215,KOTAKBANK
660,2025-02-05 11:45:00+05:30,1921.75,1922.5,1919.45,1920.4,47375,KOTAKBANK
661,2025-02-05 12:00:00+05:30,1920.35,1920.85,1918.3,1919.5,42784,KOTAKBANK
662,2025-02-05 12:15:00+05:30,1919.45,1919.95,1918.0,1919.4,55217,KOTAKBANK
663,2025-02-05 12:30:00+05:30,1919.35,1922.9,1918.3,1921.05,71621,KOTAKBANK
664,2025-02-05 12:45:00+05:30,1921.05,1922.9,1920.15,1922.5,85852,KOTAKBANK
665,2025-02-05 13:00:00+05:30,1922.45,1923.0,1919.3,1922.1,89072,KOTAKBANK
666,2025-02-05 13:15:00+05:30,1922.0,1922.05,1918.2,1918.7,47786,KOTAKBANK
667,2025-02-05 13:30:00+05:30,1918.65,1920.0,1916.3,1916.75,60894,KOTAKBANK
668,2025-02-05 13:45:00+05:30,1916.75,1921.05,1916.25,1920.55,74308,KOTAKBANK
669,2025-02-05 14:00:00+05:30,1920.5,1921.5,1918.25,1918.95,60678,KOTAKBANK
670,2025-02-05 14:15:00+05:30,1918.9,1920.0,1917.55,1919.1,77161,KOTAKBANK
671,2025-02-05 14:30:00+05:30,1919.05,1922.5,1918.4,1920.25,169327,KOTAKBANK
672,2025-02-05 14:45:00+05:30,1920.0,1922.25,1918.2,1918.95,168110,KOTAKBANK
673,2025-02-05 15:00:00+05:30,1918.95,1918.95,1912.5,1913.25,513822,KOTAKBANK
674,2025-02-05 15:15:00+05:30,1913.15,1913.2,1902.35,1909.0,633011,KOTAKBANK
675,2025-02-06 09:15:00+05:30,1917.0,1917.0,1899.4,1901.65,313768,KOTAKBANK
676,2025-02-06 09:30:00+05:30,1901.3,1904.85,1898.55,1901.35,118699,KOTAKBANK
677,2025-02-06 09:45:00+05:30,1901.15,1905.0,1900.1,1901.25,95294,KOTAKBANK
678,2025-02-06 10:00:00+05:30,1901.55,1907.35,1901.25,1903.95,79586,KOTAKBANK
679,2025-02-06 10:15:00+05:30,1903.8,1905.2,1900.85,1900.85,73211,KOTAKBANK
680,2025-02-06 10:30:00+05:30,1901.35,1903.5,1900.1,1901.15,69774,KOTAKBANK
681,2025-02-06 10:45:00+05:30,1901.15,1902.85,1899.65,1900.75,56258,KOTAKBANK
682,2025-02-06 11:00:00+05:30,1901.05,1903.0,1898.55,1901.5,66265,KOTAKBANK
683,2025-02-06 11:15:00+05:30,1901.4,1902.85,1896.45,1900.5,263653,KOTAKBANK
684,2025-02-06 11:30:00+05:30,1901.05,1903.9,1900.0,1903.35,318203,KOTAKBANK
685,2025-02-06 11:45:00+05:30,1903.35,1908.3,1902.85,1905.35,58530,KOTAKBANK
686,2025-02-06 12:00:00+05:30,1905.7,1909.4,1905.15,1907.75,49203,KOTAKBANK
687,2025-02-06 12:15:00+05:30,1907.75,1909.0,1905.1,1907.85,38772,KOTAKBANK
688,2025-02-06 12:30:00+05:30,1908.0,1910.0,1906.25,1908.6,66616,KOTAKBANK
689,2025-02-06 12:45:00+05:30,1909.0,1910.0,1907.25,1908.15,44514,KOTAKBANK
690,2025-02-06 13:00:00+05:30,1908.75,1912.1,1908.15,1911.95,54526,KOTAKBANK
691,2025-02-06 13:15:00+05:30,1912.0,1912.95,1909.95,1910.8,54211,KOTAKBANK
692,2025-02-06 13:30:00+05:30,1910.9,1913.0,1910.0,1910.95,48862,KOTAKBANK
693,2025-02-06 13:45:00+05:30,1910.95,1913.4,1910.0,1912.1,70168,KOTAKBANK
694,2025-02-06 14:00:00+05:30,1912.05,1915.8,1911.65,1914.5,108399,KOTAKBANK
695,2025-02-06 14:15:00+05:30,1914.85,1915.0,1912.25,1914.0,76045,KOTAKBANK
696,2025-02-06 14:30:00+05:30,1914.0,1915.75,1911.7,1914.7,130859,KOTAKBANK
697,2025-02-06 14:45:00+05:30,1914.9,1916.95,1913.2,1916.3,170823,KOTAKBANK
698,2025-02-06 15:00:00+05:30,1916.55,1917.25,1914.25,1914.95,388248,KOTAKBANK
699,2025-02-06 15:15:00+05:30,1915.05,1920.0,1914.4,1916.8,372830,KOTAKBANK
700,2025-02-07 09:15:00+05:30,1921.0,1921.0,1913.45,1918.65,286192,KOTAKBANK
701,2025-02-07 09:30:00+05:30,1918.6,1919.0,1915.0,1916.0,79529,KOTAKBANK
702,2025-02-07 09:45:00+05:30,1916.15,1920.15,1914.35,1916.95,251050,KOTAKBANK
703,2025-02-07 10:00:00+05:30,1916.95,1924.55,1914.0,1917.0,324494,KOTAKBANK
704,2025-02-07 10:15:00+05:30,1916.95,1917.7,1911.05,1915.0,118184,KOTAKBANK
705,2025-02-07 10:30:00+05:30,1914.85,1918.4,1913.8,1914.9,58654,KOTAKBANK
706,2025-02-07 10:45:00+05:30,1914.9,1916.45,1911.15,1915.0,90854,KOTAKBANK
707,2025-02-07 11:00:00+05:30,1915.0,1919.9,1914.0,1917.7,78693,KOTAKBANK
708,2025-02-07 11:15:00+05:30,1917.85,1922.35,1916.15,1921.8,72519,KOTAKBANK
709,2025-02-07 11:30:00+05:30,1921.9,1927.0,1918.9,1926.6,69794,KOTAKBANK
710,2025-02-07 11:45:00+05:30,1926.5,1929.95,1915.25,1916.2,272447,KOTAKBANK
711,2025-02-07 12:00:00+05:30,1916.2,1919.6,1912.15,1912.2,104398,KOTAKBANK
712,2025-02-07 12:15:00+05:30,1912.8,1916.9,1912.15,1916.9,84382,KOTAKBANK
713,2025-02-07 12:30:00+05:30,1916.2,1917.9,1913.25,1915.85,50668,KOTAKBANK
714,2025-02-07 12:45:00+05:30,1915.85,1917.55,1914.55,1916.95,50236,KOTAKBANK
715,2025-02-07 13:00:00+05:30,1916.95,1918.9,1914.9,1917.2,84438,KOTAKBANK
716,2025-02-07 13:15:00+05:30,1917.2,1917.9,1914.35,1916.8,157682,KOTAKBANK
717,2025-02-07 13:30:00+05:30,1916.5,1918.0,1915.8,1916.0,75130,KOTAKBANK
718,2025-02-07 13:45:00+05:30,1916.0,1917.15,1910.1,1913.75,85660,KOTAKBANK
719,2025-02-07 14:00:00+05:30,1913.8,1916.0,1909.0,1910.85,78095,KOTAKBANK
720,2025-02-07 14:15:00+05:30,1911.0,1913.65,1907.9,1913.55,66237,KOTAKBANK
721,2025-02-07 14:30:00+05:30,1913.55,1914.7,1910.9,1913.05,59624,KOTAKBANK
722,2025-02-07 14:45:00+05:30,1913.1,1915.9,1911.55,1915.5,207245,KOTAKBANK
723,2025-02-07 15:00:00+05:30,1915.5,1926.2,1914.55,1925.2,598884,KOTAKBANK
724,2025-02-07 15:15:00+05:30,1925.15,1960.6,1923.8,1957.4,1001336,KOTAKBANK
725,2025-02-10 09:15:00+05:30,1935.3,1950.0,1929.05,1935.75,459820,KOTAKBANK
726,2025-02-10 09:30:00+05:30,1935.15,1937.3,1925.05,1926.95,91093,KOTAKBANK
727,2025-02-10 09:45:00+05:30,1926.95,1938.0,1923.55,1932.35,72079,KOTAKBANK
728,2025-02-10 10:00:00+05:30,1932.25,1935.7,1926.55,1932.0,79753,KOTAKBANK
729,2025-02-10 10:15:00+05:30,1932.1,1938.8,1929.1,1937.55,59864,KOTAKBANK
730,2025-02-10 10:30:00+05:30,1937.8,1944.75,1935.9,1943.85,148564,KOTAKBANK
731,2025-02-10 10:45:00+05:30,1943.8,1945.45,1937.0,1938.55,104780,KOTAKBANK
732,2025-02-10 11:00:00+05:30,1938.5,1945.95,1937.9,1944.9,112903,KOTAKBANK
733,2025-02-10 11:15:00+05:30,1944.65,1949.0,1942.1,1947.55,142393,KOTAKBANK
734,2025-02-10 11:30:00+05:30,1947.5,1949.85,1945.2,1945.2,93197,KOTAKBANK
735,2025-02-10 11:45:00+05:30,1945.4,1951.85,1943.5,1948.9,174566,KOTAKBANK
736,2025-02-10 12:00:00+05:30,1949.25,1952.45,1944.55,1946.95,133862,KOTAKBANK
737,2025-02-10 12:15:00+05:30,1946.95,1948.0,1944.3,1945.0,100910,KOTAKBANK
738,2025-02-10 12:30:00+05:30,1945.0,1949.5,1944.6,1947.0,72894,KOTAKBANK
739,2025-02-10 12:45:00+05:30,1947.7,1952.0,1946.0,1946.5,90635,KOTAKBANK
740,2025-02-10 13:00:00+05:30,1946.75,1948.0,1945.0,1947.0,49217,KOTAKBANK
741,2025-02-10 13:15:00+05:30,1946.9,1947.4,1944.05,1945.25,95456,KOTAKBANK
742,2025-02-10 13:30:00+05:30,1945.3,1948.05,1942.5,1947.3,82630,KOTAKBANK
743,2025-02-10 13:45:00+05:30,1947.2,1948.75,1945.0,1948.65,82243,KOTAKBANK
744,2025-02-10 14:00:00+05:30,1948.65,1950.0,1945.0,1945.0,87935,KOTAKBANK
745,2025-02-10 14:15:00+05:30,1945.3,1949.4,1943.0,1947.1,137078,KOTAKBANK
746,2025-02-10 14:30:00+05:30,1947.1,1949.8,1946.0,1948.3,117227,KOTAKBANK
747,2025-02-10 14:45:00+05:30,1948.3,1954.9,1946.15,1954.9,181104,KOTAKBANK
748,2025-02-10 15:00:00+05:30,1954.9,1965.0,1954.55,1960.2,477688,KOTAKBANK
749,2025-02-10 15:15:00+05:30,1960.2,1963.0,1957.9,1962.85,276656,KOTAKBANK
750,2025-02-11 09:15:00+05:30,1964.6,1970.5,1947.2,1950.2,376906,KOTAKBANK
751,2025-02-11 09:30:00+05:30,1950.4,1950.75,1931.0,1936.0,220832,KOTAKBANK
752,2025-02-11 09:45:00+05:30,1935.95,1937.65,1926.1,1934.3,119856,KOTAKBANK
753,2025-02-11 10:00:00+05:30,1934.65,1937.25,1928.75,1934.65,93589,KOTAKBANK
754,2025-02-11 10:15:00+05:30,1934.3,1936.0,1932.05,1935.2,61514,KOTAKBANK
755,2025-02-11 10:30:00+05:30,1935.2,1935.2,1919.0,1921.95,210803,KOTAKBANK
756,2025-02-11 10:45:00+05:30,1922.25,1928.0,1922.2,1925.7,70742,KOTAKBANK
757,2025-02-11 11:00:00+05:30,1925.8,1933.0,1925.55,1932.9,70934,KOTAKBANK
758,2025-02-11 11:15:00+05:30,1932.7,1933.8,1931.05,1932.05,65318,KOTAKBANK
759,2025-02-11 11:30:00+05:30,1932.35,1935.0,1931.0,1932.75,109184,KOTAKBANK
760,2025-02-11 11:45:00+05:30,1932.65,1935.0,1931.7,1932.25,60715,KOTAKBANK
761,2025-02-11 12:00:00+05:30,1932.25,1933.0,1927.0,1928.3,41820,KOTAKBANK
762,2025-02-11 12:15:00+05:30,1928.3,1929.3,1922.8,1926.6,142806,KOTAKBANK
763,2025-02-11 12:30:00+05:30,1926.0,1926.6,1918.95,1922.75,149288,KOTAKBANK
764,2025-02-11 12:45:00+05:30,1922.9,1924.85,1917.15,1917.6,80952,KOTAKBANK
765,2025-02-11 13:00:00+05:30,1917.95,1918.5,1914.25,1915.2,137930,KOTAKBANK
766,2025-02-11 13:15:00+05:30,1915.45,1918.85,1911.75,1914.0,172177,KOTAKBANK
767,2025-02-11 13:30:00+05:30,1914.0,1916.65,1910.45,1915.95,171896,KOTAKBANK
768,2025-02-11 13:45:00+05:30,1915.95,1918.35,1914.1,1917.0,63076,KOTAKBANK
769,2025-02-11 14:00:00+05:30,1916.9,1917.0,1908.15,1915.0,82606,KOTAKBANK
770,2025-02-11 14:15:00+05:30,1914.9,1914.95,1906.6,1908.45,105445,KOTAKBANK
771,2025-02-11 14:30:00+05:30,1908.7,1912.95,1908.15,1911.05,195155,KOTAKBANK
772,2025-02-11 14:45:00+05:30,1911.1,1919.0,1910.65,1915.35,159738,KOTAKBANK
773,2025-02-11 15:00:00+05:30,1915.75,1920.9,1915.1,1920.25,272208,KOTAKBANK
774,2025-02-11 15:15:00+05:30,1920.45,1923.0,1917.45,1920.0,249125,KOTAKBANK
775,2025-02-12 09:15:00+05:30,1923.45,1930.85,1911.8,1918.0,185378,KOTAKBANK
776,2025-02-12 09:30:00+05:30,1918.0,1920.0,1905.3,1909.6,121027,KOTAKBANK
777,2025-02-12 09:45:00+05:30,1909.6,1910.5,1904.95,1909.05,147052,KOTAKBANK
778,2025-02-12 10:00:00+05:30,1909.05,1910.5,1905.5,1907.55,99698,KOTAKBANK
779,2025-02-12 10:15:00+05:30,1907.55,1914.35,1905.65,1914.0,143942,KOTAKBANK
780,2025-02-12 10:30:00+05:30,1913.75,1918.6,1911.2,1913.9,112578,KOTAKBANK
781,2025-02-12 10:45:00+05:30,1913.9,1918.7,1911.75,1913.9,76225,KOTAKBANK
782,2025-02-12 11:00:00+05:30,1914.25,1918.4,1909.4,1914.0,80356,KOTAKBANK
783,2025-02-12 11:15:00+05:30,1914.0,1920.0,1913.0,1919.35,97711,KOTAKBANK
784,2025-02-12 11:30:00+05:30,1919.45,1932.0,1918.0,1931.7,202429,KOTAKBANK
785,2025-02-12 11:45:00+05:30,1931.7,1936.95,1928.65,1932.0,169249,KOTAKBANK
786,2025-02-12 12:00:00+05:30,1932.0,1934.5,1930.4,1934.0,110086,KOTAKBANK
787,2025-02-12 12:15:00+05:30,1934.45,1935.7,1930.0,1935.7,141375,KOTAKBANK
788,2025-02-12 12:30:00+05:30,1935.35,1940.4,1935.0,1937.65,149615,KOTAKBANK
789,2025-02-12 12:45:00+05:30,1937.65,1943.75,1936.95,1939.25,86575,KOTAKBANK
790,2025-02-12 13:00:00+05:30,1939.4,1943.6,1938.4,1942.05,77216,KOTAKBANK
791,2025-02-12 13:15:00+05:30,1942.1,1945.0,1940.7,1943.85,83790,KOTAKBANK
792,2025-02-12 13:30:00+05:30,1943.85,1946.0,1937.0,1940.3,92455,KOTAKBANK
793,2025-02-12 13:45:00+05:30,1940.35,1940.6,1930.4,1931.8,76866,KOTAKBANK
794,2025-02-12 14:00:00+05:30,1931.8,1933.0,1927.15,1930.6,61535,KOTAKBANK
795,2025-02-12 14:15:00+05:30,1930.6,1930.95,1927.5,1929.85,68171,KOTAKBANK
796,2025-02-12 14:30:00+05:30,1929.9,1933.5,1926.05,1932.35,91877,KOTAKBANK
797,2025-02-12 14:45:00+05:30,1932.55,1940.4,1930.65,1939.35,121336,KOTAKBANK
798,2025-02-12 15:00:00+05:30,1939.35,1946.9,1939.25,1946.6,339634,KOTAKBANK
799,2025-02-12 15:15:00+05:30,1946.55,1949.0,1942.0,1945.5,278199,KOTAKBANK
800,2025-02-13 09:15:00+05:30,1963.0,1987.7,1960.55,1980.25,2912490,KOTAKBANK
801,2025-02-13 09:30:00+05:30,1980.25,1984.2,1977.55,1980.5,594042,KOTAKBANK
802,2025-02-13 09:45:00+05:30,1980.5,1983.0,1967.0,1972.0,1293257,KOTAKBANK
803,2025-02-13 10:00:00+05:30,1972.0,1983.85,1971.95,1983.45,567349,KOTAKBANK
804,2025-02-13 10:15:00+05:30,1983.5,1992.8,1974.05,1977.25,767602,KOTAKBANK
805,2025-02-13 10:30:00+05:30,1977.25,1980.4,1975.9,1978.7,224413,KOTAKBANK
806,2025-02-13 10:45:00+05:30,1978.35,1980.35,1976.35,1978.5,175748,KOTAKBANK
807,2025-02-13 11:00:00+05:30,1978.5,1979.5,1970.9,1974.1,298710,KOTAKBANK
808,2025-02-13 11:15:00+05:30,1974.1,1975.3,1971.5,1975.2,213167,KOTAKBANK
809,2025-02-13 11:30:00+05:30,1975.2,1976.95,1972.3,1976.0,254557,KOTAKBANK
810,2025-02-13 11:45:00+05:30,1976.0,1978.8,1973.95,1977.8,231943,KOTAKBANK
811,2025-02-13 12:00:00+05:30,1977.8,1978.1,1971.55,1974.2,199877,KOTAKBANK
812,2025-02-13 12:15:00+05:30,1974.1,1975.1,1972.55,1975.0,170407,KOTAKBANK
813,2025-02-13 12:30:00+05:30,1975.0,1980.0,1974.8,1979.7,665025,KOTAKBANK
814,2025-02-13 12:45:00+05:30,1979.65,1983.1,1977.7,1981.05,341795,KOTAKBANK
815,2025-02-13 13:00:00+05:30,1981.05,1981.75,1974.7,1974.8,309016,KOTAKBANK
816,2025-02-13 13:15:00+05:30,1975.2,1981.0,1973.85,1980.55,568210,KOTAKBANK
817,2025-02-13 13:30:00+05:30,1980.6,1980.65,1972.0,1973.1,366483,KOTAKBANK
818,2025-02-13 13:45:00+05:30,1973.1,1974.95,1965.9,1973.4,360890,KOTAKBANK
819,2025-02-13 14:00:00+05:30,1973.4,1974.95,1969.0,1971.1,268987,KOTAKBANK
820,2025-02-13 14:15:00+05:30,1970.95,1973.4,1968.75,1971.75,235860,KOTAKBANK
821,2025-02-13 14:30:00+05:30,1971.75,1971.75,1964.0,1967.8,255059,KOTAKBANK
822,2025-02-13 14:45:00+05:30,1967.1,1973.0,1966.85,1972.75,219476,KOTAKBANK
823,2025-02-13 15:00:00+05:30,1972.7,1974.65,1970.8,1973.25,457577,KOTAKBANK
824,2025-02-13 15:15:00+05:30,1973.3,1975.65,1964.3,1964.75,477739,KOTAKBANK
825,2025-02-14 09:15:00+05:30,1974.0,1974.0,1961.95,1966.55,126585,KOTAKBANK
826,2025-02-14 09:30:00+05:30,1966.2,1968.2,1963.6,1966.4,53945,KOTAKBANK
827,2025-02-14 09:45:00+05:30,1966.1,1968.95,1957.25,1959.45,125367,KOTAKBANK
828,2025-02-14 10:00:00+05:30,1959.3,1967.0,1958.7,1965.35,66929,KOTAKBANK
829,2025-02-14 10:15:00+05:30,1965.3,1968.1,1963.6,1963.6,46584,KOTAKBANK
830,2025-02-14 10:30:00+05:30,1963.65,1964.75,1953.35,1955.0,92916,KOTAKBANK
831,2025-02-14 10:45:00+05:30,1955.0,1956.05,1945.0,1949.75,91710,KOTAKBANK
832,2025-02-14 11:00:00+05:30,1949.75,1951.05,1943.15,1947.4,81076,KOTAKBANK
833,2025-02-14 11:15:00+05:30,1947.4,1949.85,1944.0,1944.0,73422,KOTAKBANK
834,2025-02-14 11:30:00+05:30,1944.1,1948.0,1943.15,1947.25,63220,KOTAKBANK
835,2025-02-14 11:45:00+05:30,1947.25,1948.0,1945.0,1946.95,51339,KOTAKBANK
836,2025-02-14 12:00:00+05:30,1947.0,1948.4,1938.65,1939.2,97873,KOTAKBANK
837,2025-02-14 12:15:00+05:30,1939.2,1941.5,1935.2,1939.05,95432,KOTAKBANK
838,2025-02-14 12:30:00+05:30,1939.05,1942.45,1937.75,1938.9,121050,KOTAKBANK
839,2025-02-14 12:45:00+05:30,1938.25,1940.2,1935.0,1935.0,68305,KOTAKBANK
840,2025-02-14 13:00:00+05:30,1935.0,1937.5,1933.35,1936.35,82461,KOTAKBANK
841,2025-02-14 13:15:00+05:30,1936.0,1940.0,1934.9,1938.2,73331,KOTAKBANK
842,2025-02-14 13:30:00+05:30,1938.2,1940.0,1936.2,1938.6,69172,KOTAKBANK
843,2025-02-14 13:45:00+05:30,1938.6,1939.9,1935.45,1939.6,65958,KOTAKBANK
844,2025-02-14 14:00:00+05:30,1939.35,1940.1,1937.7,1939.35,79466,KOTAKBANK
845,2025-02-14 14:15:00+05:30,1939.35,1944.45,1937.3,1942.65,228945,KOTAKBANK
846,2025-02-14 14:30:00+05:30,1942.5,1959.9,1942.1,1957.7,132604,KOTAKBANK
847,2025-02-14 14:45:00+05:30,1957.7,1958.65,1953.35,1956.1,108125,KOTAKBANK
848,2025-02-14 15:00:00+05:30,1956.1,1958.4,1951.35,1953.7,230149,KOTAKBANK
849,2025-02-14 15:15:00+05:30,1953.7,1954.55,1947.9,1949.8,274955,KOTAKBANK
850,2025-02-17 09:15:00+05:30,1955.0,1963.95,1936.95,1948.5,293774,KOTAKBANK
851,2025-02-17 09:30:00+05:30,1948.35,1950.0,1937.65,1941.45,57877,KOTAKBANK
852,2025-02-17 09:45:00+05:30,1941.0,1947.95,1936.05,1938.45,66665,KOTAKBANK
853,2025-02-17 10:00:00+05:30,1939.15,1939.3,1932.65,1935.85,69411,KOTAKBANK
854,2025-02-17 10:15:00+05:30,1935.45,1945.6,1935.1,1945.3,56296,KOTAKBANK
855,2025-02-17 10:30:00+05:30,1945.55,1952.5,1943.2,1952.5,134527,KOTAKBANK
856,2025-02-17 10:45:00+05:30,1952.4,1953.95,1944.0,1946.5,73848,KOTAKBANK
857,2025-02-17 11:00:00+05:30,1946.5,1948.05,1940.5,1941.95,51204,KOTAKBANK
858,2025-02-17 11:15:00+05:30,1941.5,1945.95,1941.4,1944.7,58587,KOTAKBANK
859,2025-02-17 11:30:00+05:30,1944.7,1948.25,1943.35,1947.4,57620,KOTAKBANK
860,2025-02-17 11:45:00+05:30,1947.45,1948.0,1941.1,1943.95,63001,KOTAKBANK
861,2025-02-17 12:00:00+05:30,1944.6,1947.8,1938.1,1939.0,69458,KOTAKBANK
862,2025-02-17 12:15:00+05:30,1939.0,1943.3,1937.85,1943.15,82561,KOTAKBANK
863,2025-02-17 12:30:00+05:30,1943.15,1945.65,1941.3,1943.4,65577,KOTAKBANK
864,2025-02-17 12:45:00+05:30,1943.4,1944.0,1937.9,1941.0,108020,KOTAKBANK
865,2025-02-17 13:00:00+05:30,1940.85,1944.0,1934.95,1935.2,73180,KOTAKBANK
866,2025-02-17 13:15:00+05:30,1935.2,1939.0,1934.25,1936.5,53283,KOTAKBANK
867,2025-02-17 13:30:00+05:30,1936.65,1947.2,1936.55,1944.55,108326,KOTAKBANK
868,2025-02-17 13:45:00+05:30,1944.55,1946.0,1941.15,1943.7,66648,KOTAKBANK
869,2025-02-17 14:00:00+05:30,1943.65,1947.15,1937.55,1941.85,78659,KOTAKBANK
870,2025-02-17 14:15:00+05:30,1942.05,1946.7,1941.15,1945.45,66812,KOTAKBANK
871,2025-02-17 14:30:00+05:30,1945.45,1946.4,1940.8,1945.7,93506,KOTAKBANK
872,2025-02-17 14:45:00+05:30,1945.7,1949.65,1944.1,1949.4,96598,KOTAKBANK
873,2025-02-17 15:00:00+05:30,1948.55,1949.9,1944.05,1945.0,140760,KOTAKBANK
874,2025-02-17 15:15:00+05:30,1945.0,1946.8,1940.75,1941.8,200002,KOTAKBANK
875,2025-02-18 09:15:00+05:30,1942.05,1952.75,1942.05,1951.4,333180,KOTAKBANK
876,2025-02-18 09:30:00+05:30,1951.45,1952.95,1942.2,1952.45,179673,KOTAKBANK
877,2025-02-18 09:45:00+05:30,1952.35,1957.0,1950.25,1951.1,136181,KOTAKBANK
878,2025-02-18 10:00:00+05:30,1951.0,1955.0,1950.0,1950.1,94002,KOTAKBANK
879,2025-02-18 10:15:00+05:30,1950.15,1952.55,1946.0,1947.4,93332,KOTAKBANK
880,2025-02-18 10:30:00+05:30,1947.4,1947.4,1939.15,1940.0,85986,KOTAKBANK
881,2025-02-18 10:45:00+05:30,1940.45,1948.35,1940.0,1946.1,83407,KOTAKBANK
882,2025-02-18 11:00:00+05:30,1946.05,1948.0,1941.05,1943.85,80271,KOTAKBANK
883,2025-02-18 11:15:00+05:30,1943.85,1946.75,1942.25,1945.55,74062,KOTAKBANK
884,2025-02-18 11:30:00+05:30,1945.55,1948.3,1944.6,1947.6,71221,KOTAKBANK
885,2025-02-18 11:45:00+05:30,1947.6,1948.55,1944.15,1945.0,81221,KOTAKBANK
886,2025-02-18 12:00:00+05:30,1945.0,1948.85,1943.8,1948.0,83899,KOTAKBANK
887,2025-02-18 12:15:00+05:30,1948.0,1951.45,1946.9,1951.35,228826,KOTAKBANK
888,2025-02-18 12:30:00+05:30,1951.35,1952.3,1949.1,1950.0,151759,KOTAKBANK
889,2025-02-18 12:45:00+05:30,1949.95,1953.0,1948.75,1950.25,140432,KOTAKBANK
890,2025-02-18 13:00:00+05:30,1950.25,1951.15,1949.45,1950.05,100399,KOTAKBANK
891,2025-02-18 13:15:00+05:30,1950.05,1952.55,1949.55,1950.7,117762,KOTAKBANK
892,2025-02-18 13:30:00+05:30,1950.65,1951.8,1949.0,1949.7,144628,KOTAKBANK
893,2025-02-18 13:45:00+05:30,1950.0,1956.0,1947.6,1955.65,267083,KOTAKBANK
894,2025-02-18 14:00:00+05:30,1955.4,1961.2,1955.0,1955.4,245015,KOTAKBANK
895,2025-02-18 14:15:00+05:30,1955.35,1960.2,1955.0,1960.2,152798,KOTAKBANK
896,2025-02-18 14:30:00+05:30,1960.2,1965.0,1958.65,1963.1,270686,KOTAKBANK
897,2025-02-18 14:45:00+05:30,1963.05,1964.4,1960.0,1964.0,239429,KOTAKBANK
898,2025-02-18 15:00:00+05:30,1963.9,1964.35,1961.2,1963.85,369038,KOTAKBANK
899,2025-02-18 15:15:00+05:30,1963.85,1966.0,1961.0,1962.25,516298,KOTAKBANK
900,2025-02-19 09:15:00+05:30,1963.95,1974.9,1962.0,1972.45,247284,KOTAKBANK
901,2025-02-19 09:30:00+05:30,1972.45,1980.0,1970.85,1979.7,124678,KOTAKBANK
902,2025-02-19 09:45:00+05:30,1979.85,1986.0,1979.7,1984.25,134248,KOTAKBANK
903,2025-02-19 10:00:00+05:30,1984.3,1985.1,1978.85,1984.0,105944,KOTAKBANK
904,2025-02-19 10:15:00+05:30,1984.0,1990.0,1984.0,1989.65,114702,KOTAKBANK
905,2025-02-19 10:30:00+05:30,1989.7,1994.9,1987.85,1993.1,118476,KOTAKBANK
906,2025-02-19 10:45:00+05:30,1993.1,1993.4,1982.85,1982.9,141778,KOTAKBANK
907,2025-02-19 11:00:00+05:30,1982.9,1989.7,1982.35,1988.9,107732,KOTAKBANK
908,2025-02-19 11:15:00+05:30,1988.95,1990.0,1981.0,1981.65,116059,KOTAKBANK
909,2025-02-19 11:30:00+05:30,1981.65,1983.65,1977.0,1977.9,101974,KOTAKBANK
910,2025-02-19 11:45:00+05:30,1977.9,1980.3,1975.35,1978.8,136890,KOTAKBANK
911,2025-02-19 12:00:00+05:30,1978.8,1981.0,1978.2,1979.8,61794,KOTAKBANK
912,2025-02-19 12:15:00+05:30,1979.6,1981.75,1978.65,1981.0,121106,KOTAKBANK
913,2025-02-19 12:30:00+05:30,1981.1,1987.95,1979.25,1984.55,120707,KOTAKBANK
914,2025-02-19 12:45:00+05:30,1984.3,1984.9,1978.6,1980.6,88533,KOTAKBANK
915,2025-02-19 13:00:00+05:30,1980.45,1981.45,1977.1,1979.45,84721,KOTAKBANK
916,2025-02-19 13:15:00+05:30,1979.45,1982.05,1978.2,1979.9,141827,KOTAKBANK
917,2025-02-19 13:30:00+05:30,1979.9,1981.6,1978.15,1978.5,96086,KOTAKBANK
918,2025-02-19 13:45:00+05:30,1978.5,1979.7,1975.0,1975.9,87931,KOTAKBANK
919,2025-02-19 14:00:00+05:30,1975.65,1981.85,1975.0,1979.95,171078,KOTAKBANK
920,2025-02-19 14:15:00+05:30,1979.7,1980.0,1974.8,1975.65,244218,KOTAKBANK
921,2025-02-19 14:30:00+05:30,1975.55,1979.65,1974.7,1974.95,271480,KOTAKBANK
922,2025-02-19 14:45:00+05:30,1974.9,1984.95,1973.45,1983.2,312265,KOTAKBANK
923,2025-02-19 15:00:00+05:30,1983.55,1987.45,1982.2,1985.7,360511,KOTAKBANK
924,2025-02-19 15:15:00+05:30,1985.8,1986.9,1983.0,1986.9,287374,KOTAKBANK
925,2025-02-20 09:15:00+05:30,1982.3,1982.35,1972.7,1976.45,465518,KOTAKBANK
926,2025-02-20 09:30:00+05:30,1976.35,1979.3,1971.0,1975.05,157321,KOTAKBANK
927,2025-02-20 09:45:00+05:30,1975.0,1975.05,1963.55,1967.95,666351,KOTAKBANK
928,2025-02-20 10:00:00+05:30,1967.95,1975.5,1966.0,1973.05,131114,KOTAKBANK
929,2025-02-20 10:15:00+05:30,1973.0,1975.75,1969.1,1970.4,80655,KOTAKBANK
930,2025-02-20 10:30:00+05:30,1970.4,1973.55,1969.1,1969.95,48718,KOTAKBANK
931,2025-02-20 10:45:00+05:30,1969.95,1971.15,1964.0,1966.75,81119,KOTAKBANK
932,2025-02-20 11:00:00+05:30,1966.75,1967.6,1964.1,1965.5,58228,KOTAKBANK
933,2025-02-20 11:15:00+05:30,1965.5,1970.3,1963.9,1965.0,365456,KOTAKBANK
934,2025-02-20 11:30:00+05:30,1965.0,1966.9,1961.0,1965.6,121071,KOTAKBANK
935,2025-02-20 11:45:00+05:30,1965.6,1966.3,1960.0,1962.75,211627,KOTAKBANK
936,2025-02-20 12:00:00+05:30,1962.55,1966.0,1962.1,1964.05,94957,KOTAKBANK
937,2025-02-20 12:15:00+05:30,1964.05,1966.9,1963.6,1964.95,114454,KOTAKBANK
938,2025-02-20 12:30:00+05:30,1964.9,1966.9,1964.1,1966.9,142102,KOTAKBANK
939,2025-02-20 12:45:00+05:30,1966.9,1969.25,1965.1,1968.0,113591,KOTAKBANK
940,2025-02-20 13:00:00+05:30,1967.95,1969.0,1965.0,1968.95,110575,KOTAKBANK
941,2025-02-20 13:15:00+05:30,1968.95,1970.15,1967.55,1969.75,113437,KOTAKBANK
942,2025-02-20 13:30:00+05:30,1969.75,1971.0,1967.8,1970.95,136019,KOTAKBANK
943,2025-02-20 13:45:00+05:30,1970.95,1971.5,1968.8,1969.85,121152,KOTAKBANK
944,2025-02-20 14:00:00+05:30,1969.85,1971.2,1968.8,1971.15,138073,KOTAKBANK
945,2025-02-20 14:15:00+05:30,1971.15,1972.0,1968.9,1969.65,151903,KOTAKBANK
946,2025-02-20 14:30:00+05:30,1969.65,1971.8,1969.05,1969.95,164584,KOTAKBANK
947,2025-02-20 14:45:00+05:30,1969.9,1972.65,1968.25,1970.35,201329,KOTAKBANK
948,2025-02-20 15:00:00+05:30,1970.3,1971.8,1969.15,1970.25,361506,KOTAKBANK
949,2025-02-20 15:15:00+05:30,1970.25,1976.9,1969.3,1970.0,356840,KOTAKBANK
950,2025-02-21 09:15:00+05:30,1970.55,1978.35,1943.45,1944.65,371419,KOTAKBANK
951,2025-02-21 09:30:00+05:30,1944.75,1951.6,1942.5,1945.45,155723,KOTAKBANK
952,2025-02-21 09:45:00+05:30,1945.45,1947.7,1939.1,1940.0,255170,KOTAKBANK
953,2025-02-21 10:00:00+05:30,1940.05,1943.8,1937.1,1939.9,149548,KOTAKBANK
954,2025-02-21 10:15:00+05:30,1939.9,1941.6,1934.5,1938.25,209893,KOTAKBANK
955,2025-02-21 10:30:00+05:30,1938.25,1945.75,1938.0,1945.75,177037,KOTAKBANK
956,2025-02-21 10:45:00+05:30,1945.75,1949.0,1942.3,1946.7,191917,KOTAKBANK
957,2025-02-21 11:00:00+05:30,1946.65,1950.4,1945.25,1949.55,120002,KOTAKBANK
958,2025-02-21 11:15:00+05:30,1949.6,1950.0,1943.6,1943.85,70575,KOTAKBANK
959,2025-02-21 11:30:00+05:30,1943.9,1947.0,1943.0,1946.6,117191,KOTAKBANK
960,2025-02-21 11:45:00+05:30,1946.65,1947.0,1943.15,1945.05,120168,KOTAKBANK
961,2025-02-21 12:00:00+05:30,1945.1,1946.85,1943.7,1946.0,99957,KOTAKBANK
962,2025-02-21 12:15:00+05:30,1945.95,1947.7,1944.65,1946.35,74339,KOTAKBANK
963,2025-02-21 12:30:00+05:30,1946.3,1948.45,1943.6,1944.15,69437,KOTAKBANK
964,2025-02-21 12:45:00+05:30,1944.1,1945.0,1940.7,1943.2,89415,KOTAKBANK
965,2025-02-21 13:00:00+05:30,1943.05,1943.45,1939.0,1939.55,100406,KOTAKBANK
966,2025-02-21 13:15:00+05:30,1939.5,1940.15,1937.1,1937.9,101692,KOTAKBANK
967,2025-02-21 13:30:00+05:30,1937.4,1941.55,1937.4,1940.9,176163,KOTAKBANK
968,2025-02-21 13:45:00+05:30,1940.7,1948.95,1940.0,1945.1,240168,KOTAKBANK
969,2025-02-21 14:00:00+05:30,1945.05,1947.75,1945.0,1945.8,137187,KOTAKBANK
970,2025-02-21 14:15:00+05:30,1945.75,1948.95,1945.35,1945.7,128391,KOTAKBANK
971,2025-02-21 14:30:00+05:30,1946.05,1952.35,1945.25,1951.55,173377,KOTAKBANK
972,2025-02-21 14:45:00+05:30,1951.5,1956.15,1950.35,1953.45,155628,KOTAKBANK
973,2025-02-21 15:00:00+05:30,1953.45,1955.95,1952.3,1954.1,235016,KOTAKBANK
974,2025-02-21 15:15:00+05:30,1954.1,1954.75,1950.15,1950.15,265815,KOTAKBANK
975,2025-02-24 09:15:00+05:30,1938.3,1949.65,1938.3,1947.3,138297,KOTAKBANK
976,2025-02-24 09:30:00+05:30,1947.35,1948.55,1933.55,1935.8,77237,KOTAKBANK
977,2025-02-24 09:45:00+05:30,1935.85,1945.0,1934.2,1944.0,57062,KOTAKBANK
978,2025-02-24 10:00:00+05:30,1943.9,1947.05,1942.55,1944.15,40888,KOTAKBANK
979,2025-02-24 10:15:00+05:30,1944.0,1947.9,1943.95,1947.55,47870,KOTAKBANK
980,2025-02-24 10:30:00+05:30,1947.85,1949.0,1943.65,1947.25,59444,KOTAKBANK
981,2025-02-24 10:45:00+05:30,1947.25,1952.85,1946.05,1952.85,48315,KOTAKBANK
982,2025-02-24 11:00:00+05:30,1952.85,1954.75,1948.1,1948.8,42129,KOTAKBANK
983,2025-02-24 11:15:00+05:30,1948.75,1953.65,1945.85,1952.9,42025,KOTAKBANK
984,2025-02-24 11:30:00+05:30,1952.8,1957.5,1951.8,1956.35,40091,KOTAKBANK
985,2025-02-24 11:45:00+05:30,1956.25,1960.45,1955.8,1957.4,65963,KOTAKBANK
986,2025-02-24 12:00:00+05:30,1957.4,1957.65,1953.85,1955.85,59214,KOTAKBANK
987,2025-02-24 12:15:00+05:30,1955.85,1957.7,1954.8,1954.8,49733,KOTAKBANK
988,2025-02-24 12:30:00+05:30,1955.5,1956.8,1949.55,1950.5,106046,KOTAKBANK
989,2025-02-24 12:45:00+05:30,1950.5,1954.65,1948.05,1953.85,95776,KOTAKBANK
990,2025-02-24 13:00:00+05:30,1953.9,1955.85,1951.8,1954.75,83749,KOTAKBANK
991,2025-02-24 13:15:00+05:30,1954.45,1955.0,1950.65,1953.0,85305,KOTAKBANK
992,2025-02-24 13:30:00+05:30,1952.9,1955.0,1952.0,1954.95,87311,KOTAKBANK
993,2025-02-24 13:45:00+05:30,1954.95,1960.35,1953.0,1960.0,93587,KOTAKBANK
994,2025-02-24 14:00:00+05:30,1960.0,1961.4,1956.05,1960.5,113494,KOTAKBANK
995,2025-02-24 14:15:00+05:30,1960.5,1966.0,1959.55,1962.45,102253,KOTAKBANK
996,2025-02-24 14:30:00+05:30,1962.45,1968.9,1962.15,1968.3,114137,KOTAKBANK
997,2025-02-24 14:45:00+05:30,1968.3,1970.0,1964.8,1965.95,130820,KOTAKBANK
998,2025-02-24 15:00:00+05:30,1965.95,1968.75,1964.4,1966.5,186036,KOTAKBANK
999,2025-02-24 15:15:00+05:30,1966.5,1967.65,1959.9,1960.7,245374,KOTAKBANK
1000,2025-02-25 09:15:00+05:30,1969.0,1977.65,1966.0,1968.45,406330,KOTAKBANK
1001,2025-02-25 09:30:00+05:30,1968.05,1968.9,1963.55,1967.45,123988,KOTAKBANK
1002,2025-02-25 09:45:00+05:30,1967.45,1973.35,1966.55,1968.8,124832,KOTAKBANK
1003,2025-02-25 10:00:00+05:30,1968.75,1979.55,1968.3,1979.35,142688,KOTAKBANK
1004,2025-02-25 10:15:00+05:30,1979.15,1979.55,1971.0,1972.85,187423,KOTAKBANK
1005,2025-02-25 10:30:00+05:30,1972.5,1977.0,1971.1,1975.6,140354,KOTAKBANK
1006,2025-02-25 10:45:00+05:30,1975.9,1975.9,1971.9,1974.05,91071,KOTAKBANK
1007,2025-02-25 11:00:00+05:30,1974.1,1974.25,1971.15,1971.95,76626,KOTAKBANK
1008,2025-02-25 11:15:00+05:30,1971.95,1972.85,1969.2,1969.8,59164,KOTAKBANK
1009,2025-02-25 11:30:00+05:30,1969.8,1972.0,1968.9,1971.0,70008,KOTAKBANK
1010,2025-02-25 11:45:00+05:30,1971.0,1972.1,1968.25,1969.0,101905,KOTAKBANK
1011,2025-02-25 12:00:00+05:30,1969.0,1969.55,1964.0,1964.8,93401,KOTAKBANK
1012,2025-02-25 12:15:00+05:30,1964.8,1967.9,1962.65,1963.6,97551,KOTAKBANK
1013,2025-02-25 12:30:00+05:30,1963.2,1964.65,1961.35,1964.0,78186,KOTAKBANK
1014,2025-02-25 12:45:00+05:30,1964.0,1966.85,1963.3,1964.6,114709,KOTAKBANK
1015,2025-02-25 13:00:00+05:30,1964.6,1966.05,1963.0,1963.35,81712,KOTAKBANK
1016,2025-02-25 13:15:00+05:30,1963.95,1964.0,1961.2,1963.95,90245,KOTAKBANK
1017,2025-02-25 13:30:00+05:30,1963.95,1964.0,1962.3,1962.45,83863,KOTAKBANK
1018,2025-02-25 13:45:00+05:30,1962.5,1964.0,1958.6,1960.25,142099,KOTAKBANK
1019,2025-02-25 14:00:00+05:30,1960.25,1965.9,1960.25,1965.55,143306,KOTAKBANK
1020,2025-02-25 14:15:00+05:30,1965.55,1972.9,1963.15,1970.9,253180,KOTAKBANK
1021,2025-02-25 14:30:00+05:30,1971.0,1973.9,1970.1,1973.5,218032,KOTAKBANK
1022,2025-02-25 14:45:00+05:30,1973.5,1976.3,1968.35,1970.05,268920,KOTAKBANK
1023,2025-02-25 15:00:00+05:30,1970.05,1972.05,1963.15,1968.05,424261,KOTAKBANK
1024,2025-02-25 15:15:00+05:30,1968.1,1970.25,1963.15,1966.9,387028,KOTAKBANK
1025,2025-02-27 09:15:00+05:30,1972.0,1975.0,1951.25,1960.0,310033,KOTAKBANK
1026,2025-02-27 09:30:00+05:30,1960.0,1967.2,1957.7,1962.6,109540,KOTAKBANK
1027,2025-02-27 09:45:00+05:30,1962.05,1962.65,1953.85,1955.5,58322,KOTAKBANK
1028,2025-02-27 10:00:00+05:30,1955.45,1959.5,1953.05,1957.85,83476,KOTAKBANK
1029,2025-02-27 10:15:00+05:30,1957.65,1963.85,1957.5,1960.9,57026,KOTAKBANK
1030,2025-02-27 10:30:00+05:30,1960.9,1962.5,1956.1,1958.4,77206,KOTAKBANK
1031,2025-02-27 10:45:00+05:30,1958.4,1958.45,1954.25,1954.55,63970,KOTAKBANK
1032,2025-02-27 11:00:00+05:30,1954.5,1956.4,1950.45,1954.5,92183,KOTAKBANK
1033,2025-02-27 11:15:00+05:30,1954.5,1956.55,1952.0,1953.45,70901,KOTAKBANK
1034,2025-02-27 11:30:00+05:30,1953.4,1953.85,1950.25,1952.2,59701,KOTAKBANK
1035,2025-02-27 11:45:00+05:30,1952.25,1952.35,1945.7,1945.85,76052,KOTAKBANK
1036,2025-02-27 12:00:00+05:30,1945.9,1948.55,1944.8,1948.2,75007,KOTAKBANK
1037,2025-02-27 12:15:00+05:30,1948.55,1948.85,1944.05,1944.85,69718,KOTAKBANK
1038,2025-02-27 12:30:00+05:30,1944.9,1946.4,1942.4,1946.4,89260,KOTAKBANK
1039,2025-02-27 12:45:00+05:30,1946.2,1947.35,1944.05,1946.5,72319,KOTAKBANK
1040,2025-02-27 13:00:00+05:30,1946.75,1948.0,1943.05,1946.35,66378,KOTAKBANK
1041,2025-02-27 13:15:00+05:30,1946.35,1947.75,1944.35,1944.95,100648,KOTAKBANK
1042,2025-02-27 13:30:00+05:30,1945.4,1946.55,1943.3,1944.7,193410,KOTAKBANK
1043,2025-02-27 13:45:00+05:30,1944.8,1947.8,1943.5,1947.7,167695,KOTAKBANK
1044,2025-02-27 14:00:00+05:30,1947.8,1953.95,1947.55,1950.35,161524,KOTAKBANK
1045,2025-02-27 14:15:00+05:30,1950.85,1951.3,1946.25,1947.05,141328,KOTAKBANK
1046,2025-02-27 14:30:00+05:30,1947.05,1954.8,1946.75,1949.7,138856,KOTAKBANK
1047,2025-02-27 14:45:00+05:30,1949.7,1952.65,1947.75,1949.95,184883,KOTAKBANK
1048,2025-02-27 15:00:00+05:30,1949.95,1952.0,1946.45,1950.05,676133,KOTAKBANK
1049,2025-02-27 15:15:00+05:30,1950.2,1950.3,1939.9,1941.9,504076,KOTAKBANK
1050,2025-02-28 09:15:00+05:30,1937.05,1937.05,1918.1,1927.0,531872,KOTAKBANK
1051,2025-02-28 09:30:00+05:30,1927.0,1927.3,1913.3,1915.95,199209,KOTAKBANK
1052,2025-02-28 09:45:00+05:30,1915.95,1920.45,1915.2,1918.75,157738,KOTAKBANK
1053,2025-02-28 10:00:00+05:30,1918.75,1924.5,1918.4,1924.0,106151,KOTAKBANK
1054,2025-02-28 10:15:00+05:30,1924.0,1927.0,1918.3,1919.5,145945,KOTAKBANK
1055,2025-02-28 10:30:00+05:30,1920.3,1922.25,1919.0,1920.4,91929,KOTAKBANK
1056,2025-02-28 10:45:00+05:30,1920.5,1921.7,1910.35,1911.5,258020,KOTAKBANK
1057,2025-02-28 11:00:00+05:30,1911.6,1915.9,1909.1,1914.7,126880,KOTAKBANK
1058,2025-02-28 11:15:00+05:30,1915.35,1919.0,1914.25,1919.0,75655,KOTAKBANK
1059,2025-02-28 11:30:00+05:30,1919.0,1921.0,1914.25,1914.95,143844,KOTAKBANK
1060,2025-02-28 11:45:00+05:30,1914.8,1917.95,1911.55,1916.25,82708,KOTAKBANK
1061,2025-02-28 12:00:00+05:30,1916.25,1917.95,1913.7,1915.85,65591,KOTAKBANK
1062,2025-02-28 12:15:00+05:30,1916.65,1919.85,1915.25,1918.55,85776,KOTAKBANK
1063,2025-02-28 12:30:00+05:30,1917.75,1919.7,1909.1,1909.7,176934,KOTAKBANK
1064,2025-02-28 12:45:00+05:30,1909.7,1910.5,1904.45,1905.0,225633,KOTAKBANK
1065,2025-02-28 13:00:00+05:30,1905.0,1911.4,1905.0,1909.95,130059,KOTAKBANK
1066,2025-02-28 13:15:00+05:30,1909.75,1910.9,1906.5,1907.2,127455,KOTAKBANK
1067,2025-02-28 13:30:00+05:30,1906.85,1909.0,1904.9,1905.9,181025,KOTAKBANK
1068,2025-02-28 13:45:00+05:30,1905.95,1907.9,1902.85,1904.8,166750,KOTAKBANK
1069,2025-02-28 14:00:00+05:30,1904.85,1910.0,1903.5,1907.95,170553,KOTAKBANK
1070,2025-02-28 14:15:00+05:30,1907.9,1911.7,1904.85,1908.35,246480,KOTAKBANK
1071,2025-02-28 14:30:00+05:30,1908.4,1912.0,1906.25,1911.8,318054,KOTAKBANK
1072,2025-02-28 14:45:00+05:30,1911.95,1915.05,1906.6,1907.75,495949,KOTAKBANK
1073,2025-02-28 15:00:00+05:30,1907.7,1908.9,1901.1,1907.35,1435516,KOTAKBANK
1074,2025-02-28 15:15:00+05:30,1907.35,1907.4,1893.9,1898.45,1217554,KOTAKBANK
1075,2025-03-03 09:15:00+05:30,1905.55,1909.0,1896.05,1902.35,210978,KOTAKBANK
1076,2025-03-03 09:30:00+05:30,1902.3,1908.0,1900.85,1905.25,74404,KOTAKBANK
1077,2025-03-03 09:45:00+05:30,1905.25,1905.65,1898.5,1900.3,75337,KOTAKBANK
1078,2025-03-03 10:00:00+05:30,1900.35,1900.55,1895.2,1899.95,75344,KOTAKBANK
1079,2025-03-03 10:15:00+05:30,1899.95,1904.75,1898.45,1902.0,70381,KOTAKBANK
1080,2025-03-03 10:30:00+05:30,1902.0,1905.0,1900.55,1902.25,47707,KOTAKBANK
1081,2025-03-03 10:45:00+05:30,1902.7,1907.7,1901.25,1905.95,65266,KOTAKBANK
1082,2025-03-03 11:00:00+05:30,1905.95,1909.9,1903.1,1909.1,70305,KOTAKBANK
1083,2025-03-03 11:15:00+05:30,1909.05,1909.8,1901.95,1908.6,83094,KOTAKBANK
1084,2025-03-03 11:30:00+05:30,1908.6,1910.8,1907.45,1910.7,66646,KOTAKBANK
1085,2025-03-03 11:45:00+05:30,1910.7,1911.45,1909.25,1910.9,69412,KOTAKBANK
1086,2025-03-03 12:00:00+05:30,1910.9,1913.1,1908.95,1912.95,106972,KOTAKBANK
1087,2025-03-03 12:15:00+05:30,1913.05,1916.0,1911.3,1915.15,225483,KOTAKBANK
1088,2025-03-03 12:30:00+05:30,1915.15,1920.0,1914.4,1919.7,104665,KOTAKBANK
1089,2025-03-03 12:45:00+05:30,1919.7,1923.65,1917.1,1917.55,84882,KOTAKBANK
1090,2025-03-03 13:00:00+05:30,1917.55,1920.4,1916.95,1917.9,61851,KOTAKBANK
1091,2025-03-03 13:15:00+05:30,1918.4,1919.95,1914.0,1915.4,87619,KOTAKBANK
1092,2025-03-03 13:30:00+05:30,1915.4,1918.85,1912.8,1918.1,87599,KOTAKBANK
1093,2025-03-03 13:45:00+05:30,1918.7,1921.0,1916.15,1916.4,77326,KOTAKBANK
1094,2025-03-03 14:00:00+05:30,1916.4,1918.15,1914.0,1916.35,80747,KOTAKBANK
1095,2025-03-03 14:15:00+05:30,1917.05,1918.85,1915.8,1918.1,88799,KOTAKBANK
1096,2025-03-03 14:30:00+05:30,1918.1,1918.75,1915.45,1916.95,87885,KOTAKBANK
1097,2025-03-03 14:45:00+05:30,1917.4,1918.4,1913.15,1917.5,155324,KOTAKBANK
1098,2025-03-03 15:00:00+05:30,1917.45,1918.0,1914.75,1915.9,170533,KOTAKBANK
1099,2025-03-03 15:15:00+05:30,1915.9,1917.05,1908.95,1914.95,271732,KOTAKBANK
1100,2025-03-04 09:15:00+05:30,1901.15,1911.15,1896.75,1906.35,301264,KOTAKBANK
1101,2025-03-04 09:30:00+05:30,1907.0,1912.4,1904.7,1909.35,180705,KOTAKBANK
1102,2025-03-04 09:45:00+05:30,1909.35,1911.0,1905.65,1910.7,56509,KOTAKBANK
1103,2025-03-04 10:00:00+05:30,1910.7,1912.1,1902.35,1904.9,80390,KOTAKBANK
1104,2025-03-04 10:15:00+05:30,1904.9,1906.9,1902.7,1906.9,90862,KOTAKBANK
1105,2025-03-04 10:30:00+05:30,1907.0,1909.0,1905.7,1906.15,92397,KOTAKBANK
1106,2025-03-04 10:45:00+05:30,1906.25,1911.85,1905.75,1911.6,96766,KOTAKBANK
1107,2025-03-04 11:00:00+05:30,1911.6,1913.15,1907.85,1908.45,203845,KOTAKBANK
1108,2025-03-04 11:15:00+05:30,1908.95,1910.25,1905.0,1905.4,60974,KOTAKBANK
1109,2025-03-04 11:30:00+05:30,1905.4,1907.8,1903.2,1903.75,86970,KOTAKBANK
1110,2025-03-04 11:45:00+05:30,1903.75,1906.1,1902.8,1905.45,93451,KOTAKBANK
1111,2025-03-04 12:00:00+05:30,1905.45,1906.35,1902.1,1902.35,63045,KOTAKBANK
1112,2025-03-04 12:15:00+05:30,1902.3,1904.25,1900.85,1904.1,62296,KOTAKBANK
1113,2025-03-04 12:30:00+05:30,1904.1,1907.95,1903.1,1907.85,69610,KOTAKBANK
1114,2025-03-04 12:45:00+05:30,1907.85,1912.0,1907.35,1910.25,92380,KOTAKBANK
1115,2025-03-04 13:00:00+05:30,1910.25,1911.5,1908.2,1910.65,53271,KOTAKBANK
1116,2025-03-04 13:15:00+05:30,1910.6,1911.9,1909.25,1911.3,58818,KOTAKBANK
1117,2025-03-04 13:30:00+05:30,1911.2,1913.45,1909.85,1912.2,74377,KOTAKBANK
1118,2025-03-04 13:45:00+05:30,1912.2,1914.5,1911.4,1912.0,81071,KOTAKBANK
1119,2025-03-04 14:00:00+05:30,1911.95,1915.85,1911.9,1914.5,132992,KOTAKBANK
1120,2025-03-04 14:15:00+05:30,1914.3,1916.0,1913.25,1915.05,117801,KOTAKBANK
1121,2025-03-04 14:30:00+05:30,1914.95,1915.8,1912.85,1914.15,225685,KOTAKBANK
1122,2025-03-04 14:45:00+05:30,1914.15,1914.35,1910.85,1911.65,182954,KOTAKBANK
1123,2025-03-04 15:00:00+05:30,1911.6,1911.7,1904.55,1905.5,331055,KOTAKBANK
1124,2025-03-04 15:15:00+05:30,1905.5,1911.7,1905.0,1911.1,266848,KOTAKBANK
1125,2025-03-05 09:15:00+05:30,1903.1,1915.0,1895.4,1910.55,226423,KOTAKBANK
1126,2025-03-05 09:30:00+05:30,1910.55,1918.95,1909.9,1918.95,51757,KOTAKBANK
1127,2025-03-05 09:45:00+05:30,1918.7,1933.3,1918.7,1931.2,174020,KOTAKBANK
1128,2025-03-05 10:00:00+05:30,1931.2,1934.0,1923.75,1925.7,159838,KOTAKBANK
1129,2025-03-05 10:15:00+05:30,1925.65,1927.75,1924.55,1926.45,79476,KOTAKBANK
1130,2025-03-05 10:30:00+05:30,1926.4,1929.5,1926.0,1928.6,114110,KOTAKBANK
1131,2025-03-05 10:45:00+05:30,1928.55,1931.7,1926.3,1930.7,212065,KOTAKBANK
1132,2025-03-05 11:00:00+05:30,1930.7,1938.0,1929.45,1937.2,161177,KOTAKBANK
1133,2025-03-05 11:15:00+05:30,1937.2,1944.0,1935.7,1942.85,339940,KOTAKBANK
1134,2025-03-05 11:30:00+05:30,1942.85,1949.95,1942.05,1946.8,269187,KOTAKBANK
1135,2025-03-05 11:45:00+05:30,1946.8,1951.6,1946.1,1951.25,184788,KOTAKBANK
1136,2025-03-05 12:00:00+05:30,1951.2,1951.8,1946.15,1946.95,127739,KOTAKBANK
1137,2025-03-05 12:15:00+05:30,1947.0,1953.65,1946.85,1950.55,135480,KOTAKBANK
1138,2025-03-05 12:30:00+05:30,1950.25,1950.65,1943.0,1943.1,105335,KOTAKBANK
1139,2025-03-05 12:45:00+05:30,1943.4,1943.5,1937.55,1941.05,104240,KOTAKBANK
1140,2025-03-05 13:00:00+05:30,1941.05,1942.8,1938.45,1940.5,101388,KOTAKBANK
1141,2025-03-05 13:15:00+05:30,1940.45,1941.0,1938.3,1938.7,47917,KOTAKBANK
1142,2025-03-05 13:30:00+05:30,1938.4,1938.8,1933.3,1935.2,109360,KOTAKBANK
1143,2025-03-05 13:45:00+05:30,1935.1,1941.0,1935.0,1938.55,70168,KOTAKBANK
1144,2025-03-05 14:00:00+05:30,1938.55,1938.6,1937.2,1938.0,71564,KOTAKBANK
1145,2025-03-05 14:15:00+05:30,1937.95,1938.95,1936.0,1938.0,108620,KOTAKBANK
1146,2025-03-05 14:30:00+05:30,1937.95,1943.1,1936.8,1942.65,91833,KOTAKBANK
1147,2025-03-05 14:45:00+05:30,1942.6,1945.0,1941.15,1943.95,102238,KOTAKBANK
1148,2025-03-05 15:00:00+05:30,1943.85,1944.2,1930.15,1931.75,362758,KOTAKBANK
1149,2025-03-05 15:15:00+05:30,1931.8,1937.65,1930.2,1936.8,292910,KOTAKBANK
1150,2025-03-06 09:15:00+05:30,1944.0,1944.95,1928.75,1929.3,393081,KOTAKBANK
1151,2025-03-06 09:30:00+05:30,1929.4,1929.75,1918.55,1922.1,191407,KOTAKBANK
1152,2025-03-06 09:45:00+05:30,1922.1,1927.55,1916.75,1927.05,157911,KOTAKBANK
1153,2025-03-06 10:00:00+05:30,1927.05,1935.3,1925.05,1930.0,160914,KOTAKBANK
1154,2025-03-06 10:15:00+05:30,1929.45,1931.15,1924.4,1928.0,102193,KOTAKBANK
1155,2025-03-06 10:30:00+05:30,1928.0,1931.6,1928.0,1929.85,80419,KOTAKBANK
1156,2025-03-06 10:45:00+05:30,1929.85,1933.3,1926.8,1929.75,74188,KOTAKBANK
1157,2025-03-06 11:00:00+05:30,1929.75,1936.45,1929.3,1930.5,122838,KOTAKBANK
1158,2025-03-06 11:15:00+05:30,1930.9,1932.4,1921.05,1922.9,102599,KOTAKBANK
1159,2025-03-06 11:30:00+05:30,1922.9,1925.0,1920.35,1924.85,63419,KOTAKBANK
1160,2025-03-06 11:45:00+05:30,1924.85,1925.1,1922.4,1924.35,55145,KOTAKBANK
1161,2025-03-06 12:00:00+05:30,1924.35,1926.2,1916.95,1923.25,134377,KOTAKBANK
1162,2025-03-06 12:15:00+05:30,1923.45,1925.6,1922.15,1922.2,95119,KOTAKBANK
1163,2025-03-06 12:30:00+05:30,1922.7,1924.45,1920.1,1921.9,107356,KOTAKBANK
1164,2025-03-06 12:45:00+05:30,1921.95,1925.95,1921.25,1922.85,219120,KOTAKBANK
1165,2025-03-06 13:00:00+05:30,1922.5,1927.1,1922.15,1927.0,80528,KOTAKBANK
1166,2025-03-06 13:15:00+05:30,1927.0,1927.85,1922.5,1922.6,115003,KOTAKBANK
1167,2025-03-06 13:30:00+05:30,1923.15,1923.65,1921.55,1922.0,136785,KOTAKBANK
1168,2025-03-06 13:45:00+05:30,1922.2,1923.75,1921.65,1922.7,133311,KOTAKBANK
1169,2025-03-06 14:00:00+05:30,1922.95,1924.5,1922.3,1923.95,144669,KOTAKBANK
1170,2025-03-06 14:15:00+05:30,1923.9,1926.0,1923.15,1924.4,157561,KOTAKBANK
1171,2025-03-06 14:30:00+05:30,1924.65,1927.0,1922.85,1923.45,183629,KOTAKBANK
1172,2025-03-06 14:45:00+05:30,1923.6,1924.0,1909.85,1918.95,1078350,KOTAKBANK
1173,2025-03-06 15:00:00+05:30,1918.9,1922.45,1916.6,1921.7,509362,KOTAKBANK
1174,2025-03-06 15:15:00+05:30,1921.7,1925.95,1920.15,1920.15,583686,KOTAKBANK
1175,2025-03-07 09:15:00+05:30,1917.0,1921.55,1910.5,1911.65,230127,KOTAKBANK
1176,2025-03-07 09:30:00+05:30,1911.65,1917.2,1910.05,1914.25,85308,KOTAKBANK
1177,2025-03-07 09:45:00+05:30,1914.45,1918.0,1914.1,1917.05,62416,KOTAKBANK
1178,2025-03-07 10:00:00+05:30,1917.05,1921.0,1916.0,1921.0,60172,KOTAKBANK
1179,2025-03-07 10:15:00+05:30,1920.6,1923.9,1919.2,1922.55,66498,KOTAKBANK
1180,2025-03-07 10:30:00+05:30,1922.5,1923.8,1920.0,1920.05,44160,KOTAKBANK
1181,2025-03-07 10:45:00+05:30,1920.0,1921.0,1915.0,1916.25,124507,KOTAKBANK
1182,2025-03-07 11:00:00+05:30,1916.15,1921.0,1915.15,1919.7,142804,KOTAKBANK
1183,2025-03-07 11:15:00+05:30,1919.75,1921.15,1915.7,1916.15,49632,KOTAKBANK
1184,2025-03-07 11:30:00+05:30,1916.85,1919.65,1916.35,1919.45,31008,KOTAKBANK
1185,2025-03-07 11:45:00+05:30,1919.65,1920.45,1918.0,1919.2,42897,KOTAKBANK
1186,2025-03-07 12:00:00+05:30,1919.05,1923.6,1917.45,1923.0,41008,KOTAKBANK
1187,2025-03-07 12:15:00+05:30,1923.25,1926.65,1923.1,1924.0,55548,KOTAKBANK
1188,2025-03-07 12:30:00+05:30,1923.85,1928.0,1923.55,1927.0,99362,KOTAKBANK
1189,2025-03-07 12:45:00+05:30,1927.15,1929.25,1925.85,1928.05,56093,KOTAKBANK
1190,2025-03-07 13:00:00+05:30,1928.05,1929.1,1923.55,1924.9,81961,KOTAKBANK
1191,2025-03-07 13:15:00+05:30,1924.9,1927.95,1924.3,1926.15,60724,KOTAKBANK
1192,2025-03-07 13:30:00+05:30,1926.2,1927.55,1924.5,1925.35,57766,KOTAKBANK
1193,2025-03-07 13:45:00+05:30,1925.35,1926.5,1919.75,1922.0,199985,KOTAKBANK
1194,2025-03-07 14:00:00+05:30,1922.05,1927.0,1922.0,1926.75,65706,KOTAKBANK
1195,2025-03-07 14:15:00+05:30,1926.7,1930.0,1925.9,1930.0,77720,KOTAKBANK
1196,2025-03-07 14:30:00+05:30,1930.0,1937.55,1929.9,1936.1,207101,KOTAKBANK
1197,2025-03-07 14:45:00+05:30,1936.1,1940.6,1935.4,1937.9,171331,KOTAKBANK
1198,2025-03-07 15:00:00+05:30,1937.9,1938.65,1934.7,1934.9,332089,KOTAKBANK
1199,2025-03-07 15:15:00+05:30,1934.95,1936.05,1927.6,1932.0,332347,KOTAKBANK
1200,2025-03-10 09:15:00+05:30,1932.5,1937.5,1930.8,1933.65,148697,KOTAKBANK
1201,2025-03-10 09:30:00+05:30,1933.65,1934.45,1923.6,1931.3,119388,KOTAKBANK
1202,2025-03-10 09:45:00+05:30,1931.1,1933.45,1927.0,1931.05,92048,KOTAKBANK
1203,2025-03-10 10:00:00+05:30,1931.05,1932.9,1926.95,1927.3,76047,KOTAKBANK
1204,2025-03-10 10:15:00+05:30,1927.3,1931.2,1925.0,1930.45,57636,KOTAKBANK
1205,2025-03-10 10:30:00+05:30,1930.1,1932.0,1928.7,1931.4,55163,KOTAKBANK
1206,2025-03-10 10:45:00+05:30,1931.4,1933.65,1930.65,1932.7,51066,KOTAKBANK
1207,2025-03-10 11:00:00+05:30,1932.8,1934.5,1931.9,1932.9,27996,KOTAKBANK
1208,2025-03-10 11:15:00+05:30,1932.95,1934.25,1930.75,1933.15,26378,KOTAKBANK
1209,2025-03-10 11:30:00+05:30,1933.1,1938.45,1933.1,1938.3,48762,KOTAKBANK
1210,2025-03-10 11:45:00+05:30,1938.3,1938.3,1937.0,1937.0,54624,KOTAKBANK
1211,2025-03-10 12:00:00+05:30,1937.05,1940.05,1934.5,1934.5,80116,KOTAKBANK
1212,2025-03-10 12:15:00+05:30,1934.5,1937.0,1932.7,1935.75,576911,KOTAKBANK
1213,2025-03-10 12:30:00+05:30,1935.95,1935.95,1932.85,1935.5,35086,KOTAKBANK
1214,2025-03-10 12:45:00+05:30,1935.55,1936.95,1935.0,1935.95,71165,KOTAKBANK
1215,2025-03-10 13:00:00+05:30,1936.0,1936.65,1935.6,1936.0,24837,KOTAKBANK
1216,2025-03-10 13:15:00+05:30,1936.0,1936.6,1935.6,1936.1,27416,KOTAKBANK
1217,2025-03-10 13:30:00+05:30,1936.1,1936.4,1934.85,1935.55,31727,KOTAKBANK
1218,2025-03-10 13:45:00+05:30,1935.5,1935.8,1934.5,1935.8,37836,KOTAKBANK
1219,2025-03-10 14:00:00+05:30,1935.7,1939.0,1935.15,1935.95,40960,KOTAKBANK
1220,2025-03-10 14:15:00+05:30,1935.85,1936.35,1925.4,1925.7,54207,KOTAKBANK
1221,2025-03-10 14:30:00+05:30,1925.2,1927.0,1921.0,1921.65,65500,KOTAKBANK
1222,2025-03-10 14:45:00+05:30,1920.6,1925.9,1918.8,1924.5,131412,KOTAKBANK
1223,2025-03-10 15:00:00+05:30,1924.4,1924.55,1920.0,1923.45,131992,KOTAKBANK
1224,2025-03-10 15:15:00+05:30,1923.4,1923.4,1916.35,1920.0,149702,KOTAKBANK
1225,2025-03-11 09:15:00+05:30,1923.0,1924.25,1904.45,1910.35,278962,KOTAKBANK
1226,2025-03-11 09:30:00+05:30,1910.75,1914.85,1907.5,1913.4,116965,KOTAKBANK
1227,2025-03-11 09:45:00+05:30,1913.45,1918.95,1913.3,1915.4,87283,KOTAKBANK
1228,2025-03-11 10:00:00+05:30,1915.55,1921.45,1914.2,1917.3,243686,KOTAKBANK
1229,2025-03-11 10:15:00+05:30,1917.4,1919.0,1915.5,1917.8,262000,KOTAKBANK
1230,2025-03-11 10:30:00+05:30,1917.8,1920.0,1916.25,1920.0,43109,KOTAKBANK
1231,2025-03-11 10:45:00+05:30,1919.85,1921.3,1916.95,1918.15,53890,KOTAKBANK
1232,2025-03-11 11:00:00+05:30,1918.2,1926.4,1918.15,1919.8,208779,KOTAKBANK
1233,2025-03-11 11:15:00+05:30,1919.75,1920.0,1918.35,1919.95,60943,KOTAKBANK
1234,2025-03-11 11:30:00+05:30,1919.95,1925.9,1919.8,1925.9,67063,KOTAKBANK
1235,2025-03-11 11:45:00+05:30,1925.8,1929.75,1925.45,1929.1,54483,KOTAKBANK
1236,2025-03-11 12:00:00+05:30,1929.05,1929.25,1925.0,1925.5,52594,KOTAKBANK
1237,2025-03-11 12:15:00+05:30,1925.35,1931.75,1924.75,1931.55,81241,KOTAKBANK
1238,2025-03-11 12:30:00+05:30,1931.5,1932.0,1929.15,1930.75,61534,KOTAKBANK
1239,2025-03-11 12:45:00+05:30,1930.7,1930.85,1928.7,1929.8,60335,KOTAKBANK
1240,2025-03-11 13:00:00+05:30,1929.85,1930.0,1926.65,1929.8,70309,KOTAKBANK
1241,2025-03-11 13:15:00+05:30,1929.75,1932.4,1928.6,1931.95,86338,KOTAKBANK
1242,2025-03-11 13:30:00+05:30,1932.0,1936.8,1931.0,1935.0,130309,KOTAKBANK
1243,2025-03-11 13:45:00+05:30,1935.2,1942.75,1934.25,1940.05,78275,KOTAKBANK
1244,2025-03-11 14:00:00+05:30,1940.95,1944.0,1938.25,1941.85,113765,KOTAKBANK
1245,2025-03-11 14:15:00+05:30,1941.85,1942.0,1938.2,1938.35,106822,KOTAKBANK
1246,2025-03-11 14:30:00+05:30,1938.35,1939.95,1934.75,1937.0,110151,KOTAKBANK
1247,2025-03-11 14:45:00+05:30,1936.95,1938.45,1933.5,1934.95,116219,KOTAKBANK
1248,2025-03-11 15:00:00+05:30,1934.95,1936.8,1931.9,1934.6,301184,KOTAKBANK
1249,2025-03-11 15:15:00+05:30,1934.5,1938.6,1934.1,1937.95,256096,KOTAKBANK
1250,2025-03-12 09:15:00+05:30,1940.0,1961.9,1938.0,1961.2,355276,KOTAKBANK
1251,2025-03-12 09:30:00+05:30,1960.9,1969.95,1959.5,1967.35,348136,KOTAKBANK
1252,2025-03-12 09:45:00+05:30,1967.35,1976.15,1965.0,1974.8,227942,KOTAKBANK
1253,2025-03-12 10:00:00+05:30,1973.2,1979.2,1970.0,1977.6,167366,KOTAKBANK
1254,2025-03-12 10:15:00+05:30,1977.6,1985.2,1977.0,1983.0,338155,KOTAKBANK
1255,2025-03-12 10:30:00+05:30,1982.55,1997.7,1981.55,1995.05,566148,KOTAKBANK
1256,2025-03-12 10:45:00+05:30,1994.6,1996.45,1984.75,1989.75,381643,KOTAKBANK
1257,2025-03-12 11:00:00+05:30,1989.75,1997.0,1988.5,1995.4,244467,KOTAKBANK
1258,2025-03-12 11:15:00+05:30,1995.1,1995.85,1985.6,1985.85,397427,KOTAKBANK
1259,2025-03-12 11:30:00+05:30,1985.9,1986.2,1976.1,1977.75,237730,KOTAKBANK
1260,2025-03-12 11:45:00+05:30,1977.5,1979.8,1973.45,1974.2,180148,KOTAKBANK
1261,2025-03-12 12:00:00+05:30,1974.25,1983.95,1974.05,1983.95,399890,KOTAKBANK
1262,2025-03-12 12:15:00+05:30,1983.95,1987.4,1981.35,1982.2,317700,KOTAKBANK
1263,2025-03-12 12:30:00+05:30,1982.15,1983.65,1978.8,1981.6,209006,KOTAKBANK
1264,2025-03-12 12:45:00+05:30,1981.6,1983.65,1980.35,1982.55,120741,KOTAKBANK
1265,2025-03-12 13:00:00+05:30,1982.6,1983.0,1980.7,1982.05,117368,KOTAKBANK
1266,2025-03-12 13:15:00+05:30,1982.05,1983.15,1979.9,1980.35,216438,KOTAKBANK
1267,2025-03-12 13:30:00+05:30,1980.35,1984.2,1979.25,1984.2,281691,KOTAKBANK
1268,2025-03-12 13:45:00+05:30,1984.2,1986.95,1982.55,1984.1,155523,KOTAKBANK
1269,2025-03-12 14:00:00+05:30,1984.1,1985.95,1982.9,1984.05,129371,KOTAKBANK
1270,2025-03-12 14:15:00+05:30,1984.0,1986.15,1982.5,1983.15,149835,KOTAKBANK
1271,2025-03-12 14:30:00+05:30,1983.15,1984.3,1981.4,1982.3,170446,KOTAKBANK
1272,2025-03-12 14:45:00+05:30,1982.35,1984.5,1981.3,1983.85,170788,KOTAKBANK
1273,2025-03-12 15:00:00+05:30,1983.85,1985.65,1981.05,1982.55,357280,KOTAKBANK
1274,2025-03-12 15:15:00+05:30,1982.6,1983.15,1977.5,1980.0,407859,KOTAKBANK
1275,2025-03-13 09:15:00+05:30,1975.7,1983.35,1969.55,1978.3,243133,KOTAKBANK
1276,2025-03-13 09:30:00+05:30,1978.3,1987.85,1977.2,1987.0,293136,KOTAKBANK
1277,2025-03-13 09:45:00+05:30,1987.0,1988.5,1980.65,1985.5,230813,KOTAKBANK
1278,2025-03-13 10:00:00+05:30,1985.5,1985.5,1980.6,1982.85,196088,KOTAKBANK
1279,2025-03-13 10:15:00+05:30,1983.25,1985.2,1973.0,1974.65,230491,KOTAKBANK
1280,2025-03-13 10:30:00+05:30,1974.6,1984.25,1974.55,1983.0,109884,KOTAKBANK
1281,2025-03-13 10:45:00+05:30,1983.0,1985.25,1981.8,1985.05,130541,KOTAKBANK
1282,2025-03-13 11:00:00+05:30,1984.4,1988.0,1982.0,1987.3,100356,KOTAKBANK
1283,2025-03-13 11:15:00+05:30,1987.3,1988.95,1983.75,1983.9,129912,KOTAKBANK
1284,2025-03-13 11:30:00+05:30,1983.8,1985.95,1981.15,1983.15,242881,KOTAKBANK
1285,2025-03-13 11:45:00+05:30,1983.15,1983.4,1978.05,1982.05,132571,KOTAKBANK
1286,2025-03-13 12:00:00+05:30,1982.0,1985.8,1981.25,1984.5,117084,KOTAKBANK
1287,2025-03-13 12:15:00+05:30,1984.5,1984.95,1983.0,1984.0,94775,KOTAKBANK
1288,2025-03-13 12:30:00+05:30,1983.6,1985.0,1983.05,1984.8,105668,KOTAKBANK
1289,2025-03-13 12:45:00+05:30,1984.8,1985.8,1983.3,1984.45,93106,KOTAKBANK
1290,2025-03-13 13:00:00+05:30,1984.45,1985.15,1983.15,1983.6,105400,KOTAKBANK
1291,2025-03-13 13:15:00+05:30,1983.6,1985.0,1983.15,1984.35,123955,KOTAKBANK
1292,2025-03-13 13:30:00+05:30,1984.35,1985.95,1984.2,1985.6,113876,KOTAKBANK
1293,2025-03-13 13:45:00+05:30,1985.6,1993.35,1985.6,1989.3,229029,KOTAKBANK
1294,2025-03-13 14:00:00+05:30,1989.35,1991.0,1987.65,1988.75,141441,KOTAKBANK
1295,2025-03-13 14:15:00+05:30,1988.95,1991.5,1987.85,1990.2,154691,KOTAKBANK
1296,2025-03-13 14:30:00+05:30,1990.15,1991.35,1989.25,1990.0,304484,KOTAKBANK
1297,2025-03-13 14:45:00+05:30,1990.0,1990.2,1985.65,1986.25,291046,KOTAKBANK
1298,2025-03-13 15:00:00+05:30,1986.2,1986.8,1983.85,1984.0,470684,KOTAKBANK
1299,2025-03-13 15:15:00+05:30,1983.95,1987.05,1983.0,1984.0,522185,KOTAKBANK
1300,2025-03-17 09:15:00+05:30,1980.1,1987.65,1974.25,1984.3,260846,KOTAKBANK
1301,2025-03-17 09:30:00+05:30,1983.95,1993.0,1983.8,1990.8,143068,KOTAKBANK
1302,2025-03-17 09:45:00+05:30,1990.75,1996.0,1990.35,1995.75,116775,KOTAKBANK
1303,2025-03-17 10:00:00+05:30,1995.45,1998.85,1992.85,1993.75,110967,KOTAKBANK
1304,2025-03-17 10:15:00+05:30,1993.8,1997.25,1991.7,1995.3,78901,KOTAKBANK
1305,2025-03-17 10:30:00+05:30,1995.45,1995.7,1990.9,1992.0,62040,KOTAKBANK
1306,2025-03-17 10:45:00+05:30,1992.05,1993.8,1990.55,1992.05,95603,KOTAKBANK
1307,2025-03-17 11:00:00+05:30,1992.05,1993.7,1989.0,1989.9,52230,KOTAKBANK
1308,2025-03-17 11:15:00+05:30,1989.95,1992.1,1989.45,1991.85,54259,KOTAKBANK
1309,2025-03-17 11:30:00+05:30,1991.9,1994.0,1990.5,1992.55,60750,KOTAKBANK
1310,2025-03-17 11:45:00+05:30,1992.55,1992.95,1990.25,1992.7,61297,KOTAKBANK
1311,2025-03-17 12:00:00+05:30,1992.8,1995.0,1991.65,1993.1,79625,KOTAKBANK
1312,2025-03-17 12:15:00+05:30,1993.1,1993.5,1990.35,1993.15,72247,KOTAKBANK
1313,2025-03-17 12:30:00+05:30,1992.95,1996.05,1992.35,1995.0,86352,KOTAKBANK
1314,2025-03-17 12:45:00+05:30,1995.0,1995.45,1990.2,1991.3,79684,KOTAKBANK
1315,2025-03-17 13:00:00+05:30,1991.65,1992.25,1986.65,1991.95,93156,KOTAKBANK
1316,2025-03-17 13:15:00+05:30,1991.95,1992.45,1989.4,1992.0,96132,KOTAKBANK
1317,2025-03-17 13:30:00+05:30,1992.0,1992.0,1987.9,1989.95,84884,KOTAKBANK
1318,2025-03-17 13:45:00+05:30,1989.95,1991.25,1986.5,1991.05,351170,KOTAKBANK
1319,2025-03-17 14:00:00+05:30,1990.65,1995.25,1989.9,1994.45,122815,KOTAKBANK
1320,2025-03-17 14:15:00+05:30,1994.95,1995.5,1991.05,1993.3,173030,KOTAKBANK
1321,2025-03-17 14:30:00+05:30,1993.45,1995.7,1992.05,1993.8,185223,KOTAKBANK
1322,2025-03-17 14:45:00+05:30,1993.95,1994.0,1990.85,1992.0,150396,KOTAKBANK
1323,2025-03-17 15:00:00+05:30,1992.1,1994.0,1990.95,1993.8,227966,KOTAKBANK
1324,2025-03-17 15:15:00+05:30,1993.8,1995.1,1990.35,1995.0,253670,KOTAKBANK
1325,2025-03-18 09:15:00+05:30,2000.0,2009.65,1993.1,1994.35,361622,KOTAKBANK
1326,2025-03-18 09:30:00+05:30,1994.15,2000.0,1992.65,1993.2,144783,KOTAKBANK
1327,2025-03-18 09:45:00+05:30,1993.1,1996.35,1988.6,1995.65,111752,KOTAKBANK
1328,2025-03-18 10:00:00+05:30,1995.65,2006.7,1995.3,2003.65,222984,KOTAKBANK
1329,2025-03-18 10:15:00+05:30,2004.05,2008.3,2003.25,2008.2,122817,KOTAKBANK
1330,2025-03-18 10:30:00+05:30,2008.3,2011.95,2005.55,2011.8,186536,KOTAKBANK
1331,2025-03-18 10:45:00+05:30,2011.8,2018.2,2010.0,2016.4,258582,KOTAKBANK
1332,2025-03-18 11:00:00+05:30,2016.45,2019.0,2011.85,2013.95,147109,KOTAKBANK
1333,2025-03-18 11:15:00+05:30,2013.95,2016.9,2013.15,2016.3,64546,KOTAKBANK
1334,2025-03-18 11:30:00+05:30,2016.55,2018.0,2013.85,2015.45,91107,KOTAKBANK
1335,2025-03-18 11:45:00+05:30,2015.05,2018.0,2015.05,2017.9,110807,KOTAKBANK
1336,2025-03-18 12:00:00+05:30,2017.9,2026.0,2017.7,2025.3,193909,KOTAKBANK
1337,2025-03-18 12:15:00+05:30,2025.35,2028.3,2023.6,2024.8,220180,KOTAKBANK
1338,2025-03-18 12:30:00+05:30,2024.95,2027.0,2022.1,2024.2,519799,KOTAKBANK
1339,2025-03-18 12:45:00+05:30,2024.2,2027.35,2023.0,2026.75,129111,KOTAKBANK
1340,2025-03-18 13:00:00+05:30,2026.75,2027.0,2024.3,2026.35,76681,KOTAKBANK
1341,2025-03-18 13:15:00+05:30,2026.35,2027.5,2024.7,2025.35,129646,KOTAKBANK
1342,2025-03-18 13:30:00+05:30,2025.35,2031.0,2025.35,2030.45,140654,KOTAKBANK
1343,2025-03-18 13:45:00+05:30,2030.45,2035.0,2029.55,2033.55,157678,KOTAKBANK
1344,2025-03-18 14:00:00+05:30,2033.55,2035.0,2031.2,2034.1,99822,KOTAKBANK
1345,2025-03-18 14:15:00+05:30,2034.1,2036.7,2031.7,2036.55,161844,KOTAKBANK
1346,2025-03-18 14:30:00+05:30,2036.75,2038.8,2033.8,2037.75,304210,KOTAKBANK
1347,2025-03-18 14:45:00+05:30,2037.75,2038.2,2033.75,2035.55,420783,KOTAKBANK
1348,2025-03-18 15:00:00+05:30,2035.4,2035.95,2029.05,2033.55,414244,KOTAKBANK
1349,2025-03-18 15:15:00+05:30,2033.55,2039.0,2032.6,2035.15,574976,KOTAKBANK
1350,2025-03-19 09:15:00+05:30,2039.25,2047.0,2031.85,2041.85,346526,KOTAKBANK
1351,2025-03-19 09:30:00+05:30,2041.8,2046.0,2038.2,2040.2,390777,KOTAKBANK
1352,2025-03-19 09:45:00+05:30,2040.2,2046.9,2038.6,2046.9,315733,KOTAKBANK
1353,2025-03-19 10:00:00+05:30,2046.9,2051.0,2044.0,2044.75,192989,KOTAKBANK
1354,2025-03-19 10:15:00+05:30,2044.75,2050.0,2042.15,2048.5,106961,KOTAKBANK
1355,2025-03-19 10:30:00+05:30,2048.7,2050.0,2045.4,2047.4,423999,KOTAKBANK
1356,2025-03-19 10:45:00+05:30,2047.4,2047.55,2038.35,2039.95,125954,KOTAKBANK
1357,2025-03-19 11:00:00+05:30,2039.95,2040.0,2034.1,2035.0,109201,KOTAKBANK
1358,2025-03-19 11:15:00+05:30,2035.0,2036.5,2032.5,2035.0,99691,KOTAKBANK
1359,2025-03-19 11:30:00+05:30,2034.95,2035.9,2031.0,2033.7,142113,KOTAKBANK
1360,2025-03-19 11:45:00+05:30,2033.8,2039.0,2030.7,2032.85,169511,KOTAKBANK
1361,2025-03-19 12:00:00+05:30,2032.85,2035.0,2028.8,2033.65,100081,KOTAKBANK
1362,2025-03-19 12:15:00+05:30,2033.65,2035.0,2029.5,2030.0,135403,KOTAKBANK
1363,2025-03-19 12:30:00+05:30,2030.0,2030.5,2029.1,2030.0,103585,KOTAKBANK
1364,2025-03-19 12:45:00+05:30,2030.0,2031.0,2027.2,2028.75,126145,KOTAKBANK
1365,2025-03-19 13:00:00+05:30,2028.4,2028.75,2017.6,2018.0,211546,KOTAKBANK
1366,2025-03-19 13:15:00+05:30,2018.0,2021.1,2017.25,2019.55,271122,KOTAKBANK
1367,2025-03-19 13:30:00+05:30,2019.55,2022.25,2019.1,2021.9,114659,KOTAKBANK
1368,2025-03-19 13:45:00+05:30,2021.95,2025.95,2018.7,2020.6,297407,KOTAKBANK
1369,2025-03-19 14:00:00+05:30,2020.6,2022.65,2018.7,2020.6,141631,KOTAKBANK
1370,2025-03-19 14:15:00+05:30,2020.6,2021.05,2019.5,2020.9,148195,KOTAKBANK
1371,2025-03-19 14:30:00+05:30,2020.9,2024.95,2019.3,2024.6,145816,KOTAKBANK
1372,2025-03-19 14:45:00+05:30,2024.6,2028.95,2024.0,2028.55,143826,KOTAKBANK
1373,2025-03-19 15:00:00+05:30,2028.75,2028.75,2022.35,2026.4,262630,KOTAKBANK
1374,2025-03-19 15:15:00+05:30,2026.45,2026.55,2018.1,2021.95,699031,KOTAKBANK
1375,2025-03-20 09:15:00+05:30,2031.0,2033.6,2025.3,2031.95,161993,KOTAKBANK
1376,2025-03-20 09:30:00+05:30,2031.8,2033.35,2016.5,2017.85,143145,KOTAKBANK
1377,2025-03-20 09:45:00+05:30,2017.95,2029.1,2017.0,2029.05,134897,KOTAKBANK
1378,2025-03-20 10:00:00+05:30,2029.1,2031.9,2026.35,2027.4,61082,KOTAKBANK
1379,2025-03-20 10:15:00+05:30,2026.9,2033.1,2026.9,2030.6,54507,KOTAKBANK
1380,2025-03-20 10:30:00+05:30,2031.1,2032.35,2028.1,2029.05,55512,KOTAKBANK
1381,2025-03-20 10:45:00+05:30,2029.05,2033.85,2028.5,2033.0,64934,KOTAKBANK
1382,2025-03-20 11:00:00+05:30,2033.0,2038.55,2032.7,2038.0,85571,KOTAKBANK
1383,2025-03-20 11:15:00+05:30,2038.0,2038.85,2032.2,2033.55,87522,KOTAKBANK
1384,2025-03-20 11:30:00+05:30,2034.0,2035.95,2033.1,2034.95,45295,KOTAKBANK
1385,2025-03-20 11:45:00+05:30,2034.8,2034.9,2030.15,2031.1,61527,KOTAKBANK
1386,2025-03-20 12:00:00+05:30,2031.25,2034.8,2031.1,2034.4,82584,KOTAKBANK
1387,2025-03-20 12:15:00+05:30,2034.4,2036.75,2032.85,2036.45,82462,KOTAKBANK
1388,2025-03-20 12:30:00+05:30,2036.45,2037.45,2034.8,2035.0,59033,KOTAKBANK
1389,2025-03-20 12:45:00+05:30,2035.55,2036.7,2033.75,2034.55,90496,KOTAKBANK
1390,2025-03-20 13:00:00+05:30,2034.55,2036.0,2032.05,2035.3,75050,KOTAKBANK
1391,2025-03-20 13:15:00+05:30,2035.3,2038.0,2034.3,2036.0,83640,KOTAKBANK
1392,2025-03-20 13:30:00+05:30,2036.0,2038.9,2035.15,2037.5,125225,KOTAKBANK
1393,2025-03-20 13:45:00+05:30,2037.3,2038.25,2036.0,2037.3,89785,KOTAKBANK
1394,2025-03-20 14:00:00+05:30,2037.3,2038.3,2034.0,2035.9,86807,KOTAKBANK
1395,2025-03-20 14:15:00+05:30,2035.95,2038.1,2035.3,2037.2,113673,KOTAKBANK
1396,2025-03-20 14:30:00+05:30,2037.2,2038.2,2035.35,2036.15,144282,KOTAKBANK
1397,2025-03-20 14:45:00+05:30,2036.0,2038.5,2035.1,2037.45,188369,KOTAKBANK
1398,2025-03-20 15:00:00+05:30,2037.45,2037.5,2035.0,2035.85,222622,KOTAKBANK
1399,2025-03-20 15:15:00+05:30,2035.85,2037.45,2030.0,2032.1,279052,KOTAKBANK
1400,2025-03-21 09:15:00+05:30,2040.0,2054.1,2035.0,2050.5,302996,KOTAKBANK
1401,2025-03-21 09:30:00+05:30,2050.5,2063.4,2049.15,2063.1,353928,KOTAKBANK
1402,2025-03-21 09:45:00+05:30,2063.1,2063.25,2056.25,2056.75,193004,KOTAKBANK
1403,2025-03-21 10:00:00+05:30,2056.75,2061.7,2053.75,2060.75,179620,KOTAKBANK
1404,2025-03-21 10:15:00+05:30,2060.8,2067.5,2059.45,2067.5,212772,KOTAKBANK
1405,2025-03-21 10:30:00+05:30,2067.5,2067.85,2061.0,2065.1,151795,KOTAKBANK
1406,2025-03-21 10:45:00+05:30,2065.1,2074.5,2063.35,2074.3,291962,KOTAKBANK
1407,2025-03-21 11:00:00+05:30,2074.3,2082.25,2074.0,2079.9,320829,KOTAKBANK
1408,2025-03-21 11:15:00+05:30,2079.9,2084.0,2078.1,2079.0,184863,KOTAKBANK
1409,2025-03-21 11:30:00+05:30,2078.65,2081.5,2078.1,2079.5,132399,KOTAKBANK
1410,2025-03-21 11:45:00+05:30,2079.45,2084.25,2077.05,2082.05,248781,KOTAKBANK
1411,2025-03-21 12:00:00+05:30,2082.0,2082.45,2078.05,2078.7,109684,KOTAKBANK
1412,2025-03-21 12:15:00+05:30,2078.85,2083.0,2075.85,2081.3,197928,KOTAKBANK
1413,2025-03-21 12:30:00+05:30,2081.3,2084.05,2079.9,2081.85,234282,KOTAKBANK
1414,2025-03-21 12:45:00+05:30,2082.15,2082.5,2080.55,2080.85,136583,KOTAKBANK
1415,2025-03-21 13:00:00+05:30,2081.05,2082.35,2076.4,2076.55,134855,KOTAKBANK
1416,2025-03-21 13:15:00+05:30,2076.5,2078.6,2075.0,2076.45,141711,KOTAKBANK
1417,2025-03-21 13:30:00+05:30,2076.45,2076.85,2073.05,2073.9,266426,KOTAKBANK
1418,2025-03-21 13:45:00+05:30,2073.95,2074.1,2069.75,2072.6,266347,KOTAKBANK
1419,2025-03-21 14:00:00+05:30,2072.5,2076.75,2072.25,2073.7,200488,KOTAKBANK
1420,2025-03-21 14:15:00+05:30,2073.7,2077.8,2073.0,2077.4,189921,KOTAKBANK
1421,2025-03-21 14:30:00+05:30,2077.4,2077.4,2070.45,2071.0,253207,KOTAKBANK
1422,2025-03-21 14:45:00+05:30,2070.8,2073.95,2070.0,2071.15,233824,KOTAKBANK
1423,2025-03-21 15:00:00+05:30,2071.1,2086.25,2067.95,2077.7,7279936,KOTAKBANK
1424,2025-03-21 15:15:00+05:30,2077.7,2097.6,2072.0,2073.95,6625495,KOTAKBANK
1425,2025-03-24 09:15:00+05:30,2100.0,2132.7,2090.25,2128.4,599781,KOTAKBANK
1426,2025-03-24 09:30:00+05:30,2128.4,2134.4,2125.0,2134.4,280493,KOTAKBANK
1427,2025-03-24 09:45:00+05:30,2134.4,2145.6,2134.0,2142.6,274276,KOTAKBANK
1428,2025-03-24 10:00:00+05:30,2142.7,2146.9,2140.2,2144.45,223798,KOTAKBANK
1429,2025-03-24 10:15:00+05:30,2144.8,2151.45,2144.5,2150.75,301005,KOTAKBANK
1430,2025-03-24 10:30:00+05:30,2150.75,2156.6,2150.25,2153.15,184698,KOTAKBANK
1431,2025-03-24 10:45:00+05:30,2153.15,2162.0,2153.0,2161.2,341100,KOTAKBANK
1432,2025-03-24 11:00:00+05:30,2161.2,2164.1,2158.0,2163.0,275800,KOTAKBANK
1433,2025-03-24 11:15:00+05:30,2163.0,2172.7,2159.9,2170.9,565953,KOTAKBANK
1434,2025-03-24 11:30:00+05:30,2170.85,2174.0,2168.55,2172.0,258163,KOTAKBANK
1435,2025-03-24 11:45:00+05:30,2171.85,2178.0,2170.85,2178.0,241908,KOTAKBANK
1436,2025-03-24 12:00:00+05:30,2177.85,2181.95,2176.15,2180.5,254401,KOTAKBANK
1437,2025-03-24 12:15:00+05:30,2180.5,2184.25,2171.0,2172.5,344204,KOTAKBANK
1438,2025-03-24 12:30:00+05:30,2172.5,2174.0,2168.7,2173.9,244140,KOTAKBANK
1439,2025-03-24 12:45:00+05:30,2173.9,2174.85,2167.55,2172.5,230813,KOTAKBANK
1440,2025-03-24 13:00:00+05:30,2172.1,2178.05,2171.95,2177.95,277647,KOTAKBANK
1441,2025-03-24 13:15:00+05:30,2177.95,2178.4,2173.95,2174.6,396737,KOTAKBANK
1442,2025-03-24 13:30:00+05:30,2174.45,2176.0,2168.05,2170.8,526446,KOTAKBANK
1443,2025-03-24 13:45:00+05:30,2170.8,2175.0,2168.0,2174.7,592506,KOTAKBANK
1444,2025-03-24 14:00:00+05:30,2174.7,2176.9,2170.05,2174.5,340020,KOTAKBANK
1445,2025-03-24 14:15:00+05:30,2174.5,2179.3,2172.75,2176.6,183778,KOTAKBANK
1446,2025-03-24 14:30:00+05:30,2176.6,2181.5,2174.25,2176.7,297650,KOTAKBANK
1447,2025-03-24 14:45:00+05:30,2176.8,2178.1,2173.1,2177.55,311213,KOTAKBANK
1448,2025-03-24 15:00:00+05:30,2177.55,2177.65,2171.75,2174.35,369083,KOTAKBANK
1449,2025-03-24 15:15:00+05:30,2174.4,2180.0,2172.45,2180.0,547477,KOTAKBANK
1450,2025-03-25 09:15:00+05:30,2179.9,2190.2,2176.15,2189.8,498056,KOTAKBANK
1451,2025-03-25 09:30:00+05:30,2189.8,2200.0,2188.95,2191.25,754963,KOTAKBANK
1452,2025-03-25 09:45:00+05:30,2191.25,2202.5,2187.55,2199.65,387136,KOTAKBANK
1453,2025-03-25 10:00:00+05:30,2199.65,2200.95,2189.4,2192.15,1465936,KOTAKBANK
1454,2025-03-25 10:15:00+05:30,2191.55,2195.75,2187.15,2193.3,294350,KOTAKBANK
1455,2025-03-25 10:30:00+05:30,2193.05,2194.95,2182.1,2187.0,201955,KOTAKBANK
1456,2025-03-25 10:45:00+05:30,2187.0,2188.9,2183.2,2187.1,193263,KOTAKBANK
1457,2025-03-25 11:00:00+05:30,2187.1,2189.35,2183.9,2188.9,127235,KOTAKBANK
1458,2025-03-25 11:15:00+05:30,2189.35,2192.5,2184.5,2187.35,116009,KOTAKBANK
1459,2025-03-25 11:30:00+05:30,2187.9,2190.0,2183.05,2185.25,118179,KOTAKBANK
1460,2025-03-25 11:45:00+05:30,2185.25,2190.45,2184.0,2190.45,97929,KOTAKBANK
1461,2025-03-25 12:00:00+05:30,2190.45,2192.45,2185.65,2188.35,120037,KOTAKBANK
1462,2025-03-25 12:15:00+05:30,2188.15,2191.4,2186.4,2191.3,138055,KOTAKBANK
1463,2025-03-25 12:30:00+05:30,2191.25,2194.6,2189.0,2191.5,150301,KOTAKBANK
1464,2025-03-25 12:45:00+05:30,2191.5,2193.0,2190.35,2193.0,100017,KOTAKBANK
1465,2025-03-25 13:00:00+05:30,2193.0,2193.0,2189.4,2191.75,96406,KOTAKBANK
1466,2025-03-25 13:15:00+05:30,2191.75,2191.75,2185.15,2185.95,151793,KOTAKBANK
1467,2025-03-25 13:30:00+05:30,2185.95,2187.0,2182.1,2184.15,201637,KOTAKBANK
1468,2025-03-25 13:45:00+05:30,2183.95,2186.45,2180.55,2181.65,198858,KOTAKBANK
1469,2025-03-25 14:00:00+05:30,2182.0,2185.0,2180.4,2182.55,125350,KOTAKBANK
1470,2025-03-25 14:15:00+05:30,2182.55,2183.0,2172.0,2172.1,190476,KOTAKBANK
1471,2025-03-25 14:30:00+05:30,2172.15,2179.6,2172.1,2172.7,228259,KOTAKBANK
1472,2025-03-25 14:45:00+05:30,2172.85,2178.15,2170.15,2172.3,248425,KOTAKBANK
1473,2025-03-25 15:00:00+05:30,2172.3,2175.05,2167.95,2169.2,583189,KOTAKBANK
1474,2025-03-25 15:15:00+05:30,2169.2,2171.9,2160.0,2171.9,524525,KOTAKBANK
1475,2025-03-26 09:15:00+05:30,2175.0,2176.0,2160.05,2161.05,266731,KOTAKBANK
1476,2025-03-26 09:30:00+05:30,2160.7,2168.75,2154.25,2162.85,130462,KOTAKBANK
1477,2025-03-26 09:45:00+05:30,2162.85,2166.75,2159.65,2162.05,73426,KOTAKBANK
1478,2025-03-26 10:00:00+05:30,2161.95,2162.1,2153.75,2155.0,83271,KOTAKBANK
1479,2025-03-26 10:15:00+05:30,2155.45,2155.5,2147.7,2148.95,101161,KOTAKBANK
1480,2025-03-26 10:30:00+05:30,2148.8,2159.9,2148.35,2153.3,79296,KOTAKBANK
1481,2025-03-26 10:45:00+05:30,2153.3,2159.0,2153.1,2157.05,53660,KOTAKBANK
1482,2025-03-26 11:00:00+05:30,2157.05,2157.95,2150.55,2155.35,50717,KOTAKBANK
1483,2025-03-26 11:15:00+05:30,2155.3,2157.0,2152.25,2155.6,52670,KOTAKBANK
1484,2025-03-26 11:30:00+05:30,2155.65,2155.65,2147.35,2149.1,75993,KOTAKBANK
1485,2025-03-26 11:45:00+05:30,2149.05,2150.0,2142.5,2142.7,45465,KOTAKBANK
1486,2025-03-26 12:00:00+05:30,2142.7,2144.85,2140.1,2142.5,56957,KOTAKBANK
1487,2025-03-26 12:15:00+05:30,2142.5,2143.65,2138.0,2141.85,65040,KOTAKBANK
1488,2025-03-26 12:30:00+05:30,2141.8,2143.15,2140.0,2142.05,55763,KOTAKBANK
1489,2025-03-26 12:45:00+05:30,2142.05,2145.7,2140.0,2141.2,54841,KOTAKBANK
1490,2025-03-26 13:00:00+05:30,2141.2,2141.7,2131.9,2134.65,95107,KOTAKBANK
1491,2025-03-26 13:15:00+05:30,2134.6,2135.1,2130.0,2132.5,102543,KOTAKBANK
1492,2025-03-26 13:30:00+05:30,2132.5,2134.0,2129.9,2131.35,118654,KOTAKBANK
1493,2025-03-26 13:45:00+05:30,2131.25,2133.7,2130.25,2132.7,88425,KOTAKBANK
1494,2025-03-26 14:00:00+05:30,2132.7,2139.55,2132.65,2136.05,118653,KOTAKBANK
1495,2025-03-26 14:15:00+05:30,2136.05,2138.1,2134.75,2136.65,93376,KOTAKBANK
1496,2025-03-26 14:30:00+05:30,2136.75,2136.75,2131.55,2132.2,104530,KOTAKBANK
1497,2025-03-26 14:45:00+05:30,2132.2,2137.15,2130.0,2133.85,147491,KOTAKBANK
1498,2025-03-26 15:00:00+05:30,2133.9,2149.0,2132.95,2148.7,400034,KOTAKBANK
1499,2025-03-26 15:15:00+05:30,2148.05,2150.0,2143.05,2148.65,487641,KOTAKBANK
1500,2025-03-27 09:15:00+05:30,2144.0,2145.15,2128.0,2142.95,325657,KOTAKBANK
1501,2025-03-27 09:30:00+05:30,2142.95,2148.2,2138.6,2141.6,111291,KOTAKBANK
1502,2025-03-27 09:45:00+05:30,2141.6,2151.4,2141.05,2147.4,110095,KOTAKBANK
1503,2025-03-27 10:00:00+05:30,2147.4,2148.25,2143.15,2145.15,125598,KOTAKBANK
1504,2025-03-27 10:15:00+05:30,2145.15,2146.85,2140.8,2141.4,65945,KOTAKBANK
1505,2025-03-27 10:30:00+05:30,2141.4,2142.35,2133.05,2133.25,85790,KOTAKBANK
1506,2025-03-27 10:45:00+05:30,2133.6,2142.95,2133.2,2141.85,86887,KOTAKBANK
1507,2025-03-27 11:00:00+05:30,2141.85,2146.0,2140.6,2141.45,106878,KOTAKBANK
1508,2025-03-27 11:15:00+05:30,2141.35,2145.6,2140.05,2144.8,56843,KOTAKBANK
1509,2025-03-27 11:30:00+05:30,2144.8,2147.2,2141.65,2142.55,66083,KOTAKBANK
1510,2025-03-27 11:45:00+05:30,2142.5,2143.8,2141.5,2142.35,46293,KOTAKBANK
1511,2025-03-27 12:00:00+05:30,2142.25,2142.6,2138.25,2139.2,50009,KOTAKBANK
1512,2025-03-27 12:15:00+05:30,2139.2,2142.1,2137.35,2137.8,74501,KOTAKBANK
1513,2025-03-27 12:30:00+05:30,2137.8,2140.95,2136.7,2140.5,66089,KOTAKBANK
1514,2025-03-27 12:45:00+05:30,2140.5,2140.5,2137.9,2139.6,76359,KOTAKBANK
1515,2025-03-27 13:00:00+05:30,2139.55,2139.95,2136.25,2137.3,93322,KOTAKBANK
1516,2025-03-27 13:15:00+05:30,2137.25,2137.8,2135.25,2135.25,71732,KOTAKBANK
1517,2025-03-27 13:30:00+05:30,2135.25,2136.9,2133.35,2134.9,158711,KOTAKBANK
1518,2025-03-27 13:45:00+05:30,2134.65,2136.1,2133.5,2134.95,115282,KOTAKBANK
1519,2025-03-27 14:00:00+05:30,2134.65,2136.35,2133.65,2135.95,138778,KOTAKBANK
1520,2025-03-27 14:15:00+05:30,2135.85,2140.8,2134.55,2136.65,146903,KOTAKBANK
1521,2025-03-27 14:30:00+05:30,2136.35,2138.5,2133.9,2137.05,252551,KOTAKBANK
1522,2025-03-27 14:45:00+05:30,2137.05,2143.25,2135.3,2138.4,441053,KOTAKBANK
1523,2025-03-27 15:00:00+05:30,2138.55,2142.55,2123.65,2128.65,3641040,KOTAKBANK
1524,2025-03-27 15:15:00+05:30,2128.65,2142.0,2111.85,2135.45,2897961,KOTAKBANK
1525,2025-03-28 09:15:00+05:30,2139.3,2162.55,2139.0,2151.55,209732,KOTAKBANK
1526,2025-03-28 09:30:00+05:30,2151.35,2155.5,2146.5,2148.3,127039,KOTAKBANK
1527,2025-03-28 09:45:00+05:30,2148.3,2163.05,2147.2,2161.15,94053,KOTAKBANK
1528,2025-03-28 10:00:00+05:30,2161.15,2161.8,2157.15,2161.0,74414,KOTAKBANK
1529,2025-03-28 10:15:00+05:30,2161.3,2170.0,2159.85,2168.3,100963,KOTAKBANK
1530,2025-03-28 10:30:00+05:30,2168.3,2172.05,2164.8,2167.0,94330,KOTAKBANK
1531,2025-03-28 10:45:00+05:30,2166.95,2169.85,2163.55,2166.0,80392,KOTAKBANK
1532,2025-03-28 11:00:00+05:30,2165.95,2166.95,2157.55,2157.95,55289,KOTAKBANK
1533,2025-03-28 11:15:00+05:30,2157.6,2158.1,2154.2,2156.0,62798,KOTAKBANK
1534,2025-03-28 11:30:00+05:30,2156.0,2158.9,2154.0,2156.15,54785,KOTAKBANK
1535,2025-03-28 11:45:00+05:30,2156.15,2160.55,2156.05,2160.55,50852,KOTAKBANK
1536,2025-03-28 12:00:00+05:30,2160.55,2166.65,2160.5,2165.35,71939,KOTAKBANK
1537,2025-03-28 12:15:00+05:30,2164.8,2165.7,2159.15,2160.8,63202,KOTAKBANK
1538,2025-03-28 12:30:00+05:30,2160.75,2163.4,2158.45,2162.3,58841,KOTAKBANK
1539,2025-03-28 12:45:00+05:30,2162.85,2164.95,2161.75,2163.2,48586,KOTAKBANK
1540,2025-03-28 13:00:00+05:30,2163.15,2166.35,2160.1,2165.0,32319,KOTAKBANK
1541,2025-03-28 13:15:00+05:30,2165.05,2166.5,2163.05,2166.45,39729,KOTAKBANK
1542,2025-03-28 13:30:00+05:30,2166.5,2170.4,2165.35,2167.6,82555,KOTAKBANK
1543,2025-03-28 13:45:00+05:30,2167.6,2168.35,2164.35,2167.0,85118,KOTAKBANK
1544,2025-03-28 14:00:00+05:30,2166.9,2170.65,2165.25,2169.95,164177,KOTAKBANK
1545,2025-03-28 14:15:00+05:30,2169.85,2172.35,2166.0,2169.75,167750,KOTAKBANK
1546,2025-03-28 14:30:00+05:30,2169.8,2178.3,2168.6,2177.95,247195,KOTAKBANK
1547,2025-03-28 14:45:00+05:30,2177.95,2179.9,2176.05,2176.7,234057,KOTAKBANK
1548,2025-03-28 15:00:00+05:30,2176.65,2176.75,2166.7,2174.0,641882,KOTAKBANK
1549,2025-03-28 15:15:00+05:30,2174.0,2175.0,2168.4,2174.0,707970,KOTAKBANK
1550,2025-04-01 09:15:00+05:30,2174.3,2178.5,2149.6,2159.9,497736,KOTAKBANK
1551,2025-04-01 09:30:00+05:30,2159.65,2169.0,2158.9,2166.95,153979,KOTAKBANK
1552,2025-04-01 09:45:00+05:30,2166.65,2169.0,2163.35,2164.1,83332,KOTAKBANK
1553,2025-04-01 10:00:00+05:30,2164.5,2165.05,2153.6,2154.6,107110,KOTAKBANK
1554,2025-04-01 10:15:00+05:30,2154.5,2158.3,2140.0,2143.0,178582,KOTAKBANK
1555,2025-04-01 10:30:00+05:30,2143.0,2151.25,2140.25,2148.7,285077,KOTAKBANK
1556,2025-04-01 10:45:00+05:30,2148.35,2151.0,2140.0,2141.75,98280,KOTAKBANK
1557,2025-04-01 11:00:00+05:30,2141.75,2143.55,2135.9,2141.6,104842,KOTAKBANK
1558,2025-04-01 11:15:00+05:30,2141.55,2145.0,2140.65,2142.5,63305,KOTAKBANK
1559,2025-04-01 11:30:00+05:30,2142.5,2143.2,2137.8,2140.55,68887,KOTAKBANK
1560,2025-04-01 11:45:00+05:30,2140.2,2145.0,2138.0,2144.75,61003,KOTAKBANK
1561,2025-04-01 12:00:00+05:30,2144.75,2145.7,2138.3,2139.9,73852,KOTAKBANK
1562,2025-04-01 12:15:00+05:30,2139.85,2145.85,2139.85,2142.8,80979,KOTAKBANK
1563,2025-04-01 12:30:00+05:30,2142.8,2146.05,2138.0,2141.2,318209,KOTAKBANK
1564,2025-04-01 12:45:00+05:30,2141.2,2144.05,2138.85,2141.55,84520,KOTAKBANK
1565,2025-04-01 13:00:00+05:30,2141.55,2144.15,2139.25,2142.55,57247,KOTAKBANK
1566,2025-04-01 13:15:00+05:30,2142.5,2143.6,2138.95,2140.6,76961,KOTAKBANK
1567,2025-04-01 13:30:00+05:30,2140.6,2144.45,2139.3,2142.6,77313,KOTAKBANK
1568,2025-04-01 13:45:00+05:30,2142.8,2144.45,2140.95,2141.1,85812,KOTAKBANK
1569,2025-04-01 14:00:00+05:30,2140.95,2146.7,2140.85,2143.4,85053,KOTAKBANK
1570,2025-04-01 14:15:00+05:30,2143.45,2145.8,2141.6,2144.9,70745,KOTAKBANK
1571,2025-04-01 14:30:00+05:30,2144.9,2148.85,2143.6,2147.55,101360,KOTAKBANK
1572,2025-04-01 14:45:00+05:30,2147.65,2148.35,2144.45,2146.55,156767,KOTAKBANK
1573,2025-04-01 15:00:00+05:30,2146.4,2148.7,2144.55,2146.7,275583,KOTAKBANK
1574,2025-04-01 15:15:00+05:30,2146.7,2147.45,2143.5,2144.3,299019,KOTAKBANK
1575,2025-04-02 09:15:00+05:30,2141.0,2160.65,2140.55,2154.35,200391,KOTAKBANK
1576,2025-04-02 09:30:00+05:30,2154.0,2155.3,2145.55,2145.8,66944,KOTAKBANK
1577,2025-04-02 09:45:00+05:30,2145.75,2152.69,2143.15,2150.6,55807,KOTAKBANK
1578,2025-04-02 10:00:00+05:30,2150.6,2150.94,2147.05,2149.44,45641,KOTAKBANK
1579,2025-04-02 10:15:00+05:30,2148.75,2152.94,2147.0,2150.55,43215,KOTAKBANK
1580,2025-04-02 10:30:00+05:30,2150.6,2152.44,2144.3,2145.0,38172,KOTAKBANK
1581,2025-04-02 10:45:00+05:30,2145.75,2147.94,2144.15,2147.4,39630,KOTAKBANK
1582,2025-04-02 11:00:00+05:30,2146.94,2150.0,2144.0,2146.35,29296,KOTAKBANK
1583,2025-04-02 11:15:00+05:30,2146.5,2146.69,2143.8,2144.0,31018,KOTAKBANK
1584,2025-04-02 11:30:00+05:30,2144.1,2147.94,2143.3,2146.05,40642,KOTAKBANK
1585,2025-04-02 11:45:00+05:30,2145.44,2150.0,2145.0,2145.0,66140,KOTAKBANK
1586,2025-04-02 12:00:00+05:30,2145.4,2145.4,2142.5,2144.9,44528,KOTAKBANK
1587,2025-04-02 12:15:00+05:30,2144.9,2145.0,2142.4,2142.75,43650,KOTAKBANK
1588,2025-04-02 12:30:00+05:30,2142.75,2148.05,2139.65,2147.25,126030,KOTAKBANK
1589,2025-04-02 12:45:00+05:30,2147.25,2148.0,2145.0,2147.19,60636,KOTAKBANK
1590,2025-04-02 13:00:00+05:30,2147.44,2150.0,2145.15,2149.9,69817,KOTAKBANK
1591,2025-04-02 13:15:00+05:30,2149.55,2151.9,2146.55,2151.0,77230,KOTAKBANK
1592,2025-04-02 13:30:00+05:30,2151.3,2152.0,2149.44,2150.19,77378,KOTAKBANK
1593,2025-04-02 13:45:00+05:30,2150.0,2152.0,2146.75,2151.05,79548,KOTAKBANK
1594,2025-04-02 14:00:00+05:30,2151.5,2152.69,2149.44,2152.69,76964,KOTAKBANK
1595,2025-04-02 14:15:00+05:30,2152.25,2154.25,2150.75,2152.0,80726,KOTAKBANK
1596,2025-04-02 14:30:00+05:30,2152.0,2155.65,2151.55,2152.65,109098,KOTAKBANK
1597,2025-04-02 14:45:00+05:30,2152.5,2152.69,2149.6,2150.8,138054,KOTAKBANK
1598,2025-04-02 15:00:00+05:30,2150.8,2159.0,2150.6,2154.94,237735,KOTAKBANK
1599,2025-04-02 15:15:00+05:30,2155.0,2155.94,2150.8,2153.05,252939,KOTAKBANK
1600,2025-04-03 09:15:00+05:30,2129.0,2151.05,2129.0,2148.0,156481,KOTAKBANK
1601,2025-04-03 09:30:00+05:30,2148.0,2151.69,2143.0,2145.65,53593,KOTAKBANK
1602,2025-04-03 09:45:00+05:30,2144.4,2146.1,2138.25,2138.6,59380,KOTAKBANK
1603,2025-04-03 10:00:00+05:30,2139.0,2141.0,2134.3,2138.69,40912,KOTAKBANK
1604,2025-04-03 10:15:00+05:30,2138.75,2146.0,2136.19,2141.65,36439,KOTAKBANK
1605,2025-04-03 10:30:00+05:30,2141.65,2142.65,2135.05,2135.6,29690,KOTAKBANK
1606,2025-04-03 10:45:00+05:30,2135.6,2138.25,2134.55,2136.44,37396,KOTAKBANK
1607,2025-04-03 11:00:00+05:30,2136.55,2140.8,2136.3,2138.75,40683,KOTAKBANK
1608,2025-04-03 11:15:00+05:30,2138.69,2139.5,2135.0,2135.4,36213,KOTAKBANK
1609,2025-04-03 11:30:00+05:30,2135.1,2136.9,2134.44,2135.25,19233,KOTAKBANK
1610,2025-04-03 11:45:00+05:30,2135.15,2135.6,2133.25,2133.8,32178,KOTAKBANK
1611,2025-04-03 12:00:00+05:30,2133.3,2134.8,2131.9,2132.6,35195,KOTAKBANK
1612,2025-04-03 12:15:00+05:30,2132.6,2132.65,2127.8,2128.55,72638,KOTAKBANK
1613,2025-04-03 12:30:00+05:30,2129.15,2129.8,2127.94,2128.05,48763,KOTAKBANK
1614,2025-04-03 12:45:00+05:30,2128.05,2131.25,2127.15,2131.0,50001,KOTAKBANK
1615,2025-04-03 13:00:00+05:30,2131.05,2135.85,2130.65,2134.55,36735,KOTAKBANK
1616,2025-04-03 13:15:00+05:30,2135.1,2136.44,2134.1,2135.4,37046,KOTAKBANK
1617,2025-04-03 13:30:00+05:30,2135.9,2137.44,2134.5,2135.8,30732,KOTAKBANK
1618,2025-04-03 13:45:00+05:30,2135.8,2140.0,2135.25,2135.25,46002,KOTAKBANK
1619,2025-04-03 14:00:00+05:30,2135.85,2137.4,2131.75,2134.1,103293,KOTAKBANK
1620,2025-04-03 14:15:00+05:30,2134.19,2138.19,2133.75,2133.94,69828,KOTAKBANK
1621,2025-04-03 14:30:00+05:30,2134.75,2137.4,2129.8,2132.1,100841,KOTAKBANK
1622,2025-04-03 14:45:00+05:30,2132.5,2135.75,2131.44,2132.4,87942,KOTAKBANK
1623,2025-04-03 15:00:00+05:30,2132.55,2135.0,2129.65,2132.19,232994,KOTAKBANK
1624,2025-04-03 15:15:00+05:30,2132.19,2134.65,2131.65,2133.0,198748,KOTAKBANK
1625,2025-04-04 09:15:00+05:30,2130.9,2133.19,2118.15,2133.19,238612,KOTAKBANK
1626,2025-04-04 09:30:00+05:30,2133.19,2146.3,2131.19,2135.3,163080,KOTAKBANK
1627,2025-04-04 09:45:00+05:30,2135.35,2137.69,2125.0,2128.3,106665,KOTAKBANK
1628,2025-04-04 10:00:00+05:30,2128.35,2132.25,2124.44,2126.4,79715,KOTAKBANK
1629,2025-04-04 10:15:00+05:30,2126.1,2131.6,2125.9,2128.94,77429,KOTAKBANK
1630,2025-04-04 10:30:00+05:30,2128.94,2130.0,2122.9,2122.94,111898,KOTAKBANK
1631,2025-04-04 10:45:00+05:30,2123.0,2136.55,2121.55,2134.69,93541,KOTAKBANK
1632,2025-04-04 11:00:00+05:30,2134.69,2137.0,2130.0,2132.75,305482,KOTAKBANK
1633,2025-04-04 11:15:00+05:30,2132.6,2139.65,2131.5,2134.15,180010,KOTAKBANK
1634,2025-04-04 11:30:00+05:30,2134.19,2141.8,2134.0,2139.15,94845,KOTAKBANK
1635,2025-04-04 11:45:00+05:30,2139.25,2143.0,2135.8,2137.94,71447,KOTAKBANK
1636,2025-04-04 12:00:00+05:30,2137.94,2139.35,2134.5,2134.5,61960,KOTAKBANK
1637,2025-04-04 12:15:00+05:30,2134.55,2135.05,2128.15,2128.15,86462,KOTAKBANK
1638,2025-04-04 12:30:00+05:30,2128.15,2130.94,2121.3,2124.1,140737,KOTAKBANK
1639,2025-04-04 12:45:00+05:30,2124.15,2125.25,2119.0,2120.9,110382,KOTAKBANK
1640,2025-04-04 13:00:00+05:30,2121.25,2125.25,2119.15,2122.75,101986,KOTAKBANK
1641,2025-04-04 13:15:00+05:30,2122.44,2124.69,2120.44,2123.69,77257,KOTAKBANK
1642,2025-04-04 13:30:00+05:30,2123.69,2125.35,2121.0,2122.85,79528,KOTAKBANK
1643,2025-04-04 13:45:00+05:30,2122.75,2122.8,2119.0,2119.4,124320,KOTAKBANK
1644,2025-04-04 14:00:00+05:30,2119.44,2132.0,2119.0,2131.9,211190,KOTAKBANK
1645,2025-04-04 14:15:00+05:30,2131.9,2132.6,2127.5,2128.8,99635,KOTAKBANK
1646,2025-04-04 14:30:00+05:30,2128.69,2133.75,2127.0,2128.19,144821,KOTAKBANK
1647,2025-04-04 14:45:00+05:30,2128.9,2128.94,2124.05,2126.94,150391,KOTAKBANK
1648,2025-04-04 15:00:00+05:30,2126.94,2131.0,2124.69,2130.15,365302,KOTAKBANK
1649,2025-04-04 15:15:00+05:30,2130.15,2137.0,2129.4,2132.1,509200,KOTAKBANK
1650,2025-04-07 09:15:00+05:30,2018.7,2083.6,2018.7,2055.35,1768533,KOTAKBANK
1651,2025-04-07 09:30:00+05:30,2055.0,2065.94,2021.1,2030.5,959652,KOTAKBANK
1652,2025-04-07 09:45:00+05:30,2030.6,2048.0,2019.0,2041.0,305551,KOTAKBANK
1653,2025-04-07 10:00:00+05:30,2041.2,2047.25,2032.9,2037.65,225337,KOTAKBANK
1654,2025-04-07 10:15:00+05:30,2037.2,2051.19,2033.0,2049.94,166770,KOTAKBANK
1655,2025-04-07 10:30:00+05:30,2049.9,2050.4,2039.5,2049.0,133693,KOTAKBANK
1656,2025-04-07 10:45:00+05:30,2049.0,2050.44,2039.5,2040.9,118793,KOTAKBANK
1657,2025-04-07 11:00:00+05:30,2040.9,2041.8,2033.3,2035.0,157937,KOTAKBANK
1658,2025-04-07 11:15:00+05:30,2035.0,2035.5,2029.15,2033.0,251211,KOTAKBANK
1659,2025-04-07 11:30:00+05:30,2033.0,2039.15,2032.2,2034.9,75863,KOTAKBANK
1660,2025-04-07 11:45:00+05:30,2034.9,2034.9,2022.05,2023.55,128868,KOTAKBANK
1661,2025-04-07 12:00:00+05:30,2023.85,2024.0,2015.2,2016.45,185113,KOTAKBANK
1662,2025-04-07 12:15:00+05:30,2016.45,2017.15,2001.0,2001.6,381284,KOTAKBANK
1663,2025-04-07 12:30:00+05:30,2002.1,2011.35,2000.8,2008.8,116534,KOTAKBANK
1664,2025-04-07 12:45:00+05:30,2008.8,2016.25,2008.5,2013.6,84717,KOTAKBANK
1665,2025-04-07 13:00:00+05:30,2013.45,2018.0,2012.6,2016.2,105009,KOTAKBANK
1666,2025-04-07 13:15:00+05:30,2016.2,2022.75,2007.8,2017.6,206978,KOTAKBANK
1667,2025-04-07 13:30:00+05:30,2017.1,2028.95,2015.3,2027.45,156523,KOTAKBANK
1668,2025-04-07 13:45:00+05:30,2027.4,2034.3,2026.0,2028.85,124837,KOTAKBANK
1669,2025-04-07 14:00:00+05:30,2028.6,2032.85,2025.0,2030.9,119427,KOTAKBANK
1670,2025-04-07 14:15:00+05:30,2030.65,2030.95,2024.25,2025.75,130411,KOTAKBANK
1671,2025-04-07 14:30:00+05:30,2026.1,2034.5,2022.45,2026.8,227068,KOTAKBANK
1672,2025-04-07 14:45:00+05:30,2026.9,2030.3,2025.05,2027.05,164998,KOTAKBANK
1673,2025-04-07 15:00:00+05:30,2027.0,2041.55,2025.25,2038.3,422769,KOTAKBANK
1674,2025-04-07 15:15:00+05:30,2038.25,2048.35,2034.3,2044.0,414540,KOTAKBANK
1675,2025-04-08 09:15:00+05:30,2062.44,2078.4,2057.0,2076.4,286684,KOTAKBANK
1676,2025-04-08 09:30:00+05:30,2076.4,2079.9,2060.75,2064.44,99805,KOTAKBANK
1677,2025-04-08 09:45:00+05:30,2064.6,2069.35,2058.3,2060.8,83254,KOTAKBANK
1678,2025-04-08 10:00:00+05:30,2060.69,2061.85,2055.69,2056.55,100934,KOTAKBANK
1679,2025-04-08 10:15:00+05:30,2056.8,2056.8,2049.19,2055.0,168730,KOTAKBANK
1680,2025-04-08 10:30:00+05:30,2054.8,2056.3,2042.1,2044.95,141524,KOTAKBANK
1681,2025-04-08 10:45:00+05:30,2044.95,2055.1,2043.6,2050.44,133495,KOTAKBANK
1682,2025-04-08 11:00:00+05:30,2050.44,2060.0,2050.15,2055.65,91793,KOTAKBANK
1683,2025-04-08 11:15:00+05:30,2055.65,2057.0,2041.0,2043.65,95265,KOTAKBANK
1684,2025-04-08 11:30:00+05:30,2043.7,2047.75,2038.0,2041.4,104662,KOTAKBANK
1685,2025-04-08 11:45:00+05:30,2041.45,2053.0,2041.4,2052.0,71712,KOTAKBANK
1686,2025-04-08 12:00:00+05:30,2051.69,2060.25,2050.75,2060.0,98115,KOTAKBANK
1687,2025-04-08 12:15:00+05:30,2060.0,2063.75,2057.35,2061.69,159705,KOTAKBANK
1688,2025-04-08 12:30:00+05:30,2061.65,2068.94,2059.3,2064.19,137504,KOTAKBANK
1689,2025-04-08 12:45:00+05:30,2064.19,2069.44,2060.35,2065.44,151576,KOTAKBANK
1690,2025-04-08 13:00:00+05:30,2065.44,2065.55,2060.4,2063.5,104152,KOTAKBANK
1691,2025-04-08 13:15:00+05:30,2063.5,2065.0,2060.0,2064.1,107206,KOTAKBANK
1692,2025-04-08 13:30:00+05:30,2064.1,2064.5,2050.69,2054.44,176776,KOTAKBANK
1693,2025-04-08 13:45:00+05:30,2054.3,2055.0,2043.5,2049.44,230255,KOTAKBANK
1694,2025-04-08 14:00:00+05:30,2049.44,2053.3,2043.95,2049.75,204099,KOTAKBANK
1695,2025-04-08 14:15:00+05:30,2049.69,2059.44,2049.5,2057.6,156814,KOTAKBANK
1696,2025-04-08 14:30:00+05:30,2058.1,2059.19,2048.4,2049.8,211517,KOTAKBANK
1697,2025-04-08 14:45:00+05:30,2049.8,2054.65,2047.05,2054.6,240621,KOTAKBANK
1698,2025-04-08 15:00:00+05:30,2054.6,2057.5,2052.05,2056.05,429675,KOTAKBANK
1699,2025-04-08 15:15:00+05:30,2056.05,2058.0,2051.75,2058.0,306197,KOTAKBANK
1700,2025-04-09 09:15:00+05:30,2054.0,2063.35,2045.3,2051.6,260684,KOTAKBANK
1701,2025-04-09 09:30:00+05:30,2051.44,2060.1,2051.15,2058.44,117056,KOTAKBANK
1702,2025-04-09 09:45:00+05:30,2058.8,2060.44,2046.9,2048.75,309059,KOTAKBANK
1703,2025-04-09 10:00:00+05:30,2048.75,2058.15,2046.45,2049.05,92907,KOTAKBANK
1704,2025-04-09 10:15:00+05:30,2049.1,2053.8,2047.2,2048.69,71227,KOTAKBANK
1705,2025-04-09 10:30:00+05:30,2048.69,2053.94,2042.1,2049.75,66709,KOTAKBANK
1706,2025-04-09 10:45:00+05:30,2049.85,2060.0,2049.75,2058.5,111468,KOTAKBANK
1707,2025-04-09 11:00:00+05:30,2058.5,2058.75,2051.9,2053.69,122265,KOTAKBANK
1708,2025-04-09 11:15:00+05:30,2053.85,2057.0,2050.0,2056.69,104178,KOTAKBANK
1709,2025-04-09 11:30:00+05:30,2056.69,2058.69,2054.3,2056.9,92454,KOTAKBANK
1710,2025-04-09 11:45:00+05:30,2056.65,2059.5,2053.25,2054.85,111742,KOTAKBANK
1711,2025-04-09 12:00:00+05:30,2054.8,2060.5,2053.0,2060.0,150865,KOTAKBANK
1712,2025-04-09 12:15:00+05:30,2059.94,2060.0,2058.25,2059.6,115301,KOTAKBANK
1713,2025-04-09 12:30:00+05:30,2059.44,2061.05,2058.0,2060.0,251474,KOTAKBANK
1714,2025-04-09 12:45:00+05:30,2059.65,2060.0,2055.15,2056.19,160436,KOTAKBANK
1715,2025-04-09 13:00:00+05:30,2056.19,2062.19,2054.25,2060.8,153625,KOTAKBANK
1716,2025-04-09 13:15:00+05:30,2060.75,2065.0,2059.25,2061.15,309361,KOTAKBANK
1717,2025-04-09 13:30:00+05:30,2061.15,2063.35,2055.1,2057.94,308950,KOTAKBANK
1718,2025-04-09 13:45:00+05:30,2057.55,2059.0,2055.5,2056.4,78687,KOTAKBANK
1719,2025-04-09 14:00:00+05:30,2056.4,2057.19,2054.35,2055.94,105409,KOTAKBANK
1720,2025-04-09 14:15:00+05:30,2055.55,2057.75,2054.1,2055.25,76583,KOTAKBANK
1721,2025-04-09 14:30:00+05:30,2055.0,2055.94,2052.25,2053.75,106319,KOTAKBANK
1722,2025-04-09 14:45:00+05:30,2053.75,2054.69,2052.0,2052.6,123162,KOTAKBANK
1723,2025-04-09 15:00:00+05:30,2052.4,2055.75,2049.19,2055.65,271165,KOTAKBANK
1724,2025-04-09 15:15:00+05:30,2055.69,2058.0,2052.4,2058.0,246764,KOTAKBANK
1725,2025-04-11 09:15:00+05:30,2065.0,2085.35,2058.5,2075.55,568511,KOTAKBANK
1726,2025-04-11 09:30:00+05:30,2075.55,2096.55,2074.0,2094.9,157856,KOTAKBANK
1727,2025-04-11 09:45:00+05:30,2094.9,2099.0,2091.15,2095.69,68752,KOTAKBANK
1728,2025-04-11 10:00:00+05:30,2095.69,2104.0,2095.69,2099.85,108027,KOTAKBANK
1729,2025-04-11 10:15:00+05:30,2099.85,2107.44,2098.55,2104.44,94801,KOTAKBANK
1730,2025-04-11 10:30:00+05:30,2104.6,2115.0,2104.6,2114.94,226526,KOTAKBANK
1731,2025-04-11 10:45:00+05:30,2114.94,2120.0,2110.0,2119.0,255359,KOTAKBANK
1732,2025-04-11 11:00:00+05:30,2119.05,2131.75,2119.0,2130.05,317012,KOTAKBANK
1733,2025-04-11 11:15:00+05:30,2130.0,2138.3,2129.44,2138.1,321315,KOTAKBANK
1734,2025-04-11 11:30:00+05:30,2138.15,2139.5,2132.3,2133.0,228889,KOTAKBANK
1735,2025-04-11 11:45:00+05:30,2132.35,2135.94,2130.0,2134.85,267320,KOTAKBANK
1736,2025-04-11 12:00:00+05:30,2134.85,2135.65,2129.85,2131.0,215285,KOTAKBANK
1737,2025-04-11 12:15:00+05:30,2131.0,2131.0,2120.1,2124.94,236244,KOTAKBANK
1738,2025-04-11 12:30:00+05:30,2125.0,2125.05,2116.25,2120.44,266253,KOTAKBANK
1739,2025-04-11 12:45:00+05:30,2120.65,2121.5,2117.5,2117.75,150764,KOTAKBANK
1740,2025-04-11 13:00:00+05:30,2117.75,2123.0,2117.35,2120.55,159504,KOTAKBANK
1741,2025-04-11 13:15:00+05:30,2120.55,2120.8,2116.25,2116.94,133415,KOTAKBANK
1742,2025-04-11 13:30:00+05:30,2117.0,2117.0,2112.94,2116.55,173971,KOTAKBANK
1743,2025-04-11 13:45:00+05:30,2116.55,2117.6,2112.69,2114.3,111710,KOTAKBANK
1744,2025-04-11 14:00:00+05:30,2114.65,2114.8,2109.85,2114.44,130592,KOTAKBANK
1745,2025-04-11 14:15:00+05:30,2114.4,2115.9,2110.1,2110.4,140142,KOTAKBANK
1746,2025-04-11 14:30:00+05:30,2110.4,2114.0,2107.5,2110.25,176592,KOTAKBANK
1747,2025-04-11 14:45:00+05:30,2110.25,2112.8,2107.8,2109.19,228470,KOTAKBANK
1748,2025-04-11 15:00:00+05:30,2109.15,2116.44,2107.44,2110.94,411108,KOTAKBANK
1749,2025-04-11 15:15:00+05:30,2110.94,2115.0,2107.85,2109.85,444302,KOTAKBANK
1750,2025-04-15 09:15:00+05:30,2145.0,2147.0,2109.0,2113.0,496988,KOTAKBANK
1751,2025-04-15 09:30:00+05:30,2113.0,2115.3,2102.8,2114.6,219552,KOTAKBANK
1752,2025-04-15 09:45:00+05:30,2114.1,2120.3,2110.5,2111.3,342859,KOTAKBANK
1753,2025-04-15 10:00:00+05:30,2111.19,2118.19,2111.19,2116.8,96076,KOTAKBANK
1754,2025-04-15 10:15:00+05:30,2116.9,2124.0,2113.3,2124.0,87668,KOTAKBANK
1755,2025-04-15 10:30:00+05:30,2124.0,2127.5,2122.6,2126.9,161757,KOTAKBANK
1756,2025-04-15 10:45:00+05:30,2126.69,2126.9,2121.8,2123.6,87992,KOTAKBANK
1757,2025-04-15 11:00:00+05:30,2123.6,2123.6,2114.8,2116.0,105374,KOTAKBANK
1758,2025-04-15 11:15:00+05:30,2116.0,2122.4,2115.8,2119.5,72069,KOTAKBANK
1759,2025-04-15 11:30:00+05:30,2119.19,2120.5,2117.1,2119.69,62558,KOTAKBANK
1760,2025-04-15 11:45:00+05:30,2120.0,2122.9,2118.4,2122.69,96731,KOTAKBANK
1761,2025-04-15 12:00:00+05:30,2122.69,2125.0,2117.8,2120.0,136467,KOTAKBANK
1762,2025-04-15 12:15:00+05:30,2120.5,2123.19,2117.5,2120.4,133159,KOTAKBANK
1763,2025-04-15 12:30:00+05:30,2120.5,2121.3,2119.4,2120.0,79000,KOTAKBANK
1764,2025-04-15 12:45:00+05:30,2120.0,2121.0,2114.69,2114.9,81388,KOTAKBANK
1765,2025-04-15 13:00:00+05:30,2114.9,2119.3,2111.6,2112.8,130315,KOTAKBANK
1766,2025-04-15 13:15:00+05:30,2112.8,2116.5,2099.6,2113.3,517661,KOTAKBANK
1767,2025-04-15 13:30:00+05:30,2113.3,2116.1,2111.5,2111.5,441861,KOTAKBANK
1768,2025-04-15 13:45:00+05:30,2111.5,2115.0,2110.9,2114.6,153607,KOTAKBANK
1769,2025-04-15 14:00:00+05:30,2114.5,2117.9,2113.6,2117.8,117432,KOTAKBANK
1770,2025-04-15 14:15:00+05:30,2117.8,2119.19,2114.3,2117.1,332208,KOTAKBANK
1771,2025-04-15 14:30:00+05:30,2117.1,2118.69,2114.6,2117.6,179981,KOTAKBANK
1772,2025-04-15 14:45:00+05:30,2117.6,2120.4,2115.1,2120.3,277875,KOTAKBANK
1773,2025-04-15 15:00:00+05:30,2120.3,2120.3,2116.4,2119.4,555072,KOTAKBANK
1774,2025-04-15 15:15:00+05:30,2119.3,2127.5,2118.69,2124.0,664607,KOTAKBANK
1775,2025-04-16 09:15:00+05:30,2120.0,2133.0,2113.3,2132.5,264734,KOTAKBANK
1776,2025-04-16 09:30:00+05:30,2132.5,2151.6,2130.0,2144.1,295690,KOTAKBANK
1777,2025-04-16 09:45:00+05:30,2144.0,2145.0,2133.0,2135.1,144125,KOTAKBANK
1778,2025-04-16 10:00:00+05:30,2134.19,2136.3,2128.19,2129.4,60769,KOTAKBANK
1779,2025-04-16 10:15:00+05:30,2128.8,2132.1,2121.6,2125.3,85246,KOTAKBANK
1780,2025-04-16 10:30:00+05:30,2124.6,2125.5,2118.0,2118.69,49626,KOTAKBANK
1781,2025-04-16 10:45:00+05:30,2118.0,2120.6,2114.19,2115.8,84228,KOTAKBANK
1782,2025-04-16 11:00:00+05:30,2115.1,2122.6,2113.3,2122.0,91158,KOTAKBANK
1783,2025-04-16 11:15:00+05:30,2122.0,2124.3,2118.8,2122.3,69806,KOTAKBANK
1784,2025-04-16 11:30:00+05:30,2122.3,2129.5,2122.0,2126.3,82951,KOTAKBANK
1785,2025-04-16 11:45:00+05:30,2126.19,2128.69,2123.19,2124.6,98341,KOTAKBANK
1786,2025-04-16 12:00:00+05:30,2124.6,2129.6,2123.0,2126.9,82775,KOTAKBANK
1787,2025-04-16 12:15:00+05:30,2126.9,2128.1,2124.3,2125.3,82913,KOTAKBANK
1788,2025-04-16 12:30:00+05:30,2125.3,2125.9,2123.4,2125.19,55330,KOTAKBANK
1789,2025-04-16 12:45:00+05:30,2125.19,2125.3,2123.4,2124.69,41043,KOTAKBANK
1790,2025-04-16 13:00:00+05:30,2124.69,2125.0,2119.19,2120.9,44302,KOTAKBANK
1791,2025-04-16 13:15:00+05:30,2120.9,2120.9,2114.69,2115.9,73312,KOTAKBANK
1792,2025-04-16 13:30:00+05:30,2115.8,2115.9,2114.0,2115.69,57680,KOTAKBANK
1793,2025-04-16 13:45:00+05:30,2115.6,2125.9,2114.8,2125.0,95720,KOTAKBANK
1794,2025-04-16 14:00:00+05:30,2125.0,2130.4,2124.8,2127.5,132713,KOTAKBANK
1795,2025-04-16 14:15:00+05:30,2127.5,2127.5,2122.3,2124.0,91854,KOTAKBANK
1796,2025-04-16 14:30:00+05:30,2124.0,2125.5,2121.19,2125.0,101715,KOTAKBANK
1797,2025-04-16 14:45:00+05:30,2125.0,2128.3,2121.4,2128.3,143834,KOTAKBANK
1798,2025-04-16 15:00:00+05:30,2128.3,2128.9,2122.0,2122.69,245401,KOTAKBANK
1799,2025-04-16 15:15:00+05:30,2122.69,2124.1,2120.6,2121.6,321392,KOTAKBANK
1800,2025-04-17 09:15:00+05:30,2115.0,2120.0,2098.8,2099.69,323183,KOTAKBANK
1801,2025-04-17 09:30:00+05:30,2099.6,2110.5,2097.69,2110.3,260036,KOTAKBANK
1802,2025-04-17 09:45:00+05:30,2109.3,2118.0,2108.1,2117.0,77634,KOTAKBANK
1803,2025-04-17 10:00:00+05:30,2117.1,2120.5,2112.69,2114.3,88869,KOTAKBANK
1804,2025-04-17 10:15:00+05:30,2114.9,2124.69,2114.4,2122.0,84788,KOTAKBANK
1805,2025-04-17 10:30:00+05:30,2122.0,2126.5,2120.19,2125.3,49071,KOTAKBANK
1806,2025-04-17 10:45:00+05:30,2126.1,2128.0,2121.5,2123.0,55980,KOTAKBANK
1807,2025-04-17 11:00:00+05:30,2122.8,2126.6,2119.0,2126.5,57908,KOTAKBANK
1808,2025-04-17 11:15:00+05:30,2126.6,2130.0,2124.9,2127.5,123177,KOTAKBANK
1809,2025-04-17 11:30:00+05:30,2127.69,2140.0,2124.9,2138.1,266515,KOTAKBANK
1810,2025-04-17 11:45:00+05:30,2138.4,2139.8,2129.9,2131.3,476624,KOTAKBANK
1811,2025-04-17 12:00:00+05:30,2131.4,2135.1,2130.0,2133.1,112189,KOTAKBANK
1812,2025-04-17 12:15:00+05:30,2133.5,2139.5,2130.3,2139.5,137042,KOTAKBANK
1813,2025-04-17 12:30:00+05:30,2139.5,2156.0,2139.0,2155.3,350515,KOTAKBANK
1814,2025-04-17 12:45:00+05:30,2155.0,2164.0,2150.9,2163.19,309630,KOTAKBANK
1815,2025-04-17 13:00:00+05:30,2163.19,2179.1,2160.1,2179.0,271963,KOTAKBANK
1816,2025-04-17 13:15:00+05:30,2179.19,2185.8,2177.8,2181.9,280015,KOTAKBANK
1817,2025-04-17 13:30:00+05:30,2181.9,2189.3,2180.1,2187.0,312056,KOTAKBANK
1818,2025-04-17 13:45:00+05:30,2186.8,2191.5,2178.69,2180.0,237831,KOTAKBANK
1819,2025-04-17 14:00:00+05:30,2180.0,2187.9,2179.9,2183.6,216573,KOTAKBANK
1820,2025-04-17 14:15:00+05:30,2183.6,2188.8,2181.3,2187.5,243563,KOTAKBANK
1821,2025-04-17 14:30:00+05:30,2187.19,2193.9,2187.1,2192.6,177332,KOTAKBANK
1822,2025-04-17 14:45:00+05:30,2192.6,2193.69,2187.5,2189.0,224577,KOTAKBANK
1823,2025-04-17 15:00:00+05:30,2189.0,2191.6,2185.0,2191.0,381275,KOTAKBANK
1824,2025-04-17 15:15:00+05:30,2191.1,2191.1,2184.3,2185.1,265204,KOTAKBANK
1825,2025-04-21 09:15:00+05:30,2195.0,2201.9,2175.4,2195.6,329472,KOTAKBANK
1826,2025-04-21 09:30:00+05:30,2195.5,2216.9,2193.9,2215.4,329984,KOTAKBANK
1827,2025-04-21 09:45:00+05:30,2215.4,2215.8,2201.6,2208.0,241501,KOTAKBANK
1828,2025-04-21 10:00:00+05:30,2207.3,2208.0,2196.0,2201.0,100011,KOTAKBANK
1829,2025-04-21 10:15:00+05:30,2201.0,2206.1,2199.0,2205.9,59864,KOTAKBANK
1830,2025-04-21 10:30:00+05:30,2205.8,2206.0,2201.69,2204.9,63751,KOTAKBANK
1831,2025-04-21 10:45:00+05:30,2204.9,2206.0,2203.3,2205.0,85496,KOTAKBANK
1832,2025-04-21 11:00:00+05:30,2205.0,2215.0,2204.0,2215.0,127103,KOTAKBANK
1833,2025-04-21 11:15:00+05:30,2215.0,2227.0,2214.19,2227.0,192109,KOTAKBANK
1834,2025-04-21 11:30:00+05:30,2227.0,2234.3,2223.6,2233.9,174817,KOTAKBANK
1835,2025-04-21 11:45:00+05:30,2233.9,2240.0,2232.19,2238.0,81876,KOTAKBANK
1836,2025-04-21 12:00:00+05:30,2238.0,2246.0,2235.3,2245.4,380681,KOTAKBANK
1837,2025-04-21 12:15:00+05:30,2245.4,2258.0,2242.69,2252.9,444259,KOTAKBANK
1838,2025-04-21 12:30:00+05:30,2252.8,2261.19,2249.1,2257.5,448637,KOTAKBANK
1839,2025-04-21 12:45:00+05:30,2257.4,2261.0,2255.0,2257.4,233392,KOTAKBANK
1840,2025-04-21 13:00:00+05:30,2257.3,2261.0,2251.5,2254.0,215597,KOTAKBANK
1841,2025-04-21 13:15:00+05:30,2254.0,2256.69,2243.5,2245.0,124901,KOTAKBANK
1842,2025-04-21 13:30:00+05:30,2245.0,2245.0,2240.0,2243.0,108229,KOTAKBANK
1843,2025-04-21 13:45:00+05:30,2243.0,2250.0,2241.6,2244.9,124650,KOTAKBANK
1844,2025-04-21 14:00:00+05:30,2244.8,2248.19,2241.0,2242.6,118413,KOTAKBANK
1845,2025-04-21 14:15:00+05:30,2242.6,2243.0,2237.6,2239.0,95628,KOTAKBANK
1846,2025-04-21 14:30:00+05:30,2239.0,2239.69,2233.0,2239.1,121508,KOTAKBANK
1847,2025-04-21 14:45:00+05:30,2239.6,2242.4,2234.8,2241.4,206002,KOTAKBANK
1848,2025-04-21 15:00:00+05:30,2241.4,2243.1,2236.5,2239.69,179720,KOTAKBANK
1849,2025-04-21 15:15:00+05:30,2239.19,2251.9,2238.0,2248.69,297070,KOTAKBANK
1850,2025-04-22 09:15:00+05:30,2249.0,2275.0,2245.4,2270.69,571405,KOTAKBANK
1851,2025-04-22 09:30:00+05:30,2270.5,2279.1,2265.6,2278.6,414287,KOTAKBANK
1852,2025-04-22 09:45:00+05:30,2278.6,2293.5,2276.4,2292.4,463055,KOTAKBANK
1853,2025-04-22 10:00:00+05:30,2292.4,2301.9,2281.0,2300.0,848638,KOTAKBANK
1854,2025-04-22 10:15:00+05:30,2300.0,2301.0,2289.3,2289.3,213887,KOTAKBANK
1855,2025-04-22 10:30:00+05:30,2289.6,2297.5,2289.3,2296.4,105526,KOTAKBANK
1856,2025-04-22 10:45:00+05:30,2296.3,2298.8,2290.5,2291.69,242265,KOTAKBANK
1857,2025-04-22 11:00:00+05:30,2291.4,2295.0,2285.5,2287.5,367538,KOTAKBANK
1858,2025-04-22 11:15:00+05:30,2287.4,2290.0,2283.5,2283.5,602688,KOTAKBANK
1859,2025-04-22 11:30:00+05:30,2283.6,2289.69,2281.5,2285.0,172970,KOTAKBANK
1860,2025-04-22 11:45:00+05:30,2285.6,2288.69,2283.6,2286.19,121342,KOTAKBANK
1861,2025-04-22 12:00:00+05:30,2286.19,2288.4,2281.0,2282.8,419545,KOTAKBANK
1862,2025-04-22 12:15:00+05:30,2282.0,2284.0,2276.1,2283.19,155577,KOTAKBANK
1863,2025-04-22 12:30:00+05:30,2283.5,2285.0,2278.3,2278.3,136855,KOTAKBANK
1864,2025-04-22 12:45:00+05:30,2278.3,2278.3,2270.6,2273.9,241913,KOTAKBANK
1865,2025-04-22 13:00:00+05:30,2274.0,2275.0,2270.69,2272.8,120688,KOTAKBANK
1866,2025-04-22 13:15:00+05:30,2272.69,2274.5,2271.0,2272.1,112150,KOTAKBANK
1867,2025-04-22 13:30:00+05:30,2272.0,2278.3,2271.4,2276.19,166288,KOTAKBANK
1868,2025-04-22 13:45:00+05:30,2276.69,2279.0,2272.8,2275.3,235784,KOTAKBANK
1869,2025-04-22 14:00:00+05:30,2275.3,2277.5,2272.6,2273.3,217705,KOTAKBANK
1870,2025-04-22 14:15:00+05:30,2273.6,2279.69,2273.0,2279.3,142779,KOTAKBANK
1871,2025-04-22 14:30:00+05:30,2279.1,2279.8,2276.0,2278.69,122975,KOTAKBANK
1872,2025-04-22 14:45:00+05:30,2278.69,2278.69,2273.1,2273.8,107712,KOTAKBANK
1873,2025-04-22 15:00:00+05:30,2273.8,2275.0,2271.5,2272.9,192773,KOTAKBANK
1874,2025-04-22 15:15:00+05:30,2272.9,2273.8,2259.8,2265.0,233024,KOTAKBANK
1875,2025-04-23 09:15:00+05:30,2285.0,2290.0,2253.0,2260.3,262972,KOTAKBANK
1876,2025-04-23 09:30:00+05:30,2260.4,2263.3,2256.5,2259.0,110402,KOTAKBANK
1877,2025-04-23 09:45:00+05:30,2259.19,2262.19,2258.0,2260.69,135101,KOTAKBANK
1878,2025-04-23 10:00:00+05:30,2260.69,2264.3,2247.6,2247.69,429468,KOTAKBANK
1879,2025-04-23 10:15:00+05:30,2248.3,2252.69,2245.0,2246.9,53491,KOTAKBANK
1880,2025-04-23 10:30:00+05:30,2247.9,2249.69,2240.6,2243.19,319593,KOTAKBANK
1881,2025-04-23 10:45:00+05:30,2243.4,2246.0,2239.9,2244.6,125841,KOTAKBANK
1882,2025-04-23 11:00:00+05:30,2244.6,2249.5,2242.19,2248.0,87298,KOTAKBANK
1883,2025-04-23 11:15:00+05:30,2248.0,2251.6,2245.1,2246.69,54090,KOTAKBANK
1884,2025-04-23 11:30:00+05:30,2246.69,2249.1,2244.6,2248.9,18476,KOTAKBANK
1885,2025-04-23 11:45:00+05:30,2248.1,2250.1,2246.9,2247.4,34711,KOTAKBANK
1886,2025-04-23 12:00:00+05:30,2247.4,2248.69,2238.8,2239.5,80609,KOTAKBANK
1887,2025-04-23 12:15:00+05:30,2239.5,2240.0,2226.0,2226.1,221528,KOTAKBANK
1888,2025-04-23 12:30:00+05:30,2226.1,2228.0,2220.0,2223.4,127876,KOTAKBANK
1889,2025-04-23 12:45:00+05:30,2223.4,2230.3,2222.0,2222.3,116387,KOTAKBANK
1890,2025-04-23 13:00:00+05:30,2222.4,2228.4,2222.1,2227.6,71821,KOTAKBANK
1891,2025-04-23 13:15:00+05:30,2227.8,2231.0,2226.19,2228.69,68987,KOTAKBANK
1892,2025-04-23 13:30:00+05:30,2229.3,2232.9,2224.9,2232.4,218946,KOTAKBANK
1893,2025-04-23 13:45:00+05:30,2232.19,2233.6,2229.19,2232.0,64836,KOTAKBANK
1894,2025-04-23 14:00:00+05:30,2232.0,2232.19,2224.4,2225.69,55412,KOTAKBANK
1895,2025-04-23 14:15:00+05:30,2225.69,2230.0,2223.5,2224.69,63359,KOTAKBANK
1896,2025-04-23 14:30:00+05:30,2224.69,2226.1,2221.9,2225.3,125236,KOTAKBANK
1897,2025-04-23 14:45:00+05:30,2225.19,2230.0,2224.0,2230.0,118504,KOTAKBANK
1898,2025-04-23 15:00:00+05:30,2229.9,2230.1,2224.3,2227.0,303736,KOTAKBANK
1899,2025-04-23 15:15:00+05:30,2227.0,2227.69,2221.4,2221.4,253745,KOTAKBANK
1900,2025-04-24 09:15:00+05:30,2218.0,2236.8,2213.69,2221.3,528788,KOTAKBANK
1901,2025-04-24 09:30:00+05:30,2221.3,2232.3,2219.3,2223.3,188355,KOTAKBANK
1902,2025-04-24 09:45:00+05:30,2223.4,2229.6,2220.19,2226.9,118968,KOTAKBANK
1903,2025-04-24 10:00:00+05:30,2226.9,2229.3,2221.9,2228.9,100308,KOTAKBANK
1904,2025-04-24 10:15:00+05:30,2228.9,2231.9,2227.69,2230.0,87668,KOTAKBANK
1905,2025-04-24 10:30:00+05:30,2229.9,2232.9,2227.5,2228.4,120693,KOTAKBANK
1906,2025-04-24 10:45:00+05:30,2228.5,2229.19,2222.0,2223.69,92872,KOTAKBANK
1907,2025-04-24 11:00:00+05:30,2223.9,2229.5,2223.69,2228.1,65425,KOTAKBANK
1908,2025-04-24 11:15:00+05:30,2228.0,2228.8,2224.1,2225.3,93394,KOTAKBANK
1909,2025-04-24 11:30:00+05:30,2225.3,2225.5,2222.1,2223.8,81137,KOTAKBANK
1910,2025-04-24 11:45:00+05:30,2223.9,2227.9,2223.4,2223.8,112130,KOTAKBANK
1911,2025-04-24 12:00:00+05:30,2223.8,2224.8,2221.6,2223.3,95464,KOTAKBANK
1912,2025-04-24 12:15:00+05:30,2223.3,2231.0,2222.9,2227.6,91624,KOTAKBANK
1913,2025-04-24 12:30:00+05:30,2227.6,2229.9,2226.69,2229.3,86418,KOTAKBANK
1914,2025-04-24 12:45:00+05:30,2229.9,2231.4,2228.0,2228.0,87247,KOTAKBANK
1915,2025-04-24 13:00:00+05:30,2228.3,2228.6,2223.3,2224.1,78604,KOTAKBANK
1916,2025-04-24 13:15:00+05:30,2224.1,2231.1,2223.3,2229.9,96088,KOTAKBANK
1917,2025-04-24 13:30:00+05:30,2229.8,2237.9,2228.8,2237.1,127739,KOTAKBANK
1918,2025-04-24 13:45:00+05:30,2237.5,2237.6,2231.19,2233.6,123911,KOTAKBANK
1919,2025-04-24 14:00:00+05:30,2233.6,2237.3,2232.3,2234.0,150461,KOTAKBANK
1920,2025-04-24 14:15:00+05:30,2234.5,2236.0,2233.0,2234.0,142083,KOTAKBANK
1921,2025-04-24 14:30:00+05:30,2234.0,2234.3,2229.0,2230.6,200593,KOTAKBANK
1922,2025-04-24 14:45:00+05:30,2230.6,2235.9,2225.9,2229.8,209539,KOTAKBANK
1923,2025-04-24 15:00:00+05:30,2229.9,2230.69,2215.0,2222.1,638261,KOTAKBANK
1924,2025-04-24 15:15:00+05:30,2221.6,2230.19,2215.0,2218.1,446458,KOTAKBANK
1925,2025-04-25 09:15:00+05:30,2220.0,2233.4,2211.6,2218.5,204592,KOTAKBANK
1926,2025-04-25 09:30:00+05:30,2218.8,2218.8,2202.0,2205.69,134333,KOTAKBANK
1927,2025-04-25 09:45:00+05:30,2206.0,2207.1,2195.1,2201.9,91098,KOTAKBANK
1928,2025-04-25 10:00:00+05:30,2201.9,2202.3,2192.69,2198.0,99720,KOTAKBANK
1929,2025-04-25 10:15:00+05:30,2197.19,2198.8,2190.5,2197.0,93889,KOTAKBANK
1930,2025-04-25 10:30:00+05:30,2197.0,2198.69,2188.0,2188.1,123074,KOTAKBANK
1931,2025-04-25 10:45:00+05:30,2188.69,2193.9,2185.3,2185.5,115785,KOTAKBANK
1932,2025-04-25 11:00:00+05:30,2185.5,2194.5,2185.5,2190.5,65286,KOTAKBANK
1933,2025-04-25 11:15:00+05:30,2191.0,2193.6,2185.0,2188.6,66798,KOTAKBANK
1934,2025-04-25 11:30:00+05:30,2188.6,2188.69,2181.8,2185.4,44357,KOTAKBANK
1935,2025-04-25 11:45:00+05:30,2186.0,2186.0,2178.19,2182.5,72805,KOTAKBANK
1936,2025-04-25 12:00:00+05:30,2182.69,2190.0,2182.6,2186.8,152763,KOTAKBANK
1937,2025-04-25 12:15:00+05:30,2186.8,2191.5,2183.8,2191.3,91960,KOTAKBANK
1938,2025-04-25 12:30:00+05:30,2191.3,2193.8,2188.5,2189.69,54544,KOTAKBANK
1939,2025-04-25 12:45:00+05:30,2189.69,2203.4,2188.8,2203.4,99454,KOTAKBANK
1940,2025-04-25 13:00:00+05:30,2203.69,2209.6,2199.0,2205.0,45973,KOTAKBANK
1941,2025-04-25 13:15:00+05:30,2204.19,2207.1,2200.69,2201.69,48115,KOTAKBANK
1942,2025-04-25 13:30:00+05:30,2201.1,2209.8,2200.9,2207.5,32223,KOTAKBANK
1943,2025-04-25 13:45:00+05:30,2207.5,2215.0,2206.5,2213.8,32662,KOTAKBANK
1944,2025-04-25 14:00:00+05:30,2213.8,2217.69,2210.69,2214.6,47465,KOTAKBANK
1945,2025-04-25 14:15:00+05:30,2213.9,2218.8,2212.0,2213.8,38533,KOTAKBANK
1946,2025-04-25 14:30:00+05:30,2213.19,2213.8,2202.1,2204.69,63119,KOTAKBANK
1947,2025-04-25 14:45:00+05:30,2204.6,2209.4,2201.6,2206.5,40291,KOTAKBANK
1948,2025-04-25 15:00:00+05:30,2205.6,2209.0,2203.3,2206.6,116470,KOTAKBANK
1949,2025-04-25 15:15:00+05:30,2206.6,2206.8,2196.4,2196.6,159594,KOTAKBANK
1950,2025-04-28 09:15:00+05:30,2197.0,2223.5,2189.4,2220.9,164919,KOTAKBANK
1951,2025-04-28 09:30:00+05:30,2221.9,2231.6,2219.69,2226.19,88712,KOTAKBANK
1952,2025-04-28 09:45:00+05:30,2226.5,2231.8,2223.8,2230.69,49283,KOTAKBANK
1953,2025-04-28 10:00:00+05:30,2230.69,2231.3,2222.9,2227.19,52776,KOTAKBANK
1954,2025-04-28 10:15:00+05:30,2227.69,2230.0,2224.0,2225.0,52667,KOTAKBANK
1955,2025-04-28 10:30:00+05:30,2225.0,2229.4,2224.1,2225.9,34917,KOTAKBANK
1956,2025-04-28 10:45:00+05:30,2225.9,2228.9,2221.5,2223.9,99844,KOTAKBANK
1957,2025-04-28 11:00:00+05:30,2223.9,2225.0,2222.0,2222.6,56616,KOTAKBANK
1958,2025-04-28 11:15:00+05:30,2222.6,2223.5,2218.5,2220.3,101323,KOTAKBANK
1959,2025-04-28 11:30:00+05:30,2219.9,2228.0,2219.1,2226.0,200378,KOTAKBANK
1960,2025-04-28 11:45:00+05:30,2226.0,2230.69,2221.69,2225.69,121667,KOTAKBANK
1961,2025-04-28 12:00:00+05:30,2225.69,2227.0,2221.3,2221.3,97003,KOTAKBANK
1962,2025-04-28 12:15:00+05:30,2221.5,2227.19,2220.1,2226.5,146615,KOTAKBANK
1963,2025-04-28 12:30:00+05:30,2226.5,2230.0,2224.1,2225.9,115817,KOTAKBANK
1964,2025-04-28 12:45:00+05:30,2226.4,2230.0,2224.6,2227.4,104713,KOTAKBANK
1965,2025-04-28 13:00:00+05:30,2227.9,2228.69,2220.6,2224.5,85512,KOTAKBANK
1966,2025-04-28 13:15:00+05:30,2225.19,2226.69,2222.0,2224.69,50969,KOTAKBANK
1967,2025-04-28 13:30:00+05:30,2225.4,2226.5,2222.9,2223.6,47332,KOTAKBANK
1968,2025-04-28 13:45:00+05:30,2224.3,2225.9,2220.5,2222.0,49171,KOTAKBANK
1969,2025-04-28 14:00:00+05:30,2222.9,2224.0,2218.69,2223.0,64057,KOTAKBANK
1970,2025-04-28 14:15:00+05:30,2223.8,2224.6,2219.4,2221.8,55000,KOTAKBANK
1971,2025-04-28 14:30:00+05:30,2221.8,2223.8,2218.9,2219.69,66043,KOTAKBANK
1972,2025-04-28 14:45:00+05:30,2220.6,2225.9,2215.6,2224.6,119076,KOTAKBANK
1973,2025-04-28 15:00:00+05:30,2225.3,2230.0,2223.6,2224.69,213233,KOTAKBANK
1974,2025-04-28 15:15:00+05:30,2225.0,2227.9,2222.0,2222.19,199702,KOTAKBANK
1975,2025-04-29 09:15:00+05:30,2225.6,2246.8,2223.0,2242.5,162187,KOTAKBANK
1976,2025-04-29 09:30:00+05:30,2242.5,2247.0,2233.69,2235.6,149781,KOTAKBANK
1977,2025-04-29 09:45:00+05:30,2236.0,2243.69,2234.1,2238.69,135117,KOTAKBANK
1978,2025-04-29 10:00:00+05:30,2239.1,2239.1,2223.0,2225.3,79948,KOTAKBANK
1979,2025-04-29 10:15:00+05:30,2225.3,2229.1,2222.0,2224.9,75732,KOTAKBANK
1980,2025-04-29 10:30:00+05:30,2224.69,2225.19,2221.1,2223.3,47425,KOTAKBANK
1981,2025-04-29 10:45:00+05:30,2223.69,2228.19,2223.3,2225.3,31002,KOTAKBANK
1982,2025-04-29 11:00:00+05:30,2225.6,2227.69,2223.0,2223.69,113709,KOTAKBANK
1983,2025-04-29 11:15:00+05:30,2223.8,2225.0,2218.69,2220.5,51034,KOTAKBANK
1984,2025-04-29 11:30:00+05:30,2220.5,2221.5,2215.69,2220.6,63075,KOTAKBANK
1985,2025-04-29 11:45:00+05:30,2220.69,2221.0,2215.0,2215.6,57884,KOTAKBANK
1986,2025-04-29 12:00:00+05:30,2215.69,2223.9,2215.6,2220.5,154204,KOTAKBANK
1987,2025-04-29 12:15:00+05:30,2220.69,2221.9,2219.1,2220.0,43642,KOTAKBANK
1988,2025-04-29 12:30:00+05:30,2220.1,2222.0,2217.19,2220.19,74966,KOTAKBANK
1989,2025-04-29 12:45:00+05:30,2219.8,2221.0,2217.8,2220.9,62781,KOTAKBANK
1990,2025-04-29 13:00:00+05:30,2220.5,2223.69,2219.4,2220.19,86175,KOTAKBANK
1991,2025-04-29 13:15:00+05:30,2220.4,2224.4,2218.5,2222.19,107355,KOTAKBANK
1992,2025-04-29 13:30:00+05:30,2222.0,2225.3,2222.0,2223.69,68360,KOTAKBANK
1993,2025-04-29 13:45:00+05:30,2223.69,2224.6,2220.4,2222.0,80615,KOTAKBANK
1994,2025-04-29 14:00:00+05:30,2222.0,2226.0,2220.9,2224.19,71379,KOTAKBANK
1995,2025-04-29 14:15:00+05:30,2223.4,2226.1,2221.19,2223.19,131649,KOTAKBANK
1996,2025-04-29 14:30:00+05:30,2223.19,2224.3,2218.0,2218.9,133012,KOTAKBANK
1997,2025-04-29 14:45:00+05:30,2218.9,2221.0,2213.0,2213.1,181272,KOTAKBANK
1998,2025-04-29 15:00:00+05:30,2213.1,2214.0,2203.3,2203.5,450081,KOTAKBANK
1999,2025-04-29 15:15:00+05:30,2203.5,2205.8,2198.8,2202.1,444409,KOTAKBANK
2000,2025-04-30 09:15:00+05:30,2213.9,2218.9,2198.0,2215.9,291907,KOTAKBANK
2001,2025-04-30 09:30:00+05:30,2216.5,2222.6,2209.1,2213.6,129399,KOTAKBANK
2002,2025-04-30 09:45:00+05:30,2213.69,2224.0,2212.4,2224.0,86688,KOTAKBANK
2003,2025-04-30 10:00:00+05:30,2224.0,2227.9,2217.5,2225.1,71959,KOTAKBANK
2004,2025-04-30 10:15:00+05:30,2225.1,2231.0,2224.69,2227.5,61480,KOTAKBANK
2005,2025-04-30 10:30:00+05:30,2227.5,2228.69,2221.8,2226.4,61058,KOTAKBANK
2006,2025-04-30 10:45:00+05:30,2226.69,2227.0,2221.0,2225.69,75457,KOTAKBANK
2007,2025-04-30 11:00:00+05:30,2225.6,2227.0,2220.4,2222.3,117032,KOTAKBANK
2008,2025-04-30 11:15:00+05:30,2222.3,2229.4,2222.0,2222.3,65114,KOTAKBANK
2009,2025-04-30 11:30:00+05:30,2222.19,2224.5,2220.5,2222.3,53820,KOTAKBANK
2010,2025-04-30 11:45:00+05:30,2222.3,2223.3,2216.0,2217.3,52726,KOTAKBANK
2011,2025-04-30 12:00:00+05:30,2217.19,2219.4,2211.19,2212.1,66491,KOTAKBANK
2012,2025-04-30 12:15:00+05:30,2212.1,2213.9,2208.1,2209.1,98245,KOTAKBANK
2013,2025-04-30 12:30:00+05:30,2209.1,2216.4,2209.1,2214.8,52582,KOTAKBANK
2014,2025-04-30 12:45:00+05:30,2214.8,2223.69,2213.1,2219.8,104952,KOTAKBANK
2015,2025-04-30 13:00:00+05:30,2219.69,2221.4,2212.6,2217.4,82703,KOTAKBANK
2016,2025-04-30 13:15:00+05:30,2217.4,2221.1,2215.8,2218.19,154655,KOTAKBANK
2017,2025-04-30 13:30:00+05:30,2218.3,2225.8,2216.9,2224.19,97898,KOTAKBANK
2018,2025-04-30 13:45:00+05:30,2224.19,2227.1,2223.1,2224.6,87396,KOTAKBANK
2019,2025-04-30 14:00:00+05:30,2224.6,2224.9,2220.19,2222.1,91874,KOTAKBANK
2020,2025-04-30 14:15:00+05:30,2222.19,2224.19,2214.1,2215.5,118078,KOTAKBANK
2021,2025-04-30 14:30:00+05:30,2215.8,2216.9,2210.9,2215.6,132193,KOTAKBANK
2022,2025-04-30 14:45:00+05:30,2215.4,2224.4,2214.4,2220.0,209576,KOTAKBANK
2023,2025-04-30 15:00:00+05:30,2219.6,2223.4,2204.0,2205.5,986040,KOTAKBANK
2024,2025-04-30 15:15:00+05:30,2205.5,2209.5,2188.19,2202.0,1264266,KOTAKBANK
2025,2025-05-02 09:15:00+05:30,2204.0,2222.0,2198.8,2218.69,213898,KOTAKBANK
2026,2025-05-02 09:30:00+05:30,2219.8,2223.6,2214.19,2217.0,55161,KOTAKBANK
2027,2025-05-02 09:45:00+05:30,2217.69,2220.4,2211.4,2217.4,117284,KOTAKBANK
2028,2025-05-02 10:00:00+05:30,2216.8,2220.0,2211.8,2215.69,73674,KOTAKBANK
2029,2025-05-02 10:15:00+05:30,2215.1,2215.69,2203.0,2203.0,69669,KOTAKBANK
2030,2025-05-02 10:30:00+05:30,2203.5,2204.6,2196.9,2202.1,114449,KOTAKBANK
2031,2025-05-02 10:45:00+05:30,2202.9,2203.5,2190.5,2192.1,168708,KOTAKBANK
2032,2025-05-02 11:00:00+05:30,2192.3,2195.0,2186.5,2188.0,78310,KOTAKBANK
2033,2025-05-02 11:15:00+05:30,2188.69,2191.0,2182.1,2185.8,73126,KOTAKBANK
2034,2025-05-02 11:30:00+05:30,2185.8,2190.0,2182.0,2185.5,114083,KOTAKBANK
2035,2025-05-02 11:45:00+05:30,2185.5,2188.4,2181.8,2187.19,39902,KOTAKBANK
2036,2025-05-02 12:00:00+05:30,2187.9,2188.0,2183.1,2186.5,42631,KOTAKBANK
2037,2025-05-02 12:15:00+05:30,2186.0,2186.6,2174.1,2174.1,78276,KOTAKBANK
2038,2025-05-02 12:30:00+05:30,2174.19,2180.0,2171.19,2180.0,129665,KOTAKBANK
2039,2025-05-02 12:45:00+05:30,2180.0,2186.6,2179.9,2183.0,51901,KOTAKBANK
2040,2025-05-02 13:00:00+05:30,2183.1,2187.0,2180.0,2182.69,37537,KOTAKBANK
2041,2025-05-02 13:15:00+05:30,2183.1,2191.69,2182.8,2189.8,47466,KOTAKBANK
2042,2025-05-02 13:30:00+05:30,2189.8,2193.0,2186.19,2188.8,70541,KOTAKBANK
2043,2025-05-02 13:45:00+05:30,2188.8,2194.4,2188.1,2191.4,45321,KOTAKBANK
2044,2025-05-02 14:00:00+05:30,2191.3,2192.4,2187.1,2188.9,47643,KOTAKBANK
2045,2025-05-02 14:15:00+05:30,2188.4,2189.6,2182.0,2182.4,70390,KOTAKBANK
2046,2025-05-02 14:30:00+05:30,2182.4,2184.19,2178.69,2182.3,100405,KOTAKBANK
2047,2025-05-02 14:45:00+05:30,2182.3,2189.9,2181.1,2187.4,84226,KOTAKBANK
2048,2025-05-02 15:00:00+05:30,2187.4,2190.69,2183.6,2190.4,332463,KOTAKBANK
2049,2025-05-02 15:15:00+05:30,2190.4,2191.69,2175.0,2180.1,418652,KOTAKBANK
2050,2025-05-05 09:15:00+05:30,2105.1,2133.8,2067.19,2069.1,3102822,KOTAKBANK
2051,2025-05-05 09:30:00+05:30,2068.3,2077.69,2058.0,2075.1,832932,KOTAKBANK
2052,2025-05-05 09:45:00+05:30,2075.1,2078.5,2059.9,2065.4,527290,KOTAKBANK
2053,2025-05-05 10:00:00+05:30,2065.0,2067.0,2058.69,2065.0,234570,KOTAKBANK
2054,2025-05-05 10:15:00+05:30,2065.0,2074.3,2064.69,2068.6,385262,KOTAKBANK
2055,2025-05-05 10:30:00+05:30,2068.6,2076.0,2065.0,2074.19,265852,KOTAKBANK
2056,2025-05-05 10:45:00+05:30,2074.19,2076.0,2071.0,2073.4,124503,KOTAKBANK
2057,2025-05-05 11:00:00+05:30,2073.4,2076.6,2071.19,2076.0,134251,KOTAKBANK
2058,2025-05-05 11:15:00+05:30,2075.69,2080.6,2073.1,2076.4,232356,KOTAKBANK
2059,2025-05-05 11:30:00+05:30,2076.1,2079.1,2067.8,2071.3,222209,KOTAKBANK
2060,2025-05-05 11:45:00+05:30,2071.6,2072.8,2066.19,2069.8,145424,KOTAKBANK
2061,2025-05-05 12:00:00+05:30,2069.6,2070.4,2065.19,2067.9,146760,KOTAKBANK
2062,2025-05-05 12:15:00+05:30,2067.8,2071.4,2066.0,2071.4,137920,KOTAKBANK
2063,2025-05-05 12:30:00+05:30,2071.19,2073.5,2070.5,2072.5,123363,KOTAKBANK
2064,2025-05-05 12:45:00+05:30,2072.8,2076.5,2067.9,2075.19,169612,KOTAKBANK
2065,2025-05-05 13:00:00+05:30,2075.19,2078.0,2075.0,2077.5,111644,KOTAKBANK
2066,2025-05-05 13:15:00+05:30,2077.4,2078.9,2072.3,2073.19,123984,KOTAKBANK
2067,2025-05-05 13:30:00+05:30,2073.3,2077.0,2072.69,2076.8,96462,KOTAKBANK
2068,2025-05-05 13:45:00+05:30,2076.69,2083.4,2076.69,2082.8,149184,KOTAKBANK
2069,2025-05-05 14:00:00+05:30,2082.6,2085.5,2081.8,2084.4,194520,KOTAKBANK
2070,2025-05-05 14:15:00+05:30,2084.4,2088.8,2082.9,2087.69,211875,KOTAKBANK
2071,2025-05-05 14:30:00+05:30,2087.8,2094.0,2087.1,2089.6,248801,KOTAKBANK
2072,2025-05-05 14:45:00+05:30,2089.6,2091.5,2086.3,2086.3,178986,KOTAKBANK
2073,2025-05-05 15:00:00+05:30,2086.3,2087.5,2082.19,2082.6,305227,KOTAKBANK
2074,2025-05-05 15:15:00+05:30,2082.5,2087.4,2082.19,2085.0,410348,KOTAKBANK
2075,2025-05-06 09:15:00+05:30,2086.0,2091.4,2073.1,2075.4,394774,KOTAKBANK
2076,2025-05-06 09:30:00+05:30,2075.4,2080.69,2072.5,2073.1,117235,KOTAKBANK
2077,2025-05-06 09:45:00+05:30,2072.5,2077.19,2070.4,2075.0,124954,KOTAKBANK
2078,2025-05-06 10:00:00+05:30,2075.69,2075.69,2065.0,2068.9,151431,KOTAKBANK
2079,2025-05-06 10:15:00+05:30,2068.3,2070.1,2065.1,2068.19,84402,KOTAKBANK
2080,2025-05-06 10:30:00+05:30,2068.19,2074.0,2067.19,2072.8,70248,KOTAKBANK
2081,2025-05-06 10:45:00+05:30,2072.5,2075.0,2072.1,2074.19,60186,KOTAKBANK
2082,2025-05-06 11:00:00+05:30,2074.19,2075.0,2071.1,2072.6,44734,KOTAKBANK
2083,2025-05-06 11:15:00+05:30,2072.4,2075.4,2072.19,2073.6,69407,KOTAKBANK
2084,2025-05-06 11:30:00+05:30,2074.1,2074.19,2065.3,2069.9,68784,KOTAKBANK
2085,2025-05-06 11:45:00+05:30,2070.0,2070.5,2067.8,2069.6,87714,KOTAKBANK
2086,2025-05-06 12:00:00+05:30,2069.8,2072.4,2069.4,2070.5,105178,KOTAKBANK
2087,2025-05-06 12:15:00+05:30,2070.3,2074.1,2069.8,2071.9,114700,KOTAKBANK
2088,2025-05-06 12:30:00+05:30,2071.69,2072.0,2066.69,2067.3,87556,KOTAKBANK
2089,2025-05-06 12:45:00+05:30,2067.0,2070.0,2065.6,2065.8,179844,KOTAKBANK
2090,2025-05-06 13:00:00+05:30,2065.69,2068.19,2065.0,2067.19,64856,KOTAKBANK
2091,2025-05-06 13:15:00+05:30,2067.0,2070.1,2066.0,2069.5,102765,KOTAKBANK
2092,2025-05-06 13:30:00+05:30,2069.1,2073.69,2067.4,2071.9,55167,KOTAKBANK
2093,2025-05-06 13:45:00+05:30,2071.9,2077.19,2071.5,2077.0,84935,KOTAKBANK
2094,2025-05-06 14:00:00+05:30,2077.0,2078.1,2075.1,2075.9,71381,KOTAKBANK
2095,2025-05-06 14:15:00+05:30,2075.9,2076.3,2073.8,2074.4,92800,KOTAKBANK
2096,2025-05-06 14:30:00+05:30,2074.4,2076.5,2073.0,2075.9,250189,KOTAKBANK
2097,2025-05-06 14:45:00+05:30,2075.9,2077.4,2071.69,2077.19,246718,KOTAKBANK
2098,2025-05-06 15:00:00+05:30,2077.1,2079.9,2072.0,2072.9,396766,KOTAKBANK
2099,2025-05-06 15:15:00+05:30,2072.9,2074.69,2069.69,2070.0,277108,KOTAKBANK
2100,2025-05-07 09:15:00+05:30,2063.69,2080.0,2054.5,2078.3,349277,KOTAKBANK
2101,2025-05-07 09:30:00+05:30,2078.3,2082.8,2075.9,2078.5,112985,KOTAKBANK
2102,2025-05-07 09:45:00+05:30,2078.19,2085.5,2075.3,2082.4,263621,KOTAKBANK
2103,2025-05-07 10:00:00+05:30,2082.4,2083.0,2074.0,2078.8,107208,KOTAKBANK
2104,2025-05-07 10:15:00+05:30,2078.8,2081.0,2074.19,2074.6,66398,KOTAKBANK
2105,2025-05-07 10:30:00+05:30,2074.9,2080.9,2073.5,2080.19,48095,KOTAKBANK
2106,2025-05-07 10:45:00+05:30,2080.4,2081.69,2077.0,2081.0,106879,KOTAKBANK
2107,2025-05-07 11:00:00+05:30,2080.5,2088.4,2077.1,2079.5,144701,KOTAKBANK
2108,2025-05-07 11:15:00+05:30,2079.5,2086.0,2077.9,2084.5,40678,KOTAKBANK
2109,2025-05-07 11:30:00+05:30,2084.5,2089.69,2084.5,2086.1,61910,KOTAKBANK
2110,2025-05-07 11:45:00+05:30,2085.5,2085.9,2078.19,2079.5,47957,KOTAKBANK
2111,2025-05-07 12:00:00+05:30,2079.69,2081.0,2076.19,2078.4,61016,KOTAKBANK
2112,2025-05-07 12:15:00+05:30,2078.4,2079.9,2075.4,2077.6,67138,KOTAKBANK
2113,2025-05-07 12:30:00+05:30,2077.4,2077.6,2073.19,2074.4,64679,KOTAKBANK
2114,2025-05-07 12:45:00+05:30,2074.4,2076.3,2073.9,2073.9,31464,KOTAKBANK
2115,2025-05-07 13:00:00+05:30,2073.9,2074.6,2070.0,2072.69,165178,KOTAKBANK
2116,2025-05-07 13:15:00+05:30,2072.69,2074.19,2070.0,2070.3,117463,KOTAKBANK
2117,2025-05-07 13:30:00+05:30,2070.5,2078.9,2070.3,2077.0,80025,KOTAKBANK
2118,2025-05-07 13:45:00+05:30,2077.69,2081.0,2076.5,2080.9,74736,KOTAKBANK
2119,2025-05-07 14:00:00+05:30,2080.8,2081.0,2078.19,2078.69,83019,KOTAKBANK
2120,2025-05-07 14:15:00+05:30,2078.3,2083.0,2078.3,2082.4,216892,KOTAKBANK
2121,2025-05-07 14:30:00+05:30,2082.3,2084.9,2081.5,2083.1,156132,KOTAKBANK
2122,2025-05-07 14:45:00+05:30,2083.0,2093.6,2082.9,2088.8,317106,KOTAKBANK
2123,2025-05-07 15:00:00+05:30,2088.8,2093.6,2088.8,2093.6,415254,KOTAKBANK
2124,2025-05-07 15:15:00+05:30,2093.5,2101.8,2093.5,2100.0,533993,KOTAKBANK
2125,2025-05-08 09:15:00+05:30,2099.0,2138.69,2094.9,2128.69,779590,KOTAKBANK
2126,2025-05-08 09:30:00+05:30,2128.6,2131.19,2120.69,2125.9,189410,KOTAKBANK
2127,2025-05-08 09:45:00+05:30,2125.9,2131.0,2118.0,2120.9,278069,KOTAKBANK
2128,2025-05-08 10:00:00+05:30,2120.9,2121.6,2112.4,2120.6,443793,KOTAKBANK
2129,2025-05-08 10:15:00+05:30,2120.69,2129.1,2118.5,2127.4,164399,KOTAKBANK
2130,2025-05-08 10:30:00+05:30,2127.4,2131.0,2126.1,2130.3,111243,KOTAKBANK
2131,2025-05-08 10:45:00+05:30,2130.5,2134.9,2125.0,2126.0,208099,KOTAKBANK
2132,2025-05-08 11:00:00+05:30,2126.0,2127.1,2120.8,2121.69,100375,KOTAKBANK
2133,2025-05-08 11:15:00+05:30,2121.69,2123.1,2117.0,2118.69,179728,KOTAKBANK
2134,2025-05-08 11:30:00+05:30,2118.9,2120.0,2112.9,2113.6,175012,KOTAKBANK
2135,2025-05-08 11:45:00+05:30,2113.6,2116.4,2111.5,2113.1,128471,KOTAKBANK
2136,2025-05-08 12:00:00+05:30,2113.1,2117.0,2110.6,2116.4,109795,KOTAKBANK
2137,2025-05-08 12:15:00+05:30,2116.8,2120.3,2113.9,2117.6,168182,KOTAKBANK
2138,2025-05-08 12:30:00+05:30,2117.69,2121.69,2116.19,2121.6,132246,KOTAKBANK
2139,2025-05-08 12:45:00+05:30,2121.6,2123.0,2117.69,2119.4,144798,KOTAKBANK
2140,2025-05-08 13:00:00+05:30,2119.3,2123.0,2118.19,2119.4,179840,KOTAKBANK
2141,2025-05-08 13:15:00+05:30,2119.19,2119.69,2112.19,2115.8,133862,KOTAKBANK
2142,2025-05-08 13:30:00+05:30,2115.8,2116.19,2108.9,2111.8,147973,KOTAKBANK
2143,2025-05-08 13:45:00+05:30,2111.8,2113.6,2108.0,2109.3,210342,KOTAKBANK
2144,2025-05-08 14:00:00+05:30,2109.3,2111.69,2103.69,2104.9,236327,KOTAKBANK
2145,2025-05-08 14:15:00+05:30,2104.9,2111.9,2102.5,2110.0,188749,KOTAKBANK
2146,2025-05-08 14:30:00+05:30,2110.5,2116.8,2110.0,2116.1,201352,KOTAKBANK
2147,2025-05-08 14:45:00+05:30,2115.8,2117.4,2105.1,2105.3,467351,KOTAKBANK
2148,2025-05-08 15:00:00+05:30,2105.4,2119.5,2104.9,2116.3,900618,KOTAKBANK
2149,2025-05-08 15:15:00+05:30,2116.4,2117.4,2102.1,2106.19,939512,KOTAKBANK
2150,2025-05-09 09:15:00+05:30,2075.0,2120.0,2075.0,2112.6,316799,KOTAKBANK
2151,2025-05-09 09:30:00+05:30,2112.9,2113.19,2092.3,2094.1,181003,KOTAKBANK
2152,2025-05-09 09:45:00+05:30,2094.4,2103.8,2092.19,2096.5,273253,KOTAKBANK
2153,2025-05-09 10:00:00+05:30,2096.5,2105.9,2095.0,2105.0,95986,KOTAKBANK
2154,2025-05-09 10:15:00+05:30,2105.0,2108.4,2100.0,2103.19,90579,KOTAKBANK
2155,2025-05-09 10:30:00+05:30,2103.4,2105.0,2100.0,2102.0,53351,KOTAKBANK
2156,2025-05-09 10:45:00+05:30,2102.0,2104.19,2099.8,2100.5,98448,KOTAKBANK
2157,2025-05-09 11:00:00+05:30,2100.9,2104.19,2100.1,2100.5,52085,KOTAKBANK
2158,2025-05-09 11:15:00+05:30,2100.69,2104.9,2100.0,2104.9,58137,KOTAKBANK
2159,2025-05-09 11:30:00+05:30,2104.0,2107.0,2100.0,2100.5,660190,KOTAKBANK
2160,2025-05-09 11:45:00+05:30,2100.5,2102.8,2099.9,2102.0,92413,KOTAKBANK
2161,2025-05-09 12:00:00+05:30,2102.0,2102.6,2100.0,2100.1,94444,KOTAKBANK
2162,2025-05-09 12:15:00+05:30,2100.19,2101.5,2098.4,2100.6,168757,KOTAKBANK
2163,2025-05-09 12:30:00+05:30,2100.3,2102.9,2100.0,2102.0,79953,KOTAKBANK
2164,2025-05-09 12:45:00+05:30,2102.0,2105.5,2100.69,2105.19,37728,KOTAKBANK
2165,2025-05-09 13:00:00+05:30,2105.4,2105.8,2102.1,2103.19,54563,KOTAKBANK
2166,2025-05-09 13:15:00+05:30,2102.69,2105.19,2100.1,2102.0,129420,KOTAKBANK
2167,2025-05-09 13:30:00+05:30,2101.0,2106.0,2101.0,2104.1,51443,KOTAKBANK
2168,2025-05-09 13:45:00+05:30,2103.3,2105.5,2101.8,2103.4,56927,KOTAKBANK
2169,2025-05-09 14:00:00+05:30,2103.3,2104.8,2102.1,2102.5,59721,KOTAKBANK
2170,2025-05-09 14:15:00+05:30,2103.6,2106.8,2100.0,2100.9,72545,KOTAKBANK
2171,2025-05-09 14:30:00+05:30,2100.9,2103.9,2100.1,2102.9,75881,KOTAKBANK
2172,2025-05-09 14:45:00+05:30,2102.8,2106.1,2102.1,2105.5,107565,KOTAKBANK
2173,2025-05-09 15:00:00+05:30,2104.9,2105.5,2100.0,2104.0,1039149,KOTAKBANK
2174,2025-05-09 15:15:00+05:30,2104.0,2109.5,2100.1,2106.6,652481,KOTAKBANK
2175,2025-05-12 09:15:00+05:30,2134.0,2162.69,2126.1,2160.5,371963,KOTAKBANK
2176,2025-05-12 09:30:00+05:30,2161.3,2161.5,2151.1,2151.1,133540,KOTAKBANK
2177,2025-05-12 09:45:00+05:30,2151.3,2163.6,2151.19,2162.0,90428,KOTAKBANK
2178,2025-05-12 10:00:00+05:30,2162.0,2162.0,2154.1,2156.6,118131,KOTAKBANK
2179,2025-05-12 10:15:00+05:30,2156.5,2163.0,2155.1,2160.1,42666,KOTAKBANK
2180,2025-05-12 10:30:00+05:30,2160.1,2161.0,2157.19,2158.9,43443,KOTAKBANK
2181,2025-05-12 10:45:00+05:30,2158.9,2160.8,2155.1,2160.0,64696,KOTAKBANK
2182,2025-05-12 11:00:00+05:30,2160.0,2161.8,2158.4,2159.3,334517,KOTAKBANK
2183,2025-05-12 11:15:00+05:30,2159.3,2160.5,2152.0,2152.19,36863,KOTAKBANK
2184,2025-05-12 11:30:00+05:30,2152.19,2152.19,2146.0,2149.6,54463,KOTAKBANK
2185,2025-05-12 11:45:00+05:30,2149.6,2150.0,2143.69,2144.3,33251,KOTAKBANK
2186,2025-05-12 12:00:00+05:30,2144.3,2146.0,2140.8,2140.9,31319,KOTAKBANK
2187,2025-05-12 12:15:00+05:30,2141.1,2142.3,2138.6,2140.9,33961,KOTAKBANK
2188,2025-05-12 12:30:00+05:30,2140.9,2151.0,2140.9,2148.6,47969,KOTAKBANK
2189,2025-05-12 12:45:00+05:30,2148.69,2153.5,2147.8,2150.0,103707,KOTAKBANK
2190,2025-05-12 13:00:00+05:30,2150.0,2151.6,2143.0,2143.1,141651,KOTAKBANK
2191,2025-05-12 13:15:00+05:30,2143.1,2143.8,2138.19,2139.1,79290,KOTAKBANK
2192,2025-05-12 13:30:00+05:30,2139.0,2141.4,2135.0,2135.69,98045,KOTAKBANK
2193,2025-05-12 13:45:00+05:30,2135.69,2137.5,2131.19,2136.4,122348,KOTAKBANK
2194,2025-05-12 14:00:00+05:30,2136.4,2136.69,2132.5,2135.3,96075,KOTAKBANK
2195,2025-05-12 14:15:00+05:30,2135.6,2140.1,2135.0,2135.9,105045,KOTAKBANK
2196,2025-05-12 14:30:00+05:30,2135.9,2139.19,2135.19,2135.6,111735,KOTAKBANK
2197,2025-05-12 14:45:00+05:30,2135.5,2140.0,2134.5,2138.3,122111,KOTAKBANK
2198,2025-05-12 15:00:00+05:30,2138.8,2146.5,2137.8,2145.9,277847,KOTAKBANK
2199,2025-05-12 15:15:00+05:30,2145.9,2154.0,2142.8,2143.0,323890,KOTAKBANK
2200,2025-05-13 09:15:00+05:30,2135.0,2146.1,2113.0,2113.0,214907,KOTAKBANK
2201,2025-05-13 09:30:00+05:30,2113.0,2125.6,2106.3,2113.1,150947,KOTAKBANK
2202,2025-05-13 09:45:00+05:30,2113.1,2113.5,2105.3,2109.9,95541,KOTAKBANK
2203,2025-05-13 10:00:00+05:30,2109.9,2119.0,2106.1,2115.8,90067,KOTAKBANK
2204,2025-05-13 10:15:00+05:30,2116.1,2117.9,2105.0,2105.3,180227,KOTAKBANK
2205,2025-05-13 10:30:00+05:30,2105.0,2108.19,2101.1,2107.9,94739,KOTAKBANK
2206,2025-05-13 10:45:00+05:30,2107.8,2116.19,2107.8,2115.9,135001,KOTAKBANK
2207,2025-05-13 11:00:00+05:30,2115.4,2125.0,2112.4,2113.5,92939,KOTAKBANK
2208,2025-05-13 11:15:00+05:30,2113.5,2124.0,2113.5,2123.0,87281,KOTAKBANK
2209,2025-05-13 11:30:00+05:30,2122.6,2125.0,2120.19,2122.0,94227,KOTAKBANK
2210,2025-05-13 11:45:00+05:30,2122.0,2125.0,2118.1,2121.0,90827,KOTAKBANK
2211,2025-05-13 12:00:00+05:30,2121.0,2122.3,2114.4,2116.5,103065,KOTAKBANK
2212,2025-05-13 12:15:00+05:30,2116.69,2118.1,2109.69,2113.8,182677,KOTAKBANK
2213,2025-05-13 12:30:00+05:30,2113.8,2115.8,2110.0,2110.6,206830,KOTAKBANK
2214,2025-05-13 12:45:00+05:30,2110.6,2112.69,2104.8,2107.4,252954,KOTAKBANK
2215,2025-05-13 13:00:00+05:30,2108.0,2110.8,2105.1,2106.19,171336,KOTAKBANK
2216,2025-05-13 13:15:00+05:30,2106.3,2107.6,2103.4,2104.4,134814,KOTAKBANK
2217,2025-05-13 13:30:00+05:30,2104.19,2108.8,2103.19,2106.0,156352,KOTAKBANK
2218,2025-05-13 13:45:00+05:30,2106.3,2108.19,2105.4,2106.6,104924,KOTAKBANK
2219,2025-05-13 14:00:00+05:30,2106.6,2109.6,2105.1,2106.3,158841,KOTAKBANK
2220,2025-05-13 14:15:00+05:30,2106.3,2109.6,2102.8,2107.5,220003,KOTAKBANK
2221,2025-05-13 14:30:00+05:30,2107.5,2112.0,2106.69,2108.1,158678,KOTAKBANK
2222,2025-05-13 14:45:00+05:30,2108.9,2113.6,2107.6,2110.5,264574,KOTAKBANK
2223,2025-05-13 15:00:00+05:30,2110.8,2116.0,2110.0,2115.6,456465,KOTAKBANK
2224,2025-05-13 15:15:00+05:30,2115.6,2120.69,2115.5,2119.0,406533,KOTAKBANK
2225,2025-05-14 09:15:00+05:30,2111.0,2119.9,2110.3,2114.69,116813,KOTAKBANK
2226,2025-05-14 09:30:00+05:30,2114.69,2118.4,2108.8,2117.5,62511,KOTAKBANK
2227,2025-05-14 09:45:00+05:30,2117.4,2119.0,2111.6,2116.0,62090,KOTAKBANK
2228,2025-05-14 10:00:00+05:30,2116.0,2118.8,2114.4,2117.6,57121,KOTAKBANK
2229,2025-05-14 10:15:00+05:30,2117.6,2118.9,2113.1,2114.9,31852,KOTAKBANK
2230,2025-05-14 10:30:00+05:30,2114.9,2115.19,2110.0,2112.69,88618,KOTAKBANK
2231,2025-05-14 10:45:00+05:30,2112.69,2112.9,2105.1,2107.3,82285,KOTAKBANK
2232,2025-05-14 11:00:00+05:30,2107.4,2110.0,2106.5,2107.4,86348,KOTAKBANK
2233,2025-05-14 11:15:00+05:30,2107.4,2111.3,2105.0,2110.1,40064,KOTAKBANK
2234,2025-05-14 11:30:00+05:30,2110.0,2110.5,2105.5,2107.19,35577,KOTAKBANK
2235,2025-05-14 11:45:00+05:30,2106.8,2107.3,2102.0,2104.6,70536,KOTAKBANK
2236,2025-05-14 12:00:00+05:30,2104.4,2105.6,2097.9,2099.6,131785,KOTAKBANK
2237,2025-05-14 12:15:00+05:30,2099.6,2100.69,2096.5,2098.1,39740,KOTAKBANK
2238,2025-05-14 12:30:00+05:30,2098.4,2098.5,2092.0,2094.5,64662,KOTAKBANK
2239,2025-05-14 12:45:00+05:30,2094.5,2095.4,2087.1,2088.3,124380,KOTAKBANK
2240,2025-05-14 13:00:00+05:30,2088.6,2095.0,2088.0,2091.69,81693,KOTAKBANK
2241,2025-05-14 13:15:00+05:30,2091.69,2094.3,2090.1,2092.1,60273,KOTAKBANK
2242,2025-05-14 13:30:00+05:30,2092.1,2093.4,2090.19,2091.8,35071,KOTAKBANK
2243,2025-05-14 13:45:00+05:30,2091.69,2092.9,2090.19,2091.1,44178,KOTAKBANK
2244,2025-05-14 14:00:00+05:30,2091.1,2093.9,2090.4,2093.1,33061,KOTAKBANK
2245,2025-05-14 14:15:00+05:30,2092.6,2093.19,2087.0,2087.9,63899,KOTAKBANK
2246,2025-05-14 14:30:00+05:30,2088.0,2091.6,2084.1,2087.0,149697,KOTAKBANK
2247,2025-05-14 14:45:00+05:30,2087.1,2089.1,2084.0,2088.19,87131,KOTAKBANK
2248,2025-05-14 15:00:00+05:30,2088.19,2095.5,2087.0,2092.5,219397,KOTAKBANK
2249,2025-05-14 15:15:00+05:30,2092.5,2096.4,2088.8,2091.9,267137,KOTAKBANK
2250,2025-05-15 09:15:00+05:30,2085.1,2093.1,2078.3,2079.4,292240,KOTAKBANK
2251,2025-05-15 09:30:00+05:30,2079.5,2081.4,2069.0,2070.3,198150,KOTAKBANK
2252,2025-05-15 09:45:00+05:30,2070.1,2072.9,2065.8,2071.19,197211,KOTAKBANK
2253,2025-05-15 10:00:00+05:30,2071.19,2071.5,2065.4,2071.0,140042,KOTAKBANK
2254,2025-05-15 10:15:00+05:30,2070.9,2075.0,2068.4,2073.5,84389,KOTAKBANK
2255,2025-05-15 10:30:00+05:30,2073.19,2092.0,2073.19,2087.3,199625,KOTAKBANK
2256,2025-05-15 10:45:00+05:30,2087.8,2088.9,2080.1,2087.6,70487,KOTAKBANK
2257,2025-05-15 11:00:00+05:30,2088.0,2088.0,2072.0,2072.69,106606,KOTAKBANK
2258,2025-05-15 11:15:00+05:30,2072.69,2075.19,2069.19,2071.6,161955,KOTAKBANK
2259,2025-05-15 11:30:00+05:30,2071.6,2071.69,2068.0,2070.8,95199,KOTAKBANK
2260,2025-05-15 11:45:00+05:30,2070.69,2075.3,2070.0,2074.0,78425,KOTAKBANK
2261,2025-05-15 12:00:00+05:30,2074.0,2078.5,2072.3,2075.0,100154,KOTAKBANK
2262,2025-05-15 12:15:00+05:30,2074.8,2081.5,2070.19,2070.4,95745,KOTAKBANK
2263,2025-05-15 12:30:00+05:30,2070.5,2077.0,2069.8,2071.5,81309,KOTAKBANK
2264,2025-05-15 12:45:00+05:30,2071.5,2077.0,2070.9,2074.5,70198,KOTAKBANK
2265,2025-05-15 13:00:00+05:30,2075.0,2091.3,2074.0,2090.8,304703,KOTAKBANK
2266,2025-05-15 13:15:00+05:30,2090.69,2093.8,2083.69,2091.6,159306,KOTAKBANK
2267,2025-05-15 13:30:00+05:30,2091.6,2102.9,2091.0,2102.6,342565,KOTAKBANK
2268,2025-05-15 13:45:00+05:30,2102.69,2109.5,2101.1,2103.0,243352,KOTAKBANK
2269,2025-05-15 14:00:00+05:30,2103.5,2109.3,2100.0,2106.3,125730,KOTAKBANK
2270,2025-05-15 14:15:00+05:30,2106.3,2112.0,2103.0,2109.9,219420,KOTAKBANK
2271,2025-05-15 14:30:00+05:30,2109.9,2110.8,2101.8,2105.19,186869,KOTAKBANK
2272,2025-05-15 14:45:00+05:30,2105.19,2105.3,2099.6,2102.69,151574,KOTAKBANK
2273,2025-05-15 15:00:00+05:30,2102.69,2110.0,2101.5,2107.5,309448,KOTAKBANK
2274,2025-05-15 15:15:00+05:30,2107.19,2109.3,2100.0,2101.6,241387,KOTAKBANK
2275,2025-05-16 09:15:00+05:30,2099.9,2109.9,2090.69,2096.8,179952,KOTAKBANK
2276,2025-05-16 09:30:00+05:30,2096.3,2101.69,2092.4,2096.9,75796,KOTAKBANK
2277,2025-05-16 09:45:00+05:30,2096.9,2099.0,2092.1,2093.69,41130,KOTAKBANK
2278,2025-05-16 10:00:00+05:30,2093.6,2096.3,2093.1,2094.5,35218,KOTAKBANK
2279,2025-05-16 10:15:00+05:30,2094.5,2099.1,2092.3,2094.1,74155,KOTAKBANK
2280,2025-05-16 10:30:00+05:30,2094.4,2095.0,2091.6,2091.9,41872,KOTAKBANK
2281,2025-05-16 10:45:00+05:30,2091.69,2094.19,2091.19,2091.6,35710,KOTAKBANK
2282,2025-05-16 11:00:00+05:30,2091.4,2094.0,2090.1,2092.0,29414,KOTAKBANK
2283,2025-05-16 11:15:00+05:30,2092.0,2094.0,2092.0,2093.9,20258,KOTAKBANK
2284,2025-05-16 11:30:00+05:30,2093.8,2100.0,2093.6,2097.6,48041,KOTAKBANK
2285,2025-05-16 11:45:00+05:30,2097.5,2099.9,2097.1,2099.19,30545,KOTAKBANK
2286,2025-05-16 12:00:00+05:30,2099.3,2100.5,2099.0,2099.19,36856,KOTAKBANK
2287,2025-05-16 12:15:00+05:30,2099.19,2105.0,2098.6,2100.9,73064,KOTAKBANK
2288,2025-05-16 12:30:00+05:30,2100.9,2114.0,2100.19,2111.8,270533,KOTAKBANK
2289,2025-05-16 12:45:00+05:30,2111.8,2113.0,2105.1,2107.19,67772,KOTAKBANK
2290,2025-05-16 13:00:00+05:30,2107.19,2110.19,2104.3,2105.5,85291,KOTAKBANK
2291,2025-05-16 13:15:00+05:30,2105.5,2107.1,2100.69,2104.8,78255,KOTAKBANK
2292,2025-05-16 13:30:00+05:30,2104.69,2105.69,2101.5,2101.6,37198,KOTAKBANK
2293,2025-05-16 13:45:00+05:30,2101.6,2102.6,2099.0,2101.1,49447,KOTAKBANK
2294,2025-05-16 14:00:00+05:30,2101.1,2104.8,2100.0,2100.4,63724,KOTAKBANK
2295,2025-05-16 14:15:00+05:30,2100.3,2104.8,2098.3,2102.9,97374,KOTAKBANK
2296,2025-05-16 14:30:00+05:30,2102.69,2106.19,2101.6,2104.4,117008,KOTAKBANK
2297,2025-05-16 14:45:00+05:30,2104.3,2107.19,2104.3,2105.0,86397,KOTAKBANK
2298,2025-05-16 15:00:00+05:30,2105.0,2108.9,2105.0,2106.6,169296,KOTAKBANK
2299,2025-05-16 15:15:00+05:30,2106.6,2114.9,2106.5,2109.8,213221,KOTAKBANK
2300,2025-05-19 09:15:00+05:30,2102.0,2118.0,2100.4,2113.6,111228,KOTAKBANK
2301,2025-05-19 09:30:00+05:30,2113.1,2117.4,2110.19,2112.8,30957,KOTAKBANK
2302,2025-05-19 09:45:00+05:30,2112.19,2114.0,2110.1,2110.5,14607,KOTAKBANK
2303,2025-05-19 10:00:00+05:30,2111.19,2113.4,2108.5,2110.8,18303,KOTAKBANK
2304,2025-05-19 10:15:00+05:30,2110.8,2114.4,2109.5,2112.0,28738,KOTAKBANK
2305,2025-05-19 10:30:00+05:30,2112.0,2113.6,2106.8,2108.5,47671,KOTAKBANK
2306,2025-05-19 10:45:00+05:30,2107.9,2115.9,2107.69,2112.0,70707,KOTAKBANK
2307,2025-05-19 11:00:00+05:30,2112.19,2113.5,2109.19,2111.9,34243,KOTAKBANK
2308,2025-05-19 11:15:00+05:30,2111.8,2113.8,2108.4,2109.19,26977,KOTAKBANK
2309,2025-05-19 11:30:00+05:30,2109.3,2110.0,2105.69,2105.69,33918,KOTAKBANK
2310,2025-05-19 11:45:00+05:30,2105.69,2113.0,2105.4,2108.6,126405,KOTAKBANK
2311,2025-05-19 12:00:00+05:30,2107.69,2109.4,2105.1,2107.0,43723,KOTAKBANK
2312,2025-05-19 12:15:00+05:30,2106.3,2119.6,2105.69,2117.8,61181,KOTAKBANK
2313,2025-05-19 12:30:00+05:30,2118.0,2120.8,2114.8,2115.9,111871,KOTAKBANK
2314,2025-05-19 12:45:00+05:30,2115.8,2124.0,2115.5,2122.69,98075,KOTAKBANK
2315,2025-05-19 13:00:00+05:30,2122.0,2122.8,2118.0,2119.4,42123,KOTAKBANK
2316,2025-05-19 13:15:00+05:30,2119.4,2123.0,2119.0,2120.8,82304,KOTAKBANK
2317,2025-05-19 13:30:00+05:30,2121.0,2123.0,2118.5,2119.1,63888,KOTAKBANK
2318,2025-05-19 13:45:00+05:30,2119.1,2120.0,2118.0,2118.69,21233,KOTAKBANK
2319,2025-05-19 14:00:00+05:30,2118.69,2118.9,2111.0,2112.6,56762,KOTAKBANK
2320,2025-05-19 14:15:00+05:30,2112.6,2115.0,2112.0,2113.1,28339,KOTAKBANK
2321,2025-05-19 14:30:00+05:30,2113.19,2114.19,2111.1,2111.1,46622,KOTAKBANK
2322,2025-05-19 14:45:00+05:30,2111.4,2112.0,2107.6,2110.0,86826,KOTAKBANK
2323,2025-05-19 15:00:00+05:30,2110.0,2112.3,2109.0,2111.19,83852,KOTAKBANK
2324,2025-05-19 15:15:00+05:30,2111.3,2113.0,2108.0,2110.0,133880,KOTAKBANK
2325,2025-05-20 09:15:00+05:30,2114.8,2117.9,2100.6,2106.5,774706,KOTAKBANK
2326,2025-05-20 09:30:00+05:30,2106.5,2110.6,2103.3,2104.19,215380,KOTAKBANK
2327,2025-05-20 09:45:00+05:30,2104.1,2106.0,2100.1,2101.8,168720,KOTAKBANK
2328,2025-05-20 10:00:00+05:30,2101.1,2101.5,2094.0,2098.0,95394,KOTAKBANK
2329,2025-05-20 10:15:00+05:30,2097.9,2098.0,2094.19,2095.1,55552,KOTAKBANK
2330,2025-05-20 10:30:00+05:30,2095.19,2098.69,2094.19,2098.0,66173,KOTAKBANK
2331,2025-05-20 10:45:00+05:30,2097.9,2104.19,2097.9,2101.5,59918,KOTAKBANK
2332,2025-05-20 11:00:00+05:30,2101.6,2102.69,2100.19,2101.1,57490,KOTAKBANK
2333,2025-05-20 11:15:00+05:30,2101.1,2101.8,2098.5,2100.4,32998,KOTAKBANK
2334,2025-05-20 11:30:00+05:30,2100.4,2102.8,2099.3,2101.0,43677,KOTAKBANK
2335,2025-05-20 11:45:00+05:30,2100.69,2102.9,2099.6,2100.69,31360,KOTAKBANK
2336,2025-05-20 12:00:00+05:30,2100.69,2104.4,2100.6,2103.5,45802,KOTAKBANK
2337,2025-05-20 12:15:00+05:30,2103.5,2105.0,2100.9,2101.5,91727,KOTAKBANK
2338,2025-05-20 12:30:00+05:30,2101.19,2103.8,2098.19,2101.19,96650,KOTAKBANK
2339,2025-05-20 12:45:00+05:30,2101.6,2102.5,2096.9,2098.5,148238,KOTAKBANK
2340,2025-05-20 13:00:00+05:30,2098.19,2098.5,2093.9,2094.69,96595,KOTAKBANK
2341,2025-05-20 13:15:00+05:30,2094.69,2095.1,2090.1,2091.0,140080,KOTAKBANK
2342,2025-05-20 13:30:00+05:30,2091.0,2093.6,2089.6,2091.6,92205,KOTAKBANK
2343,2025-05-20 13:45:00+05:30,2091.5,2094.0,2089.9,2091.4,177750,KOTAKBANK
2344,2025-05-20 14:00:00+05:30,2091.69,2092.9,2089.0,2090.0,140037,KOTAKBANK
2345,2025-05-20 14:15:00+05:30,2089.69,2090.0,2086.4,2089.1,105573,KOTAKBANK
2346,2025-05-20 14:30:00+05:30,2089.1,2090.1,2085.69,2087.5,122635,KOTAKBANK
2347,2025-05-20 14:45:00+05:30,2087.19,2090.0,2084.69,2087.4,174623,KOTAKBANK
2348,2025-05-20 15:00:00+05:30,2087.3,2092.8,2086.4,2090.0,513862,KOTAKBANK
2349,2025-05-20 15:15:00+05:30,2090.0,2096.5,2088.9,2095.5,360697,KOTAKBANK
2350,2025-05-21 09:15:00+05:30,2095.0,2096.0,2072.0,2074.5,161255,KOTAKBANK
2351,2025-05-21 09:30:00+05:30,2074.5,2080.6,2072.19,2080.19,48262,KOTAKBANK
2352,2025-05-21 09:45:00+05:30,2079.1,2082.3,2076.3,2080.0,45653,KOTAKBANK
2353,2025-05-21 10:00:00+05:30,2080.0,2085.8,2079.1,2085.1,40688,KOTAKBANK
2354,2025-05-21 10:15:00+05:30,2085.1,2089.3,2084.69,2085.1,104204,KOTAKBANK
2355,2025-05-21 10:30:00+05:30,2085.19,2096.3,2085.1,2094.19,35947,KOTAKBANK
2356,2025-05-21 10:45:00+05:30,2094.19,2094.9,2088.3,2089.6,108555,KOTAKBANK
2357,2025-05-21 11:00:00+05:30,2089.6,2092.0,2084.5,2085.0,69410,KOTAKBANK
2358,2025-05-21 11:15:00+05:30,2085.0,2086.6,2079.1,2080.9,97935,KOTAKBANK
2359,2025-05-21 11:30:00+05:30,2080.9,2083.5,2073.4,2073.4,158114,KOTAKBANK
2360,2025-05-21 11:45:00+05:30,2073.4,2074.1,2070.0,2071.69,97364,KOTAKBANK
2361,2025-05-21 12:00:00+05:30,2071.69,2072.69,2062.6,2063.4,133393,KOTAKBANK
2362,2025-05-21 12:15:00+05:30,2063.6,2069.19,2060.0,2067.3,116637,KOTAKBANK
2363,2025-05-21 12:30:00+05:30,2067.3,2072.69,2067.0,2067.6,82328,KOTAKBANK
2364,2025-05-21 12:45:00+05:30,2067.19,2070.0,2065.19,2069.19,48808,KOTAKBANK
2365,2025-05-21 13:00:00+05:30,2069.19,2073.0,2067.8,2071.8,96065,KOTAKBANK
2366,2025-05-21 13:15:00+05:30,2071.9,2076.19,2070.19,2070.6,64449,KOTAKBANK
2367,2025-05-21 13:30:00+05:30,2071.4,2074.6,2069.6,2071.9,85087,KOTAKBANK
2368,2025-05-21 13:45:00+05:30,2072.0,2076.0,2070.69,2074.19,52726,KOTAKBANK
2369,2025-05-21 14:00:00+05:30,2074.19,2075.4,2069.0,2074.19,49422,KOTAKBANK
2370,2025-05-21 14:15:00+05:30,2073.6,2077.69,2072.9,2075.4,31144,KOTAKBANK
2371,2025-05-21 14:30:00+05:30,2075.5,2077.6,2073.0,2074.0,62015,KOTAKBANK
2372,2025-05-21 14:45:00+05:30,2074.5,2075.5,2070.4,2071.3,37806,KOTAKBANK
2373,2025-05-21 15:00:00+05:30,2071.5,2074.9,2069.9,2071.5,151281,KOTAKBANK
2374,2025-05-21 15:15:00+05:30,2071.5,2073.0,2069.0,2072.5,161125,KOTAKBANK
2375,2025-05-22 09:15:00+05:30,2074.0,2074.0,2055.1,2056.0,265721,KOTAKBANK
2376,2025-05-22 09:30:00+05:30,2056.1,2062.5,2052.1,2060.19,158988,KOTAKBANK
2377,2025-05-22 09:45:00+05:30,2060.1,2060.8,2054.0,2056.8,90708,KOTAKBANK
2378,2025-05-22 10:00:00+05:30,2057.19,2057.6,2053.4,2056.5,75617,KOTAKBANK
2379,2025-05-22 10:15:00+05:30,2056.4,2058.4,2053.19,2054.0,72824,KOTAKBANK
2380,2025-05-22 10:30:00+05:30,2053.8,2057.19,2053.19,2055.19,62074,KOTAKBANK
2381,2025-05-22 10:45:00+05:30,2055.19,2060.19,2055.1,2060.0,64655,KOTAKBANK
2382,2025-05-22 11:00:00+05:30,2060.0,2061.3,2058.1,2059.8,55973,KOTAKBANK
2383,2025-05-22 11:15:00+05:30,2059.69,2060.9,2057.6,2059.0,42544,KOTAKBANK
2384,2025-05-22 11:30:00+05:30,2059.0,2059.19,2054.69,2057.5,101113,KOTAKBANK
2385,2025-05-22 11:45:00+05:30,2057.5,2060.6,2055.69,2056.1,101319,KOTAKBANK
2386,2025-05-22 12:00:00+05:30,2056.0,2057.6,2055.5,2055.9,71830,KOTAKBANK
2387,2025-05-22 12:15:00+05:30,2055.9,2056.9,2054.0,2054.1,127175,KOTAKBANK
2388,2025-05-22 12:30:00+05:30,2054.1,2056.3,2052.69,2053.1,73750,KOTAKBANK
2389,2025-05-22 12:45:00+05:30,2053.1,2054.5,2050.69,2051.3,98246,KOTAKBANK
2390,2025-05-22 13:00:00+05:30,2051.9,2056.3,2050.9,2054.69,77086,KOTAKBANK
2391,2025-05-22 13:15:00+05:30,2054.6,2058.19,2054.4,2057.5,66336,KOTAKBANK
2392,2025-05-22 13:30:00+05:30,2058.0,2058.9,2055.1,2056.5,77909,KOTAKBANK
2393,2025-05-22 13:45:00+05:30,2056.4,2058.4,2056.1,2058.0,53106,KOTAKBANK
2394,2025-05-22 14:00:00+05:30,2058.5,2060.8,2057.4,2058.8,46631,KOTAKBANK
2395,2025-05-22 14:15:00+05:30,2058.8,2061.6,2055.5,2058.69,167797,KOTAKBANK
2396,2025-05-22 14:30:00+05:30,2058.1,2066.19,2052.8,2064.1,248764,KOTAKBANK
2397,2025-05-22 14:45:00+05:30,2064.6,2068.9,2060.6,2066.9,355045,KOTAKBANK
2398,2025-05-22 15:00:00+05:30,2066.9,2067.69,2061.19,2064.9,393603,KOTAKBANK
2399,2025-05-22 15:15:00+05:30,2065.0,2077.6,2064.0,2073.0,337457,KOTAKBANK
2400,2025-05-23 09:15:00+05:30,2065.8,2081.3,2065.8,2077.0,81046,KOTAKBANK
2401,2025-05-23 09:30:00+05:30,2077.4,2082.19,2075.3,2081.3,18894,KOTAKBANK
2402,2025-05-23 09:45:00+05:30,2082.1,2083.8,2079.6,2083.8,21847,KOTAKBANK
2403,2025-05-23 10:00:00+05:30,2083.8,2085.8,2081.8,2085.8,23230,KOTAKBANK
2404,2025-05-23 10:15:00+05:30,2085.8,2086.9,2077.69,2080.19,25912,KOTAKBANK
2405,2025-05-23 10:30:00+05:30,2079.6,2083.1,2078.6,2083.1,11099,KOTAKBANK
2406,2025-05-23 10:45:00+05:30,2083.0,2089.1,2082.0,2087.3,143021,KOTAKBANK
2407,2025-05-23 11:00:00+05:30,2087.3,2088.69,2083.0,2085.4,98042,KOTAKBANK
2408,2025-05-23 11:15:00+05:30,2085.4,2089.69,2083.8,2089.69,87480,KOTAKBANK
2409,2025-05-23 11:30:00+05:30,2089.5,2094.5,2087.9,2093.4,130918,KOTAKBANK
2410,2025-05-23 11:45:00+05:30,2093.6,2094.0,2085.4,2087.0,76041,KOTAKBANK
2411,2025-05-23 12:00:00+05:30,2086.3,2094.0,2084.69,2088.5,124318,KOTAKBANK
2412,2025-05-23 12:15:00+05:30,2088.5,2094.9,2088.5,2094.3,63084,KOTAKBANK
2413,2025-05-23 12:30:00+05:30,2094.3,2099.6,2093.1,2097.8,39743,KOTAKBANK
2414,2025-05-23 12:45:00+05:30,2097.8,2099.9,2096.5,2098.4,31040,KOTAKBANK
2415,2025-05-23 13:00:00+05:30,2098.4,2100.0,2098.0,2099.5,23316,KOTAKBANK
2416,2025-05-23 13:15:00+05:30,2099.0,2100.8,2097.6,2100.19,23854,KOTAKBANK
2417,2025-05-23 13:30:00+05:30,2100.0,2102.19,2097.9,2099.69,88384,KOTAKBANK
2418,2025-05-23 13:45:00+05:30,2099.69,2105.0,2098.5,2104.8,72924,KOTAKBANK
2419,2025-05-23 14:00:00+05:30,2104.3,2109.3,2103.69,2105.4,62498,KOTAKBANK
2420,2025-05-23 14:15:00+05:30,2105.4,2107.1,2103.69,2105.9,25533,KOTAKBANK
2421,2025-05-23 14:30:00+05:30,2105.19,2106.3,2101.6,2102.5,29790,KOTAKBANK
2422,2025-05-23 14:45:00+05:30,2102.5,2105.0,2099.3,2100.4,64687,KOTAKBANK
2423,2025-05-23 15:00:00+05:30,2101.0,2103.8,2099.0,2100.69,143879,KOTAKBANK
2424,2025-05-23 15:15:00+05:30,2100.69,2101.9,2097.9,2101.0,139241,KOTAKBANK
2425,2025-05-26 09:15:00+05:30,2090.1,2111.0,2090.1,2111.0,247097,KOTAKBANK
2426,2025-05-26 09:30:00+05:30,2110.3,2112.0,2098.5,2103.9,67853,KOTAKBANK
2427,2025-05-26 09:45:00+05:30,2103.8,2108.0,2103.3,2106.0,31050,KOTAKBANK
2428,2025-05-26 10:00:00+05:30,2106.0,2106.9,2102.3,2102.5,26016,KOTAKBANK
2429,2025-05-26 10:15:00+05:30,2103.0,2104.19,2090.3,2093.3,57648,KOTAKBANK
2430,2025-05-26 10:30:00+05:30,2093.9,2094.19,2085.1,2093.9,45885,KOTAKBANK
2431,2025-05-26 10:45:00+05:30,2093.5,2098.0,2091.3,2096.19,44637,KOTAKBANK
2432,2025-05-26 11:00:00+05:30,2096.69,2097.8,2092.69,2096.1,34199,KOTAKBANK
2433,2025-05-26 11:15:00+05:30,2096.1,2103.19,2093.19,2096.19,50276,KOTAKBANK
2434,2025-05-26 11:30:00+05:30,2096.19,2096.9,2091.0,2095.8,90676,KOTAKBANK
2435,2025-05-26 11:45:00+05:30,2095.3,2101.1,2092.4,2098.4,113096,KOTAKBANK
2436,2025-05-26 12:00:00+05:30,2098.4,2099.19,2093.3,2094.9,47254,KOTAKBANK
2437,2025-05-26 12:15:00+05:30,2094.9,2098.1,2093.0,2096.0,61294,KOTAKBANK
2438,2025-05-26 12:30:00+05:30,2096.0,2097.9,2092.9,2093.9,30635,KOTAKBANK
2439,2025-05-26 12:45:00+05:30,2093.9,2096.5,2089.1,2094.0,67627,KOTAKBANK
2440,2025-05-26 13:00:00+05:30,2094.0,2097.4,2091.9,2096.4,90589,KOTAKBANK
2441,2025-05-26 13:15:00+05:30,2095.5,2097.3,2092.6,2094.1,41265,KOTAKBANK
2442,2025-05-26 13:30:00+05:30,2094.1,2096.9,2093.5,2096.5,48541,KOTAKBANK
2443,2025-05-26 13:45:00+05:30,2096.5,2097.5,2091.19,2091.4,22887,KOTAKBANK
2444,2025-05-26 14:00:00+05:30,2091.3,2093.6,2089.1,2089.69,45048,KOTAKBANK
2445,2025-05-26 14:15:00+05:30,2090.0,2090.4,2087.5,2088.8,101435,KOTAKBANK
2446,2025-05-26 14:30:00+05:30,2088.8,2091.4,2087.3,2090.4,88509,KOTAKBANK
2447,2025-05-26 14:45:00+05:30,2090.69,2092.0,2087.4,2089.5,110701,KOTAKBANK
2448,2025-05-26 15:00:00+05:30,2089.5,2090.5,2088.19,2088.4,194978,KOTAKBANK
2449,2025-05-26 15:15:00+05:30,2088.6,2094.9,2087.5,2090.0,278723,KOTAKBANK
2450,2025-05-27 09:15:00+05:30,2090.0,2090.0,2067.4,2068.3,220422,KOTAKBANK
2451,2025-05-27 09:30:00+05:30,2068.3,2078.0,2065.19,2073.0,70763,KOTAKBANK
2452,2025-05-27 09:45:00+05:30,2073.0,2073.19,2066.19,2066.4,66644,KOTAKBANK
2453,2025-05-27 10:00:00+05:30,2066.4,2070.0,2065.3,2067.19,73069,KOTAKBANK
2454,2025-05-27 10:15:00+05:30,2067.19,2070.0,2066.0,2067.19,36596,KOTAKBANK
2455,2025-05-27 10:30:00+05:30,2067.19,2071.6,2067.0,2069.1,45903,KOTAKBANK
2456,2025-05-27 10:45:00+05:30,2068.6,2074.1,2068.5,2070.5,68254,KOTAKBANK
2457,2025-05-27 11:00:00+05:30,2070.19,2082.5,2069.4,2077.0,187108,KOTAKBANK
2458,2025-05-27 11:15:00+05:30,2077.0,2095.3,2076.69,2095.3,211441,KOTAKBANK
2459,2025-05-27 11:30:00+05:30,2095.3,2099.0,2087.3,2090.19,94771,KOTAKBANK
2460,2025-05-27 11:45:00+05:30,2090.3,2091.69,2083.5,2088.3,62376,KOTAKBANK
2461,2025-05-27 12:00:00+05:30,2088.1,2090.0,2085.0,2087.8,59050,KOTAKBANK
2462,2025-05-27 12:15:00+05:30,2087.8,2089.4,2075.4,2077.6,108538,KOTAKBANK
2463,2025-05-27 12:30:00+05:30,2077.5,2082.19,2073.5,2078.8,150566,KOTAKBANK
2464,2025-05-27 12:45:00+05:30,2078.8,2081.8,2073.5,2075.69,90446,KOTAKBANK
2465,2025-05-27 13:00:00+05:30,2075.6,2078.8,2073.8,2076.0,109557,KOTAKBANK
2466,2025-05-27 13:15:00+05:30,2075.9,2077.6,2070.9,2074.4,73151,KOTAKBANK
2467,2025-05-27 13:30:00+05:30,2074.8,2080.6,2074.69,2078.69,67177,KOTAKBANK
2468,2025-05-27 13:45:00+05:30,2078.5,2082.8,2073.1,2073.1,74923,KOTAKBANK
2469,2025-05-27 14:00:00+05:30,2073.4,2075.3,2069.8,2072.4,83732,KOTAKBANK
2470,2025-05-27 14:15:00+05:30,2072.3,2075.0,2064.3,2066.1,171859,KOTAKBANK
2471,2025-05-27 14:30:00+05:30,2066.0,2068.4,2061.19,2063.19,167624,KOTAKBANK
2472,2025-05-27 14:45:00+05:30,2063.1,2075.0,2062.4,2075.0,325281,KOTAKBANK
2473,2025-05-27 15:00:00+05:30,2074.8,2081.19,2073.3,2078.3,449068,KOTAKBANK
2474,2025-05-27 15:15:00+05:30,2078.3,2080.1,2068.6,2075.0,388172,KOTAKBANK
2475,2025-05-28 09:15:00+05:30,2075.0,2080.4,2067.4,2068.19,112241,KOTAKBANK
2476,2025-05-28 09:30:00+05:30,2068.1,2075.6,2067.1,2074.5,21478,KOTAKBANK
2477,2025-05-28 09:45:00+05:30,2074.5,2076.69,2067.1,2070.1,46366,KOTAKBANK
2478,2025-05-28 10:00:00+05:30,2069.5,2070.1,2066.0,2067.3,20543,KOTAKBANK
2479,2025-05-28 10:15:00+05:30,2066.6,2069.19,2065.1,2067.3,23933,KOTAKBANK
2480,2025-05-28 10:30:00+05:30,2066.3,2072.19,2063.9,2069.8,61907,KOTAKBANK
2481,2025-05-28 10:45:00+05:30,2069.0,2072.8,2068.6,2071.69,32032,KOTAKBANK
2482,2025-05-28 11:00:00+05:30,2071.69,2073.0,2066.8,2067.9,48207,KOTAKBANK
2483,2025-05-28 11:15:00+05:30,2067.8,2068.0,2064.19,2065.8,88209,KOTAKBANK
2484,2025-05-28 11:30:00+05:30,2065.19,2066.0,2063.4,2065.4,32806,KOTAKBANK
2485,2025-05-28 11:45:00+05:30,2065.4,2068.4,2064.4,2065.3,54314,KOTAKBANK
2486,2025-05-28 12:00:00+05:30,2065.3,2066.5,2064.19,2065.0,33255,KOTAKBANK
2487,2025-05-28 12:15:00+05:30,2065.69,2067.4,2065.0,2066.0,57180,KOTAKBANK
2488,2025-05-28 12:30:00+05:30,2066.0,2072.3,2065.69,2070.69,43126,KOTAKBANK
2489,2025-05-28 12:45:00+05:30,2070.69,2074.0,2069.9,2072.69,23703,KOTAKBANK
2490,2025-05-28 13:00:00+05:30,2072.9,2075.0,2071.6,2072.3,51820,KOTAKBANK
2491,2025-05-28 13:15:00+05:30,2073.0,2076.6,2066.6,2072.69,167169,KOTAKBANK
2492,2025-05-28 13:30:00+05:30,2073.19,2073.9,2068.19,2072.0,114069,KOTAKBANK
2493,2025-05-28 13:45:00+05:30,2071.5,2072.19,2068.0,2070.5,64709,KOTAKBANK
2494,2025-05-28 14:00:00+05:30,2071.19,2074.0,2069.6,2073.3,21053,KOTAKBANK
2495,2025-05-28 14:15:00+05:30,2073.3,2074.0,2069.19,2070.6,42742,KOTAKBANK
2496,2025-05-28 14:30:00+05:30,2069.9,2079.4,2069.19,2075.69,106445,KOTAKBANK
2497,2025-05-28 14:45:00+05:30,2075.69,2076.5,2071.1,2074.3,73152,KOTAKBANK
2498,2025-05-28 15:00:00+05:30,2074.3,2076.0,2071.19,2073.6,150427,KOTAKBANK
2499,2025-05-28 15:15:00+05:30,2073.6,2076.5,2073.19,2075.8,142531,KOTAKBANK
2500,2025-05-29 09:15:00+05:30,2077.3,2087.0,2072.8,2076.0,199298,KOTAKBANK
2501,2025-05-29 09:30:00+05:30,2076.19,2082.0,2074.3,2079.69,142471,KOTAKBANK
2502,2025-05-29 09:45:00+05:30,2079.4,2080.0,2074.3,2077.19,44676,KOTAKBANK
2503,2025-05-29 10:00:00+05:30,2077.19,2082.19,2069.1,2070.8,188941,KOTAKBANK
2504,2025-05-29 10:15:00+05:30,2070.8,2072.5,2068.1,2069.4,95744,KOTAKBANK
2505,2025-05-29 10:30:00+05:30,2069.0,2069.69,2062.0,2065.0,130889,KOTAKBANK
2506,2025-05-29 10:45:00+05:30,2064.9,2066.69,2063.0,2064.5,60049,KOTAKBANK
2507,2025-05-29 11:00:00+05:30,2064.4,2066.19,2062.0,2064.0,88574,KOTAKBANK
2508,2025-05-29 11:15:00+05:30,2064.4,2066.0,2061.0,2064.3,85744,KOTAKBANK
2509,2025-05-29 11:30:00+05:30,2064.69,2065.69,2060.69,2060.69,103994,KOTAKBANK
2510,2025-05-29 11:45:00+05:30,2061.19,2062.5,2059.69,2060.3,66384,KOTAKBANK
2511,2025-05-29 12:00:00+05:30,2060.19,2062.0,2058.5,2058.9,71749,KOTAKBANK
2512,2025-05-29 12:15:00+05:30,2058.9,2060.5,2055.0,2059.9,134819,KOTAKBANK
2513,2025-05-29 12:30:00+05:30,2059.9,2063.1,2057.1,2059.1,160720,KOTAKBANK
2514,2025-05-29 12:45:00+05:30,2058.9,2068.6,2057.69,2066.5,228553,KOTAKBANK
2515,2025-05-29 13:00:00+05:30,2066.6,2067.8,2061.19,2064.69,151821,KOTAKBANK
2516,2025-05-29 13:15:00+05:30,2064.6,2069.4,2061.1,2069.4,227314,KOTAKBANK
2517,2025-05-29 13:30:00+05:30,2069.4,2072.0,2068.6,2071.19,82503,KOTAKBANK
2518,2025-05-29 13:45:00+05:30,2071.69,2074.19,2070.0,2072.5,147983,KOTAKBANK
2519,2025-05-29 14:00:00+05:30,2072.5,2074.8,2066.19,2068.3,258532,KOTAKBANK
2520,2025-05-29 14:15:00+05:30,2068.9,2068.9,2062.9,2065.8,133472,KOTAKBANK
2521,2025-05-29 14:30:00+05:30,2065.5,2067.0,2063.19,2065.5,192334,KOTAKBANK
2522,2025-05-29 14:45:00+05:30,2065.5,2066.5,2060.19,2063.8,317435,KOTAKBANK
2523,2025-05-29 15:00:00+05:30,2063.8,2087.4,2063.69,2087.0,860962,KOTAKBANK
2524,2025-05-29 15:15:00+05:30,2087.0,2096.0,2083.1,2095.5,805934,KOTAKBANK
2525,2025-05-30 09:15:00+05:30,2081.6,2090.19,2072.69,2087.69,160065,KOTAKBANK
2526,2025-05-30 09:30:00+05:30,2088.1,2088.1,2077.9,2079.6,95156,KOTAKBANK
2527,2025-05-30 09:45:00+05:30,2079.6,2080.0,2072.4,2075.5,133839,KOTAKBANK
2528,2025-05-30 10:00:00+05:30,2075.5,2081.19,2073.0,2080.1,133970,KOTAKBANK
2529,2025-05-30 10:15:00+05:30,2080.4,2083.0,2079.0,2081.4,94475,KOTAKBANK
2530,2025-05-30 10:30:00+05:30,2081.5,2081.5,2074.3,2075.0,91063,KOTAKBANK
2531,2025-05-30 10:45:00+05:30,2075.1,2075.1,2072.5,2073.6,99913,KOTAKBANK
2532,2025-05-30 11:00:00+05:30,2073.69,2075.9,2073.4,2075.1,127863,KOTAKBANK
2533,2025-05-30 11:15:00+05:30,2075.1,2080.0,2074.9,2079.1,95016,KOTAKBANK
2534,2025-05-30 11:30:00+05:30,2079.1,2080.6,2074.5,2075.0,107623,KOTAKBANK
2535,2025-05-30 11:45:00+05:30,2075.1,2077.0,2071.19,2071.19,131064,KOTAKBANK
2536,2025-05-30 12:00:00+05:30,2071.4,2071.5,2067.19,2067.5,98904,KOTAKBANK
2537,2025-05-30 12:15:00+05:30,2067.5,2069.8,2065.8,2068.5,93195,KOTAKBANK
2538,2025-05-30 12:30:00+05:30,2068.6,2071.69,2066.69,2066.69,116677,KOTAKBANK
2539,2025-05-30 12:45:00+05:30,2066.8,2072.1,2066.69,2070.1,105489,KOTAKBANK
2540,2025-05-30 13:00:00+05:30,2070.1,2073.19,2069.6,2071.6,143280,KOTAKBANK
2541,2025-05-30 13:15:00+05:30,2071.6,2072.1,2065.6,2068.6,193201,KOTAKBANK
2542,2025-05-30 13:30:00+05:30,2068.6,2071.19,2066.9,2067.3,182998,KOTAKBANK
2543,2025-05-30 13:45:00+05:30,2067.5,2071.5,2066.19,2070.0,161044,KOTAKBANK
2544,2025-05-30 14:00:00+05:30,2070.1,2071.69,2065.5,2067.69,186023,KOTAKBANK
2545,2025-05-30 14:15:00+05:30,2067.6,2072.6,2066.0,2071.4,187511,KOTAKBANK
2546,2025-05-30 14:30:00+05:30,2071.19,2073.6,2067.0,2067.69,159870,KOTAKBANK
2547,2025-05-30 14:45:00+05:30,2067.8,2072.0,2065.69,2071.1,205626,KOTAKBANK
2548,2025-05-30 15:00:00+05:30,2071.0,2078.6,2069.5,2074.6,3384458,KOTAKBANK
2549,2025-05-30 15:15:00+05:30,2074.6,2083.19,2071.4,2077.3,3316966,KOTAKBANK
2550,2025-06-02 09:15:00+05:30,2067.0,2075.8,2051.2,2054.6,214373,KOTAKBANK
2551,2025-06-02 09:30:00+05:30,2054.6,2069.9,2051.2,2067.6,165519,KOTAKBANK
2552,2025-06-02 09:45:00+05:30,2067.8,2071.9,2058.4,2064.9,158235,KOTAKBANK
2553,2025-06-02 10:00:00+05:30,2064.9,2067.2,2061.2,2062.8,60948,KOTAKBANK
2554,2025-06-02 10:15:00+05:30,2062.8,2067.9,2060.2,2064.0,56413,KOTAKBANK
2555,2025-06-02 10:30:00+05:30,2063.2,2068.1,2063.0,2064.5,51945,KOTAKBANK
2556,2025-06-02 10:45:00+05:30,2064.5,2065.1,2060.4,2061.4,48134,KOTAKBANK
2557,2025-06-02 11:00:00+05:30,2061.4,2062.2,2058.1,2058.4,70048,KOTAKBANK
2558,2025-06-02 11:15:00+05:30,2058.6,2063.1,2057.0,2060.0,80607,KOTAKBANK
2559,2025-06-02 11:30:00+05:30,2060.0,2066.3,2059.5,2065.7,52511,KOTAKBANK
2560,2025-06-02 11:45:00+05:30,2065.7,2069.7,2062.6,2068.0,93029,KOTAKBANK
2561,2025-06-02 12:00:00+05:30,2068.0,2068.0,2064.9,2065.3,77456,KOTAKBANK
2562,2025-06-02 12:15:00+05:30,2065.3,2066.5,2064.3,2065.6,87813,KOTAKBANK
2563,2025-06-02 12:30:00+05:30,2065.7,2071.9,2065.0,2067.6,116103,KOTAKBANK
2564,2025-06-02 12:45:00+05:30,2067.8,2068.7,2062.8,2063.9,119704,KOTAKBANK
2565,2025-06-02 13:00:00+05:30,2063.5,2065.6,2060.6,2062.5,81865,KOTAKBANK
2566,2025-06-02 13:15:00+05:30,2062.6,2064.1,2061.5,2062.0,53202,KOTAKBANK
2567,2025-06-02 13:30:00+05:30,2062.0,2067.1,2061.6,2066.2,77757,KOTAKBANK
2568,2025-06-02 13:45:00+05:30,2066.7,2067.8,2061.8,2062.6,87228,KOTAKBANK
2569,2025-06-02 14:00:00+05:30,2062.8,2065.4,2062.1,2064.7,92253,KOTAKBANK
2570,2025-06-02 14:15:00+05:30,2064.7,2065.3,2061.5,2061.5,102838,KOTAKBANK
2571,2025-06-02 14:30:00+05:30,2061.6,2062.9,2056.4,2059.2,137015,KOTAKBANK
2572,2025-06-02 14:45:00+05:30,2058.9,2063.6,2057.8,2063.1,131720,KOTAKBANK
2573,2025-06-02 15:00:00+05:30,2063.1,2068.1,2063.1,2064.2,189201,KOTAKBANK
2574,2025-06-02 15:15:00+05:30,2064.3,2065.2,2060.1,2061.2,295208,KOTAKBANK
2575,2025-06-03 09:15:00+05:30,2070.0,2075.8,2056.0,2057.2,559521,KOTAKBANK
2576,2025-06-03 09:30:00+05:30,2057.0,2057.0,2049.4,2049.4,381297,KOTAKBANK
2577,2025-06-03 09:45:00+05:30,2049.4,2055.0,2047.0,2050.9,287333,KOTAKBANK
2578,2025-06-03 10:00:00+05:30,2050.4,2052.0,2043.0,2043.5,235418,KOTAKBANK
2579,2025-06-03 10:15:00+05:30,2043.5,2059.2,2043.0,2054.9,383195,KOTAKBANK
2580,2025-06-03 10:30:00+05:30,2054.4,2058.5,2045.7,2049.1,196749,KOTAKBANK
2581,2025-06-03 10:45:00+05:30,2049.1,2051.8,2046.6,2049.0,137036,KOTAKBANK
2582,2025-06-03 11:00:00+05:30,2048.9,2049.9,2045.0,2045.0,147667,KOTAKBANK
2583,2025-06-03 11:15:00+05:30,2045.0,2050.2,2043.5,2050.2,183516,KOTAKBANK
2584,2025-06-03 11:30:00+05:30,2050.1,2054.0,2046.3,2049.3,173467,KOTAKBANK
2585,2025-06-03 11:45:00+05:30,2049.4,2051.0,2046.0,2046.7,148789,KOTAKBANK
2586,2025-06-03 12:00:00+05:30,2046.7,2048.8,2043.2,2043.5,179771,KOTAKBANK
2587,2025-06-03 12:15:00+05:30,2043.4,2044.8,2040.8,2042.2,185498,KOTAKBANK
2588,2025-06-03 12:30:00+05:30,2042.2,2048.0,2041.6,2046.4,175165,KOTAKBANK
2589,2025-06-03 12:45:00+05:30,2046.4,2046.6,2035.2,2038.3,263262,KOTAKBANK
2590,2025-06-03 13:00:00+05:30,2038.3,2040.7,2034.6,2039.1,315838,KOTAKBANK
2591,2025-06-03 13:15:00+05:30,2039.0,2040.4,2035.4,2036.2,219616,KOTAKBANK
2592,2025-06-03 13:30:00+05:30,2036.1,2040.0,2035.0,2035.9,227436,KOTAKBANK
2593,2025-06-03 13:45:00+05:30,2035.7,2038.7,2035.0,2037.9,206282,KOTAKBANK
2594,2025-06-03 14:00:00+05:30,2037.8,2039.5,2034.2,2038.4,236546,KOTAKBANK
2595,2025-06-03 14:15:00+05:30,2038.3,2043.4,2037.9,2042.0,230614,KOTAKBANK
2596,2025-06-03 14:30:00+05:30,2041.8,2048.8,2041.5,2048.1,281375,KOTAKBANK
2597,2025-06-03 14:45:00+05:30,2048.1,2049.6,2044.2,2046.8,248181,KOTAKBANK
2598,2025-06-03 15:00:00+05:30,2046.8,2049.6,2043.2,2045.0,418783,KOTAKBANK
2599,2025-06-03 15:15:00+05:30,2045.0,2048.7,2038.2,2041.0,441332,KOTAKBANK
2600,2025-06-04 09:15:00+05:30,2047.1,2051.9,2040.8,2046.3,147076,KOTAKBANK
2601,2025-06-04 09:30:00+05:30,2045.7,2049.3,2044.4,2047.0,39247,KOTAKBANK
2602,2025-06-04 09:45:00+05:30,2047.1,2050.0,2045.1,2049.4,36236,KOTAKBANK
2603,2025-06-04 10:00:00+05:30,2049.6,2054.0,2049.3,2050.6,39409,KOTAKBANK
2604,2025-06-04 10:15:00+05:30,2050.6,2055.0,2048.9,2054.3,33288,KOTAKBANK
2605,2025-06-04 10:30:00+05:30,2054.9,2058.5,2054.3,2057.1,42293,KOTAKBANK
2606,2025-06-04 10:45:00+05:30,2057.9,2058.0,2052.9,2054.1,42275,KOTAKBANK
2607,2025-06-04 11:00:00+05:30,2054.8,2054.9,2052.5,2052.5,34782,KOTAKBANK
2608,2025-06-04 11:15:00+05:30,2053.4,2053.4,2049.0,2050.0,63753,KOTAKBANK
2609,2025-06-04 11:30:00+05:30,2050.0,2050.4,2047.1,2048.8,42260,KOTAKBANK
2610,2025-06-04 11:45:00+05:30,2048.8,2050.0,2047.8,2050.0,34860,KOTAKBANK
2611,2025-06-04 12:00:00+05:30,2050.0,2050.7,2048.0,2050.2,39090,KOTAKBANK
2612,2025-06-04 12:15:00+05:30,2050.2,2050.2,2047.4,2048.8,51358,KOTAKBANK
2613,2025-06-04 12:30:00+05:30,2048.8,2049.5,2046.4,2048.0,55455,KOTAKBANK
2614,2025-06-04 12:45:00+05:30,2048.0,2050.4,2047.0,2049.9,70016,KOTAKBANK
2615,2025-06-04 13:00:00+05:30,2049.9,2052.7,2049.0,2049.1,93786,KOTAKBANK
2616,2025-06-04 13:15:00+05:30,2049.6,2051.8,2048.7,2051.7,103776,KOTAKBANK
2617,2025-06-04 13:30:00+05:30,2051.6,2055.1,2050.7,2054.3,57719,KOTAKBANK
2618,2025-06-04 13:45:00+05:30,2054.3,2056.5,2053.7,2055.9,58867,KOTAKBANK
2619,2025-06-04 14:00:00+05:30,2056.1,2056.7,2053.3,2055.5,99003,KOTAKBANK
2620,2025-06-04 14:15:00+05:30,2055.5,2056.1,2050.2,2050.9,91126,KOTAKBANK
2621,2025-06-04 14:30:00+05:30,2050.9,2052.9,2048.7,2050.3,131780,KOTAKBANK
2622,2025-06-04 14:45:00+05:30,2050.9,2052.3,2048.2,2052.2,176007,KOTAKBANK
2623,2025-06-04 15:00:00+05:30,2052.2,2052.2,2044.2,2044.9,394911,KOTAKBANK
2624,2025-06-04 15:15:00+05:30,2044.9,2051.2,2044.6,2050.0,352604,KOTAKBANK
2625,2025-06-05 09:15:00+05:30,2054.8,2054.8,2040.1,2044.0,160709,KOTAKBANK
2626,2025-06-05 09:30:00+05:30,2044.0,2051.0,2042.9,2048.0,98399,KOTAKBANK
2627,2025-06-05 09:45:00+05:30,2048.0,2056.4,2047.9,2054.6,67191,KOTAKBANK
2628,2025-06-05 10:00:00+05:30,2054.4,2054.9,2049.7,2050.2,22332,KOTAKBANK
2629,2025-06-05 10:15:00+05:30,2050.2,2052.9,2048.6,2050.2,78806,KOTAKBANK
2630,2025-06-05 10:30:00+05:30,2050.2,2054.4,2047.9,2049.2,126368,KOTAKBANK
2631,2025-06-05 10:45:00+05:30,2049.5,2049.6,2043.1,2045.0,87495,KOTAKBANK
2632,2025-06-05 11:00:00+05:30,2044.9,2045.5,2041.4,2043.0,79595,KOTAKBANK
2633,2025-06-05 11:15:00+05:30,2043.0,2048.1,2042.9,2046.6,100436,KOTAKBANK
2634,2025-06-05 11:30:00+05:30,2046.6,2048.6,2046.2,2046.8,41216,KOTAKBANK
2635,2025-06-05 11:45:00+05:30,2047.0,2047.9,2042.2,2045.0,70352,KOTAKBANK
2636,2025-06-05 12:00:00+05:30,2045.0,2053.0,2044.7,2052.9,100484,KOTAKBANK
2637,2025-06-05 12:15:00+05:30,2053.0,2054.1,2041.0,2045.5,125983,KOTAKBANK
2638,2025-06-05 12:30:00+05:30,2045.5,2048.0,2042.0,2043.5,85349,KOTAKBANK
2639,2025-06-05 12:45:00+05:30,2043.0,2045.5,2040.0,2042.0,171590,KOTAKBANK
2640,2025-06-05 13:00:00+05:30,2041.2,2042.9,2039.9,2040.4,132437,KOTAKBANK
2641,2025-06-05 13:15:00+05:30,2040.3,2042.0,2038.3,2039.7,169963,KOTAKBANK
2642,2025-06-05 13:30:00+05:30,2039.7,2041.7,2036.6,2040.0,171947,KOTAKBANK
2643,2025-06-05 13:45:00+05:30,2040.0,2044.6,2039.6,2041.4,120113,KOTAKBANK
2644,2025-06-05 14:00:00+05:30,2041.2,2044.7,2040.6,2043.8,65873,KOTAKBANK
2645,2025-06-05 14:15:00+05:30,2043.5,2046.7,2041.3,2044.9,160213,KOTAKBANK
2646,2025-06-05 14:30:00+05:30,2044.9,2045.9,2041.9,2043.6,104283,KOTAKBANK
2647,2025-06-05 14:45:00+05:30,2043.5,2045.2,2038.1,2038.6,257817,KOTAKBANK
2648,2025-06-05 15:00:00+05:30,2038.6,2042.6,2034.2,2042.1,705813,KOTAKBANK
2649,2025-06-05 15:15:00+05:30,2042.1,2045.3,2037.1,2038.7,420445,KOTAKBANK
2650,2025-06-06 09:15:00+05:30,2043.9,2043.9,2037.1,2041.5,72258,KOTAKBANK
2651,2025-06-06 09:30:00+05:30,2041.5,2046.1,2040.9,2042.8,90818,KOTAKBANK
2652,2025-06-06 09:45:00+05:30,2042.6,2043.4,2038.5,2041.3,91902,KOTAKBANK
2653,2025-06-06 10:00:00+05:30,2041.8,2050.9,2036.2,2042.1,121580,KOTAKBANK
2654,2025-06-06 10:15:00+05:30,2042.5,2047.9,2033.8,2047.3,611357,KOTAKBANK
2655,2025-06-06 10:30:00+05:30,2047.3,2077.5,2047.2,2073.7,617868,KOTAKBANK
2656,2025-06-06 10:45:00+05:30,2073.4,2075.7,2065.0,2073.7,242598,KOTAKBANK
2657,2025-06-06 11:00:00+05:30,2073.6,2084.9,2072.9,2079.0,369152,KOTAKBANK
2658,2025-06-06 11:15:00+05:30,2079.0,2079.5,2065.0,2067.0,200005,KOTAKBANK
2659,2025-06-06 11:30:00+05:30,2066.5,2070.9,2065.5,2067.2,72539,KOTAKBANK
2660,2025-06-06 11:45:00+05:30,2067.2,2068.0,2065.9,2068.0,54653,KOTAKBANK
2661,2025-06-06 12:00:00+05:30,2068.0,2068.6,2065.8,2067.0,73124,KOTAKBANK
2662,2025-06-06 12:15:00+05:30,2067.5,2071.5,2066.5,2070.4,214571,KOTAKBANK
2663,2025-06-06 12:30:00+05:30,2070.8,2070.8,2067.3,2068.1,192375,KOTAKBANK
2664,2025-06-06 12:45:00+05:30,2068.7,2070.2,2067.7,2069.0,136096,KOTAKBANK
2665,2025-06-06 13:00:00+05:30,2069.0,2072.8,2068.0,2072.3,59636,KOTAKBANK
2666,2025-06-06 13:15:00+05:30,2072.4,2075.3,2069.3,2072.2,110362,KOTAKBANK
2667,2025-06-06 13:30:00+05:30,2072.2,2072.8,2069.8,2071.5,61044,KOTAKBANK
2668,2025-06-06 13:45:00+05:30,2071.5,2072.6,2070.6,2072.2,65103,KOTAKBANK
2669,2025-06-06 14:00:00+05:30,2072.0,2073.0,2070.4,2071.0,53630,KOTAKBANK
2670,2025-06-06 14:15:00+05:30,2071.0,2073.2,2070.3,2072.8,79683,KOTAKBANK
2671,2025-06-06 14:30:00+05:30,2072.8,2072.9,2067.6,2069.5,66399,KOTAKBANK
2672,2025-06-06 14:45:00+05:30,2069.5,2073.4,2067.9,2072.2,102969,KOTAKBANK
2673,2025-06-06 15:00:00+05:30,2073.1,2076.2,2072.0,2072.8,264049,KOTAKBANK
2674,2025-06-06 15:15:00+05:30,2072.8,2074.6,2068.3,2072.0,399372,KOTAKBANK
2675,2025-06-09 09:15:00+05:30,2111.0,2121.0,2090.0,2116.4,1002733,KOTAKBANK
2676,2025-06-09 09:30:00+05:30,2117.3,2132.8,2116.0,2131.6,599518,KOTAKBANK
2677,2025-06-09 09:45:00+05:30,2131.0,2136.4,2128.2,2133.2,371757,KOTAKBANK
2678,2025-06-09 10:00:00+05:30,2133.2,2138.0,2130.3,2132.6,362817,KOTAKBANK
2679,2025-06-09 10:15:00+05:30,2133.4,2133.9,2130.5,2132.3,110312,KOTAKBANK
2680,2025-06-09 10:30:00+05:30,2132.3,2139.7,2132.0,2134.5,261863,KOTAKBANK
2681,2025-06-09 10:45:00+05:30,2134.5,2136.0,2133.3,2134.5,158503,KOTAKBANK
2682,2025-06-09 11:00:00+05:30,2134.5,2137.0,2133.5,2134.1,195353,KOTAKBANK
2683,2025-06-09 11:15:00+05:30,2134.0,2136.0,2132.8,2134.0,215933,KOTAKBANK
2684,2025-06-09 11:30:00+05:30,2134.0,2138.9,2134.0,2135.4,135891,KOTAKBANK
2685,2025-06-09 11:45:00+05:30,2135.5,2136.2,2134.2,2135.1,99487,KOTAKBANK
2686,2025-06-09 12:00:00+05:30,2134.9,2135.4,2133.3,2134.8,81581,KOTAKBANK
2687,2025-06-09 12:15:00+05:30,2134.8,2138.0,2132.4,2138.0,71361,KOTAKBANK
2688,2025-06-09 12:30:00+05:30,2138.0,2142.4,2136.1,2136.9,165000,KOTAKBANK
2689,2025-06-09 12:45:00+05:30,2137.3,2139.8,2135.0,2138.7,80844,KOTAKBANK
2690,2025-06-09 13:00:00+05:30,2138.2,2141.7,2138.0,2140.4,53708,KOTAKBANK
2691,2025-06-09 13:15:00+05:30,2140.4,2141.2,2137.7,2139.9,56197,KOTAKBANK
2692,2025-06-09 13:30:00+05:30,2140.0,2140.7,2137.7,2140.1,46642,KOTAKBANK
2693,2025-06-09 13:45:00+05:30,2140.7,2141.4,2138.1,2138.7,51077,KOTAKBANK
2694,2025-06-09 14:00:00+05:30,2138.9,2139.2,2135.3,2135.4,86800,KOTAKBANK
2695,2025-06-09 14:15:00+05:30,2135.4,2140.0,2135.2,2136.9,111096,KOTAKBANK
2696,2025-06-09 14:30:00+05:30,2137.8,2138.4,2135.0,2135.1,125802,KOTAKBANK
2697,2025-06-09 14:45:00+05:30,2135.3,2138.2,2135.0,2136.9,157924,KOTAKBANK
2698,2025-06-09 15:00:00+05:30,2137.0,2138.7,2135.1,2137.1,269747,KOTAKBANK
2699,2025-06-09 15:15:00+05:30,2137.1,2141.0,2135.5,2140.8,907042,KOTAKBANK
2700,2025-06-10 09:15:00+05:30,2146.7,2150.1,2138.2,2143.0,603057,KOTAKBANK
2701,2025-06-10 09:30:00+05:30,2143.1,2152.3,2138.5,2150.2,432629,KOTAKBANK
2702,2025-06-10 09:45:00+05:30,2150.1,2161.2,2148.0,2161.0,349169,KOTAKBANK
2703,2025-06-10 10:00:00+05:30,2161.1,2170.0,2161.0,2169.5,175013,KOTAKBANK
2704,2025-06-10 10:15:00+05:30,2169.5,2172.9,2166.3,2167.0,171348,KOTAKBANK
2705,2025-06-10 10:30:00+05:30,2167.2,2170.5,2164.1,2169.8,92381,KOTAKBANK
2706,2025-06-10 10:45:00+05:30,2169.8,2170.2,2159.8,2161.0,111882,KOTAKBANK
2707,2025-06-10 11:00:00+05:30,2161.0,2165.9,2160.6,2164.4,95502,KOTAKBANK
2708,2025-06-10 11:15:00+05:30,2164.4,2165.9,2158.8,2159.9,183533,KOTAKBANK
2709,2025-06-10 11:30:00+05:30,2159.9,2163.0,2158.6,2162.5,64970,KOTAKBANK
2710,2025-06-10 11:45:00+05:30,2162.5,2164.9,2162.0,2162.0,91079,KOTAKBANK
2711,2025-06-10 12:00:00+05:30,2162.5,2164.0,2162.0,2162.1,103245,KOTAKBANK
2712,2025-06-10 12:15:00+05:30,2162.1,2163.3,2159.0,2160.2,313597,KOTAKBANK
2713,2025-06-10 12:30:00+05:30,2160.2,2165.0,2160.1,2164.6,119793,KOTAKBANK
2714,2025-06-10 12:45:00+05:30,2164.6,2167.1,2163.0,2163.1,75225,KOTAKBANK
2715,2025-06-10 13:00:00+05:30,2163.1,2164.7,2162.0,2162.2,71523,KOTAKBANK
2716,2025-06-10 13:15:00+05:30,2162.2,2163.9,2162.0,2163.0,245116,KOTAKBANK
2717,2025-06-10 13:30:00+05:30,2163.0,2164.6,2162.0,2162.1,68644,KOTAKBANK
2718,2025-06-10 13:45:00+05:30,2162.1,2163.1,2156.5,2157.6,137419,KOTAKBANK
2719,2025-06-10 14:00:00+05:30,2158.0,2158.5,2155.1,2156.1,148294,KOTAKBANK
2720,2025-06-10 14:15:00+05:30,2156.7,2156.9,2152.0,2154.7,110745,KOTAKBANK
2721,2025-06-10 14:30:00+05:30,2154.7,2155.7,2150.1,2151.2,160354,KOTAKBANK
2722,2025-06-10 14:45:00+05:30,2151.2,2151.9,2148.2,2150.4,187025,KOTAKBANK
2723,2025-06-10 15:00:00+05:30,2150.4,2154.3,2147.5,2151.4,463752,KOTAKBANK
2724,2025-06-10 15:15:00+05:30,2151.4,2153.6,2147.0,2148.0,340405,KOTAKBANK
2725,2025-06-11 09:15:00+05:30,2149.0,2150.2,2135.4,2137.6,131787,KOTAKBANK
2726,2025-06-11 09:30:00+05:30,2137.5,2138.2,2133.0,2137.6,45345,KOTAKBANK
2727,2025-06-11 09:45:00+05:30,2137.8,2139.1,2134.2,2137.5,36990,KOTAKBANK
2728,2025-06-11 10:00:00+05:30,2138.0,2144.7,2137.5,2144.6,30942,KOTAKBANK
2729,2025-06-11 10:15:00+05:30,2144.6,2147.7,2142.4,2142.5,33716,KOTAKBANK
2730,2025-06-11 10:30:00+05:30,2142.7,2147.8,2142.7,2147.0,35513,KOTAKBANK
2731,2025-06-11 10:45:00+05:30,2147.3,2148.5,2145.1,2148.4,25150,KOTAKBANK
2732,2025-06-11 11:00:00+05:30,2148.3,2160.7,2146.0,2158.8,217098,KOTAKBANK
2733,2025-06-11 11:15:00+05:30,2157.9,2160.0,2155.4,2156.5,96414,KOTAKBANK
2734,2025-06-11 11:30:00+05:30,2156.5,2157.7,2155.7,2156.2,53809,KOTAKBANK
2735,2025-06-11 11:45:00+05:30,2156.1,2159.7,2156.1,2158.3,47204,KOTAKBANK
2736,2025-06-11 12:00:00+05:30,2158.0,2158.8,2155.1,2157.8,44999,KOTAKBANK
2737,2025-06-11 12:15:00+05:30,2157.5,2158.4,2151.9,2153.4,66690,KOTAKBANK
2738,2025-06-11 12:30:00+05:30,2153.4,2154.5,2148.4,2149.1,129448,KOTAKBANK
2739,2025-06-11 12:45:00+05:30,2149.0,2149.3,2144.0,2147.6,111155,KOTAKBANK
2740,2025-06-11 13:00:00+05:30,2147.3,2147.9,2144.1,2144.5,16538,KOTAKBANK
2741,2025-06-11 13:15:00+05:30,2144.5,2146.4,2143.3,2145.2,27194,KOTAKBANK
2742,2025-06-11 13:30:00+05:30,2145.2,2146.1,2142.7,2144.3,23439,KOTAKBANK
2743,2025-06-11 13:45:00+05:30,2144.2,2144.9,2140.6,2142.2,17059,KOTAKBANK
2744,2025-06-11 14:00:00+05:30,2142.6,2143.1,2139.4,2139.9,18650,KOTAKBANK
2745,2025-06-11 14:15:00+05:30,2139.9,2142.0,2138.0,2140.1,75913,KOTAKBANK
2746,2025-06-11 14:30:00+05:30,2140.3,2144.6,2139.9,2143.8,60059,KOTAKBANK
2747,2025-06-11 14:45:00+05:30,2143.4,2147.9,2142.7,2145.4,54537,KOTAKBANK
2748,2025-06-11 15:00:00+05:30,2145.4,2150.0,2143.1,2143.9,262168,KOTAKBANK
2749,2025-06-11 15:15:00+05:30,2144.8,2149.9,2141.2,2148.5,120166,KOTAKBANK
2750,2025-06-12 09:15:00+05:30,2145.3,2148.8,2140.2,2146.9,127448,KOTAKBANK
2751,2025-06-12 09:30:00+05:30,2146.9,2147.3,2141.3,2142.3,59469,KOTAKBANK
2752,2025-06-12 09:45:00+05:30,2141.9,2144.1,2139.1,2142.4,60458,KOTAKBANK
2753,2025-06-12 10:00:00+05:30,2142.5,2142.5,2136.1,2136.7,81163,KOTAKBANK
2754,2025-06-12 10:15:00+05:30,2136.6,2142.2,2135.3,2141.2,25849,KOTAKBANK
2755,2025-06-12 10:30:00+05:30,2141.2,2143.8,2140.0,2141.2,29308,KOTAKBANK
2756,2025-06-12 10:45:00+05:30,2141.0,2141.6,2135.3,2135.5,75254,KOTAKBANK
2757,2025-06-12 11:00:00+05:30,2135.3,2137.0,2135.3,2135.3,35333,KOTAKBANK
2758,2025-06-12 11:15:00+05:30,2135.3,2138.9,2135.3,2136.2,62223,KOTAKBANK
2759,2025-06-12 11:30:00+05:30,2135.9,2136.2,2132.7,2134.4,110012,KOTAKBANK
2760,2025-06-12 11:45:00+05:30,2134.3,2136.9,2133.7,2135.4,94522,KOTAKBANK
2761,2025-06-12 12:00:00+05:30,2135.3,2136.7,2133.1,2133.9,55438,KOTAKBANK
2762,2025-06-12 12:15:00+05:30,2134.6,2136.5,2133.9,2135.3,44830,KOTAKBANK
2763,2025-06-12 12:30:00+05:30,2135.3,2137.5,2134.0,2134.2,134877,KOTAKBANK
2764,2025-06-12 12:45:00+05:30,2134.2,2135.5,2133.0,2133.0,42681,KOTAKBANK
2765,2025-06-12 13:00:00+05:30,2132.9,2132.9,2129.1,2130.2,86310,KOTAKBANK
2766,2025-06-12 13:15:00+05:30,2130.3,2130.9,2123.2,2124.3,132124,KOTAKBANK
2767,2025-06-12 13:30:00+05:30,2124.3,2129.1,2123.6,2126.9,248246,KOTAKBANK
2768,2025-06-12 13:45:00+05:30,2126.1,2128.6,2123.8,2126.3,182546,KOTAKBANK
2769,2025-06-12 14:00:00+05:30,2126.8,2127.2,2122.2,2125.9,132359,KOTAKBANK
2770,2025-06-12 14:15:00+05:30,2126.0,2127.7,2123.8,2124.3,146991,KOTAKBANK
2771,2025-06-12 14:30:00+05:30,2124.3,2130.5,2124.2,2124.2,209618,KOTAKBANK
2772,2025-06-12 14:45:00+05:30,2124.5,2128.6,2124.0,2126.4,113299,KOTAKBANK
2773,2025-06-12 15:00:00+05:30,2126.4,2129.5,2124.6,2125.6,483462,KOTAKBANK
2774,2025-06-12 15:15:00+05:30,2125.4,2128.5,2122.2,2122.2,204316,KOTAKBANK
2775,2025-06-13 09:15:00+05:30,2072.0,2104.4,2072.0,2085.1,419679,KOTAKBANK
2776,2025-06-13 09:30:00+05:30,2085.3,2088.5,2075.0,2085.9,226467,KOTAKBANK
2777,2025-06-13 09:45:00+05:30,2085.9,2091.2,2079.4,2088.1,241565,KOTAKBANK
2778,2025-06-13 10:00:00+05:30,2088.8,2091.2,2085.0,2088.3,106676,KOTAKBANK
2779,2025-06-13 10:15:00+05:30,2088.3,2094.2,2083.1,2090.6,135619,KOTAKBANK
2780,2025-06-13 10:30:00+05:30,2090.1,2096.3,2088.8,2094.0,287947,KOTAKBANK
2781,2025-06-13 10:45:00+05:30,2094.2,2100.5,2093.0,2095.1,232721,KOTAKBANK
2782,2025-06-13 11:00:00+05:30,2095.6,2099.3,2094.2,2095.1,190048,KOTAKBANK
2783,2025-06-13 11:15:00+05:30,2095.3,2104.1,2094.3,2104.1,207769,KOTAKBANK
2784,2025-06-13 11:30:00+05:30,2104.2,2110.9,2104.1,2105.8,75788,KOTAKBANK
2785,2025-06-13 11:45:00+05:30,2106.0,2109.9,2105.8,2108.9,29429,KOTAKBANK
2786,2025-06-13 12:00:00+05:30,2109.5,2111.2,2104.5,2106.8,69540,KOTAKBANK
2787,2025-06-13 12:15:00+05:30,2106.8,2110.8,2105.0,2107.2,137070,KOTAKBANK
2788,2025-06-13 12:30:00+05:30,2107.7,2110.5,2106.7,2109.5,136103,KOTAKBANK
2789,2025-06-13 12:45:00+05:30,2109.5,2110.1,2103.7,2105.2,74791,KOTAKBANK
2790,2025-06-13 13:00:00+05:30,2105.2,2107.4,2102.0,2107.0,69488,KOTAKBANK
2791,2025-06-13 13:15:00+05:30,2106.3,2107.0,2104.0,2105.6,90967,KOTAKBANK
2792,2025-06-13 13:30:00+05:30,2105.0,2111.2,2105.0,2110.0,40985,KOTAKBANK
2793,2025-06-13 13:45:00+05:30,2110.0,2113.5,2108.4,2110.1,68532,KOTAKBANK
2794,2025-06-13 14:00:00+05:30,2110.4,2110.4,2105.1,2108.1,264914,KOTAKBANK
2795,2025-06-13 14:15:00+05:30,2108.6,2110.5,2104.9,2109.3,101364,KOTAKBANK
2796,2025-06-13 14:30:00+05:30,2110.0,2110.1,2103.5,2104.8,130362,KOTAKBANK
2797,2025-06-13 14:45:00+05:30,2104.6,2107.7,2102.1,2105.0,110218,KOTAKBANK
2798,2025-06-13 15:00:00+05:30,2105.0,2122.0,2103.6,2107.0,596058,KOTAKBANK
2799,2025-06-13 15:15:00+05:30,2106.8,2109.6,2102.1,2106.0,423061,KOTAKBANK
2800,2025-06-16 09:15:00+05:30,2107.9,2109.9,2088.8,2105.0,176183,KOTAKBANK
2801,2025-06-16 09:30:00+05:30,2105.4,2114.2,2103.5,2114.0,68953,KOTAKBANK
2802,2025-06-16 09:45:00+05:30,2114.2,2117.5,2109.0,2114.4,93610,KOTAKBANK
2803,2025-06-16 10:00:00+05:30,2114.9,2120.4,2113.0,2120.1,145353,KOTAKBANK
2804,2025-06-16 10:15:00+05:30,2120.1,2130.1,2119.2,2127.9,164243,KOTAKBANK
2805,2025-06-16 10:30:00+05:30,2127.9,2129.2,2121.6,2128.9,158302,KOTAKBANK
2806,2025-06-16 10:45:00+05:30,2128.9,2130.8,2124.1,2125.3,102165,KOTAKBANK
2807,2025-06-16 11:00:00+05:30,2126.0,2133.6,2124.9,2131.2,151840,KOTAKBANK
2808,2025-06-16 11:15:00+05:30,2131.2,2132.3,2126.6,2128.6,91879,KOTAKBANK
2809,2025-06-16 11:30:00+05:30,2128.6,2130.9,2127.0,2130.0,86208,KOTAKBANK
2810,2025-06-16 11:45:00+05:30,2130.0,2133.4,2126.7,2133.4,94757,KOTAKBANK
2811,2025-06-16 12:00:00+05:30,2133.4,2137.5,2132.9,2137.0,98694,KOTAKBANK
2812,2025-06-16 12:15:00+05:30,2137.0,2138.1,2134.1,2137.6,64208,KOTAKBANK
2813,2025-06-16 12:30:00+05:30,2137.7,2141.6,2136.5,2138.4,135231,KOTAKBANK
2814,2025-06-16 12:45:00+05:30,2138.4,2139.1,2136.1,2138.1,55728,KOTAKBANK
2815,2025-06-16 13:00:00+05:30,2138.7,2139.2,2137.7,2138.5,26169,KOTAKBANK
2816,2025-06-16 13:15:00+05:30,2138.5,2141.9,2138.0,2139.2,120441,KOTAKBANK
2817,2025-06-16 13:30:00+05:30,2139.2,2141.7,2135.7,2135.7,104073,KOTAKBANK
2818,2025-06-16 13:45:00+05:30,2135.7,2139.0,2133.9,2137.2,101148,KOTAKBANK
2819,2025-06-16 14:00:00+05:30,2138.0,2138.7,2135.1,2136.9,209181,KOTAKBANK
2820,2025-06-16 14:15:00+05:30,2137.0,2138.0,2133.1,2133.1,82249,KOTAKBANK
2821,2025-06-16 14:30:00+05:30,2133.1,2134.6,2132.0,2132.7,73992,KOTAKBANK
2822,2025-06-16 14:45:00+05:30,2133.6,2137.5,2132.0,2137.5,89553,KOTAKBANK
2823,2025-06-16 15:00:00+05:30,2137.3,2140.9,2134.6,2139.6,242324,KOTAKBANK
2824,2025-06-16 15:15:00+05:30,2139.6,2144.7,2136.8,2138.0,205051,KOTAKBANK
2825,2025-06-17 09:15:00+05:30,2139.0,2155.8,2130.2,2149.8,235999,KOTAKBANK
2826,2025-06-17 09:30:00+05:30,2150.0,2155.5,2148.5,2150.7,371747,KOTAKBANK
2827,2025-06-17 09:45:00+05:30,2150.8,2151.8,2142.3,2144.3,93463,KOTAKBANK
2828,2025-06-17 10:00:00+05:30,2144.9,2145.9,2140.1,2141.5,41882,KOTAKBANK
2829,2025-06-17 10:15:00+05:30,2141.7,2146.9,2141.1,2142.5,26948,KOTAKBANK
2830,2025-06-17 10:30:00+05:30,2142.5,2148.4,2142.0,2146.6,20298,KOTAKBANK
2831,2025-06-17 10:45:00+05:30,2146.7,2146.9,2140.1,2141.1,69787,KOTAKBANK
2832,2025-06-17 11:00:00+05:30,2141.1,2141.2,2138.6,2139.5,37684,KOTAKBANK
2833,2025-06-17 11:15:00+05:30,2139.5,2141.9,2138.1,2140.5,59598,KOTAKBANK
2834,2025-06-17 11:30:00+05:30,2140.5,2142.0,2138.1,2139.6,51695,KOTAKBANK
2835,2025-06-17 11:45:00+05:30,2140.1,2144.0,2140.0,2142.2,62521,KOTAKBANK
2836,2025-06-17 12:00:00+05:30,2142.2,2142.3,2136.9,2137.2,28304,KOTAKBANK
2837,2025-06-17 12:15:00+05:30,2137.5,2137.7,2133.3,2134.4,84544,KOTAKBANK
2838,2025-06-17 12:30:00+05:30,2134.5,2136.6,2132.5,2134.0,93702,KOTAKBANK
2839,2025-06-17 12:45:00+05:30,2134.0,2136.7,2132.9,2135.6,70872,KOTAKBANK
2840,2025-06-17 13:00:00+05:30,2135.7,2138.3,2135.3,2136.8,45253,KOTAKBANK
2841,2025-06-17 13:15:00+05:30,2136.9,2139.0,2135.1,2137.3,43731,KOTAKBANK
2842,2025-06-17 13:30:00+05:30,2137.5,2140.1,2134.6,2135.5,147562,KOTAKBANK
2843,2025-06-17 13:45:00+05:30,2135.5,2136.7,2133.0,2135.7,129643,KOTAKBANK
2844,2025-06-17 14:00:00+05:30,2135.8,2136.1,2133.2,2135.1,124575,KOTAKBANK
2845,2025-06-17 14:15:00+05:30,2135.2,2135.2,2131.6,2133.3,125145,KOTAKBANK
2846,2025-06-17 14:30:00+05:30,2133.4,2135.2,2132.1,2133.9,107662,KOTAKBANK
2847,2025-06-17 14:45:00+05:30,2134.0,2135.3,2131.9,2134.6,204759,KOTAKBANK
2848,2025-06-17 15:00:00+05:30,2134.6,2140.4,2133.4,2136.9,496239,KOTAKBANK
2849,2025-06-17 15:15:00+05:30,2136.9,2139.6,2131.1,2137.0,334463,KOTAKBANK
2850,2025-06-18 09:15:00+05:30,2125.0,2130.0,2111.7,2112.3,329294,KOTAKBANK
2851,2025-06-18 09:30:00+05:30,2112.3,2118.5,2108.7,2116.6,196094,KOTAKBANK
2852,2025-06-18 09:45:00+05:30,2116.9,2122.4,2114.9,2120.8,75201,KOTAKBANK
2853,2025-06-18 10:00:00+05:30,2121.4,2125.2,2120.7,2121.4,67084,KOTAKBANK
2854,2025-06-18 10:15:00+05:30,2121.4,2125.1,2120.7,2121.5,81053,KOTAKBANK
2855,2025-06-18 10:30:00+05:30,2121.5,2126.3,2120.1,2122.7,88429,KOTAKBANK
2856,2025-06-18 10:45:00+05:30,2123.0,2124.9,2114.1,2117.1,140843,KOTAKBANK
2857,2025-06-18 11:00:00+05:30,2117.2,2119.7,2116.7,2119.4,64055,KOTAKBANK
2858,2025-06-18 11:15:00+05:30,2119.4,2120.0,2117.7,2119.7,72141,KOTAKBANK
2859,2025-06-18 11:30:00+05:30,2119.7,2120.0,2112.1,2117.1,264189,KOTAKBANK
2860,2025-06-18 11:45:00+05:30,2117.1,2118.6,2114.9,2118.0,47249,KOTAKBANK
2861,2025-06-18 12:00:00+05:30,2118.0,2123.4,2118.0,2121.2,209952,KOTAKBANK
2862,2025-06-18 12:15:00+05:30,2121.2,2122.0,2119.1,2120.4,38122,KOTAKBANK
2863,2025-06-18 12:30:00+05:30,2120.4,2120.9,2118.5,2120.0,111315,KOTAKBANK
2864,2025-06-18 12:45:00+05:30,2120.0,2121.4,2118.5,2120.0,75144,KOTAKBANK
2865,2025-06-18 13:00:00+05:30,2119.9,2122.5,2118.9,2121.8,40740,KOTAKBANK
2866,2025-06-18 13:15:00+05:30,2121.8,2126.9,2118.9,2126.9,164491,KOTAKBANK
2867,2025-06-18 13:30:00+05:30,2126.5,2131.3,2125.1,2127.5,331356,KOTAKBANK
2868,2025-06-18 13:45:00+05:30,2127.5,2129.2,2127.0,2128.0,65731,KOTAKBANK
2869,2025-06-18 14:00:00+05:30,2127.6,2128.9,2127.0,2127.2,46404,KOTAKBANK
2870,2025-06-18 14:15:00+05:30,2127.4,2127.8,2121.1,2123.0,333869,KOTAKBANK
2871,2025-06-18 14:30:00+05:30,2122.7,2124.9,2121.8,2122.6,81204,KOTAKBANK
2872,2025-06-18 14:45:00+05:30,2122.6,2133.0,2121.1,2129.3,160309,KOTAKBANK
2873,2025-06-18 15:00:00+05:30,2129.4,2137.4,2129.3,2132.4,505564,KOTAKBANK
2874,2025-06-18 15:15:00+05:30,2132.4,2134.9,2130.6,2134.9,310768,KOTAKBANK
2875,2025-06-19 09:15:00+05:30,2139.5,2150.0,2133.1,2148.7,224194,KOTAKBANK
2876,2025-06-19 09:30:00+05:30,2148.7,2149.9,2144.3,2148.6,73106,KOTAKBANK
2877,2025-06-19 09:45:00+05:30,2148.6,2151.9,2143.9,2146.7,84669,KOTAKBANK
2878,2025-06-19 10:00:00+05:30,2146.4,2149.9,2145.0,2148.0,76838,KOTAKBANK
2879,2025-06-19 10:15:00+05:30,2147.7,2154.7,2147.7,2152.3,97652,KOTAKBANK
2880,2025-06-19 10:30:00+05:30,2152.3,2153.0,2147.0,2149.9,126700,KOTAKBANK
2881,2025-06-19 10:45:00+05:30,2149.9,2152.8,2146.5,2148.9,86953,KOTAKBANK
2882,2025-06-19 11:00:00+05:30,2149.0,2152.0,2147.5,2152.0,122410,KOTAKBANK
2883,2025-06-19 11:15:00+05:30,2151.8,2153.6,2147.5,2150.1,149982,KOTAKBANK
2884,2025-06-19 11:30:00+05:30,2150.1,2154.0,2148.7,2149.7,96549,KOTAKBANK
2885,2025-06-19 11:45:00+05:30,2149.4,2151.5,2148.6,2151.4,96096,KOTAKBANK
2886,2025-06-19 12:00:00+05:30,2151.4,2151.6,2148.5,2151.4,127889,KOTAKBANK
2887,2025-06-19 12:15:00+05:30,2151.3,2153.0,2150.1,2152.4,84214,KOTAKBANK
2888,2025-06-19 12:30:00+05:30,2152.4,2152.9,2145.8,2146.4,125235,KOTAKBANK
2889,2025-06-19 12:45:00+05:30,2146.5,2148.0,2142.9,2146.0,86567,KOTAKBANK
2890,2025-06-19 13:00:00+05:30,2145.9,2149.6,2144.8,2147.9,169184,KOTAKBANK
2891,2025-06-19 13:15:00+05:30,2147.9,2148.6,2147.0,2148.3,70251,KOTAKBANK
2892,2025-06-19 13:30:00+05:30,2148.6,2151.6,2147.5,2148.0,75759,KOTAKBANK
2893,2025-06-19 13:45:00+05:30,2148.1,2150.0,2146.9,2149.1,100919,KOTAKBANK
2894,2025-06-19 14:00:00+05:30,2149.2,2150.0,2147.2,2148.5,152134,KOTAKBANK
2895,2025-06-19 14:15:00+05:30,2148.7,2149.4,2147.0,2147.5,101130,KOTAKBANK
2896,2025-06-19 14:30:00+05:30,2147.4,2150.8,2147.0,2148.3,189442,KOTAKBANK
2897,2025-06-19 14:45:00+05:30,2148.2,2149.5,2147.0,2148.5,91441,KOTAKBANK
2898,2025-06-19 15:00:00+05:30,2148.5,2149.5,2145.5,2145.6,456712,KOTAKBANK
2899,2025-06-19 15:15:00+05:30,2145.7,2147.7,2140.5,2143.1,339063,KOTAKBANK
2900,2025-06-20 09:15:00+05:30,2145.0,2154.5,2137.1,2137.3,92230,KOTAKBANK
2901,2025-06-20 09:30:00+05:30,2137.7,2139.5,2131.3,2137.9,59232,KOTAKBANK
2902,2025-06-20 09:45:00+05:30,2137.9,2141.3,2136.2,2140.7,45554,KOTAKBANK
2903,2025-06-20 10:00:00+05:30,2140.8,2146.7,2140.1,2146.7,40369,KOTAKBANK
2904,2025-06-20 10:15:00+05:30,2146.7,2151.6,2146.0,2150.7,56697,KOTAKBANK
2905,2025-06-20 10:30:00+05:30,2150.7,2153.0,2147.7,2151.8,104191,KOTAKBANK
2906,2025-06-20 10:45:00+05:30,2151.1,2152.9,2149.2,2149.8,39152,KOTAKBANK
2907,2025-06-20 11:00:00+05:30,2150.1,2150.6,2146.6,2148.1,71343,KOTAKBANK
2908,2025-06-20 11:15:00+05:30,2148.4,2149.6,2145.0,2146.6,45012,KOTAKBANK
2909,2025-06-20 11:30:00+05:30,2146.6,2152.0,2146.1,2150.4,57592,KOTAKBANK
2910,2025-06-20 11:45:00+05:30,2150.5,2158.0,2149.6,2152.7,69164,KOTAKBANK
2911,2025-06-20 12:00:00+05:30,2152.7,2156.4,2152.1,2156.3,38738,KOTAKBANK
2912,2025-06-20 12:15:00+05:30,2156.4,2156.4,2147.8,2149.1,51249,KOTAKBANK
2913,2025-06-20 12:30:00+05:30,2149.1,2157.0,2149.0,2156.5,89024,KOTAKBANK
2914,2025-06-20 12:45:00+05:30,2157.0,2159.1,2156.0,2157.4,71376,KOTAKBANK
2915,2025-06-20 13:00:00+05:30,2157.4,2161.8,2157.1,2160.7,51632,KOTAKBANK
2916,2025-06-20 13:15:00+05:30,2160.7,2161.9,2159.8,2160.2,43807,KOTAKBANK
2917,2025-06-20 13:30:00+05:30,2160.2,2162.0,2159.0,2160.9,34452,KOTAKBANK
2918,2025-06-20 13:45:00+05:30,2161.0,2162.0,2158.3,2160.7,30041,KOTAKBANK
2919,2025-06-20 14:00:00+05:30,2160.7,2160.9,2157.6,2158.0,70669,KOTAKBANK
2920,2025-06-20 14:15:00+05:30,2158.3,2159.3,2153.0,2153.3,56948,KOTAKBANK
2921,2025-06-20 14:30:00+05:30,2153.3,2155.1,2152.7,2154.8,100921,KOTAKBANK
2922,2025-06-20 14:45:00+05:30,2154.8,2159.7,2153.7,2159.4,138392,KOTAKBANK
2923,2025-06-20 15:00:00+05:30,2159.4,2174.0,2158.9,2172.9,1058709,KOTAKBANK
2924,2025-06-20 15:15:00+05:30,2172.9,2176.0,2161.9,2164.0,855016,KOTAKBANK
2925,2025-06-23 09:15:00+05:30,2158.1,2163.0,2154.2,2154.7,86293,KOTAKBANK
2926,2025-06-23 09:30:00+05:30,2154.7,2157.0,2151.2,2155.0,29698,KOTAKBANK
2927,2025-06-23 09:45:00+05:30,2154.0,2156.0,2151.2,2155.0,20325,KOTAKBANK
2928,2025-06-23 10:00:00+05:30,2155.2,2156.4,2153.0,2154.0,41941,KOTAKBANK
2929,2025-06-23 10:15:00+05:30,2154.1,2158.6,2152.6,2157.0,32845,KOTAKBANK
2930,2025-06-23 10:30:00+05:30,2157.0,2161.9,2156.8,2160.7,28538,KOTAKBANK
2931,2025-06-23 10:45:00+05:30,2160.7,2166.0,2160.1,2163.7,60627,KOTAKBANK
2932,2025-06-23 11:00:00+05:30,2163.7,2164.7,2161.0,2164.5,29084,KOTAKBANK
2933,2025-06-23 11:15:00+05:30,2164.5,2165.0,2161.6,2164.1,29734,KOTAKBANK
2934,2025-06-23 11:30:00+05:30,2164.1,2166.0,2163.5,2166.0,15243,KOTAKBANK
2935,2025-06-23 11:45:00+05:30,2165.9,2168.7,2164.0,2165.7,70658,KOTAKBANK
2936,2025-06-23 12:00:00+05:30,2165.1,2170.9,2164.8,2170.9,49649,KOTAKBANK
2937,2025-06-23 12:15:00+05:30,2170.9,2174.7,2169.7,2170.4,47186,KOTAKBANK
2938,2025-06-23 12:30:00+05:30,2170.4,2171.8,2168.5,2170.1,30341,KOTAKBANK
2939,2025-06-23 12:45:00+05:30,2170.1,2170.2,2166.0,2168.2,40166,KOTAKBANK
2940,2025-06-23 13:00:00+05:30,2168.4,2172.0,2168.0,2172.0,27334,KOTAKBANK
2941,2025-06-23 13:15:00+05:30,2172.0,2183.0,2171.1,2181.7,59650,KOTAKBANK
2942,2025-06-23 13:30:00+05:30,2181.7,2183.0,2174.2,2174.6,87236,KOTAKBANK
2943,2025-06-23 13:45:00+05:30,2174.3,2179.2,2173.9,2178.8,47074,KOTAKBANK
2944,2025-06-23 14:00:00+05:30,2178.4,2181.0,2175.5,2176.2,99667,KOTAKBANK
2945,2025-06-23 14:15:00+05:30,2176.2,2180.6,2175.0,2178.4,104526,KOTAKBANK
2946,2025-06-23 14:30:00+05:30,2178.4,2181.4,2175.7,2176.9,84413,KOTAKBANK
2947,2025-06-23 14:45:00+05:30,2177.2,2178.0,2175.0,2177.3,61733,KOTAKBANK
2948,2025-06-23 15:00:00+05:30,2177.2,2188.5,2176.8,2186.7,349352,KOTAKBANK
2949,2025-06-23 15:15:00+05:30,2186.7,2189.7,2177.6,2177.8,187292,KOTAKBANK
2950,2025-06-24 09:15:00+05:30,2208.0,2214.0,2199.0,2207.0,303451,KOTAKBANK
2951,2025-06-24 09:30:00+05:30,2207.4,2208.3,2191.9,2199.0,228039,KOTAKBANK
2952,2025-06-24 09:45:00+05:30,2199.0,2199.9,2191.4,2195.6,58070,KOTAKBANK
2953,2025-06-24 10:00:00+05:30,2196.3,2206.0,2195.0,2205.9,54586,KOTAKBANK
2954,2025-06-24 10:15:00+05:30,2205.9,2207.9,2200.0,2202.7,80330,KOTAKBANK
2955,2025-06-24 10:30:00+05:30,2203.0,2209.0,2202.7,2205.9,79171,KOTAKBANK
2956,2025-06-24 10:45:00+05:30,2206.0,2210.0,2198.7,2209.0,94472,KOTAKBANK
2957,2025-06-24 11:00:00+05:30,2208.8,2214.0,2208.3,2211.1,76907,KOTAKBANK
2958,2025-06-24 11:15:00+05:30,2211.5,2224.8,2210.8,2223.0,202409,KOTAKBANK
2959,2025-06-24 11:30:00+05:30,2223.1,2225.4,2219.0,2220.2,158887,KOTAKBANK
2960,2025-06-24 11:45:00+05:30,2220.2,2224.8,2219.0,2224.4,161575,KOTAKBANK
2961,2025-06-24 12:00:00+05:30,2224.4,2232.8,2224.0,2231.1,148933,KOTAKBANK
2962,2025-06-24 12:15:00+05:30,2231.1,2233.6,2229.1,2232.3,268807,KOTAKBANK
2963,2025-06-24 12:30:00+05:30,2232.5,2233.0,2216.2,2218.5,143011,KOTAKBANK
2964,2025-06-24 12:45:00+05:30,2218.6,2230.1,2218.0,2227.5,126124,KOTAKBANK
2965,2025-06-24 13:00:00+05:30,2227.8,2230.0,2222.7,2222.8,163056,KOTAKBANK
2966,2025-06-24 13:15:00+05:30,2223.0,2225.5,2213.3,2214.3,132521,KOTAKBANK
2967,2025-06-24 13:30:00+05:30,2214.6,2218.3,2207.1,2212.0,338174,KOTAKBANK
2968,2025-06-24 13:45:00+05:30,2212.1,2215.9,2207.8,2212.5,219614,KOTAKBANK
2969,2025-06-24 14:00:00+05:30,2212.5,2214.9,2210.0,2214.2,190385,KOTAKBANK
2970,2025-06-24 14:15:00+05:30,2214.2,2216.9,2212.1,2215.4,257381,KOTAKBANK
2971,2025-06-24 14:30:00+05:30,2215.5,2223.5,2215.3,2223.5,309178,KOTAKBANK
2972,2025-06-24 14:45:00+05:30,2222.9,2224.2,2217.7,2220.0,395344,KOTAKBANK
2973,2025-06-24 15:00:00+05:30,2220.0,2227.6,2219.6,2227.5,834827,KOTAKBANK
2974,2025-06-24 15:15:00+05:30,2227.7,2229.0,2218.0,2219.8,579233,KOTAKBANK
2975,2025-06-25 09:15:00+05:30,2223.0,2223.6,2201.7,2214.8,389394,KOTAKBANK
2976,2025-06-25 09:30:00+05:30,2214.8,2218.0,2210.1,2214.4,557857,KOTAKBANK
2977,2025-06-25 09:45:00+05:30,2214.7,2215.5,2202.6,2204.3,113700,KOTAKBANK
2978,2025-06-25 10:00:00+05:30,2203.7,2204.4,2200.5,2201.4,65717,KOTAKBANK
2979,2025-06-25 10:15:00+05:30,2201.4,2205.0,2201.4,2203.4,50599,KOTAKBANK
2980,2025-06-25 10:30:00+05:30,2203.4,2207.3,2202.0,2205.1,76402,KOTAKBANK
2981,2025-06-25 10:45:00+05:30,2205.1,2207.1,2202.2,2205.5,64658,KOTAKBANK
2982,2025-06-25 11:00:00+05:30,2205.8,2210.0,2205.1,2209.4,91629,KOTAKBANK
2983,2025-06-25 11:15:00+05:30,2209.3,2211.0,2207.0,2208.9,99173,KOTAKBANK
2984,2025-06-25 11:30:00+05:30,2208.8,2210.8,2208.1,2209.8,55146,KOTAKBANK
2985,2025-06-25 11:45:00+05:30,2209.7,2209.8,2203.0,2203.0,58618,KOTAKBANK
2986,2025-06-25 12:00:00+05:30,2203.0,2205.4,2201.0,2205.1,63715,KOTAKBANK
2987,2025-06-25 12:15:00+05:30,2205.0,2206.0,2203.0,2205.2,55697,KOTAKBANK
2988,2025-06-25 12:30:00+05:30,2205.1,2208.0,2202.3,2203.5,108297,KOTAKBANK
2989,2025-06-25 12:45:00+05:30,2203.6,2204.0,2200.0,2203.2,87932,KOTAKBANK
2990,2025-06-25 13:00:00+05:30,2203.2,2207.0,2202.4,2206.6,60229,KOTAKBANK
2991,2025-06-25 13:15:00+05:30,2206.6,2210.0,2204.3,2205.1,283338,KOTAKBANK
2992,2025-06-25 13:30:00+05:30,2205.1,2205.3,2200.0,2201.1,93714,KOTAKBANK
2993,2025-06-25 13:45:00+05:30,2201.3,2204.1,2201.0,2202.8,78123,KOTAKBANK
2994,2025-06-25 14:00:00+05:30,2202.8,2206.1,2201.7,2204.8,97830,KOTAKBANK
2995,2025-06-25 14:15:00+05:30,2204.8,2205.1,2200.3,2200.4,375728,KOTAKBANK
2996,2025-06-25 14:30:00+05:30,2200.4,2200.8,2195.6,2200.6,112985,KOTAKBANK
2997,2025-06-25 14:45:00+05:30,2200.5,2201.9,2196.3,2198.7,98618,KOTAKBANK
2998,2025-06-25 15:00:00+05:30,2198.7,2202.0,2197.0,2198.9,227595,KOTAKBANK
2999,2025-06-25 15:15:00+05:30,2198.9,2199.2,2191.0,2195.0,208699,KOTAKBANK
3000,2025-06-26 09:15:00+05:30,2202.4,2204.9,2185.3,2194.2,377699,KOTAKBANK
3001,2025-06-26 09:30:00+05:30,2194.3,2200.8,2190.0,2193.2,413214,KOTAKBANK
3002,2025-06-26 09:45:00+05:30,2192.8,2202.0,2192.7,2198.1,243682,KOTAKBANK
3003,2025-06-26 10:00:00+05:30,2198.0,2200.1,2190.0,2191.1,379328,KOTAKBANK
3004,2025-06-26 10:15:00+05:30,2191.9,2195.3,2190.3,2191.7,49320,KOTAKBANK
3005,2025-06-26 10:30:00+05:30,2191.8,2193.0,2187.1,2187.3,78409,KOTAKBANK
3006,2025-06-26 10:45:00+05:30,2187.3,2191.0,2184.9,2184.9,66960,KOTAKBANK
3007,2025-06-26 11:00:00+05:30,2185.0,2188.0,2180.0,2181.8,106742,KOTAKBANK
3008,2025-06-26 11:15:00+05:30,2181.8,2184.6,2180.3,2181.7,54218,KOTAKBANK
3009,2025-06-26 11:30:00+05:30,2181.6,2185.0,2180.8,2182.6,46324,KOTAKBANK
3010,2025-06-26 11:45:00+05:30,2182.6,2187.1,2180.2,2184.5,495710,KOTAKBANK
3011,2025-06-26 12:00:00+05:30,2184.5,2205.0,2182.4,2201.1,637722,KOTAKBANK
3012,2025-06-26 12:15:00+05:30,2201.1,2204.5,2194.6,2196.4,43701,KOTAKBANK
3013,2025-06-26 12:30:00+05:30,2196.4,2197.9,2190.1,2195.1,103051,KOTAKBANK
3014,2025-06-26 12:45:00+05:30,2195.0,2199.9,2194.4,2199.6,74889,KOTAKBANK
3015,2025-06-26 13:00:00+05:30,2199.6,2203.3,2196.6,2199.5,72533,KOTAKBANK
3016,2025-06-26 13:15:00+05:30,2199.3,2204.0,2196.8,2197.6,160207,KOTAKBANK
3017,2025-06-26 13:30:00+05:30,2197.6,2202.0,2196.4,2200.9,95918,KOTAKBANK
3018,2025-06-26 13:45:00+05:30,2200.9,2202.6,2196.4,2200.6,104769,KOTAKBANK
3019,2025-06-26 14:00:00+05:30,2200.6,2203.8,2197.0,2202.7,147303,KOTAKBANK
3020,2025-06-26 14:15:00+05:30,2202.6,2208.8,2200.8,2204.0,209089,KOTAKBANK
3021,2025-06-26 14:30:00+05:30,2203.8,2204.4,2196.2,2197.0,152581,KOTAKBANK
3022,2025-06-26 14:45:00+05:30,2197.0,2203.8,2193.5,2202.9,183759,KOTAKBANK
3023,2025-06-26 15:00:00+05:30,2202.8,2207.5,2199.6,2205.0,736804,KOTAKBANK
3024,2025-06-26 15:15:00+05:30,2205.1,2210.0,2200.0,2202.0,633212,KOTAKBANK
3025,2025-06-27 09:15:00+05:30,2210.0,2210.0,2182.6,2187.3,578878,KOTAKBANK
3026,2025-06-27 09:30:00+05:30,2187.8,2191.8,2185.0,2187.6,134945,KOTAKBANK
3027,2025-06-27 09:45:00+05:30,2188.1,2191.5,2186.7,2188.3,290573,KOTAKBANK
3028,2025-06-27 10:00:00+05:30,2188.3,2190.0,2184.5,2190.0,106285,KOTAKBANK
3029,2025-06-27 10:15:00+05:30,2189.3,2192.0,2188.8,2189.8,85851,KOTAKBANK
3030,2025-06-27 10:30:00+05:30,2189.9,2191.4,2188.4,2190.0,67745,KOTAKBANK
3031,2025-06-27 10:45:00+05:30,2190.2,2194.0,2189.3,2193.4,178330,KOTAKBANK
3032,2025-06-27 11:00:00+05:30,2193.4,2196.7,2189.0,2193.0,135554,KOTAKBANK
3033,2025-06-27 11:15:00+05:30,2193.6,2194.0,2189.0,2189.8,216269,KOTAKBANK
3034,2025-06-27 11:30:00+05:30,2190.0,2193.0,2188.3,2189.9,182339,KOTAKBANK
3035,2025-06-27 11:45:00+05:30,2189.2,2192.0,2186.7,2190.6,126217,KOTAKBANK
3036,2025-06-27 12:00:00+05:30,2190.6,2191.0,2187.6,2190.5,140272,KOTAKBANK
3037,2025-06-27 12:15:00+05:30,2190.5,2192.0,2189.0,2190.9,174843,KOTAKBANK
3038,2025-06-27 12:30:00+05:30,2191.0,2197.2,2190.0,2192.9,295168,KOTAKBANK
3039,2025-06-27 12:45:00+05:30,2193.0,2195.0,2192.6,2195.0,95582,KOTAKBANK
3040,2025-06-27 13:00:00+05:30,2195.0,2200.0,2193.9,2200.0,82458,KOTAKBANK
3041,2025-06-27 13:15:00+05:30,2200.0,2203.1,2197.1,2198.9,73622,KOTAKBANK
3042,2025-06-27 13:30:00+05:30,2198.9,2203.5,2197.1,2202.9,68711,KOTAKBANK
3043,2025-06-27 13:45:00+05:30,2202.9,2205.6,2202.5,2202.9,93165,KOTAKBANK
3044,2025-06-27 14:00:00+05:30,2203.0,2206.2,2202.5,2204.0,117451,KOTAKBANK
3045,2025-06-27 14:15:00+05:30,2204.0,2209.9,2203.9,2207.0,144717,KOTAKBANK
3046,2025-06-27 14:30:00+05:30,2207.3,2214.0,2206.0,2213.0,297144,KOTAKBANK
3047,2025-06-27 14:45:00+05:30,2213.0,2217.0,2211.1,2213.6,324304,KOTAKBANK
3048,2025-06-27 15:00:00+05:30,2214.0,2217.3,2206.0,2207.4,3147193,KOTAKBANK
3049,2025-06-27 15:15:00+05:30,2207.3,2208.3,2193.6,2201.0,2487527,KOTAKBANK
3050,2025-06-30 09:15:00+05:30,2207.9,2209.0,2187.7,2198.0,350972,KOTAKBANK
3051,2025-06-30 09:30:00+05:30,2197.9,2197.9,2181.0,2181.3,192729,KOTAKBANK
3052,2025-06-30 09:45:00+05:30,2181.9,2185.4,2177.0,2177.7,68123,KOTAKBANK
3053,2025-06-30 10:00:00+05:30,2177.2,2179.0,2173.8,2176.0,99638,KOTAKBANK
3054,2025-06-30 10:15:00+05:30,2176.1,2183.0,2174.0,2179.6,369263,KOTAKBANK
3055,2025-06-30 10:30:00+05:30,2179.7,2181.8,2178.0,2179.6,53974,KOTAKBANK
3056,2025-06-30 10:45:00+05:30,2180.0,2182.4,2176.0,2181.0,47196,KOTAKBANK
3057,2025-06-30 11:00:00+05:30,2181.0,2182.0,2179.0,2179.0,27373,KOTAKBANK
3058,2025-06-30 11:15:00+05:30,2179.5,2180.0,2178.2,2178.6,66131,KOTAKBANK
3059,2025-06-30 11:30:00+05:30,2178.9,2181.0,2178.6,2179.3,29038,KOTAKBANK
3060,2025-06-30 11:45:00+05:30,2179.9,2181.3,2178.5,2180.6,65511,KOTAKBANK
3061,2025-06-30 12:00:00+05:30,2180.6,2185.0,2180.0,2184.0,61313,KOTAKBANK
3062,2025-06-30 12:15:00+05:30,2184.0,2187.0,2182.3,2185.4,67182,KOTAKBANK
3063,2025-06-30 12:30:00+05:30,2185.0,2186.5,2180.0,2180.1,87219,KOTAKBANK
3064,2025-06-30 12:45:00+05:30,2180.0,2180.2,2174.5,2175.0,112269,KOTAKBANK
3065,2025-06-30 13:00:00+05:30,2174.9,2175.1,2168.6,2168.6,218316,KOTAKBANK
3066,2025-06-30 13:15:00+05:30,2169.1,2169.9,2166.2,2166.8,127171,KOTAKBANK
3067,2025-06-30 13:30:00+05:30,2166.8,2167.9,2162.5,2164.1,106462,KOTAKBANK
3068,2025-06-30 13:45:00+05:30,2164.0,2164.7,2160.7,2162.8,123332,KOTAKBANK
3069,2025-06-30 14:00:00+05:30,2162.8,2163.8,2159.6,2160.2,99629,KOTAKBANK
3070,2025-06-30 14:15:00+05:30,2160.1,2160.1,2156.9,2157.5,190425,KOTAKBANK
3071,2025-06-30 14:30:00+05:30,2157.6,2160.0,2154.5,2156.6,158438,KOTAKBANK
3072,2025-06-30 14:45:00+05:30,2156.4,2165.7,2156.0,2164.6,208365,KOTAKBANK
3073,2025-06-30 15:00:00+05:30,2164.7,2167.4,2162.7,2163.2,348647,KOTAKBANK
3074,2025-06-30 15:15:00+05:30,2163.2,2164.3,2160.0,2160.0,448538,KOTAKBANK
3075,2025-07-01 09:15:00+05:30,2163.5,2169.8,2160.6,2163.1,340098,KOTAKBANK
3076,2025-07-01 09:30:00+05:30,2163.1,2174.9,2159.3,2170.0,187651,KOTAKBANK
3077,2025-07-01 09:45:00+05:30,2170.3,2173.0,2169.0,2171.6,181313,KOTAKBANK
3078,2025-07-01 10:00:00+05:30,2171.7,2181.3,2170.0,2181.1,93914,KOTAKBANK
3079,2025-07-01 10:15:00+05:30,2181.1,2181.7,2175.5,2178.3,319895,KOTAKBANK
3080,2025-07-01 10:30:00+05:30,2178.0,2183.6,2177.0,2179.0,414737,KOTAKBANK
3081,2025-07-01 10:45:00+05:30,2179.0,2182.5,2178.2,2180.7,22548,KOTAKBANK
3082,2025-07-01 11:00:00+05:30,2181.0,2181.5,2177.4,2178.0,38989,KOTAKBANK
3083,2025-07-01 11:15:00+05:30,2178.1,2178.1,2173.2,2174.1,99861,KOTAKBANK
3084,2025-07-01 11:30:00+05:30,2174.2,2175.0,2173.0,2173.4,21619,KOTAKBANK
3085,2025-07-01 11:45:00+05:30,2173.4,2175.0,2173.3,2174.6,37342,KOTAKBANK
3086,2025-07-01 12:00:00+05:30,2174.9,2175.6,2172.2,2175.0,176150,KOTAKBANK
3087,2025-07-01 12:15:00+05:30,2174.9,2175.0,2171.3,2172.0,61946,KOTAKBANK
3088,2025-07-01 12:30:00+05:30,2172.0,2172.7,2170.0,2171.0,83182,KOTAKBANK
3089,2025-07-01 12:45:00+05:30,2171.0,2178.8,2170.6,2175.0,128776,KOTAKBANK
3090,2025-07-01 13:00:00+05:30,2175.0,2178.8,2174.7,2175.7,105716,KOTAKBANK
3091,2025-07-01 13:15:00+05:30,2175.7,2176.4,2174.1,2175.1,58023,KOTAKBANK
3092,2025-07-01 13:30:00+05:30,2175.1,2178.4,2175.0,2176.6,54329,KOTAKBANK
3093,2025-07-01 13:45:00+05:30,2176.7,2180.0,2175.8,2179.2,122353,KOTAKBANK
3094,2025-07-01 14:00:00+05:30,2179.2,2184.4,2176.0,2181.9,296774,KOTAKBANK
3095,2025-07-01 14:15:00+05:30,2181.9,2184.3,2175.1,2177.2,584430,KOTAKBANK
3096,2025-07-01 14:30:00+05:30,2177.2,2180.9,2176.8,2180.0,79733,KOTAKBANK
3097,2025-07-01 14:45:00+05:30,2180.1,2181.7,2177.4,2181.6,87064,KOTAKBANK
3098,2025-07-01 15:00:00+05:30,2181.6,2186.5,2181.0,2183.0,254006,KOTAKBANK
3099,2025-07-01 15:15:00+05:30,2183.0,2184.6,2178.5,2182.0,175028,KOTAKBANK
3100,2025-07-02 09:15:00+05:30,2185.0,2195.5,2179.7,2192.6,142175,KOTAKBANK
3101,2025-07-02 09:30:00+05:30,2192.3,2195.2,2190.0,2192.0,90704,KOTAKBANK
3102,2025-07-02 09:45:00+05:30,2192.2,2196.0,2192.0,2193.2,45776,KOTAKBANK
3103,2025-07-02 10:00:00+05:30,2193.6,2195.9,2192.0,2195.9,56353,KOTAKBANK
3104,2025-07-02 10:15:00+05:30,2195.9,2197.2,2192.0,2193.1,97414,KOTAKBANK
3105,2025-07-02 10:30:00+05:30,2193.1,2193.7,2188.9,2192.1,75476,KOTAKBANK
3106,2025-07-02 10:45:00+05:30,2192.0,2196.8,2192.0,2194.4,42198,KOTAKBANK
3107,2025-07-02 11:00:00+05:30,2194.4,2194.4,2184.0,2185.8,80355,KOTAKBANK
3108,2025-07-02 11:15:00+05:30,2185.8,2186.2,2178.4,2180.2,58319,KOTAKBANK
3109,2025-07-02 11:30:00+05:30,2180.2,2180.8,2176.1,2180.5,90411,KOTAKBANK
3110,2025-07-02 11:45:00+05:30,2180.4,2181.0,2179.8,2180.9,14724,KOTAKBANK
3111,2025-07-02 12:00:00+05:30,2180.9,2181.0,2175.3,2176.4,146562,KOTAKBANK
3112,2025-07-02 12:15:00+05:30,2175.5,2181.5,2173.1,2180.5,48513,KOTAKBANK
3113,2025-07-02 12:30:00+05:30,2181.0,2181.9,2178.5,2179.2,53058,KOTAKBANK
3114,2025-07-02 12:45:00+05:30,2179.1,2180.0,2178.9,2180.0,41608,KOTAKBANK
3115,2025-07-02 13:00:00+05:30,2180.0,2180.0,2173.5,2175.8,21907,KOTAKBANK
3116,2025-07-02 13:15:00+05:30,2175.9,2175.9,2166.9,2167.5,31728,KOTAKBANK
3117,2025-07-02 13:30:00+05:30,2167.2,2167.8,2162.4,2163.7,37153,KOTAKBANK
3118,2025-07-02 13:45:00+05:30,2164.4,2165.1,2162.4,2164.9,39232,KOTAKBANK
3119,2025-07-02 14:00:00+05:30,2164.9,2165.2,2161.0,2164.0,77564,KOTAKBANK
3120,2025-07-02 14:15:00+05:30,2164.0,2165.0,2163.8,2164.2,26801,KOTAKBANK
3121,2025-07-02 14:30:00+05:30,2164.2,2166.9,2162.9,2165.0,93503,KOTAKBANK
3122,2025-07-02 14:45:00+05:30,2165.1,2169.6,2165.1,2168.3,107470,KOTAKBANK
3123,2025-07-02 15:00:00+05:30,2168.3,2173.4,2168.3,2170.5,197559,KOTAKBANK
3124,2025-07-02 15:15:00+05:30,2170.5,2170.6,2164.5,2164.5,159863,KOTAKBANK
3125,2025-07-03 09:15:00+05:30,2139.1,2150.9,2125.1,2128.8,617837,KOTAKBANK
3126,2025-07-03 09:30:00+05:30,2129.0,2142.0,2127.0,2140.3,252415,KOTAKBANK
3127,2025-07-03 09:45:00+05:30,2140.3,2144.0,2135.6,2140.3,311000,KOTAKBANK
3128,2025-07-03 10:00:00+05:30,2140.3,2141.4,2132.5,2133.1,208054,KOTAKBANK
3129,2025-07-03 10:15:00+05:30,2133.0,2147.0,2133.0,2146.1,103325,KOTAKBANK
3130,2025-07-03 10:30:00+05:30,2146.9,2150.3,2144.3,2149.7,204109,KOTAKBANK
3131,2025-07-03 10:45:00+05:30,2149.8,2150.0,2145.0,2145.9,134034,KOTAKBANK
3132,2025-07-03 11:00:00+05:30,2146.4,2149.9,2146.1,2148.8,45787,KOTAKBANK
3133,2025-07-03 11:15:00+05:30,2148.8,2151.9,2147.2,2148.2,106281,KOTAKBANK
3134,2025-07-03 11:30:00+05:30,2148.2,2149.0,2144.4,2145.0,167030,KOTAKBANK
3135,2025-07-03 11:45:00+05:30,2145.0,2146.0,2138.1,2138.3,145636,KOTAKBANK
3136,2025-07-03 12:00:00+05:30,2138.3,2140.0,2131.5,2132.0,146782,KOTAKBANK
3137,2025-07-03 12:15:00+05:30,2131.9,2134.6,2130.0,2133.4,157270,KOTAKBANK
3138,2025-07-03 12:30:00+05:30,2133.4,2137.5,2132.8,2136.1,121052,KOTAKBANK
3139,2025-07-03 12:45:00+05:30,2136.1,2136.2,2130.4,2131.0,86826,KOTAKBANK
3140,2025-07-03 13:00:00+05:30,2131.0,2132.0,2128.0,2129.4,110378,KOTAKBANK
3141,2025-07-03 13:15:00+05:30,2129.5,2130.4,2126.0,2127.6,113899,KOTAKBANK
3142,2025-07-03 13:30:00+05:30,2127.6,2134.5,2127.0,2132.4,160250,KOTAKBANK
3143,2025-07-03 13:45:00+05:30,2133.0,2133.5,2127.0,2128.8,70208,KOTAKBANK
3144,2025-07-03 14:00:00+05:30,2128.8,2130.0,2127.0,2127.4,85760,KOTAKBANK
3145,2025-07-03 14:15:00+05:30,2127.4,2128.6,2125.0,2126.0,208896,KOTAKBANK
3146,2025-07-03 14:30:00+05:30,2126.0,2126.8,2121.9,2123.9,219901,KOTAKBANK
3147,2025-07-03 14:45:00+05:30,2123.9,2130.4,2123.1,2128.6,296898,KOTAKBANK
3148,2025-07-03 15:00:00+05:30,2128.6,2129.0,2125.9,2125.9,275320,KOTAKBANK
3149,2025-07-03 15:15:00+05:30,2126.0,2127.8,2124.2,2125.0,318181,KOTAKBANK
3150,2025-07-04 09:15:00+05:30,2124.0,2137.3,2123.2,2134.0,106194,KOTAKBANK
3151,2025-07-04 09:30:00+05:30,2134.1,2135.2,2125.0,2129.2,32520,KOTAKBANK
3152,2025-07-04 09:45:00+05:30,2128.8,2129.8,2125.0,2127.0,32071,KOTAKBANK
3153,2025-07-04 10:00:00+05:30,2126.7,2127.5,2124.2,2126.2,17759,KOTAKBANK
3154,2025-07-04 10:15:00+05:30,2125.8,2129.2,2124.0,2126.8,11875,KOTAKBANK
3155,2025-07-04 10:30:00+05:30,2126.1,2126.8,2120.9,2123.7,34436,KOTAKBANK
3156,2025-07-04 10:45:00+05:30,2123.3,2124.7,2121.4,2121.8,49123,KOTAKBANK
3157,2025-07-04 11:00:00+05:30,2121.8,2123.8,2121.8,2122.3,9051,KOTAKBANK
3158,2025-07-04 11:15:00+05:30,2122.3,2123.9,2119.2,2119.8,23753,KOTAKBANK
3159,2025-07-04 11:30:00+05:30,2119.7,2119.8,2112.5,2114.4,55284,KOTAKBANK
3160,2025-07-04 11:45:00+05:30,2114.2,2114.8,2111.0,2114.3,56517,KOTAKBANK
3161,2025-07-04 12:00:00+05:30,2114.3,2118.8,2113.8,2115.0,133687,KOTAKBANK
3162,2025-07-04 12:15:00+05:30,2114.9,2119.1,2114.4,2118.3,65401,KOTAKBANK
3163,2025-07-04 12:30:00+05:30,2118.2,2120.9,2117.5,2118.0,75046,KOTAKBANK
3164,2025-07-04 12:45:00+05:30,2117.8,2121.8,2117.7,2117.9,121263,KOTAKBANK
3165,2025-07-04 13:00:00+05:30,2118.0,2122.6,2117.6,2119.0,19536,KOTAKBANK
3166,2025-07-04 13:15:00+05:30,2119.4,2120.2,2116.3,2117.9,65684,KOTAKBANK
3167,2025-07-04 13:30:00+05:30,2117.9,2119.2,2117.0,2118.1,21262,KOTAKBANK
3168,2025-07-04 13:45:00+05:30,2118.4,2121.0,2116.1,2119.7,64898,KOTAKBANK
3169,2025-07-04 14:00:00+05:30,2119.7,2120.8,2118.9,2119.7,47695,KOTAKBANK
3170,2025-07-04 14:15:00+05:30,2119.4,2120.0,2117.6,2119.9,103854,KOTAKBANK
3171,2025-07-04 14:30:00+05:30,2119.7,2131.8,2119.6,2131.8,315877,KOTAKBANK
3172,2025-07-04 14:45:00+05:30,2131.5,2133.2,2127.5,2130.1,51847,KOTAKBANK
3173,2025-07-04 15:00:00+05:30,2130.2,2130.4,2127.5,2129.9,81926,KOTAKBANK
3174,2025-07-04 15:15:00+05:30,2129.9,2132.0,2128.3,2130.0,89591,KOTAKBANK
3175,2025-07-07 09:15:00+05:30,2130.0,2132.0,2121.8,2128.6,58252,KOTAKBANK
3176,2025-07-07 09:30:00+05:30,2128.7,2132.5,2127.0,2131.4,28437,KOTAKBANK
3177,2025-07-07 09:45:00+05:30,2131.4,2134.0,2127.8,2132.9,37579,KOTAKBANK
3178,2025-07-07 10:00:00+05:30,2132.6,2135.3,2129.2,2131.6,87477,KOTAKBANK
3179,2025-07-07 10:15:00+05:30,2131.3,2132.7,2129.3,2130.3,26720,KOTAKBANK
3180,2025-07-07 10:30:00+05:30,2130.3,2138.0,2130.0,2136.3,52943,KOTAKBANK
3181,2025-07-07 10:45:00+05:30,2136.3,2141.0,2135.0,2140.5,50568,KOTAKBANK
3182,2025-07-07 11:00:00+05:30,2140.5,2142.0,2135.5,2136.0,33802,KOTAKBANK
3183,2025-07-07 11:15:00+05:30,2136.0,2137.0,2134.1,2135.4,45874,KOTAKBANK
3184,2025-07-07 11:30:00+05:30,2135.4,2137.6,2133.0,2135.7,129766,KOTAKBANK
3185,2025-07-07 11:45:00+05:30,2135.7,2137.4,2134.0,2136.5,69078,KOTAKBANK
3186,2025-07-07 12:00:00+05:30,2136.5,2136.6,2131.1,2134.6,87262,KOTAKBANK
3187,2025-07-07 12:15:00+05:30,2134.4,2136.0,2132.0,2135.9,29262,KOTAKBANK
3188,2025-07-07 12:30:00+05:30,2135.9,2135.9,2134.5,2135.9,15866,KOTAKBANK
3189,2025-07-07 12:45:00+05:30,2135.9,2137.0,2133.4,2133.9,39115,KOTAKBANK
3190,2025-07-07 13:00:00+05:30,2133.9,2140.4,2132.1,2140.4,73066,KOTAKBANK
3191,2025-07-07 13:15:00+05:30,2140.0,2142.0,2136.1,2139.3,176470,KOTAKBANK
3192,2025-07-07 13:30:00+05:30,2139.5,2144.4,2139.3,2144.0,102678,KOTAKBANK
3193,2025-07-07 13:45:00+05:30,2144.0,2148.5,2143.3,2146.9,70529,KOTAKBANK
3194,2025-07-07 14:00:00+05:30,2146.7,2148.0,2144.3,2145.2,87487,KOTAKBANK
3195,2025-07-07 14:15:00+05:30,2145.2,2147.7,2142.9,2144.0,90598,KOTAKBANK
3196,2025-07-07 14:30:00+05:30,2143.9,2144.4,2138.9,2140.2,82832,KOTAKBANK
3197,2025-07-07 14:45:00+05:30,2140.0,2145.0,2140.0,2144.9,88478,KOTAKBANK
3198,2025-07-07 15:00:00+05:30,2144.9,2150.0,2144.1,2148.9,303125,KOTAKBANK
3199,2025-07-07 15:15:00+05:30,2148.8,2156.8,2147.5,2150.0,303203,KOTAKBANK
3200,2025-07-08 09:15:00+05:30,2185.0,2241.5,2176.2,2226.2,1679048,KOTAKBANK
3201,2025-07-08 09:30:00+05:30,2226.3,2236.0,2225.9,2229.1,532789,KOTAKBANK
3202,2025-07-08 09:45:00+05:30,2229.6,2232.8,2222.0,2229.0,320143,KOTAKBANK
3203,2025-07-08 10:00:00+05:30,2229.2,2235.9,2227.0,2233.5,330543,KOTAKBANK
3204,2025-07-08 10:15:00+05:30,2233.0,2237.0,2228.5,2229.1,197606,KOTAKBANK
3205,2025-07-08 10:30:00+05:30,2229.2,2229.5,2224.1,2226.3,147994,KOTAKBANK
3206,2025-07-08 10:45:00+05:30,2226.4,2230.0,2222.3,2224.0,184997,KOTAKBANK
3207,2025-07-08 11:00:00+05:30,2223.8,2224.5,2212.0,2214.0,423010,KOTAKBANK
3208,2025-07-08 11:15:00+05:30,2213.6,2214.9,2208.3,2213.4,210617,KOTAKBANK
3209,2025-07-08 11:30:00+05:30,2213.5,2215.7,2209.1,2213.7,134397,KOTAKBANK
3210,2025-07-08 11:45:00+05:30,2213.9,2216.9,2209.6,2214.9,97900,KOTAKBANK
3211,2025-07-08 12:00:00+05:30,2214.9,2219.5,2212.0,2215.7,81066,KOTAKBANK
3212,2025-07-08 12:15:00+05:30,2215.8,2217.0,2212.0,2215.0,133251,KOTAKBANK
3213,2025-07-08 12:30:00+05:30,2214.9,2218.5,2213.0,2216.5,147537,KOTAKBANK
3214,2025-07-08 12:45:00+05:30,2216.5,2218.0,2216.2,2217.0,65366,KOTAKBANK
3215,2025-07-08 13:00:00+05:30,2216.9,2224.9,2216.6,2223.0,218826,KOTAKBANK
3216,2025-07-08 13:15:00+05:30,2223.0,2223.8,2219.8,2221.7,340202,KOTAKBANK
3217,2025-07-08 13:30:00+05:30,2221.8,2225.0,2219.5,2223.2,204243,KOTAKBANK
3218,2025-07-08 13:45:00+05:30,2223.2,2223.6,2218.9,2219.5,159072,KOTAKBANK
3219,2025-07-08 14:00:00+05:30,2219.9,2223.9,2216.9,2222.1,199652,KOTAKBANK
3220,2025-07-08 14:15:00+05:30,2222.2,2222.5,2219.4,2221.0,139397,KOTAKBANK
3221,2025-07-08 14:30:00+05:30,2220.7,2223.9,2219.4,2222.0,171053,KOTAKBANK
3222,2025-07-08 14:45:00+05:30,2222.0,2222.9,2215.6,2221.6,368937,KOTAKBANK
3223,2025-07-08 15:00:00+05:30,2221.9,2227.9,2221.2,2224.2,463171,KOTAKBANK
3224,2025-07-08 15:15:00+05:30,2224.1,2227.0,2220.7,2223.9,574937,KOTAKBANK
3225,2025-07-09 09:15:00+05:30,2217.0,2223.9,2214.0,2216.0,180800,KOTAKBANK
3226,2025-07-09 09:30:00+05:30,2216.0,2220.0,2214.2,2219.2,54800,KOTAKBANK
3227,2025-07-09 09:45:00+05:30,2219.2,2221.7,2218.0,2220.4,41781,KOTAKBANK
3228,2025-07-09 10:00:00+05:30,2220.8,2226.9,2219.8,2224.4,48794,KOTAKBANK
3229,2025-07-09 10:15:00+05:30,2224.4,2225.7,2219.8,2220.1,142192,KOTAKBANK
3230,2025-07-09 10:30:00+05:30,2220.0,2221.2,2217.1,2220.0,38334,KOTAKBANK
3231,2025-07-09 10:45:00+05:30,2220.0,2221.0,2215.6,2216.7,26826,KOTAKBANK
3232,2025-07-09 11:00:00+05:30,2217.2,2219.7,2216.0,2219.1,21001,KOTAKBANK
3233,2025-07-09 11:15:00+05:30,2219.1,2222.7,2219.0,2220.8,32078,KOTAKBANK
3234,2025-07-09 11:30:00+05:30,2220.1,2222.8,2219.9,2220.5,31303,KOTAKBANK
3235,2025-07-09 11:45:00+05:30,2221.2,2221.2,2217.6,2218.7,36686,KOTAKBANK
3236,2025-07-09 12:00:00+05:30,2218.7,2222.0,2218.7,2221.1,34222,KOTAKBANK
3237,2025-07-09 12:15:00+05:30,2221.1,2223.2,2220.9,2223.1,51307,KOTAKBANK
3238,2025-07-09 12:30:00+05:30,2223.1,2223.2,2220.6,2221.4,46167,KOTAKBANK
3239,2025-07-09 12:45:00+05:30,2221.4,2224.5,2220.9,2221.7,154280,KOTAKBANK
3240,2025-07-09 13:00:00+05:30,2221.3,2223.3,2218.1,2222.9,52651,KOTAKBANK
3241,2025-07-09 13:15:00+05:30,2222.9,2224.1,2219.8,2221.0,57366,KOTAKBANK
3242,2025-07-09 13:30:00+05:30,2221.0,2221.3,2218.3,2219.8,35420,KOTAKBANK
3243,2025-07-09 13:45:00+05:30,2219.8,2220.5,2218.2,2219.5,44621,KOTAKBANK
3244,2025-07-09 14:00:00+05:30,2219.5,2224.1,2218.8,2224.1,85518,KOTAKBANK
3245,2025-07-09 14:15:00+05:30,2224.1,2229.6,2221.6,2226.7,172994,KOTAKBANK
3246,2025-07-09 14:30:00+05:30,2226.7,2234.1,2225.9,2229.3,163684,KOTAKBANK
3247,2025-07-09 14:45:00+05:30,2229.3,2229.3,2224.4,2224.9,60759,KOTAKBANK
3248,2025-07-09 15:00:00+05:30,2224.8,2230.4,2224.8,2229.9,209979,KOTAKBANK
3249,2025-07-09 15:15:00+05:30,2229.9,2231.0,2225.6,2225.8,196985,KOTAKBANK
3250,2025-07-10 09:15:00+05:30,2229.1,2235.0,2226.2,2231.4,90615,KOTAKBANK
3251,2025-07-10 09:30:00+05:30,2231.3,2236.5,2229.9,2233.5,62337,KOTAKBANK
3252,2025-07-10 09:45:00+05:30,2233.9,2239.8,2233.5,2238.0,149080,KOTAKBANK
3253,2025-07-10 10:00:00+05:30,2238.0,2242.7,2235.6,2236.3,39508,KOTAKBANK
3254,2025-07-10 10:15:00+05:30,2236.3,2240.0,2236.1,2238.4,19971,KOTAKBANK
3255,2025-07-10 10:30:00+05:30,2238.4,2238.4,2234.7,2237.0,20193,KOTAKBANK
3256,2025-07-10 10:45:00+05:30,2236.1,2237.3,2229.1,2229.8,34025,KOTAKBANK
3257,2025-07-10 11:00:00+05:30,2230.0,2230.0,2226.0,2228.5,22328,KOTAKBANK
3258,2025-07-10 11:15:00+05:30,2228.5,2229.4,2224.7,2225.5,60255,KOTAKBANK
3259,2025-07-10 11:30:00+05:30,2225.4,2227.5,2224.1,2224.1,41255,KOTAKBANK
3260,2025-07-10 11:45:00+05:30,2224.1,2229.0,2222.7,2225.4,72966,KOTAKBANK
3261,2025-07-10 12:00:00+05:30,2225.5,2228.4,2223.6,2227.5,39009,KOTAKBANK
3262,2025-07-10 12:15:00+05:30,2228.2,2229.4,2226.3,2229.1,65583,KOTAKBANK
3263,2025-07-10 12:30:00+05:30,2229.1,2231.0,2223.3,2224.3,84550,KOTAKBANK
3264,2025-07-10 12:45:00+05:30,2224.2,2225.0,2223.3,2225.0,22144,KOTAKBANK
3265,2025-07-10 13:00:00+05:30,2225.0,2225.0,2224.1,2224.8,16444,KOTAKBANK
3266,2025-07-10 13:15:00+05:30,2224.7,2225.0,2224.1,2224.6,20747,KOTAKBANK
3267,2025-07-10 13:30:00+05:30,2224.9,2225.0,2222.0,2222.6,29593,KOTAKBANK
3268,2025-07-10 13:45:00+05:30,2222.6,2227.0,2221.0,2226.2,83424,KOTAKBANK
3269,2025-07-10 14:00:00+05:30,2226.2,2234.6,2226.2,2230.0,44423,KOTAKBANK
3270,2025-07-10 14:15:00+05:30,2229.8,2231.5,2229.0,2231.1,26499,KOTAKBANK
3271,2025-07-10 14:30:00+05:30,2230.9,2231.3,2227.8,2228.8,39113,KOTAKBANK
3272,2025-07-10 14:45:00+05:30,2228.7,2230.0,2224.7,2225.0,64163,KOTAKBANK
3273,2025-07-10 15:00:00+05:30,2225.2,2229.4,2224.5,2226.0,196771,KOTAKBANK
3274,2025-07-10 15:15:00+05:30,2226.1,2226.9,2186.9,2216.9,4368697,KOTAKBANK
3275,2025-07-11 09:15:00+05:30,2201.8,2216.9,2198.6,2210.6,142533,KOTAKBANK
3276,2025-07-11 09:30:00+05:30,2210.6,2216.8,2203.7,2209.8,426160,KOTAKBANK
3277,2025-07-11 09:45:00+05:30,2209.8,2218.9,2207.2,2215.9,356091,KOTAKBANK
3278,2025-07-11 10:00:00+05:30,2215.9,2217.0,2214.1,2215.0,107964,KOTAKBANK
3279,2025-07-11 10:15:00+05:30,2215.0,2218.6,2211.8,2217.0,87422,KOTAKBANK
3280,2025-07-11 10:30:00+05:30,2216.9,2222.0,2215.0,2219.0,27625,KOTAKBANK
3281,2025-07-11 10:45:00+05:30,2218.9,2218.9,2213.0,2214.1,46694,KOTAKBANK
3282,2025-07-11 11:00:00+05:30,2213.8,2217.5,2210.0,2211.9,43917,KOTAKBANK
3283,2025-07-11 11:15:00+05:30,2211.9,2213.4,2210.9,2212.6,11292,KOTAKBANK
3284,2025-07-11 11:30:00+05:30,2212.6,2216.2,2212.0,2212.1,38347,KOTAKBANK
3285,2025-07-11 11:45:00+05:30,2212.1,2213.4,2208.9,2209.2,27470,KOTAKBANK
3286,2025-07-11 12:00:00+05:30,2209.4,2211.5,2207.5,2209.7,126546,KOTAKBANK
3287,2025-07-11 12:15:00+05:30,2209.8,2211.0,2209.5,2210.3,15913,KOTAKBANK
3288,2025-07-11 12:30:00+05:30,2210.3,2212.5,2208.9,2210.6,64275,KOTAKBANK
3289,2025-07-11 12:45:00+05:30,2210.8,2211.1,2209.5,2210.1,87485,KOTAKBANK
3290,2025-07-11 13:00:00+05:30,2210.1,2210.1,2206.1,2209.1,51316,KOTAKBANK
3291,2025-07-11 13:15:00+05:30,2209.1,2210.0,2207.0,2208.0,47480,KOTAKBANK
3292,2025-07-11 13:30:00+05:30,2207.9,2211.0,2207.6,2210.4,38470,KOTAKBANK
3293,2025-07-11 13:45:00+05:30,2210.2,2224.0,2210.0,2222.5,50313,KOTAKBANK
3294,2025-07-11 14:00:00+05:30,2222.5,2223.4,2215.0,2220.9,114891,KOTAKBANK
3295,2025-07-11 14:15:00+05:30,2220.9,2222.2,2209.8,2213.8,196747,KOTAKBANK
3296,2025-07-11 14:30:00+05:30,2213.4,2219.9,2213.4,2218.9,69812,KOTAKBANK
3297,2025-07-11 14:45:00+05:30,2219.7,2225.0,2214.7,2223.6,103550,KOTAKBANK
3298,2025-07-11 15:00:00+05:30,2223.6,2223.8,2219.4,2221.6,184453,KOTAKBANK
3299,2025-07-11 15:15:00+05:30,2221.7,2222.1,2214.8,2216.0,212366,KOTAKBANK
3300,2025-07-14 09:15:00+05:30,2223.9,2227.0,2203.2,2211.5,199603,KOTAKBANK
3301,2025-07-14 09:30:00+05:30,2211.7,2216.2,2209.8,2213.7,70967,KOTAKBANK
3302,2025-07-14 09:45:00+05:30,2213.8,2219.0,2212.9,2217.6,80123,KOTAKBANK
3303,2025-07-14 10:00:00+05:30,2217.6,2219.8,2216.3,2218.7,22850,KOTAKBANK
3304,2025-07-14 10:15:00+05:30,2218.7,2225.0,2218.5,2220.5,48976,KOTAKBANK
3305,2025-07-14 10:30:00+05:30,2220.5,2221.0,2217.3,2219.1,43822,KOTAKBANK
3306,2025-07-14 10:45:00+05:30,2218.5,2219.1,2213.3,2214.9,83193,KOTAKBANK
3307,2025-07-14 11:00:00+05:30,2214.9,2216.4,2211.1,2215.0,68834,KOTAKBANK
3308,2025-07-14 11:15:00+05:30,2214.5,2215.3,2206.7,2208.9,80774,KOTAKBANK
3309,2025-07-14 11:30:00+05:30,2209.0,2215.5,2208.8,2210.0,143918,KOTAKBANK
3310,2025-07-14 11:45:00+05:30,2210.0,2210.0,2206.2,2206.6,76810,KOTAKBANK
3311,2025-07-14 12:00:00+05:30,2206.8,2210.0,2206.4,2207.3,31761,KOTAKBANK
3312,2025-07-14 12:15:00+05:30,2208.0,2208.2,2206.2,2207.4,31370,KOTAKBANK
3313,2025-07-14 12:30:00+05:30,2208.0,2208.3,2205.3,2207.0,85060,KOTAKBANK
3314,2025-07-14 12:45:00+05:30,2207.0,2210.9,2206.5,2209.7,112658,KOTAKBANK
3315,2025-07-14 13:00:00+05:30,2209.7,2210.5,2204.5,2207.2,74644,KOTAKBANK
3316,2025-07-14 13:15:00+05:30,2207.7,2208.2,2205.6,2207.8,90475,KOTAKBANK
3317,2025-07-14 13:30:00+05:30,2207.8,2208.7,2203.0,2204.7,67361,KOTAKBANK
3318,2025-07-14 13:45:00+05:30,2204.7,2205.5,2197.3,2200.0,106713,KOTAKBANK
3319,2025-07-14 14:00:00+05:30,2199.9,2201.2,2198.7,2200.0,104477,KOTAKBANK
3320,2025-07-14 14:15:00+05:30,2200.0,2202.0,2199.3,2201.9,50719,KOTAKBANK
3321,2025-07-14 14:30:00+05:30,2201.9,2201.9,2198.9,2200.4,74272,KOTAKBANK
3322,2025-07-14 14:45:00+05:30,2201.0,2206.2,2199.2,2204.7,94965,KOTAKBANK
3323,2025-07-14 15:00:00+05:30,2205.4,2207.2,2200.8,2204.0,294477,KOTAKBANK
3324,2025-07-14 15:15:00+05:30,2204.0,2206.9,2201.9,2206.6,256472,KOTAKBANK
3325,2025-07-15 09:15:00+05:30,2210.0,2216.9,2204.0,2210.0,195696,KOTAKBANK
3326,2025-07-15 09:30:00+05:30,2210.0,2218.9,2207.0,2217.0,234954,KOTAKBANK
3327,2025-07-15 09:45:00+05:30,2217.0,2225.0,2214.3,2224.7,246753,KOTAKBANK
3328,2025-07-15 10:00:00+05:30,2224.0,2227.0,2222.5,2223.5,39754,KOTAKBANK
3329,2025-07-15 10:15:00+05:30,2223.2,2230.0,2219.9,2226.2,114098,KOTAKBANK
3330,2025-07-15 10:30:00+05:30,2226.0,2230.7,2225.4,2229.6,48580,KOTAKBANK
3331,2025-07-15 10:45:00+05:30,2229.4,2231.6,2224.4,2229.0,58163,KOTAKBANK
3332,2025-07-15 11:00:00+05:30,2229.0,2233.6,2224.0,2225.1,111349,KOTAKBANK
3333,2025-07-15 11:15:00+05:30,2225.3,2226.9,2220.5,2222.6,81702,KOTAKBANK
3334,2025-07-15 11:30:00+05:30,2222.4,2224.1,2217.2,2221.3,121023,KOTAKBANK
3335,2025-07-15 11:45:00+05:30,2221.2,2225.1,2217.7,2221.3,110788,KOTAKBANK
3336,2025-07-15 12:00:00+05:30,2221.4,2221.6,2214.6,2216.8,475739,KOTAKBANK
3337,2025-07-15 12:15:00+05:30,2216.8,2218.0,2214.3,2215.9,114023,KOTAKBANK
3338,2025-07-15 12:30:00+05:30,2216.3,2217.0,2215.8,2216.5,17289,KOTAKBANK
3339,2025-07-15 12:45:00+05:30,2216.2,2216.9,2207.4,2207.8,45931,KOTAKBANK
3340,2025-07-15 13:00:00+05:30,2207.6,2208.5,2195.6,2195.7,47995,KOTAKBANK
3341,2025-07-15 13:15:00+05:30,2196.3,2200.4,2192.6,2196.0,131440,KOTAKBANK
3342,2025-07-15 13:30:00+05:30,2195.9,2198.1,2182.6,2184.5,65721,KOTAKBANK
3343,2025-07-15 13:45:00+05:30,2184.9,2191.8,2183.4,2188.8,48337,KOTAKBANK
3344,2025-07-15 14:00:00+05:30,2189.3,2190.4,2181.9,2188.9,75995,KOTAKBANK
3345,2025-07-15 14:15:00+05:30,2189.0,2191.8,2186.0,2186.5,42330,KOTAKBANK
3346,2025-07-15 14:30:00+05:30,2186.8,2191.2,2186.3,2190.0,70683,KOTAKBANK
3347,2025-07-15 14:45:00+05:30,2190.3,2190.3,2184.1,2185.7,86115,KOTAKBANK
3348,2025-07-15 15:00:00+05:30,2186.1,2190.1,2183.9,2189.6,132730,KOTAKBANK
3349,2025-07-15 15:15:00+05:30,2189.7,2190.5,2184.1,2188.1,256926,KOTAKBANK
3350,2025-07-16 09:15:00+05:30,2184.1,2187.9,2173.7,2183.6,238505,KOTAKBANK
3351,2025-07-16 09:30:00+05:30,2183.5,2190.0,2178.7,2179.5,82253,KOTAKBANK
3352,2025-07-16 09:45:00+05:30,2180.0,2180.9,2174.4,2177.0,45824,KOTAKBANK
3353,2025-07-16 10:00:00+05:30,2177.0,2177.1,2166.1,2167.1,70735,KOTAKBANK
3354,2025-07-16 10:15:00+05:30,2167.1,2169.4,2160.2,2161.5,113020,KOTAKBANK
3355,2025-07-16 10:30:00+05:30,2161.2,2163.0,2156.0,2160.2,95209,KOTAKBANK
3356,2025-07-16 10:45:00+05:30,2160.0,2164.5,2156.0,2164.1,61197,KOTAKBANK
3357,2025-07-16 11:00:00+05:30,2163.6,2170.9,2162.8,2169.7,111981,KOTAKBANK
3358,2025-07-16 11:15:00+05:30,2168.9,2171.3,2167.5,2170.3,75323,KOTAKBANK
3359,2025-07-16 11:30:00+05:30,2170.2,2175.9,2168.9,2175.7,50470,KOTAKBANK
3360,2025-07-16 11:45:00+05:30,2175.6,2180.7,2175.1,2176.4,76575,KOTAKBANK
3361,2025-07-16 12:00:00+05:30,2176.2,2178.1,2172.9,2174.7,67964,KOTAKBANK
3362,2025-07-16 12:15:00+05:30,2174.6,2176.2,2172.7,2175.5,50025,KOTAKBANK
3363,2025-07-16 12:30:00+05:30,2175.6,2179.7,2174.6,2179.7,66570,KOTAKBANK
3364,2025-07-16 12:45:00+05:30,2179.5,2184.2,2179.4,2181.0,76475,KOTAKBANK
3365,2025-07-16 13:00:00+05:30,2180.9,2183.0,2180.3,2181.1,57223,KOTAKBANK
3366,2025-07-16 13:15:00+05:30,2181.3,2182.0,2179.4,2181.1,55395,KOTAKBANK
3367,2025-07-16 13:30:00+05:30,2181.0,2184.6,2177.3,2183.7,66265,KOTAKBANK
3368,2025-07-16 13:45:00+05:30,2183.6,2184.5,2180.3,2180.8,62119,KOTAKBANK
3369,2025-07-16 14:00:00+05:30,2180.6,2184.2,2180.1,2182.8,64207,KOTAKBANK
3370,2025-07-16 14:15:00+05:30,2182.6,2182.9,2179.5,2181.3,60046,KOTAKBANK
3371,2025-07-16 14:30:00+05:30,2181.0,2184.6,2180.7,2182.6,126230,KOTAKBANK
3372,2025-07-16 14:45:00+05:30,2182.3,2183.0,2179.0,2179.8,70898,KOTAKBANK
3373,2025-07-16 15:00:00+05:30,2180.5,2181.3,2178.0,2179.7,226951,KOTAKBANK
3374,2025-07-16 15:15:00+05:30,2179.6,2180.9,2172.1,2178.9,216233,KOTAKBANK
3375,2025-07-17 09:15:00+05:30,2175.0,2188.9,2175.0,2188.7,101928,KOTAKBANK
3376,2025-07-17 09:30:00+05:30,2188.7,2191.7,2184.5,2186.9,28683,KOTAKBANK
3377,2025-07-17 09:45:00+05:30,2186.8,2190.6,2182.3,2188.2,36804,KOTAKBANK
3378,2025-07-17 10:00:00+05:30,2187.9,2188.3,2179.3,2182.4,32390,KOTAKBANK
3379,2025-07-17 10:15:00+05:30,2182.4,2183.4,2177.7,2178.1,19012,KOTAKBANK
3380,2025-07-17 10:30:00+05:30,2178.5,2181.9,2176.3,2179.5,31963,KOTAKBANK
3381,2025-07-17 10:45:00+05:30,2179.6,2179.7,2171.7,2172.4,25890,KOTAKBANK
3382,2025-07-17 11:00:00+05:30,2172.4,2177.7,2170.8,2173.1,38850,KOTAKBANK
3383,2025-07-17 11:15:00+05:30,2173.3,2173.4,2168.0,2172.0,87874,KOTAKBANK
3384,2025-07-17 11:30:00+05:30,2172.0,2176.0,2170.0,2176.0,79303,KOTAKBANK
3385,2025-07-17 11:45:00+05:30,2176.0,2176.2,2168.0,2170.3,62676,KOTAKBANK
3386,2025-07-17 12:00:00+05:30,2170.0,2172.2,2169.0,2169.8,76250,KOTAKBANK
3387,2025-07-17 12:15:00+05:30,2169.3,2177.3,2169.0,2177.0,58352,KOTAKBANK
3388,2025-07-17 12:30:00+05:30,2177.0,2180.6,2176.5,2178.7,57013,KOTAKBANK
3389,2025-07-17 12:45:00+05:30,2178.7,2178.7,2173.6,2174.5,37470,KOTAKBANK
3390,2025-07-17 13:00:00+05:30,2174.6,2175.9,2173.2,2175.0,27135,KOTAKBANK
3391,2025-07-17 13:15:00+05:30,2174.9,2176.1,2172.2,2175.5,65387,KOTAKBANK
3392,2025-07-17 13:30:00+05:30,2175.5,2175.9,2173.7,2175.5,27886,KOTAKBANK
3393,2025-07-17 13:45:00+05:30,2175.5,2178.8,2173.3,2178.5,45500,KOTAKBANK
3394,2025-07-17 14:00:00+05:30,2178.5,2179.0,2171.0,2174.7,75658,KOTAKBANK
3395,2025-07-17 14:15:00+05:30,2174.7,2175.0,2172.2,2174.1,161381,KOTAKBANK
3396,2025-07-17 14:30:00+05:30,2174.0,2174.9,2172.0,2173.0,142339,KOTAKBANK
3397,2025-07-17 14:45:00+05:30,2173.0,2173.9,2170.0,2172.1,144304,KOTAKBANK
3398,2025-07-17 15:00:00+05:30,2172.1,2172.4,2167.5,2170.4,313902,KOTAKBANK
3399,2025-07-17 15:15:00+05:30,2170.4,2174.4,2166.7,2172.8,401466,KOTAKBANK
3400,2025-07-18 09:15:00+05:30,2167.6,2168.0,2147.8,2150.3,156289,KOTAKBANK
3401,2025-07-18 09:30:00+05:30,2150.1,2159.9,2148.6,2149.8,66702,KOTAKBANK
3402,2025-07-18 09:45:00+05:30,2149.8,2154.0,2143.1,2143.5,79394,KOTAKBANK
3403,2025-07-18 10:00:00+05:30,2143.5,2147.3,2140.2,2144.2,59542,KOTAKBANK
3404,2025-07-18 10:15:00+05:30,2144.5,2147.6,2138.6,2140.0,78162,KOTAKBANK
3405,2025-07-18 10:30:00+05:30,2139.9,2140.0,2131.0,2131.6,89965,KOTAKBANK
3406,2025-07-18 10:45:00+05:30,2131.8,2135.5,2131.0,2133.2,45079,KOTAKBANK
3407,2025-07-18 11:00:00+05:30,2133.4,2140.7,2133.2,2134.6,88371,KOTAKBANK
3408,2025-07-18 11:15:00+05:30,2134.8,2139.0,2132.3,2137.4,39261,KOTAKBANK
3409,2025-07-18 11:30:00+05:30,2137.4,2140.0,2135.2,2138.3,135481,KOTAKBANK
3410,2025-07-18 11:45:00+05:30,2138.3,2144.8,2138.2,2143.4,51032,KOTAKBANK
3411,2025-07-18 12:00:00+05:30,2142.9,2143.9,2138.0,2138.9,49228,KOTAKBANK
3412,2025-07-18 12:15:00+05:30,2139.0,2140.9,2138.0,2140.0,70389,KOTAKBANK
3413,2025-07-18 12:30:00+05:30,2140.0,2145.6,2139.0,2145.2,93144,KOTAKBANK
3414,2025-07-18 12:45:00+05:30,2144.9,2149.0,2144.6,2148.5,49315,KOTAKBANK
3415,2025-07-18 13:00:00+05:30,2148.5,2149.8,2144.5,2149.7,110486,KOTAKBANK
3416,2025-07-18 13:15:00+05:30,2149.8,2150.8,2148.0,2148.5,40011,KOTAKBANK
3417,2025-07-18 13:30:00+05:30,2148.5,2151.2,2147.0,2148.0,102596,KOTAKBANK
3418,2025-07-18 13:45:00+05:30,2148.2,2148.2,2140.0,2140.0,105528,KOTAKBANK
3419,2025-07-18 14:00:00+05:30,2140.2,2143.4,2140.0,2142.3,57518,KOTAKBANK
3420,2025-07-18 14:15:00+05:30,2142.3,2144.9,2142.0,2144.0,73690,KOTAKBANK
3421,2025-07-18 14:30:00+05:30,2143.9,2144.3,2138.2,2138.2,102194,KOTAKBANK
3422,2025-07-18 14:45:00+05:30,2138.5,2145.4,2137.5,2144.0,220952,KOTAKBANK
3423,2025-07-18 15:00:00+05:30,2144.0,2144.0,2139.8,2140.4,281767,KOTAKBANK
3424,2025-07-18 15:15:00+05:30,2140.5,2142.8,2131.9,2132.0,320406,KOTAKBANK
3425,2025-07-21 09:15:00+05:30,2138.1,2147.0,2130.2,2139.0,107823,KOTAKBANK
3426,2025-07-21 09:30:00+05:30,2139.0,2143.0,2137.0,2142.1,28701,KOTAKBANK
3427,2025-07-21 09:45:00+05:30,2142.0,2162.9,2140.4,2157.8,99088,KOTAKBANK
3428,2025-07-21 10:00:00+05:30,2157.7,2159.7,2150.8,2152.3,48039,KOTAKBANK
3429,2025-07-21 10:15:00+05:30,2152.2,2155.9,2149.7,2152.7,71114,KOTAKBANK
3430,2025-07-21 10:30:00+05:30,2152.7,2154.9,2149.0,2153.5,38030,KOTAKBANK
3431,2025-07-21 10:45:00+05:30,2153.5,2158.9,2151.0,2158.4,66457,KOTAKBANK
3432,2025-07-21 11:00:00+05:30,2158.0,2161.7,2154.6,2159.0,78060,KOTAKBANK
3433,2025-07-21 11:15:00+05:30,2158.4,2162.2,2157.4,2161.0,39758,KOTAKBANK
3434,2025-07-21 11:30:00+05:30,2161.0,2165.8,2156.7,2160.0,72939,KOTAKBANK
3435,2025-07-21 11:45:00+05:30,2160.0,2164.5,2158.0,2163.3,59681,KOTAKBANK
3436,2025-07-21 12:00:00+05:30,2163.8,2164.3,2159.0,2160.9,30732,KOTAKBANK
3437,2025-07-21 12:15:00+05:30,2160.9,2160.9,2152.3,2152.3,51046,KOTAKBANK
3438,2025-07-21 12:30:00+05:30,2152.5,2156.2,2149.6,2155.1,34895,KOTAKBANK
3439,2025-07-21 12:45:00+05:30,2155.1,2162.1,2154.2,2157.4,63055,KOTAKBANK
3440,2025-07-21 13:00:00+05:30,2157.4,2161.0,2156.7,2158.1,22696,KOTAKBANK
3441,2025-07-21 13:15:00+05:30,2158.1,2160.0,2156.4,2158.2,20340,KOTAKBANK
3442,2025-07-21 13:30:00+05:30,2158.2,2160.0,2157.0,2158.4,20470,KOTAKBANK
3443,2025-07-21 13:45:00+05:30,2158.4,2159.6,2150.2,2155.0,37834,KOTAKBANK
3444,2025-07-21 14:00:00+05:30,2154.9,2158.8,2153.9,2158.1,36227,KOTAKBANK
3445,2025-07-21 14:15:00+05:30,2158.1,2160.9,2156.6,2160.5,61831,KOTAKBANK
3446,2025-07-21 14:30:00+05:30,2160.5,2162.2,2156.3,2161.2,133507,KOTAKBANK
3447,2025-07-21 14:45:00+05:30,2161.2,2162.1,2159.0,2162.0,53910,KOTAKBANK
3448,2025-07-21 15:00:00+05:30,2161.9,2167.6,2161.0,2166.7,306322,KOTAKBANK
3449,2025-07-21 15:15:00+05:30,2166.9,2166.9,2160.6,2164.5,244491,KOTAKBANK
3450,2025-07-22 09:15:00+05:30,2172.0,2175.0,2145.7,2160.7,148303,KOTAKBANK
3451,2025-07-22 09:30:00+05:30,2160.8,2161.6,2152.0,2156.0,138023,KOTAKBANK
3452,2025-07-22 09:45:00+05:30,2156.2,2160.9,2156.2,2160.0,18483,KOTAKBANK
3453,2025-07-22 10:00:00+05:30,2159.9,2160.0,2154.3,2158.3,20760,KOTAKBANK
3454,2025-07-22 10:15:00+05:30,2158.2,2162.5,2157.1,2159.0,35308,KOTAKBANK
3455,2025-07-22 10:30:00+05:30,2159.0,2161.5,2155.0,2155.5,33234,KOTAKBANK
3456,2025-07-22 10:45:00+05:30,2155.5,2155.5,2147.1,2149.0,48929,KOTAKBANK
3457,2025-07-22 11:00:00+05:30,2149.0,2149.9,2145.0,2149.0,70902,KOTAKBANK
3458,2025-07-22 11:15:00+05:30,2149.1,2150.4,2145.0,2147.0,158121,KOTAKBANK
3459,2025-07-22 11:30:00+05:30,2147.9,2151.1,2146.0,2150.9,46323,KOTAKBANK
3460,2025-07-22 11:45:00+05:30,2151.0,2153.9,2145.8,2153.2,51046,KOTAKBANK
3461,2025-07-22 12:00:00+05:30,2153.8,2156.0,2152.7,2155.9,24663,KOTAKBANK
3462,2025-07-22 12:15:00+05:30,2155.9,2160.5,2152.9,2159.3,50308,KOTAKBANK
3463,2025-07-22 12:30:00+05:30,2158.8,2161.1,2157.3,2161.1,36399,KOTAKBANK
3464,2025-07-22 12:45:00+05:30,2161.1,2162.3,2154.5,2156.8,43833,KOTAKBANK
3465,2025-07-22 13:00:00+05:30,2157.3,2159.3,2153.8,2154.9,36624,KOTAKBANK
3466,2025-07-22 13:15:00+05:30,2154.9,2156.0,2153.3,2154.4,26254,KOTAKBANK
3467,2025-07-22 13:30:00+05:30,2154.4,2156.6,2153.9,2154.9,24842,KOTAKBANK
3468,2025-07-22 13:45:00+05:30,2154.9,2157.6,2152.2,2156.1,35202,KOTAKBANK
3469,2025-07-22 14:00:00+05:30,2155.9,2157.4,2153.9,2154.6,35100,KOTAKBANK
3470,2025-07-22 14:15:00+05:30,2154.6,2155.7,2150.7,2153.7,51464,KOTAKBANK
3471,2025-07-22 14:30:00+05:30,2153.6,2156.8,2151.6,2156.1,63930,KOTAKBANK
3472,2025-07-22 14:45:00+05:30,2156.1,2161.7,2155.4,2161.7,50083,KOTAKBANK
3473,2025-07-22 15:00:00+05:30,2161.6,2161.6,2159.2,2160.0,164471,KOTAKBANK
3474,2025-07-22 15:15:00+05:30,2160.1,2163.5,2157.8,2160.2,151813,KOTAKBANK
3475,2025-07-23 09:15:00+05:30,2171.0,2171.0,2160.2,2161.0,79980,KOTAKBANK
3476,2025-07-23 09:30:00+05:30,2161.0,2165.8,2156.2,2161.8,54800,KOTAKBANK
3477,2025-07-23 09:45:00+05:30,2161.8,2166.4,2159.1,2166.0,412975,KOTAKBANK
3478,2025-07-23 10:00:00+05:30,2166.0,2166.5,2161.4,2163.5,56024,KOTAKBANK
3479,2025-07-23 10:15:00+05:30,2163.9,2168.8,2163.1,2167.3,55917,KOTAKBANK
3480,2025-07-23 10:30:00+05:30,2167.8,2170.0,2166.5,2168.5,59806,KOTAKBANK
3481,2025-07-23 10:45:00+05:30,2168.7,2172.5,2164.5,2168.3,304106,KOTAKBANK
3482,2025-07-23 11:00:00+05:30,2168.3,2172.4,2165.3,2167.9,105549,KOTAKBANK
3483,2025-07-23 11:15:00+05:30,2167.6,2168.7,2163.5,2164.8,121215,KOTAKBANK
3484,2025-07-23 11:30:00+05:30,2165.4,2168.6,2162.7,2168.6,200075,KOTAKBANK
3485,2025-07-23 11:45:00+05:30,2168.6,2169.3,2165.2,2168.8,73862,KOTAKBANK
3486,2025-07-23 12:00:00+05:30,2168.8,2173.0,2167.6,2172.9,46157,KOTAKBANK
3487,2025-07-23 12:15:00+05:30,2172.8,2177.3,2172.5,2174.0,79456,KOTAKBANK
3488,2025-07-23 12:30:00+05:30,2174.0,2179.8,2170.4,2177.0,124599,KOTAKBANK
3489,2025-07-23 12:45:00+05:30,2177.0,2178.8,2174.1,2174.3,95470,KOTAKBANK
3490,2025-07-23 13:00:00+05:30,2174.5,2178.8,2173.2,2177.3,51621,KOTAKBANK
3491,2025-07-23 13:15:00+05:30,2177.3,2178.9,2173.7,2177.5,47070,KOTAKBANK
3492,2025-07-23 13:30:00+05:30,2177.5,2178.0,2175.4,2177.9,35682,KOTAKBANK
3493,2025-07-23 13:45:00+05:30,2177.8,2179.0,2175.7,2178.1,50248,KOTAKBANK
3494,2025-07-23 14:00:00+05:30,2178.1,2178.4,2174.5,2176.3,55422,KOTAKBANK
3495,2025-07-23 14:15:00+05:30,2176.3,2179.1,2174.1,2174.8,70633,KOTAKBANK
3496,2025-07-23 14:30:00+05:30,2174.3,2175.1,2169.5,2169.9,74579,KOTAKBANK
3497,2025-07-23 14:45:00+05:30,2170.0,2170.2,2165.8,2167.5,46651,KOTAKBANK
3498,2025-07-23 15:00:00+05:30,2167.6,2175.1,2167.6,2173.2,232378,KOTAKBANK
3499,2025-07-23 15:15:00+05:30,2173.2,2173.2,2165.2,2165.4,256146,KOTAKBANK
3500,2025-07-24 09:15:00+05:30,2165.4,2171.8,2140.0,2150.8,177117,KOTAKBANK
3501,2025-07-24 09:30:00+05:30,2150.8,2152.5,2147.0,2150.9,42763,KOTAKBANK
3502,2025-07-24 09:45:00+05:30,2150.6,2151.6,2145.0,2149.0,60899,KOTAKBANK
3503,2025-07-24 10:00:00+05:30,2148.8,2149.0,2146.1,2149.0,13131,KOTAKBANK
3504,2025-07-24 10:15:00+05:30,2149.0,2152.0,2143.8,2151.6,166931,KOTAKBANK
3505,2025-07-24 10:30:00+05:30,2151.0,2153.2,2148.8,2150.0,132350,KOTAKBANK
3506,2025-07-24 10:45:00+05:30,2150.0,2152.6,2146.7,2149.8,157081,KOTAKBANK
3507,2025-07-24 11:00:00+05:30,2149.8,2150.0,2144.9,2148.6,82101,KOTAKBANK
3508,2025-07-24 11:15:00+05:30,2148.6,2150.3,2146.6,2150.1,65150,KOTAKBANK
3509,2025-07-24 11:30:00+05:30,2150.1,2152.6,2149.6,2152.4,88083,KOTAKBANK
3510,2025-07-24 11:45:00+05:30,2152.0,2152.4,2150.2,2152.0,39126,KOTAKBANK
3511,2025-07-24 12:00:00+05:30,2151.9,2152.4,2148.0,2148.8,57605,KOTAKBANK
3512,2025-07-24 12:15:00+05:30,2148.8,2152.0,2148.0,2151.9,25452,KOTAKBANK
3513,2025-07-24 12:30:00+05:30,2151.9,2159.2,2151.9,2154.8,61114,KOTAKBANK
3514,2025-07-24 12:45:00+05:30,2154.8,2155.5,2150.6,2150.7,41989,KOTAKBANK
3515,2025-07-24 13:00:00+05:30,2150.7,2153.5,2150.0,2152.9,56195,KOTAKBANK
3516,2025-07-24 13:15:00+05:30,2152.9,2153.0,2150.4,2152.6,45390,KOTAKBANK
3517,2025-07-24 13:30:00+05:30,2153.0,2154.0,2148.9,2148.9,50120,KOTAKBANK
3518,2025-07-24 13:45:00+05:30,2148.9,2150.6,2146.1,2149.0,59631,KOTAKBANK
3519,2025-07-24 14:00:00+05:30,2149.0,2150.0,2148.1,2149.1,47550,KOTAKBANK
3520,2025-07-24 14:15:00+05:30,2149.1,2149.4,2143.8,2143.9,49600,KOTAKBANK
3521,2025-07-24 14:30:00+05:30,2143.8,2145.9,2142.1,2142.8,76011,KOTAKBANK
3522,2025-07-24 14:45:00+05:30,2142.9,2143.0,2141.0,2141.0,98356,KOTAKBANK
3523,2025-07-24 15:00:00+05:30,2141.3,2144.1,2141.0,2142.1,166605,KOTAKBANK
3524,2025-07-24 15:15:00+05:30,2141.9,2143.0,2140.0,2143.0,198003,KOTAKBANK
3525,2025-07-25 09:15:00+05:30,2139.1,2149.9,2123.1,2134.4,88662,KOTAKBANK
3526,2025-07-25 09:30:00+05:30,2134.5,2146.2,2133.5,2139.0,56277,KOTAKBANK
3527,2025-07-25 09:45:00+05:30,2138.8,2142.9,2135.9,2140.6,32279,KOTAKBANK
3528,2025-07-25 10:00:00+05:30,2141.0,2146.0,2140.0,2143.4,27562,KOTAKBANK
3529,2025-07-25 10:15:00+05:30,2143.1,2143.1,2134.9,2137.4,62466,KOTAKBANK
3530,2025-07-25 10:30:00+05:30,2137.8,2142.5,2135.3,2140.7,46273,KOTAKBANK
3531,2025-07-25 10:45:00+05:30,2140.3,2141.1,2136.7,2137.8,23344,KOTAKBANK
3532,2025-07-25 11:00:00+05:30,2137.8,2139.8,2133.8,2133.9,21257,KOTAKBANK
3533,2025-07-25 11:15:00+05:30,2133.9,2137.8,2131.6,2137.3,33661,KOTAKBANK
3534,2025-07-25 11:30:00+05:30,2137.3,2141.2,2131.6,2133.5,32365,KOTAKBANK
3535,2025-07-25 11:45:00+05:30,2133.8,2133.9,2120.9,2122.9,43089,KOTAKBANK
3536,2025-07-25 12:00:00+05:30,2123.1,2125.4,2121.4,2124.5,17759,KOTAKBANK
3537,2025-07-25 12:15:00+05:30,2124.9,2125.1,2120.9,2124.3,27657,KOTAKBANK
3538,2025-07-25 12:30:00+05:30,2124.2,2129.4,2122.0,2125.8,54925,KOTAKBANK
3539,2025-07-25 12:45:00+05:30,2125.8,2127.7,2123.6,2126.4,27156,KOTAKBANK
3540,2025-07-25 13:00:00+05:30,2126.3,2130.9,2126.0,2129.9,31162,KOTAKBANK
3541,2025-07-25 13:15:00+05:30,2129.9,2131.0,2125.5,2126.9,21375,KOTAKBANK
3542,2025-07-25 13:30:00+05:30,2126.9,2130.8,2121.2,2129.6,39613,KOTAKBANK
3543,2025-07-25 13:45:00+05:30,2129.6,2131.9,2128.0,2130.0,28948,KOTAKBANK
3544,2025-07-25 14:00:00+05:30,2130.0,2130.0,2121.9,2122.6,74054,KOTAKBANK
3545,2025-07-25 14:15:00+05:30,2122.6,2123.1,2118.3,2121.3,129049,KOTAKBANK
3546,2025-07-25 14:30:00+05:30,2120.8,2124.2,2120.0,2121.4,117146,KOTAKBANK
3547,2025-07-25 14:45:00+05:30,2121.4,2126.4,2121.2,2126.0,133906,KOTAKBANK
3548,2025-07-25 15:00:00+05:30,2125.9,2128.7,2122.0,2124.9,290994,KOTAKBANK
3549,2025-07-25 15:15:00+05:30,2124.8,2127.2,2121.2,2121.2,284195,KOTAKBANK
3550,2025-07-28 09:15:00+05:30,2025.3,2055.3,1977.0,1979.9,2997150,KOTAKBANK
3551,2025-07-28 09:30:00+05:30,1979.9,1993.3,1978.0,1988.7,1384407,KOTAKBANK
3552,2025-07-28 09:45:00+05:30,1988.4,1997.3,1987.8,1993.1,1420598,KOTAKBANK
3553,2025-07-28 10:00:00+05:30,1993.1,1993.7,1986.1,1990.4,778473,KOTAKBANK
3554,2025-07-28 10:15:00+05:30,1990.1,1997.0,1988.5,1992.3,410737,KOTAKBANK
3555,2025-07-28 10:30:00+05:30,1992.3,1993.0,1987.0,1987.4,240874,KOTAKBANK
3556,2025-07-28 10:45:00+05:30,1987.4,1989.5,1980.2,1987.1,378299,KOTAKBANK
3557,2025-07-28 11:00:00+05:30,1987.0,1990.5,1986.8,1989.8,322873,KOTAKBANK
3558,2025-07-28 11:15:00+05:30,1989.7,1995.9,1989.2,1995.0,562403,KOTAKBANK
3559,2025-07-28 11:30:00+05:30,1995.0,1995.9,1990.6,1991.2,198154,KOTAKBANK
3560,2025-07-28 11:45:00+05:30,1991.4,1992.4,1982.5,1983.4,209156,KOTAKBANK
3561,2025-07-28 12:00:00+05:30,1983.5,1983.9,1981.2,1982.3,150639,KOTAKBANK
3562,2025-07-28 12:15:00+05:30,1982.4,1982.8,1979.0,1980.0,348597,KOTAKBANK
3563,2025-07-28 12:30:00+05:30,1979.9,1980.6,1978.0,1978.7,191428,KOTAKBANK
3564,2025-07-28 12:45:00+05:30,1978.8,1980.0,1973.4,1974.9,238901,KOTAKBANK
3565,2025-07-28 13:00:00+05:30,1975.0,1976.5,1971.6,1974.9,184496,KOTAKBANK
3566,2025-07-28 13:15:00+05:30,1975.0,1976.1,1971.0,1975.5,303059,KOTAKBANK
3567,2025-07-28 13:30:00+05:30,1975.5,1975.8,1972.0,1974.2,210709,KOTAKBANK
3568,2025-07-28 13:45:00+05:30,1974.2,1975.5,1966.5,1966.8,315234,KOTAKBANK
3569,2025-07-28 14:00:00+05:30,1966.5,1966.8,1960.0,1964.2,402981,KOTAKBANK
3570,2025-07-28 14:15:00+05:30,1964.2,1970.8,1964.1,1969.7,297698,KOTAKBANK
3571,2025-07-28 14:30:00+05:30,1969.6,1974.5,1968.1,1973.9,338846,KOTAKBANK
3572,2025-07-28 14:45:00+05:30,1973.9,1974.1,1970.1,1972.0,296661,KOTAKBANK
3573,2025-07-28 15:00:00+05:30,1972.0,1972.9,1964.7,1965.0,805208,KOTAKBANK
3574,2025-07-28 15:15:00+05:30,1965.1,1974.7,1960.5,1968.7,826144,KOTAKBANK
3575,2025-07-29 09:15:00+05:30,1967.0,1979.7,1958.9,1977.9,702743,KOTAKBANK
3576,2025-07-29 09:30:00+05:30,1977.9,1978.8,1959.0,1962.6,248008,KOTAKBANK
3577,2025-07-29 09:45:00+05:30,1962.8,1964.8,1957.1,1963.7,178436,KOTAKBANK
3578,2025-07-29 10:00:00+05:30,1963.3,1970.9,1962.0,1964.0,130616,KOTAKBANK
3579,2025-07-29 10:15:00+05:30,1964.6,1967.0,1961.1,1965.0,99488,KOTAKBANK
3580,2025-07-29 10:30:00+05:30,1965.2,1969.7,1963.5,1963.7,137999,KOTAKBANK
3581,2025-07-29 10:45:00+05:30,1963.7,1966.6,1962.1,1965.8,91066,KOTAKBANK
3582,2025-07-29 11:00:00+05:30,1966.0,1966.0,1958.0,1960.6,93505,KOTAKBANK
3583,2025-07-29 11:15:00+05:30,1960.7,1964.6,1959.7,1961.3,88550,KOTAKBANK
3584,2025-07-29 11:30:00+05:30,1961.4,1962.0,1956.2,1957.0,79857,KOTAKBANK
3585,2025-07-29 11:45:00+05:30,1956.9,1958.0,1953.0,1953.3,148260,KOTAKBANK
3586,2025-07-29 12:00:00+05:30,1953.5,1956.6,1953.5,1955.9,50884,KOTAKBANK
3587,2025-07-29 12:15:00+05:30,1956.4,1958.4,1954.0,1956.8,51932,KOTAKBANK
3588,2025-07-29 12:30:00+05:30,1957.0,1959.9,1955.8,1957.4,67349,KOTAKBANK
3589,2025-07-29 12:45:00+05:30,1957.4,1959.0,1954.2,1955.9,59654,KOTAKBANK
3590,2025-07-29 13:00:00+05:30,1956.2,1958.4,1955.0,1956.4,575736,KOTAKBANK
3591,2025-07-29 13:15:00+05:30,1956.4,1961.6,1956.0,1958.3,670194,KOTAKBANK
3592,2025-07-29 13:30:00+05:30,1958.5,1966.0,1956.5,1965.3,220044,KOTAKBANK
3593,2025-07-29 13:45:00+05:30,1965.3,1971.8,1965.3,1971.1,196868,KOTAKBANK
3594,2025-07-29 14:00:00+05:30,1971.4,1974.5,1968.2,1970.6,130977,KOTAKBANK
3595,2025-07-29 14:15:00+05:30,1970.6,1972.3,1968.4,1970.9,94090,KOTAKBANK
3596,2025-07-29 14:30:00+05:30,1970.9,1972.6,1967.8,1970.8,195133,KOTAKBANK
3597,2025-07-29 14:45:00+05:30,1971.2,1974.4,1970.1,1971.4,90824,KOTAKBANK
3598,2025-07-29 15:00:00+05:30,1971.4,1975.4,1970.3,1972.2,338868,KOTAKBANK
3599,2025-07-29 15:15:00+05:30,1972.2,1974.2,1970.0,1970.2,302592,KOTAKBANK
3600,2025-07-30 09:15:00+05:30,1966.1,1978.2,1966.0,1968.2,157217,KOTAKBANK
3601,2025-07-30 09:30:00+05:30,1968.4,1980.7,1968.2,1978.3,350259,KOTAKBANK
3602,2025-07-30 09:45:00+05:30,1978.3,1980.9,1968.3,1971.9,750523,KOTAKBANK
3603,2025-07-30 10:00:00+05:30,1971.7,1973.5,1970.0,1971.7,50114,KOTAKBANK
3604,2025-07-30 10:15:00+05:30,1971.1,1971.7,1963.5,1963.5,168544,KOTAKBANK
3605,2025-07-30 10:30:00+05:30,1963.5,1965.7,1959.4,1960.4,204160,KOTAKBANK
3606,2025-07-30 10:45:00+05:30,1959.7,1963.2,1957.0,1960.4,165013,KOTAKBANK
3607,2025-07-30 11:00:00+05:30,1960.7,1961.6,1957.0,1960.5,71448,KOTAKBANK
3608,2025-07-30 11:15:00+05:30,1960.5,1963.9,1960.5,1963.8,58722,KOTAKBANK
3609,2025-07-30 11:30:00+05:30,1963.8,1965.0,1959.6,1963.4,69732,KOTAKBANK
3610,2025-07-30 11:45:00+05:30,1962.5,1963.7,1960.4,1961.6,46185,KOTAKBANK
3611,2025-07-30 12:00:00+05:30,1961.6,1963.7,1960.0,1960.1,42511,KOTAKBANK
3612,2025-07-30 12:15:00+05:30,1960.1,1962.0,1959.2,1961.1,38336,KOTAKBANK
3613,2025-07-30 12:30:00+05:30,1960.8,1966.0,1960.5,1965.0,62463,KOTAKBANK
3614,2025-07-30 12:45:00+05:30,1965.0,1970.4,1964.0,1969.9,68485,KOTAKBANK
3615,2025-07-30 13:00:00+05:30,1969.9,1972.0,1961.4,1963.2,112939,KOTAKBANK
3616,2025-07-30 13:15:00+05:30,1962.9,1963.5,1959.0,1960.6,65407,KOTAKBANK
3617,2025-07-30 13:30:00+05:30,1960.5,1964.3,1960.4,1962.3,51065,KOTAKBANK
3618,2025-07-30 13:45:00+05:30,1962.4,1963.4,1961.0,1962.0,53027,KOTAKBANK
3619,2025-07-30 14:00:00+05:30,1962.0,1963.3,1959.5,1962.9,86358,KOTAKBANK
3620,2025-07-30 14:15:00+05:30,1962.7,1963.8,1960.8,1962.0,94266,KOTAKBANK
3621,2025-07-30 14:30:00+05:30,1961.8,1964.7,1961.1,1962.0,130040,KOTAKBANK
3622,2025-07-30 14:45:00+05:30,1961.3,1964.0,1961.1,1962.2,119955,KOTAKBANK
3623,2025-07-30 15:00:00+05:30,1962.0,1963.0,1958.9,1959.9,216134,KOTAKBANK
3624,2025-07-30 15:15:00+05:30,1959.9,1960.5,1957.5,1959.2,356486,KOTAKBANK
3625,2025-07-31 09:15:00+05:30,1941.2,1954.8,1941.2,1950.2,330707,KOTAKBANK
3626,2025-07-31 09:30:00+05:30,1950.2,1953.1,1945.6,1948.3,81084,KOTAKBANK
3627,2025-07-31 09:45:00+05:30,1948.8,1949.2,1941.0,1941.0,467244,KOTAKBANK
3628,2025-07-31 10:00:00+05:30,1941.0,1941.1,1935.0,1939.3,152022,KOTAKBANK
3629,2025-07-31 10:15:00+05:30,1939.5,1943.9,1937.7,1942.9,114482,KOTAKBANK
3630,2025-07-31 10:30:00+05:30,1942.3,1946.0,1940.7,1945.1,80978,KOTAKBANK
3631,2025-07-31 10:45:00+05:30,1945.2,1952.7,1945.0,1949.1,130832,KOTAKBANK
3632,2025-07-31 11:00:00+05:30,1949.1,1957.0,1948.9,1953.6,135101,KOTAKBANK
3633,2025-07-31 11:15:00+05:30,1953.9,1958.9,1953.0,1956.6,121439,KOTAKBANK
3634,2025-07-31 11:30:00+05:30,1956.6,1961.0,1951.8,1958.5,94560,KOTAKBANK
3635,2025-07-31 11:45:00+05:30,1958.7,1961.9,1957.7,1959.1,177215,KOTAKBANK
3636,2025-07-31 12:00:00+05:30,1959.8,1965.7,1954.1,1964.9,116721,KOTAKBANK
3637,2025-07-31 12:15:00+05:30,1964.9,1969.0,1961.6,1962.6,103602,KOTAKBANK
3638,2025-07-31 12:30:00+05:30,1962.6,1969.0,1957.7,1964.9,121957,KOTAKBANK
3639,2025-07-31 12:45:00+05:30,1965.7,1976.0,1964.2,1974.6,161795,KOTAKBANK
3640,2025-07-31 13:00:00+05:30,1974.8,1993.8,1973.5,1993.1,455459,KOTAKBANK
3641,2025-07-31 13:15:00+05:30,1993.1,1998.6,1990.0,1995.2,149767,KOTAKBANK
3642,2025-07-31 13:30:00+05:30,1995.1,1996.9,1990.0,1991.6,137018,KOTAKBANK
3643,2025-07-31 13:45:00+05:30,1991.1,1993.7,1985.7,1987.8,103877,KOTAKBANK
3644,2025-07-31 14:00:00+05:30,1988.1,1993.1,1986.9,1988.6,104066,KOTAKBANK
3645,2025-07-31 14:15:00+05:30,1988.6,1991.1,1986.8,1987.9,142323,KOTAKBANK
3646,2025-07-31 14:30:00+05:30,1987.5,1989.4,1983.1,1986.4,158944,KOTAKBANK
3647,2025-07-31 14:45:00+05:30,1987.4,1987.4,1982.6,1984.3,156433,KOTAKBANK
3648,2025-07-31 15:00:00+05:30,1984.3,1984.9,1976.2,1979.2,292763,KOTAKBANK
3649,2025-07-31 15:15:00+05:30,1979.2,1980.0,1974.9,1980.0,213356,KOTAKBANK
3650,2025-08-01 09:15:00+05:30,1983.0,1992.7,1972.1,1992.4,192932,KOTAKBANK
3651,2025-08-01 09:30:00+05:30,1992.4,1997.0,1987.9,1996.8,102893,KOTAKBANK
3652,2025-08-01 09:45:00+05:30,1996.7,1999.6,1991.0,1992.3,99344,KOTAKBANK
3653,2025-08-01 10:00:00+05:30,1992.7,1997.8,1991.6,1995.4,73346,KOTAKBANK
3654,2025-08-01 10:15:00+05:30,1995.4,2004.8,1995.4,2004.5,129999,KOTAKBANK
3655,2025-08-01 10:30:00+05:30,2004.5,2007.0,2002.3,2003.9,85834,KOTAKBANK
3656,2025-08-01 10:45:00+05:30,2003.9,2006.6,2002.8,2003.6,72001,KOTAKBANK
3657,2025-08-01 11:00:00+05:30,2004.0,2006.3,2000.5,2001.8,63159,KOTAKBANK
3658,2025-08-01 11:15:00+05:30,2001.3,2002.8,1998.1,1999.6,71823,KOTAKBANK
3659,2025-08-01 11:30:00+05:30,1999.7,2000.0,1996.3,1997.9,71442,KOTAKBANK
3660,2025-08-01 11:45:00+05:30,1997.7,1999.9,1994.0,1994.2,53223,KOTAKBANK
3661,2025-08-01 12:00:00+05:30,1994.3,1995.9,1991.6,1993.3,49593,KOTAKBANK
3662,2025-08-01 12:15:00+05:30,1992.8,1993.3,1988.5,1990.5,68033,KOTAKBANK
3663,2025-08-01 12:30:00+05:30,1990.3,1994.2,1986.4,1988.9,107965,KOTAKBANK
3664,2025-08-01 12:45:00+05:30,1988.8,1995.1,1988.3,1993.5,59405,KOTAKBANK
3665,2025-08-01 13:00:00+05:30,1993.5,1998.7,1993.0,1998.5,119079,KOTAKBANK
3666,2025-08-01 13:15:00+05:30,1998.3,2000.8,1996.3,2000.3,102803,KOTAKBANK
3667,2025-08-01 13:30:00+05:30,2000.1,2002.2,1993.5,1997.4,113297,KOTAKBANK
3668,2025-08-01 13:45:00+05:30,1997.0,1998.0,1994.4,1995.2,58655,KOTAKBANK
3669,2025-08-01 14:00:00+05:30,1995.2,1996.2,1990.0,1993.0,110154,KOTAKBANK
3670,2025-08-01 14:15:00+05:30,1992.9,1994.5,1987.7,1991.0,94115,KOTAKBANK
3671,2025-08-01 14:30:00+05:30,1990.9,1992.6,1988.1,1991.8,145954,KOTAKBANK
3672,2025-08-01 14:45:00+05:30,1991.5,1993.4,1990.0,1991.4,72716,KOTAKBANK
3673,2025-08-01 15:00:00+05:30,1991.4,1994.7,1988.3,1990.6,243122,KOTAKBANK
3674,2025-08-01 15:15:00+05:30,1990.6,1996.6,1990.0,1995.9,311369,KOTAKBANK
3675,2025-08-04 09:15:00+05:30,1987.0,2001.3,1986.2,1995.5,112911,KOTAKBANK
3676,2025-08-04 09:30:00+05:30,1995.5,1995.7,1985.1,1985.7,68910,KOTAKBANK
3677,2025-08-04 09:45:00+05:30,1985.9,1989.0,1982.1,1986.7,61363,KOTAKBANK
3678,2025-08-04 10:00:00+05:30,1986.8,1991.5,1985.4,1986.4,34368,KOTAKBANK
3679,2025-08-04 10:15:00+05:30,1987.1,1991.9,1987.1,1988.4,31721,KOTAKBANK
3680,2025-08-04 10:30:00+05:30,1988.3,1994.0,1988.1,1991.9,25636,KOTAKBANK
3681,2025-08-04 10:45:00+05:30,1991.9,1992.5,1986.2,1990.2,44940,KOTAKBANK
3682,2025-08-04 11:00:00+05:30,1990.2,1997.0,1990.0,1995.7,33592,KOTAKBANK
3683,2025-08-04 11:15:00+05:30,1995.9,1996.2,1993.7,1996.0,20980,KOTAKBANK
3684,2025-08-04 11:30:00+05:30,1995.9,1998.2,1993.9,1997.2,34178,KOTAKBANK
3685,2025-08-04 11:45:00+05:30,1997.3,1999.9,1997.1,1998.6,25551,KOTAKBANK
3686,2025-08-04 12:00:00+05:30,1998.6,2001.3,1996.7,2000.7,32559,KOTAKBANK
3687,2025-08-04 12:15:00+05:30,2000.7,2004.9,2000.1,2004.6,36386,KOTAKBANK
3688,2025-08-04 12:30:00+05:30,2004.2,2007.0,2002.9,2003.9,33993,KOTAKBANK
3689,2025-08-04 12:45:00+05:30,2003.8,2004.2,2000.0,2002.9,29602,KOTAKBANK
3690,2025-08-04 13:00:00+05:30,2002.9,2004.4,1998.9,2000.2,37889,KOTAKBANK
3691,2025-08-04 13:15:00+05:30,2000.2,2000.3,1995.3,1999.7,49247,KOTAKBANK
3692,2025-08-04 13:30:00+05:30,1999.5,2000.9,1998.5,2000.9,28675,KOTAKBANK
3693,2025-08-04 13:45:00+05:30,2000.7,2004.0,1999.9,2001.2,63630,KOTAKBANK
3694,2025-08-04 14:00:00+05:30,2001.0,2001.5,1997.0,2000.4,84557,KOTAKBANK
3695,2025-08-04 14:15:00+05:30,2000.0,2000.8,1996.9,1997.7,100905,KOTAKBANK
3696,2025-08-04 14:30:00+05:30,1997.7,2000.5,1996.5,1997.2,83750,KOTAKBANK
3697,2025-08-04 14:45:00+05:30,1997.2,1999.1,1995.0,1995.5,94368,KOTAKBANK
3698,2025-08-04 15:00:00+05:30,1995.5,1998.8,1994.0,1995.8,183827,KOTAKBANK
3699,2025-08-04 15:15:00+05:30,1995.8,2000.0,1995.7,1996.1,189551,KOTAKBANK
3700,2025-08-05 09:15:00+05:30,2008.0,2008.0,1997.1,2003.1,200881,KOTAKBANK
3701,2025-08-05 09:30:00+05:30,2003.1,2004.3,1998.5,1999.2,61632,KOTAKBANK
3702,2025-08-05 09:45:00+05:30,1999.1,2000.2,1997.0,1999.8,70323,KOTAKBANK
3703,2025-08-05 10:00:00+05:30,1999.7,2001.5,1997.2,1997.9,49387,KOTAKBANK
3704,2025-08-05 10:15:00+05:30,1997.7,2002.5,1997.0,2002.4,56723,KOTAKBANK
3705,2025-08-05 10:30:00+05:30,2002.4,2004.5,1999.3,2004.2,118800,KOTAKBANK
3706,2025-08-05 10:45:00+05:30,2004.1,2006.2,2000.8,2002.7,81940,KOTAKBANK
3707,2025-08-05 11:00:00+05:30,2002.6,2004.1,1999.7,2003.5,45872,KOTAKBANK
3708,2025-08-05 11:15:00+05:30,2003.5,2005.3,2000.7,2003.6,202227,KOTAKBANK
3709,2025-08-05 11:30:00+05:30,2003.4,2003.4,1999.1,2000.5,52021,KOTAKBANK
3710,2025-08-05 11:45:00+05:30,2000.4,2001.1,1998.5,2000.1,81524,KOTAKBANK
3711,2025-08-05 12:00:00+05:30,2000.0,2004.0,1999.2,2003.2,61457,KOTAKBANK
3712,2025-08-05 12:15:00+05:30,2003.1,2005.0,2001.1,2004.1,55533,KOTAKBANK
3713,2025-08-05 12:30:00+05:30,2004.0,2006.9,2000.7,2005.5,69029,KOTAKBANK
3714,2025-08-05 12:45:00+05:30,2005.3,2007.0,2003.2,2007.0,54032,KOTAKBANK
3715,2025-08-05 13:00:00+05:30,2006.7,2007.0,2003.3,2004.8,61062,KOTAKBANK
3716,2025-08-05 13:15:00+05:30,2005.0,2005.2,1999.5,2000.0,95436,KOTAKBANK
3717,2025-08-05 13:30:00+05:30,2000.0,2000.0,1994.8,1996.2,79217,KOTAKBANK
3718,2025-08-05 13:45:00+05:30,1996.1,1998.1,1995.0,1997.2,65591,KOTAKBANK
3719,2025-08-05 14:00:00+05:30,1997.2,1998.0,1994.8,1996.3,62630,KOTAKBANK
3720,2025-08-05 14:15:00+05:30,1996.1,1998.0,1994.8,1997.9,76227,KOTAKBANK
3721,2025-08-05 14:30:00+05:30,1997.6,2000.0,1996.5,1999.4,108000,KOTAKBANK
3722,2025-08-05 14:45:00+05:30,1999.1,2001.8,1995.8,2001.2,209375,KOTAKBANK
3723,2025-08-05 15:00:00+05:30,2001.2,2004.5,1999.9,2004.3,205206,KOTAKBANK
3724,2025-08-05 15:15:00+05:30,2004.3,2006.8,2001.4,2004.0,197157,KOTAKBANK
3725,2025-08-06 09:15:00+05:30,2003.0,2025.6,2001.4,2016.7,223053,KOTAKBANK
3726,2025-08-06 09:30:00+05:30,2016.7,2017.9,2012.0,2014.7,51999,KOTAKBANK
3727,2025-08-06 09:45:00+05:30,2014.7,2016.9,2010.4,2016.5,42564,KOTAKBANK
3728,2025-08-06 10:00:00+05:30,2016.0,2019.9,2013.5,2019.4,93515,KOTAKBANK
3729,2025-08-06 10:15:00+05:30,2019.7,2024.0,2018.3,2019.4,62081,KOTAKBANK
3730,2025-08-06 10:30:00+05:30,2019.5,2020.8,2014.0,2014.6,206698,KOTAKBANK
3731,2025-08-06 10:45:00+05:30,2014.5,2016.5,2008.0,2008.9,124291,KOTAKBANK
3732,2025-08-06 11:00:00+05:30,2008.8,2010.3,2001.3,2004.4,108637,KOTAKBANK
3733,2025-08-06 11:15:00+05:30,2004.5,2006.4,2002.5,2004.2,113045,KOTAKBANK
3734,2025-08-06 11:30:00+05:30,2004.2,2004.7,2000.1,2001.6,42120,KOTAKBANK
3735,2025-08-06 11:45:00+05:30,2001.4,2002.1,1996.4,1999.3,63297,KOTAKBANK
3736,2025-08-06 12:00:00+05:30,1999.3,2005.0,1997.6,2004.5,55011,KOTAKBANK
3737,2025-08-06 12:15:00+05:30,2004.5,2006.5,2000.7,2001.9,86536,KOTAKBANK
3738,2025-08-06 12:30:00+05:30,2001.9,2003.0,2000.0,2000.4,31703,KOTAKBANK
3739,2025-08-06 12:45:00+05:30,2000.3,2000.3,1998.2,2000.1,73061,KOTAKBANK
3740,2025-08-06 13:00:00+05:30,2000.0,2001.9,1998.9,2001.0,39101,KOTAKBANK
3741,2025-08-06 13:15:00+05:30,2000.6,2003.2,2000.0,2002.9,41591,KOTAKBANK
3742,2025-08-06 13:30:00+05:30,2002.9,2004.0,2000.3,2003.7,66064,KOTAKBANK
3743,2025-08-06 13:45:00+05:30,2003.7,2004.7,2001.6,2003.0,107131,KOTAKBANK
3744,2025-08-06 14:00:00+05:30,2003.0,2004.0,2000.9,2002.2,230747,KOTAKBANK
3745,2025-08-06 14:15:00+05:30,2002.1,2003.0,1999.8,2000.4,49163,KOTAKBANK
3746,2025-08-06 14:30:00+05:30,2000.4,2000.4,1996.6,1997.0,99904,KOTAKBANK
3747,2025-08-06 14:45:00+05:30,1997.0,1998.8,1992.7,1998.1,88444,KOTAKBANK
3748,2025-08-06 15:00:00+05:30,1998.1,2004.8,1996.5,2003.4,395807,KOTAKBANK
3749,2025-08-06 15:15:00+05:30,2003.8,2006.0,2000.0,2003.9,166716,KOTAKBANK
3750,2025-08-07 09:15:00+05:30,1981.0,1986.0,1965.0,1979.4,11894718,KOTAKBANK
3751,2025-08-07 09:30:00+05:30,1979.3,1980.7,1970.1,1975.5,178705,KOTAKBANK
3752,2025-08-07 09:45:00+05:30,1975.0,1978.2,1970.0,1977.5,93650,KOTAKBANK
3753,2025-08-07 10:00:00+05:30,1977.4,1981.7,1975.3,1981.7,147369,KOTAKBANK
3754,2025-08-07 10:15:00+05:30,1981.5,1984.0,1979.9,1980.7,96214,KOTAKBANK
3755,2025-08-07 10:30:00+05:30,1980.8,1984.1,1980.0,1981.2,197562,KOTAKBANK
3756,2025-08-07 10:45:00+05:30,1981.2,1987.0,1980.0,1985.1,107199,KOTAKBANK
3757,2025-08-07 11:00:00+05:30,1985.1,1986.9,1980.6,1982.9,146537,KOTAKBANK
3758,2025-08-07 11:15:00+05:30,1983.1,1985.5,1981.6,1982.5,60988,KOTAKBANK
3759,2025-08-07 11:30:00+05:30,1982.8,1989.9,1982.3,1985.1,79040,KOTAKBANK
3760,2025-08-07 11:45:00+05:30,1985.0,1985.2,1981.8,1984.9,47170,KOTAKBANK
3761,2025-08-07 12:00:00+05:30,1985.0,1988.3,1983.1,1987.5,38931,KOTAKBANK
3762,2025-08-07 12:15:00+05:30,1987.1,1987.6,1985.0,1987.0,43068,KOTAKBANK
3763,2025-08-07 12:30:00+05:30,1986.9,1988.9,1984.5,1986.6,98369,KOTAKBANK
3764,2025-08-07 12:45:00+05:30,1987.0,1989.5,1985.6,1989.1,77919,KOTAKBANK
3765,2025-08-07 13:00:00+05:30,1989.1,1989.9,1987.8,1989.9,84601,KOTAKBANK
3766,2025-08-07 13:15:00+05:30,1989.7,1991.9,1988.5,1990.3,99616,KOTAKBANK
3767,2025-08-07 13:30:00+05:30,1990.5,1992.9,1988.8,1991.8,90915,KOTAKBANK
3768,2025-08-07 13:45:00+05:30,1991.4,1993.3,1989.2,1992.0,75485,KOTAKBANK
3769,2025-08-07 14:00:00+05:30,1992.0,1993.5,1985.8,1988.5,137590,KOTAKBANK
3770,2025-08-07 14:15:00+05:30,1988.4,1993.9,1988.0,1990.7,148859,KOTAKBANK
3771,2025-08-07 14:30:00+05:30,1990.7,1994.6,1989.3,1991.9,149645,KOTAKBANK
3772,2025-08-07 14:45:00+05:30,1991.9,1992.1,1988.3,1990.1,102482,KOTAKBANK
3773,2025-08-07 15:00:00+05:30,1990.2,1993.2,1990.0,1990.9,160755,KOTAKBANK
3774,2025-08-07 15:15:00+05:30,1990.9,1995.5,1990.4,1994.2,190714,KOTAKBANK
3775,2025-08-08 09:15:00+05:30,1993.9,1999.5,1987.5,1988.0,57782,KOTAKBANK
3776,2025-08-08 09:30:00+05:30,1988.0,1992.0,1987.5,1988.1,27099,KOTAKBANK
3777,2025-08-08 09:45:00+05:30,1988.1,1989.0,1982.0,1989.0,34084,KOTAKBANK
3778,2025-08-08 10:00:00+05:30,1989.0,1989.6,1976.8,1977.6,32785,KOTAKBANK
3779,2025-08-08 10:15:00+05:30,1977.6,1980.3,1975.0,1979.7,24949,KOTAKBANK
3780,2025-08-08 10:30:00+05:30,1979.7,1979.9,1974.3,1975.9,20499,KOTAKBANK
3781,2025-08-08 10:45:00+05:30,1975.9,1975.9,1972.2,1975.3,46293,KOTAKBANK
3782,2025-08-08 11:00:00+05:30,1975.4,1976.4,1971.1,1972.5,194175,KOTAKBANK
3783,2025-08-08 11:15:00+05:30,1972.2,1972.7,1968.3,1970.1,34374,KOTAKBANK
3784,2025-08-08 11:30:00+05:30,1970.2,1970.3,1966.2,1968.2,32688,KOTAKBANK
3785,2025-08-08 11:45:00+05:30,1968.3,1971.3,1968.2,1969.6,64710,KOTAKBANK
3786,2025-08-08 12:00:00+05:30,1969.6,1969.8,1966.9,1966.9,41785,KOTAKBANK
3787,2025-08-08 12:15:00+05:30,1967.0,1969.4,1966.6,1968.4,17755,KOTAKBANK
3788,2025-08-08 12:30:00+05:30,1968.4,1970.6,1968.0,1969.0,41387,KOTAKBANK
3789,2025-08-08 12:45:00+05:30,1968.9,1970.4,1968.0,1969.3,59860,KOTAKBANK
3790,2025-08-08 13:00:00+05:30,1969.2,1969.4,1963.7,1965.7,130341,KOTAKBANK
3791,2025-08-08 13:15:00+05:30,1965.6,1966.9,1964.3,1965.0,61197,KOTAKBANK
3792,2025-08-08 13:30:00+05:30,1965.0,1969.2,1964.2,1968.4,34450,KOTAKBANK
3793,2025-08-08 13:45:00+05:30,1968.4,1968.8,1966.2,1967.2,44714,KOTAKBANK
3794,2025-08-08 14:00:00+05:30,1967.1,1969.0,1960.2,1962.9,98255,KOTAKBANK
3795,2025-08-08 14:15:00+05:30,1962.8,1965.2,1959.2,1960.6,112781,KOTAKBANK
3796,2025-08-08 14:30:00+05:30,1960.6,1962.1,1959.1,1960.7,155244,KOTAKBANK
3797,2025-08-08 14:45:00+05:30,1960.7,1961.5,1956.4,1957.0,167198,KOTAKBANK
3798,2025-08-08 15:00:00+05:30,1956.9,1957.0,1948.2,1951.1,421624,KOTAKBANK
3799,2025-08-08 15:15:00+05:30,1951.1,1956.7,1949.1,1955.0,229598,KOTAKBANK
3800,2025-08-11 09:15:00+05:30,1964.0,1966.2,1956.4,1962.0,99297,KOTAKBANK
3801,2025-08-11 09:30:00+05:30,1962.2,1968.5,1959.4,1962.0,62448,KOTAKBANK
3802,2025-08-11 09:45:00+05:30,1962.0,1962.4,1956.6,1960.4,124217,KOTAKBANK
3803,2025-08-11 10:00:00+05:30,1960.4,1968.0,1960.0,1967.9,59363,KOTAKBANK
3804,2025-08-11 10:15:00+05:30,1968.1,1969.9,1965.2,1969.4,56253,KOTAKBANK
3805,2025-08-11 10:30:00+05:30,1969.4,1974.4,1967.4,1968.3,83839,KOTAKBANK
3806,2025-08-11 10:45:00+05:30,1968.3,1972.2,1968.3,1971.3,64517,KOTAKBANK
3807,2025-08-11 11:00:00+05:30,1971.3,1972.9,1969.4,1970.6,65012,KOTAKBANK
3808,2025-08-11 11:15:00+05:30,1970.6,1976.2,1969.4,1975.4,55595,KOTAKBANK
3809,2025-08-11 11:30:00+05:30,1975.4,1977.0,1971.0,1971.7,106437,KOTAKBANK
3810,2025-08-11 11:45:00+05:30,1971.4,1971.7,1965.5,1967.3,59265,KOTAKBANK
3811,2025-08-11 12:00:00+05:30,1967.4,1968.0,1963.1,1964.7,45455,KOTAKBANK
3812,2025-08-11 12:15:00+05:30,1964.7,1966.0,1963.9,1964.9,57305,KOTAKBANK
3813,2025-08-11 12:30:00+05:30,1965.0,1967.3,1963.6,1965.5,68870,KOTAKBANK
3814,2025-08-11 12:45:00+05:30,1965.6,1967.5,1962.4,1963.5,72924,KOTAKBANK
3815,2025-08-11 13:00:00+05:30,1963.8,1966.9,1963.1,1964.2,119887,KOTAKBANK
3816,2025-08-11 13:15:00+05:30,1964.3,1968.2,1963.5,1967.2,66514,KOTAKBANK
3817,2025-08-11 13:30:00+05:30,1967.4,1968.0,1964.0,1965.7,150244,KOTAKBANK
3818,2025-08-11 13:45:00+05:30,1965.8,1966.2,1964.4,1965.0,59900,KOTAKBANK
3819,2025-08-11 14:00:00+05:30,1965.0,1967.5,1964.5,1965.2,97021,KOTAKBANK
3820,2025-08-11 14:15:00+05:30,1965.3,1966.4,1963.7,1964.8,150398,KOTAKBANK
3821,2025-08-11 14:30:00+05:30,1964.8,1969.7,1964.7,1969.5,75662,KOTAKBANK
3822,2025-08-11 14:45:00+05:30,1969.5,1970.8,1968.5,1969.5,71608,KOTAKBANK
3823,2025-08-11 15:00:00+05:30,1969.3,1972.1,1968.6,1970.8,130290,KOTAKBANK
3824,2025-08-11 15:15:00+05:30,1970.8,2024.0,1959.3,1963.1,198115,KOTAKBANK
3825,2025-08-12 09:15:00+05:30,1975.0,1975.0,1961.0,1974.5,61879,KOTAKBANK
3826,2025-08-12 09:30:00+05:30,1974.5,1981.7,1973.1,1981.0,41598,KOTAKBANK
3827,2025-08-12 09:45:00+05:30,1980.9,1982.6,1978.3,1982.1,26039,KOTAKBANK
3828,2025-08-12 10:00:00+05:30,1982.5,1985.9,1981.0,1982.0,38136,KOTAKBANK
3829,2025-08-12 10:15:00+05:30,1982.2,1984.3,1975.0,1976.9,46670,KOTAKBANK
3830,2025-08-12 10:30:00+05:30,1976.9,1976.9,1971.0,1973.1,57845,KOTAKBANK
3831,2025-08-12 10:45:00+05:30,1973.1,1975.5,1969.7,1970.1,34963,KOTAKBANK
3832,2025-08-12 11:00:00+05:30,1970.8,1970.8,1966.0,1968.6,23244,KOTAKBANK
3833,2025-08-12 11:15:00+05:30,1968.7,1972.5,1966.0,1966.4,49023,KOTAKBANK
3834,2025-08-12 11:30:00+05:30,1966.5,1970.0,1965.2,1969.7,63108,KOTAKBANK
3835,2025-08-12 11:45:00+05:30,1969.3,1969.7,1965.4,1966.9,54057,KOTAKBANK
3836,2025-08-12 12:00:00+05:30,1966.9,1968.0,1965.8,1966.9,35427,KOTAKBANK
3837,2025-08-12 12:15:00+05:30,1967.0,1971.3,1966.6,1969.9,59251,KOTAKBANK
3838,2025-08-12 12:30:00+05:30,1970.0,1973.0,1969.6,1972.8,28206,KOTAKBANK
3839,2025-08-12 12:45:00+05:30,1972.8,1975.6,1969.3,1969.8,52759,KOTAKBANK
3840,2025-08-12 13:00:00+05:30,1969.4,1972.3,1969.0,1969.2,114168,KOTAKBANK
3841,2025-08-12 13:15:00+05:30,1969.2,1969.4,1963.6,1965.7,49416,KOTAKBANK
3842,2025-08-12 13:30:00+05:30,1965.7,1966.4,1964.1,1965.5,23449,KOTAKBANK
3843,2025-08-12 13:45:00+05:30,1964.7,1969.6,1963.5,1968.6,42301,KOTAKBANK
3844,2025-08-12 14:00:00+05:30,1968.9,1969.4,1962.6,1964.4,59808,KOTAKBANK
3845,2025-08-12 14:15:00+05:30,1964.3,1965.8,1961.0,1965.0,133396,KOTAKBANK
3846,2025-08-12 14:30:00+05:30,1965.0,1965.5,1959.0,1959.6,76096,KOTAKBANK
3847,2025-08-12 14:45:00+05:30,1959.7,1961.6,1958.1,1960.3,76564,KOTAKBANK
3848,2025-08-12 15:00:00+05:30,1960.3,1960.4,1956.4,1959.4,167373,KOTAKBANK
3849,2025-08-12 15:15:00+05:30,1959.5,1960.8,1958.2,1959.4,163020,KOTAKBANK
3850,2025-08-13 09:15:00+05:30,1968.0,1970.9,1962.2,1969.9,125120,KOTAKBANK
3851,2025-08-13 09:30:00+05:30,1969.9,1973.9,1969.2,1971.2,32018,KOTAKBANK
3852,2025-08-13 09:45:00+05:30,1971.5,1977.9,1971.1,1976.7,59931,KOTAKBANK
3853,2025-08-13 10:00:00+05:30,1977.0,1977.5,1973.2,1975.1,60536,KOTAKBANK
3854,2025-08-13 10:15:00+05:30,1975.2,1979.5,1973.7,1978.3,92421,KOTAKBANK
3855,2025-08-13 10:30:00+05:30,1978.6,1979.0,1976.3,1977.7,23572,KOTAKBANK
3856,2025-08-13 10:45:00+05:30,1977.9,1982.0,1973.0,1981.8,319512,KOTAKBANK
3857,2025-08-13 11:00:00+05:30,1982.0,1992.1,1981.8,1990.8,294035,KOTAKBANK
3858,2025-08-13 11:15:00+05:30,1990.9,1996.1,1990.0,1994.0,320616,KOTAKBANK
3859,2025-08-13 11:30:00+05:30,1994.0,1996.3,1985.0,1986.0,244852,KOTAKBANK
3860,2025-08-13 11:45:00+05:30,1985.6,1986.9,1982.0,1983.9,40300,KOTAKBANK
3861,2025-08-13 12:00:00+05:30,1984.0,1984.8,1978.6,1982.7,63546,KOTAKBANK
3862,2025-08-13 12:15:00+05:30,1982.8,1985.3,1980.8,1983.5,42588,KOTAKBANK
3863,2025-08-13 12:30:00+05:30,1983.4,1985.7,1982.8,1985.0,35952,KOTAKBANK
3864,2025-08-13 12:45:00+05:30,1985.0,1988.1,1984.6,1987.7,75556,KOTAKBANK
3865,2025-08-13 13:00:00+05:30,1987.5,1990.1,1985.8,1986.1,22297,KOTAKBANK
3866,2025-08-13 13:15:00+05:30,1986.1,1987.8,1982.4,1986.7,36436,KOTAKBANK
3867,2025-08-13 13:30:00+05:30,1986.7,1987.9,1985.0,1986.4,23623,KOTAKBANK
3868,2025-08-13 13:45:00+05:30,1986.1,1987.8,1985.5,1986.8,13711,KOTAKBANK
3869,2025-08-13 14:00:00+05:30,1986.8,1988.7,1983.6,1985.3,28838,KOTAKBANK
3870,2025-08-13 14:15:00+05:30,1985.2,1986.0,1982.8,1984.8,96745,KOTAKBANK
3871,2025-08-13 14:30:00+05:30,1984.8,1987.2,1981.4,1987.0,78534,KOTAKBANK
3872,2025-08-13 14:45:00+05:30,1986.4,1990.7,1984.0,1988.6,253504,KOTAKBANK
3873,2025-08-13 15:00:00+05:30,1988.5,1988.9,1985.3,1988.0,142182,KOTAKBANK
3874,2025-08-13 15:15:00+05:30,1988.0,1989.2,1985.1,1988.7,220307,KOTAKBANK
3875,2025-08-14 09:15:00+05:30,1988.0,1991.6,1975.5,1984.4,136732,KOTAKBANK
3876,2025-08-14 09:30:00+05:30,1983.7,1990.0,1981.8,1989.2,54210,KOTAKBANK
3877,2025-08-14 09:45:00+05:30,1989.2,1991.0,1986.3,1986.4,70921,KOTAKBANK
3878,2025-08-14 10:00:00+05:30,1986.9,1989.5,1986.0,1987.5,32979,KOTAKBANK
3879,2025-08-14 10:15:00+05:30,1987.5,1993.5,1986.9,1990.7,73990,KOTAKBANK
3880,2025-08-14 10:30:00+05:30,1990.7,1990.8,1988.6,1988.6,89388,KOTAKBANK
3881,2025-08-14 10:45:00+05:30,1988.6,1990.4,1985.5,1986.8,177166,KOTAKBANK
3882,2025-08-14 11:00:00+05:30,1987.1,1989.5,1983.2,1983.6,70261,KOTAKBANK
3883,2025-08-14 11:15:00+05:30,1983.6,1988.5,1983.2,1984.4,122928,KOTAKBANK
3884,2025-08-14 11:30:00+05:30,1984.4,1986.2,1978.0,1979.5,123712,KOTAKBANK
3885,2025-08-14 11:45:00+05:30,1979.3,1981.4,1978.7,1981.2,72952,KOTAKBANK
3886,2025-08-14 12:00:00+05:30,1981.2,1982.8,1979.6,1979.9,31511,KOTAKBANK
3887,2025-08-14 12:15:00+05:30,1979.9,1980.9,1978.7,1980.3,26608,KOTAKBANK
3888,2025-08-14 12:30:00+05:30,1980.3,1982.8,1979.7,1982.2,18425,KOTAKBANK
3889,2025-08-14 12:45:00+05:30,1982.2,1985.2,1982.0,1983.4,22137,KOTAKBANK
3890,2025-08-14 13:00:00+05:30,1983.4,1983.8,1981.0,1982.0,62329,KOTAKBANK
3891,2025-08-14 13:15:00+05:30,1982.4,1983.4,1980.0,1980.6,57631,KOTAKBANK
3892,2025-08-14 13:30:00+05:30,1981.1,1983.0,1980.0,1981.1,36409,KOTAKBANK
3893,2025-08-14 13:45:00+05:30,1981.1,1981.6,1979.8,1980.1,46216,KOTAKBANK
3894,2025-08-14 14:00:00+05:30,1980.1,1981.2,1977.8,1979.7,104195,KOTAKBANK
3895,2025-08-14 14:15:00+05:30,1979.7,1980.3,1977.7,1978.9,51402,KOTAKBANK
3896,2025-08-14 14:30:00+05:30,1978.9,1980.0,1976.8,1978.9,73706,KOTAKBANK
3897,2025-08-14 14:45:00+05:30,1979.2,1981.2,1978.9,1979.8,76169,KOTAKBANK
3898,2025-08-14 15:00:00+05:30,1979.7,1980.7,1976.6,1977.8,165729,KOTAKBANK
3899,2025-08-14 15:15:00+05:30,1977.8,1982.9,1976.7,1980.0,186531,KOTAKBANK
3900,2025-08-18 09:15:00+05:30,1997.9,2012.3,1997.1,2006.9,367623,KOTAKBANK
3901,2025-08-18 09:30:00+05:30,2006.5,2011.2,2003.6,2007.1,141539,KOTAKBANK
3902,2025-08-18 09:45:00+05:30,2007.3,2015.6,2007.1,2010.2,80232,KOTAKBANK
3903,2025-08-18 10:00:00+05:30,2010.5,2011.2,2008.0,2009.4,89426,KOTAKBANK
3904,2025-08-18 10:15:00+05:30,2009.3,2015.2,2008.8,2013.2,68652,KOTAKBANK
3905,2025-08-18 10:30:00+05:30,2013.2,2016.8,2013.0,2013.7,66121,KOTAKBANK
3906,2025-08-18 10:45:00+05:30,2013.7,2016.2,2008.9,2016.2,225577,KOTAKBANK
3907,2025-08-18 11:00:00+05:30,2016.0,2018.8,2012.0,2018.1,343982,KOTAKBANK
3908,2025-08-18 11:15:00+05:30,2017.9,2026.0,2015.5,2020.3,248667,KOTAKBANK
3909,2025-08-18 11:30:00+05:30,2020.6,2021.7,2019.7,2020.5,48677,KOTAKBANK
3910,2025-08-18 11:45:00+05:30,2020.5,2023.5,2019.9,2021.3,110289,KOTAKBANK
3911,2025-08-18 12:00:00+05:30,2021.3,2021.4,2013.9,2014.5,133235,KOTAKBANK
3912,2025-08-18 12:15:00+05:30,2014.6,2017.0,2011.8,2016.2,164357,KOTAKBANK
3913,2025-08-18 12:30:00+05:30,2016.2,2016.6,2006.9,2009.1,304563,KOTAKBANK
3914,2025-08-18 12:45:00+05:30,2009.2,2010.0,2005.6,2009.7,96981,KOTAKBANK
3915,2025-08-18 13:00:00+05:30,2009.9,2012.7,2007.7,2008.1,93026,KOTAKBANK
3916,2025-08-18 13:15:00+05:30,2008.1,2008.7,1998.9,2003.7,158742,KOTAKBANK
3917,2025-08-18 13:30:00+05:30,2003.9,2007.3,2003.3,2004.7,61693,KOTAKBANK
3918,2025-08-18 13:45:00+05:30,2004.7,2004.8,2001.5,2003.8,54336,KOTAKBANK
3919,2025-08-18 14:00:00+05:30,2003.8,2007.0,2002.3,2004.2,101329,KOTAKBANK
3920,2025-08-18 14:15:00+05:30,2004.3,2005.4,2002.9,2003.0,59472,KOTAKBANK
3921,2025-08-18 14:30:00+05:30,2003.0,2006.6,2001.0,2003.4,197451,KOTAKBANK
3922,2025-08-18 14:45:00+05:30,2003.4,2004.7,2001.1,2004.3,178831,KOTAKBANK
3923,2025-08-18 15:00:00+05:30,2004.3,2005.3,1999.0,1999.7,435049,KOTAKBANK
3924,2025-08-18 15:15:00+05:30,1999.7,2006.5,1998.6,2000.0,474043,KOTAKBANK
3925,2025-08-19 09:15:00+05:30,1994.0,2009.1,1992.5,2008.2,161491,KOTAKBANK
3926,2025-08-19 09:30:00+05:30,2008.8,2010.9,2006.0,2010.0,82505,KOTAKBANK
3927,2025-08-19 09:45:00+05:30,2010.0,2015.0,2006.9,2008.7,85311,KOTAKBANK
3928,2025-08-19 10:00:00+05:30,2008.6,2011.0,2006.0,2009.2,49212,KOTAKBANK
3929,2025-08-19 10:15:00+05:30,2009.2,2013.5,2007.3,2009.1,64667,KOTAKBANK
3930,2025-08-19 10:30:00+05:30,2009.3,2020.9,2007.0,2019.7,286314,KOTAKBANK
3931,2025-08-19 10:45:00+05:30,2019.7,2021.8,2015.1,2015.4,64503,KOTAKBANK
3932,2025-08-19 11:00:00+05:30,2015.4,2022.7,2015.0,2019.9,76959,KOTAKBANK
3933,2025-08-19 11:15:00+05:30,2019.9,2024.0,2019.3,2021.5,48898,KOTAKBANK
3934,2025-08-19 11:30:00+05:30,2021.5,2023.8,2018.4,2021.4,157220,KOTAKBANK
3935,2025-08-19 11:45:00+05:30,2021.6,2026.8,2020.5,2024.9,118513,KOTAKBANK
3936,2025-08-19 12:00:00+05:30,2024.9,2027.7,2023.0,2026.6,115551,KOTAKBANK
3937,2025-08-19 12:15:00+05:30,2026.8,2029.7,2024.8,2028.0,119414,KOTAKBANK
3938,2025-08-19 12:30:00+05:30,2028.1,2031.0,2027.4,2028.3,125737,KOTAKBANK
3939,2025-08-19 12:45:00+05:30,2028.9,2030.7,2024.9,2027.9,98764,KOTAKBANK
3940,2025-08-19 13:00:00+05:30,2027.9,2027.9,2024.0,2025.0,68576,KOTAKBANK
3941,2025-08-19 13:15:00+05:30,2025.0,2025.9,2023.6,2025.1,61419,KOTAKBANK
3942,2025-08-19 13:30:00+05:30,2025.0,2026.7,2021.8,2026.2,166369,KOTAKBANK
3943,2025-08-19 13:45:00+05:30,2026.0,2028.6,2024.2,2026.8,82903,KOTAKBANK
3944,2025-08-19 14:00:00+05:30,2026.8,2032.2,2026.1,2031.3,92854,KOTAKBANK
3945,2025-08-19 14:15:00+05:30,2031.2,2032.5,2026.2,2026.6,96948,KOTAKBANK
3946,2025-08-19 14:30:00+05:30,2026.7,2032.0,2026.4,2029.9,164023,KOTAKBANK
3947,2025-08-19 14:45:00+05:30,2029.8,2030.1,2025.6,2027.0,144075,KOTAKBANK
3948,2025-08-19 15:00:00+05:30,2027.0,2031.5,2026.8,2030.3,298165,KOTAKBANK
3949,2025-08-19 15:15:00+05:30,2030.4,2031.0,2025.5,2027.3,281368,KOTAKBANK
3950,2025-08-20 09:15:00+05:30,2020.5,2022.0,2005.5,2015.8,119776,KOTAKBANK
3951,2025-08-20 09:30:00+05:30,2015.7,2020.2,2012.2,2020.0,73056,KOTAKBANK
3952,2025-08-20 09:45:00+05:30,2020.0,2022.0,2017.4,2020.0,66542,KOTAKBANK
3953,2025-08-20 10:00:00+05:30,2020.0,2021.6,2017.6,2019.3,50784,KOTAKBANK
3954,2025-08-20 10:15:00+05:30,2019.6,2020.3,2018.1,2020.0,109410,KOTAKBANK
3955,2025-08-20 10:30:00+05:30,2019.9,2024.2,2017.1,2020.5,118180,KOTAKBANK
3956,2025-08-20 10:45:00+05:30,2020.5,2021.7,2017.7,2018.1,38825,KOTAKBANK
3957,2025-08-20 11:00:00+05:30,2018.0,2021.3,2017.0,2019.9,79186,KOTAKBANK
3958,2025-08-20 11:15:00+05:30,2019.9,2020.9,2014.8,2018.7,207300,KOTAKBANK
3959,2025-08-20 11:30:00+05:30,2018.7,2019.6,2016.0,2018.2,90521,KOTAKBANK
3960,2025-08-20 11:45:00+05:30,2018.2,2021.1,2017.7,2018.1,103174,KOTAKBANK
3961,2025-08-20 12:00:00+05:30,2018.1,2020.9,2018.1,2019.5,25098,KOTAKBANK
3962,2025-08-20 12:15:00+05:30,2019.6,2021.2,2018.4,2020.5,47205,KOTAKBANK
3963,2025-08-20 12:30:00+05:30,2020.5,2021.0,2019.0,2019.2,33173,KOTAKBANK
3964,2025-08-20 12:45:00+05:30,2019.0,2019.5,2016.0,2017.6,81223,KOTAKBANK
3965,2025-08-20 13:00:00+05:30,2017.0,2018.0,2013.9,2016.0,199945,KOTAKBANK
3966,2025-08-20 13:15:00+05:30,2015.9,2016.0,2013.0,2014.1,147363,KOTAKBANK
3967,2025-08-20 13:30:00+05:30,2014.1,2016.9,2013.8,2015.1,121424,KOTAKBANK
3968,2025-08-20 13:45:00+05:30,2015.1,2016.6,2013.6,2015.2,121236,KOTAKBANK
3969,2025-08-20 14:00:00+05:30,2015.1,2017.3,2013.6,2014.1,177573,KOTAKBANK
3970,2025-08-20 14:15:00+05:30,2014.1,2017.0,2013.9,2017.0,81085,KOTAKBANK
3971,2025-08-20 14:30:00+05:30,2017.0,2019.7,2015.5,2016.6,138364,KOTAKBANK
3972,2025-08-20 14:45:00+05:30,2016.6,2017.8,2014.5,2017.2,81179,KOTAKBANK
3973,2025-08-20 15:00:00+05:30,2016.8,2018.0,2016.0,2017.1,173446,KOTAKBANK
3974,2025-08-20 15:15:00+05:30,2017.1,2020.6,2016.9,2019.5,141858,KOTAKBANK
3975,2025-08-21 09:15:00+05:30,2039.0,2039.0,2014.2,2016.1,387386,KOTAKBANK
3976,2025-08-21 09:30:00+05:30,2016.1,2023.1,2013.6,2023.1,112452,KOTAKBANK
3977,2025-08-21 09:45:00+05:30,2023.4,2026.0,2019.1,2025.3,133518,KOTAKBANK
3978,2025-08-21 10:00:00+05:30,2025.0,2026.6,2024.0,2024.7,71822,KOTAKBANK
3979,2025-08-21 10:15:00+05:30,2024.3,2026.2,2021.0,2025.1,74341,KOTAKBANK
3980,2025-08-21 10:30:00+05:30,2025.5,2026.1,2020.5,2022.2,49679,KOTAKBANK
3981,2025-08-21 10:45:00+05:30,2022.2,2022.4,2018.4,2020.3,76143,KOTAKBANK
3982,2025-08-21 11:00:00+05:30,2021.1,2021.2,2017.3,2020.0,61611,KOTAKBANK
3983,2025-08-21 11:15:00+05:30,2019.9,2022.8,2019.0,2019.0,68883,KOTAKBANK
3984,2025-08-21 11:30:00+05:30,2019.3,2020.0,2017.5,2020.0,48009,KOTAKBANK
3985,2025-08-21 11:45:00+05:30,2020.0,2021.1,2015.6,2016.0,149650,KOTAKBANK
3986,2025-08-21 12:00:00+05:30,2016.0,2019.9,2012.9,2018.6,121042,KOTAKBANK
3987,2025-08-21 12:15:00+05:30,2018.3,2019.5,2015.2,2015.4,36535,KOTAKBANK
3988,2025-08-21 12:30:00+05:30,2015.5,2020.4,2015.4,2019.2,132677,KOTAKBANK
3989,2025-08-21 12:45:00+05:30,2019.3,2023.2,2018.4,2022.7,53453,KOTAKBANK
3990,2025-08-21 13:00:00+05:30,2022.9,2023.4,2016.6,2018.6,78936,KOTAKBANK
3991,2025-08-21 13:15:00+05:30,2018.3,2019.5,2016.2,2016.7,32807,KOTAKBANK
3992,2025-08-21 13:30:00+05:30,2016.7,2018.2,2015.4,2018.2,30519,KOTAKBANK
3993,2025-08-21 13:45:00+05:30,2018.2,2022.3,2018.0,2022.3,51370,KOTAKBANK
3994,2025-08-21 14:00:00+05:30,2021.6,2023.9,2021.2,2022.8,76141,KOTAKBANK
3995,2025-08-21 14:15:00+05:30,2022.7,2023.6,2020.0,2020.7,354165,KOTAKBANK
3996,2025-08-21 14:30:00+05:30,2020.7,2022.0,2018.3,2020.4,114452,KOTAKBANK
3997,2025-08-21 14:45:00+05:30,2020.4,2021.2,2017.7,2020.9,111688,KOTAKBANK
3998,2025-08-21 15:00:00+05:30,2020.9,2020.9,2015.9,2017.0,198695,KOTAKBANK
3999,2025-08-21 15:15:00+05:30,2017.0,2021.0,2015.8,2019.0,272809,KOTAKBANK
4000,2025-08-22 09:15:00+05:30,2010.2,2018.6,2007.9,2010.3,112840,KOTAKBANK
4001,2025-08-22 09:30:00+05:30,2010.5,2017.0,2009.3,2016.6,39568,KOTAKBANK
4002,2025-08-22 09:45:00+05:30,2016.0,2016.9,2011.0,2011.0,36045,KOTAKBANK
4003,2025-08-22 10:00:00+05:30,2011.8,2012.0,2007.7,2008.3,33471,KOTAKBANK
4004,2025-08-22 10:15:00+05:30,2008.3,2008.3,2000.3,2004.9,70172,KOTAKBANK
4005,2025-08-22 10:30:00+05:30,2005.3,2006.7,1998.0,1998.9,28970,KOTAKBANK
4006,2025-08-22 10:45:00+05:30,1999.0,2001.3,1996.0,1997.0,21248,KOTAKBANK
4007,2025-08-22 11:00:00+05:30,1997.0,1997.3,1993.8,1994.3,27085,KOTAKBANK
4008,2025-08-22 11:15:00+05:30,1994.3,1995.6,1991.2,1993.2,55123,KOTAKBANK
4009,2025-08-22 11:30:00+05:30,1993.2,1993.4,1989.2,1992.4,31736,KOTAKBANK
4010,2025-08-22 11:45:00+05:30,1992.5,1993.8,1991.7,1993.5,26950,KOTAKBANK
4011,2025-08-22 12:00:00+05:30,1993.5,1995.1,1991.2,1992.2,140681,KOTAKBANK
4012,2025-08-22 12:15:00+05:30,1992.2,1993.1,1989.5,1992.5,106799,KOTAKBANK
4013,2025-08-22 12:30:00+05:30,1992.5,1993.9,1991.5,1993.4,23232,KOTAKBANK
4014,2025-08-22 12:45:00+05:30,1993.4,1994.6,1990.1,1991.8,58412,KOTAKBANK
4015,2025-08-22 13:00:00+05:30,1991.8,1992.2,1990.5,1992.0,28801,KOTAKBANK
4016,2025-08-22 13:15:00+05:30,1992.0,1996.8,1990.9,1994.7,36860,KOTAKBANK
4017,2025-08-22 13:30:00+05:30,1994.6,1995.9,1993.9,1995.5,15863,KOTAKBANK
4018,2025-08-22 13:45:00+05:30,1995.6,1995.7,1993.0,1994.0,37416,KOTAKBANK
4019,2025-08-22 14:00:00+05:30,1994.0,1994.5,1991.8,1992.2,32235,KOTAKBANK
4020,2025-08-22 14:15:00+05:30,1992.2,1992.2,1985.9,1987.5,203898,KOTAKBANK
4021,2025-08-22 14:30:00+05:30,1988.0,1988.2,1982.8,1985.8,87257,KOTAKBANK
4022,2025-08-22 14:45:00+05:30,1985.8,1986.8,1980.2,1984.3,88184,KOTAKBANK
4023,2025-08-22 15:00:00+05:30,1984.3,1988.6,1982.0,1986.4,218327,KOTAKBANK
4024,2025-08-22 15:15:00+05:30,1986.5,1996.5,1982.0,1983.3,230197,KOTAKBANK
4025,2025-08-25 09:15:00+05:30,1987.0,1998.8,1983.2,1992.5,106341,KOTAKBANK
4026,2025-08-25 09:30:00+05:30,1991.7,1992.6,1987.7,1989.0,70571,KOTAKBANK
4027,2025-08-25 09:45:00+05:30,1988.8,1988.8,1981.1,1982.2,85326,KOTAKBANK
4028,2025-08-25 10:00:00+05:30,1982.4,1985.2,1981.6,1982.1,36127,KOTAKBANK
4029,2025-08-25 10:15:00+05:30,1982.3,1983.1,1979.0,1979.4,42372,KOTAKBANK
4030,2025-08-25 10:30:00+05:30,1979.3,1983.4,1979.2,1980.0,72797,KOTAKBANK
4031,2025-08-25 10:45:00+05:30,1979.8,1984.9,1979.6,1982.9,135537,KOTAKBANK
4032,2025-08-25 11:00:00+05:30,1983.2,1984.2,1978.2,1979.0,66980,KOTAKBANK
4033,2025-08-25 11:15:00+05:30,1978.9,1980.7,1976.7,1978.4,66160,KOTAKBANK
4034,2025-08-25 11:30:00+05:30,1978.8,1981.9,1977.6,1980.9,141811,KOTAKBANK
4035,2025-08-25 11:45:00+05:30,1981.4,1983.8,1979.0,1981.4,120667,KOTAKBANK
4036,2025-08-25 12:00:00+05:30,1981.6,1986.9,1980.4,1986.2,67449,KOTAKBANK
4037,2025-08-25 12:15:00+05:30,1985.6,1987.6,1985.3,1987.0,54375,KOTAKBANK
4038,2025-08-25 12:30:00+05:30,1986.2,1986.6,1982.5,1984.2,65012,KOTAKBANK
4039,2025-08-25 12:45:00+05:30,1984.8,1985.0,1978.8,1979.8,208865,KOTAKBANK
4040,2025-08-25 13:00:00+05:30,1979.7,1982.3,1979.2,1980.9,63732,KOTAKBANK
4041,2025-08-25 13:15:00+05:30,1981.5,1981.5,1979.6,1980.3,40001,KOTAKBANK
4042,2025-08-25 13:30:00+05:30,1980.2,1982.4,1979.6,1982.1,67921,KOTAKBANK
4043,2025-08-25 13:45:00+05:30,1981.8,1982.2,1979.5,1980.6,89304,KOTAKBANK
4044,2025-08-25 14:00:00+05:30,1980.2,1983.6,1980.2,1982.5,89966,KOTAKBANK
4045,2025-08-25 14:15:00+05:30,1982.3,1983.7,1979.9,1980.9,72663,KOTAKBANK
4046,2025-08-25 14:30:00+05:30,1980.8,1982.4,1979.4,1981.6,151664,KOTAKBANK
4047,2025-08-25 14:45:00+05:30,1981.6,1984.8,1980.2,1984.7,125414,KOTAKBANK
4048,2025-08-25 15:00:00+05:30,1984.7,1984.8,1981.5,1983.4,132229,KOTAKBANK
4049,2025-08-25 15:15:00+05:30,1983.4,1984.7,1982.6,1982.9,196473,KOTAKBANK
4050,2025-08-26 09:15:00+05:30,1978.0,1983.9,1972.4,1974.5,133511,KOTAKBANK
4051,2025-08-26 09:30:00+05:30,1974.1,1977.5,1968.3,1968.4,61969,KOTAKBANK
4052,2025-08-26 09:45:00+05:30,1968.6,1970.9,1965.8,1968.2,62407,KOTAKBANK
4053,2025-08-26 10:00:00+05:30,1968.4,1969.0,1966.0,1968.5,19099,KOTAKBANK
4054,2025-08-26 10:15:00+05:30,1968.1,1970.0,1964.0,1965.3,36081,KOTAKBANK
4055,2025-08-26 10:30:00+05:30,1965.4,1966.7,1963.9,1964.5,37703,KOTAKBANK
4056,2025-08-26 10:45:00+05:30,1964.8,1968.3,1964.2,1966.2,80145,KOTAKBANK
4057,2025-08-26 11:00:00+05:30,1966.4,1968.6,1966.0,1966.5,35631,KOTAKBANK
4058,2025-08-26 11:15:00+05:30,1966.4,1973.9,1965.2,1970.0,116463,KOTAKBANK
4059,2025-08-26 11:30:00+05:30,1970.5,1975.4,1969.9,1974.8,97066,KOTAKBANK
4060,2025-08-26 11:45:00+05:30,1974.8,1977.1,1970.0,1970.3,138980,KOTAKBANK
4061,2025-08-26 12:00:00+05:30,1970.3,1972.7,1967.9,1970.6,114845,KOTAKBANK
4062,2025-08-26 12:15:00+05:30,1970.7,1971.9,1969.1,1970.1,60141,KOTAKBANK
4063,2025-08-26 12:30:00+05:30,1970.0,1970.7,1966.5,1967.9,79044,KOTAKBANK
4064,2025-08-26 12:45:00+05:30,1967.9,1968.5,1965.1,1968.5,77219,KOTAKBANK
4065,2025-08-26 13:00:00+05:30,1968.5,1970.1,1967.7,1968.3,110623,KOTAKBANK
4066,2025-08-26 13:15:00+05:30,1968.4,1972.9,1968.1,1971.4,141306,KOTAKBANK
4067,2025-08-26 13:30:00+05:30,1971.7,1972.6,1967.8,1969.6,86484,KOTAKBANK
4068,2025-08-26 13:45:00+05:30,1969.7,1970.6,1966.5,1967.3,77663,KOTAKBANK
4069,2025-08-26 14:00:00+05:30,1967.3,1969.2,1965.4,1965.5,88420,KOTAKBANK
4070,2025-08-26 14:15:00+05:30,1965.5,1967.3,1961.4,1965.3,176386,KOTAKBANK
4071,2025-08-26 14:30:00+05:30,1965.6,1967.5,1964.1,1965.7,135752,KOTAKBANK
4072,2025-08-26 14:45:00+05:30,1965.8,1968.4,1964.3,1966.6,140957,KOTAKBANK
4073,2025-08-26 15:00:00+05:30,1966.5,1968.2,1961.2,1965.1,869041,KOTAKBANK
4074,2025-08-26 15:15:00+05:30,1965.3,1981.0,1963.9,1966.0,733170,KOTAKBANK
4075,2025-08-28 09:15:00+05:30,1955.0,1968.0,1951.0,1961.7,445336,KOTAKBANK
4076,2025-08-28 09:30:00+05:30,1961.8,1966.8,1958.2,1961.8,123908,KOTAKBANK
4077,2025-08-28 09:45:00+05:30,1962.1,1964.6,1958.1,1960.3,174732,KOTAKBANK
4078,2025-08-28 10:00:00+05:30,1960.4,1962.4,1952.5,1953.3,103513,KOTAKBANK
4079,2025-08-28 10:15:00+05:30,1952.6,1956.3,1947.0,1950.4,114859,KOTAKBANK
4080,2025-08-28 10:30:00+05:30,1950.5,1954.1,1949.0,1949.3,122957,KOTAKBANK
4081,2025-08-28 10:45:00+05:30,1949.3,1958.6,1949.2,1957.4,71856,KOTAKBANK
4082,2025-08-28 11:00:00+05:30,1957.2,1963.2,1956.7,1957.9,78986,KOTAKBANK
4083,2025-08-28 11:15:00+05:30,1958.2,1961.4,1956.1,1957.8,51326,KOTAKBANK
4084,2025-08-28 11:30:00+05:30,1957.7,1961.4,1955.6,1958.8,138918,KOTAKBANK
4085,2025-08-28 11:45:00+05:30,1958.6,1959.2,1953.2,1954.3,42713,KOTAKBANK
4086,2025-08-28 12:00:00+05:30,1954.4,1955.8,1952.5,1953.7,38949,KOTAKBANK
4087,2025-08-28 12:15:00+05:30,1953.7,1954.6,1951.2,1951.6,53128,KOTAKBANK
4088,2025-08-28 12:30:00+05:30,1951.6,1952.2,1950.0,1950.1,37571,KOTAKBANK
4089,2025-08-28 12:45:00+05:30,1950.2,1954.1,1950.1,1953.7,50803,KOTAKBANK
4090,2025-08-28 13:00:00+05:30,1953.6,1954.2,1949.2,1950.9,64184,KOTAKBANK
4091,2025-08-28 13:15:00+05:30,1950.9,1951.3,1948.8,1949.5,46261,KOTAKBANK
4092,2025-08-28 13:30:00+05:30,1949.5,1950.0,1946.2,1947.2,73736,KOTAKBANK
4093,2025-08-28 13:45:00+05:30,1947.2,1947.4,1945.0,1946.5,88336,KOTAKBANK
4094,2025-08-28 14:00:00+05:30,1946.5,1951.8,1944.1,1951.5,192980,KOTAKBANK
4095,2025-08-28 14:15:00+05:30,1951.5,1952.8,1946.1,1947.6,158159,KOTAKBANK
4096,2025-08-28 14:30:00+05:30,1947.6,1948.8,1942.6,1946.2,175902,KOTAKBANK
4097,2025-08-28 14:45:00+05:30,1946.2,1947.2,1942.0,1944.7,199945,KOTAKBANK
4098,2025-08-28 15:00:00+05:30,1944.6,1944.7,1941.1,1943.8,582008,KOTAKBANK
4099,2025-08-28 15:15:00+05:30,1943.7,1955.4,1943.2,1947.9,366365,KOTAKBANK
4100,2025-08-29 09:15:00+05:30,1950.2,1984.9,1950.2,1972.0,296757,KOTAKBANK
4101,2025-08-29 09:30:00+05:30,1972.0,1978.9,1966.6,1976.8,81280,KOTAKBANK
4102,2025-08-29 09:45:00+05:30,1976.6,1980.6,1971.8,1973.0,106921,KOTAKBANK
4103,2025-08-29 10:00:00+05:30,1973.0,1975.0,1969.9,1970.6,121569,KOTAKBANK
4104,2025-08-29 10:15:00+05:30,1970.5,1970.7,1968.1,1970.1,57805,KOTAKBANK
4105,2025-08-29 10:30:00+05:30,1970.1,1977.8,1970.0,1977.2,76137,KOTAKBANK
4106,2025-08-29 10:45:00+05:30,1977.2,1977.2,1969.6,1973.2,153131,KOTAKBANK
4107,2025-08-29 11:00:00+05:30,1973.2,1973.2,1968.6,1968.8,81993,KOTAKBANK
4108,2025-08-29 11:15:00+05:30,1968.8,1969.2,1966.1,1968.5,70679,KOTAKBANK
4109,2025-08-29 11:30:00+05:30,1969.2,1970.4,1967.9,1969.1,39808,KOTAKBANK
4110,2025-08-29 11:45:00+05:30,1968.8,1973.5,1968.8,1970.1,51065,KOTAKBANK
4111,2025-08-29 12:00:00+05:30,1970.1,1970.9,1968.6,1970.7,37356,KOTAKBANK
4112,2025-08-29 12:15:00+05:30,1970.7,1971.6,1969.4,1971.6,50669,KOTAKBANK
4113,2025-08-29 12:30:00+05:30,1971.5,1971.6,1967.1,1967.4,60934,KOTAKBANK
4114,2025-08-29 12:45:00+05:30,1967.4,1970.3,1967.2,1968.6,77722,KOTAKBANK
4115,2025-08-29 13:00:00+05:30,1968.4,1969.0,1965.6,1966.9,62876,KOTAKBANK
4116,2025-08-29 13:15:00+05:30,1966.8,1969.4,1966.0,1966.8,65812,KOTAKBANK
4117,2025-08-29 13:30:00+05:30,1967.4,1968.0,1964.5,1966.3,127252,KOTAKBANK
4118,2025-08-29 13:45:00+05:30,1966.3,1967.1,1964.4,1965.1,130393,KOTAKBANK
4119,2025-08-29 14:00:00+05:30,1965.0,1968.5,1962.3,1966.4,99845,KOTAKBANK
4120,2025-08-29 14:15:00+05:30,1966.4,1967.6,1965.0,1965.0,67883,KOTAKBANK
4121,2025-08-29 14:30:00+05:30,1965.0,1965.4,1959.7,1961.0,112954,KOTAKBANK
4122,2025-08-29 14:45:00+05:30,1961.1,1965.3,1960.9,1961.9,121113,KOTAKBANK
4123,2025-08-29 15:00:00+05:30,1961.7,1963.4,1957.2,1957.4,387411,KOTAKBANK
4124,2025-08-29 15:15:00+05:30,1957.4,1969.8,1957.4,1959.2,534979,KOTAKBANK
4125,2025-09-01 09:15:00+05:30,1960.3,1965.9,1956.3,1964.6,88554,KOTAKBANK
4126,2025-09-01 09:30:00+05:30,1964.1,1968.2,1963.0,1965.1,31038,KOTAKBANK
4127,2025-09-01 09:45:00+05:30,1965.2,1968.8,1965.0,1966.5,71529,KOTAKBANK
4128,2025-09-01 10:00:00+05:30,1966.8,1968.4,1964.0,1966.3,40339,KOTAKBANK
4129,2025-09-01 10:15:00+05:30,1966.4,1969.2,1965.2,1968.5,35062,KOTAKBANK
4130,2025-09-01 10:30:00+05:30,1968.5,1969.7,1965.0,1966.8,34135,KOTAKBANK
4131,2025-09-01 10:45:00+05:30,1966.5,1972.6,1965.7,1971.8,57423,KOTAKBANK
4132,2025-09-01 11:00:00+05:30,1972.1,1972.8,1969.3,1970.4,42189,KOTAKBANK
4133,2025-09-01 11:15:00+05:30,1970.3,1971.7,1963.4,1964.2,87911,KOTAKBANK
4134,2025-09-01 11:30:00+05:30,1964.2,1964.8,1960.1,1960.5,40032,KOTAKBANK
4135,2025-09-01 11:45:00+05:30,1960.8,1960.8,1957.5,1959.0,33936,KOTAKBANK
4136,2025-09-01 12:00:00+05:30,1959.0,1960.0,1955.2,1957.2,41022,KOTAKBANK
4137,2025-09-01 12:15:00+05:30,1957.3,1959.9,1956.7,1959.4,50869,KOTAKBANK
4138,2025-09-01 12:30:00+05:30,1959.4,1961.9,1958.4,1961.5,44441,KOTAKBANK
4139,2025-09-01 12:45:00+05:30,1961.5,1962.3,1956.6,1957.9,115363,KOTAKBANK
4140,2025-09-01 13:00:00+05:30,1957.9,1959.9,1957.3,1959.5,42408,KOTAKBANK
4141,2025-09-01 13:15:00+05:30,1959.4,1962.0,1958.1,1961.7,34086,KOTAKBANK
4142,2025-09-01 13:30:00+05:30,1961.9,1963.0,1960.0,1960.8,38310,KOTAKBANK
4143,2025-09-01 13:45:00+05:30,1961.0,1961.0,1958.9,1959.3,25692,KOTAKBANK
4144,2025-09-01 14:00:00+05:30,1959.3,1962.8,1959.1,1961.7,102144,KOTAKBANK
4145,2025-09-01 14:15:00+05:30,1961.7,1962.9,1960.3,1962.0,37782,KOTAKBANK
4146,2025-09-01 14:30:00+05:30,1962.1,1964.5,1961.9,1963.7,41375,KOTAKBANK
4147,2025-09-01 14:45:00+05:30,1963.8,1967.0,1963.6,1966.8,40751,KOTAKBANK
4148,2025-09-01 15:00:00+05:30,1966.3,1969.4,1965.4,1968.7,93579,KOTAKBANK
4149,2025-09-01 15:15:00+05:30,1969.0,1969.8,1965.0,1965.1,308026,KOTAKBANK
4150,2025-09-02 09:15:00+05:30,1966.0,1975.2,1963.1,1966.3,72109,KOTAKBANK
4151,2025-09-02 09:30:00+05:30,1966.3,1969.9,1964.0,1968.9,34547,KOTAKBANK
4152,2025-09-02 09:45:00+05:30,1968.6,1972.5,1968.1,1971.7,27412,KOTAKBANK
4153,2025-09-02 10:00:00+05:30,1971.7,1974.7,1969.4,1969.9,28572,KOTAKBANK
4154,2025-09-02 10:15:00+05:30,1970.0,1971.2,1968.3,1969.8,26792,KOTAKBANK
4155,2025-09-02 10:30:00+05:30,1969.6,1970.6,1965.2,1969.2,32717,KOTAKBANK
4156,2025-09-02 10:45:00+05:30,1969.9,1969.9,1963.7,1965.3,38065,KOTAKBANK
4157,2025-09-02 11:00:00+05:30,1965.4,1966.8,1964.6,1964.7,30400,KOTAKBANK
4158,2025-09-02 11:15:00+05:30,1964.7,1967.0,1960.9,1966.5,48172,KOTAKBANK
4159,2025-09-02 11:30:00+05:30,1966.5,1969.2,1964.9,1965.7,178121,KOTAKBANK
4160,2025-09-02 11:45:00+05:30,1965.7,1967.1,1959.7,1962.9,109018,KOTAKBANK
4161,2025-09-02 12:00:00+05:30,1962.9,1965.5,1962.9,1965.1,28175,KOTAKBANK
4162,2025-09-02 12:15:00+05:30,1965.1,1965.4,1963.1,1964.1,30665,KOTAKBANK
4163,2025-09-02 12:30:00+05:30,1964.3,1966.9,1963.3,1965.6,33090,KOTAKBANK
4164,2025-09-02 12:45:00+05:30,1965.7,1966.0,1963.9,1964.7,39611,KOTAKBANK
4165,2025-09-02 13:00:00+05:30,1964.7,1964.9,1958.9,1961.5,119953,KOTAKBANK
4166,2025-09-02 13:15:00+05:30,1961.5,1961.5,1954.1,1954.4,114699,KOTAKBANK
4167,2025-09-02 13:30:00+05:30,1954.3,1956.2,1950.3,1950.7,128265,KOTAKBANK
4168,2025-09-02 13:45:00+05:30,1950.7,1953.8,1948.5,1948.8,65450,KOTAKBANK
4169,2025-09-02 14:00:00+05:30,1948.8,1949.5,1944.1,1946.5,182195,KOTAKBANK
4170,2025-09-02 14:15:00+05:30,1946.6,1949.5,1943.0,1943.0,175457,KOTAKBANK
4171,2025-09-02 14:30:00+05:30,1943.4,1946.7,1943.1,1945.1,175272,KOTAKBANK
4172,2025-09-02 14:45:00+05:30,1945.2,1946.7,1941.1,1942.9,195129,KOTAKBANK
4173,2025-09-02 15:00:00+05:30,1942.9,1943.4,1940.4,1942.7,342347,KOTAKBANK
4174,2025-09-02 15:15:00+05:30,1942.7,1944.9,1941.2,1944.9,326607,KOTAKBANK
4175,2025-09-03 09:15:00+05:30,1944.0,1951.6,1931.1,1947.0,1263308,KOTAKBANK
4176,2025-09-03 09:30:00+05:30,1947.0,1947.0,1942.1,1944.3,66976,KOTAKBANK
4177,2025-09-03 09:45:00+05:30,1944.3,1952.0,1944.1,1951.3,67738,KOTAKBANK
4178,2025-09-03 10:00:00+05:30,1951.3,1953.7,1950.0,1953.3,40793,KOTAKBANK
4179,2025-09-03 10:15:00+05:30,1953.3,1953.5,1949.7,1950.2,41334,KOTAKBANK
4180,2025-09-03 10:30:00+05:30,1950.2,1950.7,1948.4,1950.0,147558,KOTAKBANK
4181,2025-09-03 10:45:00+05:30,1950.0,1950.1,1946.0,1948.8,58776,KOTAKBANK
4182,2025-09-03 11:00:00+05:30,1948.8,1950.6,1943.1,1945.6,68840,KOTAKBANK
4183,2025-09-03 11:15:00+05:30,1945.8,1947.7,1943.8,1946.0,59034,KOTAKBANK
4184,2025-09-03 11:30:00+05:30,1946.0,1949.9,1944.6,1947.3,49418,KOTAKBANK
4185,2025-09-03 11:45:00+05:30,1947.3,1951.3,1944.0,1950.7,74997,KOTAKBANK
4186,2025-09-03 12:00:00+05:30,1950.1,1950.7,1946.4,1948.0,238625,KOTAKBANK
4187,2025-09-03 12:15:00+05:30,1947.9,1951.3,1947.3,1949.0,176751,KOTAKBANK
4188,2025-09-03 12:30:00+05:30,1948.7,1950.1,1945.0,1945.3,141996,KOTAKBANK
4189,2025-09-03 12:45:00+05:30,1945.3,1945.9,1941.0,1943.1,68286,KOTAKBANK
4190,2025-09-03 13:00:00+05:30,1942.8,1943.8,1938.5,1942.8,220163,KOTAKBANK
4191,2025-09-03 13:15:00+05:30,1942.7,1945.7,1942.4,1944.0,60153,KOTAKBANK
4192,2025-09-03 13:30:00+05:30,1943.9,1945.6,1942.8,1944.9,86924,KOTAKBANK
4193,2025-09-03 13:45:00+05:30,1944.8,1948.4,1944.1,1948.3,271610,KOTAKBANK
4194,2025-09-03 14:00:00+05:30,1948.2,1950.0,1947.0,1949.1,132465,KOTAKBANK
4195,2025-09-03 14:15:00+05:30,1949.1,1953.0,1948.0,1952.9,60936,KOTAKBANK
4196,2025-09-03 14:30:00+05:30,1952.6,1958.3,1952.6,1954.1,100144,KOTAKBANK
4197,2025-09-03 14:45:00+05:30,1954.1,1955.7,1953.0,1954.3,79511,KOTAKBANK
4198,2025-09-03 15:00:00+05:30,1954.3,1962.5,1953.8,1962.2,231016,KOTAKBANK
4199,2025-09-03 15:15:00+05:30,1962.2,1963.8,1958.7,1962.3,199764,KOTAKBANK
4200,2025-09-04 09:15:00+05:30,1961.0,1970.5,1958.0,1968.3,240083,KOTAKBANK
4201,2025-09-04 09:30:00+05:30,1968.8,1971.7,1963.5,1963.5,66321,KOTAKBANK
4202,2025-09-04 09:45:00+05:30,1963.4,1968.1,1963.0,1965.2,40206,KOTAKBANK
4203,2025-09-04 10:00:00+05:30,1965.3,1967.0,1961.0,1961.8,36714,KOTAKBANK
4204,2025-09-04 10:15:00+05:30,1961.9,1964.4,1960.9,1963.0,34704,KOTAKBANK
4205,2025-09-04 10:30:00+05:30,1963.3,1965.0,1957.3,1958.0,42187,KOTAKBANK
4206,2025-09-04 10:45:00+05:30,1958.0,1962.4,1957.7,1961.1,34171,KOTAKBANK
4207,2025-09-04 11:00:00+05:30,1961.1,1961.6,1956.7,1959.2,53679,KOTAKBANK
4208,2025-09-04 11:15:00+05:30,1958.8,1961.8,1958.8,1959.2,43967,KOTAKBANK
4209,2025-09-04 11:30:00+05:30,1959.6,1960.0,1955.4,1956.9,43578,KOTAKBANK
4210,2025-09-04 11:45:00+05:30,1956.9,1957.9,1955.4,1957.4,30671,KOTAKBANK
4211,2025-09-04 12:00:00+05:30,1957.4,1958.2,1953.0,1954.8,42220,KOTAKBANK
4212,2025-09-04 12:15:00+05:30,1955.0,1955.6,1947.2,1947.5,96022,KOTAKBANK
4213,2025-09-04 12:30:00+05:30,1947.9,1953.7,1947.5,1953.1,69801,KOTAKBANK
4214,2025-09-04 12:45:00+05:30,1953.2,1956.8,1953.0,1955.9,57009,KOTAKBANK
4215,2025-09-04 13:00:00+05:30,1955.7,1957.2,1948.8,1949.9,145289,KOTAKBANK
4216,2025-09-04 13:15:00+05:30,1949.9,1950.0,1948.8,1950.0,54898,KOTAKBANK
4217,2025-09-04 13:30:00+05:30,1950.0,1952.6,1948.9,1949.7,74755,KOTAKBANK
4218,2025-09-04 13:45:00+05:30,1949.7,1950.0,1947.2,1950.0,54736,KOTAKBANK
4219,2025-09-04 14:00:00+05:30,1950.0,1950.1,1947.8,1950.0,65995,KOTAKBANK
4220,2025-09-04 14:15:00+05:30,1949.9,1950.0,1947.0,1948.5,86717,KOTAKBANK
4221,2025-09-04 14:30:00+05:30,1948.4,1951.9,1947.9,1951.2,113368,KOTAKBANK
4222,2025-09-04 14:45:00+05:30,1951.2,1954.5,1948.8,1951.5,84281,KOTAKBANK
4223,2025-09-04 15:00:00+05:30,1951.5,1952.2,1948.1,1948.9,128530,KOTAKBANK
4224,2025-09-04 15:15:00+05:30,1948.8,1950.1,1946.5,1947.0,151103,KOTAKBANK
4225,2025-09-05 09:15:00+05:30,1949.7,1957.3,1949.4,1950.2,62163,KOTAKBANK
4226,2025-09-05 09:30:00+05:30,1950.5,1956.1,1950.5,1952.7,21693,KOTAKBANK
4227,2025-09-05 09:45:00+05:30,1952.7,1955.2,1951.4,1953.6,12302,KOTAKBANK
4228,2025-09-05 10:00:00+05:30,1953.6,1954.1,1946.5,1947.5,22567,KOTAKBANK
4229,2025-09-05 10:15:00+05:30,1947.4,1950.0,1942.0,1948.9,37956,KOTAKBANK
4230,2025-09-05 10:30:00+05:30,1948.9,1949.8,1945.3,1948.5,23833,KOTAKBANK
4231,2025-09-05 10:45:00+05:30,1949.0,1950.0,1944.0,1945.0,41449,KOTAKBANK
4232,2025-09-05 11:00:00+05:30,1945.2,1947.5,1944.6,1945.7,24651,KOTAKBANK
4233,2025-09-05 11:15:00+05:30,1945.9,1945.9,1942.1,1944.4,59473,KOTAKBANK
4234,2025-09-05 11:30:00+05:30,1944.5,1946.0,1941.0,1941.5,52328,KOTAKBANK
4235,2025-09-05 11:45:00+05:30,1941.5,1942.3,1940.0,1941.1,49102,KOTAKBANK
4236,2025-09-05 12:00:00+05:30,1941.2,1943.9,1939.1,1941.7,53847,KOTAKBANK
4237,2025-09-05 12:15:00+05:30,1941.7,1943.5,1939.9,1942.5,263825,KOTAKBANK
4238,2025-09-05 12:30:00+05:30,1942.5,1943.5,1938.7,1942.5,132066,KOTAKBANK
4239,2025-09-05 12:45:00+05:30,1942.7,1945.1,1941.8,1943.8,63668,KOTAKBANK
4240,2025-09-05 13:00:00+05:30,1943.9,1947.0,1943.8,1946.4,49001,KOTAKBANK
4241,2025-09-05 13:15:00+05:30,1946.1,1949.1,1946.0,1947.5,43056,KOTAKBANK
4242,2025-09-05 13:30:00+05:30,1947.5,1952.2,1947.2,1951.6,41183,KOTAKBANK
4243,2025-09-05 13:45:00+05:30,1951.7,1955.9,1950.5,1954.4,69567,KOTAKBANK
4244,2025-09-05 14:00:00+05:30,1954.3,1955.9,1948.6,1949.8,102085,KOTAKBANK
4245,2025-09-05 14:15:00+05:30,1949.1,1955.0,1947.3,1954.3,102701,KOTAKBANK
4246,2025-09-05 14:30:00+05:30,1954.4,1955.4,1949.3,1951.2,131315,KOTAKBANK
4247,2025-09-05 14:45:00+05:30,1951.7,1954.9,1950.9,1952.9,83417,KOTAKBANK
4248,2025-09-05 15:00:00+05:30,1953.0,1953.5,1943.9,1944.8,180872,KOTAKBANK
4249,2025-09-05 15:15:00+05:30,1945.0,1946.8,1937.1,1939.5,257103,KOTAKBANK
4250,2025-09-08 09:15:00+05:30,1942.5,1948.9,1935.0,1947.9,406498,KOTAKBANK
4251,2025-09-08 09:30:00+05:30,1947.9,1950.9,1941.2,1943.5,57513,KOTAKBANK
4252,2025-09-08 09:45:00+05:30,1942.6,1944.6,1940.5,1940.5,29914,KOTAKBANK
4253,2025-09-08 10:00:00+05:30,1940.7,1943.0,1938.1,1938.6,88425,KOTAKBANK
4254,2025-09-08 10:15:00+05:30,1938.6,1940.2,1936.3,1938.0,49065,KOTAKBANK
4255,2025-09-08 10:30:00+05:30,1937.7,1941.2,1935.4,1939.4,116156,KOTAKBANK
4256,2025-09-08 10:45:00+05:30,1939.6,1941.0,1935.0,1935.1,57751,KOTAKBANK
4257,2025-09-08 11:00:00+05:30,1935.2,1939.1,1931.5,1938.7,38972,KOTAKBANK
4258,2025-09-08 11:15:00+05:30,1939.2,1944.0,1938.7,1943.5,54407,KOTAKBANK
4259,2025-09-08 11:30:00+05:30,1943.4,1945.2,1942.0,1944.8,65561,KOTAKBANK
4260,2025-09-08 11:45:00+05:30,1944.4,1946.7,1943.4,1945.8,42729,KOTAKBANK
4261,2025-09-08 12:00:00+05:30,1946.2,1948.8,1942.8,1945.3,49360,KOTAKBANK
4262,2025-09-08 12:15:00+05:30,1945.1,1947.4,1944.4,1946.4,36803,KOTAKBANK
4263,2025-09-08 12:30:00+05:30,1946.3,1947.4,1943.3,1944.2,35740,KOTAKBANK
4264,2025-09-08 12:45:00+05:30,1944.4,1945.2,1942.3,1943.7,40275,KOTAKBANK
4265,2025-09-08 13:00:00+05:30,1943.7,1943.9,1939.0,1939.6,51039,KOTAKBANK
4266,2025-09-08 13:15:00+05:30,1939.6,1940.5,1937.0,1939.8,80057,KOTAKBANK
4267,2025-09-08 13:30:00+05:30,1939.6,1944.9,1939.0,1944.3,116962,KOTAKBANK
4268,2025-09-08 13:45:00+05:30,1944.4,1946.0,1942.0,1945.7,71474,KOTAKBANK
4269,2025-09-08 14:00:00+05:30,1945.8,1947.3,1942.6,1947.3,77344,KOTAKBANK
4270,2025-09-08 14:15:00+05:30,1947.3,1955.0,1947.1,1953.3,144730,KOTAKBANK
4271,2025-09-08 14:30:00+05:30,1954.0,1961.5,1952.9,1959.7,107844,KOTAKBANK
4272,2025-09-08 14:45:00+05:30,1959.9,1960.0,1949.0,1950.9,238440,KOTAKBANK
4273,2025-09-08 15:00:00+05:30,1951.3,1953.1,1948.3,1950.1,259045,KOTAKBANK
4274,2025-09-08 15:15:00+05:30,1950.1,1952.0,1945.2,1947.9,189420,KOTAKBANK
4275,2025-09-09 09:15:00+05:30,1956.0,1963.1,1949.1,1953.6,349387,KOTAKBANK
4276,2025-09-09 09:30:00+05:30,1953.6,1954.7,1945.1,1951.4,169211,KOTAKBANK
4277,2025-09-09 09:45:00+05:30,1951.3,1954.0,1949.8,1953.4,99665,KOTAKBANK
4278,2025-09-09 10:00:00+05:30,1953.4,1955.8,1951.2,1952.7,150014,KOTAKBANK
4279,2025-09-09 10:15:00+05:30,1952.7,1953.2,1949.0,1952.0,132058,KOTAKBANK
4280,2025-09-09 10:30:00+05:30,1952.2,1953.2,1948.5,1950.9,168012,KOTAKBANK
4281,2025-09-09 10:45:00+05:30,1950.9,1950.9,1943.2,1947.0,111225,KOTAKBANK
4282,2025-09-09 11:00:00+05:30,1947.1,1947.8,1939.8,1942.2,83331,KOTAKBANK
4283,2025-09-09 11:15:00+05:30,1942.2,1948.3,1942.1,1946.4,100882,KOTAKBANK
4284,2025-09-09 11:30:00+05:30,1946.1,1949.9,1945.2,1949.0,102614,KOTAKBANK
4285,2025-09-09 11:45:00+05:30,1948.9,1949.0,1946.5,1947.8,43842,KOTAKBANK
4286,2025-09-09 12:00:00+05:30,1947.7,1947.9,1944.3,1947.0,31841,KOTAKBANK
4287,2025-09-09 12:15:00+05:30,1946.7,1949.0,1946.7,1947.6,52619,KOTAKBANK
4288,2025-09-09 12:30:00+05:30,1948.1,1948.5,1943.8,1947.0,79652,KOTAKBANK
4289,2025-09-09 12:45:00+05:30,1947.0,1948.0,1943.6,1946.4,58659,KOTAKBANK
4290,2025-09-09 13:00:00+05:30,1946.3,1947.0,1943.6,1946.9,50916,KOTAKBANK
4291,2025-09-09 13:15:00+05:30,1946.9,1948.8,1946.8,1948.2,25940,KOTAKBANK
4292,2025-09-09 13:30:00+05:30,1948.2,1951.6,1947.4,1951.4,61370,KOTAKBANK
4293,2025-09-09 13:45:00+05:30,1951.4,1956.2,1949.5,1953.7,87993,KOTAKBANK
4294,2025-09-09 14:00:00+05:30,1953.0,1956.8,1952.5,1955.5,86213,KOTAKBANK
4295,2025-09-09 14:15:00+05:30,1955.5,1955.9,1950.4,1953.1,95359,KOTAKBANK
4296,2025-09-09 14:30:00+05:30,1952.9,1956.0,1950.2,1953.1,123291,KOTAKBANK
4297,2025-09-09 14:45:00+05:30,1953.1,1955.9,1951.6,1955.7,121817,KOTAKBANK
4298,2025-09-09 15:00:00+05:30,1955.7,1962.0,1955.6,1959.7,363804,KOTAKBANK
4299,2025-09-09 15:15:00+05:30,1959.7,1965.9,1955.5,1960.4,425063,KOTAKBANK
4300,2025-09-10 09:15:00+05:30,1984.9,1988.9,1971.4,1982.1,2286636,KOTAKBANK
4301,2025-09-10 09:30:00+05:30,1982.1,1987.1,1972.4,1978.0,887741,KOTAKBANK
4302,2025-09-10 09:45:00+05:30,1978.0,1978.2,1969.8,1976.0,367934,KOTAKBANK
4303,2025-09-10 10:00:00+05:30,1976.0,1982.0,1974.1,1980.6,236703,KOTAKBANK
4304,2025-09-10 10:15:00+05:30,1980.8,1985.5,1980.0,1985.0,161614,KOTAKBANK
4305,2025-09-10 10:30:00+05:30,1984.7,1986.5,1978.6,1979.0,213410,KOTAKBANK
4306,2025-09-10 10:45:00+05:30,1979.0,1979.7,1973.9,1975.8,327213,KOTAKBANK
4307,2025-09-10 11:00:00+05:30,1975.9,1981.4,1974.8,1980.0,197456,KOTAKBANK
4308,2025-09-10 11:15:00+05:30,1980.2,1980.6,1974.1,1975.5,107610,KOTAKBANK
4309,2025-09-10 11:30:00+05:30,1975.7,1976.2,1971.3,1973.2,139427,KOTAKBANK
4310,2025-09-10 11:45:00+05:30,1972.9,1974.1,1968.4,1969.9,196243,KOTAKBANK
4311,2025-09-10 12:00:00+05:30,1969.9,1971.8,1968.8,1969.6,426546,KOTAKBANK
4312,2025-09-10 12:15:00+05:30,1969.9,1979.9,1969.6,1977.6,301076,KOTAKBANK
4313,2025-09-10 12:30:00+05:30,1977.8,1977.8,1974.1,1975.7,190854,KOTAKBANK
4314,2025-09-10 12:45:00+05:30,1975.8,1976.7,1975.0,1975.6,124238,KOTAKBANK
4315,2025-09-10 13:00:00+05:30,1975.6,1978.8,1975.0,1977.0,151544,KOTAKBANK
4316,2025-09-10 13:15:00+05:30,1977.0,1978.6,1975.4,1978.1,238202,KOTAKBANK
4317,2025-09-10 13:30:00+05:30,1978.1,1978.1,1972.1,1974.5,323251,KOTAKBANK
4318,2025-09-10 13:45:00+05:30,1974.5,1974.5,1969.5,1970.6,278011,KOTAKBANK
4319,2025-09-10 14:00:00+05:30,1970.1,1972.9,1969.6,1969.9,91954,KOTAKBANK
4320,2025-09-10 14:15:00+05:30,1969.9,1970.1,1965.8,1969.5,184669,KOTAKBANK
4321,2025-09-10 14:30:00+05:30,1969.7,1970.0,1966.0,1966.3,171510,KOTAKBANK
4322,2025-09-10 14:45:00+05:30,1966.1,1971.0,1966.0,1969.1,297233,KOTAKBANK
4323,2025-09-10 15:00:00+05:30,1969.1,1975.9,1969.0,1974.8,330925,KOTAKBANK
4324,2025-09-10 15:15:00+05:30,1974.7,1975.4,1971.0,1972.9,288649,KOTAKBANK
4325,2025-09-11 09:15:00+05:30,1977.0,1983.0,1964.1,1967.2,145922,KOTAKBANK
4326,2025-09-11 09:30:00+05:30,1967.4,1967.8,1963.3,1964.4,48569,KOTAKBANK
4327,2025-09-11 09:45:00+05:30,1964.9,1967.2,1963.5,1966.4,28752,KOTAKBANK
4328,2025-09-11 10:00:00+05:30,1967.0,1967.4,1965.0,1965.1,33325,KOTAKBANK
4329,2025-09-11 10:15:00+05:30,1965.9,1966.9,1965.0,1966.1,33546,KOTAKBANK
4330,2025-09-11 10:30:00+05:30,1966.1,1967.3,1963.7,1965.8,65631,KOTAKBANK
4331,2025-09-11 10:45:00+05:30,1965.8,1968.0,1964.9,1967.9,33268,KOTAKBANK
4332,2025-09-11 11:00:00+05:30,1967.9,1968.6,1965.6,1967.3,59742,KOTAKBANK
4333,2025-09-11 11:15:00+05:30,1967.3,1968.0,1965.4,1967.1,40388,KOTAKBANK
4334,2025-09-11 11:30:00+05:30,1967.6,1967.8,1964.5,1967.7,53589,KOTAKBANK
4335,2025-09-11 11:45:00+05:30,1967.7,1971.4,1966.8,1971.2,77572,KOTAKBANK
4336,2025-09-11 12:00:00+05:30,1970.4,1974.0,1970.4,1973.9,55631,KOTAKBANK
4337,2025-09-11 12:15:00+05:30,1973.9,1980.6,1972.3,1980.0,90530,KOTAKBANK
4338,2025-09-11 12:30:00+05:30,1979.8,1981.0,1977.1,1979.9,102707,KOTAKBANK
4339,2025-09-11 12:45:00+05:30,1979.3,1980.9,1976.6,1977.9,51732,KOTAKBANK
4340,2025-09-11 13:00:00+05:30,1977.7,1980.5,1976.7,1977.5,42634,KOTAKBANK
4341,2025-09-11 13:15:00+05:30,1977.5,1978.0,1974.0,1977.6,47581,KOTAKBANK
4342,2025-09-11 13:30:00+05:30,1977.9,1978.1,1974.7,1976.1,45858,KOTAKBANK
4343,2025-09-11 13:45:00+05:30,1976.0,1977.6,1974.4,1975.9,44480,KOTAKBANK
4344,2025-09-11 14:00:00+05:30,1976.0,1981.9,1975.0,1981.6,115805,KOTAKBANK
4345,2025-09-11 14:15:00+05:30,1981.5,1985.0,1981.0,1982.4,242091,KOTAKBANK
4346,2025-09-11 14:30:00+05:30,1982.7,1982.7,1978.3,1980.1,140343,KOTAKBANK
4347,2025-09-11 14:45:00+05:30,1979.9,1981.5,1974.0,1974.5,191186,KOTAKBANK
4348,2025-09-11 15:00:00+05:30,1974.7,1975.3,1969.4,1970.7,354725,KOTAKBANK
4349,2025-09-11 15:15:00+05:30,1970.7,1974.9,1969.3,1969.9,217648,KOTAKBANK
4350,2025-09-12 09:15:00+05:30,1973.2,1980.0,1973.1,1979.1,183106,KOTAKBANK
4351,2025-09-12 09:30:00+05:30,1979.6,1981.0,1972.5,1978.5,232778,KOTAKBANK
4352,2025-09-12 09:45:00+05:30,1978.5,1981.0,1977.8,1979.7,49519,KOTAKBANK
4353,2025-09-12 10:00:00+05:30,1979.8,1983.6,1979.3,1982.3,48533,KOTAKBANK
4354,2025-09-12 10:15:00+05:30,1982.2,1983.3,1979.9,1981.3,60898,KOTAKBANK
4355,2025-09-12 10:30:00+05:30,1981.4,1985.0,1981.0,1984.2,49207,KOTAKBANK
4356,2025-09-12 10:45:00+05:30,1984.2,1984.8,1977.4,1979.9,134961,KOTAKBANK
4357,2025-09-12 11:00:00+05:30,1979.8,1980.2,1977.9,1979.0,122892,KOTAKBANK
4358,2025-09-12 11:15:00+05:30,1978.9,1982.4,1978.4,1982.4,105034,KOTAKBANK
4359,2025-09-12 11:30:00+05:30,1982.4,1984.5,1978.0,1978.5,188202,KOTAKBANK
4360,2025-09-12 11:45:00+05:30,1978.6,1980.0,1978.1,1979.0,105789,KOTAKBANK
4361,2025-09-12 12:00:00+05:30,1978.9,1981.8,1978.5,1979.9,110415,KOTAKBANK
4362,2025-09-12 12:15:00+05:30,1979.9,1984.5,1978.9,1979.5,114344,KOTAKBANK
4363,2025-09-12 12:30:00+05:30,1979.4,1980.0,1978.6,1979.7,47889,KOTAKBANK
4364,2025-09-12 12:45:00+05:30,1979.7,1979.8,1976.7,1976.7,49240,KOTAKBANK
4365,2025-09-12 13:00:00+05:30,1977.0,1979.1,1976.0,1977.3,61025,KOTAKBANK
4366,2025-09-12 13:15:00+05:30,1977.2,1977.2,1975.1,1975.5,84557,KOTAKBANK
4367,2025-09-12 13:30:00+05:30,1975.5,1976.0,1973.0,1973.4,165375,KOTAKBANK
4368,2025-09-12 13:45:00+05:30,1973.4,1973.9,1969.0,1971.0,217402,KOTAKBANK
4369,2025-09-12 14:00:00+05:30,1971.0,1971.0,1968.4,1968.8,134244,KOTAKBANK
4370,2025-09-12 14:15:00+05:30,1968.8,1969.4,1966.0,1968.0,153204,KOTAKBANK
4371,2025-09-12 14:30:00+05:30,1968.0,1972.9,1967.7,1972.3,184490,KOTAKBANK
4372,2025-09-12 14:45:00+05:30,1971.9,1975.2,1971.0,1974.8,213673,KOTAKBANK
4373,2025-09-12 15:00:00+05:30,1974.8,1975.0,1970.0,1972.4,389064,KOTAKBANK
4374,2025-09-12 15:15:00+05:30,1972.5,1975.0,1971.9,1974.7,409381,KOTAKBANK
