,timestamp,open,high,low,close,volume,ticker
0,2025-01-01 09:15:00+05:30,1779.25,1790.6,1779.25,1785.25,27255,KOTAKBANK
1,2025-01-01 09:20:00+05:30,1785.9,1786.0,1779.0,1779.05,13855,KOTAKBANK
2,2025-01-01 09:25:00+05:30,1779.75,1780.2,1777.0,1777.95,8799,KOTAKBANK
3,2025-01-01 09:30:00+05:30,1778.95,1782.9,1778.25,1778.9,21025,KOTAKBANK
4,2025-01-01 09:35:00+05:30,1778.85,1781.4,1777.7,1780.3,7528,KOTAKBANK
5,2025-01-01 09:40:00+05:30,1779.65,1782.45,1779.15,1781.75,15139,KOTAKBANK
6,2025-01-01 09:45:00+05:30,1781.9,1782.75,1779.6,1779.95,28831,KOTAKBANK
7,2025-01-01 09:50:00+05:30,1779.9,1781.5,1779.65,1780.95,13874,KOTAKBANK
8,2025-01-01 09:55:00+05:30,1780.95,1783.5,1780.2,1781.6,7254,KOTAKBANK
9,2025-01-01 10:00:00+05:30,1781.65,1784.7,1781.0,1783.25,8427,KOTAKBANK
10,2025-01-01 10:05:00+05:30,1783.2,1786.8,1782.3,1785.65,8710,KOTAKBANK
11,2025-01-01 10:10:00+05:30,1785.65,1792.4,1785.35,1790.1,31973,KOTAKBANK
12,2025-01-01 10:15:00+05:30,1790.5,1793.0,1789.95,1790.85,13271,KOTAKBANK
13,2025-01-01 10:20:00+05:30,1790.1,1793.0,1790.0,1790.45,8860,KOTAKBANK
14,2025-01-01 10:25:00+05:30,1790.55,1791.5,1790.0,1790.75,12484,KOTAKBANK
15,2025-01-01 10:30:00+05:30,1791.35,1791.35,1790.0,1790.55,5992,KOTAKBANK
16,2025-01-01 10:35:00+05:30,1790.05,1792.65,1789.9,1791.45,9152,KOTAKBANK
17,2025-01-01 10:40:00+05:30,1791.55,1792.05,1787.5,1790.0,10593,KOTAKBANK
18,2025-01-01 10:45:00+05:30,1790.0,1794.45,1789.75,1794.4,6238,KOTAKBANK
19,2025-01-01 10:50:00+05:30,1794.45,1796.75,1793.65,1794.5,14053,KOTAKBANK
20,2025-01-01 10:55:00+05:30,1794.5,1795.05,1791.65,1792.55,11787,KOTAKBANK
21,2025-01-01 11:00:00+05:30,1792.6,1794.0,1790.55,1791.35,4506,KOTAKBANK
22,2025-01-01 11:05:00+05:30,1790.85,1792.8,1790.0,1791.45,5771,KOTAKBANK
23,2025-01-01 11:10:00+05:30,1791.45,1792.4,1790.0,1792.35,5666,KOTAKBANK
24,2025-01-01 11:15:00+05:30,1791.65,1792.65,1790.1,1790.85,4229,KOTAKBANK
25,2025-01-01 11:20:00+05:30,1790.85,1791.0,1790.0,1790.0,5839,KOTAKBANK
26,2025-01-01 11:25:00+05:30,1790.6,1790.6,1786.6,1789.1,26498,KOTAKBANK
27,2025-01-01 11:30:00+05:30,1788.7,1790.7,1788.0,1788.2,25445,KOTAKBANK
28,2025-01-01 11:35:00+05:30,1788.2,1790.5,1787.7,1789.25,15753,KOTAKBANK
29,2025-01-01 11:40:00+05:30,1789.8,1791.0,1788.05,1790.65,16230,KOTAKBANK
30,2025-01-01 11:45:00+05:30,1790.2,1791.0,1787.25,1787.9,15831,KOTAKBANK
31,2025-01-01 11:50:00+05:30,1788.0,1789.85,1786.95,1789.85,19607,KOTAKBANK
32,2025-01-01 11:55:00+05:30,1789.05,1790.3,1788.25,1790.0,16390,KOTAKBANK
33,2025-01-01 12:00:00+05:30,1790.0,1790.5,1788.55,1790.0,8293,KOTAKBANK
34,2025-01-01 12:05:00+05:30,1790.05,1790.5,1790.0,1790.05,9316,KOTAKBANK
35,2025-01-01 12:10:00+05:30,1790.0,1791.0,1789.2,1790.25,59536,KOTAKBANK
36,2025-01-01 12:15:00+05:30,1790.3,1791.7,1790.0,1790.5,18869,KOTAKBANK
37,2025-01-01 12:20:00+05:30,1790.15,1791.0,1790.0,1790.2,2194,KOTAKBANK
38,2025-01-01 12:25:00+05:30,1790.2,1790.4,1789.65,1790.1,6418,KOTAKBANK
39,2025-01-01 12:30:00+05:30,1790.15,1790.5,1790.0,1790.05,2676,KOTAKBANK
40,2025-01-01 12:35:00+05:30,1790.05,1790.35,1788.6,1789.7,15196,KOTAKBANK
41,2025-01-01 12:40:00+05:30,1789.7,1790.0,1788.2,1789.4,18092,KOTAKBANK
42,2025-01-01 12:45:00+05:30,1789.4,1789.9,1788.25,1789.45,19224,KOTAKBANK
43,2025-01-01 12:50:00+05:30,1789.45,1789.95,1788.3,1789.6,18253,KOTAKBANK
44,2025-01-01 12:55:00+05:30,1789.6,1790.0,1788.55,1789.75,21072,KOTAKBANK
45,2025-01-01 13:00:00+05:30,1789.3,1790.0,1787.4,1789.35,20657,KOTAKBANK
46,2025-01-01 13:05:00+05:30,1789.35,1789.6,1788.1,1788.4,17302,KOTAKBANK
47,2025-01-01 13:10:00+05:30,1788.4,1789.95,1788.05,1788.85,17770,KOTAKBANK
48,2025-01-01 13:15:00+05:30,1788.8,1789.8,1788.2,1789.75,15888,KOTAKBANK
49,2025-01-01 13:20:00+05:30,1789.5,1789.75,1788.3,1789.6,16540,KOTAKBANK
50,2025-01-01 13:25:00+05:30,1789.65,1790.2,1788.75,1788.9,17894,KOTAKBANK
51,2025-01-01 13:30:00+05:30,1789.7,1790.0,1788.85,1790.0,18672,KOTAKBANK
52,2025-01-01 13:35:00+05:30,1789.95,1790.25,1788.7,1789.9,22576,KOTAKBANK
53,2025-01-01 13:40:00+05:30,1789.85,1790.2,1788.75,1789.95,20530,KOTAKBANK
54,2025-01-01 13:45:00+05:30,1789.35,1790.2,1788.05,1788.4,30323,KOTAKBANK
55,2025-01-01 13:50:00+05:30,1788.3,1789.55,1786.6,1789.55,20305,KOTAKBANK
56,2025-01-01 13:55:00+05:30,1789.55,1791.0,1787.85,1790.05,30713,KOTAKBANK
57,2025-01-01 14:00:00+05:30,1790.15,1791.7,1790.0,1790.25,17599,KOTAKBANK
58,2025-01-01 14:05:00+05:30,1790.05,1790.9,1790.0,1790.05,12296,KOTAKBANK
59,2025-01-01 14:10:00+05:30,1790.05,1790.95,1788.7,1790.05,17159,KOTAKBANK
60,2025-01-01 14:15:00+05:30,1790.0,1790.6,1789.35,1790.15,15070,KOTAKBANK
61,2025-01-01 14:20:00+05:30,1790.0,1790.35,1788.8,1789.85,57121,KOTAKBANK
62,2025-01-01 14:25:00+05:30,1789.85,1790.0,1788.3,1788.9,32871,KOTAKBANK
63,2025-01-01 14:30:00+05:30,1788.9,1790.0,1788.35,1789.25,26787,KOTAKBANK
64,2025-01-01 14:35:00+05:30,1789.25,1790.5,1788.7,1790.45,22315,KOTAKBANK
65,2025-01-01 14:40:00+05:30,1790.25,1791.0,1789.55,1790.15,19823,KOTAKBANK
66,2025-01-01 14:45:00+05:30,1790.0,1790.85,1789.35,1790.4,25744,KOTAKBANK
67,2025-01-01 14:50:00+05:30,1790.1,1790.85,1789.15,1790.0,26592,KOTAKBANK
68,2025-01-01 14:55:00+05:30,1790.0,1790.7,1788.75,1790.0,23886,KOTAKBANK
69,2025-01-01 15:00:00+05:30,1790.0,1790.3,1786.65,1787.9,43190,KOTAKBANK
70,2025-01-01 15:05:00+05:30,1788.45,1789.95,1787.0,1789.3,45835,KOTAKBANK
71,2025-01-01 15:10:00+05:30,1789.3,1789.8,1786.8,1787.9,69589,KOTAKBANK
72,2025-01-01 15:15:00+05:30,1788.6,1789.3,1787.0,1787.3,49562,KOTAKBANK
73,2025-01-01 15:20:00+05:30,1787.3,1789.45,1786.95,1789.1,49966,KOTAKBANK
74,2025-01-01 15:25:00+05:30,1789.1,1789.45,1788.05,1788.1,30502,KOTAKBANK
75,2025-01-02 09:15:00+05:30,1800.0,1835.85,1796.9,1818.95,363385,KOTAKBANK
76,2025-01-02 09:20:00+05:30,1819.0,1824.35,1817.05,1821.8,87151,KOTAKBANK
77,2025-01-02 09:25:00+05:30,1821.8,1823.45,1818.35,1820.3,99914,KOTAKBANK
78,2025-01-02 09:30:00+05:30,1819.2,1819.8,1815.4,1816.05,38183,KOTAKBANK
79,2025-01-02 09:35:00+05:30,1816.2,1820.55,1815.0,1817.8,48004,KOTAKBANK
80,2025-01-02 09:40:00+05:30,1817.3,1821.0,1815.3,1815.9,51142,KOTAKBANK
81,2025-01-02 09:45:00+05:30,1815.35,1819.75,1814.95,1815.0,35262,KOTAKBANK
82,2025-01-02 09:50:00+05:30,1815.2,1815.2,1810.3,1813.65,53453,KOTAKBANK
83,2025-01-02 09:55:00+05:30,1813.65,1818.0,1813.6,1817.0,34282,KOTAKBANK
84,2025-01-02 10:00:00+05:30,1817.45,1822.55,1816.65,1821.6,51066,KOTAKBANK
85,2025-01-02 10:05:00+05:30,1821.55,1825.85,1821.35,1822.6,75491,KOTAKBANK
86,2025-01-02 10:10:00+05:30,1822.0,1822.7,1819.6,1820.5,46007,KOTAKBANK
87,2025-01-02 10:15:00+05:30,1820.5,1825.15,1820.15,1824.8,32303,KOTAKBANK
88,2025-01-02 10:20:00+05:30,1824.45,1828.85,1823.0,1827.55,43254,KOTAKBANK
89,2025-01-02 10:25:00+05:30,1827.55,1828.6,1825.0,1826.3,24872,KOTAKBANK
90,2025-01-02 10:30:00+05:30,1826.05,1826.25,1823.65,1825.15,20350,KOTAKBANK
91,2025-01-02 10:35:00+05:30,1825.05,1829.9,1823.65,1827.75,39915,KOTAKBANK
92,2025-01-02 10:40:00+05:30,1827.4,1827.7,1824.85,1825.0,20347,KOTAKBANK
93,2025-01-02 10:45:00+05:30,1825.0,1828.0,1824.2,1828.0,49705,KOTAKBANK
94,2025-01-02 10:50:00+05:30,1828.0,1831.45,1827.0,1829.85,86811,KOTAKBANK
95,2025-01-02 10:55:00+05:30,1829.95,1831.0,1827.6,1830.05,31248,KOTAKBANK
96,2025-01-02 11:00:00+05:30,1830.25,1830.8,1826.75,1828.25,37191,KOTAKBANK
97,2025-01-02 11:05:00+05:30,1828.25,1829.4,1825.0,1828.05,25672,KOTAKBANK
98,2025-01-02 11:10:00+05:30,1828.15,1829.1,1826.5,1827.75,16675,KOTAKBANK
99,2025-01-02 11:15:00+05:30,1827.1,1829.2,1825.15,1825.25,24015,KOTAKBANK
100,2025-01-02 11:20:00+05:30,1825.35,1827.05,1825.0,1826.0,21457,KOTAKBANK
101,2025-01-02 11:25:00+05:30,1825.95,1827.3,1825.25,1826.3,21517,KOTAKBANK
102,2025-01-02 11:30:00+05:30,1826.35,1828.75,1826.35,1827.9,12071,KOTAKBANK
103,2025-01-02 11:35:00+05:30,1827.5,1828.25,1825.05,1827.3,32213,KOTAKBANK
104,2025-01-02 11:40:00+05:30,1826.85,1827.25,1823.4,1824.1,51419,KOTAKBANK
105,2025-01-02 11:45:00+05:30,1824.1,1825.0,1822.45,1824.4,38748,KOTAKBANK
106,2025-01-02 11:50:00+05:30,1824.4,1825.75,1823.1,1824.3,25307,KOTAKBANK
107,2025-01-02 11:55:00+05:30,1824.45,1825.45,1823.7,1825.15,21533,KOTAKBANK
108,2025-01-02 12:00:00+05:30,1825.15,1826.3,1822.3,1822.45,26356,KOTAKBANK
109,2025-01-02 12:05:00+05:30,1822.45,1823.15,1820.25,1821.55,45014,KOTAKBANK
110,2025-01-02 12:10:00+05:30,1821.7,1824.4,1821.25,1821.4,61516,KOTAKBANK
111,2025-01-02 12:15:00+05:30,1821.3,1823.15,1818.8,1822.75,39429,KOTAKBANK
112,2025-01-02 12:20:00+05:30,1822.65,1823.4,1821.45,1822.7,28753,KOTAKBANK
113,2025-01-02 12:25:00+05:30,1822.65,1828.0,1822.65,1827.65,63792,KOTAKBANK
114,2025-01-02 12:30:00+05:30,1827.6,1829.35,1826.05,1828.15,84613,KOTAKBANK
115,2025-01-02 12:35:00+05:30,1828.2,1828.5,1825.65,1826.55,42606,KOTAKBANK
116,2025-01-02 12:40:00+05:30,1825.8,1827.4,1825.0,1826.3,67504,KOTAKBANK
117,2025-01-02 12:45:00+05:30,1826.3,1827.4,1825.1,1825.55,60161,KOTAKBANK
118,2025-01-02 12:50:00+05:30,1825.5,1828.25,1825.0,1827.5,52624,KOTAKBANK
119,2025-01-02 12:55:00+05:30,1827.5,1827.5,1825.0,1826.8,44808,KOTAKBANK
120,2025-01-02 13:00:00+05:30,1826.9,1828.25,1824.1,1824.75,70263,KOTAKBANK
121,2025-01-02 13:05:00+05:30,1824.85,1826.9,1824.1,1826.1,49768,KOTAKBANK
122,2025-01-02 13:10:00+05:30,1826.3,1827.75,1825.6,1826.3,27604,KOTAKBANK
123,2025-01-02 13:15:00+05:30,1825.85,1828.4,1825.0,1828.35,53523,KOTAKBANK
124,2025-01-02 13:20:00+05:30,1828.0,1830.65,1827.55,1829.55,88063,KOTAKBANK
125,2025-01-02 13:25:00+05:30,1829.5,1831.15,1827.2,1828.0,83031,KOTAKBANK
126,2025-01-02 13:30:00+05:30,1827.55,1828.0,1825.0,1826.5,57666,KOTAKBANK
127,2025-01-02 13:35:00+05:30,1826.5,1827.75,1825.0,1826.6,56302,KOTAKBANK
128,2025-01-02 13:40:00+05:30,1826.9,1827.5,1825.0,1826.85,82066,KOTAKBANK
129,2025-01-02 13:45:00+05:30,1826.75,1828.15,1825.1,1826.3,55588,KOTAKBANK
130,2025-01-02 13:50:00+05:30,1826.3,1827.0,1825.1,1825.5,25706,KOTAKBANK
131,2025-01-02 13:55:00+05:30,1825.5,1827.6,1824.7,1825.75,40637,KOTAKBANK
132,2025-01-02 14:00:00+05:30,1825.75,1826.45,1824.15,1826.2,56056,KOTAKBANK
133,2025-01-02 14:05:00+05:30,1826.2,1829.65,1825.6,1829.6,42508,KOTAKBANK
134,2025-01-02 14:10:00+05:30,1829.6,1831.2,1828.25,1828.7,61779,KOTAKBANK
135,2025-01-02 14:15:00+05:30,1828.9,1829.65,1827.25,1829.55,75352,KOTAKBANK
136,2025-01-02 14:20:00+05:30,1829.55,1832.2,1827.1,1830.9,130585,KOTAKBANK
137,2025-01-02 14:25:00+05:30,1830.9,1834.2,1829.85,1832.2,91107,KOTAKBANK
138,2025-01-02 14:30:00+05:30,1832.2,1834.2,1831.7,1833.55,92582,KOTAKBANK
139,2025-01-02 14:35:00+05:30,1833.45,1833.95,1830.85,1833.7,142248,KOTAKBANK
140,2025-01-02 14:40:00+05:30,1833.7,1835.15,1832.4,1834.4,108172,KOTAKBANK
141,2025-01-02 14:45:00+05:30,1834.4,1837.25,1834.0,1836.8,115532,KOTAKBANK
142,2025-01-02 14:50:00+05:30,1836.8,1838.45,1834.85,1837.55,96135,KOTAKBANK
143,2025-01-02 14:55:00+05:30,1837.6,1840.2,1836.25,1836.5,132317,KOTAKBANK
144,2025-01-02 15:00:00+05:30,1836.7,1838.1,1834.15,1835.95,206900,KOTAKBANK
145,2025-01-02 15:05:00+05:30,1836.05,1837.45,1835.65,1836.65,135074,KOTAKBANK
146,2025-01-02 15:10:00+05:30,1836.7,1839.9,1836.7,1839.25,181891,KOTAKBANK
147,2025-01-02 15:15:00+05:30,1839.3,1839.35,1836.95,1837.5,184677,KOTAKBANK
148,2025-01-02 15:20:00+05:30,1837.45,1838.7,1836.75,1838.2,120004,KOTAKBANK
149,2025-01-02 15:25:00+05:30,1838.35,1838.45,1831.1,1834.05,111715,KOTAKBANK
150,2025-01-03 09:15:00+05:30,1851.0,1853.0,1826.1,1827.55,274015,KOTAKBANK
151,2025-01-03 09:20:00+05:30,1827.5,1831.75,1826.4,1829.1,45171,KOTAKBANK
152,2025-01-03 09:25:00+05:30,1829.15,1829.8,1822.35,1822.85,29209,KOTAKBANK
153,2025-01-03 09:30:00+05:30,1822.85,1822.85,1819.0,1819.05,23797,KOTAKBANK
154,2025-01-03 09:35:00+05:30,1819.05,1822.35,1817.1,1820.5,24780,KOTAKBANK
155,2025-01-03 09:40:00+05:30,1820.5,1824.0,1818.95,1818.95,25135,KOTAKBANK
156,2025-01-03 09:45:00+05:30,1818.9,1820.7,1817.5,1819.05,25797,KOTAKBANK
157,2025-01-03 09:50:00+05:30,1819.4,1820.15,1817.5,1819.4,20465,KOTAKBANK
158,2025-01-03 09:55:00+05:30,1819.1,1819.75,1817.3,1818.95,16013,KOTAKBANK
159,2025-01-03 10:00:00+05:30,1818.85,1825.0,1818.25,1822.6,15753,KOTAKBANK
160,2025-01-03 10:05:00+05:30,1822.5,1827.15,1821.8,1824.35,29159,KOTAKBANK
161,2025-01-03 10:10:00+05:30,1824.35,1825.0,1820.9,1821.95,18233,KOTAKBANK
162,2025-01-03 10:15:00+05:30,1821.6,1826.65,1821.6,1824.55,16920,KOTAKBANK
163,2025-01-03 10:20:00+05:30,1824.05,1827.45,1823.9,1826.0,17457,KOTAKBANK
164,2025-01-03 10:25:00+05:30,1825.4,1829.8,1824.15,1827.0,37988,KOTAKBANK
165,2025-01-03 10:30:00+05:30,1827.0,1827.35,1823.65,1824.6,24213,KOTAKBANK
166,2025-01-03 10:35:00+05:30,1823.95,1826.95,1823.55,1825.6,36603,KOTAKBANK
167,2025-01-03 10:40:00+05:30,1825.55,1827.0,1825.0,1825.65,22029,KOTAKBANK
168,2025-01-03 10:45:00+05:30,1825.6,1827.35,1824.55,1827.2,17749,KOTAKBANK
169,2025-01-03 10:50:00+05:30,1827.2,1828.85,1825.5,1828.3,26713,KOTAKBANK
170,2025-01-03 10:55:00+05:30,1828.3,1829.85,1826.3,1829.0,21906,KOTAKBANK
171,2025-01-03 11:00:00+05:30,1829.0,1831.5,1826.75,1828.1,37074,KOTAKBANK
172,2025-01-03 11:05:00+05:30,1828.05,1832.7,1827.85,1831.45,39696,KOTAKBANK
173,2025-01-03 11:10:00+05:30,1831.4,1833.7,1829.5,1832.6,42752,KOTAKBANK
174,2025-01-03 11:15:00+05:30,1833.0,1835.0,1831.6,1833.9,40552,KOTAKBANK
175,2025-01-03 11:20:00+05:30,1833.9,1837.9,1833.5,1837.8,36513,KOTAKBANK
176,2025-01-03 11:25:00+05:30,1837.8,1838.55,1834.5,1836.5,29247,KOTAKBANK
177,2025-01-03 11:30:00+05:30,1836.55,1836.95,1833.3,1834.75,15576,KOTAKBANK
178,2025-01-03 11:35:00+05:30,1834.35,1838.8,1833.6,1834.5,83579,KOTAKBANK
179,2025-01-03 11:40:00+05:30,1833.7,1838.0,1833.3,1838.0,38695,KOTAKBANK
180,2025-01-03 11:45:00+05:30,1838.0,1838.0,1832.2,1834.9,36751,KOTAKBANK
181,2025-01-03 11:50:00+05:30,1834.45,1836.2,1832.1,1834.95,38001,KOTAKBANK
182,2025-01-03 11:55:00+05:30,1834.4,1837.9,1833.95,1837.15,36182,KOTAKBANK
183,2025-01-03 12:00:00+05:30,1837.15,1838.2,1834.8,1836.3,24866,KOTAKBANK
184,2025-01-03 12:05:00+05:30,1836.2,1836.8,1833.1,1834.0,17594,KOTAKBANK
185,2025-01-03 12:10:00+05:30,1834.0,1835.8,1833.75,1834.05,13909,KOTAKBANK
186,2025-01-03 12:15:00+05:30,1834.15,1834.75,1831.0,1833.6,25909,KOTAKBANK
187,2025-01-03 12:20:00+05:30,1833.15,1834.5,1830.3,1831.4,11591,KOTAKBANK
188,2025-01-03 12:25:00+05:30,1831.4,1833.7,1830.55,1831.9,13536,KOTAKBANK
189,2025-01-03 12:30:00+05:30,1831.9,1833.6,1830.9,1831.85,11685,KOTAKBANK
190,2025-01-03 12:35:00+05:30,1831.7,1832.05,1830.05,1831.4,15170,KOTAKBANK
191,2025-01-03 12:40:00+05:30,1831.4,1832.75,1830.8,1832.1,28294,KOTAKBANK
192,2025-01-03 12:45:00+05:30,1831.4,1832.95,1830.65,1832.8,15416,KOTAKBANK
193,2025-01-03 12:50:00+05:30,1832.8,1833.05,1830.95,1832.25,20527,KOTAKBANK
194,2025-01-03 12:55:00+05:30,1832.3,1836.2,1831.1,1834.5,49562,KOTAKBANK
195,2025-01-03 13:00:00+05:30,1834.5,1840.25,1834.2,1840.2,80954,KOTAKBANK
196,2025-01-03 13:05:00+05:30,1840.2,1841.0,1838.25,1840.3,47139,KOTAKBANK
197,2025-01-03 13:10:00+05:30,1840.25,1841.4,1837.75,1840.0,63811,KOTAKBANK
198,2025-01-03 13:15:00+05:30,1839.4,1840.8,1837.95,1840.55,61896,KOTAKBANK
199,2025-01-03 13:20:00+05:30,1840.6,1843.4,1840.0,1842.95,82367,KOTAKBANK
200,2025-01-03 13:25:00+05:30,1842.95,1842.95,1840.2,1840.2,47595,KOTAKBANK
201,2025-01-03 13:30:00+05:30,1840.4,1842.05,1839.35,1840.1,75044,KOTAKBANK
202,2025-01-03 13:35:00+05:30,1840.1,1841.15,1838.9,1840.5,46454,KOTAKBANK
203,2025-01-03 13:40:00+05:30,1840.55,1841.8,1840.35,1840.8,47399,KOTAKBANK
204,2025-01-03 13:45:00+05:30,1840.5,1840.75,1836.6,1839.65,37334,KOTAKBANK
205,2025-01-03 13:50:00+05:30,1839.35,1840.2,1838.85,1840.05,35594,KOTAKBANK
206,2025-01-03 13:55:00+05:30,1840.0,1840.1,1836.05,1837.45,97981,KOTAKBANK
207,2025-01-03 14:00:00+05:30,1837.45,1838.35,1835.35,1836.65,88081,KOTAKBANK
208,2025-01-03 14:05:00+05:30,1836.7,1838.7,1834.5,1836.2,114529,KOTAKBANK
209,2025-01-03 14:10:00+05:30,1836.15,1839.5,1835.3,1837.75,83496,KOTAKBANK
210,2025-01-03 14:15:00+05:30,1837.45,1837.75,1836.0,1836.85,50284,KOTAKBANK
211,2025-01-03 14:20:00+05:30,1837.0,1839.75,1837.0,1837.3,72706,KOTAKBANK
212,2025-01-03 14:25:00+05:30,1837.4,1838.8,1833.3,1835.6,89162,KOTAKBANK
213,2025-01-03 14:30:00+05:30,1835.6,1837.6,1835.45,1837.05,38697,KOTAKBANK
214,2025-01-03 14:35:00+05:30,1837.0,1840.05,1836.65,1839.05,96168,KOTAKBANK
215,2025-01-03 14:40:00+05:30,1838.9,1839.05,1834.45,1835.05,78742,KOTAKBANK
216,2025-01-03 14:45:00+05:30,1835.05,1837.95,1833.85,1837.5,88366,KOTAKBANK
217,2025-01-03 14:50:00+05:30,1837.05,1838.5,1835.5,1837.7,99657,KOTAKBANK
218,2025-01-03 14:55:00+05:30,1837.95,1841.75,1837.45,1840.45,142125,KOTAKBANK
219,2025-01-03 15:00:00+05:30,1840.25,1840.45,1836.1,1839.5,206583,KOTAKBANK
220,2025-01-03 15:05:00+05:30,1839.55,1840.35,1836.45,1840.25,216037,KOTAKBANK
221,2025-01-03 15:10:00+05:30,1839.65,1840.4,1837.8,1839.0,180020,KOTAKBANK
222,2025-01-03 15:15:00+05:30,1839.0,1840.45,1837.8,1838.8,146227,KOTAKBANK
223,2025-01-03 15:20:00+05:30,1838.75,1840.0,1835.0,1836.9,120923,KOTAKBANK
224,2025-01-03 15:25:00+05:30,1836.95,1839.0,1832.1,1835.7,117682,KOTAKBANK
225,2025-01-06 09:15:00+05:30,1821.0,1825.0,1808.5,1812.45,199713,KOTAKBANK
226,2025-01-06 09:20:00+05:30,1812.95,1817.75,1810.25,1811.45,94924,KOTAKBANK
227,2025-01-06 09:25:00+05:30,1812.05,1814.7,1802.6,1802.7,136154,KOTAKBANK
228,2025-01-06 09:30:00+05:30,1802.8,1803.6,1796.8,1799.8,68622,KOTAKBANK
229,2025-01-06 09:35:00+05:30,1799.75,1806.0,1799.0,1805.55,28561,KOTAKBANK
230,2025-01-06 09:40:00+05:30,1805.15,1806.0,1802.0,1803.55,49309,KOTAKBANK
231,2025-01-06 09:45:00+05:30,1803.3,1803.5,1795.05,1800.0,53139,KOTAKBANK
232,2025-01-06 09:50:00+05:30,1799.95,1800.25,1793.05,1793.9,57737,KOTAKBANK
233,2025-01-06 09:55:00+05:30,1794.0,1801.9,1793.9,1799.35,44157,KOTAKBANK
234,2025-01-06 10:00:00+05:30,1799.25,1806.45,1799.05,1804.55,42672,KOTAKBANK
235,2025-01-06 10:05:00+05:30,1804.15,1805.8,1802.0,1803.35,29705,KOTAKBANK
236,2025-01-06 10:10:00+05:30,1803.3,1805.85,1801.1,1805.15,35822,KOTAKBANK
237,2025-01-06 10:15:00+05:30,1805.15,1806.1,1802.35,1803.85,48476,KOTAKBANK
238,2025-01-06 10:20:00+05:30,1803.95,1803.95,1799.6,1800.05,26574,KOTAKBANK
239,2025-01-06 10:25:00+05:30,1800.25,1801.65,1798.65,1799.25,18459,KOTAKBANK
240,2025-01-06 10:30:00+05:30,1799.5,1800.0,1796.85,1799.7,20222,KOTAKBANK
241,2025-01-06 10:35:00+05:30,1799.55,1800.6,1798.25,1799.15,22528,KOTAKBANK
242,2025-01-06 10:40:00+05:30,1799.2,1800.35,1796.0,1796.55,28897,KOTAKBANK
243,2025-01-06 10:45:00+05:30,1796.25,1796.25,1792.55,1794.05,33424,KOTAKBANK
244,2025-01-06 10:50:00+05:30,1794.05,1794.5,1789.1,1790.3,34656,KOTAKBANK
245,2025-01-06 10:55:00+05:30,1790.05,1793.25,1788.55,1790.75,24199,KOTAKBANK
246,2025-01-06 11:00:00+05:30,1790.75,1792.75,1790.0,1790.85,17879,KOTAKBANK
247,2025-01-06 11:05:00+05:30,1791.0,1792.8,1790.0,1790.55,16595,KOTAKBANK
248,2025-01-06 11:10:00+05:30,1790.55,1790.55,1785.15,1786.1,33131,KOTAKBANK
249,2025-01-06 11:15:00+05:30,1786.15,1787.65,1784.0,1787.3,29043,KOTAKBANK
250,2025-01-06 11:20:00+05:30,1787.35,1790.0,1785.7,1788.8,26688,KOTAKBANK
251,2025-01-06 11:25:00+05:30,1788.8,1791.6,1787.6,1791.05,18790,KOTAKBANK
252,2025-01-06 11:30:00+05:30,1791.0,1794.0,1788.15,1788.3,70586,KOTAKBANK
253,2025-01-06 11:35:00+05:30,1788.7,1792.0,1788.25,1792.0,21102,KOTAKBANK
254,2025-01-06 11:40:00+05:30,1791.95,1792.0,1787.9,1788.45,41882,KOTAKBANK
255,2025-01-06 11:45:00+05:30,1788.05,1789.0,1781.85,1781.9,40344,KOTAKBANK
256,2025-01-06 11:50:00+05:30,1781.9,1783.55,1781.15,1782.55,31808,KOTAKBANK
257,2025-01-06 11:55:00+05:30,1782.0,1782.85,1780.05,1780.75,37527,KOTAKBANK
258,2025-01-06 12:00:00+05:30,1780.05,1783.5,1780.05,1781.85,32142,KOTAKBANK
259,2025-01-06 12:05:00+05:30,1781.6,1790.85,1781.0,1788.9,38253,KOTAKBANK
260,2025-01-06 12:10:00+05:30,1789.15,1790.2,1788.0,1788.85,27161,KOTAKBANK
261,2025-01-06 12:15:00+05:30,1788.55,1790.0,1787.0,1787.2,18086,KOTAKBANK
262,2025-01-06 12:20:00+05:30,1787.2,1789.75,1785.0,1785.95,18651,KOTAKBANK
263,2025-01-06 12:25:00+05:30,1785.35,1787.1,1780.25,1780.25,47284,KOTAKBANK
264,2025-01-06 12:30:00+05:30,1780.65,1782.75,1779.2,1780.6,35381,KOTAKBANK
265,2025-01-06 12:35:00+05:30,1780.6,1785.0,1780.6,1784.0,16315,KOTAKBANK
266,2025-01-06 12:40:00+05:30,1784.4,1784.85,1780.5,1782.05,19946,KOTAKBANK
267,2025-01-06 12:45:00+05:30,1782.05,1784.0,1780.75,1782.1,23079,KOTAKBANK
268,2025-01-06 12:50:00+05:30,1782.75,1782.75,1778.5,1779.05,33897,KOTAKBANK
269,2025-01-06 12:55:00+05:30,1779.4,1782.6,1777.3,1781.55,31836,KOTAKBANK
270,2025-01-06 13:00:00+05:30,1781.8,1783.5,1778.5,1781.2,23167,KOTAKBANK
271,2025-01-06 13:05:00+05:30,1781.25,1781.75,1778.5,1779.35,21898,KOTAKBANK
272,2025-01-06 13:10:00+05:30,1779.3,1780.6,1778.6,1779.4,42157,KOTAKBANK
273,2025-01-06 13:15:00+05:30,1779.85,1780.05,1776.5,1776.6,31097,KOTAKBANK
274,2025-01-06 13:20:00+05:30,1777.25,1778.4,1776.0,1777.0,44055,KOTAKBANK
275,2025-01-06 13:25:00+05:30,1777.0,1781.55,1777.0,1781.55,42478,KOTAKBANK
276,2025-01-06 13:30:00+05:30,1781.15,1781.95,1779.05,1781.0,29242,KOTAKBANK
277,2025-01-06 13:35:00+05:30,1781.35,1782.95,1779.75,1780.55,29250,KOTAKBANK
278,2025-01-06 13:40:00+05:30,1780.55,1781.65,1778.85,1780.15,25467,KOTAKBANK
279,2025-01-06 13:45:00+05:30,1780.15,1781.5,1778.55,1780.9,37688,KOTAKBANK
280,2025-01-06 13:50:00+05:30,1780.9,1782.0,1772.9,1775.2,78511,KOTAKBANK
281,2025-01-06 13:55:00+05:30,1775.2,1778.25,1774.1,1776.5,33154,KOTAKBANK
282,2025-01-06 14:00:00+05:30,1776.5,1781.0,1775.65,1780.35,59124,KOTAKBANK
283,2025-01-06 14:05:00+05:30,1780.35,1784.0,1780.15,1782.55,67935,KOTAKBANK
284,2025-01-06 14:10:00+05:30,1782.55,1784.4,1780.3,1781.15,48338,KOTAKBANK
285,2025-01-06 14:15:00+05:30,1781.1,1785.6,1779.9,1784.45,48059,KOTAKBANK
286,2025-01-06 14:20:00+05:30,1784.4,1785.45,1783.3,1784.4,42560,KOTAKBANK
287,2025-01-06 14:25:00+05:30,1784.4,1785.35,1783.5,1784.2,52617,KOTAKBANK
288,2025-01-06 14:30:00+05:30,1784.2,1785.2,1783.5,1784.3,54723,KOTAKBANK
289,2025-01-06 14:35:00+05:30,1784.15,1784.15,1778.4,1779.0,84644,KOTAKBANK
290,2025-01-06 14:40:00+05:30,1779.2,1781.15,1774.7,1780.05,161495,KOTAKBANK
291,2025-01-06 14:45:00+05:30,1779.55,1782.45,1777.1,1779.05,158519,KOTAKBANK
292,2025-01-06 14:50:00+05:30,1778.85,1781.2,1777.8,1780.55,68008,KOTAKBANK
293,2025-01-06 14:55:00+05:30,1780.5,1781.5,1779.2,1780.95,89438,KOTAKBANK
294,2025-01-06 15:00:00+05:30,1780.95,1783.65,1780.5,1781.25,99888,KOTAKBANK
295,2025-01-06 15:05:00+05:30,1781.25,1782.9,1780.0,1782.55,95930,KOTAKBANK
296,2025-01-06 15:10:00+05:30,1782.55,1784.35,1776.95,1777.15,141436,KOTAKBANK
297,2025-01-06 15:15:00+05:30,1777.35,1779.55,1775.7,1777.6,190271,KOTAKBANK
298,2025-01-06 15:20:00+05:30,1777.65,1780.75,1776.6,1778.65,159192,KOTAKBANK
299,2025-01-06 15:25:00+05:30,1778.6,1781.55,1776.0,1777.9,84355,KOTAKBANK
300,2025-01-07 09:15:00+05:30,1787.0,1794.9,1785.0,1789.7,226200,KOTAKBANK
301,2025-01-07 09:20:00+05:30,1789.75,1793.2,1787.6,1792.95,86701,KOTAKBANK
302,2025-01-07 09:25:00+05:30,1792.95,1796.45,1790.7,1795.7,197604,KOTAKBANK
303,2025-01-07 09:30:00+05:30,1795.7,1797.45,1790.15,1790.6,107970,KOTAKBANK
304,2025-01-07 09:35:00+05:30,1790.75,1791.2,1786.0,1787.95,35507,KOTAKBANK
305,2025-01-07 09:40:00+05:30,1788.3,1789.4,1785.0,1785.75,34353,KOTAKBANK
306,2025-01-07 09:45:00+05:30,1785.75,1786.5,1781.2,1782.3,37698,KOTAKBANK
307,2025-01-07 09:50:00+05:30,1782.15,1782.85,1779.35,1779.75,50058,KOTAKBANK
308,2025-01-07 09:55:00+05:30,1780.0,1781.75,1779.6,1780.7,57624,KOTAKBANK
309,2025-01-07 10:00:00+05:30,1780.65,1781.05,1779.0,1779.6,22186,KOTAKBANK
310,2025-01-07 10:05:00+05:30,1779.45,1780.0,1778.05,1778.5,19562,KOTAKBANK
311,2025-01-07 10:10:00+05:30,1778.45,1781.75,1777.95,1780.5,53758,KOTAKBANK
312,2025-01-07 10:15:00+05:30,1780.85,1782.95,1778.75,1779.9,73667,KOTAKBANK
313,2025-01-07 10:20:00+05:30,1779.9,1783.95,1779.3,1781.8,50843,KOTAKBANK
314,2025-01-07 10:25:00+05:30,1782.0,1784.2,1781.95,1782.05,38769,KOTAKBANK
315,2025-01-07 10:30:00+05:30,1782.05,1783.05,1781.3,1782.0,14730,KOTAKBANK
316,2025-01-07 10:35:00+05:30,1781.95,1785.15,1781.9,1782.2,48257,KOTAKBANK
317,2025-01-07 10:40:00+05:30,1782.85,1787.8,1780.7,1786.1,111252,KOTAKBANK
318,2025-01-07 10:45:00+05:30,1786.1,1793.5,1786.1,1789.3,45081,KOTAKBANK
319,2025-01-07 10:50:00+05:30,1789.8,1790.2,1786.0,1786.3,44334,KOTAKBANK
320,2025-01-07 10:55:00+05:30,1786.35,1787.4,1784.85,1786.85,14562,KOTAKBANK
321,2025-01-07 11:00:00+05:30,1786.95,1791.8,1786.95,1790.85,11545,KOTAKBANK
322,2025-01-07 11:05:00+05:30,1790.45,1791.5,1788.95,1789.65,33255,KOTAKBANK
323,2025-01-07 11:10:00+05:30,1789.65,1790.5,1787.4,1788.0,47858,KOTAKBANK
324,2025-01-07 11:15:00+05:30,1787.65,1788.0,1785.95,1786.75,64511,KOTAKBANK
325,2025-01-07 11:20:00+05:30,1786.7,1788.85,1785.2,1787.5,63898,KOTAKBANK
326,2025-01-07 11:25:00+05:30,1787.5,1789.95,1786.0,1789.3,153634,KOTAKBANK
327,2025-01-07 11:30:00+05:30,1789.3,1792.6,1787.35,1791.5,36895,KOTAKBANK
328,2025-01-07 11:35:00+05:30,1791.5,1792.6,1790.25,1790.8,16339,KOTAKBANK
329,2025-01-07 11:40:00+05:30,1790.3,1790.8,1786.4,1787.3,89631,KOTAKBANK
330,2025-01-07 11:45:00+05:30,1787.35,1789.0,1785.95,1786.0,68154,KOTAKBANK
331,2025-01-07 11:50:00+05:30,1786.45,1792.1,1786.3,1792.05,8681,KOTAKBANK
332,2025-01-07 11:55:00+05:30,1792.1,1792.25,1790.0,1790.3,22289,KOTAKBANK
333,2025-01-07 12:00:00+05:30,1790.55,1790.85,1788.65,1790.05,23594,KOTAKBANK
334,2025-01-07 12:05:00+05:30,1790.05,1790.45,1788.55,1790.05,12234,KOTAKBANK
335,2025-01-07 12:10:00+05:30,1790.05,1790.45,1789.2,1789.7,6484,KOTAKBANK
336,2025-01-07 12:15:00+05:30,1789.7,1791.0,1789.65,1790.0,7204,KOTAKBANK
337,2025-01-07 12:20:00+05:30,1790.0,1790.5,1789.5,1790.05,13572,KOTAKBANK
338,2025-01-07 12:25:00+05:30,1790.15,1790.85,1788.6,1789.85,47190,KOTAKBANK
339,2025-01-07 12:30:00+05:30,1790.3,1791.9,1788.9,1791.85,202294,KOTAKBANK
340,2025-01-07 12:35:00+05:30,1791.4,1791.7,1785.9,1785.9,91013,KOTAKBANK
341,2025-01-07 12:40:00+05:30,1785.9,1787.15,1785.0,1786.65,26533,KOTAKBANK
342,2025-01-07 12:45:00+05:30,1786.7,1786.95,1784.45,1784.5,23032,KOTAKBANK
343,2025-01-07 12:50:00+05:30,1784.5,1785.2,1783.0,1785.0,44867,KOTAKBANK
344,2025-01-07 12:55:00+05:30,1784.95,1785.75,1783.5,1784.15,42910,KOTAKBANK
345,2025-01-07 13:00:00+05:30,1784.4,1784.85,1781.1,1784.4,50359,KOTAKBANK
346,2025-01-07 13:05:00+05:30,1784.5,1784.95,1783.15,1784.75,24620,KOTAKBANK
347,2025-01-07 13:10:00+05:30,1784.75,1785.2,1783.0,1783.7,18795,KOTAKBANK
348,2025-01-07 13:15:00+05:30,1784.1,1785.35,1783.15,1783.85,22020,KOTAKBANK
349,2025-01-07 13:20:00+05:30,1784.1,1784.55,1782.05,1784.0,25923,KOTAKBANK
350,2025-01-07 13:25:00+05:30,1784.0,1784.8,1783.0,1784.0,22078,KOTAKBANK
351,2025-01-07 13:30:00+05:30,1784.0,1786.1,1783.4,1785.5,85110,KOTAKBANK
352,2025-01-07 13:35:00+05:30,1785.95,1786.25,1784.05,1784.05,17889,KOTAKBANK
353,2025-01-07 13:40:00+05:30,1784.35,1785.85,1783.5,1784.05,17940,KOTAKBANK
354,2025-01-07 13:45:00+05:30,1784.45,1784.65,1779.95,1781.5,50916,KOTAKBANK
355,2025-01-07 13:50:00+05:30,1781.65,1783.5,1778.25,1779.0,42201,KOTAKBANK
356,2025-01-07 13:55:00+05:30,1779.05,1780.5,1778.45,1779.55,106281,KOTAKBANK
357,2025-01-07 14:00:00+05:30,1779.55,1781.6,1779.35,1781.0,35639,KOTAKBANK
358,2025-01-07 14:05:00+05:30,1780.9,1782.5,1778.45,1779.95,38198,KOTAKBANK
359,2025-01-07 14:10:00+05:30,1779.8,1780.7,1777.05,1779.2,52671,KOTAKBANK
360,2025-01-07 14:15:00+05:30,1779.55,1780.6,1779.05,1779.7,20686,KOTAKBANK
361,2025-01-07 14:20:00+05:30,1780.0,1780.0,1779.05,1779.95,26306,KOTAKBANK
362,2025-01-07 14:25:00+05:30,1780.0,1780.95,1777.6,1778.7,51103,KOTAKBANK
363,2025-01-07 14:30:00+05:30,1778.75,1778.95,1775.5,1777.7,66297,KOTAKBANK
364,2025-01-07 14:35:00+05:30,1777.6,1777.85,1774.95,1776.6,92548,KOTAKBANK
365,2025-01-07 14:40:00+05:30,1776.95,1777.8,1776.2,1776.5,23936,KOTAKBANK
366,2025-01-07 14:45:00+05:30,1776.8,1777.5,1774.25,1774.85,44299,KOTAKBANK
367,2025-01-07 14:50:00+05:30,1775.55,1775.8,1773.95,1775.1,72599,KOTAKBANK
368,2025-01-07 14:55:00+05:30,1775.2,1776.85,1773.9,1775.2,61766,KOTAKBANK
369,2025-01-07 15:00:00+05:30,1775.2,1775.95,1772.9,1773.4,140358,KOTAKBANK
370,2025-01-07 15:05:00+05:30,1773.4,1773.55,1771.7,1773.4,98303,KOTAKBANK
371,2025-01-07 15:10:00+05:30,1773.3,1774.45,1770.2,1771.0,106360,KOTAKBANK
372,2025-01-07 15:15:00+05:30,1771.05,1774.15,1770.5,1771.85,118478,KOTAKBANK
373,2025-01-07 15:20:00+05:30,1771.85,1772.65,1770.0,1771.7,200646,KOTAKBANK
374,2025-01-07 15:25:00+05:30,1771.65,1773.0,1769.9,1770.65,132629,KOTAKBANK
375,2025-01-08 09:15:00+05:30,1780.1,1781.65,1765.55,1771.45,299531,KOTAKBANK
376,2025-01-08 09:20:00+05:30,1772.35,1773.55,1771.0,1771.8,69145,KOTAKBANK
377,2025-01-08 09:25:00+05:30,1771.75,1774.9,1770.2,1774.45,73542,KOTAKBANK
378,2025-01-08 09:30:00+05:30,1774.45,1779.6,1773.95,1775.2,158579,KOTAKBANK
379,2025-01-08 09:35:00+05:30,1775.2,1777.75,1773.35,1776.05,51581,KOTAKBANK
380,2025-01-08 09:40:00+05:30,1776.5,1784.7,1776.05,1780.2,74866,KOTAKBANK
381,2025-01-08 09:45:00+05:30,1780.15,1782.15,1778.1,1778.95,40989,KOTAKBANK
382,2025-01-08 09:50:00+05:30,1778.95,1780.95,1777.35,1780.95,27519,KOTAKBANK
383,2025-01-08 09:55:00+05:30,1780.65,1783.1,1780.0,1780.35,38517,KOTAKBANK
384,2025-01-08 10:00:00+05:30,1780.35,1784.3,1777.5,1778.0,59236,KOTAKBANK
385,2025-01-08 10:05:00+05:30,1778.0,1778.4,1776.0,1776.45,32085,KOTAKBANK
386,2025-01-08 10:10:00+05:30,1776.4,1779.1,1775.15,1779.0,39083,KOTAKBANK
387,2025-01-08 10:15:00+05:30,1779.0,1780.0,1777.05,1778.9,44997,KOTAKBANK
388,2025-01-08 10:20:00+05:30,1778.9,1778.9,1768.2,1769.55,147634,KOTAKBANK
389,2025-01-08 10:25:00+05:30,1769.55,1770.0,1765.95,1768.15,84587,KOTAKBANK
390,2025-01-08 10:30:00+05:30,1768.0,1769.4,1767.05,1768.55,30616,KOTAKBANK
391,2025-01-08 10:35:00+05:30,1768.5,1771.3,1767.5,1770.65,37434,KOTAKBANK
392,2025-01-08 10:40:00+05:30,1770.6,1772.65,1765.35,1765.8,44141,KOTAKBANK
393,2025-01-08 10:45:00+05:30,1765.8,1772.0,1764.85,1770.6,84245,KOTAKBANK
394,2025-01-08 10:50:00+05:30,1770.6,1771.85,1768.25,1771.4,23491,KOTAKBANK
395,2025-01-08 10:55:00+05:30,1771.35,1773.3,1770.4,1773.25,35252,KOTAKBANK
396,2025-01-08 11:00:00+05:30,1773.2,1773.2,1770.05,1771.5,31324,KOTAKBANK
397,2025-01-08 11:05:00+05:30,1771.45,1771.7,1765.75,1766.8,72612,KOTAKBANK
398,2025-01-08 11:10:00+05:30,1766.1,1766.95,1764.05,1764.7,55930,KOTAKBANK
399,2025-01-08 11:15:00+05:30,1764.2,1769.2,1763.9,1768.6,42677,KOTAKBANK
400,2025-01-08 11:20:00+05:30,1768.55,1771.15,1766.3,1770.35,50876,KOTAKBANK
401,2025-01-08 11:25:00+05:30,1770.3,1773.75,1770.3,1773.75,37669,KOTAKBANK
402,2025-01-08 11:30:00+05:30,1773.75,1777.2,1772.4,1777.2,52290,KOTAKBANK
403,2025-01-08 11:35:00+05:30,1777.1,1779.05,1776.1,1778.95,45928,KOTAKBANK
404,2025-01-08 11:40:00+05:30,1778.9,1779.45,1777.3,1779.0,37763,KOTAKBANK
405,2025-01-08 11:45:00+05:30,1778.65,1779.15,1775.8,1776.95,47852,KOTAKBANK
406,2025-01-08 11:50:00+05:30,1776.45,1777.0,1769.95,1771.75,92618,KOTAKBANK
407,2025-01-08 11:55:00+05:30,1771.85,1773.25,1770.15,1772.8,30352,KOTAKBANK
408,2025-01-08 12:00:00+05:30,1772.8,1772.95,1770.05,1771.05,31945,KOTAKBANK
409,2025-01-08 12:05:00+05:30,1771.05,1772.0,1770.15,1771.75,32023,KOTAKBANK
410,2025-01-08 12:10:00+05:30,1771.9,1772.0,1768.75,1769.9,36301,KOTAKBANK
411,2025-01-08 12:15:00+05:30,1769.9,1772.25,1768.95,1772.15,29677,KOTAKBANK
412,2025-01-08 12:20:00+05:30,1772.15,1772.9,1771.15,1771.25,27418,KOTAKBANK
413,2025-01-08 12:25:00+05:30,1771.9,1772.2,1769.05,1770.75,30122,KOTAKBANK
414,2025-01-08 12:30:00+05:30,1770.75,1771.15,1766.3,1767.45,40065,KOTAKBANK
415,2025-01-08 12:35:00+05:30,1767.45,1768.25,1765.55,1766.75,34009,KOTAKBANK
416,2025-01-08 12:40:00+05:30,1766.95,1769.75,1766.05,1769.7,27909,KOTAKBANK
417,2025-01-08 12:45:00+05:30,1769.7,1769.8,1766.6,1767.35,28130,KOTAKBANK
418,2025-01-08 12:50:00+05:30,1767.35,1768.05,1766.0,1766.4,27706,KOTAKBANK
419,2025-01-08 12:55:00+05:30,1766.2,1767.2,1764.1,1765.15,38138,KOTAKBANK
420,2025-01-08 13:00:00+05:30,1765.3,1766.1,1764.25,1764.85,45535,KOTAKBANK
421,2025-01-08 13:05:00+05:30,1765.15,1765.45,1762.45,1765.0,43183,KOTAKBANK
422,2025-01-08 13:10:00+05:30,1765.0,1766.0,1762.75,1765.6,41809,KOTAKBANK
423,2025-01-08 13:15:00+05:30,1765.6,1766.85,1764.25,1765.8,40395,KOTAKBANK
424,2025-01-08 13:20:00+05:30,1765.4,1767.25,1763.7,1766.05,115666,KOTAKBANK
425,2025-01-08 13:25:00+05:30,1766.3,1767.95,1765.2,1765.95,30492,KOTAKBANK
426,2025-01-08 13:30:00+05:30,1766.0,1769.8,1766.0,1768.65,30192,KOTAKBANK
427,2025-01-08 13:35:00+05:30,1768.65,1770.0,1765.45,1766.25,36804,KOTAKBANK
428,2025-01-08 13:40:00+05:30,1766.0,1770.9,1764.95,1769.45,41505,KOTAKBANK
429,2025-01-08 13:45:00+05:30,1769.35,1772.45,1768.25,1768.9,92145,KOTAKBANK
430,2025-01-08 13:50:00+05:30,1769.0,1771.65,1768.25,1769.95,50673,KOTAKBANK
431,2025-01-08 13:55:00+05:30,1770.2,1770.75,1767.2,1769.65,33663,KOTAKBANK
432,2025-01-08 14:00:00+05:30,1769.65,1769.8,1764.05,1765.1,164315,KOTAKBANK
433,2025-01-08 14:05:00+05:30,1765.1,1769.15,1764.3,1768.5,50666,KOTAKBANK
434,2025-01-08 14:10:00+05:30,1769.0,1771.55,1767.15,1769.65,45896,KOTAKBANK
435,2025-01-08 14:15:00+05:30,1769.65,1771.85,1768.4,1771.45,62112,KOTAKBANK
436,2025-01-08 14:20:00+05:30,1771.15,1774.6,1770.0,1773.35,81506,KOTAKBANK
437,2025-01-08 14:25:00+05:30,1773.35,1773.35,1767.2,1768.0,57627,KOTAKBANK
438,2025-01-08 14:30:00+05:30,1768.15,1768.2,1765.35,1766.85,47631,KOTAKBANK
439,2025-01-08 14:35:00+05:30,1766.85,1766.95,1763.1,1764.05,59576,KOTAKBANK
440,2025-01-08 14:40:00+05:30,1764.15,1766.75,1763.45,1764.95,50275,KOTAKBANK
441,2025-01-08 14:45:00+05:30,1764.9,1767.7,1764.9,1766.55,42166,KOTAKBANK
442,2025-01-08 14:50:00+05:30,1766.55,1767.95,1764.3,1766.35,48326,KOTAKBANK
443,2025-01-08 14:55:00+05:30,1766.3,1766.7,1764.0,1764.95,40116,KOTAKBANK
444,2025-01-08 15:00:00+05:30,1765.3,1767.25,1764.15,1766.4,83675,KOTAKBANK
445,2025-01-08 15:05:00+05:30,1765.9,1766.9,1765.3,1766.15,51998,KOTAKBANK
446,2025-01-08 15:10:00+05:30,1766.15,1769.45,1766.1,1769.05,77640,KOTAKBANK
447,2025-01-08 15:15:00+05:30,1769.0,1773.5,1769.0,1773.35,75086,KOTAKBANK
448,2025-01-08 15:20:00+05:30,1773.3,1773.55,1768.35,1769.4,151801,KOTAKBANK
449,2025-01-08 15:25:00+05:30,1769.4,1769.75,1765.05,1765.05,83764,KOTAKBANK
450,2025-01-09 09:15:00+05:30,1774.0,1793.75,1774.0,1791.6,206861,KOTAKBANK
451,2025-01-09 09:20:00+05:30,1791.6,1802.85,1785.25,1788.75,152844,KOTAKBANK
452,2025-01-09 09:25:00+05:30,1788.75,1801.8,1783.1,1799.2,122356,KOTAKBANK
453,2025-01-09 09:30:00+05:30,1799.25,1808.7,1795.95,1798.1,195741,KOTAKBANK
454,2025-01-09 09:35:00+05:30,1798.5,1804.95,1793.3,1793.3,119212,KOTAKBANK
455,2025-01-09 09:40:00+05:30,1793.3,1794.7,1788.35,1790.75,59378,KOTAKBANK
456,2025-01-09 09:45:00+05:30,1790.6,1801.5,1789.95,1796.75,70353,KOTAKBANK
457,2025-01-09 09:50:00+05:30,1796.75,1802.0,1795.95,1799.85,72631,KOTAKBANK
458,2025-01-09 09:55:00+05:30,1799.85,1800.7,1797.95,1799.65,109249,KOTAKBANK
459,2025-01-09 10:00:00+05:30,1799.9,1802.5,1796.25,1796.5,65245,KOTAKBANK
460,2025-01-09 10:05:00+05:30,1796.5,1799.15,1795.2,1799.05,49167,KOTAKBANK
461,2025-01-09 10:10:00+05:30,1799.05,1801.8,1799.0,1799.55,123073,KOTAKBANK
462,2025-01-09 10:15:00+05:30,1799.35,1801.7,1799.0,1800.05,50343,KOTAKBANK
463,2025-01-09 10:20:00+05:30,1800.05,1801.3,1794.8,1797.55,45960,KOTAKBANK
464,2025-01-09 10:25:00+05:30,1797.05,1799.95,1794.5,1795.0,41026,KOTAKBANK
465,2025-01-09 10:30:00+05:30,1794.65,1795.55,1788.8,1790.9,160848,KOTAKBANK
466,2025-01-09 10:35:00+05:30,1790.15,1796.0,1788.6,1791.95,106859,KOTAKBANK
467,2025-01-09 10:40:00+05:30,1791.65,1792.45,1789.0,1789.05,52113,KOTAKBANK
468,2025-01-09 10:45:00+05:30,1789.4,1791.15,1780.0,1781.65,122405,KOTAKBANK
469,2025-01-09 10:50:00+05:30,1781.65,1785.9,1780.2,1782.8,95392,KOTAKBANK
470,2025-01-09 10:55:00+05:30,1782.65,1784.15,1780.0,1781.65,79540,KOTAKBANK
471,2025-01-09 11:00:00+05:30,1781.9,1787.65,1780.0,1786.0,107995,KOTAKBANK
472,2025-01-09 11:05:00+05:30,1786.0,1786.3,1781.35,1781.4,60566,KOTAKBANK
473,2025-01-09 11:10:00+05:30,1781.4,1787.0,1779.85,1786.55,89758,KOTAKBANK
474,2025-01-09 11:15:00+05:30,1786.75,1795.45,1785.4,1795.45,56893,KOTAKBANK
475,2025-01-09 11:20:00+05:30,1795.4,1799.0,1793.65,1798.7,46253,KOTAKBANK
476,2025-01-09 11:25:00+05:30,1798.65,1800.0,1795.45,1796.1,48261,KOTAKBANK
477,2025-01-09 11:30:00+05:30,1795.95,1799.0,1794.45,1795.25,58514,KOTAKBANK
478,2025-01-09 11:35:00+05:30,1795.5,1796.0,1793.2,1795.45,39777,KOTAKBANK
479,2025-01-09 11:40:00+05:30,1795.45,1797.0,1792.7,1793.4,41365,KOTAKBANK
480,2025-01-09 11:45:00+05:30,1793.0,1794.35,1791.25,1793.25,42297,KOTAKBANK
481,2025-01-09 11:50:00+05:30,1793.25,1794.05,1791.8,1792.55,32782,KOTAKBANK
482,2025-01-09 11:55:00+05:30,1792.2,1796.75,1791.75,1796.25,37790,KOTAKBANK
483,2025-01-09 12:00:00+05:30,1796.25,1796.95,1793.05,1793.7,35324,KOTAKBANK
484,2025-01-09 12:05:00+05:30,1793.7,1794.7,1790.4,1791.4,45210,KOTAKBANK
485,2025-01-09 12:10:00+05:30,1791.4,1792.35,1787.15,1791.4,74133,KOTAKBANK
486,2025-01-09 12:15:00+05:30,1791.4,1795.45,1790.3,1792.8,58351,KOTAKBANK
487,2025-01-09 12:20:00+05:30,1792.55,1793.15,1789.4,1790.35,61303,KOTAKBANK
488,2025-01-09 12:25:00+05:30,1790.15,1793.2,1790.05,1790.65,39457,KOTAKBANK
489,2025-01-09 12:30:00+05:30,1790.6,1792.1,1789.15,1791.9,35397,KOTAKBANK
490,2025-01-09 12:35:00+05:30,1791.9,1792.85,1789.5,1789.75,35499,KOTAKBANK
491,2025-01-09 12:40:00+05:30,1789.65,1790.7,1788.35,1789.1,32824,KOTAKBANK
492,2025-01-09 12:45:00+05:30,1789.1,1789.85,1787.15,1788.35,39197,KOTAKBANK
493,2025-01-09 12:50:00+05:30,1788.25,1789.4,1787.35,1788.45,30298,KOTAKBANK
494,2025-01-09 12:55:00+05:30,1788.4,1789.15,1786.9,1788.25,40724,KOTAKBANK
495,2025-01-09 13:00:00+05:30,1788.45,1792.6,1788.25,1792.4,29876,KOTAKBANK
496,2025-01-09 13:05:00+05:30,1792.4,1793.6,1791.6,1792.95,31131,KOTAKBANK
497,2025-01-09 13:10:00+05:30,1792.9,1792.95,1789.25,1791.0,28779,KOTAKBANK
498,2025-01-09 13:15:00+05:30,1791.3,1793.6,1790.0,1792.25,29565,KOTAKBANK
499,2025-01-09 13:20:00+05:30,1792.25,1792.65,1789.45,1792.3,31023,KOTAKBANK
500,2025-01-09 13:25:00+05:30,1792.3,1793.25,1789.95,1791.25,26126,KOTAKBANK
501,2025-01-09 13:30:00+05:30,1791.2,1791.8,1790.0,1790.95,28210,KOTAKBANK
502,2025-01-09 13:35:00+05:30,1790.9,1792.45,1790.5,1791.6,24886,KOTAKBANK
503,2025-01-09 13:40:00+05:30,1791.55,1793.45,1791.2,1791.55,28983,KOTAKBANK
504,2025-01-09 13:45:00+05:30,1791.55,1793.5,1791.35,1793.05,19921,KOTAKBANK
505,2025-01-09 13:50:00+05:30,1793.05,1793.5,1789.3,1790.05,85150,KOTAKBANK
506,2025-01-09 13:55:00+05:30,1789.45,1790.05,1785.6,1787.85,55479,KOTAKBANK
507,2025-01-09 14:00:00+05:30,1787.95,1789.65,1787.2,1789.1,50287,KOTAKBANK
508,2025-01-09 14:05:00+05:30,1789.1,1791.3,1788.5,1790.4,42449,KOTAKBANK
509,2025-01-09 14:10:00+05:30,1790.4,1791.8,1788.2,1789.95,51741,KOTAKBANK
510,2025-01-09 14:15:00+05:30,1789.95,1791.0,1789.5,1790.55,39702,KOTAKBANK
511,2025-01-09 14:20:00+05:30,1790.55,1791.0,1789.7,1790.85,39130,KOTAKBANK
512,2025-01-09 14:25:00+05:30,1790.8,1791.25,1788.05,1789.85,96103,KOTAKBANK
513,2025-01-09 14:30:00+05:30,1789.8,1791.85,1789.75,1791.0,62094,KOTAKBANK
514,2025-01-09 14:35:00+05:30,1791.2,1792.9,1790.05,1792.05,50003,KOTAKBANK
515,2025-01-09 14:40:00+05:30,1792.0,1792.75,1789.8,1790.7,54504,KOTAKBANK
516,2025-01-09 14:45:00+05:30,1790.9,1792.95,1789.6,1791.8,60756,KOTAKBANK
517,2025-01-09 14:50:00+05:30,1791.8,1791.85,1789.45,1789.65,99869,KOTAKBANK
518,2025-01-09 14:55:00+05:30,1789.7,1790.9,1784.9,1786.4,80359,KOTAKBANK
519,2025-01-09 15:00:00+05:30,1786.4,1788.95,1784.8,1787.75,148690,KOTAKBANK
520,2025-01-09 15:05:00+05:30,1787.85,1791.45,1787.1,1790.95,139930,KOTAKBANK
521,2025-01-09 15:10:00+05:30,1791.0,1792.95,1790.0,1791.0,138410,KOTAKBANK
522,2025-01-09 15:15:00+05:30,1791.25,1791.55,1789.25,1789.3,168771,KOTAKBANK
523,2025-01-09 15:20:00+05:30,1789.4,1792.4,1788.4,1790.0,146986,KOTAKBANK
524,2025-01-09 15:25:00+05:30,1790.0,1795.0,1788.65,1791.0,261003,KOTAKBANK
525,2025-01-10 09:15:00+05:30,1784.2,1788.5,1778.1,1778.25,141975,KOTAKBANK
526,2025-01-10 09:20:00+05:30,1778.65,1789.0,1778.65,1786.2,83924,KOTAKBANK
527,2025-01-10 09:25:00+05:30,1786.75,1789.65,1784.05,1785.1,59390,KOTAKBANK
528,2025-01-10 09:30:00+05:30,1784.8,1786.25,1779.9,1780.5,40394,KOTAKBANK
529,2025-01-10 09:35:00+05:30,1780.4,1781.2,1775.1,1777.25,49262,KOTAKBANK
530,2025-01-10 09:40:00+05:30,1776.8,1781.15,1776.6,1779.9,15196,KOTAKBANK
531,2025-01-10 09:45:00+05:30,1779.6,1779.9,1774.4,1774.75,32568,KOTAKBANK
532,2025-01-10 09:50:00+05:30,1774.75,1776.0,1772.55,1774.95,14183,KOTAKBANK
533,2025-01-10 09:55:00+05:30,1774.3,1775.0,1767.2,1767.75,28084,KOTAKBANK
534,2025-01-10 10:00:00+05:30,1768.0,1768.35,1763.05,1763.6,21896,KOTAKBANK
535,2025-01-10 10:05:00+05:30,1763.35,1765.35,1760.25,1764.75,35880,KOTAKBANK
536,2025-01-10 10:10:00+05:30,1764.9,1772.15,1764.2,1771.55,77341,KOTAKBANK
537,2025-01-10 10:15:00+05:30,1771.75,1773.95,1770.05,1773.45,37765,KOTAKBANK
538,2025-01-10 10:20:00+05:30,1773.25,1776.15,1771.8,1776.15,28510,KOTAKBANK
539,2025-01-10 10:25:00+05:30,1776.05,1777.0,1773.6,1775.65,32245,KOTAKBANK
540,2025-01-10 10:30:00+05:30,1775.35,1779.4,1774.55,1779.0,25623,KOTAKBANK
541,2025-01-10 10:35:00+05:30,1779.05,1780.6,1775.65,1776.75,33914,KOTAKBANK
542,2025-01-10 10:40:00+05:30,1776.75,1778.0,1773.7,1776.75,30026,KOTAKBANK
543,2025-01-10 10:45:00+05:30,1776.75,1779.55,1776.0,1778.15,18709,KOTAKBANK
544,2025-01-10 10:50:00+05:30,1777.9,1781.55,1776.35,1781.2,49048,KOTAKBANK
545,2025-01-10 10:55:00+05:30,1781.55,1783.15,1779.95,1781.85,174937,KOTAKBANK
546,2025-01-10 11:00:00+05:30,1781.55,1785.7,1780.4,1783.65,40118,KOTAKBANK
547,2025-01-10 11:05:00+05:30,1783.3,1785.95,1781.0,1781.35,47787,KOTAKBANK
548,2025-01-10 11:10:00+05:30,1781.15,1781.35,1775.95,1777.8,47226,KOTAKBANK
549,2025-01-10 11:15:00+05:30,1777.9,1780.85,1776.85,1779.0,31830,KOTAKBANK
550,2025-01-10 11:20:00+05:30,1778.75,1780.9,1775.8,1779.25,27078,KOTAKBANK
551,2025-01-10 11:25:00+05:30,1779.0,1779.0,1774.0,1778.25,33578,KOTAKBANK
552,2025-01-10 11:30:00+05:30,1777.9,1781.25,1777.5,1779.5,46831,KOTAKBANK
553,2025-01-10 11:35:00+05:30,1779.8,1781.7,1777.1,1778.65,32608,KOTAKBANK
554,2025-01-10 11:40:00+05:30,1778.9,1779.75,1775.15,1776.95,31581,KOTAKBANK
555,2025-01-10 11:45:00+05:30,1777.05,1778.9,1776.3,1777.1,20180,KOTAKBANK
556,2025-01-10 11:50:00+05:30,1776.7,1777.65,1775.9,1777.05,20584,KOTAKBANK
557,2025-01-10 11:55:00+05:30,1776.9,1777.65,1776.0,1776.6,22035,KOTAKBANK
558,2025-01-10 12:00:00+05:30,1776.3,1778.4,1775.75,1777.0,23124,KOTAKBANK
559,2025-01-10 12:05:00+05:30,1777.0,1777.0,1774.4,1775.7,34480,KOTAKBANK
560,2025-01-10 12:10:00+05:30,1775.5,1776.65,1772.55,1776.65,25568,KOTAKBANK
561,2025-01-10 12:15:00+05:30,1776.3,1779.45,1776.3,1778.6,37737,KOTAKBANK
562,2025-01-10 12:20:00+05:30,1778.6,1780.65,1775.1,1775.1,27870,KOTAKBANK
563,2025-01-10 12:25:00+05:30,1775.15,1776.05,1772.95,1774.4,23963,KOTAKBANK
564,2025-01-10 12:30:00+05:30,1774.4,1775.65,1772.75,1773.3,24854,KOTAKBANK
565,2025-01-10 12:35:00+05:30,1773.3,1774.9,1772.35,1773.8,36542,KOTAKBANK
566,2025-01-10 12:40:00+05:30,1773.8,1775.55,1773.4,1773.95,25589,KOTAKBANK
567,2025-01-10 12:45:00+05:30,1773.9,1776.1,1773.5,1775.2,33111,KOTAKBANK
568,2025-01-10 12:50:00+05:30,1775.25,1776.0,1773.5,1775.55,32052,KOTAKBANK
569,2025-01-10 12:55:00+05:30,1775.35,1776.2,1773.25,1774.55,40335,KOTAKBANK
570,2025-01-10 13:00:00+05:30,1774.4,1775.5,1773.3,1774.55,29108,KOTAKBANK
571,2025-01-10 13:05:00+05:30,1774.55,1775.5,1774.25,1774.95,24140,KOTAKBANK
572,2025-01-10 13:10:00+05:30,1774.95,1776.5,1773.0,1773.95,40924,KOTAKBANK
573,2025-01-10 13:15:00+05:30,1774.15,1774.35,1772.15,1772.7,36163,KOTAKBANK
574,2025-01-10 13:20:00+05:30,1772.85,1774.45,1772.8,1774.35,28697,KOTAKBANK
575,2025-01-10 13:25:00+05:30,1774.35,1774.95,1770.25,1770.35,38728,KOTAKBANK
576,2025-01-10 13:30:00+05:30,1770.45,1773.3,1770.1,1771.95,29594,KOTAKBANK
577,2025-01-10 13:35:00+05:30,1772.1,1773.45,1771.25,1771.7,27857,KOTAKBANK
578,2025-01-10 13:40:00+05:30,1771.8,1772.5,1770.0,1771.1,46694,KOTAKBANK
579,2025-01-10 13:45:00+05:30,1771.15,1772.55,1770.5,1771.1,27540,KOTAKBANK
580,2025-01-10 13:50:00+05:30,1771.2,1772.0,1770.0,1770.05,31033,KOTAKBANK
581,2025-01-10 13:55:00+05:30,1770.2,1770.9,1769.1,1770.75,30488,KOTAKBANK
582,2025-01-10 14:00:00+05:30,1770.9,1771.35,1768.35,1768.95,33873,KOTAKBANK
583,2025-01-10 14:05:00+05:30,1769.15,1769.3,1766.35,1767.35,36145,KOTAKBANK
584,2025-01-10 14:10:00+05:30,1767.25,1767.55,1763.7,1763.95,52269,KOTAKBANK
585,2025-01-10 14:15:00+05:30,1763.95,1765.3,1762.75,1763.3,41028,KOTAKBANK
586,2025-01-10 14:20:00+05:30,1763.3,1763.6,1760.3,1761.3,42937,KOTAKBANK
587,2025-01-10 14:25:00+05:30,1760.6,1761.2,1757.65,1759.15,51312,KOTAKBANK
588,2025-01-10 14:30:00+05:30,1759.15,1760.8,1757.8,1760.15,77554,KOTAKBANK
589,2025-01-10 14:35:00+05:30,1760.2,1760.3,1753.65,1756.75,55234,KOTAKBANK
590,2025-01-10 14:40:00+05:30,1757.1,1760.0,1756.3,1758.7,54738,KOTAKBANK
591,2025-01-10 14:45:00+05:30,1758.65,1759.05,1757.25,1757.75,39854,KOTAKBANK
592,2025-01-10 14:50:00+05:30,1757.75,1764.0,1757.75,1763.75,58462,KOTAKBANK
593,2025-01-10 14:55:00+05:30,1763.65,1763.75,1758.65,1759.4,64158,KOTAKBANK
594,2025-01-10 15:00:00+05:30,1759.6,1760.4,1755.25,1755.75,137068,KOTAKBANK
595,2025-01-10 15:05:00+05:30,1755.7,1760.15,1755.6,1756.5,136632,KOTAKBANK
596,2025-01-10 15:10:00+05:30,1756.55,1757.95,1753.35,1754.0,133632,KOTAKBANK
597,2025-01-10 15:15:00+05:30,1754.0,1756.65,1754.0,1756.1,107517,KOTAKBANK
598,2025-01-10 15:20:00+05:30,1756.1,1757.9,1755.55,1756.0,102838,KOTAKBANK
599,2025-01-10 15:25:00+05:30,1755.85,1762.2,1754.25,1759.5,82533,KOTAKBANK
600,2025-01-13 09:15:00+05:30,1732.9,1744.55,1732.9,1737.35,175344,KOTAKBANK
601,2025-01-13 09:20:00+05:30,1738.0,1743.55,1735.25,1739.35,59361,KOTAKBANK
602,2025-01-13 09:25:00+05:30,1739.35,1741.85,1735.5,1741.0,50758,KOTAKBANK
603,2025-01-13 09:30:00+05:30,1740.95,1741.0,1732.5,1732.9,52890,KOTAKBANK
604,2025-01-13 09:35:00+05:30,1732.85,1732.9,1729.25,1729.55,28181,KOTAKBANK
605,2025-01-13 09:40:00+05:30,1729.5,1731.35,1726.8,1730.55,62101,KOTAKBANK
606,2025-01-13 09:45:00+05:30,1730.6,1731.1,1724.4,1726.55,26656,KOTAKBANK
607,2025-01-13 09:50:00+05:30,1726.35,1726.7,1723.9,1724.35,33970,KOTAKBANK
608,2025-01-13 09:55:00+05:30,1724.55,1726.2,1723.75,1725.4,20799,KOTAKBANK
609,2025-01-13 10:00:00+05:30,1725.55,1735.0,1725.0,1732.6,59623,KOTAKBANK
610,2025-01-13 10:05:00+05:30,1732.6,1733.15,1730.25,1730.45,29110,KOTAKBANK
611,2025-01-13 10:10:00+05:30,1730.55,1735.6,1730.55,1735.6,39109,KOTAKBANK
612,2025-01-13 10:15:00+05:30,1735.2,1736.6,1731.95,1734.65,50636,KOTAKBANK
613,2025-01-13 10:20:00+05:30,1734.3,1735.7,1732.35,1735.15,25854,KOTAKBANK
614,2025-01-13 10:25:00+05:30,1735.4,1737.9,1734.1,1737.9,30350,KOTAKBANK
615,2025-01-13 10:30:00+05:30,1737.9,1738.9,1735.15,1738.3,38084,KOTAKBANK
616,2025-01-13 10:35:00+05:30,1738.0,1739.1,1735.05,1736.2,23567,KOTAKBANK
617,2025-01-13 10:40:00+05:30,1736.3,1737.4,1733.15,1734.9,35129,KOTAKBANK
618,2025-01-13 10:45:00+05:30,1734.85,1736.65,1733.5,1733.75,23539,KOTAKBANK
619,2025-01-13 10:50:00+05:30,1733.65,1734.25,1730.9,1732.9,26028,KOTAKBANK
620,2025-01-13 10:55:00+05:30,1732.8,1733.75,1730.55,1730.95,24592,KOTAKBANK
621,2025-01-13 11:00:00+05:30,1730.95,1732.65,1728.45,1728.6,21660,KOTAKBANK
622,2025-01-13 11:05:00+05:30,1728.65,1734.0,1727.95,1733.4,60885,KOTAKBANK
623,2025-01-13 11:10:00+05:30,1733.4,1738.25,1732.55,1736.35,48914,KOTAKBANK
624,2025-01-13 11:15:00+05:30,1736.35,1738.85,1735.0,1737.35,53299,KOTAKBANK
625,2025-01-13 11:20:00+05:30,1737.45,1740.4,1736.95,1739.85,29188,KOTAKBANK
626,2025-01-13 11:25:00+05:30,1739.85,1740.0,1736.45,1737.7,21800,KOTAKBANK
627,2025-01-13 11:30:00+05:30,1737.85,1738.2,1735.2,1736.05,319653,KOTAKBANK
628,2025-01-13 11:35:00+05:30,1736.3,1736.3,1734.0,1734.45,23133,KOTAKBANK
629,2025-01-13 11:40:00+05:30,1734.45,1736.9,1734.0,1736.4,17408,KOTAKBANK
630,2025-01-13 11:45:00+05:30,1736.4,1737.0,1735.05,1736.8,15143,KOTAKBANK
631,2025-01-13 11:50:00+05:30,1736.8,1737.85,1734.55,1734.9,45156,KOTAKBANK
632,2025-01-13 11:55:00+05:30,1734.9,1735.75,1733.05,1734.0,20841,KOTAKBANK
633,2025-01-13 12:00:00+05:30,1734.15,1737.4,1734.0,1736.1,10259,KOTAKBANK
634,2025-01-13 12:05:00+05:30,1736.1,1736.1,1734.95,1735.1,8955,KOTAKBANK
635,2025-01-13 12:10:00+05:30,1735.1,1736.95,1734.6,1735.15,10898,KOTAKBANK
636,2025-01-13 12:15:00+05:30,1735.1,1735.55,1733.3,1734.7,15758,KOTAKBANK
637,2025-01-13 12:20:00+05:30,1734.6,1735.8,1731.3,1732.25,41272,KOTAKBANK
638,2025-01-13 12:25:00+05:30,1732.25,1733.95,1731.15,1733.4,51554,KOTAKBANK
639,2025-01-13 12:30:00+05:30,1733.4,1736.35,1732.5,1734.1,41748,KOTAKBANK
640,2025-01-13 12:35:00+05:30,1734.1,1736.75,1733.8,1736.5,42440,KOTAKBANK
641,2025-01-13 12:40:00+05:30,1736.5,1736.75,1733.5,1734.05,40234,KOTAKBANK
642,2025-01-13 12:45:00+05:30,1734.05,1735.55,1733.75,1734.6,37975,KOTAKBANK
643,2025-01-13 12:50:00+05:30,1734.6,1735.0,1731.6,1734.0,47128,KOTAKBANK
644,2025-01-13 12:55:00+05:30,1734.0,1735.0,1730.15,1732.55,31600,KOTAKBANK
645,2025-01-13 13:00:00+05:30,1732.5,1737.65,1732.5,1736.6,11473,KOTAKBANK
646,2025-01-13 13:05:00+05:30,1736.6,1736.8,1734.7,1735.8,12523,KOTAKBANK
647,2025-01-13 13:10:00+05:30,1735.8,1736.75,1735.0,1735.65,12966,KOTAKBANK
648,2025-01-13 13:15:00+05:30,1735.65,1736.5,1734.9,1735.5,11024,KOTAKBANK
649,2025-01-13 13:20:00+05:30,1736.0,1736.6,1735.0,1736.55,13067,KOTAKBANK
650,2025-01-13 13:25:00+05:30,1736.55,1738.8,1736.3,1738.1,15803,KOTAKBANK
651,2025-01-13 13:30:00+05:30,1738.1,1739.65,1737.5,1739.0,19533,KOTAKBANK
652,2025-01-13 13:35:00+05:30,1739.0,1739.55,1738.0,1738.15,19099,KOTAKBANK
653,2025-01-13 13:40:00+05:30,1738.15,1738.95,1737.85,1738.3,23651,KOTAKBANK
654,2025-01-13 13:45:00+05:30,1738.3,1739.5,1738.0,1738.1,16600,KOTAKBANK
655,2025-01-13 13:50:00+05:30,1738.1,1739.85,1737.4,1738.95,34480,KOTAKBANK
656,2025-01-13 13:55:00+05:30,1738.65,1741.2,1738.0,1738.35,14754,KOTAKBANK
657,2025-01-13 14:00:00+05:30,1738.35,1740.35,1737.25,1739.2,37926,KOTAKBANK
658,2025-01-13 14:05:00+05:30,1739.2,1739.5,1737.9,1738.35,11283,KOTAKBANK
659,2025-01-13 14:10:00+05:30,1738.35,1738.95,1737.0,1738.45,57102,KOTAKBANK
660,2025-01-13 14:15:00+05:30,1738.45,1739.6,1738.0,1738.65,18378,KOTAKBANK
661,2025-01-13 14:20:00+05:30,1738.65,1738.75,1737.4,1738.15,49187,KOTAKBANK
662,2025-01-13 14:25:00+05:30,1738.15,1739.2,1736.7,1738.65,90677,KOTAKBANK
663,2025-01-13 14:30:00+05:30,1738.65,1738.7,1734.7,1736.65,47461,KOTAKBANK
664,2025-01-13 14:35:00+05:30,1736.65,1737.05,1734.05,1736.45,43479,KOTAKBANK
665,2025-01-13 14:40:00+05:30,1736.45,1738.5,1734.35,1738.4,21556,KOTAKBANK
666,2025-01-13 14:45:00+05:30,1738.45,1740.4,1737.8,1739.35,20199,KOTAKBANK
667,2025-01-13 14:50:00+05:30,1739.35,1740.8,1738.5,1739.1,27142,KOTAKBANK
668,2025-01-13 14:55:00+05:30,1739.1,1740.0,1737.2,1739.3,14880,KOTAKBANK
669,2025-01-13 15:00:00+05:30,1739.3,1740.25,1736.3,1738.2,76680,KOTAKBANK
670,2025-01-13 15:05:00+05:30,1738.15,1738.2,1735.05,1736.8,67073,KOTAKBANK
671,2025-01-13 15:10:00+05:30,1737.25,1739.4,1736.6,1738.2,75726,KOTAKBANK
672,2025-01-13 15:15:00+05:30,1738.6,1740.8,1738.05,1739.45,98527,KOTAKBANK
673,2025-01-13 15:20:00+05:30,1739.45,1740.0,1737.1,1738.85,74093,KOTAKBANK
674,2025-01-13 15:25:00+05:30,1738.85,1741.3,1737.0,1740.0,75769,KOTAKBANK
675,2025-01-14 09:15:00+05:30,1749.6,1750.0,1743.65,1749.25,51121,KOTAKBANK
676,2025-01-14 09:20:00+05:30,1749.25,1752.0,1746.9,1751.3,16173,KOTAKBANK
677,2025-01-14 09:25:00+05:30,1751.35,1752.7,1748.75,1749.55,14296,KOTAKBANK
678,2025-01-14 09:30:00+05:30,1749.65,1755.0,1749.0,1754.0,50976,KOTAKBANK
679,2025-01-14 09:35:00+05:30,1754.0,1754.0,1749.0,1749.5,33518,KOTAKBANK
680,2025-01-14 09:40:00+05:30,1749.45,1751.35,1746.65,1749.2,43079,KOTAKBANK
681,2025-01-14 09:45:00+05:30,1749.2,1750.9,1748.2,1749.0,18235,KOTAKBANK
682,2025-01-14 09:50:00+05:30,1748.75,1751.7,1747.0,1747.05,32872,KOTAKBANK
683,2025-01-14 09:55:00+05:30,1747.35,1747.45,1743.05,1746.45,39630,KOTAKBANK
684,2025-01-14 10:00:00+05:30,1746.4,1746.45,1743.6,1745.45,23179,KOTAKBANK
685,2025-01-14 10:05:00+05:30,1745.55,1746.1,1744.55,1745.75,20682,KOTAKBANK
686,2025-01-14 10:10:00+05:30,1745.75,1746.8,1743.9,1744.05,34197,KOTAKBANK
687,2025-01-14 10:15:00+05:30,1744.3,1745.25,1738.4,1738.65,29478,KOTAKBANK
688,2025-01-14 10:20:00+05:30,1738.8,1742.85,1738.7,1742.3,37463,KOTAKBANK
689,2025-01-14 10:25:00+05:30,1742.4,1744.15,1741.9,1743.4,27418,KOTAKBANK
690,2025-01-14 10:30:00+05:30,1743.9,1745.95,1743.15,1743.45,42679,KOTAKBANK
691,2025-01-14 10:35:00+05:30,1743.7,1746.95,1743.0,1745.5,21875,KOTAKBANK
692,2025-01-14 10:40:00+05:30,1745.6,1747.0,1743.95,1744.1,34080,KOTAKBANK
693,2025-01-14 10:45:00+05:30,1744.05,1744.55,1742.6,1743.05,25547,KOTAKBANK
694,2025-01-14 10:50:00+05:30,1743.3,1743.75,1739.4,1741.8,179263,KOTAKBANK
695,2025-01-14 10:55:00+05:30,1741.85,1745.9,1741.1,1744.0,59464,KOTAKBANK
696,2025-01-14 11:00:00+05:30,1744.05,1745.9,1743.0,1744.25,113486,KOTAKBANK
697,2025-01-14 11:05:00+05:30,1744.25,1744.45,1741.3,1742.25,34874,KOTAKBANK
698,2025-01-14 11:10:00+05:30,1742.25,1742.7,1740.1,1740.95,36470,KOTAKBANK
699,2025-01-14 11:15:00+05:30,1741.0,1741.0,1739.0,1740.0,20692,KOTAKBANK
700,2025-01-14 11:20:00+05:30,1740.0,1741.65,1739.55,1740.05,47246,KOTAKBANK
701,2025-01-14 11:25:00+05:30,1740.6,1740.75,1737.45,1737.45,32203,KOTAKBANK
702,2025-01-14 11:30:00+05:30,1737.75,1738.15,1735.3,1736.5,28165,KOTAKBANK
703,2025-01-14 11:35:00+05:30,1736.25,1736.95,1735.05,1735.4,25915,KOTAKBANK
704,2025-01-14 11:40:00+05:30,1736.05,1736.05,1734.5,1735.4,18471,KOTAKBANK
705,2025-01-14 11:45:00+05:30,1735.4,1735.55,1733.05,1735.5,24828,KOTAKBANK
706,2025-01-14 11:50:00+05:30,1735.5,1736.8,1735.05,1735.05,25179,KOTAKBANK
707,2025-01-14 11:55:00+05:30,1735.25,1736.25,1734.2,1735.9,30260,KOTAKBANK
708,2025-01-14 12:00:00+05:30,1735.85,1736.15,1734.55,1734.95,15219,KOTAKBANK
709,2025-01-14 12:05:00+05:30,1735.05,1735.7,1732.6,1734.05,19269,KOTAKBANK
710,2025-01-14 12:10:00+05:30,1734.4,1735.5,1733.3,1735.0,15766,KOTAKBANK
711,2025-01-14 12:15:00+05:30,1735.05,1735.05,1732.4,1732.9,14618,KOTAKBANK
712,2025-01-14 12:20:00+05:30,1732.95,1733.0,1731.55,1733.0,16562,KOTAKBANK
713,2025-01-14 12:25:00+05:30,1733.0,1736.35,1732.45,1735.3,19869,KOTAKBANK
714,2025-01-14 12:30:00+05:30,1735.35,1737.75,1734.85,1737.45,20852,KOTAKBANK
715,2025-01-14 12:35:00+05:30,1737.45,1739.35,1736.5,1737.85,21603,KOTAKBANK
716,2025-01-14 12:40:00+05:30,1737.9,1738.45,1734.85,1734.95,39263,KOTAKBANK
717,2025-01-14 12:45:00+05:30,1734.9,1736.1,1734.85,1735.0,64725,KOTAKBANK
718,2025-01-14 12:50:00+05:30,1734.95,1735.1,1734.0,1734.15,26842,KOTAKBANK
719,2025-01-14 12:55:00+05:30,1734.15,1735.75,1734.1,1734.95,28307,KOTAKBANK
720,2025-01-14 13:00:00+05:30,1735.0,1735.0,1734.3,1735.0,25737,KOTAKBANK
721,2025-01-14 13:05:00+05:30,1735.0,1735.9,1733.75,1733.95,75124,KOTAKBANK
722,2025-01-14 13:10:00+05:30,1733.95,1734.65,1729.6,1731.85,220686,KOTAKBANK
723,2025-01-14 13:15:00+05:30,1731.85,1734.5,1731.8,1734.05,35651,KOTAKBANK
724,2025-01-14 13:20:00+05:30,1734.05,1738.8,1733.4,1738.0,48787,KOTAKBANK
725,2025-01-14 13:25:00+05:30,1737.75,1739.0,1736.2,1736.5,35585,KOTAKBANK
726,2025-01-14 13:30:00+05:30,1736.45,1737.35,1734.85,1735.0,32569,KOTAKBANK
727,2025-01-14 13:35:00+05:30,1735.0,1735.3,1734.85,1735.05,60933,KOTAKBANK
728,2025-01-14 13:40:00+05:30,1735.05,1741.6,1734.85,1739.85,92716,KOTAKBANK
729,2025-01-14 13:45:00+05:30,1739.85,1740.65,1738.45,1739.55,27338,KOTAKBANK
730,2025-01-14 13:50:00+05:30,1739.55,1741.75,1739.45,1741.7,27388,KOTAKBANK
731,2025-01-14 13:55:00+05:30,1741.7,1750.2,1741.65,1749.15,112209,KOTAKBANK
732,2025-01-14 14:00:00+05:30,1749.2,1759.2,1748.95,1758.3,146487,KOTAKBANK
733,2025-01-14 14:05:00+05:30,1758.35,1760.95,1753.3,1757.3,93582,KOTAKBANK
734,2025-01-14 14:10:00+05:30,1757.3,1765.7,1756.75,1765.1,117929,KOTAKBANK
735,2025-01-14 14:15:00+05:30,1765.15,1768.85,1763.7,1763.9,72967,KOTAKBANK
736,2025-01-14 14:20:00+05:30,1763.9,1767.5,1762.25,1762.75,86382,KOTAKBANK
737,2025-01-14 14:25:00+05:30,1763.1,1765.35,1760.95,1763.45,92717,KOTAKBANK
738,2025-01-14 14:30:00+05:30,1763.75,1763.75,1754.25,1756.0,62791,KOTAKBANK
739,2025-01-14 14:35:00+05:30,1755.95,1757.25,1753.55,1756.8,64262,KOTAKBANK
740,2025-01-14 14:40:00+05:30,1756.75,1759.15,1755.5,1756.6,66105,KOTAKBANK
741,2025-01-14 14:45:00+05:30,1756.55,1757.5,1753.25,1753.25,66040,KOTAKBANK
742,2025-01-14 14:50:00+05:30,1753.2,1753.7,1750.0,1751.2,106435,KOTAKBANK
743,2025-01-14 14:55:00+05:30,1751.2,1758.15,1748.25,1758.15,161530,KOTAKBANK
744,2025-01-14 15:00:00+05:30,1757.7,1757.95,1745.1,1746.8,264859,KOTAKBANK
745,2025-01-14 15:05:00+05:30,1746.8,1749.95,1743.85,1748.4,264986,KOTAKBANK
746,2025-01-14 15:10:00+05:30,1748.4,1748.95,1745.55,1748.6,255194,KOTAKBANK
747,2025-01-14 15:15:00+05:30,1748.6,1753.95,1746.55,1753.25,263239,KOTAKBANK
748,2025-01-14 15:20:00+05:30,1753.4,1757.55,1750.85,1756.35,237523,KOTAKBANK
749,2025-01-14 15:25:00+05:30,1756.35,1763.2,1756.0,1759.5,148199,KOTAKBANK
750,2025-01-15 09:15:00+05:30,1760.1,1776.45,1760.1,1767.9,131143,KOTAKBANK
751,2025-01-15 09:20:00+05:30,1768.4,1775.95,1768.4,1770.7,64023,KOTAKBANK
752,2025-01-15 09:25:00+05:30,1770.7,1770.8,1763.75,1765.5,31887,KOTAKBANK
753,2025-01-15 09:30:00+05:30,1765.1,1768.8,1763.25,1765.95,37219,KOTAKBANK
754,2025-01-15 09:35:00+05:30,1765.95,1770.9,1763.05,1770.7,61172,KOTAKBANK
755,2025-01-15 09:40:00+05:30,1770.7,1776.95,1770.45,1775.2,36946,KOTAKBANK
756,2025-01-15 09:45:00+05:30,1775.25,1779.85,1769.7,1770.05,37566,KOTAKBANK
757,2025-01-15 09:50:00+05:30,1770.05,1775.0,1769.7,1774.65,25920,KOTAKBANK
758,2025-01-15 09:55:00+05:30,1774.25,1774.4,1771.8,1773.25,14762,KOTAKBANK
759,2025-01-15 10:00:00+05:30,1773.25,1777.35,1773.0,1776.8,19572,KOTAKBANK
760,2025-01-15 10:05:00+05:30,1777.3,1777.7,1775.25,1775.5,12411,KOTAKBANK
761,2025-01-15 10:10:00+05:30,1775.5,1782.45,1774.45,1781.45,57798,KOTAKBANK
762,2025-01-15 10:15:00+05:30,1781.55,1786.9,1781.55,1785.7,165950,KOTAKBANK
763,2025-01-15 10:20:00+05:30,1786.25,1788.0,1783.45,1784.05,36853,KOTAKBANK
764,2025-01-15 10:25:00+05:30,1784.05,1784.9,1782.8,1783.8,12365,KOTAKBANK
765,2025-01-15 10:30:00+05:30,1783.8,1785.0,1782.7,1784.35,16645,KOTAKBANK
766,2025-01-15 10:35:00+05:30,1784.35,1785.5,1783.3,1784.75,11753,KOTAKBANK
767,2025-01-15 10:40:00+05:30,1784.65,1786.0,1782.2,1783.35,26599,KOTAKBANK
768,2025-01-15 10:45:00+05:30,1783.35,1784.5,1783.1,1784.35,12623,KOTAKBANK
769,2025-01-15 10:50:00+05:30,1784.25,1786.95,1782.55,1785.2,18187,KOTAKBANK
770,2025-01-15 10:55:00+05:30,1785.2,1787.95,1784.6,1787.85,15119,KOTAKBANK
771,2025-01-15 11:00:00+05:30,1787.85,1789.0,1784.3,1785.0,19035,KOTAKBANK
772,2025-01-15 11:05:00+05:30,1785.15,1786.0,1784.15,1785.45,19355,KOTAKBANK
773,2025-01-15 11:10:00+05:30,1785.45,1787.5,1785.25,1787.5,10327,KOTAKBANK
774,2025-01-15 11:15:00+05:30,1787.5,1790.5,1787.05,1788.7,22311,KOTAKBANK
775,2025-01-15 11:20:00+05:30,1788.7,1789.4,1786.55,1787.65,14828,KOTAKBANK
776,2025-01-15 11:25:00+05:30,1787.7,1789.45,1786.65,1789.45,16027,KOTAKBANK
777,2025-01-15 11:30:00+05:30,1789.25,1791.7,1787.1,1789.4,93944,KOTAKBANK
778,2025-01-15 11:35:00+05:30,1789.4,1790.0,1786.85,1789.95,20037,KOTAKBANK
779,2025-01-15 11:40:00+05:30,1789.95,1792.75,1789.1,1790.0,19814,KOTAKBANK
780,2025-01-15 11:45:00+05:30,1790.0,1790.45,1788.0,1789.7,15781,KOTAKBANK
781,2025-01-15 11:50:00+05:30,1789.7,1795.0,1789.45,1793.7,36325,KOTAKBANK
782,2025-01-15 11:55:00+05:30,1793.25,1793.55,1791.55,1792.55,17944,KOTAKBANK
783,2025-01-15 12:00:00+05:30,1792.8,1792.85,1789.8,1790.7,14414,KOTAKBANK
784,2025-01-15 12:05:00+05:30,1790.8,1790.95,1789.1,1790.2,14416,KOTAKBANK
785,2025-01-15 12:10:00+05:30,1790.25,1790.75,1789.1,1790.25,14816,KOTAKBANK
786,2025-01-15 12:15:00+05:30,1790.35,1791.0,1789.2,1789.6,12662,KOTAKBANK
787,2025-01-15 12:20:00+05:30,1789.75,1789.9,1788.45,1789.25,14294,KOTAKBANK
788,2025-01-15 12:25:00+05:30,1789.35,1790.0,1788.1,1789.45,15548,KOTAKBANK
789,2025-01-15 12:30:00+05:30,1789.45,1790.65,1788.65,1790.0,67286,KOTAKBANK
790,2025-01-15 12:35:00+05:30,1790.0,1790.7,1788.3,1788.8,22520,KOTAKBANK
791,2025-01-15 12:40:00+05:30,1789.0,1790.9,1788.75,1789.85,26956,KOTAKBANK
792,2025-01-15 12:45:00+05:30,1789.95,1790.5,1788.65,1789.25,14996,KOTAKBANK
793,2025-01-15 12:50:00+05:30,1789.25,1790.05,1787.5,1788.8,116891,KOTAKBANK
794,2025-01-15 12:55:00+05:30,1788.9,1790.85,1788.0,1790.2,38511,KOTAKBANK
795,2025-01-15 13:00:00+05:30,1790.2,1790.8,1788.7,1790.5,34984,KOTAKBANK
796,2025-01-15 13:05:00+05:30,1790.7,1792.9,1790.35,1792.45,18427,KOTAKBANK
797,2025-01-15 13:10:00+05:30,1792.45,1792.8,1790.0,1790.0,19220,KOTAKBANK
798,2025-01-15 13:15:00+05:30,1790.25,1790.35,1782.6,1786.5,199047,KOTAKBANK
799,2025-01-15 13:20:00+05:30,1786.5,1788.35,1785.0,1787.75,48963,KOTAKBANK
800,2025-01-15 13:25:00+05:30,1787.75,1788.5,1786.0,1787.2,33445,KOTAKBANK
801,2025-01-15 13:30:00+05:30,1787.2,1787.4,1783.0,1783.5,98113,KOTAKBANK
802,2025-01-15 13:35:00+05:30,1783.8,1784.1,1780.1,1784.05,109179,KOTAKBANK
803,2025-01-15 13:40:00+05:30,1784.05,1785.5,1782.65,1783.45,64231,KOTAKBANK
804,2025-01-15 13:45:00+05:30,1783.35,1785.8,1781.45,1784.55,64295,KOTAKBANK
805,2025-01-15 13:50:00+05:30,1785.1,1786.05,1783.55,1785.55,27091,KOTAKBANK
806,2025-01-15 13:55:00+05:30,1785.55,1786.6,1784.95,1785.7,28522,KOTAKBANK
807,2025-01-15 14:00:00+05:30,1786.2,1786.9,1784.4,1785.1,34303,KOTAKBANK
808,2025-01-15 14:05:00+05:30,1785.3,1785.75,1781.05,1783.8,51454,KOTAKBANK
809,2025-01-15 14:10:00+05:30,1784.45,1784.8,1782.25,1783.65,43290,KOTAKBANK
810,2025-01-15 14:15:00+05:30,1783.7,1785.55,1782.5,1785.35,49430,KOTAKBANK
811,2025-01-15 14:20:00+05:30,1785.35,1786.6,1784.0,1784.35,48004,KOTAKBANK
812,2025-01-15 14:25:00+05:30,1784.3,1786.05,1783.25,1784.6,45957,KOTAKBANK
813,2025-01-15 14:30:00+05:30,1784.7,1788.85,1784.6,1788.1,46324,KOTAKBANK
814,2025-01-15 14:35:00+05:30,1788.4,1792.65,1788.0,1792.05,60043,KOTAKBANK
815,2025-01-15 14:40:00+05:30,1792.05,1793.55,1790.75,1792.25,46585,KOTAKBANK
816,2025-01-15 14:45:00+05:30,1792.5,1792.95,1790.65,1791.3,55071,KOTAKBANK
817,2025-01-15 14:50:00+05:30,1791.5,1791.7,1789.45,1790.85,47159,KOTAKBANK
818,2025-01-15 14:55:00+05:30,1790.9,1792.0,1790.5,1791.15,45510,KOTAKBANK
819,2025-01-15 15:00:00+05:30,1791.15,1791.2,1788.6,1790.3,89916,KOTAKBANK
820,2025-01-15 15:05:00+05:30,1790.45,1791.75,1790.1,1790.6,103297,KOTAKBANK
821,2025-01-15 15:10:00+05:30,1790.9,1790.9,1788.85,1789.75,100322,KOTAKBANK
822,2025-01-15 15:15:00+05:30,1789.8,1791.0,1787.95,1790.45,149908,KOTAKBANK
823,2025-01-15 15:20:00+05:30,1790.45,1791.0,1786.4,1788.15,134394,KOTAKBANK
824,2025-01-15 15:25:00+05:30,1788.15,1789.0,1785.15,1788.0,78637,KOTAKBANK
825,2025-01-16 09:15:00+05:30,1795.8,1802.2,1790.3,1791.45,94509,KOTAKBANK
826,2025-01-16 09:20:00+05:30,1791.65,1792.7,1785.35,1789.65,36507,KOTAKBANK
827,2025-01-16 09:25:00+05:30,1789.25,1795.0,1789.25,1792.95,22425,KOTAKBANK
828,2025-01-16 09:30:00+05:30,1792.95,1802.0,1792.4,1799.65,76872,KOTAKBANK
829,2025-01-16 09:35:00+05:30,1800.0,1801.0,1796.0,1797.0,34584,KOTAKBANK
830,2025-01-16 09:40:00+05:30,1796.5,1798.5,1796.0,1797.3,20092,KOTAKBANK
831,2025-01-16 09:45:00+05:30,1797.3,1800.0,1796.8,1799.4,16483,KOTAKBANK
832,2025-01-16 09:50:00+05:30,1799.45,1799.5,1793.8,1794.55,19422,KOTAKBANK
833,2025-01-16 09:55:00+05:30,1794.9,1800.95,1793.6,1800.95,74499,KOTAKBANK
834,2025-01-16 10:00:00+05:30,1800.85,1801.1,1798.2,1799.65,105493,KOTAKBANK
835,2025-01-16 10:05:00+05:30,1799.45,1800.45,1797.0,1799.1,51153,KOTAKBANK
836,2025-01-16 10:10:00+05:30,1799.1,1800.35,1797.3,1799.4,54082,KOTAKBANK
837,2025-01-16 10:15:00+05:30,1799.4,1800.6,1794.2,1794.85,19756,KOTAKBANK
838,2025-01-16 10:20:00+05:30,1794.85,1800.25,1794.5,1800.1,42289,KOTAKBANK
839,2025-01-16 10:25:00+05:30,1800.1,1800.85,1795.15,1795.9,18398,KOTAKBANK
840,2025-01-16 10:30:00+05:30,1795.8,1801.0,1795.1,1799.9,25251,KOTAKBANK
841,2025-01-16 10:35:00+05:30,1799.9,1800.95,1797.55,1797.6,19535,KOTAKBANK
842,2025-01-16 10:40:00+05:30,1798.2,1800.0,1795.1,1799.55,32636,KOTAKBANK
843,2025-01-16 10:45:00+05:30,1799.55,1800.3,1798.1,1798.9,26519,KOTAKBANK
844,2025-01-16 10:50:00+05:30,1798.9,1800.35,1797.65,1800.1,91029,KOTAKBANK
845,2025-01-16 10:55:00+05:30,1799.45,1800.3,1795.8,1797.8,38235,KOTAKBANK
846,2025-01-16 11:00:00+05:30,1797.85,1798.65,1795.15,1798.05,37255,KOTAKBANK
847,2025-01-16 11:05:00+05:30,1798.05,1799.6,1796.4,1798.6,33556,KOTAKBANK
848,2025-01-16 11:10:00+05:30,1798.3,1798.9,1798.0,1798.7,18213,KOTAKBANK
849,2025-01-16 11:15:00+05:30,1798.05,1801.0,1798.05,1799.65,23074,KOTAKBANK
850,2025-01-16 11:20:00+05:30,1799.65,1801.0,1798.2,1800.6,24662,KOTAKBANK
851,2025-01-16 11:25:00+05:30,1800.55,1801.05,1799.1,1800.3,17694,KOTAKBANK
852,2025-01-16 11:30:00+05:30,1800.25,1800.95,1798.65,1800.1,15634,KOTAKBANK
853,2025-01-16 11:35:00+05:30,1799.95,1800.9,1799.05,1800.35,16582,KOTAKBANK
854,2025-01-16 11:40:00+05:30,1799.65,1804.65,1799.65,1804.65,27039,KOTAKBANK
855,2025-01-16 11:45:00+05:30,1804.65,1804.65,1802.15,1804.0,28231,KOTAKBANK
856,2025-01-16 11:50:00+05:30,1804.0,1807.45,1802.85,1805.7,38951,KOTAKBANK
857,2025-01-16 11:55:00+05:30,1805.7,1808.35,1804.5,1807.9,17069,KOTAKBANK
858,2025-01-16 12:00:00+05:30,1807.9,1809.5,1806.65,1808.6,24501,KOTAKBANK
859,2025-01-16 12:05:00+05:30,1808.65,1809.45,1806.85,1807.6,34573,KOTAKBANK
860,2025-01-16 12:10:00+05:30,1807.6,1809.95,1806.5,1809.45,26598,KOTAKBANK
861,2025-01-16 12:15:00+05:30,1809.45,1812.0,1806.9,1811.35,70582,KOTAKBANK
862,2025-01-16 12:20:00+05:30,1811.35,1811.7,1809.1,1811.45,34519,KOTAKBANK
863,2025-01-16 12:25:00+05:30,1811.45,1812.6,1809.4,1810.2,39374,KOTAKBANK
864,2025-01-16 12:30:00+05:30,1810.2,1813.05,1809.5,1813.05,27138,KOTAKBANK
865,2025-01-16 12:35:00+05:30,1813.05,1813.55,1810.75,1812.6,38706,KOTAKBANK
866,2025-01-16 12:40:00+05:30,1812.6,1813.1,1810.55,1812.45,33505,KOTAKBANK
867,2025-01-16 12:45:00+05:30,1812.45,1813.45,1811.15,1812.45,28179,KOTAKBANK
868,2025-01-16 12:50:00+05:30,1812.45,1813.55,1810.75,1813.1,31432,KOTAKBANK
869,2025-01-16 12:55:00+05:30,1812.4,1814.3,1812.15,1813.9,23777,KOTAKBANK
870,2025-01-16 13:00:00+05:30,1814.0,1814.95,1811.4,1812.65,33659,KOTAKBANK
871,2025-01-16 13:05:00+05:30,1812.65,1814.15,1811.7,1813.9,23573,KOTAKBANK
872,2025-01-16 13:10:00+05:30,1813.9,1814.0,1812.4,1813.95,22060,KOTAKBANK
873,2025-01-16 13:15:00+05:30,1813.95,1814.85,1812.9,1814.25,19169,KOTAKBANK
874,2025-01-16 13:20:00+05:30,1814.05,1814.65,1813.05,1814.55,25402,KOTAKBANK
875,2025-01-16 13:25:00+05:30,1814.6,1814.6,1812.9,1814.05,20555,KOTAKBANK
876,2025-01-16 13:30:00+05:30,1814.1,1814.6,1813.1,1814.55,24393,KOTAKBANK
877,2025-01-16 13:35:00+05:30,1814.55,1814.6,1805.05,1805.95,370837,KOTAKBANK
878,2025-01-16 13:40:00+05:30,1805.95,1809.7,1805.5,1808.8,63283,KOTAKBANK
879,2025-01-16 13:45:00+05:30,1809.15,1810.1,1807.6,1809.2,56413,KOTAKBANK
880,2025-01-16 13:50:00+05:30,1809.2,1809.4,1806.0,1807.6,60672,KOTAKBANK
881,2025-01-16 13:55:00+05:30,1807.5,1808.8,1806.6,1808.15,52676,KOTAKBANK
882,2025-01-16 14:00:00+05:30,1807.95,1808.7,1806.95,1808.2,53394,KOTAKBANK
883,2025-01-16 14:05:00+05:30,1808.2,1808.5,1806.4,1808.2,53094,KOTAKBANK
884,2025-01-16 14:10:00+05:30,1808.25,1808.5,1806.1,1807.85,53671,KOTAKBANK
885,2025-01-16 14:15:00+05:30,1807.85,1808.1,1805.9,1806.95,66113,KOTAKBANK
886,2025-01-16 14:20:00+05:30,1807.0,1807.9,1804.0,1807.15,74437,KOTAKBANK
887,2025-01-16 14:25:00+05:30,1806.35,1807.3,1803.4,1805.5,71938,KOTAKBANK
888,2025-01-16 14:30:00+05:30,1805.55,1805.9,1803.75,1804.5,63102,KOTAKBANK
889,2025-01-16 14:35:00+05:30,1804.45,1808.95,1803.05,1808.55,106119,KOTAKBANK
890,2025-01-16 14:40:00+05:30,1808.7,1809.95,1806.15,1807.35,101745,KOTAKBANK
891,2025-01-16 14:45:00+05:30,1806.7,1807.35,1804.9,1804.9,123708,KOTAKBANK
892,2025-01-16 14:50:00+05:30,1805.45,1807.15,1803.55,1804.85,99284,KOTAKBANK
893,2025-01-16 14:55:00+05:30,1804.8,1805.2,1802.4,1803.25,116294,KOTAKBANK
894,2025-01-16 15:00:00+05:30,1804.0,1806.4,1803.15,1804.3,193353,KOTAKBANK
895,2025-01-16 15:05:00+05:30,1804.35,1806.35,1803.85,1805.8,178018,KOTAKBANK
896,2025-01-16 15:10:00+05:30,1805.8,1807.0,1804.95,1805.95,181543,KOTAKBANK
897,2025-01-16 15:15:00+05:30,1805.95,1806.5,1805.05,1805.8,188400,KOTAKBANK
898,2025-01-16 15:20:00+05:30,1805.6,1806.95,1804.65,1806.2,202568,KOTAKBANK
899,2025-01-16 15:25:00+05:30,1805.8,1807.05,1802.15,1806.0,117716,KOTAKBANK
900,2025-01-17 09:15:00+05:30,1797.0,1805.5,1778.8,1781.35,132090,KOTAKBANK
901,2025-01-17 09:20:00+05:30,1781.15,1784.6,1775.4,1775.75,55614,KOTAKBANK
902,2025-01-17 09:25:00+05:30,1776.4,1784.8,1776.15,1782.75,36834,KOTAKBANK
903,2025-01-17 09:30:00+05:30,1782.8,1789.85,1782.1,1787.75,50205,KOTAKBANK
904,2025-01-17 09:35:00+05:30,1787.75,1788.4,1781.1,1783.45,52444,KOTAKBANK
905,2025-01-17 09:40:00+05:30,1783.45,1786.0,1780.2,1781.95,29056,KOTAKBANK
906,2025-01-17 09:45:00+05:30,1782.0,1783.45,1780.1,1783.05,15361,KOTAKBANK
907,2025-01-17 09:50:00+05:30,1783.05,1785.45,1782.0,1784.8,13617,KOTAKBANK
908,2025-01-17 09:55:00+05:30,1784.8,1786.1,1783.0,1785.45,13279,KOTAKBANK
909,2025-01-17 10:00:00+05:30,1785.45,1785.5,1780.0,1781.15,16145,KOTAKBANK
910,2025-01-17 10:05:00+05:30,1781.3,1783.05,1779.05,1779.05,12514,KOTAKBANK
911,2025-01-17 10:10:00+05:30,1779.55,1779.9,1777.25,1778.15,14444,KOTAKBANK
912,2025-01-17 10:15:00+05:30,1778.05,1778.5,1776.65,1778.4,10198,KOTAKBANK
913,2025-01-17 10:20:00+05:30,1778.4,1780.8,1776.15,1776.75,66717,KOTAKBANK
914,2025-01-17 10:25:00+05:30,1776.7,1780.05,1776.0,1779.5,62759,KOTAKBANK
915,2025-01-17 10:30:00+05:30,1779.2,1780.35,1771.0,1771.0,81617,KOTAKBANK
916,2025-01-17 10:35:00+05:30,1771.55,1771.55,1766.65,1769.55,68772,KOTAKBANK
917,2025-01-17 10:40:00+05:30,1769.45,1770.3,1767.0,1767.45,16564,KOTAKBANK
918,2025-01-17 10:45:00+05:30,1767.45,1769.3,1765.0,1765.35,31894,KOTAKBANK
919,2025-01-17 10:50:00+05:30,1765.35,1765.35,1761.4,1763.0,23804,KOTAKBANK
920,2025-01-17 10:55:00+05:30,1763.45,1764.7,1761.1,1762.2,16196,KOTAKBANK
921,2025-01-17 11:00:00+05:30,1762.2,1764.85,1760.7,1760.85,23720,KOTAKBANK
922,2025-01-17 11:05:00+05:30,1761.45,1764.3,1760.05,1762.4,23365,KOTAKBANK
923,2025-01-17 11:10:00+05:30,1762.8,1762.85,1757.4,1758.35,20865,KOTAKBANK
924,2025-01-17 11:15:00+05:30,1758.35,1760.65,1758.0,1759.8,14959,KOTAKBANK
925,2025-01-17 11:20:00+05:30,1759.8,1762.7,1757.45,1761.0,38553,KOTAKBANK
926,2025-01-17 11:25:00+05:30,1761.0,1761.4,1758.75,1759.15,11088,KOTAKBANK
927,2025-01-17 11:30:00+05:30,1759.05,1761.2,1757.5,1760.3,10891,KOTAKBANK
928,2025-01-17 11:35:00+05:30,1760.3,1760.3,1753.65,1753.65,24985,KOTAKBANK
929,2025-01-17 11:40:00+05:30,1754.2,1755.95,1753.55,1754.6,18655,KOTAKBANK
930,2025-01-17 11:45:00+05:30,1754.25,1754.8,1751.05,1752.85,31885,KOTAKBANK
931,2025-01-17 11:50:00+05:30,1753.0,1756.6,1752.45,1755.5,28786,KOTAKBANK
932,2025-01-17 11:55:00+05:30,1755.5,1755.9,1753.35,1753.35,21877,KOTAKBANK
933,2025-01-17 12:00:00+05:30,1753.6,1756.75,1751.55,1751.55,35446,KOTAKBANK
934,2025-01-17 12:05:00+05:30,1752.25,1754.75,1751.2,1754.15,21097,KOTAKBANK
935,2025-01-17 12:10:00+05:30,1754.15,1755.05,1752.65,1754.2,45454,KOTAKBANK
936,2025-01-17 12:15:00+05:30,1754.1,1755.85,1751.15,1755.85,40967,KOTAKBANK
937,2025-01-17 12:20:00+05:30,1755.4,1758.4,1755.1,1756.75,59930,KOTAKBANK
938,2025-01-17 12:25:00+05:30,1756.7,1758.0,1752.4,1754.8,47006,KOTAKBANK
939,2025-01-17 12:30:00+05:30,1754.8,1756.4,1753.65,1756.0,24788,KOTAKBANK
940,2025-01-17 12:35:00+05:30,1755.95,1760.0,1755.4,1759.7,33571,KOTAKBANK
941,2025-01-17 12:40:00+05:30,1759.7,1760.95,1757.0,1757.4,29376,KOTAKBANK
942,2025-01-17 12:45:00+05:30,1757.4,1760.85,1757.0,1760.15,27338,KOTAKBANK
943,2025-01-17 12:50:00+05:30,1760.15,1763.9,1759.15,1763.9,55656,KOTAKBANK
944,2025-01-17 12:55:00+05:30,1763.35,1765.95,1763.15,1764.5,71431,KOTAKBANK
945,2025-01-17 13:00:00+05:30,1764.75,1764.75,1762.3,1762.3,50541,KOTAKBANK
946,2025-01-17 13:05:00+05:30,1762.7,1762.7,1760.5,1761.2,24338,KOTAKBANK
947,2025-01-17 13:10:00+05:30,1761.05,1761.85,1758.05,1758.8,41471,KOTAKBANK
948,2025-01-17 13:15:00+05:30,1758.8,1759.2,1757.6,1757.6,20050,KOTAKBANK
949,2025-01-17 13:20:00+05:30,1758.2,1758.25,1755.4,1756.15,30136,KOTAKBANK
950,2025-01-17 13:25:00+05:30,1756.05,1757.75,1755.1,1756.2,21438,KOTAKBANK
951,2025-01-17 13:30:00+05:30,1756.75,1759.1,1755.5,1755.5,21728,KOTAKBANK
952,2025-01-17 13:35:00+05:30,1755.95,1756.1,1754.0,1754.85,24188,KOTAKBANK
953,2025-01-17 13:40:00+05:30,1754.85,1754.85,1750.25,1752.4,57571,KOTAKBANK
954,2025-01-17 13:45:00+05:30,1752.1,1753.65,1751.5,1752.1,36012,KOTAKBANK
955,2025-01-17 13:50:00+05:30,1752.45,1753.5,1750.5,1750.9,39628,KOTAKBANK
956,2025-01-17 13:55:00+05:30,1750.9,1753.5,1750.65,1751.55,36055,KOTAKBANK
957,2025-01-17 14:00:00+05:30,1751.9,1754.25,1751.35,1752.5,51348,KOTAKBANK
958,2025-01-17 14:05:00+05:30,1752.5,1752.5,1748.3,1751.95,61395,KOTAKBANK
959,2025-01-17 14:10:00+05:30,1751.9,1755.3,1751.2,1755.0,50718,KOTAKBANK
960,2025-01-17 14:15:00+05:30,1754.6,1756.4,1754.5,1755.55,40622,KOTAKBANK
961,2025-01-17 14:20:00+05:30,1755.55,1756.25,1754.0,1755.65,37286,KOTAKBANK
962,2025-01-17 14:25:00+05:30,1755.65,1755.75,1752.45,1753.3,48733,KOTAKBANK
963,2025-01-17 14:30:00+05:30,1753.3,1757.05,1752.8,1756.1,39793,KOTAKBANK
964,2025-01-17 14:35:00+05:30,1756.0,1761.0,1755.6,1760.9,70916,KOTAKBANK
965,2025-01-17 14:40:00+05:30,1760.9,1762.95,1759.75,1761.75,83123,KOTAKBANK
966,2025-01-17 14:45:00+05:30,1761.55,1763.95,1760.6,1761.15,64384,KOTAKBANK
967,2025-01-17 14:50:00+05:30,1761.15,1762.35,1760.0,1760.5,49412,KOTAKBANK
968,2025-01-17 14:55:00+05:30,1760.35,1762.45,1759.85,1761.5,67307,KOTAKBANK
969,2025-01-17 15:00:00+05:30,1762.05,1762.05,1755.7,1757.85,130094,KOTAKBANK
970,2025-01-17 15:05:00+05:30,1758.2,1760.35,1756.05,1759.9,139095,KOTAKBANK
971,2025-01-17 15:10:00+05:30,1759.9,1760.9,1757.35,1758.85,159939,KOTAKBANK
972,2025-01-17 15:15:00+05:30,1758.85,1759.9,1757.85,1759.15,164871,KOTAKBANK
973,2025-01-17 15:20:00+05:30,1759.2,1759.3,1755.6,1759.1,157911,KOTAKBANK
974,2025-01-17 15:25:00+05:30,1758.65,1761.85,1755.05,1759.05,117425,KOTAKBANK
975,2025-01-20 09:15:00+05:30,1890.0,1902.75,1866.0,1897.8,1977637,KOTAKBANK
976,2025-01-20 09:20:00+05:30,1897.45,1911.9,1896.15,1910.4,987588,KOTAKBANK
977,2025-01-20 09:25:00+05:30,1910.4,1918.0,1906.7,1909.45,788514,KOTAKBANK
978,2025-01-20 09:30:00+05:30,1909.4,1922.65,1909.35,1920.0,599494,KOTAKBANK
979,2025-01-20 09:35:00+05:30,1920.0,1922.0,1916.05,1919.15,347074,KOTAKBANK
980,2025-01-20 09:40:00+05:30,1919.4,1929.0,1919.1,1927.0,547567,KOTAKBANK
981,2025-01-20 09:45:00+05:30,1927.0,1928.7,1918.3,1918.8,341027,KOTAKBANK
982,2025-01-20 09:50:00+05:30,1918.8,1921.5,1915.0,1919.95,254643,KOTAKBANK
983,2025-01-20 09:55:00+05:30,1919.95,1927.0,1917.05,1926.0,283967,KOTAKBANK
984,2025-01-20 10:00:00+05:30,1925.5,1927.9,1923.0,1925.0,138210,KOTAKBANK
985,2025-01-20 10:05:00+05:30,1925.3,1926.5,1918.55,1920.0,129278,KOTAKBANK
986,2025-01-20 10:10:00+05:30,1919.7,1923.0,1918.5,1920.2,88788,KOTAKBANK
987,2025-01-20 10:15:00+05:30,1920.65,1925.0,1919.25,1924.95,105883,KOTAKBANK
988,2025-01-20 10:20:00+05:30,1924.85,1925.0,1917.5,1918.5,100403,KOTAKBANK
989,2025-01-20 10:25:00+05:30,1919.0,1920.9,1916.55,1920.45,103646,KOTAKBANK
990,2025-01-20 10:30:00+05:30,1920.3,1920.95,1913.2,1914.85,134913,KOTAKBANK
991,2025-01-20 10:35:00+05:30,1914.6,1915.05,1910.05,1910.4,185150,KOTAKBANK
992,2025-01-20 10:40:00+05:30,1910.4,1921.45,1910.05,1917.5,311182,KOTAKBANK
993,2025-01-20 10:45:00+05:30,1917.35,1920.45,1916.5,1920.35,80383,KOTAKBANK
994,2025-01-20 10:50:00+05:30,1919.65,1921.85,1918.65,1919.0,103131,KOTAKBANK
995,2025-01-20 10:55:00+05:30,1919.0,1921.0,1915.65,1919.85,75021,KOTAKBANK
996,2025-01-20 11:00:00+05:30,1919.9,1920.0,1915.2,1915.5,56038,KOTAKBANK
997,2025-01-20 11:05:00+05:30,1915.45,1916.2,1914.1,1915.0,87661,KOTAKBANK
998,2025-01-20 11:10:00+05:30,1914.95,1916.65,1914.05,1915.0,126795,KOTAKBANK
999,2025-01-20 11:15:00+05:30,1915.0,1924.85,1914.7,1924.0,218157,KOTAKBANK
1000,2025-01-20 11:20:00+05:30,1924.0,1925.0,1920.6,1923.0,109630,KOTAKBANK
1001,2025-01-20 11:25:00+05:30,1923.0,1925.0,1921.55,1923.8,75760,KOTAKBANK
1002,2025-01-20 11:30:00+05:30,1923.8,1929.9,1923.0,1924.55,267226,KOTAKBANK
1003,2025-01-20 11:35:00+05:30,1924.8,1925.75,1922.5,1924.0,67678,KOTAKBANK
1004,2025-01-20 11:40:00+05:30,1923.95,1927.8,1923.15,1925.35,85578,KOTAKBANK
1005,2025-01-20 11:45:00+05:30,1925.85,1926.0,1922.2,1924.15,85030,KOTAKBANK
1006,2025-01-20 11:50:00+05:30,1924.8,1925.5,1919.1,1919.5,103463,KOTAKBANK
1007,2025-01-20 11:55:00+05:30,1919.95,1920.95,1918.05,1919.75,100390,KOTAKBANK
1008,2025-01-20 12:00:00+05:30,1919.75,1920.65,1918.0,1919.4,68986,KOTAKBANK
1009,2025-01-20 12:05:00+05:30,1919.4,1920.25,1917.0,1918.25,77304,KOTAKBANK
1010,2025-01-20 12:10:00+05:30,1918.1,1918.9,1915.0,1915.65,97730,KOTAKBANK
1011,2025-01-20 12:15:00+05:30,1916.45,1919.9,1915.1,1919.35,101608,KOTAKBANK
1012,2025-01-20 12:20:00+05:30,1919.05,1922.95,1918.75,1922.1,77506,KOTAKBANK
1013,2025-01-20 12:25:00+05:30,1922.1,1922.7,1919.25,1920.25,54397,KOTAKBANK
1014,2025-01-20 12:30:00+05:30,1920.25,1922.0,1920.05,1920.65,42754,KOTAKBANK
1015,2025-01-20 12:35:00+05:30,1920.8,1925.95,1920.2,1924.95,96715,KOTAKBANK
1016,2025-01-20 12:40:00+05:30,1924.5,1925.0,1922.4,1923.6,45751,KOTAKBANK
1017,2025-01-20 12:45:00+05:30,1923.6,1924.85,1921.6,1922.95,45291,KOTAKBANK
1018,2025-01-20 12:50:00+05:30,1922.9,1924.0,1922.0,1922.05,34622,KOTAKBANK
1019,2025-01-20 12:55:00+05:30,1922.1,1923.55,1921.25,1922.8,35107,KOTAKBANK
1020,2025-01-20 13:00:00+05:30,1922.8,1923.0,1921.7,1922.05,43409,KOTAKBANK
1021,2025-01-20 13:05:00+05:30,1922.05,1925.0,1921.7,1924.05,74669,KOTAKBANK
1022,2025-01-20 13:10:00+05:30,1924.05,1924.7,1923.0,1924.6,125358,KOTAKBANK
1023,2025-01-20 13:15:00+05:30,1924.6,1926.45,1923.0,1923.7,86123,KOTAKBANK
1024,2025-01-20 13:20:00+05:30,1923.7,1924.35,1921.3,1922.85,46244,KOTAKBANK
1025,2025-01-20 13:25:00+05:30,1922.8,1923.5,1920.5,1922.35,52651,KOTAKBANK
1026,2025-01-20 13:30:00+05:30,1922.35,1923.0,1921.2,1922.95,31113,KOTAKBANK
1027,2025-01-20 13:35:00+05:30,1922.95,1923.0,1921.4,1922.0,37359,KOTAKBANK
1028,2025-01-20 13:40:00+05:30,1922.05,1923.0,1920.6,1922.5,56519,KOTAKBANK
1029,2025-01-20 13:45:00+05:30,1922.4,1922.95,1921.0,1921.2,52882,KOTAKBANK
1030,2025-01-20 13:50:00+05:30,1921.2,1922.4,1921.2,1921.7,32572,KOTAKBANK
1031,2025-01-20 13:55:00+05:30,1921.85,1922.0,1918.65,1919.6,93809,KOTAKBANK
1032,2025-01-20 14:00:00+05:30,1919.6,1921.2,1919.0,1919.95,46092,KOTAKBANK
1033,2025-01-20 14:05:00+05:30,1920.25,1921.55,1920.0,1920.7,50782,KOTAKBANK
1034,2025-01-20 14:10:00+05:30,1920.85,1921.8,1920.2,1921.8,40131,KOTAKBANK
1035,2025-01-20 14:15:00+05:30,1921.35,1921.75,1920.05,1920.45,70081,KOTAKBANK
1036,2025-01-20 14:20:00+05:30,1920.45,1922.0,1920.2,1921.0,86921,KOTAKBANK
1037,2025-01-20 14:25:00+05:30,1920.6,1921.0,1919.0,1919.95,64273,KOTAKBANK
1038,2025-01-20 14:30:00+05:30,1919.35,1921.35,1919.3,1921.0,75617,KOTAKBANK
1039,2025-01-20 14:35:00+05:30,1921.0,1924.0,1920.65,1923.0,151260,KOTAKBANK
1040,2025-01-20 14:40:00+05:30,1922.75,1923.35,1920.1,1921.7,77618,KOTAKBANK
1041,2025-01-20 14:45:00+05:30,1921.65,1922.7,1920.85,1922.05,60344,KOTAKBANK
1042,2025-01-20 14:50:00+05:30,1922.6,1924.0,1921.95,1924.0,109030,KOTAKBANK
1043,2025-01-20 14:55:00+05:30,1923.8,1924.0,1923.0,1923.1,116568,KOTAKBANK
1044,2025-01-20 15:00:00+05:30,1923.05,1923.55,1919.5,1920.0,224078,KOTAKBANK
1045,2025-01-20 15:05:00+05:30,1919.9,1921.9,1919.5,1921.0,182041,KOTAKBANK
1046,2025-01-20 15:10:00+05:30,1921.05,1923.95,1919.55,1922.7,197891,KOTAKBANK
1047,2025-01-20 15:15:00+05:30,1922.7,1923.8,1918.1,1920.45,282641,KOTAKBANK
1048,2025-01-20 15:20:00+05:30,1920.2,1922.9,1916.15,1916.25,195425,KOTAKBANK
1049,2025-01-20 15:25:00+05:30,1916.45,1920.0,1916.2,1918.0,85263,KOTAKBANK
1050,2025-01-21 09:15:00+05:30,1920.95,1920.95,1906.6,1910.65,235702,KOTAKBANK
1051,2025-01-21 09:20:00+05:30,1910.15,1912.05,1909.25,1911.05,88434,KOTAKBANK
1052,2025-01-21 09:25:00+05:30,1911.05,1911.6,1901.3,1907.1,249391,KOTAKBANK
1053,2025-01-21 09:30:00+05:30,1907.1,1907.95,1900.0,1900.55,66569,KOTAKBANK
1054,2025-01-21 09:35:00+05:30,1901.0,1902.7,1897.15,1901.7,87230,KOTAKBANK
1055,2025-01-21 09:40:00+05:30,1900.75,1905.6,1900.0,1900.9,82845,KOTAKBANK
1056,2025-01-21 09:45:00+05:30,1900.9,1901.9,1896.55,1901.9,95981,KOTAKBANK
1057,2025-01-21 09:50:00+05:30,1901.55,1904.0,1900.5,1902.25,39678,KOTAKBANK
1058,2025-01-21 09:55:00+05:30,1902.05,1904.0,1899.0,1901.5,35688,KOTAKBANK
1059,2025-01-21 10:00:00+05:30,1901.75,1907.0,1900.15,1906.0,56517,KOTAKBANK
1060,2025-01-21 10:05:00+05:30,1906.7,1908.55,1904.95,1905.65,41745,KOTAKBANK
1061,2025-01-21 10:10:00+05:30,1905.65,1908.7,1905.0,1908.45,26554,KOTAKBANK
1062,2025-01-21 10:15:00+05:30,1908.45,1909.95,1906.05,1906.2,36259,KOTAKBANK
1063,2025-01-21 10:20:00+05:30,1906.5,1906.85,1898.85,1899.1,65138,KOTAKBANK
1064,2025-01-21 10:25:00+05:30,1899.65,1901.0,1897.8,1899.0,41825,KOTAKBANK
1065,2025-01-21 10:30:00+05:30,1899.6,1901.5,1898.95,1901.0,25556,KOTAKBANK
1066,2025-01-21 10:35:00+05:30,1901.0,1904.95,1900.3,1904.95,29315,KOTAKBANK
1067,2025-01-21 10:40:00+05:30,1904.95,1905.0,1899.0,1899.0,41284,KOTAKBANK
1068,2025-01-21 10:45:00+05:30,1899.25,1901.9,1898.0,1901.05,49700,KOTAKBANK
1069,2025-01-21 10:50:00+05:30,1900.95,1901.45,1899.0,1900.0,20830,KOTAKBANK
1070,2025-01-21 10:55:00+05:30,1899.5,1900.1,1897.1,1897.25,25997,KOTAKBANK
1071,2025-01-21 11:00:00+05:30,1897.15,1900.0,1896.2,1898.2,22599,KOTAKBANK
1072,2025-01-21 11:05:00+05:30,1898.15,1899.65,1895.65,1896.0,48129,KOTAKBANK
1073,2025-01-21 11:10:00+05:30,1895.95,1898.45,1894.2,1896.0,65757,KOTAKBANK
1074,2025-01-21 11:15:00+05:30,1896.05,1896.7,1894.6,1896.0,80592,KOTAKBANK
1075,2025-01-21 11:20:00+05:30,1896.0,1897.6,1895.05,1896.8,19572,KOTAKBANK
1076,2025-01-21 11:25:00+05:30,1896.85,1898.35,1894.75,1894.9,29632,KOTAKBANK
1077,2025-01-21 11:30:00+05:30,1895.25,1899.15,1894.8,1898.9,25273,KOTAKBANK
1078,2025-01-21 11:35:00+05:30,1898.9,1899.65,1898.15,1899.0,19713,KOTAKBANK
1079,2025-01-21 11:40:00+05:30,1899.0,1901.95,1898.65,1900.4,45906,KOTAKBANK
1080,2025-01-21 11:45:00+05:30,1900.35,1915.0,1900.35,1910.45,305690,KOTAKBANK
1081,2025-01-21 11:50:00+05:30,1910.0,1913.0,1908.1,1911.0,110112,KOTAKBANK
1082,2025-01-21 11:55:00+05:30,1911.05,1911.45,1907.8,1909.6,29839,KOTAKBANK
1083,2025-01-21 12:00:00+05:30,1909.7,1910.0,1909.0,1909.4,20945,KOTAKBANK
1084,2025-01-21 12:05:00+05:30,1909.4,1911.0,1905.4,1907.3,34660,KOTAKBANK
1085,2025-01-21 12:10:00+05:30,1907.3,1909.6,1905.05,1906.6,22865,KOTAKBANK
1086,2025-01-21 12:15:00+05:30,1906.0,1907.4,1899.15,1900.35,100625,KOTAKBANK
1087,2025-01-21 12:20:00+05:30,1900.35,1902.85,1898.75,1898.8,45623,KOTAKBANK
1088,2025-01-21 12:25:00+05:30,1898.9,1900.7,1898.0,1899.05,28025,KOTAKBANK
1089,2025-01-21 12:30:00+05:30,1899.4,1900.0,1898.05,1898.85,17434,KOTAKBANK
1090,2025-01-21 12:35:00+05:30,1898.85,1899.95,1897.4,1899.1,20322,KOTAKBANK
1091,2025-01-21 12:40:00+05:30,1899.1,1902.3,1899.1,1901.9,46026,KOTAKBANK
1092,2025-01-21 12:45:00+05:30,1901.1,1906.95,1901.1,1904.6,40539,KOTAKBANK
1093,2025-01-21 12:50:00+05:30,1904.2,1906.55,1902.95,1906.55,51537,KOTAKBANK
1094,2025-01-21 12:55:00+05:30,1905.8,1911.0,1905.75,1909.3,62505,KOTAKBANK
1095,2025-01-21 13:00:00+05:30,1909.3,1912.5,1907.8,1910.3,29585,KOTAKBANK
1096,2025-01-21 13:05:00+05:30,1910.3,1910.8,1904.5,1905.15,32957,KOTAKBANK
1097,2025-01-21 13:10:00+05:30,1905.15,1906.05,1903.45,1904.6,19098,KOTAKBANK
1098,2025-01-21 13:15:00+05:30,1904.5,1905.0,1899.1,1899.35,20340,KOTAKBANK
1099,2025-01-21 13:20:00+05:30,1899.1,1902.0,1896.6,1900.8,39298,KOTAKBANK
1100,2025-01-21 13:25:00+05:30,1900.3,1905.25,1900.2,1904.35,47332,KOTAKBANK
1101,2025-01-21 13:30:00+05:30,1905.0,1905.8,1901.65,1903.4,25872,KOTAKBANK
1102,2025-01-21 13:35:00+05:30,1902.9,1904.3,1900.55,1902.35,12015,KOTAKBANK
1103,2025-01-21 13:40:00+05:30,1902.4,1904.9,1901.95,1902.85,18079,KOTAKBANK
1104,2025-01-21 13:45:00+05:30,1902.85,1904.2,1901.4,1901.6,15724,KOTAKBANK
1105,2025-01-21 13:50:00+05:30,1901.35,1901.95,1898.55,1899.65,20219,KOTAKBANK
1106,2025-01-21 13:55:00+05:30,1899.2,1900.95,1897.05,1899.75,54489,KOTAKBANK
1107,2025-01-21 14:00:00+05:30,1899.8,1902.0,1898.8,1901.2,32734,KOTAKBANK
1108,2025-01-21 14:05:00+05:30,1901.15,1901.95,1898.8,1900.45,15008,KOTAKBANK
1109,2025-01-21 14:10:00+05:30,1900.45,1901.45,1899.05,1899.4,16451,KOTAKBANK
1110,2025-01-21 14:15:00+05:30,1899.4,1900.9,1897.05,1899.8,18006,KOTAKBANK
1111,2025-01-21 14:20:00+05:30,1899.1,1900.65,1897.6,1899.45,26829,KOTAKBANK
1112,2025-01-21 14:25:00+05:30,1898.9,1901.55,1898.2,1900.0,18064,KOTAKBANK
1113,2025-01-21 14:30:00+05:30,1899.65,1901.5,1896.7,1897.7,54589,KOTAKBANK
1114,2025-01-21 14:35:00+05:30,1897.25,1899.0,1896.0,1898.1,69274,KOTAKBANK
1115,2025-01-21 14:40:00+05:30,1898.1,1898.8,1893.0,1895.0,96911,KOTAKBANK
1116,2025-01-21 14:45:00+05:30,1894.95,1897.9,1893.05,1894.15,56327,KOTAKBANK
1117,2025-01-21 14:50:00+05:30,1894.25,1897.45,1893.9,1895.3,40290,KOTAKBANK
1118,2025-01-21 14:55:00+05:30,1895.0,1896.3,1893.2,1894.35,85478,KOTAKBANK
1119,2025-01-21 15:00:00+05:30,1894.35,1894.45,1891.1,1893.75,167483,KOTAKBANK
1120,2025-01-21 15:05:00+05:30,1893.75,1895.5,1892.2,1895.45,136238,KOTAKBANK
1121,2025-01-21 15:10:00+05:30,1895.4,1895.75,1892.2,1892.6,150329,KOTAKBANK
1122,2025-01-21 15:15:00+05:30,1892.55,1896.0,1892.5,1894.25,119202,KOTAKBANK
1123,2025-01-21 15:20:00+05:30,1894.3,1894.7,1891.9,1892.5,127453,KOTAKBANK
1124,2025-01-21 15:25:00+05:30,1892.45,1894.9,1891.0,1893.6,92137,KOTAKBANK
1125,2025-01-22 09:15:00+05:30,1899.0,1902.5,1892.5,1898.9,186964,KOTAKBANK
1126,2025-01-22 09:20:00+05:30,1899.4,1903.6,1895.1,1897.15,31129,KOTAKBANK
1127,2025-01-22 09:25:00+05:30,1897.15,1900.0,1895.65,1898.15,19694,KOTAKBANK
1128,2025-01-22 09:30:00+05:30,1898.0,1901.7,1894.4,1900.4,16803,KOTAKBANK
1129,2025-01-22 09:35:00+05:30,1900.45,1901.85,1895.45,1901.85,26076,KOTAKBANK
1130,2025-01-22 09:40:00+05:30,1901.8,1904.95,1901.05,1902.3,24781,KOTAKBANK
1131,2025-01-22 09:45:00+05:30,1902.05,1904.0,1898.15,1898.7,15718,KOTAKBANK
1132,2025-01-22 09:50:00+05:30,1899.35,1901.0,1897.1,1899.75,15352,KOTAKBANK
1133,2025-01-22 09:55:00+05:30,1899.75,1900.0,1896.0,1896.45,11289,KOTAKBANK
1134,2025-01-22 10:00:00+05:30,1896.4,1899.2,1894.8,1898.55,19498,KOTAKBANK
1135,2025-01-22 10:05:00+05:30,1898.6,1901.0,1897.95,1900.95,45536,KOTAKBANK
1136,2025-01-22 10:10:00+05:30,1900.85,1905.0,1900.0,1903.95,24572,KOTAKBANK
1137,2025-01-22 10:15:00+05:30,1904.45,1904.5,1901.45,1902.6,16685,KOTAKBANK
1138,2025-01-22 10:20:00+05:30,1902.6,1904.45,1902.0,1904.35,17323,KOTAKBANK
1139,2025-01-22 10:25:00+05:30,1904.4,1907.9,1904.15,1906.3,51007,KOTAKBANK
1140,2025-01-22 10:30:00+05:30,1906.55,1908.45,1904.95,1908.45,41431,KOTAKBANK
1141,2025-01-22 10:35:00+05:30,1908.45,1908.5,1902.0,1902.5,62068,KOTAKBANK
1142,2025-01-22 10:40:00+05:30,1902.2,1905.5,1901.9,1905.3,38737,KOTAKBANK
1143,2025-01-22 10:45:00+05:30,1905.25,1905.85,1903.25,1905.0,51254,KOTAKBANK
1144,2025-01-22 10:50:00+05:30,1905.0,1907.0,1904.0,1905.0,46383,KOTAKBANK
1145,2025-01-22 10:55:00+05:30,1905.05,1905.1,1904.45,1905.0,16760,KOTAKBANK
1146,2025-01-22 11:00:00+05:30,1905.05,1905.05,1901.3,1902.15,28243,KOTAKBANK
1147,2025-01-22 11:05:00+05:30,1902.15,1902.7,1899.75,1899.9,32345,KOTAKBANK
1148,2025-01-22 11:10:00+05:30,1899.9,1899.9,1896.2,1896.7,30065,KOTAKBANK
1149,2025-01-22 11:15:00+05:30,1896.55,1896.95,1894.1,1894.2,16141,KOTAKBANK
1150,2025-01-22 11:20:00+05:30,1894.4,1896.0,1893.6,1894.5,14893,KOTAKBANK
1151,2025-01-22 11:25:00+05:30,1894.7,1896.75,1893.15,1895.7,19101,KOTAKBANK
1152,2025-01-22 11:30:00+05:30,1896.15,1897.8,1893.4,1894.75,16739,KOTAKBANK
1153,2025-01-22 11:35:00+05:30,1894.5,1895.85,1894.05,1894.8,9253,KOTAKBANK
1154,2025-01-22 11:40:00+05:30,1894.95,1897.0,1894.8,1895.15,12727,KOTAKBANK
1155,2025-01-22 11:45:00+05:30,1895.15,1896.1,1893.05,1895.0,20513,KOTAKBANK
1156,2025-01-22 11:50:00+05:30,1895.05,1896.45,1895.0,1895.65,13129,KOTAKBANK
1157,2025-01-22 11:55:00+05:30,1895.6,1896.0,1891.45,1893.5,16586,KOTAKBANK
1158,2025-01-22 12:00:00+05:30,1893.55,1895.8,1892.0,1895.5,11089,KOTAKBANK
1159,2025-01-22 12:05:00+05:30,1895.5,1896.95,1892.7,1892.85,18862,KOTAKBANK
1160,2025-01-22 12:10:00+05:30,1892.65,1892.9,1889.9,1890.35,18349,KOTAKBANK
1161,2025-01-22 12:15:00+05:30,1890.65,1892.55,1888.45,1889.05,39462,KOTAKBANK
1162,2025-01-22 12:20:00+05:30,1889.05,1889.9,1887.05,1887.6,31097,KOTAKBANK
1163,2025-01-22 12:25:00+05:30,1887.65,1888.85,1887.05,1888.15,15196,KOTAKBANK
1164,2025-01-22 12:30:00+05:30,1888.1,1889.95,1887.7,1888.5,17224,KOTAKBANK
1165,2025-01-22 12:35:00+05:30,1888.8,1891.75,1888.6,1890.9,15727,KOTAKBANK
1166,2025-01-22 12:40:00+05:30,1890.85,1893.6,1890.15,1892.5,14796,KOTAKBANK
1167,2025-01-22 12:45:00+05:30,1892.35,1893.75,1890.0,1890.95,15947,KOTAKBANK
1168,2025-01-22 12:50:00+05:30,1890.8,1891.95,1889.7,1890.75,19240,KOTAKBANK
1169,2025-01-22 12:55:00+05:30,1891.25,1892.65,1890.6,1891.5,12896,KOTAKBANK
1170,2025-01-22 13:00:00+05:30,1891.5,1892.35,1889.55,1890.75,16449,KOTAKBANK
1171,2025-01-22 13:05:00+05:30,1891.05,1892.65,1890.0,1891.85,17170,KOTAKBANK
1172,2025-01-22 13:10:00+05:30,1891.85,1899.9,1891.65,1899.9,53614,KOTAKBANK
1173,2025-01-22 13:15:00+05:30,1899.95,1900.0,1898.05,1899.7,48125,KOTAKBANK
1174,2025-01-22 13:20:00+05:30,1899.7,1900.25,1898.7,1898.8,46787,KOTAKBANK
1175,2025-01-22 13:25:00+05:30,1899.05,1900.7,1898.05,1899.55,45600,KOTAKBANK
1176,2025-01-22 13:30:00+05:30,1899.25,1900.3,1897.8,1900.0,48613,KOTAKBANK
1177,2025-01-22 13:35:00+05:30,1900.0,1903.15,1899.0,1899.55,65854,KOTAKBANK
1178,2025-01-22 13:40:00+05:30,1899.55,1900.85,1897.7,1900.0,50511,KOTAKBANK
1179,2025-01-22 13:45:00+05:30,1900.0,1901.6,1900.0,1900.0,16709,KOTAKBANK
1180,2025-01-22 13:50:00+05:30,1900.3,1903.0,1900.0,1900.2,69255,KOTAKBANK
1181,2025-01-22 13:55:00+05:30,1900.2,1902.05,1900.0,1900.9,31544,KOTAKBANK
1182,2025-01-22 14:00:00+05:30,1900.75,1902.0,1899.75,1900.15,25818,KOTAKBANK
1183,2025-01-22 14:05:00+05:30,1900.05,1905.0,1900.0,1903.4,70944,KOTAKBANK
1184,2025-01-22 14:10:00+05:30,1903.9,1912.0,1902.7,1911.6,245840,KOTAKBANK
1185,2025-01-22 14:15:00+05:30,1911.6,1918.6,1911.0,1917.95,257313,KOTAKBANK
1186,2025-01-22 14:20:00+05:30,1917.9,1919.45,1915.3,1918.25,194920,KOTAKBANK
1187,2025-01-22 14:25:00+05:30,1918.15,1920.0,1914.3,1915.8,239107,KOTAKBANK
1188,2025-01-22 14:30:00+05:30,1915.85,1919.0,1915.0,1917.0,96721,KOTAKBANK
1189,2025-01-22 14:35:00+05:30,1917.0,1920.25,1916.4,1918.95,147739,KOTAKBANK
1190,2025-01-22 14:40:00+05:30,1918.9,1918.95,1914.0,1914.4,84464,KOTAKBANK
1191,2025-01-22 14:45:00+05:30,1914.4,1916.0,1911.9,1913.05,100577,KOTAKBANK
1192,2025-01-22 14:50:00+05:30,1913.05,1914.3,1912.65,1914.0,69949,KOTAKBANK
1193,2025-01-22 14:55:00+05:30,1914.0,1917.0,1912.55,1916.95,129912,KOTAKBANK
1194,2025-01-22 15:00:00+05:30,1916.95,1919.0,1913.9,1916.1,152299,KOTAKBANK
1195,2025-01-22 15:05:00+05:30,1916.1,1920.5,1916.05,1917.25,208024,KOTAKBANK
1196,2025-01-22 15:10:00+05:30,1917.3,1918.9,1915.65,1918.25,112666,KOTAKBANK
1197,2025-01-22 15:15:00+05:30,1918.25,1918.35,1915.75,1916.1,121308,KOTAKBANK
1198,2025-01-22 15:20:00+05:30,1916.2,1917.35,1915.65,1915.95,91981,KOTAKBANK
1199,2025-01-22 15:25:00+05:30,1915.95,1919.95,1915.1,1915.1,69734,KOTAKBANK
1200,2025-01-23 09:15:00+05:30,1907.1,1920.5,1907.1,1917.95,109158,KOTAKBANK
1201,2025-01-23 09:20:00+05:30,1917.85,1920.45,1916.6,1917.95,52773,KOTAKBANK
1202,2025-01-23 09:25:00+05:30,1917.9,1920.0,1915.85,1916.4,33712,KOTAKBANK
1203,2025-01-23 09:30:00+05:30,1916.3,1923.95,1916.0,1919.9,83825,KOTAKBANK
1204,2025-01-23 09:35:00+05:30,1919.8,1922.75,1917.5,1917.6,63519,KOTAKBANK
1205,2025-01-23 09:40:00+05:30,1918.0,1921.05,1916.75,1917.0,59189,KOTAKBANK
1206,2025-01-23 09:45:00+05:30,1916.95,1921.0,1916.25,1919.45,48057,KOTAKBANK
1207,2025-01-23 09:50:00+05:30,1919.0,1920.45,1916.2,1916.55,31715,KOTAKBANK
1208,2025-01-23 09:55:00+05:30,1916.75,1917.4,1913.0,1916.0,48756,KOTAKBANK
1209,2025-01-23 10:00:00+05:30,1916.45,1919.65,1913.2,1914.75,81529,KOTAKBANK
1210,2025-01-23 10:05:00+05:30,1914.75,1918.65,1913.0,1918.15,24419,KOTAKBANK
1211,2025-01-23 10:10:00+05:30,1917.6,1919.15,1916.4,1918.65,26767,KOTAKBANK
1212,2025-01-23 10:15:00+05:30,1918.45,1919.3,1914.5,1916.35,31739,KOTAKBANK
1213,2025-01-23 10:20:00+05:30,1916.1,1919.7,1915.8,1919.25,25241,KOTAKBANK
1214,2025-01-23 10:25:00+05:30,1919.5,1920.0,1918.0,1919.4,26625,KOTAKBANK
1215,2025-01-23 10:30:00+05:30,1918.5,1919.9,1916.1,1918.05,29963,KOTAKBANK
1216,2025-01-23 10:35:00+05:30,1918.0,1918.1,1915.9,1917.5,30511,KOTAKBANK
1217,2025-01-23 10:40:00+05:30,1917.25,1918.25,1915.6,1917.5,19199,KOTAKBANK
1218,2025-01-23 10:45:00+05:30,1917.5,1918.55,1911.8,1913.55,29183,KOTAKBANK
1219,2025-01-23 10:50:00+05:30,1913.55,1914.15,1910.35,1913.1,34605,KOTAKBANK
1220,2025-01-23 10:55:00+05:30,1913.5,1914.65,1911.95,1913.95,22243,KOTAKBANK
1221,2025-01-23 11:00:00+05:30,1913.2,1914.75,1910.8,1912.1,26262,KOTAKBANK
1222,2025-01-23 11:05:00+05:30,1912.5,1915.0,1911.45,1914.5,21800,KOTAKBANK
1223,2025-01-23 11:10:00+05:30,1913.95,1914.5,1909.1,1910.9,29357,KOTAKBANK
1224,2025-01-23 11:15:00+05:30,1910.9,1912.9,1909.6,1912.5,13816,KOTAKBANK
1225,2025-01-23 11:20:00+05:30,1912.5,1912.5,1910.1,1911.1,13393,KOTAKBANK
1226,2025-01-23 11:25:00+05:30,1911.0,1914.8,1910.35,1914.4,25784,KOTAKBANK
1227,2025-01-23 11:30:00+05:30,1914.4,1915.0,1911.6,1912.45,17847,KOTAKBANK
1228,2025-01-23 11:35:00+05:30,1912.35,1913.45,1910.75,1911.9,40090,KOTAKBANK
1229,2025-01-23 11:40:00+05:30,1911.95,1912.35,1910.25,1911.4,25717,KOTAKBANK
1230,2025-01-23 11:45:00+05:30,1911.35,1912.1,1910.0,1910.65,25376,KOTAKBANK
1231,2025-01-23 11:50:00+05:30,1910.55,1912.0,1909.55,1911.0,17483,KOTAKBANK
1232,2025-01-23 11:55:00+05:30,1911.4,1913.25,1910.65,1911.85,13477,KOTAKBANK
1233,2025-01-23 12:00:00+05:30,1911.3,1912.25,1909.3,1910.35,13736,KOTAKBANK
1234,2025-01-23 12:05:00+05:30,1910.35,1912.0,1909.35,1911.4,13415,KOTAKBANK
1235,2025-01-23 12:10:00+05:30,1911.4,1912.4,1908.25,1909.75,25254,KOTAKBANK
1236,2025-01-23 12:15:00+05:30,1909.95,1910.3,1908.1,1910.0,58915,KOTAKBANK
1237,2025-01-23 12:20:00+05:30,1910.0,1910.45,1909.2,1910.0,23266,KOTAKBANK
1238,2025-01-23 12:25:00+05:30,1910.0,1911.3,1909.05,1909.55,33751,KOTAKBANK
1239,2025-01-23 12:30:00+05:30,1909.35,1910.8,1909.1,1910.0,43181,KOTAKBANK
1240,2025-01-23 12:35:00+05:30,1910.0,1910.0,1908.4,1909.05,24967,KOTAKBANK
1241,2025-01-23 12:40:00+05:30,1909.05,1909.9,1908.55,1908.95,19911,KOTAKBANK
1242,2025-01-23 12:45:00+05:30,1908.95,1909.5,1907.1,1908.25,48521,KOTAKBANK
1243,2025-01-23 12:50:00+05:30,1908.25,1909.45,1907.5,1907.95,20906,KOTAKBANK
1244,2025-01-23 12:55:00+05:30,1907.95,1910.0,1907.5,1909.5,19606,KOTAKBANK
1245,2025-01-23 13:00:00+05:30,1909.5,1910.05,1907.5,1908.8,27631,KOTAKBANK
1246,2025-01-23 13:05:00+05:30,1908.75,1909.75,1907.45,1908.35,38405,KOTAKBANK
1247,2025-01-23 13:10:00+05:30,1908.3,1909.0,1907.35,1908.45,19963,KOTAKBANK
1248,2025-01-23 13:15:00+05:30,1908.45,1909.0,1907.65,1908.15,26001,KOTAKBANK
1249,2025-01-23 13:20:00+05:30,1908.15,1908.9,1907.45,1908.2,20965,KOTAKBANK
1250,2025-01-23 13:25:00+05:30,1908.2,1909.1,1907.45,1908.2,21286,KOTAKBANK
1251,2025-01-23 13:30:00+05:30,1908.2,1908.25,1903.65,1904.55,86639,KOTAKBANK
1252,2025-01-23 13:35:00+05:30,1904.5,1907.35,1903.0,1907.1,23311,KOTAKBANK
1253,2025-01-23 13:40:00+05:30,1907.15,1907.7,1904.8,1906.25,23832,KOTAKBANK
1254,2025-01-23 13:45:00+05:30,1906.25,1907.4,1904.9,1906.35,25542,KOTAKBANK
1255,2025-01-23 13:50:00+05:30,1906.35,1906.6,1904.45,1905.2,30543,KOTAKBANK
1256,2025-01-23 13:55:00+05:30,1905.2,1905.95,1903.05,1905.45,33287,KOTAKBANK
1257,2025-01-23 14:00:00+05:30,1905.5,1906.25,1901.65,1903.4,31167,KOTAKBANK
1258,2025-01-23 14:05:00+05:30,1903.4,1904.7,1902.0,1902.95,17689,KOTAKBANK
1259,2025-01-23 14:10:00+05:30,1902.95,1904.8,1902.1,1903.15,47608,KOTAKBANK
1260,2025-01-23 14:15:00+05:30,1903.65,1903.65,1901.2,1902.9,58425,KOTAKBANK
1261,2025-01-23 14:20:00+05:30,1902.85,1904.2,1900.1,1902.0,73190,KOTAKBANK
1262,2025-01-23 14:25:00+05:30,1902.0,1903.35,1900.35,1901.2,30971,KOTAKBANK
1263,2025-01-23 14:30:00+05:30,1901.15,1901.95,1899.0,1899.3,34028,KOTAKBANK
1264,2025-01-23 14:35:00+05:30,1899.3,1901.45,1898.35,1900.9,31786,KOTAKBANK
1265,2025-01-23 14:40:00+05:30,1901.1,1902.0,1900.35,1901.5,34115,KOTAKBANK
1266,2025-01-23 14:45:00+05:30,1901.9,1903.15,1900.65,1900.85,55571,KOTAKBANK
1267,2025-01-23 14:50:00+05:30,1900.85,1901.3,1896.2,1897.0,70752,KOTAKBANK
1268,2025-01-23 14:55:00+05:30,1896.95,1898.15,1895.0,1895.55,69960,KOTAKBANK
1269,2025-01-23 15:00:00+05:30,1895.55,1898.6,1895.05,1896.45,96014,KOTAKBANK
1270,2025-01-23 15:05:00+05:30,1896.45,1898.2,1895.0,1896.2,95339,KOTAKBANK
1271,2025-01-23 15:10:00+05:30,1896.65,1897.2,1892.3,1893.25,151690,KOTAKBANK
1272,2025-01-23 15:15:00+05:30,1893.3,1896.75,1892.1,1894.6,216569,KOTAKBANK
1273,2025-01-23 15:20:00+05:30,1895.05,1895.65,1893.2,1894.45,76323,KOTAKBANK
1274,2025-01-23 15:25:00+05:30,1894.45,1895.5,1892.1,1893.0,52264,KOTAKBANK
1275,2025-01-24 09:15:00+05:30,1891.0,1901.0,1883.6,1886.45,137597,KOTAKBANK
1276,2025-01-24 09:20:00+05:30,1886.55,1891.0,1882.05,1882.9,74314,KOTAKBANK
1277,2025-01-24 09:25:00+05:30,1882.05,1883.4,1879.2,1879.95,44707,KOTAKBANK
1278,2025-01-24 09:30:00+05:30,1879.45,1882.9,1878.65,1879.35,23244,KOTAKBANK
1279,2025-01-24 09:35:00+05:30,1879.35,1880.0,1875.0,1875.35,19527,KOTAKBANK
1280,2025-01-24 09:40:00+05:30,1875.35,1877.85,1873.05,1874.75,44577,KOTAKBANK
1281,2025-01-24 09:45:00+05:30,1874.95,1879.9,1874.55,1877.5,42969,KOTAKBANK
1282,2025-01-24 09:50:00+05:30,1877.5,1880.3,1876.45,1879.8,70340,KOTAKBANK
1283,2025-01-24 09:55:00+05:30,1879.9,1881.5,1879.4,1880.1,28591,KOTAKBANK
1284,2025-01-24 10:00:00+05:30,1880.0,1881.35,1875.2,1875.3,34933,KOTAKBANK
1285,2025-01-24 10:05:00+05:30,1875.7,1884.15,1875.7,1883.0,26912,KOTAKBANK
1286,2025-01-24 10:10:00+05:30,1883.95,1885.4,1882.05,1884.55,20439,KOTAKBANK
1287,2025-01-24 10:15:00+05:30,1885.15,1886.0,1883.4,1883.95,16973,KOTAKBANK
1288,2025-01-24 10:20:00+05:30,1883.95,1887.1,1882.5,1886.15,37125,KOTAKBANK
1289,2025-01-24 10:25:00+05:30,1886.65,1891.25,1885.45,1889.1,27351,KOTAKBANK
1290,2025-01-24 10:30:00+05:30,1889.1,1889.95,1886.0,1886.0,15227,KOTAKBANK
1291,2025-01-24 10:35:00+05:30,1885.6,1889.05,1884.8,1887.5,24376,KOTAKBANK
1292,2025-01-24 10:40:00+05:30,1887.8,1889.95,1886.1,1888.45,13632,KOTAKBANK
1293,2025-01-24 10:45:00+05:30,1888.8,1890.8,1886.95,1890.1,12922,KOTAKBANK
1294,2025-01-24 10:50:00+05:30,1889.75,1892.65,1888.8,1891.7,13846,KOTAKBANK
1295,2025-01-24 10:55:00+05:30,1892.35,1894.95,1890.0,1894.35,9442,KOTAKBANK
1296,2025-01-24 11:00:00+05:30,1894.95,1898.75,1893.55,1897.45,25709,KOTAKBANK
1297,2025-01-24 11:05:00+05:30,1897.2,1900.95,1895.8,1900.1,22072,KOTAKBANK
1298,2025-01-24 11:10:00+05:30,1900.25,1903.75,1898.25,1902.35,24590,KOTAKBANK
1299,2025-01-24 11:15:00+05:30,1902.85,1905.8,1901.1,1902.75,46589,KOTAKBANK
1300,2025-01-24 11:20:00+05:30,1902.8,1907.45,1902.8,1907.0,44693,KOTAKBANK
1301,2025-01-24 11:25:00+05:30,1906.6,1912.15,1906.55,1911.35,44596,KOTAKBANK
1302,2025-01-24 11:30:00+05:30,1911.75,1912.0,1909.5,1910.6,36204,KOTAKBANK
1303,2025-01-24 11:35:00+05:30,1910.6,1910.95,1905.6,1906.15,58196,KOTAKBANK
1304,2025-01-24 11:40:00+05:30,1906.15,1913.0,1905.7,1910.55,30193,KOTAKBANK
1305,2025-01-24 11:45:00+05:30,1910.55,1911.45,1908.55,1909.4,13811,KOTAKBANK
1306,2025-01-24 11:50:00+05:30,1909.05,1909.4,1905.7,1905.7,11631,KOTAKBANK
1307,2025-01-24 11:55:00+05:30,1906.25,1908.3,1905.0,1906.05,27221,KOTAKBANK
1308,2025-01-24 12:00:00+05:30,1906.0,1906.1,1902.7,1903.4,15782,KOTAKBANK
1309,2025-01-24 12:05:00+05:30,1903.8,1905.8,1903.0,1905.5,13518,KOTAKBANK
1310,2025-01-24 12:10:00+05:30,1905.0,1908.8,1904.95,1907.6,13873,KOTAKBANK
1311,2025-01-24 12:15:00+05:30,1907.5,1908.65,1907.0,1907.6,10044,KOTAKBANK
1312,2025-01-24 12:20:00+05:30,1907.6,1914.4,1907.15,1912.95,31122,KOTAKBANK
1313,2025-01-24 12:25:00+05:30,1913.45,1918.5,1911.55,1912.55,78156,KOTAKBANK
1314,2025-01-24 12:30:00+05:30,1913.5,1913.75,1896.25,1907.45,1623802,KOTAKBANK
1315,2025-01-24 12:35:00+05:30,1907.7,1908.7,1903.3,1906.4,54256,KOTAKBANK
1316,2025-01-24 12:40:00+05:30,1906.5,1906.85,1902.35,1902.35,21204,KOTAKBANK
1317,2025-01-24 12:45:00+05:30,1902.7,1903.6,1900.25,1901.8,32028,KOTAKBANK
1318,2025-01-24 12:50:00+05:30,1901.8,1904.4,1898.75,1900.95,39168,KOTAKBANK
1319,2025-01-24 12:55:00+05:30,1900.95,1902.7,1899.1,1899.6,31195,KOTAKBANK
1320,2025-01-24 13:00:00+05:30,1899.6,1901.0,1897.2,1898.5,26454,KOTAKBANK
1321,2025-01-24 13:05:00+05:30,1898.85,1900.15,1897.35,1899.65,18982,KOTAKBANK
1322,2025-01-24 13:10:00+05:30,1899.65,1900.85,1899.05,1899.65,14750,KOTAKBANK
1323,2025-01-24 13:15:00+05:30,1899.65,1899.8,1896.05,1896.6,19554,KOTAKBANK
1324,2025-01-24 13:20:00+05:30,1896.9,1896.9,1893.3,1894.75,67179,KOTAKBANK
1325,2025-01-24 13:25:00+05:30,1894.9,1895.85,1893.4,1894.6,13967,KOTAKBANK
1326,2025-01-24 13:30:00+05:30,1894.6,1895.8,1892.45,1894.9,24440,KOTAKBANK
1327,2025-01-24 13:35:00+05:30,1894.9,1895.45,1892.9,1893.75,28896,KOTAKBANK
1328,2025-01-24 13:40:00+05:30,1893.75,1895.4,1893.0,1894.05,19117,KOTAKBANK
1329,2025-01-24 13:45:00+05:30,1893.9,1894.7,1893.15,1893.9,15344,KOTAKBANK
1330,2025-01-24 13:50:00+05:30,1893.8,1896.45,1893.4,1894.5,23653,KOTAKBANK
1331,2025-01-24 13:55:00+05:30,1894.4,1895.05,1892.5,1893.0,10822,KOTAKBANK
1332,2025-01-24 14:00:00+05:30,1893.25,1893.35,1891.55,1892.9,29592,KOTAKBANK
1333,2025-01-24 14:05:00+05:30,1892.8,1894.0,1889.85,1890.1,70342,KOTAKBANK
1334,2025-01-24 14:10:00+05:30,1890.1,1890.2,1887.1,1887.7,24131,KOTAKBANK
1335,2025-01-24 14:15:00+05:30,1888.0,1888.3,1885.0,1885.0,16340,KOTAKBANK
1336,2025-01-24 14:20:00+05:30,1885.25,1885.8,1882.9,1883.05,20889,KOTAKBANK
1337,2025-01-24 14:25:00+05:30,1883.75,1885.45,1882.5,1884.15,16147,KOTAKBANK
1338,2025-01-24 14:30:00+05:30,1884.65,1887.2,1884.15,1884.3,12966,KOTAKBANK
1339,2025-01-24 14:35:00+05:30,1884.75,1885.45,1881.25,1881.4,20960,KOTAKBANK
1340,2025-01-24 14:40:00+05:30,1881.95,1882.95,1880.0,1881.2,32078,KOTAKBANK
1341,2025-01-24 14:45:00+05:30,1881.8,1883.7,1880.75,1881.2,11220,KOTAKBANK
1342,2025-01-24 14:50:00+05:30,1881.35,1883.45,1880.45,1882.65,14304,KOTAKBANK
1343,2025-01-24 14:55:00+05:30,1882.8,1886.1,1881.45,1885.25,11588,KOTAKBANK
1344,2025-01-24 15:00:00+05:30,1885.25,1886.5,1881.3,1881.3,70909,KOTAKBANK
1345,2025-01-24 15:05:00+05:30,1881.3,1884.4,1881.3,1883.55,34057,KOTAKBANK
1346,2025-01-24 15:10:00+05:30,1883.55,1884.3,1882.1,1884.25,32447,KOTAKBANK
1347,2025-01-24 15:15:00+05:30,1884.2,1888.45,1884.2,1888.45,73995,KOTAKBANK
1348,2025-01-24 15:20:00+05:30,1888.55,1890.05,1887.2,1889.65,85468,KOTAKBANK
1349,2025-01-24 15:25:00+05:30,1889.65,1890.1,1883.4,1883.4,71150,KOTAKBANK
1350,2025-01-27 09:15:00+05:30,1875.0,1898.8,1875.0,1884.3,44486,KOTAKBANK
1351,2025-01-27 09:20:00+05:30,1884.05,1884.6,1880.9,1881.85,23278,KOTAKBANK
1352,2025-01-27 09:25:00+05:30,1881.85,1883.45,1874.8,1877.05,20784,KOTAKBANK
1353,2025-01-27 09:30:00+05:30,1877.15,1879.9,1875.0,1876.9,25302,KOTAKBANK
1354,2025-01-27 09:35:00+05:30,1876.95,1879.0,1873.45,1875.9,10486,KOTAKBANK
1355,2025-01-27 09:40:00+05:30,1875.9,1879.5,1874.0,1876.45,9876,KOTAKBANK
1356,2025-01-27 09:45:00+05:30,1876.45,1879.45,1874.2,1878.0,19347,KOTAKBANK
1357,2025-01-27 09:50:00+05:30,1878.75,1883.4,1876.4,1876.65,22944,KOTAKBANK
1358,2025-01-27 09:55:00+05:30,1876.55,1878.35,1874.5,1875.5,18254,KOTAKBANK
1359,2025-01-27 10:00:00+05:30,1875.45,1877.35,1874.6,1875.0,14349,KOTAKBANK
1360,2025-01-27 10:05:00+05:30,1875.0,1875.95,1874.15,1874.3,19200,KOTAKBANK
1361,2025-01-27 10:10:00+05:30,1875.0,1875.6,1868.0,1870.0,47369,KOTAKBANK
1362,2025-01-27 10:15:00+05:30,1869.95,1873.0,1864.35,1865.55,23957,KOTAKBANK
1363,2025-01-27 10:20:00+05:30,1864.95,1871.2,1863.65,1870.0,29312,KOTAKBANK
1364,2025-01-27 10:25:00+05:30,1870.0,1871.45,1862.85,1862.85,30357,KOTAKBANK
1365,2025-01-27 10:30:00+05:30,1863.1,1869.4,1862.75,1868.95,15348,KOTAKBANK
1366,2025-01-27 10:35:00+05:30,1869.2,1869.25,1866.7,1868.0,9976,KOTAKBANK
1367,2025-01-27 10:40:00+05:30,1868.0,1872.55,1867.5,1871.25,10301,KOTAKBANK
1368,2025-01-27 10:45:00+05:30,1871.8,1877.5,1871.05,1873.8,26366,KOTAKBANK
1369,2025-01-27 10:50:00+05:30,1873.8,1876.4,1873.65,1873.9,5504,KOTAKBANK
1370,2025-01-27 10:55:00+05:30,1874.2,1874.85,1871.6,1872.65,7125,KOTAKBANK
1371,2025-01-27 11:00:00+05:30,1872.35,1872.65,1868.0,1869.45,6827,KOTAKBANK
1372,2025-01-27 11:05:00+05:30,1870.0,1872.6,1869.75,1871.65,6996,KOTAKBANK
1373,2025-01-27 11:10:00+05:30,1871.6,1874.5,1870.0,1872.45,19133,KOTAKBANK
1374,2025-01-27 11:15:00+05:30,1872.45,1879.4,1872.2,1876.55,13090,KOTAKBANK
1375,2025-01-27 11:20:00+05:30,1877.2,1878.0,1875.5,1876.05,12676,KOTAKBANK
1376,2025-01-27 11:25:00+05:30,1876.05,1879.45,1875.0,1879.1,4281,KOTAKBANK
1377,2025-01-27 11:30:00+05:30,1879.45,1880.9,1878.4,1880.2,15386,KOTAKBANK
1378,2025-01-27 11:35:00+05:30,1880.35,1881.95,1878.05,1879.0,5190,KOTAKBANK
1379,2025-01-27 11:40:00+05:30,1878.95,1881.45,1877.55,1880.0,7677,KOTAKBANK
1380,2025-01-27 11:45:00+05:30,1879.65,1884.6,1879.25,1884.0,10481,KOTAKBANK
1381,2025-01-27 11:50:00+05:30,1884.0,1885.65,1883.0,1883.75,49963,KOTAKBANK
1382,2025-01-27 11:55:00+05:30,1883.75,1886.0,1883.25,1885.6,16970,KOTAKBANK
1383,2025-01-27 12:00:00+05:30,1885.55,1888.45,1884.35,1887.5,22426,KOTAKBANK
1384,2025-01-27 12:05:00+05:30,1887.5,1888.0,1883.25,1884.0,14261,KOTAKBANK
1385,2025-01-27 12:10:00+05:30,1884.5,1885.75,1878.8,1879.15,71600,KOTAKBANK
1386,2025-01-27 12:15:00+05:30,1879.75,1885.0,1879.75,1884.75,67029,KOTAKBANK
1387,2025-01-27 12:20:00+05:30,1884.1,1890.3,1884.0,1890.3,31123,KOTAKBANK
1388,2025-01-27 12:25:00+05:30,1889.55,1893.55,1887.25,1893.4,33151,KOTAKBANK
1389,2025-01-27 12:30:00+05:30,1893.4,1893.8,1890.7,1892.5,40256,KOTAKBANK
1390,2025-01-27 12:35:00+05:30,1892.5,1893.75,1892.0,1892.5,25910,KOTAKBANK
1391,2025-01-27 12:40:00+05:30,1892.3,1893.85,1890.0,1890.55,37789,KOTAKBANK
1392,2025-01-27 12:45:00+05:30,1890.85,1892.0,1888.05,1889.3,52589,KOTAKBANK
1393,2025-01-27 12:50:00+05:30,1889.0,1891.8,1888.0,1890.6,26894,KOTAKBANK
1394,2025-01-27 12:55:00+05:30,1889.95,1889.95,1887.5,1888.8,25693,KOTAKBANK
1395,2025-01-27 13:00:00+05:30,1888.8,1890.05,1887.7,1888.5,26026,KOTAKBANK
1396,2025-01-27 13:05:00+05:30,1888.1,1890.55,1888.0,1889.8,12536,KOTAKBANK
1397,2025-01-27 13:10:00+05:30,1889.85,1889.9,1888.1,1889.3,16191,KOTAKBANK
1398,2025-01-27 13:15:00+05:30,1889.2,1889.9,1887.75,1888.85,22376,KOTAKBANK
1399,2025-01-27 13:20:00+05:30,1888.35,1890.3,1888.0,1889.3,25866,KOTAKBANK
1400,2025-01-27 13:25:00+05:30,1889.3,1889.95,1886.35,1888.45,27892,KOTAKBANK
1401,2025-01-27 13:30:00+05:30,1888.5,1889.9,1887.95,1889.0,45693,KOTAKBANK
1402,2025-01-27 13:35:00+05:30,1888.45,1889.65,1887.0,1888.7,42205,KOTAKBANK
1403,2025-01-27 13:40:00+05:30,1888.7,1889.4,1888.2,1889.4,13928,KOTAKBANK
1404,2025-01-27 13:45:00+05:30,1889.4,1889.7,1887.75,1887.85,15397,KOTAKBANK
1405,2025-01-27 13:50:00+05:30,1888.3,1889.1,1885.1,1885.9,20701,KOTAKBANK
1406,2025-01-27 13:55:00+05:30,1885.85,1890.15,1885.15,1889.25,31913,KOTAKBANK
1407,2025-01-27 14:00:00+05:30,1888.8,1890.0,1888.25,1889.55,13149,KOTAKBANK
1408,2025-01-27 14:05:00+05:30,1889.85,1890.8,1887.25,1887.75,14221,KOTAKBANK
1409,2025-01-27 14:10:00+05:30,1887.3,1889.05,1884.3,1887.05,29872,KOTAKBANK
1410,2025-01-27 14:15:00+05:30,1886.4,1889.75,1886.4,1889.45,22349,KOTAKBANK
1411,2025-01-27 14:20:00+05:30,1889.45,1890.0,1886.55,1888.35,19366,KOTAKBANK
1412,2025-01-27 14:25:00+05:30,1888.7,1889.0,1885.5,1886.25,17610,KOTAKBANK
1413,2025-01-27 14:30:00+05:30,1886.2,1886.95,1881.15,1881.3,35109,KOTAKBANK
1414,2025-01-27 14:35:00+05:30,1881.35,1883.15,1880.7,1881.7,51462,KOTAKBANK
1415,2025-01-27 14:40:00+05:30,1881.7,1884.1,1881.15,1883.25,26855,KOTAKBANK
1416,2025-01-27 14:45:00+05:30,1882.65,1883.75,1880.0,1880.25,33783,KOTAKBANK
1417,2025-01-27 14:50:00+05:30,1880.25,1884.55,1880.0,1884.1,31013,KOTAKBANK
1418,2025-01-27 14:55:00+05:30,1884.05,1885.9,1882.1,1882.45,30833,KOTAKBANK
1419,2025-01-27 15:00:00+05:30,1882.4,1883.6,1880.6,1882.0,31158,KOTAKBANK
1420,2025-01-27 15:05:00+05:30,1881.9,1883.0,1881.05,1882.55,53695,KOTAKBANK
1421,2025-01-27 15:10:00+05:30,1882.55,1883.0,1879.7,1881.05,33908,KOTAKBANK
1422,2025-01-27 15:15:00+05:30,1881.05,1882.45,1879.1,1881.95,37514,KOTAKBANK
1423,2025-01-27 15:20:00+05:30,1881.95,1882.8,1879.2,1880.15,54268,KOTAKBANK
1424,2025-01-27 15:25:00+05:30,1880.3,1882.5,1878.0,1878.7,38516,KOTAKBANK
1425,2025-01-28 09:15:00+05:30,1895.0,1895.0,1875.0,1881.4,296731,KOTAKBANK
1426,2025-01-28 09:20:00+05:30,1881.4,1882.5,1872.05,1875.25,92214,KOTAKBANK
1427,2025-01-28 09:25:00+05:30,1875.7,1880.05,1875.05,1876.55,71532,KOTAKBANK
1428,2025-01-28 09:30:00+05:30,1876.55,1877.1,1870.8,1873.0,55548,KOTAKBANK
1429,2025-01-28 09:35:00+05:30,1872.5,1874.6,1871.55,1872.75,55040,KOTAKBANK
1430,2025-01-28 09:40:00+05:30,1873.55,1876.0,1872.15,1872.25,82498,KOTAKBANK
1431,2025-01-28 09:45:00+05:30,1872.55,1879.9,1872.25,1877.45,53564,KOTAKBANK
1432,2025-01-28 09:50:00+05:30,1877.45,1881.3,1875.25,1879.85,131877,KOTAKBANK
1433,2025-01-28 09:55:00+05:30,1879.2,1882.5,1878.35,1880.0,58091,KOTAKBANK
1434,2025-01-28 10:00:00+05:30,1880.0,1881.0,1877.85,1877.95,61498,KOTAKBANK
1435,2025-01-28 10:05:00+05:30,1878.35,1879.85,1875.5,1876.75,28454,KOTAKBANK
1436,2025-01-28 10:10:00+05:30,1876.45,1880.3,1875.8,1880.0,52231,KOTAKBANK
1437,2025-01-28 10:15:00+05:30,1880.0,1883.0,1879.1,1882.75,98525,KOTAKBANK
1438,2025-01-28 10:20:00+05:30,1882.75,1884.9,1882.25,1882.5,56770,KOTAKBANK
1439,2025-01-28 10:25:00+05:30,1883.0,1885.8,1882.45,1884.95,99630,KOTAKBANK
1440,2025-01-28 10:30:00+05:30,1884.75,1885.7,1881.65,1882.25,29533,KOTAKBANK
1441,2025-01-28 10:35:00+05:30,1882.0,1882.95,1879.7,1880.5,40493,KOTAKBANK
1442,2025-01-28 10:40:00+05:30,1880.4,1882.85,1876.85,1878.5,178672,KOTAKBANK
1443,2025-01-28 10:45:00+05:30,1878.3,1883.85,1877.8,1881.65,60326,KOTAKBANK
1444,2025-01-28 10:50:00+05:30,1881.6,1883.5,1881.3,1883.4,15314,KOTAKBANK
1445,2025-01-28 10:55:00+05:30,1882.95,1883.5,1881.05,1882.45,33572,KOTAKBANK
1446,2025-01-28 11:00:00+05:30,1883.35,1884.0,1879.4,1880.85,86832,KOTAKBANK
1447,2025-01-28 11:05:00+05:30,1880.85,1882.15,1879.65,1880.0,33743,KOTAKBANK
1448,2025-01-28 11:10:00+05:30,1879.9,1884.0,1879.8,1883.3,35892,KOTAKBANK
1449,2025-01-28 11:15:00+05:30,1883.0,1883.7,1880.35,1880.85,62080,KOTAKBANK
1450,2025-01-28 11:20:00+05:30,1881.25,1882.35,1878.35,1880.0,38595,KOTAKBANK
1451,2025-01-28 11:25:00+05:30,1880.0,1882.5,1879.35,1881.4,25156,KOTAKBANK
1452,2025-01-28 11:30:00+05:30,1881.4,1882.3,1879.3,1880.0,32839,KOTAKBANK
1453,2025-01-28 11:35:00+05:30,1880.0,1883.7,1879.25,1882.85,34940,KOTAKBANK
1454,2025-01-28 11:40:00+05:30,1882.85,1883.9,1881.0,1882.15,45907,KOTAKBANK
1455,2025-01-28 11:45:00+05:30,1882.15,1885.0,1881.35,1884.95,47983,KOTAKBANK
1456,2025-01-28 11:50:00+05:30,1885.0,1890.0,1884.15,1889.3,102615,KOTAKBANK
1457,2025-01-28 11:55:00+05:30,1889.3,1889.8,1886.25,1886.8,31748,KOTAKBANK
1458,2025-01-28 12:00:00+05:30,1886.7,1889.5,1885.15,1887.45,23938,KOTAKBANK
1459,2025-01-28 12:05:00+05:30,1887.45,1887.9,1885.25,1886.2,38287,KOTAKBANK
1460,2025-01-28 12:10:00+05:30,1885.9,1888.95,1885.7,1888.6,26394,KOTAKBANK
1461,2025-01-28 12:15:00+05:30,1888.55,1889.9,1887.65,1889.75,33615,KOTAKBANK
1462,2025-01-28 12:20:00+05:30,1889.65,1890.0,1886.3,1888.45,43825,KOTAKBANK
1463,2025-01-28 12:25:00+05:30,1888.45,1890.0,1887.1,1889.4,47237,KOTAKBANK
1464,2025-01-28 12:30:00+05:30,1889.25,1890.35,1887.55,1888.0,73233,KOTAKBANK
1465,2025-01-28 12:35:00+05:30,1888.05,1889.3,1885.25,1886.3,131070,KOTAKBANK
1466,2025-01-28 12:40:00+05:30,1886.25,1890.05,1885.6,1889.3,112419,KOTAKBANK
1467,2025-01-28 12:45:00+05:30,1889.7,1895.0,1888.7,1891.55,138236,KOTAKBANK
1468,2025-01-28 12:50:00+05:30,1891.5,1894.0,1890.75,1892.85,63336,KOTAKBANK
1469,2025-01-28 12:55:00+05:30,1893.05,1893.7,1890.55,1890.55,44593,KOTAKBANK
1470,2025-01-28 13:00:00+05:30,1890.9,1893.05,1889.65,1891.5,38604,KOTAKBANK
1471,2025-01-28 13:05:00+05:30,1891.9,1894.3,1891.65,1893.45,41285,KOTAKBANK
1472,2025-01-28 13:10:00+05:30,1893.5,1894.8,1892.0,1893.9,30922,KOTAKBANK
1473,2025-01-28 13:15:00+05:30,1893.9,1894.9,1892.75,1894.0,44625,KOTAKBANK
1474,2025-01-28 13:20:00+05:30,1894.0,1894.05,1891.15,1892.3,38114,KOTAKBANK
1475,2025-01-28 13:25:00+05:30,1892.35,1894.1,1891.4,1891.5,43022,KOTAKBANK
1476,2025-01-28 13:30:00+05:30,1891.7,1894.6,1891.4,1893.9,50814,KOTAKBANK
1477,2025-01-28 13:35:00+05:30,1893.75,1894.5,1892.95,1893.65,61619,KOTAKBANK
1478,2025-01-28 13:40:00+05:30,1893.75,1894.25,1893.2,1893.4,38156,KOTAKBANK
1479,2025-01-28 13:45:00+05:30,1893.7,1894.0,1892.05,1892.8,29672,KOTAKBANK
1480,2025-01-28 13:50:00+05:30,1892.75,1893.55,1890.25,1892.35,32058,KOTAKBANK
1481,2025-01-28 13:55:00+05:30,1893.0,1893.2,1890.2,1892.25,33459,KOTAKBANK
1482,2025-01-28 14:00:00+05:30,1892.1,1894.0,1891.1,1892.2,34883,KOTAKBANK
1483,2025-01-28 14:05:00+05:30,1892.25,1893.2,1890.75,1892.0,67841,KOTAKBANK
1484,2025-01-28 14:10:00+05:30,1891.65,1892.0,1890.5,1890.6,61870,KOTAKBANK
1485,2025-01-28 14:15:00+05:30,1890.9,1895.0,1890.65,1894.85,53043,KOTAKBANK
1486,2025-01-28 14:20:00+05:30,1894.55,1898.85,1894.35,1898.85,47461,KOTAKBANK
1487,2025-01-28 14:25:00+05:30,1898.85,1905.0,1898.4,1902.3,130941,KOTAKBANK
1488,2025-01-28 14:30:00+05:30,1903.1,1903.5,1902.0,1903.0,75294,KOTAKBANK
1489,2025-01-28 14:35:00+05:30,1903.0,1903.6,1901.0,1901.1,73777,KOTAKBANK
1490,2025-01-28 14:40:00+05:30,1901.75,1902.25,1899.3,1901.45,89379,KOTAKBANK
1491,2025-01-28 14:45:00+05:30,1901.8,1901.95,1891.6,1895.15,141800,KOTAKBANK
1492,2025-01-28 14:50:00+05:30,1895.6,1895.65,1886.45,1888.3,174182,KOTAKBANK
1493,2025-01-28 14:55:00+05:30,1889.0,1895.95,1886.35,1894.0,102439,KOTAKBANK
1494,2025-01-28 15:00:00+05:30,1894.05,1895.0,1886.2,1887.95,158206,KOTAKBANK
1495,2025-01-28 15:05:00+05:30,1888.3,1889.1,1885.35,1887.0,117804,KOTAKBANK
1496,2025-01-28 15:10:00+05:30,1887.15,1890.75,1883.95,1888.3,100645,KOTAKBANK
1497,2025-01-28 15:15:00+05:30,1887.7,1888.9,1885.6,1888.2,78365,KOTAKBANK
1498,2025-01-28 15:20:00+05:30,1888.65,1888.85,1885.6,1886.95,80788,KOTAKBANK
1499,2025-01-28 15:25:00+05:30,1887.0,1888.75,1882.4,1887.0,69679,KOTAKBANK
1500,2025-01-29 09:15:00+05:30,1887.8,1895.4,1885.0,1893.0,92437,KOTAKBANK
1501,2025-01-29 09:20:00+05:30,1893.8,1897.6,1892.2,1893.75,57367,KOTAKBANK
1502,2025-01-29 09:25:00+05:30,1893.45,1894.0,1889.65,1891.15,44371,KOTAKBANK
1503,2025-01-29 09:30:00+05:30,1891.65,1899.0,1891.2,1898.7,24929,KOTAKBANK
1504,2025-01-29 09:35:00+05:30,1898.2,1901.0,1897.0,1899.0,23132,KOTAKBANK
1505,2025-01-29 09:40:00+05:30,1899.0,1903.7,1898.6,1902.95,27041,KOTAKBANK
1506,2025-01-29 09:45:00+05:30,1903.5,1903.8,1896.1,1897.75,34063,KOTAKBANK
1507,2025-01-29 09:50:00+05:30,1898.3,1900.0,1897.3,1898.0,12454,KOTAKBANK
1508,2025-01-29 09:55:00+05:30,1897.7,1899.0,1895.75,1898.45,13577,KOTAKBANK
1509,2025-01-29 10:00:00+05:30,1898.45,1899.65,1897.9,1898.9,14124,KOTAKBANK
1510,2025-01-29 10:05:00+05:30,1898.45,1903.8,1898.45,1903.8,34936,KOTAKBANK
1511,2025-01-29 10:10:00+05:30,1903.35,1907.0,1903.2,1906.5,29299,KOTAKBANK
1512,2025-01-29 10:15:00+05:30,1906.7,1909.9,1905.8,1907.0,29052,KOTAKBANK
1513,2025-01-29 10:20:00+05:30,1907.35,1910.8,1906.6,1910.0,47168,KOTAKBANK
1514,2025-01-29 10:25:00+05:30,1910.0,1910.85,1906.45,1907.65,14092,KOTAKBANK
1515,2025-01-29 10:30:00+05:30,1907.15,1909.35,1906.55,1908.15,17936,KOTAKBANK
1516,2025-01-29 10:35:00+05:30,1908.6,1910.3,1907.0,1907.4,13347,KOTAKBANK
1517,2025-01-29 10:40:00+05:30,1907.25,1907.8,1905.85,1907.5,9407,KOTAKBANK
1518,2025-01-29 10:45:00+05:30,1907.2,1909.0,1905.2,1909.0,23897,KOTAKBANK
1519,2025-01-29 10:50:00+05:30,1909.0,1914.7,1909.0,1913.0,41198,KOTAKBANK
1520,2025-01-29 10:55:00+05:30,1913.45,1914.25,1911.0,1914.0,41807,KOTAKBANK
1521,2025-01-29 11:00:00+05:30,1913.7,1914.1,1912.2,1913.5,23149,KOTAKBANK
1522,2025-01-29 11:05:00+05:30,1913.55,1914.05,1910.55,1913.0,13987,KOTAKBANK
1523,2025-01-29 11:10:00+05:30,1913.4,1913.4,1909.2,1911.0,11230,KOTAKBANK
1524,2025-01-29 11:15:00+05:30,1910.4,1912.0,1908.05,1910.0,24410,KOTAKBANK
1525,2025-01-29 11:20:00+05:30,1910.35,1913.0,1901.55,1902.95,40988,KOTAKBANK
1526,2025-01-29 11:25:00+05:30,1902.8,1910.65,1902.35,1910.65,23424,KOTAKBANK
1527,2025-01-29 11:30:00+05:30,1910.95,1919.0,1910.95,1914.15,92691,KOTAKBANK
1528,2025-01-29 11:35:00+05:30,1913.0,1914.0,1910.85,1913.55,19589,KOTAKBANK
1529,2025-01-29 11:40:00+05:30,1913.6,1918.3,1913.35,1917.3,23578,KOTAKBANK
1530,2025-01-29 11:45:00+05:30,1917.3,1919.0,1916.4,1918.5,19370,KOTAKBANK
1531,2025-01-29 11:50:00+05:30,1918.45,1919.4,1916.5,1918.5,25057,KOTAKBANK
1532,2025-01-29 11:55:00+05:30,1918.05,1918.95,1913.5,1914.0,78063,KOTAKBANK
1533,2025-01-29 12:00:00+05:30,1914.0,1917.9,1913.9,1915.75,78868,KOTAKBANK
1534,2025-01-29 12:05:00+05:30,1916.0,1916.0,1913.15,1914.0,18292,KOTAKBANK
1535,2025-01-29 12:10:00+05:30,1914.0,1916.7,1912.8,1914.0,26084,KOTAKBANK
1536,2025-01-29 12:15:00+05:30,1914.0,1918.0,1914.0,1917.15,13708,KOTAKBANK
1537,2025-01-29 12:20:00+05:30,1917.15,1917.95,1916.0,1916.4,13478,KOTAKBANK
1538,2025-01-29 12:25:00+05:30,1916.4,1917.0,1915.1,1916.95,16589,KOTAKBANK
1539,2025-01-29 12:30:00+05:30,1916.95,1919.7,1916.5,1918.55,18775,KOTAKBANK
1540,2025-01-29 12:35:00+05:30,1918.5,1921.0,1918.0,1918.4,29106,KOTAKBANK
1541,2025-01-29 12:40:00+05:30,1919.0,1920.15,1917.0,1919.95,13411,KOTAKBANK
1542,2025-01-29 12:45:00+05:30,1919.5,1920.0,1917.5,1918.1,10638,KOTAKBANK
1543,2025-01-29 12:50:00+05:30,1918.1,1921.0,1915.5,1916.45,25094,KOTAKBANK
1544,2025-01-29 12:55:00+05:30,1916.45,1917.85,1914.0,1914.9,14805,KOTAKBANK
1545,2025-01-29 13:00:00+05:30,1914.15,1918.0,1913.95,1916.75,44198,KOTAKBANK
1546,2025-01-29 13:05:00+05:30,1917.1,1919.25,1915.85,1918.85,14843,KOTAKBANK
1547,2025-01-29 13:10:00+05:30,1918.8,1918.85,1916.0,1916.5,21201,KOTAKBANK
1548,2025-01-29 13:15:00+05:30,1916.8,1918.85,1916.1,1918.5,19226,KOTAKBANK
1549,2025-01-29 13:20:00+05:30,1918.5,1918.85,1917.25,1918.8,22785,KOTAKBANK
1550,2025-01-29 13:25:00+05:30,1918.8,1920.5,1917.8,1920.35,23754,KOTAKBANK
1551,2025-01-29 13:30:00+05:30,1920.05,1920.85,1917.85,1918.95,32548,KOTAKBANK
1552,2025-01-29 13:35:00+05:30,1918.95,1920.5,1918.0,1920.45,16225,KOTAKBANK
1553,2025-01-29 13:40:00+05:30,1920.35,1923.0,1919.15,1921.1,69773,KOTAKBANK
1554,2025-01-29 13:45:00+05:30,1920.9,1921.0,1918.0,1918.85,14916,KOTAKBANK
1555,2025-01-29 13:50:00+05:30,1918.85,1919.95,1917.55,1919.85,46377,KOTAKBANK
1556,2025-01-29 13:55:00+05:30,1919.85,1923.3,1919.05,1922.95,20726,KOTAKBANK
1557,2025-01-29 14:00:00+05:30,1922.95,1924.0,1921.75,1922.9,43984,KOTAKBANK
1558,2025-01-29 14:05:00+05:30,1923.0,1923.0,1921.55,1922.0,16364,KOTAKBANK
1559,2025-01-29 14:10:00+05:30,1922.0,1922.6,1918.65,1921.6,37926,KOTAKBANK
1560,2025-01-29 14:15:00+05:30,1921.6,1922.0,1920.15,1920.15,16566,KOTAKBANK
1561,2025-01-29 14:20:00+05:30,1920.2,1921.65,1919.05,1920.4,18571,KOTAKBANK
1562,2025-01-29 14:25:00+05:30,1920.25,1921.3,1918.9,1920.5,20382,KOTAKBANK
1563,2025-01-29 14:30:00+05:30,1920.5,1921.0,1919.05,1919.65,18325,KOTAKBANK
1564,2025-01-29 14:35:00+05:30,1919.65,1921.6,1919.1,1920.0,45729,KOTAKBANK
1565,2025-01-29 14:40:00+05:30,1919.95,1920.75,1919.0,1920.45,31086,KOTAKBANK
1566,2025-01-29 14:45:00+05:30,1920.45,1922.95,1920.0,1921.1,30230,KOTAKBANK
1567,2025-01-29 14:50:00+05:30,1921.0,1922.0,1920.0,1921.8,26081,KOTAKBANK
1568,2025-01-29 14:55:00+05:30,1921.65,1922.0,1919.9,1921.35,51752,KOTAKBANK
1569,2025-01-29 15:00:00+05:30,1921.65,1921.75,1919.75,1919.8,46489,KOTAKBANK
1570,2025-01-29 15:05:00+05:30,1919.75,1920.05,1917.7,1919.25,73372,KOTAKBANK
1571,2025-01-29 15:10:00+05:30,1919.1,1919.25,1917.65,1919.0,39810,KOTAKBANK
1572,2025-01-29 15:15:00+05:30,1918.95,1922.0,1917.85,1921.85,57223,KOTAKBANK
1573,2025-01-29 15:20:00+05:30,1921.85,1922.0,1920.3,1921.8,54017,KOTAKBANK
1574,2025-01-29 15:25:00+05:30,1921.8,1924.7,1916.8,1922.9,53679,KOTAKBANK
1575,2025-01-30 09:15:00+05:30,1920.35,1925.95,1912.4,1915.35,100960,KOTAKBANK
1576,2025-01-30 09:20:00+05:30,1915.1,1920.0,1913.6,1919.6,60672,KOTAKBANK
1577,2025-01-30 09:25:00+05:30,1920.2,1924.5,1919.5,1922.25,62295,KOTAKBANK
1578,2025-01-30 09:30:00+05:30,1922.0,1938.1,1921.0,1932.3,243965,KOTAKBANK
1579,2025-01-30 09:35:00+05:30,1932.0,1937.95,1928.65,1929.8,114966,KOTAKBANK
1580,2025-01-30 09:40:00+05:30,1929.5,1930.55,1925.0,1928.8,76162,KOTAKBANK
1581,2025-01-30 09:45:00+05:30,1928.85,1932.0,1928.0,1928.0,86770,KOTAKBANK
1582,2025-01-30 09:50:00+05:30,1928.4,1928.85,1924.3,1926.45,45633,KOTAKBANK
1583,2025-01-30 09:55:00+05:30,1926.45,1927.8,1921.8,1922.5,22499,KOTAKBANK
1584,2025-01-30 10:00:00+05:30,1922.75,1927.0,1921.0,1924.45,33426,KOTAKBANK
1585,2025-01-30 10:05:00+05:30,1924.2,1928.35,1923.9,1927.4,18015,KOTAKBANK
1586,2025-01-30 10:10:00+05:30,1927.4,1928.2,1925.0,1925.35,18582,KOTAKBANK
1587,2025-01-30 10:15:00+05:30,1925.65,1925.85,1923.1,1924.55,22944,KOTAKBANK
1588,2025-01-30 10:20:00+05:30,1924.55,1929.0,1923.85,1927.7,32135,KOTAKBANK
1589,2025-01-30 10:25:00+05:30,1927.85,1928.25,1925.85,1927.4,15568,KOTAKBANK
1590,2025-01-30 10:30:00+05:30,1927.65,1928.15,1925.1,1927.25,17211,KOTAKBANK
1591,2025-01-30 10:35:00+05:30,1927.95,1928.1,1924.3,1924.6,17182,KOTAKBANK
1592,2025-01-30 10:40:00+05:30,1924.7,1926.5,1924.05,1925.2,17171,KOTAKBANK
1593,2025-01-30 10:45:00+05:30,1924.9,1925.35,1922.3,1923.45,90417,KOTAKBANK
1594,2025-01-30 10:50:00+05:30,1923.15,1924.3,1919.05,1919.3,31302,KOTAKBANK
1595,2025-01-30 10:55:00+05:30,1919.95,1920.0,1910.5,1913.95,59419,KOTAKBANK
1596,2025-01-30 11:00:00+05:30,1914.55,1915.55,1910.75,1912.05,35647,KOTAKBANK
1597,2025-01-30 11:05:00+05:30,1912.95,1919.0,1912.55,1918.1,55273,KOTAKBANK
1598,2025-01-30 11:10:00+05:30,1918.15,1919.85,1916.55,1917.35,62942,KOTAKBANK
1599,2025-01-30 11:15:00+05:30,1917.8,1920.7,1916.85,1920.2,45328,KOTAKBANK
1600,2025-01-30 11:20:00+05:30,1920.2,1920.25,1916.15,1918.05,70556,KOTAKBANK
1601,2025-01-30 11:25:00+05:30,1918.6,1919.4,1916.25,1918.05,26324,KOTAKBANK
1602,2025-01-30 11:30:00+05:30,1918.25,1918.45,1913.2,1914.85,40873,KOTAKBANK
1603,2025-01-30 11:35:00+05:30,1914.85,1918.45,1914.85,1915.6,29199,KOTAKBANK
1604,2025-01-30 11:40:00+05:30,1916.2,1918.9,1914.9,1916.8,23977,KOTAKBANK
1605,2025-01-30 11:45:00+05:30,1916.95,1917.9,1915.85,1916.5,24981,KOTAKBANK
1606,2025-01-30 11:50:00+05:30,1916.5,1918.15,1915.3,1917.1,24042,KOTAKBANK
1607,2025-01-30 11:55:00+05:30,1916.75,1918.2,1915.0,1915.65,24552,KOTAKBANK
1608,2025-01-30 12:00:00+05:30,1915.6,1916.95,1914.3,1915.0,18666,KOTAKBANK
1609,2025-01-30 12:05:00+05:30,1915.3,1918.25,1914.2,1917.55,40917,KOTAKBANK
1610,2025-01-30 12:10:00+05:30,1917.4,1917.8,1914.5,1914.5,19075,KOTAKBANK
1611,2025-01-30 12:15:00+05:30,1914.55,1916.65,1913.6,1915.65,28208,KOTAKBANK
1612,2025-01-30 12:20:00+05:30,1915.6,1916.75,1914.8,1915.25,12931,KOTAKBANK
1613,2025-01-30 12:25:00+05:30,1915.25,1916.3,1912.25,1912.75,31257,KOTAKBANK
1614,2025-01-30 12:30:00+05:30,1912.8,1913.45,1909.0,1909.55,45809,KOTAKBANK
1615,2025-01-30 12:35:00+05:30,1909.55,1911.25,1909.0,1909.95,17957,KOTAKBANK
1616,2025-01-30 12:40:00+05:30,1910.0,1911.0,1909.0,1910.7,23431,KOTAKBANK
1617,2025-01-30 12:45:00+05:30,1910.65,1911.0,1907.3,1908.75,27399,KOTAKBANK
1618,2025-01-30 12:50:00+05:30,1908.85,1910.0,1908.15,1908.85,13391,KOTAKBANK
1619,2025-01-30 12:55:00+05:30,1909.6,1910.0,1908.0,1908.1,22499,KOTAKBANK
1620,2025-01-30 13:00:00+05:30,1908.8,1909.3,1905.35,1906.6,19866,KOTAKBANK
1621,2025-01-30 13:05:00+05:30,1906.35,1908.0,1904.35,1906.15,22001,KOTAKBANK
1622,2025-01-30 13:10:00+05:30,1906.1,1906.6,1904.05,1904.1,21664,KOTAKBANK
1623,2025-01-30 13:15:00+05:30,1904.05,1906.45,1903.8,1905.25,21280,KOTAKBANK
1624,2025-01-30 13:20:00+05:30,1905.25,1907.45,1904.55,1905.7,20565,KOTAKBANK
1625,2025-01-30 13:25:00+05:30,1905.6,1906.35,1903.45,1903.8,15612,KOTAKBANK
1626,2025-01-30 13:30:00+05:30,1903.85,1904.7,1902.1,1903.4,24303,KOTAKBANK
1627,2025-01-30 13:35:00+05:30,1903.4,1905.85,1901.9,1902.85,75803,KOTAKBANK
1628,2025-01-30 13:40:00+05:30,1902.9,1904.45,1878.1,1887.95,292052,KOTAKBANK
1629,2025-01-30 13:45:00+05:30,1888.25,1894.25,1877.45,1893.05,144313,KOTAKBANK
1630,2025-01-30 13:50:00+05:30,1893.6,1895.15,1884.95,1892.8,145431,KOTAKBANK
1631,2025-01-30 13:55:00+05:30,1892.8,1898.7,1891.7,1897.15,78007,KOTAKBANK
1632,2025-01-30 14:00:00+05:30,1896.15,1900.9,1894.6,1899.65,47548,KOTAKBANK
1633,2025-01-30 14:05:00+05:30,1899.3,1902.9,1893.35,1893.9,81614,KOTAKBANK
1634,2025-01-30 14:10:00+05:30,1893.8,1895.25,1883.2,1893.05,127774,KOTAKBANK
1635,2025-01-30 14:15:00+05:30,1893.55,1902.0,1892.1,1900.0,58400,KOTAKBANK
1636,2025-01-30 14:20:00+05:30,1900.3,1900.65,1894.65,1899.55,99056,KOTAKBANK
1637,2025-01-30 14:25:00+05:30,1899.7,1902.75,1897.4,1902.3,46725,KOTAKBANK
1638,2025-01-30 14:30:00+05:30,1902.3,1902.7,1898.2,1901.45,69435,KOTAKBANK
1639,2025-01-30 14:35:00+05:30,1901.5,1901.7,1897.35,1899.7,75754,KOTAKBANK
1640,2025-01-30 14:40:00+05:30,1899.7,1902.0,1895.5,1896.75,49877,KOTAKBANK
1641,2025-01-30 14:45:00+05:30,1896.2,1902.55,1895.8,1902.3,74992,KOTAKBANK
1642,2025-01-30 14:50:00+05:30,1902.3,1903.55,1899.4,1901.05,50062,KOTAKBANK
1643,2025-01-30 14:55:00+05:30,1900.7,1902.0,1899.2,1902.0,35012,KOTAKBANK
1644,2025-01-30 15:00:00+05:30,1901.95,1903.25,1898.55,1900.2,93084,KOTAKBANK
1645,2025-01-30 15:05:00+05:30,1900.2,1903.1,1899.5,1900.05,98415,KOTAKBANK
1646,2025-01-30 15:10:00+05:30,1900.8,1903.3,1899.75,1902.0,116474,KOTAKBANK
1647,2025-01-30 15:15:00+05:30,1901.8,1902.95,1900.2,1901.35,91484,KOTAKBANK
1648,2025-01-30 15:20:00+05:30,1901.25,1903.0,1900.2,1901.75,105570,KOTAKBANK
1649,2025-01-30 15:25:00+05:30,1901.5,1905.0,1900.0,1903.8,80697,KOTAKBANK
1650,2025-01-31 09:15:00+05:30,1903.05,1908.95,1893.65,1895.2,50942,KOTAKBANK
1651,2025-01-31 09:20:00+05:30,1895.7,1897.9,1893.25,1895.15,22004,KOTAKBANK
1652,2025-01-31 09:25:00+05:30,1895.9,1898.0,1894.55,1895.0,24231,KOTAKBANK
1653,2025-01-31 09:30:00+05:30,1895.5,1899.25,1895.0,1898.9,18920,KOTAKBANK
1654,2025-01-31 09:35:00+05:30,1898.55,1905.0,1898.0,1904.35,59090,KOTAKBANK
1655,2025-01-31 09:40:00+05:30,1904.85,1905.95,1901.5,1904.55,12562,KOTAKBANK
1656,2025-01-31 09:45:00+05:30,1904.8,1904.8,1901.65,1902.15,11374,KOTAKBANK
1657,2025-01-31 09:50:00+05:30,1901.85,1902.15,1896.7,1897.6,11782,KOTAKBANK
1658,2025-01-31 09:55:00+05:30,1897.65,1899.8,1896.75,1898.05,15537,KOTAKBANK
1659,2025-01-31 10:00:00+05:30,1898.05,1900.7,1897.85,1898.2,13830,KOTAKBANK
1660,2025-01-31 10:05:00+05:30,1898.75,1898.95,1895.5,1896.6,10059,KOTAKBANK
1661,2025-01-31 10:10:00+05:30,1896.6,1897.9,1895.2,1897.15,8630,KOTAKBANK
1662,2025-01-31 10:15:00+05:30,1896.85,1900.0,1896.3,1899.95,20116,KOTAKBANK
1663,2025-01-31 10:20:00+05:30,1899.75,1901.7,1898.15,1899.35,14334,KOTAKBANK
1664,2025-01-31 10:25:00+05:30,1899.55,1900.05,1898.55,1899.65,13435,KOTAKBANK
1665,2025-01-31 10:30:00+05:30,1899.95,1903.0,1899.0,1901.65,20317,KOTAKBANK
1666,2025-01-31 10:35:00+05:30,1901.65,1902.85,1900.85,1901.8,13040,KOTAKBANK
1667,2025-01-31 10:40:00+05:30,1901.8,1904.8,1901.25,1904.1,26987,KOTAKBANK
1668,2025-01-31 10:45:00+05:30,1904.8,1905.0,1901.2,1902.6,130753,KOTAKBANK
1669,2025-01-31 10:50:00+05:30,1902.05,1903.0,1901.65,1902.5,12722,KOTAKBANK
1670,2025-01-31 10:55:00+05:30,1901.75,1903.35,1901.0,1902.7,33869,KOTAKBANK
1671,2025-01-31 11:00:00+05:30,1902.7,1903.65,1901.3,1903.0,34240,KOTAKBANK
1672,2025-01-31 11:05:00+05:30,1902.6,1903.0,1901.5,1901.5,8713,KOTAKBANK
1673,2025-01-31 11:10:00+05:30,1901.95,1903.5,1897.55,1898.0,107537,KOTAKBANK
1674,2025-01-31 11:15:00+05:30,1898.0,1899.95,1898.0,1899.95,21065,KOTAKBANK
1675,2025-01-31 11:20:00+05:30,1899.95,1901.9,1898.4,1900.0,35942,KOTAKBANK
1676,2025-01-31 11:25:00+05:30,1900.0,1900.65,1896.3,1896.9,19115,KOTAKBANK
1677,2025-01-31 11:30:00+05:30,1896.9,1899.0,1896.3,1896.9,18731,KOTAKBANK
1678,2025-01-31 11:35:00+05:30,1896.9,1897.55,1894.75,1894.75,18775,KOTAKBANK
1679,2025-01-31 11:40:00+05:30,1894.75,1897.1,1893.65,1894.4,27033,KOTAKBANK
1680,2025-01-31 11:45:00+05:30,1894.4,1895.0,1892.7,1894.15,23117,KOTAKBANK
1681,2025-01-31 11:50:00+05:30,1894.25,1895.65,1892.35,1894.1,51890,KOTAKBANK
1682,2025-01-31 11:55:00+05:30,1894.25,1898.4,1893.7,1897.65,26090,KOTAKBANK
1683,2025-01-31 12:00:00+05:30,1897.95,1900.0,1897.8,1897.95,20684,KOTAKBANK
1684,2025-01-31 12:05:00+05:30,1897.95,1898.2,1896.95,1897.35,11123,KOTAKBANK
1685,2025-01-31 12:10:00+05:30,1897.85,1898.85,1897.25,1897.85,14135,KOTAKBANK
1686,2025-01-31 12:15:00+05:30,1897.75,1898.0,1895.3,1896.25,16792,KOTAKBANK
1687,2025-01-31 12:20:00+05:30,1896.2,1898.0,1895.25,1896.7,11168,KOTAKBANK
1688,2025-01-31 12:25:00+05:30,1897.0,1897.95,1896.7,1897.1,9377,KOTAKBANK
1689,2025-01-31 12:30:00+05:30,1897.1,1901.0,1896.7,1899.35,41731,KOTAKBANK
1690,2025-01-31 12:35:00+05:30,1899.7,1900.8,1898.55,1899.95,28670,KOTAKBANK
1691,2025-01-31 12:40:00+05:30,1899.95,1900.5,1899.25,1899.75,17578,KOTAKBANK
1692,2025-01-31 12:45:00+05:30,1899.8,1901.35,1899.75,1901.3,45907,KOTAKBANK
1693,2025-01-31 12:50:00+05:30,1901.3,1902.0,1900.0,1900.55,24118,KOTAKBANK
1694,2025-01-31 12:55:00+05:30,1900.2,1901.0,1898.4,1900.0,30603,KOTAKBANK
1695,2025-01-31 13:00:00+05:30,1900.1,1900.5,1898.0,1898.5,28692,KOTAKBANK
1696,2025-01-31 13:05:00+05:30,1898.35,1901.45,1898.2,1901.05,17389,KOTAKBANK
1697,2025-01-31 13:10:00+05:30,1901.45,1902.3,1900.45,1901.65,29321,KOTAKBANK
1698,2025-01-31 13:15:00+05:30,1902.25,1903.75,1901.5,1903.65,36644,KOTAKBANK
1699,2025-01-31 13:20:00+05:30,1903.75,1903.9,1902.4,1903.75,23512,KOTAKBANK
1700,2025-01-31 13:25:00+05:30,1903.75,1903.8,1901.65,1902.0,23927,KOTAKBANK
1701,2025-01-31 13:30:00+05:30,1902.45,1903.2,1901.0,1902.5,24959,KOTAKBANK
1702,2025-01-31 13:35:00+05:30,1902.9,1903.45,1900.35,1901.1,19019,KOTAKBANK
1703,2025-01-31 13:40:00+05:30,1901.4,1902.25,1900.0,1900.0,25648,KOTAKBANK
1704,2025-01-31 13:45:00+05:30,1900.3,1901.0,1899.2,1900.8,18089,KOTAKBANK
1705,2025-01-31 13:50:00+05:30,1900.9,1901.85,1898.75,1899.35,20302,KOTAKBANK
1706,2025-01-31 13:55:00+05:30,1899.7,1900.6,1898.5,1899.2,19072,KOTAKBANK
1707,2025-01-31 14:00:00+05:30,1899.2,1899.55,1896.8,1897.3,22590,KOTAKBANK
1708,2025-01-31 14:05:00+05:30,1898.05,1898.2,1895.35,1895.9,15580,KOTAKBANK
1709,2025-01-31 14:10:00+05:30,1895.9,1896.35,1893.7,1894.25,17928,KOTAKBANK
1710,2025-01-31 14:15:00+05:30,1894.75,1895.05,1889.6,1892.6,41354,KOTAKBANK
1711,2025-01-31 14:20:00+05:30,1892.6,1896.25,1891.3,1895.15,15804,KOTAKBANK
1712,2025-01-31 14:25:00+05:30,1895.25,1895.4,1893.2,1894.3,17107,KOTAKBANK
1713,2025-01-31 14:30:00+05:30,1894.35,1895.8,1892.7,1895.55,15549,KOTAKBANK
1714,2025-01-31 14:35:00+05:30,1895.55,1896.5,1893.3,1895.6,24600,KOTAKBANK
1715,2025-01-31 14:40:00+05:30,1895.65,1896.9,1893.45,1894.25,32687,KOTAKBANK
1716,2025-01-31 14:45:00+05:30,1894.25,1895.0,1890.15,1890.4,17556,KOTAKBANK
1717,2025-01-31 14:50:00+05:30,1890.2,1894.5,1890.05,1892.95,24215,KOTAKBANK
1718,2025-01-31 14:55:00+05:30,1892.95,1895.0,1891.05,1894.05,25904,KOTAKBANK
1719,2025-01-31 15:00:00+05:30,1893.55,1899.4,1893.55,1898.95,67576,KOTAKBANK
1720,2025-01-31 15:05:00+05:30,1898.95,1901.3,1895.85,1901.15,69644,KOTAKBANK
1721,2025-01-31 15:10:00+05:30,1901.0,1903.45,1900.05,1901.6,83735,KOTAKBANK
1722,2025-01-31 15:15:00+05:30,1902.1,1903.75,1900.05,1903.65,75076,KOTAKBANK
1723,2025-01-31 15:20:00+05:30,1903.15,1907.15,1902.85,1903.6,134469,KOTAKBANK
1724,2025-01-31 15:25:00+05:30,1903.55,1903.8,1897.7,1900.0,134452,KOTAKBANK
1725,2025-02-01 09:15:00+05:30,1899.0,1908.95,1894.7,1896.35,23003,KOTAKBANK
1726,2025-02-01 09:20:00+05:30,1896.4,1897.7,1890.05,1890.25,20995,KOTAKBANK
1727,2025-02-01 09:25:00+05:30,1890.25,1892.1,1889.0,1889.05,22111,KOTAKBANK
1728,2025-02-01 09:30:00+05:30,1890.1,1901.1,1889.05,1900.2,16044,KOTAKBANK
1729,2025-02-01 09:35:00+05:30,1900.55,1901.9,1899.05,1900.3,8000,KOTAKBANK
1730,2025-02-01 09:40:00+05:30,1900.35,1903.3,1899.0,1901.35,5329,KOTAKBANK
1731,2025-02-01 09:45:00+05:30,1901.35,1905.95,1900.6,1904.1,23665,KOTAKBANK
1732,2025-02-01 09:50:00+05:30,1904.35,1905.35,1899.0,1903.6,35476,KOTAKBANK
1733,2025-02-01 09:55:00+05:30,1903.6,1904.4,1898.7,1903.2,12007,KOTAKBANK
1734,2025-02-01 10:00:00+05:30,1903.1,1903.8,1901.85,1902.55,3451,KOTAKBANK
1735,2025-02-01 10:05:00+05:30,1902.45,1904.35,1898.9,1902.25,11252,KOTAKBANK
1736,2025-02-01 10:10:00+05:30,1902.9,1913.8,1902.35,1910.85,69810,KOTAKBANK
1737,2025-02-01 10:15:00+05:30,1910.9,1912.0,1907.8,1909.4,24000,KOTAKBANK
1738,2025-02-01 10:20:00+05:30,1909.45,1912.0,1908.0,1911.15,6138,KOTAKBANK
1739,2025-02-01 10:25:00+05:30,1911.2,1911.45,1906.2,1907.6,10025,KOTAKBANK
1740,2025-02-01 10:30:00+05:30,1907.9,1908.4,1906.75,1908.15,4590,KOTAKBANK
1741,2025-02-01 10:35:00+05:30,1908.15,1908.2,1905.1,1905.1,5810,KOTAKBANK
1742,2025-02-01 10:40:00+05:30,1905.55,1910.0,1905.55,1909.5,7212,KOTAKBANK
1743,2025-02-01 10:45:00+05:30,1909.25,1912.55,1908.0,1909.9,19763,KOTAKBANK
1744,2025-02-01 10:50:00+05:30,1910.0,1911.25,1909.3,1910.75,5547,KOTAKBANK
1745,2025-02-01 10:55:00+05:30,1910.45,1910.95,1908.2,1909.2,7253,KOTAKBANK
1746,2025-02-01 11:00:00+05:30,1909.15,1910.0,1905.1,1909.4,14637,KOTAKBANK
1747,2025-02-01 11:05:00+05:30,1909.1,1910.0,1906.3,1909.8,3468,KOTAKBANK
1748,2025-02-01 11:10:00+05:30,1909.8,1910.25,1907.1,1909.95,5923,KOTAKBANK
1749,2025-02-01 11:15:00+05:30,1909.95,1911.0,1906.75,1911.0,25405,KOTAKBANK
1750,2025-02-01 11:20:00+05:30,1910.95,1911.0,1909.5,1910.8,9702,KOTAKBANK
1751,2025-02-01 11:25:00+05:30,1910.8,1915.0,1910.7,1914.35,26861,KOTAKBANK
1752,2025-02-01 11:30:00+05:30,1913.9,1917.05,1912.8,1916.75,11453,KOTAKBANK
1753,2025-02-01 11:35:00+05:30,1916.75,1917.15,1906.35,1909.95,29418,KOTAKBANK
1754,2025-02-01 11:40:00+05:30,1909.95,1914.85,1908.9,1914.85,15396,KOTAKBANK
1755,2025-02-01 11:45:00+05:30,1914.75,1915.1,1909.4,1909.9,12387,KOTAKBANK
1756,2025-02-01 11:50:00+05:30,1909.95,1914.35,1897.75,1898.9,32631,KOTAKBANK
1757,2025-02-01 11:55:00+05:30,1898.65,1901.0,1894.25,1894.75,22728,KOTAKBANK
1758,2025-02-01 12:00:00+05:30,1894.75,1902.75,1894.35,1899.45,15405,KOTAKBANK
1759,2025-02-01 12:05:00+05:30,1899.2,1902.0,1896.0,1897.2,16593,KOTAKBANK
1760,2025-02-01 12:10:00+05:30,1897.2,1907.95,1887.4,1889.0,25898,KOTAKBANK
1761,2025-02-01 12:15:00+05:30,1888.8,1892.2,1885.6,1889.85,29515,KOTAKBANK
1762,2025-02-01 12:20:00+05:30,1889.15,1892.0,1885.5,1889.05,18837,KOTAKBANK
1763,2025-02-01 12:25:00+05:30,1889.05,1894.55,1878.55,1878.75,18345,KOTAKBANK
1764,2025-02-01 12:30:00+05:30,1878.8,1882.45,1878.8,1880.75,9085,KOTAKBANK
1765,2025-02-01 12:35:00+05:30,1880.1,1894.0,1879.75,1893.2,29006,KOTAKBANK
1766,2025-02-01 12:40:00+05:30,1892.05,1899.4,1890.35,1893.35,20948,KOTAKBANK
1767,2025-02-01 12:45:00+05:30,1893.35,1898.85,1893.35,1897.55,5561,KOTAKBANK
1768,2025-02-01 12:50:00+05:30,1897.05,1897.8,1890.0,1890.8,17271,KOTAKBANK
1769,2025-02-01 12:55:00+05:30,1890.4,1894.1,1890.1,1893.0,5558,KOTAKBANK
1770,2025-02-01 13:00:00+05:30,1892.95,1893.25,1888.65,1889.95,1729,KOTAKBANK
1771,2025-02-01 13:05:00+05:30,1889.8,1889.95,1875.5,1876.25,15118,KOTAKBANK
1772,2025-02-01 13:10:00+05:30,1875.85,1885.25,1871.6,1883.15,11904,KOTAKBANK
1773,2025-02-01 13:15:00+05:30,1883.25,1884.0,1873.1,1879.0,9200,KOTAKBANK
1774,2025-02-01 13:20:00+05:30,1878.4,1886.5,1877.75,1886.25,9261,KOTAKBANK
1775,2025-02-01 13:25:00+05:30,1886.3,1892.9,1885.4,1892.45,6885,KOTAKBANK
1776,2025-02-01 13:30:00+05:30,1891.7,1894.3,1890.6,1891.15,3077,KOTAKBANK
1777,2025-02-01 13:35:00+05:30,1890.1,1892.9,1885.4,1892.5,3863,KOTAKBANK
1778,2025-02-01 13:40:00+05:30,1892.25,1897.15,1891.5,1896.3,3897,KOTAKBANK
1779,2025-02-01 13:45:00+05:30,1895.75,1898.9,1895.75,1898.3,5999,KOTAKBANK
1780,2025-02-01 13:50:00+05:30,1897.45,1899.85,1897.45,1899.85,5122,KOTAKBANK
1781,2025-02-01 13:55:00+05:30,1899.5,1907.0,1899.5,1907.0,20833,KOTAKBANK
1782,2025-02-01 14:00:00+05:30,1907.0,1909.9,1901.95,1902.0,22499,KOTAKBANK
1783,2025-02-01 14:05:00+05:30,1903.2,1904.0,1901.6,1903.8,5103,KOTAKBANK
1784,2025-02-01 14:10:00+05:30,1903.8,1904.7,1902.0,1902.85,8406,KOTAKBANK
1785,2025-02-01 14:15:00+05:30,1901.8,1905.0,1900.45,1904.85,12856,KOTAKBANK
1786,2025-02-01 14:20:00+05:30,1904.6,1909.8,1904.6,1908.7,17208,KOTAKBANK
1787,2025-02-01 14:25:00+05:30,1908.7,1908.85,1905.2,1906.5,5849,KOTAKBANK
1788,2025-02-01 14:30:00+05:30,1906.05,1911.55,1902.15,1903.7,10598,KOTAKBANK
1789,2025-02-01 14:35:00+05:30,1903.45,1907.45,1903.15,1904.85,13871,KOTAKBANK
1790,2025-02-01 14:40:00+05:30,1904.35,1907.75,1903.75,1905.6,4174,KOTAKBANK
1791,2025-02-01 14:45:00+05:30,1905.6,1910.95,1905.4,1907.85,13143,KOTAKBANK
1792,2025-02-01 14:50:00+05:30,1907.85,1909.5,1905.0,1908.2,7259,KOTAKBANK
1793,2025-02-01 14:55:00+05:30,1907.6,1909.0,1906.1,1908.55,10152,KOTAKBANK
1794,2025-02-01 15:00:00+05:30,1908.45,1910.0,1904.6,1905.5,13168,KOTAKBANK
1795,2025-02-01 15:05:00+05:30,1905.5,1906.45,1901.7,1902.65,19103,KOTAKBANK
1796,2025-02-01 15:10:00+05:30,1902.7,1902.95,1900.7,1901.45,7215,KOTAKBANK
1797,2025-02-01 15:15:00+05:30,1901.4,1903.55,1899.85,1901.9,16152,KOTAKBANK
1798,2025-02-01 15:20:00+05:30,1901.8,1902.0,1897.4,1898.3,16986,KOTAKBANK
1799,2025-02-01 15:25:00+05:30,1898.3,1912.0,1896.75,1910.7,31431,KOTAKBANK
1800,2025-02-03 09:15:00+05:30,1893.6,1901.45,1887.3,1893.65,149947,KOTAKBANK
1801,2025-02-03 09:20:00+05:30,1893.3,1899.85,1892.9,1898.85,31688,KOTAKBANK
1802,2025-02-03 09:25:00+05:30,1898.8,1902.5,1896.5,1902.5,34828,KOTAKBANK
1803,2025-02-03 09:30:00+05:30,1902.5,1903.8,1900.05,1901.0,32109,KOTAKBANK
1804,2025-02-03 09:35:00+05:30,1900.95,1900.95,1894.65,1895.45,29714,KOTAKBANK
1805,2025-02-03 09:40:00+05:30,1895.45,1898.4,1893.25,1893.25,32944,KOTAKBANK
1806,2025-02-03 09:45:00+05:30,1893.2,1898.15,1892.65,1896.55,41237,KOTAKBANK
1807,2025-02-03 09:50:00+05:30,1896.55,1897.4,1894.0,1895.35,28194,KOTAKBANK
1808,2025-02-03 09:55:00+05:30,1895.4,1897.0,1892.3,1892.65,52813,KOTAKBANK
1809,2025-02-03 10:00:00+05:30,1892.6,1893.95,1890.7,1893.65,33048,KOTAKBANK
1810,2025-02-03 10:05:00+05:30,1893.65,1901.85,1893.15,1899.4,30033,KOTAKBANK
1811,2025-02-03 10:10:00+05:30,1899.15,1899.4,1892.85,1893.55,46501,KOTAKBANK
1812,2025-02-03 10:15:00+05:30,1892.8,1896.45,1892.8,1895.15,67543,KOTAKBANK
1813,2025-02-03 10:20:00+05:30,1895.05,1901.85,1893.7,1900.5,44497,KOTAKBANK
1814,2025-02-03 10:25:00+05:30,1900.25,1900.5,1897.1,1899.05,19759,KOTAKBANK
1815,2025-02-03 10:30:00+05:30,1898.4,1899.6,1895.15,1896.3,21751,KOTAKBANK
1816,2025-02-03 10:35:00+05:30,1896.3,1897.3,1894.05,1894.75,14429,KOTAKBANK
1817,2025-02-03 10:40:00+05:30,1894.75,1895.2,1891.8,1894.25,80509,KOTAKBANK
1818,2025-02-03 10:45:00+05:30,1894.25,1895.9,1892.85,1893.9,47938,KOTAKBANK
1819,2025-02-03 10:50:00+05:30,1893.55,1895.7,1893.0,1894.05,19940,KOTAKBANK
1820,2025-02-03 10:55:00+05:30,1894.0,1894.0,1891.2,1892.7,18212,KOTAKBANK
1821,2025-02-03 11:00:00+05:30,1892.7,1893.3,1891.55,1892.8,14430,KOTAKBANK
1822,2025-02-03 11:05:00+05:30,1892.1,1895.2,1892.1,1894.25,23416,KOTAKBANK
1823,2025-02-03 11:10:00+05:30,1894.5,1896.2,1893.1,1895.0,74014,KOTAKBANK
1824,2025-02-03 11:15:00+05:30,1894.45,1895.9,1894.0,1895.5,26509,KOTAKBANK
1825,2025-02-03 11:20:00+05:30,1895.45,1895.75,1894.0,1894.6,21718,KOTAKBANK
1826,2025-02-03 11:25:00+05:30,1894.6,1895.6,1892.9,1894.05,12569,KOTAKBANK
1827,2025-02-03 11:30:00+05:30,1893.3,1894.45,1892.05,1892.95,13076,KOTAKBANK
1828,2025-02-03 11:35:00+05:30,1893.0,1893.85,1890.55,1891.5,17519,KOTAKBANK
1829,2025-02-03 11:40:00+05:30,1891.5,1893.75,1890.35,1893.1,15941,KOTAKBANK
1830,2025-02-03 11:45:00+05:30,1893.25,1895.0,1891.4,1891.9,19824,KOTAKBANK
1831,2025-02-03 11:50:00+05:30,1891.65,1891.65,1888.25,1888.55,16639,KOTAKBANK
1832,2025-02-03 11:55:00+05:30,1888.5,1890.0,1888.25,1889.55,10173,KOTAKBANK
1833,2025-02-03 12:00:00+05:30,1889.8,1891.7,1888.15,1890.3,20196,KOTAKBANK
1834,2025-02-03 12:05:00+05:30,1890.6,1891.0,1888.4,1889.45,14160,KOTAKBANK
1835,2025-02-03 12:10:00+05:30,1889.5,1892.0,1889.45,1891.1,18765,KOTAKBANK
1836,2025-02-03 12:15:00+05:30,1891.15,1891.25,1888.7,1889.4,23989,KOTAKBANK
1837,2025-02-03 12:20:00+05:30,1889.35,1890.3,1888.0,1889.3,17034,KOTAKBANK
1838,2025-02-03 12:25:00+05:30,1889.45,1890.15,1886.1,1887.95,22258,KOTAKBANK
1839,2025-02-03 12:30:00+05:30,1887.1,1888.9,1886.6,1888.0,15258,KOTAKBANK
1840,2025-02-03 12:35:00+05:30,1888.0,1890.0,1887.05,1888.95,20058,KOTAKBANK
1841,2025-02-03 12:40:00+05:30,1888.95,1889.5,1887.4,1888.05,14985,KOTAKBANK
1842,2025-02-03 12:45:00+05:30,1888.15,1888.95,1886.7,1887.8,14164,KOTAKBANK
1843,2025-02-03 12:50:00+05:30,1887.8,1887.8,1886.15,1886.85,13959,KOTAKBANK
1844,2025-02-03 12:55:00+05:30,1886.85,1887.9,1885.8,1887.35,32698,KOTAKBANK
1845,2025-02-03 13:00:00+05:30,1887.35,1892.15,1885.7,1892.0,69155,KOTAKBANK
1846,2025-02-03 13:05:00+05:30,1891.65,1895.0,1890.45,1894.05,69069,KOTAKBANK
1847,2025-02-03 13:10:00+05:30,1894.05,1894.65,1892.0,1893.25,50377,KOTAKBANK
1848,2025-02-03 13:15:00+05:30,1893.25,1893.85,1890.5,1891.55,35796,KOTAKBANK
1849,2025-02-03 13:20:00+05:30,1891.55,1892.65,1890.55,1890.7,25231,KOTAKBANK
1850,2025-02-03 13:25:00+05:30,1890.7,1891.8,1889.85,1890.35,19990,KOTAKBANK
1851,2025-02-03 13:30:00+05:30,1890.35,1892.15,1889.95,1891.0,34821,KOTAKBANK
1852,2025-02-03 13:35:00+05:30,1891.0,1891.0,1888.1,1888.9,25791,KOTAKBANK
1853,2025-02-03 13:40:00+05:30,1888.9,1889.85,1887.95,1889.15,26649,KOTAKBANK
1854,2025-02-03 13:45:00+05:30,1889.15,1890.35,1888.0,1889.45,23359,KOTAKBANK
1855,2025-02-03 13:50:00+05:30,1889.45,1889.45,1885.55,1886.65,26431,KOTAKBANK
1856,2025-02-03 13:55:00+05:30,1886.65,1887.65,1885.3,1885.8,25943,KOTAKBANK
1857,2025-02-03 14:00:00+05:30,1885.8,1887.15,1885.3,1886.65,28190,KOTAKBANK
1858,2025-02-03 14:05:00+05:30,1886.65,1888.0,1885.7,1885.85,32526,KOTAKBANK
1859,2025-02-03 14:10:00+05:30,1885.75,1887.7,1885.4,1886.6,27537,KOTAKBANK
1860,2025-02-03 14:15:00+05:30,1886.6,1886.7,1885.45,1886.05,25475,KOTAKBANK
1861,2025-02-03 14:20:00+05:30,1886.25,1887.1,1885.1,1886.05,33124,KOTAKBANK
1862,2025-02-03 14:25:00+05:30,1886.05,1887.45,1885.1,1887.3,42325,KOTAKBANK
1863,2025-02-03 14:30:00+05:30,1887.3,1887.95,1885.55,1886.9,33556,KOTAKBANK
1864,2025-02-03 14:35:00+05:30,1886.85,1887.4,1885.7,1886.65,36652,KOTAKBANK
1865,2025-02-03 14:40:00+05:30,1886.6,1887.0,1885.45,1886.15,34226,KOTAKBANK
1866,2025-02-03 14:45:00+05:30,1886.15,1887.1,1885.2,1885.5,39651,KOTAKBANK
1867,2025-02-03 14:50:00+05:30,1885.45,1886.4,1884.3,1885.2,54727,KOTAKBANK
1868,2025-02-03 14:55:00+05:30,1885.25,1887.3,1885.2,1885.9,85801,KOTAKBANK
1869,2025-02-03 15:00:00+05:30,1886.0,1887.65,1881.55,1883.9,250633,KOTAKBANK
1870,2025-02-03 15:05:00+05:30,1883.85,1886.95,1882.75,1885.6,145368,KOTAKBANK
1871,2025-02-03 15:10:00+05:30,1885.65,1886.7,1883.75,1884.65,173024,KOTAKBANK
1872,2025-02-03 15:15:00+05:30,1884.65,1885.7,1882.2,1883.3,221501,KOTAKBANK
1873,2025-02-03 15:20:00+05:30,1883.25,1886.0,1882.4,1885.4,133173,KOTAKBANK
1874,2025-02-03 15:25:00+05:30,1885.4,1887.0,1884.35,1885.85,108851,KOTAKBANK
1875,2025-02-04 09:15:00+05:30,1891.05,1896.35,1882.2,1884.25,65132,KOTAKBANK
1876,2025-02-04 09:20:00+05:30,1884.7,1895.0,1884.7,1889.65,65320,KOTAKBANK
1877,2025-02-04 09:25:00+05:30,1889.65,1894.0,1886.1,1886.4,38005,KOTAKBANK
1878,2025-02-04 09:30:00+05:30,1886.4,1887.6,1881.0,1886.6,57372,KOTAKBANK
1879,2025-02-04 09:35:00+05:30,1886.8,1893.95,1884.8,1892.35,63434,KOTAKBANK
1880,2025-02-04 09:40:00+05:30,1892.35,1896.1,1891.2,1893.8,31566,KOTAKBANK
1881,2025-02-04 09:45:00+05:30,1893.75,1898.5,1893.6,1897.25,28648,KOTAKBANK
1882,2025-02-04 09:50:00+05:30,1897.55,1897.55,1891.0,1892.15,27159,KOTAKBANK
1883,2025-02-04 09:55:00+05:30,1892.2,1892.75,1888.0,1888.0,32197,KOTAKBANK
1884,2025-02-04 10:00:00+05:30,1888.0,1892.2,1888.0,1892.0,22108,KOTAKBANK
1885,2025-02-04 10:05:00+05:30,1892.1,1895.55,1889.15,1889.4,25498,KOTAKBANK
1886,2025-02-04 10:10:00+05:30,1889.4,1890.35,1884.35,1885.55,44329,KOTAKBANK
1887,2025-02-04 10:15:00+05:30,1885.65,1888.15,1884.35,1885.95,25957,KOTAKBANK
1888,2025-02-04 10:20:00+05:30,1885.95,1890.0,1885.9,1887.35,36721,KOTAKBANK
1889,2025-02-04 10:25:00+05:30,1887.35,1887.9,1884.5,1885.75,27668,KOTAKBANK
1890,2025-02-04 10:30:00+05:30,1885.7,1887.25,1885.1,1885.35,21071,KOTAKBANK
1891,2025-02-04 10:35:00+05:30,1885.35,1885.35,1877.2,1877.8,59145,KOTAKBANK
1892,2025-02-04 10:40:00+05:30,1878.35,1883.4,1877.4,1882.3,30720,KOTAKBANK
1893,2025-02-04 10:45:00+05:30,1882.2,1883.95,1880.5,1881.9,23257,KOTAKBANK
1894,2025-02-04 10:50:00+05:30,1881.8,1883.9,1879.25,1879.9,18568,KOTAKBANK
1895,2025-02-04 10:55:00+05:30,1879.9,1883.9,1879.9,1882.9,14379,KOTAKBANK
1896,2025-02-04 11:00:00+05:30,1882.9,1883.9,1882.05,1883.15,18440,KOTAKBANK
1897,2025-02-04 11:05:00+05:30,1883.2,1886.05,1882.25,1882.75,16875,KOTAKBANK
1898,2025-02-04 11:10:00+05:30,1882.75,1885.15,1881.35,1884.95,28382,KOTAKBANK
1899,2025-02-04 11:15:00+05:30,1884.95,1885.95,1883.45,1884.45,17047,KOTAKBANK
1900,2025-02-04 11:20:00+05:30,1884.4,1886.0,1882.15,1883.05,26526,KOTAKBANK
1901,2025-02-04 11:25:00+05:30,1883.0,1886.2,1882.65,1883.75,38575,KOTAKBANK
1902,2025-02-04 11:30:00+05:30,1883.7,1885.15,1882.3,1883.3,49959,KOTAKBANK
1903,2025-02-04 11:35:00+05:30,1883.5,1884.0,1882.45,1882.85,22419,KOTAKBANK
1904,2025-02-04 11:40:00+05:30,1883.6,1884.2,1882.05,1883.5,32907,KOTAKBANK
1905,2025-02-04 11:45:00+05:30,1883.5,1889.9,1882.9,1889.9,39492,KOTAKBANK
1906,2025-02-04 11:50:00+05:30,1889.9,1891.0,1885.35,1887.25,51912,KOTAKBANK
1907,2025-02-04 11:55:00+05:30,1887.3,1887.85,1885.85,1886.15,16476,KOTAKBANK
1908,2025-02-04 12:00:00+05:30,1886.2,1886.3,1883.35,1884.45,20841,KOTAKBANK
1909,2025-02-04 12:05:00+05:30,1884.8,1885.85,1883.55,1885.5,13735,KOTAKBANK
1910,2025-02-04 12:10:00+05:30,1885.7,1890.0,1884.5,1889.95,146685,KOTAKBANK
1911,2025-02-04 12:15:00+05:30,1890.0,1894.95,1889.9,1893.5,35985,KOTAKBANK
1912,2025-02-04 12:20:00+05:30,1893.75,1896.75,1891.55,1896.4,34559,KOTAKBANK
1913,2025-02-04 12:25:00+05:30,1896.5,1900.0,1894.95,1899.7,59242,KOTAKBANK
1914,2025-02-04 12:30:00+05:30,1899.7,1902.3,1897.1,1902.05,60265,KOTAKBANK
1915,2025-02-04 12:35:00+05:30,1902.3,1904.4,1900.2,1901.9,45883,KOTAKBANK
1916,2025-02-04 12:40:00+05:30,1902.55,1904.7,1900.55,1903.7,58078,KOTAKBANK
1917,2025-02-04 12:45:00+05:30,1903.9,1904.0,1901.15,1901.55,38521,KOTAKBANK
1918,2025-02-04 12:50:00+05:30,1902.05,1907.6,1901.55,1904.25,69352,KOTAKBANK
1919,2025-02-04 12:55:00+05:30,1904.25,1907.4,1904.2,1905.95,37221,KOTAKBANK
1920,2025-02-04 13:00:00+05:30,1906.0,1907.65,1903.25,1903.8,39269,KOTAKBANK
1921,2025-02-04 13:05:00+05:30,1903.8,1905.4,1902.25,1903.45,43381,KOTAKBANK
1922,2025-02-04 13:10:00+05:30,1903.6,1905.3,1902.95,1904.5,30157,KOTAKBANK
1923,2025-02-04 13:15:00+05:30,1904.45,1905.6,1903.1,1904.4,36289,KOTAKBANK
1924,2025-02-04 13:20:00+05:30,1904.4,1912.8,1904.4,1910.5,72880,KOTAKBANK
1925,2025-02-04 13:25:00+05:30,1911.35,1911.9,1909.0,1910.9,40079,KOTAKBANK
1926,2025-02-04 13:30:00+05:30,1910.9,1913.65,1910.15,1911.8,48301,KOTAKBANK
1927,2025-02-04 13:35:00+05:30,1912.65,1914.15,1911.5,1912.8,53875,KOTAKBANK
1928,2025-02-04 13:40:00+05:30,1912.85,1916.75,1910.15,1915.85,118430,KOTAKBANK
1929,2025-02-04 13:45:00+05:30,1915.85,1921.9,1913.8,1921.75,116010,KOTAKBANK
1930,2025-02-04 13:50:00+05:30,1922.0,1925.0,1919.35,1922.45,84789,KOTAKBANK
1931,2025-02-04 13:55:00+05:30,1922.5,1923.4,1919.8,1920.35,73017,KOTAKBANK
1932,2025-02-04 14:00:00+05:30,1920.4,1922.8,1918.85,1919.7,78054,KOTAKBANK
1933,2025-02-04 14:05:00+05:30,1919.4,1923.85,1918.6,1922.35,67794,KOTAKBANK
1934,2025-02-04 14:10:00+05:30,1922.25,1922.35,1916.6,1920.0,117502,KOTAKBANK
1935,2025-02-04 14:15:00+05:30,1919.95,1920.75,1918.1,1920.0,102566,KOTAKBANK
1936,2025-02-04 14:20:00+05:30,1919.95,1925.0,1918.9,1923.95,153919,KOTAKBANK
1937,2025-02-04 14:25:00+05:30,1923.95,1926.45,1921.6,1923.55,156039,KOTAKBANK
1938,2025-02-04 14:30:00+05:30,1924.35,1930.0,1923.1,1929.2,256695,KOTAKBANK
1939,2025-02-04 14:35:00+05:30,1929.75,1938.0,1928.15,1937.95,202464,KOTAKBANK
1940,2025-02-04 14:40:00+05:30,1938.0,1941.2,1932.2,1934.5,283076,KOTAKBANK
1941,2025-02-04 14:45:00+05:30,1934.5,1934.55,1928.6,1929.85,106012,KOTAKBANK
1942,2025-02-04 14:50:00+05:30,1929.9,1933.35,1928.75,1932.45,122439,KOTAKBANK
1943,2025-02-04 14:55:00+05:30,1932.65,1934.0,1929.25,1933.0,125375,KOTAKBANK
1944,2025-02-04 15:00:00+05:30,1932.9,1934.35,1930.0,1930.55,184924,KOTAKBANK
1945,2025-02-04 15:05:00+05:30,1930.55,1930.8,1925.8,1928.2,163208,KOTAKBANK
1946,2025-02-04 15:10:00+05:30,1928.2,1928.6,1924.7,1926.75,165544,KOTAKBANK
1947,2025-02-04 15:15:00+05:30,1926.55,1931.1,1924.45,1928.35,205653,KOTAKBANK
1948,2025-02-04 15:20:00+05:30,1928.35,1930.0,1927.2,1929.0,192957,KOTAKBANK
1949,2025-02-04 15:25:00+05:30,1928.95,1931.3,1926.15,1931.3,150278,KOTAKBANK
1950,2025-02-05 09:15:00+05:30,1937.8,1938.95,1927.5,1930.85,268835,KOTAKBANK
1951,2025-02-05 09:20:00+05:30,1930.05,1936.45,1929.7,1934.85,42558,KOTAKBANK
1952,2025-02-05 09:25:00+05:30,1934.0,1934.95,1931.0,1933.25,32475,KOTAKBANK
1953,2025-02-05 09:30:00+05:30,1933.05,1937.0,1928.05,1929.55,65724,KOTAKBANK
1954,2025-02-05 09:35:00+05:30,1928.85,1934.0,1927.05,1931.6,43359,KOTAKBANK
1955,2025-02-05 09:40:00+05:30,1932.05,1935.0,1931.55,1934.3,35080,KOTAKBANK
1956,2025-02-05 09:45:00+05:30,1934.3,1937.0,1933.85,1934.6,33748,KOTAKBANK
1957,2025-02-05 09:50:00+05:30,1934.6,1935.35,1931.75,1932.95,18494,KOTAKBANK
1958,2025-02-05 09:55:00+05:30,1932.95,1934.9,1931.65,1934.3,16429,KOTAKBANK
1959,2025-02-05 10:00:00+05:30,1934.05,1934.3,1930.25,1930.75,17108,KOTAKBANK
1960,2025-02-05 10:05:00+05:30,1930.95,1932.05,1927.4,1928.55,40277,KOTAKBANK
1961,2025-02-05 10:10:00+05:30,1928.1,1930.0,1923.7,1928.2,73505,KOTAKBANK
1962,2025-02-05 10:15:00+05:30,1928.2,1928.5,1924.1,1926.55,21935,KOTAKBANK
1963,2025-02-05 10:20:00+05:30,1925.85,1927.0,1918.3,1920.0,65129,KOTAKBANK
1964,2025-02-05 10:25:00+05:30,1920.0,1922.0,1919.0,1921.0,43270,KOTAKBANK
1965,2025-02-05 10:30:00+05:30,1921.0,1922.6,1918.55,1922.0,39485,KOTAKBANK
1966,2025-02-05 10:35:00+05:30,1922.0,1923.7,1920.55,1921.95,49591,KOTAKBANK
1967,2025-02-05 10:40:00+05:30,1921.55,1923.85,1920.25,1923.5,34814,KOTAKBANK
1968,2025-02-05 10:45:00+05:30,1923.05,1923.85,1919.2,1921.65,27614,KOTAKBANK
1969,2025-02-05 10:50:00+05:30,1921.9,1923.6,1919.45,1922.9,34778,KOTAKBANK
1970,2025-02-05 10:55:00+05:30,1923.25,1923.25,1920.0,1920.35,13322,KOTAKBANK
1971,2025-02-05 11:00:00+05:30,1920.3,1921.1,1919.0,1920.15,17698,KOTAKBANK
1972,2025-02-05 11:05:00+05:30,1920.15,1920.15,1916.15,1917.0,27614,KOTAKBANK
1973,2025-02-05 11:10:00+05:30,1917.0,1918.65,1916.5,1917.05,23100,KOTAKBANK
1974,2025-02-05 11:15:00+05:30,1917.05,1918.95,1916.55,1918.05,26863,KOTAKBANK
1975,2025-02-05 11:20:00+05:30,1917.95,1923.35,1917.6,1921.65,41999,KOTAKBANK
1976,2025-02-05 11:25:00+05:30,1921.65,1923.6,1920.85,1923.2,16979,KOTAKBANK
1977,2025-02-05 11:30:00+05:30,1923.2,1923.75,1921.7,1922.55,17744,KOTAKBANK
1978,2025-02-05 11:35:00+05:30,1922.5,1923.5,1922.15,1923.0,14148,KOTAKBANK
1979,2025-02-05 11:40:00+05:30,1922.95,1923.0,1920.75,1921.7,13323,KOTAKBANK
1980,2025-02-05 11:45:00+05:30,1921.75,1922.5,1921.15,1922.1,14744,KOTAKBANK
1981,2025-02-05 11:50:00+05:30,1922.0,1922.45,1919.65,1921.2,18203,KOTAKBANK
1982,2025-02-05 11:55:00+05:30,1921.6,1921.8,1919.45,1920.4,14428,KOTAKBANK
1983,2025-02-05 12:00:00+05:30,1920.35,1920.85,1918.85,1920.85,14099,KOTAKBANK
1984,2025-02-05 12:05:00+05:30,1920.75,1920.75,1918.6,1919.1,14951,KOTAKBANK
1985,2025-02-05 12:10:00+05:30,1919.25,1920.2,1918.3,1919.5,13734,KOTAKBANK
1986,2025-02-05 12:15:00+05:30,1919.45,1919.95,1918.0,1919.3,16086,KOTAKBANK
1987,2025-02-05 12:20:00+05:30,1919.25,1919.9,1918.05,1918.25,17291,KOTAKBANK
1988,2025-02-05 12:25:00+05:30,1918.25,1919.75,1918.05,1919.4,21840,KOTAKBANK
1989,2025-02-05 12:30:00+05:30,1919.35,1920.1,1918.3,1919.35,19927,KOTAKBANK
1990,2025-02-05 12:35:00+05:30,1919.35,1921.0,1919.3,1920.75,20662,KOTAKBANK
1991,2025-02-05 12:40:00+05:30,1920.75,1922.9,1920.4,1921.05,31032,KOTAKBANK
1992,2025-02-05 12:45:00+05:30,1921.05,1922.0,1920.35,1921.95,21916,KOTAKBANK
1993,2025-02-05 12:50:00+05:30,1921.9,1922.6,1920.15,1920.55,28211,KOTAKBANK
1994,2025-02-05 12:55:00+05:30,1920.5,1922.9,1920.15,1922.5,35725,KOTAKBANK
1995,2025-02-05 13:00:00+05:30,1922.45,1922.85,1921.05,1922.5,24288,KOTAKBANK
1996,2025-02-05 13:05:00+05:30,1922.45,1923.0,1919.3,1920.75,45191,KOTAKBANK
1997,2025-02-05 13:10:00+05:30,1920.7,1922.5,1920.3,1922.1,19593,KOTAKBANK
1998,2025-02-05 13:15:00+05:30,1922.0,1922.05,1919.25,1919.7,15471,KOTAKBANK
1999,2025-02-05 13:20:00+05:30,1919.7,1920.65,1918.55,1919.55,16251,KOTAKBANK
2000,2025-02-05 13:25:00+05:30,1919.5,1920.7,1918.2,1918.7,16064,KOTAKBANK
2001,2025-02-05 13:30:00+05:30,1918.65,1920.0,1918.3,1919.25,22966,KOTAKBANK
2002,2025-02-05 13:35:00+05:30,1919.05,1919.85,1918.3,1919.35,17718,KOTAKBANK
2003,2025-02-05 13:40:00+05:30,1919.3,1919.35,1916.3,1916.75,20210,KOTAKBANK
2004,2025-02-05 13:45:00+05:30,1916.75,1921.05,1916.25,1921.0,34590,KOTAKBANK
2005,2025-02-05 13:50:00+05:30,1921.0,1921.0,1918.8,1920.2,17426,KOTAKBANK
2006,2025-02-05 13:55:00+05:30,1920.1,1921.0,1919.05,1920.55,22292,KOTAKBANK
2007,2025-02-05 14:00:00+05:30,1920.5,1921.5,1919.2,1920.05,17483,KOTAKBANK
2008,2025-02-05 14:05:00+05:30,1920.05,1921.0,1919.1,1920.25,18387,KOTAKBANK
2009,2025-02-05 14:10:00+05:30,1920.2,1920.2,1918.25,1918.95,24808,KOTAKBANK
2010,2025-02-05 14:15:00+05:30,1918.9,1919.55,1917.55,1918.05,24260,KOTAKBANK
2011,2025-02-05 14:20:00+05:30,1918.65,1920.0,1918.05,1918.95,25038,KOTAKBANK
2012,2025-02-05 14:25:00+05:30,1918.9,1920.0,1918.45,1919.1,27863,KOTAKBANK
2013,2025-02-05 14:30:00+05:30,1919.05,1920.0,1918.4,1918.85,25198,KOTAKBANK
2014,2025-02-05 14:35:00+05:30,1918.85,1922.5,1918.85,1922.05,74209,KOTAKBANK
2015,2025-02-05 14:40:00+05:30,1922.0,1922.45,1918.45,1920.25,69920,KOTAKBANK
2016,2025-02-05 14:45:00+05:30,1920.0,1922.25,1919.2,1921.3,50767,KOTAKBANK
2017,2025-02-05 14:50:00+05:30,1921.3,1922.25,1919.0,1919.4,67809,KOTAKBANK
2018,2025-02-05 14:55:00+05:30,1919.4,1921.45,1918.2,1918.95,49534,KOTAKBANK
2019,2025-02-05 15:00:00+05:30,1918.95,1918.95,1914.05,1914.75,147471,KOTAKBANK
2020,2025-02-05 15:05:00+05:30,1914.75,1915.95,1912.5,1913.75,190857,KOTAKBANK
2021,2025-02-05 15:10:00+05:30,1913.7,1914.0,1912.8,1913.25,175494,KOTAKBANK
2022,2025-02-05 15:15:00+05:30,1913.15,1913.2,1910.0,1910.7,258861,KOTAKBANK
2023,2025-02-05 15:20:00+05:30,1910.7,1911.8,1908.9,1909.5,219147,KOTAKBANK
2024,2025-02-05 15:25:00+05:30,1910.0,1911.95,1902.35,1909.0,155003,KOTAKBANK
2025,2025-02-06 09:15:00+05:30,1917.0,1917.0,1900.0,1904.0,168490,KOTAKBANK
2026,2025-02-06 09:20:00+05:30,1903.55,1904.05,1900.0,1901.1,73570,KOTAKBANK
2027,2025-02-06 09:25:00+05:30,1901.05,1903.1,1899.4,1901.65,71708,KOTAKBANK
2028,2025-02-06 09:30:00+05:30,1901.3,1902.5,1898.55,1899.55,49044,KOTAKBANK
2029,2025-02-06 09:35:00+05:30,1899.75,1903.8,1899.55,1900.2,35723,KOTAKBANK
2030,2025-02-06 09:40:00+05:30,1900.05,1904.85,1900.05,1901.35,33932,KOTAKBANK
2031,2025-02-06 09:45:00+05:30,1901.15,1905.0,1901.15,1903.65,26748,KOTAKBANK
2032,2025-02-06 09:50:00+05:30,1903.65,1904.25,1901.7,1902.65,19794,KOTAKBANK
2033,2025-02-06 09:55:00+05:30,1902.65,1902.75,1900.1,1901.25,48752,KOTAKBANK
2034,2025-02-06 10:00:00+05:30,1901.55,1904.0,1901.25,1904.0,24737,KOTAKBANK
2035,2025-02-06 10:05:00+05:30,1904.0,1907.35,1903.6,1905.25,33142,KOTAKBANK
2036,2025-02-06 10:10:00+05:30,1904.6,1906.35,1902.85,1903.95,21707,KOTAKBANK
2037,2025-02-06 10:15:00+05:30,1903.8,1905.2,1903.05,1904.0,30112,KOTAKBANK
2038,2025-02-06 10:20:00+05:30,1904.25,1905.0,1902.65,1903.45,24667,KOTAKBANK
2039,2025-02-06 10:25:00+05:30,1903.1,1904.35,1900.85,1900.85,18432,KOTAKBANK
2040,2025-02-06 10:30:00+05:30,1901.35,1902.35,1900.25,1902.15,22047,KOTAKBANK
2041,2025-02-06 10:35:00+05:30,1901.8,1902.5,1900.1,1901.8,20337,KOTAKBANK
2042,2025-02-06 10:40:00+05:30,1901.8,1903.5,1901.0,1901.15,27390,KOTAKBANK
2043,2025-02-06 10:45:00+05:30,1901.15,1902.0,1900.45,1900.8,17072,KOTAKBANK
2044,2025-02-06 10:50:00+05:30,1900.8,1902.85,1900.0,1900.2,17825,KOTAKBANK
2045,2025-02-06 10:55:00+05:30,1900.1,1901.9,1899.65,1900.75,21361,KOTAKBANK
2046,2025-02-06 11:00:00+05:30,1901.05,1901.15,1899.55,1900.35,30878,KOTAKBANK
2047,2025-02-06 11:05:00+05:30,1900.35,1901.15,1898.55,1900.55,19470,KOTAKBANK
2048,2025-02-06 11:10:00+05:30,1900.55,1903.0,1900.55,1901.5,15917,KOTAKBANK
2049,2025-02-06 11:15:00+05:30,1901.4,1902.85,1896.45,1899.95,39314,KOTAKBANK
2050,2025-02-06 11:20:00+05:30,1900.45,1901.0,1899.2,1900.85,13410,KOTAKBANK
2051,2025-02-06 11:25:00+05:30,1900.9,1901.9,1900.0,1900.5,210929,KOTAKBANK
2052,2025-02-06 11:30:00+05:30,1901.05,1902.3,1900.1,1900.95,17011,KOTAKBANK
2053,2025-02-06 11:35:00+05:30,1901.45,1902.65,1900.95,1901.15,11281,KOTAKBANK
2054,2025-02-06 11:40:00+05:30,1901.2,1903.9,1900.0,1903.35,289911,KOTAKBANK
2055,2025-02-06 11:45:00+05:30,1903.35,1908.3,1902.85,1906.1,27068,KOTAKBANK
2056,2025-02-06 11:50:00+05:30,1906.25,1907.45,1904.45,1905.45,16963,KOTAKBANK
2057,2025-02-06 11:55:00+05:30,1905.4,1906.2,1904.1,1905.35,14499,KOTAKBANK
2058,2025-02-06 12:00:00+05:30,1905.7,1906.9,1905.15,1906.65,14755,KOTAKBANK
2059,2025-02-06 12:05:00+05:30,1906.55,1907.5,1906.05,1907.05,12619,KOTAKBANK
2060,2025-02-06 12:10:00+05:30,1907.0,1909.4,1906.05,1907.75,21829,KOTAKBANK
2061,2025-02-06 12:15:00+05:30,1907.75,1909.0,1905.1,1905.2,11945,KOTAKBANK
2062,2025-02-06 12:20:00+05:30,1905.85,1907.5,1905.25,1907.1,13170,KOTAKBANK
2063,2025-02-06 12:25:00+05:30,1907.3,1909.0,1907.0,1907.85,13657,KOTAKBANK
2064,2025-02-06 12:30:00+05:30,1908.0,1908.75,1906.85,1908.7,19498,KOTAKBANK
2065,2025-02-06 12:35:00+05:30,1908.7,1909.0,1906.25,1908.45,22608,KOTAKBANK
2066,2025-02-06 12:40:00+05:30,1908.45,1910.0,1907.65,1908.6,24510,KOTAKBANK
2067,2025-02-06 12:45:00+05:30,1909.0,1910.0,1907.25,1907.85,10892,KOTAKBANK
2068,2025-02-06 12:50:00+05:30,1908.1,1909.55,1907.45,1909.0,13888,KOTAKBANK
2069,2025-02-06 12:55:00+05:30,1908.7,1909.75,1907.55,1908.15,19734,KOTAKBANK
2070,2025-02-06 13:00:00+05:30,1908.75,1912.1,1908.15,1910.75,18434,KOTAKBANK
2071,2025-02-06 13:05:00+05:30,1911.15,1911.35,1908.8,1910.25,16373,KOTAKBANK
2072,2025-02-06 13:10:00+05:30,1910.3,1912.0,1909.45,1911.95,19719,KOTAKBANK
2073,2025-02-06 13:15:00+05:30,1912.0,1912.5,1909.95,1911.05,21942,KOTAKBANK
2074,2025-02-06 13:20:00+05:30,1911.4,1912.25,1910.3,1911.8,11888,KOTAKBANK
2075,2025-02-06 13:25:00+05:30,1911.8,1912.95,1910.0,1910.8,20381,KOTAKBANK
2076,2025-02-06 13:30:00+05:30,1910.9,1912.5,1910.0,1912.4,15414,KOTAKBANK
2077,2025-02-06 13:35:00+05:30,1912.5,1913.0,1911.25,1913.0,16199,KOTAKBANK
2078,2025-02-06 13:40:00+05:30,1913.0,1913.0,1910.8,1910.95,17249,KOTAKBANK
2079,2025-02-06 13:45:00+05:30,1910.95,1912.0,1910.0,1910.8,17888,KOTAKBANK
2080,2025-02-06 13:50:00+05:30,1911.05,1913.0,1910.2,1912.2,25078,KOTAKBANK
2081,2025-02-06 13:55:00+05:30,1912.2,1913.4,1910.4,1912.1,27202,KOTAKBANK
2082,2025-02-06 14:00:00+05:30,1912.05,1915.0,1911.65,1915.0,39174,KOTAKBANK
2083,2025-02-06 14:05:00+05:30,1915.0,1915.0,1913.15,1914.65,30829,KOTAKBANK
2084,2025-02-06 14:10:00+05:30,1914.1,1915.8,1913.2,1914.5,38396,KOTAKBANK
2085,2025-02-06 14:15:00+05:30,1914.85,1915.0,1912.25,1913.05,21494,KOTAKBANK
2086,2025-02-06 14:20:00+05:30,1913.1,1915.0,1912.5,1914.6,28406,KOTAKBANK
2087,2025-02-06 14:25:00+05:30,1915.0,1915.0,1912.8,1914.0,26145,KOTAKBANK
2088,2025-02-06 14:30:00+05:30,1914.0,1914.95,1911.7,1913.3,30131,KOTAKBANK
2089,2025-02-06 14:35:00+05:30,1913.3,1915.45,1912.25,1915.0,48339,KOTAKBANK
2090,2025-02-06 14:40:00+05:30,1915.0,1915.75,1913.75,1914.7,52389,KOTAKBANK
2091,2025-02-06 14:45:00+05:30,1914.9,1915.95,1913.2,1915.55,61404,KOTAKBANK
2092,2025-02-06 14:50:00+05:30,1915.65,1916.5,1914.25,1915.8,59110,KOTAKBANK
2093,2025-02-06 14:55:00+05:30,1915.9,1916.95,1914.25,1916.3,50309,KOTAKBANK
2094,2025-02-06 15:00:00+05:30,1916.55,1917.1,1914.5,1917.05,136478,KOTAKBANK
2095,2025-02-06 15:05:00+05:30,1917.05,1917.25,1915.0,1916.0,103248,KOTAKBANK
2096,2025-02-06 15:10:00+05:30,1916.0,1916.3,1914.25,1914.95,148522,KOTAKBANK
2097,2025-02-06 15:15:00+05:30,1915.05,1916.5,1914.55,1915.85,99605,KOTAKBANK
2098,2025-02-06 15:20:00+05:30,1915.9,1916.5,1914.4,1915.95,119748,KOTAKBANK
2099,2025-02-06 15:25:00+05:30,1916.0,1920.0,1915.0,1916.8,153477,KOTAKBANK
2100,2025-02-07 09:15:00+05:30,1921.0,1921.0,1913.45,1916.15,158040,KOTAKBANK
2101,2025-02-07 09:20:00+05:30,1916.15,1920.15,1915.75,1917.85,82144,KOTAKBANK
2102,2025-02-07 09:25:00+05:30,1917.8,1920.9,1916.05,1918.65,46008,KOTAKBANK
2103,2025-02-07 09:30:00+05:30,1918.6,1919.0,1915.85,1916.0,41117,KOTAKBANK
2104,2025-02-07 09:35:00+05:30,1915.95,1918.0,1915.8,1916.15,19245,KOTAKBANK
2105,2025-02-07 09:40:00+05:30,1916.15,1916.8,1915.0,1916.0,19167,KOTAKBANK
2106,2025-02-07 09:45:00+05:30,1916.15,1917.75,1914.35,1916.0,71689,KOTAKBANK
2107,2025-02-07 09:50:00+05:30,1916.0,1920.15,1915.9,1917.0,153218,KOTAKBANK
2108,2025-02-07 09:55:00+05:30,1917.0,1917.45,1916.05,1916.95,26143,KOTAKBANK
2109,2025-02-07 10:00:00+05:30,1916.95,1917.45,1915.0,1917.0,25704,KOTAKBANK
2110,2025-02-07 10:05:00+05:30,1917.0,1924.55,1916.75,1922.55,184841,KOTAKBANK
2111,2025-02-07 10:10:00+05:30,1922.55,1923.25,1914.0,1917.0,113949,KOTAKBANK
2112,2025-02-07 10:15:00+05:30,1916.95,1917.7,1914.0,1915.95,41388,KOTAKBANK
2113,2025-02-07 10:20:00+05:30,1915.9,1917.7,1915.0,1915.75,28375,KOTAKBANK
2114,2025-02-07 10:25:00+05:30,1915.35,1917.05,1911.05,1915.0,48421,KOTAKBANK
2115,2025-02-07 10:30:00+05:30,1914.85,1918.4,1913.8,1914.45,23975,KOTAKBANK
2116,2025-02-07 10:35:00+05:30,1915.0,1916.55,1914.45,1916.1,14560,KOTAKBANK
2117,2025-02-07 10:40:00+05:30,1916.1,1916.8,1914.25,1914.9,20119,KOTAKBANK
2118,2025-02-07 10:45:00+05:30,1914.9,1915.0,1911.8,1913.0,23717,KOTAKBANK
2119,2025-02-07 10:50:00+05:30,1913.0,1914.0,1911.15,1913.95,36194,KOTAKBANK
2120,2025-02-07 10:55:00+05:30,1913.95,1916.45,1913.0,1915.0,30943,KOTAKBANK
2121,2025-02-07 11:00:00+05:30,1915.0,1916.05,1914.0,1915.95,14564,KOTAKBANK
2122,2025-02-07 11:05:00+05:30,1915.9,1918.0,1915.6,1917.0,25427,KOTAKBANK
2123,2025-02-07 11:10:00+05:30,1917.0,1919.9,1916.6,1917.7,38702,KOTAKBANK
2124,2025-02-07 11:15:00+05:30,1917.85,1918.65,1916.15,1918.25,22659,KOTAKBANK
2125,2025-02-07 11:20:00+05:30,1918.35,1919.9,1917.85,1919.45,26676,KOTAKBANK
2126,2025-02-07 11:25:00+05:30,1919.4,1922.35,1919.35,1921.8,23184,KOTAKBANK
2127,2025-02-07 11:30:00+05:30,1921.9,1922.65,1920.05,1920.35,21782,KOTAKBANK
2128,2025-02-07 11:35:00+05:30,1920.4,1921.45,1918.9,1919.7,17928,KOTAKBANK
2129,2025-02-07 11:40:00+05:30,1919.65,1927.0,1919.15,1926.6,30084,KOTAKBANK
2130,2025-02-07 11:45:00+05:30,1926.5,1929.95,1922.45,1925.1,195826,KOTAKBANK
2131,2025-02-07 11:50:00+05:30,1924.65,1925.8,1922.1,1922.25,35301,KOTAKBANK
2132,2025-02-07 11:55:00+05:30,1922.25,1922.35,1915.25,1916.2,41320,KOTAKBANK
2133,2025-02-07 12:00:00+05:30,1916.2,1919.6,1915.55,1918.0,23856,KOTAKBANK
2134,2025-02-07 12:05:00+05:30,1917.8,1918.95,1915.0,1917.5,27041,KOTAKBANK
2135,2025-02-07 12:10:00+05:30,1917.5,1918.0,1912.15,1912.2,53501,KOTAKBANK
2136,2025-02-07 12:15:00+05:30,1912.8,1915.85,1912.15,1915.85,37657,KOTAKBANK
2137,2025-02-07 12:20:00+05:30,1915.5,1916.9,1914.65,1915.8,32181,KOTAKBANK
2138,2025-02-07 12:25:00+05:30,1916.3,1916.9,1915.0,1916.9,14544,KOTAKBANK
2139,2025-02-07 12:30:00+05:30,1916.2,1917.9,1916.0,1916.05,17232,KOTAKBANK
2140,2025-02-07 12:35:00+05:30,1916.05,1916.75,1914.25,1914.55,16544,KOTAKBANK
2141,2025-02-07 12:40:00+05:30,1914.45,1916.9,1913.25,1915.85,16892,KOTAKBANK
2142,2025-02-07 12:45:00+05:30,1915.85,1917.4,1914.55,1916.05,19352,KOTAKBANK
2143,2025-02-07 12:50:00+05:30,1916.1,1917.0,1915.8,1916.4,15264,KOTAKBANK
2144,2025-02-07 12:55:00+05:30,1916.45,1917.55,1915.8,1916.95,15620,KOTAKBANK
2145,2025-02-07 13:00:00+05:30,1916.95,1918.9,1916.25,1917.8,26368,KOTAKBANK
2146,2025-02-07 13:05:00+05:30,1917.85,1918.85,1915.45,1915.8,20362,KOTAKBANK
2147,2025-02-07 13:10:00+05:30,1915.8,1917.9,1914.9,1917.2,37708,KOTAKBANK
2148,2025-02-07 13:15:00+05:30,1917.2,1917.4,1914.35,1915.95,40503,KOTAKBANK
2149,2025-02-07 13:20:00+05:30,1916.0,1917.9,1915.45,1917.55,99882,KOTAKBANK
2150,2025-02-07 13:25:00+05:30,1917.5,1917.6,1915.8,1916.8,17297,KOTAKBANK
2151,2025-02-07 13:30:00+05:30,1916.5,1917.85,1916.15,1917.05,28882,KOTAKBANK
2152,2025-02-07 13:35:00+05:30,1917.1,1918.0,1916.35,1917.1,26572,KOTAKBANK
2153,2025-02-07 13:40:00+05:30,1917.15,1918.0,1915.8,1916.0,19676,KOTAKBANK
2154,2025-02-07 13:45:00+05:30,1916.0,1917.15,1914.9,1914.9,21270,KOTAKBANK
2155,2025-02-07 13:50:00+05:30,1915.35,1916.0,1910.3,1912.25,25749,KOTAKBANK
2156,2025-02-07 13:55:00+05:30,1912.25,1913.8,1910.1,1913.75,38641,KOTAKBANK
2157,2025-02-07 14:00:00+05:30,1913.8,1916.0,1912.35,1914.8,24959,KOTAKBANK
2158,2025-02-07 14:05:00+05:30,1914.8,1915.8,1911.1,1911.2,23478,KOTAKBANK
2159,2025-02-07 14:10:00+05:30,1911.7,1911.95,1909.0,1910.85,29658,KOTAKBANK
2160,2025-02-07 14:15:00+05:30,1911.0,1912.0,1909.3,1909.6,16711,KOTAKBANK
2161,2025-02-07 14:20:00+05:30,1909.6,1911.3,1907.9,1909.5,32603,KOTAKBANK
2162,2025-02-07 14:25:00+05:30,1909.05,1913.65,1909.0,1913.55,16923,KOTAKBANK
2163,2025-02-07 14:30:00+05:30,1913.55,1914.2,1910.9,1911.9,20423,KOTAKBANK
2164,2025-02-07 14:35:00+05:30,1911.9,1914.7,1911.8,1913.45,22238,KOTAKBANK
2165,2025-02-07 14:40:00+05:30,1913.5,1913.5,1911.7,1913.05,16963,KOTAKBANK
2166,2025-02-07 14:45:00+05:30,1913.1,1914.0,1911.55,1913.7,30794,KOTAKBANK
2167,2025-02-07 14:50:00+05:30,1913.2,1915.8,1911.95,1915.0,132092,KOTAKBANK
2168,2025-02-07 14:55:00+05:30,1915.0,1915.9,1914.05,1915.5,44359,KOTAKBANK
2169,2025-02-07 15:00:00+05:30,1915.5,1918.85,1914.55,1916.6,114343,KOTAKBANK
2170,2025-02-07 15:05:00+05:30,1916.6,1919.8,1915.8,1919.2,201043,KOTAKBANK
2171,2025-02-07 15:10:00+05:30,1919.25,1926.2,1918.35,1925.2,283498,KOTAKBANK
2172,2025-02-07 15:15:00+05:30,1925.15,1930.0,1924.75,1927.0,237243,KOTAKBANK
2173,2025-02-07 15:20:00+05:30,1927.0,1930.0,1923.8,1928.2,313580,KOTAKBANK
2174,2025-02-07 15:25:00+05:30,1928.45,1960.6,1927.5,1957.4,450513,KOTAKBANK
2175,2025-02-10 09:15:00+05:30,1935.3,1950.0,1931.0,1934.95,275271,KOTAKBANK
2176,2025-02-10 09:20:00+05:30,1934.95,1938.75,1929.05,1938.0,133078,KOTAKBANK
2177,2025-02-10 09:25:00+05:30,1938.0,1938.5,1932.55,1935.75,51471,KOTAKBANK
2178,2025-02-10 09:30:00+05:30,1935.15,1937.3,1931.4,1934.55,30771,KOTAKBANK
2179,2025-02-10 09:35:00+05:30,1933.6,1934.5,1928.65,1931.3,28064,KOTAKBANK
2180,2025-02-10 09:40:00+05:30,1931.3,1932.85,1925.05,1926.95,32258,KOTAKBANK
2181,2025-02-10 09:45:00+05:30,1926.95,1928.9,1923.55,1928.3,26668,KOTAKBANK
2182,2025-02-10 09:50:00+05:30,1928.05,1938.0,1927.95,1935.8,29797,KOTAKBANK
2183,2025-02-10 09:55:00+05:30,1935.75,1936.35,1931.5,1932.35,15614,KOTAKBANK
2184,2025-02-10 10:00:00+05:30,1932.25,1934.95,1932.0,1933.75,22192,KOTAKBANK
2185,2025-02-10 10:05:00+05:30,1933.8,1935.7,1930.55,1931.65,17437,KOTAKBANK
2186,2025-02-10 10:10:00+05:30,1931.3,1932.1,1926.55,1932.0,40124,KOTAKBANK
2187,2025-02-10 10:15:00+05:30,1932.1,1933.75,1929.1,1933.75,14638,KOTAKBANK
2188,2025-02-10 10:20:00+05:30,1933.4,1937.9,1933.4,1936.6,22700,KOTAKBANK
2189,2025-02-10 10:25:00+05:30,1936.6,1938.8,1934.15,1937.55,22526,KOTAKBANK
2190,2025-02-10 10:30:00+05:30,1937.8,1938.8,1935.95,1937.25,40566,KOTAKBANK
2191,2025-02-10 10:35:00+05:30,1937.45,1941.0,1935.9,1940.1,44061,KOTAKBANK
2192,2025-02-10 10:40:00+05:30,1940.1,1944.75,1939.0,1943.85,63937,KOTAKBANK
2193,2025-02-10 10:45:00+05:30,1943.8,1945.45,1937.0,1939.2,55322,KOTAKBANK
2194,2025-02-10 10:50:00+05:30,1939.2,1940.5,1937.5,1938.45,29351,KOTAKBANK
2195,2025-02-10 10:55:00+05:30,1938.65,1940.85,1937.05,1938.55,20107,KOTAKBANK
2196,2025-02-10 11:00:00+05:30,1938.5,1940.0,1937.9,1939.7,15683,KOTAKBANK
2197,2025-02-10 11:05:00+05:30,1939.65,1944.1,1939.35,1941.65,37741,KOTAKBANK
2198,2025-02-10 11:10:00+05:30,1941.65,1945.95,1941.65,1944.9,59479,KOTAKBANK
2199,2025-02-10 11:15:00+05:30,1944.65,1946.45,1942.1,1944.8,40313,KOTAKBANK
2200,2025-02-10 11:20:00+05:30,1944.25,1947.65,1943.6,1946.6,53615,KOTAKBANK
2201,2025-02-10 11:25:00+05:30,1946.75,1949.0,1946.25,1947.55,48465,KOTAKBANK
2202,2025-02-10 11:30:00+05:30,1947.5,1949.0,1946.3,1948.0,27854,KOTAKBANK
2203,2025-02-10 11:35:00+05:30,1947.85,1949.85,1946.35,1947.85,36869,KOTAKBANK
2204,2025-02-10 11:40:00+05:30,1947.9,1949.0,1945.2,1945.2,28474,KOTAKBANK
2205,2025-02-10 11:45:00+05:30,1945.4,1947.0,1943.5,1945.85,49804,KOTAKBANK
2206,2025-02-10 11:50:00+05:30,1945.85,1951.8,1943.8,1950.15,85762,KOTAKBANK
2207,2025-02-10 11:55:00+05:30,1950.35,1951.85,1948.15,1948.9,39000,KOTAKBANK
2208,2025-02-10 12:00:00+05:30,1949.25,1952.45,1945.0,1946.75,58130,KOTAKBANK
2209,2025-02-10 12:05:00+05:30,1946.75,1950.6,1946.15,1948.05,33591,KOTAKBANK
2210,2025-02-10 12:10:00+05:30,1948.15,1948.25,1944.55,1946.95,42141,KOTAKBANK
2211,2025-02-10 12:15:00+05:30,1946.95,1948.0,1944.3,1945.0,31230,KOTAKBANK
2212,2025-02-10 12:20:00+05:30,1944.95,1946.7,1944.3,1945.75,41561,KOTAKBANK
2213,2025-02-10 12:25:00+05:30,1945.75,1945.75,1944.65,1945.0,28119,KOTAKBANK
2214,2025-02-10 12:30:00+05:30,1945.0,1946.95,1944.6,1945.6,29698,KOTAKBANK
2215,2025-02-10 12:35:00+05:30,1945.4,1946.95,1945.15,1946.8,20076,KOTAKBANK
2216,2025-02-10 12:40:00+05:30,1946.4,1949.5,1945.45,1947.0,23120,KOTAKBANK
2217,2025-02-10 12:45:00+05:30,1947.7,1952.0,1947.45,1950.5,47836,KOTAKBANK
2218,2025-02-10 12:50:00+05:30,1950.6,1950.6,1946.7,1947.0,28982,KOTAKBANK
2219,2025-02-10 12:55:00+05:30,1946.85,1947.4,1946.0,1946.5,13817,KOTAKBANK
2220,2025-02-10 13:00:00+05:30,1946.75,1948.0,1945.0,1945.95,17213,KOTAKBANK
2221,2025-02-10 13:05:00+05:30,1945.85,1946.5,1945.0,1945.6,16150,KOTAKBANK
2222,2025-02-10 13:10:00+05:30,1945.75,1947.75,1945.6,1947.0,15854,KOTAKBANK
2223,2025-02-10 13:15:00+05:30,1946.9,1947.4,1944.05,1945.75,54635,KOTAKBANK
2224,2025-02-10 13:20:00+05:30,1946.5,1946.8,1944.4,1944.45,21257,KOTAKBANK
2225,2025-02-10 13:25:00+05:30,1944.35,1947.0,1944.35,1945.25,19564,KOTAKBANK
2226,2025-02-10 13:30:00+05:30,1945.3,1946.3,1942.5,1942.55,39563,KOTAKBANK
2227,2025-02-10 13:35:00+05:30,1943.15,1947.15,1943.0,1946.9,21935,KOTAKBANK
2228,2025-02-10 13:40:00+05:30,1947.05,1948.05,1945.75,1947.3,21132,KOTAKBANK
2229,2025-02-10 13:45:00+05:30,1947.2,1948.15,1946.55,1947.6,24173,KOTAKBANK
2230,2025-02-10 13:50:00+05:30,1947.6,1948.2,1945.0,1947.0,43726,KOTAKBANK
2231,2025-02-10 13:55:00+05:30,1946.9,1948.75,1946.35,1948.65,14344,KOTAKBANK
2232,2025-02-10 14:00:00+05:30,1948.65,1950.0,1947.05,1947.55,22814,KOTAKBANK
2233,2025-02-10 14:05:00+05:30,1947.25,1948.05,1945.0,1946.55,43802,KOTAKBANK
2234,2025-02-10 14:10:00+05:30,1945.85,1946.85,1945.0,1945.0,21319,KOTAKBANK
2235,2025-02-10 14:15:00+05:30,1945.3,1946.05,1944.95,1945.3,28585,KOTAKBANK
2236,2025-02-10 14:20:00+05:30,1945.1,1946.5,1943.0,1943.5,45344,KOTAKBANK
2237,2025-02-10 14:25:00+05:30,1943.5,1949.4,1943.45,1947.1,63149,KOTAKBANK
2238,2025-02-10 14:30:00+05:30,1947.1,1948.25,1946.05,1946.05,19394,KOTAKBANK
2239,2025-02-10 14:35:00+05:30,1946.05,1949.0,1946.0,1948.95,47598,KOTAKBANK
2240,2025-02-10 14:40:00+05:30,1949.0,1949.8,1948.0,1948.3,50235,KOTAKBANK
2241,2025-02-10 14:45:00+05:30,1948.3,1948.85,1946.15,1946.95,38724,KOTAKBANK
2242,2025-02-10 14:50:00+05:30,1946.95,1953.15,1946.95,1951.2,77602,KOTAKBANK
2243,2025-02-10 14:55:00+05:30,1951.25,1954.9,1950.25,1954.9,64778,KOTAKBANK
2244,2025-02-10 15:00:00+05:30,1954.9,1959.0,1954.55,1958.0,128097,KOTAKBANK
2245,2025-02-10 15:05:00+05:30,1958.0,1960.0,1954.65,1959.95,125142,KOTAKBANK
2246,2025-02-10 15:10:00+05:30,1960.0,1965.0,1958.25,1960.2,224449,KOTAKBANK
2247,2025-02-10 15:15:00+05:30,1960.2,1961.6,1958.0,1960.6,86144,KOTAKBANK
2248,2025-02-10 15:20:00+05:30,1960.55,1962.15,1957.9,1960.95,92494,KOTAKBANK
2249,2025-02-10 15:25:00+05:30,1960.6,1963.0,1958.95,1962.85,98018,KOTAKBANK
2250,2025-02-11 09:15:00+05:30,1964.6,1970.5,1947.45,1952.2,258295,KOTAKBANK
2251,2025-02-11 09:20:00+05:30,1952.0,1954.05,1949.35,1951.55,71673,KOTAKBANK
2252,2025-02-11 09:25:00+05:30,1951.7,1952.7,1947.2,1950.2,46938,KOTAKBANK
2253,2025-02-11 09:30:00+05:30,1950.4,1950.75,1938.0,1938.0,77662,KOTAKBANK
2254,2025-02-11 09:35:00+05:30,1938.15,1941.0,1934.0,1934.0,85304,KOTAKBANK
2255,2025-02-11 09:40:00+05:30,1934.2,1936.0,1931.0,1936.0,57866,KOTAKBANK
2256,2025-02-11 09:45:00+05:30,1935.95,1937.65,1926.1,1929.55,64466,KOTAKBANK
2257,2025-02-11 09:50:00+05:30,1929.55,1934.3,1929.1,1932.5,29971,KOTAKBANK
2258,2025-02-11 09:55:00+05:30,1932.8,1936.0,1931.2,1934.3,25419,KOTAKBANK
2259,2025-02-11 10:00:00+05:30,1934.65,1937.25,1932.25,1935.85,38341,KOTAKBANK
2260,2025-02-11 10:05:00+05:30,1935.85,1936.3,1928.85,1928.85,29714,KOTAKBANK
2261,2025-02-11 10:10:00+05:30,1928.75,1935.45,1928.75,1934.65,25534,KOTAKBANK
2262,2025-02-11 10:15:00+05:30,1934.3,1934.9,1932.05,1934.65,23242,KOTAKBANK
2263,2025-02-11 10:20:00+05:30,1934.6,1935.0,1933.45,1934.35,18201,KOTAKBANK
2264,2025-02-11 10:25:00+05:30,1934.25,1936.0,1934.2,1935.2,20071,KOTAKBANK
2265,2025-02-11 10:30:00+05:30,1935.2,1935.2,1928.7,1929.15,30546,KOTAKBANK
2266,2025-02-11 10:35:00+05:30,1929.15,1929.4,1920.0,1920.25,133926,KOTAKBANK
2267,2025-02-11 10:40:00+05:30,1920.6,1924.5,1919.0,1921.95,46331,KOTAKBANK
2268,2025-02-11 10:45:00+05:30,1922.25,1927.4,1922.2,1924.95,29129,KOTAKBANK
2269,2025-02-11 10:50:00+05:30,1925.3,1927.8,1924.9,1927.1,21702,KOTAKBANK
2270,2025-02-11 10:55:00+05:30,1927.5,1928.0,1925.05,1925.7,19911,KOTAKBANK
2271,2025-02-11 11:00:00+05:30,1925.8,1929.8,1925.55,1929.4,24266,KOTAKBANK
2272,2025-02-11 11:05:00+05:30,1929.4,1932.0,1929.3,1931.5,23555,KOTAKBANK
2273,2025-02-11 11:10:00+05:30,1931.7,1933.0,1930.25,1932.9,23113,KOTAKBANK
2274,2025-02-11 11:15:00+05:30,1932.7,1933.0,1931.55,1933.0,28139,KOTAKBANK
2275,2025-02-11 11:20:00+05:30,1932.95,1933.0,1931.05,1931.75,18634,KOTAKBANK
2276,2025-02-11 11:25:00+05:30,1932.0,1933.8,1931.45,1932.05,18545,KOTAKBANK
2277,2025-02-11 11:30:00+05:30,1932.35,1932.75,1931.0,1932.6,15738,KOTAKBANK
2278,2025-02-11 11:35:00+05:30,1932.6,1935.0,1932.55,1934.95,28462,KOTAKBANK
2279,2025-02-11 11:40:00+05:30,1935.0,1935.0,1931.5,1932.75,64984,KOTAKBANK
2280,2025-02-11 11:45:00+05:30,1932.65,1934.0,1931.9,1933.8,14511,KOTAKBANK
2281,2025-02-11 11:50:00+05:30,1934.0,1934.95,1932.35,1933.2,28394,KOTAKBANK
2282,2025-02-11 11:55:00+05:30,1933.2,1935.0,1931.7,1932.25,17810,KOTAKBANK
2283,2025-02-11 12:00:00+05:30,1932.25,1933.0,1929.65,1929.65,16887,KOTAKBANK
2284,2025-02-11 12:05:00+05:30,1929.9,1932.0,1929.7,1930.4,8083,KOTAKBANK
2285,2025-02-11 12:10:00+05:30,1930.4,1931.5,1927.0,1928.3,16850,KOTAKBANK
2286,2025-02-11 12:15:00+05:30,1928.3,1929.3,1926.05,1928.55,33327,KOTAKBANK
2287,2025-02-11 12:20:00+05:30,1928.7,1929.0,1924.0,1925.1,23600,KOTAKBANK
2288,2025-02-11 12:25:00+05:30,1925.65,1927.0,1922.8,1926.6,85879,KOTAKBANK
2289,2025-02-11 12:30:00+05:30,1926.0,1926.6,1922.45,1924.2,26040,KOTAKBANK
2290,2025-02-11 12:35:00+05:30,1924.4,1924.4,1920.6,1920.6,67769,KOTAKBANK
2291,2025-02-11 12:40:00+05:30,1920.6,1923.1,1918.95,1922.75,55479,KOTAKBANK
2292,2025-02-11 12:45:00+05:30,1922.9,1924.3,1922.55,1923.45,18230,KOTAKBANK
2293,2025-02-11 12:50:00+05:30,1923.45,1924.85,1922.4,1922.6,11897,KOTAKBANK
2294,2025-02-11 12:55:00+05:30,1922.6,1922.7,1917.15,1917.6,50825,KOTAKBANK
2295,2025-02-11 13:00:00+05:30,1917.95,1918.5,1914.25,1916.6,65030,KOTAKBANK
2296,2025-02-11 13:05:00+05:30,1917.0,1917.0,1914.6,1916.5,32973,KOTAKBANK
2297,2025-02-11 13:10:00+05:30,1916.55,1916.95,1914.25,1915.2,39927,KOTAKBANK
2298,2025-02-11 13:15:00+05:30,1915.45,1918.85,1914.45,1917.05,82120,KOTAKBANK
2299,2025-02-11 13:20:00+05:30,1916.65,1917.85,1913.0,1913.7,57367,KOTAKBANK
2300,2025-02-11 13:25:00+05:30,1913.9,1915.45,1911.75,1914.0,32690,KOTAKBANK
2301,2025-02-11 13:30:00+05:30,1914.0,1915.9,1911.65,1913.3,94435,KOTAKBANK
2302,2025-02-11 13:35:00+05:30,1913.25,1914.15,1910.45,1913.8,44087,KOTAKBANK
2303,2025-02-11 13:40:00+05:30,1914.2,1916.65,1912.55,1915.95,33374,KOTAKBANK
2304,2025-02-11 13:45:00+05:30,1915.95,1916.95,1914.9,1916.15,22055,KOTAKBANK
2305,2025-02-11 13:50:00+05:30,1916.25,1918.35,1915.0,1915.75,22372,KOTAKBANK
2306,2025-02-11 13:55:00+05:30,1915.9,1917.6,1914.1,1917.0,18649,KOTAKBANK
2307,2025-02-11 14:00:00+05:30,1916.9,1917.0,1910.05,1911.5,28344,KOTAKBANK
2308,2025-02-11 14:05:00+05:30,1911.5,1912.35,1908.15,1910.95,34332,KOTAKBANK
2309,2025-02-11 14:10:00+05:30,1911.05,1915.0,1910.4,1915.0,19930,KOTAKBANK
2310,2025-02-11 14:15:00+05:30,1914.9,1914.95,1910.5,1911.2,29247,KOTAKBANK
2311,2025-02-11 14:20:00+05:30,1911.7,1913.6,1909.0,1909.4,24404,KOTAKBANK
2312,2025-02-11 14:25:00+05:30,1909.6,1911.8,1906.6,1908.45,51794,KOTAKBANK
2313,2025-02-11 14:30:00+05:30,1908.7,1910.5,1908.2,1910.4,59806,KOTAKBANK
2314,2025-02-11 14:35:00+05:30,1910.45,1911.5,1908.15,1911.15,90625,KOTAKBANK
2315,2025-02-11 14:40:00+05:30,1911.15,1912.95,1909.15,1911.05,44724,KOTAKBANK
2316,2025-02-11 14:45:00+05:30,1911.1,1913.45,1910.65,1912.95,39938,KOTAKBANK
2317,2025-02-11 14:50:00+05:30,1912.95,1917.95,1912.75,1917.9,59366,KOTAKBANK
2318,2025-02-11 14:55:00+05:30,1917.95,1919.0,1913.45,1915.35,60434,KOTAKBANK
2319,2025-02-11 15:00:00+05:30,1915.75,1918.55,1915.1,1917.75,118012,KOTAKBANK
2320,2025-02-11 15:05:00+05:30,1917.75,1918.45,1915.6,1917.95,69866,KOTAKBANK
2321,2025-02-11 15:10:00+05:30,1918.0,1920.9,1917.0,1920.25,84330,KOTAKBANK
2322,2025-02-11 15:15:00+05:30,1920.45,1923.0,1918.0,1920.2,93344,KOTAKBANK
2323,2025-02-11 15:20:00+05:30,1920.15,1920.35,1918.15,1919.75,79354,KOTAKBANK
2324,2025-02-11 15:25:00+05:30,1919.75,1920.5,1917.45,1920.0,76427,KOTAKBANK
2325,2025-02-12 09:15:00+05:30,1923.45,1930.85,1911.8,1916.2,109266,KOTAKBANK
2326,2025-02-12 09:20:00+05:30,1916.75,1918.95,1915.0,1917.15,51015,KOTAKBANK
2327,2025-02-12 09:25:00+05:30,1916.7,1920.7,1916.1,1918.0,25097,KOTAKBANK
2328,2025-02-12 09:30:00+05:30,1918.0,1920.0,1913.75,1917.65,35353,KOTAKBANK
2329,2025-02-12 09:35:00+05:30,1917.65,1919.3,1910.05,1910.45,37382,KOTAKBANK
2330,2025-02-12 09:40:00+05:30,1910.1,1910.5,1905.3,1909.6,48292,KOTAKBANK
2331,2025-02-12 09:45:00+05:30,1909.6,1910.5,1906.0,1909.2,67775,KOTAKBANK
2332,2025-02-12 09:50:00+05:30,1909.4,1910.0,1904.95,1909.4,47772,KOTAKBANK
2333,2025-02-12 09:55:00+05:30,1910.0,1910.25,1907.8,1909.05,31505,KOTAKBANK
2334,2025-02-12 10:00:00+05:30,1909.05,1910.0,1905.5,1908.0,46476,KOTAKBANK
2335,2025-02-12 10:05:00+05:30,1908.0,1910.0,1907.8,1909.8,24200,KOTAKBANK
2336,2025-02-12 10:10:00+05:30,1909.8,1910.5,1906.0,1907.55,29022,KOTAKBANK
2337,2025-02-12 10:15:00+05:30,1907.55,1910.35,1905.65,1909.8,31367,KOTAKBANK
2338,2025-02-12 10:20:00+05:30,1909.75,1912.65,1909.05,1911.25,83739,KOTAKBANK
2339,2025-02-12 10:25:00+05:30,1910.55,1914.35,1909.8,1914.0,28836,KOTAKBANK
2340,2025-02-12 10:30:00+05:30,1913.75,1916.0,1911.75,1916.0,36475,KOTAKBANK
2341,2025-02-12 10:35:00+05:30,1916.0,1918.6,1911.2,1912.25,58723,KOTAKBANK
2342,2025-02-12 10:40:00+05:30,1912.0,1915.0,1911.4,1913.9,17380,KOTAKBANK
2343,2025-02-12 10:45:00+05:30,1913.9,1918.7,1913.35,1917.8,21209,KOTAKBANK
2344,2025-02-12 10:50:00+05:30,1917.8,1917.85,1913.7,1915.55,38478,KOTAKBANK
2345,2025-02-12 10:55:00+05:30,1915.25,1916.45,1911.75,1913.9,16538,KOTAKBANK
2346,2025-02-12 11:00:00+05:30,1914.25,1915.0,1912.5,1913.1,13485,KOTAKBANK
2347,2025-02-12 11:05:00+05:30,1913.15,1917.5,1909.4,1916.6,32139,KOTAKBANK
2348,2025-02-12 11:10:00+05:30,1916.6,1918.4,1914.0,1914.0,34732,KOTAKBANK
2349,2025-02-12 11:15:00+05:30,1914.0,1918.0,1913.0,1917.9,42675,KOTAKBANK
2350,2025-02-12 11:20:00+05:30,1918.0,1919.7,1915.25,1919.7,26554,KOTAKBANK
2351,2025-02-12 11:25:00+05:30,1919.75,1920.0,1917.0,1919.35,28482,KOTAKBANK
2352,2025-02-12 11:30:00+05:30,1919.45,1923.65,1919.25,1920.95,62614,KOTAKBANK
2353,2025-02-12 11:35:00+05:30,1920.9,1921.9,1918.0,1921.75,44843,KOTAKBANK
2354,2025-02-12 11:40:00+05:30,1921.5,1932.0,1921.4,1931.7,94972,KOTAKBANK
2355,2025-02-12 11:45:00+05:30,1931.7,1936.65,1928.65,1932.7,76871,KOTAKBANK
2356,2025-02-12 11:50:00+05:30,1932.45,1935.4,1929.9,1935.35,38326,KOTAKBANK
2357,2025-02-12 11:55:00+05:30,1935.4,1936.95,1931.4,1932.0,54052,KOTAKBANK
2358,2025-02-12 12:00:00+05:30,1932.0,1933.55,1930.4,1931.8,29763,KOTAKBANK
2359,2025-02-12 12:05:00+05:30,1931.8,1932.45,1930.4,1931.8,40934,KOTAKBANK
2360,2025-02-12 12:10:00+05:30,1931.45,1934.5,1930.45,1934.0,39389,KOTAKBANK
2361,2025-02-12 12:15:00+05:30,1934.45,1934.9,1930.0,1931.45,40829,KOTAKBANK
2362,2025-02-12 12:20:00+05:30,1931.45,1935.0,1931.4,1933.85,63225,KOTAKBANK
2363,2025-02-12 12:25:00+05:30,1933.8,1935.7,1932.1,1935.7,37321,KOTAKBANK
2364,2025-02-12 12:30:00+05:30,1935.35,1939.95,1935.15,1937.55,41101,KOTAKBANK
2365,2025-02-12 12:35:00+05:30,1937.0,1940.4,1935.0,1936.05,88623,KOTAKBANK
2366,2025-02-12 12:40:00+05:30,1936.05,1937.9,1935.3,1937.65,19891,KOTAKBANK
2367,2025-02-12 12:45:00+05:30,1937.65,1941.95,1936.95,1941.1,28380,KOTAKBANK
2368,2025-02-12 12:50:00+05:30,1941.05,1943.75,1937.85,1937.85,35922,KOTAKBANK
2369,2025-02-12 12:55:00+05:30,1938.2,1940.7,1938.1,1939.25,22273,KOTAKBANK
2370,2025-02-12 13:00:00+05:30,1939.4,1941.5,1938.4,1940.85,17092,KOTAKBANK
2371,2025-02-12 13:05:00+05:30,1940.9,1941.95,1939.2,1940.75,28941,KOTAKBANK
2372,2025-02-12 13:10:00+05:30,1940.75,1943.6,1940.35,1942.05,31183,KOTAKBANK
2373,2025-02-12 13:15:00+05:30,1942.1,1944.65,1940.7,1942.9,24515,KOTAKBANK
2374,2025-02-12 13:20:00+05:30,1942.9,1945.0,1942.25,1943.75,32252,KOTAKBANK
2375,2025-02-12 13:25:00+05:30,1943.75,1944.75,1943.0,1943.85,27023,KOTAKBANK
2376,2025-02-12 13:30:00+05:30,1943.85,1946.0,1943.75,1945.45,32948,KOTAKBANK
2377,2025-02-12 13:35:00+05:30,1945.5,1945.55,1941.3,1942.8,29374,KOTAKBANK
2378,2025-02-12 13:40:00+05:30,1942.8,1943.7,1937.0,1940.3,30133,KOTAKBANK
2379,2025-02-12 13:45:00+05:30,1940.35,1940.6,1934.2,1934.9,26446,KOTAKBANK
2380,2025-02-12 13:50:00+05:30,1935.15,1936.8,1933.15,1934.35,27730,KOTAKBANK
2381,2025-02-12 13:55:00+05:30,1934.25,1934.5,1930.4,1931.8,22690,KOTAKBANK
2382,2025-02-12 14:00:00+05:30,1931.8,1932.85,1930.0,1931.15,15774,KOTAKBANK
2383,2025-02-12 14:05:00+05:30,1931.15,1933.0,1927.3,1927.3,26373,KOTAKBANK
2384,2025-02-12 14:10:00+05:30,1928.25,1932.15,1927.15,1930.6,19388,KOTAKBANK
2385,2025-02-12 14:15:00+05:30,1930.6,1930.7,1928.0,1929.45,24157,KOTAKBANK
2386,2025-02-12 14:20:00+05:30,1929.7,1930.95,1928.0,1929.65,22659,KOTAKBANK
2387,2025-02-12 14:25:00+05:30,1929.65,1930.4,1927.5,1929.85,21355,KOTAKBANK
2388,2025-02-12 14:30:00+05:30,1929.9,1929.95,1926.05,1928.0,20537,KOTAKBANK
2389,2025-02-12 14:35:00+05:30,1928.0,1930.4,1927.25,1928.0,32205,KOTAKBANK
2390,2025-02-12 14:40:00+05:30,1928.0,1933.5,1927.3,1932.35,39135,KOTAKBANK
2391,2025-02-12 14:45:00+05:30,1932.55,1933.8,1930.65,1932.9,46642,KOTAKBANK
2392,2025-02-12 14:50:00+05:30,1932.6,1933.9,1932.0,1933.55,26485,KOTAKBANK
2393,2025-02-12 14:55:00+05:30,1933.55,1940.4,1933.5,1939.35,48209,KOTAKBANK
2394,2025-02-12 15:00:00+05:30,1939.35,1943.9,1939.25,1942.8,162038,KOTAKBANK
2395,2025-02-12 15:05:00+05:30,1942.6,1942.8,1940.05,1941.95,91898,KOTAKBANK
2396,2025-02-12 15:10:00+05:30,1942.0,1946.9,1941.2,1946.6,85698,KOTAKBANK
2397,2025-02-12 15:15:00+05:30,1946.55,1949.0,1944.15,1946.2,97347,KOTAKBANK
2398,2025-02-12 15:20:00+05:30,1946.2,1949.0,1944.25,1944.7,105838,KOTAKBANK
2399,2025-02-12 15:25:00+05:30,1944.8,1946.25,1942.0,1945.5,75014,KOTAKBANK
2400,2025-02-13 09:15:00+05:30,1963.0,1987.7,1960.55,1978.05,1942557,KOTAKBANK
2401,2025-02-13 09:20:00+05:30,1978.05,1984.8,1975.7,1981.35,591489,KOTAKBANK
2402,2025-02-13 09:25:00+05:30,1980.65,1985.7,1978.0,1980.25,378444,KOTAKBANK
2403,2025-02-13 09:30:00+05:30,1980.25,1983.25,1979.0,1979.7,271825,KOTAKBANK
2404,2025-02-13 09:35:00+05:30,1979.7,1982.5,1977.55,1980.7,152373,KOTAKBANK
2405,2025-02-13 09:40:00+05:30,1981.05,1984.2,1978.95,1980.5,169844,KOTAKBANK
2406,2025-02-13 09:45:00+05:30,1980.5,1983.0,1968.7,1969.05,544756,KOTAKBANK
2407,2025-02-13 09:50:00+05:30,1969.05,1977.0,1967.0,1975.7,580297,KOTAKBANK
2408,2025-02-13 09:55:00+05:30,1975.7,1977.0,1971.3,1972.0,168204,KOTAKBANK
2409,2025-02-13 10:00:00+05:30,1972.0,1979.4,1971.95,1978.95,148088,KOTAKBANK
2410,2025-02-13 10:05:00+05:30,1978.9,1982.8,1977.55,1980.15,210508,KOTAKBANK
2411,2025-02-13 10:10:00+05:30,1980.2,1983.85,1978.55,1983.45,208753,KOTAKBANK
2412,2025-02-13 10:15:00+05:30,1983.5,1992.0,1982.25,1990.85,294251,KOTAKBANK
2413,2025-02-13 10:20:00+05:30,1990.95,1992.8,1978.55,1978.6,271425,KOTAKBANK
2414,2025-02-13 10:25:00+05:30,1978.8,1980.4,1974.05,1977.25,201926,KOTAKBANK
2415,2025-02-13 10:30:00+05:30,1977.25,1980.4,1975.9,1977.95,75707,KOTAKBANK
2416,2025-02-13 10:35:00+05:30,1977.95,1980.25,1976.0,1978.6,85155,KOTAKBANK
2417,2025-02-13 10:40:00+05:30,1978.55,1980.2,1977.45,1978.7,63551,KOTAKBANK
2418,2025-02-13 10:45:00+05:30,1978.35,1980.1,1978.0,1979.75,55448,KOTAKBANK
2419,2025-02-13 10:50:00+05:30,1979.85,1980.35,1978.6,1979.8,57868,KOTAKBANK
2420,2025-02-13 10:55:00+05:30,1979.8,1980.2,1976.35,1978.5,62432,KOTAKBANK
2421,2025-02-13 11:00:00+05:30,1978.5,1979.5,1971.9,1973.1,133465,KOTAKBANK
2422,2025-02-13 11:05:00+05:30,1973.15,1976.5,1972.2,1973.0,92298,KOTAKBANK
2423,2025-02-13 11:10:00+05:30,1973.0,1974.15,1970.9,1974.1,72947,KOTAKBANK
2424,2025-02-13 11:15:00+05:30,1974.1,1974.35,1972.2,1973.05,54938,KOTAKBANK
2425,2025-02-13 11:20:00+05:30,1973.0,1973.95,1972.05,1973.0,65459,KOTAKBANK
2426,2025-02-13 11:25:00+05:30,1973.25,1975.3,1971.5,1975.2,92770,KOTAKBANK
2427,2025-02-13 11:30:00+05:30,1975.2,1975.65,1972.35,1972.95,91459,KOTAKBANK
2428,2025-02-13 11:35:00+05:30,1973.0,1976.95,1972.3,1975.25,89935,KOTAKBANK
2429,2025-02-13 11:40:00+05:30,1975.3,1976.85,1972.6,1976.0,73163,KOTAKBANK
2430,2025-02-13 11:45:00+05:30,1976.0,1976.75,1973.95,1975.55,92960,KOTAKBANK
2431,2025-02-13 11:50:00+05:30,1975.55,1977.55,1975.3,1977.0,65462,KOTAKBANK
2432,2025-02-13 11:55:00+05:30,1976.95,1978.8,1975.35,1977.8,73521,KOTAKBANK
2433,2025-02-13 12:00:00+05:30,1977.8,1978.1,1975.0,1975.65,50151,KOTAKBANK
2434,2025-02-13 12:05:00+05:30,1975.25,1975.65,1973.0,1973.2,67286,KOTAKBANK
2435,2025-02-13 12:10:00+05:30,1973.2,1974.85,1971.55,1974.2,82440,KOTAKBANK
2436,2025-02-13 12:15:00+05:30,1974.1,1975.0,1972.55,1974.9,49516,KOTAKBANK
2437,2025-02-13 12:20:00+05:30,1974.9,1975.1,1973.0,1973.95,55810,KOTAKBANK
2438,2025-02-13 12:25:00+05:30,1973.95,1975.0,1973.2,1975.0,65081,KOTAKBANK
2439,2025-02-13 12:30:00+05:30,1975.0,1979.4,1974.8,1979.4,130286,KOTAKBANK
2440,2025-02-13 12:35:00+05:30,1979.35,1980.0,1977.1,1978.85,445584,KOTAKBANK
2441,2025-02-13 12:40:00+05:30,1978.8,1980.0,1977.4,1979.7,89155,KOTAKBANK
2442,2025-02-13 12:45:00+05:30,1979.65,1980.0,1977.7,1979.65,98880,KOTAKBANK
2443,2025-02-13 12:50:00+05:30,1979.65,1983.1,1978.65,1982.8,136878,KOTAKBANK
2444,2025-02-13 12:55:00+05:30,1982.75,1982.8,1978.3,1981.05,106037,KOTAKBANK
2445,2025-02-13 13:00:00+05:30,1981.05,1981.75,1979.2,1981.35,89260,KOTAKBANK
2446,2025-02-13 13:05:00+05:30,1981.5,1981.7,1978.3,1980.0,94008,KOTAKBANK
2447,2025-02-13 13:10:00+05:30,1980.05,1980.1,1974.7,1974.8,125748,KOTAKBANK
2448,2025-02-13 13:15:00+05:30,1975.2,1980.5,1973.85,1979.0,210251,KOTAKBANK
2449,2025-02-13 13:20:00+05:30,1978.95,1981.0,1977.9,1979.2,139046,KOTAKBANK
2450,2025-02-13 13:25:00+05:30,1979.6,1980.6,1976.1,1980.55,218913,KOTAKBANK
2451,2025-02-13 13:30:00+05:30,1980.6,1980.65,1974.55,1974.6,127237,KOTAKBANK
2452,2025-02-13 13:35:00+05:30,1975.05,1976.75,1972.5,1974.4,123419,KOTAKBANK
2453,2025-02-13 13:40:00+05:30,1974.4,1976.8,1972.0,1973.1,115827,KOTAKBANK
2454,2025-02-13 13:45:00+05:30,1973.1,1973.25,1965.9,1968.2,158825,KOTAKBANK
2455,2025-02-13 13:50:00+05:30,1968.25,1972.1,1966.4,1971.3,107738,KOTAKBANK
2456,2025-02-13 13:55:00+05:30,1971.3,1974.95,1970.55,1973.4,94327,KOTAKBANK
2457,2025-02-13 14:00:00+05:30,1973.4,1974.95,1972.5,1974.75,69442,KOTAKBANK
2458,2025-02-13 14:05:00+05:30,1974.7,1974.75,1972.0,1972.75,95353,KOTAKBANK
2459,2025-02-13 14:10:00+05:30,1972.75,1974.65,1969.0,1971.1,104192,KOTAKBANK
2460,2025-02-13 14:15:00+05:30,1970.95,1973.3,1968.75,1971.65,78025,KOTAKBANK
2461,2025-02-13 14:20:00+05:30,1971.6,1972.75,1969.75,1971.95,82260,KOTAKBANK
2462,2025-02-13 14:25:00+05:30,1972.0,1973.4,1970.15,1971.75,75575,KOTAKBANK
2463,2025-02-13 14:30:00+05:30,1971.75,1971.75,1964.0,1966.75,125371,KOTAKBANK
2464,2025-02-13 14:35:00+05:30,1966.8,1969.85,1964.65,1969.55,60765,KOTAKBANK
2465,2025-02-13 14:40:00+05:30,1969.4,1969.75,1966.45,1967.8,68923,KOTAKBANK
2466,2025-02-13 14:45:00+05:30,1967.1,1971.0,1966.85,1971.0,83802,KOTAKBANK
2467,2025-02-13 14:50:00+05:30,1970.9,1972.45,1970.05,1972.45,69029,KOTAKBANK
2468,2025-02-13 14:55:00+05:30,1972.4,1973.0,1970.55,1972.75,66645,KOTAKBANK
2469,2025-02-13 15:00:00+05:30,1972.7,1973.4,1970.8,1971.9,177097,KOTAKBANK
2470,2025-02-13 15:05:00+05:30,1971.85,1974.65,1971.85,1973.85,136866,KOTAKBANK
2471,2025-02-13 15:10:00+05:30,1973.6,1974.25,1972.5,1973.25,143614,KOTAKBANK
2472,2025-02-13 15:15:00+05:30,1973.3,1975.65,1973.2,1975.0,199941,KOTAKBANK
2473,2025-02-13 15:20:00+05:30,1974.95,1975.25,1970.35,1970.6,177182,KOTAKBANK
2474,2025-02-13 15:25:00+05:30,1970.55,1970.6,1964.3,1964.75,100616,KOTAKBANK
2475,2025-02-14 09:15:00+05:30,1974.0,1974.0,1961.95,1967.95,78006,KOTAKBANK
2476,2025-02-14 09:20:00+05:30,1967.65,1971.5,1964.8,1970.7,27570,KOTAKBANK
2477,2025-02-14 09:25:00+05:30,1970.7,1971.55,1965.35,1966.55,21009,KOTAKBANK
2478,2025-02-14 09:30:00+05:30,1966.2,1968.2,1963.6,1965.95,17304,KOTAKBANK
2479,2025-02-14 09:35:00+05:30,1965.75,1968.05,1964.0,1966.15,16580,KOTAKBANK
2480,2025-02-14 09:40:00+05:30,1966.05,1967.4,1964.65,1966.4,20061,KOTAKBANK
2481,2025-02-14 09:45:00+05:30,1966.1,1967.65,1962.6,1967.55,17091,KOTAKBANK
2482,2025-02-14 09:50:00+05:30,1967.55,1968.95,1960.2,1960.5,23009,KOTAKBANK
2483,2025-02-14 09:55:00+05:30,1960.2,1961.75,1957.25,1959.45,85267,KOTAKBANK
2484,2025-02-14 10:00:00+05:30,1959.3,1964.9,1958.7,1964.8,24689,KOTAKBANK
2485,2025-02-14 10:05:00+05:30,1964.2,1966.35,1962.65,1964.85,23293,KOTAKBANK
2486,2025-02-14 10:10:00+05:30,1964.0,1967.0,1963.95,1965.35,18947,KOTAKBANK
2487,2025-02-14 10:15:00+05:30,1965.3,1967.05,1964.85,1966.6,14730,KOTAKBANK
2488,2025-02-14 10:20:00+05:30,1966.65,1968.1,1966.0,1966.9,17684,KOTAKBANK
2489,2025-02-14 10:25:00+05:30,1966.9,1967.1,1963.6,1963.6,14170,KOTAKBANK
2490,2025-02-14 10:30:00+05:30,1963.65,1964.75,1961.75,1962.6,19481,KOTAKBANK
2491,2025-02-14 10:35:00+05:30,1962.8,1962.85,1955.5,1956.15,32052,KOTAKBANK
2492,2025-02-14 10:40:00+05:30,1955.6,1957.05,1953.35,1955.0,41383,KOTAKBANK
2493,2025-02-14 10:45:00+05:30,1955.0,1956.05,1945.35,1947.9,40047,KOTAKBANK
2494,2025-02-14 10:50:00+05:30,1948.0,1949.1,1945.35,1948.45,26404,KOTAKBANK
2495,2025-02-14 10:55:00+05:30,1948.7,1950.45,1945.0,1949.75,25259,KOTAKBANK
2496,2025-02-14 11:00:00+05:30,1949.75,1951.05,1946.0,1946.4,15183,KOTAKBANK
2497,2025-02-14 11:05:00+05:30,1946.0,1948.6,1943.55,1943.6,34070,KOTAKBANK
2498,2025-02-14 11:10:00+05:30,1943.9,1949.9,1943.15,1947.4,31823,KOTAKBANK
2499,2025-02-14 11:15:00+05:30,1947.4,1949.85,1946.15,1946.15,27670,KOTAKBANK
2500,2025-02-14 11:20:00+05:30,1946.15,1948.6,1945.2,1945.25,26365,KOTAKBANK
2501,2025-02-14 11:25:00+05:30,1945.2,1946.55,1944.0,1944.0,19387,KOTAKBANK
2502,2025-02-14 11:30:00+05:30,1944.1,1947.25,1943.15,1946.15,22818,KOTAKBANK
2503,2025-02-14 11:35:00+05:30,1946.15,1947.25,1943.45,1943.95,17337,KOTAKBANK
2504,2025-02-14 11:40:00+05:30,1943.5,1948.0,1943.25,1947.25,23065,KOTAKBANK
2505,2025-02-14 11:45:00+05:30,1947.25,1948.0,1945.0,1945.1,16623,KOTAKBANK
2506,2025-02-14 11:50:00+05:30,1945.1,1948.0,1945.1,1946.4,13989,KOTAKBANK
2507,2025-02-14 11:55:00+05:30,1946.4,1948.0,1945.3,1946.95,20727,KOTAKBANK
2508,2025-02-14 12:00:00+05:30,1947.0,1948.4,1945.5,1947.0,31279,KOTAKBANK
2509,2025-02-14 12:05:00+05:30,1947.0,1948.05,1941.7,1942.55,29893,KOTAKBANK
2510,2025-02-14 12:10:00+05:30,1943.05,1943.65,1938.65,1939.2,36701,KOTAKBANK
2511,2025-02-14 12:15:00+05:30,1939.2,1941.4,1935.2,1935.9,37170,KOTAKBANK
2512,2025-02-14 12:20:00+05:30,1935.5,1940.0,1935.5,1937.2,32882,KOTAKBANK
2513,2025-02-14 12:25:00+05:30,1937.2,1941.5,1937.1,1939.05,25380,KOTAKBANK
2514,2025-02-14 12:30:00+05:30,1939.05,1942.45,1938.95,1940.15,36961,KOTAKBANK
2515,2025-02-14 12:35:00+05:30,1940.05,1942.0,1939.95,1941.25,35032,KOTAKBANK
2516,2025-02-14 12:40:00+05:30,1941.25,1941.35,1937.75,1938.9,49057,KOTAKBANK
2517,2025-02-14 12:45:00+05:30,1938.25,1939.7,1937.5,1938.15,28477,KOTAKBANK
2518,2025-02-14 12:50:00+05:30,1938.05,1940.2,1936.35,1936.4,19629,KOTAKBANK
2519,2025-02-14 12:55:00+05:30,1936.4,1938.1,1935.0,1935.0,20199,KOTAKBANK
2520,2025-02-14 13:00:00+05:30,1935.0,1936.75,1933.35,1936.25,30651,KOTAKBANK
2521,2025-02-14 13:05:00+05:30,1936.25,1937.5,1933.45,1934.75,28553,KOTAKBANK
2522,2025-02-14 13:10:00+05:30,1934.75,1936.65,1934.45,1936.35,23257,KOTAKBANK
2523,2025-02-14 13:15:00+05:30,1936.0,1938.75,1934.9,1936.95,26452,KOTAKBANK
2524,2025-02-14 13:20:00+05:30,1936.95,1939.95,1936.05,1939.2,23053,KOTAKBANK
2525,2025-02-14 13:25:00+05:30,1938.8,1940.0,1938.0,1938.2,23826,KOTAKBANK
2526,2025-02-14 13:30:00+05:30,1938.2,1940.0,1938.0,1938.4,30728,KOTAKBANK
2527,2025-02-14 13:35:00+05:30,1938.4,1938.75,1936.2,1936.85,21087,KOTAKBANK
2528,2025-02-14 13:40:00+05:30,1937.0,1938.95,1937.0,1938.6,17357,KOTAKBANK
2529,2025-02-14 13:45:00+05:30,1938.6,1938.6,1935.45,1935.95,20221,KOTAKBANK
2530,2025-02-14 13:50:00+05:30,1935.9,1938.75,1935.5,1937.0,20580,KOTAKBANK
2531,2025-02-14 13:55:00+05:30,1936.45,1939.9,1936.45,1939.6,25157,KOTAKBANK
2532,2025-02-14 14:00:00+05:30,1939.35,1940.0,1938.95,1939.1,20276,KOTAKBANK
2533,2025-02-14 14:05:00+05:30,1939.15,1940.1,1937.75,1938.8,35215,KOTAKBANK
2534,2025-02-14 14:10:00+05:30,1938.55,1939.5,1937.7,1939.35,23975,KOTAKBANK
2535,2025-02-14 14:15:00+05:30,1939.35,1941.4,1937.3,1937.85,107124,KOTAKBANK
2536,2025-02-14 14:20:00+05:30,1937.8,1940.4,1937.8,1938.55,44645,KOTAKBANK
2537,2025-02-14 14:25:00+05:30,1938.6,1944.45,1938.6,1942.65,77176,KOTAKBANK
2538,2025-02-14 14:30:00+05:30,1942.5,1947.4,1942.1,1947.1,30118,KOTAKBANK
2539,2025-02-14 14:35:00+05:30,1947.0,1955.45,1947.0,1951.45,55781,KOTAKBANK
2540,2025-02-14 14:40:00+05:30,1951.45,1959.9,1951.45,1957.7,46705,KOTAKBANK
2541,2025-02-14 14:45:00+05:30,1957.7,1958.05,1953.35,1957.95,41193,KOTAKBANK
2542,2025-02-14 14:50:00+05:30,1957.95,1958.65,1956.25,1957.7,29046,KOTAKBANK
2543,2025-02-14 14:55:00+05:30,1957.35,1957.75,1953.85,1956.1,37886,KOTAKBANK
2544,2025-02-14 15:00:00+05:30,1956.1,1958.4,1955.2,1956.2,60437,KOTAKBANK
2545,2025-02-14 15:05:00+05:30,1956.35,1957.45,1951.35,1953.4,81022,KOTAKBANK
2546,2025-02-14 15:10:00+05:30,1953.4,1954.45,1951.7,1953.7,88690,KOTAKBANK
2547,2025-02-14 15:15:00+05:30,1953.7,1954.55,1950.6,1951.7,98479,KOTAKBANK
2548,2025-02-14 15:20:00+05:30,1952.4,1952.4,1947.95,1949.5,105581,KOTAKBANK
2549,2025-02-14 15:25:00+05:30,1950.0,1952.0,1947.9,1949.8,70895,KOTAKBANK
2550,2025-02-17 09:15:00+05:30,1955.0,1963.95,1936.95,1940.45,232998,KOTAKBANK
2551,2025-02-17 09:20:00+05:30,1940.35,1950.2,1938.85,1945.5,42331,KOTAKBANK
2552,2025-02-17 09:25:00+05:30,1945.8,1951.65,1945.2,1948.5,18445,KOTAKBANK
2553,2025-02-17 09:30:00+05:30,1948.35,1950.0,1945.0,1949.15,15476,KOTAKBANK
2554,2025-02-17 09:35:00+05:30,1949.15,1949.15,1941.0,1941.85,14875,KOTAKBANK
2555,2025-02-17 09:40:00+05:30,1942.3,1944.5,1937.65,1941.45,27526,KOTAKBANK
2556,2025-02-17 09:45:00+05:30,1941.0,1947.95,1940.2,1946.85,24613,KOTAKBANK
2557,2025-02-17 09:50:00+05:30,1946.9,1947.75,1942.8,1944.75,18896,KOTAKBANK
2558,2025-02-17 09:55:00+05:30,1944.7,1944.7,1936.05,1938.45,23156,KOTAKBANK
2559,2025-02-17 10:00:00+05:30,1939.15,1939.3,1932.65,1932.65,26551,KOTAKBANK
2560,2025-02-17 10:05:00+05:30,1932.65,1936.55,1932.65,1935.45,24779,KOTAKBANK
2561,2025-02-17 10:10:00+05:30,1935.45,1937.25,1933.9,1935.85,18081,KOTAKBANK
2562,2025-02-17 10:15:00+05:30,1935.45,1940.0,1935.1,1939.5,16352,KOTAKBANK
2563,2025-02-17 10:20:00+05:30,1939.3,1945.0,1939.1,1940.7,20089,KOTAKBANK
2564,2025-02-17 10:25:00+05:30,1940.6,1945.6,1939.0,1945.3,19855,KOTAKBANK
2565,2025-02-17 10:30:00+05:30,1945.55,1947.4,1943.2,1944.6,42706,KOTAKBANK
2566,2025-02-17 10:35:00+05:30,1944.6,1950.9,1944.6,1945.8,42483,KOTAKBANK
2567,2025-02-17 10:40:00+05:30,1945.95,1952.5,1945.95,1952.5,49338,KOTAKBANK
2568,2025-02-17 10:45:00+05:30,1952.4,1953.95,1945.7,1947.45,36314,KOTAKBANK
2569,2025-02-17 10:50:00+05:30,1947.5,1950.0,1946.25,1948.15,21108,KOTAKBANK
2570,2025-02-17 10:55:00+05:30,1948.2,1949.75,1944.0,1946.5,16426,KOTAKBANK
2571,2025-02-17 11:00:00+05:30,1946.5,1948.05,1943.9,1944.1,15332,KOTAKBANK
2572,2025-02-17 11:05:00+05:30,1944.25,1946.8,1942.75,1944.9,15071,KOTAKBANK
2573,2025-02-17 11:10:00+05:30,1945.3,1946.0,1940.5,1941.95,20801,KOTAKBANK
2574,2025-02-17 11:15:00+05:30,1941.5,1944.1,1941.4,1942.9,18666,KOTAKBANK
2575,2025-02-17 11:20:00+05:30,1943.2,1945.9,1942.0,1944.95,18558,KOTAKBANK
2576,2025-02-17 11:25:00+05:30,1945.1,1945.95,1944.15,1944.7,21363,KOTAKBANK
2577,2025-02-17 11:30:00+05:30,1944.7,1948.25,1944.5,1946.0,18604,KOTAKBANK
2578,2025-02-17 11:35:00+05:30,1946.0,1947.1,1943.35,1945.05,16611,KOTAKBANK
2579,2025-02-17 11:40:00+05:30,1945.05,1947.4,1943.95,1947.4,22405,KOTAKBANK
2580,2025-02-17 11:45:00+05:30,1947.45,1948.0,1945.0,1945.55,21020,KOTAKBANK
2581,2025-02-17 11:50:00+05:30,1945.65,1945.65,1941.1,1942.8,24031,KOTAKBANK
2582,2025-02-17 11:55:00+05:30,1942.8,1945.45,1941.95,1943.95,17950,KOTAKBANK
2583,2025-02-17 12:00:00+05:30,1944.6,1947.8,1941.6,1942.3,23878,KOTAKBANK
2584,2025-02-17 12:05:00+05:30,1942.25,1944.5,1938.85,1941.5,22720,KOTAKBANK
2585,2025-02-17 12:10:00+05:30,1941.85,1942.15,1938.1,1939.0,22860,KOTAKBANK
2586,2025-02-17 12:15:00+05:30,1939.0,1941.35,1937.85,1940.05,27463,KOTAKBANK
2587,2025-02-17 12:20:00+05:30,1940.05,1940.65,1938.85,1940.6,38881,KOTAKBANK
2588,2025-02-17 12:25:00+05:30,1940.6,1943.3,1940.55,1943.15,16217,KOTAKBANK
2589,2025-02-17 12:30:00+05:30,1943.15,1943.95,1941.6,1942.9,19314,KOTAKBANK
2590,2025-02-17 12:35:00+05:30,1942.9,1943.55,1941.3,1943.05,19604,KOTAKBANK
2591,2025-02-17 12:40:00+05:30,1943.5,1945.65,1942.1,1943.4,26659,KOTAKBANK
2592,2025-02-17 12:45:00+05:30,1943.4,1944.0,1940.25,1940.4,21511,KOTAKBANK
2593,2025-02-17 12:50:00+05:30,1940.45,1940.5,1939.55,1940.1,33353,KOTAKBANK
2594,2025-02-17 12:55:00+05:30,1940.05,1941.35,1937.9,1941.0,53156,KOTAKBANK
2595,2025-02-17 13:00:00+05:30,1940.85,1944.0,1940.2,1941.05,27471,KOTAKBANK
2596,2025-02-17 13:05:00+05:30,1941.05,1941.75,1937.65,1938.0,22106,KOTAKBANK
2597,2025-02-17 13:10:00+05:30,1938.0,1938.65,1934.95,1935.2,23603,KOTAKBANK
2598,2025-02-17 13:15:00+05:30,1935.2,1937.65,1934.25,1936.4,18319,KOTAKBANK
2599,2025-02-17 13:20:00+05:30,1936.4,1938.9,1935.0,1938.65,16500,KOTAKBANK
2600,2025-02-17 13:25:00+05:30,1938.6,1939.0,1935.7,1936.5,18464,KOTAKBANK
2601,2025-02-17 13:30:00+05:30,1936.65,1943.0,1936.55,1942.55,36809,KOTAKBANK
2602,2025-02-17 13:35:00+05:30,1942.6,1946.55,1941.9,1943.65,31816,KOTAKBANK
2603,2025-02-17 13:40:00+05:30,1943.6,1947.2,1942.35,1944.55,39701,KOTAKBANK
2604,2025-02-17 13:45:00+05:30,1944.55,1946.0,1941.15,1944.7,27346,KOTAKBANK
2605,2025-02-17 13:50:00+05:30,1944.7,1946.0,1943.8,1945.0,21083,KOTAKBANK
2606,2025-02-17 13:55:00+05:30,1944.95,1945.6,1942.35,1943.7,18219,KOTAKBANK
2607,2025-02-17 14:00:00+05:30,1943.65,1947.15,1937.55,1939.15,40926,KOTAKBANK
2608,2025-02-17 14:05:00+05:30,1939.15,1941.7,1939.0,1940.5,17308,KOTAKBANK
2609,2025-02-17 14:10:00+05:30,1940.45,1943.8,1940.1,1941.85,20425,KOTAKBANK
2610,2025-02-17 14:15:00+05:30,1942.05,1945.0,1941.15,1943.9,27400,KOTAKBANK
2611,2025-02-17 14:20:00+05:30,1944.0,1944.95,1941.9,1943.05,19793,KOTAKBANK
2612,2025-02-17 14:25:00+05:30,1943.15,1946.7,1943.05,1945.45,19619,KOTAKBANK
2613,2025-02-17 14:30:00+05:30,1945.45,1945.45,1940.8,1942.8,23642,KOTAKBANK
2614,2025-02-17 14:35:00+05:30,1942.85,1944.1,1941.4,1943.7,35133,KOTAKBANK
2615,2025-02-17 14:40:00+05:30,1943.4,1946.4,1942.95,1945.7,34731,KOTAKBANK
2616,2025-02-17 14:45:00+05:30,1945.7,1946.95,1944.5,1945.1,42872,KOTAKBANK
2617,2025-02-17 14:50:00+05:30,1945.25,1947.0,1944.1,1946.0,22492,KOTAKBANK
2618,2025-02-17 14:55:00+05:30,1945.95,1949.65,1945.5,1949.4,31234,KOTAKBANK
2619,2025-02-17 15:00:00+05:30,1948.55,1949.9,1946.3,1947.4,50049,KOTAKBANK
2620,2025-02-17 15:05:00+05:30,1947.4,1949.15,1945.6,1947.05,48887,KOTAKBANK
2621,2025-02-17 15:10:00+05:30,1947.05,1948.0,1944.05,1945.0,41824,KOTAKBANK
2622,2025-02-17 15:15:00+05:30,1945.0,1946.8,1942.85,1943.9,73458,KOTAKBANK
2623,2025-02-17 15:20:00+05:30,1944.0,1945.0,1943.2,1945.0,38227,KOTAKBANK
2624,2025-02-17 15:25:00+05:30,1944.95,1945.0,1940.75,1941.8,88317,KOTAKBANK
2625,2025-02-18 09:15:00+05:30,1942.05,1950.9,1942.05,1947.55,139707,KOTAKBANK
2626,2025-02-18 09:20:00+05:30,1947.55,1949.4,1945.15,1947.0,54908,KOTAKBANK
2627,2025-02-18 09:25:00+05:30,1946.75,1952.75,1944.05,1951.4,138565,KOTAKBANK
2628,2025-02-18 09:30:00+05:30,1951.45,1952.55,1944.5,1945.05,87163,KOTAKBANK
2629,2025-02-18 09:35:00+05:30,1945.05,1950.4,1942.2,1949.55,52135,KOTAKBANK
2630,2025-02-18 09:40:00+05:30,1949.3,1952.95,1947.85,1952.45,40375,KOTAKBANK
2631,2025-02-18 09:45:00+05:30,1952.35,1956.9,1951.25,1954.9,58412,KOTAKBANK
2632,2025-02-18 09:50:00+05:30,1954.45,1957.0,1952.0,1954.0,41967,KOTAKBANK
2633,2025-02-18 09:55:00+05:30,1953.55,1953.9,1950.25,1951.1,35802,KOTAKBANK
2634,2025-02-18 10:00:00+05:30,1951.0,1955.0,1951.0,1954.55,26110,KOTAKBANK
2635,2025-02-18 10:05:00+05:30,1954.5,1954.85,1952.0,1952.0,26258,KOTAKBANK
2636,2025-02-18 10:10:00+05:30,1951.0,1953.3,1950.0,1950.1,41634,KOTAKBANK
2637,2025-02-18 10:15:00+05:30,1950.15,1952.55,1947.65,1947.7,27142,KOTAKBANK
2638,2025-02-18 10:20:00+05:30,1947.7,1950.0,1946.0,1950.0,41321,KOTAKBANK
2639,2025-02-18 10:25:00+05:30,1950.0,1950.0,1947.05,1947.4,24869,KOTAKBANK
2640,2025-02-18 10:30:00+05:30,1947.4,1947.4,1939.15,1940.25,29976,KOTAKBANK
2641,2025-02-18 10:35:00+05:30,1940.2,1941.9,1939.2,1940.55,32074,KOTAKBANK
2642,2025-02-18 10:40:00+05:30,1940.55,1941.65,1939.9,1940.0,23936,KOTAKBANK
2643,2025-02-18 10:45:00+05:30,1940.45,1944.5,1940.0,1941.6,29738,KOTAKBANK
2644,2025-02-18 10:50:00+05:30,1941.6,1947.9,1941.6,1947.45,23254,KOTAKBANK
2645,2025-02-18 10:55:00+05:30,1947.55,1948.35,1945.95,1946.1,30415,KOTAKBANK
2646,2025-02-18 11:00:00+05:30,1946.05,1948.0,1944.5,1944.75,34267,KOTAKBANK
2647,2025-02-18 11:05:00+05:30,1944.75,1946.3,1944.05,1944.6,20459,KOTAKBANK
2648,2025-02-18 11:10:00+05:30,1944.6,1944.85,1941.05,1943.85,25545,KOTAKBANK
2649,2025-02-18 11:15:00+05:30,1943.85,1944.95,1942.25,1944.75,23144,KOTAKBANK
2650,2025-02-18 11:20:00+05:30,1944.7,1946.75,1944.05,1944.1,31213,KOTAKBANK
2651,2025-02-18 11:25:00+05:30,1944.05,1945.9,1943.3,1945.55,19705,KOTAKBANK
2652,2025-02-18 11:30:00+05:30,1945.55,1948.05,1944.75,1947.95,23070,KOTAKBANK
2653,2025-02-18 11:35:00+05:30,1947.95,1948.3,1944.6,1946.15,24926,KOTAKBANK
2654,2025-02-18 11:40:00+05:30,1946.15,1947.95,1945.55,1947.6,23225,KOTAKBANK
2655,2025-02-18 11:45:00+05:30,1947.6,1948.55,1944.75,1947.25,35692,KOTAKBANK
2656,2025-02-18 11:50:00+05:30,1947.25,1947.3,1944.65,1945.3,23633,KOTAKBANK
2657,2025-02-18 11:55:00+05:30,1945.25,1946.35,1944.15,1945.0,21896,KOTAKBANK
2658,2025-02-18 12:00:00+05:30,1945.0,1947.2,1943.8,1946.85,29566,KOTAKBANK
2659,2025-02-18 12:05:00+05:30,1946.7,1948.85,1945.75,1948.15,23452,KOTAKBANK
2660,2025-02-18 12:10:00+05:30,1948.0,1948.75,1947.95,1948.0,30881,KOTAKBANK
2661,2025-02-18 12:15:00+05:30,1948.0,1949.5,1947.95,1948.0,95207,KOTAKBANK
2662,2025-02-18 12:20:00+05:30,1948.0,1948.6,1946.9,1948.0,54937,KOTAKBANK
2663,2025-02-18 12:25:00+05:30,1947.95,1951.45,1947.95,1951.35,78682,KOTAKBANK
2664,2025-02-18 12:30:00+05:30,1951.35,1952.3,1949.1,1950.35,56262,KOTAKBANK
2665,2025-02-18 12:35:00+05:30,1950.4,1951.85,1949.4,1951.2,48721,KOTAKBANK
2666,2025-02-18 12:40:00+05:30,1951.2,1952.0,1949.3,1950.0,46776,KOTAKBANK
2667,2025-02-18 12:45:00+05:30,1949.95,1953.0,1949.8,1952.4,48287,KOTAKBANK
2668,2025-02-18 12:50:00+05:30,1952.2,1952.4,1949.5,1950.2,54995,KOTAKBANK
2669,2025-02-18 12:55:00+05:30,1950.05,1951.0,1948.75,1950.25,37150,KOTAKBANK
2670,2025-02-18 13:00:00+05:30,1950.25,1951.0,1949.45,1949.85,37377,KOTAKBANK
2671,2025-02-18 13:05:00+05:30,1949.85,1951.05,1949.8,1949.85,34048,KOTAKBANK
2672,2025-02-18 13:10:00+05:30,1949.85,1951.15,1949.5,1950.05,28974,KOTAKBANK
2673,2025-02-18 13:15:00+05:30,1950.05,1952.55,1949.9,1950.8,44380,KOTAKBANK
2674,2025-02-18 13:20:00+05:30,1950.8,1952.25,1949.7,1950.25,33033,KOTAKBANK
2675,2025-02-18 13:25:00+05:30,1950.25,1951.15,1949.55,1950.7,40349,KOTAKBANK
2676,2025-02-18 13:30:00+05:30,1950.65,1951.5,1949.9,1951.35,37884,KOTAKBANK
2677,2025-02-18 13:35:00+05:30,1951.3,1951.35,1949.0,1949.95,48021,KOTAKBANK
2678,2025-02-18 13:40:00+05:30,1949.55,1951.8,1949.55,1949.7,58723,KOTAKBANK
2679,2025-02-18 13:45:00+05:30,1950.0,1950.95,1947.6,1947.9,53737,KOTAKBANK
2680,2025-02-18 13:50:00+05:30,1947.9,1950.55,1947.85,1950.2,34951,KOTAKBANK
2681,2025-02-18 13:55:00+05:30,1950.2,1956.0,1949.35,1955.65,178395,KOTAKBANK
2682,2025-02-18 14:00:00+05:30,1955.4,1961.2,1955.0,1955.4,124550,KOTAKBANK
2683,2025-02-18 14:05:00+05:30,1955.75,1957.85,1955.0,1957.3,64674,KOTAKBANK
2684,2025-02-18 14:10:00+05:30,1957.3,1958.3,1955.2,1955.4,55791,KOTAKBANK
2685,2025-02-18 14:15:00+05:30,1955.35,1958.95,1955.0,1958.75,52180,KOTAKBANK
2686,2025-02-18 14:20:00+05:30,1958.55,1959.5,1957.6,1959.0,43400,KOTAKBANK
2687,2025-02-18 14:25:00+05:30,1959.0,1960.2,1958.9,1960.2,57218,KOTAKBANK
2688,2025-02-18 14:30:00+05:30,1960.2,1962.0,1958.65,1959.8,76001,KOTAKBANK
2689,2025-02-18 14:35:00+05:30,1959.85,1965.0,1959.8,1962.45,118101,KOTAKBANK
2690,2025-02-18 14:40:00+05:30,1962.2,1964.6,1960.65,1963.1,76584,KOTAKBANK
2691,2025-02-18 14:45:00+05:30,1963.05,1963.95,1960.0,1963.35,108863,KOTAKBANK
2692,2025-02-18 14:50:00+05:30,1963.3,1964.4,1961.95,1963.5,69413,KOTAKBANK
2693,2025-02-18 14:55:00+05:30,1963.5,1964.1,1961.5,1964.0,61153,KOTAKBANK
2694,2025-02-18 15:00:00+05:30,1963.9,1964.35,1961.6,1961.9,136212,KOTAKBANK
2695,2025-02-18 15:05:00+05:30,1961.9,1963.0,1961.3,1961.35,110028,KOTAKBANK
2696,2025-02-18 15:10:00+05:30,1961.35,1963.95,1961.2,1963.85,122798,KOTAKBANK
2697,2025-02-18 15:15:00+05:30,1963.85,1964.2,1961.5,1964.2,180360,KOTAKBANK
2698,2025-02-18 15:20:00+05:30,1964.15,1964.6,1961.7,1964.4,184887,KOTAKBANK
2699,2025-02-18 15:25:00+05:30,1964.4,1966.0,1961.0,1962.25,151051,KOTAKBANK
2700,2025-02-19 09:15:00+05:30,1963.95,1972.0,1962.0,1971.4,131738,KOTAKBANK
2701,2025-02-19 09:20:00+05:30,1971.8,1973.4,1969.0,1972.05,61508,KOTAKBANK
2702,2025-02-19 09:25:00+05:30,1972.15,1974.9,1968.35,1972.45,54038,KOTAKBANK
2703,2025-02-19 09:30:00+05:30,1972.45,1975.1,1970.85,1974.6,36426,KOTAKBANK
2704,2025-02-19 09:35:00+05:30,1974.7,1976.0,1973.7,1974.65,39871,KOTAKBANK
2705,2025-02-19 09:40:00+05:30,1974.3,1980.0,1973.8,1979.7,48381,KOTAKBANK
2706,2025-02-19 09:45:00+05:30,1979.85,1985.0,1979.7,1984.0,60867,KOTAKBANK
2707,2025-02-19 09:50:00+05:30,1983.9,1985.0,1980.8,1982.5,40232,KOTAKBANK
2708,2025-02-19 09:55:00+05:30,1982.55,1986.0,1982.2,1984.25,33149,KOTAKBANK
2709,2025-02-19 10:00:00+05:30,1984.3,1985.1,1981.95,1983.3,22193,KOTAKBANK
2710,2025-02-19 10:05:00+05:30,1983.1,1984.5,1980.7,1981.75,33516,KOTAKBANK
2711,2025-02-19 10:10:00+05:30,1981.8,1985.0,1978.85,1984.0,50235,KOTAKBANK
2712,2025-02-19 10:15:00+05:30,1984.0,1989.8,1984.0,1989.75,50185,KOTAKBANK
2713,2025-02-19 10:20:00+05:30,1989.7,1990.0,1986.0,1989.0,35797,KOTAKBANK
2714,2025-02-19 10:25:00+05:30,1989.4,1990.0,1987.95,1989.65,28720,KOTAKBANK
2715,2025-02-19 10:30:00+05:30,1989.7,1990.7,1987.85,1989.65,32923,KOTAKBANK
2716,2025-02-19 10:35:00+05:30,1989.65,1991.0,1988.0,1990.7,29525,KOTAKBANK
2717,2025-02-19 10:40:00+05:30,1990.5,1994.9,1990.15,1993.1,56028,KOTAKBANK
2718,2025-02-19 10:45:00+05:30,1993.1,1993.4,1988.6,1989.5,50580,KOTAKBANK
2719,2025-02-19 10:50:00+05:30,1989.75,1990.4,1986.6,1987.7,45424,KOTAKBANK
2720,2025-02-19 10:55:00+05:30,1987.7,1988.05,1982.85,1982.9,45774,KOTAKBANK
2721,2025-02-19 11:00:00+05:30,1982.9,1986.2,1982.35,1984.15,36499,KOTAKBANK
2722,2025-02-19 11:05:00+05:30,1984.15,1986.15,1984.0,1985.65,34018,KOTAKBANK
2723,2025-02-19 11:10:00+05:30,1985.9,1989.7,1985.05,1988.9,37215,KOTAKBANK
2724,2025-02-19 11:15:00+05:30,1988.95,1989.6,1985.1,1988.4,42882,KOTAKBANK
2725,2025-02-19 11:20:00+05:30,1988.35,1990.0,1987.35,1989.85,31459,KOTAKBANK
2726,2025-02-19 11:25:00+05:30,1989.8,1990.0,1981.0,1981.65,41718,KOTAKBANK
2727,2025-02-19 11:30:00+05:30,1981.65,1983.35,1979.3,1982.15,28363,KOTAKBANK
2728,2025-02-19 11:35:00+05:30,1982.1,1983.65,1979.6,1980.25,24096,KOTAKBANK
2729,2025-02-19 11:40:00+05:30,1980.25,1980.75,1977.0,1977.9,49515,KOTAKBANK
2730,2025-02-19 11:45:00+05:30,1977.9,1977.95,1975.35,1975.9,79142,KOTAKBANK
2731,2025-02-19 11:50:00+05:30,1975.95,1980.0,1975.9,1979.65,31355,KOTAKBANK
2732,2025-02-19 11:55:00+05:30,1979.55,1980.3,1978.75,1978.8,26393,KOTAKBANK
2733,2025-02-19 12:00:00+05:30,1978.8,1980.0,1978.2,1979.45,19602,KOTAKBANK
2734,2025-02-19 12:05:00+05:30,1979.45,1981.0,1979.3,1980.0,22801,KOTAKBANK
2735,2025-02-19 12:10:00+05:30,1979.95,1980.0,1978.75,1979.8,19391,KOTAKBANK
2736,2025-02-19 12:15:00+05:30,1979.6,1981.7,1978.65,1980.0,40985,KOTAKBANK
2737,2025-02-19 12:20:00+05:30,1980.0,1981.65,1979.0,1979.05,24273,KOTAKBANK
2738,2025-02-19 12:25:00+05:30,1979.15,1981.75,1979.0,1981.0,55848,KOTAKBANK
2739,2025-02-19 12:30:00+05:30,1981.1,1981.45,1979.25,1980.3,46475,KOTAKBANK
2740,2025-02-19 12:35:00+05:30,1980.3,1987.95,1980.3,1987.15,44081,KOTAKBANK
2741,2025-02-19 12:40:00+05:30,1987.25,1987.4,1982.35,1984.55,30151,KOTAKBANK
2742,2025-02-19 12:45:00+05:30,1984.3,1984.9,1978.6,1980.25,36647,KOTAKBANK
2743,2025-02-19 12:50:00+05:30,1979.9,1980.95,1979.1,1980.35,25802,KOTAKBANK
2744,2025-02-19 12:55:00+05:30,1980.05,1981.15,1979.05,1980.6,26084,KOTAKBANK
2745,2025-02-19 13:00:00+05:30,1980.45,1981.45,1979.2,1980.45,28266,KOTAKBANK
2746,2025-02-19 13:05:00+05:30,1980.45,1980.75,1977.1,1979.1,27974,KOTAKBANK
2747,2025-02-19 13:10:00+05:30,1979.1,1980.0,1977.55,1979.45,28481,KOTAKBANK
2748,2025-02-19 13:15:00+05:30,1979.45,1982.05,1979.3,1979.9,74043,KOTAKBANK
2749,2025-02-19 13:20:00+05:30,1979.9,1981.3,1979.4,1979.9,34164,KOTAKBANK
2750,2025-02-19 13:25:00+05:30,1979.95,1980.7,1978.2,1979.9,33620,KOTAKBANK
2751,2025-02-19 13:30:00+05:30,1979.9,1981.2,1979.75,1979.95,33049,KOTAKBANK
2752,2025-02-19 13:35:00+05:30,1979.95,1981.6,1979.95,1980.5,30032,KOTAKBANK
2753,2025-02-19 13:40:00+05:30,1980.5,1980.7,1978.15,1978.5,33005,KOTAKBANK
2754,2025-02-19 13:45:00+05:30,1978.5,1979.7,1977.65,1978.4,27216,KOTAKBANK
2755,2025-02-19 13:50:00+05:30,1978.0,1978.95,1975.5,1976.5,28373,KOTAKBANK
2756,2025-02-19 13:55:00+05:30,1976.35,1977.5,1975.0,1975.9,32342,KOTAKBANK
2757,2025-02-19 14:00:00+05:30,1975.65,1978.75,1975.0,1977.3,38250,KOTAKBANK
2758,2025-02-19 14:05:00+05:30,1977.2,1980.95,1976.2,1980.9,39062,KOTAKBANK
2759,2025-02-19 14:10:00+05:30,1980.9,1981.85,1978.0,1979.95,93766,KOTAKBANK
2760,2025-02-19 14:15:00+05:30,1979.7,1980.0,1975.0,1975.0,65159,KOTAKBANK
2761,2025-02-19 14:20:00+05:30,1975.4,1977.95,1974.8,1977.0,81015,KOTAKBANK
2762,2025-02-19 14:25:00+05:30,1977.05,1979.5,1975.4,1975.65,98044,KOTAKBANK
2763,2025-02-19 14:30:00+05:30,1975.55,1977.4,1974.7,1976.9,97686,KOTAKBANK
2764,2025-02-19 14:35:00+05:30,1976.85,1979.65,1976.85,1978.5,86375,KOTAKBANK
2765,2025-02-19 14:40:00+05:30,1978.5,1979.6,1974.85,1974.95,87419,KOTAKBANK
2766,2025-02-19 14:45:00+05:30,1974.9,1979.95,1973.45,1978.8,122101,KOTAKBANK
2767,2025-02-19 14:50:00+05:30,1978.8,1982.35,1978.35,1982.2,96685,KOTAKBANK
2768,2025-02-19 14:55:00+05:30,1982.3,1984.95,1980.6,1983.2,93479,KOTAKBANK
2769,2025-02-19 15:00:00+05:30,1983.55,1984.5,1982.2,1984.0,97111,KOTAKBANK
2770,2025-02-19 15:05:00+05:30,1983.9,1985.2,1982.25,1984.35,119717,KOTAKBANK
2771,2025-02-19 15:10:00+05:30,1984.25,1987.45,1984.2,1985.7,143683,KOTAKBANK
2772,2025-02-19 15:15:00+05:30,1985.8,1985.8,1983.0,1984.6,93901,KOTAKBANK
2773,2025-02-19 15:20:00+05:30,1984.75,1986.85,1984.6,1986.35,87917,KOTAKBANK
2774,2025-02-19 15:25:00+05:30,1986.3,1986.9,1984.0,1986.9,105556,KOTAKBANK
2775,2025-02-20 09:15:00+05:30,1982.3,1982.35,1972.8,1977.7,290234,KOTAKBANK
2776,2025-02-20 09:20:00+05:30,1977.65,1980.5,1972.7,1977.0,120167,KOTAKBANK
2777,2025-02-20 09:25:00+05:30,1977.25,1977.6,1975.0,1976.45,55117,KOTAKBANK
2778,2025-02-20 09:30:00+05:30,1976.35,1979.3,1975.05,1977.05,51244,KOTAKBANK
2779,2025-02-20 09:35:00+05:30,1977.05,1977.55,1974.1,1974.65,43865,KOTAKBANK
2780,2025-02-20 09:40:00+05:30,1974.75,1976.55,1971.0,1975.05,62212,KOTAKBANK
2781,2025-02-20 09:45:00+05:30,1975.0,1975.05,1967.15,1967.6,571731,KOTAKBANK
2782,2025-02-20 09:50:00+05:30,1967.6,1970.0,1966.15,1969.3,41696,KOTAKBANK
2783,2025-02-20 09:55:00+05:30,1969.1,1970.65,1963.55,1967.95,52924,KOTAKBANK
2784,2025-02-20 10:00:00+05:30,1967.95,1973.0,1966.0,1973.0,51524,KOTAKBANK
2785,2025-02-20 10:05:00+05:30,1973.0,1975.5,1971.1,1974.3,45821,KOTAKBANK
2786,2025-02-20 10:10:00+05:30,1974.3,1975.5,1972.7,1973.05,33769,KOTAKBANK
2787,2025-02-20 10:15:00+05:30,1973.0,1975.75,1973.0,1974.5,35281,KOTAKBANK
2788,2025-02-20 10:20:00+05:30,1974.55,1975.2,1971.75,1972.55,23429,KOTAKBANK
2789,2025-02-20 10:25:00+05:30,1972.55,1973.4,1969.1,1970.4,21945,KOTAKBANK
2790,2025-02-20 10:30:00+05:30,1970.4,1972.9,1969.85,1972.25,13330,KOTAKBANK
2791,2025-02-20 10:35:00+05:30,1972.2,1973.55,1971.8,1973.0,14809,KOTAKBANK
2792,2025-02-20 10:40:00+05:30,1973.0,1973.4,1969.1,1969.95,20579,KOTAKBANK
2793,2025-02-20 10:45:00+05:30,1969.95,1971.15,1968.0,1968.75,45320,KOTAKBANK
2794,2025-02-20 10:50:00+05:30,1968.75,1968.75,1965.25,1965.85,17195,KOTAKBANK
2795,2025-02-20 10:55:00+05:30,1965.45,1967.25,1964.0,1966.75,18604,KOTAKBANK
2796,2025-02-20 11:00:00+05:30,1966.75,1967.6,1965.15,1965.4,21055,KOTAKBANK
2797,2025-02-20 11:05:00+05:30,1965.4,1967.3,1965.15,1966.65,16240,KOTAKBANK
2798,2025-02-20 11:10:00+05:30,1966.65,1966.65,1964.1,1965.5,20933,KOTAKBANK
2799,2025-02-20 11:15:00+05:30,1965.5,1970.3,1964.85,1967.4,22993,KOTAKBANK
2800,2025-02-20 11:20:00+05:30,1967.3,1968.3,1966.35,1966.7,16177,KOTAKBANK
2801,2025-02-20 11:25:00+05:30,1966.7,1966.7,1963.9,1965.0,326286,KOTAKBANK
2802,2025-02-20 11:30:00+05:30,1965.0,1966.1,1964.3,1964.95,39472,KOTAKBANK
2803,2025-02-20 11:35:00+05:30,1964.95,1966.15,1961.0,1966.0,31053,KOTAKBANK
2804,2025-02-20 11:40:00+05:30,1966.0,1966.9,1964.0,1965.6,50546,KOTAKBANK
2805,2025-02-20 11:45:00+05:30,1965.6,1966.3,1960.0,1961.7,119170,KOTAKBANK
2806,2025-02-20 11:50:00+05:30,1961.65,1961.7,1960.0,1961.65,50591,KOTAKBANK
2807,2025-02-20 11:55:00+05:30,1961.65,1963.05,1960.0,1962.75,41866,KOTAKBANK
2808,2025-02-20 12:00:00+05:30,1962.55,1964.75,1962.15,1962.3,31331,KOTAKBANK
2809,2025-02-20 12:05:00+05:30,1962.3,1966.0,1962.1,1965.4,36896,KOTAKBANK
2810,2025-02-20 12:10:00+05:30,1965.45,1965.85,1963.65,1964.05,26730,KOTAKBANK
2811,2025-02-20 12:15:00+05:30,1964.05,1966.9,1964.0,1965.25,35737,KOTAKBANK
2812,2025-02-20 12:20:00+05:30,1965.25,1966.4,1963.6,1964.9,36736,KOTAKBANK
2813,2025-02-20 12:25:00+05:30,1964.9,1966.75,1964.05,1964.95,41981,KOTAKBANK
2814,2025-02-20 12:30:00+05:30,1964.9,1966.5,1964.65,1965.5,50770,KOTAKBANK
2815,2025-02-20 12:35:00+05:30,1965.5,1966.0,1964.1,1965.65,34386,KOTAKBANK
2816,2025-02-20 12:40:00+05:30,1965.65,1966.9,1964.15,1966.9,56946,KOTAKBANK
2817,2025-02-20 12:45:00+05:30,1966.9,1966.9,1965.1,1966.75,38701,KOTAKBANK
2818,2025-02-20 12:50:00+05:30,1966.65,1969.25,1966.4,1968.2,41919,KOTAKBANK
2819,2025-02-20 12:55:00+05:30,1968.15,1968.8,1967.7,1968.0,32971,KOTAKBANK
2820,2025-02-20 13:00:00+05:30,1967.95,1968.0,1965.0,1966.65,42503,KOTAKBANK
2821,2025-02-20 13:05:00+05:30,1966.5,1968.5,1965.55,1968.45,35799,KOTAKBANK
2822,2025-02-20 13:10:00+05:30,1968.5,1969.0,1968.3,1968.95,32273,KOTAKBANK
2823,2025-02-20 13:15:00+05:30,1968.95,1970.05,1968.65,1969.95,35335,KOTAKBANK
2824,2025-02-20 13:20:00+05:30,1969.9,1970.15,1967.55,1969.4,45517,KOTAKBANK
2825,2025-02-20 13:25:00+05:30,1969.4,1969.75,1967.85,1969.75,32585,KOTAKBANK
2826,2025-02-20 13:30:00+05:30,1969.75,1969.85,1967.8,1969.45,36209,KOTAKBANK
2827,2025-02-20 13:35:00+05:30,1969.5,1969.7,1968.05,1968.35,50113,KOTAKBANK
2828,2025-02-20 13:40:00+05:30,1968.35,1971.0,1968.25,1970.95,49697,KOTAKBANK
2829,2025-02-20 13:45:00+05:30,1970.95,1971.5,1968.8,1970.4,45867,KOTAKBANK
2830,2025-02-20 13:50:00+05:30,1970.4,1970.95,1969.7,1970.05,42258,KOTAKBANK
2831,2025-02-20 13:55:00+05:30,1970.1,1970.1,1969.8,1969.85,33027,KOTAKBANK
2832,2025-02-20 14:00:00+05:30,1969.85,1970.45,1969.25,1970.4,41750,KOTAKBANK
2833,2025-02-20 14:05:00+05:30,1970.35,1970.5,1968.8,1970.35,43210,KOTAKBANK
2834,2025-02-20 14:10:00+05:30,1970.3,1971.2,1969.85,1971.15,53113,KOTAKBANK
2835,2025-02-20 14:15:00+05:30,1971.15,1971.6,1969.8,1970.35,46679,KOTAKBANK
2836,2025-02-20 14:20:00+05:30,1970.8,1971.9,1970.45,1971.55,37490,KOTAKBANK
2837,2025-02-20 14:25:00+05:30,1971.55,1972.0,1968.9,1969.65,67734,KOTAKBANK
2838,2025-02-20 14:30:00+05:30,1969.65,1971.15,1969.45,1970.45,37183,KOTAKBANK
2839,2025-02-20 14:35:00+05:30,1970.45,1971.8,1969.55,1970.6,77504,KOTAKBANK
2840,2025-02-20 14:40:00+05:30,1970.6,1970.6,1969.05,1969.95,49897,KOTAKBANK
2841,2025-02-20 14:45:00+05:30,1969.9,1972.65,1969.05,1969.55,103778,KOTAKBANK
2842,2025-02-20 14:50:00+05:30,1969.55,1969.55,1968.25,1969.4,44429,KOTAKBANK
2843,2025-02-20 14:55:00+05:30,1969.4,1970.95,1969.05,1970.35,53122,KOTAKBANK
2844,2025-02-20 15:00:00+05:30,1970.3,1971.8,1970.0,1970.3,136853,KOTAKBANK
2845,2025-02-20 15:05:00+05:30,1970.25,1970.95,1969.5,1969.95,101670,KOTAKBANK
2846,2025-02-20 15:10:00+05:30,1969.9,1970.95,1969.15,1970.25,122983,KOTAKBANK
2847,2025-02-20 15:15:00+05:30,1970.25,1971.55,1969.3,1971.2,127552,KOTAKBANK
2848,2025-02-20 15:20:00+05:30,1971.0,1971.2,1970.6,1971.0,130911,KOTAKBANK
2849,2025-02-20 15:25:00+05:30,1970.95,1976.9,1970.0,1970.0,98377,KOTAKBANK
2850,2025-02-21 09:15:00+05:30,1970.55,1978.35,1955.05,1955.4,161410,KOTAKBANK
2851,2025-02-21 09:20:00+05:30,1955.4,1958.8,1948.8,1949.35,92942,KOTAKBANK
2852,2025-02-21 09:25:00+05:30,1949.1,1949.1,1943.45,1944.65,117067,KOTAKBANK
2853,2025-02-21 09:30:00+05:30,1944.75,1946.95,1942.5,1944.3,74776,KOTAKBANK
2854,2025-02-21 09:35:00+05:30,1944.4,1949.5,1943.0,1947.5,35032,KOTAKBANK
2855,2025-02-21 09:40:00+05:30,1947.15,1951.6,1945.0,1945.45,45915,KOTAKBANK
2856,2025-02-21 09:45:00+05:30,1945.45,1947.7,1941.75,1943.1,91737,KOTAKBANK
2857,2025-02-21 09:50:00+05:30,1943.1,1943.1,1939.1,1940.8,51364,KOTAKBANK
2858,2025-02-21 09:55:00+05:30,1940.75,1942.6,1939.5,1940.0,112069,KOTAKBANK
2859,2025-02-21 10:00:00+05:30,1940.05,1940.05,1937.1,1938.35,37697,KOTAKBANK
2860,2025-02-21 10:05:00+05:30,1938.35,1941.15,1937.2,1941.15,34996,KOTAKBANK
2861,2025-02-21 10:10:00+05:30,1941.0,1943.8,1939.85,1939.9,76855,KOTAKBANK
2862,2025-02-21 10:15:00+05:30,1939.9,1940.0,1934.5,1936.95,161541,KOTAKBANK
2863,2025-02-21 10:20:00+05:30,1936.8,1941.0,1935.35,1939.8,31248,KOTAKBANK
2864,2025-02-21 10:25:00+05:30,1939.8,1941.6,1938.0,1938.25,17104,KOTAKBANK
2865,2025-02-21 10:30:00+05:30,1938.25,1942.9,1938.0,1942.7,16799,KOTAKBANK
2866,2025-02-21 10:35:00+05:30,1942.9,1944.2,1941.85,1943.25,20042,KOTAKBANK
2867,2025-02-21 10:40:00+05:30,1943.25,1945.75,1939.25,1945.75,140196,KOTAKBANK
2868,2025-02-21 10:45:00+05:30,1945.75,1949.0,1942.5,1942.5,151148,KOTAKBANK
2869,2025-02-21 10:50:00+05:30,1942.5,1945.45,1942.3,1944.65,23495,KOTAKBANK
2870,2025-02-21 10:55:00+05:30,1944.65,1947.45,1943.15,1946.7,17274,KOTAKBANK
2871,2025-02-21 11:00:00+05:30,1946.65,1949.25,1945.25,1949.0,19615,KOTAKBANK
2872,2025-02-21 11:05:00+05:30,1948.95,1950.3,1945.85,1946.75,57161,KOTAKBANK
2873,2025-02-21 11:10:00+05:30,1946.75,1950.4,1945.95,1949.55,43226,KOTAKBANK
2874,2025-02-21 11:15:00+05:30,1949.6,1950.0,1946.9,1948.5,25607,KOTAKBANK
2875,2025-02-21 11:20:00+05:30,1948.4,1949.7,1947.8,1948.05,21104,KOTAKBANK
2876,2025-02-21 11:25:00+05:30,1948.05,1948.4,1943.6,1943.85,23864,KOTAKBANK
2877,2025-02-21 11:30:00+05:30,1943.9,1945.0,1943.0,1944.95,25702,KOTAKBANK
2878,2025-02-21 11:35:00+05:30,1944.75,1947.0,1944.0,1946.5,55551,KOTAKBANK
2879,2025-02-21 11:40:00+05:30,1946.5,1946.95,1944.6,1946.6,35938,KOTAKBANK
2880,2025-02-21 11:45:00+05:30,1946.65,1947.0,1944.0,1945.0,25051,KOTAKBANK
2881,2025-02-21 11:50:00+05:30,1945.0,1945.0,1943.15,1944.6,27980,KOTAKBANK
2882,2025-02-21 11:55:00+05:30,1944.7,1946.0,1943.75,1945.05,67137,KOTAKBANK
2883,2025-02-21 12:00:00+05:30,1945.1,1946.85,1944.35,1945.4,23550,KOTAKBANK
2884,2025-02-21 12:05:00+05:30,1945.45,1946.65,1943.7,1944.0,49387,KOTAKBANK
2885,2025-02-21 12:10:00+05:30,1944.0,1946.0,1943.95,1946.0,27020,KOTAKBANK
2886,2025-02-21 12:15:00+05:30,1945.95,1947.0,1944.65,1947.0,32717,KOTAKBANK
2887,2025-02-21 12:20:00+05:30,1947.0,1947.7,1946.85,1947.2,26434,KOTAKBANK
2888,2025-02-21 12:25:00+05:30,1947.15,1947.2,1945.0,1946.35,15188,KOTAKBANK
2889,2025-02-21 12:30:00+05:30,1946.3,1948.0,1946.25,1948.0,19930,KOTAKBANK
2890,2025-02-21 12:35:00+05:30,1947.9,1948.45,1945.65,1946.3,26685,KOTAKBANK
2891,2025-02-21 12:40:00+05:30,1946.3,1946.8,1943.6,1944.15,22822,KOTAKBANK
2892,2025-02-21 12:45:00+05:30,1944.1,1945.0,1942.9,1943.65,24144,KOTAKBANK
2893,2025-02-21 12:50:00+05:30,1943.65,1944.65,1942.05,1942.25,19984,KOTAKBANK
2894,2025-02-21 12:55:00+05:30,1942.15,1944.15,1940.7,1943.2,45287,KOTAKBANK
2895,2025-02-21 13:00:00+05:30,1943.05,1943.45,1940.05,1940.15,35151,KOTAKBANK
2896,2025-02-21 13:05:00+05:30,1940.1,1941.05,1939.2,1940.5,36200,KOTAKBANK
2897,2025-02-21 13:10:00+05:30,1940.45,1941.35,1939.0,1939.55,29055,KOTAKBANK
2898,2025-02-21 13:15:00+05:30,1939.5,1940.15,1937.1,1939.4,49861,KOTAKBANK
2899,2025-02-21 13:20:00+05:30,1939.35,1939.4,1937.35,1938.3,24667,KOTAKBANK
2900,2025-02-21 13:25:00+05:30,1938.3,1939.15,1937.35,1937.9,27164,KOTAKBANK
2901,2025-02-21 13:30:00+05:30,1937.4,1940.3,1937.4,1940.2,45673,KOTAKBANK
2902,2025-02-21 13:35:00+05:30,1940.15,1941.55,1938.05,1939.2,39146,KOTAKBANK
2903,2025-02-21 13:40:00+05:30,1938.7,1941.0,1938.6,1940.9,91344,KOTAKBANK
2904,2025-02-21 13:45:00+05:30,1940.7,1943.35,1940.0,1941.95,58668,KOTAKBANK
2905,2025-02-21 13:50:00+05:30,1941.95,1946.7,1941.95,1945.8,85542,KOTAKBANK
2906,2025-02-21 13:55:00+05:30,1945.9,1948.95,1944.15,1945.1,95958,KOTAKBANK
2907,2025-02-21 14:00:00+05:30,1945.05,1947.3,1945.05,1945.8,35314,KOTAKBANK
2908,2025-02-21 14:05:00+05:30,1945.8,1947.75,1945.35,1945.8,35166,KOTAKBANK
2909,2025-02-21 14:10:00+05:30,1945.8,1947.5,1945.0,1945.8,66707,KOTAKBANK
2910,2025-02-21 14:15:00+05:30,1945.75,1948.95,1945.75,1948.45,41049,KOTAKBANK
2911,2025-02-21 14:20:00+05:30,1948.45,1948.95,1947.75,1947.8,34844,KOTAKBANK
2912,2025-02-21 14:25:00+05:30,1947.75,1947.9,1945.35,1945.7,52498,KOTAKBANK
2913,2025-02-21 14:30:00+05:30,1946.05,1948.15,1945.25,1947.0,51756,KOTAKBANK
2914,2025-02-21 14:35:00+05:30,1947.0,1949.95,1946.45,1949.85,58034,KOTAKBANK
2915,2025-02-21 14:40:00+05:30,1949.8,1952.35,1949.8,1951.55,63587,KOTAKBANK
2916,2025-02-21 14:45:00+05:30,1951.5,1954.35,1950.35,1954.05,58226,KOTAKBANK
2917,2025-02-21 14:50:00+05:30,1954.3,1956.15,1953.3,1953.6,54896,KOTAKBANK
2918,2025-02-21 14:55:00+05:30,1953.55,1954.4,1952.0,1953.45,42506,KOTAKBANK
2919,2025-02-21 15:00:00+05:30,1953.45,1955.0,1952.3,1954.2,75995,KOTAKBANK
2920,2025-02-21 15:05:00+05:30,1954.1,1955.0,1953.25,1955.0,77149,KOTAKBANK
2921,2025-02-21 15:10:00+05:30,1954.85,1955.95,1953.25,1954.1,81872,KOTAKBANK
2922,2025-02-21 15:15:00+05:30,1954.1,1954.75,1950.9,1952.15,98806,KOTAKBANK
2923,2025-02-21 15:20:00+05:30,1952.15,1953.15,1950.9,1952.9,94875,KOTAKBANK
2924,2025-02-21 15:25:00+05:30,1952.9,1954.0,1950.15,1950.15,72134,KOTAKBANK
2925,2025-02-24 09:15:00+05:30,1938.3,1949.65,1938.3,1945.2,83200,KOTAKBANK
2926,2025-02-24 09:20:00+05:30,1944.85,1949.05,1943.95,1947.7,29835,KOTAKBANK
2927,2025-02-24 09:25:00+05:30,1947.85,1948.0,1944.75,1947.3,25262,KOTAKBANK
2928,2025-02-24 09:30:00+05:30,1947.35,1948.55,1942.55,1944.45,27034,KOTAKBANK
2929,2025-02-24 09:35:00+05:30,1944.55,1945.45,1939.85,1939.9,17540,KOTAKBANK
2930,2025-02-24 09:40:00+05:30,1940.5,1940.5,1933.55,1935.8,32663,KOTAKBANK
2931,2025-02-24 09:45:00+05:30,1935.85,1942.45,1934.2,1941.9,22739,KOTAKBANK
2932,2025-02-24 09:50:00+05:30,1941.75,1943.7,1940.65,1943.0,13160,KOTAKBANK
2933,2025-02-24 09:55:00+05:30,1943.0,1945.0,1940.3,1944.0,21163,KOTAKBANK
2934,2025-02-24 10:00:00+05:30,1943.9,1947.05,1943.75,1945.85,15226,KOTAKBANK
2935,2025-02-24 10:05:00+05:30,1945.85,1946.6,1943.1,1944.6,12082,KOTAKBANK
2936,2025-02-24 10:10:00+05:30,1944.6,1945.0,1942.55,1944.15,13580,KOTAKBANK
2937,2025-02-24 10:15:00+05:30,1944.0,1946.0,1944.0,1944.45,17185,KOTAKBANK
2938,2025-02-24 10:20:00+05:30,1944.8,1946.7,1943.95,1945.5,16514,KOTAKBANK
2939,2025-02-24 10:25:00+05:30,1945.8,1947.9,1944.7,1947.55,14171,KOTAKBANK
2940,2025-02-24 10:30:00+05:30,1947.85,1947.85,1945.1,1945.8,10546,KOTAKBANK
2941,2025-02-24 10:35:00+05:30,1945.85,1945.9,1943.65,1945.55,20818,KOTAKBANK
2942,2025-02-24 10:40:00+05:30,1945.5,1949.0,1944.9,1947.25,28080,KOTAKBANK
2943,2025-02-24 10:45:00+05:30,1947.25,1952.8,1946.05,1952.75,25523,KOTAKBANK
2944,2025-02-24 10:50:00+05:30,1952.75,1952.85,1950.3,1950.65,12737,KOTAKBANK
2945,2025-02-24 10:55:00+05:30,1951.0,1952.85,1950.6,1952.85,10055,KOTAKBANK
2946,2025-02-24 11:00:00+05:30,1952.85,1953.35,1951.8,1952.55,10639,KOTAKBANK
2947,2025-02-24 11:05:00+05:30,1952.65,1954.75,1951.5,1951.5,15100,KOTAKBANK
2948,2025-02-24 11:10:00+05:30,1951.5,1951.5,1948.1,1948.8,16390,KOTAKBANK
2949,2025-02-24 11:15:00+05:30,1948.75,1949.45,1947.75,1948.95,12385,KOTAKBANK
2950,2025-02-24 11:20:00+05:30,1948.95,1949.0,1945.85,1947.75,17030,KOTAKBANK
2951,2025-02-24 11:25:00+05:30,1947.65,1953.65,1947.55,1952.9,12610,KOTAKBANK
2952,2025-02-24 11:30:00+05:30,1952.8,1953.4,1951.8,1952.65,8384,KOTAKBANK
2953,2025-02-24 11:35:00+05:30,1952.65,1953.85,1952.65,1953.5,10306,KOTAKBANK
2954,2025-02-24 11:40:00+05:30,1953.5,1957.5,1953.4,1956.35,21401,KOTAKBANK
2955,2025-02-24 11:45:00+05:30,1956.25,1960.45,1955.8,1959.55,31981,KOTAKBANK
2956,2025-02-24 11:50:00+05:30,1959.4,1960.0,1957.2,1959.45,19342,KOTAKBANK
2957,2025-02-24 11:55:00+05:30,1959.55,1960.0,1956.4,1957.4,14640,KOTAKBANK
2958,2025-02-24 12:00:00+05:30,1957.4,1957.65,1955.25,1956.4,18259,KOTAKBANK
2959,2025-02-24 12:05:00+05:30,1956.4,1956.9,1953.85,1955.5,23644,KOTAKBANK
2960,2025-02-24 12:10:00+05:30,1955.5,1956.5,1954.55,1955.85,17311,KOTAKBANK
2961,2025-02-24 12:15:00+05:30,1955.85,1957.7,1955.1,1956.6,17078,KOTAKBANK
2962,2025-02-24 12:20:00+05:30,1956.35,1957.2,1954.9,1956.15,16383,KOTAKBANK
2963,2025-02-24 12:25:00+05:30,1955.7,1956.8,1954.8,1954.8,16272,KOTAKBANK
2964,2025-02-24 12:30:00+05:30,1955.5,1956.8,1951.55,1952.5,29362,KOTAKBANK
2965,2025-02-24 12:35:00+05:30,1952.75,1954.55,1951.9,1953.8,24607,KOTAKBANK
2966,2025-02-24 12:40:00+05:30,1953.5,1953.65,1949.55,1950.5,52077,KOTAKBANK
2967,2025-02-24 12:45:00+05:30,1950.5,1950.5,1948.05,1948.55,23935,KOTAKBANK
2968,2025-02-24 12:50:00+05:30,1948.45,1949.3,1948.05,1949.3,26903,KOTAKBANK
2969,2025-02-24 12:55:00+05:30,1949.45,1954.65,1948.65,1953.85,44938,KOTAKBANK
2970,2025-02-24 13:00:00+05:30,1953.9,1955.0,1951.8,1954.75,32704,KOTAKBANK
2971,2025-02-24 13:05:00+05:30,1954.75,1955.85,1953.75,1954.75,27127,KOTAKBANK
2972,2025-02-24 13:10:00+05:30,1954.75,1955.0,1953.05,1954.75,23918,KOTAKBANK
2973,2025-02-24 13:15:00+05:30,1954.45,1954.75,1952.7,1953.8,23780,KOTAKBANK
2974,2025-02-24 13:20:00+05:30,1953.8,1955.0,1951.35,1952.45,39462,KOTAKBANK
2975,2025-02-24 13:25:00+05:30,1951.9,1953.5,1950.65,1953.0,22063,KOTAKBANK
2976,2025-02-24 13:30:00+05:30,1952.9,1955.0,1952.0,1954.7,36492,KOTAKBANK
2977,2025-02-24 13:35:00+05:30,1954.7,1955.0,1952.15,1954.8,27202,KOTAKBANK
2978,2025-02-24 13:40:00+05:30,1954.8,1955.0,1952.9,1954.95,23617,KOTAKBANK
2979,2025-02-24 13:45:00+05:30,1954.95,1955.0,1953.0,1954.45,28548,KOTAKBANK
2980,2025-02-24 13:50:00+05:30,1954.3,1959.95,1953.5,1959.45,36643,KOTAKBANK
2981,2025-02-24 13:55:00+05:30,1959.45,1960.35,1958.0,1960.0,28396,KOTAKBANK
2982,2025-02-24 14:00:00+05:30,1960.0,1961.4,1957.55,1961.35,50345,KOTAKBANK
2983,2025-02-24 14:05:00+05:30,1961.35,1961.35,1956.05,1957.65,40880,KOTAKBANK
2984,2025-02-24 14:10:00+05:30,1957.65,1960.9,1957.55,1960.5,22269,KOTAKBANK
2985,2025-02-24 14:15:00+05:30,1960.5,1965.0,1959.55,1964.15,43807,KOTAKBANK
2986,2025-02-24 14:20:00+05:30,1964.2,1966.0,1961.3,1962.55,33454,KOTAKBANK
2987,2025-02-24 14:25:00+05:30,1962.55,1963.45,1960.0,1962.45,24992,KOTAKBANK
2988,2025-02-24 14:30:00+05:30,1962.45,1964.0,1962.15,1963.0,26155,KOTAKBANK
2989,2025-02-24 14:35:00+05:30,1963.0,1967.75,1962.75,1966.15,44603,KOTAKBANK
2990,2025-02-24 14:40:00+05:30,1966.7,1968.9,1965.5,1968.3,43379,KOTAKBANK
2991,2025-02-24 14:45:00+05:30,1968.3,1970.0,1964.8,1966.7,72178,KOTAKBANK
2992,2025-02-24 14:50:00+05:30,1967.0,1968.0,1965.75,1966.75,28957,KOTAKBANK
2993,2025-02-24 14:55:00+05:30,1966.8,1967.35,1965.25,1965.95,29685,KOTAKBANK
2994,2025-02-24 15:00:00+05:30,1965.95,1968.3,1964.4,1967.0,64994,KOTAKBANK
2995,2025-02-24 15:05:00+05:30,1966.8,1968.4,1965.95,1967.5,61341,KOTAKBANK
2996,2025-02-24 15:10:00+05:30,1967.5,1968.75,1966.15,1966.5,59701,KOTAKBANK
2997,2025-02-24 15:15:00+05:30,1966.5,1967.65,1963.85,1966.35,111318,KOTAKBANK
2998,2025-02-24 15:20:00+05:30,1966.3,1966.8,1963.3,1964.25,74205,KOTAKBANK
2999,2025-02-24 15:25:00+05:30,1964.25,1966.9,1959.9,1960.7,59851,KOTAKBANK
3000,2025-02-25 09:15:00+05:30,1969.0,1977.65,1966.0,1972.15,195997,KOTAKBANK
3001,2025-02-25 09:20:00+05:30,1972.15,1973.5,1968.3,1971.85,81535,KOTAKBANK
3002,2025-02-25 09:25:00+05:30,1971.8,1973.0,1967.0,1968.45,128798,KOTAKBANK
3003,2025-02-25 09:30:00+05:30,1968.05,1968.9,1964.45,1965.0,50176,KOTAKBANK
3004,2025-02-25 09:35:00+05:30,1964.85,1965.9,1963.55,1964.7,43436,KOTAKBANK
3005,2025-02-25 09:40:00+05:30,1964.7,1967.7,1964.45,1967.45,30376,KOTAKBANK
3006,2025-02-25 09:45:00+05:30,1967.45,1973.35,1967.15,1971.8,45247,KOTAKBANK
3007,2025-02-25 09:50:00+05:30,1971.8,1971.8,1968.05,1968.6,41434,KOTAKBANK
3008,2025-02-25 09:55:00+05:30,1968.9,1971.65,1966.55,1968.8,38151,KOTAKBANK
3009,2025-02-25 10:00:00+05:30,1968.75,1971.55,1968.3,1969.7,29768,KOTAKBANK
3010,2025-02-25 10:05:00+05:30,1970.35,1973.3,1969.7,1972.7,37542,KOTAKBANK
3011,2025-02-25 10:10:00+05:30,1972.65,1979.55,1972.0,1979.35,75378,KOTAKBANK
3012,2025-02-25 10:15:00+05:30,1979.15,1979.55,1971.0,1972.35,90683,KOTAKBANK
3013,2025-02-25 10:20:00+05:30,1972.25,1974.65,1972.15,1973.3,56550,KOTAKBANK
3014,2025-02-25 10:25:00+05:30,1973.05,1974.85,1972.4,1972.85,40190,KOTAKBANK
3015,2025-02-25 10:30:00+05:30,1972.5,1974.2,1971.1,1973.95,43488,KOTAKBANK
3016,2025-02-25 10:35:00+05:30,1974.4,1977.0,1973.45,1974.9,53997,KOTAKBANK
3017,2025-02-25 10:40:00+05:30,1974.65,1977.0,1973.65,1975.6,42869,KOTAKBANK
3018,2025-02-25 10:45:00+05:30,1975.9,1975.9,1972.1,1973.55,37207,KOTAKBANK
3019,2025-02-25 10:50:00+05:30,1973.4,1974.25,1971.9,1973.2,27621,KOTAKBANK
3020,2025-02-25 10:55:00+05:30,1973.2,1974.85,1972.25,1974.05,26243,KOTAKBANK
3021,2025-02-25 11:00:00+05:30,1974.1,1974.25,1971.75,1972.75,28277,KOTAKBANK
3022,2025-02-25 11:05:00+05:30,1972.75,1973.85,1971.15,1973.5,26116,KOTAKBANK
3023,2025-02-25 11:10:00+05:30,1973.55,1973.7,1971.2,1971.95,22233,KOTAKBANK
3024,2025-02-25 11:15:00+05:30,1971.95,1972.85,1970.5,1970.5,16929,KOTAKBANK
3025,2025-02-25 11:20:00+05:30,1970.75,1971.2,1970.0,1971.2,19609,KOTAKBANK
3026,2025-02-25 11:25:00+05:30,1970.9,1971.35,1969.2,1969.8,22626,KOTAKBANK
3027,2025-02-25 11:30:00+05:30,1969.8,1972.0,1968.9,1971.9,26895,KOTAKBANK
3028,2025-02-25 11:35:00+05:30,1971.9,1972.0,1970.25,1971.0,18920,KOTAKBANK
3029,2025-02-25 11:40:00+05:30,1970.6,1972.0,1970.55,1971.0,24193,KOTAKBANK
3030,2025-02-25 11:45:00+05:30,1971.0,1972.1,1969.4,1969.85,63702,KOTAKBANK
3031,2025-02-25 11:50:00+05:30,1969.85,1970.6,1968.25,1969.9,24011,KOTAKBANK
3032,2025-02-25 11:55:00+05:30,1969.5,1969.95,1968.25,1969.0,14192,KOTAKBANK
3033,2025-02-25 12:00:00+05:30,1969.0,1969.55,1967.55,1967.65,28449,KOTAKBANK
3034,2025-02-25 12:05:00+05:30,1967.65,1967.75,1964.6,1964.6,31976,KOTAKBANK
3035,2025-02-25 12:10:00+05:30,1965.25,1966.5,1964.0,1964.8,32976,KOTAKBANK
3036,2025-02-25 12:15:00+05:30,1964.8,1967.9,1963.9,1966.35,38790,KOTAKBANK
3037,2025-02-25 12:20:00+05:30,1966.3,1967.0,1963.35,1963.35,29634,KOTAKBANK
3038,2025-02-25 12:25:00+05:30,1963.25,1964.9,1962.65,1963.6,29127,KOTAKBANK
3039,2025-02-25 12:30:00+05:30,1963.2,1964.65,1961.35,1963.8,28173,KOTAKBANK
3040,2025-02-25 12:35:00+05:30,1963.65,1964.0,1962.0,1963.55,22795,KOTAKBANK
3041,2025-02-25 12:40:00+05:30,1963.5,1964.0,1962.6,1964.0,27218,KOTAKBANK
3042,2025-02-25 12:45:00+05:30,1964.0,1966.85,1963.3,1964.45,59704,KOTAKBANK
3043,2025-02-25 12:50:00+05:30,1964.45,1966.0,1964.2,1965.95,28495,KOTAKBANK
3044,2025-02-25 12:55:00+05:30,1965.9,1966.25,1964.55,1964.6,26510,KOTAKBANK
3045,2025-02-25 13:00:00+05:30,1964.6,1965.85,1964.05,1964.1,24232,KOTAKBANK
3046,2025-02-25 13:05:00+05:30,1964.15,1966.05,1964.1,1965.95,25244,KOTAKBANK
3047,2025-02-25 13:10:00+05:30,1965.5,1965.95,1963.0,1963.35,32236,KOTAKBANK
3048,2025-02-25 13:15:00+05:30,1963.95,1964.0,1962.0,1962.3,33154,KOTAKBANK
3049,2025-02-25 13:20:00+05:30,1962.25,1964.0,1961.2,1962.55,28347,KOTAKBANK
3050,2025-02-25 13:25:00+05:30,1962.55,1964.0,1962.4,1963.95,28744,KOTAKBANK
3051,2025-02-25 13:30:00+05:30,1963.95,1963.95,1962.55,1962.75,26409,KOTAKBANK
3052,2025-02-25 13:35:00+05:30,1962.55,1964.0,1962.55,1963.3,33691,KOTAKBANK
3053,2025-02-25 13:40:00+05:30,1963.3,1963.9,1962.3,1962.45,23763,KOTAKBANK
3054,2025-02-25 13:45:00+05:30,1962.5,1964.0,1961.2,1961.3,48632,KOTAKBANK
3055,2025-02-25 13:50:00+05:30,1961.3,1963.25,1960.15,1960.55,49111,KOTAKBANK
3056,2025-02-25 13:55:00+05:30,1960.55,1961.3,1958.6,1960.25,44356,KOTAKBANK
3057,2025-02-25 14:00:00+05:30,1960.25,1965.8,1960.25,1965.05,55095,KOTAKBANK
3058,2025-02-25 14:05:00+05:30,1965.4,1965.85,1963.1,1964.55,33718,KOTAKBANK
3059,2025-02-25 14:10:00+05:30,1964.05,1965.9,1963.1,1965.55,54493,KOTAKBANK
3060,2025-02-25 14:15:00+05:30,1965.55,1967.4,1963.15,1966.5,59781,KOTAKBANK
3061,2025-02-25 14:20:00+05:30,1966.5,1972.9,1965.1,1970.65,125619,KOTAKBANK
3062,2025-02-25 14:25:00+05:30,1970.65,1971.45,1969.8,1970.9,67780,KOTAKBANK
3063,2025-02-25 14:30:00+05:30,1971.0,1972.95,1970.1,1971.5,61481,KOTAKBANK
3064,2025-02-25 14:35:00+05:30,1971.5,1973.0,1971.45,1972.0,58203,KOTAKBANK
3065,2025-02-25 14:40:00+05:30,1972.35,1973.9,1971.5,1973.5,98348,KOTAKBANK
3066,2025-02-25 14:45:00+05:30,1973.5,1976.0,1973.5,1975.8,140471,KOTAKBANK
3067,2025-02-25 14:50:00+05:30,1976.0,1976.3,1971.0,1971.0,79212,KOTAKBANK
3068,2025-02-25 14:55:00+05:30,1971.0,1971.35,1968.35,1970.05,49237,KOTAKBANK
3069,2025-02-25 15:00:00+05:30,1970.05,1972.05,1968.25,1968.35,114576,KOTAKBANK
3070,2025-02-25 15:05:00+05:30,1968.4,1969.0,1963.25,1963.65,137125,KOTAKBANK
3071,2025-02-25 15:10:00+05:30,1963.75,1969.3,1963.15,1968.05,172560,KOTAKBANK
3072,2025-02-25 15:15:00+05:30,1968.1,1969.45,1965.25,1969.0,149488,KOTAKBANK
3073,2025-02-25 15:20:00+05:30,1968.95,1969.75,1965.0,1965.9,133396,KOTAKBANK
3074,2025-02-25 15:25:00+05:30,1965.9,1970.25,1963.15,1966.9,104144,KOTAKBANK
3075,2025-02-27 09:15:00+05:30,1972.0,1975.0,1951.25,1954.0,211842,KOTAKBANK
3076,2025-02-27 09:20:00+05:30,1954.8,1963.6,1953.15,1962.8,50505,KOTAKBANK
3077,2025-02-27 09:25:00+05:30,1963.25,1965.15,1958.8,1960.0,47686,KOTAKBANK
3078,2025-02-27 09:30:00+05:30,1960.0,1965.2,1957.7,1964.6,51722,KOTAKBANK
3079,2025-02-27 09:35:00+05:30,1964.6,1967.2,1960.0,1961.0,27347,KOTAKBANK
3080,2025-02-27 09:40:00+05:30,1960.7,1963.95,1960.4,1962.6,30471,KOTAKBANK
3081,2025-02-27 09:45:00+05:30,1962.05,1962.65,1956.55,1958.6,22314,KOTAKBANK
3082,2025-02-27 09:50:00+05:30,1958.45,1959.6,1955.3,1955.3,11746,KOTAKBANK
3083,2025-02-27 09:55:00+05:30,1955.65,1957.05,1953.85,1955.5,24262,KOTAKBANK
3084,2025-02-27 10:00:00+05:30,1955.45,1957.15,1953.05,1957.1,23930,KOTAKBANK
3085,2025-02-27 10:05:00+05:30,1957.8,1959.5,1956.75,1958.0,31130,KOTAKBANK
3086,2025-02-27 10:10:00+05:30,1957.65,1958.15,1956.05,1957.85,28416,KOTAKBANK
3087,2025-02-27 10:15:00+05:30,1957.65,1959.5,1957.5,1959.1,20165,KOTAKBANK
3088,2025-02-27 10:20:00+05:30,1959.1,1962.0,1958.7,1961.05,17873,KOTAKBANK
3089,2025-02-27 10:25:00+05:30,1961.05,1963.85,1960.05,1960.9,18988,KOTAKBANK
3090,2025-02-27 10:30:00+05:30,1960.9,1962.5,1960.15,1961.85,23693,KOTAKBANK
3091,2025-02-27 10:35:00+05:30,1961.85,1961.9,1956.1,1958.95,34625,KOTAKBANK
3092,2025-02-27 10:40:00+05:30,1959.0,1959.9,1957.7,1958.4,18888,KOTAKBANK
3093,2025-02-27 10:45:00+05:30,1958.4,1958.45,1954.7,1955.35,18958,KOTAKBANK
3094,2025-02-27 10:50:00+05:30,1955.4,1957.7,1955.3,1955.95,18723,KOTAKBANK
3095,2025-02-27 10:55:00+05:30,1956.0,1958.4,1954.25,1954.55,26289,KOTAKBANK
3096,2025-02-27 11:00:00+05:30,1954.5,1956.4,1954.1,1955.4,17927,KOTAKBANK
3097,2025-02-27 11:05:00+05:30,1955.0,1956.05,1954.2,1955.05,28398,KOTAKBANK
3098,2025-02-27 11:10:00+05:30,1955.15,1955.4,1950.45,1954.5,45858,KOTAKBANK
3099,2025-02-27 11:15:00+05:30,1954.5,1955.35,1953.0,1955.0,25443,KOTAKBANK
3100,2025-02-27 11:20:00+05:30,1955.0,1956.55,1952.0,1952.65,26078,KOTAKBANK
3101,2025-02-27 11:25:00+05:30,1952.65,1954.4,1952.0,1953.45,19380,KOTAKBANK
3102,2025-02-27 11:30:00+05:30,1953.4,1953.5,1950.9,1951.2,14176,KOTAKBANK
3103,2025-02-27 11:35:00+05:30,1951.2,1951.75,1950.25,1951.6,13611,KOTAKBANK
3104,2025-02-27 11:40:00+05:30,1951.6,1953.85,1950.6,1952.2,31914,KOTAKBANK
3105,2025-02-27 11:45:00+05:30,1952.25,1952.35,1948.0,1948.85,28768,KOTAKBANK
3106,2025-02-27 11:50:00+05:30,1948.95,1948.95,1946.6,1947.1,25325,KOTAKBANK
3107,2025-02-27 11:55:00+05:30,1947.05,1947.1,1945.7,1945.85,21959,KOTAKBANK
3108,2025-02-27 12:00:00+05:30,1945.9,1946.75,1944.8,1945.8,28862,KOTAKBANK
3109,2025-02-27 12:05:00+05:30,1945.8,1947.15,1944.9,1946.6,19056,KOTAKBANK
3110,2025-02-27 12:10:00+05:30,1946.6,1948.55,1945.35,1948.2,27089,KOTAKBANK
3111,2025-02-27 12:15:00+05:30,1948.55,1948.85,1946.75,1946.8,28246,KOTAKBANK
3112,2025-02-27 12:20:00+05:30,1946.95,1947.3,1944.95,1945.05,21038,KOTAKBANK
3113,2025-02-27 12:25:00+05:30,1945.05,1945.85,1944.05,1944.85,20434,KOTAKBANK
3114,2025-02-27 12:30:00+05:30,1944.9,1945.9,1943.15,1945.25,30899,KOTAKBANK
3115,2025-02-27 12:35:00+05:30,1945.25,1945.3,1942.4,1944.9,27255,KOTAKBANK
3116,2025-02-27 12:40:00+05:30,1944.9,1946.4,1944.35,1946.4,31106,KOTAKBANK
3117,2025-02-27 12:45:00+05:30,1946.2,1946.6,1944.05,1945.65,29287,KOTAKBANK
3118,2025-02-27 12:50:00+05:30,1945.7,1947.0,1944.7,1947.0,19747,KOTAKBANK
3119,2025-02-27 12:55:00+05:30,1946.55,1947.35,1945.35,1946.5,23285,KOTAKBANK
3120,2025-02-27 13:00:00+05:30,1946.75,1947.0,1943.1,1943.15,23097,KOTAKBANK
3121,2025-02-27 13:05:00+05:30,1943.15,1946.65,1943.05,1945.9,20092,KOTAKBANK
3122,2025-02-27 13:10:00+05:30,1946.25,1948.0,1945.55,1946.35,23189,KOTAKBANK
3123,2025-02-27 13:15:00+05:30,1946.35,1947.75,1945.0,1946.2,29900,KOTAKBANK
3124,2025-02-27 13:20:00+05:30,1946.2,1947.1,1945.3,1947.0,35451,KOTAKBANK
3125,2025-02-27 13:25:00+05:30,1947.15,1947.2,1944.35,1944.95,35297,KOTAKBANK
3126,2025-02-27 13:30:00+05:30,1945.4,1945.5,1944.1,1944.95,53011,KOTAKBANK
3127,2025-02-27 13:35:00+05:30,1945.0,1946.0,1943.8,1945.65,86445,KOTAKBANK
3128,2025-02-27 13:40:00+05:30,1945.65,1946.55,1943.3,1944.7,53954,KOTAKBANK
3129,2025-02-27 13:45:00+05:30,1944.8,1945.35,1943.5,1944.75,48713,KOTAKBANK
3130,2025-02-27 13:50:00+05:30,1944.85,1945.45,1943.7,1945.0,43901,KOTAKBANK
3131,2025-02-27 13:55:00+05:30,1944.8,1947.8,1943.85,1947.7,75081,KOTAKBANK
3132,2025-02-27 14:00:00+05:30,1947.8,1951.05,1947.55,1949.25,64644,KOTAKBANK
3133,2025-02-27 14:05:00+05:30,1949.7,1953.95,1949.25,1950.3,56846,KOTAKBANK
3134,2025-02-27 14:10:00+05:30,1950.75,1953.55,1950.3,1950.35,40034,KOTAKBANK
3135,2025-02-27 14:15:00+05:30,1950.85,1951.3,1948.2,1949.05,46285,KOTAKBANK
3136,2025-02-27 14:20:00+05:30,1948.8,1950.3,1948.3,1949.65,50661,KOTAKBANK
3137,2025-02-27 14:25:00+05:30,1949.6,1949.7,1946.25,1947.05,44382,KOTAKBANK
3138,2025-02-27 14:30:00+05:30,1947.05,1951.9,1946.75,1951.2,47014,KOTAKBANK
3139,2025-02-27 14:35:00+05:30,1951.25,1954.8,1950.7,1954.55,55812,KOTAKBANK
3140,2025-02-27 14:40:00+05:30,1954.7,1954.7,1949.15,1949.7,36030,KOTAKBANK
3141,2025-02-27 14:45:00+05:30,1949.7,1952.3,1949.45,1952.3,63567,KOTAKBANK
3142,2025-02-27 14:50:00+05:30,1952.3,1952.65,1949.95,1950.25,45179,KOTAKBANK
3143,2025-02-27 14:55:00+05:30,1950.25,1951.6,1947.75,1949.95,76137,KOTAKBANK
3144,2025-02-27 15:00:00+05:30,1949.95,1952.0,1946.45,1949.4,309594,KOTAKBANK
3145,2025-02-27 15:05:00+05:30,1949.35,1952.0,1948.55,1950.5,166813,KOTAKBANK
3146,2025-02-27 15:10:00+05:30,1950.5,1951.55,1948.85,1950.05,199726,KOTAKBANK
3147,2025-02-27 15:15:00+05:30,1950.2,1950.3,1940.55,1947.65,247877,KOTAKBANK
3148,2025-02-27 15:20:00+05:30,1947.65,1947.7,1941.85,1941.85,149358,KOTAKBANK
3149,2025-02-27 15:25:00+05:30,1942.6,1945.05,1939.9,1941.9,106841,KOTAKBANK
3150,2025-02-28 09:15:00+05:30,1937.05,1937.05,1918.1,1922.85,271258,KOTAKBANK
3151,2025-02-28 09:20:00+05:30,1921.95,1927.0,1918.65,1923.05,176431,KOTAKBANK
3152,2025-02-28 09:25:00+05:30,1922.4,1927.75,1921.0,1927.0,84183,KOTAKBANK
3153,2025-02-28 09:30:00+05:30,1927.0,1927.3,1922.1,1923.55,44590,KOTAKBANK
3154,2025-02-28 09:35:00+05:30,1923.55,1924.15,1916.85,1918.3,70853,KOTAKBANK
3155,2025-02-28 09:40:00+05:30,1918.2,1921.75,1913.3,1915.95,83766,KOTAKBANK
3156,2025-02-28 09:45:00+05:30,1915.95,1920.45,1915.2,1917.9,63892,KOTAKBANK
3157,2025-02-28 09:50:00+05:30,1917.7,1920.1,1917.0,1917.65,55000,KOTAKBANK
3158,2025-02-28 09:55:00+05:30,1918.0,1920.0,1916.55,1918.75,38846,KOTAKBANK
3159,2025-02-28 10:00:00+05:30,1918.75,1922.5,1918.4,1921.7,37019,KOTAKBANK
3160,2025-02-28 10:05:00+05:30,1921.7,1923.0,1920.15,1922.1,42359,KOTAKBANK
3161,2025-02-28 10:10:00+05:30,1922.45,1924.5,1921.25,1924.0,26773,KOTAKBANK
3162,2025-02-28 10:15:00+05:30,1924.0,1927.0,1920.25,1921.55,66834,KOTAKBANK
3163,2025-02-28 10:20:00+05:30,1921.55,1922.35,1920.3,1921.25,41538,KOTAKBANK
3164,2025-02-28 10:25:00+05:30,1921.15,1921.8,1918.3,1919.5,37573,KOTAKBANK
3165,2025-02-28 10:30:00+05:30,1920.3,1922.0,1919.0,1919.65,29412,KOTAKBANK
3166,2025-02-28 10:35:00+05:30,1919.65,1922.25,1919.55,1921.3,32050,KOTAKBANK
3167,2025-02-28 10:40:00+05:30,1921.2,1921.3,1919.55,1920.4,30467,KOTAKBANK
3168,2025-02-28 10:45:00+05:30,1920.5,1921.7,1914.45,1914.9,98965,KOTAKBANK
3169,2025-02-28 10:50:00+05:30,1914.9,1915.0,1911.0,1913.85,77358,KOTAKBANK
3170,2025-02-28 10:55:00+05:30,1913.5,1913.8,1910.35,1911.5,81697,KOTAKBANK
3171,2025-02-28 11:00:00+05:30,1911.6,1912.6,1909.1,1912.05,67463,KOTAKBANK
3172,2025-02-28 11:05:00+05:30,1912.0,1913.6,1910.6,1912.55,36298,KOTAKBANK
3173,2025-02-28 11:10:00+05:30,1913.25,1915.9,1912.55,1914.7,23119,KOTAKBANK
3174,2025-02-28 11:15:00+05:30,1915.35,1916.35,1914.25,1914.7,18090,KOTAKBANK
3175,2025-02-28 11:20:00+05:30,1914.75,1917.8,1914.7,1917.15,27144,KOTAKBANK
3176,2025-02-28 11:25:00+05:30,1917.15,1919.0,1915.2,1919.0,30421,KOTAKBANK
3177,2025-02-28 11:30:00+05:30,1919.0,1919.95,1918.2,1918.9,17430,KOTAKBANK
3178,2025-02-28 11:35:00+05:30,1918.9,1921.0,1917.55,1919.3,91515,KOTAKBANK
3179,2025-02-28 11:40:00+05:30,1919.0,1919.3,1914.25,1914.95,34899,KOTAKBANK
3180,2025-02-28 11:45:00+05:30,1914.8,1914.95,1911.55,1911.55,34864,KOTAKBANK
3181,2025-02-28 11:50:00+05:30,1912.45,1915.25,1911.65,1914.15,36724,KOTAKBANK
3182,2025-02-28 11:55:00+05:30,1914.6,1917.95,1914.15,1916.25,11120,KOTAKBANK
3183,2025-02-28 12:00:00+05:30,1916.25,1917.0,1915.0,1916.45,29326,KOTAKBANK
3184,2025-02-28 12:05:00+05:30,1916.35,1916.6,1913.7,1916.6,18125,KOTAKBANK
3185,2025-02-28 12:10:00+05:30,1916.6,1917.95,1915.25,1915.85,18140,KOTAKBANK
3186,2025-02-28 12:15:00+05:30,1916.65,1917.6,1915.25,1916.35,24595,KOTAKBANK
3187,2025-02-28 12:20:00+05:30,1916.8,1919.65,1915.75,1919.1,31454,KOTAKBANK
3188,2025-02-28 12:25:00+05:30,1919.05,1919.85,1917.35,1918.55,29727,KOTAKBANK
3189,2025-02-28 12:30:00+05:30,1917.75,1919.7,1915.0,1915.7,36980,KOTAKBANK
3190,2025-02-28 12:35:00+05:30,1915.4,1916.9,1915.0,1916.25,33234,KOTAKBANK
3191,2025-02-28 12:40:00+05:30,1916.25,1916.25,1909.1,1909.7,106720,KOTAKBANK
3192,2025-02-28 12:45:00+05:30,1909.7,1910.5,1908.15,1910.0,65400,KOTAKBANK
3193,2025-02-28 12:50:00+05:30,1910.05,1910.2,1907.9,1909.05,93693,KOTAKBANK
3194,2025-02-28 12:55:00+05:30,1908.45,1909.05,1904.45,1905.0,66540,KOTAKBANK
3195,2025-02-28 13:00:00+05:30,1905.0,1910.9,1905.0,1909.6,56264,KOTAKBANK
3196,2025-02-28 13:05:00+05:30,1909.05,1911.4,1906.95,1907.7,38183,KOTAKBANK
3197,2025-02-28 13:10:00+05:30,1907.05,1910.7,1907.0,1909.95,35612,KOTAKBANK
3198,2025-02-28 13:15:00+05:30,1909.75,1910.9,1907.5,1908.75,38770,KOTAKBANK
3199,2025-02-28 13:20:00+05:30,1908.2,1909.7,1906.95,1907.75,44408,KOTAKBANK
3200,2025-02-28 13:25:00+05:30,1907.25,1909.3,1906.5,1907.2,44277,KOTAKBANK
3201,2025-02-28 13:30:00+05:30,1906.85,1908.65,1905.5,1906.5,45525,KOTAKBANK
3202,2025-02-28 13:35:00+05:30,1906.45,1907.9,1905.45,1906.9,45756,KOTAKBANK
3203,2025-02-28 13:40:00+05:30,1906.9,1909.0,1904.9,1905.9,89744,KOTAKBANK
3204,2025-02-28 13:45:00+05:30,1905.95,1906.95,1904.45,1906.55,60111,KOTAKBANK
3205,2025-02-28 13:50:00+05:30,1906.35,1907.9,1902.85,1903.2,58520,KOTAKBANK
3206,2025-02-28 13:55:00+05:30,1903.15,1905.6,1902.95,1904.8,48119,KOTAKBANK
3207,2025-02-28 14:00:00+05:30,1904.85,1905.8,1903.5,1905.65,55963,KOTAKBANK
3208,2025-02-28 14:05:00+05:30,1905.3,1908.0,1905.2,1907.7,40671,KOTAKBANK
3209,2025-02-28 14:10:00+05:30,1907.65,1910.0,1906.0,1907.95,73919,KOTAKBANK
3210,2025-02-28 14:15:00+05:30,1907.9,1911.7,1905.2,1905.35,97613,KOTAKBANK
3211,2025-02-28 14:20:00+05:30,1905.3,1909.6,1904.85,1908.5,77129,KOTAKBANK
3212,2025-02-28 14:25:00+05:30,1908.4,1910.05,1907.3,1908.35,71738,KOTAKBANK
3213,2025-02-28 14:30:00+05:30,1908.4,1909.2,1906.25,1908.05,77267,KOTAKBANK
3214,2025-02-28 14:35:00+05:30,1908.05,1908.95,1906.35,1907.75,85800,KOTAKBANK
3215,2025-02-28 14:40:00+05:30,1907.7,1912.0,1906.5,1911.8,154987,KOTAKBANK
3216,2025-02-28 14:45:00+05:30,1911.95,1915.05,1909.65,1910.45,128005,KOTAKBANK
3217,2025-02-28 14:50:00+05:30,1910.5,1911.5,1906.6,1907.85,243235,KOTAKBANK
3218,2025-02-28 14:55:00+05:30,1907.85,1909.0,1906.8,1907.75,124709,KOTAKBANK
3219,2025-02-28 15:00:00+05:30,1907.7,1908.9,1901.1,1902.85,493881,KOTAKBANK
3220,2025-02-28 15:05:00+05:30,1902.35,1906.2,1901.8,1903.3,441077,KOTAKBANK
3221,2025-02-28 15:10:00+05:30,1903.3,1908.65,1902.95,1907.35,500558,KOTAKBANK
3222,2025-02-28 15:15:00+05:30,1907.35,1907.4,1903.1,1903.75,418854,KOTAKBANK
3223,2025-02-28 15:20:00+05:30,1903.7,1903.7,1898.45,1899.95,481879,KOTAKBANK
3224,2025-02-28 15:25:00+05:30,1899.9,1900.0,1893.9,1898.45,316821,KOTAKBANK
3225,2025-03-03 09:15:00+05:30,1905.55,1909.0,1897.5,1898.0,142847,KOTAKBANK
3226,2025-03-03 09:20:00+05:30,1898.0,1902.0,1896.05,1900.5,44503,KOTAKBANK
3227,2025-03-03 09:25:00+05:30,1900.5,1903.9,1897.85,1902.35,23628,KOTAKBANK
3228,2025-03-03 09:30:00+05:30,1902.3,1906.55,1900.85,1905.6,25689,KOTAKBANK
3229,2025-03-03 09:35:00+05:30,1905.6,1908.0,1902.0,1905.95,27559,KOTAKBANK
3230,2025-03-03 09:40:00+05:30,1905.95,1907.4,1903.55,1905.25,21156,KOTAKBANK
3231,2025-03-03 09:45:00+05:30,1905.25,1905.65,1900.2,1902.85,31726,KOTAKBANK
3232,2025-03-03 09:50:00+05:30,1902.8,1902.85,1898.5,1900.25,16943,KOTAKBANK
3233,2025-03-03 09:55:00+05:30,1900.3,1901.65,1898.65,1900.3,26668,KOTAKBANK
3234,2025-03-03 10:00:00+05:30,1900.35,1900.55,1897.2,1897.9,26013,KOTAKBANK
3235,2025-03-03 10:05:00+05:30,1898.2,1899.6,1895.35,1896.35,30167,KOTAKBANK
3236,2025-03-03 10:10:00+05:30,1896.35,1900.0,1895.2,1899.95,19164,KOTAKBANK
3237,2025-03-03 10:15:00+05:30,1899.95,1904.6,1899.0,1904.5,29200,KOTAKBANK
3238,2025-03-03 10:20:00+05:30,1904.6,1904.75,1899.0,1900.3,22437,KOTAKBANK
3239,2025-03-03 10:25:00+05:30,1900.3,1902.0,1898.45,1902.0,18744,KOTAKBANK
3240,2025-03-03 10:30:00+05:30,1902.0,1904.4,1900.95,1901.3,24907,KOTAKBANK
3241,2025-03-03 10:35:00+05:30,1901.3,1904.9,1900.55,1904.3,11171,KOTAKBANK
3242,2025-03-03 10:40:00+05:30,1904.65,1905.0,1901.25,1902.25,11629,KOTAKBANK
3243,2025-03-03 10:45:00+05:30,1902.7,1905.4,1901.25,1905.4,19073,KOTAKBANK
3244,2025-03-03 10:50:00+05:30,1905.45,1907.7,1905.25,1906.8,24426,KOTAKBANK
3245,2025-03-03 10:55:00+05:30,1906.8,1907.55,1905.0,1905.95,21767,KOTAKBANK
3246,2025-03-03 11:00:00+05:30,1905.95,1907.05,1903.1,1904.65,23146,KOTAKBANK
3247,2025-03-03 11:05:00+05:30,1904.65,1907.15,1904.05,1906.25,19074,KOTAKBANK
3248,2025-03-03 11:10:00+05:30,1906.25,1909.9,1905.0,1909.1,28085,KOTAKBANK
3249,2025-03-03 11:15:00+05:30,1909.05,1909.8,1905.3,1905.75,29187,KOTAKBANK
3250,2025-03-03 11:20:00+05:30,1905.75,1906.4,1901.95,1904.35,30931,KOTAKBANK
3251,2025-03-03 11:25:00+05:30,1904.35,1909.5,1903.25,1908.6,22976,KOTAKBANK
3252,2025-03-03 11:30:00+05:30,1908.6,1909.85,1908.05,1909.6,18197,KOTAKBANK
3253,2025-03-03 11:35:00+05:30,1909.55,1910.0,1907.45,1909.0,23701,KOTAKBANK
3254,2025-03-03 11:40:00+05:30,1909.0,1910.8,1908.6,1910.7,24748,KOTAKBANK
3255,2025-03-03 11:45:00+05:30,1910.7,1911.15,1909.3,1911.0,24269,KOTAKBANK
3256,2025-03-03 11:50:00+05:30,1911.0,1911.45,1910.0,1910.8,20911,KOTAKBANK
3257,2025-03-03 11:55:00+05:30,1910.8,1911.4,1909.25,1910.9,24232,KOTAKBANK
3258,2025-03-03 12:00:00+05:30,1910.9,1911.1,1908.95,1910.6,22447,KOTAKBANK
3259,2025-03-03 12:05:00+05:30,1910.65,1911.6,1910.0,1910.7,24442,KOTAKBANK
3260,2025-03-03 12:10:00+05:30,1910.7,1913.1,1910.15,1912.95,60083,KOTAKBANK
3261,2025-03-03 12:15:00+05:30,1913.05,1914.0,1911.3,1913.3,123920,KOTAKBANK
3262,2025-03-03 12:20:00+05:30,1913.75,1913.95,1912.15,1913.4,73213,KOTAKBANK
3263,2025-03-03 12:25:00+05:30,1913.45,1916.0,1912.8,1915.15,28350,KOTAKBANK
3264,2025-03-03 12:30:00+05:30,1915.15,1918.2,1914.4,1918.05,42898,KOTAKBANK
3265,2025-03-03 12:35:00+05:30,1918.05,1918.15,1914.6,1917.45,30917,KOTAKBANK
3266,2025-03-03 12:40:00+05:30,1917.45,1920.0,1916.4,1919.7,30850,KOTAKBANK
3267,2025-03-03 12:45:00+05:30,1919.7,1923.65,1919.45,1922.65,31092,KOTAKBANK
3268,2025-03-03 12:50:00+05:30,1922.7,1923.0,1919.4,1921.0,26451,KOTAKBANK
3269,2025-03-03 12:55:00+05:30,1921.5,1921.8,1917.1,1917.55,27339,KOTAKBANK
3270,2025-03-03 13:00:00+05:30,1917.55,1920.05,1917.05,1919.45,19804,KOTAKBANK
3271,2025-03-03 13:05:00+05:30,1919.4,1920.4,1917.6,1919.0,21106,KOTAKBANK
3272,2025-03-03 13:10:00+05:30,1919.0,1919.6,1916.95,1917.9,20941,KOTAKBANK
3273,2025-03-03 13:15:00+05:30,1918.4,1919.95,1915.65,1916.3,35449,KOTAKBANK
3274,2025-03-03 13:20:00+05:30,1916.3,1917.35,1915.0,1916.55,24422,KOTAKBANK
3275,2025-03-03 13:25:00+05:30,1916.75,1917.05,1914.0,1915.4,27748,KOTAKBANK
3276,2025-03-03 13:30:00+05:30,1915.4,1917.1,1912.8,1916.25,42582,KOTAKBANK
3277,2025-03-03 13:35:00+05:30,1916.35,1918.1,1916.05,1917.05,22989,KOTAKBANK
3278,2025-03-03 13:40:00+05:30,1917.05,1918.85,1915.85,1918.1,22028,KOTAKBANK
3279,2025-03-03 13:45:00+05:30,1918.7,1920.0,1917.15,1919.5,24202,KOTAKBANK
3280,2025-03-03 13:50:00+05:30,1919.5,1921.0,1919.0,1920.05,25206,KOTAKBANK
3281,2025-03-03 13:55:00+05:30,1920.05,1920.2,1916.15,1916.4,27918,KOTAKBANK
3282,2025-03-03 14:00:00+05:30,1916.4,1918.15,1916.0,1917.3,26597,KOTAKBANK
3283,2025-03-03 14:05:00+05:30,1917.3,1918.0,1914.0,1914.65,26812,KOTAKBANK
3284,2025-03-03 14:10:00+05:30,1914.65,1917.55,1914.05,1916.35,27338,KOTAKBANK
3285,2025-03-03 14:15:00+05:30,1917.05,1917.85,1915.85,1917.4,24860,KOTAKBANK
3286,2025-03-03 14:20:00+05:30,1917.35,1918.4,1915.8,1917.5,33847,KOTAKBANK
3287,2025-03-03 14:25:00+05:30,1917.5,1918.85,1916.95,1918.1,30092,KOTAKBANK
3288,2025-03-03 14:30:00+05:30,1918.1,1918.75,1916.2,1917.5,28780,KOTAKBANK
3289,2025-03-03 14:35:00+05:30,1917.45,1917.6,1915.9,1916.35,31822,KOTAKBANK
3290,2025-03-03 14:40:00+05:30,1916.35,1918.45,1915.45,1916.95,27283,KOTAKBANK
3291,2025-03-03 14:45:00+05:30,1917.4,1918.4,1913.15,1916.0,99746,KOTAKBANK
3292,2025-03-03 14:50:00+05:30,1916.55,1918.0,1916.25,1917.95,27470,KOTAKBANK
3293,2025-03-03 14:55:00+05:30,1917.6,1918.0,1916.0,1917.5,28108,KOTAKBANK
3294,2025-03-03 15:00:00+05:30,1917.45,1917.45,1914.75,1916.8,57264,KOTAKBANK
3295,2025-03-03 15:05:00+05:30,1916.85,1917.0,1915.7,1916.2,51003,KOTAKBANK
3296,2025-03-03 15:10:00+05:30,1916.5,1918.0,1915.55,1915.9,62266,KOTAKBANK
3297,2025-03-03 15:15:00+05:30,1915.9,1917.05,1914.5,1915.5,93599,KOTAKBANK
3298,2025-03-03 15:20:00+05:30,1915.5,1915.5,1909.5,1910.1,90931,KOTAKBANK
3299,2025-03-03 15:25:00+05:30,1910.05,1914.95,1908.95,1914.95,87202,KOTAKBANK
3300,2025-03-04 09:15:00+05:30,1901.15,1906.9,1896.75,1900.35,137327,KOTAKBANK
3301,2025-03-04 09:20:00+05:30,1900.35,1909.85,1900.35,1909.8,47196,KOTAKBANK
3302,2025-03-04 09:25:00+05:30,1909.85,1911.15,1906.35,1906.35,116741,KOTAKBANK
3303,2025-03-04 09:30:00+05:30,1907.0,1908.65,1904.7,1908.1,122090,KOTAKBANK
3304,2025-03-04 09:35:00+05:30,1908.55,1912.4,1905.0,1911.85,35328,KOTAKBANK
3305,2025-03-04 09:40:00+05:30,1911.5,1911.5,1907.6,1909.35,23287,KOTAKBANK
3306,2025-03-04 09:45:00+05:30,1909.35,1910.2,1905.65,1909.0,19633,KOTAKBANK
3307,2025-03-04 09:50:00+05:30,1909.0,1909.6,1906.15,1909.4,14342,KOTAKBANK
3308,2025-03-04 09:55:00+05:30,1909.4,1911.0,1907.75,1910.7,22534,KOTAKBANK
3309,2025-03-04 10:00:00+05:30,1910.7,1912.1,1909.05,1909.65,29647,KOTAKBANK
3310,2025-03-04 10:05:00+05:30,1909.65,1909.65,1904.15,1904.7,24398,KOTAKBANK
3311,2025-03-04 10:10:00+05:30,1904.7,1905.3,1902.35,1904.9,26345,KOTAKBANK
3312,2025-03-04 10:15:00+05:30,1904.9,1906.2,1903.8,1904.9,30475,KOTAKBANK
3313,2025-03-04 10:20:00+05:30,1904.9,1906.65,1904.15,1905.55,31383,KOTAKBANK
3314,2025-03-04 10:25:00+05:30,1905.75,1906.9,1902.7,1906.9,29004,KOTAKBANK
3315,2025-03-04 10:30:00+05:30,1907.0,1909.0,1905.9,1907.6,27605,KOTAKBANK
3316,2025-03-04 10:35:00+05:30,1907.6,1907.6,1905.7,1906.8,26449,KOTAKBANK
3317,2025-03-04 10:40:00+05:30,1906.85,1906.95,1906.0,1906.15,38343,KOTAKBANK
3318,2025-03-04 10:45:00+05:30,1906.25,1907.4,1905.75,1906.85,34362,KOTAKBANK
3319,2025-03-04 10:50:00+05:30,1906.85,1908.9,1906.75,1907.4,23481,KOTAKBANK
3320,2025-03-04 10:55:00+05:30,1907.4,1911.85,1907.25,1911.6,38923,KOTAKBANK
3321,2025-03-04 11:00:00+05:30,1911.6,1913.15,1910.1,1912.4,48249,KOTAKBANK
3322,2025-03-04 11:05:00+05:30,1912.5,1912.5,1907.9,1907.9,22840,KOTAKBANK
3323,2025-03-04 11:10:00+05:30,1908.75,1909.7,1907.85,1908.45,132756,KOTAKBANK
3324,2025-03-04 11:15:00+05:30,1908.95,1910.25,1907.65,1909.5,23100,KOTAKBANK
3325,2025-03-04 11:20:00+05:30,1909.5,1910.25,1907.7,1908.05,18052,KOTAKBANK
3326,2025-03-04 11:25:00+05:30,1908.05,1908.05,1905.0,1905.4,19822,KOTAKBANK
3327,2025-03-04 11:30:00+05:30,1905.4,1907.8,1905.25,1907.1,29732,KOTAKBANK
3328,2025-03-04 11:35:00+05:30,1907.25,1907.25,1905.0,1906.0,21369,KOTAKBANK
3329,2025-03-04 11:40:00+05:30,1906.15,1906.15,1903.2,1903.75,35869,KOTAKBANK
3330,2025-03-04 11:45:00+05:30,1903.75,1905.75,1903.0,1903.0,40636,KOTAKBANK
3331,2025-03-04 11:50:00+05:30,1903.0,1905.05,1902.8,1904.45,27921,KOTAKBANK
3332,2025-03-04 11:55:00+05:30,1904.4,1906.1,1903.65,1905.45,24894,KOTAKBANK
3333,2025-03-04 12:00:00+05:30,1905.45,1906.35,1905.0,1905.15,15027,KOTAKBANK
3334,2025-03-04 12:05:00+05:30,1905.3,1906.0,1903.25,1905.7,30835,KOTAKBANK
3335,2025-03-04 12:10:00+05:30,1905.7,1905.7,1902.1,1902.35,17183,KOTAKBANK
3336,2025-03-04 12:15:00+05:30,1902.3,1902.95,1900.85,1902.4,29642,KOTAKBANK
3337,2025-03-04 12:20:00+05:30,1902.35,1903.0,1901.75,1902.95,17837,KOTAKBANK
3338,2025-03-04 12:25:00+05:30,1902.95,1904.25,1902.7,1904.1,14817,KOTAKBANK
3339,2025-03-04 12:30:00+05:30,1904.1,1905.55,1903.1,1904.85,27588,KOTAKBANK
3340,2025-03-04 12:35:00+05:30,1904.9,1907.0,1904.3,1907.0,22970,KOTAKBANK
3341,2025-03-04 12:40:00+05:30,1907.0,1907.95,1906.4,1907.85,19052,KOTAKBANK
3342,2025-03-04 12:45:00+05:30,1907.85,1910.95,1907.35,1909.85,53779,KOTAKBANK
3343,2025-03-04 12:50:00+05:30,1910.0,1912.0,1909.8,1911.9,22293,KOTAKBANK
3344,2025-03-04 12:55:00+05:30,1911.85,1911.9,1910.0,1910.25,16308,KOTAKBANK
3345,2025-03-04 13:00:00+05:30,1910.25,1910.25,1908.3,1908.6,17936,KOTAKBANK
3346,2025-03-04 13:05:00+05:30,1908.85,1910.05,1908.2,1909.95,15921,KOTAKBANK
3347,2025-03-04 13:10:00+05:30,1909.95,1911.5,1909.9,1910.65,19414,KOTAKBANK
3348,2025-03-04 13:15:00+05:30,1910.6,1911.35,1909.25,1911.25,20823,KOTAKBANK
3349,2025-03-04 13:20:00+05:30,1911.2,1911.5,1909.6,1911.05,20506,KOTAKBANK
3350,2025-03-04 13:25:00+05:30,1911.05,1911.9,1910.35,1911.3,17489,KOTAKBANK
3351,2025-03-04 13:30:00+05:30,1911.2,1912.0,1909.85,1911.6,18992,KOTAKBANK
3352,2025-03-04 13:35:00+05:30,1911.5,1912.0,1910.8,1911.35,26396,KOTAKBANK
3353,2025-03-04 13:40:00+05:30,1911.35,1913.45,1910.0,1912.2,28989,KOTAKBANK
3354,2025-03-04 13:45:00+05:30,1912.2,1914.5,1911.4,1912.6,29995,KOTAKBANK
3355,2025-03-04 13:50:00+05:30,1912.8,1913.35,1911.5,1913.25,25313,KOTAKBANK
3356,2025-03-04 13:55:00+05:30,1913.25,1913.25,1911.7,1912.0,25763,KOTAKBANK
3357,2025-03-04 14:00:00+05:30,1911.95,1914.95,1911.9,1913.85,65906,KOTAKBANK
3358,2025-03-04 14:05:00+05:30,1913.8,1915.15,1912.75,1914.4,35017,KOTAKBANK
3359,2025-03-04 14:10:00+05:30,1914.45,1915.85,1912.8,1914.5,32069,KOTAKBANK
3360,2025-03-04 14:15:00+05:30,1914.3,1915.1,1913.25,1914.9,33297,KOTAKBANK
3361,2025-03-04 14:20:00+05:30,1914.85,1916.0,1913.6,1915.05,40059,KOTAKBANK
3362,2025-03-04 14:25:00+05:30,1914.95,1916.0,1913.9,1915.05,44445,KOTAKBANK
3363,2025-03-04 14:30:00+05:30,1914.95,1915.8,1913.5,1914.7,46491,KOTAKBANK
3364,2025-03-04 14:35:00+05:30,1914.7,1915.0,1913.15,1914.35,109268,KOTAKBANK
3365,2025-03-04 14:40:00+05:30,1914.35,1915.0,1912.85,1914.15,69926,KOTAKBANK
3366,2025-03-04 14:45:00+05:30,1914.15,1914.35,1910.85,1911.8,75534,KOTAKBANK
3367,2025-03-04 14:50:00+05:30,1912.15,1913.0,1911.25,1912.15,53777,KOTAKBANK
3368,2025-03-04 14:55:00+05:30,1912.2,1913.0,1911.0,1911.65,53643,KOTAKBANK
3369,2025-03-04 15:00:00+05:30,1911.6,1911.7,1907.45,1908.0,101256,KOTAKBANK
3370,2025-03-04 15:05:00+05:30,1907.95,1908.7,1906.85,1907.1,102734,KOTAKBANK
3371,2025-03-04 15:10:00+05:30,1907.2,1907.95,1904.55,1905.5,127065,KOTAKBANK
3372,2025-03-04 15:15:00+05:30,1905.5,1909.9,1905.5,1908.25,93402,KOTAKBANK
3373,2025-03-04 15:20:00+05:30,1908.3,1910.5,1908.05,1908.6,82407,KOTAKBANK
3374,2025-03-04 15:25:00+05:30,1908.6,1911.7,1905.0,1911.1,91039,KOTAKBANK
3375,2025-03-05 09:15:00+05:30,1903.1,1915.0,1895.4,1898.4,137232,KOTAKBANK
3376,2025-03-05 09:20:00+05:30,1898.1,1906.6,1897.95,1906.05,51410,KOTAKBANK
3377,2025-03-05 09:25:00+05:30,1906.3,1911.0,1905.95,1910.55,37781,KOTAKBANK
3378,2025-03-05 09:30:00+05:30,1910.55,1913.3,1909.9,1912.9,17823,KOTAKBANK
3379,2025-03-05 09:35:00+05:30,1912.9,1914.45,1911.7,1913.8,16921,KOTAKBANK
3380,2025-03-05 09:40:00+05:30,1913.7,1918.95,1913.2,1918.95,17013,KOTAKBANK
3381,2025-03-05 09:45:00+05:30,1918.7,1930.15,1918.7,1930.15,68960,KOTAKBANK
3382,2025-03-05 09:50:00+05:30,1929.9,1930.0,1925.2,1929.0,47451,KOTAKBANK
3383,2025-03-05 09:55:00+05:30,1928.7,1933.3,1928.7,1931.2,57609,KOTAKBANK
3384,2025-03-05 10:00:00+05:30,1931.2,1934.0,1927.0,1927.05,84877,KOTAKBANK
3385,2025-03-05 10:05:00+05:30,1927.05,1930.1,1926.8,1928.95,45631,KOTAKBANK
3386,2025-03-05 10:10:00+05:30,1928.6,1928.95,1923.75,1925.7,29330,KOTAKBANK
3387,2025-03-05 10:15:00+05:30,1925.65,1927.3,1924.55,1925.0,28476,KOTAKBANK
3388,2025-03-05 10:20:00+05:30,1925.1,1927.3,1924.95,1925.55,27096,KOTAKBANK
3389,2025-03-05 10:25:00+05:30,1925.3,1927.75,1925.0,1926.45,23904,KOTAKBANK
3390,2025-03-05 10:30:00+05:30,1926.4,1928.3,1926.0,1927.95,33841,KOTAKBANK
3391,2025-03-05 10:35:00+05:30,1927.95,1929.25,1927.1,1928.6,45463,KOTAKBANK
3392,2025-03-05 10:40:00+05:30,1929.15,1929.5,1927.65,1928.6,34806,KOTAKBANK
3393,2025-03-05 10:45:00+05:30,1928.55,1929.0,1926.3,1928.9,113489,KOTAKBANK
3394,2025-03-05 10:50:00+05:30,1928.9,1931.7,1928.85,1931.5,47749,KOTAKBANK
3395,2025-03-05 10:55:00+05:30,1931.5,1931.55,1929.15,1930.7,50827,KOTAKBANK
3396,2025-03-05 11:00:00+05:30,1930.7,1931.4,1929.65,1931.1,47434,KOTAKBANK
3397,2025-03-05 11:05:00+05:30,1931.05,1932.25,1929.45,1930.0,49810,KOTAKBANK
3398,2025-03-05 11:10:00+05:30,1929.75,1938.0,1929.65,1937.2,63933,KOTAKBANK
3399,2025-03-05 11:15:00+05:30,1937.2,1940.5,1936.15,1936.85,191908,KOTAKBANK
3400,2025-03-05 11:20:00+05:30,1936.65,1942.5,1935.7,1941.3,74526,KOTAKBANK
3401,2025-03-05 11:25:00+05:30,1941.35,1944.0,1941.25,1942.85,73506,KOTAKBANK
3402,2025-03-05 11:30:00+05:30,1942.85,1946.95,1942.05,1946.05,134639,KOTAKBANK
3403,2025-03-05 11:35:00+05:30,1946.3,1949.5,1946.05,1949.2,74271,KOTAKBANK
3404,2025-03-05 11:40:00+05:30,1949.2,1949.95,1946.05,1946.8,60277,KOTAKBANK
3405,2025-03-05 11:45:00+05:30,1946.8,1950.0,1946.8,1948.95,72156,KOTAKBANK
3406,2025-03-05 11:50:00+05:30,1948.95,1949.25,1946.1,1947.5,50463,KOTAKBANK
3407,2025-03-05 11:55:00+05:30,1947.5,1951.6,1946.65,1951.25,62169,KOTAKBANK
3408,2025-03-05 12:00:00+05:30,1951.2,1951.8,1949.45,1950.35,39736,KOTAKBANK
3409,2025-03-05 12:05:00+05:30,1950.3,1950.5,1946.7,1948.35,42824,KOTAKBANK
3410,2025-03-05 12:10:00+05:30,1948.4,1948.85,1946.15,1946.95,45179,KOTAKBANK
3411,2025-03-05 12:15:00+05:30,1947.0,1949.55,1946.85,1948.35,44179,KOTAKBANK
3412,2025-03-05 12:20:00+05:30,1948.35,1950.0,1948.25,1950.0,44711,KOTAKBANK
3413,2025-03-05 12:25:00+05:30,1950.0,1953.65,1949.2,1950.55,46590,KOTAKBANK
3414,2025-03-05 12:30:00+05:30,1950.25,1950.65,1947.85,1949.45,27883,KOTAKBANK
3415,2025-03-05 12:35:00+05:30,1949.4,1950.0,1949.4,1950.0,13524,KOTAKBANK
3416,2025-03-05 12:40:00+05:30,1950.0,1950.0,1943.0,1943.1,63928,KOTAKBANK
3417,2025-03-05 12:45:00+05:30,1943.4,1943.5,1938.65,1939.45,30318,KOTAKBANK
3418,2025-03-05 12:50:00+05:30,1939.45,1940.65,1937.55,1940.05,28866,KOTAKBANK
3419,2025-03-05 12:55:00+05:30,1940.05,1943.5,1939.1,1941.05,45056,KOTAKBANK
3420,2025-03-05 13:00:00+05:30,1941.05,1942.8,1939.2,1940.05,36823,KOTAKBANK
3421,2025-03-05 13:05:00+05:30,1940.05,1941.35,1938.45,1939.35,28985,KOTAKBANK
3422,2025-03-05 13:10:00+05:30,1939.4,1941.0,1939.35,1940.5,35580,KOTAKBANK
3423,2025-03-05 13:15:00+05:30,1940.45,1941.0,1940.05,1940.25,16646,KOTAKBANK
3424,2025-03-05 13:20:00+05:30,1940.15,1940.5,1939.05,1939.1,15635,KOTAKBANK
3425,2025-03-05 13:25:00+05:30,1939.05,1939.7,1938.3,1938.7,15636,KOTAKBANK
3426,2025-03-05 13:30:00+05:30,1938.4,1938.8,1936.0,1937.55,16283,KOTAKBANK
3427,2025-03-05 13:35:00+05:30,1937.55,1937.95,1935.0,1935.4,21348,KOTAKBANK
3428,2025-03-05 13:40:00+05:30,1935.2,1936.0,1933.3,1935.2,71729,KOTAKBANK
3429,2025-03-05 13:45:00+05:30,1935.1,1937.0,1935.0,1936.25,19332,KOTAKBANK
3430,2025-03-05 13:50:00+05:30,1936.05,1939.9,1936.0,1938.35,25785,KOTAKBANK
3431,2025-03-05 13:55:00+05:30,1938.2,1941.0,1938.2,1938.55,25051,KOTAKBANK
3432,2025-03-05 14:00:00+05:30,1938.55,1938.6,1937.2,1937.75,25336,KOTAKBANK
3433,2025-03-05 14:05:00+05:30,1937.7,1938.0,1937.6,1937.75,23646,KOTAKBANK
3434,2025-03-05 14:10:00+05:30,1937.85,1938.0,1937.75,1938.0,22582,KOTAKBANK
3435,2025-03-05 14:15:00+05:30,1937.95,1938.95,1936.0,1937.55,40136,KOTAKBANK
3436,2025-03-05 14:20:00+05:30,1937.4,1938.0,1936.75,1937.75,31995,KOTAKBANK
3437,2025-03-05 14:25:00+05:30,1937.7,1938.15,1936.8,1938.0,36489,KOTAKBANK
3438,2025-03-05 14:30:00+05:30,1937.95,1938.25,1936.8,1938.0,25190,KOTAKBANK
3439,2025-03-05 14:35:00+05:30,1937.95,1942.15,1937.95,1941.7,38548,KOTAKBANK
3440,2025-03-05 14:40:00+05:30,1941.7,1943.1,1941.0,1942.65,28095,KOTAKBANK
3441,2025-03-05 14:45:00+05:30,1942.6,1945.0,1941.55,1942.25,33196,KOTAKBANK
3442,2025-03-05 14:50:00+05:30,1942.0,1944.2,1941.15,1943.5,36079,KOTAKBANK
3443,2025-03-05 14:55:00+05:30,1943.5,1945.0,1943.1,1943.95,32963,KOTAKBANK
3444,2025-03-05 15:00:00+05:30,1943.85,1944.2,1932.75,1933.15,112831,KOTAKBANK
3445,2025-03-05 15:05:00+05:30,1933.15,1934.45,1932.05,1932.85,112625,KOTAKBANK
3446,2025-03-05 15:10:00+05:30,1933.1,1936.45,1930.15,1931.75,137302,KOTAKBANK
3447,2025-03-05 15:15:00+05:30,1931.8,1933.4,1930.2,1932.4,113882,KOTAKBANK
3448,2025-03-05 15:20:00+05:30,1932.45,1933.45,1930.4,1932.0,103544,KOTAKBANK
3449,2025-03-05 15:25:00+05:30,1931.75,1937.65,1931.0,1936.8,75484,KOTAKBANK
3450,2025-03-06 09:15:00+05:30,1944.0,1944.95,1934.3,1935.45,183663,KOTAKBANK
3451,2025-03-06 09:20:00+05:30,1935.6,1938.75,1932.0,1933.5,126090,KOTAKBANK
3452,2025-03-06 09:25:00+05:30,1932.8,1933.4,1928.75,1929.3,83328,KOTAKBANK
3453,2025-03-06 09:30:00+05:30,1929.4,1929.75,1923.85,1925.6,89583,KOTAKBANK
3454,2025-03-06 09:35:00+05:30,1925.6,1927.45,1918.6,1920.15,55285,KOTAKBANK
3455,2025-03-06 09:40:00+05:30,1920.55,1923.9,1918.55,1922.1,46539,KOTAKBANK
3456,2025-03-06 09:45:00+05:30,1922.1,1924.95,1916.75,1919.45,70314,KOTAKBANK
3457,2025-03-06 09:50:00+05:30,1918.95,1923.35,1918.75,1921.6,51320,KOTAKBANK
3458,2025-03-06 09:55:00+05:30,1921.5,1927.55,1921.3,1927.05,36277,KOTAKBANK
3459,2025-03-06 10:00:00+05:30,1927.05,1932.35,1926.8,1931.95,36974,KOTAKBANK
3460,2025-03-06 10:05:00+05:30,1932.05,1935.3,1927.4,1930.2,78612,KOTAKBANK
3461,2025-03-06 10:10:00+05:30,1930.5,1931.15,1925.05,1930.0,45328,KOTAKBANK
3462,2025-03-06 10:15:00+05:30,1929.45,1930.0,1927.1,1930.0,35327,KOTAKBANK
3463,2025-03-06 10:20:00+05:30,1930.0,1931.15,1926.0,1926.65,32856,KOTAKBANK
3464,2025-03-06 10:25:00+05:30,1926.65,1928.0,1924.4,1928.0,34010,KOTAKBANK
3465,2025-03-06 10:30:00+05:30,1928.0,1931.6,1928.0,1930.35,32720,KOTAKBANK
3466,2025-03-06 10:35:00+05:30,1930.35,1931.15,1929.35,1929.95,25949,KOTAKBANK
3467,2025-03-06 10:40:00+05:30,1929.95,1930.85,1928.6,1929.85,21750,KOTAKBANK
3468,2025-03-06 10:45:00+05:30,1929.85,1930.8,1926.8,1929.25,34466,KOTAKBANK
3469,2025-03-06 10:50:00+05:30,1929.2,1931.8,1928.55,1931.8,20026,KOTAKBANK
3470,2025-03-06 10:55:00+05:30,1931.95,1933.3,1929.75,1929.75,19696,KOTAKBANK
3471,2025-03-06 11:00:00+05:30,1929.75,1933.4,1929.3,1932.8,25349,KOTAKBANK
3472,2025-03-06 11:05:00+05:30,1932.8,1936.45,1932.75,1933.3,35410,KOTAKBANK
3473,2025-03-06 11:10:00+05:30,1933.3,1936.45,1930.5,1930.5,62079,KOTAKBANK
3474,2025-03-06 11:15:00+05:30,1930.9,1932.4,1930.0,1930.8,21940,KOTAKBANK
3475,2025-03-06 11:20:00+05:30,1930.8,1931.75,1925.0,1925.5,32030,KOTAKBANK
3476,2025-03-06 11:25:00+05:30,1925.5,1927.05,1921.05,1922.9,48629,KOTAKBANK
3477,2025-03-06 11:30:00+05:30,1922.9,1922.9,1920.35,1921.6,20423,KOTAKBANK
3478,2025-03-06 11:35:00+05:30,1921.55,1924.2,1921.5,1923.25,22631,KOTAKBANK
3479,2025-03-06 11:40:00+05:30,1923.65,1925.0,1922.05,1924.85,20365,KOTAKBANK
3480,2025-03-06 11:45:00+05:30,1924.85,1924.85,1922.4,1923.75,22007,KOTAKBANK
3481,2025-03-06 11:50:00+05:30,1923.8,1925.0,1923.35,1924.5,20288,KOTAKBANK
3482,2025-03-06 11:55:00+05:30,1924.95,1925.1,1924.0,1924.35,12850,KOTAKBANK
3483,2025-03-06 12:00:00+05:30,1924.35,1926.2,1923.05,1925.0,34077,KOTAKBANK
3484,2025-03-06 12:05:00+05:30,1925.45,1925.65,1918.5,1918.9,48092,KOTAKBANK
3485,2025-03-06 12:10:00+05:30,1918.9,1923.25,1916.95,1923.25,52208,KOTAKBANK
3486,2025-03-06 12:15:00+05:30,1923.45,1924.35,1922.35,1923.05,29184,KOTAKBANK
3487,2025-03-06 12:20:00+05:30,1923.05,1925.6,1922.75,1924.75,33329,KOTAKBANK
3488,2025-03-06 12:25:00+05:30,1924.75,1925.55,1922.15,1922.2,32606,KOTAKBANK
3489,2025-03-06 12:30:00+05:30,1922.7,1924.0,1920.1,1920.8,33212,KOTAKBANK
3490,2025-03-06 12:35:00+05:30,1920.8,1924.45,1920.75,1923.35,46431,KOTAKBANK
3491,2025-03-06 12:40:00+05:30,1923.75,1923.85,1921.6,1921.9,27713,KOTAKBANK
3492,2025-03-06 12:45:00+05:30,1921.95,1922.5,1921.65,1921.85,91145,KOTAKBANK
3493,2025-03-06 12:50:00+05:30,1922.0,1925.95,1921.25,1924.0,75504,KOTAKBANK
3494,2025-03-06 12:55:00+05:30,1923.95,1924.45,1922.2,1922.85,52471,KOTAKBANK
3495,2025-03-06 13:00:00+05:30,1922.5,1927.0,1922.15,1927.0,33781,KOTAKBANK
3496,2025-03-06 13:05:00+05:30,1927.0,1927.0,1925.05,1926.75,23476,KOTAKBANK
3497,2025-03-06 13:10:00+05:30,1926.75,1927.1,1926.05,1927.0,23271,KOTAKBANK
3498,2025-03-06 13:15:00+05:30,1927.0,1927.85,1925.6,1926.5,39266,KOTAKBANK
3499,2025-03-06 13:20:00+05:30,1926.5,1926.5,1924.05,1925.3,38330,KOTAKBANK
3500,2025-03-06 13:25:00+05:30,1925.65,1926.0,1922.5,1922.6,37407,KOTAKBANK
3501,2025-03-06 13:30:00+05:30,1923.15,1923.2,1921.6,1922.5,49767,KOTAKBANK
3502,2025-03-06 13:35:00+05:30,1922.5,1923.45,1921.9,1923.45,38822,KOTAKBANK
3503,2025-03-06 13:40:00+05:30,1923.5,1923.65,1921.55,1922.0,48196,KOTAKBANK
3504,2025-03-06 13:45:00+05:30,1922.2,1922.25,1921.65,1922.0,34533,KOTAKBANK
3505,2025-03-06 13:50:00+05:30,1922.25,1923.75,1921.95,1923.1,54372,KOTAKBANK
3506,2025-03-06 13:55:00+05:30,1923.15,1923.65,1921.8,1922.7,44406,KOTAKBANK
3507,2025-03-06 14:00:00+05:30,1922.95,1923.95,1922.3,1923.75,55251,KOTAKBANK
3508,2025-03-06 14:05:00+05:30,1923.85,1924.0,1923.1,1924.0,46832,KOTAKBANK
3509,2025-03-06 14:10:00+05:30,1924.0,1924.5,1923.0,1923.95,42586,KOTAKBANK
3510,2025-03-06 14:15:00+05:30,1923.9,1926.0,1923.15,1924.95,59955,KOTAKBANK
3511,2025-03-06 14:20:00+05:30,1925.0,1925.8,1924.7,1925.7,41918,KOTAKBANK
3512,2025-03-06 14:25:00+05:30,1925.8,1926.0,1923.95,1924.4,55688,KOTAKBANK
3513,2025-03-06 14:30:00+05:30,1924.65,1926.45,1923.8,1926.45,59570,KOTAKBANK
3514,2025-03-06 14:35:00+05:30,1926.45,1927.0,1923.55,1924.0,73325,KOTAKBANK
3515,2025-03-06 14:40:00+05:30,1923.8,1924.5,1922.85,1923.45,50734,KOTAKBANK
3516,2025-03-06 14:45:00+05:30,1923.6,1924.0,1922.6,1922.8,44242,KOTAKBANK
3517,2025-03-06 14:50:00+05:30,1922.8,1923.0,1916.5,1920.0,201029,KOTAKBANK
3518,2025-03-06 14:55:00+05:30,1919.95,1921.65,1909.85,1918.95,833079,KOTAKBANK
3519,2025-03-06 15:00:00+05:30,1918.9,1922.45,1916.6,1920.4,208865,KOTAKBANK
3520,2025-03-06 15:05:00+05:30,1920.6,1921.05,1917.75,1919.85,156936,KOTAKBANK
3521,2025-03-06 15:10:00+05:30,1919.85,1922.3,1917.9,1921.7,143561,KOTAKBANK
3522,2025-03-06 15:15:00+05:30,1921.7,1923.9,1920.45,1923.15,232369,KOTAKBANK
3523,2025-03-06 15:20:00+05:30,1923.45,1925.9,1921.6,1925.75,225623,KOTAKBANK
3524,2025-03-06 15:25:00+05:30,1925.7,1925.95,1920.15,1920.15,125694,KOTAKBANK
3525,2025-03-07 09:15:00+05:30,1917.0,1921.55,1913.05,1919.0,163144,KOTAKBANK
3526,2025-03-07 09:20:00+05:30,1918.95,1918.95,1914.05,1915.35,25699,KOTAKBANK
3527,2025-03-07 09:25:00+05:30,1914.4,1914.85,1910.5,1911.65,41284,KOTAKBANK
3528,2025-03-07 09:30:00+05:30,1911.65,1917.0,1910.05,1916.35,33075,KOTAKBANK
3529,2025-03-07 09:35:00+05:30,1916.35,1917.2,1914.0,1914.05,21982,KOTAKBANK
3530,2025-03-07 09:40:00+05:30,1913.85,1915.05,1912.1,1914.25,30251,KOTAKBANK
3531,2025-03-07 09:45:00+05:30,1914.45,1917.25,1914.1,1917.1,23687,KOTAKBANK
3532,2025-03-07 09:50:00+05:30,1917.25,1918.0,1915.0,1915.0,26442,KOTAKBANK
3533,2025-03-07 09:55:00+05:30,1915.0,1917.65,1914.8,1917.05,12287,KOTAKBANK
3534,2025-03-07 10:00:00+05:30,1917.05,1919.4,1916.0,1918.45,15275,KOTAKBANK
3535,2025-03-07 10:05:00+05:30,1918.8,1920.5,1917.15,1919.75,24066,KOTAKBANK
3536,2025-03-07 10:10:00+05:30,1919.75,1921.0,1919.1,1921.0,20831,KOTAKBANK
3537,2025-03-07 10:15:00+05:30,1920.6,1923.5,1919.2,1922.85,28100,KOTAKBANK
3538,2025-03-07 10:20:00+05:30,1922.1,1922.95,1920.0,1922.1,21684,KOTAKBANK
3539,2025-03-07 10:25:00+05:30,1922.1,1923.9,1921.45,1922.55,16714,KOTAKBANK
3540,2025-03-07 10:30:00+05:30,1922.5,1923.8,1920.45,1921.4,16309,KOTAKBANK
3541,2025-03-07 10:35:00+05:30,1922.0,1923.0,1921.15,1922.45,13798,KOTAKBANK
3542,2025-03-07 10:40:00+05:30,1922.55,1923.0,1920.0,1920.05,14053,KOTAKBANK
3543,2025-03-07 10:45:00+05:30,1920.0,1921.0,1918.0,1920.95,14821,KOTAKBANK
3544,2025-03-07 10:50:00+05:30,1920.6,1921.0,1915.15,1916.3,89501,KOTAKBANK
3545,2025-03-07 10:55:00+05:30,1916.25,1916.8,1915.0,1916.25,20185,KOTAKBANK
3546,2025-03-07 11:00:00+05:30,1916.15,1918.6,1915.15,1918.5,18342,KOTAKBANK
3547,2025-03-07 11:05:00+05:30,1918.5,1919.4,1917.85,1918.45,8663,KOTAKBANK
3548,2025-03-07 11:10:00+05:30,1918.85,1921.0,1918.2,1919.7,115799,KOTAKBANK
3549,2025-03-07 11:15:00+05:30,1919.75,1921.15,1918.6,1919.1,18899,KOTAKBANK
3550,2025-03-07 11:20:00+05:30,1918.8,1920.05,1916.7,1917.3,15198,KOTAKBANK
3551,2025-03-07 11:25:00+05:30,1917.25,1917.8,1915.7,1916.15,15535,KOTAKBANK
3552,2025-03-07 11:30:00+05:30,1916.85,1918.55,1916.4,1917.6,12004,KOTAKBANK
3553,2025-03-07 11:35:00+05:30,1917.6,1918.55,1916.7,1916.85,8061,KOTAKBANK
3554,2025-03-07 11:40:00+05:30,1917.0,1919.65,1916.35,1919.45,10943,KOTAKBANK
3555,2025-03-07 11:45:00+05:30,1919.65,1919.95,1918.0,1918.0,13847,KOTAKBANK
3556,2025-03-07 11:50:00+05:30,1918.6,1920.45,1918.05,1920.45,13358,KOTAKBANK
3557,2025-03-07 11:55:00+05:30,1920.45,1920.45,1918.95,1919.2,15692,KOTAKBANK
3558,2025-03-07 12:00:00+05:30,1919.05,1920.2,1917.45,1919.8,12959,KOTAKBANK
3559,2025-03-07 12:05:00+05:30,1919.8,1921.9,1919.15,1921.15,14322,KOTAKBANK
3560,2025-03-07 12:10:00+05:30,1921.15,1923.6,1920.6,1923.0,13727,KOTAKBANK
3561,2025-03-07 12:15:00+05:30,1923.25,1926.65,1923.1,1924.55,33497,KOTAKBANK
3562,2025-03-07 12:20:00+05:30,1924.55,1926.2,1924.2,1925.5,10066,KOTAKBANK
3563,2025-03-07 12:25:00+05:30,1926.0,1926.1,1923.6,1924.0,11985,KOTAKBANK
3564,2025-03-07 12:30:00+05:30,1923.85,1927.75,1923.55,1927.05,69182,KOTAKBANK
3565,2025-03-07 12:35:00+05:30,1927.65,1928.0,1925.6,1926.65,18387,KOTAKBANK
3566,2025-03-07 12:40:00+05:30,1926.65,1927.55,1925.0,1927.0,11793,KOTAKBANK
3567,2025-03-07 12:45:00+05:30,1927.15,1928.8,1926.45,1927.0,23693,KOTAKBANK
3568,2025-03-07 12:50:00+05:30,1927.35,1927.95,1925.85,1926.85,15789,KOTAKBANK
3569,2025-03-07 12:55:00+05:30,1926.7,1929.25,1926.6,1928.05,16611,KOTAKBANK
3570,2025-03-07 13:00:00+05:30,1928.05,1929.1,1926.5,1927.05,16151,KOTAKBANK
3571,2025-03-07 13:05:00+05:30,1927.3,1928.6,1926.4,1926.8,18730,KOTAKBANK
3572,2025-03-07 13:10:00+05:30,1927.0,1927.3,1923.55,1924.9,47080,KOTAKBANK
3573,2025-03-07 13:15:00+05:30,1924.9,1926.2,1924.3,1925.35,16637,KOTAKBANK
3574,2025-03-07 13:20:00+05:30,1925.4,1926.8,1924.75,1925.5,20453,KOTAKBANK
3575,2025-03-07 13:25:00+05:30,1925.6,1927.95,1925.0,1926.15,23634,KOTAKBANK
3576,2025-03-07 13:30:00+05:30,1926.2,1926.5,1925.15,1925.75,19309,KOTAKBANK
3577,2025-03-07 13:35:00+05:30,1926.2,1927.55,1925.25,1925.45,18559,KOTAKBANK
3578,2025-03-07 13:40:00+05:30,1925.5,1926.4,1924.5,1925.35,19898,KOTAKBANK
3579,2025-03-07 13:45:00+05:30,1925.35,1926.5,1921.5,1923.0,74444,KOTAKBANK
3580,2025-03-07 13:50:00+05:30,1922.65,1923.05,1919.75,1922.6,102527,KOTAKBANK
3581,2025-03-07 13:55:00+05:30,1922.4,1923.3,1921.45,1922.0,23014,KOTAKBANK
3582,2025-03-07 14:00:00+05:30,1922.05,1926.95,1922.0,1926.3,23296,KOTAKBANK
3583,2025-03-07 14:05:00+05:30,1926.3,1927.0,1925.1,1926.4,21422,KOTAKBANK
3584,2025-03-07 14:10:00+05:30,1926.4,1927.0,1925.6,1926.75,20988,KOTAKBANK
3585,2025-03-07 14:15:00+05:30,1926.7,1928.05,1926.0,1926.95,23891,KOTAKBANK
3586,2025-03-07 14:20:00+05:30,1926.95,1927.9,1925.9,1927.2,24119,KOTAKBANK
3587,2025-03-07 14:25:00+05:30,1927.25,1930.0,1927.1,1930.0,29710,KOTAKBANK
3588,2025-03-07 14:30:00+05:30,1930.0,1934.5,1929.9,1933.65,92680,KOTAKBANK
3589,2025-03-07 14:35:00+05:30,1933.85,1934.8,1932.9,1934.35,56580,KOTAKBANK
3590,2025-03-07 14:40:00+05:30,1934.35,1937.55,1934.3,1936.1,57841,KOTAKBANK
3591,2025-03-07 14:45:00+05:30,1936.1,1937.8,1935.4,1937.0,62501,KOTAKBANK
3592,2025-03-07 14:50:00+05:30,1937.05,1938.5,1936.0,1938.25,48055,KOTAKBANK
3593,2025-03-07 14:55:00+05:30,1938.15,1940.6,1937.75,1937.9,60775,KOTAKBANK
3594,2025-03-07 15:00:00+05:30,1937.9,1938.05,1935.55,1936.5,91187,KOTAKBANK
3595,2025-03-07 15:05:00+05:30,1936.5,1938.65,1936.0,1937.7,115208,KOTAKBANK
3596,2025-03-07 15:10:00+05:30,1937.75,1937.75,1934.7,1934.9,125694,KOTAKBANK
3597,2025-03-07 15:15:00+05:30,1934.95,1936.0,1933.7,1935.8,98217,KOTAKBANK
3598,2025-03-07 15:20:00+05:30,1935.8,1936.0,1932.35,1933.25,102290,KOTAKBANK
3599,2025-03-07 15:25:00+05:30,1932.85,1936.05,1927.6,1932.0,131840,KOTAKBANK
3600,2025-03-10 09:15:00+05:30,1932.5,1937.1,1930.8,1934.4,76032,KOTAKBANK
3601,2025-03-10 09:20:00+05:30,1934.65,1937.5,1932.05,1932.9,55802,KOTAKBANK
3602,2025-03-10 09:25:00+05:30,1932.9,1934.95,1931.8,1933.65,16863,KOTAKBANK
3603,2025-03-10 09:30:00+05:30,1933.65,1934.45,1923.6,1923.7,32478,KOTAKBANK
3604,2025-03-10 09:35:00+05:30,1923.85,1928.45,1923.7,1927.0,48903,KOTAKBANK
3605,2025-03-10 09:40:00+05:30,1927.1,1933.45,1925.0,1931.3,38007,KOTAKBANK
3606,2025-03-10 09:45:00+05:30,1931.1,1933.45,1928.9,1929.7,39746,KOTAKBANK
3607,2025-03-10 09:50:00+05:30,1929.55,1931.3,1927.0,1930.0,18186,KOTAKBANK
3608,2025-03-10 09:55:00+05:30,1930.0,1932.7,1928.9,1931.05,34116,KOTAKBANK
3609,2025-03-10 10:00:00+05:30,1931.05,1932.9,1929.45,1929.55,29356,KOTAKBANK
3610,2025-03-10 10:05:00+05:30,1929.75,1932.65,1929.0,1930.4,28609,KOTAKBANK
3611,2025-03-10 10:10:00+05:30,1930.4,1930.4,1926.95,1927.3,18082,KOTAKBANK
3612,2025-03-10 10:15:00+05:30,1927.3,1927.9,1925.0,1927.05,26853,KOTAKBANK
3613,2025-03-10 10:20:00+05:30,1927.15,1930.85,1927.15,1930.55,16813,KOTAKBANK
3614,2025-03-10 10:25:00+05:30,1930.65,1931.2,1929.3,1930.45,13970,KOTAKBANK
3615,2025-03-10 10:30:00+05:30,1930.1,1931.0,1928.7,1930.1,13551,KOTAKBANK
3616,2025-03-10 10:35:00+05:30,1930.05,1930.9,1929.9,1930.7,13413,KOTAKBANK
3617,2025-03-10 10:40:00+05:30,1930.5,1932.0,1929.75,1931.4,28199,KOTAKBANK
3618,2025-03-10 10:45:00+05:30,1931.4,1932.7,1930.75,1930.85,22175,KOTAKBANK
3619,2025-03-10 10:50:00+05:30,1931.1,1933.65,1930.65,1931.8,20675,KOTAKBANK
3620,2025-03-10 10:55:00+05:30,1931.9,1933.0,1931.5,1932.7,8216,KOTAKBANK
3621,2025-03-10 11:00:00+05:30,1932.8,1934.5,1932.55,1932.95,10784,KOTAKBANK
3622,2025-03-10 11:05:00+05:30,1933.35,1933.6,1931.9,1932.2,8235,KOTAKBANK
3623,2025-03-10 11:10:00+05:30,1932.7,1933.4,1932.15,1932.9,8977,KOTAKBANK
3624,2025-03-10 11:15:00+05:30,1932.95,1934.25,1932.9,1933.7,10274,KOTAKBANK
3625,2025-03-10 11:20:00+05:30,1933.6,1934.25,1933.1,1933.95,7043,KOTAKBANK
3626,2025-03-10 11:25:00+05:30,1933.9,1934.0,1930.75,1933.15,9061,KOTAKBANK
3627,2025-03-10 11:30:00+05:30,1933.1,1934.25,1933.1,1934.0,14628,KOTAKBANK
3628,2025-03-10 11:35:00+05:30,1933.95,1935.7,1933.55,1935.2,15002,KOTAKBANK
3629,2025-03-10 11:40:00+05:30,1935.95,1938.45,1935.2,1938.3,19132,KOTAKBANK
3630,2025-03-10 11:45:00+05:30,1938.3,1938.3,1937.0,1937.2,13464,KOTAKBANK
3631,2025-03-10 11:50:00+05:30,1937.1,1938.0,1937.0,1937.55,26201,KOTAKBANK
3632,2025-03-10 11:55:00+05:30,1937.5,1937.55,1937.0,1937.0,14959,KOTAKBANK
3633,2025-03-10 12:00:00+05:30,1937.05,1940.05,1935.05,1935.55,44742,KOTAKBANK
3634,2025-03-10 12:05:00+05:30,1935.8,1937.55,1935.5,1936.75,9897,KOTAKBANK
3635,2025-03-10 12:10:00+05:30,1936.75,1938.0,1934.5,1934.5,25477,KOTAKBANK
3636,2025-03-10 12:15:00+05:30,1934.5,1934.8,1932.7,1933.85,13118,KOTAKBANK
3637,2025-03-10 12:20:00+05:30,1934.55,1935.0,1933.75,1935.0,10387,KOTAKBANK
3638,2025-03-10 12:25:00+05:30,1934.95,1937.0,1934.95,1935.75,553406,KOTAKBANK
3639,2025-03-10 12:30:00+05:30,1935.95,1935.95,1933.9,1935.4,11455,KOTAKBANK
3640,2025-03-10 12:35:00+05:30,1935.4,1935.8,1933.7,1934.75,9294,KOTAKBANK
3641,2025-03-10 12:40:00+05:30,1934.75,1935.75,1932.85,1935.5,14337,KOTAKBANK
3642,2025-03-10 12:45:00+05:30,1935.55,1936.5,1935.0,1935.8,35238,KOTAKBANK
3643,2025-03-10 12:50:00+05:30,1935.95,1936.25,1935.0,1936.0,10748,KOTAKBANK
3644,2025-03-10 12:55:00+05:30,1936.0,1936.95,1935.45,1935.95,25179,KOTAKBANK
3645,2025-03-10 13:00:00+05:30,1936.0,1936.65,1935.6,1936.2,8032,KOTAKBANK
3646,2025-03-10 13:05:00+05:30,1936.15,1936.3,1935.65,1936.1,9120,KOTAKBANK
3647,2025-03-10 13:10:00+05:30,1936.2,1936.2,1935.7,1936.0,7685,KOTAKBANK
3648,2025-03-10 13:15:00+05:30,1936.0,1936.4,1935.6,1935.85,7787,KOTAKBANK
3649,2025-03-10 13:20:00+05:30,1936.0,1936.45,1935.8,1936.45,9755,KOTAKBANK
3650,2025-03-10 13:25:00+05:30,1936.25,1936.6,1935.95,1936.1,9874,KOTAKBANK
3651,2025-03-10 13:30:00+05:30,1936.1,1936.4,1935.95,1936.2,8159,KOTAKBANK
3652,2025-03-10 13:35:00+05:30,1935.95,1936.35,1935.6,1935.95,10583,KOTAKBANK
3653,2025-03-10 13:40:00+05:30,1935.75,1935.9,1934.85,1935.55,12985,KOTAKBANK
3654,2025-03-10 13:45:00+05:30,1935.5,1935.8,1934.5,1934.95,9791,KOTAKBANK
3655,2025-03-10 13:50:00+05:30,1934.85,1935.65,1934.5,1935.0,6683,KOTAKBANK
3656,2025-03-10 13:55:00+05:30,1935.0,1935.8,1934.9,1935.8,21362,KOTAKBANK
3657,2025-03-10 14:00:00+05:30,1935.7,1939.0,1935.35,1935.35,21102,KOTAKBANK
3658,2025-03-10 14:05:00+05:30,1935.15,1936.25,1935.15,1935.95,9997,KOTAKBANK
3659,2025-03-10 14:10:00+05:30,1935.85,1936.35,1935.2,1935.95,9861,KOTAKBANK
3660,2025-03-10 14:15:00+05:30,1935.85,1936.35,1933.25,1933.25,15721,KOTAKBANK
3661,2025-03-10 14:20:00+05:30,1933.0,1933.0,1929.0,1930.0,19267,KOTAKBANK
3662,2025-03-10 14:25:00+05:30,1930.25,1930.25,1925.4,1925.7,19219,KOTAKBANK
3663,2025-03-10 14:30:00+05:30,1925.2,1926.6,1924.15,1926.0,17030,KOTAKBANK
3664,2025-03-10 14:35:00+05:30,1925.95,1927.0,1922.9,1923.0,25795,KOTAKBANK
3665,2025-03-10 14:40:00+05:30,1923.0,1924.25,1921.0,1921.65,22675,KOTAKBANK
3666,2025-03-10 14:45:00+05:30,1920.6,1921.4,1919.0,1920.3,24502,KOTAKBANK
3667,2025-03-10 14:50:00+05:30,1919.95,1925.9,1918.8,1924.5,93490,KOTAKBANK
3668,2025-03-10 14:55:00+05:30,1924.5,1924.5,1923.1,1924.5,13420,KOTAKBANK
3669,2025-03-10 15:00:00+05:30,1924.4,1924.4,1920.0,1921.35,43274,KOTAKBANK
3670,2025-03-10 15:05:00+05:30,1922.2,1923.85,1921.05,1923.2,41239,KOTAKBANK
3671,2025-03-10 15:10:00+05:30,1923.85,1924.55,1922.05,1923.45,47479,KOTAKBANK
3672,2025-03-10 15:15:00+05:30,1923.4,1923.4,1919.9,1920.7,56057,KOTAKBANK
3673,2025-03-10 15:20:00+05:30,1920.8,1921.5,1919.6,1920.5,54908,KOTAKBANK
3674,2025-03-10 15:25:00+05:30,1920.9,1921.5,1916.35,1920.0,38737,KOTAKBANK
3675,2025-03-11 09:15:00+05:30,1923.0,1924.25,1911.0,1913.05,185851,KOTAKBANK
3676,2025-03-11 09:20:00+05:30,1912.0,1913.0,1904.45,1910.8,60602,KOTAKBANK
3677,2025-03-11 09:25:00+05:30,1911.7,1912.3,1908.7,1910.35,32509,KOTAKBANK
3678,2025-03-11 09:30:00+05:30,1910.75,1914.85,1908.8,1908.8,40305,KOTAKBANK
3679,2025-03-11 09:35:00+05:30,1909.0,1911.95,1907.5,1910.85,33092,KOTAKBANK
3680,2025-03-11 09:40:00+05:30,1910.9,1914.75,1910.85,1913.4,43568,KOTAKBANK
3681,2025-03-11 09:45:00+05:30,1913.45,1918.95,1913.3,1917.5,46360,KOTAKBANK
3682,2025-03-11 09:50:00+05:30,1917.45,1917.95,1914.1,1914.35,25984,KOTAKBANK
3683,2025-03-11 09:55:00+05:30,1914.4,1916.0,1914.05,1915.4,14939,KOTAKBANK
3684,2025-03-11 10:00:00+05:30,1915.55,1916.65,1914.2,1916.05,26022,KOTAKBANK
3685,2025-03-11 10:05:00+05:30,1916.1,1921.45,1915.8,1916.0,193867,KOTAKBANK
3686,2025-03-11 10:10:00+05:30,1916.0,1917.75,1914.2,1917.3,23797,KOTAKBANK
3687,2025-03-11 10:15:00+05:30,1917.4,1918.55,1915.5,1916.8,219666,KOTAKBANK
3688,2025-03-11 10:20:00+05:30,1916.7,1918.5,1916.4,1917.75,16707,KOTAKBANK
3689,2025-03-11 10:25:00+05:30,1917.75,1919.0,1917.2,1917.8,25627,KOTAKBANK
3690,2025-03-11 10:30:00+05:30,1917.8,1918.5,1916.25,1918.0,13490,KOTAKBANK
3691,2025-03-11 10:35:00+05:30,1917.45,1918.65,1916.9,1918.55,15317,KOTAKBANK
3692,2025-03-11 10:40:00+05:30,1918.65,1920.0,1918.55,1920.0,14302,KOTAKBANK
3693,2025-03-11 10:45:00+05:30,1919.85,1921.3,1918.1,1918.95,23288,KOTAKBANK
3694,2025-03-11 10:50:00+05:30,1918.9,1919.0,1916.95,1917.25,17679,KOTAKBANK
3695,2025-03-11 10:55:00+05:30,1917.1,1919.7,1917.0,1918.15,12923,KOTAKBANK
3696,2025-03-11 11:00:00+05:30,1918.2,1925.85,1918.15,1924.0,144972,KOTAKBANK
3697,2025-03-11 11:05:00+05:30,1923.6,1926.4,1918.55,1919.7,52919,KOTAKBANK
3698,2025-03-11 11:10:00+05:30,1919.7,1919.95,1918.15,1919.8,10888,KOTAKBANK
3699,2025-03-11 11:15:00+05:30,1919.75,1919.8,1918.7,1919.15,19398,KOTAKBANK
3700,2025-03-11 11:20:00+05:30,1919.15,1919.95,1918.35,1919.45,10760,KOTAKBANK
3701,2025-03-11 11:25:00+05:30,1919.35,1920.0,1918.9,1919.95,30785,KOTAKBANK
3702,2025-03-11 11:30:00+05:30,1919.95,1923.35,1919.8,1922.5,29603,KOTAKBANK
3703,2025-03-11 11:35:00+05:30,1922.45,1925.45,1922.45,1924.7,19198,KOTAKBANK
3704,2025-03-11 11:40:00+05:30,1924.7,1925.9,1924.7,1925.9,18262,KOTAKBANK
3705,2025-03-11 11:45:00+05:30,1925.8,1928.75,1925.45,1927.35,17031,KOTAKBANK
3706,2025-03-11 11:50:00+05:30,1927.4,1929.75,1927.35,1929.6,11551,KOTAKBANK
3707,2025-03-11 11:55:00+05:30,1929.45,1929.65,1928.3,1929.1,25901,KOTAKBANK
3708,2025-03-11 12:00:00+05:30,1929.05,1929.25,1928.2,1928.6,25535,KOTAKBANK
3709,2025-03-11 12:05:00+05:30,1928.5,1928.85,1926.55,1927.75,12703,KOTAKBANK
3710,2025-03-11 12:10:00+05:30,1927.85,1927.9,1925.0,1925.5,14356,KOTAKBANK
3711,2025-03-11 12:15:00+05:30,1925.35,1927.0,1924.75,1926.95,20715,KOTAKBANK
3712,2025-03-11 12:20:00+05:30,1927.0,1929.1,1926.85,1928.9,31780,KOTAKBANK
3713,2025-03-11 12:25:00+05:30,1928.9,1931.75,1928.8,1931.55,28746,KOTAKBANK
3714,2025-03-11 12:30:00+05:30,1931.5,1931.8,1929.15,1931.55,20018,KOTAKBANK
3715,2025-03-11 12:35:00+05:30,1931.6,1932.0,1931.3,1931.9,18541,KOTAKBANK
3716,2025-03-11 12:40:00+05:30,1931.8,1931.95,1930.75,1930.75,22975,KOTAKBANK
3717,2025-03-11 12:45:00+05:30,1930.7,1930.85,1929.0,1929.05,21095,KOTAKBANK
3718,2025-03-11 12:50:00+05:30,1929.5,1930.2,1929.2,1929.75,19613,KOTAKBANK
3719,2025-03-11 12:55:00+05:30,1929.75,1929.85,1928.7,1929.8,19627,KOTAKBANK
3720,2025-03-11 13:00:00+05:30,1929.85,1930.0,1928.35,1929.3,22426,KOTAKBANK
3721,2025-03-11 13:05:00+05:30,1929.35,1929.35,1926.65,1927.45,26637,KOTAKBANK
3722,2025-03-11 13:10:00+05:30,1927.45,1929.8,1927.45,1929.8,21246,KOTAKBANK
3723,2025-03-11 13:15:00+05:30,1929.75,1930.0,1928.65,1929.45,25630,KOTAKBANK
3724,2025-03-11 13:20:00+05:30,1929.45,1929.85,1928.95,1929.35,20843,KOTAKBANK
3725,2025-03-11 13:25:00+05:30,1929.45,1932.4,1928.6,1931.95,39865,KOTAKBANK
3726,2025-03-11 13:30:00+05:30,1932.0,1933.75,1931.0,1932.45,50683,KOTAKBANK
3727,2025-03-11 13:35:00+05:30,1932.5,1935.15,1932.4,1935.0,41814,KOTAKBANK
3728,2025-03-11 13:40:00+05:30,1934.95,1936.8,1934.9,1935.0,37812,KOTAKBANK
3729,2025-03-11 13:45:00+05:30,1935.2,1935.5,1934.25,1935.0,23239,KOTAKBANK
3730,2025-03-11 13:50:00+05:30,1935.05,1937.05,1934.55,1936.65,21481,KOTAKBANK
3731,2025-03-11 13:55:00+05:30,1936.65,1942.75,1936.65,1940.05,33555,KOTAKBANK
3732,2025-03-11 14:00:00+05:30,1940.95,1941.4,1938.25,1940.95,37730,KOTAKBANK
3733,2025-03-11 14:05:00+05:30,1941.0,1944.0,1940.7,1941.35,35458,KOTAKBANK
3734,2025-03-11 14:10:00+05:30,1941.35,1943.05,1939.85,1941.85,40577,KOTAKBANK
3735,2025-03-11 14:15:00+05:30,1941.85,1942.0,1939.75,1940.5,26401,KOTAKBANK
3736,2025-03-11 14:20:00+05:30,1940.5,1941.8,1939.8,1941.5,36314,KOTAKBANK
3737,2025-03-11 14:25:00+05:30,1941.8,1941.95,1938.2,1938.35,44107,KOTAKBANK
3738,2025-03-11 14:30:00+05:30,1938.35,1939.1,1935.8,1938.7,36451,KOTAKBANK
3739,2025-03-11 14:35:00+05:30,1938.65,1939.95,1936.7,1936.75,45153,KOTAKBANK
3740,2025-03-11 14:40:00+05:30,1936.7,1937.0,1934.75,1937.0,28547,KOTAKBANK
3741,2025-03-11 14:45:00+05:30,1936.95,1938.45,1936.5,1936.5,39758,KOTAKBANK
3742,2025-03-11 14:50:00+05:30,1936.2,1936.95,1933.5,1933.5,40172,KOTAKBANK
3743,2025-03-11 14:55:00+05:30,1933.5,1935.75,1933.5,1934.95,36289,KOTAKBANK
3744,2025-03-11 15:00:00+05:30,1934.95,1936.8,1934.2,1936.6,110485,KOTAKBANK
3745,2025-03-11 15:05:00+05:30,1936.45,1936.45,1933.2,1933.75,108610,KOTAKBANK
3746,2025-03-11 15:10:00+05:30,1933.8,1935.0,1931.9,1934.6,82089,KOTAKBANK
3747,2025-03-11 15:15:00+05:30,1934.5,1936.8,1934.45,1936.45,97536,KOTAKBANK
3748,2025-03-11 15:20:00+05:30,1936.45,1937.0,1935.0,1935.15,91322,KOTAKBANK
3749,2025-03-11 15:25:00+05:30,1935.15,1938.6,1934.1,1937.95,67238,KOTAKBANK
3750,2025-03-12 09:15:00+05:30,1940.0,1957.25,1938.0,1949.8,130263,KOTAKBANK
3751,2025-03-12 09:20:00+05:30,1949.9,1961.9,1948.1,1961.3,125399,KOTAKBANK
3752,2025-03-12 09:25:00+05:30,1961.05,1961.7,1955.2,1961.2,99614,KOTAKBANK
3753,2025-03-12 09:30:00+05:30,1960.9,1966.7,1959.5,1966.55,159824,KOTAKBANK
3754,2025-03-12 09:35:00+05:30,1966.75,1969.95,1965.0,1965.95,109693,KOTAKBANK
3755,2025-03-12 09:40:00+05:30,1965.9,1969.55,1964.85,1967.35,78619,KOTAKBANK
3756,2025-03-12 09:45:00+05:30,1967.35,1970.9,1965.0,1970.2,72007,KOTAKBANK
3757,2025-03-12 09:50:00+05:30,1971.1,1974.35,1970.2,1971.1,81495,KOTAKBANK
3758,2025-03-12 09:55:00+05:30,1971.3,1976.15,1970.0,1974.8,74440,KOTAKBANK
3759,2025-03-12 10:00:00+05:30,1973.2,1974.35,1970.15,1971.85,50626,KOTAKBANK
3760,2025-03-12 10:05:00+05:30,1971.8,1975.0,1970.0,1974.45,41652,KOTAKBANK
3761,2025-03-12 10:10:00+05:30,1974.4,1979.2,1973.85,1977.6,75088,KOTAKBANK
3762,2025-03-12 10:15:00+05:30,1977.6,1983.0,1977.0,1981.05,88816,KOTAKBANK
3763,2025-03-12 10:20:00+05:30,1981.15,1984.9,1979.0,1984.35,81334,KOTAKBANK
3764,2025-03-12 10:25:00+05:30,1984.3,1985.2,1979.95,1983.0,168005,KOTAKBANK
3765,2025-03-12 10:30:00+05:30,1982.55,1989.7,1981.55,1989.5,197502,KOTAKBANK
3766,2025-03-12 10:35:00+05:30,1989.9,1994.35,1989.3,1994.1,184155,KOTAKBANK
3767,2025-03-12 10:40:00+05:30,1993.85,1997.7,1993.85,1995.05,184491,KOTAKBANK
3768,2025-03-12 10:45:00+05:30,1994.6,1996.45,1986.15,1986.65,177537,KOTAKBANK
3769,2025-03-12 10:50:00+05:30,1986.7,1989.3,1984.75,1987.95,123578,KOTAKBANK
3770,2025-03-12 10:55:00+05:30,1987.75,1991.95,1987.0,1989.75,80528,KOTAKBANK
3771,2025-03-12 11:00:00+05:30,1989.75,1990.0,1988.5,1989.1,52233,KOTAKBANK
3772,2025-03-12 11:05:00+05:30,1989.1,1992.7,1989.0,1992.4,78102,KOTAKBANK
3773,2025-03-12 11:10:00+05:30,1992.5,1997.0,1992.4,1995.4,114132,KOTAKBANK
3774,2025-03-12 11:15:00+05:30,1995.1,1995.85,1990.15,1990.65,69112,KOTAKBANK
3775,2025-03-12 11:20:00+05:30,1990.6,1990.95,1988.05,1988.65,52461,KOTAKBANK
3776,2025-03-12 11:25:00+05:30,1988.7,1989.05,1985.6,1985.85,275854,KOTAKBANK
3777,2025-03-12 11:30:00+05:30,1985.9,1986.2,1981.2,1984.9,95949,KOTAKBANK
3778,2025-03-12 11:35:00+05:30,1984.6,1984.85,1978.0,1979.05,86848,KOTAKBANK
3779,2025-03-12 11:40:00+05:30,1979.3,1979.3,1976.1,1977.75,54933,KOTAKBANK
3780,2025-03-12 11:45:00+05:30,1977.5,1979.8,1974.6,1974.6,86048,KOTAKBANK
3781,2025-03-12 11:50:00+05:30,1974.0,1977.55,1973.55,1977.1,36783,KOTAKBANK
3782,2025-03-12 11:55:00+05:30,1977.1,1979.05,1973.45,1974.2,57317,KOTAKBANK
3783,2025-03-12 12:00:00+05:30,1974.25,1978.15,1974.05,1976.85,241074,KOTAKBANK
3784,2025-03-12 12:05:00+05:30,1976.85,1982.8,1976.8,1981.2,110844,KOTAKBANK
3785,2025-03-12 12:10:00+05:30,1981.55,1983.95,1981.05,1983.95,47972,KOTAKBANK
3786,2025-03-12 12:15:00+05:30,1983.95,1984.0,1982.0,1982.5,57664,KOTAKBANK
3787,2025-03-12 12:20:00+05:30,1982.45,1987.4,1981.95,1985.15,200073,KOTAKBANK
3788,2025-03-12 12:25:00+05:30,1985.15,1985.6,1981.35,1982.2,59963,KOTAKBANK
3789,2025-03-12 12:30:00+05:30,1982.15,1983.65,1981.0,1981.95,86175,KOTAKBANK
3790,2025-03-12 12:35:00+05:30,1981.95,1983.1,1981.0,1981.15,46993,KOTAKBANK
3791,2025-03-12 12:40:00+05:30,1981.15,1981.75,1978.8,1981.6,75838,KOTAKBANK
3792,2025-03-12 12:45:00+05:30,1981.6,1983.5,1980.35,1981.45,53056,KOTAKBANK
3793,2025-03-12 12:50:00+05:30,1981.45,1983.0,1981.05,1983.0,34300,KOTAKBANK
3794,2025-03-12 12:55:00+05:30,1983.0,1983.65,1982.15,1982.55,33385,KOTAKBANK
3795,2025-03-12 13:00:00+05:30,1982.6,1982.85,1980.7,1982.65,33816,KOTAKBANK
3796,2025-03-12 13:05:00+05:30,1982.55,1983.0,1981.3,1982.65,44078,KOTAKBANK
3797,2025-03-12 13:10:00+05:30,1981.75,1982.9,1980.7,1982.05,39474,KOTAKBANK
3798,2025-03-12 13:15:00+05:30,1982.05,1982.55,1980.55,1980.85,54233,KOTAKBANK
3799,2025-03-12 13:20:00+05:30,1980.9,1982.75,1979.9,1982.3,89723,KOTAKBANK
3800,2025-03-12 13:25:00+05:30,1982.5,1983.15,1980.0,1980.35,72482,KOTAKBANK
3801,2025-03-12 13:30:00+05:30,1980.35,1981.25,1979.9,1980.1,72657,KOTAKBANK
3802,2025-03-12 13:35:00+05:30,1980.2,1983.65,1979.25,1982.45,91003,KOTAKBANK
3803,2025-03-12 13:40:00+05:30,1982.6,1984.2,1982.0,1984.2,118031,KOTAKBANK
3804,2025-03-12 13:45:00+05:30,1984.2,1986.0,1983.6,1985.95,57051,KOTAKBANK
3805,2025-03-12 13:50:00+05:30,1986.0,1986.95,1982.55,1983.45,54856,KOTAKBANK
3806,2025-03-12 13:55:00+05:30,1983.45,1985.05,1983.0,1984.1,43616,KOTAKBANK
3807,2025-03-12 14:00:00+05:30,1984.1,1985.75,1984.05,1984.45,37239,KOTAKBANK
3808,2025-03-12 14:05:00+05:30,1985.0,1985.35,1982.9,1984.25,45156,KOTAKBANK
3809,2025-03-12 14:10:00+05:30,1984.45,1985.95,1983.1,1984.05,46976,KOTAKBANK
3810,2025-03-12 14:15:00+05:30,1984.0,1986.15,1982.65,1986.0,53079,KOTAKBANK
3811,2025-03-12 14:20:00+05:30,1986.1,1986.1,1982.5,1983.35,53005,KOTAKBANK
3812,2025-03-12 14:25:00+05:30,1983.45,1984.0,1982.85,1983.15,43751,KOTAKBANK
3813,2025-03-12 14:30:00+05:30,1983.15,1983.85,1981.4,1982.2,51992,KOTAKBANK
3814,2025-03-12 14:35:00+05:30,1982.35,1984.3,1982.15,1983.1,64430,KOTAKBANK
3815,2025-03-12 14:40:00+05:30,1983.1,1984.2,1982.3,1982.3,54024,KOTAKBANK
3816,2025-03-12 14:45:00+05:30,1982.35,1984.5,1981.3,1983.6,64636,KOTAKBANK
3817,2025-03-12 14:50:00+05:30,1983.65,1984.45,1983.25,1983.25,51677,KOTAKBANK
3818,2025-03-12 14:55:00+05:30,1983.25,1983.95,1982.75,1983.85,54475,KOTAKBANK
3819,2025-03-12 15:00:00+05:30,1983.85,1985.65,1981.05,1982.0,122998,KOTAKBANK
3820,2025-03-12 15:05:00+05:30,1982.0,1983.5,1981.3,1983.3,111588,KOTAKBANK
3821,2025-03-12 15:10:00+05:30,1983.35,1983.65,1981.95,1982.55,122694,KOTAKBANK
3822,2025-03-12 15:15:00+05:30,1982.6,1983.15,1981.5,1982.45,160642,KOTAKBANK
3823,2025-03-12 15:20:00+05:30,1982.5,1983.0,1981.9,1982.5,135674,KOTAKBANK
3824,2025-03-12 15:25:00+05:30,1982.45,1982.6,1977.5,1980.0,111543,KOTAKBANK
3825,2025-03-13 09:15:00+05:30,1975.7,1978.95,1969.55,1977.95,125729,KOTAKBANK
3826,2025-03-13 09:20:00+05:30,1977.9,1983.35,1977.9,1981.15,61432,KOTAKBANK
3827,2025-03-13 09:25:00+05:30,1981.4,1982.55,1977.95,1978.3,55972,KOTAKBANK
3828,2025-03-13 09:30:00+05:30,1978.3,1983.45,1977.2,1982.15,97610,KOTAKBANK
3829,2025-03-13 09:35:00+05:30,1981.15,1984.9,1981.15,1984.65,38384,KOTAKBANK
3830,2025-03-13 09:40:00+05:30,1984.35,1987.85,1984.35,1987.0,157142,KOTAKBANK
3831,2025-03-13 09:45:00+05:30,1987.0,1988.5,1986.75,1987.0,67148,KOTAKBANK
3832,2025-03-13 09:50:00+05:30,1987.0,1987.05,1980.65,1983.1,81114,KOTAKBANK
3833,2025-03-13 09:55:00+05:30,1983.55,1985.65,1983.1,1985.5,82551,KOTAKBANK
3834,2025-03-13 10:00:00+05:30,1985.5,1985.5,1982.3,1983.5,113318,KOTAKBANK
3835,2025-03-13 10:05:00+05:30,1983.8,1983.8,1980.6,1983.55,51219,KOTAKBANK
3836,2025-03-13 10:10:00+05:30,1983.85,1984.45,1982.2,1982.85,31551,KOTAKBANK
3837,2025-03-13 10:15:00+05:30,1983.25,1985.2,1982.8,1983.8,19349,KOTAKBANK
3838,2025-03-13 10:20:00+05:30,1983.9,1985.0,1980.25,1980.3,162297,KOTAKBANK
3839,2025-03-13 10:25:00+05:30,1979.95,1980.3,1973.0,1974.65,48845,KOTAKBANK
3840,2025-03-13 10:30:00+05:30,1974.6,1982.0,1974.55,1979.95,40568,KOTAKBANK
3841,2025-03-13 10:35:00+05:30,1978.3,1982.1,1977.0,1981.35,27868,KOTAKBANK
3842,2025-03-13 10:40:00+05:30,1982.0,1984.25,1981.15,1983.0,41448,KOTAKBANK
3843,2025-03-13 10:45:00+05:30,1983.0,1984.25,1982.65,1983.05,42148,KOTAKBANK
3844,2025-03-13 10:50:00+05:30,1983.05,1984.2,1981.8,1984.2,37008,KOTAKBANK
3845,2025-03-13 10:55:00+05:30,1984.2,1985.25,1983.9,1985.05,51385,KOTAKBANK
3846,2025-03-13 11:00:00+05:30,1984.4,1984.45,1982.0,1982.5,38742,KOTAKBANK
3847,2025-03-13 11:05:00+05:30,1982.5,1984.8,1982.15,1984.45,23769,KOTAKBANK
3848,2025-03-13 11:10:00+05:30,1984.45,1988.0,1984.45,1987.3,37845,KOTAKBANK
3849,2025-03-13 11:15:00+05:30,1987.3,1988.95,1984.5,1985.15,75139,KOTAKBANK
3850,2025-03-13 11:20:00+05:30,1985.1,1985.1,1983.75,1984.55,27747,KOTAKBANK
3851,2025-03-13 11:25:00+05:30,1984.5,1984.6,1983.85,1983.9,27026,KOTAKBANK
3852,2025-03-13 11:30:00+05:30,1983.8,1985.95,1983.8,1985.85,19613,KOTAKBANK
3853,2025-03-13 11:35:00+05:30,1985.95,1985.95,1982.95,1982.95,53043,KOTAKBANK
3854,2025-03-13 11:40:00+05:30,1982.5,1983.75,1981.15,1983.15,170225,KOTAKBANK
3855,2025-03-13 11:45:00+05:30,1983.15,1983.4,1980.1,1980.3,54287,KOTAKBANK
3856,2025-03-13 11:50:00+05:30,1980.1,1980.8,1978.05,1978.35,38145,KOTAKBANK
3857,2025-03-13 11:55:00+05:30,1978.3,1982.6,1978.15,1982.05,40139,KOTAKBANK
3858,2025-03-13 12:00:00+05:30,1982.0,1985.05,1981.25,1984.35,28137,KOTAKBANK
3859,2025-03-13 12:05:00+05:30,1984.55,1985.8,1983.4,1984.0,59572,KOTAKBANK
3860,2025-03-13 12:10:00+05:30,1984.0,1984.9,1983.65,1984.5,29375,KOTAKBANK
3861,2025-03-13 12:15:00+05:30,1984.5,1984.95,1983.3,1984.0,32849,KOTAKBANK
3862,2025-03-13 12:20:00+05:30,1984.0,1984.0,1983.0,1983.6,24435,KOTAKBANK
3863,2025-03-13 12:25:00+05:30,1984.0,1984.5,1983.05,1984.0,37491,KOTAKBANK
3864,2025-03-13 12:30:00+05:30,1983.6,1984.8,1983.6,1983.6,35899,KOTAKBANK
3865,2025-03-13 12:35:00+05:30,1983.55,1985.0,1983.05,1984.5,33318,KOTAKBANK
3866,2025-03-13 12:40:00+05:30,1984.45,1984.95,1983.85,1984.8,36451,KOTAKBANK
3867,2025-03-13 12:45:00+05:30,1984.8,1985.8,1983.3,1983.75,35312,KOTAKBANK
3868,2025-03-13 12:50:00+05:30,1983.8,1984.05,1983.45,1984.0,26639,KOTAKBANK
3869,2025-03-13 12:55:00+05:30,1983.9,1985.7,1983.9,1984.45,31155,KOTAKBANK
3870,2025-03-13 13:00:00+05:30,1984.45,1985.15,1984.35,1984.65,31461,KOTAKBANK
3871,2025-03-13 13:05:00+05:30,1984.65,1984.8,1983.15,1983.85,38887,KOTAKBANK
3872,2025-03-13 13:10:00+05:30,1983.75,1984.5,1983.35,1983.6,35052,KOTAKBANK
3873,2025-03-13 13:15:00+05:30,1983.6,1984.0,1983.15,1983.8,39149,KOTAKBANK
3874,2025-03-13 13:20:00+05:30,1983.8,1984.0,1983.35,1984.0,32574,KOTAKBANK
3875,2025-03-13 13:25:00+05:30,1983.95,1985.0,1983.8,1984.35,52232,KOTAKBANK
3876,2025-03-13 13:30:00+05:30,1984.35,1985.95,1984.2,1985.6,36902,KOTAKBANK
3877,2025-03-13 13:35:00+05:30,1985.6,1985.9,1984.6,1985.2,34363,KOTAKBANK
3878,2025-03-13 13:40:00+05:30,1985.4,1985.95,1985.2,1985.6,42611,KOTAKBANK
3879,2025-03-13 13:45:00+05:30,1985.6,1987.45,1985.6,1987.0,49594,KOTAKBANK
3880,2025-03-13 13:50:00+05:30,1987.0,1992.95,1986.9,1991.95,75550,KOTAKBANK
3881,2025-03-13 13:55:00+05:30,1991.95,1993.35,1989.1,1989.3,103885,KOTAKBANK
3882,2025-03-13 14:00:00+05:30,1989.35,1989.95,1987.65,1987.75,55898,KOTAKBANK
3883,2025-03-13 14:05:00+05:30,1987.65,1991.0,1987.65,1990.7,38355,KOTAKBANK
3884,2025-03-13 14:10:00+05:30,1990.6,1990.85,1988.0,1988.75,47188,KOTAKBANK
3885,2025-03-13 14:15:00+05:30,1988.95,1990.0,1987.85,1988.15,43644,KOTAKBANK
3886,2025-03-13 14:20:00+05:30,1988.15,1989.8,1988.15,1989.0,42599,KOTAKBANK
3887,2025-03-13 14:25:00+05:30,1988.55,1991.5,1988.2,1990.2,68448,KOTAKBANK
3888,2025-03-13 14:30:00+05:30,1990.15,1991.2,1989.4,1989.4,76654,KOTAKBANK
3889,2025-03-13 14:35:00+05:30,1989.9,1991.35,1989.4,1990.5,111389,KOTAKBANK
3890,2025-03-13 14:40:00+05:30,1990.45,1990.95,1989.25,1990.0,116441,KOTAKBANK
3891,2025-03-13 14:45:00+05:30,1990.0,1990.2,1985.65,1986.3,113897,KOTAKBANK
3892,2025-03-13 14:50:00+05:30,1986.3,1987.45,1985.75,1986.45,90057,KOTAKBANK
3893,2025-03-13 14:55:00+05:30,1986.45,1987.35,1986.15,1986.25,87092,KOTAKBANK
3894,2025-03-13 15:00:00+05:30,1986.2,1986.25,1983.95,1985.7,167331,KOTAKBANK
3895,2025-03-13 15:05:00+05:30,1985.7,1986.8,1985.6,1986.4,110446,KOTAKBANK
3896,2025-03-13 15:10:00+05:30,1986.4,1986.75,1983.85,1984.0,192907,KOTAKBANK
3897,2025-03-13 15:15:00+05:30,1983.95,1985.9,1983.95,1985.8,175839,KOTAKBANK
3898,2025-03-13 15:20:00+05:30,1985.8,1987.05,1984.5,1984.6,181479,KOTAKBANK
3899,2025-03-13 15:25:00+05:30,1984.6,1985.8,1983.0,1984.0,164867,KOTAKBANK
3900,2025-03-17 09:15:00+05:30,1980.1,1984.65,1974.25,1981.3,140169,KOTAKBANK
3901,2025-03-17 09:20:00+05:30,1981.25,1986.45,1981.1,1984.0,74447,KOTAKBANK
3902,2025-03-17 09:25:00+05:30,1984.5,1987.65,1983.8,1984.3,46230,KOTAKBANK
3903,2025-03-17 09:30:00+05:30,1983.95,1990.4,1983.8,1987.6,49534,KOTAKBANK
3904,2025-03-17 09:35:00+05:30,1988.1,1993.0,1987.45,1990.75,55811,KOTAKBANK
3905,2025-03-17 09:40:00+05:30,1991.25,1991.85,1988.65,1990.8,37723,KOTAKBANK
3906,2025-03-17 09:45:00+05:30,1990.75,1993.9,1990.35,1993.0,31366,KOTAKBANK
3907,2025-03-17 09:50:00+05:30,1993.15,1995.45,1992.6,1994.25,39736,KOTAKBANK
3908,2025-03-17 09:55:00+05:30,1994.25,1996.0,1992.8,1995.75,45673,KOTAKBANK
3909,2025-03-17 10:00:00+05:30,1995.45,1996.95,1994.85,1996.9,29425,KOTAKBANK
3910,2025-03-17 10:05:00+05:30,1996.9,1998.85,1995.0,1995.8,44391,KOTAKBANK
3911,2025-03-17 10:10:00+05:30,1995.8,1996.6,1992.85,1993.75,37151,KOTAKBANK
3912,2025-03-17 10:15:00+05:30,1993.8,1995.0,1991.7,1994.55,28694,KOTAKBANK
3913,2025-03-17 10:20:00+05:30,1995.0,1997.05,1994.5,1996.75,27879,KOTAKBANK
3914,2025-03-17 10:25:00+05:30,1996.75,1997.25,1994.4,1995.3,22328,KOTAKBANK
3915,2025-03-17 10:30:00+05:30,1995.45,1995.7,1993.3,1994.2,17711,KOTAKBANK
3916,2025-03-17 10:35:00+05:30,1993.95,1994.8,1992.9,1992.9,17540,KOTAKBANK
3917,2025-03-17 10:40:00+05:30,1992.9,1993.9,1990.9,1992.0,26789,KOTAKBANK
3918,2025-03-17 10:45:00+05:30,1992.05,1993.8,1992.0,1992.6,37340,KOTAKBANK
3919,2025-03-17 10:50:00+05:30,1992.7,1993.2,1990.55,1991.65,42600,KOTAKBANK
3920,2025-03-17 10:55:00+05:30,1991.75,1992.9,1991.65,1992.05,15663,KOTAKBANK
3921,2025-03-17 11:00:00+05:30,1992.05,1993.0,1992.0,1992.7,15605,KOTAKBANK
3922,2025-03-17 11:05:00+05:30,1992.7,1993.7,1992.35,1993.4,14353,KOTAKBANK
3923,2025-03-17 11:10:00+05:30,1993.35,1993.6,1989.0,1989.9,22272,KOTAKBANK
3924,2025-03-17 11:15:00+05:30,1989.95,1991.55,1989.45,1990.5,20185,KOTAKBANK
3925,2025-03-17 11:20:00+05:30,1990.75,1991.45,1989.7,1991.2,16893,KOTAKBANK
3926,2025-03-17 11:25:00+05:30,1991.3,1992.1,1990.8,1991.85,17181,KOTAKBANK
3927,2025-03-17 11:30:00+05:30,1991.9,1992.55,1990.65,1991.3,21407,KOTAKBANK
3928,2025-03-17 11:35:00+05:30,1991.35,1993.9,1990.5,1993.5,19246,KOTAKBANK
3929,2025-03-17 11:40:00+05:30,1993.45,1994.0,1992.0,1992.55,20097,KOTAKBANK
3930,2025-03-17 11:45:00+05:30,1992.55,1992.95,1992.0,1992.45,15998,KOTAKBANK
3931,2025-03-17 11:50:00+05:30,1992.5,1992.7,1990.95,1991.4,18873,KOTAKBANK
3932,2025-03-17 11:55:00+05:30,1991.45,1992.85,1990.25,1992.7,26426,KOTAKBANK
3933,2025-03-17 12:00:00+05:30,1992.8,1994.15,1991.65,1994.0,37204,KOTAKBANK
3934,2025-03-17 12:05:00+05:30,1994.0,1995.0,1993.5,1993.8,24245,KOTAKBANK
3935,2025-03-17 12:10:00+05:30,1993.85,1993.85,1992.25,1993.1,18176,KOTAKBANK
3936,2025-03-17 12:15:00+05:30,1993.1,1993.4,1992.35,1993.35,16620,KOTAKBANK
3937,2025-03-17 12:20:00+05:30,1993.4,1993.5,1991.3,1991.6,27812,KOTAKBANK
3938,2025-03-17 12:25:00+05:30,1991.75,1993.35,1990.35,1993.15,27815,KOTAKBANK
3939,2025-03-17 12:30:00+05:30,1992.95,1993.25,1992.35,1992.65,24303,KOTAKBANK
3940,2025-03-17 12:35:00+05:30,1992.75,1995.0,1992.6,1994.9,20600,KOTAKBANK
3941,2025-03-17 12:40:00+05:30,1994.95,1996.05,1994.5,1995.0,41449,KOTAKBANK
3942,2025-03-17 12:45:00+05:30,1995.0,1995.45,1991.2,1991.2,34040,KOTAKBANK
3943,2025-03-17 12:50:00+05:30,1991.25,1992.4,1990.2,1991.75,23074,KOTAKBANK
3944,2025-03-17 12:55:00+05:30,1991.8,1992.5,1991.0,1991.3,22570,KOTAKBANK
3945,2025-03-17 13:00:00+05:30,1991.65,1992.25,1988.5,1989.65,28839,KOTAKBANK
3946,2025-03-17 13:05:00+05:30,1989.0,1989.85,1986.65,1989.55,34322,KOTAKBANK
3947,2025-03-17 13:10:00+05:30,1989.55,1992.0,1989.5,1991.95,29995,KOTAKBANK
3948,2025-03-17 13:15:00+05:30,1991.95,1992.0,1989.85,1990.05,30094,KOTAKBANK
3949,2025-03-17 13:20:00+05:30,1990.3,1991.0,1989.4,1990.8,25072,KOTAKBANK
3950,2025-03-17 13:25:00+05:30,1990.65,1992.45,1990.35,1992.0,40966,KOTAKBANK
3951,2025-03-17 13:30:00+05:30,1992.0,1992.0,1990.1,1991.1,34900,KOTAKBANK
3952,2025-03-17 13:35:00+05:30,1991.1,1991.3,1988.8,1989.7,27121,KOTAKBANK
3953,2025-03-17 13:40:00+05:30,1989.55,1990.0,1987.9,1989.95,22863,KOTAKBANK
3954,2025-03-17 13:45:00+05:30,1989.95,1990.0,1987.9,1988.4,31801,KOTAKBANK
3955,2025-03-17 13:50:00+05:30,1988.4,1989.75,1986.5,1988.4,67908,KOTAKBANK
3956,2025-03-17 13:55:00+05:30,1988.4,1991.25,1988.1,1991.05,251461,KOTAKBANK
3957,2025-03-17 14:00:00+05:30,1990.65,1991.75,1989.9,1990.95,38321,KOTAKBANK
3958,2025-03-17 14:05:00+05:30,1990.9,1994.5,1989.9,1994.35,40536,KOTAKBANK
3959,2025-03-17 14:10:00+05:30,1994.3,1995.25,1992.65,1994.45,43958,KOTAKBANK
3960,2025-03-17 14:15:00+05:30,1994.95,1995.5,1994.25,1995.05,36429,KOTAKBANK
3961,2025-03-17 14:20:00+05:30,1995.1,1995.4,1993.6,1995.0,40688,KOTAKBANK
3962,2025-03-17 14:25:00+05:30,1995.2,1995.35,1991.05,1993.3,95913,KOTAKBANK
3963,2025-03-17 14:30:00+05:30,1993.45,1994.95,1992.05,1993.95,78955,KOTAKBANK
3964,2025-03-17 14:35:00+05:30,1994.15,1995.7,1993.65,1993.65,59045,KOTAKBANK
3965,2025-03-17 14:40:00+05:30,1994.05,1994.5,1992.25,1993.8,47223,KOTAKBANK
3966,2025-03-17 14:45:00+05:30,1993.95,1994.0,1990.85,1992.1,51578,KOTAKBANK
3967,2025-03-17 14:50:00+05:30,1992.15,1993.25,1990.9,1992.3,49178,KOTAKBANK
3968,2025-03-17 14:55:00+05:30,1992.4,1993.1,1991.9,1992.0,49640,KOTAKBANK
3969,2025-03-17 15:00:00+05:30,1992.1,1992.55,1991.1,1991.25,88080,KOTAKBANK
3970,2025-03-17 15:05:00+05:30,1991.35,1992.0,1990.95,1991.95,61345,KOTAKBANK
3971,2025-03-17 15:10:00+05:30,1991.95,1994.0,1991.6,1993.8,78541,KOTAKBANK
3972,2025-03-17 15:15:00+05:30,1993.8,1995.05,1992.95,1995.0,83228,KOTAKBANK
3973,2025-03-17 15:20:00+05:30,1995.05,1995.1,1992.8,1993.75,96309,KOTAKBANK
3974,2025-03-17 15:25:00+05:30,1993.65,1995.0,1990.35,1995.0,74133,KOTAKBANK
3975,2025-03-18 09:15:00+05:30,2000.0,2009.65,1993.1,2003.15,215014,KOTAKBANK
3976,2025-03-18 09:20:00+05:30,2003.1,2004.8,1995.05,1997.35,87454,KOTAKBANK
3977,2025-03-18 09:25:00+05:30,1996.55,1998.9,1994.0,1994.35,59154,KOTAKBANK
3978,2025-03-18 09:30:00+05:30,1994.15,1997.2,1992.65,1994.25,47954,KOTAKBANK
3979,2025-03-18 09:35:00+05:30,1994.15,1999.35,1994.15,1997.85,59939,KOTAKBANK
3980,2025-03-18 09:40:00+05:30,1997.85,2000.0,1992.95,1993.2,36890,KOTAKBANK
3981,2025-03-18 09:45:00+05:30,1993.1,1995.0,1988.6,1995.0,48873,KOTAKBANK
3982,2025-03-18 09:50:00+05:30,1995.0,1996.35,1992.75,1994.2,34264,KOTAKBANK
3983,2025-03-18 09:55:00+05:30,1994.3,1995.75,1990.8,1995.65,28615,KOTAKBANK
3984,2025-03-18 10:00:00+05:30,1995.65,2002.85,1995.3,2001.8,69049,KOTAKBANK
3985,2025-03-18 10:05:00+05:30,2001.15,2005.85,1999.9,2005.85,100286,KOTAKBANK
3986,2025-03-18 10:10:00+05:30,2005.9,2006.7,2002.15,2003.65,53649,KOTAKBANK
3987,2025-03-18 10:15:00+05:30,2004.05,2006.2,2003.25,2006.2,36980,KOTAKBANK
3988,2025-03-18 10:20:00+05:30,2006.2,2007.5,2006.0,2007.1,42317,KOTAKBANK
3989,2025-03-18 10:25:00+05:30,2007.0,2008.3,2005.6,2008.2,43520,KOTAKBANK
3990,2025-03-18 10:30:00+05:30,2008.3,2009.0,2007.8,2008.55,42885,KOTAKBANK
3991,2025-03-18 10:35:00+05:30,2008.55,2008.55,2005.55,2008.0,35170,KOTAKBANK
3992,2025-03-18 10:40:00+05:30,2008.0,2011.95,2007.2,2011.8,108481,KOTAKBANK
3993,2025-03-18 10:45:00+05:30,2011.8,2015.0,2010.0,2014.45,67775,KOTAKBANK
3994,2025-03-18 10:50:00+05:30,2014.45,2018.2,2013.7,2016.0,124248,KOTAKBANK
3995,2025-03-18 10:55:00+05:30,2015.6,2017.4,2015.0,2016.4,66559,KOTAKBANK
3996,2025-03-18 11:00:00+05:30,2016.45,2019.0,2015.75,2018.15,66112,KOTAKBANK
3997,2025-03-18 11:05:00+05:30,2018.1,2018.15,2011.85,2013.65,38779,KOTAKBANK
3998,2025-03-18 11:10:00+05:30,2013.9,2014.85,2012.25,2013.95,42218,KOTAKBANK
3999,2025-03-18 11:15:00+05:30,2013.95,2016.1,2013.9,2015.95,20240,KOTAKBANK
4000,2025-03-18 11:20:00+05:30,2015.95,2016.0,2015.0,2015.65,20103,KOTAKBANK
4001,2025-03-18 11:25:00+05:30,2015.65,2016.9,2013.15,2016.3,24203,KOTAKBANK
4002,2025-03-18 11:30:00+05:30,2016.55,2017.6,2016.15,2017.35,28185,KOTAKBANK
4003,2025-03-18 11:35:00+05:30,2017.35,2018.0,2016.05,2016.55,24239,KOTAKBANK
4004,2025-03-18 11:40:00+05:30,2016.55,2017.5,2013.85,2015.45,38683,KOTAKBANK
4005,2025-03-18 11:45:00+05:30,2015.05,2017.55,2015.05,2017.25,50968,KOTAKBANK
4006,2025-03-18 11:50:00+05:30,2017.0,2018.0,2016.45,2017.0,32858,KOTAKBANK
4007,2025-03-18 11:55:00+05:30,2017.0,2018.0,2016.95,2017.9,26981,KOTAKBANK
4008,2025-03-18 12:00:00+05:30,2017.9,2019.9,2017.7,2019.4,34060,KOTAKBANK
4009,2025-03-18 12:05:00+05:30,2019.25,2022.0,2017.75,2021.4,57419,KOTAKBANK
4010,2025-03-18 12:10:00+05:30,2022.0,2026.0,2021.35,2025.3,102430,KOTAKBANK
4011,2025-03-18 12:15:00+05:30,2025.35,2026.8,2023.6,2024.6,62940,KOTAKBANK
4012,2025-03-18 12:20:00+05:30,2024.6,2028.3,2024.4,2027.95,76482,KOTAKBANK
4013,2025-03-18 12:25:00+05:30,2028.0,2028.3,2024.4,2024.8,80758,KOTAKBANK
4014,2025-03-18 12:30:00+05:30,2024.95,2027.0,2022.1,2025.8,288292,KOTAKBANK
4015,2025-03-18 12:35:00+05:30,2025.8,2026.5,2023.15,2023.55,136089,KOTAKBANK
4016,2025-03-18 12:40:00+05:30,2023.6,2025.25,2023.3,2024.2,95418,KOTAKBANK
4017,2025-03-18 12:45:00+05:30,2024.2,2025.0,2023.0,2023.9,48302,KOTAKBANK
4018,2025-03-18 12:50:00+05:30,2023.9,2027.35,2023.6,2026.6,35650,KOTAKBANK
4019,2025-03-18 12:55:00+05:30,2026.3,2027.0,2024.7,2026.75,45159,KOTAKBANK
4020,2025-03-18 13:00:00+05:30,2026.75,2027.0,2024.75,2025.15,26111,KOTAKBANK
4021,2025-03-18 13:05:00+05:30,2025.15,2026.4,2024.3,2025.6,32004,KOTAKBANK
4022,2025-03-18 13:10:00+05:30,2025.6,2026.5,2025.25,2026.35,18566,KOTAKBANK
4023,2025-03-18 13:15:00+05:30,2026.35,2027.0,2025.55,2026.95,28070,KOTAKBANK
4024,2025-03-18 13:20:00+05:30,2026.95,2027.5,2025.55,2026.0,79429,KOTAKBANK
4025,2025-03-18 13:25:00+05:30,2026.0,2026.65,2024.7,2025.35,22147,KOTAKBANK
4026,2025-03-18 13:30:00+05:30,2025.35,2027.0,2025.35,2026.35,26038,KOTAKBANK
4027,2025-03-18 13:35:00+05:30,2026.35,2028.65,2025.8,2028.3,33171,KOTAKBANK
4028,2025-03-18 13:40:00+05:30,2028.3,2031.0,2027.7,2030.45,81445,KOTAKBANK
4029,2025-03-18 13:45:00+05:30,2030.45,2035.0,2029.55,2032.8,83355,KOTAKBANK
4030,2025-03-18 13:50:00+05:30,2032.9,2034.7,2031.5,2033.65,42313,KOTAKBANK
4031,2025-03-18 13:55:00+05:30,2033.65,2034.65,2032.3,2033.55,32010,KOTAKBANK
4032,2025-03-18 14:00:00+05:30,2033.55,2035.0,2032.05,2032.5,30004,KOTAKBANK
4033,2025-03-18 14:05:00+05:30,2032.5,2033.2,2031.2,2031.85,33665,KOTAKBANK
4034,2025-03-18 14:10:00+05:30,2031.85,2034.35,2031.3,2034.1,36153,KOTAKBANK
4035,2025-03-18 14:15:00+05:30,2034.1,2034.3,2031.7,2032.65,44955,KOTAKBANK
4036,2025-03-18 14:20:00+05:30,2032.65,2034.5,2032.1,2033.5,35807,KOTAKBANK
4037,2025-03-18 14:25:00+05:30,2033.5,2036.7,2032.65,2036.55,81082,KOTAKBANK
4038,2025-03-18 14:30:00+05:30,2036.75,2037.0,2033.8,2034.95,76472,KOTAKBANK
4039,2025-03-18 14:35:00+05:30,2034.95,2038.65,2034.4,2038.5,112382,KOTAKBANK
4040,2025-03-18 14:40:00+05:30,2038.5,2038.8,2036.15,2037.75,115356,KOTAKBANK
4041,2025-03-18 14:45:00+05:30,2037.75,2038.2,2035.55,2037.8,97105,KOTAKBANK
4042,2025-03-18 14:50:00+05:30,2037.75,2037.9,2035.05,2035.65,113572,KOTAKBANK
4043,2025-03-18 14:55:00+05:30,2035.75,2036.85,2033.75,2035.55,210106,KOTAKBANK
4044,2025-03-18 15:00:00+05:30,2035.4,2035.95,2030.1,2030.4,153722,KOTAKBANK
4045,2025-03-18 15:05:00+05:30,2030.3,2033.95,2029.05,2031.95,141832,KOTAKBANK
4046,2025-03-18 15:10:00+05:30,2031.95,2034.3,2030.65,2033.55,118690,KOTAKBANK
4047,2025-03-18 15:15:00+05:30,2033.55,2035.5,2032.6,2035.15,227814,KOTAKBANK
4048,2025-03-18 15:20:00+05:30,2035.1,2037.5,2035.0,2035.75,156877,KOTAKBANK
4049,2025-03-18 15:25:00+05:30,2035.6,2039.0,2034.05,2035.15,190285,KOTAKBANK
4050,2025-03-19 09:15:00+05:30,2039.25,2047.0,2031.85,2042.25,242043,KOTAKBANK
4051,2025-03-19 09:20:00+05:30,2042.35,2043.0,2035.6,2036.5,52692,KOTAKBANK
4052,2025-03-19 09:25:00+05:30,2036.5,2042.0,2032.0,2041.85,51791,KOTAKBANK
4053,2025-03-19 09:30:00+05:30,2041.8,2046.0,2038.6,2044.25,55830,KOTAKBANK
4054,2025-03-19 09:35:00+05:30,2044.25,2044.65,2038.2,2039.4,289043,KOTAKBANK
4055,2025-03-19 09:40:00+05:30,2039.15,2042.0,2038.9,2040.2,45904,KOTAKBANK
4056,2025-03-19 09:45:00+05:30,2040.2,2041.65,2039.35,2040.35,50923,KOTAKBANK
4057,2025-03-19 09:50:00+05:30,2039.9,2044.6,2038.6,2043.55,70148,KOTAKBANK
4058,2025-03-19 09:55:00+05:30,2043.55,2046.9,2040.1,2046.9,194662,KOTAKBANK
4059,2025-03-19 10:00:00+05:30,2046.9,2051.0,2044.0,2044.85,110818,KOTAKBANK
4060,2025-03-19 10:05:00+05:30,2044.85,2048.0,2044.0,2046.15,49368,KOTAKBANK
4061,2025-03-19 10:10:00+05:30,2046.25,2046.7,2044.0,2044.75,32803,KOTAKBANK
4062,2025-03-19 10:15:00+05:30,2044.75,2046.55,2042.15,2046.5,42320,KOTAKBANK
4063,2025-03-19 10:20:00+05:30,2046.5,2047.5,2046.0,2047.25,27644,KOTAKBANK
4064,2025-03-19 10:25:00+05:30,2047.25,2050.0,2046.75,2048.5,36997,KOTAKBANK
4065,2025-03-19 10:30:00+05:30,2048.7,2050.0,2045.7,2048.4,326907,KOTAKBANK
4066,2025-03-19 10:35:00+05:30,2048.4,2048.55,2047.0,2048.05,31933,KOTAKBANK
4067,2025-03-19 10:40:00+05:30,2048.05,2049.1,2045.4,2047.4,65159,KOTAKBANK
4068,2025-03-19 10:45:00+05:30,2047.4,2047.55,2042.95,2043.8,41192,KOTAKBANK
4069,2025-03-19 10:50:00+05:30,2043.9,2045.0,2038.9,2040.3,58116,KOTAKBANK
4070,2025-03-19 10:55:00+05:30,2040.3,2041.15,2038.35,2039.95,26646,KOTAKBANK
4071,2025-03-19 11:00:00+05:30,2039.95,2040.0,2038.0,2038.5,32903,KOTAKBANK
4072,2025-03-19 11:05:00+05:30,2038.5,2038.9,2037.3,2038.3,26772,KOTAKBANK
4073,2025-03-19 11:10:00+05:30,2038.3,2038.65,2034.1,2035.0,49526,KOTAKBANK
4074,2025-03-19 11:15:00+05:30,2035.0,2036.5,2033.25,2033.45,30343,KOTAKBANK
4075,2025-03-19 11:20:00+05:30,2033.75,2035.0,2033.45,2034.15,16921,KOTAKBANK
4076,2025-03-19 11:25:00+05:30,2034.15,2035.0,2032.5,2035.0,52427,KOTAKBANK
4077,2025-03-19 11:30:00+05:30,2034.95,2035.0,2033.15,2034.95,33958,KOTAKBANK
4078,2025-03-19 11:35:00+05:30,2034.95,2034.95,2031.25,2032.75,37832,KOTAKBANK
4079,2025-03-19 11:40:00+05:30,2032.6,2035.9,2031.0,2033.7,70323,KOTAKBANK
4080,2025-03-19 11:45:00+05:30,2033.8,2039.0,2033.2,2037.7,52140,KOTAKBANK
4081,2025-03-19 11:50:00+05:30,2037.7,2038.0,2032.45,2033.45,84375,KOTAKBANK
4082,2025-03-19 11:55:00+05:30,2033.45,2033.45,2030.7,2032.85,32996,KOTAKBANK
4083,2025-03-19 12:00:00+05:30,2032.85,2033.3,2028.8,2030.5,38765,KOTAKBANK
4084,2025-03-19 12:05:00+05:30,2030.5,2032.05,2029.7,2032.05,31527,KOTAKBANK
4085,2025-03-19 12:10:00+05:30,2031.95,2035.0,2031.5,2033.65,29789,KOTAKBANK
4086,2025-03-19 12:15:00+05:30,2033.65,2035.0,2032.85,2033.75,34036,KOTAKBANK
4087,2025-03-19 12:20:00+05:30,2033.6,2034.0,2031.8,2032.55,37532,KOTAKBANK
4088,2025-03-19 12:25:00+05:30,2032.55,2032.9,2029.5,2030.0,63835,KOTAKBANK
4089,2025-03-19 12:30:00+05:30,2030.0,2030.0,2029.1,2029.5,30602,KOTAKBANK
4090,2025-03-19 12:35:00+05:30,2029.5,2030.25,2029.35,2030.0,27960,KOTAKBANK
4091,2025-03-19 12:40:00+05:30,2030.0,2030.5,2029.45,2030.0,45023,KOTAKBANK
4092,2025-03-19 12:45:00+05:30,2030.0,2031.0,2029.75,2031.0,41458,KOTAKBANK
4093,2025-03-19 12:50:00+05:30,2031.0,2031.0,2029.75,2029.85,32335,KOTAKBANK
4094,2025-03-19 12:55:00+05:30,2029.85,2029.85,2027.2,2028.75,52352,KOTAKBANK
4095,2025-03-19 13:00:00+05:30,2028.4,2028.75,2024.0,2024.0,30727,KOTAKBANK
4096,2025-03-19 13:05:00+05:30,2024.5,2024.5,2020.95,2021.2,40739,KOTAKBANK
4097,2025-03-19 13:10:00+05:30,2021.55,2022.8,2017.6,2018.0,140080,KOTAKBANK
4098,2025-03-19 13:15:00+05:30,2018.0,2020.55,2017.95,2018.8,55701,KOTAKBANK
4099,2025-03-19 13:20:00+05:30,2018.8,2020.5,2018.1,2020.0,40275,KOTAKBANK
4100,2025-03-19 13:25:00+05:30,2020.0,2021.1,2017.25,2019.55,175146,KOTAKBANK
4101,2025-03-19 13:30:00+05:30,2019.55,2021.0,2019.1,2021.0,41010,KOTAKBANK
4102,2025-03-19 13:35:00+05:30,2021.0,2022.15,2019.95,2021.1,39464,KOTAKBANK
4103,2025-03-19 13:40:00+05:30,2020.95,2022.25,2019.9,2021.9,34185,KOTAKBANK
4104,2025-03-19 13:45:00+05:30,2021.95,2025.95,2020.4,2024.55,76508,KOTAKBANK
4105,2025-03-19 13:50:00+05:30,2024.55,2024.55,2019.85,2019.9,125677,KOTAKBANK
4106,2025-03-19 13:55:00+05:30,2020.3,2021.65,2018.7,2020.6,95222,KOTAKBANK
4107,2025-03-19 14:00:00+05:30,2020.6,2021.0,2018.7,2020.95,54718,KOTAKBANK
4108,2025-03-19 14:05:00+05:30,2021.0,2022.65,2020.85,2022.45,45685,KOTAKBANK
4109,2025-03-19 14:10:00+05:30,2022.55,2022.55,2019.65,2020.6,41228,KOTAKBANK
4110,2025-03-19 14:15:00+05:30,2020.6,2021.0,2019.5,2020.0,58364,KOTAKBANK
4111,2025-03-19 14:20:00+05:30,2020.0,2021.05,2019.8,2020.45,34842,KOTAKBANK
4112,2025-03-19 14:25:00+05:30,2020.65,2021.0,2019.8,2020.9,54989,KOTAKBANK
4113,2025-03-19 14:30:00+05:30,2020.9,2020.9,2019.3,2019.85,36322,KOTAKBANK
4114,2025-03-19 14:35:00+05:30,2019.9,2024.9,2019.85,2024.35,51502,KOTAKBANK
4115,2025-03-19 14:40:00+05:30,2024.35,2024.95,2024.0,2024.6,57992,KOTAKBANK
4116,2025-03-19 14:45:00+05:30,2024.6,2025.85,2024.0,2025.45,51960,KOTAKBANK
4117,2025-03-19 14:50:00+05:30,2025.5,2026.85,2025.45,2026.15,38851,KOTAKBANK
4118,2025-03-19 14:55:00+05:30,2026.15,2028.95,2025.15,2028.55,53015,KOTAKBANK
4119,2025-03-19 15:00:00+05:30,2028.75,2028.75,2024.0,2024.05,95588,KOTAKBANK
4120,2025-03-19 15:05:00+05:30,2024.1,2024.65,2022.35,2024.15,91810,KOTAKBANK
4121,2025-03-19 15:10:00+05:30,2024.2,2026.5,2024.15,2026.4,75232,KOTAKBANK
4122,2025-03-19 15:15:00+05:30,2026.45,2026.55,2018.1,2018.65,263747,KOTAKBANK
4123,2025-03-19 15:20:00+05:30,2018.6,2020.8,2018.45,2019.65,262289,KOTAKBANK
4124,2025-03-19 15:25:00+05:30,2019.65,2022.75,2018.6,2021.95,172995,KOTAKBANK
4125,2025-03-20 09:15:00+05:30,2031.0,2033.6,2027.65,2029.25,82256,KOTAKBANK
4126,2025-03-20 09:20:00+05:30,2028.25,2031.0,2025.3,2029.2,54066,KOTAKBANK
4127,2025-03-20 09:25:00+05:30,2029.25,2033.35,2029.0,2031.95,25671,KOTAKBANK
4128,2025-03-20 09:30:00+05:30,2031.8,2033.35,2023.35,2024.65,22461,KOTAKBANK
4129,2025-03-20 09:35:00+05:30,2024.5,2024.65,2020.1,2020.5,21247,KOTAKBANK
4130,2025-03-20 09:40:00+05:30,2020.5,2022.0,2016.5,2017.85,99437,KOTAKBANK
4131,2025-03-20 09:45:00+05:30,2017.95,2019.4,2017.0,2017.65,47071,KOTAKBANK
4132,2025-03-20 09:50:00+05:30,2017.65,2025.8,2017.55,2025.05,69957,KOTAKBANK
4133,2025-03-20 09:55:00+05:30,2025.9,2029.1,2025.5,2029.05,17869,KOTAKBANK
4134,2025-03-20 10:00:00+05:30,2029.1,2031.9,2027.75,2031.45,24275,KOTAKBANK
4135,2025-03-20 10:05:00+05:30,2031.6,2031.9,2026.35,2028.4,21571,KOTAKBANK
4136,2025-03-20 10:10:00+05:30,2028.35,2029.0,2026.5,2027.4,15236,KOTAKBANK
4137,2025-03-20 10:15:00+05:30,2026.9,2031.95,2026.9,2031.6,18109,KOTAKBANK
4138,2025-03-20 10:20:00+05:30,2031.7,2032.8,2030.7,2031.6,14375,KOTAKBANK
4139,2025-03-20 10:25:00+05:30,2031.65,2033.1,2030.25,2030.6,22023,KOTAKBANK
4140,2025-03-20 10:30:00+05:30,2031.1,2032.35,2030.45,2031.7,15803,KOTAKBANK
4141,2025-03-20 10:35:00+05:30,2031.75,2031.85,2030.25,2031.0,17642,KOTAKBANK
4142,2025-03-20 10:40:00+05:30,2031.2,2031.55,2028.1,2029.05,22067,KOTAKBANK
4143,2025-03-20 10:45:00+05:30,2029.05,2031.0,2028.5,2030.35,25251,KOTAKBANK
4144,2025-03-20 10:50:00+05:30,2030.4,2033.05,2029.7,2032.25,18895,KOTAKBANK
4145,2025-03-20 10:55:00+05:30,2032.25,2033.85,2032.1,2033.0,20788,KOTAKBANK
4146,2025-03-20 11:00:00+05:30,2033.0,2036.0,2032.7,2035.15,44507,KOTAKBANK
4147,2025-03-20 11:05:00+05:30,2035.2,2036.05,2034.05,2036.0,12692,KOTAKBANK
4148,2025-03-20 11:10:00+05:30,2036.0,2038.55,2036.0,2038.0,28372,KOTAKBANK
4149,2025-03-20 11:15:00+05:30,2038.0,2038.85,2034.05,2034.6,61488,KOTAKBANK
4150,2025-03-20 11:20:00+05:30,2034.8,2035.0,2033.3,2034.25,12194,KOTAKBANK
4151,2025-03-20 11:25:00+05:30,2034.25,2035.0,2032.2,2033.55,13840,KOTAKBANK
4152,2025-03-20 11:30:00+05:30,2034.0,2034.9,2033.1,2033.8,14942,KOTAKBANK
4153,2025-03-20 11:35:00+05:30,2033.75,2035.95,2033.5,2035.05,15515,KOTAKBANK
4154,2025-03-20 11:40:00+05:30,2035.4,2035.4,2033.55,2034.95,14838,KOTAKBANK
4155,2025-03-20 11:45:00+05:30,2034.8,2034.9,2031.35,2032.2,17617,KOTAKBANK
4156,2025-03-20 11:50:00+05:30,2032.2,2034.35,2031.7,2032.6,28251,KOTAKBANK
4157,2025-03-20 11:55:00+05:30,2033.05,2033.9,2030.15,2031.1,15659,KOTAKBANK
4158,2025-03-20 12:00:00+05:30,2031.25,2034.5,2031.1,2032.4,43033,KOTAKBANK
4159,2025-03-20 12:05:00+05:30,2032.4,2033.95,2031.6,2032.3,22018,KOTAKBANK
4160,2025-03-20 12:10:00+05:30,2032.3,2034.8,2031.85,2034.4,17533,KOTAKBANK
4161,2025-03-20 12:15:00+05:30,2034.4,2034.9,2033.45,2034.3,20405,KOTAKBANK
4162,2025-03-20 12:20:00+05:30,2034.3,2034.75,2033.0,2034.3,31485,KOTAKBANK
4163,2025-03-20 12:25:00+05:30,2034.2,2036.75,2032.85,2036.45,30572,KOTAKBANK
4164,2025-03-20 12:30:00+05:30,2036.45,2036.9,2034.95,2035.8,15065,KOTAKBANK
4165,2025-03-20 12:35:00+05:30,2035.8,2037.45,2034.8,2035.55,26259,KOTAKBANK
4166,2025-03-20 12:40:00+05:30,2035.55,2036.75,2034.85,2035.0,17709,KOTAKBANK
4167,2025-03-20 12:45:00+05:30,2035.55,2036.35,2035.25,2036.1,26929,KOTAKBANK
4168,2025-03-20 12:50:00+05:30,2036.1,2036.7,2034.5,2035.0,33843,KOTAKBANK
4169,2025-03-20 12:55:00+05:30,2035.0,2035.7,2033.75,2034.55,29724,KOTAKBANK
4170,2025-03-20 13:00:00+05:30,2034.55,2034.6,2032.05,2032.55,27120,KOTAKBANK
4171,2025-03-20 13:05:00+05:30,2032.7,2034.1,2032.25,2033.65,25214,KOTAKBANK
4172,2025-03-20 13:10:00+05:30,2033.65,2036.0,2033.1,2035.3,22716,KOTAKBANK
4173,2025-03-20 13:15:00+05:30,2035.3,2036.5,2034.3,2035.8,25083,KOTAKBANK
4174,2025-03-20 13:20:00+05:30,2035.8,2038.0,2035.5,2036.9,27369,KOTAKBANK
4175,2025-03-20 13:25:00+05:30,2036.9,2037.4,2034.55,2036.0,31188,KOTAKBANK
4176,2025-03-20 13:30:00+05:30,2036.0,2037.35,2035.15,2036.65,33452,KOTAKBANK
4177,2025-03-20 13:35:00+05:30,2036.65,2038.9,2035.4,2036.45,66467,KOTAKBANK
4178,2025-03-20 13:40:00+05:30,2036.4,2037.9,2035.5,2037.5,25306,KOTAKBANK
4179,2025-03-20 13:45:00+05:30,2037.3,2037.5,2036.0,2036.9,29028,KOTAKBANK
4180,2025-03-20 13:50:00+05:30,2036.9,2038.25,2036.2,2037.0,29964,KOTAKBANK
4181,2025-03-20 13:55:00+05:30,2037.0,2037.7,2036.05,2037.3,30793,KOTAKBANK
4182,2025-03-20 14:00:00+05:30,2037.3,2038.3,2037.0,2037.6,28614,KOTAKBANK
4183,2025-03-20 14:05:00+05:30,2037.2,2038.15,2034.0,2034.45,34231,KOTAKBANK
4184,2025-03-20 14:10:00+05:30,2034.45,2036.75,2034.15,2035.9,23962,KOTAKBANK
4185,2025-03-20 14:15:00+05:30,2035.95,2037.65,2035.3,2037.0,36326,KOTAKBANK
4186,2025-03-20 14:20:00+05:30,2037.0,2038.05,2036.0,2038.05,40568,KOTAKBANK
4187,2025-03-20 14:25:00+05:30,2038.0,2038.1,2036.15,2037.2,36779,KOTAKBANK
4188,2025-03-20 14:30:00+05:30,2037.2,2037.65,2035.65,2036.65,39062,KOTAKBANK
4189,2025-03-20 14:35:00+05:30,2036.65,2037.5,2035.5,2036.05,50780,KOTAKBANK
4190,2025-03-20 14:40:00+05:30,2036.15,2038.2,2035.35,2036.15,54440,KOTAKBANK
4191,2025-03-20 14:45:00+05:30,2036.0,2037.05,2035.1,2036.65,57454,KOTAKBANK
4192,2025-03-20 14:50:00+05:30,2036.65,2038.4,2035.25,2037.6,65394,KOTAKBANK
4193,2025-03-20 14:55:00+05:30,2038.2,2038.5,2036.2,2037.45,65521,KOTAKBANK
4194,2025-03-20 15:00:00+05:30,2037.45,2037.5,2035.0,2035.3,71054,KOTAKBANK
4195,2025-03-20 15:05:00+05:30,2035.3,2037.2,2035.15,2035.8,68632,KOTAKBANK
4196,2025-03-20 15:10:00+05:30,2035.8,2036.55,2035.05,2035.85,82936,KOTAKBANK
4197,2025-03-20 15:15:00+05:30,2035.85,2037.45,2035.35,2035.95,111069,KOTAKBANK
4198,2025-03-20 15:20:00+05:30,2036.5,2036.5,2033.8,2034.8,99370,KOTAKBANK
4199,2025-03-20 15:25:00+05:30,2034.9,2036.1,2030.0,2032.1,68613,KOTAKBANK
4200,2025-03-21 09:15:00+05:30,2040.0,2045.6,2035.0,2045.0,110235,KOTAKBANK
4201,2025-03-21 09:20:00+05:30,2045.0,2048.55,2042.5,2047.85,97920,KOTAKBANK
4202,2025-03-21 09:25:00+05:30,2048.8,2054.1,2047.25,2050.5,94841,KOTAKBANK
4203,2025-03-21 09:30:00+05:30,2050.5,2057.0,2049.15,2056.45,118766,KOTAKBANK
4204,2025-03-21 09:35:00+05:30,2056.4,2060.9,2055.3,2060.35,115056,KOTAKBANK
4205,2025-03-21 09:40:00+05:30,2060.55,2063.4,2057.55,2063.1,120106,KOTAKBANK
4206,2025-03-21 09:45:00+05:30,2063.1,2063.25,2059.7,2059.9,54472,KOTAKBANK
4207,2025-03-21 09:50:00+05:30,2060.0,2061.6,2057.35,2057.85,110524,KOTAKBANK
4208,2025-03-21 09:55:00+05:30,2057.95,2058.35,2056.25,2056.75,28008,KOTAKBANK
4209,2025-03-21 10:00:00+05:30,2056.75,2057.55,2053.75,2056.55,53462,KOTAKBANK
4210,2025-03-21 10:05:00+05:30,2056.5,2061.2,2056.45,2060.65,65016,KOTAKBANK
4211,2025-03-21 10:10:00+05:30,2060.85,2061.7,2059.35,2060.75,61142,KOTAKBANK
4212,2025-03-21 10:15:00+05:30,2060.8,2061.1,2059.5,2060.4,54563,KOTAKBANK
4213,2025-03-21 10:20:00+05:30,2060.4,2061.5,2059.45,2059.8,61838,KOTAKBANK
4214,2025-03-21 10:25:00+05:30,2059.75,2067.5,2059.65,2067.5,96371,KOTAKBANK
4215,2025-03-21 10:30:00+05:30,2067.5,2067.85,2063.0,2063.0,57309,KOTAKBANK
4216,2025-03-21 10:35:00+05:30,2063.6,2065.35,2061.0,2065.15,40498,KOTAKBANK
4217,2025-03-21 10:40:00+05:30,2065.3,2066.7,2064.35,2065.1,53988,KOTAKBANK
4218,2025-03-21 10:45:00+05:30,2065.1,2069.2,2063.35,2068.45,65176,KOTAKBANK
4219,2025-03-21 10:50:00+05:30,2068.5,2071.1,2066.95,2070.1,116766,KOTAKBANK
4220,2025-03-21 10:55:00+05:30,2070.2,2074.5,2069.4,2074.3,110020,KOTAKBANK
4221,2025-03-21 11:00:00+05:30,2074.3,2078.1,2074.0,2075.85,111339,KOTAKBANK
4222,2025-03-21 11:05:00+05:30,2075.8,2079.3,2075.0,2077.85,86286,KOTAKBANK
4223,2025-03-21 11:10:00+05:30,2078.6,2082.25,2076.1,2079.9,123204,KOTAKBANK
4224,2025-03-21 11:15:00+05:30,2079.9,2081.5,2078.1,2081.0,69631,KOTAKBANK
4225,2025-03-21 11:20:00+05:30,2081.45,2084.0,2080.1,2080.75,58204,KOTAKBANK
4226,2025-03-21 11:25:00+05:30,2080.75,2081.5,2078.35,2079.0,57028,KOTAKBANK
4227,2025-03-21 11:30:00+05:30,2078.65,2081.5,2078.3,2080.8,33363,KOTAKBANK
4228,2025-03-21 11:35:00+05:30,2080.8,2081.5,2078.75,2080.0,56935,KOTAKBANK
4229,2025-03-21 11:40:00+05:30,2080.0,2081.0,2078.1,2079.5,42101,KOTAKBANK
4230,2025-03-21 11:45:00+05:30,2079.45,2079.95,2077.05,2078.5,56113,KOTAKBANK
4231,2025-03-21 11:50:00+05:30,2078.3,2080.75,2077.55,2080.4,42291,KOTAKBANK
4232,2025-03-21 11:55:00+05:30,2080.45,2084.25,2080.2,2082.05,150377,KOTAKBANK
4233,2025-03-21 12:00:00+05:30,2082.0,2082.45,2081.0,2081.85,29623,KOTAKBANK
4234,2025-03-21 12:05:00+05:30,2081.9,2081.95,2080.45,2080.7,43687,KOTAKBANK
4235,2025-03-21 12:10:00+05:30,2080.85,2081.5,2078.05,2078.7,36374,KOTAKBANK
4236,2025-03-21 12:15:00+05:30,2078.85,2080.0,2075.85,2077.9,51499,KOTAKBANK
4237,2025-03-21 12:20:00+05:30,2078.2,2082.35,2078.0,2081.0,104988,KOTAKBANK
4238,2025-03-21 12:25:00+05:30,2081.0,2083.0,2080.4,2081.3,41441,KOTAKBANK
4239,2025-03-21 12:30:00+05:30,2081.3,2082.95,2079.9,2081.3,54332,KOTAKBANK
4240,2025-03-21 12:35:00+05:30,2081.25,2084.05,2080.65,2082.7,84652,KOTAKBANK
4241,2025-03-21 12:40:00+05:30,2082.7,2084.0,2081.3,2081.85,95298,KOTAKBANK
4242,2025-03-21 12:45:00+05:30,2082.15,2082.35,2080.55,2081.2,33206,KOTAKBANK
4243,2025-03-21 12:50:00+05:30,2081.05,2082.35,2080.6,2081.95,46408,KOTAKBANK
4244,2025-03-21 12:55:00+05:30,2081.9,2082.5,2080.6,2080.85,56969,KOTAKBANK
4245,2025-03-21 13:00:00+05:30,2081.05,2082.35,2080.5,2081.2,49059,KOTAKBANK
4246,2025-03-21 13:05:00+05:30,2081.15,2081.2,2078.15,2078.55,39361,KOTAKBANK
4247,2025-03-21 13:10:00+05:30,2078.55,2078.65,2076.4,2076.55,46435,KOTAKBANK
4248,2025-03-21 13:15:00+05:30,2076.5,2076.65,2075.0,2075.25,51809,KOTAKBANK
4249,2025-03-21 13:20:00+05:30,2075.45,2077.0,2075.0,2076.15,34778,KOTAKBANK
4250,2025-03-21 13:25:00+05:30,2076.15,2078.6,2075.4,2076.45,55124,KOTAKBANK
4251,2025-03-21 13:30:00+05:30,2076.45,2076.85,2073.65,2074.35,61006,KOTAKBANK
4252,2025-03-21 13:35:00+05:30,2074.35,2075.85,2073.45,2075.25,49555,KOTAKBANK
4253,2025-03-21 13:40:00+05:30,2075.25,2076.5,2073.05,2073.9,155865,KOTAKBANK
4254,2025-03-21 13:45:00+05:30,2073.95,2074.1,2070.15,2071.8,99272,KOTAKBANK
4255,2025-03-21 13:50:00+05:30,2071.8,2072.1,2069.75,2070.8,90360,KOTAKBANK
4256,2025-03-21 13:55:00+05:30,2070.85,2072.8,2070.0,2072.6,76715,KOTAKBANK
4257,2025-03-21 14:00:00+05:30,2072.5,2075.0,2072.25,2074.35,72370,KOTAKBANK
4258,2025-03-21 14:05:00+05:30,2074.35,2075.8,2073.05,2075.15,69238,KOTAKBANK
4259,2025-03-21 14:10:00+05:30,2075.15,2076.75,2072.4,2073.7,58880,KOTAKBANK
4260,2025-03-21 14:15:00+05:30,2073.7,2075.7,2073.0,2075.6,54770,KOTAKBANK
4261,2025-03-21 14:20:00+05:30,2075.4,2076.0,2073.9,2075.25,39102,KOTAKBANK
4262,2025-03-21 14:25:00+05:30,2075.35,2077.8,2075.0,2077.4,96049,KOTAKBANK
4263,2025-03-21 14:30:00+05:30,2077.4,2077.4,2071.7,2073.0,118907,KOTAKBANK
4264,2025-03-21 14:35:00+05:30,2073.1,2073.95,2073.0,2073.05,69468,KOTAKBANK
4265,2025-03-21 14:40:00+05:30,2073.2,2073.2,2070.45,2071.0,64832,KOTAKBANK
4266,2025-03-21 14:45:00+05:30,2070.8,2073.25,2070.2,2072.0,86858,KOTAKBANK
4267,2025-03-21 14:50:00+05:30,2072.2,2073.95,2072.0,2072.9,89650,KOTAKBANK
4268,2025-03-21 14:55:00+05:30,2072.9,2073.9,2070.0,2071.15,57316,KOTAKBANK
4269,2025-03-21 15:00:00+05:30,2071.1,2082.95,2067.95,2078.15,2669543,KOTAKBANK
4270,2025-03-21 15:05:00+05:30,2077.35,2078.85,2071.0,2073.15,2261461,KOTAKBANK
4271,2025-03-21 15:10:00+05:30,2073.15,2086.25,2072.9,2077.7,2348932,KOTAKBANK
4272,2025-03-21 15:15:00+05:30,2077.7,2083.9,2073.1,2081.6,2347430,KOTAKBANK
4273,2025-03-21 15:20:00+05:30,2081.6,2085.55,2078.9,2081.35,2248334,KOTAKBANK
4274,2025-03-21 15:25:00+05:30,2081.25,2097.6,2072.0,2073.95,2029731,KOTAKBANK
4275,2025-03-24 09:15:00+05:30,2100.0,2117.85,2090.25,2115.0,302421,KOTAKBANK
4276,2025-03-24 09:20:00+05:30,2115.0,2127.75,2114.75,2127.3,128881,KOTAKBANK
4277,2025-03-24 09:25:00+05:30,2126.5,2132.7,2124.0,2128.4,168479,KOTAKBANK
4278,2025-03-24 09:30:00+05:30,2128.4,2130.0,2125.0,2126.0,93443,KOTAKBANK
4279,2025-03-24 09:35:00+05:30,2126.0,2129.8,2125.2,2126.65,83057,KOTAKBANK
4280,2025-03-24 09:40:00+05:30,2126.7,2134.4,2126.05,2134.4,103993,KOTAKBANK
4281,2025-03-24 09:45:00+05:30,2134.4,2140.8,2134.0,2139.45,113864,KOTAKBANK
4282,2025-03-24 09:50:00+05:30,2139.55,2139.6,2136.55,2138.95,50453,KOTAKBANK
4283,2025-03-24 09:55:00+05:30,2138.95,2145.6,2138.95,2142.6,109959,KOTAKBANK
4284,2025-03-24 10:00:00+05:30,2142.7,2144.75,2140.55,2140.85,68578,KOTAKBANK
4285,2025-03-24 10:05:00+05:30,2140.6,2146.9,2140.2,2143.55,82442,KOTAKBANK
4286,2025-03-24 10:10:00+05:30,2143.15,2144.8,2140.45,2144.45,72778,KOTAKBANK
4287,2025-03-24 10:15:00+05:30,2144.8,2149.3,2144.5,2149.3,119279,KOTAKBANK
4288,2025-03-24 10:20:00+05:30,2149.3,2149.8,2145.0,2146.55,97724,KOTAKBANK
4289,2025-03-24 10:25:00+05:30,2146.55,2151.45,2145.35,2150.75,84002,KOTAKBANK
4290,2025-03-24 10:30:00+05:30,2150.75,2151.15,2150.25,2150.7,30247,KOTAKBANK
4291,2025-03-24 10:35:00+05:30,2150.7,2156.6,2150.6,2153.5,101929,KOTAKBANK
4292,2025-03-24 10:40:00+05:30,2153.6,2156.0,2153.0,2153.15,52522,KOTAKBANK
4293,2025-03-24 10:45:00+05:30,2153.15,2154.95,2153.0,2154.45,34093,KOTAKBANK
4294,2025-03-24 10:50:00+05:30,2154.95,2159.4,2154.2,2157.95,188379,KOTAKBANK
4295,2025-03-24 10:55:00+05:30,2157.6,2162.0,2157.1,2161.2,118628,KOTAKBANK
4296,2025-03-24 11:00:00+05:30,2161.2,2162.85,2159.55,2162.25,78992,KOTAKBANK
4297,2025-03-24 11:05:00+05:30,2162.25,2162.85,2158.0,2160.85,116081,KOTAKBANK
4298,2025-03-24 11:10:00+05:30,2160.85,2164.1,2159.85,2163.0,80727,KOTAKBANK
4299,2025-03-24 11:15:00+05:30,2163.0,2163.2,2159.9,2162.1,349053,KOTAKBANK
4300,2025-03-24 11:20:00+05:30,2162.1,2168.6,2161.95,2168.55,93463,KOTAKBANK
4301,2025-03-24 11:25:00+05:30,2168.55,2172.7,2167.95,2170.9,123437,KOTAKBANK
4302,2025-03-24 11:30:00+05:30,2170.85,2174.0,2170.3,2171.9,93904,KOTAKBANK
4303,2025-03-24 11:35:00+05:30,2171.9,2173.0,2168.55,2169.0,84307,KOTAKBANK
4304,2025-03-24 11:40:00+05:30,2168.95,2173.0,2168.8,2172.0,79952,KOTAKBANK
4305,2025-03-24 11:45:00+05:30,2171.85,2176.35,2170.85,2175.0,89602,KOTAKBANK
4306,2025-03-24 11:50:00+05:30,2174.95,2175.2,2171.5,2172.7,64034,KOTAKBANK
4307,2025-03-24 11:55:00+05:30,2173.05,2178.0,2172.0,2178.0,88272,KOTAKBANK
4308,2025-03-24 12:00:00+05:30,2177.85,2181.0,2176.6,2179.1,111080,KOTAKBANK
4309,2025-03-24 12:05:00+05:30,2178.95,2180.0,2176.15,2179.65,58952,KOTAKBANK
4310,2025-03-24 12:10:00+05:30,2179.35,2181.95,2178.8,2180.5,84369,KOTAKBANK
4311,2025-03-24 12:15:00+05:30,2180.5,2184.25,2178.05,2178.7,156572,KOTAKBANK
4312,2025-03-24 12:20:00+05:30,2178.8,2179.5,2171.3,2172.55,108667,KOTAKBANK
4313,2025-03-24 12:25:00+05:30,2172.55,2174.0,2171.0,2172.5,78965,KOTAKBANK
4314,2025-03-24 12:30:00+05:30,2172.5,2173.2,2170.25,2170.3,75555,KOTAKBANK
4315,2025-03-24 12:35:00+05:30,2170.6,2172.9,2168.7,2170.55,85220,KOTAKBANK
4316,2025-03-24 12:40:00+05:30,2170.55,2174.0,2170.0,2173.9,83365,KOTAKBANK
4317,2025-03-24 12:45:00+05:30,2173.9,2174.85,2171.75,2173.8,81932,KOTAKBANK
4318,2025-03-24 12:50:00+05:30,2173.75,2173.85,2169.3,2170.0,67306,KOTAKBANK
4319,2025-03-24 12:55:00+05:30,2170.0,2173.0,2167.55,2172.5,81575,KOTAKBANK
4320,2025-03-24 13:00:00+05:30,2172.1,2174.7,2171.95,2174.0,67762,KOTAKBANK
4321,2025-03-24 13:05:00+05:30,2174.0,2178.0,2173.8,2175.55,108806,KOTAKBANK
4322,2025-03-24 13:10:00+05:30,2175.5,2178.05,2175.25,2177.95,101079,KOTAKBANK
4323,2025-03-24 13:15:00+05:30,2177.95,2177.95,2174.9,2176.4,186946,KOTAKBANK
4324,2025-03-24 13:20:00+05:30,2176.2,2178.4,2174.45,2175.0,88181,KOTAKBANK
4325,2025-03-24 13:25:00+05:30,2175.0,2177.45,2173.95,2174.6,121610,KOTAKBANK
4326,2025-03-24 13:30:00+05:30,2174.45,2174.6,2169.95,2170.1,74147,KOTAKBANK
4327,2025-03-24 13:35:00+05:30,2170.0,2170.25,2168.05,2169.0,60737,KOTAKBANK
4328,2025-03-24 13:40:00+05:30,2169.0,2176.0,2168.9,2170.8,391562,KOTAKBANK
4329,2025-03-24 13:45:00+05:30,2170.8,2175.0,2168.0,2170.55,335251,KOTAKBANK
4330,2025-03-24 13:50:00+05:30,2170.55,2175.0,2170.35,2173.6,192852,KOTAKBANK
4331,2025-03-24 13:55:00+05:30,2173.65,2174.85,2171.85,2174.7,64403,KOTAKBANK
4332,2025-03-24 14:00:00+05:30,2174.7,2176.9,2173.5,2173.8,231162,KOTAKBANK
4333,2025-03-24 14:05:00+05:30,2173.75,2174.2,2170.05,2171.4,57497,KOTAKBANK
4334,2025-03-24 14:10:00+05:30,2171.2,2174.95,2170.45,2174.5,51361,KOTAKBANK
4335,2025-03-24 14:15:00+05:30,2174.5,2175.35,2172.75,2174.85,51383,KOTAKBANK
4336,2025-03-24 14:20:00+05:30,2174.6,2176.4,2173.6,2176.15,57051,KOTAKBANK
4337,2025-03-24 14:25:00+05:30,2176.15,2179.3,2176.15,2176.6,75344,KOTAKBANK
4338,2025-03-24 14:30:00+05:30,2176.6,2178.35,2174.25,2175.5,97207,KOTAKBANK
4339,2025-03-24 14:35:00+05:30,2175.5,2181.5,2174.7,2179.0,109472,KOTAKBANK
4340,2025-03-24 14:40:00+05:30,2179.0,2180.45,2176.0,2176.7,90971,KOTAKBANK
4341,2025-03-24 14:45:00+05:30,2176.8,2176.8,2173.1,2174.9,90613,KOTAKBANK
4342,2025-03-24 14:50:00+05:30,2174.65,2177.6,2174.2,2177.05,99825,KOTAKBANK
4343,2025-03-24 14:55:00+05:30,2177.0,2178.1,2175.65,2177.55,120775,KOTAKBANK
4344,2025-03-24 15:00:00+05:30,2177.55,2177.65,2171.75,2174.2,124148,KOTAKBANK
4345,2025-03-24 15:05:00+05:30,2174.3,2175.5,2173.0,2173.2,125477,KOTAKBANK
4346,2025-03-24 15:10:00+05:30,2173.25,2175.45,2173.0,2174.35,119458,KOTAKBANK
4347,2025-03-24 15:15:00+05:30,2174.4,2179.9,2174.4,2177.15,227237,KOTAKBANK
4348,2025-03-24 15:20:00+05:30,2177.1,2178.8,2176.65,2177.95,200608,KOTAKBANK
4349,2025-03-24 15:25:00+05:30,2177.95,2180.0,2172.45,2180.0,119632,KOTAKBANK
4350,2025-03-25 09:15:00+05:30,2179.9,2189.55,2176.15,2188.65,164471,KOTAKBANK
4351,2025-03-25 09:20:00+05:30,2188.65,2190.2,2181.9,2183.0,143930,KOTAKBANK
4352,2025-03-25 09:25:00+05:30,2183.05,2189.8,2181.7,2189.8,189655,KOTAKBANK
4353,2025-03-25 09:30:00+05:30,2189.8,2200.0,2188.95,2199.4,150900,KOTAKBANK
4354,2025-03-25 09:35:00+05:30,2199.4,2200.0,2192.05,2195.2,211848,KOTAKBANK
4355,2025-03-25 09:40:00+05:30,2195.2,2197.0,2189.4,2191.25,392215,KOTAKBANK
4356,2025-03-25 09:45:00+05:30,2191.25,2195.0,2187.55,2194.15,107947,KOTAKBANK
4357,2025-03-25 09:50:00+05:30,2194.1,2200.1,2193.0,2198.75,167032,KOTAKBANK
4358,2025-03-25 09:55:00+05:30,2198.75,2202.5,2197.8,2199.65,112157,KOTAKBANK
4359,2025-03-25 10:00:00+05:30,2199.65,2200.0,2195.25,2199.0,281081,KOTAKBANK
4360,2025-03-25 10:05:00+05:30,2198.25,2200.95,2195.1,2195.4,1101152,KOTAKBANK
4361,2025-03-25 10:10:00+05:30,2195.1,2195.7,2189.4,2192.15,83703,KOTAKBANK
4362,2025-03-25 10:15:00+05:30,2191.55,2193.35,2187.15,2190.0,171163,KOTAKBANK
4363,2025-03-25 10:20:00+05:30,2190.0,2195.75,2189.9,2193.25,88168,KOTAKBANK
4364,2025-03-25 10:25:00+05:30,2193.3,2195.65,2192.8,2193.3,35019,KOTAKBANK
4365,2025-03-25 10:30:00+05:30,2193.05,2194.95,2190.55,2191.95,46936,KOTAKBANK
4366,2025-03-25 10:35:00+05:30,2191.95,2193.1,2182.1,2183.75,94375,KOTAKBANK
4367,2025-03-25 10:40:00+05:30,2183.8,2190.0,2183.45,2187.0,60644,KOTAKBANK
4368,2025-03-25 10:45:00+05:30,2187.0,2188.6,2184.45,2185.25,48527,KOTAKBANK
4369,2025-03-25 10:50:00+05:30,2185.25,2188.9,2183.9,2187.4,70501,KOTAKBANK
4370,2025-03-25 10:55:00+05:30,2187.15,2188.0,2183.2,2187.1,74235,KOTAKBANK
4371,2025-03-25 11:00:00+05:30,2187.1,2187.75,2183.9,2187.75,37511,KOTAKBANK
4372,2025-03-25 11:05:00+05:30,2187.75,2188.0,2184.5,2185.7,51194,KOTAKBANK
4373,2025-03-25 11:10:00+05:30,2185.15,2189.35,2184.9,2188.9,38530,KOTAKBANK
4374,2025-03-25 11:15:00+05:30,2189.35,2192.5,2188.35,2191.4,43720,KOTAKBANK
4375,2025-03-25 11:20:00+05:30,2191.4,2191.8,2187.5,2188.4,36728,KOTAKBANK
4376,2025-03-25 11:25:00+05:30,2188.45,2189.15,2184.5,2187.35,35561,KOTAKBANK
4377,2025-03-25 11:30:00+05:30,2187.9,2189.75,2184.65,2189.55,39769,KOTAKBANK
4378,2025-03-25 11:35:00+05:30,2188.85,2190.0,2186.85,2187.55,41859,KOTAKBANK
4379,2025-03-25 11:40:00+05:30,2187.5,2187.95,2183.05,2185.25,36551,KOTAKBANK
4380,2025-03-25 11:45:00+05:30,2185.25,2186.95,2184.0,2186.0,29337,KOTAKBANK
4381,2025-03-25 11:50:00+05:30,2186.0,2189.5,2185.0,2189.5,33887,KOTAKBANK
4382,2025-03-25 11:55:00+05:30,2189.4,2190.45,2188.0,2190.45,34705,KOTAKBANK
4383,2025-03-25 12:00:00+05:30,2190.45,2192.45,2188.15,2189.4,44114,KOTAKBANK
4384,2025-03-25 12:05:00+05:30,2189.4,2189.4,2187.55,2188.1,36000,KOTAKBANK
4385,2025-03-25 12:10:00+05:30,2188.1,2188.85,2185.65,2188.35,39923,KOTAKBANK
4386,2025-03-25 12:15:00+05:30,2188.15,2189.4,2186.4,2188.4,35757,KOTAKBANK
4387,2025-03-25 12:20:00+05:30,2188.5,2190.0,2186.55,2189.7,62275,KOTAKBANK
4388,2025-03-25 12:25:00+05:30,2189.7,2191.4,2187.8,2191.3,40023,KOTAKBANK
4389,2025-03-25 12:30:00+05:30,2191.25,2192.2,2190.5,2191.55,39381,KOTAKBANK
4390,2025-03-25 12:35:00+05:30,2191.35,2194.6,2191.05,2194.25,50706,KOTAKBANK
4391,2025-03-25 12:40:00+05:30,2194.3,2194.35,2189.0,2191.5,60214,KOTAKBANK
4392,2025-03-25 12:45:00+05:30,2191.5,2192.8,2190.35,2192.1,29074,KOTAKBANK
4393,2025-03-25 12:50:00+05:30,2192.0,2192.3,2190.55,2192.3,31758,KOTAKBANK
4394,2025-03-25 12:55:00+05:30,2192.3,2193.0,2190.55,2193.0,39185,KOTAKBANK
4395,2025-03-25 13:00:00+05:30,2193.0,2193.0,2190.2,2190.3,37609,KOTAKBANK
4396,2025-03-25 13:05:00+05:30,2190.45,2192.45,2189.4,2190.4,25834,KOTAKBANK
4397,2025-03-25 13:10:00+05:30,2190.4,2192.15,2190.15,2191.75,32963,KOTAKBANK
4398,2025-03-25 13:15:00+05:30,2191.75,2191.75,2186.25,2188.1,74390,KOTAKBANK
4399,2025-03-25 13:20:00+05:30,2189.05,2189.95,2185.8,2188.2,39313,KOTAKBANK
4400,2025-03-25 13:25:00+05:30,2188.8,2189.75,2185.15,2185.95,38090,KOTAKBANK
4401,2025-03-25 13:30:00+05:30,2185.95,2187.0,2185.05,2186.4,45040,KOTAKBANK
4402,2025-03-25 13:35:00+05:30,2186.15,2186.95,2182.95,2185.0,97709,KOTAKBANK
4403,2025-03-25 13:40:00+05:30,2185.0,2185.0,2182.1,2184.15,58888,KOTAKBANK
4404,2025-03-25 13:45:00+05:30,2183.95,2185.0,2180.55,2184.95,65206,KOTAKBANK
4405,2025-03-25 13:50:00+05:30,2185.0,2186.45,2180.7,2182.1,62888,KOTAKBANK
4406,2025-03-25 13:55:00+05:30,2182.1,2184.0,2181.35,2181.65,70764,KOTAKBANK
4407,2025-03-25 14:00:00+05:30,2182.0,2183.0,2180.4,2182.35,37350,KOTAKBANK
4408,2025-03-25 14:05:00+05:30,2182.3,2185.0,2181.7,2183.8,43243,KOTAKBANK
4409,2025-03-25 14:10:00+05:30,2183.8,2184.6,2181.75,2182.55,44757,KOTAKBANK
4410,2025-03-25 14:15:00+05:30,2182.55,2183.0,2180.3,2181.4,25680,KOTAKBANK
4411,2025-03-25 14:20:00+05:30,2181.35,2181.95,2175.2,2176.0,72902,KOTAKBANK
4412,2025-03-25 14:25:00+05:30,2176.0,2178.6,2172.0,2172.1,91894,KOTAKBANK
4413,2025-03-25 14:30:00+05:30,2172.15,2175.1,2172.1,2175.0,60579,KOTAKBANK
4414,2025-03-25 14:35:00+05:30,2174.9,2176.25,2172.2,2175.4,77692,KOTAKBANK
4415,2025-03-25 14:40:00+05:30,2175.35,2179.6,2172.25,2172.7,89988,KOTAKBANK
4416,2025-03-25 14:45:00+05:30,2172.85,2174.0,2170.15,2172.8,60990,KOTAKBANK
4417,2025-03-25 14:50:00+05:30,2172.95,2174.25,2171.15,2173.25,69131,KOTAKBANK
4418,2025-03-25 14:55:00+05:30,2172.7,2178.15,2171.45,2172.3,118304,KOTAKBANK
4419,2025-03-25 15:00:00+05:30,2172.3,2175.0,2172.25,2174.05,223340,KOTAKBANK
4420,2025-03-25 15:05:00+05:30,2174.05,2175.05,2171.3,2172.8,182898,KOTAKBANK
4421,2025-03-25 15:10:00+05:30,2172.95,2173.35,2167.95,2169.2,176951,KOTAKBANK
4422,2025-03-25 15:15:00+05:30,2169.2,2170.1,2166.65,2170.1,191499,KOTAKBANK
4423,2025-03-25 15:20:00+05:30,2169.95,2170.0,2165.85,2166.5,129175,KOTAKBANK
4424,2025-03-25 15:25:00+05:30,2166.4,2171.9,2160.0,2171.9,203851,KOTAKBANK
4425,2025-03-26 09:15:00+05:30,2175.0,2176.0,2160.65,2166.5,137217,KOTAKBANK
4426,2025-03-26 09:20:00+05:30,2166.3,2173.35,2164.35,2168.15,83373,KOTAKBANK
4427,2025-03-26 09:25:00+05:30,2168.25,2171.85,2160.05,2161.05,46141,KOTAKBANK
4428,2025-03-26 09:30:00+05:30,2160.7,2166.55,2154.25,2166.55,60358,KOTAKBANK
4429,2025-03-26 09:35:00+05:30,2166.55,2167.95,2163.6,2166.4,31658,KOTAKBANK
4430,2025-03-26 09:40:00+05:30,2166.65,2168.75,2162.7,2162.85,38446,KOTAKBANK
4431,2025-03-26 09:45:00+05:30,2162.85,2166.75,2159.65,2165.05,28219,KOTAKBANK
4432,2025-03-26 09:50:00+05:30,2165.1,2165.45,2160.1,2160.75,27066,KOTAKBANK
4433,2025-03-26 09:55:00+05:30,2160.7,2163.4,2159.7,2162.05,18141,KOTAKBANK
4434,2025-03-26 10:00:00+05:30,2161.95,2162.1,2156.9,2159.05,30576,KOTAKBANK
4435,2025-03-26 10:05:00+05:30,2158.55,2158.8,2154.6,2158.35,24640,KOTAKBANK
4436,2025-03-26 10:10:00+05:30,2158.2,2159.05,2153.75,2155.0,28055,KOTAKBANK
4437,2025-03-26 10:15:00+05:30,2155.45,2155.5,2152.1,2154.2,33327,KOTAKBANK
4438,2025-03-26 10:20:00+05:30,2154.1,2154.9,2148.0,2148.75,41193,KOTAKBANK
4439,2025-03-26 10:25:00+05:30,2148.7,2150.25,2147.7,2148.95,26641,KOTAKBANK
4440,2025-03-26 10:30:00+05:30,2148.8,2157.25,2148.35,2157.25,24386,KOTAKBANK
4441,2025-03-26 10:35:00+05:30,2157.25,2159.9,2151.05,2151.5,35060,KOTAKBANK
4442,2025-03-26 10:40:00+05:30,2151.5,2154.8,2150.95,2153.3,19850,KOTAKBANK
4443,2025-03-26 10:45:00+05:30,2153.3,2157.95,2153.1,2156.75,18751,KOTAKBANK
4444,2025-03-26 10:50:00+05:30,2156.45,2159.0,2155.75,2157.6,18658,KOTAKBANK
4445,2025-03-26 10:55:00+05:30,2157.6,2159.0,2154.5,2157.05,16251,KOTAKBANK
4446,2025-03-26 11:00:00+05:30,2157.05,2157.95,2150.55,2152.2,21618,KOTAKBANK
4447,2025-03-26 11:05:00+05:30,2152.3,2155.5,2151.05,2154.6,13359,KOTAKBANK
4448,2025-03-26 11:10:00+05:30,2154.55,2156.0,2153.0,2155.35,15740,KOTAKBANK
4449,2025-03-26 11:15:00+05:30,2155.3,2157.0,2153.25,2154.1,21125,KOTAKBANK
4450,2025-03-26 11:20:00+05:30,2154.05,2154.6,2152.25,2153.85,16670,KOTAKBANK
4451,2025-03-26 11:25:00+05:30,2153.8,2155.6,2152.55,2155.6,14875,KOTAKBANK
4452,2025-03-26 11:30:00+05:30,2155.65,2155.65,2148.1,2149.65,42719,KOTAKBANK
4453,2025-03-26 11:35:00+05:30,2149.6,2151.9,2149.15,2150.4,14576,KOTAKBANK
4454,2025-03-26 11:40:00+05:30,2150.4,2150.4,2147.35,2149.1,18698,KOTAKBANK
4455,2025-03-26 11:45:00+05:30,2149.05,2149.2,2147.75,2149.2,11854,KOTAKBANK
4456,2025-03-26 11:50:00+05:30,2149.2,2150.0,2147.75,2149.7,12223,KOTAKBANK
4457,2025-03-26 11:55:00+05:30,2149.6,2149.65,2142.5,2142.7,21388,KOTAKBANK
4458,2025-03-26 12:00:00+05:30,2142.7,2144.85,2141.45,2142.15,16749,KOTAKBANK
4459,2025-03-26 12:05:00+05:30,2142.15,2143.8,2140.25,2141.75,22380,KOTAKBANK
4460,2025-03-26 12:10:00+05:30,2141.7,2143.45,2140.1,2142.5,17828,KOTAKBANK
4461,2025-03-26 12:15:00+05:30,2142.5,2143.65,2141.0,2141.2,17610,KOTAKBANK
4462,2025-03-26 12:20:00+05:30,2141.1,2142.0,2138.0,2141.05,26699,KOTAKBANK
4463,2025-03-26 12:25:00+05:30,2141.0,2142.0,2140.1,2141.85,20731,KOTAKBANK
4464,2025-03-26 12:30:00+05:30,2141.8,2142.5,2140.6,2141.9,21472,KOTAKBANK
4465,2025-03-26 12:35:00+05:30,2141.9,2143.15,2141.65,2142.85,14615,KOTAKBANK
4466,2025-03-26 12:40:00+05:30,2142.7,2142.7,2140.0,2142.05,19676,KOTAKBANK
4467,2025-03-26 12:45:00+05:30,2142.05,2145.7,2140.95,2144.95,19910,KOTAKBANK
4468,2025-03-26 12:50:00+05:30,2144.95,2145.0,2141.7,2142.55,17625,KOTAKBANK
4469,2025-03-26 12:55:00+05:30,2142.55,2142.55,2140.0,2141.2,17306,KOTAKBANK
4470,2025-03-26 13:00:00+05:30,2141.2,2141.7,2136.65,2137.35,25809,KOTAKBANK
4471,2025-03-26 13:05:00+05:30,2137.35,2137.7,2133.1,2133.25,36829,KOTAKBANK
4472,2025-03-26 13:10:00+05:30,2133.1,2136.0,2131.9,2134.65,32469,KOTAKBANK
4473,2025-03-26 13:15:00+05:30,2134.6,2135.1,2130.0,2132.15,35919,KOTAKBANK
4474,2025-03-26 13:20:00+05:30,2132.15,2134.0,2130.35,2133.1,35252,KOTAKBANK
4475,2025-03-26 13:25:00+05:30,2133.0,2135.0,2132.15,2132.5,31372,KOTAKBANK
4476,2025-03-26 13:30:00+05:30,2132.5,2133.3,2130.2,2130.35,30094,KOTAKBANK
4477,2025-03-26 13:35:00+05:30,2130.3,2134.0,2130.15,2132.1,32696,KOTAKBANK
4478,2025-03-26 13:40:00+05:30,2132.1,2133.3,2129.9,2131.35,55864,KOTAKBANK
4479,2025-03-26 13:45:00+05:30,2131.25,2132.75,2130.25,2130.35,28617,KOTAKBANK
4480,2025-03-26 13:50:00+05:30,2130.3,2133.7,2130.3,2132.3,33118,KOTAKBANK
4481,2025-03-26 13:55:00+05:30,2132.3,2133.0,2131.4,2132.7,26690,KOTAKBANK
4482,2025-03-26 14:00:00+05:30,2132.7,2137.25,2132.65,2136.1,39432,KOTAKBANK
4483,2025-03-26 14:05:00+05:30,2136.1,2139.55,2135.75,2136.6,41867,KOTAKBANK
4484,2025-03-26 14:10:00+05:30,2136.9,2138.55,2134.55,2136.05,37354,KOTAKBANK
4485,2025-03-26 14:15:00+05:30,2136.05,2137.75,2135.5,2136.15,30917,KOTAKBANK
4486,2025-03-26 14:20:00+05:30,2136.15,2136.45,2134.75,2136.0,30849,KOTAKBANK
4487,2025-03-26 14:25:00+05:30,2136.0,2138.1,2134.75,2136.65,31610,KOTAKBANK
4488,2025-03-26 14:30:00+05:30,2136.75,2136.75,2132.45,2133.6,30427,KOTAKBANK
4489,2025-03-26 14:35:00+05:30,2133.7,2133.7,2131.95,2132.0,36366,KOTAKBANK
4490,2025-03-26 14:40:00+05:30,2132.0,2134.25,2131.55,2132.2,37737,KOTAKBANK
4491,2025-03-26 14:45:00+05:30,2132.2,2135.35,2131.6,2133.35,46353,KOTAKBANK
4492,2025-03-26 14:50:00+05:30,2133.45,2137.15,2133.3,2133.55,49348,KOTAKBANK
4493,2025-03-26 14:55:00+05:30,2133.55,2134.5,2130.0,2133.85,51790,KOTAKBANK
4494,2025-03-26 15:00:00+05:30,2133.9,2142.9,2132.95,2142.4,149559,KOTAKBANK
4495,2025-03-26 15:05:00+05:30,2142.45,2142.75,2137.5,2142.45,120765,KOTAKBANK
4496,2025-03-26 15:10:00+05:30,2142.5,2149.0,2142.25,2148.7,129710,KOTAKBANK
4497,2025-03-26 15:15:00+05:30,2148.05,2149.55,2144.9,2146.85,195675,KOTAKBANK
4498,2025-03-26 15:20:00+05:30,2146.85,2149.9,2146.6,2147.8,160345,KOTAKBANK
4499,2025-03-26 15:25:00+05:30,2147.85,2150.0,2143.05,2148.65,131621,KOTAKBANK
4500,2025-03-27 09:15:00+05:30,2144.0,2145.15,2128.0,2138.05,157641,KOTAKBANK
4501,2025-03-27 09:20:00+05:30,2138.2,2143.55,2133.85,2143.45,116334,KOTAKBANK
4502,2025-03-27 09:25:00+05:30,2143.15,2144.55,2138.85,2142.95,51682,KOTAKBANK
4503,2025-03-27 09:30:00+05:30,2142.95,2148.2,2141.55,2146.2,58513,KOTAKBANK
4504,2025-03-27 09:35:00+05:30,2146.2,2146.75,2138.6,2139.2,25809,KOTAKBANK
4505,2025-03-27 09:40:00+05:30,2139.15,2142.75,2139.0,2141.6,26969,KOTAKBANK
4506,2025-03-27 09:45:00+05:30,2141.6,2150.0,2141.05,2149.9,40641,KOTAKBANK
4507,2025-03-27 09:50:00+05:30,2149.9,2151.4,2147.0,2148.0,37687,KOTAKBANK
4508,2025-03-27 09:55:00+05:30,2148.0,2148.0,2143.45,2147.4,31767,KOTAKBANK
4509,2025-03-27 10:00:00+05:30,2147.4,2148.25,2143.15,2144.45,50326,KOTAKBANK
4510,2025-03-27 10:05:00+05:30,2144.45,2146.95,2143.25,2144.9,43538,KOTAKBANK
4511,2025-03-27 10:10:00+05:30,2144.9,2147.0,2143.8,2145.15,31734,KOTAKBANK
4512,2025-03-27 10:15:00+05:30,2145.15,2146.85,2143.7,2144.2,34788,KOTAKBANK
4513,2025-03-27 10:20:00+05:30,2144.0,2144.15,2141.15,2144.0,17897,KOTAKBANK
4514,2025-03-27 10:25:00+05:30,2143.95,2144.2,2140.8,2141.4,13260,KOTAKBANK
4515,2025-03-27 10:30:00+05:30,2141.4,2142.35,2138.25,2139.55,19936,KOTAKBANK
4516,2025-03-27 10:35:00+05:30,2139.95,2140.15,2133.05,2134.2,37713,KOTAKBANK
4517,2025-03-27 10:40:00+05:30,2134.2,2137.0,2133.05,2133.25,28141,KOTAKBANK
4518,2025-03-27 10:45:00+05:30,2133.6,2139.0,2133.2,2136.8,39462,KOTAKBANK
4519,2025-03-27 10:50:00+05:30,2136.7,2140.3,2135.6,2140.05,24377,KOTAKBANK
4520,2025-03-27 10:55:00+05:30,2139.95,2142.95,2139.5,2141.85,23048,KOTAKBANK
4521,2025-03-27 11:00:00+05:30,2141.85,2146.0,2141.6,2143.55,31236,KOTAKBANK
4522,2025-03-27 11:05:00+05:30,2143.4,2144.6,2141.3,2142.85,38788,KOTAKBANK
4523,2025-03-27 11:10:00+05:30,2142.65,2143.75,2140.6,2141.45,36854,KOTAKBANK
4524,2025-03-27 11:15:00+05:30,2141.35,2142.8,2140.6,2141.1,16608,KOTAKBANK
4525,2025-03-27 11:20:00+05:30,2141.1,2142.8,2140.05,2142.1,13568,KOTAKBANK
4526,2025-03-27 11:25:00+05:30,2142.1,2145.6,2142.0,2144.8,26667,KOTAKBANK
4527,2025-03-27 11:30:00+05:30,2144.8,2147.2,2144.55,2145.8,20534,KOTAKBANK
4528,2025-03-27 11:35:00+05:30,2145.9,2145.9,2142.9,2143.55,20236,KOTAKBANK
4529,2025-03-27 11:40:00+05:30,2143.5,2144.35,2141.65,2142.55,25313,KOTAKBANK
4530,2025-03-27 11:45:00+05:30,2142.5,2143.0,2141.5,2141.85,13564,KOTAKBANK
4531,2025-03-27 11:50:00+05:30,2142.5,2143.8,2141.65,2142.95,20029,KOTAKBANK
4532,2025-03-27 11:55:00+05:30,2143.0,2143.55,2142.2,2142.35,12700,KOTAKBANK
4533,2025-03-27 12:00:00+05:30,2142.25,2142.6,2138.65,2139.8,19985,KOTAKBANK
4534,2025-03-27 12:05:00+05:30,2139.75,2139.75,2138.25,2138.7,14688,KOTAKBANK
4535,2025-03-27 12:10:00+05:30,2139.0,2140.35,2138.65,2139.2,15336,KOTAKBANK
4536,2025-03-27 12:15:00+05:30,2139.2,2140.2,2138.25,2139.0,23772,KOTAKBANK
4537,2025-03-27 12:20:00+05:30,2139.05,2142.1,2139.05,2141.9,28966,KOTAKBANK
4538,2025-03-27 12:25:00+05:30,2141.85,2141.95,2137.35,2137.8,21763,KOTAKBANK
4539,2025-03-27 12:30:00+05:30,2137.8,2139.0,2136.8,2137.7,19703,KOTAKBANK
4540,2025-03-27 12:35:00+05:30,2137.55,2138.95,2136.7,2138.45,23848,KOTAKBANK
4541,2025-03-27 12:40:00+05:30,2138.45,2140.95,2138.35,2140.5,22538,KOTAKBANK
4542,2025-03-27 12:45:00+05:30,2140.5,2140.5,2139.35,2140.25,21648,KOTAKBANK
4543,2025-03-27 12:50:00+05:30,2140.25,2140.45,2137.9,2138.85,24906,KOTAKBANK
4544,2025-03-27 12:55:00+05:30,2138.8,2139.9,2138.0,2139.6,29805,KOTAKBANK
4545,2025-03-27 13:00:00+05:30,2139.55,2139.95,2138.05,2138.75,27386,KOTAKBANK
4546,2025-03-27 13:05:00+05:30,2138.75,2139.0,2136.25,2138.3,37417,KOTAKBANK
4547,2025-03-27 13:10:00+05:30,2138.3,2139.15,2137.2,2137.3,28519,KOTAKBANK
4548,2025-03-27 13:15:00+05:30,2137.25,2137.8,2136.5,2137.5,20074,KOTAKBANK
4549,2025-03-27 13:20:00+05:30,2137.3,2137.65,2135.6,2136.9,28574,KOTAKBANK
4550,2025-03-27 13:25:00+05:30,2136.35,2137.6,2135.25,2135.25,23084,KOTAKBANK
4551,2025-03-27 13:30:00+05:30,2135.25,2136.55,2134.95,2136.05,36743,KOTAKBANK
4552,2025-03-27 13:35:00+05:30,2135.85,2136.9,2134.0,2134.95,55292,KOTAKBANK
4553,2025-03-27 13:40:00+05:30,2134.6,2136.5,2133.35,2134.9,66676,KOTAKBANK
4554,2025-03-27 13:45:00+05:30,2134.65,2135.55,2133.5,2134.45,39550,KOTAKBANK
4555,2025-03-27 13:50:00+05:30,2134.4,2136.1,2133.75,2134.65,44206,KOTAKBANK
4556,2025-03-27 13:55:00+05:30,2133.9,2135.1,2133.8,2134.95,31526,KOTAKBANK
4557,2025-03-27 14:00:00+05:30,2134.65,2135.55,2134.0,2134.95,45614,KOTAKBANK
4558,2025-03-27 14:05:00+05:30,2134.9,2135.95,2133.65,2134.95,37869,KOTAKBANK
4559,2025-03-27 14:10:00+05:30,2134.95,2136.35,2134.0,2135.95,55295,KOTAKBANK
4560,2025-03-27 14:15:00+05:30,2135.85,2140.8,2135.55,2139.25,57113,KOTAKBANK
4561,2025-03-27 14:20:00+05:30,2139.45,2140.05,2135.95,2136.0,45119,KOTAKBANK
4562,2025-03-27 14:25:00+05:30,2136.65,2137.15,2134.55,2136.65,44671,KOTAKBANK
4563,2025-03-27 14:30:00+05:30,2136.35,2138.5,2135.55,2135.7,71175,KOTAKBANK
4564,2025-03-27 14:35:00+05:30,2135.65,2136.05,2133.9,2135.6,92437,KOTAKBANK
4565,2025-03-27 14:40:00+05:30,2135.6,2137.9,2135.15,2137.05,88939,KOTAKBANK
4566,2025-03-27 14:45:00+05:30,2137.05,2143.0,2135.3,2140.1,116044,KOTAKBANK
4567,2025-03-27 14:50:00+05:30,2140.3,2143.25,2138.6,2140.5,133257,KOTAKBANK
4568,2025-03-27 14:55:00+05:30,2140.5,2140.5,2135.85,2138.4,191752,KOTAKBANK
4569,2025-03-27 15:00:00+05:30,2138.55,2142.55,2123.95,2127.7,1227691,KOTAKBANK
4570,2025-03-27 15:05:00+05:30,2127.75,2141.0,2123.65,2132.55,1234033,KOTAKBANK
4571,2025-03-27 15:10:00+05:30,2132.6,2133.85,2126.15,2128.65,1179316,KOTAKBANK
4572,2025-03-27 15:15:00+05:30,2128.65,2128.65,2120.0,2126.9,1113193,KOTAKBANK
4573,2025-03-27 15:20:00+05:30,2126.65,2129.1,2122.3,2127.1,1096799,KOTAKBANK
4574,2025-03-27 15:25:00+05:30,2127.05,2142.0,2111.85,2135.45,687969,KOTAKBANK
4575,2025-03-28 09:15:00+05:30,2139.3,2155.0,2139.0,2150.9,107256,KOTAKBANK
4576,2025-03-28 09:20:00+05:30,2150.9,2162.55,2149.65,2153.85,56581,KOTAKBANK
4577,2025-03-28 09:25:00+05:30,2153.85,2153.9,2148.5,2151.55,45895,KOTAKBANK
4578,2025-03-28 09:30:00+05:30,2151.35,2155.5,2148.1,2150.8,47143,KOTAKBANK
4579,2025-03-28 09:35:00+05:30,2151.0,2154.9,2148.55,2150.0,49262,KOTAKBANK
4580,2025-03-28 09:40:00+05:30,2149.95,2150.0,2146.5,2148.3,30634,KOTAKBANK
4581,2025-03-28 09:45:00+05:30,2148.3,2158.4,2147.2,2157.7,28749,KOTAKBANK
4582,2025-03-28 09:50:00+05:30,2157.9,2163.05,2157.4,2162.15,38408,KOTAKBANK
4583,2025-03-28 09:55:00+05:30,2162.0,2162.15,2158.35,2161.15,26896,KOTAKBANK
4584,2025-03-28 10:00:00+05:30,2161.15,2161.75,2159.75,2160.4,19624,KOTAKBANK
4585,2025-03-28 10:05:00+05:30,2160.9,2161.8,2157.45,2159.0,35660,KOTAKBANK
4586,2025-03-28 10:10:00+05:30,2159.3,2161.1,2157.15,2161.0,19130,KOTAKBANK
4587,2025-03-28 10:15:00+05:30,2161.3,2162.9,2159.85,2162.85,23994,KOTAKBANK
4588,2025-03-28 10:20:00+05:30,2162.9,2170.0,2162.85,2168.0,50724,KOTAKBANK
4589,2025-03-28 10:25:00+05:30,2167.95,2169.0,2166.25,2168.3,26245,KOTAKBANK
4590,2025-03-28 10:30:00+05:30,2168.3,2170.9,2164.8,2170.8,40676,KOTAKBANK
4591,2025-03-28 10:35:00+05:30,2170.8,2172.05,2169.55,2169.7,26672,KOTAKBANK
4592,2025-03-28 10:40:00+05:30,2170.0,2171.5,2166.4,2167.0,26982,KOTAKBANK
4593,2025-03-28 10:45:00+05:30,2166.95,2169.85,2166.0,2169.85,23594,KOTAKBANK
4594,2025-03-28 10:50:00+05:30,2169.1,2169.85,2165.55,2166.15,33843,KOTAKBANK
4595,2025-03-28 10:55:00+05:30,2166.2,2168.0,2163.55,2166.0,22955,KOTAKBANK
4596,2025-03-28 11:00:00+05:30,2165.95,2166.95,2163.75,2164.05,17189,KOTAKBANK
4597,2025-03-28 11:05:00+05:30,2163.95,2164.9,2161.8,2162.0,15928,KOTAKBANK
4598,2025-03-28 11:10:00+05:30,2161.95,2162.9,2157.55,2157.95,22172,KOTAKBANK
4599,2025-03-28 11:15:00+05:30,2157.6,2157.9,2155.0,2156.6,28732,KOTAKBANK
4600,2025-03-28 11:20:00+05:30,2156.6,2158.1,2156.35,2157.2,19513,KOTAKBANK
4601,2025-03-28 11:25:00+05:30,2157.1,2157.3,2154.2,2156.0,14553,KOTAKBANK
4602,2025-03-28 11:30:00+05:30,2156.0,2158.9,2154.0,2154.4,19711,KOTAKBANK
4603,2025-03-28 11:35:00+05:30,2154.4,2158.5,2154.05,2157.1,12174,KOTAKBANK
4604,2025-03-28 11:40:00+05:30,2157.1,2157.15,2154.9,2156.15,22900,KOTAKBANK
4605,2025-03-28 11:45:00+05:30,2156.15,2159.9,2156.05,2159.2,15119,KOTAKBANK
4606,2025-03-28 11:50:00+05:30,2159.45,2160.0,2157.6,2159.95,21319,KOTAKBANK
4607,2025-03-28 11:55:00+05:30,2159.95,2160.55,2158.2,2160.55,14414,KOTAKBANK
4608,2025-03-28 12:00:00+05:30,2160.55,2164.35,2160.5,2163.6,38299,KOTAKBANK
4609,2025-03-28 12:05:00+05:30,2163.6,2166.6,2163.0,2165.95,21469,KOTAKBANK
4610,2025-03-28 12:10:00+05:30,2165.95,2166.65,2164.8,2165.35,12171,KOTAKBANK
4611,2025-03-28 12:15:00+05:30,2164.8,2165.7,2159.55,2160.65,25834,KOTAKBANK
4612,2025-03-28 12:20:00+05:30,2160.35,2162.0,2159.15,2161.25,24007,KOTAKBANK
4613,2025-03-28 12:25:00+05:30,2161.3,2161.9,2160.05,2160.8,13361,KOTAKBANK
4614,2025-03-28 12:30:00+05:30,2160.75,2162.0,2158.7,2160.0,18979,KOTAKBANK
4615,2025-03-28 12:35:00+05:30,2160.1,2163.4,2158.45,2162.2,27581,KOTAKBANK
4616,2025-03-28 12:40:00+05:30,2162.2,2163.0,2160.75,2162.3,12281,KOTAKBANK
4617,2025-03-28 12:45:00+05:30,2162.85,2163.7,2162.3,2163.05,13714,KOTAKBANK
4618,2025-03-28 12:50:00+05:30,2163.05,2164.95,2162.4,2163.6,14438,KOTAKBANK
4619,2025-03-28 12:55:00+05:30,2163.6,2163.65,2161.75,2163.2,20434,KOTAKBANK
4620,2025-03-28 13:00:00+05:30,2163.15,2163.15,2160.1,2160.5,9636,KOTAKBANK
4621,2025-03-28 13:05:00+05:30,2160.5,2165.95,2160.45,2165.95,11219,KOTAKBANK
4622,2025-03-28 13:10:00+05:30,2165.95,2166.35,2164.6,2165.0,11464,KOTAKBANK
4623,2025-03-28 13:15:00+05:30,2165.05,2165.2,2163.05,2163.95,13952,KOTAKBANK
4624,2025-03-28 13:20:00+05:30,2164.25,2166.3,2163.55,2166.0,13687,KOTAKBANK
4625,2025-03-28 13:25:00+05:30,2166.0,2166.5,2165.15,2166.45,12090,KOTAKBANK
4626,2025-03-28 13:30:00+05:30,2166.5,2169.5,2165.35,2169.45,40624,KOTAKBANK
4627,2025-03-28 13:35:00+05:30,2169.5,2170.4,2166.1,2167.1,27429,KOTAKBANK
4628,2025-03-28 13:40:00+05:30,2167.15,2168.35,2166.55,2167.6,14502,KOTAKBANK
4629,2025-03-28 13:45:00+05:30,2167.6,2168.35,2164.35,2165.0,23169,KOTAKBANK
4630,2025-03-28 13:50:00+05:30,2165.0,2166.35,2164.5,2165.65,21936,KOTAKBANK
4631,2025-03-28 13:55:00+05:30,2165.5,2167.9,2165.45,2167.0,40013,KOTAKBANK
4632,2025-03-28 14:00:00+05:30,2166.9,2167.2,2165.25,2166.2,49182,KOTAKBANK
4633,2025-03-28 14:05:00+05:30,2166.2,2170.0,2166.05,2169.45,53267,KOTAKBANK
4634,2025-03-28 14:10:00+05:30,2169.6,2170.65,2167.55,2169.95,61728,KOTAKBANK
4635,2025-03-28 14:15:00+05:30,2169.85,2172.35,2168.3,2169.25,69182,KOTAKBANK
4636,2025-03-28 14:20:00+05:30,2169.4,2170.0,2166.0,2168.25,52844,KOTAKBANK
4637,2025-03-28 14:25:00+05:30,2168.0,2170.0,2166.1,2169.75,45724,KOTAKBANK
4638,2025-03-28 14:30:00+05:30,2169.8,2171.5,2168.6,2169.95,50654,KOTAKBANK
4639,2025-03-28 14:35:00+05:30,2169.9,2176.75,2169.05,2175.75,105825,KOTAKBANK
4640,2025-03-28 14:40:00+05:30,2175.75,2178.3,2175.1,2177.95,90716,KOTAKBANK
4641,2025-03-28 14:45:00+05:30,2177.95,2179.85,2177.05,2177.2,69719,KOTAKBANK
4642,2025-03-28 14:50:00+05:30,2177.2,2179.9,2176.05,2178.05,87027,KOTAKBANK
4643,2025-03-28 14:55:00+05:30,2178.25,2178.45,2176.2,2176.7,77311,KOTAKBANK
4644,2025-03-28 15:00:00+05:30,2176.65,2176.75,2168.35,2169.3,221991,KOTAKBANK
4645,2025-03-28 15:05:00+05:30,2169.2,2171.1,2166.7,2168.25,220888,KOTAKBANK
4646,2025-03-28 15:10:00+05:30,2168.25,2174.95,2167.55,2174.0,199003,KOTAKBANK
4647,2025-03-28 15:15:00+05:30,2174.0,2174.95,2168.5,2169.8,204026,KOTAKBANK
4648,2025-03-28 15:20:00+05:30,2169.45,2172.6,2168.4,2171.95,307498,KOTAKBANK
4649,2025-03-28 15:25:00+05:30,2172.1,2175.0,2168.75,2174.0,196446,KOTAKBANK
4650,2025-04-01 09:15:00+05:30,2174.3,2178.5,2160.5,2165.15,288931,KOTAKBANK
4651,2025-04-01 09:20:00+05:30,2164.05,2167.55,2152.75,2153.15,110572,KOTAKBANK
4652,2025-04-01 09:25:00+05:30,2154.2,2160.5,2149.6,2159.9,98233,KOTAKBANK
4653,2025-04-01 09:30:00+05:30,2159.65,2165.0,2158.9,2162.35,50984,KOTAKBANK
4654,2025-04-01 09:35:00+05:30,2162.75,2168.9,2159.1,2168.9,51441,KOTAKBANK
4655,2025-04-01 09:40:00+05:30,2167.6,2169.0,2165.7,2166.95,51554,KOTAKBANK
4656,2025-04-01 09:45:00+05:30,2166.65,2168.35,2164.0,2165.85,35016,KOTAKBANK
4657,2025-04-01 09:50:00+05:30,2165.85,2169.0,2163.35,2166.65,27594,KOTAKBANK
4658,2025-04-01 09:55:00+05:30,2166.35,2166.65,2163.55,2164.1,20722,KOTAKBANK
4659,2025-04-01 10:00:00+05:30,2164.5,2165.05,2158.2,2161.1,46036,KOTAKBANK
4660,2025-04-01 10:05:00+05:30,2161.1,2161.7,2158.65,2160.75,24436,KOTAKBANK
4661,2025-04-01 10:10:00+05:30,2160.2,2161.15,2153.6,2154.6,36638,KOTAKBANK
4662,2025-04-01 10:15:00+05:30,2154.5,2158.3,2153.2,2157.3,38520,KOTAKBANK
4663,2025-04-01 10:20:00+05:30,2157.3,2157.8,2145.8,2146.1,55983,KOTAKBANK
4664,2025-04-01 10:25:00+05:30,2145.7,2148.65,2140.0,2143.0,84079,KOTAKBANK
4665,2025-04-01 10:30:00+05:30,2143.0,2145.0,2140.25,2143.75,116388,KOTAKBANK
4666,2025-04-01 10:35:00+05:30,2143.75,2149.4,2142.3,2149.25,129793,KOTAKBANK
4667,2025-04-01 10:40:00+05:30,2149.3,2151.25,2147.0,2148.7,38896,KOTAKBANK
4668,2025-04-01 10:45:00+05:30,2148.35,2151.0,2147.65,2148.0,20664,KOTAKBANK
4669,2025-04-01 10:50:00+05:30,2147.85,2147.85,2144.0,2144.95,24342,KOTAKBANK
4670,2025-04-01 10:55:00+05:30,2144.75,2144.95,2140.0,2141.75,53274,KOTAKBANK
4671,2025-04-01 11:00:00+05:30,2141.75,2142.0,2137.1,2139.0,53480,KOTAKBANK
4672,2025-04-01 11:05:00+05:30,2139.0,2140.45,2136.0,2136.0,24416,KOTAKBANK
4673,2025-04-01 11:10:00+05:30,2136.0,2143.55,2135.9,2141.6,26946,KOTAKBANK
4674,2025-04-01 11:15:00+05:30,2141.55,2145.0,2141.25,2142.9,21533,KOTAKBANK
4675,2025-04-01 11:20:00+05:30,2142.9,2144.95,2141.0,2143.3,22335,KOTAKBANK
4676,2025-04-01 11:25:00+05:30,2143.55,2143.95,2140.65,2142.5,19437,KOTAKBANK
4677,2025-04-01 11:30:00+05:30,2142.5,2143.2,2137.8,2140.05,19205,KOTAKBANK
4678,2025-04-01 11:35:00+05:30,2140.05,2141.45,2138.05,2140.3,24247,KOTAKBANK
4679,2025-04-01 11:40:00+05:30,2140.3,2142.15,2138.0,2140.55,25435,KOTAKBANK
4680,2025-04-01 11:45:00+05:30,2140.2,2143.1,2138.0,2142.25,19978,KOTAKBANK
4681,2025-04-01 11:50:00+05:30,2142.75,2143.95,2140.65,2142.8,24591,KOTAKBANK
4682,2025-04-01 11:55:00+05:30,2143.25,2145.0,2141.35,2144.75,16434,KOTAKBANK
4683,2025-04-01 12:00:00+05:30,2144.75,2145.7,2141.8,2142.8,22542,KOTAKBANK
4684,2025-04-01 12:05:00+05:30,2142.9,2144.2,2142.75,2144.0,16091,KOTAKBANK
4685,2025-04-01 12:10:00+05:30,2143.95,2145.4,2138.3,2139.9,35219,KOTAKBANK
4686,2025-04-01 12:15:00+05:30,2139.85,2145.7,2139.85,2144.3,19579,KOTAKBANK
4687,2025-04-01 12:20:00+05:30,2144.3,2145.0,2142.2,2145.0,23943,KOTAKBANK
4688,2025-04-01 12:25:00+05:30,2144.85,2145.85,2142.3,2142.8,37457,KOTAKBANK
4689,2025-04-01 12:30:00+05:30,2142.8,2146.05,2138.0,2140.05,274674,KOTAKBANK
4690,2025-04-01 12:35:00+05:30,2139.8,2144.1,2139.2,2141.85,24746,KOTAKBANK
4691,2025-04-01 12:40:00+05:30,2142.0,2144.2,2141.05,2141.2,18789,KOTAKBANK
4692,2025-04-01 12:45:00+05:30,2141.2,2141.75,2138.85,2140.4,30964,KOTAKBANK
4693,2025-04-01 12:50:00+05:30,2140.4,2143.4,2139.8,2142.05,12871,KOTAKBANK
4694,2025-04-01 12:55:00+05:30,2141.5,2144.05,2139.3,2141.55,40685,KOTAKBANK
4695,2025-04-01 13:00:00+05:30,2141.55,2141.55,2139.25,2139.95,29387,KOTAKBANK
4696,2025-04-01 13:05:00+05:30,2139.95,2142.8,2139.35,2140.7,14300,KOTAKBANK
4697,2025-04-01 13:10:00+05:30,2140.7,2144.15,2140.25,2142.55,13560,KOTAKBANK
4698,2025-04-01 13:15:00+05:30,2142.5,2143.6,2138.95,2140.9,32193,KOTAKBANK
4699,2025-04-01 13:20:00+05:30,2140.9,2143.1,2139.2,2142.7,23901,KOTAKBANK
4700,2025-04-01 13:25:00+05:30,2142.7,2143.0,2140.1,2140.6,20867,KOTAKBANK
4701,2025-04-01 13:30:00+05:30,2140.6,2142.8,2139.3,2141.65,27684,KOTAKBANK
4702,2025-04-01 13:35:00+05:30,2141.85,2143.5,2141.35,2142.85,30202,KOTAKBANK
4703,2025-04-01 13:40:00+05:30,2142.85,2144.45,2142.6,2142.6,19427,KOTAKBANK
4704,2025-04-01 13:45:00+05:30,2142.8,2144.35,2140.95,2142.1,35535,KOTAKBANK
4705,2025-04-01 13:50:00+05:30,2142.1,2144.05,2141.75,2142.2,25348,KOTAKBANK
4706,2025-04-01 13:55:00+05:30,2142.25,2144.45,2140.95,2141.1,24929,KOTAKBANK
4707,2025-04-01 14:00:00+05:30,2140.95,2146.7,2140.85,2145.65,33028,KOTAKBANK
4708,2025-04-01 14:05:00+05:30,2145.3,2145.65,2142.8,2143.0,19464,KOTAKBANK
4709,2025-04-01 14:10:00+05:30,2143.05,2144.9,2140.95,2143.4,32561,KOTAKBANK
4710,2025-04-01 14:15:00+05:30,2143.45,2144.0,2141.6,2142.2,19704,KOTAKBANK
4711,2025-04-01 14:20:00+05:30,2142.25,2145.0,2142.2,2144.25,24151,KOTAKBANK
4712,2025-04-01 14:25:00+05:30,2144.2,2145.8,2144.0,2144.9,26890,KOTAKBANK
4713,2025-04-01 14:30:00+05:30,2144.9,2147.9,2143.6,2147.6,33644,KOTAKBANK
4714,2025-04-01 14:35:00+05:30,2147.35,2147.35,2144.05,2146.5,35952,KOTAKBANK
4715,2025-04-01 14:40:00+05:30,2146.5,2148.85,2146.3,2147.55,31764,KOTAKBANK
4716,2025-04-01 14:45:00+05:30,2147.65,2147.7,2145.1,2147.4,55707,KOTAKBANK
4717,2025-04-01 14:50:00+05:30,2147.4,2148.35,2144.45,2146.3,56365,KOTAKBANK
4718,2025-04-01 14:55:00+05:30,2146.3,2147.3,2145.25,2146.55,44695,KOTAKBANK
4719,2025-04-01 15:00:00+05:30,2146.4,2148.7,2144.9,2144.95,83424,KOTAKBANK
4720,2025-04-01 15:05:00+05:30,2144.95,2148.0,2144.55,2146.45,100071,KOTAKBANK
4721,2025-04-01 15:10:00+05:30,2146.4,2146.7,2145.35,2146.7,92088,KOTAKBANK
4722,2025-04-01 15:15:00+05:30,2146.7,2147.45,2144.1,2147.45,118008,KOTAKBANK
4723,2025-04-01 15:20:00+05:30,2147.35,2147.4,2144.1,2144.65,88765,KOTAKBANK
4724,2025-04-01 15:25:00+05:30,2144.6,2146.85,2143.5,2144.3,92246,KOTAKBANK
4725,2025-04-02 09:15:00+05:30,2141.0,2160.65,2140.55,2155.15,143085,KOTAKBANK
4726,2025-04-02 09:20:00+05:30,2155.8,2156.8,2147.8,2148.9,36831,KOTAKBANK
4727,2025-04-02 09:25:00+05:30,2149.1,2155.0,2146.44,2154.35,20475,KOTAKBANK
4728,2025-04-02 09:30:00+05:30,2154.0,2155.3,2153.0,2153.9,21479,KOTAKBANK
4729,2025-04-02 09:35:00+05:30,2153.85,2154.75,2148.3,2150.25,24925,KOTAKBANK
4730,2025-04-02 09:40:00+05:30,2150.25,2151.69,2145.55,2145.8,20540,KOTAKBANK
4731,2025-04-02 09:45:00+05:30,2145.75,2147.19,2143.15,2145.9,28540,KOTAKBANK
4732,2025-04-02 09:50:00+05:30,2145.9,2149.44,2144.6,2149.44,15464,KOTAKBANK
4733,2025-04-02 09:55:00+05:30,2149.4,2152.69,2148.8,2150.6,11803,KOTAKBANK
4734,2025-04-02 10:00:00+05:30,2150.6,2150.65,2147.1,2148.05,8466,KOTAKBANK
4735,2025-04-02 10:05:00+05:30,2148.05,2149.19,2147.05,2148.65,11072,KOTAKBANK
4736,2025-04-02 10:10:00+05:30,2148.65,2150.94,2148.25,2149.44,26103,KOTAKBANK
4737,2025-04-02 10:15:00+05:30,2148.75,2152.44,2147.0,2151.75,10301,KOTAKBANK
4738,2025-04-02 10:20:00+05:30,2151.75,2152.94,2147.0,2147.65,21390,KOTAKBANK
4739,2025-04-02 10:25:00+05:30,2147.65,2150.6,2147.05,2150.55,11524,KOTAKBANK
4740,2025-04-02 10:30:00+05:30,2150.6,2152.44,2146.94,2148.25,15496,KOTAKBANK
4741,2025-04-02 10:35:00+05:30,2148.4,2148.44,2144.3,2146.35,11621,KOTAKBANK
4742,2025-04-02 10:40:00+05:30,2145.75,2147.55,2145.0,2145.0,11055,KOTAKBANK
4743,2025-04-02 10:45:00+05:30,2145.75,2147.65,2145.1,2145.44,15694,KOTAKBANK
4744,2025-04-02 10:50:00+05:30,2145.44,2146.6,2144.94,2145.6,11127,KOTAKBANK
4745,2025-04-02 10:55:00+05:30,2145.6,2147.94,2144.15,2147.4,12809,KOTAKBANK
4746,2025-04-02 11:00:00+05:30,2146.94,2150.0,2145.05,2145.25,8931,KOTAKBANK
4747,2025-04-02 11:05:00+05:30,2145.25,2147.15,2144.0,2146.5,9290,KOTAKBANK
4748,2025-04-02 11:10:00+05:30,2146.94,2147.75,2145.1,2146.35,11075,KOTAKBANK
4749,2025-04-02 11:15:00+05:30,2146.5,2146.55,2144.0,2144.35,9983,KOTAKBANK
4750,2025-04-02 11:20:00+05:30,2144.35,2146.69,2144.3,2145.19,10914,KOTAKBANK
4751,2025-04-02 11:25:00+05:30,2145.15,2146.15,2143.8,2144.0,10121,KOTAKBANK
4752,2025-04-02 11:30:00+05:30,2144.1,2147.75,2144.1,2146.15,13086,KOTAKBANK
4753,2025-04-02 11:35:00+05:30,2146.65,2147.94,2145.35,2145.4,10089,KOTAKBANK
4754,2025-04-02 11:40:00+05:30,2145.4,2146.05,2143.3,2146.05,17467,KOTAKBANK
4755,2025-04-02 11:45:00+05:30,2145.44,2149.0,2145.0,2149.0,12635,KOTAKBANK
4756,2025-04-02 11:50:00+05:30,2148.69,2150.0,2147.75,2148.55,23311,KOTAKBANK
4757,2025-04-02 11:55:00+05:30,2148.55,2150.0,2145.0,2145.0,30194,KOTAKBANK
4758,2025-04-02 12:00:00+05:30,2145.4,2145.4,2144.15,2144.65,15441,KOTAKBANK
4759,2025-04-02 12:05:00+05:30,2145.0,2145.0,2143.6,2144.0,13629,KOTAKBANK
4760,2025-04-02 12:10:00+05:30,2144.05,2145.0,2142.5,2144.9,15458,KOTAKBANK
4761,2025-04-02 12:15:00+05:30,2144.9,2145.0,2143.3,2143.8,15266,KOTAKBANK
4762,2025-04-02 12:20:00+05:30,2143.6,2144.0,2142.4,2142.8,13562,KOTAKBANK
4763,2025-04-02 12:25:00+05:30,2142.85,2144.25,2142.6,2142.75,14822,KOTAKBANK
4764,2025-04-02 12:30:00+05:30,2142.75,2143.75,2139.65,2140.19,64462,KOTAKBANK
4765,2025-04-02 12:35:00+05:30,2140.65,2141.0,2139.9,2140.94,22623,KOTAKBANK
4766,2025-04-02 12:40:00+05:30,2141.0,2148.05,2140.94,2147.25,38945,KOTAKBANK
4767,2025-04-02 12:45:00+05:30,2147.25,2147.75,2145.0,2145.19,21992,KOTAKBANK
4768,2025-04-02 12:50:00+05:30,2145.69,2147.55,2145.19,2145.25,19035,KOTAKBANK
4769,2025-04-02 12:55:00+05:30,2145.25,2148.0,2145.25,2147.19,19609,KOTAKBANK
4770,2025-04-02 13:00:00+05:30,2147.44,2147.85,2145.15,2146.69,21100,KOTAKBANK
4771,2025-04-02 13:05:00+05:30,2147.0,2147.0,2145.9,2146.3,27214,KOTAKBANK
4772,2025-04-02 13:10:00+05:30,2146.3,2150.0,2146.3,2149.9,21503,KOTAKBANK
4773,2025-04-02 13:15:00+05:30,2149.55,2150.0,2146.55,2148.85,27251,KOTAKBANK
4774,2025-04-02 13:20:00+05:30,2149.44,2150.0,2148.0,2149.35,21330,KOTAKBANK
4775,2025-04-02 13:25:00+05:30,2148.9,2151.9,2148.9,2151.0,28649,KOTAKBANK
4776,2025-04-02 13:30:00+05:30,2151.3,2151.94,2150.5,2151.5,21384,KOTAKBANK
4777,2025-04-02 13:35:00+05:30,2151.85,2152.0,2149.85,2151.0,34656,KOTAKBANK
4778,2025-04-02 13:40:00+05:30,2151.0,2152.0,2149.44,2150.19,21338,KOTAKBANK
4779,2025-04-02 13:45:00+05:30,2150.0,2150.0,2146.75,2147.4,25568,KOTAKBANK
4780,2025-04-02 13:50:00+05:30,2147.4,2151.8,2147.15,2149.44,32221,KOTAKBANK
4781,2025-04-02 13:55:00+05:30,2150.0,2152.0,2149.19,2151.05,21759,KOTAKBANK
4782,2025-04-02 14:00:00+05:30,2151.5,2152.0,2150.05,2150.05,26422,KOTAKBANK
4783,2025-04-02 14:05:00+05:30,2150.9,2152.35,2149.44,2151.9,23396,KOTAKBANK
4784,2025-04-02 14:10:00+05:30,2151.25,2152.69,2150.4,2152.69,27146,KOTAKBANK
4785,2025-04-02 14:15:00+05:30,2152.25,2154.25,2151.0,2152.9,28802,KOTAKBANK
4786,2025-04-02 14:20:00+05:30,2152.9,2153.5,2150.75,2152.94,25041,KOTAKBANK
4787,2025-04-02 14:25:00+05:30,2153.5,2153.94,2151.19,2152.0,26883,KOTAKBANK
4788,2025-04-02 14:30:00+05:30,2152.0,2153.3,2151.55,2152.94,26374,KOTAKBANK
4789,2025-04-02 14:35:00+05:30,2152.94,2155.65,2152.25,2152.25,50898,KOTAKBANK
4790,2025-04-02 14:40:00+05:30,2152.4,2154.25,2151.85,2152.65,31826,KOTAKBANK
4791,2025-04-02 14:45:00+05:30,2152.5,2152.69,2149.9,2151.8,59405,KOTAKBANK
4792,2025-04-02 14:50:00+05:30,2151.9,2152.1,2149.6,2150.35,36406,KOTAKBANK
4793,2025-04-02 14:55:00+05:30,2150.25,2152.0,2149.75,2150.8,42243,KOTAKBANK
4794,2025-04-02 15:00:00+05:30,2150.8,2159.0,2150.6,2156.44,88242,KOTAKBANK
4795,2025-04-02 15:05:00+05:30,2156.6,2157.65,2154.69,2155.6,70962,KOTAKBANK
4796,2025-04-02 15:10:00+05:30,2155.6,2156.3,2154.55,2154.94,78531,KOTAKBANK
4797,2025-04-02 15:15:00+05:30,2155.0,2155.94,2152.6,2153.0,82972,KOTAKBANK
4798,2025-04-02 15:20:00+05:30,2153.0,2155.0,2152.9,2154.25,103921,KOTAKBANK
4799,2025-04-02 15:25:00+05:30,2154.4,2155.6,2150.8,2153.05,66046,KOTAKBANK
4800,2025-04-03 09:15:00+05:30,2129.0,2151.05,2129.0,2144.85,101960,KOTAKBANK
4801,2025-04-03 09:20:00+05:30,2146.05,2150.0,2141.65,2142.75,36922,KOTAKBANK
4802,2025-04-03 09:25:00+05:30,2142.75,2150.0,2142.3,2148.0,17599,KOTAKBANK
4803,2025-04-03 09:30:00+05:30,2148.0,2151.69,2144.1,2149.65,22494,KOTAKBANK
4804,2025-04-03 09:35:00+05:30,2149.65,2149.69,2143.0,2146.9,14686,KOTAKBANK
4805,2025-04-03 09:40:00+05:30,2146.9,2147.35,2143.05,2145.65,16413,KOTAKBANK
4806,2025-04-03 09:45:00+05:30,2144.4,2146.1,2142.9,2144.3,24119,KOTAKBANK
4807,2025-04-03 09:50:00+05:30,2144.85,2145.5,2142.25,2142.55,19724,KOTAKBANK
4808,2025-04-03 09:55:00+05:30,2142.69,2144.75,2138.25,2138.6,15537,KOTAKBANK
4809,2025-04-03 10:00:00+05:30,2139.0,2139.0,2134.3,2136.85,12586,KOTAKBANK
4810,2025-04-03 10:05:00+05:30,2136.55,2141.0,2135.44,2139.9,21090,KOTAKBANK
4811,2025-04-03 10:10:00+05:30,2139.9,2140.8,2138.0,2138.69,7236,KOTAKBANK
4812,2025-04-03 10:15:00+05:30,2138.75,2140.3,2136.19,2140.0,10527,KOTAKBANK
4813,2025-04-03 10:20:00+05:30,2139.44,2146.0,2139.0,2145.75,15283,KOTAKBANK
4814,2025-04-03 10:25:00+05:30,2145.1,2145.65,2141.0,2141.65,10629,KOTAKBANK
4815,2025-04-03 10:30:00+05:30,2141.65,2142.65,2138.69,2140.05,7881,KOTAKBANK
4816,2025-04-03 10:35:00+05:30,2140.05,2140.94,2138.85,2140.0,9625,KOTAKBANK
4817,2025-04-03 10:40:00+05:30,2140.0,2140.6,2135.05,2135.6,12184,KOTAKBANK
4818,2025-04-03 10:45:00+05:30,2135.6,2137.1,2134.6,2135.25,9320,KOTAKBANK
4819,2025-04-03 10:50:00+05:30,2135.19,2137.25,2134.55,2136.25,15001,KOTAKBANK
4820,2025-04-03 10:55:00+05:30,2136.25,2138.25,2136.0,2136.44,13075,KOTAKBANK
4821,2025-04-03 11:00:00+05:30,2136.55,2139.9,2136.44,2136.5,12725,KOTAKBANK
4822,2025-04-03 11:05:00+05:30,2137.0,2140.0,2136.3,2139.44,12161,KOTAKBANK
4823,2025-04-03 11:10:00+05:30,2139.44,2140.8,2137.75,2138.75,15797,KOTAKBANK
4824,2025-04-03 11:15:00+05:30,2138.69,2139.5,2136.19,2136.55,14038,KOTAKBANK
4825,2025-04-03 11:20:00+05:30,2136.55,2137.5,2136.0,2136.25,14247,KOTAKBANK
4826,2025-04-03 11:25:00+05:30,2136.15,2136.69,2135.0,2135.4,7928,KOTAKBANK
4827,2025-04-03 11:30:00+05:30,2135.1,2135.4,2134.44,2135.35,5223,KOTAKBANK
4828,2025-04-03 11:35:00+05:30,2135.25,2136.9,2135.25,2135.55,8398,KOTAKBANK
4829,2025-04-03 11:40:00+05:30,2135.65,2136.75,2134.85,2135.25,5612,KOTAKBANK
4830,2025-04-03 11:45:00+05:30,2135.15,2135.6,2133.4,2134.4,10914,KOTAKBANK
4831,2025-04-03 11:50:00+05:30,2134.4,2135.35,2133.44,2135.35,13751,KOTAKBANK
4832,2025-04-03 11:55:00+05:30,2134.9,2135.35,2133.25,2133.8,7513,KOTAKBANK
4833,2025-04-03 12:00:00+05:30,2133.3,2134.8,2132.4,2133.5,11051,KOTAKBANK
4834,2025-04-03 12:05:00+05:30,2133.6,2134.6,2133.0,2133.9,9699,KOTAKBANK
4835,2025-04-03 12:10:00+05:30,2133.85,2134.0,2131.9,2132.6,14445,KOTAKBANK
4836,2025-04-03 12:15:00+05:30,2132.6,2132.65,2130.25,2131.15,16816,KOTAKBANK
4837,2025-04-03 12:20:00+05:30,2131.4,2132.44,2130.0,2130.0,19356,KOTAKBANK
4838,2025-04-03 12:25:00+05:30,2130.65,2130.94,2127.8,2128.55,36466,KOTAKBANK
4839,2025-04-03 12:30:00+05:30,2129.15,2129.75,2128.15,2129.75,14659,KOTAKBANK
4840,2025-04-03 12:35:00+05:30,2129.75,2129.8,2128.19,2128.19,12102,KOTAKBANK
4841,2025-04-03 12:40:00+05:30,2128.6,2129.5,2127.94,2128.05,22002,KOTAKBANK
4842,2025-04-03 12:45:00+05:30,2128.05,2128.8,2127.15,2127.44,17210,KOTAKBANK
4843,2025-04-03 12:50:00+05:30,2127.5,2128.75,2127.35,2127.35,15156,KOTAKBANK
4844,2025-04-03 12:55:00+05:30,2127.44,2131.25,2127.35,2131.0,17635,KOTAKBANK
4845,2025-04-03 13:00:00+05:30,2131.05,2133.94,2130.65,2133.44,15400,KOTAKBANK
4846,2025-04-03 13:05:00+05:30,2133.44,2133.6,2132.05,2132.5,8332,KOTAKBANK
4847,2025-04-03 13:10:00+05:30,2132.5,2135.85,2131.1,2134.55,13003,KOTAKBANK
4848,2025-04-03 13:15:00+05:30,2135.1,2136.3,2134.1,2135.4,10404,KOTAKBANK
4849,2025-04-03 13:20:00+05:30,2135.4,2136.44,2135.0,2135.4,19088,KOTAKBANK
4850,2025-04-03 13:25:00+05:30,2135.69,2136.0,2134.9,2135.4,7554,KOTAKBANK
4851,2025-04-03 13:30:00+05:30,2135.9,2136.9,2134.5,2136.9,9229,KOTAKBANK
4852,2025-04-03 13:35:00+05:30,2136.9,2137.44,2135.25,2136.0,12773,KOTAKBANK
4853,2025-04-03 13:40:00+05:30,2136.3,2136.3,2135.25,2135.8,8730,KOTAKBANK
4854,2025-04-03 13:45:00+05:30,2135.8,2138.9,2135.5,2138.9,12493,KOTAKBANK
4855,2025-04-03 13:50:00+05:30,2138.85,2140.0,2136.6,2137.15,14266,KOTAKBANK
4856,2025-04-03 13:55:00+05:30,2137.05,2137.05,2135.25,2135.25,19243,KOTAKBANK
4857,2025-04-03 14:00:00+05:30,2135.85,2137.4,2135.44,2135.65,21176,KOTAKBANK
4858,2025-04-03 14:05:00+05:30,2136.0,2136.0,2132.3,2132.5,63744,KOTAKBANK
4859,2025-04-03 14:10:00+05:30,2132.5,2134.5,2131.75,2134.1,18373,KOTAKBANK
4860,2025-04-03 14:15:00+05:30,2134.19,2138.19,2133.85,2136.35,24512,KOTAKBANK
4861,2025-04-03 14:20:00+05:30,2136.55,2136.8,2134.94,2136.1,22562,KOTAKBANK
4862,2025-04-03 14:25:00+05:30,2136.4,2136.8,2133.75,2133.94,22754,KOTAKBANK
4863,2025-04-03 14:30:00+05:30,2134.75,2137.4,2134.19,2135.35,30328,KOTAKBANK
4864,2025-04-03 14:35:00+05:30,2135.35,2135.75,2129.8,2131.55,55091,KOTAKBANK
4865,2025-04-03 14:40:00+05:30,2132.4,2133.15,2131.19,2132.1,15422,KOTAKBANK
4866,2025-04-03 14:45:00+05:30,2132.5,2135.3,2131.44,2134.65,25585,KOTAKBANK
4867,2025-04-03 14:50:00+05:30,2134.5,2135.3,2133.19,2134.05,20707,KOTAKBANK
4868,2025-04-03 14:55:00+05:30,2134.19,2135.75,2132.19,2132.4,41650,KOTAKBANK
4869,2025-04-03 15:00:00+05:30,2132.55,2134.75,2131.0,2133.94,63254,KOTAKBANK
4870,2025-04-03 15:05:00+05:30,2133.94,2135.0,2133.05,2134.3,59298,KOTAKBANK
4871,2025-04-03 15:10:00+05:30,2134.44,2134.44,2129.65,2132.19,110442,KOTAKBANK
4872,2025-04-03 15:15:00+05:30,2132.19,2134.25,2131.85,2133.55,58539,KOTAKBANK
4873,2025-04-03 15:20:00+05:30,2133.44,2134.05,2131.69,2133.0,68588,KOTAKBANK
4874,2025-04-03 15:25:00+05:30,2133.0,2134.65,2131.65,2133.0,71621,KOTAKBANK
4875,2025-04-04 09:15:00+05:30,2130.9,2132.6,2118.15,2129.69,150358,KOTAKBANK
4876,2025-04-04 09:20:00+05:30,2129.69,2130.94,2121.0,2121.6,44936,KOTAKBANK
4877,2025-04-04 09:25:00+05:30,2121.6,2133.19,2120.1,2133.19,43318,KOTAKBANK
4878,2025-04-04 09:30:00+05:30,2133.19,2140.9,2131.19,2140.1,52628,KOTAKBANK
4879,2025-04-04 09:35:00+05:30,2140.65,2146.3,2138.0,2138.1,64949,KOTAKBANK
4880,2025-04-04 09:40:00+05:30,2138.1,2142.0,2133.55,2135.3,45503,KOTAKBANK
4881,2025-04-04 09:45:00+05:30,2135.35,2137.69,2131.8,2131.8,33409,KOTAKBANK
4882,2025-04-04 09:50:00+05:30,2132.05,2132.69,2125.0,2125.85,55164,KOTAKBANK
4883,2025-04-04 09:55:00+05:30,2125.85,2129.85,2125.19,2128.3,18092,KOTAKBANK
4884,2025-04-04 10:00:00+05:30,2128.35,2132.15,2126.3,2130.44,28538,KOTAKBANK
4885,2025-04-04 10:05:00+05:30,2130.44,2132.25,2127.25,2127.25,27235,KOTAKBANK
4886,2025-04-04 10:10:00+05:30,2127.25,2127.94,2124.44,2126.4,23942,KOTAKBANK
4887,2025-04-04 10:15:00+05:30,2126.1,2131.6,2126.0,2128.6,39973,KOTAKBANK
4888,2025-04-04 10:20:00+05:30,2129.15,2129.55,2125.9,2126.1,20952,KOTAKBANK
4889,2025-04-04 10:25:00+05:30,2126.1,2129.4,2125.9,2128.94,16504,KOTAKBANK
4890,2025-04-04 10:30:00+05:30,2128.94,2129.94,2126.75,2127.44,33565,KOTAKBANK
4891,2025-04-04 10:35:00+05:30,2127.44,2130.0,2126.0,2127.75,39345,KOTAKBANK
4892,2025-04-04 10:40:00+05:30,2127.75,2129.1,2122.9,2122.94,38988,KOTAKBANK
4893,2025-04-04 10:45:00+05:30,2123.0,2125.44,2121.55,2123.9,32368,KOTAKBANK
4894,2025-04-04 10:50:00+05:30,2123.9,2132.35,2123.9,2131.8,31320,KOTAKBANK
4895,2025-04-04 10:55:00+05:30,2132.05,2136.55,2130.0,2134.69,29853,KOTAKBANK
4896,2025-04-04 11:00:00+05:30,2134.69,2134.69,2131.4,2131.94,109247,KOTAKBANK
4897,2025-04-04 11:05:00+05:30,2132.0,2137.0,2130.0,2134.44,164342,KOTAKBANK
4898,2025-04-04 11:10:00+05:30,2134.75,2135.94,2131.15,2132.75,31893,KOTAKBANK
4899,2025-04-04 11:15:00+05:30,2132.6,2134.15,2131.5,2132.94,55661,KOTAKBANK
4900,2025-04-04 11:20:00+05:30,2133.0,2139.65,2132.94,2134.9,101488,KOTAKBANK
4901,2025-04-04 11:25:00+05:30,2134.9,2137.15,2133.6,2134.15,22861,KOTAKBANK
4902,2025-04-04 11:30:00+05:30,2134.19,2141.8,2134.0,2139.3,28715,KOTAKBANK
4903,2025-04-04 11:35:00+05:30,2139.3,2140.85,2137.1,2139.0,41594,KOTAKBANK
4904,2025-04-04 11:40:00+05:30,2139.0,2139.3,2137.05,2139.15,24536,KOTAKBANK
4905,2025-04-04 11:45:00+05:30,2139.25,2142.44,2139.15,2142.44,29299,KOTAKBANK
4906,2025-04-04 11:50:00+05:30,2142.19,2143.0,2138.25,2139.3,22034,KOTAKBANK
4907,2025-04-04 11:55:00+05:30,2139.35,2139.35,2135.8,2137.94,20114,KOTAKBANK
4908,2025-04-04 12:00:00+05:30,2137.94,2139.35,2137.4,2137.5,21423,KOTAKBANK
4909,2025-04-04 12:05:00+05:30,2137.55,2139.35,2136.5,2138.35,22782,KOTAKBANK
4910,2025-04-04 12:10:00+05:30,2138.35,2138.35,2134.5,2134.5,17755,KOTAKBANK
4911,2025-04-04 12:15:00+05:30,2134.55,2135.05,2131.9,2133.1,25311,KOTAKBANK
4912,2025-04-04 12:20:00+05:30,2133.1,2133.69,2132.0,2133.25,20716,KOTAKBANK
4913,2025-04-04 12:25:00+05:30,2133.3,2135.0,2128.15,2128.15,40435,KOTAKBANK
4914,2025-04-04 12:30:00+05:30,2128.15,2130.94,2124.35,2124.69,39759,KOTAKBANK
4915,2025-04-04 12:35:00+05:30,2124.75,2125.6,2121.3,2124.05,57172,KOTAKBANK
4916,2025-04-04 12:40:00+05:30,2124.05,2124.8,2122.15,2124.1,43806,KOTAKBANK
4917,2025-04-04 12:45:00+05:30,2124.15,2125.25,2120.55,2121.94,47118,KOTAKBANK
4918,2025-04-04 12:50:00+05:30,2121.9,2123.5,2120.0,2120.5,28759,KOTAKBANK
4919,2025-04-04 12:55:00+05:30,2120.5,2121.5,2119.0,2120.9,34505,KOTAKBANK
4920,2025-04-04 13:00:00+05:30,2121.25,2122.3,2119.15,2119.5,33803,KOTAKBANK
4921,2025-04-04 13:05:00+05:30,2119.5,2125.25,2119.35,2124.3,37394,KOTAKBANK
4922,2025-04-04 13:10:00+05:30,2124.3,2125.25,2121.05,2122.75,30789,KOTAKBANK
4923,2025-04-04 13:15:00+05:30,2122.44,2123.94,2120.44,2123.3,27739,KOTAKBANK
4924,2025-04-04 13:20:00+05:30,2123.3,2124.69,2122.44,2123.8,25953,KOTAKBANK
4925,2025-04-04 13:25:00+05:30,2124.05,2124.69,2122.19,2123.69,23565,KOTAKBANK
4926,2025-04-04 13:30:00+05:30,2123.69,2125.35,2121.0,2121.0,25509,KOTAKBANK
4927,2025-04-04 13:35:00+05:30,2121.25,2123.85,2121.0,2123.25,24923,KOTAKBANK
4928,2025-04-04 13:40:00+05:30,2123.25,2124.9,2121.9,2122.85,29096,KOTAKBANK
4929,2025-04-04 13:45:00+05:30,2122.75,2122.8,2119.0,2120.55,45001,KOTAKBANK
4930,2025-04-04 13:50:00+05:30,2120.55,2122.75,2119.75,2120.9,34619,KOTAKBANK
4931,2025-04-04 13:55:00+05:30,2121.0,2121.0,2119.25,2119.4,44700,KOTAKBANK
4932,2025-04-04 14:00:00+05:30,2119.44,2127.4,2119.0,2126.05,144869,KOTAKBANK
4933,2025-04-04 14:05:00+05:30,2126.05,2129.75,2123.94,2129.4,38402,KOTAKBANK
4934,2025-04-04 14:10:00+05:30,2129.19,2132.0,2128.8,2131.9,27919,KOTAKBANK
4935,2025-04-04 14:15:00+05:30,2131.9,2132.0,2129.94,2130.5,28622,KOTAKBANK
4936,2025-04-04 14:20:00+05:30,2130.5,2132.6,2129.65,2129.9,35020,KOTAKBANK
4937,2025-04-04 14:25:00+05:30,2129.94,2130.15,2127.5,2128.8,35993,KOTAKBANK
4938,2025-04-04 14:30:00+05:30,2128.69,2132.94,2127.0,2132.3,51591,KOTAKBANK
4939,2025-04-04 14:35:00+05:30,2132.4,2133.75,2130.8,2131.3,50210,KOTAKBANK
4940,2025-04-04 14:40:00+05:30,2131.3,2131.3,2127.85,2128.19,43020,KOTAKBANK
4941,2025-04-04 14:45:00+05:30,2128.9,2128.94,2124.15,2124.94,45286,KOTAKBANK
4942,2025-04-04 14:50:00+05:30,2125.1,2127.4,2124.15,2126.55,46752,KOTAKBANK
4943,2025-04-04 14:55:00+05:30,2126.55,2126.94,2124.05,2126.94,58353,KOTAKBANK
4944,2025-04-04 15:00:00+05:30,2126.94,2129.44,2126.4,2128.05,72242,KOTAKBANK
4945,2025-04-04 15:05:00+05:30,2128.05,2130.1,2124.69,2130.0,132227,KOTAKBANK
4946,2025-04-04 15:10:00+05:30,2130.0,2131.0,2128.8,2130.15,160833,KOTAKBANK
4947,2025-04-04 15:15:00+05:30,2130.15,2132.25,2129.4,2132.05,109932,KOTAKBANK
4948,2025-04-04 15:20:00+05:30,2132.0,2135.94,2132.0,2135.65,221282,KOTAKBANK
4949,2025-04-04 15:25:00+05:30,2135.1,2137.0,2131.5,2132.1,177986,KOTAKBANK
4950,2025-04-07 09:15:00+05:30,2018.7,2083.6,2018.7,2043.2,1143646,KOTAKBANK
4951,2025-04-07 09:20:00+05:30,2042.8,2072.94,2035.4,2052.5,408497,KOTAKBANK
4952,2025-04-07 09:25:00+05:30,2052.85,2067.6,2051.4,2055.35,216390,KOTAKBANK
4953,2025-04-07 09:30:00+05:30,2055.0,2065.94,2052.05,2054.65,266108,KOTAKBANK
4954,2025-04-07 09:35:00+05:30,2054.65,2054.75,2030.1,2031.8,389997,KOTAKBANK
4955,2025-04-07 09:40:00+05:30,2031.75,2034.0,2021.1,2030.5,303547,KOTAKBANK
4956,2025-04-07 09:45:00+05:30,2030.6,2032.55,2019.0,2029.55,146296,KOTAKBANK
4957,2025-04-07 09:50:00+05:30,2030.05,2043.65,2027.15,2043.0,93495,KOTAKBANK
4958,2025-04-07 09:55:00+05:30,2043.45,2048.0,2038.55,2041.0,65760,KOTAKBANK
4959,2025-04-07 10:00:00+05:30,2041.2,2045.5,2037.15,2040.95,86070,KOTAKBANK
4960,2025-04-07 10:05:00+05:30,2040.75,2047.25,2039.1,2045.45,62260,KOTAKBANK
4961,2025-04-07 10:10:00+05:30,2045.45,2045.45,2032.9,2037.65,77007,KOTAKBANK
4962,2025-04-07 10:15:00+05:30,2037.2,2037.3,2033.0,2035.55,89484,KOTAKBANK
4963,2025-04-07 10:20:00+05:30,2035.6,2044.05,2035.2,2043.65,36521,KOTAKBANK
4964,2025-04-07 10:25:00+05:30,2043.65,2051.19,2040.15,2049.94,40765,KOTAKBANK
4965,2025-04-07 10:30:00+05:30,2049.9,2050.4,2044.3,2044.85,26915,KOTAKBANK
4966,2025-04-07 10:35:00+05:30,2044.4,2046.3,2040.1,2041.95,38737,KOTAKBANK
4967,2025-04-07 10:40:00+05:30,2041.95,2049.0,2039.5,2049.0,68041,KOTAKBANK
4968,2025-04-07 10:45:00+05:30,2049.0,2050.35,2044.4,2050.35,48280,KOTAKBANK
4969,2025-04-07 10:50:00+05:30,2050.25,2050.44,2041.0,2042.2,38923,KOTAKBANK
4970,2025-04-07 10:55:00+05:30,2042.15,2044.05,2039.5,2040.9,31590,KOTAKBANK
4971,2025-04-07 11:00:00+05:30,2040.9,2041.8,2036.95,2037.05,58786,KOTAKBANK
4972,2025-04-07 11:05:00+05:30,2037.6,2039.0,2035.0,2035.9,44888,KOTAKBANK
4973,2025-04-07 11:10:00+05:30,2035.75,2038.0,2033.3,2035.0,54263,KOTAKBANK
4974,2025-04-07 11:15:00+05:30,2035.0,2035.5,2032.05,2032.7,140557,KOTAKBANK
4975,2025-04-07 11:20:00+05:30,2032.7,2034.35,2029.15,2029.8,67385,KOTAKBANK
4976,2025-04-07 11:25:00+05:30,2029.55,2034.0,2029.3,2033.0,43269,KOTAKBANK
4977,2025-04-07 11:30:00+05:30,2033.0,2039.0,2032.2,2037.15,31311,KOTAKBANK
4978,2025-04-07 11:35:00+05:30,2037.15,2039.15,2035.0,2035.5,19448,KOTAKBANK
4979,2025-04-07 11:40:00+05:30,2035.25,2035.4,2032.8,2034.9,25104,KOTAKBANK
4980,2025-04-07 11:45:00+05:30,2034.9,2034.9,2030.85,2031.8,24488,KOTAKBANK
4981,2025-04-07 11:50:00+05:30,2031.8,2031.9,2025.55,2027.75,66902,KOTAKBANK
4982,2025-04-07 11:55:00+05:30,2027.75,2028.3,2022.05,2023.55,37478,KOTAKBANK
4983,2025-04-07 12:00:00+05:30,2023.85,2024.0,2020.4,2020.9,28858,KOTAKBANK
4984,2025-04-07 12:05:00+05:30,2020.7,2022.0,2015.25,2021.05,59191,KOTAKBANK
4985,2025-04-07 12:10:00+05:30,2021.05,2021.85,2015.2,2016.45,97064,KOTAKBANK
4986,2025-04-07 12:15:00+05:30,2016.45,2017.15,2007.5,2009.65,198669,KOTAKBANK
4987,2025-04-07 12:20:00+05:30,2010.4,2011.45,2005.1,2005.1,81614,KOTAKBANK
4988,2025-04-07 12:25:00+05:30,2005.1,2007.5,2001.0,2001.6,101001,KOTAKBANK
4989,2025-04-07 12:30:00+05:30,2002.1,2004.85,2000.8,2003.25,40708,KOTAKBANK
4990,2025-04-07 12:35:00+05:30,2004.15,2008.95,2002.25,2008.05,23756,KOTAKBANK
4991,2025-04-07 12:40:00+05:30,2008.1,2011.35,2006.4,2008.8,52070,KOTAKBANK
4992,2025-04-07 12:45:00+05:30,2008.8,2016.25,2008.5,2013.25,30713,KOTAKBANK
4993,2025-04-07 12:50:00+05:30,2012.55,2013.2,2010.3,2012.2,22957,KOTAKBANK
4994,2025-04-07 12:55:00+05:30,2011.7,2014.0,2011.05,2013.6,31047,KOTAKBANK
4995,2025-04-07 13:00:00+05:30,2013.45,2017.35,2012.6,2014.5,37406,KOTAKBANK
4996,2025-04-07 13:05:00+05:30,2014.1,2018.0,2013.75,2018.0,26738,KOTAKBANK
4997,2025-04-07 13:10:00+05:30,2017.5,2018.0,2014.6,2016.2,40865,KOTAKBANK
4998,2025-04-07 13:15:00+05:30,2016.2,2016.75,2010.0,2011.75,71341,KOTAKBANK
4999,2025-04-07 13:20:00+05:30,2011.35,2017.05,2007.8,2016.85,67503,KOTAKBANK
5000,2025-04-07 13:25:00+05:30,2016.8,2022.75,2015.95,2017.6,68134,KOTAKBANK
5001,2025-04-07 13:30:00+05:30,2017.1,2025.0,2015.3,2024.15,67308,KOTAKBANK
5002,2025-04-07 13:35:00+05:30,2024.35,2028.95,2023.85,2025.35,41848,KOTAKBANK
5003,2025-04-07 13:40:00+05:30,2025.3,2028.0,2024.0,2027.45,47367,KOTAKBANK
5004,2025-04-07 13:45:00+05:30,2027.4,2034.3,2026.0,2027.6,43056,KOTAKBANK
5005,2025-04-07 13:50:00+05:30,2027.6,2030.0,2026.0,2029.55,37931,KOTAKBANK
5006,2025-04-07 13:55:00+05:30,2029.4,2030.3,2027.7,2028.85,43850,KOTAKBANK
5007,2025-04-07 14:00:00+05:30,2028.6,2031.0,2027.05,2030.45,40923,KOTAKBANK
5008,2025-04-07 14:05:00+05:30,2030.45,2032.85,2030.0,2031.0,39537,KOTAKBANK
5009,2025-04-07 14:10:00+05:30,2030.95,2031.2,2025.0,2030.9,38967,KOTAKBANK
5010,2025-04-07 14:15:00+05:30,2030.65,2030.95,2024.25,2028.5,45343,KOTAKBANK
5011,2025-04-07 14:20:00+05:30,2028.05,2030.25,2025.25,2027.9,38726,KOTAKBANK
5012,2025-04-07 14:25:00+05:30,2027.95,2029.45,2024.95,2025.75,46342,KOTAKBANK
5013,2025-04-07 14:30:00+05:30,2026.1,2034.5,2024.1,2030.8,67444,KOTAKBANK
5014,2025-04-07 14:35:00+05:30,2030.8,2031.05,2024.45,2026.1,82873,KOTAKBANK
5015,2025-04-07 14:40:00+05:30,2025.55,2027.8,2022.45,2026.8,76751,KOTAKBANK
5016,2025-04-07 14:45:00+05:30,2026.9,2028.0,2025.25,2026.95,49399,KOTAKBANK
5017,2025-04-07 14:50:00+05:30,2026.85,2028.0,2025.05,2025.3,56216,KOTAKBANK
5018,2025-04-07 14:55:00+05:30,2025.25,2030.3,2025.2,2027.05,59383,KOTAKBANK
5019,2025-04-07 15:00:00+05:30,2027.0,2036.55,2025.25,2034.15,125298,KOTAKBANK
5020,2025-04-07 15:05:00+05:30,2034.15,2040.55,2031.5,2039.35,142848,KOTAKBANK
5021,2025-04-07 15:10:00+05:30,2039.35,2041.55,2036.45,2038.3,154623,KOTAKBANK
5022,2025-04-07 15:15:00+05:30,2038.25,2041.8,2034.3,2041.5,173548,KOTAKBANK
5023,2025-04-07 15:20:00+05:30,2041.5,2048.35,2039.7,2048.19,148902,KOTAKBANK
5024,2025-04-07 15:25:00+05:30,2048.3,2048.3,2040.15,2044.0,92090,KOTAKBANK
5025,2025-04-08 09:15:00+05:30,2062.44,2073.85,2057.0,2065.85,154952,KOTAKBANK
5026,2025-04-08 09:20:00+05:30,2065.85,2069.1,2063.1,2066.35,72519,KOTAKBANK
5027,2025-04-08 09:25:00+05:30,2066.35,2078.4,2065.69,2076.4,59213,KOTAKBANK
5028,2025-04-08 09:30:00+05:30,2076.4,2079.9,2073.1,2073.5,33355,KOTAKBANK
5029,2025-04-08 09:35:00+05:30,2073.44,2073.69,2064.9,2066.75,33697,KOTAKBANK
5030,2025-04-08 09:40:00+05:30,2066.65,2067.5,2060.75,2064.44,32753,KOTAKBANK
5031,2025-04-08 09:45:00+05:30,2064.6,2069.35,2061.1,2065.19,37319,KOTAKBANK
5032,2025-04-08 09:50:00+05:30,2065.19,2066.6,2062.44,2064.94,16798,KOTAKBANK
5033,2025-04-08 09:55:00+05:30,2064.94,2064.94,2058.3,2060.8,29137,KOTAKBANK
5034,2025-04-08 10:00:00+05:30,2060.69,2061.85,2056.15,2057.69,24042,KOTAKBANK
5035,2025-04-08 10:05:00+05:30,2057.69,2059.44,2055.69,2056.6,25092,KOTAKBANK
5036,2025-04-08 10:10:00+05:30,2056.6,2061.4,2055.8,2056.55,51800,KOTAKBANK
5037,2025-04-08 10:15:00+05:30,2056.8,2056.8,2053.0,2054.85,22727,KOTAKBANK
5038,2025-04-08 10:20:00+05:30,2054.69,2054.85,2049.9,2050.44,99303,KOTAKBANK
5039,2025-04-08 10:25:00+05:30,2050.44,2055.25,2049.19,2055.0,46700,KOTAKBANK
5040,2025-04-08 10:30:00+05:30,2054.8,2056.3,2049.85,2050.4,21708,KOTAKBANK
5041,2025-04-08 10:35:00+05:30,2050.4,2050.44,2043.7,2045.05,52716,KOTAKBANK
5042,2025-04-08 10:40:00+05:30,2045.05,2046.95,2042.1,2044.95,67100,KOTAKBANK
5043,2025-04-08 10:45:00+05:30,2044.95,2047.0,2043.6,2046.8,47645,KOTAKBANK
5044,2025-04-08 10:50:00+05:30,2046.8,2051.85,2045.55,2051.4,44535,KOTAKBANK
5045,2025-04-08 10:55:00+05:30,2051.94,2055.1,2048.15,2050.44,41315,KOTAKBANK
5046,2025-04-08 11:00:00+05:30,2050.44,2056.35,2050.15,2053.25,24831,KOTAKBANK
5047,2025-04-08 11:05:00+05:30,2053.15,2059.69,2051.55,2058.6,35696,KOTAKBANK
5048,2025-04-08 11:10:00+05:30,2058.6,2060.0,2055.15,2055.65,31266,KOTAKBANK
5049,2025-04-08 11:15:00+05:30,2055.65,2057.0,2048.94,2048.94,26979,KOTAKBANK
5050,2025-04-08 11:20:00+05:30,2049.0,2051.35,2046.0,2047.15,31529,KOTAKBANK
5051,2025-04-08 11:25:00+05:30,2047.15,2047.7,2041.0,2043.65,36757,KOTAKBANK
5052,2025-04-08 11:30:00+05:30,2043.7,2043.7,2038.0,2039.9,35644,KOTAKBANK
5053,2025-04-08 11:35:00+05:30,2039.75,2045.5,2038.0,2044.3,29563,KOTAKBANK
5054,2025-04-08 11:40:00+05:30,2044.3,2047.75,2041.4,2041.4,39455,KOTAKBANK
5055,2025-04-08 11:45:00+05:30,2041.45,2049.85,2041.4,2049.69,23344,KOTAKBANK
5056,2025-04-08 11:50:00+05:30,2049.75,2049.85,2044.15,2049.5,25644,KOTAKBANK
5057,2025-04-08 11:55:00+05:30,2049.5,2053.0,2048.0,2052.0,22724,KOTAKBANK
5058,2025-04-08 12:00:00+05:30,2051.69,2057.0,2050.75,2054.3,23779,KOTAKBANK
5059,2025-04-08 12:05:00+05:30,2054.35,2057.0,2052.4,2056.8,29162,KOTAKBANK
5060,2025-04-08 12:10:00+05:30,2056.8,2060.25,2056.8,2060.0,45174,KOTAKBANK
5061,2025-04-08 12:15:00+05:30,2060.0,2060.25,2057.35,2059.4,36027,KOTAKBANK
5062,2025-04-08 12:20:00+05:30,2059.4,2060.5,2057.8,2059.9,49435,KOTAKBANK
5063,2025-04-08 12:25:00+05:30,2059.9,2063.75,2058.6,2061.69,74243,KOTAKBANK
5064,2025-04-08 12:30:00+05:30,2061.65,2066.1,2059.3,2065.5,59581,KOTAKBANK
5065,2025-04-08 12:35:00+05:30,2065.94,2068.94,2061.4,2062.85,40957,KOTAKBANK
5066,2025-04-08 12:40:00+05:30,2062.19,2065.25,2060.05,2064.19,36966,KOTAKBANK
5067,2025-04-08 12:45:00+05:30,2064.19,2065.15,2060.35,2064.05,47218,KOTAKBANK
5068,2025-04-08 12:50:00+05:30,2064.05,2069.44,2064.05,2066.05,64184,KOTAKBANK
5069,2025-04-08 12:55:00+05:30,2065.1,2066.75,2062.15,2065.44,40174,KOTAKBANK
5070,2025-04-08 13:00:00+05:30,2065.44,2065.5,2060.4,2062.55,33014,KOTAKBANK
5071,2025-04-08 13:05:00+05:30,2062.55,2063.5,2060.69,2063.1,25394,KOTAKBANK
5072,2025-04-08 13:10:00+05:30,2063.1,2065.55,2061.69,2063.5,45744,KOTAKBANK
5073,2025-04-08 13:15:00+05:30,2063.5,2063.9,2061.5,2062.69,32518,KOTAKBANK
5074,2025-04-08 13:20:00+05:30,2062.69,2063.5,2060.0,2062.94,33601,KOTAKBANK
5075,2025-04-08 13:25:00+05:30,2063.0,2065.0,2061.55,2064.1,41087,KOTAKBANK
5076,2025-04-08 13:30:00+05:30,2064.1,2064.5,2060.4,2060.65,36632,KOTAKBANK
5077,2025-04-08 13:35:00+05:30,2060.65,2062.05,2051.44,2053.44,78611,KOTAKBANK
5078,2025-04-08 13:40:00+05:30,2053.8,2059.1,2050.69,2054.44,61533,KOTAKBANK
5079,2025-04-08 13:45:00+05:30,2054.3,2055.0,2049.8,2050.6,49450,KOTAKBANK
5080,2025-04-08 13:50:00+05:30,2051.55,2051.94,2043.5,2045.05,112589,KOTAKBANK
5081,2025-04-08 13:55:00+05:30,2045.45,2049.75,2043.65,2049.44,68216,KOTAKBANK
5082,2025-04-08 14:00:00+05:30,2049.44,2053.3,2047.2,2047.5,68067,KOTAKBANK
5083,2025-04-08 14:05:00+05:30,2047.5,2049.6,2043.95,2047.75,72200,KOTAKBANK
5084,2025-04-08 14:10:00+05:30,2047.75,2051.3,2047.4,2049.75,63832,KOTAKBANK
5085,2025-04-08 14:15:00+05:30,2049.69,2058.05,2049.5,2057.8,67709,KOTAKBANK
5086,2025-04-08 14:20:00+05:30,2057.8,2059.3,2055.6,2058.1,47701,KOTAKBANK
5087,2025-04-08 14:25:00+05:30,2058.44,2059.44,2055.5,2057.6,41404,KOTAKBANK
5088,2025-04-08 14:30:00+05:30,2058.1,2059.19,2051.69,2054.35,48391,KOTAKBANK
5089,2025-04-08 14:35:00+05:30,2054.35,2055.9,2049.25,2050.55,75067,KOTAKBANK
5090,2025-04-08 14:40:00+05:30,2050.0,2051.44,2048.4,2049.8,88059,KOTAKBANK
5091,2025-04-08 14:45:00+05:30,2049.8,2053.75,2047.55,2048.44,87191,KOTAKBANK
5092,2025-04-08 14:50:00+05:30,2048.44,2052.85,2047.05,2051.3,73368,KOTAKBANK
5093,2025-04-08 14:55:00+05:30,2051.3,2054.65,2048.3,2054.6,80062,KOTAKBANK
5094,2025-04-08 15:00:00+05:30,2054.6,2057.5,2052.05,2055.25,141834,KOTAKBANK
5095,2025-04-08 15:05:00+05:30,2055.25,2056.35,2052.25,2055.85,148054,KOTAKBANK
5096,2025-04-08 15:10:00+05:30,2055.94,2057.1,2054.8,2056.05,139787,KOTAKBANK
5097,2025-04-08 15:15:00+05:30,2056.05,2057.0,2054.0,2055.1,95686,KOTAKBANK
5098,2025-04-08 15:20:00+05:30,2055.05,2057.3,2051.75,2054.19,115446,KOTAKBANK
5099,2025-04-08 15:25:00+05:30,2054.19,2058.0,2053.4,2058.0,95065,KOTAKBANK
5100,2025-04-09 09:15:00+05:30,2054.0,2063.35,2045.3,2055.44,177246,KOTAKBANK
5101,2025-04-09 09:20:00+05:30,2055.4,2058.5,2051.6,2056.25,47478,KOTAKBANK
5102,2025-04-09 09:25:00+05:30,2055.94,2055.94,2048.6,2051.6,35960,KOTAKBANK
5103,2025-04-09 09:30:00+05:30,2051.44,2058.9,2051.15,2055.5,35111,KOTAKBANK
5104,2025-04-09 09:35:00+05:30,2056.4,2059.94,2055.0,2058.4,35346,KOTAKBANK
5105,2025-04-09 09:40:00+05:30,2058.3,2060.1,2056.5,2058.44,46599,KOTAKBANK
5106,2025-04-09 09:45:00+05:30,2058.8,2060.44,2047.5,2047.75,155950,KOTAKBANK
5107,2025-04-09 09:50:00+05:30,2047.5,2056.55,2046.9,2054.19,129253,KOTAKBANK
5108,2025-04-09 09:55:00+05:30,2054.44,2054.44,2047.6,2048.75,23856,KOTAKBANK
5109,2025-04-09 10:00:00+05:30,2048.75,2053.65,2046.45,2052.85,29428,KOTAKBANK
5110,2025-04-09 10:05:00+05:30,2052.85,2058.15,2051.0,2057.44,28158,KOTAKBANK
5111,2025-04-09 10:10:00+05:30,2057.75,2057.75,2047.0,2049.05,35321,KOTAKBANK
5112,2025-04-09 10:15:00+05:30,2049.1,2053.8,2047.95,2050.44,36201,KOTAKBANK
5113,2025-04-09 10:20:00+05:30,2050.65,2052.19,2049.5,2050.3,20300,KOTAKBANK
5114,2025-04-09 10:25:00+05:30,2050.3,2050.35,2047.2,2048.69,14726,KOTAKBANK
5115,2025-04-09 10:30:00+05:30,2048.69,2049.9,2045.0,2045.0,25378,KOTAKBANK
5116,2025-04-09 10:35:00+05:30,2045.0,2048.55,2042.1,2047.95,20680,KOTAKBANK
5117,2025-04-09 10:40:00+05:30,2047.95,2053.94,2046.45,2049.75,20651,KOTAKBANK
5118,2025-04-09 10:45:00+05:30,2049.85,2056.0,2049.75,2052.6,30724,KOTAKBANK
5119,2025-04-09 10:50:00+05:30,2052.6,2059.0,2052.6,2058.75,45384,KOTAKBANK
5120,2025-04-09 10:55:00+05:30,2058.15,2060.0,2058.0,2058.5,35360,KOTAKBANK
5121,2025-04-09 11:00:00+05:30,2058.5,2058.75,2053.44,2054.9,46142,KOTAKBANK
5122,2025-04-09 11:05:00+05:30,2054.9,2056.44,2053.44,2054.05,37525,KOTAKBANK
5123,2025-04-09 11:10:00+05:30,2054.05,2055.75,2051.9,2053.69,38598,KOTAKBANK
5124,2025-04-09 11:15:00+05:30,2053.85,2055.44,2051.8,2053.0,49208,KOTAKBANK
5125,2025-04-09 11:20:00+05:30,2053.0,2055.85,2050.0,2053.94,26835,KOTAKBANK
5126,2025-04-09 11:25:00+05:30,2053.9,2057.0,2053.9,2056.69,28135,KOTAKBANK
5127,2025-04-09 11:30:00+05:30,2056.69,2058.69,2055.94,2056.85,26579,KOTAKBANK
5128,2025-04-09 11:35:00+05:30,2056.85,2057.6,2055.1,2055.75,25683,KOTAKBANK
5129,2025-04-09 11:40:00+05:30,2055.8,2057.15,2054.3,2056.9,40192,KOTAKBANK
5130,2025-04-09 11:45:00+05:30,2056.65,2059.5,2055.65,2056.0,41658,KOTAKBANK
5131,2025-04-09 11:50:00+05:30,2055.94,2056.0,2053.25,2055.6,37624,KOTAKBANK
5132,2025-04-09 11:55:00+05:30,2055.4,2055.85,2053.6,2054.85,32460,KOTAKBANK
5133,2025-04-09 12:00:00+05:30,2054.8,2056.0,2053.0,2056.0,41731,KOTAKBANK
5134,2025-04-09 12:05:00+05:30,2055.94,2060.5,2055.55,2056.69,71164,KOTAKBANK
5135,2025-04-09 12:10:00+05:30,2056.69,2060.0,2055.0,2060.0,37970,KOTAKBANK
5136,2025-04-09 12:15:00+05:30,2059.94,2060.0,2058.25,2059.94,38877,KOTAKBANK
5137,2025-04-09 12:20:00+05:30,2059.94,2060.0,2059.44,2060.0,35586,KOTAKBANK
5138,2025-04-09 12:25:00+05:30,2059.94,2060.0,2059.1,2059.6,40838,KOTAKBANK
5139,2025-04-09 12:30:00+05:30,2059.44,2060.5,2058.69,2060.0,55930,KOTAKBANK
5140,2025-04-09 12:35:00+05:30,2060.0,2061.0,2058.0,2059.69,70493,KOTAKBANK
5141,2025-04-09 12:40:00+05:30,2059.65,2061.05,2058.3,2060.0,125051,KOTAKBANK
5142,2025-04-09 12:45:00+05:30,2059.65,2060.0,2057.0,2059.1,48945,KOTAKBANK
5143,2025-04-09 12:50:00+05:30,2059.1,2060.0,2056.69,2059.75,77611,KOTAKBANK
5144,2025-04-09 12:55:00+05:30,2059.75,2060.0,2055.15,2056.19,33880,KOTAKBANK
5145,2025-04-09 13:00:00+05:30,2056.19,2057.55,2054.25,2056.3,38684,KOTAKBANK
5146,2025-04-09 13:05:00+05:30,2056.5,2059.0,2055.05,2058.65,34370,KOTAKBANK
5147,2025-04-09 13:10:00+05:30,2058.65,2062.19,2058.0,2060.8,80571,KOTAKBANK
5148,2025-04-09 13:15:00+05:30,2060.75,2062.0,2059.3,2060.3,35449,KOTAKBANK
5149,2025-04-09 13:20:00+05:30,2060.3,2061.0,2059.25,2060.0,39771,KOTAKBANK
5150,2025-04-09 13:25:00+05:30,2060.0,2065.0,2059.5,2061.15,234141,KOTAKBANK
5151,2025-04-09 13:30:00+05:30,2061.15,2063.35,2055.94,2056.9,234136,KOTAKBANK
5152,2025-04-09 13:35:00+05:30,2056.9,2058.9,2055.1,2057.0,44312,KOTAKBANK
5153,2025-04-09 13:40:00+05:30,2057.0,2059.0,2056.05,2057.94,30502,KOTAKBANK
5154,2025-04-09 13:45:00+05:30,2057.55,2059.0,2056.55,2057.9,23079,KOTAKBANK
5155,2025-04-09 13:50:00+05:30,2057.9,2058.15,2055.8,2056.85,24186,KOTAKBANK
5156,2025-04-09 13:55:00+05:30,2056.85,2057.65,2055.5,2056.4,31422,KOTAKBANK
5157,2025-04-09 14:00:00+05:30,2056.4,2057.19,2054.35,2055.9,45900,KOTAKBANK
5158,2025-04-09 14:05:00+05:30,2055.69,2057.05,2055.0,2055.19,28331,KOTAKBANK
5159,2025-04-09 14:10:00+05:30,2055.19,2056.6,2054.75,2055.94,31178,KOTAKBANK
5160,2025-04-09 14:15:00+05:30,2055.55,2057.19,2054.94,2056.19,29420,KOTAKBANK
5161,2025-04-09 14:20:00+05:30,2056.19,2057.75,2055.65,2056.9,24018,KOTAKBANK
5162,2025-04-09 14:25:00+05:30,2056.9,2057.1,2054.1,2055.25,23145,KOTAKBANK
5163,2025-04-09 14:30:00+05:30,2055.0,2055.3,2052.25,2053.15,29287,KOTAKBANK
5164,2025-04-09 14:35:00+05:30,2053.15,2055.0,2052.6,2054.15,37539,KOTAKBANK
5165,2025-04-09 14:40:00+05:30,2054.15,2055.94,2053.4,2053.75,39493,KOTAKBANK
5166,2025-04-09 14:45:00+05:30,2053.75,2054.69,2052.4,2054.44,37396,KOTAKBANK
5167,2025-04-09 14:50:00+05:30,2054.44,2054.69,2052.05,2053.0,41639,KOTAKBANK
5168,2025-04-09 14:55:00+05:30,2052.85,2054.69,2052.0,2052.6,44127,KOTAKBANK
5169,2025-04-09 15:00:00+05:30,2052.4,2053.0,2049.19,2050.0,99217,KOTAKBANK
5170,2025-04-09 15:05:00+05:30,2050.0,2053.0,2049.9,2052.4,97281,KOTAKBANK
5171,2025-04-09 15:10:00+05:30,2052.35,2055.75,2051.15,2055.65,74667,KOTAKBANK
5172,2025-04-09 15:15:00+05:30,2055.69,2057.0,2053.75,2054.0,85158,KOTAKBANK
5173,2025-04-09 15:20:00+05:30,2054.0,2054.0,2052.4,2053.0,100871,KOTAKBANK
5174,2025-04-09 15:25:00+05:30,2053.0,2058.0,2052.94,2058.0,60735,KOTAKBANK
5175,2025-04-11 09:15:00+05:30,2065.0,2084.0,2058.5,2080.4,455020,KOTAKBANK
5176,2025-04-11 09:20:00+05:30,2080.0,2085.35,2073.55,2080.0,85350,KOTAKBANK
5177,2025-04-11 09:25:00+05:30,2080.35,2080.8,2075.0,2075.55,28141,KOTAKBANK
5178,2025-04-11 09:30:00+05:30,2075.55,2081.05,2074.0,2079.69,49964,KOTAKBANK
5179,2025-04-11 09:35:00+05:30,2080.0,2087.05,2076.9,2086.4,76956,KOTAKBANK
5180,2025-04-11 09:40:00+05:30,2086.4,2096.55,2086.05,2094.9,30936,KOTAKBANK
5181,2025-04-11 09:45:00+05:30,2094.9,2099.0,2091.15,2097.75,30293,KOTAKBANK
5182,2025-04-11 09:50:00+05:30,2098.3,2098.85,2095.0,2096.35,18325,KOTAKBANK
5183,2025-04-11 09:55:00+05:30,2096.35,2099.0,2093.69,2095.69,20134,KOTAKBANK
5184,2025-04-11 10:00:00+05:30,2095.69,2101.9,2095.69,2099.3,28812,KOTAKBANK
5185,2025-04-11 10:05:00+05:30,2099.5,2100.0,2096.05,2098.75,20912,KOTAKBANK
5186,2025-04-11 10:10:00+05:30,2098.75,2104.0,2096.75,2099.85,58303,KOTAKBANK
5187,2025-04-11 10:15:00+05:30,2099.85,2102.9,2098.55,2102.3,36147,KOTAKBANK
5188,2025-04-11 10:20:00+05:30,2102.3,2107.44,2101.05,2102.19,45821,KOTAKBANK
5189,2025-04-11 10:25:00+05:30,2102.85,2104.69,2101.85,2104.44,12833,KOTAKBANK
5190,2025-04-11 10:30:00+05:30,2104.6,2115.0,2104.6,2114.1,70047,KOTAKBANK
5191,2025-04-11 10:35:00+05:30,2114.1,2114.1,2108.05,2108.35,99075,KOTAKBANK
5192,2025-04-11 10:40:00+05:30,2108.3,2115.0,2108.0,2114.94,57404,KOTAKBANK
5193,2025-04-11 10:45:00+05:30,2114.94,2117.69,2110.0,2116.8,169486,KOTAKBANK
5194,2025-04-11 10:50:00+05:30,2117.0,2119.9,2116.05,2118.35,57205,KOTAKBANK
5195,2025-04-11 10:55:00+05:30,2118.35,2120.0,2117.75,2119.0,28668,KOTAKBANK
5196,2025-04-11 11:00:00+05:30,2119.05,2122.4,2119.0,2121.19,176016,KOTAKBANK
5197,2025-04-11 11:05:00+05:30,2121.55,2124.1,2120.0,2123.85,23907,KOTAKBANK
5198,2025-04-11 11:10:00+05:30,2124.1,2131.75,2123.69,2130.05,117089,KOTAKBANK
5199,2025-04-11 11:15:00+05:30,2130.0,2134.75,2129.44,2133.44,159176,KOTAKBANK
5200,2025-04-11 11:20:00+05:30,2133.44,2134.94,2131.15,2134.85,66945,KOTAKBANK
5201,2025-04-11 11:25:00+05:30,2134.94,2138.3,2133.6,2138.1,95194,KOTAKBANK
5202,2025-04-11 11:30:00+05:30,2138.15,2139.0,2135.1,2137.6,73379,KOTAKBANK
5203,2025-04-11 11:35:00+05:30,2137.55,2139.15,2136.0,2138.9,62941,KOTAKBANK
5204,2025-04-11 11:40:00+05:30,2138.94,2139.5,2132.3,2133.0,92569,KOTAKBANK
5205,2025-04-11 11:45:00+05:30,2132.35,2135.1,2130.85,2132.0,212257,KOTAKBANK
5206,2025-04-11 11:50:00+05:30,2132.15,2133.19,2130.0,2132.0,25668,KOTAKBANK
5207,2025-04-11 11:55:00+05:30,2132.0,2135.94,2131.69,2134.85,29395,KOTAKBANK
5208,2025-04-11 12:00:00+05:30,2134.85,2135.65,2131.69,2132.0,37829,KOTAKBANK
5209,2025-04-11 12:05:00+05:30,2132.5,2133.65,2129.85,2130.1,47562,KOTAKBANK
5210,2025-04-11 12:10:00+05:30,2130.15,2134.9,2129.9,2131.0,129894,KOTAKBANK
5211,2025-04-11 12:15:00+05:30,2131.0,2131.0,2127.15,2127.85,66209,KOTAKBANK
5212,2025-04-11 12:20:00+05:30,2127.85,2127.9,2120.1,2121.44,113789,KOTAKBANK
5213,2025-04-11 12:25:00+05:30,2121.25,2126.0,2120.69,2124.94,56246,KOTAKBANK
5214,2025-04-11 12:30:00+05:30,2125.0,2125.05,2121.1,2121.1,105093,KOTAKBANK
5215,2025-04-11 12:35:00+05:30,2121.15,2121.9,2116.25,2118.15,81435,KOTAKBANK
5216,2025-04-11 12:40:00+05:30,2118.15,2121.5,2118.15,2120.44,79725,KOTAKBANK
5217,2025-04-11 12:45:00+05:30,2120.65,2121.5,2119.65,2119.94,71598,KOTAKBANK
5218,2025-04-11 12:50:00+05:30,2119.94,2120.85,2118.1,2120.0,34327,KOTAKBANK
5219,2025-04-11 12:55:00+05:30,2120.0,2120.0,2117.5,2117.75,44839,KOTAKBANK
5220,2025-04-11 13:00:00+05:30,2117.75,2120.0,2117.35,2120.0,43916,KOTAKBANK
5221,2025-04-11 13:05:00+05:30,2120.0,2121.5,2118.05,2119.44,76284,KOTAKBANK
5222,2025-04-11 13:10:00+05:30,2119.5,2123.0,2119.3,2120.55,39304,KOTAKBANK
5223,2025-04-11 13:15:00+05:30,2120.55,2120.8,2116.55,2119.0,63559,KOTAKBANK
5224,2025-04-11 13:20:00+05:30,2119.0,2120.0,2117.44,2119.9,31311,KOTAKBANK
5225,2025-04-11 13:25:00+05:30,2119.85,2120.0,2116.25,2116.94,38545,KOTAKBANK
5226,2025-04-11 13:30:00+05:30,2117.0,2117.0,2112.94,2115.15,111786,KOTAKBANK
5227,2025-04-11 13:35:00+05:30,2115.15,2116.94,2114.3,2116.85,35582,KOTAKBANK
5228,2025-04-11 13:40:00+05:30,2116.85,2116.85,2115.0,2116.55,26603,KOTAKBANK
5229,2025-04-11 13:45:00+05:30,2116.55,2117.6,2114.1,2114.85,35791,KOTAKBANK
5230,2025-04-11 13:50:00+05:30,2114.85,2115.0,2112.69,2113.25,45492,KOTAKBANK
5231,2025-04-11 13:55:00+05:30,2113.25,2115.0,2113.25,2114.3,30427,KOTAKBANK
5232,2025-04-11 14:00:00+05:30,2114.65,2114.8,2112.19,2112.19,32110,KOTAKBANK
5233,2025-04-11 14:05:00+05:30,2112.3,2114.19,2109.85,2111.94,62810,KOTAKBANK
5234,2025-04-11 14:10:00+05:30,2112.0,2114.44,2111.75,2114.44,35672,KOTAKBANK
5235,2025-04-11 14:15:00+05:30,2114.4,2115.9,2112.9,2113.44,37280,KOTAKBANK
5236,2025-04-11 14:20:00+05:30,2113.9,2114.85,2110.94,2112.9,46263,KOTAKBANK
5237,2025-04-11 14:25:00+05:30,2112.9,2115.44,2110.1,2110.4,56599,KOTAKBANK
5238,2025-04-11 14:30:00+05:30,2110.4,2114.0,2109.0,2109.8,81294,KOTAKBANK
5239,2025-04-11 14:35:00+05:30,2109.94,2111.0,2108.5,2108.5,38908,KOTAKBANK
5240,2025-04-11 14:40:00+05:30,2108.8,2111.65,2107.5,2110.25,56390,KOTAKBANK
5241,2025-04-11 14:45:00+05:30,2110.25,2111.6,2108.3,2111.44,55429,KOTAKBANK
5242,2025-04-11 14:50:00+05:30,2111.6,2112.8,2110.85,2111.0,33470,KOTAKBANK
5243,2025-04-11 14:55:00+05:30,2111.0,2111.94,2107.8,2109.19,139571,KOTAKBANK
5244,2025-04-11 15:00:00+05:30,2109.15,2116.0,2107.44,2116.0,136242,KOTAKBANK
5245,2025-04-11 15:05:00+05:30,2116.0,2116.44,2109.1,2112.05,173743,KOTAKBANK
5246,2025-04-11 15:10:00+05:30,2112.05,2113.0,2110.55,2110.94,101123,KOTAKBANK
5247,2025-04-11 15:15:00+05:30,2110.94,2114.0,2108.75,2109.1,175158,KOTAKBANK
5248,2025-04-11 15:20:00+05:30,2109.05,2115.0,2108.5,2109.9,185897,KOTAKBANK
5249,2025-04-11 15:25:00+05:30,2109.85,2114.69,2107.85,2109.85,83247,KOTAKBANK
5250,2025-04-15 09:15:00+05:30,2145.0,2147.0,2123.4,2130.19,326124,KOTAKBANK
5251,2025-04-15 09:20:00+05:30,2130.19,2131.4,2115.0,2118.8,89459,KOTAKBANK
5252,2025-04-15 09:25:00+05:30,2118.69,2118.8,2109.0,2113.0,81405,KOTAKBANK
5253,2025-04-15 09:30:00+05:30,2113.0,2115.3,2104.1,2104.1,88870,KOTAKBANK
5254,2025-04-15 09:35:00+05:30,2104.9,2110.0,2102.8,2108.1,53614,KOTAKBANK
5255,2025-04-15 09:40:00+05:30,2108.1,2114.6,2106.3,2114.6,77068,KOTAKBANK
5256,2025-04-15 09:45:00+05:30,2114.1,2117.69,2111.5,2112.4,36369,KOTAKBANK
5257,2025-04-15 09:50:00+05:30,2112.4,2119.5,2110.5,2118.9,246455,KOTAKBANK
5258,2025-04-15 09:55:00+05:30,2118.6,2120.3,2111.0,2111.3,60035,KOTAKBANK
5259,2025-04-15 10:00:00+05:30,2111.19,2115.0,2111.19,2113.9,24692,KOTAKBANK
5260,2025-04-15 10:05:00+05:30,2114.8,2117.8,2113.5,2115.4,34349,KOTAKBANK
5261,2025-04-15 10:10:00+05:30,2115.19,2118.19,2113.69,2116.8,37035,KOTAKBANK
5262,2025-04-15 10:15:00+05:30,2116.9,2117.1,2113.3,2114.9,25465,KOTAKBANK
5263,2025-04-15 10:20:00+05:30,2114.9,2122.0,2113.5,2121.9,35728,KOTAKBANK
5264,2025-04-15 10:25:00+05:30,2122.0,2124.0,2121.0,2124.0,26475,KOTAKBANK
5265,2025-04-15 10:30:00+05:30,2124.0,2127.5,2122.6,2124.5,93445,KOTAKBANK
5266,2025-04-15 10:35:00+05:30,2124.4,2125.0,2123.0,2123.6,35098,KOTAKBANK
5267,2025-04-15 10:40:00+05:30,2123.69,2126.9,2123.19,2126.9,33214,KOTAKBANK
5268,2025-04-15 10:45:00+05:30,2126.69,2126.9,2121.8,2123.19,44933,KOTAKBANK
5269,2025-04-15 10:50:00+05:30,2123.8,2124.0,2122.1,2122.69,24819,KOTAKBANK
5270,2025-04-15 10:55:00+05:30,2123.0,2123.9,2122.1,2123.6,18240,KOTAKBANK
5271,2025-04-15 11:00:00+05:30,2123.6,2123.6,2116.0,2118.0,42962,KOTAKBANK
5272,2025-04-15 11:05:00+05:30,2118.0,2118.19,2114.8,2116.0,45663,KOTAKBANK
5273,2025-04-15 11:10:00+05:30,2116.0,2117.6,2115.6,2116.0,16749,KOTAKBANK
5274,2025-04-15 11:15:00+05:30,2116.0,2121.0,2115.8,2118.19,27225,KOTAKBANK
5275,2025-04-15 11:20:00+05:30,2118.19,2120.4,2117.19,2120.19,17118,KOTAKBANK
5276,2025-04-15 11:25:00+05:30,2120.19,2122.4,2118.1,2119.5,27726,KOTAKBANK
5277,2025-04-15 11:30:00+05:30,2119.19,2120.0,2118.19,2120.0,23476,KOTAKBANK
5278,2025-04-15 11:35:00+05:30,2120.0,2120.0,2117.69,2118.4,17461,KOTAKBANK
5279,2025-04-15 11:40:00+05:30,2118.4,2120.5,2117.1,2119.69,21621,KOTAKBANK
5280,2025-04-15 11:45:00+05:30,2120.0,2120.5,2118.4,2119.19,23633,KOTAKBANK
5281,2025-04-15 11:50:00+05:30,2119.3,2120.0,2118.6,2119.6,16645,KOTAKBANK
5282,2025-04-15 11:55:00+05:30,2119.8,2122.9,2119.6,2122.69,56453,KOTAKBANK
5283,2025-04-15 12:00:00+05:30,2122.69,2125.0,2120.1,2121.1,25600,KOTAKBANK
5284,2025-04-15 12:05:00+05:30,2121.1,2121.1,2117.8,2119.19,17306,KOTAKBANK
5285,2025-04-15 12:10:00+05:30,2119.19,2121.0,2118.4,2120.0,93561,KOTAKBANK
5286,2025-04-15 12:15:00+05:30,2120.5,2122.1,2119.9,2120.6,42404,KOTAKBANK
5287,2025-04-15 12:20:00+05:30,2120.6,2120.8,2117.5,2120.4,39805,KOTAKBANK
5288,2025-04-15 12:25:00+05:30,2120.4,2123.19,2119.6,2120.4,50950,KOTAKBANK
5289,2025-04-15 12:30:00+05:30,2120.5,2121.19,2119.4,2120.0,32094,KOTAKBANK
5290,2025-04-15 12:35:00+05:30,2120.0,2121.3,2119.9,2120.9,23995,KOTAKBANK
5291,2025-04-15 12:40:00+05:30,2120.9,2121.0,2119.6,2120.0,22911,KOTAKBANK
5292,2025-04-15 12:45:00+05:30,2120.0,2121.0,2119.0,2119.3,24517,KOTAKBANK
5293,2025-04-15 12:50:00+05:30,2119.3,2119.9,2118.19,2119.1,21971,KOTAKBANK
5294,2025-04-15 12:55:00+05:30,2119.1,2120.0,2114.69,2114.9,34900,KOTAKBANK
5295,2025-04-15 13:00:00+05:30,2114.9,2116.3,2111.6,2114.6,67853,KOTAKBANK
5296,2025-04-15 13:05:00+05:30,2114.6,2119.3,2113.5,2113.69,34968,KOTAKBANK
5297,2025-04-15 13:10:00+05:30,2114.4,2116.3,2112.69,2112.8,27494,KOTAKBANK
5298,2025-04-15 13:15:00+05:30,2112.8,2116.19,2099.6,2112.19,415660,KOTAKBANK
5299,2025-04-15 13:20:00+05:30,2112.19,2114.5,2110.5,2113.19,61770,KOTAKBANK
5300,2025-04-15 13:25:00+05:30,2113.0,2116.5,2113.0,2113.3,40231,KOTAKBANK
5301,2025-04-15 13:30:00+05:30,2113.3,2115.3,2113.0,2114.8,303215,KOTAKBANK
5302,2025-04-15 13:35:00+05:30,2114.8,2116.1,2113.0,2113.0,61024,KOTAKBANK
5303,2025-04-15 13:40:00+05:30,2113.0,2115.8,2111.5,2111.5,77622,KOTAKBANK
5304,2025-04-15 13:45:00+05:30,2111.5,2114.69,2110.9,2111.5,56166,KOTAKBANK
5305,2025-04-15 13:50:00+05:30,2111.5,2112.3,2111.19,2111.8,43825,KOTAKBANK
5306,2025-04-15 13:55:00+05:30,2111.8,2115.0,2111.69,2114.6,53616,KOTAKBANK
5307,2025-04-15 14:00:00+05:30,2114.5,2116.0,2113.6,2115.0,33856,KOTAKBANK
5308,2025-04-15 14:05:00+05:30,2115.0,2116.0,2114.1,2115.3,29769,KOTAKBANK
5309,2025-04-15 14:10:00+05:30,2115.3,2117.9,2114.8,2117.8,53807,KOTAKBANK
5310,2025-04-15 14:15:00+05:30,2117.8,2119.19,2115.19,2117.1,166574,KOTAKBANK
5311,2025-04-15 14:20:00+05:30,2117.1,2118.69,2114.3,2115.9,97879,KOTAKBANK
5312,2025-04-15 14:25:00+05:30,2115.9,2118.0,2115.19,2117.1,67755,KOTAKBANK
5313,2025-04-15 14:30:00+05:30,2117.1,2118.0,2114.6,2115.1,67111,KOTAKBANK
5314,2025-04-15 14:35:00+05:30,2115.1,2118.1,2115.1,2117.4,52458,KOTAKBANK
5315,2025-04-15 14:40:00+05:30,2117.4,2118.69,2116.69,2117.6,60412,KOTAKBANK
5316,2025-04-15 14:45:00+05:30,2117.6,2118.6,2115.1,2117.5,101973,KOTAKBANK
5317,2025-04-15 14:50:00+05:30,2117.5,2117.5,2115.1,2116.0,66480,KOTAKBANK
5318,2025-04-15 14:55:00+05:30,2116.0,2120.4,2115.19,2120.3,109422,KOTAKBANK
5319,2025-04-15 15:00:00+05:30,2120.3,2120.3,2116.4,2116.6,187496,KOTAKBANK
5320,2025-04-15 15:05:00+05:30,2116.69,2119.0,2116.4,2117.5,183909,KOTAKBANK
5321,2025-04-15 15:10:00+05:30,2117.5,2119.8,2117.4,2119.4,183667,KOTAKBANK
5322,2025-04-15 15:15:00+05:30,2119.3,2121.8,2118.69,2121.8,207682,KOTAKBANK
5323,2025-04-15 15:20:00+05:30,2121.6,2122.8,2119.9,2122.8,253951,KOTAKBANK
5324,2025-04-15 15:25:00+05:30,2122.69,2127.5,2121.8,2124.0,202974,KOTAKBANK
5325,2025-04-16 09:15:00+05:30,2120.0,2130.3,2113.3,2122.1,183042,KOTAKBANK
5326,2025-04-16 09:20:00+05:30,2122.1,2126.5,2120.4,2126.0,39984,KOTAKBANK
5327,2025-04-16 09:25:00+05:30,2126.1,2133.0,2125.0,2132.5,41708,KOTAKBANK
5328,2025-04-16 09:30:00+05:30,2132.5,2137.9,2130.0,2137.0,41610,KOTAKBANK
5329,2025-04-16 09:35:00+05:30,2137.0,2151.6,2136.4,2150.69,172983,KOTAKBANK
5330,2025-04-16 09:40:00+05:30,2150.69,2151.4,2142.6,2144.1,81097,KOTAKBANK
5331,2025-04-16 09:45:00+05:30,2144.0,2145.0,2138.3,2139.5,52327,KOTAKBANK
5332,2025-04-16 09:50:00+05:30,2139.0,2140.9,2136.1,2139.69,44963,KOTAKBANK
5333,2025-04-16 09:55:00+05:30,2139.69,2140.1,2133.0,2135.1,46835,KOTAKBANK
5334,2025-04-16 10:00:00+05:30,2134.19,2135.19,2131.19,2131.6,15233,KOTAKBANK
5335,2025-04-16 10:05:00+05:30,2132.1,2136.3,2131.5,2135.1,22569,KOTAKBANK
5336,2025-04-16 10:10:00+05:30,2135.1,2135.9,2128.19,2129.4,22967,KOTAKBANK
5337,2025-04-16 10:15:00+05:30,2128.8,2132.1,2126.3,2128.0,30381,KOTAKBANK
5338,2025-04-16 10:20:00+05:30,2127.5,2128.0,2121.6,2122.69,29158,KOTAKBANK
5339,2025-04-16 10:25:00+05:30,2122.3,2125.8,2122.3,2125.3,25707,KOTAKBANK
5340,2025-04-16 10:30:00+05:30,2124.6,2125.5,2118.19,2120.5,19221,KOTAKBANK
5341,2025-04-16 10:35:00+05:30,2120.5,2122.5,2119.19,2120.6,15587,KOTAKBANK
5342,2025-04-16 10:40:00+05:30,2120.0,2122.5,2118.0,2118.69,14818,KOTAKBANK
5343,2025-04-16 10:45:00+05:30,2118.0,2119.5,2116.9,2119.3,20540,KOTAKBANK
5344,2025-04-16 10:50:00+05:30,2119.3,2120.6,2117.5,2119.4,38056,KOTAKBANK
5345,2025-04-16 10:55:00+05:30,2119.4,2120.3,2114.19,2115.8,25632,KOTAKBANK
5346,2025-04-16 11:00:00+05:30,2115.1,2116.9,2113.3,2116.8,26009,KOTAKBANK
5347,2025-04-16 11:05:00+05:30,2116.4,2121.6,2115.69,2119.8,31917,KOTAKBANK
5348,2025-04-16 11:10:00+05:30,2119.6,2122.6,2119.1,2122.0,33232,KOTAKBANK
5349,2025-04-16 11:15:00+05:30,2122.0,2122.8,2118.8,2121.5,25741,KOTAKBANK
5350,2025-04-16 11:20:00+05:30,2121.8,2124.3,2120.19,2124.0,23277,KOTAKBANK
5351,2025-04-16 11:25:00+05:30,2124.0,2124.3,2121.1,2122.3,20788,KOTAKBANK
5352,2025-04-16 11:30:00+05:30,2122.3,2126.1,2122.0,2125.6,24718,KOTAKBANK
5353,2025-04-16 11:35:00+05:30,2125.3,2127.0,2122.69,2125.8,24099,KOTAKBANK
5354,2025-04-16 11:40:00+05:30,2125.9,2129.5,2125.8,2126.3,34134,KOTAKBANK
5355,2025-04-16 11:45:00+05:30,2126.19,2128.69,2125.5,2127.9,58006,KOTAKBANK
5356,2025-04-16 11:50:00+05:30,2127.4,2128.19,2123.6,2124.6,19633,KOTAKBANK
5357,2025-04-16 11:55:00+05:30,2124.6,2125.0,2123.19,2124.6,20702,KOTAKBANK
5358,2025-04-16 12:00:00+05:30,2124.6,2126.0,2124.0,2125.0,19052,KOTAKBANK
5359,2025-04-16 12:05:00+05:30,2125.0,2125.6,2123.0,2125.3,18463,KOTAKBANK
5360,2025-04-16 12:10:00+05:30,2125.3,2129.6,2125.0,2126.9,45260,KOTAKBANK
5361,2025-04-16 12:15:00+05:30,2126.9,2128.1,2125.1,2126.0,41154,KOTAKBANK
5362,2025-04-16 12:20:00+05:30,2125.8,2126.3,2124.4,2125.4,20968,KOTAKBANK
5363,2025-04-16 12:25:00+05:30,2125.4,2125.69,2124.3,2125.3,20791,KOTAKBANK
5364,2025-04-16 12:30:00+05:30,2125.3,2125.4,2123.9,2125.0,16338,KOTAKBANK
5365,2025-04-16 12:35:00+05:30,2125.0,2125.5,2123.4,2124.8,18088,KOTAKBANK
5366,2025-04-16 12:40:00+05:30,2124.8,2125.9,2123.9,2125.19,20904,KOTAKBANK
5367,2025-04-16 12:45:00+05:30,2125.19,2125.19,2124.0,2124.5,10480,KOTAKBANK
5368,2025-04-16 12:50:00+05:30,2124.5,2125.3,2124.1,2125.0,12630,KOTAKBANK
5369,2025-04-16 12:55:00+05:30,2125.0,2125.19,2123.4,2124.69,17933,KOTAKBANK
5370,2025-04-16 13:00:00+05:30,2124.69,2125.0,2123.4,2124.69,11637,KOTAKBANK
5371,2025-04-16 13:05:00+05:30,2124.69,2125.0,2119.19,2120.0,14636,KOTAKBANK
5372,2025-04-16 13:10:00+05:30,2120.0,2121.6,2119.5,2120.9,18029,KOTAKBANK
5373,2025-04-16 13:15:00+05:30,2120.9,2120.9,2117.0,2117.8,22562,KOTAKBANK
5374,2025-04-16 13:20:00+05:30,2117.9,2117.9,2114.69,2115.3,34232,KOTAKBANK
5375,2025-04-16 13:25:00+05:30,2115.3,2116.3,2115.0,2115.9,16518,KOTAKBANK
5376,2025-04-16 13:30:00+05:30,2115.8,2115.9,2114.69,2115.5,22777,KOTAKBANK
5377,2025-04-16 13:35:00+05:30,2115.1,2115.9,2114.0,2115.1,21874,KOTAKBANK
5378,2025-04-16 13:40:00+05:30,2114.8,2115.69,2114.4,2115.69,13029,KOTAKBANK
5379,2025-04-16 13:45:00+05:30,2115.6,2115.8,2114.8,2115.4,12668,KOTAKBANK
5380,2025-04-16 13:50:00+05:30,2115.0,2117.19,2115.0,2115.8,23915,KOTAKBANK
5381,2025-04-16 13:55:00+05:30,2115.8,2125.9,2115.5,2125.0,59137,KOTAKBANK
5382,2025-04-16 14:00:00+05:30,2125.0,2130.4,2124.8,2129.5,59447,KOTAKBANK
5383,2025-04-16 14:05:00+05:30,2129.5,2129.6,2126.8,2127.4,37336,KOTAKBANK
5384,2025-04-16 14:10:00+05:30,2127.4,2129.0,2126.4,2127.5,35930,KOTAKBANK
5385,2025-04-16 14:15:00+05:30,2127.5,2127.5,2124.0,2124.9,42846,KOTAKBANK
5386,2025-04-16 14:20:00+05:30,2124.8,2125.0,2122.5,2124.19,19667,KOTAKBANK
5387,2025-04-16 14:25:00+05:30,2124.19,2125.0,2122.3,2124.0,29341,KOTAKBANK
5388,2025-04-16 14:30:00+05:30,2124.0,2124.6,2123.0,2123.9,15921,KOTAKBANK
5389,2025-04-16 14:35:00+05:30,2123.9,2124.0,2122.1,2123.0,21018,KOTAKBANK
5390,2025-04-16 14:40:00+05:30,2123.0,2125.5,2121.19,2125.0,64776,KOTAKBANK
5391,2025-04-16 14:45:00+05:30,2125.0,2125.0,2121.5,2122.19,26456,KOTAKBANK
5392,2025-04-16 14:50:00+05:30,2122.1,2128.0,2121.4,2127.8,56397,KOTAKBANK
5393,2025-04-16 14:55:00+05:30,2127.8,2128.3,2124.4,2128.3,60981,KOTAKBANK
5394,2025-04-16 15:00:00+05:30,2128.3,2128.9,2123.69,2125.1,76590,KOTAKBANK
5395,2025-04-16 15:05:00+05:30,2125.1,2125.19,2123.1,2124.1,81956,KOTAKBANK
5396,2025-04-16 15:10:00+05:30,2124.0,2124.0,2122.0,2122.69,86855,KOTAKBANK
5397,2025-04-16 15:15:00+05:30,2122.69,2123.6,2121.5,2123.1,118337,KOTAKBANK
5398,2025-04-16 15:20:00+05:30,2123.0,2124.1,2121.5,2123.3,130525,KOTAKBANK
5399,2025-04-16 15:25:00+05:30,2123.19,2123.8,2120.6,2121.6,72530,KOTAKBANK
5400,2025-04-17 09:15:00+05:30,2115.0,2120.0,2106.9,2108.9,179099,KOTAKBANK
5401,2025-04-17 09:20:00+05:30,2108.9,2110.0,2102.0,2103.0,75062,KOTAKBANK
5402,2025-04-17 09:25:00+05:30,2102.5,2103.5,2098.8,2099.69,69022,KOTAKBANK
5403,2025-04-17 09:30:00+05:30,2099.6,2102.0,2097.69,2100.4,163341,KOTAKBANK
5404,2025-04-17 09:35:00+05:30,2100.3,2106.4,2099.1,2101.8,52949,KOTAKBANK
5405,2025-04-17 09:40:00+05:30,2101.1,2110.5,2101.0,2110.3,43746,KOTAKBANK
5406,2025-04-17 09:45:00+05:30,2109.3,2116.19,2108.1,2115.5,40953,KOTAKBANK
5407,2025-04-17 09:50:00+05:30,2115.4,2118.0,2114.69,2115.69,15496,KOTAKBANK
5408,2025-04-17 09:55:00+05:30,2115.5,2117.3,2113.5,2117.0,21185,KOTAKBANK
5409,2025-04-17 10:00:00+05:30,2117.1,2120.5,2116.9,2118.9,18910,KOTAKBANK
5410,2025-04-17 10:05:00+05:30,2118.8,2119.5,2115.8,2116.0,25602,KOTAKBANK
5411,2025-04-17 10:10:00+05:30,2116.6,2117.3,2112.69,2114.3,44357,KOTAKBANK
5412,2025-04-17 10:15:00+05:30,2114.9,2121.4,2114.4,2119.69,46775,KOTAKBANK
5413,2025-04-17 10:20:00+05:30,2119.19,2123.9,2117.69,2123.9,24102,KOTAKBANK
5414,2025-04-17 10:25:00+05:30,2123.5,2124.69,2121.5,2122.0,13911,KOTAKBANK
5415,2025-04-17 10:30:00+05:30,2122.0,2123.0,2120.6,2121.4,9208,KOTAKBANK
5416,2025-04-17 10:35:00+05:30,2121.4,2122.19,2120.19,2121.8,10001,KOTAKBANK
5417,2025-04-17 10:40:00+05:30,2121.5,2126.5,2120.8,2125.3,29862,KOTAKBANK
5418,2025-04-17 10:45:00+05:30,2126.1,2128.0,2125.3,2127.9,38157,KOTAKBANK
5419,2025-04-17 10:50:00+05:30,2127.9,2127.9,2125.0,2126.0,5188,KOTAKBANK
5420,2025-04-17 10:55:00+05:30,2126.0,2126.3,2121.5,2123.0,12635,KOTAKBANK
5421,2025-04-17 11:00:00+05:30,2122.8,2124.0,2119.0,2119.6,28016,KOTAKBANK
5422,2025-04-17 11:05:00+05:30,2120.1,2123.9,2119.4,2123.4,20719,KOTAKBANK
5423,2025-04-17 11:10:00+05:30,2123.4,2126.6,2123.0,2126.5,9173,KOTAKBANK
5424,2025-04-17 11:15:00+05:30,2126.6,2130.0,2126.1,2129.5,32429,KOTAKBANK
5425,2025-04-17 11:20:00+05:30,2129.5,2130.0,2127.0,2128.8,19922,KOTAKBANK
5426,2025-04-17 11:25:00+05:30,2128.8,2129.19,2124.9,2127.5,70826,KOTAKBANK
5427,2025-04-17 11:30:00+05:30,2127.69,2129.5,2124.9,2127.3,87639,KOTAKBANK
5428,2025-04-17 11:35:00+05:30,2127.69,2132.0,2126.3,2131.69,38786,KOTAKBANK
5429,2025-04-17 11:40:00+05:30,2131.69,2140.0,2131.4,2138.1,140090,KOTAKBANK
5430,2025-04-17 11:45:00+05:30,2138.4,2139.69,2134.9,2137.19,84442,KOTAKBANK
5431,2025-04-17 11:50:00+05:30,2138.0,2139.8,2130.9,2131.0,323270,KOTAKBANK
5432,2025-04-17 11:55:00+05:30,2131.3,2133.8,2129.9,2131.3,68912,KOTAKBANK
5433,2025-04-17 12:00:00+05:30,2131.4,2133.9,2130.0,2133.5,33036,KOTAKBANK
5434,2025-04-17 12:05:00+05:30,2133.5,2135.0,2132.1,2132.9,36779,KOTAKBANK
5435,2025-04-17 12:10:00+05:30,2132.9,2135.1,2132.19,2133.1,42374,KOTAKBANK
5436,2025-04-17 12:15:00+05:30,2133.5,2135.4,2131.19,2133.6,37700,KOTAKBANK
5437,2025-04-17 12:20:00+05:30,2133.6,2133.6,2130.3,2132.1,36661,KOTAKBANK
5438,2025-04-17 12:25:00+05:30,2132.0,2139.5,2131.0,2139.5,62681,KOTAKBANK
5439,2025-04-17 12:30:00+05:30,2139.5,2145.3,2139.0,2144.1,105552,KOTAKBANK
5440,2025-04-17 12:35:00+05:30,2144.1,2147.0,2143.3,2146.6,108219,KOTAKBANK
5441,2025-04-17 12:40:00+05:30,2146.69,2156.0,2146.0,2155.3,136744,KOTAKBANK
5442,2025-04-17 12:45:00+05:30,2155.0,2156.8,2150.9,2156.1,114160,KOTAKBANK
5443,2025-04-17 12:50:00+05:30,2156.1,2157.8,2154.19,2156.0,109115,KOTAKBANK
5444,2025-04-17 12:55:00+05:30,2156.0,2164.0,2155.4,2163.19,86355,KOTAKBANK
5445,2025-04-17 13:00:00+05:30,2163.19,2165.0,2161.0,2163.4,76103,KOTAKBANK
5446,2025-04-17 13:05:00+05:30,2163.4,2169.5,2160.1,2168.3,68679,KOTAKBANK
5447,2025-04-17 13:10:00+05:30,2168.3,2179.1,2167.0,2179.0,127181,KOTAKBANK
5448,2025-04-17 13:15:00+05:30,2179.19,2184.9,2177.8,2183.4,122613,KOTAKBANK
5449,2025-04-17 13:20:00+05:30,2183.4,2185.8,2179.0,2183.0,89684,KOTAKBANK
5450,2025-04-17 13:25:00+05:30,2183.4,2184.0,2179.0,2181.9,67718,KOTAKBANK
5451,2025-04-17 13:30:00+05:30,2181.9,2185.5,2180.1,2182.19,81835,KOTAKBANK
5452,2025-04-17 13:35:00+05:30,2182.1,2189.3,2182.0,2188.4,145907,KOTAKBANK
5453,2025-04-17 13:40:00+05:30,2188.19,2188.4,2183.19,2187.0,84314,KOTAKBANK
5454,2025-04-17 13:45:00+05:30,2186.8,2189.9,2185.9,2189.8,44166,KOTAKBANK
5455,2025-04-17 13:50:00+05:30,2189.9,2191.5,2187.19,2188.4,82883,KOTAKBANK
5456,2025-04-17 13:55:00+05:30,2188.4,2188.4,2178.69,2180.0,110782,KOTAKBANK
5457,2025-04-17 14:00:00+05:30,2180.0,2186.3,2179.9,2186.19,78082,KOTAKBANK
5458,2025-04-17 14:05:00+05:30,2186.19,2187.9,2184.5,2186.3,65062,KOTAKBANK
5459,2025-04-17 14:10:00+05:30,2186.4,2187.69,2183.1,2183.6,73429,KOTAKBANK
5460,2025-04-17 14:15:00+05:30,2183.6,2187.69,2181.3,2185.0,93299,KOTAKBANK
5461,2025-04-17 14:20:00+05:30,2185.0,2188.4,2184.6,2186.0,71764,KOTAKBANK
5462,2025-04-17 14:25:00+05:30,2186.9,2188.8,2186.19,2187.5,78500,KOTAKBANK
5463,2025-04-17 14:30:00+05:30,2187.19,2192.5,2187.1,2190.69,57188,KOTAKBANK
5464,2025-04-17 14:35:00+05:30,2190.69,2193.9,2190.4,2191.9,77478,KOTAKBANK
5465,2025-04-17 14:40:00+05:30,2191.9,2192.6,2189.3,2192.6,42666,KOTAKBANK
5466,2025-04-17 14:45:00+05:30,2192.6,2193.69,2190.19,2192.3,57123,KOTAKBANK
5467,2025-04-17 14:50:00+05:30,2192.3,2192.5,2189.5,2190.1,84612,KOTAKBANK
5468,2025-04-17 14:55:00+05:30,2190.1,2191.3,2187.5,2189.0,82842,KOTAKBANK
5469,2025-04-17 15:00:00+05:30,2189.0,2189.0,2186.0,2188.5,119960,KOTAKBANK
5470,2025-04-17 15:05:00+05:30,2188.5,2188.5,2186.1,2186.9,88675,KOTAKBANK
5471,2025-04-17 15:10:00+05:30,2186.8,2191.6,2185.0,2191.0,172640,KOTAKBANK
5472,2025-04-17 15:15:00+05:30,2191.1,2191.1,2188.8,2188.9,91324,KOTAKBANK
5473,2025-04-17 15:20:00+05:30,2188.9,2190.0,2186.8,2188.3,107445,KOTAKBANK
5474,2025-04-17 15:25:00+05:30,2188.3,2188.3,2184.3,2185.1,66435,KOTAKBANK
5475,2025-04-21 09:15:00+05:30,2195.0,2195.0,2175.4,2186.6,144362,KOTAKBANK
5476,2025-04-21 09:20:00+05:30,2186.5,2195.0,2184.4,2194.6,40320,KOTAKBANK
5477,2025-04-21 09:25:00+05:30,2194.6,2201.9,2192.6,2195.6,144790,KOTAKBANK
5478,2025-04-21 09:30:00+05:30,2195.5,2207.0,2193.9,2206.9,60039,KOTAKBANK
5479,2025-04-21 09:35:00+05:30,2206.8,2208.5,2202.6,2205.0,171350,KOTAKBANK
5480,2025-04-21 09:40:00+05:30,2205.5,2216.9,2205.0,2215.4,98595,KOTAKBANK
5481,2025-04-21 09:45:00+05:30,2215.4,2215.8,2210.1,2211.8,121212,KOTAKBANK
5482,2025-04-21 09:50:00+05:30,2211.69,2213.19,2202.3,2205.0,89162,KOTAKBANK
5483,2025-04-21 09:55:00+05:30,2205.0,2208.0,2201.6,2208.0,31127,KOTAKBANK
5484,2025-04-21 10:00:00+05:30,2207.3,2208.0,2198.3,2199.4,48526,KOTAKBANK
5485,2025-04-21 10:05:00+05:30,2199.6,2202.4,2196.0,2201.1,31273,KOTAKBANK
5486,2025-04-21 10:10:00+05:30,2201.1,2204.0,2200.0,2201.0,20212,KOTAKBANK
5487,2025-04-21 10:15:00+05:30,2201.0,2205.9,2200.19,2201.8,24369,KOTAKBANK
5488,2025-04-21 10:20:00+05:30,2201.8,2203.19,2199.0,2202.6,17696,KOTAKBANK
5489,2025-04-21 10:25:00+05:30,2202.19,2206.1,2201.6,2205.9,17799,KOTAKBANK
5490,2025-04-21 10:30:00+05:30,2205.8,2206.0,2203.6,2205.0,16921,KOTAKBANK
5491,2025-04-21 10:35:00+05:30,2205.0,2205.0,2201.69,2205.0,22710,KOTAKBANK
5492,2025-04-21 10:40:00+05:30,2205.0,2205.6,2203.1,2204.9,24120,KOTAKBANK
5493,2025-04-21 10:45:00+05:30,2204.9,2206.0,2203.4,2204.3,31373,KOTAKBANK
5494,2025-04-21 10:50:00+05:30,2204.3,2205.0,2203.3,2204.9,18006,KOTAKBANK
5495,2025-04-21 10:55:00+05:30,2204.0,2206.0,2203.6,2205.0,36117,KOTAKBANK
5496,2025-04-21 11:00:00+05:30,2205.0,2210.0,2204.0,2208.8,31312,KOTAKBANK
5497,2025-04-21 11:05:00+05:30,2208.5,2212.0,2207.6,2211.4,35604,KOTAKBANK
5498,2025-04-21 11:10:00+05:30,2211.4,2215.0,2210.9,2215.0,60187,KOTAKBANK
5499,2025-04-21 11:15:00+05:30,2215.0,2221.0,2214.19,2220.3,71299,KOTAKBANK
5500,2025-04-21 11:20:00+05:30,2220.3,2224.9,2220.19,2224.0,36498,KOTAKBANK
5501,2025-04-21 11:25:00+05:30,2223.69,2227.0,2223.1,2227.0,84312,KOTAKBANK
5502,2025-04-21 11:30:00+05:30,2227.0,2227.6,2223.6,2226.9,28087,KOTAKBANK
5503,2025-04-21 11:35:00+05:30,2226.9,2232.69,2226.1,2232.5,66651,KOTAKBANK
5504,2025-04-21 11:40:00+05:30,2232.3,2234.3,2229.4,2233.9,80079,KOTAKBANK
5505,2025-04-21 11:45:00+05:30,2233.9,2236.3,2232.19,2235.6,27240,KOTAKBANK
5506,2025-04-21 11:50:00+05:30,2235.6,2239.1,2233.1,2238.5,28404,KOTAKBANK
5507,2025-04-21 11:55:00+05:30,2238.5,2240.0,2237.0,2238.0,26232,KOTAKBANK
5508,2025-04-21 12:00:00+05:30,2238.0,2244.0,2235.3,2239.1,264617,KOTAKBANK
5509,2025-04-21 12:05:00+05:30,2239.0,2243.0,2236.6,2242.69,73920,KOTAKBANK
5510,2025-04-21 12:10:00+05:30,2242.69,2246.0,2241.69,2245.4,42144,KOTAKBANK
5511,2025-04-21 12:15:00+05:30,2245.4,2248.0,2242.69,2248.0,26558,KOTAKBANK
5512,2025-04-21 12:20:00+05:30,2247.9,2251.0,2246.6,2251.0,174547,KOTAKBANK
5513,2025-04-21 12:25:00+05:30,2250.5,2258.0,2250.5,2252.9,243154,KOTAKBANK
5514,2025-04-21 12:30:00+05:30,2252.8,2255.19,2249.1,2252.0,274326,KOTAKBANK
5515,2025-04-21 12:35:00+05:30,2252.0,2259.0,2251.9,2259.0,54633,KOTAKBANK
5516,2025-04-21 12:40:00+05:30,2259.0,2261.19,2255.4,2257.5,119678,KOTAKBANK
5517,2025-04-21 12:45:00+05:30,2257.4,2261.0,2256.5,2259.0,54953,KOTAKBANK
5518,2025-04-21 12:50:00+05:30,2259.0,2260.19,2255.0,2259.4,108955,KOTAKBANK
5519,2025-04-21 12:55:00+05:30,2259.5,2260.5,2257.0,2257.4,69484,KOTAKBANK
5520,2025-04-21 13:00:00+05:30,2257.3,2261.0,2255.0,2256.19,119719,KOTAKBANK
5521,2025-04-21 13:05:00+05:30,2256.19,2258.8,2254.9,2254.9,47360,KOTAKBANK
5522,2025-04-21 13:10:00+05:30,2255.0,2255.3,2251.5,2254.0,48518,KOTAKBANK
5523,2025-04-21 13:15:00+05:30,2254.0,2256.69,2250.5,2251.9,48791,KOTAKBANK
5524,2025-04-21 13:20:00+05:30,2251.9,2253.5,2246.6,2248.5,41594,KOTAKBANK
5525,2025-04-21 13:25:00+05:30,2248.4,2249.6,2243.5,2245.0,34516,KOTAKBANK
5526,2025-04-21 13:30:00+05:30,2245.0,2245.0,2242.4,2244.9,44320,KOTAKBANK
5527,2025-04-21 13:35:00+05:30,2245.0,2245.0,2241.9,2242.69,29191,KOTAKBANK
5528,2025-04-21 13:40:00+05:30,2242.6,2243.4,2240.0,2243.0,34718,KOTAKBANK
5529,2025-04-21 13:45:00+05:30,2243.0,2245.0,2241.6,2244.0,31803,KOTAKBANK
5530,2025-04-21 13:50:00+05:30,2244.0,2250.0,2243.4,2248.1,53630,KOTAKBANK
5531,2025-04-21 13:55:00+05:30,2248.1,2249.19,2243.6,2244.9,39217,KOTAKBANK
5532,2025-04-21 14:00:00+05:30,2244.8,2248.19,2243.6,2244.8,33306,KOTAKBANK
5533,2025-04-21 14:05:00+05:30,2244.8,2245.0,2242.19,2243.0,57586,KOTAKBANK
5534,2025-04-21 14:10:00+05:30,2242.9,2243.5,2241.0,2242.6,27521,KOTAKBANK
5535,2025-04-21 14:15:00+05:30,2242.6,2243.0,2240.1,2241.1,25695,KOTAKBANK
5536,2025-04-21 14:20:00+05:30,2241.1,2242.6,2239.3,2240.19,32254,KOTAKBANK
5537,2025-04-21 14:25:00+05:30,2240.1,2241.0,2237.6,2239.0,37679,KOTAKBANK
5538,2025-04-21 14:30:00+05:30,2239.0,2239.69,2235.5,2236.8,28118,KOTAKBANK
5539,2025-04-21 14:35:00+05:30,2236.8,2237.1,2233.0,2234.3,44635,KOTAKBANK
5540,2025-04-21 14:40:00+05:30,2234.4,2239.69,2233.0,2239.1,48755,KOTAKBANK
5541,2025-04-21 14:45:00+05:30,2239.6,2240.4,2234.8,2239.0,63666,KOTAKBANK
5542,2025-04-21 14:50:00+05:30,2239.1,2241.9,2237.69,2240.5,53694,KOTAKBANK
5543,2025-04-21 14:55:00+05:30,2240.5,2242.4,2238.6,2241.4,88642,KOTAKBANK
5544,2025-04-21 15:00:00+05:30,2241.4,2243.1,2239.69,2242.8,53248,KOTAKBANK
5545,2025-04-21 15:05:00+05:30,2242.69,2242.8,2238.0,2239.3,59491,KOTAKBANK
5546,2025-04-21 15:10:00+05:30,2239.3,2240.69,2236.5,2239.69,66981,KOTAKBANK
5547,2025-04-21 15:15:00+05:30,2239.19,2242.0,2239.0,2241.5,118788,KOTAKBANK
5548,2025-04-21 15:20:00+05:30,2241.5,2245.0,2240.9,2241.8,89116,KOTAKBANK
5549,2025-04-21 15:25:00+05:30,2241.8,2251.9,2238.0,2248.69,89166,KOTAKBANK
5550,2025-04-22 09:15:00+05:30,2249.0,2258.9,2245.4,2254.9,190693,KOTAKBANK
5551,2025-04-22 09:20:00+05:30,2254.9,2268.69,2254.6,2268.69,172375,KOTAKBANK
5552,2025-04-22 09:25:00+05:30,2268.69,2275.0,2266.1,2270.69,208337,KOTAKBANK
5553,2025-04-22 09:30:00+05:30,2270.5,2272.6,2265.6,2270.6,167368,KOTAKBANK
5554,2025-04-22 09:35:00+05:30,2270.6,2275.5,2268.0,2274.6,132672,KOTAKBANK
5555,2025-04-22 09:40:00+05:30,2274.4,2279.1,2272.19,2278.6,114247,KOTAKBANK
5556,2025-04-22 09:45:00+05:30,2278.6,2286.0,2276.4,2285.9,119917,KOTAKBANK
5557,2025-04-22 09:50:00+05:30,2285.9,2291.3,2284.0,2289.9,159063,KOTAKBANK
5558,2025-04-22 09:55:00+05:30,2289.6,2293.5,2289.1,2292.4,184075,KOTAKBANK
5559,2025-04-22 10:00:00+05:30,2292.4,2296.0,2281.0,2289.4,472934,KOTAKBANK
5560,2025-04-22 10:05:00+05:30,2289.3,2300.0,2287.6,2299.4,271986,KOTAKBANK
5561,2025-04-22 10:10:00+05:30,2299.4,2301.9,2296.9,2300.0,103718,KOTAKBANK
5562,2025-04-22 10:15:00+05:30,2300.0,2301.0,2293.3,2295.4,86434,KOTAKBANK
5563,2025-04-22 10:20:00+05:30,2295.4,2295.4,2290.1,2290.4,74300,KOTAKBANK
5564,2025-04-22 10:25:00+05:30,2290.5,2292.4,2289.3,2289.3,53153,KOTAKBANK
5565,2025-04-22 10:30:00+05:30,2289.6,2292.19,2289.3,2290.4,23708,KOTAKBANK
5566,2025-04-22 10:35:00+05:30,2290.19,2292.6,2289.8,2291.69,24310,KOTAKBANK
5567,2025-04-22 10:40:00+05:30,2292.0,2297.5,2291.3,2296.4,57508,KOTAKBANK
5568,2025-04-22 10:45:00+05:30,2296.3,2298.8,2292.19,2294.0,150724,KOTAKBANK
5569,2025-04-22 10:50:00+05:30,2294.0,2295.0,2291.19,2291.3,61464,KOTAKBANK
5570,2025-04-22 10:55:00+05:30,2291.3,2292.3,2290.5,2291.69,30077,KOTAKBANK
5571,2025-04-22 11:00:00+05:30,2291.4,2294.0,2291.1,2293.8,52743,KOTAKBANK
5572,2025-04-22 11:05:00+05:30,2293.9,2295.0,2290.5,2291.5,143839,KOTAKBANK
5573,2025-04-22 11:10:00+05:30,2291.5,2292.5,2285.5,2287.5,170956,KOTAKBANK
5574,2025-04-22 11:15:00+05:30,2287.4,2290.0,2285.5,2289.19,71773,KOTAKBANK
5575,2025-04-22 11:20:00+05:30,2288.6,2289.69,2285.8,2285.9,31769,KOTAKBANK
5576,2025-04-22 11:25:00+05:30,2285.9,2288.6,2283.5,2283.5,499146,KOTAKBANK
5577,2025-04-22 11:30:00+05:30,2283.6,2286.0,2281.5,2283.8,114203,KOTAKBANK
5578,2025-04-22 11:35:00+05:30,2283.8,2289.69,2282.6,2286.1,28083,KOTAKBANK
5579,2025-04-22 11:40:00+05:30,2286.0,2287.3,2284.0,2285.0,30684,KOTAKBANK
5580,2025-04-22 11:45:00+05:30,2285.6,2287.1,2283.6,2285.4,33967,KOTAKBANK
5581,2025-04-22 11:50:00+05:30,2285.69,2288.5,2285.1,2287.5,40916,KOTAKBANK
5582,2025-04-22 11:55:00+05:30,2287.5,2288.69,2285.1,2286.19,46459,KOTAKBANK
5583,2025-04-22 12:00:00+05:30,2286.19,2288.4,2285.3,2286.5,25059,KOTAKBANK
5584,2025-04-22 12:05:00+05:30,2286.5,2286.69,2281.0,2282.5,299200,KOTAKBANK
5585,2025-04-22 12:10:00+05:30,2282.5,2283.9,2281.19,2282.8,95286,KOTAKBANK
5586,2025-04-22 12:15:00+05:30,2282.0,2284.0,2281.0,2281.5,37404,KOTAKBANK
5587,2025-04-22 12:20:00+05:30,2281.4,2281.6,2276.1,2279.19,85549,KOTAKBANK
5588,2025-04-22 12:25:00+05:30,2279.1,2283.8,2278.9,2283.19,32624,KOTAKBANK
5589,2025-04-22 12:30:00+05:30,2283.5,2285.0,2280.5,2283.3,40833,KOTAKBANK
5590,2025-04-22 12:35:00+05:30,2283.3,2285.0,2282.0,2284.5,35148,KOTAKBANK
5591,2025-04-22 12:40:00+05:30,2284.5,2285.0,2278.3,2278.3,60874,KOTAKBANK
5592,2025-04-22 12:45:00+05:30,2278.3,2278.3,2273.5,2273.8,96871,KOTAKBANK
5593,2025-04-22 12:50:00+05:30,2273.8,2275.0,2271.8,2273.8,54795,KOTAKBANK
5594,2025-04-22 12:55:00+05:30,2273.8,2275.9,2270.6,2273.9,90247,KOTAKBANK
5595,2025-04-22 13:00:00+05:30,2274.0,2275.0,2270.69,2273.4,41291,KOTAKBANK
5596,2025-04-22 13:05:00+05:30,2273.4,2274.0,2271.1,2272.5,58038,KOTAKBANK
5597,2025-04-22 13:10:00+05:30,2272.3,2274.0,2271.69,2272.8,21359,KOTAKBANK
5598,2025-04-22 13:15:00+05:30,2272.69,2273.5,2271.1,2272.4,61761,KOTAKBANK
5599,2025-04-22 13:20:00+05:30,2272.3,2274.4,2271.0,2272.0,27876,KOTAKBANK
5600,2025-04-22 13:25:00+05:30,2271.9,2274.5,2271.5,2272.1,22513,KOTAKBANK
5601,2025-04-22 13:30:00+05:30,2272.0,2275.0,2271.4,2274.9,78287,KOTAKBANK
5602,2025-04-22 13:35:00+05:30,2274.4,2275.0,2273.1,2275.0,29845,KOTAKBANK
5603,2025-04-22 13:40:00+05:30,2274.9,2278.3,2273.5,2276.19,58156,KOTAKBANK
5604,2025-04-22 13:45:00+05:30,2276.69,2278.9,2275.19,2277.0,56806,KOTAKBANK
5605,2025-04-22 13:50:00+05:30,2277.0,2279.0,2272.8,2274.4,117799,KOTAKBANK
5606,2025-04-22 13:55:00+05:30,2274.4,2277.0,2274.0,2275.3,61179,KOTAKBANK
5607,2025-04-22 14:00:00+05:30,2275.3,2277.3,2272.6,2272.8,91041,KOTAKBANK
5608,2025-04-22 14:05:00+05:30,2272.8,2277.19,2272.8,2275.5,76427,KOTAKBANK
5609,2025-04-22 14:10:00+05:30,2275.5,2277.5,2273.19,2273.3,50237,KOTAKBANK
5610,2025-04-22 14:15:00+05:30,2273.6,2275.0,2273.3,2274.69,37989,KOTAKBANK
5611,2025-04-22 14:20:00+05:30,2274.69,2277.6,2273.0,2277.6,79638,KOTAKBANK
5612,2025-04-22 14:25:00+05:30,2277.69,2279.69,2276.4,2279.3,25152,KOTAKBANK
5613,2025-04-22 14:30:00+05:30,2279.1,2279.19,2276.0,2277.1,42174,KOTAKBANK
5614,2025-04-22 14:35:00+05:30,2277.1,2279.8,2276.5,2277.9,43386,KOTAKBANK
5615,2025-04-22 14:40:00+05:30,2277.8,2278.8,2277.0,2278.69,37415,KOTAKBANK
5616,2025-04-22 14:45:00+05:30,2278.69,2278.69,2273.3,2274.8,56268,KOTAKBANK
5617,2025-04-22 14:50:00+05:30,2274.6,2276.0,2274.1,2276.0,24398,KOTAKBANK
5618,2025-04-22 14:55:00+05:30,2275.9,2276.0,2273.1,2273.8,27046,KOTAKBANK
5619,2025-04-22 15:00:00+05:30,2273.8,2275.0,2272.0,2273.8,46293,KOTAKBANK
5620,2025-04-22 15:05:00+05:30,2273.69,2273.8,2271.5,2272.19,53182,KOTAKBANK
5621,2025-04-22 15:10:00+05:30,2272.5,2273.69,2271.8,2272.9,93298,KOTAKBANK
5622,2025-04-22 15:15:00+05:30,2272.9,2273.8,2263.1,2263.9,143094,KOTAKBANK
5623,2025-04-22 15:20:00+05:30,2264.0,2266.0,2263.4,2264.9,59890,KOTAKBANK
5624,2025-04-22 15:25:00+05:30,2264.8,2265.0,2259.8,2265.0,30040,KOTAKBANK
5625,2025-04-23 09:15:00+05:30,2285.0,2290.0,2253.0,2264.0,182758,KOTAKBANK
5626,2025-04-23 09:20:00+05:30,2263.6,2264.0,2258.4,2262.8,32772,KOTAKBANK
5627,2025-04-23 09:25:00+05:30,2263.6,2263.6,2256.1,2260.3,47442,KOTAKBANK
5628,2025-04-23 09:30:00+05:30,2260.4,2260.69,2256.5,2258.9,48440,KOTAKBANK
5629,2025-04-23 09:35:00+05:30,2259.0,2261.19,2257.5,2258.19,31870,KOTAKBANK
5630,2025-04-23 09:40:00+05:30,2258.19,2263.3,2258.0,2259.0,30092,KOTAKBANK
5631,2025-04-23 09:45:00+05:30,2259.19,2260.6,2258.0,2258.69,15535,KOTAKBANK
5632,2025-04-23 09:50:00+05:30,2259.19,2261.5,2258.0,2260.6,18200,KOTAKBANK
5633,2025-04-23 09:55:00+05:30,2261.0,2262.19,2258.5,2260.69,101366,KOTAKBANK
5634,2025-04-23 10:00:00+05:30,2260.69,2264.3,2260.19,2261.0,15588,KOTAKBANK
5635,2025-04-23 10:05:00+05:30,2261.19,2261.9,2254.0,2256.0,221206,KOTAKBANK
5636,2025-04-23 10:10:00+05:30,2255.8,2257.4,2247.6,2247.69,192674,KOTAKBANK
5637,2025-04-23 10:15:00+05:30,2248.3,2252.69,2247.6,2249.6,16453,KOTAKBANK
5638,2025-04-23 10:20:00+05:30,2249.5,2250.9,2248.19,2248.8,14466,KOTAKBANK
5639,2025-04-23 10:25:00+05:30,2248.9,2250.5,2245.0,2246.9,22572,KOTAKBANK
5640,2025-04-23 10:30:00+05:30,2247.9,2249.69,2241.69,2244.3,288281,KOTAKBANK
5641,2025-04-23 10:35:00+05:30,2243.5,2244.9,2240.6,2242.0,17426,KOTAKBANK
5642,2025-04-23 10:40:00+05:30,2242.0,2245.0,2241.6,2243.19,13886,KOTAKBANK
5643,2025-04-23 10:45:00+05:30,2243.4,2244.8,2239.9,2242.6,101236,KOTAKBANK
5644,2025-04-23 10:50:00+05:30,2242.6,2246.0,2241.0,2245.0,14487,KOTAKBANK
5645,2025-04-23 10:55:00+05:30,2245.0,2246.0,2243.6,2244.6,10118,KOTAKBANK
5646,2025-04-23 11:00:00+05:30,2244.6,2248.0,2242.4,2245.0,33660,KOTAKBANK
5647,2025-04-23 11:05:00+05:30,2245.4,2248.4,2242.19,2246.4,34506,KOTAKBANK
5648,2025-04-23 11:10:00+05:30,2246.4,2249.5,2246.3,2248.0,19132,KOTAKBANK
5649,2025-04-23 11:15:00+05:30,2248.0,2251.6,2247.19,2250.0,25093,KOTAKBANK
5650,2025-04-23 11:20:00+05:30,2250.0,2251.1,2245.1,2245.9,15750,KOTAKBANK
5651,2025-04-23 11:25:00+05:30,2246.3,2248.3,2245.6,2246.69,13247,KOTAKBANK
5652,2025-04-23 11:30:00+05:30,2246.69,2247.0,2244.6,2245.9,5552,KOTAKBANK
5653,2025-04-23 11:35:00+05:30,2245.9,2247.0,2245.6,2246.1,4617,KOTAKBANK
5654,2025-04-23 11:40:00+05:30,2246.4,2249.1,2245.3,2248.9,8307,KOTAKBANK
5655,2025-04-23 11:45:00+05:30,2248.1,2249.3,2247.0,2248.6,8604,KOTAKBANK
5656,2025-04-23 11:50:00+05:30,2248.6,2250.1,2246.9,2249.19,14601,KOTAKBANK
5657,2025-04-23 11:55:00+05:30,2249.19,2250.0,2247.19,2247.4,11506,KOTAKBANK
5658,2025-04-23 12:00:00+05:30,2247.4,2248.69,2244.0,2244.6,37434,KOTAKBANK
5659,2025-04-23 12:05:00+05:30,2244.6,2245.19,2239.69,2240.4,30854,KOTAKBANK
5660,2025-04-23 12:10:00+05:30,2239.8,2240.8,2238.8,2239.5,12321,KOTAKBANK
5661,2025-04-23 12:15:00+05:30,2239.5,2240.0,2230.69,2232.0,46174,KOTAKBANK
5662,2025-04-23 12:20:00+05:30,2232.69,2233.0,2230.5,2231.0,45761,KOTAKBANK
5663,2025-04-23 12:25:00+05:30,2231.0,2233.0,2226.0,2226.1,129593,KOTAKBANK
5664,2025-04-23 12:30:00+05:30,2226.1,2228.0,2224.6,2226.5,26449,KOTAKBANK
5665,2025-04-23 12:35:00+05:30,2226.4,2227.0,2220.0,2221.5,34403,KOTAKBANK
5666,2025-04-23 12:40:00+05:30,2221.5,2225.0,2221.1,2223.4,67024,KOTAKBANK
5667,2025-04-23 12:45:00+05:30,2223.4,2226.6,2222.5,2224.3,44078,KOTAKBANK
5668,2025-04-23 12:50:00+05:30,2224.5,2230.0,2223.9,2229.5,32209,KOTAKBANK
5669,2025-04-23 12:55:00+05:30,2229.5,2230.3,2222.0,2222.3,40100,KOTAKBANK
5670,2025-04-23 13:00:00+05:30,2222.4,2227.1,2222.1,2226.5,36427,KOTAKBANK
5671,2025-04-23 13:05:00+05:30,2226.5,2227.6,2224.3,2227.1,16499,KOTAKBANK
5672,2025-04-23 13:10:00+05:30,2227.0,2228.4,2225.4,2227.6,18895,KOTAKBANK
5673,2025-04-23 13:15:00+05:30,2227.8,2229.0,2226.19,2227.69,16213,KOTAKBANK
5674,2025-04-23 13:20:00+05:30,2228.4,2229.9,2226.6,2229.9,22169,KOTAKBANK
5675,2025-04-23 13:25:00+05:30,2229.8,2231.0,2227.19,2228.69,30605,KOTAKBANK
5676,2025-04-23 13:30:00+05:30,2229.3,2232.0,2224.9,2226.5,128954,KOTAKBANK
5677,2025-04-23 13:35:00+05:30,2226.1,2229.8,2225.5,2228.8,32244,KOTAKBANK
5678,2025-04-23 13:40:00+05:30,2228.9,2232.9,2227.6,2232.4,57748,KOTAKBANK
5679,2025-04-23 13:45:00+05:30,2232.19,2233.6,2230.0,2230.3,20011,KOTAKBANK
5680,2025-04-23 13:50:00+05:30,2230.3,2231.4,2229.19,2230.0,29057,KOTAKBANK
5681,2025-04-23 13:55:00+05:30,2230.0,2232.3,2230.0,2232.0,15768,KOTAKBANK
5682,2025-04-23 14:00:00+05:30,2232.0,2232.19,2229.19,2230.0,17225,KOTAKBANK
5683,2025-04-23 14:05:00+05:30,2230.0,2231.19,2227.6,2228.6,20617,KOTAKBANK
5684,2025-04-23 14:10:00+05:30,2228.5,2228.9,2224.4,2225.69,17570,KOTAKBANK
5685,2025-04-23 14:15:00+05:30,2225.69,2226.4,2223.5,2225.0,20678,KOTAKBANK
5686,2025-04-23 14:20:00+05:30,2225.0,2230.0,2225.0,2227.5,23886,KOTAKBANK
5687,2025-04-23 14:25:00+05:30,2227.5,2227.5,2223.5,2224.69,18795,KOTAKBANK
5688,2025-04-23 14:30:00+05:30,2224.69,2225.1,2223.5,2224.19,18323,KOTAKBANK
5689,2025-04-23 14:35:00+05:30,2224.0,2225.4,2221.9,2225.4,50364,KOTAKBANK
5690,2025-04-23 14:40:00+05:30,2225.19,2226.1,2221.9,2225.3,56549,KOTAKBANK
5691,2025-04-23 14:45:00+05:30,2225.19,2227.4,2224.69,2225.19,25638,KOTAKBANK
5692,2025-04-23 14:50:00+05:30,2225.1,2227.69,2224.0,2227.0,32455,KOTAKBANK
5693,2025-04-23 14:55:00+05:30,2226.9,2230.0,2224.6,2230.0,60411,KOTAKBANK
5694,2025-04-23 15:00:00+05:30,2229.9,2230.0,2224.3,2228.69,135633,KOTAKBANK
5695,2025-04-23 15:05:00+05:30,2228.6,2230.1,2228.1,2229.4,77075,KOTAKBANK
5696,2025-04-23 15:10:00+05:30,2229.4,2229.69,2225.0,2227.0,91028,KOTAKBANK
5697,2025-04-23 15:15:00+05:30,2227.0,2227.5,2224.9,2226.3,112923,KOTAKBANK
5698,2025-04-23 15:20:00+05:30,2226.9,2227.5,2225.3,2226.4,72342,KOTAKBANK
5699,2025-04-23 15:25:00+05:30,2226.3,2227.69,2221.4,2221.4,68480,KOTAKBANK
5700,2025-04-24 09:15:00+05:30,2218.0,2236.8,2213.69,2218.6,358973,KOTAKBANK
5701,2025-04-24 09:20:00+05:30,2218.8,2224.9,2217.9,2224.3,88096,KOTAKBANK
5702,2025-04-24 09:25:00+05:30,2223.9,2226.5,2217.8,2221.3,81719,KOTAKBANK
5703,2025-04-24 09:30:00+05:30,2221.3,2227.3,2219.3,2225.8,56473,KOTAKBANK
5704,2025-04-24 09:35:00+05:30,2225.5,2232.3,2225.5,2230.6,73273,KOTAKBANK
5705,2025-04-24 09:40:00+05:30,2230.6,2231.19,2223.19,2223.3,58609,KOTAKBANK
5706,2025-04-24 09:45:00+05:30,2223.4,2226.6,2220.19,2226.1,34940,KOTAKBANK
5707,2025-04-24 09:50:00+05:30,2226.1,2229.6,2225.4,2229.6,33751,KOTAKBANK
5708,2025-04-24 09:55:00+05:30,2229.5,2229.5,2225.5,2226.9,50277,KOTAKBANK
5709,2025-04-24 10:00:00+05:30,2226.9,2228.0,2221.9,2222.69,40250,KOTAKBANK
5710,2025-04-24 10:05:00+05:30,2222.69,2225.6,2222.1,2225.1,28558,KOTAKBANK
5711,2025-04-24 10:10:00+05:30,2225.5,2229.3,2225.0,2228.9,31500,KOTAKBANK
5712,2025-04-24 10:15:00+05:30,2228.9,2231.9,2227.9,2231.69,28827,KOTAKBANK
5713,2025-04-24 10:20:00+05:30,2231.69,2231.9,2227.69,2229.1,35231,KOTAKBANK
5714,2025-04-24 10:25:00+05:30,2229.1,2230.5,2228.5,2230.0,23610,KOTAKBANK
5715,2025-04-24 10:30:00+05:30,2229.9,2230.9,2227.5,2230.69,43918,KOTAKBANK
5716,2025-04-24 10:35:00+05:30,2230.6,2232.9,2230.5,2230.8,31281,KOTAKBANK
5717,2025-04-24 10:40:00+05:30,2230.8,2230.9,2227.9,2228.4,45494,KOTAKBANK
5718,2025-04-24 10:45:00+05:30,2228.5,2229.19,2222.1,2223.8,42014,KOTAKBANK
5719,2025-04-24 10:50:00+05:30,2223.69,2225.3,2222.0,2225.0,23870,KOTAKBANK
5720,2025-04-24 10:55:00+05:30,2225.0,2225.69,2223.69,2223.69,26988,KOTAKBANK
5721,2025-04-24 11:00:00+05:30,2223.9,2227.69,2223.69,2227.1,20890,KOTAKBANK
5722,2025-04-24 11:05:00+05:30,2227.1,2229.5,2226.19,2227.6,22411,KOTAKBANK
5723,2025-04-24 11:10:00+05:30,2227.3,2229.5,2227.3,2228.1,22124,KOTAKBANK
5724,2025-04-24 11:15:00+05:30,2228.0,2228.5,2225.6,2226.19,33412,KOTAKBANK
5725,2025-04-24 11:20:00+05:30,2226.19,2227.5,2226.19,2227.0,16893,KOTAKBANK
5726,2025-04-24 11:25:00+05:30,2227.0,2228.8,2224.1,2225.3,43089,KOTAKBANK
5727,2025-04-24 11:30:00+05:30,2225.3,2225.3,2222.1,2223.6,34732,KOTAKBANK
5728,2025-04-24 11:35:00+05:30,2223.5,2225.5,2222.4,2222.6,28569,KOTAKBANK
5729,2025-04-24 11:40:00+05:30,2222.9,2225.19,2222.3,2223.8,17836,KOTAKBANK
5730,2025-04-24 11:45:00+05:30,2223.9,2226.6,2223.8,2225.6,17891,KOTAKBANK
5731,2025-04-24 11:50:00+05:30,2225.6,2227.3,2225.0,2226.9,25814,KOTAKBANK
5732,2025-04-24 11:55:00+05:30,2226.8,2227.9,2223.4,2223.8,68425,KOTAKBANK
5733,2025-04-24 12:00:00+05:30,2223.8,2224.8,2223.6,2224.3,19463,KOTAKBANK
5734,2025-04-24 12:05:00+05:30,2224.3,2224.8,2221.6,2222.8,43056,KOTAKBANK
5735,2025-04-24 12:10:00+05:30,2222.9,2224.3,2222.6,2223.3,32945,KOTAKBANK
5736,2025-04-24 12:15:00+05:30,2223.3,2230.69,2222.9,2229.69,45909,KOTAKBANK
5737,2025-04-24 12:20:00+05:30,2229.69,2230.0,2227.8,2230.0,20852,KOTAKBANK
5738,2025-04-24 12:25:00+05:30,2229.9,2231.0,2227.19,2227.6,24863,KOTAKBANK
5739,2025-04-24 12:30:00+05:30,2227.6,2229.6,2227.5,2227.69,26427,KOTAKBANK
5740,2025-04-24 12:35:00+05:30,2227.69,2228.9,2226.69,2228.4,22719,KOTAKBANK
5741,2025-04-24 12:40:00+05:30,2228.5,2229.9,2227.3,2229.3,37272,KOTAKBANK
5742,2025-04-24 12:45:00+05:30,2229.9,2230.69,2228.8,2230.0,29634,KOTAKBANK
5743,2025-04-24 12:50:00+05:30,2230.0,2231.4,2228.0,2228.0,33527,KOTAKBANK
5744,2025-04-24 12:55:00+05:30,2228.0,2229.3,2228.0,2228.0,24086,KOTAKBANK
5745,2025-04-24 13:00:00+05:30,2228.3,2228.5,2224.1,2224.4,27123,KOTAKBANK
5746,2025-04-24 13:05:00+05:30,2224.6,2228.6,2223.3,2227.4,30537,KOTAKBANK
5747,2025-04-24 13:10:00+05:30,2226.8,2227.1,2224.1,2224.1,20944,KOTAKBANK
5748,2025-04-24 13:15:00+05:30,2224.1,2227.4,2223.3,2226.6,36411,KOTAKBANK
5749,2025-04-24 13:20:00+05:30,2227.19,2228.8,2226.1,2228.6,28408,KOTAKBANK
5750,2025-04-24 13:25:00+05:30,2228.8,2231.1,2228.5,2229.9,31269,KOTAKBANK
5751,2025-04-24 13:30:00+05:30,2229.8,2233.6,2228.8,2232.1,35591,KOTAKBANK
5752,2025-04-24 13:35:00+05:30,2231.69,2235.0,2229.69,2235.0,40179,KOTAKBANK
5753,2025-04-24 13:40:00+05:30,2235.0,2237.9,2233.19,2237.1,51969,KOTAKBANK
5754,2025-04-24 13:45:00+05:30,2237.5,2237.6,2233.0,2233.3,45012,KOTAKBANK
5755,2025-04-24 13:50:00+05:30,2233.3,2234.0,2231.19,2232.5,42267,KOTAKBANK
5756,2025-04-24 13:55:00+05:30,2232.8,2234.19,2231.4,2233.6,36632,KOTAKBANK
5757,2025-04-24 14:00:00+05:30,2233.6,2235.6,2232.3,2234.0,55802,KOTAKBANK
5758,2025-04-24 14:05:00+05:30,2234.8,2237.3,2234.0,2236.69,46519,KOTAKBANK
5759,2025-04-24 14:10:00+05:30,2236.1,2236.6,2233.9,2234.0,48140,KOTAKBANK
5760,2025-04-24 14:15:00+05:30,2234.5,2236.0,2233.0,2233.8,23548,KOTAKBANK
5761,2025-04-24 14:20:00+05:30,2233.69,2234.8,2233.0,2234.19,58502,KOTAKBANK
5762,2025-04-24 14:25:00+05:30,2234.19,2235.9,2233.5,2234.0,60033,KOTAKBANK
5763,2025-04-24 14:30:00+05:30,2234.0,2234.3,2230.9,2232.19,49610,KOTAKBANK
5764,2025-04-24 14:35:00+05:30,2232.19,2232.6,2229.0,2230.6,65024,KOTAKBANK
5765,2025-04-24 14:40:00+05:30,2230.6,2233.0,2229.19,2230.6,85959,KOTAKBANK
5766,2025-04-24 14:45:00+05:30,2230.6,2231.19,2228.6,2228.6,84740,KOTAKBANK
5767,2025-04-24 14:50:00+05:30,2228.3,2235.8,2225.9,2233.8,59915,KOTAKBANK
5768,2025-04-24 14:55:00+05:30,2233.8,2235.9,2229.8,2229.8,64884,KOTAKBANK
5769,2025-04-24 15:00:00+05:30,2229.9,2230.69,2223.8,2224.19,164140,KOTAKBANK
5770,2025-04-24 15:05:00+05:30,2224.19,2225.0,2215.0,2216.9,273748,KOTAKBANK
5771,2025-04-24 15:10:00+05:30,2217.0,2223.8,2216.0,2222.1,200373,KOTAKBANK
5772,2025-04-24 15:15:00+05:30,2221.6,2224.8,2220.1,2220.4,183330,KOTAKBANK
5773,2025-04-24 15:20:00+05:30,2220.4,2230.0,2220.4,2228.1,153724,KOTAKBANK
5774,2025-04-24 15:25:00+05:30,2228.19,2230.19,2215.0,2218.1,109404,KOTAKBANK
5775,2025-04-25 09:15:00+05:30,2220.0,2233.4,2220.0,2225.1,81791,KOTAKBANK
5776,2025-04-25 09:20:00+05:30,2225.5,2225.69,2214.3,2214.69,60568,KOTAKBANK
5777,2025-04-25 09:25:00+05:30,2214.69,2223.0,2211.6,2218.5,62233,KOTAKBANK
5778,2025-04-25 09:30:00+05:30,2218.8,2218.8,2213.1,2215.0,39228,KOTAKBANK
5779,2025-04-25 09:35:00+05:30,2215.6,2215.6,2202.8,2203.1,53037,KOTAKBANK
5780,2025-04-25 09:40:00+05:30,2203.1,2207.1,2202.0,2205.69,42068,KOTAKBANK
5781,2025-04-25 09:45:00+05:30,2206.0,2207.1,2197.9,2198.3,28636,KOTAKBANK
5782,2025-04-25 09:50:00+05:30,2198.3,2205.4,2195.1,2201.8,31054,KOTAKBANK
5783,2025-04-25 09:55:00+05:30,2201.8,2202.8,2198.8,2201.9,31408,KOTAKBANK
5784,2025-04-25 10:00:00+05:30,2201.9,2202.3,2192.69,2195.6,34106,KOTAKBANK
5785,2025-04-25 10:05:00+05:30,2195.6,2199.19,2193.8,2198.19,32558,KOTAKBANK
5786,2025-04-25 10:10:00+05:30,2197.8,2201.19,2197.19,2198.0,33056,KOTAKBANK
5787,2025-04-25 10:15:00+05:30,2197.19,2197.5,2191.0,2196.1,34817,KOTAKBANK
5788,2025-04-25 10:20:00+05:30,2195.3,2198.8,2192.1,2196.1,25479,KOTAKBANK
5789,2025-04-25 10:25:00+05:30,2196.19,2198.19,2190.5,2197.0,33593,KOTAKBANK
5790,2025-04-25 10:30:00+05:30,2197.0,2198.69,2191.5,2192.69,30503,KOTAKBANK
5791,2025-04-25 10:35:00+05:30,2193.19,2195.5,2188.1,2192.69,61841,KOTAKBANK
5792,2025-04-25 10:40:00+05:30,2191.9,2193.5,2188.0,2188.1,30730,KOTAKBANK
5793,2025-04-25 10:45:00+05:30,2188.69,2192.4,2187.3,2189.69,39165,KOTAKBANK
5794,2025-04-25 10:50:00+05:30,2190.19,2193.9,2189.19,2191.69,39133,KOTAKBANK
5795,2025-04-25 10:55:00+05:30,2191.69,2191.8,2185.3,2185.5,37487,KOTAKBANK
5796,2025-04-25 11:00:00+05:30,2185.5,2192.9,2185.5,2191.69,24706,KOTAKBANK
5797,2025-04-25 11:05:00+05:30,2191.9,2194.5,2188.69,2191.6,31972,KOTAKBANK
5798,2025-04-25 11:10:00+05:30,2191.6,2192.4,2190.0,2190.5,8608,KOTAKBANK
5799,2025-04-25 11:15:00+05:30,2191.0,2193.6,2186.9,2189.6,21950,KOTAKBANK
5800,2025-04-25 11:20:00+05:30,2189.6,2190.0,2186.19,2187.0,13249,KOTAKBANK
5801,2025-04-25 11:25:00+05:30,2187.0,2189.3,2185.0,2188.6,31599,KOTAKBANK
5802,2025-04-25 11:30:00+05:30,2188.6,2188.69,2185.6,2185.6,11483,KOTAKBANK
5803,2025-04-25 11:35:00+05:30,2185.5,2186.5,2181.8,2186.19,22587,KOTAKBANK
5804,2025-04-25 11:40:00+05:30,2186.19,2188.3,2185.4,2185.4,10287,KOTAKBANK
5805,2025-04-25 11:45:00+05:30,2186.0,2186.0,2181.0,2181.1,11953,KOTAKBANK
5806,2025-04-25 11:50:00+05:30,2181.3,2183.5,2178.19,2182.0,44991,KOTAKBANK
5807,2025-04-25 11:55:00+05:30,2182.0,2184.1,2181.6,2182.5,15861,KOTAKBANK
5808,2025-04-25 12:00:00+05:30,2182.69,2185.4,2182.6,2184.0,24833,KOTAKBANK
5809,2025-04-25 12:05:00+05:30,2184.0,2187.6,2183.6,2185.19,42129,KOTAKBANK
5810,2025-04-25 12:10:00+05:30,2185.4,2190.0,2183.6,2186.8,85801,KOTAKBANK
5811,2025-04-25 12:15:00+05:30,2186.8,2189.4,2185.1,2186.5,23830,KOTAKBANK
5812,2025-04-25 12:20:00+05:30,2186.1,2186.5,2183.8,2185.19,28093,KOTAKBANK
5813,2025-04-25 12:25:00+05:30,2185.1,2191.5,2185.0,2191.3,40037,KOTAKBANK
5814,2025-04-25 12:30:00+05:30,2191.3,2192.6,2188.5,2190.5,16071,KOTAKBANK
5815,2025-04-25 12:35:00+05:30,2190.69,2193.8,2189.8,2191.5,19654,KOTAKBANK
5816,2025-04-25 12:40:00+05:30,2191.1,2192.3,2189.1,2189.69,18819,KOTAKBANK
5817,2025-04-25 12:45:00+05:30,2189.69,2191.4,2188.8,2190.4,33216,KOTAKBANK
5818,2025-04-25 12:50:00+05:30,2190.3,2191.5,2189.8,2190.5,15911,KOTAKBANK
5819,2025-04-25 12:55:00+05:30,2190.5,2203.4,2190.0,2203.4,50327,KOTAKBANK
5820,2025-04-25 13:00:00+05:30,2203.69,2209.6,2199.0,2201.5,28536,KOTAKBANK
5821,2025-04-25 13:05:00+05:30,2201.5,2204.1,2200.6,2202.4,9497,KOTAKBANK
5822,2025-04-25 13:10:00+05:30,2201.5,2205.0,2201.5,2205.0,7940,KOTAKBANK
5823,2025-04-25 13:15:00+05:30,2204.19,2206.5,2203.3,2204.8,9460,KOTAKBANK
5824,2025-04-25 13:20:00+05:30,2204.4,2207.1,2203.1,2206.9,8999,KOTAKBANK
5825,2025-04-25 13:25:00+05:30,2206.69,2206.8,2200.69,2201.69,29656,KOTAKBANK
5826,2025-04-25 13:30:00+05:30,2201.1,2209.8,2200.9,2207.19,15451,KOTAKBANK
5827,2025-04-25 13:35:00+05:30,2207.19,2209.6,2205.9,2206.19,9132,KOTAKBANK
5828,2025-04-25 13:40:00+05:30,2206.19,2209.1,2205.1,2207.5,7640,KOTAKBANK
5829,2025-04-25 13:45:00+05:30,2207.5,2211.1,2206.5,2211.1,8556,KOTAKBANK
5830,2025-04-25 13:50:00+05:30,2211.6,2212.9,2208.3,2211.6,10849,KOTAKBANK
5831,2025-04-25 13:55:00+05:30,2211.4,2215.0,2209.5,2213.8,13257,KOTAKBANK
5832,2025-04-25 14:00:00+05:30,2213.8,2217.69,2213.1,2213.6,21547,KOTAKBANK
5833,2025-04-25 14:05:00+05:30,2213.6,2215.0,2210.69,2212.4,16369,KOTAKBANK
5834,2025-04-25 14:10:00+05:30,2212.1,2214.8,2211.1,2214.6,9549,KOTAKBANK
5835,2025-04-25 14:15:00+05:30,2213.9,2218.8,2213.9,2216.4,24003,KOTAKBANK
5836,2025-04-25 14:20:00+05:30,2216.4,2216.4,2213.19,2215.0,8981,KOTAKBANK
5837,2025-04-25 14:25:00+05:30,2215.0,2215.0,2212.0,2213.8,5549,KOTAKBANK
5838,2025-04-25 14:30:00+05:30,2213.19,2213.8,2210.19,2211.6,22610,KOTAKBANK
5839,2025-04-25 14:35:00+05:30,2210.9,2212.0,2205.4,2205.4,26405,KOTAKBANK
5840,2025-04-25 14:40:00+05:30,2205.4,2206.69,2202.1,2204.69,14104,KOTAKBANK
5841,2025-04-25 14:45:00+05:30,2204.6,2206.0,2201.6,2206.0,10676,KOTAKBANK
5842,2025-04-25 14:50:00+05:30,2205.69,2208.0,2204.4,2207.19,15097,KOTAKBANK
5843,2025-04-25 14:55:00+05:30,2206.69,2209.4,2205.5,2206.5,14518,KOTAKBANK
5844,2025-04-25 15:00:00+05:30,2205.6,2208.19,2203.3,2206.3,41397,KOTAKBANK
5845,2025-04-25 15:05:00+05:30,2206.3,2209.0,2205.1,2208.3,41480,KOTAKBANK
5846,2025-04-25 15:10:00+05:30,2207.69,2208.5,2205.69,2206.6,33593,KOTAKBANK
5847,2025-04-25 15:15:00+05:30,2206.6,2206.8,2202.6,2202.6,39676,KOTAKBANK
5848,2025-04-25 15:20:00+05:30,2202.6,2203.0,2198.19,2200.5,63680,KOTAKBANK
5849,2025-04-25 15:25:00+05:30,2200.0,2204.9,2196.4,2196.6,56238,KOTAKBANK
5850,2025-04-28 09:15:00+05:30,2197.0,2215.0,2189.4,2212.1,73491,KOTAKBANK
5851,2025-04-28 09:20:00+05:30,2214.0,2222.6,2213.4,2216.9,47882,KOTAKBANK
5852,2025-04-28 09:25:00+05:30,2217.6,2223.5,2214.3,2220.9,43546,KOTAKBANK
5853,2025-04-28 09:30:00+05:30,2221.9,2227.5,2219.69,2224.1,47433,KOTAKBANK
5854,2025-04-28 09:35:00+05:30,2224.5,2231.4,2223.5,2230.9,22146,KOTAKBANK
5855,2025-04-28 09:40:00+05:30,2230.9,2231.6,2223.5,2226.19,19133,KOTAKBANK
5856,2025-04-28 09:45:00+05:30,2226.5,2231.8,2226.4,2228.0,19112,KOTAKBANK
5857,2025-04-28 09:50:00+05:30,2228.6,2230.0,2223.8,2227.3,15632,KOTAKBANK
5858,2025-04-28 09:55:00+05:30,2227.0,2231.8,2226.0,2230.69,14539,KOTAKBANK
5859,2025-04-28 10:00:00+05:30,2230.69,2231.3,2222.9,2225.9,22040,KOTAKBANK
5860,2025-04-28 10:05:00+05:30,2225.1,2228.1,2223.1,2226.3,19861,KOTAKBANK
5861,2025-04-28 10:10:00+05:30,2226.3,2228.5,2224.0,2227.19,10875,KOTAKBANK
5862,2025-04-28 10:15:00+05:30,2227.69,2230.0,2226.0,2227.6,12062,KOTAKBANK
5863,2025-04-28 10:20:00+05:30,2227.5,2230.0,2225.19,2226.0,29909,KOTAKBANK
5864,2025-04-28 10:25:00+05:30,2226.0,2227.3,2224.0,2225.0,10696,KOTAKBANK
5865,2025-04-28 10:30:00+05:30,2225.0,2229.4,2224.1,2227.1,15230,KOTAKBANK
5866,2025-04-28 10:35:00+05:30,2226.6,2229.0,2225.5,2227.9,8467,KOTAKBANK
5867,2025-04-28 10:40:00+05:30,2227.9,2229.3,2225.6,2225.9,11220,KOTAKBANK
5868,2025-04-28 10:45:00+05:30,2225.9,2227.1,2225.6,2226.69,10698,KOTAKBANK
5869,2025-04-28 10:50:00+05:30,2226.5,2228.9,2224.4,2226.69,59959,KOTAKBANK
5870,2025-04-28 10:55:00+05:30,2226.19,2226.19,2221.5,2223.9,29187,KOTAKBANK
5871,2025-04-28 11:00:00+05:30,2223.9,2225.0,2222.0,2223.5,7201,KOTAKBANK
5872,2025-04-28 11:05:00+05:30,2222.6,2225.0,2222.5,2224.0,39265,KOTAKBANK
5873,2025-04-28 11:10:00+05:30,2224.0,2224.5,2222.19,2222.6,10150,KOTAKBANK
5874,2025-04-28 11:15:00+05:30,2222.6,2223.5,2219.0,2220.1,17114,KOTAKBANK
5875,2025-04-28 11:20:00+05:30,2220.0,2223.0,2219.3,2220.0,43855,KOTAKBANK
5876,2025-04-28 11:25:00+05:30,2220.0,2222.4,2218.5,2220.3,40354,KOTAKBANK
5877,2025-04-28 11:30:00+05:30,2219.9,2223.1,2219.1,2221.3,134266,KOTAKBANK
5878,2025-04-28 11:35:00+05:30,2221.4,2223.6,2220.69,2221.1,24126,KOTAKBANK
5879,2025-04-28 11:40:00+05:30,2222.0,2228.0,2221.4,2226.0,41986,KOTAKBANK
5880,2025-04-28 11:45:00+05:30,2226.0,2227.8,2221.69,2224.6,59887,KOTAKBANK
5881,2025-04-28 11:50:00+05:30,2225.5,2230.69,2224.69,2227.3,38279,KOTAKBANK
5882,2025-04-28 11:55:00+05:30,2227.3,2229.0,2225.1,2225.69,23501,KOTAKBANK
5883,2025-04-28 12:00:00+05:30,2225.69,2227.0,2223.0,2224.19,41718,KOTAKBANK
5884,2025-04-28 12:05:00+05:30,2224.4,2226.1,2221.4,2222.3,39694,KOTAKBANK
5885,2025-04-28 12:10:00+05:30,2222.6,2224.4,2221.3,2221.3,15591,KOTAKBANK
5886,2025-04-28 12:15:00+05:30,2221.5,2226.0,2220.5,2225.5,52685,KOTAKBANK
5887,2025-04-28 12:20:00+05:30,2226.1,2227.19,2224.19,2224.9,22035,KOTAKBANK
5888,2025-04-28 12:25:00+05:30,2225.4,2226.69,2220.1,2226.5,71895,KOTAKBANK
5889,2025-04-28 12:30:00+05:30,2226.5,2229.0,2226.0,2228.19,22408,KOTAKBANK
5890,2025-04-28 12:35:00+05:30,2228.8,2230.0,2227.4,2229.1,16329,KOTAKBANK
5891,2025-04-28 12:40:00+05:30,2229.8,2230.0,2224.1,2225.9,77080,KOTAKBANK
5892,2025-04-28 12:45:00+05:30,2226.4,2229.0,2225.5,2227.8,27379,KOTAKBANK
5893,2025-04-28 12:50:00+05:30,2228.1,2230.0,2225.0,2225.9,61123,KOTAKBANK
5894,2025-04-28 12:55:00+05:30,2225.9,2229.8,2224.6,2227.4,16211,KOTAKBANK
5895,2025-04-28 13:00:00+05:30,2227.9,2228.69,2225.3,2226.4,14502,KOTAKBANK
5896,2025-04-28 13:05:00+05:30,2227.0,2227.0,2220.6,2224.3,56510,KOTAKBANK
5897,2025-04-28 13:10:00+05:30,2225.0,2226.4,2223.1,2224.5,14500,KOTAKBANK
5898,2025-04-28 13:15:00+05:30,2225.19,2225.9,2222.0,2222.8,20865,KOTAKBANK
5899,2025-04-28 13:20:00+05:30,2222.8,2224.69,2222.0,2222.9,15142,KOTAKBANK
5900,2025-04-28 13:25:00+05:30,2223.8,2226.69,2222.9,2224.69,14962,KOTAKBANK
5901,2025-04-28 13:30:00+05:30,2225.4,2226.5,2223.19,2224.5,19015,KOTAKBANK
5902,2025-04-28 13:35:00+05:30,2225.69,2225.9,2222.9,2223.1,14623,KOTAKBANK
5903,2025-04-28 13:40:00+05:30,2224.0,2225.0,2223.0,2223.6,13694,KOTAKBANK
5904,2025-04-28 13:45:00+05:30,2224.3,2225.9,2223.6,2224.3,12735,KOTAKBANK
5905,2025-04-28 13:50:00+05:30,2225.19,2225.69,2222.0,2222.3,19517,KOTAKBANK
5906,2025-04-28 13:55:00+05:30,2223.0,2223.6,2220.5,2222.0,16919,KOTAKBANK
5907,2025-04-28 14:00:00+05:30,2222.9,2223.0,2218.69,2221.4,30083,KOTAKBANK
5908,2025-04-28 14:05:00+05:30,2222.4,2223.3,2220.5,2220.6,18328,KOTAKBANK
5909,2025-04-28 14:10:00+05:30,2221.5,2224.0,2220.6,2223.0,15646,KOTAKBANK
5910,2025-04-28 14:15:00+05:30,2223.8,2224.6,2222.0,2222.0,18231,KOTAKBANK
5911,2025-04-28 14:20:00+05:30,2222.4,2223.9,2220.69,2220.69,15854,KOTAKBANK
5912,2025-04-28 14:25:00+05:30,2221.19,2223.3,2219.4,2221.8,20915,KOTAKBANK
5913,2025-04-28 14:30:00+05:30,2221.8,2223.19,2220.0,2220.4,25086,KOTAKBANK
5914,2025-04-28 14:35:00+05:30,2220.69,2223.8,2219.0,2221.1,18241,KOTAKBANK
5915,2025-04-28 14:40:00+05:30,2222.0,2222.0,2218.9,2219.69,22716,KOTAKBANK
5916,2025-04-28 14:45:00+05:30,2220.6,2220.6,2215.6,2219.19,33603,KOTAKBANK
5917,2025-04-28 14:50:00+05:30,2220.0,2225.0,2219.19,2224.5,45912,KOTAKBANK
5918,2025-04-28 14:55:00+05:30,2224.9,2225.9,2223.1,2224.6,39561,KOTAKBANK
5919,2025-04-28 15:00:00+05:30,2225.3,2230.0,2224.6,2226.19,84912,KOTAKBANK
5920,2025-04-28 15:05:00+05:30,2226.0,2226.19,2223.6,2224.9,60012,KOTAKBANK
5921,2025-04-28 15:10:00+05:30,2225.0,2225.9,2223.6,2224.69,68309,KOTAKBANK
5922,2025-04-28 15:15:00+05:30,2225.0,2227.0,2224.69,2226.5,57205,KOTAKBANK
5923,2025-04-28 15:20:00+05:30,2226.8,2227.69,2222.0,2222.5,81620,KOTAKBANK
5924,2025-04-28 15:25:00+05:30,2222.8,2227.9,2222.0,2222.19,60877,KOTAKBANK
5925,2025-04-29 09:15:00+05:30,2225.6,2239.4,2223.0,2231.5,85600,KOTAKBANK
5926,2025-04-29 09:20:00+05:30,2232.0,2244.3,2230.69,2242.5,31716,KOTAKBANK
5927,2025-04-29 09:25:00+05:30,2242.9,2246.8,2239.4,2242.5,44871,KOTAKBANK
5928,2025-04-29 09:30:00+05:30,2242.5,2247.0,2237.3,2243.69,55792,KOTAKBANK
5929,2025-04-29 09:35:00+05:30,2243.69,2244.3,2235.4,2236.5,45847,KOTAKBANK
5930,2025-04-29 09:40:00+05:30,2236.8,2239.5,2233.69,2235.6,48142,KOTAKBANK
5931,2025-04-29 09:45:00+05:30,2236.0,2242.3,2234.1,2238.9,70329,KOTAKBANK
5932,2025-04-29 09:50:00+05:30,2239.0,2241.6,2236.1,2239.6,23660,KOTAKBANK
5933,2025-04-29 09:55:00+05:30,2239.5,2243.69,2238.69,2238.69,41128,KOTAKBANK
5934,2025-04-29 10:00:00+05:30,2239.1,2239.1,2232.4,2232.6,23948,KOTAKBANK
5935,2025-04-29 10:05:00+05:30,2232.9,2234.3,2223.0,2224.8,30368,KOTAKBANK
5936,2025-04-29 10:10:00+05:30,2223.9,2230.0,2223.9,2225.3,25632,KOTAKBANK
5937,2025-04-29 10:15:00+05:30,2225.3,2226.9,2222.0,2224.6,47883,KOTAKBANK
5938,2025-04-29 10:20:00+05:30,2224.6,2229.1,2224.4,2228.4,14242,KOTAKBANK
5939,2025-04-29 10:25:00+05:30,2228.4,2228.5,2223.5,2224.9,13607,KOTAKBANK
5940,2025-04-29 10:30:00+05:30,2224.69,2225.0,2221.1,2222.6,15983,KOTAKBANK
5941,2025-04-29 10:35:00+05:30,2222.6,2225.19,2221.3,2222.19,18991,KOTAKBANK
5942,2025-04-29 10:40:00+05:30,2222.69,2224.69,2221.5,2223.3,12451,KOTAKBANK
5943,2025-04-29 10:45:00+05:30,2223.69,2228.19,2223.3,2226.1,13917,KOTAKBANK
5944,2025-04-29 10:50:00+05:30,2226.1,2227.0,2224.0,2224.19,7180,KOTAKBANK
5945,2025-04-29 10:55:00+05:30,2224.3,2227.8,2224.3,2225.3,9905,KOTAKBANK
5946,2025-04-29 11:00:00+05:30,2225.6,2227.69,2223.3,2225.0,55376,KOTAKBANK
5947,2025-04-29 11:05:00+05:30,2224.9,2227.6,2224.1,2226.0,37385,KOTAKBANK
5948,2025-04-29 11:10:00+05:30,2226.5,2227.3,2223.0,2223.69,20948,KOTAKBANK
5949,2025-04-29 11:15:00+05:30,2223.8,2225.0,2220.9,2224.3,20857,KOTAKBANK
5950,2025-04-29 11:20:00+05:30,2224.3,2224.8,2221.8,2221.8,10356,KOTAKBANK
5951,2025-04-29 11:25:00+05:30,2222.5,2223.3,2218.69,2220.5,19821,KOTAKBANK
5952,2025-04-29 11:30:00+05:30,2220.5,2221.1,2215.69,2218.8,21802,KOTAKBANK
5953,2025-04-29 11:35:00+05:30,2219.6,2220.0,2216.9,2219.3,16173,KOTAKBANK
5954,2025-04-29 11:40:00+05:30,2219.19,2221.5,2218.0,2220.6,25100,KOTAKBANK
5955,2025-04-29 11:45:00+05:30,2220.69,2221.0,2219.0,2219.9,23631,KOTAKBANK
5956,2025-04-29 11:50:00+05:30,2219.8,2220.0,2215.69,2216.6,15088,KOTAKBANK
5957,2025-04-29 11:55:00+05:30,2216.69,2218.19,2215.0,2215.6,19165,KOTAKBANK
5958,2025-04-29 12:00:00+05:30,2215.69,2220.0,2215.6,2218.3,61330,KOTAKBANK
5959,2025-04-29 12:05:00+05:30,2217.8,2220.0,2216.9,2219.0,24512,KOTAKBANK
5960,2025-04-29 12:10:00+05:30,2219.0,2223.9,2219.0,2220.5,68362,KOTAKBANK
5961,2025-04-29 12:15:00+05:30,2220.69,2221.6,2219.1,2220.0,11864,KOTAKBANK
5962,2025-04-29 12:20:00+05:30,2220.19,2221.9,2219.19,2220.19,20553,KOTAKBANK
5963,2025-04-29 12:25:00+05:30,2220.3,2221.4,2219.5,2220.0,11225,KOTAKBANK
5964,2025-04-29 12:30:00+05:30,2220.1,2220.1,2217.3,2218.3,15509,KOTAKBANK
5965,2025-04-29 12:35:00+05:30,2218.1,2221.0,2217.19,2220.6,23491,KOTAKBANK
5966,2025-04-29 12:40:00+05:30,2220.9,2222.0,2219.19,2220.19,35966,KOTAKBANK
5967,2025-04-29 12:45:00+05:30,2219.8,2221.0,2217.8,2219.8,23557,KOTAKBANK
5968,2025-04-29 12:50:00+05:30,2219.69,2221.0,2218.4,2220.4,21774,KOTAKBANK
5969,2025-04-29 12:55:00+05:30,2220.19,2221.0,2219.19,2220.9,17450,KOTAKBANK
5970,2025-04-29 13:00:00+05:30,2220.5,2223.69,2219.4,2221.9,31263,KOTAKBANK
5971,2025-04-29 13:05:00+05:30,2221.9,2223.69,2220.0,2220.3,29681,KOTAKBANK
5972,2025-04-29 13:10:00+05:30,2220.3,2222.3,2220.1,2220.19,25231,KOTAKBANK
5973,2025-04-29 13:15:00+05:30,2220.4,2222.1,2218.5,2219.6,30216,KOTAKBANK
5974,2025-04-29 13:20:00+05:30,2219.4,2224.4,2219.0,2221.0,49509,KOTAKBANK
5975,2025-04-29 13:25:00+05:30,2221.0,2222.3,2219.6,2222.19,27630,KOTAKBANK
5976,2025-04-29 13:30:00+05:30,2222.0,2224.9,2222.0,2224.4,23621,KOTAKBANK
5977,2025-04-29 13:35:00+05:30,2224.4,2224.9,2222.0,2224.1,20051,KOTAKBANK
5978,2025-04-29 13:40:00+05:30,2223.9,2225.3,2222.8,2223.69,24688,KOTAKBANK
5979,2025-04-29 13:45:00+05:30,2223.69,2224.6,2221.1,2223.5,24270,KOTAKBANK
5980,2025-04-29 13:50:00+05:30,2223.5,2224.19,2220.4,2220.8,32128,KOTAKBANK
5981,2025-04-29 13:55:00+05:30,2220.8,2222.8,2220.8,2222.0,24217,KOTAKBANK
5982,2025-04-29 14:00:00+05:30,2222.0,2224.6,2220.9,2223.3,20562,KOTAKBANK
5983,2025-04-29 14:05:00+05:30,2223.3,2225.8,2222.6,2225.1,21033,KOTAKBANK
5984,2025-04-29 14:10:00+05:30,2225.0,2226.0,2222.4,2224.19,29784,KOTAKBANK
5985,2025-04-29 14:15:00+05:30,2223.4,2225.6,2221.4,2224.8,37352,KOTAKBANK
5986,2025-04-29 14:20:00+05:30,2224.8,2224.8,2221.19,2221.9,49123,KOTAKBANK
5987,2025-04-29 14:25:00+05:30,2222.19,2226.1,2221.4,2223.19,45174,KOTAKBANK
5988,2025-04-29 14:30:00+05:30,2223.19,2224.3,2220.19,2220.3,41873,KOTAKBANK
5989,2025-04-29 14:35:00+05:30,2220.69,2221.0,2219.0,2219.0,44704,KOTAKBANK
5990,2025-04-29 14:40:00+05:30,2219.0,2221.0,2218.0,2218.9,46435,KOTAKBANK
5991,2025-04-29 14:45:00+05:30,2218.9,2221.0,2218.19,2219.6,49596,KOTAKBANK
5992,2025-04-29 14:50:00+05:30,2219.69,2219.69,2214.1,2214.8,60360,KOTAKBANK
5993,2025-04-29 14:55:00+05:30,2214.8,2216.6,2213.0,2213.1,71316,KOTAKBANK
5994,2025-04-29 15:00:00+05:30,2213.1,2214.0,2207.6,2209.69,164676,KOTAKBANK
5995,2025-04-29 15:05:00+05:30,2209.8,2210.9,2206.0,2207.0,117881,KOTAKBANK
5996,2025-04-29 15:10:00+05:30,2207.0,2210.0,2203.3,2203.5,167524,KOTAKBANK
5997,2025-04-29 15:15:00+05:30,2203.5,2204.9,2201.8,2202.69,162167,KOTAKBANK
5998,2025-04-29 15:20:00+05:30,2202.69,2204.3,2199.3,2199.8,165328,KOTAKBANK
5999,2025-04-29 15:25:00+05:30,2199.8,2205.8,2198.8,2202.1,116914,KOTAKBANK
6000,2025-04-30 09:15:00+05:30,2213.9,2216.0,2198.0,2215.1,198178,KOTAKBANK
6001,2025-04-30 09:20:00+05:30,2215.1,2215.9,2200.9,2204.69,49263,KOTAKBANK
6002,2025-04-30 09:25:00+05:30,2205.3,2218.9,2203.6,2215.9,44466,KOTAKBANK
6003,2025-04-30 09:30:00+05:30,2216.5,2222.6,2211.1,2212.3,54189,KOTAKBANK
6004,2025-04-30 09:35:00+05:30,2212.8,2215.1,2209.1,2214.1,42574,KOTAKBANK
6005,2025-04-30 09:40:00+05:30,2214.1,2215.1,2210.0,2213.6,32636,KOTAKBANK
6006,2025-04-30 09:45:00+05:30,2213.69,2220.9,2212.4,2220.3,38094,KOTAKBANK
6007,2025-04-30 09:50:00+05:30,2220.3,2221.8,2217.9,2220.8,22726,KOTAKBANK
6008,2025-04-30 09:55:00+05:30,2220.8,2224.0,2215.3,2224.0,25868,KOTAKBANK
6009,2025-04-30 10:00:00+05:30,2224.0,2225.9,2217.5,2221.1,34265,KOTAKBANK
6010,2025-04-30 10:05:00+05:30,2221.19,2225.0,2221.19,2224.69,14044,KOTAKBANK
6011,2025-04-30 10:10:00+05:30,2224.3,2227.9,2221.4,2225.1,23650,KOTAKBANK
6012,2025-04-30 10:15:00+05:30,2225.1,2228.69,2224.9,2225.5,23816,KOTAKBANK
6013,2025-04-30 10:20:00+05:30,2225.69,2230.0,2224.69,2229.8,16611,KOTAKBANK
6014,2025-04-30 10:25:00+05:30,2229.8,2231.0,2227.0,2227.5,21053,KOTAKBANK
6015,2025-04-30 10:30:00+05:30,2227.5,2228.69,2225.0,2225.8,20999,KOTAKBANK
6016,2025-04-30 10:35:00+05:30,2225.8,2227.3,2221.8,2226.0,22907,KOTAKBANK
6017,2025-04-30 10:40:00+05:30,2226.1,2227.5,2225.0,2226.4,17152,KOTAKBANK
6018,2025-04-30 10:45:00+05:30,2226.69,2227.0,2225.0,2226.6,24223,KOTAKBANK
6019,2025-04-30 10:50:00+05:30,2226.19,2226.8,2221.6,2223.19,33810,KOTAKBANK
6020,2025-04-30 10:55:00+05:30,2223.19,2226.6,2221.0,2225.69,17424,KOTAKBANK
6021,2025-04-30 11:00:00+05:30,2225.6,2227.0,2225.0,2226.4,16322,KOTAKBANK
6022,2025-04-30 11:05:00+05:30,2226.4,2226.4,2220.9,2221.3,51122,KOTAKBANK
6023,2025-04-30 11:10:00+05:30,2221.4,2223.3,2220.4,2222.3,49588,KOTAKBANK
6024,2025-04-30 11:15:00+05:30,2222.3,2227.0,2222.0,2226.8,17470,KOTAKBANK
6025,2025-04-30 11:20:00+05:30,2226.9,2229.0,2225.5,2227.8,27564,KOTAKBANK
6026,2025-04-30 11:25:00+05:30,2228.0,2229.4,2222.0,2222.3,20080,KOTAKBANK
6027,2025-04-30 11:30:00+05:30,2222.19,2224.5,2221.5,2222.0,14691,KOTAKBANK
6028,2025-04-30 11:35:00+05:30,2222.0,2222.9,2220.6,2221.5,17146,KOTAKBANK
6029,2025-04-30 11:40:00+05:30,2221.4,2223.8,2220.5,2222.3,21983,KOTAKBANK
6030,2025-04-30 11:45:00+05:30,2222.3,2223.0,2220.0,2223.0,14904,KOTAKBANK
6031,2025-04-30 11:50:00+05:30,2223.0,2223.3,2218.9,2219.8,17035,KOTAKBANK
6032,2025-04-30 11:55:00+05:30,2219.9,2220.8,2216.0,2217.3,20787,KOTAKBANK
6033,2025-04-30 12:00:00+05:30,2217.19,2219.4,2215.4,2215.69,20488,KOTAKBANK
6034,2025-04-30 12:05:00+05:30,2215.9,2216.1,2211.69,2213.19,28323,KOTAKBANK
6035,2025-04-30 12:10:00+05:30,2213.0,2215.0,2211.19,2212.1,17680,KOTAKBANK
6036,2025-04-30 12:15:00+05:30,2212.1,2213.9,2209.69,2209.9,53144,KOTAKBANK
6037,2025-04-30 12:20:00+05:30,2210.4,2211.8,2208.1,2209.0,23518,KOTAKBANK
6038,2025-04-30 12:25:00+05:30,2209.1,2212.9,2209.0,2209.1,21583,KOTAKBANK
6039,2025-04-30 12:30:00+05:30,2209.1,2213.0,2209.1,2212.9,20714,KOTAKBANK
6040,2025-04-30 12:35:00+05:30,2213.0,2214.6,2211.4,2214.19,15087,KOTAKBANK
6041,2025-04-30 12:40:00+05:30,2214.8,2216.4,2213.1,2214.8,16781,KOTAKBANK
6042,2025-04-30 12:45:00+05:30,2214.8,2219.69,2213.1,2219.0,21315,KOTAKBANK
6043,2025-04-30 12:50:00+05:30,2219.19,2223.69,2219.1,2220.9,62797,KOTAKBANK
6044,2025-04-30 12:55:00+05:30,2221.3,2221.4,2218.19,2219.8,20840,KOTAKBANK
6045,2025-04-30 13:00:00+05:30,2219.69,2221.4,2218.8,2219.0,25307,KOTAKBANK
6046,2025-04-30 13:05:00+05:30,2218.9,2219.0,2213.5,2216.4,29288,KOTAKBANK
6047,2025-04-30 13:10:00+05:30,2216.19,2217.6,2212.6,2217.4,28108,KOTAKBANK
6048,2025-04-30 13:15:00+05:30,2217.4,2219.19,2215.8,2217.69,37392,KOTAKBANK
6049,2025-04-30 13:20:00+05:30,2217.69,2219.6,2217.3,2217.5,26564,KOTAKBANK
6050,2025-04-30 13:25:00+05:30,2217.5,2221.1,2217.5,2218.19,90699,KOTAKBANK
6051,2025-04-30 13:30:00+05:30,2218.3,2219.9,2216.9,2218.1,32555,KOTAKBANK
6052,2025-04-30 13:35:00+05:30,2218.5,2219.3,2216.9,2219.0,25686,KOTAKBANK
6053,2025-04-30 13:40:00+05:30,2219.0,2225.8,2219.0,2224.19,39657,KOTAKBANK
6054,2025-04-30 13:45:00+05:30,2224.19,2226.3,2223.1,2225.3,29351,KOTAKBANK
6055,2025-04-30 13:50:00+05:30,2225.19,2227.1,2225.0,2225.0,26795,KOTAKBANK
6056,2025-04-30 13:55:00+05:30,2225.0,2225.69,2223.5,2224.6,31250,KOTAKBANK
6057,2025-04-30 14:00:00+05:30,2224.6,2224.9,2221.19,2221.69,35012,KOTAKBANK
6058,2025-04-30 14:05:00+05:30,2221.8,2222.4,2220.19,2220.8,33381,KOTAKBANK
6059,2025-04-30 14:10:00+05:30,2221.3,2222.19,2220.6,2222.1,23481,KOTAKBANK
6060,2025-04-30 14:15:00+05:30,2222.19,2224.19,2220.5,2221.19,30652,KOTAKBANK
6061,2025-04-30 14:20:00+05:30,2221.69,2222.4,2214.69,2215.6,47082,KOTAKBANK
6062,2025-04-30 14:25:00+05:30,2215.19,2217.69,2214.1,2215.5,40344,KOTAKBANK
6063,2025-04-30 14:30:00+05:30,2215.8,2216.6,2211.19,2212.19,41641,KOTAKBANK
6064,2025-04-30 14:35:00+05:30,2212.0,2215.8,2210.9,2215.69,38130,KOTAKBANK
6065,2025-04-30 14:40:00+05:30,2215.69,2216.9,2214.19,2215.6,52422,KOTAKBANK
6066,2025-04-30 14:45:00+05:30,2215.4,2218.8,2214.4,2216.9,52029,KOTAKBANK
6067,2025-04-30 14:50:00+05:30,2216.9,2221.0,2216.0,2220.6,71040,KOTAKBANK
6068,2025-04-30 14:55:00+05:30,2220.8,2224.4,2217.6,2220.0,86507,KOTAKBANK
6069,2025-04-30 15:00:00+05:30,2219.6,2223.4,2215.69,2216.3,350579,KOTAKBANK
6070,2025-04-30 15:05:00+05:30,2216.4,2218.1,2213.69,2217.9,325474,KOTAKBANK
6071,2025-04-30 15:10:00+05:30,2217.8,2218.1,2204.0,2205.5,309987,KOTAKBANK
6072,2025-04-30 15:15:00+05:30,2205.5,2209.19,2203.0,2204.8,414808,KOTAKBANK
6073,2025-04-30 15:20:00+05:30,2204.8,2207.9,2193.0,2199.19,528688,KOTAKBANK
6074,2025-04-30 15:25:00+05:30,2199.8,2209.5,2188.19,2202.0,320770,KOTAKBANK
6075,2025-05-02 09:15:00+05:30,2204.0,2222.0,2198.8,2202.3,153842,KOTAKBANK
6076,2025-05-02 09:20:00+05:30,2202.3,2213.5,2201.5,2207.69,32314,KOTAKBANK
6077,2025-05-02 09:25:00+05:30,2207.69,2219.6,2207.1,2218.69,27742,KOTAKBANK
6078,2025-05-02 09:30:00+05:30,2219.8,2223.6,2215.6,2220.6,22728,KOTAKBANK
6079,2025-05-02 09:35:00+05:30,2220.1,2221.3,2216.0,2219.4,16734,KOTAKBANK
6080,2025-05-02 09:40:00+05:30,2219.69,2221.0,2214.19,2217.0,15699,KOTAKBANK
6081,2025-05-02 09:45:00+05:30,2217.69,2218.9,2213.6,2217.19,15545,KOTAKBANK
6082,2025-05-02 09:50:00+05:30,2217.69,2219.0,2211.4,2215.5,75490,KOTAKBANK
6083,2025-05-02 09:55:00+05:30,2216.5,2220.4,2215.69,2217.4,26249,KOTAKBANK
6084,2025-05-02 10:00:00+05:30,2216.8,2220.0,2216.19,2218.4,13665,KOTAKBANK
6085,2025-05-02 10:05:00+05:30,2218.4,2219.0,2211.8,2214.6,44838,KOTAKBANK
6086,2025-05-02 10:10:00+05:30,2214.6,2216.19,2213.19,2215.69,15171,KOTAKBANK
6087,2025-05-02 10:15:00+05:30,2215.1,2215.69,2213.0,2213.0,15154,KOTAKBANK
6088,2025-05-02 10:20:00+05:30,2212.1,2214.5,2207.5,2209.1,30591,KOTAKBANK
6089,2025-05-02 10:25:00+05:30,2209.1,2209.69,2203.0,2203.0,23924,KOTAKBANK
6090,2025-05-02 10:30:00+05:30,2203.5,2204.19,2200.0,2200.6,38223,KOTAKBANK
6091,2025-05-02 10:35:00+05:30,2200.6,2203.19,2196.9,2202.5,57725,KOTAKBANK
6092,2025-05-02 10:40:00+05:30,2203.0,2204.6,2200.9,2202.1,18501,KOTAKBANK
6093,2025-05-02 10:45:00+05:30,2202.9,2203.5,2194.3,2198.5,61254,KOTAKBANK
6094,2025-05-02 10:50:00+05:30,2198.5,2200.0,2191.0,2191.3,73638,KOTAKBANK
6095,2025-05-02 10:55:00+05:30,2192.0,2195.0,2190.5,2192.1,33816,KOTAKBANK
6096,2025-05-02 11:00:00+05:30,2192.3,2195.0,2188.9,2189.8,29388,KOTAKBANK
6097,2025-05-02 11:05:00+05:30,2189.8,2193.19,2186.69,2188.19,36451,KOTAKBANK
6098,2025-05-02 11:10:00+05:30,2188.6,2190.19,2186.5,2188.0,12471,KOTAKBANK
6099,2025-05-02 11:15:00+05:30,2188.69,2191.0,2187.69,2188.19,15158,KOTAKBANK
6100,2025-05-02 11:20:00+05:30,2188.69,2189.19,2182.1,2185.9,30773,KOTAKBANK
6101,2025-05-02 11:25:00+05:30,2185.9,2187.5,2184.4,2185.8,27195,KOTAKBANK
6102,2025-05-02 11:30:00+05:30,2185.8,2187.0,2182.0,2185.4,67007,KOTAKBANK
6103,2025-05-02 11:35:00+05:30,2185.3,2190.0,2185.3,2186.19,25132,KOTAKBANK
6104,2025-05-02 11:40:00+05:30,2186.5,2188.9,2184.19,2185.5,21944,KOTAKBANK
6105,2025-05-02 11:45:00+05:30,2185.5,2187.6,2183.4,2183.4,12712,KOTAKBANK
6106,2025-05-02 11:50:00+05:30,2183.1,2185.0,2181.8,2184.8,13708,KOTAKBANK
6107,2025-05-02 11:55:00+05:30,2184.9,2188.4,2184.8,2187.19,13482,KOTAKBANK
6108,2025-05-02 12:00:00+05:30,2187.9,2188.0,2186.0,2186.69,8684,KOTAKBANK
6109,2025-05-02 12:05:00+05:30,2186.19,2187.1,2183.4,2186.1,15418,KOTAKBANK
6110,2025-05-02 12:10:00+05:30,2185.6,2186.69,2183.1,2186.5,18529,KOTAKBANK
6111,2025-05-02 12:15:00+05:30,2186.0,2186.6,2179.1,2179.9,27823,KOTAKBANK
6112,2025-05-02 12:20:00+05:30,2179.9,2182.69,2179.19,2181.3,16138,KOTAKBANK
6113,2025-05-02 12:25:00+05:30,2181.3,2181.9,2174.1,2174.1,34315,KOTAKBANK
6114,2025-05-02 12:30:00+05:30,2174.19,2176.8,2171.19,2172.6,89812,KOTAKBANK
6115,2025-05-02 12:35:00+05:30,2172.6,2177.0,2172.19,2173.69,22839,KOTAKBANK
6116,2025-05-02 12:40:00+05:30,2173.69,2180.0,2171.19,2180.0,17014,KOTAKBANK
6117,2025-05-02 12:45:00+05:30,2180.0,2186.3,2179.9,2185.0,27247,KOTAKBANK
6118,2025-05-02 12:50:00+05:30,2184.69,2186.6,2182.9,2185.19,12396,KOTAKBANK
6119,2025-05-02 12:55:00+05:30,2185.19,2186.19,2182.6,2183.0,12258,KOTAKBANK
6120,2025-05-02 13:00:00+05:30,2183.1,2185.6,2180.0,2182.4,13348,KOTAKBANK
6121,2025-05-02 13:05:00+05:30,2182.4,2187.0,2181.8,2185.0,12928,KOTAKBANK
6122,2025-05-02 13:10:00+05:30,2184.6,2186.0,2182.4,2182.69,11261,KOTAKBANK
6123,2025-05-02 13:15:00+05:30,2183.1,2189.9,2182.8,2189.1,18030,KOTAKBANK
6124,2025-05-02 13:20:00+05:30,2189.1,2191.69,2187.3,2188.9,13649,KOTAKBANK
6125,2025-05-02 13:25:00+05:30,2188.8,2191.0,2186.19,2189.8,15787,KOTAKBANK
6126,2025-05-02 13:30:00+05:30,2189.8,2193.0,2189.1,2192.6,40856,KOTAKBANK
6127,2025-05-02 13:35:00+05:30,2192.1,2192.6,2187.69,2189.9,17050,KOTAKBANK
6128,2025-05-02 13:40:00+05:30,2189.8,2191.5,2186.19,2188.8,12635,KOTAKBANK
6129,2025-05-02 13:45:00+05:30,2188.8,2194.4,2188.1,2192.6,17626,KOTAKBANK
6130,2025-05-02 13:50:00+05:30,2192.6,2193.4,2189.6,2192.9,14351,KOTAKBANK
6131,2025-05-02 13:55:00+05:30,2192.9,2193.9,2190.19,2191.4,13344,KOTAKBANK
6132,2025-05-02 14:00:00+05:30,2191.3,2191.9,2188.1,2190.9,15248,KOTAKBANK
6133,2025-05-02 14:05:00+05:30,2190.9,2192.4,2188.6,2190.1,15179,KOTAKBANK
6134,2025-05-02 14:10:00+05:30,2190.1,2191.4,2187.1,2188.9,17216,KOTAKBANK
6135,2025-05-02 14:15:00+05:30,2188.4,2189.6,2185.0,2186.4,17974,KOTAKBANK
6136,2025-05-02 14:20:00+05:30,2186.4,2187.69,2184.0,2186.69,29247,KOTAKBANK
6137,2025-05-02 14:25:00+05:30,2186.4,2186.8,2182.0,2182.4,23169,KOTAKBANK
6138,2025-05-02 14:30:00+05:30,2182.4,2184.0,2180.5,2181.1,39851,KOTAKBANK
6139,2025-05-02 14:35:00+05:30,2181.1,2182.3,2178.69,2182.1,34393,KOTAKBANK
6140,2025-05-02 14:40:00+05:30,2182.1,2184.19,2181.1,2182.3,26161,KOTAKBANK
6141,2025-05-02 14:45:00+05:30,2182.3,2185.3,2181.1,2183.1,24420,KOTAKBANK
6142,2025-05-02 14:50:00+05:30,2183.6,2189.0,2183.3,2188.0,23167,KOTAKBANK
6143,2025-05-02 14:55:00+05:30,2188.0,2189.9,2186.3,2187.4,36639,KOTAKBANK
6144,2025-05-02 15:00:00+05:30,2187.4,2189.8,2183.6,2185.5,127417,KOTAKBANK
6145,2025-05-02 15:05:00+05:30,2185.4,2187.9,2185.3,2187.19,112625,KOTAKBANK
6146,2025-05-02 15:10:00+05:30,2187.1,2190.69,2185.9,2190.4,92421,KOTAKBANK
6147,2025-05-02 15:15:00+05:30,2190.4,2191.69,2186.4,2189.0,89001,KOTAKBANK
6148,2025-05-02 15:20:00+05:30,2189.1,2190.9,2182.69,2182.69,117250,KOTAKBANK
6149,2025-05-02 15:25:00+05:30,2182.9,2182.9,2175.0,2180.1,212401,KOTAKBANK
6150,2025-05-05 09:15:00+05:30,2105.1,2133.8,2093.6,2096.0,1901578,KOTAKBANK
6151,2025-05-05 09:20:00+05:30,2096.19,2101.4,2075.9,2077.9,691822,KOTAKBANK
6152,2025-05-05 09:25:00+05:30,2077.69,2080.0,2067.19,2069.1,509422,KOTAKBANK
6153,2025-05-05 09:30:00+05:30,2068.3,2070.0,2058.0,2059.0,291533,KOTAKBANK
6154,2025-05-05 09:35:00+05:30,2058.4,2066.0,2058.0,2062.5,216656,KOTAKBANK
6155,2025-05-05 09:40:00+05:30,2062.5,2077.69,2062.3,2075.1,324743,KOTAKBANK
6156,2025-05-05 09:45:00+05:30,2075.1,2078.5,2071.1,2073.3,134159,KOTAKBANK
6157,2025-05-05 09:50:00+05:30,2073.8,2075.0,2059.9,2066.1,232630,KOTAKBANK
6158,2025-05-05 09:55:00+05:30,2065.5,2067.0,2060.0,2065.4,160501,KOTAKBANK
6159,2025-05-05 10:00:00+05:30,2065.0,2067.0,2063.69,2065.0,81943,KOTAKBANK
6160,2025-05-05 10:05:00+05:30,2065.0,2066.0,2060.1,2062.1,70320,KOTAKBANK
6161,2025-05-05 10:10:00+05:30,2062.8,2066.0,2058.69,2065.0,82307,KOTAKBANK
6162,2025-05-05 10:15:00+05:30,2065.0,2070.5,2064.69,2068.19,135655,KOTAKBANK
6163,2025-05-05 10:20:00+05:30,2068.19,2071.69,2067.1,2070.0,109674,KOTAKBANK
6164,2025-05-05 10:25:00+05:30,2070.1,2074.3,2067.69,2068.6,139933,KOTAKBANK
6165,2025-05-05 10:30:00+05:30,2068.6,2071.0,2065.0,2069.3,113434,KOTAKBANK
6166,2025-05-05 10:35:00+05:30,2069.3,2076.0,2069.0,2075.3,110826,KOTAKBANK
6167,2025-05-05 10:40:00+05:30,2075.3,2076.0,2073.0,2074.19,41592,KOTAKBANK
6168,2025-05-05 10:45:00+05:30,2074.19,2075.69,2071.0,2075.6,36199,KOTAKBANK
6169,2025-05-05 10:50:00+05:30,2075.5,2076.0,2074.19,2074.5,42501,KOTAKBANK
6170,2025-05-05 10:55:00+05:30,2075.19,2075.3,2071.1,2073.4,45803,KOTAKBANK
6171,2025-05-05 11:00:00+05:30,2073.4,2075.0,2071.19,2074.0,36994,KOTAKBANK
6172,2025-05-05 11:05:00+05:30,2074.0,2074.9,2072.3,2073.6,30973,KOTAKBANK
6173,2025-05-05 11:10:00+05:30,2074.0,2076.6,2073.6,2076.0,66284,KOTAKBANK
6174,2025-05-05 11:15:00+05:30,2075.69,2080.19,2073.1,2075.5,135614,KOTAKBANK
6175,2025-05-05 11:20:00+05:30,2075.4,2080.6,2074.5,2078.1,71226,KOTAKBANK
6176,2025-05-05 11:25:00+05:30,2078.19,2078.9,2075.6,2076.4,25516,KOTAKBANK
6177,2025-05-05 11:30:00+05:30,2076.1,2079.1,2073.0,2078.3,58872,KOTAKBANK
6178,2025-05-05 11:35:00+05:30,2078.19,2078.6,2070.1,2071.1,62967,KOTAKBANK
6179,2025-05-05 11:40:00+05:30,2071.1,2072.19,2067.8,2071.3,100370,KOTAKBANK
6180,2025-05-05 11:45:00+05:30,2071.6,2072.8,2069.9,2071.69,40294,KOTAKBANK
6181,2025-05-05 11:50:00+05:30,2071.6,2071.69,2066.19,2067.8,61444,KOTAKBANK
6182,2025-05-05 11:55:00+05:30,2067.8,2070.0,2067.5,2069.8,43686,KOTAKBANK
6183,2025-05-05 12:00:00+05:30,2069.6,2070.4,2067.0,2069.0,53768,KOTAKBANK
6184,2025-05-05 12:05:00+05:30,2069.6,2069.6,2065.19,2067.0,54429,KOTAKBANK
6185,2025-05-05 12:10:00+05:30,2067.1,2068.1,2066.0,2067.9,38563,KOTAKBANK
6186,2025-05-05 12:15:00+05:30,2067.8,2068.6,2066.1,2066.1,37146,KOTAKBANK
6187,2025-05-05 12:20:00+05:30,2066.1,2070.0,2066.0,2068.1,63093,KOTAKBANK
6188,2025-05-05 12:25:00+05:30,2068.1,2071.4,2068.0,2071.4,37681,KOTAKBANK
6189,2025-05-05 12:30:00+05:30,2071.19,2073.1,2070.5,2073.0,54398,KOTAKBANK
6190,2025-05-05 12:35:00+05:30,2073.0,2073.5,2071.19,2072.5,36752,KOTAKBANK
6191,2025-05-05 12:40:00+05:30,2072.19,2073.3,2071.6,2072.5,32213,KOTAKBANK
6192,2025-05-05 12:45:00+05:30,2072.8,2072.8,2067.9,2071.5,83995,KOTAKBANK
6193,2025-05-05 12:50:00+05:30,2071.5,2074.4,2071.0,2074.3,33149,KOTAKBANK
6194,2025-05-05 12:55:00+05:30,2074.4,2076.5,2074.3,2075.19,52468,KOTAKBANK
6195,2025-05-05 13:00:00+05:30,2075.19,2077.8,2075.0,2076.8,39122,KOTAKBANK
6196,2025-05-05 13:05:00+05:30,2076.8,2078.0,2076.0,2077.4,38021,KOTAKBANK
6197,2025-05-05 13:10:00+05:30,2077.0,2077.9,2075.69,2077.5,34501,KOTAKBANK
6198,2025-05-05 13:15:00+05:30,2077.4,2078.9,2075.5,2076.9,34672,KOTAKBANK
6199,2025-05-05 13:20:00+05:30,2076.9,2077.8,2075.6,2077.8,28675,KOTAKBANK
6200,2025-05-05 13:25:00+05:30,2077.8,2078.0,2072.3,2073.19,60637,KOTAKBANK
6201,2025-05-05 13:30:00+05:30,2073.3,2075.9,2072.69,2075.0,31375,KOTAKBANK
6202,2025-05-05 13:35:00+05:30,2075.0,2076.0,2074.19,2076.0,28682,KOTAKBANK
6203,2025-05-05 13:40:00+05:30,2076.0,2077.0,2075.5,2076.8,36405,KOTAKBANK
6204,2025-05-05 13:45:00+05:30,2076.69,2079.0,2076.69,2078.8,36880,KOTAKBANK
6205,2025-05-05 13:50:00+05:30,2078.8,2081.5,2078.8,2080.9,54654,KOTAKBANK
6206,2025-05-05 13:55:00+05:30,2080.69,2083.4,2079.3,2082.8,57650,KOTAKBANK
6207,2025-05-05 14:00:00+05:30,2082.6,2084.5,2082.0,2083.9,92198,KOTAKBANK
6208,2025-05-05 14:05:00+05:30,2083.69,2085.0,2082.6,2084.9,34582,KOTAKBANK
6209,2025-05-05 14:10:00+05:30,2085.0,2085.5,2081.8,2084.4,67740,KOTAKBANK
6210,2025-05-05 14:15:00+05:30,2084.4,2085.1,2083.3,2084.3,37472,KOTAKBANK
6211,2025-05-05 14:20:00+05:30,2084.4,2086.6,2082.9,2086.5,107195,KOTAKBANK
6212,2025-05-05 14:25:00+05:30,2086.4,2088.8,2085.4,2087.69,67208,KOTAKBANK
6213,2025-05-05 14:30:00+05:30,2087.8,2092.4,2087.1,2091.5,77313,KOTAKBANK
6214,2025-05-05 14:35:00+05:30,2091.6,2094.0,2089.5,2091.19,98486,KOTAKBANK
6215,2025-05-05 14:40:00+05:30,2090.9,2091.9,2087.1,2089.6,73002,KOTAKBANK
6216,2025-05-05 14:45:00+05:30,2089.6,2091.5,2087.5,2091.0,50252,KOTAKBANK
6217,2025-05-05 14:50:00+05:30,2091.0,2091.4,2090.0,2090.19,60007,KOTAKBANK
6218,2025-05-05 14:55:00+05:30,2090.3,2090.9,2086.3,2086.3,68727,KOTAKBANK
6219,2025-05-05 15:00:00+05:30,2086.3,2087.5,2083.69,2084.5,88530,KOTAKBANK
6220,2025-05-05 15:05:00+05:30,2084.5,2084.9,2083.1,2084.19,74236,KOTAKBANK
6221,2025-05-05 15:10:00+05:30,2084.19,2084.9,2082.19,2082.6,142461,KOTAKBANK
6222,2025-05-05 15:15:00+05:30,2082.5,2086.1,2082.19,2085.3,127156,KOTAKBANK
6223,2025-05-05 15:20:00+05:30,2085.19,2086.9,2084.4,2086.19,160366,KOTAKBANK
6224,2025-05-05 15:25:00+05:30,2086.19,2087.4,2085.0,2085.0,122826,KOTAKBANK
6225,2025-05-06 09:15:00+05:30,2086.0,2091.4,2076.9,2081.5,226189,KOTAKBANK
6226,2025-05-06 09:20:00+05:30,2081.5,2082.69,2073.3,2079.0,97846,KOTAKBANK
6227,2025-05-06 09:25:00+05:30,2079.19,2082.5,2073.1,2075.4,70739,KOTAKBANK
6228,2025-05-06 09:30:00+05:30,2075.4,2080.69,2073.5,2080.3,49335,KOTAKBANK
6229,2025-05-06 09:35:00+05:30,2079.6,2080.1,2073.0,2076.6,32438,KOTAKBANK
6230,2025-05-06 09:40:00+05:30,2076.4,2076.6,2072.5,2073.1,35462,KOTAKBANK
6231,2025-05-06 09:45:00+05:30,2072.5,2074.0,2070.4,2072.5,48660,KOTAKBANK
6232,2025-05-06 09:50:00+05:30,2072.9,2077.0,2072.19,2074.19,35239,KOTAKBANK
6233,2025-05-06 09:55:00+05:30,2074.19,2077.19,2073.0,2075.0,41055,KOTAKBANK
6234,2025-05-06 10:00:00+05:30,2075.69,2075.69,2070.3,2070.5,54533,KOTAKBANK
6235,2025-05-06 10:05:00+05:30,2070.5,2071.4,2065.0,2065.3,64729,KOTAKBANK
6236,2025-05-06 10:10:00+05:30,2065.3,2070.3,2065.3,2068.9,32169,KOTAKBANK
6237,2025-05-06 10:15:00+05:30,2068.3,2070.1,2065.5,2065.9,32729,KOTAKBANK
6238,2025-05-06 10:20:00+05:30,2066.0,2068.8,2065.1,2068.0,33428,KOTAKBANK
6239,2025-05-06 10:25:00+05:30,2067.5,2070.0,2067.5,2068.19,18245,KOTAKBANK
6240,2025-05-06 10:30:00+05:30,2068.19,2071.8,2067.19,2071.19,26632,KOTAKBANK
6241,2025-05-06 10:35:00+05:30,2071.1,2072.5,2070.5,2071.69,18977,KOTAKBANK
6242,2025-05-06 10:40:00+05:30,2071.6,2074.0,2071.3,2072.8,24639,KOTAKBANK
6243,2025-05-06 10:45:00+05:30,2072.5,2074.0,2072.19,2073.1,14807,KOTAKBANK
6244,2025-05-06 10:50:00+05:30,2073.1,2074.8,2072.1,2074.0,20110,KOTAKBANK
6245,2025-05-06 10:55:00+05:30,2074.1,2075.0,2072.19,2074.19,25269,KOTAKBANK
6246,2025-05-06 11:00:00+05:30,2074.19,2074.19,2071.4,2072.0,9386,KOTAKBANK
6247,2025-05-06 11:05:00+05:30,2072.19,2074.8,2071.1,2074.19,16775,KOTAKBANK
6248,2025-05-06 11:10:00+05:30,2074.6,2075.0,2072.6,2072.6,18573,KOTAKBANK
6249,2025-05-06 11:15:00+05:30,2072.4,2075.0,2072.19,2073.5,20932,KOTAKBANK
6250,2025-05-06 11:20:00+05:30,2074.5,2075.4,2073.3,2074.5,31014,KOTAKBANK
6251,2025-05-06 11:25:00+05:30,2074.5,2075.0,2073.3,2073.6,17461,KOTAKBANK
6252,2025-05-06 11:30:00+05:30,2074.1,2074.19,2072.19,2072.19,21338,KOTAKBANK
6253,2025-05-06 11:35:00+05:30,2072.19,2072.9,2065.3,2066.6,31288,KOTAKBANK
6254,2025-05-06 11:40:00+05:30,2067.0,2071.19,2065.8,2069.9,16158,KOTAKBANK
6255,2025-05-06 11:45:00+05:30,2070.0,2070.5,2067.8,2069.69,42747,KOTAKBANK
6256,2025-05-06 11:50:00+05:30,2069.8,2070.0,2068.8,2069.9,26873,KOTAKBANK
6257,2025-05-06 11:55:00+05:30,2069.9,2070.0,2068.4,2069.6,18094,KOTAKBANK
6258,2025-05-06 12:00:00+05:30,2069.8,2072.4,2069.4,2070.69,44070,KOTAKBANK
6259,2025-05-06 12:05:00+05:30,2070.9,2071.0,2069.69,2070.19,28985,KOTAKBANK
6260,2025-05-06 12:10:00+05:30,2070.0,2071.0,2069.69,2070.5,32123,KOTAKBANK
6261,2025-05-06 12:15:00+05:30,2070.3,2074.1,2070.0,2070.69,60341,KOTAKBANK
6262,2025-05-06 12:20:00+05:30,2070.69,2072.0,2070.0,2071.4,19847,KOTAKBANK
6263,2025-05-06 12:25:00+05:30,2071.1,2072.5,2069.8,2071.9,34512,KOTAKBANK
6264,2025-05-06 12:30:00+05:30,2071.69,2072.0,2069.5,2070.6,33178,KOTAKBANK
6265,2025-05-06 12:35:00+05:30,2070.6,2070.8,2069.19,2070.19,27885,KOTAKBANK
6266,2025-05-06 12:40:00+05:30,2070.19,2070.19,2066.69,2067.3,26493,KOTAKBANK
6267,2025-05-06 12:45:00+05:30,2067.0,2069.0,2066.19,2069.0,21803,KOTAKBANK
6268,2025-05-06 12:50:00+05:30,2068.69,2070.0,2068.3,2068.6,141306,KOTAKBANK
6269,2025-05-06 12:55:00+05:30,2068.6,2069.0,2065.6,2065.8,16735,KOTAKBANK
6270,2025-05-06 13:00:00+05:30,2065.69,2067.1,2065.0,2067.0,17112,KOTAKBANK
6271,2025-05-06 13:05:00+05:30,2067.0,2067.5,2065.69,2065.9,27002,KOTAKBANK
6272,2025-05-06 13:10:00+05:30,2065.8,2068.19,2065.4,2067.19,20742,KOTAKBANK
6273,2025-05-06 13:15:00+05:30,2067.0,2070.0,2066.0,2069.9,43649,KOTAKBANK
6274,2025-05-06 13:20:00+05:30,2069.9,2070.0,2068.69,2069.8,20548,KOTAKBANK
6275,2025-05-06 13:25:00+05:30,2069.6,2070.1,2068.8,2069.5,38568,KOTAKBANK
6276,2025-05-06 13:30:00+05:30,2069.1,2070.9,2067.4,2070.8,18696,KOTAKBANK
6277,2025-05-06 13:35:00+05:30,2070.8,2072.69,2070.6,2072.19,15568,KOTAKBANK
6278,2025-05-06 13:40:00+05:30,2072.19,2073.69,2070.6,2071.9,20903,KOTAKBANK
6279,2025-05-06 13:45:00+05:30,2071.9,2074.1,2071.5,2074.0,33905,KOTAKBANK
6280,2025-05-06 13:50:00+05:30,2074.0,2075.1,2072.19,2075.1,25636,KOTAKBANK
6281,2025-05-06 13:55:00+05:30,2075.0,2077.19,2074.5,2077.0,25394,KOTAKBANK
6282,2025-05-06 14:00:00+05:30,2077.0,2078.1,2075.1,2076.19,29373,KOTAKBANK
6283,2025-05-06 14:05:00+05:30,2076.1,2076.5,2075.1,2075.69,18908,KOTAKBANK
6284,2025-05-06 14:10:00+05:30,2075.69,2076.9,2075.19,2075.9,23100,KOTAKBANK
6285,2025-05-06 14:15:00+05:30,2075.9,2076.3,2073.8,2075.5,22581,KOTAKBANK
6286,2025-05-06 14:20:00+05:30,2075.5,2075.9,2074.1,2074.8,17377,KOTAKBANK
6287,2025-05-06 14:25:00+05:30,2074.4,2075.19,2074.0,2074.4,52842,KOTAKBANK
6288,2025-05-06 14:30:00+05:30,2074.4,2075.69,2073.0,2074.5,166044,KOTAKBANK
6289,2025-05-06 14:35:00+05:30,2074.4,2076.1,2074.0,2076.1,57424,KOTAKBANK
6290,2025-05-06 14:40:00+05:30,2076.1,2076.5,2074.69,2075.9,26721,KOTAKBANK
6291,2025-05-06 14:45:00+05:30,2075.9,2076.5,2074.4,2075.69,25900,KOTAKBANK
6292,2025-05-06 14:50:00+05:30,2075.3,2076.5,2074.4,2075.5,30645,KOTAKBANK
6293,2025-05-06 14:55:00+05:30,2075.3,2077.4,2071.69,2077.19,190173,KOTAKBANK
6294,2025-05-06 15:00:00+05:30,2077.1,2079.9,2072.8,2073.3,256664,KOTAKBANK
6295,2025-05-06 15:05:00+05:30,2073.3,2076.3,2072.4,2073.4,81514,KOTAKBANK
6296,2025-05-06 15:10:00+05:30,2073.4,2073.9,2072.0,2072.9,58588,KOTAKBANK
6297,2025-05-06 15:15:00+05:30,2072.9,2073.8,2070.5,2070.6,101437,KOTAKBANK
6298,2025-05-06 15:20:00+05:30,2070.6,2073.8,2069.69,2073.1,112262,KOTAKBANK
6299,2025-05-06 15:25:00+05:30,2073.0,2074.69,2069.69,2070.0,63409,KOTAKBANK
6300,2025-05-07 09:15:00+05:30,2063.69,2075.0,2054.5,2072.19,205421,KOTAKBANK
6301,2025-05-07 09:20:00+05:30,2072.3,2079.5,2064.8,2072.0,84401,KOTAKBANK
6302,2025-05-07 09:25:00+05:30,2072.8,2080.0,2072.1,2078.3,59455,KOTAKBANK
6303,2025-05-07 09:30:00+05:30,2078.3,2082.8,2076.1,2082.19,46800,KOTAKBANK
6304,2025-05-07 09:35:00+05:30,2082.1,2082.19,2077.69,2078.5,37011,KOTAKBANK
6305,2025-05-07 09:40:00+05:30,2078.5,2080.6,2075.9,2078.5,29174,KOTAKBANK
6306,2025-05-07 09:45:00+05:30,2078.19,2080.6,2075.3,2079.3,154242,KOTAKBANK
6307,2025-05-07 09:50:00+05:30,2078.5,2081.0,2075.8,2079.19,28792,KOTAKBANK
6308,2025-05-07 09:55:00+05:30,2079.19,2085.5,2079.1,2082.4,80587,KOTAKBANK
6309,2025-05-07 10:00:00+05:30,2082.4,2083.0,2080.0,2082.3,25945,KOTAKBANK
6310,2025-05-07 10:05:00+05:30,2082.3,2082.6,2075.19,2075.4,58489,KOTAKBANK
6311,2025-05-07 10:10:00+05:30,2075.4,2080.5,2074.0,2078.8,22774,KOTAKBANK
6312,2025-05-07 10:15:00+05:30,2078.8,2080.0,2074.19,2075.19,17915,KOTAKBANK
6313,2025-05-07 10:20:00+05:30,2075.19,2081.0,2074.4,2079.69,29027,KOTAKBANK
6314,2025-05-07 10:25:00+05:30,2080.19,2080.19,2074.4,2074.6,19456,KOTAKBANK
6315,2025-05-07 10:30:00+05:30,2074.9,2078.6,2073.5,2077.69,16201,KOTAKBANK
6316,2025-05-07 10:35:00+05:30,2077.5,2078.9,2076.19,2077.1,13148,KOTAKBANK
6317,2025-05-07 10:40:00+05:30,2077.1,2080.9,2076.4,2080.19,18746,KOTAKBANK
6318,2025-05-07 10:45:00+05:30,2080.4,2081.69,2077.1,2078.5,84520,KOTAKBANK
6319,2025-05-07 10:50:00+05:30,2078.4,2079.5,2077.0,2078.69,11363,KOTAKBANK
6320,2025-05-07 10:55:00+05:30,2079.4,2081.0,2077.9,2081.0,10996,KOTAKBANK
6321,2025-05-07 11:00:00+05:30,2080.5,2088.4,2080.5,2086.3,33581,KOTAKBANK
6322,2025-05-07 11:05:00+05:30,2086.3,2087.0,2078.5,2079.4,90302,KOTAKBANK
6323,2025-05-07 11:10:00+05:30,2079.4,2080.3,2077.1,2079.5,20818,KOTAKBANK
6324,2025-05-07 11:15:00+05:30,2079.5,2080.69,2077.9,2080.4,17470,KOTAKBANK
6325,2025-05-07 11:20:00+05:30,2080.4,2083.69,2080.4,2082.5,14404,KOTAKBANK
6326,2025-05-07 11:25:00+05:30,2082.4,2086.0,2082.1,2084.5,8804,KOTAKBANK
6327,2025-05-07 11:30:00+05:30,2084.5,2089.69,2084.5,2087.0,28296,KOTAKBANK
6328,2025-05-07 11:35:00+05:30,2087.0,2089.3,2086.0,2087.69,13042,KOTAKBANK
6329,2025-05-07 11:40:00+05:30,2087.6,2087.6,2084.5,2086.1,20572,KOTAKBANK
6330,2025-05-07 11:45:00+05:30,2085.5,2085.9,2081.19,2081.4,24143,KOTAKBANK
6331,2025-05-07 11:50:00+05:30,2081.5,2084.1,2078.19,2079.5,16114,KOTAKBANK
6332,2025-05-07 11:55:00+05:30,2079.6,2081.3,2078.19,2079.5,7700,KOTAKBANK
6333,2025-05-07 12:00:00+05:30,2079.69,2080.1,2076.5,2078.0,22509,KOTAKBANK
6334,2025-05-07 12:05:00+05:30,2078.1,2081.0,2076.19,2080.3,24163,KOTAKBANK
6335,2025-05-07 12:10:00+05:30,2080.3,2080.5,2078.1,2078.4,14344,KOTAKBANK
6336,2025-05-07 12:15:00+05:30,2078.4,2079.9,2077.69,2079.4,10283,KOTAKBANK
6337,2025-05-07 12:20:00+05:30,2079.4,2079.9,2075.4,2075.69,47709,KOTAKBANK
6338,2025-05-07 12:25:00+05:30,2076.3,2077.8,2075.4,2077.6,9146,KOTAKBANK
6339,2025-05-07 12:30:00+05:30,2077.4,2077.6,2073.19,2074.19,22284,KOTAKBANK
6340,2025-05-07 12:35:00+05:30,2074.19,2075.9,2074.0,2074.69,17189,KOTAKBANK
6341,2025-05-07 12:40:00+05:30,2074.69,2076.4,2073.5,2074.4,25206,KOTAKBANK
6342,2025-05-07 12:45:00+05:30,2074.4,2075.0,2074.0,2074.6,9254,KOTAKBANK
6343,2025-05-07 12:50:00+05:30,2074.6,2076.3,2074.3,2074.3,12421,KOTAKBANK
6344,2025-05-07 12:55:00+05:30,2074.3,2074.5,2073.9,2073.9,9789,KOTAKBANK
6345,2025-05-07 13:00:00+05:30,2073.9,2074.6,2070.3,2070.6,24608,KOTAKBANK
6346,2025-05-07 13:05:00+05:30,2070.6,2074.19,2070.0,2073.4,120822,KOTAKBANK
6347,2025-05-07 13:10:00+05:30,2073.3,2074.4,2072.0,2072.69,19748,KOTAKBANK
6348,2025-05-07 13:15:00+05:30,2072.69,2074.19,2071.0,2071.19,22882,KOTAKBANK
6349,2025-05-07 13:20:00+05:30,2071.6,2073.0,2070.0,2070.6,69417,KOTAKBANK
6350,2025-05-07 13:25:00+05:30,2070.6,2071.9,2070.0,2070.3,25164,KOTAKBANK
6351,2025-05-07 13:30:00+05:30,2070.5,2072.5,2070.3,2072.1,16963,KOTAKBANK
6352,2025-05-07 13:35:00+05:30,2072.19,2077.3,2072.1,2077.3,30192,KOTAKBANK
6353,2025-05-07 13:40:00+05:30,2077.3,2078.9,2076.1,2077.0,32870,KOTAKBANK
6354,2025-05-07 13:45:00+05:30,2077.69,2077.8,2076.5,2077.0,22577,KOTAKBANK
6355,2025-05-07 13:50:00+05:30,2077.1,2078.4,2077.0,2078.1,20112,KOTAKBANK
6356,2025-05-07 13:55:00+05:30,2078.1,2081.0,2078.0,2080.9,32047,KOTAKBANK
6357,2025-05-07 14:00:00+05:30,2080.8,2081.0,2078.4,2079.69,28492,KOTAKBANK
6358,2025-05-07 14:05:00+05:30,2079.69,2080.5,2079.19,2080.3,29565,KOTAKBANK
6359,2025-05-07 14:10:00+05:30,2080.19,2080.5,2078.19,2078.69,24962,KOTAKBANK
6360,2025-05-07 14:15:00+05:30,2078.3,2081.8,2078.3,2081.4,137402,KOTAKBANK
6361,2025-05-07 14:20:00+05:30,2081.4,2081.4,2079.0,2080.4,37378,KOTAKBANK
6362,2025-05-07 14:25:00+05:30,2080.19,2083.0,2080.19,2082.4,42112,KOTAKBANK
6363,2025-05-07 14:30:00+05:30,2082.3,2084.9,2082.19,2084.5,52974,KOTAKBANK
6364,2025-05-07 14:35:00+05:30,2084.4,2084.5,2082.3,2083.5,50998,KOTAKBANK
6365,2025-05-07 14:40:00+05:30,2083.5,2084.9,2081.5,2083.1,52160,KOTAKBANK
6366,2025-05-07 14:45:00+05:30,2083.0,2092.69,2082.9,2091.1,182475,KOTAKBANK
6367,2025-05-07 14:50:00+05:30,2091.1,2093.6,2088.0,2090.0,79959,KOTAKBANK
6368,2025-05-07 14:55:00+05:30,2090.19,2091.5,2088.1,2088.8,54672,KOTAKBANK
6369,2025-05-07 15:00:00+05:30,2088.8,2092.0,2088.8,2091.0,137166,KOTAKBANK
6370,2025-05-07 15:05:00+05:30,2091.0,2092.9,2089.0,2092.3,141444,KOTAKBANK
6371,2025-05-07 15:10:00+05:30,2092.4,2093.6,2092.3,2093.6,136644,KOTAKBANK
6372,2025-05-07 15:15:00+05:30,2093.5,2097.69,2093.5,2096.0,173576,KOTAKBANK
6373,2025-05-07 15:20:00+05:30,2096.0,2100.0,2095.69,2098.19,226990,KOTAKBANK
6374,2025-05-07 15:25:00+05:30,2098.19,2101.8,2097.6,2100.0,133427,KOTAKBANK
6375,2025-05-08 09:15:00+05:30,2099.0,2122.1,2094.9,2122.1,274063,KOTAKBANK
6376,2025-05-08 09:20:00+05:30,2122.1,2134.6,2122.0,2134.0,277277,KOTAKBANK
6377,2025-05-08 09:25:00+05:30,2134.6,2138.69,2122.0,2128.69,228250,KOTAKBANK
6378,2025-05-08 09:30:00+05:30,2128.6,2131.19,2123.0,2126.6,90043,KOTAKBANK
6379,2025-05-08 09:35:00+05:30,2126.6,2130.9,2124.6,2126.5,44360,KOTAKBANK
6380,2025-05-08 09:40:00+05:30,2126.5,2126.5,2120.69,2125.9,55007,KOTAKBANK
6381,2025-05-08 09:45:00+05:30,2125.9,2131.0,2124.5,2127.9,53491,KOTAKBANK
6382,2025-05-08 09:50:00+05:30,2127.8,2127.9,2118.0,2121.1,113512,KOTAKBANK
6383,2025-05-08 09:55:00+05:30,2121.1,2123.0,2119.5,2120.9,111066,KOTAKBANK
6384,2025-05-08 10:00:00+05:30,2120.9,2121.6,2115.19,2116.1,30404,KOTAKBANK
6385,2025-05-08 10:05:00+05:30,2116.1,2121.5,2112.4,2120.5,393952,KOTAKBANK
6386,2025-05-08 10:10:00+05:30,2120.5,2121.3,2119.1,2120.6,19437,KOTAKBANK
6387,2025-05-08 10:15:00+05:30,2120.69,2122.0,2118.5,2121.6,26841,KOTAKBANK
6388,2025-05-08 10:20:00+05:30,2121.9,2129.1,2121.69,2126.0,102418,KOTAKBANK
6389,2025-05-08 10:25:00+05:30,2126.0,2128.8,2125.69,2127.4,35140,KOTAKBANK
6390,2025-05-08 10:30:00+05:30,2127.4,2128.5,2126.1,2128.0,24531,KOTAKBANK
6391,2025-05-08 10:35:00+05:30,2128.19,2130.6,2127.19,2130.1,57330,KOTAKBANK
6392,2025-05-08 10:40:00+05:30,2130.19,2131.0,2128.19,2130.3,29382,KOTAKBANK
6393,2025-05-08 10:45:00+05:30,2130.5,2134.9,2130.4,2134.5,57269,KOTAKBANK
6394,2025-05-08 10:50:00+05:30,2134.5,2134.69,2132.19,2134.1,37012,KOTAKBANK
6395,2025-05-08 10:55:00+05:30,2134.1,2134.5,2125.0,2126.0,113818,KOTAKBANK
6396,2025-05-08 11:00:00+05:30,2126.0,2126.19,2120.8,2123.69,31424,KOTAKBANK
6397,2025-05-08 11:05:00+05:30,2123.1,2127.1,2121.9,2125.0,43127,KOTAKBANK
6398,2025-05-08 11:10:00+05:30,2125.1,2125.5,2121.4,2121.69,25824,KOTAKBANK
6399,2025-05-08 11:15:00+05:30,2121.69,2123.1,2121.5,2122.9,19269,KOTAKBANK
6400,2025-05-08 11:20:00+05:30,2122.9,2123.0,2118.3,2119.1,36916,KOTAKBANK
6401,2025-05-08 11:25:00+05:30,2119.0,2121.1,2117.0,2118.69,123543,KOTAKBANK
6402,2025-05-08 11:30:00+05:30,2118.9,2119.4,2118.0,2118.4,10031,KOTAKBANK
6403,2025-05-08 11:35:00+05:30,2118.1,2120.0,2114.0,2118.4,87019,KOTAKBANK
6404,2025-05-08 11:40:00+05:30,2118.4,2118.4,2112.9,2113.6,77962,KOTAKBANK
6405,2025-05-08 11:45:00+05:30,2113.6,2116.4,2113.0,2113.5,30922,KOTAKBANK
6406,2025-05-08 11:50:00+05:30,2113.8,2115.0,2111.5,2112.8,30269,KOTAKBANK
6407,2025-05-08 11:55:00+05:30,2112.9,2115.1,2112.1,2113.1,67280,KOTAKBANK
6408,2025-05-08 12:00:00+05:30,2113.1,2114.19,2111.3,2111.69,31162,KOTAKBANK
6409,2025-05-08 12:05:00+05:30,2111.6,2115.1,2110.6,2114.6,37318,KOTAKBANK
6410,2025-05-08 12:10:00+05:30,2114.4,2117.0,2114.0,2116.4,41315,KOTAKBANK
6411,2025-05-08 12:15:00+05:30,2116.8,2119.4,2113.9,2115.1,42211,KOTAKBANK
6412,2025-05-08 12:20:00+05:30,2115.1,2119.0,2115.0,2118.0,69284,KOTAKBANK
6413,2025-05-08 12:25:00+05:30,2118.19,2120.3,2117.5,2117.6,56687,KOTAKBANK
6414,2025-05-08 12:30:00+05:30,2117.69,2121.0,2116.19,2119.0,55622,KOTAKBANK
6415,2025-05-08 12:35:00+05:30,2118.8,2121.0,2118.1,2121.0,39029,KOTAKBANK
6416,2025-05-08 12:40:00+05:30,2120.8,2121.69,2119.69,2121.6,37595,KOTAKBANK
6417,2025-05-08 12:45:00+05:30,2121.6,2123.0,2119.69,2120.69,64272,KOTAKBANK
6418,2025-05-08 12:50:00+05:30,2120.69,2122.0,2119.0,2119.9,43557,KOTAKBANK
6419,2025-05-08 12:55:00+05:30,2119.9,2120.0,2117.69,2119.4,36969,KOTAKBANK
6420,2025-05-08 13:00:00+05:30,2119.3,2122.5,2118.19,2122.5,68105,KOTAKBANK
6421,2025-05-08 13:05:00+05:30,2122.3,2123.0,2119.6,2120.4,76486,KOTAKBANK
6422,2025-05-08 13:10:00+05:30,2120.4,2121.0,2118.5,2119.4,35249,KOTAKBANK
6423,2025-05-08 13:15:00+05:30,2119.19,2119.69,2116.5,2116.5,53747,KOTAKBANK
6424,2025-05-08 13:20:00+05:30,2116.9,2117.69,2112.19,2115.0,49449,KOTAKBANK
6425,2025-05-08 13:25:00+05:30,2114.9,2117.3,2114.4,2115.8,30666,KOTAKBANK
6426,2025-05-08 13:30:00+05:30,2115.8,2116.19,2113.6,2115.0,38100,KOTAKBANK
6427,2025-05-08 13:35:00+05:30,2115.0,2115.3,2110.69,2112.3,35176,KOTAKBANK
6428,2025-05-08 13:40:00+05:30,2112.0,2112.9,2108.9,2111.8,74697,KOTAKBANK
6429,2025-05-08 13:45:00+05:30,2111.8,2113.5,2109.1,2112.5,89439,KOTAKBANK
6430,2025-05-08 13:50:00+05:30,2112.8,2113.6,2108.3,2109.8,51731,KOTAKBANK
6431,2025-05-08 13:55:00+05:30,2109.9,2110.5,2108.0,2109.3,69172,KOTAKBANK
6432,2025-05-08 14:00:00+05:30,2109.3,2111.69,2108.5,2110.0,75607,KOTAKBANK
6433,2025-05-08 14:05:00+05:30,2110.0,2110.5,2106.0,2106.6,77109,KOTAKBANK
6434,2025-05-08 14:10:00+05:30,2106.6,2109.0,2103.69,2104.9,83611,KOTAKBANK
6435,2025-05-08 14:15:00+05:30,2104.9,2110.3,2102.5,2106.4,75976,KOTAKBANK
6436,2025-05-08 14:20:00+05:30,2106.4,2111.19,2106.4,2109.6,54612,KOTAKBANK
6437,2025-05-08 14:25:00+05:30,2109.6,2111.9,2108.5,2110.0,58161,KOTAKBANK
6438,2025-05-08 14:30:00+05:30,2110.5,2115.0,2110.0,2112.6,73809,KOTAKBANK
6439,2025-05-08 14:35:00+05:30,2112.5,2115.8,2111.4,2113.9,56111,KOTAKBANK
6440,2025-05-08 14:40:00+05:30,2113.9,2116.8,2112.5,2116.1,71432,KOTAKBANK
6441,2025-05-08 14:45:00+05:30,2115.8,2117.4,2110.5,2113.19,106785,KOTAKBANK
6442,2025-05-08 14:50:00+05:30,2112.6,2112.9,2107.8,2108.4,201966,KOTAKBANK
6443,2025-05-08 14:55:00+05:30,2108.3,2110.0,2105.1,2105.3,158600,KOTAKBANK
6444,2025-05-08 15:00:00+05:30,2105.4,2113.69,2104.9,2110.6,347850,KOTAKBANK
6445,2025-05-08 15:05:00+05:30,2110.6,2115.8,2110.6,2113.3,246872,KOTAKBANK
6446,2025-05-08 15:10:00+05:30,2113.3,2119.5,2113.3,2116.3,305896,KOTAKBANK
6447,2025-05-08 15:15:00+05:30,2116.4,2117.4,2110.5,2116.3,333852,KOTAKBANK
6448,2025-05-08 15:20:00+05:30,2116.1,2116.3,2109.69,2110.19,376591,KOTAKBANK
6449,2025-05-08 15:25:00+05:30,2110.19,2111.9,2102.1,2106.19,229069,KOTAKBANK
6450,2025-05-09 09:15:00+05:30,2075.0,2114.1,2075.0,2110.0,197247,KOTAKBANK
6451,2025-05-09 09:20:00+05:30,2110.0,2114.0,2106.6,2111.9,54965,KOTAKBANK
6452,2025-05-09 09:25:00+05:30,2111.8,2120.0,2111.8,2112.6,64587,KOTAKBANK
6453,2025-05-09 09:30:00+05:30,2112.9,2113.19,2099.5,2100.5,59216,KOTAKBANK
6454,2025-05-09 09:35:00+05:30,2100.8,2101.6,2095.0,2098.69,84660,KOTAKBANK
6455,2025-05-09 09:40:00+05:30,2099.0,2100.6,2092.3,2094.1,37127,KOTAKBANK
6456,2025-05-09 09:45:00+05:30,2094.4,2100.69,2092.19,2099.1,199145,KOTAKBANK
6457,2025-05-09 09:50:00+05:30,2099.1,2103.8,2095.6,2097.8,46474,KOTAKBANK
6458,2025-05-09 09:55:00+05:30,2098.0,2101.5,2096.1,2096.5,27634,KOTAKBANK
6459,2025-05-09 10:00:00+05:30,2096.5,2099.5,2095.8,2096.8,29204,KOTAKBANK
6460,2025-05-09 10:05:00+05:30,2096.4,2100.8,2095.0,2100.0,37719,KOTAKBANK
6461,2025-05-09 10:10:00+05:30,2100.0,2105.9,2100.0,2105.0,29063,KOTAKBANK
6462,2025-05-09 10:15:00+05:30,2105.0,2108.4,2100.9,2101.3,26957,KOTAKBANK
6463,2025-05-09 10:20:00+05:30,2101.4,2104.3,2100.0,2103.0,37033,KOTAKBANK
6464,2025-05-09 10:25:00+05:30,2103.0,2104.4,2101.69,2103.19,26589,KOTAKBANK
6465,2025-05-09 10:30:00+05:30,2103.4,2105.0,2103.0,2103.6,6778,KOTAKBANK
6466,2025-05-09 10:35:00+05:30,2103.0,2103.6,2100.0,2100.0,21228,KOTAKBANK
6467,2025-05-09 10:40:00+05:30,2100.0,2102.0,2100.0,2102.0,25345,KOTAKBANK
6468,2025-05-09 10:45:00+05:30,2102.0,2104.19,2100.6,2101.1,34642,KOTAKBANK
6469,2025-05-09 10:50:00+05:30,2101.1,2102.4,2099.9,2100.6,16885,KOTAKBANK
6470,2025-05-09 10:55:00+05:30,2100.0,2102.0,2099.8,2100.5,46921,KOTAKBANK
6471,2025-05-09 11:00:00+05:30,2100.9,2104.19,2100.5,2103.6,14027,KOTAKBANK
6472,2025-05-09 11:05:00+05:30,2103.6,2103.69,2100.3,2100.3,8166,KOTAKBANK
6473,2025-05-09 11:10:00+05:30,2100.3,2102.5,2100.1,2100.5,29892,KOTAKBANK
6474,2025-05-09 11:15:00+05:30,2100.69,2102.1,2100.0,2100.0,14297,KOTAKBANK
6475,2025-05-09 11:20:00+05:30,2100.19,2100.9,2100.0,2100.1,27854,KOTAKBANK
6476,2025-05-09 11:25:00+05:30,2100.1,2104.9,2100.1,2104.9,15986,KOTAKBANK
6477,2025-05-09 11:30:00+05:30,2104.0,2107.0,2100.0,2102.0,186549,KOTAKBANK
6478,2025-05-09 11:35:00+05:30,2102.19,2103.0,2101.0,2101.0,37638,KOTAKBANK
6479,2025-05-09 11:40:00+05:30,2101.0,2102.4,2100.0,2100.5,436003,KOTAKBANK
6480,2025-05-09 11:45:00+05:30,2100.5,2101.0,2099.9,2100.0,32717,KOTAKBANK
6481,2025-05-09 11:50:00+05:30,2100.0,2100.8,2100.0,2100.5,9386,KOTAKBANK
6482,2025-05-09 11:55:00+05:30,2100.1,2102.8,2100.0,2102.0,50310,KOTAKBANK
6483,2025-05-09 12:00:00+05:30,2102.0,2102.6,2100.0,2101.0,66010,KOTAKBANK
6484,2025-05-09 12:05:00+05:30,2101.0,2101.1,2100.0,2100.9,10308,KOTAKBANK
6485,2025-05-09 12:10:00+05:30,2100.4,2100.6,2100.0,2100.1,18126,KOTAKBANK
6486,2025-05-09 12:15:00+05:30,2100.19,2101.5,2098.4,2100.0,88104,KOTAKBANK
6487,2025-05-09 12:20:00+05:30,2100.0,2100.69,2100.0,2100.1,38737,KOTAKBANK
6488,2025-05-09 12:25:00+05:30,2100.0,2101.0,2099.9,2100.6,41916,KOTAKBANK
6489,2025-05-09 12:30:00+05:30,2100.3,2101.19,2100.0,2100.19,52511,KOTAKBANK
6490,2025-05-09 12:35:00+05:30,2100.1,2102.9,2100.1,2101.9,13967,KOTAKBANK
6491,2025-05-09 12:40:00+05:30,2101.4,2102.4,2100.6,2102.0,13475,KOTAKBANK
6492,2025-05-09 12:45:00+05:30,2102.0,2102.5,2100.69,2102.0,6903,KOTAKBANK
6493,2025-05-09 12:50:00+05:30,2101.4,2104.1,2101.4,2103.69,10386,KOTAKBANK
6494,2025-05-09 12:55:00+05:30,2103.1,2105.5,2102.1,2105.19,20439,KOTAKBANK
6495,2025-05-09 13:00:00+05:30,2105.4,2105.8,2103.4,2104.0,17346,KOTAKBANK
6496,2025-05-09 13:05:00+05:30,2104.3,2104.9,2103.0,2103.1,13271,KOTAKBANK
6497,2025-05-09 13:10:00+05:30,2103.0,2105.0,2102.1,2103.19,23946,KOTAKBANK
6498,2025-05-09 13:15:00+05:30,2102.69,2104.9,2102.0,2104.19,29248,KOTAKBANK
6499,2025-05-09 13:20:00+05:30,2103.6,2105.19,2101.0,2102.0,16162,KOTAKBANK
6500,2025-05-09 13:25:00+05:30,2101.8,2103.5,2100.1,2102.0,84010,KOTAKBANK
6501,2025-05-09 13:30:00+05:30,2101.0,2105.0,2101.0,2102.69,12921,KOTAKBANK
6502,2025-05-09 13:35:00+05:30,2102.5,2104.3,2101.9,2103.5,10514,KOTAKBANK
6503,2025-05-09 13:40:00+05:30,2104.3,2106.0,2103.3,2104.1,28008,KOTAKBANK
6504,2025-05-09 13:45:00+05:30,2103.3,2105.5,2102.5,2102.5,17192,KOTAKBANK
6505,2025-05-09 13:50:00+05:30,2102.5,2104.8,2102.19,2103.69,22026,KOTAKBANK
6506,2025-05-09 13:55:00+05:30,2103.9,2104.69,2101.8,2103.4,17709,KOTAKBANK
6507,2025-05-09 14:00:00+05:30,2103.3,2104.8,2103.0,2103.6,21162,KOTAKBANK
6508,2025-05-09 14:05:00+05:30,2103.6,2104.6,2102.1,2104.1,22000,KOTAKBANK
6509,2025-05-09 14:10:00+05:30,2103.69,2104.6,2102.4,2102.5,16559,KOTAKBANK
6510,2025-05-09 14:15:00+05:30,2103.6,2106.8,2103.3,2105.5,20545,KOTAKBANK
6511,2025-05-09 14:20:00+05:30,2105.19,2106.19,2100.5,2101.5,22483,KOTAKBANK
6512,2025-05-09 14:25:00+05:30,2101.3,2102.0,2100.0,2100.9,29517,KOTAKBANK
6513,2025-05-09 14:30:00+05:30,2100.9,2103.8,2100.1,2103.3,25258,KOTAKBANK
6514,2025-05-09 14:35:00+05:30,2103.3,2103.9,2101.1,2102.6,26835,KOTAKBANK
6515,2025-05-09 14:40:00+05:30,2102.4,2103.8,2101.0,2102.9,23788,KOTAKBANK
6516,2025-05-09 14:45:00+05:30,2102.8,2105.0,2102.1,2103.3,42848,KOTAKBANK
6517,2025-05-09 14:50:00+05:30,2102.4,2106.1,2102.3,2103.6,27628,KOTAKBANK
6518,2025-05-09 14:55:00+05:30,2103.6,2105.5,2102.5,2105.5,37089,KOTAKBANK
6519,2025-05-09 15:00:00+05:30,2104.9,2105.5,2100.5,2102.69,307416,KOTAKBANK
6520,2025-05-09 15:05:00+05:30,2102.69,2104.0,2100.0,2102.5,418096,KOTAKBANK
6521,2025-05-09 15:10:00+05:30,2102.5,2104.3,2101.6,2104.0,313637,KOTAKBANK
6522,2025-05-09 15:15:00+05:30,2104.0,2104.3,2100.1,2104.0,280465,KOTAKBANK
6523,2025-05-09 15:20:00+05:30,2103.8,2104.9,2100.6,2104.0,202024,KOTAKBANK
6524,2025-05-09 15:25:00+05:30,2103.3,2109.5,2102.19,2106.6,169992,KOTAKBANK
6525,2025-05-12 09:15:00+05:30,2134.0,2155.0,2126.1,2151.3,232208,KOTAKBANK
6526,2025-05-12 09:20:00+05:30,2151.19,2157.8,2150.0,2151.9,83360,KOTAKBANK
6527,2025-05-12 09:25:00+05:30,2151.9,2162.69,2151.9,2160.5,56395,KOTAKBANK
6528,2025-05-12 09:30:00+05:30,2161.3,2161.5,2155.19,2156.5,50182,KOTAKBANK
6529,2025-05-12 09:35:00+05:30,2156.9,2158.5,2152.3,2153.4,43559,KOTAKBANK
6530,2025-05-12 09:40:00+05:30,2153.4,2155.9,2151.1,2151.1,39799,KOTAKBANK
6531,2025-05-12 09:45:00+05:30,2151.3,2155.69,2151.19,2154.4,23958,KOTAKBANK
6532,2025-05-12 09:50:00+05:30,2154.4,2160.0,2154.0,2157.8,33731,KOTAKBANK
6533,2025-05-12 09:55:00+05:30,2158.0,2163.6,2156.19,2162.0,32739,KOTAKBANK
6534,2025-05-12 10:00:00+05:30,2162.0,2162.0,2159.3,2160.6,61183,KOTAKBANK
6535,2025-05-12 10:05:00+05:30,2160.6,2161.0,2156.6,2156.6,35246,KOTAKBANK
6536,2025-05-12 10:10:00+05:30,2156.6,2157.5,2154.1,2156.6,21702,KOTAKBANK
6537,2025-05-12 10:15:00+05:30,2156.5,2160.0,2155.1,2159.4,14633,KOTAKBANK
6538,2025-05-12 10:20:00+05:30,2159.4,2163.0,2159.4,2162.6,12316,KOTAKBANK
6539,2025-05-12 10:25:00+05:30,2162.6,2163.0,2160.0,2160.1,15717,KOTAKBANK
6540,2025-05-12 10:30:00+05:30,2160.1,2161.0,2158.1,2158.19,12959,KOTAKBANK
6541,2025-05-12 10:35:00+05:30,2158.19,2161.0,2157.69,2158.1,16288,KOTAKBANK
6542,2025-05-12 10:40:00+05:30,2158.1,2160.0,2157.19,2158.9,14196,KOTAKBANK
6543,2025-05-12 10:45:00+05:30,2158.9,2159.4,2155.1,2157.5,17626,KOTAKBANK
6544,2025-05-12 10:50:00+05:30,2157.5,2160.6,2156.9,2159.1,24300,KOTAKBANK
6545,2025-05-12 10:55:00+05:30,2159.5,2160.8,2157.69,2160.0,22770,KOTAKBANK
6546,2025-05-12 11:00:00+05:30,2160.0,2160.6,2158.6,2159.9,22958,KOTAKBANK
6547,2025-05-12 11:05:00+05:30,2159.9,2161.4,2158.4,2161.4,37362,KOTAKBANK
6548,2025-05-12 11:10:00+05:30,2161.4,2161.8,2158.8,2159.3,274197,KOTAKBANK
6549,2025-05-12 11:15:00+05:30,2159.3,2160.5,2154.69,2155.4,9593,KOTAKBANK
6550,2025-05-12 11:20:00+05:30,2155.4,2157.9,2153.69,2155.8,13705,KOTAKBANK
6551,2025-05-12 11:25:00+05:30,2155.8,2158.5,2152.0,2152.19,13565,KOTAKBANK
6552,2025-05-12 11:30:00+05:30,2152.19,2152.19,2147.69,2150.0,27747,KOTAKBANK
6553,2025-05-12 11:35:00+05:30,2150.0,2152.19,2146.0,2147.3,15144,KOTAKBANK
6554,2025-05-12 11:40:00+05:30,2147.5,2150.0,2146.4,2149.6,11572,KOTAKBANK
6555,2025-05-12 11:45:00+05:30,2149.6,2150.0,2146.4,2148.0,11167,KOTAKBANK
6556,2025-05-12 11:50:00+05:30,2148.0,2149.0,2146.9,2147.1,9912,KOTAKBANK
6557,2025-05-12 11:55:00+05:30,2147.1,2148.6,2143.69,2144.3,12172,KOTAKBANK
6558,2025-05-12 12:00:00+05:30,2144.3,2146.0,2142.0,2144.1,12812,KOTAKBANK
6559,2025-05-12 12:05:00+05:30,2144.1,2144.3,2141.69,2141.69,9820,KOTAKBANK
6560,2025-05-12 12:10:00+05:30,2141.8,2142.9,2140.8,2140.9,8687,KOTAKBANK
6561,2025-05-12 12:15:00+05:30,2141.1,2142.3,2139.8,2140.6,15940,KOTAKBANK
6562,2025-05-12 12:20:00+05:30,2140.6,2141.6,2138.6,2138.6,9047,KOTAKBANK
6563,2025-05-12 12:25:00+05:30,2138.6,2141.6,2138.6,2140.9,8974,KOTAKBANK
6564,2025-05-12 12:30:00+05:30,2140.9,2149.69,2140.9,2148.4,14633,KOTAKBANK
6565,2025-05-12 12:35:00+05:30,2148.4,2151.0,2147.4,2149.6,20392,KOTAKBANK
6566,2025-05-12 12:40:00+05:30,2149.6,2150.69,2147.8,2148.6,12944,KOTAKBANK
6567,2025-05-12 12:45:00+05:30,2148.69,2150.0,2147.8,2149.69,12645,KOTAKBANK
6568,2025-05-12 12:50:00+05:30,2149.69,2152.5,2147.8,2152.19,61513,KOTAKBANK
6569,2025-05-12 12:55:00+05:30,2152.19,2153.5,2149.19,2150.0,29549,KOTAKBANK
6570,2025-05-12 13:00:00+05:30,2150.0,2151.6,2149.9,2150.19,30772,KOTAKBANK
6571,2025-05-12 13:05:00+05:30,2150.3,2151.0,2148.0,2150.0,48433,KOTAKBANK
6572,2025-05-12 13:10:00+05:30,2150.19,2150.69,2143.0,2143.1,62446,KOTAKBANK
6573,2025-05-12 13:15:00+05:30,2143.1,2143.8,2139.3,2140.0,39088,KOTAKBANK
6574,2025-05-12 13:20:00+05:30,2140.0,2142.3,2138.9,2141.9,20905,KOTAKBANK
6575,2025-05-12 13:25:00+05:30,2141.9,2142.9,2138.19,2139.1,19297,KOTAKBANK
6576,2025-05-12 13:30:00+05:30,2139.0,2141.4,2138.3,2139.1,16768,KOTAKBANK
6577,2025-05-12 13:35:00+05:30,2139.1,2140.0,2135.0,2137.4,42384,KOTAKBANK
6578,2025-05-12 13:40:00+05:30,2137.4,2137.69,2135.4,2135.69,38893,KOTAKBANK
6579,2025-05-12 13:45:00+05:30,2135.69,2137.5,2134.0,2134.6,40000,KOTAKBANK
6580,2025-05-12 13:50:00+05:30,2134.6,2135.1,2131.19,2132.6,52630,KOTAKBANK
6581,2025-05-12 13:55:00+05:30,2132.69,2136.8,2132.4,2136.4,29718,KOTAKBANK
6582,2025-05-12 14:00:00+05:30,2136.4,2136.69,2134.1,2135.0,26243,KOTAKBANK
6583,2025-05-12 14:05:00+05:30,2135.0,2135.69,2132.5,2133.0,29842,KOTAKBANK
6584,2025-05-12 14:10:00+05:30,2133.0,2136.19,2132.69,2135.3,39990,KOTAKBANK
6585,2025-05-12 14:15:00+05:30,2135.6,2140.1,2135.0,2138.1,43497,KOTAKBANK
6586,2025-05-12 14:20:00+05:30,2138.1,2139.0,2135.5,2136.5,30246,KOTAKBANK
6587,2025-05-12 14:25:00+05:30,2136.5,2138.4,2135.0,2135.9,31302,KOTAKBANK
6588,2025-05-12 14:30:00+05:30,2135.9,2138.5,2135.4,2136.4,29736,KOTAKBANK
6589,2025-05-12 14:35:00+05:30,2136.4,2139.0,2135.19,2138.5,49262,KOTAKBANK
6590,2025-05-12 14:40:00+05:30,2138.5,2139.19,2135.3,2135.6,32737,KOTAKBANK
6591,2025-05-12 14:45:00+05:30,2135.5,2136.5,2134.5,2136.0,30772,KOTAKBANK
6592,2025-05-12 14:50:00+05:30,2136.0,2139.0,2134.6,2137.6,29960,KOTAKBANK
6593,2025-05-12 14:55:00+05:30,2137.6,2140.0,2136.8,2138.3,61379,KOTAKBANK
6594,2025-05-12 15:00:00+05:30,2138.8,2139.5,2137.8,2138.4,43014,KOTAKBANK
6595,2025-05-12 15:05:00+05:30,2138.3,2141.8,2138.0,2139.3,110685,KOTAKBANK
6596,2025-05-12 15:10:00+05:30,2139.3,2146.5,2139.3,2145.9,124148,KOTAKBANK
6597,2025-05-12 15:15:00+05:30,2145.9,2150.0,2145.0,2148.9,145216,KOTAKBANK
6598,2025-05-12 15:20:00+05:30,2148.69,2154.0,2148.69,2151.8,110841,KOTAKBANK
6599,2025-05-12 15:25:00+05:30,2152.5,2152.5,2142.8,2143.0,67833,KOTAKBANK
6600,2025-05-13 09:15:00+05:30,2135.0,2146.1,2124.0,2126.4,141315,KOTAKBANK
6601,2025-05-13 09:20:00+05:30,2126.19,2127.9,2120.0,2121.5,30196,KOTAKBANK
6602,2025-05-13 09:25:00+05:30,2121.19,2124.3,2113.0,2113.0,43396,KOTAKBANK
6603,2025-05-13 09:30:00+05:30,2113.0,2113.69,2106.3,2110.6,67023,KOTAKBANK
6604,2025-05-13 09:35:00+05:30,2110.8,2125.6,2110.8,2122.69,42470,KOTAKBANK
6605,2025-05-13 09:40:00+05:30,2122.9,2123.6,2113.0,2113.1,41454,KOTAKBANK
6606,2025-05-13 09:45:00+05:30,2113.1,2113.5,2106.0,2107.5,51012,KOTAKBANK
6607,2025-05-13 09:50:00+05:30,2107.5,2113.5,2105.3,2112.6,23377,KOTAKBANK
6608,2025-05-13 09:55:00+05:30,2112.3,2113.3,2109.69,2109.9,21152,KOTAKBANK
6609,2025-05-13 10:00:00+05:30,2109.9,2110.8,2106.1,2106.5,29510,KOTAKBANK
6610,2025-05-13 10:05:00+05:30,2106.6,2112.8,2106.5,2112.8,25546,KOTAKBANK
6611,2025-05-13 10:10:00+05:30,2112.8,2119.0,2112.8,2115.8,35011,KOTAKBANK
6612,2025-05-13 10:15:00+05:30,2116.1,2117.9,2114.0,2114.6,12621,KOTAKBANK
6613,2025-05-13 10:20:00+05:30,2114.6,2115.8,2108.1,2109.1,110360,KOTAKBANK
6614,2025-05-13 10:25:00+05:30,2109.4,2111.3,2105.0,2105.3,57246,KOTAKBANK
6615,2025-05-13 10:30:00+05:30,2105.0,2106.1,2101.1,2103.8,48055,KOTAKBANK
6616,2025-05-13 10:35:00+05:30,2104.19,2105.8,2102.1,2105.6,17516,KOTAKBANK
6617,2025-05-13 10:40:00+05:30,2105.19,2108.19,2104.6,2107.9,29168,KOTAKBANK
6618,2025-05-13 10:45:00+05:30,2107.8,2111.5,2107.8,2110.9,91908,KOTAKBANK
6619,2025-05-13 10:50:00+05:30,2110.9,2116.19,2110.0,2112.3,32534,KOTAKBANK
6620,2025-05-13 10:55:00+05:30,2112.0,2116.0,2110.0,2115.9,10559,KOTAKBANK
6621,2025-05-13 11:00:00+05:30,2115.4,2125.0,2115.0,2121.19,48941,KOTAKBANK
6622,2025-05-13 11:05:00+05:30,2121.19,2121.3,2116.0,2117.5,20607,KOTAKBANK
6623,2025-05-13 11:10:00+05:30,2116.9,2118.0,2112.4,2113.5,23391,KOTAKBANK
6624,2025-05-13 11:15:00+05:30,2113.5,2121.0,2113.5,2119.9,27479,KOTAKBANK
6625,2025-05-13 11:20:00+05:30,2119.9,2120.8,2116.5,2118.1,24377,KOTAKBANK
6626,2025-05-13 11:25:00+05:30,2118.1,2124.0,2117.69,2123.0,35425,KOTAKBANK
6627,2025-05-13 11:30:00+05:30,2122.6,2125.0,2120.19,2123.5,40949,KOTAKBANK
6628,2025-05-13 11:35:00+05:30,2123.5,2123.69,2120.5,2122.0,34442,KOTAKBANK
6629,2025-05-13 11:40:00+05:30,2121.9,2125.0,2121.0,2122.0,18836,KOTAKBANK
6630,2025-05-13 11:45:00+05:30,2122.0,2125.0,2118.4,2120.8,33055,KOTAKBANK
6631,2025-05-13 11:50:00+05:30,2120.8,2122.69,2118.1,2121.9,27579,KOTAKBANK
6632,2025-05-13 11:55:00+05:30,2121.6,2123.8,2121.0,2121.0,30193,KOTAKBANK
6633,2025-05-13 12:00:00+05:30,2121.0,2122.3,2114.4,2115.69,45456,KOTAKBANK
6634,2025-05-13 12:05:00+05:30,2115.69,2120.8,2115.0,2118.4,27977,KOTAKBANK
6635,2025-05-13 12:10:00+05:30,2118.4,2120.9,2116.5,2116.5,29632,KOTAKBANK
6636,2025-05-13 12:15:00+05:30,2116.69,2118.1,2111.8,2113.1,55267,KOTAKBANK
6637,2025-05-13 12:20:00+05:30,2112.5,2112.6,2109.69,2110.19,70760,KOTAKBANK
6638,2025-05-13 12:25:00+05:30,2110.19,2114.19,2109.9,2113.8,56650,KOTAKBANK
6639,2025-05-13 12:30:00+05:30,2113.8,2115.8,2110.0,2111.4,71797,KOTAKBANK
6640,2025-05-13 12:35:00+05:30,2111.4,2113.6,2110.0,2111.8,67424,KOTAKBANK
6641,2025-05-13 12:40:00+05:30,2111.8,2112.4,2110.0,2110.6,67609,KOTAKBANK
6642,2025-05-13 12:45:00+05:30,2110.6,2112.69,2109.9,2110.0,64050,KOTAKBANK
6643,2025-05-13 12:50:00+05:30,2110.19,2110.6,2106.6,2106.6,104925,KOTAKBANK
6644,2025-05-13 12:55:00+05:30,2106.6,2108.4,2104.8,2107.4,83979,KOTAKBANK
6645,2025-05-13 13:00:00+05:30,2108.0,2110.8,2106.5,2107.1,73413,KOTAKBANK
6646,2025-05-13 13:05:00+05:30,2108.0,2109.8,2106.1,2107.1,55679,KOTAKBANK
6647,2025-05-13 13:10:00+05:30,2107.3,2107.6,2105.1,2106.19,42244,KOTAKBANK
6648,2025-05-13 13:15:00+05:30,2106.3,2107.6,2103.8,2103.9,55070,KOTAKBANK
6649,2025-05-13 13:20:00+05:30,2103.8,2106.0,2103.4,2104.0,42524,KOTAKBANK
6650,2025-05-13 13:25:00+05:30,2103.5,2106.8,2103.5,2104.4,37220,KOTAKBANK
6651,2025-05-13 13:30:00+05:30,2104.19,2107.8,2103.19,2105.19,77830,KOTAKBANK
6652,2025-05-13 13:35:00+05:30,2105.3,2107.0,2104.8,2105.69,36271,KOTAKBANK
6653,2025-05-13 13:40:00+05:30,2106.19,2108.8,2105.5,2106.0,42251,KOTAKBANK
6654,2025-05-13 13:45:00+05:30,2106.3,2107.19,2105.4,2106.5,28036,KOTAKBANK
6655,2025-05-13 13:50:00+05:30,2106.5,2108.19,2106.0,2106.19,37276,KOTAKBANK
6656,2025-05-13 13:55:00+05:30,2106.5,2108.0,2106.1,2106.6,39612,KOTAKBANK
6657,2025-05-13 14:00:00+05:30,2106.6,2107.9,2105.1,2106.4,54946,KOTAKBANK
6658,2025-05-13 14:05:00+05:30,2106.19,2109.6,2106.19,2108.3,36321,KOTAKBANK
6659,2025-05-13 14:10:00+05:30,2108.3,2108.4,2105.3,2106.3,67574,KOTAKBANK
6660,2025-05-13 14:15:00+05:30,2106.3,2107.1,2103.0,2103.1,73781,KOTAKBANK
6661,2025-05-13 14:20:00+05:30,2103.1,2107.6,2102.8,2106.8,64685,KOTAKBANK
6662,2025-05-13 14:25:00+05:30,2106.8,2109.6,2106.1,2107.5,81537,KOTAKBANK
6663,2025-05-13 14:30:00+05:30,2107.5,2110.0,2106.69,2108.6,57341,KOTAKBANK
6664,2025-05-13 14:35:00+05:30,2108.8,2111.9,2107.3,2111.4,52259,KOTAKBANK
6665,2025-05-13 14:40:00+05:30,2112.0,2112.0,2108.0,2108.1,49078,KOTAKBANK
6666,2025-05-13 14:45:00+05:30,2108.9,2112.5,2107.69,2109.9,98203,KOTAKBANK
6667,2025-05-13 14:50:00+05:30,2110.0,2113.6,2109.9,2110.1,93760,KOTAKBANK
6668,2025-05-13 14:55:00+05:30,2110.1,2111.9,2107.6,2110.5,72611,KOTAKBANK
6669,2025-05-13 15:00:00+05:30,2110.8,2114.69,2110.0,2112.19,167306,KOTAKBANK
6670,2025-05-13 15:05:00+05:30,2112.69,2115.3,2110.1,2113.6,157709,KOTAKBANK
6671,2025-05-13 15:10:00+05:30,2113.5,2116.0,2112.19,2115.6,131450,KOTAKBANK
6672,2025-05-13 15:15:00+05:30,2115.6,2120.69,2115.6,2118.0,159953,KOTAKBANK
6673,2025-05-13 15:20:00+05:30,2118.1,2119.5,2115.5,2117.6,147287,KOTAKBANK
6674,2025-05-13 15:25:00+05:30,2117.6,2120.0,2116.1,2119.0,99293,KOTAKBANK
6675,2025-05-14 09:15:00+05:30,2111.0,2119.9,2110.3,2115.0,83648,KOTAKBANK
6676,2025-05-14 09:20:00+05:30,2115.0,2116.5,2112.5,2113.8,16577,KOTAKBANK
6677,2025-05-14 09:25:00+05:30,2113.3,2115.69,2113.0,2114.69,16588,KOTAKBANK
6678,2025-05-14 09:30:00+05:30,2114.69,2115.0,2108.8,2108.9,17050,KOTAKBANK
6679,2025-05-14 09:35:00+05:30,2109.4,2111.69,2108.8,2110.5,7474,KOTAKBANK
6680,2025-05-14 09:40:00+05:30,2110.0,2118.4,2110.0,2117.5,37987,KOTAKBANK
6681,2025-05-14 09:45:00+05:30,2117.4,2119.0,2114.19,2116.4,23806,KOTAKBANK
6682,2025-05-14 09:50:00+05:30,2116.1,2116.1,2111.6,2113.9,21093,KOTAKBANK
6683,2025-05-14 09:55:00+05:30,2113.8,2117.9,2112.3,2116.0,17191,KOTAKBANK
6684,2025-05-14 10:00:00+05:30,2116.0,2118.69,2114.4,2114.5,16179,KOTAKBANK
6685,2025-05-14 10:05:00+05:30,2114.5,2118.8,2114.5,2117.19,23719,KOTAKBANK
6686,2025-05-14 10:10:00+05:30,2116.9,2118.0,2115.19,2117.6,17223,KOTAKBANK
6687,2025-05-14 10:15:00+05:30,2117.6,2118.9,2115.4,2117.1,9714,KOTAKBANK
6688,2025-05-14 10:20:00+05:30,2116.5,2117.9,2114.0,2114.9,11205,KOTAKBANK
6689,2025-05-14 10:25:00+05:30,2114.9,2115.6,2113.1,2114.9,10933,KOTAKBANK
6690,2025-05-14 10:30:00+05:30,2114.9,2115.19,2113.0,2113.5,5734,KOTAKBANK
6691,2025-05-14 10:35:00+05:30,2113.5,2114.0,2110.0,2110.8,33878,KOTAKBANK
6692,2025-05-14 10:40:00+05:30,2110.8,2113.9,2110.4,2112.69,49006,KOTAKBANK
6693,2025-05-14 10:45:00+05:30,2112.69,2112.9,2111.19,2111.19,7698,KOTAKBANK
6694,2025-05-14 10:50:00+05:30,2111.19,2111.3,2105.1,2107.5,46428,KOTAKBANK
6695,2025-05-14 10:55:00+05:30,2107.5,2109.0,2105.3,2107.3,28159,KOTAKBANK
6696,2025-05-14 11:00:00+05:30,2107.4,2109.4,2106.69,2108.9,8007,KOTAKBANK
6697,2025-05-14 11:05:00+05:30,2108.9,2110.0,2107.0,2107.6,27393,KOTAKBANK
6698,2025-05-14 11:10:00+05:30,2107.69,2109.8,2106.5,2107.4,50948,KOTAKBANK
6699,2025-05-14 11:15:00+05:30,2107.4,2108.8,2106.5,2107.8,5476,KOTAKBANK
6700,2025-05-14 11:20:00+05:30,2107.6,2107.6,2105.0,2107.4,22918,KOTAKBANK
6701,2025-05-14 11:25:00+05:30,2107.4,2111.3,2107.19,2110.1,11670,KOTAKBANK
6702,2025-05-14 11:30:00+05:30,2110.0,2110.5,2108.6,2108.8,6848,KOTAKBANK
6703,2025-05-14 11:35:00+05:30,2108.69,2109.0,2107.19,2108.5,12181,KOTAKBANK
6704,2025-05-14 11:40:00+05:30,2107.9,2109.19,2105.5,2107.19,16548,KOTAKBANK
6705,2025-05-14 11:45:00+05:30,2106.8,2107.3,2102.1,2103.19,49971,KOTAKBANK
6706,2025-05-14 11:50:00+05:30,2103.19,2105.4,2102.0,2104.4,13896,KOTAKBANK
6707,2025-05-14 11:55:00+05:30,2104.1,2105.8,2104.0,2104.6,6669,KOTAKBANK
6708,2025-05-14 12:00:00+05:30,2104.4,2105.6,2103.0,2103.3,9237,KOTAKBANK
6709,2025-05-14 12:05:00+05:30,2103.3,2103.9,2099.8,2100.0,78833,KOTAKBANK
6710,2025-05-14 12:10:00+05:30,2100.0,2101.69,2097.9,2099.6,43715,KOTAKBANK
6711,2025-05-14 12:15:00+05:30,2099.6,2100.69,2099.0,2099.8,19814,KOTAKBANK
6712,2025-05-14 12:20:00+05:30,2099.9,2099.9,2099.1,2099.4,6410,KOTAKBANK
6713,2025-05-14 12:25:00+05:30,2099.4,2099.69,2096.5,2098.1,13516,KOTAKBANK
6714,2025-05-14 12:30:00+05:30,2098.4,2098.5,2096.6,2096.8,11185,KOTAKBANK
6715,2025-05-14 12:35:00+05:30,2096.8,2098.0,2092.0,2092.9,38040,KOTAKBANK
6716,2025-05-14 12:40:00+05:30,2093.1,2095.69,2092.0,2094.5,15437,KOTAKBANK
6717,2025-05-14 12:45:00+05:30,2094.5,2095.4,2092.5,2093.0,26495,KOTAKBANK
6718,2025-05-14 12:50:00+05:30,2092.5,2092.8,2087.69,2089.3,68289,KOTAKBANK
6719,2025-05-14 12:55:00+05:30,2089.3,2089.9,2087.1,2088.3,29596,KOTAKBANK
6720,2025-05-14 13:00:00+05:30,2088.6,2095.0,2088.0,2092.9,28133,KOTAKBANK
6721,2025-05-14 13:05:00+05:30,2092.6,2094.9,2092.1,2094.4,23916,KOTAKBANK
6722,2025-05-14 13:10:00+05:30,2094.9,2095.0,2091.19,2091.69,29644,KOTAKBANK
6723,2025-05-14 13:15:00+05:30,2091.69,2093.8,2090.1,2092.0,14514,KOTAKBANK
6724,2025-05-14 13:20:00+05:30,2092.0,2093.19,2091.0,2093.0,19963,KOTAKBANK
6725,2025-05-14 13:25:00+05:30,2093.0,2094.3,2091.3,2092.1,25796,KOTAKBANK
6726,2025-05-14 13:30:00+05:30,2092.1,2093.0,2091.0,2093.0,11948,KOTAKBANK
6727,2025-05-14 13:35:00+05:30,2093.0,2093.0,2090.19,2091.5,11108,KOTAKBANK
6728,2025-05-14 13:40:00+05:30,2091.5,2093.4,2090.6,2091.8,12015,KOTAKBANK
6729,2025-05-14 13:45:00+05:30,2091.69,2092.9,2090.19,2092.1,19502,KOTAKBANK
6730,2025-05-14 13:50:00+05:30,2092.1,2092.9,2090.19,2092.19,14400,KOTAKBANK
6731,2025-05-14 13:55:00+05:30,2092.3,2092.69,2090.3,2091.1,10276,KOTAKBANK
6732,2025-05-14 14:00:00+05:30,2091.1,2092.8,2090.4,2091.8,11511,KOTAKBANK
6733,2025-05-14 14:05:00+05:30,2091.69,2093.9,2090.5,2093.5,13266,KOTAKBANK
6734,2025-05-14 14:10:00+05:30,2093.5,2093.8,2091.6,2093.1,8284,KOTAKBANK
6735,2025-05-14 14:15:00+05:30,2092.6,2093.1,2090.3,2092.19,11349,KOTAKBANK
6736,2025-05-14 14:20:00+05:30,2092.19,2093.19,2091.8,2093.19,11051,KOTAKBANK
6737,2025-05-14 14:25:00+05:30,2093.19,2093.19,2087.0,2087.9,41499,KOTAKBANK
6738,2025-05-14 14:30:00+05:30,2088.0,2088.4,2084.1,2085.3,87031,KOTAKBANK
6739,2025-05-14 14:35:00+05:30,2085.3,2087.9,2085.3,2086.5,19522,KOTAKBANK
6740,2025-05-14 14:40:00+05:30,2087.1,2091.6,2086.6,2087.0,43144,KOTAKBANK
6741,2025-05-14 14:45:00+05:30,2087.1,2088.4,2084.6,2084.69,45309,KOTAKBANK
6742,2025-05-14 14:50:00+05:30,2084.69,2088.8,2084.0,2088.0,25877,KOTAKBANK
6743,2025-05-14 14:55:00+05:30,2088.3,2089.1,2087.6,2088.19,15945,KOTAKBANK
6744,2025-05-14 15:00:00+05:30,2088.19,2091.0,2087.0,2091.0,42695,KOTAKBANK
6745,2025-05-14 15:05:00+05:30,2091.0,2095.5,2090.9,2094.5,103218,KOTAKBANK
6746,2025-05-14 15:10:00+05:30,2094.4,2094.5,2089.9,2092.5,73484,KOTAKBANK
6747,2025-05-14 15:15:00+05:30,2092.5,2093.0,2090.8,2093.0,69216,KOTAKBANK
6748,2025-05-14 15:20:00+05:30,2093.0,2096.19,2088.8,2090.1,103146,KOTAKBANK
6749,2025-05-14 15:25:00+05:30,2090.4,2096.4,2090.0,2091.9,94775,KOTAKBANK
6750,2025-05-15 09:15:00+05:30,2085.1,2093.1,2082.8,2083.4,124018,KOTAKBANK
6751,2025-05-15 09:20:00+05:30,2082.8,2085.69,2078.3,2080.1,113279,KOTAKBANK
6752,2025-05-15 09:25:00+05:30,2079.6,2082.5,2078.5,2079.4,54943,KOTAKBANK
6753,2025-05-15 09:30:00+05:30,2079.5,2081.4,2076.6,2076.6,52444,KOTAKBANK
6754,2025-05-15 09:35:00+05:30,2076.6,2076.8,2072.8,2072.8,66995,KOTAKBANK
6755,2025-05-15 09:40:00+05:30,2072.8,2074.3,2069.0,2070.3,78711,KOTAKBANK
6756,2025-05-15 09:45:00+05:30,2070.1,2071.4,2065.8,2068.9,117053,KOTAKBANK
6757,2025-05-15 09:50:00+05:30,2068.9,2072.9,2067.4,2069.5,45991,KOTAKBANK
6758,2025-05-15 09:55:00+05:30,2069.5,2072.0,2068.8,2071.19,34167,KOTAKBANK
6759,2025-05-15 10:00:00+05:30,2071.19,2071.5,2067.4,2067.69,36968,KOTAKBANK
6760,2025-05-15 10:05:00+05:30,2067.8,2069.69,2065.4,2068.5,51566,KOTAKBANK
6761,2025-05-15 10:10:00+05:30,2068.5,2071.0,2068.1,2071.0,51508,KOTAKBANK
6762,2025-05-15 10:15:00+05:30,2070.9,2072.69,2069.3,2069.9,30676,KOTAKBANK
6763,2025-05-15 10:20:00+05:30,2070.1,2072.5,2068.4,2071.9,26349,KOTAKBANK
6764,2025-05-15 10:25:00+05:30,2071.9,2075.0,2070.9,2073.5,27364,KOTAKBANK
6765,2025-05-15 10:30:00+05:30,2073.19,2077.8,2073.19,2076.5,30960,KOTAKBANK
6766,2025-05-15 10:35:00+05:30,2076.1,2086.69,2075.19,2086.69,47205,KOTAKBANK
6767,2025-05-15 10:40:00+05:30,2086.69,2092.0,2084.9,2087.3,121460,KOTAKBANK
6768,2025-05-15 10:45:00+05:30,2087.8,2088.9,2080.1,2082.0,26688,KOTAKBANK
6769,2025-05-15 10:50:00+05:30,2082.0,2084.0,2080.5,2081.3,17846,KOTAKBANK
6770,2025-05-15 10:55:00+05:30,2081.0,2088.9,2081.0,2087.6,25953,KOTAKBANK
6771,2025-05-15 11:00:00+05:30,2088.0,2088.0,2080.1,2080.19,16068,KOTAKBANK
6772,2025-05-15 11:05:00+05:30,2080.19,2081.69,2077.6,2080.8,29411,KOTAKBANK
6773,2025-05-15 11:10:00+05:30,2080.69,2080.69,2072.0,2072.69,61127,KOTAKBANK
6774,2025-05-15 11:15:00+05:30,2072.69,2075.19,2071.19,2072.3,93768,KOTAKBANK
6775,2025-05-15 11:20:00+05:30,2072.1,2073.19,2069.19,2070.8,41586,KOTAKBANK
6776,2025-05-15 11:25:00+05:30,2070.69,2073.9,2070.69,2071.6,26601,KOTAKBANK
6777,2025-05-15 11:30:00+05:30,2071.6,2071.69,2068.5,2069.6,29958,KOTAKBANK
6778,2025-05-15 11:35:00+05:30,2069.6,2070.3,2068.0,2069.6,34354,KOTAKBANK
6779,2025-05-15 11:40:00+05:30,2069.6,2071.5,2068.5,2070.8,30887,KOTAKBANK
6780,2025-05-15 11:45:00+05:30,2070.69,2075.3,2070.0,2072.0,33486,KOTAKBANK
6781,2025-05-15 11:50:00+05:30,2072.0,2073.5,2070.69,2072.0,27862,KOTAKBANK
6782,2025-05-15 11:55:00+05:30,2072.0,2075.0,2072.0,2074.0,17077,KOTAKBANK
6783,2025-05-15 12:00:00+05:30,2074.0,2075.6,2072.6,2075.5,22277,KOTAKBANK
6784,2025-05-15 12:05:00+05:30,2075.4,2078.5,2074.5,2078.0,54239,KOTAKBANK
6785,2025-05-15 12:10:00+05:30,2077.5,2077.8,2072.3,2075.0,23638,KOTAKBANK
6786,2025-05-15 12:15:00+05:30,2074.8,2081.5,2074.4,2077.3,42291,KOTAKBANK
6787,2025-05-15 12:20:00+05:30,2076.3,2076.69,2071.19,2073.5,33252,KOTAKBANK
6788,2025-05-15 12:25:00+05:30,2073.3,2073.5,2070.19,2070.4,20202,KOTAKBANK
6789,2025-05-15 12:30:00+05:30,2070.5,2072.9,2069.8,2072.9,33666,KOTAKBANK
6790,2025-05-15 12:35:00+05:30,2072.4,2077.0,2072.1,2074.9,22853,KOTAKBANK
6791,2025-05-15 12:40:00+05:30,2075.19,2075.19,2071.19,2071.5,24790,KOTAKBANK
6792,2025-05-15 12:45:00+05:30,2071.5,2072.9,2070.9,2071.9,16929,KOTAKBANK
6793,2025-05-15 12:50:00+05:30,2072.69,2075.0,2071.4,2073.69,18991,KOTAKBANK
6794,2025-05-15 12:55:00+05:30,2074.0,2077.0,2073.6,2074.5,34278,KOTAKBANK
6795,2025-05-15 13:00:00+05:30,2075.0,2080.0,2074.0,2077.9,73092,KOTAKBANK
6796,2025-05-15 13:05:00+05:30,2078.0,2088.4,2077.0,2083.6,132036,KOTAKBANK
6797,2025-05-15 13:10:00+05:30,2083.5,2091.3,2082.3,2090.8,99575,KOTAKBANK
6798,2025-05-15 13:15:00+05:30,2090.69,2093.8,2085.0,2090.4,76128,KOTAKBANK
6799,2025-05-15 13:20:00+05:30,2090.4,2090.4,2083.69,2088.5,53032,KOTAKBANK
6800,2025-05-15 13:25:00+05:30,2088.4,2091.6,2085.8,2091.6,30146,KOTAKBANK
6801,2025-05-15 13:30:00+05:30,2091.6,2098.8,2091.0,2097.1,104144,KOTAKBANK
6802,2025-05-15 13:35:00+05:30,2097.1,2098.8,2093.19,2097.4,62593,KOTAKBANK
6803,2025-05-15 13:40:00+05:30,2097.3,2102.9,2094.0,2102.6,175828,KOTAKBANK
6804,2025-05-15 13:45:00+05:30,2102.69,2109.5,2101.1,2106.0,139853,KOTAKBANK
6805,2025-05-15 13:50:00+05:30,2106.0,2109.19,2105.0,2108.3,64313,KOTAKBANK
6806,2025-05-15 13:55:00+05:30,2108.3,2108.3,2101.69,2103.0,39186,KOTAKBANK
6807,2025-05-15 14:00:00+05:30,2103.5,2107.0,2100.0,2105.69,45995,KOTAKBANK
6808,2025-05-15 14:05:00+05:30,2105.6,2107.1,2102.0,2107.1,39984,KOTAKBANK
6809,2025-05-15 14:10:00+05:30,2107.4,2109.3,2105.0,2106.3,39751,KOTAKBANK
6810,2025-05-15 14:15:00+05:30,2106.3,2112.0,2105.19,2106.0,79693,KOTAKBANK
6811,2025-05-15 14:20:00+05:30,2106.19,2109.5,2105.0,2106.1,53814,KOTAKBANK
6812,2025-05-15 14:25:00+05:30,2106.1,2110.4,2103.0,2109.9,85913,KOTAKBANK
6813,2025-05-15 14:30:00+05:30,2109.9,2110.8,2102.1,2103.6,67677,KOTAKBANK
6814,2025-05-15 14:35:00+05:30,2103.6,2107.5,2101.8,2103.4,64485,KOTAKBANK
6815,2025-05-15 14:40:00+05:30,2103.4,2106.19,2101.9,2105.19,54707,KOTAKBANK
6816,2025-05-15 14:45:00+05:30,2105.19,2105.3,2101.3,2102.3,53665,KOTAKBANK
6817,2025-05-15 14:50:00+05:30,2102.3,2103.9,2101.19,2102.5,40774,KOTAKBANK
6818,2025-05-15 14:55:00+05:30,2102.19,2102.9,2099.6,2102.69,57135,KOTAKBANK
6819,2025-05-15 15:00:00+05:30,2102.69,2109.5,2101.5,2107.69,118816,KOTAKBANK
6820,2025-05-15 15:05:00+05:30,2107.4,2110.0,2106.69,2110.0,107843,KOTAKBANK
6821,2025-05-15 15:10:00+05:30,2109.9,2110.0,2106.1,2107.5,82789,KOTAKBANK
6822,2025-05-15 15:15:00+05:30,2107.19,2107.5,2104.3,2105.1,88161,KOTAKBANK
6823,2025-05-15 15:20:00+05:30,2105.0,2109.3,2104.6,2107.8,93742,KOTAKBANK
6824,2025-05-15 15:25:00+05:30,2107.4,2107.8,2100.0,2101.6,59484,KOTAKBANK
6825,2025-05-16 09:15:00+05:30,2099.9,2109.9,2096.0,2097.6,130460,KOTAKBANK
6826,2025-05-16 09:20:00+05:30,2098.4,2099.0,2095.0,2096.69,26614,KOTAKBANK
6827,2025-05-16 09:25:00+05:30,2096.3,2097.4,2090.69,2096.8,22878,KOTAKBANK
6828,2025-05-16 09:30:00+05:30,2096.3,2101.69,2092.4,2093.19,25950,KOTAKBANK
6829,2025-05-16 09:35:00+05:30,2093.3,2098.0,2093.3,2096.69,32676,KOTAKBANK
6830,2025-05-16 09:40:00+05:30,2096.5,2099.0,2093.69,2096.9,17170,KOTAKBANK
6831,2025-05-16 09:45:00+05:30,2096.9,2099.0,2095.19,2098.19,13915,KOTAKBANK
6832,2025-05-16 09:50:00+05:30,2098.1,2099.0,2092.1,2092.8,19433,KOTAKBANK
6833,2025-05-16 09:55:00+05:30,2092.4,2095.5,2092.19,2093.69,7782,KOTAKBANK
6834,2025-05-16 10:00:00+05:30,2093.6,2095.69,2093.1,2094.9,8079,KOTAKBANK
6835,2025-05-16 10:05:00+05:30,2094.9,2096.3,2093.3,2094.69,16110,KOTAKBANK
6836,2025-05-16 10:10:00+05:30,2094.69,2094.8,2093.19,2094.5,11029,KOTAKBANK
6837,2025-05-16 10:15:00+05:30,2094.5,2098.0,2094.4,2096.1,19116,KOTAKBANK
6838,2025-05-16 10:20:00+05:30,2096.1,2099.1,2092.9,2093.0,29109,KOTAKBANK
6839,2025-05-16 10:25:00+05:30,2093.19,2095.6,2092.3,2094.1,25930,KOTAKBANK
6840,2025-05-16 10:30:00+05:30,2094.4,2095.0,2093.19,2094.69,9423,KOTAKBANK
6841,2025-05-16 10:35:00+05:30,2094.69,2094.8,2092.19,2092.6,11127,KOTAKBANK
6842,2025-05-16 10:40:00+05:30,2092.69,2094.4,2091.6,2091.9,21322,KOTAKBANK
6843,2025-05-16 10:45:00+05:30,2091.69,2094.19,2091.6,2093.4,10305,KOTAKBANK
6844,2025-05-16 10:50:00+05:30,2093.4,2094.19,2091.9,2092.0,17406,KOTAKBANK
6845,2025-05-16 10:55:00+05:30,2091.9,2092.9,2091.19,2091.6,7999,KOTAKBANK
6846,2025-05-16 11:00:00+05:30,2091.4,2093.9,2091.0,2093.19,7653,KOTAKBANK
6847,2025-05-16 11:05:00+05:30,2093.5,2094.0,2090.1,2090.8,13841,KOTAKBANK
6848,2025-05-16 11:10:00+05:30,2090.6,2093.0,2090.6,2092.0,7920,KOTAKBANK
6849,2025-05-16 11:15:00+05:30,2092.0,2094.0,2092.0,2094.0,6125,KOTAKBANK
6850,2025-05-16 11:20:00+05:30,2093.9,2094.0,2092.69,2094.0,6889,KOTAKBANK
6851,2025-05-16 11:25:00+05:30,2093.9,2094.0,2093.19,2093.9,7244,KOTAKBANK
6852,2025-05-16 11:30:00+05:30,2093.8,2098.9,2093.6,2098.9,20414,KOTAKBANK
6853,2025-05-16 11:35:00+05:30,2098.9,2100.0,2098.1,2099.19,17522,KOTAKBANK
6854,2025-05-16 11:40:00+05:30,2099.0,2099.5,2096.8,2097.6,10105,KOTAKBANK
6855,2025-05-16 11:45:00+05:30,2097.5,2098.9,2097.1,2098.0,12015,KOTAKBANK
6856,2025-05-16 11:50:00+05:30,2097.8,2099.0,2097.69,2098.9,6124,KOTAKBANK
6857,2025-05-16 11:55:00+05:30,2099.0,2099.9,2098.69,2099.19,12406,KOTAKBANK
6858,2025-05-16 12:00:00+05:30,2099.3,2100.5,2099.0,2100.0,21914,KOTAKBANK
6859,2025-05-16 12:05:00+05:30,2099.9,2100.0,2099.1,2099.4,8484,KOTAKBANK
6860,2025-05-16 12:10:00+05:30,2099.3,2100.1,2099.1,2099.19,6458,KOTAKBANK
6861,2025-05-16 12:15:00+05:30,2099.19,2100.0,2098.6,2100.0,6291,KOTAKBANK
6862,2025-05-16 12:20:00+05:30,2100.0,2105.0,2099.3,2101.4,52146,KOTAKBANK
6863,2025-05-16 12:25:00+05:30,2101.4,2101.9,2100.3,2100.9,14627,KOTAKBANK
6864,2025-05-16 12:30:00+05:30,2100.9,2104.0,2100.19,2103.69,148124,KOTAKBANK
6865,2025-05-16 12:35:00+05:30,2103.8,2110.0,2103.69,2110.0,33493,KOTAKBANK
6866,2025-05-16 12:40:00+05:30,2109.9,2114.0,2109.0,2111.8,88916,KOTAKBANK
6867,2025-05-16 12:45:00+05:30,2111.8,2113.0,2107.1,2107.4,35465,KOTAKBANK
6868,2025-05-16 12:50:00+05:30,2107.4,2108.5,2105.1,2105.1,20151,KOTAKBANK
6869,2025-05-16 12:55:00+05:30,2105.19,2107.9,2105.19,2107.19,12156,KOTAKBANK
6870,2025-05-16 13:00:00+05:30,2107.19,2108.0,2105.8,2107.69,9972,KOTAKBANK
6871,2025-05-16 13:05:00+05:30,2107.8,2110.0,2106.8,2107.9,17769,KOTAKBANK
6872,2025-05-16 13:10:00+05:30,2107.69,2110.19,2104.3,2105.5,57550,KOTAKBANK
6873,2025-05-16 13:15:00+05:30,2105.5,2107.1,2103.5,2103.6,19086,KOTAKBANK
6874,2025-05-16 13:20:00+05:30,2103.6,2103.6,2100.69,2102.9,48795,KOTAKBANK
6875,2025-05-16 13:25:00+05:30,2102.19,2106.0,2101.8,2104.8,10374,KOTAKBANK
6876,2025-05-16 13:30:00+05:30,2104.69,2105.69,2104.0,2104.1,14316,KOTAKBANK
6877,2025-05-16 13:35:00+05:30,2104.1,2104.4,2103.3,2104.19,12485,KOTAKBANK
6878,2025-05-16 13:40:00+05:30,2104.19,2104.3,2101.5,2101.6,10397,KOTAKBANK
6879,2025-05-16 13:45:00+05:30,2101.6,2102.6,2100.1,2101.9,17788,KOTAKBANK
6880,2025-05-16 13:50:00+05:30,2101.69,2102.0,2099.69,2100.1,17671,KOTAKBANK
6881,2025-05-16 13:55:00+05:30,2100.1,2101.9,2099.0,2101.1,13988,KOTAKBANK
6882,2025-05-16 14:00:00+05:30,2101.1,2103.9,2101.1,2102.3,25310,KOTAKBANK
6883,2025-05-16 14:05:00+05:30,2102.8,2103.1,2101.0,2102.9,16018,KOTAKBANK
6884,2025-05-16 14:10:00+05:30,2102.5,2104.8,2100.0,2100.4,22396,KOTAKBANK
6885,2025-05-16 14:15:00+05:30,2100.3,2101.1,2098.3,2100.0,35979,KOTAKBANK
6886,2025-05-16 14:20:00+05:30,2100.0,2103.0,2099.19,2102.8,28209,KOTAKBANK
6887,2025-05-16 14:25:00+05:30,2102.8,2104.8,2101.1,2102.9,33186,KOTAKBANK
6888,2025-05-16 14:30:00+05:30,2102.69,2104.5,2101.6,2103.3,36629,KOTAKBANK
6889,2025-05-16 14:35:00+05:30,2103.4,2106.19,2103.0,2105.6,39305,KOTAKBANK
6890,2025-05-16 14:40:00+05:30,2105.4,2105.8,2102.69,2104.4,41074,KOTAKBANK
6891,2025-05-16 14:45:00+05:30,2104.3,2107.19,2104.3,2105.9,31192,KOTAKBANK
6892,2025-05-16 14:50:00+05:30,2105.9,2107.0,2105.5,2106.1,26649,KOTAKBANK
6893,2025-05-16 14:55:00+05:30,2106.0,2106.9,2105.0,2105.0,28556,KOTAKBANK
6894,2025-05-16 15:00:00+05:30,2105.0,2107.8,2105.0,2106.8,57386,KOTAKBANK
6895,2025-05-16 15:05:00+05:30,2106.8,2108.4,2106.69,2108.19,48594,KOTAKBANK
6896,2025-05-16 15:10:00+05:30,2108.19,2108.9,2106.5,2106.6,63316,KOTAKBANK
6897,2025-05-16 15:15:00+05:30,2106.6,2108.4,2106.5,2107.19,76322,KOTAKBANK
6898,2025-05-16 15:20:00+05:30,2106.9,2111.0,2106.9,2110.8,80851,KOTAKBANK
6899,2025-05-16 15:25:00+05:30,2110.8,2114.9,2106.69,2109.8,56048,KOTAKBANK
6900,2025-05-19 09:15:00+05:30,2102.0,2113.9,2100.4,2111.69,77094,KOTAKBANK
6901,2025-05-19 09:20:00+05:30,2111.69,2118.0,2110.4,2116.9,20339,KOTAKBANK
6902,2025-05-19 09:25:00+05:30,2116.5,2116.9,2111.8,2113.6,13795,KOTAKBANK
6903,2025-05-19 09:30:00+05:30,2113.1,2117.4,2111.6,2113.1,16715,KOTAKBANK
6904,2025-05-19 09:35:00+05:30,2113.4,2113.9,2110.19,2113.0,8492,KOTAKBANK
6905,2025-05-19 09:40:00+05:30,2113.19,2114.0,2111.19,2112.8,5750,KOTAKBANK
6906,2025-05-19 09:45:00+05:30,2112.19,2113.4,2111.19,2112.0,5563,KOTAKBANK
6907,2025-05-19 09:50:00+05:30,2112.0,2114.0,2110.19,2111.0,4855,KOTAKBANK
6908,2025-05-19 09:55:00+05:30,2111.0,2111.8,2110.1,2110.5,4189,KOTAKBANK
6909,2025-05-19 10:00:00+05:30,2111.19,2112.0,2108.5,2110.6,10815,KOTAKBANK
6910,2025-05-19 10:05:00+05:30,2109.8,2113.4,2109.8,2113.0,3731,KOTAKBANK
6911,2025-05-19 10:10:00+05:30,2113.19,2113.19,2110.3,2110.8,3757,KOTAKBANK
6912,2025-05-19 10:15:00+05:30,2110.8,2113.4,2110.0,2110.0,6810,KOTAKBANK
6913,2025-05-19 10:20:00+05:30,2110.6,2112.8,2109.5,2112.5,5405,KOTAKBANK
6914,2025-05-19 10:25:00+05:30,2112.5,2114.4,2110.5,2112.0,16523,KOTAKBANK
6915,2025-05-19 10:30:00+05:30,2112.0,2113.1,2110.69,2112.1,11704,KOTAKBANK
6916,2025-05-19 10:35:00+05:30,2112.3,2113.6,2110.6,2110.8,9476,KOTAKBANK
6917,2025-05-19 10:40:00+05:30,2110.5,2112.4,2106.8,2108.5,26491,KOTAKBANK
6918,2025-05-19 10:45:00+05:30,2107.9,2109.3,2107.69,2108.19,31021,KOTAKBANK
6919,2025-05-19 10:50:00+05:30,2108.19,2114.9,2108.0,2114.4,18865,KOTAKBANK
6920,2025-05-19 10:55:00+05:30,2114.4,2115.9,2111.19,2112.0,20821,KOTAKBANK
6921,2025-05-19 11:00:00+05:30,2112.19,2113.5,2111.19,2112.19,17054,KOTAKBANK
6922,2025-05-19 11:05:00+05:30,2112.4,2112.4,2109.19,2110.19,13948,KOTAKBANK
6923,2025-05-19 11:10:00+05:30,2110.0,2112.9,2109.5,2111.9,3241,KOTAKBANK
6924,2025-05-19 11:15:00+05:30,2111.8,2113.8,2111.19,2112.6,5628,KOTAKBANK
6925,2025-05-19 11:20:00+05:30,2112.69,2112.9,2108.4,2109.4,14919,KOTAKBANK
6926,2025-05-19 11:25:00+05:30,2109.4,2110.0,2109.19,2109.19,6430,KOTAKBANK
6927,2025-05-19 11:30:00+05:30,2109.3,2110.0,2108.19,2108.3,10478,KOTAKBANK
6928,2025-05-19 11:35:00+05:30,2108.3,2109.0,2107.1,2108.0,6176,KOTAKBANK
6929,2025-05-19 11:40:00+05:30,2108.0,2108.0,2105.69,2105.69,17264,KOTAKBANK
6930,2025-05-19 11:45:00+05:30,2105.69,2110.1,2105.4,2107.5,87311,KOTAKBANK
6931,2025-05-19 11:50:00+05:30,2107.5,2113.0,2107.3,2109.9,27655,KOTAKBANK
6932,2025-05-19 11:55:00+05:30,2109.8,2110.9,2107.6,2108.6,11439,KOTAKBANK
6933,2025-05-19 12:00:00+05:30,2107.69,2108.69,2105.1,2107.19,18315,KOTAKBANK
6934,2025-05-19 12:05:00+05:30,2107.1,2109.4,2107.0,2107.8,12525,KOTAKBANK
6935,2025-05-19 12:10:00+05:30,2107.19,2108.0,2105.8,2107.0,12883,KOTAKBANK
6936,2025-05-19 12:15:00+05:30,2106.3,2108.0,2105.69,2108.0,6143,KOTAKBANK
6937,2025-05-19 12:20:00+05:30,2107.8,2115.0,2107.69,2114.5,30523,KOTAKBANK
6938,2025-05-19 12:25:00+05:30,2114.5,2119.6,2114.3,2117.8,24515,KOTAKBANK
6939,2025-05-19 12:30:00+05:30,2118.0,2120.8,2114.8,2116.69,28466,KOTAKBANK
6940,2025-05-19 12:35:00+05:30,2116.3,2118.9,2115.5,2117.8,36823,KOTAKBANK
6941,2025-05-19 12:40:00+05:30,2117.9,2119.1,2115.0,2115.9,46582,KOTAKBANK
6942,2025-05-19 12:45:00+05:30,2115.8,2119.4,2115.5,2118.8,12259,KOTAKBANK
6943,2025-05-19 12:50:00+05:30,2118.0,2123.19,2118.0,2123.19,37737,KOTAKBANK
6944,2025-05-19 12:55:00+05:30,2123.19,2124.0,2120.1,2122.69,48079,KOTAKBANK
6945,2025-05-19 13:00:00+05:30,2122.0,2122.8,2119.0,2119.69,28162,KOTAKBANK
6946,2025-05-19 13:05:00+05:30,2119.0,2119.8,2118.0,2118.9,7745,KOTAKBANK
6947,2025-05-19 13:10:00+05:30,2118.9,2120.0,2118.0,2119.4,6216,KOTAKBANK
6948,2025-05-19 13:15:00+05:30,2119.4,2122.0,2119.0,2120.8,30239,KOTAKBANK
6949,2025-05-19 13:20:00+05:30,2120.69,2122.69,2119.4,2121.8,11915,KOTAKBANK
6950,2025-05-19 13:25:00+05:30,2121.69,2123.0,2119.9,2120.8,40150,KOTAKBANK
6951,2025-05-19 13:30:00+05:30,2121.0,2123.0,2120.4,2121.0,38189,KOTAKBANK
6952,2025-05-19 13:35:00+05:30,2120.9,2121.8,2118.5,2119.4,22342,KOTAKBANK
6953,2025-05-19 13:40:00+05:30,2119.4,2120.0,2118.5,2119.1,3357,KOTAKBANK
6954,2025-05-19 13:45:00+05:30,2119.1,2120.0,2118.0,2119.4,7472,KOTAKBANK
6955,2025-05-19 13:50:00+05:30,2119.4,2119.6,2118.0,2119.3,5880,KOTAKBANK
6956,2025-05-19 13:55:00+05:30,2119.3,2119.9,2118.0,2118.69,7881,KOTAKBANK
6957,2025-05-19 14:00:00+05:30,2118.69,2118.9,2114.1,2115.0,21861,KOTAKBANK
6958,2025-05-19 14:05:00+05:30,2115.0,2115.0,2111.1,2114.0,21430,KOTAKBANK
6959,2025-05-19 14:10:00+05:30,2113.9,2114.0,2111.0,2112.6,13471,KOTAKBANK
6960,2025-05-19 14:15:00+05:30,2112.6,2115.0,2112.0,2115.0,9797,KOTAKBANK
6961,2025-05-19 14:20:00+05:30,2115.0,2115.0,2113.5,2114.1,6520,KOTAKBANK
6962,2025-05-19 14:25:00+05:30,2114.1,2114.9,2112.5,2113.1,12022,KOTAKBANK
6963,2025-05-19 14:30:00+05:30,2113.19,2114.19,2111.5,2112.4,26048,KOTAKBANK
6964,2025-05-19 14:35:00+05:30,2112.3,2112.6,2111.5,2111.6,11816,KOTAKBANK
6965,2025-05-19 14:40:00+05:30,2111.6,2112.5,2111.1,2111.1,8758,KOTAKBANK
6966,2025-05-19 14:45:00+05:30,2111.4,2112.0,2108.69,2111.3,19806,KOTAKBANK
6967,2025-05-19 14:50:00+05:30,2110.5,2111.4,2107.6,2109.6,49995,KOTAKBANK
6968,2025-05-19 14:55:00+05:30,2109.6,2110.0,2108.4,2110.0,17025,KOTAKBANK
6969,2025-05-19 15:00:00+05:30,2110.0,2112.3,2109.4,2111.4,34439,KOTAKBANK
6970,2025-05-19 15:05:00+05:30,2111.5,2112.0,2109.0,2110.1,25281,KOTAKBANK
6971,2025-05-19 15:10:00+05:30,2110.1,2111.6,2109.8,2111.19,24132,KOTAKBANK
6972,2025-05-19 15:15:00+05:30,2111.3,2113.0,2109.9,2112.3,68544,KOTAKBANK
6973,2025-05-19 15:20:00+05:30,2112.19,2112.5,2110.4,2111.9,31463,KOTAKBANK
6974,2025-05-19 15:25:00+05:30,2112.0,2112.5,2108.0,2110.0,33873,KOTAKBANK
6975,2025-05-20 09:15:00+05:30,2114.8,2117.9,2100.6,2103.0,176089,KOTAKBANK
6976,2025-05-20 09:20:00+05:30,2103.0,2114.8,2102.1,2111.8,552777,KOTAKBANK
6977,2025-05-20 09:25:00+05:30,2112.6,2113.3,2106.0,2106.5,45840,KOTAKBANK
6978,2025-05-20 09:30:00+05:30,2106.5,2110.6,2106.0,2106.0,58072,KOTAKBANK
6979,2025-05-20 09:35:00+05:30,2106.1,2107.0,2106.0,2106.1,23481,KOTAKBANK
6980,2025-05-20 09:40:00+05:30,2106.1,2107.9,2103.3,2104.19,133827,KOTAKBANK
6981,2025-05-20 09:45:00+05:30,2104.1,2106.0,2101.9,2104.6,111991,KOTAKBANK
6982,2025-05-20 09:50:00+05:30,2104.8,2106.0,2100.1,2100.5,21674,KOTAKBANK
6983,2025-05-20 09:55:00+05:30,2100.69,2103.5,2100.19,2101.8,35055,KOTAKBANK
6984,2025-05-20 10:00:00+05:30,2101.1,2101.5,2098.1,2098.6,25678,KOTAKBANK
6985,2025-05-20 10:05:00+05:30,2098.6,2099.1,2094.0,2094.6,33415,KOTAKBANK
6986,2025-05-20 10:10:00+05:30,2094.6,2098.5,2094.3,2098.0,36301,KOTAKBANK
6987,2025-05-20 10:15:00+05:30,2097.9,2098.0,2094.4,2095.3,17050,KOTAKBANK
6988,2025-05-20 10:20:00+05:30,2095.3,2096.5,2094.19,2095.69,21949,KOTAKBANK
6989,2025-05-20 10:25:00+05:30,2095.8,2096.69,2094.5,2095.1,16553,KOTAKBANK
6990,2025-05-20 10:30:00+05:30,2095.19,2095.19,2094.19,2094.5,12261,KOTAKBANK
6991,2025-05-20 10:35:00+05:30,2094.5,2098.69,2094.5,2097.9,30875,KOTAKBANK
6992,2025-05-20 10:40:00+05:30,2097.9,2098.5,2095.69,2098.0,23037,KOTAKBANK
6993,2025-05-20 10:45:00+05:30,2097.9,2104.19,2097.9,2101.4,22954,KOTAKBANK
6994,2025-05-20 10:50:00+05:30,2101.5,2104.0,2100.3,2102.4,23388,KOTAKBANK
6995,2025-05-20 10:55:00+05:30,2102.0,2102.4,2100.5,2101.5,13576,KOTAKBANK
6996,2025-05-20 11:00:00+05:30,2101.6,2102.69,2100.3,2101.5,24362,KOTAKBANK
6997,2025-05-20 11:05:00+05:30,2101.5,2102.69,2101.3,2101.6,16595,KOTAKBANK
6998,2025-05-20 11:10:00+05:30,2101.6,2101.9,2100.19,2101.1,16533,KOTAKBANK
6999,2025-05-20 11:15:00+05:30,2101.1,2101.19,2098.5,2099.3,11310,KOTAKBANK
7000,2025-05-20 11:20:00+05:30,2099.3,2101.0,2099.1,2100.1,12887,KOTAKBANK
7001,2025-05-20 11:25:00+05:30,2100.1,2101.8,2100.0,2100.4,8801,KOTAKBANK
7002,2025-05-20 11:30:00+05:30,2100.4,2102.0,2099.3,2101.0,16665,KOTAKBANK
7003,2025-05-20 11:35:00+05:30,2100.69,2102.8,2099.5,2100.0,17573,KOTAKBANK
7004,2025-05-20 11:40:00+05:30,2100.4,2101.6,2099.3,2101.0,9439,KOTAKBANK
7005,2025-05-20 11:45:00+05:30,2100.69,2102.9,2099.69,2102.0,9508,KOTAKBANK
7006,2025-05-20 11:50:00+05:30,2101.8,2102.6,2099.6,2100.6,9784,KOTAKBANK
7007,2025-05-20 11:55:00+05:30,2100.69,2102.5,2100.4,2100.69,12068,KOTAKBANK
7008,2025-05-20 12:00:00+05:30,2100.69,2102.5,2100.6,2101.69,6877,KOTAKBANK
7009,2025-05-20 12:05:00+05:30,2101.69,2104.4,2101.3,2103.1,17520,KOTAKBANK
7010,2025-05-20 12:10:00+05:30,2103.19,2104.3,2101.4,2103.5,21405,KOTAKBANK
7011,2025-05-20 12:15:00+05:30,2103.5,2105.0,2101.6,2104.6,38601,KOTAKBANK
7012,2025-05-20 12:20:00+05:30,2104.6,2104.6,2101.5,2101.6,25832,KOTAKBANK
7013,2025-05-20 12:25:00+05:30,2102.0,2102.69,2100.9,2101.5,27294,KOTAKBANK
7014,2025-05-20 12:30:00+05:30,2101.19,2102.6,2098.19,2099.0,35749,KOTAKBANK
7015,2025-05-20 12:35:00+05:30,2099.1,2101.69,2098.8,2100.3,31128,KOTAKBANK
7016,2025-05-20 12:40:00+05:30,2100.4,2103.8,2100.0,2101.19,29773,KOTAKBANK
7017,2025-05-20 12:45:00+05:30,2101.6,2102.5,2096.9,2099.1,51230,KOTAKBANK
7018,2025-05-20 12:50:00+05:30,2098.9,2101.5,2098.0,2100.1,47986,KOTAKBANK
7019,2025-05-20 12:55:00+05:30,2100.1,2101.1,2096.9,2098.5,49022,KOTAKBANK
7020,2025-05-20 13:00:00+05:30,2098.19,2098.5,2096.0,2096.3,48316,KOTAKBANK
7021,2025-05-20 13:05:00+05:30,2096.3,2098.0,2094.0,2094.4,29686,KOTAKBANK
7022,2025-05-20 13:10:00+05:30,2094.4,2095.9,2093.9,2094.69,18593,KOTAKBANK
7023,2025-05-20 13:15:00+05:30,2094.69,2095.1,2091.8,2092.0,19887,KOTAKBANK
7024,2025-05-20 13:20:00+05:30,2092.6,2093.9,2092.0,2092.6,19106,KOTAKBANK
7025,2025-05-20 13:25:00+05:30,2092.6,2093.9,2090.1,2091.0,101087,KOTAKBANK
7026,2025-05-20 13:30:00+05:30,2091.0,2093.0,2089.6,2093.0,33789,KOTAKBANK
7027,2025-05-20 13:35:00+05:30,2093.0,2093.4,2091.19,2092.6,18721,KOTAKBANK
7028,2025-05-20 13:40:00+05:30,2092.6,2093.6,2090.19,2091.6,39695,KOTAKBANK
7029,2025-05-20 13:45:00+05:30,2091.5,2094.0,2090.9,2092.4,27290,KOTAKBANK
7030,2025-05-20 13:50:00+05:30,2092.19,2094.0,2090.9,2091.9,68297,KOTAKBANK
7031,2025-05-20 13:55:00+05:30,2091.1,2093.9,2089.9,2091.4,82163,KOTAKBANK
7032,2025-05-20 14:00:00+05:30,2091.69,2092.9,2089.4,2090.6,63503,KOTAKBANK
7033,2025-05-20 14:05:00+05:30,2091.4,2091.8,2089.5,2090.5,35385,KOTAKBANK
7034,2025-05-20 14:10:00+05:30,2090.4,2092.1,2089.0,2090.0,41149,KOTAKBANK
7035,2025-05-20 14:15:00+05:30,2089.69,2090.0,2086.69,2087.8,33810,KOTAKBANK
7036,2025-05-20 14:20:00+05:30,2087.8,2089.9,2087.4,2087.9,30303,KOTAKBANK
7037,2025-05-20 14:25:00+05:30,2088.19,2090.0,2086.4,2089.1,41460,KOTAKBANK
7038,2025-05-20 14:30:00+05:30,2089.1,2090.1,2088.19,2089.6,29770,KOTAKBANK
7039,2025-05-20 14:35:00+05:30,2089.6,2089.9,2085.9,2088.8,50393,KOTAKBANK
7040,2025-05-20 14:40:00+05:30,2088.8,2089.9,2085.69,2087.5,42472,KOTAKBANK
7041,2025-05-20 14:45:00+05:30,2087.19,2090.0,2087.0,2088.69,20394,KOTAKBANK
7042,2025-05-20 14:50:00+05:30,2088.69,2089.4,2086.19,2086.4,56597,KOTAKBANK
7043,2025-05-20 14:55:00+05:30,2086.4,2088.3,2084.69,2087.4,97632,KOTAKBANK
7044,2025-05-20 15:00:00+05:30,2087.3,2089.1,2086.4,2087.5,210134,KOTAKBANK
7045,2025-05-20 15:05:00+05:30,2087.5,2091.6,2087.4,2091.0,147840,KOTAKBANK
7046,2025-05-20 15:10:00+05:30,2090.8,2092.8,2089.9,2090.0,155888,KOTAKBANK
7047,2025-05-20 15:15:00+05:30,2090.0,2091.0,2088.9,2090.9,147906,KOTAKBANK
7048,2025-05-20 15:20:00+05:30,2091.0,2092.4,2089.19,2090.19,122230,KOTAKBANK
7049,2025-05-20 15:25:00+05:30,2090.19,2096.5,2090.19,2095.5,90561,KOTAKBANK
7050,2025-05-21 09:15:00+05:30,2095.0,2096.0,2076.8,2079.8,86042,KOTAKBANK
7051,2025-05-21 09:20:00+05:30,2080.0,2082.0,2075.0,2076.0,25936,KOTAKBANK
7052,2025-05-21 09:25:00+05:30,2076.0,2076.0,2072.0,2074.5,49277,KOTAKBANK
7053,2025-05-21 09:30:00+05:30,2074.5,2078.0,2072.19,2075.6,16358,KOTAKBANK
7054,2025-05-21 09:35:00+05:30,2075.6,2077.69,2073.3,2077.4,14786,KOTAKBANK
7055,2025-05-21 09:40:00+05:30,2076.6,2080.6,2076.3,2080.19,17118,KOTAKBANK
7056,2025-05-21 09:45:00+05:30,2079.1,2080.8,2077.19,2078.0,20100,KOTAKBANK
7057,2025-05-21 09:50:00+05:30,2078.1,2082.0,2076.3,2081.69,15686,KOTAKBANK
7058,2025-05-21 09:55:00+05:30,2081.69,2082.3,2079.4,2080.0,9867,KOTAKBANK
7059,2025-05-21 10:00:00+05:30,2080.0,2082.69,2079.1,2082.19,15824,KOTAKBANK
7060,2025-05-21 10:05:00+05:30,2082.0,2085.6,2081.4,2084.19,16885,KOTAKBANK
7061,2025-05-21 10:10:00+05:30,2084.19,2085.8,2083.8,2085.1,7979,KOTAKBANK
7062,2025-05-21 10:15:00+05:30,2085.1,2087.9,2085.1,2085.8,12761,KOTAKBANK
7063,2025-05-21 10:20:00+05:30,2085.9,2089.3,2084.69,2087.69,67769,KOTAKBANK
7064,2025-05-21 10:25:00+05:30,2086.9,2088.6,2085.0,2085.1,23674,KOTAKBANK
7065,2025-05-21 10:30:00+05:30,2085.19,2087.4,2085.1,2087.19,9194,KOTAKBANK
7066,2025-05-21 10:35:00+05:30,2087.1,2091.6,2087.1,2091.0,13390,KOTAKBANK
7067,2025-05-21 10:40:00+05:30,2090.9,2096.3,2090.4,2094.19,13363,KOTAKBANK
7068,2025-05-21 10:45:00+05:30,2094.19,2094.9,2089.9,2091.4,31438,KOTAKBANK
7069,2025-05-21 10:50:00+05:30,2091.9,2093.5,2090.5,2091.1,37848,KOTAKBANK
7070,2025-05-21 10:55:00+05:30,2091.19,2092.0,2088.3,2089.6,39269,KOTAKBANK
7071,2025-05-21 11:00:00+05:30,2089.6,2092.0,2088.1,2089.0,33073,KOTAKBANK
7072,2025-05-21 11:05:00+05:30,2088.19,2089.1,2084.5,2086.1,22235,KOTAKBANK
7073,2025-05-21 11:10:00+05:30,2086.19,2087.69,2085.0,2085.0,14102,KOTAKBANK
7074,2025-05-21 11:15:00+05:30,2085.0,2086.0,2083.3,2085.0,18647,KOTAKBANK
7075,2025-05-21 11:20:00+05:30,2085.19,2086.6,2079.1,2079.69,44122,KOTAKBANK
7076,2025-05-21 11:25:00+05:30,2080.3,2083.3,2079.3,2080.9,35166,KOTAKBANK
7077,2025-05-21 11:30:00+05:30,2080.9,2083.5,2080.19,2080.69,7859,KOTAKBANK
7078,2025-05-21 11:35:00+05:30,2080.9,2082.19,2076.0,2076.69,102861,KOTAKBANK
7079,2025-05-21 11:40:00+05:30,2076.69,2077.9,2073.4,2073.4,47394,KOTAKBANK
7080,2025-05-21 11:45:00+05:30,2073.4,2073.69,2070.0,2071.8,46075,KOTAKBANK
7081,2025-05-21 11:50:00+05:30,2071.4,2074.1,2071.0,2071.1,30385,KOTAKBANK
7082,2025-05-21 11:55:00+05:30,2071.3,2073.4,2071.1,2071.69,20904,KOTAKBANK
7083,2025-05-21 12:00:00+05:30,2071.69,2072.69,2067.9,2068.1,64466,KOTAKBANK
7084,2025-05-21 12:05:00+05:30,2068.0,2069.8,2065.0,2065.9,33204,KOTAKBANK
7085,2025-05-21 12:10:00+05:30,2065.3,2066.6,2062.6,2063.4,35723,KOTAKBANK
7086,2025-05-21 12:15:00+05:30,2063.6,2064.3,2060.0,2063.19,31357,KOTAKBANK
7087,2025-05-21 12:20:00+05:30,2062.9,2069.19,2062.4,2066.5,49520,KOTAKBANK
7088,2025-05-21 12:25:00+05:30,2065.5,2067.6,2063.0,2067.3,35760,KOTAKBANK
7089,2025-05-21 12:30:00+05:30,2067.3,2072.69,2067.19,2068.69,32135,KOTAKBANK
7090,2025-05-21 12:35:00+05:30,2068.69,2072.5,2067.69,2069.5,38511,KOTAKBANK
7091,2025-05-21 12:40:00+05:30,2070.0,2070.0,2067.0,2067.6,11682,KOTAKBANK
7092,2025-05-21 12:45:00+05:30,2067.19,2069.3,2065.19,2067.9,16361,KOTAKBANK
7093,2025-05-21 12:50:00+05:30,2068.19,2069.69,2067.4,2067.5,12672,KOTAKBANK
7094,2025-05-21 12:55:00+05:30,2067.4,2070.0,2066.1,2069.19,19775,KOTAKBANK
7095,2025-05-21 13:00:00+05:30,2069.19,2072.1,2068.4,2071.9,16556,KOTAKBANK
7096,2025-05-21 13:05:00+05:30,2071.9,2073.0,2067.8,2067.9,71335,KOTAKBANK
7097,2025-05-21 13:10:00+05:30,2067.9,2072.3,2067.8,2071.8,8174,KOTAKBANK
7098,2025-05-21 13:15:00+05:30,2071.9,2075.0,2070.3,2074.69,13909,KOTAKBANK
7099,2025-05-21 13:20:00+05:30,2074.5,2076.19,2071.0,2073.19,32392,KOTAKBANK
7100,2025-05-21 13:25:00+05:30,2072.4,2073.69,2070.19,2070.6,18148,KOTAKBANK
7101,2025-05-21 13:30:00+05:30,2071.4,2072.69,2069.6,2072.0,11318,KOTAKBANK
7102,2025-05-21 13:35:00+05:30,2072.0,2074.4,2071.0,2072.0,49434,KOTAKBANK
7103,2025-05-21 13:40:00+05:30,2071.9,2074.6,2070.8,2071.9,24335,KOTAKBANK
7104,2025-05-21 13:45:00+05:30,2072.0,2075.0,2070.69,2074.9,15153,KOTAKBANK
7105,2025-05-21 13:50:00+05:30,2075.0,2075.0,2073.19,2074.9,11971,KOTAKBANK
7106,2025-05-21 13:55:00+05:30,2074.6,2076.0,2073.9,2074.19,25602,KOTAKBANK
7107,2025-05-21 14:00:00+05:30,2074.19,2074.4,2069.0,2070.4,16541,KOTAKBANK
7108,2025-05-21 14:05:00+05:30,2070.6,2071.8,2070.4,2071.5,9148,KOTAKBANK
7109,2025-05-21 14:10:00+05:30,2071.5,2075.4,2071.0,2074.19,23733,KOTAKBANK
7110,2025-05-21 14:15:00+05:30,2073.6,2074.8,2072.9,2073.0,9666,KOTAKBANK
7111,2025-05-21 14:20:00+05:30,2073.3,2077.69,2073.0,2075.8,11828,KOTAKBANK
7112,2025-05-21 14:25:00+05:30,2075.8,2076.6,2074.6,2075.4,9650,KOTAKBANK
7113,2025-05-21 14:30:00+05:30,2075.5,2077.6,2075.1,2075.69,12874,KOTAKBANK
7114,2025-05-21 14:35:00+05:30,2075.69,2077.4,2074.0,2074.19,32473,KOTAKBANK
7115,2025-05-21 14:40:00+05:30,2074.19,2077.0,2073.0,2074.0,16668,KOTAKBANK
7116,2025-05-21 14:45:00+05:30,2074.5,2075.5,2072.1,2072.69,13324,KOTAKBANK
7117,2025-05-21 14:50:00+05:30,2072.6,2074.0,2072.0,2073.0,10611,KOTAKBANK
7118,2025-05-21 14:55:00+05:30,2073.8,2073.8,2070.4,2071.3,13871,KOTAKBANK
7119,2025-05-21 15:00:00+05:30,2071.5,2074.9,2069.9,2071.5,65714,KOTAKBANK
7120,2025-05-21 15:05:00+05:30,2071.5,2072.9,2071.4,2072.5,50406,KOTAKBANK
7121,2025-05-21 15:10:00+05:30,2072.1,2072.4,2070.9,2071.5,35161,KOTAKBANK
7122,2025-05-21 15:15:00+05:30,2071.5,2071.5,2069.0,2069.69,57357,KOTAKBANK
7123,2025-05-21 15:20:00+05:30,2069.69,2072.19,2069.5,2070.6,64157,KOTAKBANK
7124,2025-05-21 15:25:00+05:30,2070.5,2073.0,2070.0,2072.5,39611,KOTAKBANK
7125,2025-05-22 09:15:00+05:30,2074.0,2074.0,2062.0,2062.8,126904,KOTAKBANK
7126,2025-05-22 09:20:00+05:30,2063.1,2064.4,2059.3,2060.19,72602,KOTAKBANK
7127,2025-05-22 09:25:00+05:30,2060.19,2062.9,2055.1,2056.0,66215,KOTAKBANK
7128,2025-05-22 09:30:00+05:30,2056.1,2056.9,2052.1,2052.8,76062,KOTAKBANK
7129,2025-05-22 09:35:00+05:30,2052.9,2062.5,2052.4,2057.19,42724,KOTAKBANK
7130,2025-05-22 09:40:00+05:30,2057.19,2062.5,2056.0,2060.19,40202,KOTAKBANK
7131,2025-05-22 09:45:00+05:30,2060.1,2060.8,2056.4,2058.3,38474,KOTAKBANK
7132,2025-05-22 09:50:00+05:30,2058.3,2059.0,2055.0,2055.9,27955,KOTAKBANK
7133,2025-05-22 09:55:00+05:30,2055.9,2057.19,2054.0,2056.8,24279,KOTAKBANK
7134,2025-05-22 10:00:00+05:30,2057.19,2057.6,2055.1,2055.4,22275,KOTAKBANK
7135,2025-05-22 10:05:00+05:30,2055.19,2057.0,2053.4,2056.4,29861,KOTAKBANK
7136,2025-05-22 10:10:00+05:30,2056.4,2056.9,2054.5,2056.5,23481,KOTAKBANK
7137,2025-05-22 10:15:00+05:30,2056.4,2058.4,2055.0,2055.3,26231,KOTAKBANK
7138,2025-05-22 10:20:00+05:30,2055.3,2058.19,2055.19,2057.3,14111,KOTAKBANK
7139,2025-05-22 10:25:00+05:30,2057.3,2058.4,2053.19,2054.0,32482,KOTAKBANK
7140,2025-05-22 10:30:00+05:30,2053.8,2055.0,2053.19,2054.5,14450,KOTAKBANK
7141,2025-05-22 10:35:00+05:30,2054.4,2056.9,2054.4,2054.9,21917,KOTAKBANK
7142,2025-05-22 10:40:00+05:30,2054.9,2057.19,2054.5,2055.19,25707,KOTAKBANK
7143,2025-05-22 10:45:00+05:30,2055.19,2057.5,2055.1,2056.3,21769,KOTAKBANK
7144,2025-05-22 10:50:00+05:30,2056.3,2059.0,2055.6,2057.8,22950,KOTAKBANK
7145,2025-05-22 10:55:00+05:30,2057.9,2060.19,2057.3,2060.0,19936,KOTAKBANK
7146,2025-05-22 11:00:00+05:30,2060.0,2061.3,2059.1,2060.1,18364,KOTAKBANK
7147,2025-05-22 11:05:00+05:30,2059.9,2060.6,2058.1,2060.3,22105,KOTAKBANK
7148,2025-05-22 11:10:00+05:30,2060.5,2061.0,2059.4,2059.8,15504,KOTAKBANK
7149,2025-05-22 11:15:00+05:30,2059.69,2060.9,2058.8,2060.1,10605,KOTAKBANK
7150,2025-05-22 11:20:00+05:30,2060.3,2060.4,2057.6,2058.19,14915,KOTAKBANK
7151,2025-05-22 11:25:00+05:30,2058.0,2059.5,2057.8,2059.0,17024,KOTAKBANK
7152,2025-05-22 11:30:00+05:30,2059.0,2059.19,2056.69,2057.3,9702,KOTAKBANK
7153,2025-05-22 11:35:00+05:30,2057.3,2057.69,2055.8,2056.69,43881,KOTAKBANK
7154,2025-05-22 11:40:00+05:30,2056.8,2057.8,2054.69,2057.5,47530,KOTAKBANK
7155,2025-05-22 11:45:00+05:30,2057.5,2058.9,2055.8,2056.4,33033,KOTAKBANK
7156,2025-05-22 11:50:00+05:30,2056.6,2060.6,2056.5,2059.19,31047,KOTAKBANK
7157,2025-05-22 11:55:00+05:30,2059.1,2059.4,2055.69,2056.1,37239,KOTAKBANK
7158,2025-05-22 12:00:00+05:30,2056.0,2057.6,2055.5,2056.5,23590,KOTAKBANK
7159,2025-05-22 12:05:00+05:30,2056.5,2056.6,2055.6,2055.6,21633,KOTAKBANK
7160,2025-05-22 12:10:00+05:30,2055.9,2057.3,2055.5,2055.9,26607,KOTAKBANK
7161,2025-05-22 12:15:00+05:30,2055.9,2056.5,2055.1,2055.8,31519,KOTAKBANK
7162,2025-05-22 12:20:00+05:30,2055.8,2056.9,2055.0,2056.0,47304,KOTAKBANK
7163,2025-05-22 12:25:00+05:30,2055.5,2056.9,2054.0,2054.1,48352,KOTAKBANK
7164,2025-05-22 12:30:00+05:30,2054.1,2056.3,2053.19,2053.3,24625,KOTAKBANK
7165,2025-05-22 12:35:00+05:30,2053.3,2054.69,2053.3,2053.9,23865,KOTAKBANK
7166,2025-05-22 12:40:00+05:30,2053.8,2054.4,2052.69,2053.1,25260,KOTAKBANK
7167,2025-05-22 12:45:00+05:30,2053.1,2054.0,2052.19,2052.4,29051,KOTAKBANK
7168,2025-05-22 12:50:00+05:30,2052.4,2054.5,2050.69,2053.3,32865,KOTAKBANK
7169,2025-05-22 12:55:00+05:30,2053.1,2053.9,2051.3,2051.3,36330,KOTAKBANK
7170,2025-05-22 13:00:00+05:30,2051.9,2054.5,2050.9,2054.5,17760,KOTAKBANK
7171,2025-05-22 13:05:00+05:30,2053.9,2055.19,2052.69,2053.3,31398,KOTAKBANK
7172,2025-05-22 13:10:00+05:30,2053.5,2056.3,2053.19,2054.69,27928,KOTAKBANK
7173,2025-05-22 13:15:00+05:30,2054.6,2057.3,2054.5,2054.6,23440,KOTAKBANK
7174,2025-05-22 13:20:00+05:30,2054.6,2057.3,2054.4,2056.6,15942,KOTAKBANK
7175,2025-05-22 13:25:00+05:30,2055.9,2058.19,2055.0,2057.5,26954,KOTAKBANK
7176,2025-05-22 13:30:00+05:30,2058.0,2058.9,2056.8,2058.9,39394,KOTAKBANK
7177,2025-05-22 13:35:00+05:30,2058.5,2058.9,2056.1,2056.1,21183,KOTAKBANK
7178,2025-05-22 13:40:00+05:30,2056.1,2057.3,2055.1,2056.5,17332,KOTAKBANK
7179,2025-05-22 13:45:00+05:30,2056.4,2058.4,2056.1,2057.6,19283,KOTAKBANK
7180,2025-05-22 13:50:00+05:30,2057.0,2058.4,2056.1,2057.5,19045,KOTAKBANK
7181,2025-05-22 13:55:00+05:30,2057.5,2058.3,2056.5,2058.0,14778,KOTAKBANK
7182,2025-05-22 14:00:00+05:30,2058.5,2060.8,2058.0,2059.4,18292,KOTAKBANK
7183,2025-05-22 14:05:00+05:30,2059.4,2059.69,2057.4,2057.6,18602,KOTAKBANK
7184,2025-05-22 14:10:00+05:30,2057.6,2059.4,2057.6,2058.8,9737,KOTAKBANK
7185,2025-05-22 14:15:00+05:30,2058.8,2059.69,2056.3,2058.1,27363,KOTAKBANK
7186,2025-05-22 14:20:00+05:30,2058.1,2061.6,2055.5,2056.69,118548,KOTAKBANK
7187,2025-05-22 14:25:00+05:30,2056.69,2059.1,2055.9,2058.69,21886,KOTAKBANK
7188,2025-05-22 14:30:00+05:30,2058.1,2060.0,2056.19,2057.9,50859,KOTAKBANK
7189,2025-05-22 14:35:00+05:30,2057.5,2057.69,2052.8,2055.19,48924,KOTAKBANK
7190,2025-05-22 14:40:00+05:30,2055.19,2066.19,2055.0,2064.1,148981,KOTAKBANK
7191,2025-05-22 14:45:00+05:30,2064.6,2066.9,2061.6,2066.19,54425,KOTAKBANK
7192,2025-05-22 14:50:00+05:30,2066.19,2066.19,2060.6,2063.19,90233,KOTAKBANK
7193,2025-05-22 14:55:00+05:30,2063.19,2068.9,2062.69,2066.9,210387,KOTAKBANK
7194,2025-05-22 15:00:00+05:30,2066.9,2067.69,2061.19,2062.9,149113,KOTAKBANK
7195,2025-05-22 15:05:00+05:30,2062.8,2065.0,2061.9,2064.5,148244,KOTAKBANK
7196,2025-05-22 15:10:00+05:30,2064.4,2066.0,2063.19,2064.9,96246,KOTAKBANK
7197,2025-05-22 15:15:00+05:30,2065.0,2067.8,2064.0,2067.1,137948,KOTAKBANK
7198,2025-05-22 15:20:00+05:30,2067.1,2070.0,2064.5,2069.3,127886,KOTAKBANK
7199,2025-05-22 15:25:00+05:30,2068.5,2077.6,2067.9,2073.0,71623,KOTAKBANK
7200,2025-05-23 09:15:00+05:30,2065.8,2075.1,2065.8,2074.3,53193,KOTAKBANK
7201,2025-05-23 09:20:00+05:30,2074.6,2081.3,2074.3,2079.9,16811,KOTAKBANK
7202,2025-05-23 09:25:00+05:30,2079.5,2080.0,2076.5,2077.0,11042,KOTAKBANK
7203,2025-05-23 09:30:00+05:30,2077.4,2079.8,2075.69,2079.0,5745,KOTAKBANK
7204,2025-05-23 09:35:00+05:30,2078.19,2079.0,2075.4,2075.8,7666,KOTAKBANK
7205,2025-05-23 09:40:00+05:30,2075.8,2082.19,2075.3,2081.3,5483,KOTAKBANK
7206,2025-05-23 09:45:00+05:30,2082.1,2082.3,2079.6,2080.0,7144,KOTAKBANK
7207,2025-05-23 09:50:00+05:30,2080.0,2082.4,2080.0,2081.4,7519,KOTAKBANK
7208,2025-05-23 09:55:00+05:30,2081.1,2083.8,2080.8,2083.8,7184,KOTAKBANK
7209,2025-05-23 10:00:00+05:30,2083.8,2084.9,2082.1,2084.1,7596,KOTAKBANK
7210,2025-05-23 10:05:00+05:30,2084.0,2084.6,2082.19,2083.69,4434,KOTAKBANK
7211,2025-05-23 10:10:00+05:30,2083.19,2085.8,2081.8,2085.8,11200,KOTAKBANK
7212,2025-05-23 10:15:00+05:30,2085.8,2086.9,2083.4,2083.4,6632,KOTAKBANK
7213,2025-05-23 10:20:00+05:30,2083.0,2083.0,2077.69,2079.3,8432,KOTAKBANK
7214,2025-05-23 10:25:00+05:30,2079.0,2082.9,2078.8,2080.19,10848,KOTAKBANK
7215,2025-05-23 10:30:00+05:30,2079.6,2081.4,2079.19,2079.9,4899,KOTAKBANK
7216,2025-05-23 10:35:00+05:30,2079.19,2081.4,2078.6,2080.9,2847,KOTAKBANK
7217,2025-05-23 10:40:00+05:30,2081.19,2083.1,2080.5,2083.1,3353,KOTAKBANK
7218,2025-05-23 10:45:00+05:30,2083.0,2086.5,2082.0,2085.0,33580,KOTAKBANK
7219,2025-05-23 10:50:00+05:30,2085.0,2087.6,2082.9,2084.0,43847,KOTAKBANK
7220,2025-05-23 10:55:00+05:30,2084.0,2089.1,2083.69,2087.3,65594,KOTAKBANK
7221,2025-05-23 11:00:00+05:30,2087.3,2088.69,2083.0,2088.19,37211,KOTAKBANK
7222,2025-05-23 11:05:00+05:30,2087.3,2088.19,2083.0,2084.19,47683,KOTAKBANK
7223,2025-05-23 11:10:00+05:30,2084.6,2086.5,2084.0,2085.4,13148,KOTAKBANK
7224,2025-05-23 11:15:00+05:30,2085.4,2087.69,2083.8,2085.9,37531,KOTAKBANK
7225,2025-05-23 11:20:00+05:30,2085.8,2087.69,2085.0,2087.0,33730,KOTAKBANK
7226,2025-05-23 11:25:00+05:30,2087.3,2089.69,2085.8,2089.69,16219,KOTAKBANK
7227,2025-05-23 11:30:00+05:30,2089.5,2094.5,2088.5,2094.0,26272,KOTAKBANK
7228,2025-05-23 11:35:00+05:30,2093.19,2094.0,2088.69,2091.0,49684,KOTAKBANK
7229,2025-05-23 11:40:00+05:30,2091.6,2093.4,2087.9,2093.4,54962,KOTAKBANK
7230,2025-05-23 11:45:00+05:30,2093.6,2094.0,2085.9,2085.9,14877,KOTAKBANK
7231,2025-05-23 11:50:00+05:30,2085.9,2090.4,2085.9,2089.5,11608,KOTAKBANK
7232,2025-05-23 11:55:00+05:30,2090.19,2091.69,2085.4,2087.0,49556,KOTAKBANK
7233,2025-05-23 12:00:00+05:30,2086.3,2092.69,2086.3,2091.8,10987,KOTAKBANK
7234,2025-05-23 12:05:00+05:30,2091.8,2094.0,2086.0,2088.1,65859,KOTAKBANK
7235,2025-05-23 12:10:00+05:30,2087.8,2090.8,2084.69,2088.5,47472,KOTAKBANK
7236,2025-05-23 12:15:00+05:30,2088.5,2091.3,2088.5,2091.3,31864,KOTAKBANK
7237,2025-05-23 12:20:00+05:30,2091.3,2094.0,2090.1,2092.5,22336,KOTAKBANK
7238,2025-05-23 12:25:00+05:30,2093.19,2094.9,2092.5,2094.3,8884,KOTAKBANK
7239,2025-05-23 12:30:00+05:30,2094.3,2098.0,2093.1,2097.0,20104,KOTAKBANK
7240,2025-05-23 12:35:00+05:30,2097.0,2099.0,2096.5,2098.5,11457,KOTAKBANK
7241,2025-05-23 12:40:00+05:30,2098.5,2099.6,2097.1,2097.8,8182,KOTAKBANK
7242,2025-05-23 12:45:00+05:30,2097.8,2099.9,2096.5,2099.6,8079,KOTAKBANK
7243,2025-05-23 12:50:00+05:30,2099.69,2099.9,2098.0,2099.5,6306,KOTAKBANK
7244,2025-05-23 12:55:00+05:30,2099.5,2099.5,2097.4,2098.4,16655,KOTAKBANK
7245,2025-05-23 13:00:00+05:30,2098.4,2100.0,2098.0,2100.0,10185,KOTAKBANK
7246,2025-05-23 13:05:00+05:30,2099.9,2100.0,2098.0,2099.4,7727,KOTAKBANK
7247,2025-05-23 13:10:00+05:30,2099.4,2099.8,2098.5,2099.5,5404,KOTAKBANK
7248,2025-05-23 13:15:00+05:30,2099.0,2100.0,2097.6,2099.0,9371,KOTAKBANK
7249,2025-05-23 13:20:00+05:30,2099.5,2100.5,2098.69,2100.5,7411,KOTAKBANK
7250,2025-05-23 13:25:00+05:30,2100.3,2100.8,2098.6,2100.19,7072,KOTAKBANK
7251,2025-05-23 13:30:00+05:30,2100.0,2100.8,2098.1,2099.3,7797,KOTAKBANK
7252,2025-05-23 13:35:00+05:30,2098.69,2102.19,2097.9,2101.0,71058,KOTAKBANK
7253,2025-05-23 13:40:00+05:30,2101.0,2102.0,2098.5,2099.69,9529,KOTAKBANK
7254,2025-05-23 13:45:00+05:30,2099.69,2103.69,2098.5,2103.69,49748,KOTAKBANK
7255,2025-05-23 13:50:00+05:30,2103.6,2105.0,2103.1,2104.0,12371,KOTAKBANK
7256,2025-05-23 13:55:00+05:30,2103.4,2104.9,2102.8,2104.8,10805,KOTAKBANK
7257,2025-05-23 14:00:00+05:30,2104.3,2108.0,2103.69,2107.8,31776,KOTAKBANK
7258,2025-05-23 14:05:00+05:30,2107.8,2109.3,2107.0,2108.3,23822,KOTAKBANK
7259,2025-05-23 14:10:00+05:30,2108.3,2108.4,2104.8,2105.4,6900,KOTAKBANK
7260,2025-05-23 14:15:00+05:30,2105.4,2106.5,2103.69,2106.5,8117,KOTAKBANK
7261,2025-05-23 14:20:00+05:30,2105.9,2107.1,2105.1,2106.5,7369,KOTAKBANK
7262,2025-05-23 14:25:00+05:30,2105.8,2106.5,2105.1,2105.9,10047,KOTAKBANK
7263,2025-05-23 14:30:00+05:30,2105.19,2106.3,2103.0,2104.4,11783,KOTAKBANK
7264,2025-05-23 14:35:00+05:30,2104.4,2105.4,2103.1,2104.69,9818,KOTAKBANK
7265,2025-05-23 14:40:00+05:30,2104.69,2105.0,2101.6,2102.5,8189,KOTAKBANK
7266,2025-05-23 14:45:00+05:30,2102.5,2105.0,2101.6,2104.9,7519,KOTAKBANK
7267,2025-05-23 14:50:00+05:30,2104.9,2105.0,2099.3,2100.19,24890,KOTAKBANK
7268,2025-05-23 14:55:00+05:30,2099.5,2103.19,2099.4,2100.4,32278,KOTAKBANK
7269,2025-05-23 15:00:00+05:30,2101.0,2103.8,2099.0,2101.6,55861,KOTAKBANK
7270,2025-05-23 15:05:00+05:30,2102.1,2102.4,2100.3,2100.8,37950,KOTAKBANK
7271,2025-05-23 15:10:00+05:30,2100.8,2101.9,2100.1,2100.69,50068,KOTAKBANK
7272,2025-05-23 15:15:00+05:30,2100.69,2101.0,2097.9,2100.6,54680,KOTAKBANK
7273,2025-05-23 15:20:00+05:30,2100.8,2101.5,2099.4,2099.8,44577,KOTAKBANK
7274,2025-05-23 15:25:00+05:30,2100.4,2101.9,2099.0,2101.0,39984,KOTAKBANK
7275,2025-05-26 09:15:00+05:30,2090.1,2111.0,2090.1,2105.1,200925,KOTAKBANK
7276,2025-05-26 09:20:00+05:30,2105.1,2110.8,2104.4,2108.1,30683,KOTAKBANK
7277,2025-05-26 09:25:00+05:30,2107.8,2111.0,2106.0,2111.0,15489,KOTAKBANK
7278,2025-05-26 09:30:00+05:30,2110.3,2112.0,2101.4,2103.0,32132,KOTAKBANK
7279,2025-05-26 09:35:00+05:30,2103.0,2105.0,2098.5,2103.8,26896,KOTAKBANK
7280,2025-05-26 09:40:00+05:30,2103.4,2105.0,2101.6,2103.9,8825,KOTAKBANK
7281,2025-05-26 09:45:00+05:30,2103.8,2108.0,2103.3,2104.0,14372,KOTAKBANK
7282,2025-05-26 09:50:00+05:30,2104.0,2107.0,2103.8,2106.19,10982,KOTAKBANK
7283,2025-05-26 09:55:00+05:30,2105.4,2106.6,2104.19,2106.0,5696,KOTAKBANK
7284,2025-05-26 10:00:00+05:30,2106.0,2106.9,2103.4,2105.9,10535,KOTAKBANK
7285,2025-05-26 10:05:00+05:30,2105.6,2106.0,2102.3,2103.1,9252,KOTAKBANK
7286,2025-05-26 10:10:00+05:30,2103.19,2105.9,2102.3,2102.5,6229,KOTAKBANK
7287,2025-05-26 10:15:00+05:30,2103.0,2104.19,2100.4,2101.6,8185,KOTAKBANK
7288,2025-05-26 10:20:00+05:30,2101.5,2102.0,2097.0,2100.0,30361,KOTAKBANK
7289,2025-05-26 10:25:00+05:30,2099.4,2100.19,2090.3,2093.3,19102,KOTAKBANK
7290,2025-05-26 10:30:00+05:30,2093.9,2093.9,2090.1,2091.5,10356,KOTAKBANK
7291,2025-05-26 10:35:00+05:30,2090.69,2091.5,2085.1,2090.19,24685,KOTAKBANK
7292,2025-05-26 10:40:00+05:30,2090.19,2094.19,2089.0,2093.9,10844,KOTAKBANK
7293,2025-05-26 10:45:00+05:30,2093.5,2096.8,2091.3,2093.19,28903,KOTAKBANK
7294,2025-05-26 10:50:00+05:30,2093.19,2095.6,2092.5,2094.4,3912,KOTAKBANK
7295,2025-05-26 10:55:00+05:30,2093.8,2098.0,2093.8,2096.19,11822,KOTAKBANK
7296,2025-05-26 11:00:00+05:30,2096.69,2097.1,2093.5,2094.3,4863,KOTAKBANK
7297,2025-05-26 11:05:00+05:30,2094.3,2096.0,2093.69,2095.1,4647,KOTAKBANK
7298,2025-05-26 11:10:00+05:30,2095.1,2097.8,2092.69,2096.1,24689,KOTAKBANK
7299,2025-05-26 11:15:00+05:30,2096.1,2102.0,2096.1,2100.4,27394,KOTAKBANK
7300,2025-05-26 11:20:00+05:30,2100.4,2103.19,2098.0,2098.19,9028,KOTAKBANK
7301,2025-05-26 11:25:00+05:30,2098.19,2098.4,2093.19,2096.19,13854,KOTAKBANK
7302,2025-05-26 11:30:00+05:30,2096.19,2096.9,2092.6,2093.1,45361,KOTAKBANK
7303,2025-05-26 11:35:00+05:30,2093.1,2094.6,2091.0,2092.5,23496,KOTAKBANK
7304,2025-05-26 11:40:00+05:30,2092.5,2096.3,2092.5,2095.8,21819,KOTAKBANK
7305,2025-05-26 11:45:00+05:30,2095.3,2095.9,2092.4,2094.4,40002,KOTAKBANK
7306,2025-05-26 11:50:00+05:30,2094.4,2097.6,2094.4,2095.3,40216,KOTAKBANK
7307,2025-05-26 11:55:00+05:30,2095.69,2101.1,2095.0,2098.4,32878,KOTAKBANK
7308,2025-05-26 12:00:00+05:30,2098.4,2099.19,2095.0,2097.9,15845,KOTAKBANK
7309,2025-05-26 12:05:00+05:30,2097.69,2098.4,2094.69,2094.9,24824,KOTAKBANK
7310,2025-05-26 12:10:00+05:30,2094.9,2095.0,2093.3,2094.9,6585,KOTAKBANK
7311,2025-05-26 12:15:00+05:30,2094.9,2095.0,2093.0,2094.5,8572,KOTAKBANK
7312,2025-05-26 12:20:00+05:30,2094.5,2096.0,2093.6,2094.6,17292,KOTAKBANK
7313,2025-05-26 12:25:00+05:30,2094.6,2098.1,2094.4,2096.0,35430,KOTAKBANK
7314,2025-05-26 12:30:00+05:30,2096.0,2097.1,2094.69,2095.9,5116,KOTAKBANK
7315,2025-05-26 12:35:00+05:30,2095.9,2097.6,2095.9,2096.19,10601,KOTAKBANK
7316,2025-05-26 12:40:00+05:30,2096.19,2097.9,2092.9,2093.9,14918,KOTAKBANK
7317,2025-05-26 12:45:00+05:30,2093.9,2096.5,2093.3,2095.0,8330,KOTAKBANK
7318,2025-05-26 12:50:00+05:30,2094.8,2095.4,2090.0,2090.4,48061,KOTAKBANK
7319,2025-05-26 12:55:00+05:30,2090.4,2094.3,2089.1,2094.0,11236,KOTAKBANK
7320,2025-05-26 13:00:00+05:30,2094.0,2095.0,2093.5,2094.6,6907,KOTAKBANK
7321,2025-05-26 13:05:00+05:30,2094.6,2097.4,2091.9,2096.4,54140,KOTAKBANK
7322,2025-05-26 13:10:00+05:30,2096.3,2096.5,2094.5,2096.4,29542,KOTAKBANK
7323,2025-05-26 13:15:00+05:30,2095.5,2097.3,2093.19,2094.0,24621,KOTAKBANK
7324,2025-05-26 13:20:00+05:30,2093.69,2095.0,2092.6,2093.1,10989,KOTAKBANK
7325,2025-05-26 13:25:00+05:30,2092.9,2094.69,2092.9,2094.1,5655,KOTAKBANK
7326,2025-05-26 13:30:00+05:30,2094.1,2095.0,2093.5,2094.5,9635,KOTAKBANK
7327,2025-05-26 13:35:00+05:30,2094.5,2095.3,2093.6,2094.9,8020,KOTAKBANK
7328,2025-05-26 13:40:00+05:30,2094.9,2096.9,2094.4,2096.5,30886,KOTAKBANK
7329,2025-05-26 13:45:00+05:30,2096.5,2097.5,2096.0,2096.9,5196,KOTAKBANK
7330,2025-05-26 13:50:00+05:30,2096.9,2097.5,2094.4,2096.1,7750,KOTAKBANK
7331,2025-05-26 13:55:00+05:30,2096.0,2097.0,2091.19,2091.4,9941,KOTAKBANK
7332,2025-05-26 14:00:00+05:30,2091.3,2093.6,2090.9,2092.19,11735,KOTAKBANK
7333,2025-05-26 14:05:00+05:30,2091.6,2092.19,2089.5,2090.8,13820,KOTAKBANK
7334,2025-05-26 14:10:00+05:30,2090.8,2092.3,2089.1,2089.69,19493,KOTAKBANK
7335,2025-05-26 14:15:00+05:30,2090.0,2090.4,2088.5,2089.0,36080,KOTAKBANK
7336,2025-05-26 14:20:00+05:30,2089.3,2090.4,2087.5,2088.9,43300,KOTAKBANK
7337,2025-05-26 14:25:00+05:30,2088.9,2089.6,2087.9,2088.8,22055,KOTAKBANK
7338,2025-05-26 14:30:00+05:30,2088.8,2090.6,2087.3,2089.0,52660,KOTAKBANK
7339,2025-05-26 14:35:00+05:30,2089.0,2090.19,2087.69,2089.1,16591,KOTAKBANK
7340,2025-05-26 14:40:00+05:30,2089.1,2091.4,2088.69,2090.4,19258,KOTAKBANK
7341,2025-05-26 14:45:00+05:30,2090.69,2092.0,2089.69,2089.9,20460,KOTAKBANK
7342,2025-05-26 14:50:00+05:30,2090.1,2090.1,2089.0,2089.9,15908,KOTAKBANK
7343,2025-05-26 14:55:00+05:30,2089.9,2090.69,2087.4,2089.5,74333,KOTAKBANK
7344,2025-05-26 15:00:00+05:30,2089.5,2090.5,2088.6,2089.6,54799,KOTAKBANK
7345,2025-05-26 15:05:00+05:30,2089.6,2090.5,2088.6,2089.69,72320,KOTAKBANK
7346,2025-05-26 15:10:00+05:30,2089.69,2090.5,2088.19,2088.4,67859,KOTAKBANK
7347,2025-05-26 15:15:00+05:30,2088.6,2090.0,2087.6,2089.6,103881,KOTAKBANK
7348,2025-05-26 15:20:00+05:30,2089.5,2090.19,2088.5,2089.6,93581,KOTAKBANK
7349,2025-05-26 15:25:00+05:30,2089.5,2094.9,2087.5,2090.0,81261,KOTAKBANK
7350,2025-05-27 09:15:00+05:30,2090.0,2090.0,2076.3,2076.8,81276,KOTAKBANK
7351,2025-05-27 09:20:00+05:30,2077.19,2077.3,2067.8,2070.4,103694,KOTAKBANK
7352,2025-05-27 09:25:00+05:30,2070.6,2072.69,2067.4,2068.3,35452,KOTAKBANK
7353,2025-05-27 09:30:00+05:30,2068.3,2074.69,2065.19,2072.1,30880,KOTAKBANK
7354,2025-05-27 09:35:00+05:30,2072.1,2078.0,2071.0,2077.1,21094,KOTAKBANK
7355,2025-05-27 09:40:00+05:30,2077.5,2077.5,2073.0,2073.0,18789,KOTAKBANK
7356,2025-05-27 09:45:00+05:30,2073.0,2073.19,2069.0,2070.0,20978,KOTAKBANK
7357,2025-05-27 09:50:00+05:30,2070.0,2072.9,2068.1,2069.9,16447,KOTAKBANK
7358,2025-05-27 09:55:00+05:30,2069.6,2072.4,2066.19,2066.4,29219,KOTAKBANK
7359,2025-05-27 10:00:00+05:30,2066.4,2068.9,2065.3,2068.1,20049,KOTAKBANK
7360,2025-05-27 10:05:00+05:30,2068.1,2070.0,2066.3,2069.69,33924,KOTAKBANK
7361,2025-05-27 10:10:00+05:30,2069.69,2070.0,2066.9,2067.19,19096,KOTAKBANK
7362,2025-05-27 10:15:00+05:30,2067.19,2068.9,2066.0,2066.9,20082,KOTAKBANK
7363,2025-05-27 10:20:00+05:30,2066.9,2069.9,2066.19,2068.9,7831,KOTAKBANK
7364,2025-05-27 10:25:00+05:30,2068.9,2070.0,2066.6,2067.19,8683,KOTAKBANK
7365,2025-05-27 10:30:00+05:30,2067.19,2071.6,2067.0,2069.5,11962,KOTAKBANK
7366,2025-05-27 10:35:00+05:30,2069.4,2071.0,2068.5,2069.4,17813,KOTAKBANK
7367,2025-05-27 10:40:00+05:30,2069.0,2070.3,2068.5,2069.1,16128,KOTAKBANK
7368,2025-05-27 10:45:00+05:30,2068.6,2070.0,2068.5,2069.19,10752,KOTAKBANK
7369,2025-05-27 10:50:00+05:30,2069.19,2074.1,2069.19,2071.6,37360,KOTAKBANK
7370,2025-05-27 10:55:00+05:30,2071.6,2073.5,2068.6,2070.5,20142,KOTAKBANK
7371,2025-05-27 11:00:00+05:30,2070.19,2077.0,2069.4,2075.8,56207,KOTAKBANK
7372,2025-05-27 11:05:00+05:30,2075.19,2082.5,2070.1,2073.69,103990,KOTAKBANK
7373,2025-05-27 11:10:00+05:30,2073.5,2077.0,2071.1,2077.0,26911,KOTAKBANK
7374,2025-05-27 11:15:00+05:30,2077.0,2085.4,2076.69,2083.0,68148,KOTAKBANK
7375,2025-05-27 11:20:00+05:30,2083.0,2085.69,2079.19,2083.9,44755,KOTAKBANK
7376,2025-05-27 11:25:00+05:30,2084.0,2095.3,2084.0,2095.3,98538,KOTAKBANK
7377,2025-05-27 11:30:00+05:30,2095.3,2099.0,2091.19,2095.0,37231,KOTAKBANK
7378,2025-05-27 11:35:00+05:30,2094.4,2096.0,2087.3,2092.4,30106,KOTAKBANK
7379,2025-05-27 11:40:00+05:30,2091.8,2093.3,2087.4,2090.19,27434,KOTAKBANK
7380,2025-05-27 11:45:00+05:30,2090.3,2091.69,2084.9,2085.9,22062,KOTAKBANK
7381,2025-05-27 11:50:00+05:30,2085.69,2090.1,2083.5,2090.0,17866,KOTAKBANK
7382,2025-05-27 11:55:00+05:30,2089.4,2091.6,2087.0,2088.3,22448,KOTAKBANK
7383,2025-05-27 12:00:00+05:30,2088.1,2090.0,2085.0,2088.4,18050,KOTAKBANK
7384,2025-05-27 12:05:00+05:30,2088.4,2089.6,2086.4,2087.19,19743,KOTAKBANK
7385,2025-05-27 12:10:00+05:30,2087.1,2089.69,2086.69,2087.8,21257,KOTAKBANK
7386,2025-05-27 12:15:00+05:30,2087.8,2089.4,2085.69,2087.0,18791,KOTAKBANK
7387,2025-05-27 12:20:00+05:30,2087.0,2088.4,2083.5,2085.4,30827,KOTAKBANK
7388,2025-05-27 12:25:00+05:30,2085.4,2086.6,2075.4,2077.6,58920,KOTAKBANK
7389,2025-05-27 12:30:00+05:30,2077.5,2080.4,2073.5,2080.3,90749,KOTAKBANK
7390,2025-05-27 12:35:00+05:30,2080.3,2082.19,2077.9,2078.9,35321,KOTAKBANK
7391,2025-05-27 12:40:00+05:30,2078.6,2080.5,2076.4,2078.8,24496,KOTAKBANK
7392,2025-05-27 12:45:00+05:30,2078.8,2081.8,2078.1,2078.4,13569,KOTAKBANK
7393,2025-05-27 12:50:00+05:30,2078.4,2079.69,2075.4,2078.1,28398,KOTAKBANK
7394,2025-05-27 12:55:00+05:30,2078.19,2078.19,2073.5,2075.69,48479,KOTAKBANK
7395,2025-05-27 13:00:00+05:30,2075.6,2077.5,2074.0,2075.8,51398,KOTAKBANK
7396,2025-05-27 13:05:00+05:30,2075.8,2077.0,2073.8,2075.6,30561,KOTAKBANK
7397,2025-05-27 13:10:00+05:30,2075.6,2078.8,2075.19,2076.0,27598,KOTAKBANK
7398,2025-05-27 13:15:00+05:30,2075.9,2077.6,2070.9,2071.6,24911,KOTAKBANK
7399,2025-05-27 13:20:00+05:30,2071.19,2074.19,2071.0,2072.6,17517,KOTAKBANK
7400,2025-05-27 13:25:00+05:30,2072.3,2075.69,2071.1,2074.4,30723,KOTAKBANK
7401,2025-05-27 13:30:00+05:30,2074.8,2077.5,2074.69,2076.4,19788,KOTAKBANK
7402,2025-05-27 13:35:00+05:30,2076.3,2077.69,2075.19,2075.69,18987,KOTAKBANK
7403,2025-05-27 13:40:00+05:30,2075.8,2080.6,2075.1,2078.69,28402,KOTAKBANK
7404,2025-05-27 13:45:00+05:30,2078.5,2082.8,2077.8,2078.6,18563,KOTAKBANK
7405,2025-05-27 13:50:00+05:30,2078.6,2080.5,2075.8,2075.9,25044,KOTAKBANK
7406,2025-05-27 13:55:00+05:30,2075.69,2078.3,2073.1,2073.1,31316,KOTAKBANK
7407,2025-05-27 14:00:00+05:30,2073.4,2075.3,2070.5,2072.3,35607,KOTAKBANK
7408,2025-05-27 14:05:00+05:30,2072.1,2074.1,2069.8,2070.1,34447,KOTAKBANK
7409,2025-05-27 14:10:00+05:30,2069.8,2073.0,2069.8,2072.4,13678,KOTAKBANK
7410,2025-05-27 14:15:00+05:30,2072.3,2075.0,2068.0,2068.6,50260,KOTAKBANK
7411,2025-05-27 14:20:00+05:30,2068.6,2069.69,2065.9,2068.0,46724,KOTAKBANK
7412,2025-05-27 14:25:00+05:30,2068.0,2068.0,2064.3,2066.1,74875,KOTAKBANK
7413,2025-05-27 14:30:00+05:30,2066.0,2068.4,2064.0,2065.6,21691,KOTAKBANK
7414,2025-05-27 14:35:00+05:30,2065.6,2066.69,2061.19,2062.0,96760,KOTAKBANK
7415,2025-05-27 14:40:00+05:30,2062.0,2065.0,2061.6,2063.19,49173,KOTAKBANK
7416,2025-05-27 14:45:00+05:30,2063.1,2066.19,2062.4,2063.5,142225,KOTAKBANK
7417,2025-05-27 14:50:00+05:30,2064.0,2070.5,2063.5,2068.19,111992,KOTAKBANK
7418,2025-05-27 14:55:00+05:30,2068.19,2075.0,2068.0,2075.0,71064,KOTAKBANK
7419,2025-05-27 15:00:00+05:30,2074.8,2078.0,2073.3,2077.4,165243,KOTAKBANK
7420,2025-05-27 15:05:00+05:30,2077.5,2080.5,2076.9,2079.8,134737,KOTAKBANK
7421,2025-05-27 15:10:00+05:30,2079.8,2081.19,2077.9,2078.3,149088,KOTAKBANK
7422,2025-05-27 15:15:00+05:30,2078.3,2080.1,2078.0,2078.5,145852,KOTAKBANK
7423,2025-05-27 15:20:00+05:30,2078.4,2079.3,2072.6,2073.19,143208,KOTAKBANK
7424,2025-05-27 15:25:00+05:30,2072.8,2076.5,2068.6,2075.0,99112,KOTAKBANK
7425,2025-05-28 09:15:00+05:30,2075.0,2077.5,2067.4,2077.0,60233,KOTAKBANK
7426,2025-05-28 09:20:00+05:30,2077.6,2080.4,2074.19,2074.9,22580,KOTAKBANK
7427,2025-05-28 09:25:00+05:30,2074.6,2074.9,2067.4,2068.19,29428,KOTAKBANK
7428,2025-05-28 09:30:00+05:30,2068.1,2072.0,2067.1,2072.0,4893,KOTAKBANK
7429,2025-05-28 09:35:00+05:30,2072.0,2075.6,2069.69,2071.5,10055,KOTAKBANK
7430,2025-05-28 09:40:00+05:30,2071.69,2074.5,2071.4,2074.5,6530,KOTAKBANK
7431,2025-05-28 09:45:00+05:30,2074.5,2076.69,2069.69,2071.3,31994,KOTAKBANK
7432,2025-05-28 09:50:00+05:30,2071.19,2072.3,2067.1,2069.4,8225,KOTAKBANK
7433,2025-05-28 09:55:00+05:30,2069.19,2071.3,2068.0,2070.1,6147,KOTAKBANK
7434,2025-05-28 10:00:00+05:30,2069.5,2070.1,2067.0,2067.0,5769,KOTAKBANK
7435,2025-05-28 10:05:00+05:30,2067.1,2068.3,2066.0,2067.0,9724,KOTAKBANK
7436,2025-05-28 10:10:00+05:30,2066.8,2068.8,2066.1,2067.3,5050,KOTAKBANK
7437,2025-05-28 10:15:00+05:30,2066.6,2067.5,2065.1,2067.19,8539,KOTAKBANK
7438,2025-05-28 10:20:00+05:30,2066.3,2069.19,2066.0,2067.9,9484,KOTAKBANK
7439,2025-05-28 10:25:00+05:30,2067.1,2068.3,2066.0,2067.3,5910,KOTAKBANK
7440,2025-05-28 10:30:00+05:30,2066.3,2071.0,2066.0,2069.8,5846,KOTAKBANK
7441,2025-05-28 10:35:00+05:30,2068.9,2069.8,2063.9,2066.6,24193,KOTAKBANK
7442,2025-05-28 10:40:00+05:30,2065.6,2072.19,2065.5,2069.8,31868,KOTAKBANK
7443,2025-05-28 10:45:00+05:30,2069.0,2072.0,2068.6,2070.19,17036,KOTAKBANK
7444,2025-05-28 10:50:00+05:30,2069.4,2072.8,2069.0,2070.69,6939,KOTAKBANK
7445,2025-05-28 10:55:00+05:30,2070.69,2072.69,2069.5,2071.69,8057,KOTAKBANK
7446,2025-05-28 11:00:00+05:30,2071.69,2073.0,2070.0,2071.5,8693,KOTAKBANK
7447,2025-05-28 11:05:00+05:30,2070.69,2070.9,2067.0,2067.4,20889,KOTAKBANK
7448,2025-05-28 11:10:00+05:30,2067.4,2069.69,2066.8,2067.9,18625,KOTAKBANK
7449,2025-05-28 11:15:00+05:30,2067.8,2068.0,2065.6,2065.69,43159,KOTAKBANK
7450,2025-05-28 11:20:00+05:30,2065.5,2067.3,2064.19,2064.8,29168,KOTAKBANK
7451,2025-05-28 11:25:00+05:30,2064.4,2066.9,2064.4,2065.8,15882,KOTAKBANK
7452,2025-05-28 11:30:00+05:30,2065.19,2065.9,2064.0,2064.3,10709,KOTAKBANK
7453,2025-05-28 11:35:00+05:30,2064.3,2066.0,2063.9,2064.3,11742,KOTAKBANK
7454,2025-05-28 11:40:00+05:30,2064.3,2065.6,2063.4,2065.4,10355,KOTAKBANK
7455,2025-05-28 11:45:00+05:30,2065.4,2066.0,2064.4,2065.19,13056,KOTAKBANK
7456,2025-05-28 11:50:00+05:30,2065.6,2068.4,2065.6,2067.5,29558,KOTAKBANK
7457,2025-05-28 11:55:00+05:30,2067.0,2067.5,2065.0,2065.3,11700,KOTAKBANK
7458,2025-05-28 12:00:00+05:30,2065.3,2066.5,2064.19,2064.69,10642,KOTAKBANK
7459,2025-05-28 12:05:00+05:30,2064.69,2066.5,2064.5,2065.5,10904,KOTAKBANK
7460,2025-05-28 12:10:00+05:30,2065.5,2066.1,2065.0,2065.0,11709,KOTAKBANK
7461,2025-05-28 12:15:00+05:30,2065.69,2066.1,2065.0,2066.1,11351,KOTAKBANK
7462,2025-05-28 12:20:00+05:30,2066.1,2066.3,2065.0,2066.0,13366,KOTAKBANK
7463,2025-05-28 12:25:00+05:30,2065.9,2067.4,2065.3,2066.0,32463,KOTAKBANK
7464,2025-05-28 12:30:00+05:30,2066.0,2070.0,2065.69,2070.0,16722,KOTAKBANK
7465,2025-05-28 12:35:00+05:30,2069.69,2072.3,2068.9,2070.1,18964,KOTAKBANK
7466,2025-05-28 12:40:00+05:30,2070.3,2071.19,2069.3,2070.69,7440,KOTAKBANK
7467,2025-05-28 12:45:00+05:30,2070.69,2073.0,2069.9,2072.69,10814,KOTAKBANK
7468,2025-05-28 12:50:00+05:30,2072.8,2074.0,2071.1,2072.5,6161,KOTAKBANK
7469,2025-05-28 12:55:00+05:30,2072.5,2073.9,2072.0,2072.69,6728,KOTAKBANK
7470,2025-05-28 13:00:00+05:30,2072.9,2074.0,2072.0,2073.5,8990,KOTAKBANK
7471,2025-05-28 13:05:00+05:30,2074.0,2075.0,2071.6,2073.3,34946,KOTAKBANK
7472,2025-05-28 13:10:00+05:30,2074.1,2074.1,2071.6,2072.3,7884,KOTAKBANK
7473,2025-05-28 13:15:00+05:30,2073.0,2076.6,2072.19,2073.1,51527,KOTAKBANK
7474,2025-05-28 13:20:00+05:30,2073.19,2073.3,2069.8,2070.9,46864,KOTAKBANK
7475,2025-05-28 13:25:00+05:30,2070.9,2073.8,2066.6,2072.69,68778,KOTAKBANK
7476,2025-05-28 13:30:00+05:30,2073.19,2073.6,2070.0,2070.5,16742,KOTAKBANK
7477,2025-05-28 13:35:00+05:30,2071.5,2071.69,2068.19,2069.1,29016,KOTAKBANK
7478,2025-05-28 13:40:00+05:30,2069.1,2073.9,2068.3,2072.0,68311,KOTAKBANK
7479,2025-05-28 13:45:00+05:30,2071.5,2072.19,2070.0,2070.4,13141,KOTAKBANK
7480,2025-05-28 13:50:00+05:30,2070.3,2071.8,2068.0,2070.69,45437,KOTAKBANK
7481,2025-05-28 13:55:00+05:30,2070.1,2072.0,2069.8,2070.5,6131,KOTAKBANK
7482,2025-05-28 14:00:00+05:30,2071.19,2071.19,2069.6,2070.19,5208,KOTAKBANK
7483,2025-05-28 14:05:00+05:30,2070.1,2072.0,2070.0,2071.6,4908,KOTAKBANK
7484,2025-05-28 14:10:00+05:30,2071.0,2074.0,2070.6,2073.3,10937,KOTAKBANK
7485,2025-05-28 14:15:00+05:30,2073.3,2073.8,2072.0,2072.6,7445,KOTAKBANK
7486,2025-05-28 14:20:00+05:30,2072.6,2074.0,2072.4,2073.69,6635,KOTAKBANK
7487,2025-05-28 14:25:00+05:30,2073.69,2073.69,2069.19,2070.6,28662,KOTAKBANK
7488,2025-05-28 14:30:00+05:30,2069.9,2078.9,2069.19,2077.3,83253,KOTAKBANK
7489,2025-05-28 14:35:00+05:30,2077.4,2079.4,2075.0,2076.1,15571,KOTAKBANK
7490,2025-05-28 14:40:00+05:30,2076.69,2076.69,2074.3,2075.69,7621,KOTAKBANK
7491,2025-05-28 14:45:00+05:30,2075.69,2076.5,2073.0,2074.5,8479,KOTAKBANK
7492,2025-05-28 14:50:00+05:30,2074.19,2075.3,2071.3,2072.0,53092,KOTAKBANK
7493,2025-05-28 14:55:00+05:30,2072.0,2075.0,2071.1,2074.3,11581,KOTAKBANK
7494,2025-05-28 15:00:00+05:30,2074.3,2074.9,2071.9,2073.19,36174,KOTAKBANK
7495,2025-05-28 15:05:00+05:30,2073.19,2076.0,2072.4,2075.0,47329,KOTAKBANK
7496,2025-05-28 15:10:00+05:30,2075.0,2075.0,2071.19,2073.6,66924,KOTAKBANK
7497,2025-05-28 15:15:00+05:30,2073.6,2076.5,2073.6,2075.9,63771,KOTAKBANK
7498,2025-05-28 15:20:00+05:30,2075.8,2076.19,2073.4,2073.6,41374,KOTAKBANK
7499,2025-05-28 15:25:00+05:30,2073.6,2075.8,2073.19,2075.8,37386,KOTAKBANK
7500,2025-05-29 09:15:00+05:30,2077.3,2087.0,2077.3,2082.0,105315,KOTAKBANK
7501,2025-05-29 09:20:00+05:30,2081.19,2082.8,2073.19,2073.19,39800,KOTAKBANK
7502,2025-05-29 09:25:00+05:30,2073.9,2079.1,2072.8,2076.0,54183,KOTAKBANK
7503,2025-05-29 09:30:00+05:30,2076.19,2082.0,2076.19,2079.8,74176,KOTAKBANK
7504,2025-05-29 09:35:00+05:30,2080.19,2081.69,2075.3,2076.6,33451,KOTAKBANK
7505,2025-05-29 09:40:00+05:30,2077.0,2081.0,2074.3,2079.69,34844,KOTAKBANK
7506,2025-05-29 09:45:00+05:30,2079.4,2080.0,2075.0,2078.0,21518,KOTAKBANK
7507,2025-05-29 09:50:00+05:30,2078.1,2078.4,2074.3,2076.69,12369,KOTAKBANK
7508,2025-05-29 09:55:00+05:30,2076.69,2077.69,2075.8,2077.19,10789,KOTAKBANK
7509,2025-05-29 10:00:00+05:30,2077.19,2080.8,2075.1,2079.9,40234,KOTAKBANK
7510,2025-05-29 10:05:00+05:30,2080.0,2082.19,2077.19,2077.19,83233,KOTAKBANK
7511,2025-05-29 10:10:00+05:30,2077.1,2077.3,2069.1,2070.8,65474,KOTAKBANK
7512,2025-05-29 10:15:00+05:30,2070.8,2072.5,2068.1,2070.8,53769,KOTAKBANK
7513,2025-05-29 10:20:00+05:30,2070.8,2071.9,2070.1,2071.1,7646,KOTAKBANK
7514,2025-05-29 10:25:00+05:30,2071.1,2071.3,2068.1,2069.4,34329,KOTAKBANK
7515,2025-05-29 10:30:00+05:30,2069.0,2069.69,2062.0,2064.1,75660,KOTAKBANK
7516,2025-05-29 10:35:00+05:30,2064.1,2066.69,2063.1,2064.0,20232,KOTAKBANK
7517,2025-05-29 10:40:00+05:30,2063.8,2067.1,2063.8,2065.0,34997,KOTAKBANK
7518,2025-05-29 10:45:00+05:30,2064.9,2065.4,2063.69,2063.9,13689,KOTAKBANK
7519,2025-05-29 10:50:00+05:30,2063.8,2065.19,2063.0,2063.9,10255,KOTAKBANK
7520,2025-05-29 10:55:00+05:30,2063.8,2066.69,2063.3,2064.5,36105,KOTAKBANK
7521,2025-05-29 11:00:00+05:30,2064.4,2065.19,2062.0,2062.1,25349,KOTAKBANK
7522,2025-05-29 11:05:00+05:30,2062.1,2064.19,2062.0,2062.1,11592,KOTAKBANK
7523,2025-05-29 11:10:00+05:30,2062.0,2066.19,2062.0,2064.0,51633,KOTAKBANK
7524,2025-05-29 11:15:00+05:30,2064.4,2065.69,2061.0,2063.4,27886,KOTAKBANK
7525,2025-05-29 11:20:00+05:30,2063.19,2065.0,2063.0,2063.9,34006,KOTAKBANK
7526,2025-05-29 11:25:00+05:30,2063.8,2066.0,2063.5,2064.3,23852,KOTAKBANK
7527,2025-05-29 11:30:00+05:30,2064.69,2065.69,2063.5,2064.6,13835,KOTAKBANK
7528,2025-05-29 11:35:00+05:30,2064.5,2065.6,2061.8,2064.0,72631,KOTAKBANK
7529,2025-05-29 11:40:00+05:30,2063.8,2064.4,2060.69,2060.69,17528,KOTAKBANK
7530,2025-05-29 11:45:00+05:30,2061.19,2062.5,2060.1,2061.0,23880,KOTAKBANK
7531,2025-05-29 11:50:00+05:30,2061.0,2061.6,2059.69,2060.19,22882,KOTAKBANK
7532,2025-05-29 11:55:00+05:30,2060.4,2061.1,2059.9,2060.3,19622,KOTAKBANK
7533,2025-05-29 12:00:00+05:30,2060.19,2061.6,2059.4,2061.5,21534,KOTAKBANK
7534,2025-05-29 12:05:00+05:30,2061.5,2062.0,2059.69,2059.69,18568,KOTAKBANK
7535,2025-05-29 12:10:00+05:30,2059.69,2060.6,2058.5,2058.9,31647,KOTAKBANK
7536,2025-05-29 12:15:00+05:30,2058.9,2058.9,2055.19,2056.5,30786,KOTAKBANK
7537,2025-05-29 12:20:00+05:30,2056.5,2057.6,2055.0,2056.4,50074,KOTAKBANK
7538,2025-05-29 12:25:00+05:30,2056.4,2060.5,2056.4,2059.9,53959,KOTAKBANK
7539,2025-05-29 12:30:00+05:30,2059.9,2060.5,2057.8,2059.3,18723,KOTAKBANK
7540,2025-05-29 12:35:00+05:30,2059.4,2063.1,2057.1,2058.0,121450,KOTAKBANK
7541,2025-05-29 12:40:00+05:30,2058.0,2060.8,2057.1,2059.1,20547,KOTAKBANK
7542,2025-05-29 12:45:00+05:30,2058.9,2064.19,2057.69,2062.6,82112,KOTAKBANK
7543,2025-05-29 12:50:00+05:30,2062.6,2064.19,2061.1,2062.8,61530,KOTAKBANK
7544,2025-05-29 12:55:00+05:30,2062.8,2068.6,2062.8,2066.5,84911,KOTAKBANK
7545,2025-05-29 13:00:00+05:30,2066.6,2067.8,2062.5,2063.0,89318,KOTAKBANK
7546,2025-05-29 13:05:00+05:30,2063.1,2064.9,2062.0,2062.5,16295,KOTAKBANK
7547,2025-05-29 13:10:00+05:30,2062.5,2065.0,2061.19,2064.69,46208,KOTAKBANK
7548,2025-05-29 13:15:00+05:30,2064.6,2065.69,2061.1,2062.1,57617,KOTAKBANK
7549,2025-05-29 13:20:00+05:30,2062.4,2066.69,2061.5,2064.9,76003,KOTAKBANK
7550,2025-05-29 13:25:00+05:30,2064.8,2069.4,2064.4,2069.4,93694,KOTAKBANK
7551,2025-05-29 13:30:00+05:30,2069.4,2071.9,2068.6,2070.0,43138,KOTAKBANK
7552,2025-05-29 13:35:00+05:30,2070.0,2071.69,2069.5,2071.4,20694,KOTAKBANK
7553,2025-05-29 13:40:00+05:30,2071.3,2072.0,2070.19,2071.19,18671,KOTAKBANK
7554,2025-05-29 13:45:00+05:30,2071.69,2073.0,2071.1,2071.9,18481,KOTAKBANK
7555,2025-05-29 13:50:00+05:30,2071.9,2074.19,2071.6,2073.3,29308,KOTAKBANK
7556,2025-05-29 13:55:00+05:30,2073.3,2073.5,2070.0,2072.5,100194,KOTAKBANK
7557,2025-05-29 14:00:00+05:30,2072.5,2074.8,2072.0,2072.1,86697,KOTAKBANK
7558,2025-05-29 14:05:00+05:30,2072.5,2073.9,2070.3,2070.8,72016,KOTAKBANK
7559,2025-05-29 14:10:00+05:30,2070.8,2072.9,2066.19,2068.3,99819,KOTAKBANK
7560,2025-05-29 14:15:00+05:30,2068.9,2068.9,2064.0,2065.8,70664,KOTAKBANK
7561,2025-05-29 14:20:00+05:30,2065.9,2066.0,2062.9,2065.19,31925,KOTAKBANK
7562,2025-05-29 14:25:00+05:30,2065.19,2066.0,2063.5,2065.8,30883,KOTAKBANK
7563,2025-05-29 14:30:00+05:30,2065.5,2067.0,2063.5,2064.0,66193,KOTAKBANK
7564,2025-05-29 14:35:00+05:30,2064.0,2066.0,2063.5,2065.1,51306,KOTAKBANK
7565,2025-05-29 14:40:00+05:30,2064.69,2066.0,2063.19,2065.5,74835,KOTAKBANK
7566,2025-05-29 14:45:00+05:30,2065.5,2066.5,2060.19,2062.8,126491,KOTAKBANK
7567,2025-05-29 14:50:00+05:30,2062.8,2064.5,2062.0,2064.3,38263,KOTAKBANK
7568,2025-05-29 14:55:00+05:30,2064.3,2065.8,2063.0,2063.8,152681,KOTAKBANK
7569,2025-05-29 15:00:00+05:30,2063.8,2075.1,2063.69,2072.8,282472,KOTAKBANK
7570,2025-05-29 15:05:00+05:30,2073.0,2082.6,2072.8,2077.6,314520,KOTAKBANK
7571,2025-05-29 15:10:00+05:30,2076.8,2087.4,2076.69,2087.0,263970,KOTAKBANK
7572,2025-05-29 15:15:00+05:30,2087.0,2088.0,2083.5,2085.6,362083,KOTAKBANK
7573,2025-05-29 15:20:00+05:30,2085.6,2086.69,2083.1,2085.8,266257,KOTAKBANK
7574,2025-05-29 15:25:00+05:30,2085.19,2096.0,2085.19,2095.5,177594,KOTAKBANK
7575,2025-05-30 09:15:00+05:30,2081.6,2090.19,2072.69,2079.0,97783,KOTAKBANK
7576,2025-05-30 09:20:00+05:30,2078.6,2087.5,2077.3,2086.0,32835,KOTAKBANK
7577,2025-05-30 09:25:00+05:30,2086.4,2089.0,2083.69,2087.69,29447,KOTAKBANK
7578,2025-05-30 09:30:00+05:30,2088.1,2088.1,2081.8,2083.5,17434,KOTAKBANK
7579,2025-05-30 09:35:00+05:30,2082.8,2083.4,2079.6,2080.69,26712,KOTAKBANK
7580,2025-05-30 09:40:00+05:30,2081.0,2081.4,2077.9,2079.6,51010,KOTAKBANK
7581,2025-05-30 09:45:00+05:30,2079.6,2080.0,2073.8,2074.8,51965,KOTAKBANK
7582,2025-05-30 09:50:00+05:30,2075.0,2077.4,2072.4,2073.1,35693,KOTAKBANK
7583,2025-05-30 09:55:00+05:30,2073.1,2076.1,2072.6,2075.5,46181,KOTAKBANK
7584,2025-05-30 10:00:00+05:30,2075.5,2077.4,2073.0,2077.3,44700,KOTAKBANK
7585,2025-05-30 10:05:00+05:30,2077.1,2079.1,2076.4,2079.1,51725,KOTAKBANK
7586,2025-05-30 10:10:00+05:30,2079.0,2081.19,2077.9,2080.1,37545,KOTAKBANK
7587,2025-05-30 10:15:00+05:30,2080.4,2081.9,2079.1,2080.0,33085,KOTAKBANK
7588,2025-05-30 10:20:00+05:30,2080.0,2082.19,2079.0,2080.69,36625,KOTAKBANK
7589,2025-05-30 10:25:00+05:30,2080.6,2083.0,2080.5,2081.4,24765,KOTAKBANK
7590,2025-05-30 10:30:00+05:30,2081.5,2081.5,2074.9,2075.19,33401,KOTAKBANK
7591,2025-05-30 10:35:00+05:30,2075.3,2077.6,2074.3,2076.5,29523,KOTAKBANK
7592,2025-05-30 10:40:00+05:30,2076.6,2078.19,2075.0,2075.0,28139,KOTAKBANK
7593,2025-05-30 10:45:00+05:30,2075.1,2075.1,2072.5,2073.0,29830,KOTAKBANK
7594,2025-05-30 10:50:00+05:30,2073.1,2074.69,2072.9,2073.9,35347,KOTAKBANK
7595,2025-05-30 10:55:00+05:30,2073.9,2075.0,2072.69,2073.6,34736,KOTAKBANK
7596,2025-05-30 11:00:00+05:30,2073.69,2075.9,2073.4,2074.0,32497,KOTAKBANK
7597,2025-05-30 11:05:00+05:30,2074.0,2075.4,2073.9,2075.0,33615,KOTAKBANK
7598,2025-05-30 11:10:00+05:30,2075.1,2075.3,2073.9,2075.1,61751,KOTAKBANK
7599,2025-05-30 11:15:00+05:30,2075.1,2077.69,2074.9,2076.8,33100,KOTAKBANK
7600,2025-05-30 11:20:00+05:30,2076.9,2078.0,2076.0,2077.3,28480,KOTAKBANK
7601,2025-05-30 11:25:00+05:30,2077.5,2080.0,2077.3,2079.1,33436,KOTAKBANK
7602,2025-05-30 11:30:00+05:30,2079.1,2080.6,2078.6,2079.0,35273,KOTAKBANK
7603,2025-05-30 11:35:00+05:30,2079.1,2079.1,2074.5,2075.6,39062,KOTAKBANK
7604,2025-05-30 11:40:00+05:30,2075.6,2075.8,2074.69,2075.0,33288,KOTAKBANK
7605,2025-05-30 11:45:00+05:30,2075.1,2077.0,2074.5,2075.0,68796,KOTAKBANK
7606,2025-05-30 11:50:00+05:30,2075.0,2075.19,2074.9,2075.0,28494,KOTAKBANK
7607,2025-05-30 11:55:00+05:30,2075.1,2075.1,2071.19,2071.19,33774,KOTAKBANK
7608,2025-05-30 12:00:00+05:30,2071.4,2071.5,2068.6,2069.5,38418,KOTAKBANK
7609,2025-05-30 12:05:00+05:30,2069.5,2069.9,2068.1,2068.6,29989,KOTAKBANK
7610,2025-05-30 12:10:00+05:30,2068.69,2069.9,2067.19,2067.5,30497,KOTAKBANK
7611,2025-05-30 12:15:00+05:30,2067.5,2069.1,2065.8,2068.4,30499,KOTAKBANK
7612,2025-05-30 12:20:00+05:30,2068.3,2069.8,2067.5,2068.3,36552,KOTAKBANK
7613,2025-05-30 12:25:00+05:30,2068.3,2069.19,2068.3,2068.5,26144,KOTAKBANK
7614,2025-05-30 12:30:00+05:30,2068.6,2070.4,2068.0,2069.19,34324,KOTAKBANK
7615,2025-05-30 12:35:00+05:30,2069.19,2071.69,2067.4,2068.1,43565,KOTAKBANK
7616,2025-05-30 12:40:00+05:30,2068.19,2069.0,2066.69,2066.69,38788,KOTAKBANK
7617,2025-05-30 12:45:00+05:30,2066.8,2068.5,2066.69,2067.8,30120,KOTAKBANK
7618,2025-05-30 12:50:00+05:30,2068.0,2069.4,2067.4,2067.9,40834,KOTAKBANK
7619,2025-05-30 12:55:00+05:30,2068.0,2072.1,2067.9,2070.1,34535,KOTAKBANK
7620,2025-05-30 13:00:00+05:30,2070.1,2073.19,2069.6,2072.0,74367,KOTAKBANK
7621,2025-05-30 13:05:00+05:30,2072.1,2072.3,2070.0,2071.1,40074,KOTAKBANK
7622,2025-05-30 13:10:00+05:30,2071.19,2072.1,2070.0,2071.6,28839,KOTAKBANK
7623,2025-05-30 13:15:00+05:30,2071.6,2072.1,2069.0,2069.3,38341,KOTAKBANK
7624,2025-05-30 13:20:00+05:30,2069.5,2070.19,2065.6,2067.3,53954,KOTAKBANK
7625,2025-05-30 13:25:00+05:30,2067.4,2070.0,2065.9,2068.6,100906,KOTAKBANK
7626,2025-05-30 13:30:00+05:30,2068.6,2071.19,2068.0,2068.9,63208,KOTAKBANK
7627,2025-05-30 13:35:00+05:30,2069.0,2069.9,2067.1,2067.5,66566,KOTAKBANK
7628,2025-05-30 13:40:00+05:30,2067.6,2069.8,2066.9,2067.3,53224,KOTAKBANK
7629,2025-05-30 13:45:00+05:30,2067.5,2068.3,2066.19,2066.8,52281,KOTAKBANK
7630,2025-05-30 13:50:00+05:30,2066.8,2068.6,2066.6,2068.1,41704,KOTAKBANK
7631,2025-05-30 13:55:00+05:30,2068.3,2071.5,2067.69,2070.0,67059,KOTAKBANK
7632,2025-05-30 14:00:00+05:30,2070.1,2071.69,2068.3,2070.0,63902,KOTAKBANK
7633,2025-05-30 14:05:00+05:30,2070.19,2070.3,2065.5,2065.6,73892,KOTAKBANK
7634,2025-05-30 14:10:00+05:30,2065.69,2068.0,2065.5,2067.69,48229,KOTAKBANK
7635,2025-05-30 14:15:00+05:30,2067.6,2067.69,2066.0,2066.69,44967,KOTAKBANK
7636,2025-05-30 14:20:00+05:30,2066.8,2070.1,2066.69,2069.19,80615,KOTAKBANK
7637,2025-05-30 14:25:00+05:30,2069.3,2072.6,2069.19,2071.4,61929,KOTAKBANK
7638,2025-05-30 14:30:00+05:30,2071.19,2073.6,2068.8,2069.1,52132,KOTAKBANK
7639,2025-05-30 14:35:00+05:30,2069.1,2070.5,2067.3,2067.4,47626,KOTAKBANK
7640,2025-05-30 14:40:00+05:30,2067.3,2068.1,2067.0,2067.69,60112,KOTAKBANK
7641,2025-05-30 14:45:00+05:30,2067.8,2068.1,2067.19,2067.69,50153,KOTAKBANK
7642,2025-05-30 14:50:00+05:30,2067.6,2068.0,2067.0,2067.69,53463,KOTAKBANK
7643,2025-05-30 14:55:00+05:30,2067.69,2072.0,2065.69,2071.1,102010,KOTAKBANK
7644,2025-05-30 15:00:00+05:30,2071.0,2078.6,2069.5,2073.3,1263602,KOTAKBANK
7645,2025-05-30 15:05:00+05:30,2073.4,2074.9,2069.6,2070.9,1149567,KOTAKBANK
7646,2025-05-30 15:10:00+05:30,2070.9,2075.0,2070.69,2074.6,971289,KOTAKBANK
7647,2025-05-30 15:15:00+05:30,2074.6,2078.4,2074.6,2078.3,1178310,KOTAKBANK
7648,2025-05-30 15:20:00+05:30,2078.3,2078.3,2073.1,2074.9,1333799,KOTAKBANK
7649,2025-05-30 15:25:00+05:30,2074.9,2083.19,2071.4,2077.3,804857,KOTAKBANK
7650,2025-06-02 09:15:00+05:30,2067.0,2075.8,2055.0,2056.5,107319,KOTAKBANK
7651,2025-06-02 09:20:00+05:30,2056.1,2057.2,2051.2,2056.3,55150,KOTAKBANK
7652,2025-06-02 09:25:00+05:30,2055.4,2057.5,2053.8,2054.6,51904,KOTAKBANK
7653,2025-06-02 09:30:00+05:30,2054.6,2056.0,2051.2,2055.6,31351,KOTAKBANK
7654,2025-06-02 09:35:00+05:30,2055.6,2066.3,2055.6,2066.3,83568,KOTAKBANK
7655,2025-06-02 09:40:00+05:30,2066.6,2069.9,2064.3,2067.6,50600,KOTAKBANK
7656,2025-06-02 09:45:00+05:30,2067.8,2071.9,2065.7,2070.2,36955,KOTAKBANK
7657,2025-06-02 09:50:00+05:30,2070.9,2070.9,2064.3,2065.2,30670,KOTAKBANK
7658,2025-06-02 09:55:00+05:30,2065.4,2065.7,2058.4,2064.9,90610,KOTAKBANK
7659,2025-06-02 10:00:00+05:30,2064.9,2067.2,2063.1,2064.0,18740,KOTAKBANK
7660,2025-06-02 10:05:00+05:30,2064.0,2065.3,2063.1,2064.6,16397,KOTAKBANK
7661,2025-06-02 10:10:00+05:30,2064.6,2066.8,2061.2,2062.8,25811,KOTAKBANK
7662,2025-06-02 10:15:00+05:30,2062.8,2067.9,2060.2,2065.8,32226,KOTAKBANK
7663,2025-06-02 10:20:00+05:30,2065.8,2066.0,2063.9,2065.5,11568,KOTAKBANK
7664,2025-06-02 10:25:00+05:30,2065.2,2065.8,2063.0,2064.0,12619,KOTAKBANK
7665,2025-06-02 10:30:00+05:30,2063.2,2065.5,2063.0,2063.9,13490,KOTAKBANK
7666,2025-06-02 10:35:00+05:30,2063.9,2068.1,2063.3,2066.2,20927,KOTAKBANK
7667,2025-06-02 10:40:00+05:30,2066.4,2066.7,2063.5,2064.5,17528,KOTAKBANK
7668,2025-06-02 10:45:00+05:30,2064.5,2065.1,2063.0,2063.1,16744,KOTAKBANK
7669,2025-06-02 10:50:00+05:30,2063.1,2064.0,2060.6,2061.1,21268,KOTAKBANK
7670,2025-06-02 10:55:00+05:30,2061.1,2062.5,2060.4,2061.4,10122,KOTAKBANK
7671,2025-06-02 11:00:00+05:30,2061.4,2062.1,2060.3,2061.6,13479,KOTAKBANK
7672,2025-06-02 11:05:00+05:30,2061.6,2062.2,2059.0,2059.0,33205,KOTAKBANK
7673,2025-06-02 11:10:00+05:30,2059.7,2060.5,2058.1,2058.4,23364,KOTAKBANK
7674,2025-06-02 11:15:00+05:30,2058.6,2059.9,2057.0,2059.7,33596,KOTAKBANK
7675,2025-06-02 11:20:00+05:30,2059.8,2063.1,2059.5,2059.9,32724,KOTAKBANK
7676,2025-06-02 11:25:00+05:30,2060.0,2060.9,2059.2,2060.0,14287,KOTAKBANK
7677,2025-06-02 11:30:00+05:30,2060.0,2060.9,2059.5,2060.7,12628,KOTAKBANK
7678,2025-06-02 11:35:00+05:30,2060.8,2065.8,2060.7,2065.1,27182,KOTAKBANK
7679,2025-06-02 11:40:00+05:30,2065.1,2066.3,2065.0,2065.7,12701,KOTAKBANK
7680,2025-06-02 11:45:00+05:30,2065.7,2068.3,2062.6,2067.6,54379,KOTAKBANK
7681,2025-06-02 11:50:00+05:30,2068.3,2069.7,2067.1,2067.6,21726,KOTAKBANK
7682,2025-06-02 11:55:00+05:30,2067.6,2068.9,2066.1,2068.0,16924,KOTAKBANK
7683,2025-06-02 12:00:00+05:30,2068.0,2068.0,2065.5,2065.5,17032,KOTAKBANK
7684,2025-06-02 12:05:00+05:30,2065.4,2066.9,2065.0,2065.2,34644,KOTAKBANK
7685,2025-06-02 12:10:00+05:30,2065.2,2065.4,2064.9,2065.3,25780,KOTAKBANK
7686,2025-06-02 12:15:00+05:30,2065.3,2065.9,2064.6,2064.6,28047,KOTAKBANK
7687,2025-06-02 12:20:00+05:30,2065.0,2066.4,2064.6,2065.1,22150,KOTAKBANK
7688,2025-06-02 12:25:00+05:30,2065.2,2066.5,2064.3,2065.6,37616,KOTAKBANK
7689,2025-06-02 12:30:00+05:30,2065.7,2070.9,2065.0,2070.5,47495,KOTAKBANK
7690,2025-06-02 12:35:00+05:30,2070.6,2071.9,2069.4,2071.6,30602,KOTAKBANK
7691,2025-06-02 12:40:00+05:30,2071.6,2071.8,2066.0,2067.6,38006,KOTAKBANK
7692,2025-06-02 12:45:00+05:30,2067.8,2068.3,2066.3,2066.5,25629,KOTAKBANK
7693,2025-06-02 12:50:00+05:30,2066.5,2068.7,2065.8,2067.4,26016,KOTAKBANK
7694,2025-06-02 12:55:00+05:30,2067.5,2068.0,2062.8,2063.9,68059,KOTAKBANK
7695,2025-06-02 13:00:00+05:30,2063.5,2065.6,2062.8,2062.8,31225,KOTAKBANK
7696,2025-06-02 13:05:00+05:30,2062.9,2063.0,2061.0,2061.2,28063,KOTAKBANK
7697,2025-06-02 13:10:00+05:30,2061.2,2062.6,2060.6,2062.5,22577,KOTAKBANK
7698,2025-06-02 13:15:00+05:30,2062.6,2063.7,2061.7,2062.7,17175,KOTAKBANK
7699,2025-06-02 13:20:00+05:30,2062.7,2064.1,2061.5,2062.7,19209,KOTAKBANK
7700,2025-06-02 13:25:00+05:30,2062.7,2063.1,2061.7,2062.0,16818,KOTAKBANK
7701,2025-06-02 13:30:00+05:30,2062.0,2063.6,2061.7,2062.0,16936,KOTAKBANK
7702,2025-06-02 13:35:00+05:30,2062.1,2066.0,2061.6,2065.1,29835,KOTAKBANK
7703,2025-06-02 13:40:00+05:30,2065.1,2067.1,2063.9,2066.2,30986,KOTAKBANK
7704,2025-06-02 13:45:00+05:30,2066.7,2067.8,2065.1,2065.5,22474,KOTAKBANK
7705,2025-06-02 13:50:00+05:30,2065.5,2066.4,2064.3,2065.1,26518,KOTAKBANK
7706,2025-06-02 13:55:00+05:30,2064.8,2065.9,2061.8,2062.6,38236,KOTAKBANK
7707,2025-06-02 14:00:00+05:30,2062.8,2065.4,2062.3,2064.1,31373,KOTAKBANK
7708,2025-06-02 14:05:00+05:30,2064.0,2064.6,2062.1,2063.2,27076,KOTAKBANK
7709,2025-06-02 14:10:00+05:30,2063.2,2065.0,2062.2,2064.7,33804,KOTAKBANK
7710,2025-06-02 14:15:00+05:30,2064.7,2065.3,2062.4,2063.3,25313,KOTAKBANK
7711,2025-06-02 14:20:00+05:30,2063.3,2064.2,2062.0,2062.2,25725,KOTAKBANK
7712,2025-06-02 14:25:00+05:30,2062.3,2064.6,2061.5,2061.5,51800,KOTAKBANK
7713,2025-06-02 14:30:00+05:30,2061.6,2062.9,2058.0,2060.0,53647,KOTAKBANK
7714,2025-06-02 14:35:00+05:30,2060.1,2060.3,2056.4,2058.0,52487,KOTAKBANK
7715,2025-06-02 14:40:00+05:30,2058.1,2059.9,2057.6,2059.2,30881,KOTAKBANK
7716,2025-06-02 14:45:00+05:30,2058.9,2061.0,2057.8,2058.7,56714,KOTAKBANK
7717,2025-06-02 14:50:00+05:30,2058.8,2061.8,2058.5,2061.4,38131,KOTAKBANK
7718,2025-06-02 14:55:00+05:30,2061.4,2063.6,2060.4,2063.1,36875,KOTAKBANK
7719,2025-06-02 15:00:00+05:30,2063.1,2068.1,2063.1,2064.9,69457,KOTAKBANK
7720,2025-06-02 15:05:00+05:30,2065.0,2066.2,2064.4,2064.7,61496,KOTAKBANK
7721,2025-06-02 15:10:00+05:30,2064.8,2065.8,2063.9,2064.2,58248,KOTAKBANK
7722,2025-06-02 15:15:00+05:30,2064.3,2065.2,2063.3,2063.4,88456,KOTAKBANK
7723,2025-06-02 15:20:00+05:30,2063.5,2063.9,2061.0,2062.0,87344,KOTAKBANK
7724,2025-06-02 15:25:00+05:30,2061.6,2064.6,2060.1,2061.2,119408,KOTAKBANK
7725,2025-06-03 09:15:00+05:30,2070.0,2075.8,2061.2,2064.0,298698,KOTAKBANK
7726,2025-06-03 09:20:00+05:30,2064.0,2064.9,2060.2,2060.2,126826,KOTAKBANK
7727,2025-06-03 09:25:00+05:30,2060.1,2063.0,2056.0,2057.2,133997,KOTAKBANK
7728,2025-06-03 09:30:00+05:30,2057.0,2057.0,2050.4,2050.7,114653,KOTAKBANK
7729,2025-06-03 09:35:00+05:30,2050.7,2056.0,2050.0,2055.0,145147,KOTAKBANK
7730,2025-06-03 09:40:00+05:30,2055.1,2055.9,2049.4,2049.4,121497,KOTAKBANK
7731,2025-06-03 09:45:00+05:30,2049.4,2051.9,2047.0,2051.6,119611,KOTAKBANK
7732,2025-06-03 09:50:00+05:30,2051.6,2055.0,2051.1,2051.4,76069,KOTAKBANK
7733,2025-06-03 09:55:00+05:30,2051.4,2053.4,2048.1,2050.9,91653,KOTAKBANK
7734,2025-06-03 10:00:00+05:30,2050.4,2052.0,2047.9,2048.5,48841,KOTAKBANK
7735,2025-06-03 10:05:00+05:30,2048.5,2049.5,2043.6,2043.7,87438,KOTAKBANK
7736,2025-06-03 10:10:00+05:30,2043.7,2045.0,2043.0,2043.5,99139,KOTAKBANK
7737,2025-06-03 10:15:00+05:30,2043.5,2054.1,2043.0,2054.1,115127,KOTAKBANK
7738,2025-06-03 10:20:00+05:30,2053.6,2057.9,2053.5,2057.6,176081,KOTAKBANK
7739,2025-06-03 10:25:00+05:30,2057.6,2059.2,2053.9,2054.9,91987,KOTAKBANK
7740,2025-06-03 10:30:00+05:30,2054.4,2058.5,2053.2,2056.6,64276,KOTAKBANK
7741,2025-06-03 10:35:00+05:30,2056.6,2057.0,2047.8,2049.1,60997,KOTAKBANK
7742,2025-06-03 10:40:00+05:30,2049.1,2050.0,2045.7,2049.1,71476,KOTAKBANK
7743,2025-06-03 10:45:00+05:30,2049.1,2051.8,2047.7,2050.0,42183,KOTAKBANK
7744,2025-06-03 10:50:00+05:30,2050.0,2050.4,2046.6,2048.5,48685,KOTAKBANK
7745,2025-06-03 10:55:00+05:30,2048.4,2050.6,2048.1,2049.0,46168,KOTAKBANK
7746,2025-06-03 11:00:00+05:30,2048.9,2049.9,2047.0,2047.5,42884,KOTAKBANK
7747,2025-06-03 11:05:00+05:30,2047.5,2049.6,2046.4,2047.5,44751,KOTAKBANK
7748,2025-06-03 11:10:00+05:30,2047.3,2049.7,2045.0,2045.0,60032,KOTAKBANK
7749,2025-06-03 11:15:00+05:30,2045.0,2047.9,2043.5,2046.9,69912,KOTAKBANK
7750,2025-06-03 11:20:00+05:30,2046.9,2047.2,2045.1,2046.2,57711,KOTAKBANK
7751,2025-06-03 11:25:00+05:30,2046.1,2050.2,2045.0,2050.2,55893,KOTAKBANK
7752,2025-06-03 11:30:00+05:30,2050.1,2053.9,2049.0,2053.0,73894,KOTAKBANK
7753,2025-06-03 11:35:00+05:30,2052.9,2054.0,2049.5,2050.1,51904,KOTAKBANK
7754,2025-06-03 11:40:00+05:30,2050.1,2050.2,2046.3,2049.3,47669,KOTAKBANK
7755,2025-06-03 11:45:00+05:30,2049.4,2049.7,2047.0,2048.8,49874,KOTAKBANK
7756,2025-06-03 11:50:00+05:30,2048.7,2051.0,2047.7,2049.4,57619,KOTAKBANK
7757,2025-06-03 11:55:00+05:30,2049.4,2049.4,2046.0,2046.7,41296,KOTAKBANK
7758,2025-06-03 12:00:00+05:30,2046.7,2048.2,2044.8,2047.6,82414,KOTAKBANK
7759,2025-06-03 12:05:00+05:30,2047.8,2048.8,2045.5,2046.4,44199,KOTAKBANK
7760,2025-06-03 12:10:00+05:30,2046.4,2046.4,2043.2,2043.5,53158,KOTAKBANK
7761,2025-06-03 12:15:00+05:30,2043.4,2044.8,2041.8,2043.2,77831,KOTAKBANK
7762,2025-06-03 12:20:00+05:30,2043.1,2043.8,2041.3,2041.4,59603,KOTAKBANK
7763,2025-06-03 12:25:00+05:30,2041.3,2043.4,2040.8,2042.2,48064,KOTAKBANK
7764,2025-06-03 12:30:00+05:30,2042.2,2045.8,2041.6,2044.7,75286,KOTAKBANK
7765,2025-06-03 12:35:00+05:30,2044.6,2048.0,2044.3,2046.0,54098,KOTAKBANK
7766,2025-06-03 12:40:00+05:30,2046.0,2048.0,2045.9,2046.4,45781,KOTAKBANK
7767,2025-06-03 12:45:00+05:30,2046.4,2046.6,2040.0,2040.7,64254,KOTAKBANK
7768,2025-06-03 12:50:00+05:30,2040.7,2040.9,2035.2,2037.1,140714,KOTAKBANK
7769,2025-06-03 12:55:00+05:30,2036.8,2040.3,2036.3,2038.3,58294,KOTAKBANK
7770,2025-06-03 13:00:00+05:30,2038.3,2040.7,2037.2,2038.1,73017,KOTAKBANK
7771,2025-06-03 13:05:00+05:30,2038.0,2039.3,2034.6,2039.3,150206,KOTAKBANK
7772,2025-06-03 13:10:00+05:30,2038.0,2039.9,2036.7,2039.1,92615,KOTAKBANK
7773,2025-06-03 13:15:00+05:30,2039.0,2039.8,2036.1,2037.9,85167,KOTAKBANK
7774,2025-06-03 13:20:00+05:30,2037.9,2040.4,2036.3,2036.6,72932,KOTAKBANK
7775,2025-06-03 13:25:00+05:30,2036.5,2037.6,2035.4,2036.2,61517,KOTAKBANK
7776,2025-06-03 13:30:00+05:30,2036.1,2039.4,2036.0,2037.4,71779,KOTAKBANK
7777,2025-06-03 13:35:00+05:30,2037.4,2040.0,2037.3,2038.2,80323,KOTAKBANK
7778,2025-06-03 13:40:00+05:30,2038.1,2038.2,2035.0,2035.9,75334,KOTAKBANK
7779,2025-06-03 13:45:00+05:30,2035.7,2037.8,2035.0,2036.0,57424,KOTAKBANK
7780,2025-06-03 13:50:00+05:30,2036.0,2038.7,2035.5,2036.9,86692,KOTAKBANK
7781,2025-06-03 13:55:00+05:30,2036.6,2038.5,2036.6,2037.9,62166,KOTAKBANK
7782,2025-06-03 14:00:00+05:30,2037.8,2038.7,2036.4,2036.7,56315,KOTAKBANK
7783,2025-06-03 14:05:00+05:30,2036.7,2038.7,2036.4,2037.2,71658,KOTAKBANK
7784,2025-06-03 14:10:00+05:30,2037.2,2039.5,2034.2,2038.4,108573,KOTAKBANK
7785,2025-06-03 14:15:00+05:30,2038.3,2042.6,2037.9,2041.8,101888,KOTAKBANK
7786,2025-06-03 14:20:00+05:30,2041.5,2042.5,2039.4,2041.6,72648,KOTAKBANK
7787,2025-06-03 14:25:00+05:30,2041.6,2043.4,2041.1,2042.0,56078,KOTAKBANK
7788,2025-06-03 14:30:00+05:30,2041.8,2045.0,2041.5,2045.0,80770,KOTAKBANK
7789,2025-06-03 14:35:00+05:30,2044.9,2048.7,2044.6,2046.6,115555,KOTAKBANK
7790,2025-06-03 14:40:00+05:30,2046.4,2048.8,2045.7,2048.1,85050,KOTAKBANK
7791,2025-06-03 14:45:00+05:30,2048.1,2049.6,2046.4,2046.4,82021,KOTAKBANK
7792,2025-06-03 14:50:00+05:30,2045.8,2047.5,2044.2,2047.0,82475,KOTAKBANK
7793,2025-06-03 14:55:00+05:30,2047.0,2049.0,2044.5,2046.8,83685,KOTAKBANK
7794,2025-06-03 15:00:00+05:30,2046.8,2049.6,2044.7,2045.4,165270,KOTAKBANK
7795,2025-06-03 15:05:00+05:30,2045.4,2046.7,2044.0,2044.1,123343,KOTAKBANK
7796,2025-06-03 15:10:00+05:30,2044.0,2046.5,2043.2,2045.0,130170,KOTAKBANK
7797,2025-06-03 15:15:00+05:30,2045.0,2048.7,2044.0,2044.8,191510,KOTAKBANK
7798,2025-06-03 15:20:00+05:30,2044.8,2046.8,2038.2,2038.9,151846,KOTAKBANK
7799,2025-06-03 15:25:00+05:30,2038.6,2043.7,2038.4,2041.0,97976,KOTAKBANK
7800,2025-06-04 09:15:00+05:30,2047.1,2051.9,2040.8,2041.9,98778,KOTAKBANK
7801,2025-06-04 09:20:00+05:30,2041.9,2047.3,2041.5,2046.6,26456,KOTAKBANK
7802,2025-06-04 09:25:00+05:30,2046.6,2049.4,2045.0,2046.3,21842,KOTAKBANK
7803,2025-06-04 09:30:00+05:30,2045.7,2048.3,2045.0,2045.6,12371,KOTAKBANK
7804,2025-06-04 09:35:00+05:30,2045.1,2049.3,2044.4,2046.9,14362,KOTAKBANK
7805,2025-06-04 09:40:00+05:30,2046.9,2048.1,2046.1,2047.0,12514,KOTAKBANK
7806,2025-06-04 09:45:00+05:30,2047.1,2047.5,2045.5,2046.4,12682,KOTAKBANK
7807,2025-06-04 09:50:00+05:30,2046.6,2048.4,2045.1,2048.4,10956,KOTAKBANK
7808,2025-06-04 09:55:00+05:30,2048.0,2050.0,2048.0,2049.4,12598,KOTAKBANK
7809,2025-06-04 10:00:00+05:30,2049.6,2053.8,2049.5,2052.8,15619,KOTAKBANK
7810,2025-06-04 10:05:00+05:30,2052.5,2054.0,2049.7,2049.7,14782,KOTAKBANK
7811,2025-06-04 10:10:00+05:30,2049.7,2051.0,2049.3,2050.6,9008,KOTAKBANK
7812,2025-06-04 10:15:00+05:30,2050.6,2052.0,2049.1,2049.6,8407,KOTAKBANK
7813,2025-06-04 10:20:00+05:30,2049.8,2051.5,2048.9,2049.2,8426,KOTAKBANK
7814,2025-06-04 10:25:00+05:30,2049.7,2055.0,2049.0,2054.3,16455,KOTAKBANK
7815,2025-06-04 10:30:00+05:30,2054.9,2058.0,2054.3,2058.0,13249,KOTAKBANK
7816,2025-06-04 10:35:00+05:30,2057.5,2058.0,2056.3,2057.0,13701,KOTAKBANK
7817,2025-06-04 10:40:00+05:30,2057.0,2058.5,2056.6,2057.1,15343,KOTAKBANK
7818,2025-06-04 10:45:00+05:30,2057.9,2058.0,2052.9,2054.1,20640,KOTAKBANK
7819,2025-06-04 10:50:00+05:30,2054.8,2056.0,2054.0,2054.8,11144,KOTAKBANK
7820,2025-06-04 10:55:00+05:30,2054.9,2055.1,2054.1,2054.1,10491,KOTAKBANK
7821,2025-06-04 11:00:00+05:30,2054.8,2054.9,2053.2,2054.5,11253,KOTAKBANK
7822,2025-06-04 11:05:00+05:30,2054.5,2054.8,2052.8,2054.7,9933,KOTAKBANK
7823,2025-06-04 11:10:00+05:30,2054.6,2054.8,2052.5,2052.5,13596,KOTAKBANK
7824,2025-06-04 11:15:00+05:30,2053.4,2053.4,2050.0,2050.9,28196,KOTAKBANK
7825,2025-06-04 11:20:00+05:30,2050.9,2051.2,2049.0,2049.6,23058,KOTAKBANK
7826,2025-06-04 11:25:00+05:30,2050.0,2050.0,2049.0,2050.0,12499,KOTAKBANK
7827,2025-06-04 11:30:00+05:30,2050.0,2050.4,2048.6,2049.9,19354,KOTAKBANK
7828,2025-06-04 11:35:00+05:30,2049.8,2050.0,2047.1,2048.5,11950,KOTAKBANK
7829,2025-06-04 11:40:00+05:30,2048.5,2049.2,2047.8,2048.8,10956,KOTAKBANK
7830,2025-06-04 11:45:00+05:30,2048.8,2050.0,2047.9,2048.5,12940,KOTAKBANK
7831,2025-06-04 11:50:00+05:30,2048.2,2049.9,2047.8,2049.6,11010,KOTAKBANK
7832,2025-06-04 11:55:00+05:30,2049.6,2050.0,2048.6,2050.0,10910,KOTAKBANK
7833,2025-06-04 12:00:00+05:30,2050.0,2050.0,2048.7,2049.8,12064,KOTAKBANK
7834,2025-06-04 12:05:00+05:30,2049.8,2050.0,2048.0,2050.0,14270,KOTAKBANK
7835,2025-06-04 12:10:00+05:30,2050.0,2050.7,2049.4,2050.2,12756,KOTAKBANK
7836,2025-06-04 12:15:00+05:30,2050.2,2050.2,2048.1,2049.4,11996,KOTAKBANK
7837,2025-06-04 12:20:00+05:30,2049.4,2050.1,2047.4,2050.1,24102,KOTAKBANK
7838,2025-06-04 12:25:00+05:30,2050.1,2050.1,2048.0,2048.8,15260,KOTAKBANK
7839,2025-06-04 12:30:00+05:30,2048.8,2049.5,2047.0,2048.9,18404,KOTAKBANK
7840,2025-06-04 12:35:00+05:30,2048.9,2049.5,2047.4,2048.0,12158,KOTAKBANK
7841,2025-06-04 12:40:00+05:30,2048.0,2048.0,2046.4,2048.0,24893,KOTAKBANK
7842,2025-06-04 12:45:00+05:30,2048.0,2048.0,2047.0,2047.5,13920,KOTAKBANK
7843,2025-06-04 12:50:00+05:30,2047.5,2048.0,2047.2,2047.9,18297,KOTAKBANK
7844,2025-06-04 12:55:00+05:30,2048.0,2050.4,2047.5,2049.9,37799,KOTAKBANK
7845,2025-06-04 13:00:00+05:30,2049.9,2052.7,2049.6,2050.3,26502,KOTAKBANK
7846,2025-06-04 13:05:00+05:30,2050.4,2051.0,2049.7,2050.5,38227,KOTAKBANK
7847,2025-06-04 13:10:00+05:30,2050.5,2050.9,2049.0,2049.1,29057,KOTAKBANK
7848,2025-06-04 13:15:00+05:30,2049.6,2050.0,2048.7,2050.0,32876,KOTAKBANK
7849,2025-06-04 13:20:00+05:30,2050.0,2051.8,2048.7,2050.3,41741,KOTAKBANK
7850,2025-06-04 13:25:00+05:30,2050.3,2051.8,2049.9,2051.7,29159,KOTAKBANK
7851,2025-06-04 13:30:00+05:30,2051.6,2055.1,2050.7,2052.9,32373,KOTAKBANK
7852,2025-06-04 13:35:00+05:30,2052.7,2054.9,2052.0,2054.4,12701,KOTAKBANK
7853,2025-06-04 13:40:00+05:30,2054.4,2054.5,2053.0,2054.3,12645,KOTAKBANK
7854,2025-06-04 13:45:00+05:30,2054.3,2055.9,2053.9,2055.4,12256,KOTAKBANK
7855,2025-06-04 13:50:00+05:30,2055.4,2056.5,2054.7,2055.5,24141,KOTAKBANK
7856,2025-06-04 13:55:00+05:30,2055.6,2056.5,2053.7,2055.9,22470,KOTAKBANK
7857,2025-06-04 14:00:00+05:30,2056.1,2056.5,2054.2,2056.5,13640,KOTAKBANK
7858,2025-06-04 14:05:00+05:30,2056.0,2056.7,2053.3,2055.1,51188,KOTAKBANK
7859,2025-06-04 14:10:00+05:30,2054.3,2056.2,2053.3,2055.5,34175,KOTAKBANK
7860,2025-06-04 14:15:00+05:30,2055.5,2056.1,2053.5,2054.1,19183,KOTAKBANK
7861,2025-06-04 14:20:00+05:30,2054.1,2054.5,2052.7,2053.3,14172,KOTAKBANK
7862,2025-06-04 14:25:00+05:30,2053.9,2054.8,2050.2,2050.9,57771,KOTAKBANK
7863,2025-06-04 14:30:00+05:30,2050.9,2052.9,2050.3,2051.5,41828,KOTAKBANK
7864,2025-06-04 14:35:00+05:30,2052.0,2052.4,2049.1,2050.0,54695,KOTAKBANK
7865,2025-06-04 14:40:00+05:30,2049.4,2051.0,2048.7,2050.3,35257,KOTAKBANK
7866,2025-06-04 14:45:00+05:30,2050.9,2051.7,2048.2,2048.2,57471,KOTAKBANK
7867,2025-06-04 14:50:00+05:30,2048.8,2050.0,2048.2,2049.9,46486,KOTAKBANK
7868,2025-06-04 14:55:00+05:30,2050.0,2052.3,2049.2,2052.2,72050,KOTAKBANK
7869,2025-06-04 15:00:00+05:30,2052.2,2052.2,2048.5,2048.6,107016,KOTAKBANK
7870,2025-06-04 15:05:00+05:30,2048.6,2048.7,2045.5,2046.0,112949,KOTAKBANK
7871,2025-06-04 15:10:00+05:30,2045.8,2047.4,2044.2,2044.9,174946,KOTAKBANK
7872,2025-06-04 15:15:00+05:30,2044.9,2046.5,2044.7,2045.3,117122,KOTAKBANK
7873,2025-06-04 15:20:00+05:30,2045.2,2045.4,2044.6,2044.8,134161,KOTAKBANK
7874,2025-06-04 15:25:00+05:30,2044.8,2051.2,2044.7,2050.0,101321,KOTAKBANK
7875,2025-06-05 09:15:00+05:30,2054.8,2054.8,2040.1,2044.5,85293,KOTAKBANK
7876,2025-06-05 09:20:00+05:30,2044.1,2044.4,2040.5,2043.8,43608,KOTAKBANK
7877,2025-06-05 09:25:00+05:30,2043.8,2045.9,2043.0,2044.0,31808,KOTAKBANK
7878,2025-06-05 09:30:00+05:30,2044.0,2051.0,2042.9,2050.1,58226,KOTAKBANK
7879,2025-06-05 09:35:00+05:30,2049.8,2050.0,2046.0,2047.1,9510,KOTAKBANK
7880,2025-06-05 09:40:00+05:30,2047.0,2050.7,2047.0,2048.0,30663,KOTAKBANK
7881,2025-06-05 09:45:00+05:30,2048.0,2054.8,2047.9,2054.5,23348,KOTAKBANK
7882,2025-06-05 09:50:00+05:30,2054.5,2056.4,2052.8,2053.0,14406,KOTAKBANK
7883,2025-06-05 09:55:00+05:30,2053.0,2055.8,2051.1,2054.6,29437,KOTAKBANK
7884,2025-06-05 10:00:00+05:30,2054.4,2054.9,2050.0,2052.1,7077,KOTAKBANK
7885,2025-06-05 10:05:00+05:30,2052.1,2052.9,2051.2,2051.8,4580,KOTAKBANK
7886,2025-06-05 10:10:00+05:30,2051.9,2053.4,2049.7,2050.2,10675,KOTAKBANK
7887,2025-06-05 10:15:00+05:30,2050.2,2051.0,2049.0,2049.5,7816,KOTAKBANK
7888,2025-06-05 10:20:00+05:30,2050.2,2052.9,2048.6,2050.8,46274,KOTAKBANK
7889,2025-06-05 10:25:00+05:30,2050.8,2052.2,2049.0,2050.2,24716,KOTAKBANK
7890,2025-06-05 10:30:00+05:30,2050.2,2054.4,2047.9,2050.8,76002,KOTAKBANK
7891,2025-06-05 10:35:00+05:30,2050.8,2052.2,2049.1,2050.4,32298,KOTAKBANK
7892,2025-06-05 10:40:00+05:30,2050.4,2050.5,2047.9,2049.2,18068,KOTAKBANK
7893,2025-06-05 10:45:00+05:30,2049.5,2049.6,2044.3,2044.4,36010,KOTAKBANK
7894,2025-06-05 10:50:00+05:30,2044.4,2045.8,2043.1,2043.7,19766,KOTAKBANK
7895,2025-06-05 10:55:00+05:30,2043.8,2046.8,2043.5,2045.0,31719,KOTAKBANK
7896,2025-06-05 11:00:00+05:30,2044.9,2045.5,2044.3,2044.3,24862,KOTAKBANK
7897,2025-06-05 11:05:00+05:30,2044.9,2045.3,2042.4,2042.9,31894,KOTAKBANK
7898,2025-06-05 11:10:00+05:30,2042.8,2044.4,2041.4,2043.0,22839,KOTAKBANK
7899,2025-06-05 11:15:00+05:30,2043.0,2046.1,2042.9,2045.4,22560,KOTAKBANK
7900,2025-06-05 11:20:00+05:30,2045.5,2047.5,2044.3,2045.0,50739,KOTAKBANK
7901,2025-06-05 11:25:00+05:30,2045.0,2048.1,2044.5,2046.6,27137,KOTAKBANK
7902,2025-06-05 11:30:00+05:30,2046.6,2048.2,2046.3,2047.6,13327,KOTAKBANK
7903,2025-06-05 11:35:00+05:30,2047.6,2047.9,2046.2,2047.4,14733,KOTAKBANK
7904,2025-06-05 11:40:00+05:30,2047.4,2048.6,2046.8,2046.8,13156,KOTAKBANK
7905,2025-06-05 11:45:00+05:30,2047.0,2047.9,2042.2,2042.4,43369,KOTAKBANK
7906,2025-06-05 11:50:00+05:30,2042.4,2044.8,2042.4,2044.4,14422,KOTAKBANK
7907,2025-06-05 11:55:00+05:30,2044.8,2045.0,2042.9,2045.0,12561,KOTAKBANK
7908,2025-06-05 12:00:00+05:30,2045.0,2051.9,2044.7,2050.5,39979,KOTAKBANK
7909,2025-06-05 12:05:00+05:30,2050.6,2052.1,2050.2,2050.8,20933,KOTAKBANK
7910,2025-06-05 12:10:00+05:30,2050.9,2053.0,2049.1,2052.9,39572,KOTAKBANK
7911,2025-06-05 12:15:00+05:30,2053.0,2054.1,2050.0,2050.8,54816,KOTAKBANK
7912,2025-06-05 12:20:00+05:30,2050.7,2051.4,2047.4,2047.9,22769,KOTAKBANK
7913,2025-06-05 12:25:00+05:30,2047.9,2048.1,2041.0,2045.5,48398,KOTAKBANK
7914,2025-06-05 12:30:00+05:30,2045.5,2048.0,2043.0,2043.2,26537,KOTAKBANK
7915,2025-06-05 12:35:00+05:30,2043.2,2044.5,2042.0,2043.3,31560,KOTAKBANK
7916,2025-06-05 12:40:00+05:30,2043.2,2045.9,2042.9,2043.5,27252,KOTAKBANK
7917,2025-06-05 12:45:00+05:30,2043.0,2045.3,2042.2,2043.2,46041,KOTAKBANK
7918,2025-06-05 12:50:00+05:30,2043.2,2045.0,2042.2,2045.0,29745,KOTAKBANK
7919,2025-06-05 12:55:00+05:30,2044.2,2045.5,2040.0,2042.0,95804,KOTAKBANK
7920,2025-06-05 13:00:00+05:30,2041.2,2042.9,2040.5,2042.0,40113,KOTAKBANK
7921,2025-06-05 13:05:00+05:30,2041.6,2042.8,2039.9,2040.0,51274,KOTAKBANK
7922,2025-06-05 13:10:00+05:30,2040.0,2042.0,2040.0,2040.4,41050,KOTAKBANK
7923,2025-06-05 13:15:00+05:30,2040.3,2042.0,2039.6,2040.3,60759,KOTAKBANK
7924,2025-06-05 13:20:00+05:30,2040.3,2040.4,2038.3,2039.3,73830,KOTAKBANK
7925,2025-06-05 13:25:00+05:30,2039.1,2040.2,2038.5,2039.7,35374,KOTAKBANK
7926,2025-06-05 13:30:00+05:30,2039.7,2039.8,2036.6,2037.7,71477,KOTAKBANK
7927,2025-06-05 13:35:00+05:30,2037.7,2041.5,2037.4,2040.3,63530,KOTAKBANK
7928,2025-06-05 13:40:00+05:30,2040.2,2041.7,2039.9,2040.0,36940,KOTAKBANK
7929,2025-06-05 13:45:00+05:30,2040.0,2044.6,2040.0,2042.1,50479,KOTAKBANK
7930,2025-06-05 13:50:00+05:30,2042.2,2043.0,2041.4,2041.6,27849,KOTAKBANK
7931,2025-06-05 13:55:00+05:30,2041.6,2042.8,2039.6,2041.4,41785,KOTAKBANK
7932,2025-06-05 14:00:00+05:30,2041.2,2044.7,2040.6,2042.9,32374,KOTAKBANK
7933,2025-06-05 14:05:00+05:30,2042.9,2044.4,2042.5,2043.2,16914,KOTAKBANK
7934,2025-06-05 14:10:00+05:30,2043.2,2043.8,2040.9,2043.8,16585,KOTAKBANK
7935,2025-06-05 14:15:00+05:30,2043.5,2045.9,2042.5,2044.5,52554,KOTAKBANK
7936,2025-06-05 14:20:00+05:30,2044.5,2045.5,2041.3,2043.7,51114,KOTAKBANK
7937,2025-06-05 14:25:00+05:30,2043.7,2046.7,2042.7,2044.9,56545,KOTAKBANK
7938,2025-06-05 14:30:00+05:30,2044.9,2045.9,2042.5,2044.6,25400,KOTAKBANK
7939,2025-06-05 14:35:00+05:30,2044.6,2045.2,2041.9,2043.6,36929,KOTAKBANK
7940,2025-06-05 14:40:00+05:30,2043.7,2045.8,2042.5,2043.6,41954,KOTAKBANK
7941,2025-06-05 14:45:00+05:30,2043.5,2045.2,2041.9,2042.6,47707,KOTAKBANK
7942,2025-06-05 14:50:00+05:30,2042.6,2044.5,2038.3,2041.3,144550,KOTAKBANK
7943,2025-06-05 14:55:00+05:30,2041.3,2042.0,2038.1,2038.6,65560,KOTAKBANK
7944,2025-06-05 15:00:00+05:30,2038.6,2040.3,2035.3,2037.0,235289,KOTAKBANK
7945,2025-06-05 15:05:00+05:30,2036.9,2042.0,2034.2,2040.2,269028,KOTAKBANK
7946,2025-06-05 15:10:00+05:30,2040.1,2042.6,2038.2,2042.1,201496,KOTAKBANK
7947,2025-06-05 15:15:00+05:30,2042.1,2044.0,2040.1,2044.0,158627,KOTAKBANK
7948,2025-06-05 15:20:00+05:30,2044.0,2045.3,2042.5,2042.9,168659,KOTAKBANK
7949,2025-06-05 15:25:00+05:30,2043.0,2044.5,2037.1,2038.7,93159,KOTAKBANK
7950,2025-06-06 09:15:00+05:30,2043.9,2043.9,2037.1,2039.9,42654,KOTAKBANK
7951,2025-06-06 09:20:00+05:30,2039.9,2042.0,2038.6,2038.9,18651,KOTAKBANK
7952,2025-06-06 09:25:00+05:30,2038.8,2042.2,2038.5,2041.5,10953,KOTAKBANK
7953,2025-06-06 09:30:00+05:30,2041.5,2046.1,2040.9,2043.9,37148,KOTAKBANK
7954,2025-06-06 09:35:00+05:30,2043.5,2046.0,2041.0,2042.1,40244,KOTAKBANK
7955,2025-06-06 09:40:00+05:30,2042.0,2044.6,2041.2,2042.8,13426,KOTAKBANK
7956,2025-06-06 09:45:00+05:30,2042.6,2043.4,2038.5,2039.9,42982,KOTAKBANK
7957,2025-06-06 09:50:00+05:30,2039.3,2042.0,2038.6,2040.2,37576,KOTAKBANK
7958,2025-06-06 09:55:00+05:30,2040.2,2042.8,2039.7,2041.3,11344,KOTAKBANK
7959,2025-06-06 10:00:00+05:30,2041.8,2042.1,2036.2,2038.8,25028,KOTAKBANK
7960,2025-06-06 10:05:00+05:30,2038.8,2050.9,2037.9,2045.9,68309,KOTAKBANK
7961,2025-06-06 10:10:00+05:30,2045.1,2048.5,2041.2,2042.1,28243,KOTAKBANK
7962,2025-06-06 10:15:00+05:30,2042.5,2043.0,2035.6,2037.3,210094,KOTAKBANK
7963,2025-06-06 10:20:00+05:30,2037.3,2042.5,2033.8,2041.6,308500,KOTAKBANK
7964,2025-06-06 10:25:00+05:30,2041.6,2047.9,2041.4,2047.3,92763,KOTAKBANK
7965,2025-06-06 10:30:00+05:30,2047.3,2059.0,2047.2,2057.2,191505,KOTAKBANK
7966,2025-06-06 10:35:00+05:30,2057.4,2073.2,2057.2,2071.2,277216,KOTAKBANK
7967,2025-06-06 10:40:00+05:30,2072.0,2077.5,2072.0,2073.7,149147,KOTAKBANK
7968,2025-06-06 10:45:00+05:30,2073.4,2075.7,2072.4,2074.7,76893,KOTAKBANK
7969,2025-06-06 10:50:00+05:30,2074.7,2075.1,2065.0,2069.3,63269,KOTAKBANK
7970,2025-06-06 10:55:00+05:30,2069.5,2075.5,2068.5,2073.7,102436,KOTAKBANK
7971,2025-06-06 11:00:00+05:30,2073.6,2079.8,2072.9,2078.9,137048,KOTAKBANK
7972,2025-06-06 11:05:00+05:30,2079.0,2084.9,2078.8,2080.0,132098,KOTAKBANK
7973,2025-06-06 11:10:00+05:30,2079.9,2080.7,2075.6,2079.0,100006,KOTAKBANK
7974,2025-06-06 11:15:00+05:30,2079.0,2079.5,2075.1,2075.1,73201,KOTAKBANK
7975,2025-06-06 11:20:00+05:30,2075.6,2076.4,2070.3,2071.5,61706,KOTAKBANK
7976,2025-06-06 11:25:00+05:30,2072.0,2072.0,2065.0,2067.0,65098,KOTAKBANK
7977,2025-06-06 11:30:00+05:30,2066.5,2068.7,2065.5,2068.7,14298,KOTAKBANK
7978,2025-06-06 11:35:00+05:30,2068.7,2070.9,2067.2,2069.6,19570,KOTAKBANK
7979,2025-06-06 11:40:00+05:30,2069.7,2070.7,2066.9,2067.2,38671,KOTAKBANK
7980,2025-06-06 11:45:00+05:30,2067.2,2068.0,2065.9,2066.1,17034,KOTAKBANK
7981,2025-06-06 11:50:00+05:30,2066.6,2067.9,2066.0,2067.0,17587,KOTAKBANK
7982,2025-06-06 11:55:00+05:30,2067.0,2068.0,2066.9,2068.0,20032,KOTAKBANK
7983,2025-06-06 12:00:00+05:30,2068.0,2068.0,2065.9,2066.2,18339,KOTAKBANK
7984,2025-06-06 12:05:00+05:30,2066.2,2067.0,2065.8,2066.1,17508,KOTAKBANK
7985,2025-06-06 12:10:00+05:30,2066.5,2068.6,2065.9,2067.0,37277,KOTAKBANK
7986,2025-06-06 12:15:00+05:30,2067.5,2070.0,2066.5,2068.2,52050,KOTAKBANK
7987,2025-06-06 12:20:00+05:30,2068.3,2068.9,2067.8,2068.8,48208,KOTAKBANK
7988,2025-06-06 12:25:00+05:30,2068.9,2071.5,2068.0,2070.4,114313,KOTAKBANK
7989,2025-06-06 12:30:00+05:30,2070.8,2070.8,2067.8,2068.0,54869,KOTAKBANK
7990,2025-06-06 12:35:00+05:30,2068.6,2069.7,2067.7,2067.9,33720,KOTAKBANK
7991,2025-06-06 12:40:00+05:30,2068.2,2069.5,2067.3,2068.1,103786,KOTAKBANK
7992,2025-06-06 12:45:00+05:30,2068.7,2070.0,2068.2,2069.0,30572,KOTAKBANK
7993,2025-06-06 12:50:00+05:30,2069.0,2070.1,2067.8,2069.4,45496,KOTAKBANK
7994,2025-06-06 12:55:00+05:30,2069.4,2070.2,2067.7,2069.0,60028,KOTAKBANK
7995,2025-06-06 13:00:00+05:30,2069.0,2071.0,2068.0,2070.6,12826,KOTAKBANK
7996,2025-06-06 13:05:00+05:30,2070.6,2071.0,2068.8,2070.1,14046,KOTAKBANK
7997,2025-06-06 13:10:00+05:30,2070.0,2072.8,2069.6,2072.3,32764,KOTAKBANK
7998,2025-06-06 13:15:00+05:30,2072.4,2075.3,2071.6,2073.5,45170,KOTAKBANK
7999,2025-06-06 13:20:00+05:30,2073.5,2074.1,2069.3,2071.6,48656,KOTAKBANK
8000,2025-06-06 13:25:00+05:30,2071.6,2072.8,2070.7,2072.2,16536,KOTAKBANK
8001,2025-06-06 13:30:00+05:30,2072.2,2072.8,2069.8,2072.1,23597,KOTAKBANK
8002,2025-06-06 13:35:00+05:30,2072.0,2072.7,2071.5,2072.1,11721,KOTAKBANK
8003,2025-06-06 13:40:00+05:30,2072.1,2072.3,2069.9,2071.5,25726,KOTAKBANK
8004,2025-06-06 13:45:00+05:30,2071.5,2072.6,2070.6,2071.3,26965,KOTAKBANK
8005,2025-06-06 13:50:00+05:30,2071.3,2072.0,2070.6,2071.8,12982,KOTAKBANK
8006,2025-06-06 13:55:00+05:30,2071.8,2072.2,2070.6,2072.2,25156,KOTAKBANK
8007,2025-06-06 14:00:00+05:30,2072.0,2073.0,2071.2,2072.1,23175,KOTAKBANK
8008,2025-06-06 14:05:00+05:30,2072.1,2072.2,2071.0,2071.4,14043,KOTAKBANK
8009,2025-06-06 14:10:00+05:30,2071.5,2071.6,2070.4,2071.0,16412,KOTAKBANK
8010,2025-06-06 14:15:00+05:30,2071.0,2072.0,2070.4,2070.5,29391,KOTAKBANK
8011,2025-06-06 14:20:00+05:30,2071.5,2073.2,2070.3,2073.1,35314,KOTAKBANK
8012,2025-06-06 14:25:00+05:30,2073.1,2073.2,2071.9,2072.8,14978,KOTAKBANK
8013,2025-06-06 14:30:00+05:30,2072.8,2072.9,2071.5,2072.3,10747,KOTAKBANK
8014,2025-06-06 14:35:00+05:30,2072.3,2072.3,2067.6,2068.0,36427,KOTAKBANK
8015,2025-06-06 14:40:00+05:30,2068.9,2069.7,2068.0,2069.5,19225,KOTAKBANK
8016,2025-06-06 14:45:00+05:30,2069.5,2071.0,2067.9,2070.9,18778,KOTAKBANK
8017,2025-06-06 14:50:00+05:30,2069.9,2073.0,2069.3,2071.9,34668,KOTAKBANK
8018,2025-06-06 14:55:00+05:30,2072.0,2073.4,2071.3,2072.2,49523,KOTAKBANK
8019,2025-06-06 15:00:00+05:30,2073.1,2076.2,2072.3,2075.2,114585,KOTAKBANK
8020,2025-06-06 15:05:00+05:30,2075.2,2075.7,2074.4,2074.6,76724,KOTAKBANK
8021,2025-06-06 15:10:00+05:30,2074.6,2074.7,2072.0,2072.8,72740,KOTAKBANK
8022,2025-06-06 15:15:00+05:30,2072.8,2073.3,2072.2,2072.9,115523,KOTAKBANK
8023,2025-06-06 15:20:00+05:30,2072.9,2073.6,2071.5,2073.2,136978,KOTAKBANK
8024,2025-06-06 15:25:00+05:30,2073.2,2074.6,2068.3,2072.0,146871,KOTAKBANK
8025,2025-06-09 09:15:00+05:30,2111.0,2111.0,2090.0,2098.5,466780,KOTAKBANK
8026,2025-06-09 09:20:00+05:30,2098.6,2111.7,2098.3,2109.6,317956,KOTAKBANK
8027,2025-06-09 09:25:00+05:30,2109.1,2121.0,2108.5,2116.4,217997,KOTAKBANK
8028,2025-06-09 09:30:00+05:30,2117.3,2123.8,2116.0,2121.7,179574,KOTAKBANK
8029,2025-06-09 09:35:00+05:30,2121.7,2128.9,2120.6,2127.6,236876,KOTAKBANK
8030,2025-06-09 09:40:00+05:30,2127.6,2132.8,2126.0,2131.6,183068,KOTAKBANK
8031,2025-06-09 09:45:00+05:30,2131.0,2136.4,2130.0,2130.2,217015,KOTAKBANK
8032,2025-06-09 09:50:00+05:30,2130.2,2133.6,2130.2,2132.0,68081,KOTAKBANK
8033,2025-06-09 09:55:00+05:30,2132.0,2134.0,2128.2,2133.2,86661,KOTAKBANK
8034,2025-06-09 10:00:00+05:30,2133.2,2136.0,2130.3,2135.5,249258,KOTAKBANK
8035,2025-06-09 10:05:00+05:30,2135.0,2138.0,2133.4,2134.1,50498,KOTAKBANK
8036,2025-06-09 10:10:00+05:30,2134.8,2135.0,2130.9,2132.6,63061,KOTAKBANK
8037,2025-06-09 10:15:00+05:30,2133.4,2133.8,2130.5,2132.5,39564,KOTAKBANK
8038,2025-06-09 10:20:00+05:30,2132.8,2133.9,2132.2,2133.0,21146,KOTAKBANK
8039,2025-06-09 10:25:00+05:30,2133.8,2133.9,2132.3,2132.3,49602,KOTAKBANK
8040,2025-06-09 10:30:00+05:30,2132.3,2135.0,2132.0,2134.8,26273,KOTAKBANK
8041,2025-06-09 10:35:00+05:30,2134.9,2139.7,2134.4,2138.5,136675,KOTAKBANK
8042,2025-06-09 10:40:00+05:30,2138.5,2138.5,2134.0,2134.5,98915,KOTAKBANK
8043,2025-06-09 10:45:00+05:30,2134.5,2135.9,2133.3,2134.4,24565,KOTAKBANK
8044,2025-06-09 10:50:00+05:30,2134.5,2135.6,2133.7,2134.0,22952,KOTAKBANK
8045,2025-06-09 10:55:00+05:30,2134.5,2136.0,2133.3,2134.5,110986,KOTAKBANK
8046,2025-06-09 11:00:00+05:30,2134.5,2137.0,2134.0,2134.5,91918,KOTAKBANK
8047,2025-06-09 11:05:00+05:30,2134.3,2135.9,2134.0,2135.1,69361,KOTAKBANK
8048,2025-06-09 11:10:00+05:30,2134.1,2135.5,2133.5,2134.1,34074,KOTAKBANK
8049,2025-06-09 11:15:00+05:30,2134.0,2136.0,2133.5,2134.8,86199,KOTAKBANK
8050,2025-06-09 11:20:00+05:30,2134.0,2136.0,2132.8,2135.3,115239,KOTAKBANK
8051,2025-06-09 11:25:00+05:30,2135.3,2136.0,2134.0,2134.0,14495,KOTAKBANK
8052,2025-06-09 11:30:00+05:30,2134.0,2136.0,2134.0,2135.8,71003,KOTAKBANK
8053,2025-06-09 11:35:00+05:30,2135.0,2138.9,2134.5,2138.0,41215,KOTAKBANK
8054,2025-06-09 11:40:00+05:30,2138.7,2138.8,2135.0,2135.4,23673,KOTAKBANK
8055,2025-06-09 11:45:00+05:30,2135.5,2136.0,2134.5,2135.3,42940,KOTAKBANK
8056,2025-06-09 11:50:00+05:30,2135.7,2136.2,2134.2,2135.1,25232,KOTAKBANK
8057,2025-06-09 11:55:00+05:30,2135.0,2136.1,2134.5,2135.1,31315,KOTAKBANK
8058,2025-06-09 12:00:00+05:30,2134.9,2135.3,2133.3,2135.0,57067,KOTAKBANK
8059,2025-06-09 12:05:00+05:30,2134.4,2135.4,2133.7,2134.0,13597,KOTAKBANK
8060,2025-06-09 12:10:00+05:30,2133.8,2135.0,2133.4,2134.8,10917,KOTAKBANK
8061,2025-06-09 12:15:00+05:30,2134.8,2135.2,2133.0,2133.1,29167,KOTAKBANK
8062,2025-06-09 12:20:00+05:30,2133.2,2134.3,2132.4,2133.3,19398,KOTAKBANK
8063,2025-06-09 12:25:00+05:30,2133.8,2138.0,2133.3,2138.0,22796,KOTAKBANK
8064,2025-06-09 12:30:00+05:30,2138.0,2142.4,2136.7,2141.6,109707,KOTAKBANK
8065,2025-06-09 12:35:00+05:30,2141.6,2142.0,2139.2,2139.6,34181,KOTAKBANK
8066,2025-06-09 12:40:00+05:30,2139.6,2140.2,2136.1,2136.9,21112,KOTAKBANK
8067,2025-06-09 12:45:00+05:30,2137.3,2137.8,2135.0,2136.3,26126,KOTAKBANK
8068,2025-06-09 12:50:00+05:30,2135.6,2139.8,2135.4,2137.9,41761,KOTAKBANK
8069,2025-06-09 12:55:00+05:30,2137.9,2139.3,2137.1,2138.7,12957,KOTAKBANK
8070,2025-06-09 13:00:00+05:30,2138.2,2141.3,2138.0,2140.5,30831,KOTAKBANK
8071,2025-06-09 13:05:00+05:30,2140.9,2141.2,2140.0,2141.2,12577,KOTAKBANK
8072,2025-06-09 13:10:00+05:30,2141.0,2141.7,2140.4,2140.4,10300,KOTAKBANK
8073,2025-06-09 13:15:00+05:30,2140.4,2141.2,2138.0,2138.2,22088,KOTAKBANK
8074,2025-06-09 13:20:00+05:30,2138.0,2140.5,2137.7,2139.7,19171,KOTAKBANK
8075,2025-06-09 13:25:00+05:30,2139.7,2141.0,2139.2,2139.9,14938,KOTAKBANK
8076,2025-06-09 13:30:00+05:30,2140.0,2140.7,2138.8,2139.5,15105,KOTAKBANK
8077,2025-06-09 13:35:00+05:30,2140.3,2140.7,2137.7,2140.2,16778,KOTAKBANK
8078,2025-06-09 13:40:00+05:30,2140.0,2140.7,2139.0,2140.1,14759,KOTAKBANK
8079,2025-06-09 13:45:00+05:30,2140.7,2141.4,2139.9,2140.0,17936,KOTAKBANK
8080,2025-06-09 13:50:00+05:30,2140.5,2140.7,2138.4,2139.4,18359,KOTAKBANK
8081,2025-06-09 13:55:00+05:30,2139.7,2139.9,2138.1,2138.7,14782,KOTAKBANK
8082,2025-06-09 14:00:00+05:30,2138.9,2139.0,2136.0,2136.9,37077,KOTAKBANK
8083,2025-06-09 14:05:00+05:30,2136.9,2139.2,2136.6,2137.0,21030,KOTAKBANK
8084,2025-06-09 14:10:00+05:30,2137.0,2137.2,2135.3,2135.4,28693,KOTAKBANK
8085,2025-06-09 14:15:00+05:30,2135.4,2137.7,2135.2,2136.8,57268,KOTAKBANK
8086,2025-06-09 14:20:00+05:30,2136.9,2140.0,2136.1,2137.7,29995,KOTAKBANK
8087,2025-06-09 14:25:00+05:30,2138.2,2138.2,2135.5,2136.9,23833,KOTAKBANK
8088,2025-06-09 14:30:00+05:30,2137.8,2138.4,2136.4,2136.6,34766,KOTAKBANK
8089,2025-06-09 14:35:00+05:30,2136.7,2137.5,2135.5,2135.8,41932,KOTAKBANK
8090,2025-06-09 14:40:00+05:30,2135.8,2136.0,2135.0,2135.1,49104,KOTAKBANK
8091,2025-06-09 14:45:00+05:30,2135.3,2136.0,2135.0,2135.6,72043,KOTAKBANK
8092,2025-06-09 14:50:00+05:30,2135.7,2138.1,2135.0,2136.9,43220,KOTAKBANK
8093,2025-06-09 14:55:00+05:30,2137.0,2138.2,2136.0,2136.9,42661,KOTAKBANK
8094,2025-06-09 15:00:00+05:30,2137.0,2138.6,2135.1,2137.6,90600,KOTAKBANK
8095,2025-06-09 15:05:00+05:30,2137.8,2138.7,2137.5,2138.0,80352,KOTAKBANK
8096,2025-06-09 15:10:00+05:30,2138.1,2138.2,2135.9,2137.1,98795,KOTAKBANK
8097,2025-06-09 15:15:00+05:30,2137.1,2138.9,2135.5,2137.2,509417,KOTAKBANK
8098,2025-06-09 15:20:00+05:30,2137.2,2140.0,2137.2,2139.3,231073,KOTAKBANK
8099,2025-06-09 15:25:00+05:30,2139.9,2141.0,2138.0,2140.8,166552,KOTAKBANK
8100,2025-06-10 09:15:00+05:30,2146.7,2150.1,2138.2,2144.0,188459,KOTAKBANK
8101,2025-06-10 09:20:00+05:30,2144.0,2146.6,2140.3,2146.5,162514,KOTAKBANK
8102,2025-06-10 09:25:00+05:30,2146.1,2148.9,2143.0,2143.0,252084,KOTAKBANK
8103,2025-06-10 09:30:00+05:30,2143.1,2149.1,2138.5,2148.9,117813,KOTAKBANK
8104,2025-06-10 09:35:00+05:30,2148.9,2152.3,2147.6,2150.8,213843,KOTAKBANK
8105,2025-06-10 09:40:00+05:30,2150.4,2152.0,2149.6,2150.2,100973,KOTAKBANK
8106,2025-06-10 09:45:00+05:30,2150.1,2154.0,2148.0,2153.4,111996,KOTAKBANK
8107,2025-06-10 09:50:00+05:30,2153.5,2156.0,2152.2,2155.0,142830,KOTAKBANK
8108,2025-06-10 09:55:00+05:30,2155.0,2161.2,2154.9,2161.0,94343,KOTAKBANK
8109,2025-06-10 10:00:00+05:30,2161.1,2164.0,2161.0,2163.9,60819,KOTAKBANK
8110,2025-06-10 10:05:00+05:30,2163.2,2168.9,2162.3,2168.0,54643,KOTAKBANK
8111,2025-06-10 10:10:00+05:30,2168.0,2170.0,2165.0,2169.5,59551,KOTAKBANK
8112,2025-06-10 10:15:00+05:30,2169.5,2170.9,2166.3,2170.2,42354,KOTAKBANK
8113,2025-06-10 10:20:00+05:30,2170.2,2172.9,2168.2,2169.1,76483,KOTAKBANK
8114,2025-06-10 10:25:00+05:30,2169.1,2172.8,2166.5,2167.0,52511,KOTAKBANK
8115,2025-06-10 10:30:00+05:30,2167.2,2168.5,2164.1,2166.7,35211,KOTAKBANK
8116,2025-06-10 10:35:00+05:30,2166.3,2167.0,2165.1,2165.7,20672,KOTAKBANK
8117,2025-06-10 10:40:00+05:30,2165.7,2170.5,2165.7,2169.8,36498,KOTAKBANK
8118,2025-06-10 10:45:00+05:30,2169.8,2170.2,2167.3,2168.5,24941,KOTAKBANK
8119,2025-06-10 10:50:00+05:30,2168.4,2168.5,2161.3,2162.5,50314,KOTAKBANK
8120,2025-06-10 10:55:00+05:30,2162.5,2163.0,2159.8,2161.0,36627,KOTAKBANK
8121,2025-06-10 11:00:00+05:30,2161.0,2164.9,2160.6,2164.5,43507,KOTAKBANK
8122,2025-06-10 11:05:00+05:30,2164.5,2165.9,2163.0,2165.0,21147,KOTAKBANK
8123,2025-06-10 11:10:00+05:30,2165.0,2165.0,2162.6,2164.4,30848,KOTAKBANK
8124,2025-06-10 11:15:00+05:30,2164.4,2165.7,2162.3,2165.1,56305,KOTAKBANK
8125,2025-06-10 11:20:00+05:30,2165.1,2165.9,2162.5,2163.9,98798,KOTAKBANK
8126,2025-06-10 11:25:00+05:30,2163.9,2164.2,2158.8,2159.9,28430,KOTAKBANK
8127,2025-06-10 11:30:00+05:30,2159.9,2160.8,2158.6,2160.6,18418,KOTAKBANK
8128,2025-06-10 11:35:00+05:30,2160.2,2163.0,2160.2,2162.4,22717,KOTAKBANK
8129,2025-06-10 11:40:00+05:30,2162.4,2163.0,2162.0,2162.5,23835,KOTAKBANK
8130,2025-06-10 11:45:00+05:30,2162.5,2164.9,2162.3,2164.4,45945,KOTAKBANK
8131,2025-06-10 11:50:00+05:30,2164.4,2164.5,2162.0,2163.0,23495,KOTAKBANK
8132,2025-06-10 11:55:00+05:30,2163.0,2163.0,2162.0,2162.0,21639,KOTAKBANK
8133,2025-06-10 12:00:00+05:30,2162.5,2163.0,2162.0,2162.2,59839,KOTAKBANK
8134,2025-06-10 12:05:00+05:30,2162.8,2164.0,2162.1,2162.9,18761,KOTAKBANK
8135,2025-06-10 12:10:00+05:30,2162.9,2163.5,2162.0,2162.1,24645,KOTAKBANK
8136,2025-06-10 12:15:00+05:30,2162.1,2163.3,2162.0,2162.3,56149,KOTAKBANK
8137,2025-06-10 12:20:00+05:30,2162.3,2163.3,2162.0,2162.0,62373,KOTAKBANK
8138,2025-06-10 12:25:00+05:30,2162.0,2163.0,2159.0,2160.2,195075,KOTAKBANK
8139,2025-06-10 12:30:00+05:30,2160.2,2163.3,2160.1,2162.3,37403,KOTAKBANK
8140,2025-06-10 12:35:00+05:30,2162.3,2165.0,2161.7,2164.9,63783,KOTAKBANK
8141,2025-06-10 12:40:00+05:30,2164.9,2165.0,2163.5,2164.6,18607,KOTAKBANK
8142,2025-06-10 12:45:00+05:30,2164.6,2167.1,2164.0,2165.0,36779,KOTAKBANK
8143,2025-06-10 12:50:00+05:30,2165.0,2166.0,2164.7,2165.0,13216,KOTAKBANK
8144,2025-06-10 12:55:00+05:30,2165.0,2165.6,2163.0,2163.1,25230,KOTAKBANK
8145,2025-06-10 13:00:00+05:30,2163.1,2164.7,2162.0,2162.7,19755,KOTAKBANK
8146,2025-06-10 13:05:00+05:30,2162.7,2163.4,2162.0,2162.4,20336,KOTAKBANK
8147,2025-06-10 13:10:00+05:30,2162.2,2163.0,2162.1,2162.2,31432,KOTAKBANK
8148,2025-06-10 13:15:00+05:30,2162.2,2163.6,2162.0,2162.0,60106,KOTAKBANK
8149,2025-06-10 13:20:00+05:30,2162.0,2163.3,2162.0,2163.0,168438,KOTAKBANK
8150,2025-06-10 13:25:00+05:30,2163.0,2163.9,2162.2,2163.0,16572,KOTAKBANK
8151,2025-06-10 13:30:00+05:30,2163.0,2164.6,2162.2,2164.0,16485,KOTAKBANK
8152,2025-06-10 13:35:00+05:30,2164.0,2164.6,2162.4,2162.8,17481,KOTAKBANK
8153,2025-06-10 13:40:00+05:30,2162.8,2163.4,2162.0,2162.1,34678,KOTAKBANK
8154,2025-06-10 13:45:00+05:30,2162.1,2162.9,2162.0,2162.9,18474,KOTAKBANK
8155,2025-06-10 13:50:00+05:30,2162.9,2163.1,2162.0,2162.3,20093,KOTAKBANK
8156,2025-06-10 13:55:00+05:30,2162.3,2162.4,2156.5,2157.6,98852,KOTAKBANK
8157,2025-06-10 14:00:00+05:30,2158.0,2158.4,2155.5,2157.1,52654,KOTAKBANK
8158,2025-06-10 14:05:00+05:30,2157.1,2158.5,2155.2,2156.2,70294,KOTAKBANK
8159,2025-06-10 14:10:00+05:30,2156.6,2157.8,2155.1,2156.1,25346,KOTAKBANK
8160,2025-06-10 14:15:00+05:30,2156.7,2156.9,2153.5,2154.4,25276,KOTAKBANK
8161,2025-06-10 14:20:00+05:30,2154.1,2154.6,2152.0,2152.9,41392,KOTAKBANK
8162,2025-06-10 14:25:00+05:30,2152.4,2155.7,2152.0,2154.7,44077,KOTAKBANK
8163,2025-06-10 14:30:00+05:30,2154.7,2155.7,2153.1,2155.2,42956,KOTAKBANK
8164,2025-06-10 14:35:00+05:30,2155.2,2155.6,2152.1,2153.0,79746,KOTAKBANK
8165,2025-06-10 14:40:00+05:30,2153.0,2153.3,2150.1,2151.2,37652,KOTAKBANK
8166,2025-06-10 14:45:00+05:30,2151.2,2151.9,2149.0,2150.5,55162,KOTAKBANK
8167,2025-06-10 14:50:00+05:30,2150.5,2151.9,2148.2,2149.9,71620,KOTAKBANK
8168,2025-06-10 14:55:00+05:30,2149.9,2151.9,2148.3,2150.4,60243,KOTAKBANK
8169,2025-06-10 15:00:00+05:30,2150.4,2151.1,2148.1,2149.2,153362,KOTAKBANK
8170,2025-06-10 15:05:00+05:30,2149.1,2153.9,2147.5,2152.7,172446,KOTAKBANK
8171,2025-06-10 15:10:00+05:30,2152.7,2154.3,2151.3,2151.4,137944,KOTAKBANK
8172,2025-06-10 15:15:00+05:30,2151.4,2153.6,2150.7,2152.3,127345,KOTAKBANK
8173,2025-06-10 15:20:00+05:30,2152.2,2152.6,2150.6,2151.8,125381,KOTAKBANK
8174,2025-06-10 15:25:00+05:30,2151.6,2151.8,2147.0,2148.0,87679,KOTAKBANK
8175,2025-06-11 09:15:00+05:30,2149.0,2150.2,2140.1,2144.0,72350,KOTAKBANK
8176,2025-06-11 09:20:00+05:30,2144.0,2144.1,2140.0,2140.1,36389,KOTAKBANK
8177,2025-06-11 09:25:00+05:30,2140.1,2140.1,2135.4,2137.6,23048,KOTAKBANK
8178,2025-06-11 09:30:00+05:30,2137.5,2137.6,2133.0,2135.0,18455,KOTAKBANK
8179,2025-06-11 09:35:00+05:30,2134.6,2137.1,2134.2,2134.5,15692,KOTAKBANK
8180,2025-06-11 09:40:00+05:30,2134.5,2138.2,2133.6,2137.6,11198,KOTAKBANK
8181,2025-06-11 09:45:00+05:30,2137.8,2138.3,2134.2,2137.0,10150,KOTAKBANK
8182,2025-06-11 09:50:00+05:30,2137.0,2138.9,2136.0,2138.0,10510,KOTAKBANK
8183,2025-06-11 09:55:00+05:30,2137.3,2139.1,2136.1,2137.5,16330,KOTAKBANK
8184,2025-06-11 10:00:00+05:30,2138.0,2140.0,2137.5,2137.6,13473,KOTAKBANK
8185,2025-06-11 10:05:00+05:30,2137.6,2142.9,2137.6,2142.2,7738,KOTAKBANK
8186,2025-06-11 10:10:00+05:30,2142.2,2144.7,2142.1,2144.6,9731,KOTAKBANK
8187,2025-06-11 10:15:00+05:30,2144.6,2147.7,2144.3,2145.0,16101,KOTAKBANK
8188,2025-06-11 10:20:00+05:30,2145.3,2145.7,2143.9,2145.5,8402,KOTAKBANK
8189,2025-06-11 10:25:00+05:30,2145.6,2146.0,2142.4,2142.5,9213,KOTAKBANK
8190,2025-06-11 10:30:00+05:30,2142.7,2145.0,2142.7,2144.4,6846,KOTAKBANK
8191,2025-06-11 10:35:00+05:30,2144.4,2145.8,2144.0,2144.6,8326,KOTAKBANK
8192,2025-06-11 10:40:00+05:30,2144.7,2147.8,2143.9,2147.0,20341,KOTAKBANK
8193,2025-06-11 10:45:00+05:30,2147.3,2148.5,2146.0,2147.0,10794,KOTAKBANK
8194,2025-06-11 10:50:00+05:30,2147.2,2147.8,2145.1,2145.2,9421,KOTAKBANK
8195,2025-06-11 10:55:00+05:30,2145.5,2148.5,2145.3,2148.4,4935,KOTAKBANK
8196,2025-06-11 11:00:00+05:30,2148.3,2152.4,2146.0,2152.1,44228,KOTAKBANK
8197,2025-06-11 11:05:00+05:30,2152.1,2158.7,2151.0,2157.9,107066,KOTAKBANK
8198,2025-06-11 11:10:00+05:30,2157.6,2160.7,2156.5,2158.8,65804,KOTAKBANK
8199,2025-06-11 11:15:00+05:30,2157.9,2160.0,2157.5,2158.1,37729,KOTAKBANK
8200,2025-06-11 11:20:00+05:30,2158.0,2158.1,2155.6,2156.1,39796,KOTAKBANK
8201,2025-06-11 11:25:00+05:30,2155.7,2157.3,2155.4,2156.5,18889,KOTAKBANK
8202,2025-06-11 11:30:00+05:30,2156.5,2157.6,2156.3,2157.3,10522,KOTAKBANK
8203,2025-06-11 11:35:00+05:30,2157.2,2157.6,2157.0,2157.6,8344,KOTAKBANK
8204,2025-06-11 11:40:00+05:30,2157.4,2157.7,2155.7,2156.2,34943,KOTAKBANK
8205,2025-06-11 11:45:00+05:30,2156.1,2158.3,2156.1,2157.8,20990,KOTAKBANK
8206,2025-06-11 11:50:00+05:30,2157.9,2159.7,2157.0,2158.8,13903,KOTAKBANK
8207,2025-06-11 11:55:00+05:30,2159.2,2159.7,2157.3,2158.3,12311,KOTAKBANK
8208,2025-06-11 12:00:00+05:30,2158.0,2158.8,2157.8,2158.2,8437,KOTAKBANK
8209,2025-06-11 12:05:00+05:30,2158.1,2158.4,2155.1,2155.3,27795,KOTAKBANK
8210,2025-06-11 12:10:00+05:30,2155.3,2158.0,2155.1,2157.8,8767,KOTAKBANK
8211,2025-06-11 12:15:00+05:30,2157.5,2158.0,2156.3,2157.0,11037,KOTAKBANK
8212,2025-06-11 12:20:00+05:30,2157.0,2158.4,2154.5,2155.1,24372,KOTAKBANK
8213,2025-06-11 12:25:00+05:30,2155.4,2156.0,2151.9,2153.4,31281,KOTAKBANK
8214,2025-06-11 12:30:00+05:30,2153.4,2154.5,2151.7,2152.2,15337,KOTAKBANK
8215,2025-06-11 12:35:00+05:30,2152.2,2152.8,2149.5,2149.5,40551,KOTAKBANK
8216,2025-06-11 12:40:00+05:30,2149.5,2152.1,2148.4,2149.1,73560,KOTAKBANK
8217,2025-06-11 12:45:00+05:30,2149.0,2149.3,2147.1,2147.1,55563,KOTAKBANK
8218,2025-06-11 12:50:00+05:30,2147.1,2147.2,2144.0,2146.1,48911,KOTAKBANK
8219,2025-06-11 12:55:00+05:30,2146.4,2148.6,2145.1,2147.6,6681,KOTAKBANK
8220,2025-06-11 13:00:00+05:30,2147.3,2147.9,2145.4,2145.4,4860,KOTAKBANK
8221,2025-06-11 13:05:00+05:30,2145.8,2147.3,2145.4,2146.0,5830,KOTAKBANK
8222,2025-06-11 13:10:00+05:30,2146.0,2146.7,2144.1,2144.5,5848,KOTAKBANK
8223,2025-06-11 13:15:00+05:30,2144.5,2145.9,2143.3,2145.0,14993,KOTAKBANK
8224,2025-06-11 13:20:00+05:30,2144.7,2145.0,2143.4,2144.3,5329,KOTAKBANK
8225,2025-06-11 13:25:00+05:30,2144.4,2146.4,2144.3,2145.2,6872,KOTAKBANK
8226,2025-06-11 13:30:00+05:30,2145.2,2146.0,2142.8,2143.3,9427,KOTAKBANK
8227,2025-06-11 13:35:00+05:30,2143.3,2145.2,2142.7,2143.7,10857,KOTAKBANK
8228,2025-06-11 13:40:00+05:30,2143.5,2146.1,2143.3,2144.3,3155,KOTAKBANK
8229,2025-06-11 13:45:00+05:30,2144.2,2144.9,2142.0,2142.2,6329,KOTAKBANK
8230,2025-06-11 13:50:00+05:30,2142.2,2143.9,2140.6,2141.6,5759,KOTAKBANK
8231,2025-06-11 13:55:00+05:30,2140.9,2144.4,2140.9,2142.2,4971,KOTAKBANK
8232,2025-06-11 14:00:00+05:30,2142.6,2143.1,2140.6,2142.4,2934,KOTAKBANK
8233,2025-06-11 14:05:00+05:30,2142.0,2142.8,2140.4,2140.6,2566,KOTAKBANK
8234,2025-06-11 14:10:00+05:30,2140.9,2142.7,2139.4,2139.9,13150,KOTAKBANK
8235,2025-06-11 14:15:00+05:30,2139.9,2140.5,2138.5,2139.4,18858,KOTAKBANK
8236,2025-06-11 14:20:00+05:30,2139.4,2141.3,2138.0,2140.0,28948,KOTAKBANK
8237,2025-06-11 14:25:00+05:30,2139.8,2142.0,2139.7,2140.1,28107,KOTAKBANK
8238,2025-06-11 14:30:00+05:30,2140.3,2142.0,2139.9,2141.8,23207,KOTAKBANK
8239,2025-06-11 14:35:00+05:30,2141.5,2143.7,2140.5,2143.3,19105,KOTAKBANK
8240,2025-06-11 14:40:00+05:30,2143.3,2144.6,2142.6,2143.8,17747,KOTAKBANK
8241,2025-06-11 14:45:00+05:30,2143.4,2145.0,2142.7,2144.1,16820,KOTAKBANK
8242,2025-06-11 14:50:00+05:30,2144.7,2147.9,2144.1,2146.5,20649,KOTAKBANK
8243,2025-06-11 14:55:00+05:30,2146.5,2147.8,2145.4,2145.4,17068,KOTAKBANK
8244,2025-06-11 15:00:00+05:30,2145.4,2150.0,2145.1,2145.5,62171,KOTAKBANK
8245,2025-06-11 15:05:00+05:30,2145.5,2147.2,2143.1,2145.2,75033,KOTAKBANK
8246,2025-06-11 15:10:00+05:30,2144.4,2148.5,2143.9,2143.9,124964,KOTAKBANK
8247,2025-06-11 15:15:00+05:30,2144.8,2144.9,2141.5,2141.8,44162,KOTAKBANK
8248,2025-06-11 15:20:00+05:30,2142.1,2144.7,2141.2,2143.5,41734,KOTAKBANK
8249,2025-06-11 15:25:00+05:30,2143.5,2149.9,2142.9,2148.5,34270,KOTAKBANK
8250,2025-06-12 09:15:00+05:30,2145.3,2148.8,2140.2,2142.0,89395,KOTAKBANK
8251,2025-06-12 09:20:00+05:30,2142.0,2144.3,2142.0,2143.9,11054,KOTAKBANK
8252,2025-06-12 09:25:00+05:30,2144.3,2148.3,2144.2,2146.9,26999,KOTAKBANK
8253,2025-06-12 09:30:00+05:30,2146.9,2147.3,2143.1,2143.6,8491,KOTAKBANK
8254,2025-06-12 09:35:00+05:30,2144.0,2145.2,2143.0,2144.0,13210,KOTAKBANK
8255,2025-06-12 09:40:00+05:30,2144.0,2144.5,2141.3,2142.3,37768,KOTAKBANK
8256,2025-06-12 09:45:00+05:30,2141.9,2143.1,2139.1,2140.2,40577,KOTAKBANK
8257,2025-06-12 09:50:00+05:30,2140.2,2144.1,2140.2,2142.1,9715,KOTAKBANK
8258,2025-06-12 09:55:00+05:30,2142.4,2143.0,2142.4,2142.4,10166,KOTAKBANK
8259,2025-06-12 10:00:00+05:30,2142.5,2142.5,2137.2,2139.0,56724,KOTAKBANK
8260,2025-06-12 10:05:00+05:30,2138.8,2141.1,2138.5,2139.6,17104,KOTAKBANK
8261,2025-06-12 10:10:00+05:30,2139.6,2139.6,2136.1,2136.7,7335,KOTAKBANK
8262,2025-06-12 10:15:00+05:30,2136.6,2138.3,2135.6,2136.5,11299,KOTAKBANK
8263,2025-06-12 10:20:00+05:30,2137.2,2137.3,2135.3,2136.7,5312,KOTAKBANK
8264,2025-06-12 10:25:00+05:30,2136.6,2142.2,2136.1,2141.2,9238,KOTAKBANK
8265,2025-06-12 10:30:00+05:30,2141.2,2142.0,2140.0,2140.1,5212,KOTAKBANK
8266,2025-06-12 10:35:00+05:30,2140.1,2142.0,2140.1,2141.6,6113,KOTAKBANK
8267,2025-06-12 10:40:00+05:30,2141.5,2143.8,2140.1,2141.2,17983,KOTAKBANK
8268,2025-06-12 10:45:00+05:30,2141.0,2141.6,2140.1,2140.8,11890,KOTAKBANK
8269,2025-06-12 10:50:00+05:30,2140.8,2140.8,2137.0,2137.2,48209,KOTAKBANK
8270,2025-06-12 10:55:00+05:30,2137.2,2137.2,2135.3,2135.5,15155,KOTAKBANK
8271,2025-06-12 11:00:00+05:30,2135.3,2137.0,2135.3,2136.0,8367,KOTAKBANK
8272,2025-06-12 11:05:00+05:30,2136.0,2136.1,2135.3,2135.3,12691,KOTAKBANK
8273,2025-06-12 11:10:00+05:30,2135.3,2136.8,2135.3,2135.3,14275,KOTAKBANK
8274,2025-06-12 11:15:00+05:30,2135.3,2138.9,2135.3,2138.5,6034,KOTAKBANK
8275,2025-06-12 11:20:00+05:30,2138.5,2138.5,2137.2,2137.2,7066,KOTAKBANK
8276,2025-06-12 11:25:00+05:30,2137.2,2138.5,2135.4,2136.2,49123,KOTAKBANK
8277,2025-06-12 11:30:00+05:30,2135.9,2135.9,2133.1,2133.3,8851,KOTAKBANK
8278,2025-06-12 11:35:00+05:30,2133.3,2135.5,2132.7,2134.1,43348,KOTAKBANK
8279,2025-06-12 11:40:00+05:30,2134.0,2136.2,2133.4,2134.4,57813,KOTAKBANK
8280,2025-06-12 11:45:00+05:30,2134.3,2136.2,2133.7,2134.0,62705,KOTAKBANK
8281,2025-06-12 11:50:00+05:30,2134.0,2135.5,2133.8,2134.7,21162,KOTAKBANK
8282,2025-06-12 11:55:00+05:30,2134.7,2136.9,2134.0,2135.4,10655,KOTAKBANK
8283,2025-06-12 12:00:00+05:30,2135.3,2136.7,2133.1,2134.0,29282,KOTAKBANK
8284,2025-06-12 12:05:00+05:30,2133.7,2135.8,2133.5,2134.4,11269,KOTAKBANK
8285,2025-06-12 12:10:00+05:30,2134.3,2134.5,2133.1,2133.9,14887,KOTAKBANK
8286,2025-06-12 12:15:00+05:30,2134.6,2135.8,2133.9,2134.6,13484,KOTAKBANK
8287,2025-06-12 12:20:00+05:30,2134.6,2136.5,2134.5,2135.2,18315,KOTAKBANK
8288,2025-06-12 12:25:00+05:30,2135.1,2136.0,2135.1,2135.3,13031,KOTAKBANK
8289,2025-06-12 12:30:00+05:30,2135.3,2137.5,2135.2,2135.5,98251,KOTAKBANK
8290,2025-06-12 12:35:00+05:30,2135.5,2135.9,2134.0,2134.5,22948,KOTAKBANK
8291,2025-06-12 12:40:00+05:30,2134.4,2134.8,2134.0,2134.2,13678,KOTAKBANK
8292,2025-06-12 12:45:00+05:30,2134.2,2135.5,2133.7,2135.2,15598,KOTAKBANK
8293,2025-06-12 12:50:00+05:30,2135.3,2135.5,2133.8,2134.0,9144,KOTAKBANK
8294,2025-06-12 12:55:00+05:30,2134.1,2134.5,2133.0,2133.0,17939,KOTAKBANK
8295,2025-06-12 13:00:00+05:30,2132.9,2132.9,2129.8,2130.1,30217,KOTAKBANK
8296,2025-06-12 13:05:00+05:30,2130.2,2131.0,2129.4,2129.5,27777,KOTAKBANK
8297,2025-06-12 13:10:00+05:30,2129.5,2130.8,2129.1,2130.2,28316,KOTAKBANK
8298,2025-06-12 13:15:00+05:30,2130.3,2130.9,2127.7,2127.7,44941,KOTAKBANK
8299,2025-06-12 13:20:00+05:30,2127.6,2127.7,2124.4,2124.8,38921,KOTAKBANK
8300,2025-06-12 13:25:00+05:30,2124.8,2126.9,2123.2,2124.3,48262,KOTAKBANK
8301,2025-06-12 13:30:00+05:30,2124.3,2127.2,2123.6,2125.4,70417,KOTAKBANK
8302,2025-06-12 13:35:00+05:30,2125.8,2129.1,2124.2,2127.2,125503,KOTAKBANK
8303,2025-06-12 13:40:00+05:30,2127.2,2127.4,2126.0,2126.9,52326,KOTAKBANK
8304,2025-06-12 13:45:00+05:30,2126.1,2128.6,2123.8,2125.1,50389,KOTAKBANK
8305,2025-06-12 13:50:00+05:30,2125.4,2127.4,2123.9,2126.5,70178,KOTAKBANK
8306,2025-06-12 13:55:00+05:30,2126.8,2128.6,2125.6,2126.3,61979,KOTAKBANK
8307,2025-06-12 14:00:00+05:30,2126.8,2127.2,2123.4,2125.0,49642,KOTAKBANK
8308,2025-06-12 14:05:00+05:30,2124.9,2126.1,2122.2,2122.9,39390,KOTAKBANK
8309,2025-06-12 14:10:00+05:30,2122.5,2127.0,2122.5,2125.9,43327,KOTAKBANK
8310,2025-06-12 14:15:00+05:30,2126.0,2127.0,2125.0,2126.1,50391,KOTAKBANK
8311,2025-06-12 14:20:00+05:30,2126.0,2127.7,2124.4,2124.8,62718,KOTAKBANK
8312,2025-06-12 14:25:00+05:30,2124.7,2126.2,2123.8,2124.3,33882,KOTAKBANK
8313,2025-06-12 14:30:00+05:30,2124.3,2129.8,2124.3,2128.9,102159,KOTAKBANK
8314,2025-06-12 14:35:00+05:30,2128.5,2130.5,2125.6,2126.3,63340,KOTAKBANK
8315,2025-06-12 14:40:00+05:30,2126.7,2128.2,2124.2,2124.2,44119,KOTAKBANK
8316,2025-06-12 14:45:00+05:30,2124.5,2126.8,2124.0,2125.2,39865,KOTAKBANK
8317,2025-06-12 14:50:00+05:30,2124.7,2127.4,2124.5,2126.0,30605,KOTAKBANK
8318,2025-06-12 14:55:00+05:30,2126.0,2128.6,2125.5,2126.4,42829,KOTAKBANK
8319,2025-06-12 15:00:00+05:30,2126.4,2129.5,2125.3,2129.0,203399,KOTAKBANK
8320,2025-06-12 15:05:00+05:30,2129.0,2129.5,2125.8,2128.5,172346,KOTAKBANK
8321,2025-06-12 15:10:00+05:30,2128.5,2128.8,2124.6,2125.6,107717,KOTAKBANK
8322,2025-06-12 15:15:00+05:30,2125.4,2127.1,2125.4,2126.8,63478,KOTAKBANK
8323,2025-06-12 15:20:00+05:30,2126.8,2127.2,2124.3,2124.8,78525,KOTAKBANK
8324,2025-06-12 15:25:00+05:30,2124.8,2128.5,2122.2,2122.2,62313,KOTAKBANK
8325,2025-06-13 09:15:00+05:30,2072.0,2104.4,2072.0,2090.0,296239,KOTAKBANK
8326,2025-06-13 09:20:00+05:30,2089.5,2093.7,2087.6,2091.6,72262,KOTAKBANK
8327,2025-06-13 09:25:00+05:30,2090.7,2092.2,2084.8,2085.1,51178,KOTAKBANK
8328,2025-06-13 09:30:00+05:30,2085.3,2085.3,2075.0,2076.0,70898,KOTAKBANK
8329,2025-06-13 09:35:00+05:30,2076.0,2088.5,2076.0,2087.3,139536,KOTAKBANK
8330,2025-06-13 09:40:00+05:30,2087.3,2088.4,2083.6,2085.9,16033,KOTAKBANK
8331,2025-06-13 09:45:00+05:30,2085.9,2091.2,2080.0,2080.6,159798,KOTAKBANK
8332,2025-06-13 09:50:00+05:30,2080.7,2084.2,2079.4,2082.1,42353,KOTAKBANK
8333,2025-06-13 09:55:00+05:30,2082.6,2089.0,2082.3,2088.1,39414,KOTAKBANK
8334,2025-06-13 10:00:00+05:30,2088.8,2090.0,2085.0,2085.6,71663,KOTAKBANK
8335,2025-06-13 10:05:00+05:30,2085.8,2091.0,2085.6,2089.8,13997,KOTAKBANK
8336,2025-06-13 10:10:00+05:30,2090.7,2091.2,2087.9,2088.3,21016,KOTAKBANK
8337,2025-06-13 10:15:00+05:30,2088.3,2088.3,2083.1,2086.0,72209,KOTAKBANK
8338,2025-06-13 10:20:00+05:30,2086.0,2094.2,2086.0,2092.4,37270,KOTAKBANK
8339,2025-06-13 10:25:00+05:30,2092.5,2093.2,2088.8,2090.6,26140,KOTAKBANK
8340,2025-06-13 10:30:00+05:30,2090.1,2094.1,2089.2,2094.0,70118,KOTAKBANK
8341,2025-06-13 10:35:00+05:30,2094.2,2096.3,2091.3,2094.4,104226,KOTAKBANK
8342,2025-06-13 10:40:00+05:30,2094.5,2094.6,2088.8,2094.0,113603,KOTAKBANK
8343,2025-06-13 10:45:00+05:30,2094.2,2096.5,2093.0,2096.5,59719,KOTAKBANK
8344,2025-06-13 10:50:00+05:30,2096.5,2100.5,2095.8,2097.3,85427,KOTAKBANK
8345,2025-06-13 10:55:00+05:30,2097.3,2100.0,2095.1,2095.1,87575,KOTAKBANK
8346,2025-06-13 11:00:00+05:30,2095.6,2098.0,2094.2,2096.5,29310,KOTAKBANK
8347,2025-06-13 11:05:00+05:30,2096.9,2099.3,2096.5,2098.1,74025,KOTAKBANK
8348,2025-06-13 11:10:00+05:30,2098.1,2099.0,2095.1,2095.1,86713,KOTAKBANK
8349,2025-06-13 11:15:00+05:30,2095.3,2103.0,2094.3,2102.2,129690,KOTAKBANK
8350,2025-06-13 11:20:00+05:30,2102.2,2103.6,2100.3,2102.0,52848,KOTAKBANK
8351,2025-06-13 11:25:00+05:30,2101.6,2104.1,2101.6,2104.1,25231,KOTAKBANK
8352,2025-06-13 11:30:00+05:30,2104.2,2109.8,2104.1,2108.6,30178,KOTAKBANK
8353,2025-06-13 11:35:00+05:30,2109.0,2110.9,2108.1,2108.9,29586,KOTAKBANK
8354,2025-06-13 11:40:00+05:30,2108.8,2110.3,2105.4,2105.8,16024,KOTAKBANK
8355,2025-06-13 11:45:00+05:30,2106.0,2107.0,2105.8,2106.1,9992,KOTAKBANK
8356,2025-06-13 11:50:00+05:30,2106.7,2107.9,2106.3,2107.5,9322,KOTAKBANK
8357,2025-06-13 11:55:00+05:30,2107.4,2109.9,2107.0,2108.9,10115,KOTAKBANK
8358,2025-06-13 12:00:00+05:30,2109.5,2111.2,2106.2,2108.6,37437,KOTAKBANK
8359,2025-06-13 12:05:00+05:30,2108.7,2109.7,2106.9,2107.8,13475,KOTAKBANK
8360,2025-06-13 12:10:00+05:30,2107.3,2108.7,2104.5,2106.8,18628,KOTAKBANK
8361,2025-06-13 12:15:00+05:30,2106.8,2110.0,2105.0,2108.8,10092,KOTAKBANK
8362,2025-06-13 12:20:00+05:30,2108.2,2110.7,2106.6,2110.3,46992,KOTAKBANK
8363,2025-06-13 12:25:00+05:30,2110.3,2110.8,2107.2,2107.2,79986,KOTAKBANK
8364,2025-06-13 12:30:00+05:30,2107.7,2110.5,2106.7,2109.5,72730,KOTAKBANK
8365,2025-06-13 12:35:00+05:30,2109.5,2110.0,2106.7,2108.1,50155,KOTAKBANK
8366,2025-06-13 12:40:00+05:30,2108.2,2110.3,2107.6,2109.5,13218,KOTAKBANK
8367,2025-06-13 12:45:00+05:30,2109.5,2110.1,2105.4,2107.1,43052,KOTAKBANK
8368,2025-06-13 12:50:00+05:30,2107.0,2108.1,2105.2,2106.9,21535,KOTAKBANK
8369,2025-06-13 12:55:00+05:30,2106.2,2107.1,2103.7,2105.2,10204,KOTAKBANK
8370,2025-06-13 13:00:00+05:30,2105.2,2105.8,2103.0,2103.1,15014,KOTAKBANK
8371,2025-06-13 13:05:00+05:30,2104.1,2104.3,2102.0,2103.4,23032,KOTAKBANK
8372,2025-06-13 13:10:00+05:30,2103.4,2107.4,2102.2,2107.0,31442,KOTAKBANK
8373,2025-06-13 13:15:00+05:30,2106.3,2107.0,2104.0,2105.5,75442,KOTAKBANK
8374,2025-06-13 13:20:00+05:30,2105.1,2105.9,2104.2,2105.1,7757,KOTAKBANK
8375,2025-06-13 13:25:00+05:30,2105.1,2105.8,2104.3,2105.6,7768,KOTAKBANK
8376,2025-06-13 13:30:00+05:30,2105.0,2108.0,2105.0,2107.5,17187,KOTAKBANK
8377,2025-06-13 13:35:00+05:30,2106.7,2111.2,2106.7,2110.1,14111,KOTAKBANK
8378,2025-06-13 13:40:00+05:30,2110.1,2111.0,2109.1,2110.0,9687,KOTAKBANK
8379,2025-06-13 13:45:00+05:30,2110.0,2113.5,2110.0,2111.1,14437,KOTAKBANK
8380,2025-06-13 13:50:00+05:30,2111.4,2111.6,2109.3,2110.4,11785,KOTAKBANK
8381,2025-06-13 13:55:00+05:30,2110.4,2110.5,2108.4,2110.1,42310,KOTAKBANK
8382,2025-06-13 14:00:00+05:30,2110.4,2110.4,2105.7,2108.1,13932,KOTAKBANK
8383,2025-06-13 14:05:00+05:30,2107.7,2109.6,2107.0,2107.6,8830,KOTAKBANK
8384,2025-06-13 14:10:00+05:30,2107.6,2110.1,2105.1,2108.1,242152,KOTAKBANK
8385,2025-06-13 14:15:00+05:30,2108.6,2108.9,2104.9,2106.3,21770,KOTAKBANK
8386,2025-06-13 14:20:00+05:30,2106.5,2107.5,2105.3,2106.3,17267,KOTAKBANK
8387,2025-06-13 14:25:00+05:30,2106.3,2110.5,2105.7,2109.3,62327,KOTAKBANK
8388,2025-06-13 14:30:00+05:30,2110.0,2110.1,2104.7,2105.5,103680,KOTAKBANK
8389,2025-06-13 14:35:00+05:30,2105.5,2106.9,2104.5,2106.4,13195,KOTAKBANK
8390,2025-06-13 14:40:00+05:30,2106.4,2106.9,2103.5,2104.8,13487,KOTAKBANK
8391,2025-06-13 14:45:00+05:30,2104.6,2107.7,2103.0,2103.8,26916,KOTAKBANK
8392,2025-06-13 14:50:00+05:30,2103.8,2105.4,2102.1,2104.1,31529,KOTAKBANK
8393,2025-06-13 14:55:00+05:30,2104.2,2105.0,2102.1,2105.0,51773,KOTAKBANK
8394,2025-06-13 15:00:00+05:30,2105.0,2105.7,2104.7,2105.3,94934,KOTAKBANK
8395,2025-06-13 15:05:00+05:30,2105.3,2122.0,2103.6,2110.6,352821,KOTAKBANK
8396,2025-06-13 15:10:00+05:30,2110.8,2111.1,2106.4,2107.0,148303,KOTAKBANK
8397,2025-06-13 15:15:00+05:30,2106.8,2109.6,2106.0,2109.0,149302,KOTAKBANK
8398,2025-06-13 15:20:00+05:30,2109.1,2109.1,2106.1,2106.5,154288,KOTAKBANK
8399,2025-06-13 15:25:00+05:30,2106.5,2109.2,2102.1,2106.0,119471,KOTAKBANK
8400,2025-06-16 09:15:00+05:30,2107.9,2109.9,2088.8,2105.4,109986,KOTAKBANK
8401,2025-06-16 09:20:00+05:30,2104.5,2107.4,2103.5,2103.9,53209,KOTAKBANK
8402,2025-06-16 09:25:00+05:30,2104.2,2107.7,2103.5,2105.0,12988,KOTAKBANK
8403,2025-06-16 09:30:00+05:30,2105.4,2108.3,2103.5,2106.3,48606,KOTAKBANK
8404,2025-06-16 09:35:00+05:30,2105.6,2109.8,2105.5,2108.8,7818,KOTAKBANK
8405,2025-06-16 09:40:00+05:30,2109.6,2114.2,2108.9,2114.0,12529,KOTAKBANK
8406,2025-06-16 09:45:00+05:30,2114.2,2114.2,2111.0,2111.5,16101,KOTAKBANK
8407,2025-06-16 09:50:00+05:30,2111.3,2117.5,2109.0,2113.3,45434,KOTAKBANK
8408,2025-06-16 09:55:00+05:30,2113.9,2115.9,2112.0,2114.4,32075,KOTAKBANK
8409,2025-06-16 10:00:00+05:30,2114.9,2117.0,2113.0,2115.1,97004,KOTAKBANK
8410,2025-06-16 10:05:00+05:30,2115.8,2118.9,2114.9,2118.5,13651,KOTAKBANK
8411,2025-06-16 10:10:00+05:30,2118.9,2120.4,2118.9,2120.1,34698,KOTAKBANK
8412,2025-06-16 10:15:00+05:30,2120.1,2124.7,2119.2,2124.4,42855,KOTAKBANK
8413,2025-06-16 10:20:00+05:30,2124.7,2129.0,2123.4,2127.0,37510,KOTAKBANK
8414,2025-06-16 10:25:00+05:30,2127.0,2130.1,2126.1,2127.9,83878,KOTAKBANK
8415,2025-06-16 10:30:00+05:30,2127.9,2128.6,2122.5,2124.2,103041,KOTAKBANK
8416,2025-06-16 10:35:00+05:30,2124.8,2126.4,2122.3,2123.4,33781,KOTAKBANK
8417,2025-06-16 10:40:00+05:30,2123.1,2129.2,2121.6,2128.9,21480,KOTAKBANK
8418,2025-06-16 10:45:00+05:30,2128.9,2130.8,2127.0,2130.1,49047,KOTAKBANK
8419,2025-06-16 10:50:00+05:30,2130.0,2130.2,2126.5,2128.8,29193,KOTAKBANK
8420,2025-06-16 10:55:00+05:30,2129.0,2129.4,2124.1,2125.3,23925,KOTAKBANK
8421,2025-06-16 11:00:00+05:30,2126.0,2127.4,2124.9,2126.6,28949,KOTAKBANK
8422,2025-06-16 11:05:00+05:30,2126.4,2132.7,2126.0,2132.5,25735,KOTAKBANK
8423,2025-06-16 11:10:00+05:30,2132.4,2133.6,2129.3,2131.2,97156,KOTAKBANK
8424,2025-06-16 11:15:00+05:30,2131.2,2132.3,2129.0,2129.3,52535,KOTAKBANK
8425,2025-06-16 11:20:00+05:30,2129.0,2129.3,2126.6,2127.7,16936,KOTAKBANK
8426,2025-06-16 11:25:00+05:30,2127.7,2129.9,2127.3,2128.6,22408,KOTAKBANK
8427,2025-06-16 11:30:00+05:30,2128.6,2130.3,2127.0,2127.5,38998,KOTAKBANK
8428,2025-06-16 11:35:00+05:30,2128.0,2130.9,2127.5,2130.4,16945,KOTAKBANK
8429,2025-06-16 11:40:00+05:30,2130.4,2130.5,2128.2,2130.0,30265,KOTAKBANK
8430,2025-06-16 11:45:00+05:30,2130.0,2131.0,2126.7,2130.2,40028,KOTAKBANK
8431,2025-06-16 11:50:00+05:30,2130.8,2132.0,2130.0,2131.8,6572,KOTAKBANK
8432,2025-06-16 11:55:00+05:30,2131.7,2133.4,2130.1,2133.4,48157,KOTAKBANK
8433,2025-06-16 12:00:00+05:30,2133.4,2136.8,2132.9,2134.6,56187,KOTAKBANK
8434,2025-06-16 12:05:00+05:30,2134.6,2135.0,2134.1,2134.6,18462,KOTAKBANK
8435,2025-06-16 12:10:00+05:30,2134.9,2137.5,2134.6,2137.0,24045,KOTAKBANK
8436,2025-06-16 12:15:00+05:30,2137.0,2138.1,2135.8,2137.3,25062,KOTAKBANK
8437,2025-06-16 12:20:00+05:30,2137.3,2137.9,2134.1,2136.0,26017,KOTAKBANK
8438,2025-06-16 12:25:00+05:30,2136.7,2137.8,2135.5,2137.6,13129,KOTAKBANK
8439,2025-06-16 12:30:00+05:30,2137.7,2141.0,2136.5,2140.5,100185,KOTAKBANK
8440,2025-06-16 12:35:00+05:30,2140.1,2141.6,2138.9,2140.7,10890,KOTAKBANK
8441,2025-06-16 12:40:00+05:30,2141.2,2141.2,2138.0,2138.4,24156,KOTAKBANK
8442,2025-06-16 12:45:00+05:30,2138.4,2139.1,2137.1,2137.4,11905,KOTAKBANK
8443,2025-06-16 12:50:00+05:30,2137.4,2138.8,2137.0,2138.6,12551,KOTAKBANK
8444,2025-06-16 12:55:00+05:30,2138.6,2138.9,2136.1,2138.1,31272,KOTAKBANK
8445,2025-06-16 13:00:00+05:30,2138.7,2138.9,2137.7,2138.7,6822,KOTAKBANK
8446,2025-06-16 13:05:00+05:30,2138.6,2139.0,2137.7,2138.9,11037,KOTAKBANK
8447,2025-06-16 13:10:00+05:30,2138.4,2139.2,2138.0,2138.5,8310,KOTAKBANK
8448,2025-06-16 13:15:00+05:30,2138.5,2140.3,2138.0,2140.1,88535,KOTAKBANK
8449,2025-06-16 13:20:00+05:30,2139.6,2141.9,2139.3,2141.4,12059,KOTAKBANK
8450,2025-06-16 13:25:00+05:30,2141.5,2141.7,2139.1,2139.2,19847,KOTAKBANK
8451,2025-06-16 13:30:00+05:30,2139.2,2141.7,2139.1,2141.1,12545,KOTAKBANK
8452,2025-06-16 13:35:00+05:30,2140.9,2141.6,2138.3,2140.4,33369,KOTAKBANK
8453,2025-06-16 13:40:00+05:30,2140.4,2140.9,2135.7,2135.7,58159,KOTAKBANK
8454,2025-06-16 13:45:00+05:30,2135.7,2139.0,2135.0,2137.2,38533,KOTAKBANK
8455,2025-06-16 13:50:00+05:30,2138.1,2138.2,2133.9,2134.6,32898,KOTAKBANK
8456,2025-06-16 13:55:00+05:30,2135.3,2138.5,2134.4,2137.2,29717,KOTAKBANK
8457,2025-06-16 14:00:00+05:30,2138.0,2138.6,2135.1,2136.8,53614,KOTAKBANK
8458,2025-06-16 14:05:00+05:30,2136.8,2138.5,2136.0,2138.5,85234,KOTAKBANK
8459,2025-06-16 14:10:00+05:30,2138.0,2138.7,2135.9,2136.9,70333,KOTAKBANK
8460,2025-06-16 14:15:00+05:30,2137.0,2138.0,2133.3,2135.5,21826,KOTAKBANK
8461,2025-06-16 14:20:00+05:30,2135.4,2136.0,2133.7,2135.0,23222,KOTAKBANK
8462,2025-06-16 14:25:00+05:30,2135.0,2135.6,2133.1,2133.1,37201,KOTAKBANK
8463,2025-06-16 14:30:00+05:30,2133.1,2134.6,2132.0,2133.0,27295,KOTAKBANK
8464,2025-06-16 14:35:00+05:30,2132.8,2133.0,2132.0,2132.4,19498,KOTAKBANK
8465,2025-06-16 14:40:00+05:30,2132.4,2133.8,2132.0,2132.7,27199,KOTAKBANK
8466,2025-06-16 14:45:00+05:30,2133.6,2134.0,2132.0,2134.0,49216,KOTAKBANK
8467,2025-06-16 14:50:00+05:30,2133.8,2136.0,2132.8,2135.8,20319,KOTAKBANK
8468,2025-06-16 14:55:00+05:30,2135.8,2137.5,2134.0,2137.5,20018,KOTAKBANK
8469,2025-06-16 15:00:00+05:30,2137.3,2137.8,2136.0,2137.3,57387,KOTAKBANK
8470,2025-06-16 15:05:00+05:30,2137.3,2138.0,2134.6,2136.4,116231,KOTAKBANK
8471,2025-06-16 15:10:00+05:30,2136.3,2140.9,2136.3,2139.6,68706,KOTAKBANK
8472,2025-06-16 15:15:00+05:30,2139.6,2142.0,2138.4,2140.8,101422,KOTAKBANK
8473,2025-06-16 15:20:00+05:30,2140.8,2143.0,2140.4,2142.2,56801,KOTAKBANK
8474,2025-06-16 15:25:00+05:30,2142.1,2144.7,2136.8,2138.0,46828,KOTAKBANK
8475,2025-06-17 09:15:00+05:30,2139.0,2155.8,2130.2,2149.4,122772,KOTAKBANK
8476,2025-06-17 09:20:00+05:30,2149.4,2152.5,2147.4,2150.0,60742,KOTAKBANK
8477,2025-06-17 09:25:00+05:30,2150.0,2151.3,2149.2,2149.8,52485,KOTAKBANK
8478,2025-06-17 09:30:00+05:30,2150.0,2154.7,2148.5,2151.1,56918,KOTAKBANK
8479,2025-06-17 09:35:00+05:30,2151.4,2155.5,2150.8,2153.0,26374,KOTAKBANK
8480,2025-06-17 09:40:00+05:30,2153.0,2154.0,2150.5,2150.7,288455,KOTAKBANK
8481,2025-06-17 09:45:00+05:30,2150.8,2151.8,2147.0,2147.1,52015,KOTAKBANK
8482,2025-06-17 09:50:00+05:30,2148.0,2148.5,2144.1,2144.1,28575,KOTAKBANK
8483,2025-06-17 09:55:00+05:30,2144.1,2146.0,2142.3,2144.3,12873,KOTAKBANK
8484,2025-06-17 10:00:00+05:30,2144.9,2145.9,2141.6,2144.0,13453,KOTAKBANK
8485,2025-06-17 10:05:00+05:30,2144.2,2145.8,2142.6,2145.1,10554,KOTAKBANK
8486,2025-06-17 10:10:00+05:30,2145.1,2145.2,2140.1,2141.5,17875,KOTAKBANK
8487,2025-06-17 10:15:00+05:30,2141.7,2144.8,2141.5,2143.9,7664,KOTAKBANK
8488,2025-06-17 10:20:00+05:30,2143.7,2144.7,2141.8,2143.4,7430,KOTAKBANK
8489,2025-06-17 10:25:00+05:30,2143.4,2146.9,2141.1,2142.5,11854,KOTAKBANK
8490,2025-06-17 10:30:00+05:30,2142.5,2145.4,2142.0,2143.6,5952,KOTAKBANK
8491,2025-06-17 10:35:00+05:30,2144.1,2148.4,2143.9,2146.4,7434,KOTAKBANK
8492,2025-06-17 10:40:00+05:30,2146.4,2147.8,2146.0,2146.6,6912,KOTAKBANK
8493,2025-06-17 10:45:00+05:30,2146.7,2146.9,2143.0,2143.5,9346,KOTAKBANK
8494,2025-06-17 10:50:00+05:30,2143.7,2146.0,2142.2,2142.2,7464,KOTAKBANK
8495,2025-06-17 10:55:00+05:30,2142.5,2143.4,2140.1,2141.1,52977,KOTAKBANK
8496,2025-06-17 11:00:00+05:30,2141.1,2141.2,2138.6,2138.6,20114,KOTAKBANK
8497,2025-06-17 11:05:00+05:30,2138.7,2141.0,2138.6,2140.6,6573,KOTAKBANK
8498,2025-06-17 11:10:00+05:30,2140.6,2140.6,2138.6,2139.5,10997,KOTAKBANK
8499,2025-06-17 11:15:00+05:30,2139.5,2140.3,2139.0,2139.7,5518,KOTAKBANK
8500,2025-06-17 11:20:00+05:30,2139.6,2141.9,2138.1,2138.8,34081,KOTAKBANK
8501,2025-06-17 11:25:00+05:30,2138.7,2141.1,2138.6,2140.5,19999,KOTAKBANK
8502,2025-06-17 11:30:00+05:30,2140.5,2141.9,2140.0,2140.5,6253,KOTAKBANK
8503,2025-06-17 11:35:00+05:30,2140.3,2141.5,2139.4,2141.0,4963,KOTAKBANK
8504,2025-06-17 11:40:00+05:30,2141.2,2142.0,2138.1,2139.6,40479,KOTAKBANK
8505,2025-06-17 11:45:00+05:30,2140.1,2142.0,2140.0,2140.3,47562,KOTAKBANK
8506,2025-06-17 11:50:00+05:30,2140.4,2142.0,2140.1,2141.9,4827,KOTAKBANK
8507,2025-06-17 11:55:00+05:30,2141.9,2144.0,2141.9,2142.2,10132,KOTAKBANK
8508,2025-06-17 12:00:00+05:30,2142.2,2142.3,2138.1,2138.9,9193,KOTAKBANK
8509,2025-06-17 12:05:00+05:30,2138.9,2139.8,2137.5,2138.0,9196,KOTAKBANK
8510,2025-06-17 12:10:00+05:30,2138.2,2138.8,2136.9,2137.2,9915,KOTAKBANK
8511,2025-06-17 12:15:00+05:30,2137.5,2137.7,2134.4,2135.1,36371,KOTAKBANK
8512,2025-06-17 12:20:00+05:30,2135.1,2136.1,2133.5,2134.0,20558,KOTAKBANK
8513,2025-06-17 12:25:00+05:30,2134.3,2136.6,2133.3,2134.4,27615,KOTAKBANK
8514,2025-06-17 12:30:00+05:30,2134.5,2135.5,2133.8,2134.8,22498,KOTAKBANK
8515,2025-06-17 12:35:00+05:30,2134.8,2135.5,2132.5,2134.1,25872,KOTAKBANK
8516,2025-06-17 12:40:00+05:30,2134.0,2136.6,2133.6,2134.0,45332,KOTAKBANK
8517,2025-06-17 12:45:00+05:30,2134.0,2136.6,2132.9,2134.2,30055,KOTAKBANK
8518,2025-06-17 12:50:00+05:30,2134.2,2135.7,2133.3,2133.4,27998,KOTAKBANK
8519,2025-06-17 12:55:00+05:30,2133.4,2136.7,2133.4,2135.6,12819,KOTAKBANK
8520,2025-06-17 13:00:00+05:30,2135.7,2136.9,2135.5,2136.8,12168,KOTAKBANK
8521,2025-06-17 13:05:00+05:30,2136.9,2137.7,2135.3,2137.1,20140,KOTAKBANK
8522,2025-06-17 13:10:00+05:30,2137.1,2138.3,2135.9,2136.8,12945,KOTAKBANK
8523,2025-06-17 13:15:00+05:30,2136.9,2138.4,2136.8,2137.9,5991,KOTAKBANK
8524,2025-06-17 13:20:00+05:30,2137.9,2138.0,2135.1,2136.4,25143,KOTAKBANK
8525,2025-06-17 13:25:00+05:30,2136.1,2139.0,2136.0,2137.3,12597,KOTAKBANK
8526,2025-06-17 13:30:00+05:30,2137.5,2140.1,2136.8,2139.0,49186,KOTAKBANK
8527,2025-06-17 13:35:00+05:30,2139.0,2139.2,2135.7,2138.0,86053,KOTAKBANK
8528,2025-06-17 13:40:00+05:30,2137.9,2138.2,2134.6,2135.5,12323,KOTAKBANK
8529,2025-06-17 13:45:00+05:30,2135.5,2135.8,2133.9,2135.7,46306,KOTAKBANK
8530,2025-06-17 13:50:00+05:30,2135.7,2136.4,2133.0,2134.9,62039,KOTAKBANK
8531,2025-06-17 13:55:00+05:30,2134.9,2136.7,2133.6,2135.7,21298,KOTAKBANK
8532,2025-06-17 14:00:00+05:30,2135.8,2135.9,2133.2,2134.0,72052,KOTAKBANK
8533,2025-06-17 14:05:00+05:30,2134.9,2135.5,2133.8,2135.0,24896,KOTAKBANK
8534,2025-06-17 14:10:00+05:30,2135.0,2136.1,2134.3,2135.1,27627,KOTAKBANK
8535,2025-06-17 14:15:00+05:30,2135.2,2135.2,2133.4,2133.9,18055,KOTAKBANK
8536,2025-06-17 14:20:00+05:30,2133.9,2134.4,2131.6,2131.9,69436,KOTAKBANK
8537,2025-06-17 14:25:00+05:30,2132.0,2134.2,2131.9,2133.3,37654,KOTAKBANK
8538,2025-06-17 14:30:00+05:30,2133.4,2135.1,2132.7,2134.0,48466,KOTAKBANK
8539,2025-06-17 14:35:00+05:30,2134.0,2135.2,2132.1,2132.1,39913,KOTAKBANK
8540,2025-06-17 14:40:00+05:30,2133.1,2134.7,2132.3,2133.9,19283,KOTAKBANK
8541,2025-06-17 14:45:00+05:30,2134.0,2134.6,2132.1,2134.1,93238,KOTAKBANK
8542,2025-06-17 14:50:00+05:30,2133.6,2135.0,2131.9,2133.6,81207,KOTAKBANK
8543,2025-06-17 14:55:00+05:30,2133.5,2135.3,2132.4,2134.6,30314,KOTAKBANK
8544,2025-06-17 15:00:00+05:30,2134.6,2137.8,2133.4,2135.1,176275,KOTAKBANK
8545,2025-06-17 15:05:00+05:30,2134.8,2140.4,2133.9,2139.5,152355,KOTAKBANK
8546,2025-06-17 15:10:00+05:30,2140.0,2140.1,2135.5,2136.9,167609,KOTAKBANK
8547,2025-06-17 15:15:00+05:30,2136.9,2138.2,2131.1,2136.2,179916,KOTAKBANK
8548,2025-06-17 15:20:00+05:30,2136.2,2139.5,2135.1,2137.1,97185,KOTAKBANK
8549,2025-06-17 15:25:00+05:30,2137.1,2139.6,2137.0,2137.0,57362,KOTAKBANK
8550,2025-06-18 09:15:00+05:30,2125.0,2130.0,2121.0,2124.4,149181,KOTAKBANK
8551,2025-06-18 09:20:00+05:30,2124.7,2126.0,2118.5,2118.6,116236,KOTAKBANK
8552,2025-06-18 09:25:00+05:30,2118.6,2122.3,2111.7,2112.3,63877,KOTAKBANK
8553,2025-06-18 09:30:00+05:30,2112.3,2115.7,2108.7,2113.6,75460,KOTAKBANK
8554,2025-06-18 09:35:00+05:30,2113.7,2117.9,2112.9,2117.0,73820,KOTAKBANK
8555,2025-06-18 09:40:00+05:30,2117.0,2118.5,2114.8,2116.6,46814,KOTAKBANK
8556,2025-06-18 09:45:00+05:30,2116.9,2117.9,2114.9,2117.0,23240,KOTAKBANK
8557,2025-06-18 09:50:00+05:30,2117.0,2119.5,2116.9,2117.5,29525,KOTAKBANK
8558,2025-06-18 09:55:00+05:30,2117.5,2122.4,2117.3,2120.8,22436,KOTAKBANK
8559,2025-06-18 10:00:00+05:30,2121.4,2124.0,2120.7,2122.6,18716,KOTAKBANK
8560,2025-06-18 10:05:00+05:30,2122.5,2125.2,2122.4,2122.4,29779,KOTAKBANK
8561,2025-06-18 10:10:00+05:30,2123.0,2123.7,2121.2,2121.4,18589,KOTAKBANK
8562,2025-06-18 10:15:00+05:30,2121.4,2124.4,2121.4,2122.8,31501,KOTAKBANK
8563,2025-06-18 10:20:00+05:30,2123.6,2125.1,2120.7,2121.1,40715,KOTAKBANK
8564,2025-06-18 10:25:00+05:30,2121.5,2123.0,2120.7,2121.5,8837,KOTAKBANK
8565,2025-06-18 10:30:00+05:30,2121.5,2125.0,2121.5,2123.4,22642,KOTAKBANK
8566,2025-06-18 10:35:00+05:30,2123.1,2124.3,2120.1,2123.7,39384,KOTAKBANK
8567,2025-06-18 10:40:00+05:30,2124.0,2126.3,2121.5,2122.7,26403,KOTAKBANK
8568,2025-06-18 10:45:00+05:30,2123.0,2124.9,2120.2,2120.5,22311,KOTAKBANK
8569,2025-06-18 10:50:00+05:30,2120.5,2121.4,2117.4,2117.7,95191,KOTAKBANK
8570,2025-06-18 10:55:00+05:30,2117.7,2117.9,2114.1,2117.1,23341,KOTAKBANK
8571,2025-06-18 11:00:00+05:30,2117.2,2118.9,2116.7,2117.1,10500,KOTAKBANK
8572,2025-06-18 11:05:00+05:30,2117.1,2119.3,2117.1,2119.0,41430,KOTAKBANK
8573,2025-06-18 11:10:00+05:30,2119.0,2119.7,2117.6,2119.4,12125,KOTAKBANK
8574,2025-06-18 11:15:00+05:30,2119.4,2119.7,2118.5,2119.4,19822,KOTAKBANK
8575,2025-06-18 11:20:00+05:30,2119.4,2120.0,2117.7,2118.8,44783,KOTAKBANK
8576,2025-06-18 11:25:00+05:30,2118.8,2120.0,2118.8,2119.7,7536,KOTAKBANK
8577,2025-06-18 11:30:00+05:30,2119.7,2120.0,2114.0,2114.0,197880,KOTAKBANK
8578,2025-06-18 11:35:00+05:30,2114.0,2115.6,2112.1,2115.0,39540,KOTAKBANK
8579,2025-06-18 11:40:00+05:30,2115.0,2118.2,2115.0,2117.1,26769,KOTAKBANK
8580,2025-06-18 11:45:00+05:30,2117.1,2118.2,2114.9,2117.7,14957,KOTAKBANK
8581,2025-06-18 11:50:00+05:30,2117.7,2118.6,2117.7,2117.7,13068,KOTAKBANK
8582,2025-06-18 11:55:00+05:30,2117.7,2118.2,2116.5,2118.0,19224,KOTAKBANK
8583,2025-06-18 12:00:00+05:30,2118.0,2121.0,2118.0,2120.2,20940,KOTAKBANK
8584,2025-06-18 12:05:00+05:30,2120.2,2121.0,2119.0,2120.9,174323,KOTAKBANK
8585,2025-06-18 12:10:00+05:30,2120.8,2123.4,2120.8,2121.2,14689,KOTAKBANK
8586,2025-06-18 12:15:00+05:30,2121.2,2122.0,2120.4,2120.4,8499,KOTAKBANK
8587,2025-06-18 12:20:00+05:30,2120.4,2121.4,2119.2,2120.5,14378,KOTAKBANK
8588,2025-06-18 12:25:00+05:30,2120.5,2121.3,2119.1,2120.4,15245,KOTAKBANK
8589,2025-06-18 12:30:00+05:30,2120.4,2120.9,2118.5,2120.1,21683,KOTAKBANK
8590,2025-06-18 12:35:00+05:30,2120.1,2120.3,2119.8,2120.2,12880,KOTAKBANK
8591,2025-06-18 12:40:00+05:30,2120.2,2120.5,2118.6,2120.0,76752,KOTAKBANK
8592,2025-06-18 12:45:00+05:30,2120.0,2121.0,2118.5,2120.4,47552,KOTAKBANK
8593,2025-06-18 12:50:00+05:30,2120.3,2121.4,2119.7,2120.3,13561,KOTAKBANK
8594,2025-06-18 12:55:00+05:30,2120.2,2121.0,2119.8,2120.0,14031,KOTAKBANK
8595,2025-06-18 13:00:00+05:30,2119.9,2121.7,2118.9,2120.1,18781,KOTAKBANK
8596,2025-06-18 13:05:00+05:30,2120.1,2120.8,2120.0,2120.2,5970,KOTAKBANK
8597,2025-06-18 13:10:00+05:30,2120.2,2122.5,2120.2,2121.8,15989,KOTAKBANK
8598,2025-06-18 13:15:00+05:30,2121.8,2123.7,2118.9,2123.0,138717,KOTAKBANK
8599,2025-06-18 13:20:00+05:30,2123.0,2125.0,2123.0,2124.7,11213,KOTAKBANK
8600,2025-06-18 13:25:00+05:30,2124.7,2126.9,2124.7,2126.9,14561,KOTAKBANK
8601,2025-06-18 13:30:00+05:30,2126.5,2128.6,2125.1,2128.0,18100,KOTAKBANK
8602,2025-06-18 13:35:00+05:30,2128.0,2131.3,2125.9,2128.5,288543,KOTAKBANK
8603,2025-06-18 13:40:00+05:30,2128.7,2129.5,2127.2,2127.5,24713,KOTAKBANK
8604,2025-06-18 13:45:00+05:30,2127.5,2128.1,2127.1,2127.5,14167,KOTAKBANK
8605,2025-06-18 13:50:00+05:30,2128.1,2128.5,2127.0,2127.6,22500,KOTAKBANK
8606,2025-06-18 13:55:00+05:30,2128.4,2129.2,2127.0,2128.0,29064,KOTAKBANK
8607,2025-06-18 14:00:00+05:30,2127.6,2128.7,2127.0,2128.2,18931,KOTAKBANK
8608,2025-06-18 14:05:00+05:30,2128.2,2128.9,2127.1,2128.0,14403,KOTAKBANK
8609,2025-06-18 14:10:00+05:30,2128.0,2128.2,2127.0,2127.2,13070,KOTAKBANK
8610,2025-06-18 14:15:00+05:30,2127.4,2127.8,2123.1,2124.7,288419,KOTAKBANK
8611,2025-06-18 14:20:00+05:30,2124.7,2125.9,2123.0,2123.0,12548,KOTAKBANK
8612,2025-06-18 14:25:00+05:30,2123.0,2124.7,2121.1,2123.0,32902,KOTAKBANK
8613,2025-06-18 14:30:00+05:30,2122.7,2124.2,2121.8,2123.6,27163,KOTAKBANK
8614,2025-06-18 14:35:00+05:30,2123.6,2124.9,2122.9,2123.4,28498,KOTAKBANK
8615,2025-06-18 14:40:00+05:30,2123.6,2124.4,2122.6,2122.6,25543,KOTAKBANK
8616,2025-06-18 14:45:00+05:30,2122.6,2123.9,2122.0,2122.7,25759,KOTAKBANK
8617,2025-06-18 14:50:00+05:30,2122.6,2124.1,2121.1,2123.6,47094,KOTAKBANK
8618,2025-06-18 14:55:00+05:30,2123.6,2133.0,2123.6,2129.3,87456,KOTAKBANK
8619,2025-06-18 15:00:00+05:30,2129.4,2131.6,2129.3,2130.9,110625,KOTAKBANK
8620,2025-06-18 15:05:00+05:30,2130.9,2137.4,2130.7,2134.9,278550,KOTAKBANK
8621,2025-06-18 15:10:00+05:30,2134.6,2135.0,2131.3,2132.4,116389,KOTAKBANK
8622,2025-06-18 15:15:00+05:30,2132.4,2133.0,2130.9,2132.0,121434,KOTAKBANK
8623,2025-06-18 15:20:00+05:30,2131.9,2134.3,2131.9,2132.4,117831,KOTAKBANK
8624,2025-06-18 15:25:00+05:30,2132.3,2134.9,2130.6,2134.9,71503,KOTAKBANK
8625,2025-06-19 09:15:00+05:30,2139.5,2145.0,2133.1,2141.2,104794,KOTAKBANK
8626,2025-06-19 09:20:00+05:30,2140.5,2147.3,2138.3,2146.0,53453,KOTAKBANK
8627,2025-06-19 09:25:00+05:30,2145.9,2150.0,2145.9,2148.7,65947,KOTAKBANK
8628,2025-06-19 09:30:00+05:30,2148.7,2149.9,2144.3,2147.1,36373,KOTAKBANK
8629,2025-06-19 09:35:00+05:30,2146.9,2149.0,2145.4,2149.0,16611,KOTAKBANK
8630,2025-06-19 09:40:00+05:30,2149.0,2149.2,2146.1,2148.6,20122,KOTAKBANK
8631,2025-06-19 09:45:00+05:30,2148.6,2151.9,2148.1,2148.3,30428,KOTAKBANK
8632,2025-06-19 09:50:00+05:30,2148.3,2149.0,2144.6,2146.2,31212,KOTAKBANK
8633,2025-06-19 09:55:00+05:30,2146.3,2148.5,2143.9,2146.7,23029,KOTAKBANK
8634,2025-06-19 10:00:00+05:30,2146.4,2147.5,2145.3,2145.9,29597,KOTAKBANK
8635,2025-06-19 10:05:00+05:30,2145.8,2147.7,2145.0,2147.4,22652,KOTAKBANK
8636,2025-06-19 10:10:00+05:30,2147.4,2149.9,2147.3,2148.0,24589,KOTAKBANK
8637,2025-06-19 10:15:00+05:30,2147.7,2150.0,2147.7,2150.0,32861,KOTAKBANK
8638,2025-06-19 10:20:00+05:30,2149.8,2154.7,2149.3,2153.5,35982,KOTAKBANK
8639,2025-06-19 10:25:00+05:30,2153.8,2154.0,2151.4,2152.3,28809,KOTAKBANK
8640,2025-06-19 10:30:00+05:30,2152.3,2153.0,2148.6,2149.2,24039,KOTAKBANK
8641,2025-06-19 10:35:00+05:30,2149.2,2149.4,2147.0,2148.0,29999,KOTAKBANK
8642,2025-06-19 10:40:00+05:30,2148.7,2150.0,2147.3,2149.9,72662,KOTAKBANK
8643,2025-06-19 10:45:00+05:30,2149.9,2152.8,2147.6,2148.3,32143,KOTAKBANK
8644,2025-06-19 10:50:00+05:30,2148.3,2148.5,2146.5,2148.2,23712,KOTAKBANK
8645,2025-06-19 10:55:00+05:30,2148.2,2149.0,2147.0,2148.9,31098,KOTAKBANK
8646,2025-06-19 11:00:00+05:30,2149.0,2150.3,2147.8,2148.0,58739,KOTAKBANK
8647,2025-06-19 11:05:00+05:30,2147.8,2148.7,2147.6,2148.0,22552,KOTAKBANK
8648,2025-06-19 11:10:00+05:30,2148.0,2152.0,2147.5,2152.0,41119,KOTAKBANK
8649,2025-06-19 11:15:00+05:30,2151.8,2153.6,2147.8,2152.4,79602,KOTAKBANK
8650,2025-06-19 11:20:00+05:30,2152.4,2152.7,2149.0,2149.5,33104,KOTAKBANK
8651,2025-06-19 11:25:00+05:30,2149.5,2151.0,2147.5,2150.1,37276,KOTAKBANK
8652,2025-06-19 11:30:00+05:30,2150.1,2154.0,2149.9,2153.7,38848,KOTAKBANK
8653,2025-06-19 11:35:00+05:30,2153.7,2153.9,2148.7,2149.3,32558,KOTAKBANK
8654,2025-06-19 11:40:00+05:30,2149.6,2151.4,2149.1,2149.7,25143,KOTAKBANK
8655,2025-06-19 11:45:00+05:30,2149.4,2150.0,2148.6,2149.2,28082,KOTAKBANK
8656,2025-06-19 11:50:00+05:30,2149.2,2151.0,2149.1,2149.8,32593,KOTAKBANK
8657,2025-06-19 11:55:00+05:30,2150.0,2151.5,2149.1,2151.4,35421,KOTAKBANK
8658,2025-06-19 12:00:00+05:30,2151.4,2151.4,2148.5,2148.5,35923,KOTAKBANK
8659,2025-06-19 12:05:00+05:30,2148.8,2151.6,2148.5,2151.6,54824,KOTAKBANK
8660,2025-06-19 12:10:00+05:30,2151.5,2151.6,2149.0,2151.4,37142,KOTAKBANK
8661,2025-06-19 12:15:00+05:30,2151.3,2151.5,2151.3,2151.5,28464,KOTAKBANK
8662,2025-06-19 12:20:00+05:30,2151.3,2153.0,2150.1,2152.8,33690,KOTAKBANK
8663,2025-06-19 12:25:00+05:30,2152.8,2153.0,2151.8,2152.4,22060,KOTAKBANK
8664,2025-06-19 12:30:00+05:30,2152.4,2152.9,2149.9,2151.0,34388,KOTAKBANK
8665,2025-06-19 12:35:00+05:30,2151.0,2152.6,2150.7,2151.5,25407,KOTAKBANK
8666,2025-06-19 12:40:00+05:30,2151.4,2151.5,2145.8,2146.4,65440,KOTAKBANK
8667,2025-06-19 12:45:00+05:30,2146.5,2146.5,2144.2,2144.8,21788,KOTAKBANK
8668,2025-06-19 12:50:00+05:30,2144.8,2147.7,2142.9,2147.3,21790,KOTAKBANK
8669,2025-06-19 12:55:00+05:30,2147.3,2148.0,2145.0,2146.0,42989,KOTAKBANK
8670,2025-06-19 13:00:00+05:30,2145.9,2148.0,2144.8,2145.0,79005,KOTAKBANK
8671,2025-06-19 13:05:00+05:30,2145.0,2148.7,2145.0,2148.0,29238,KOTAKBANK
8672,2025-06-19 13:10:00+05:30,2148.0,2149.6,2146.2,2147.9,60941,KOTAKBANK
8673,2025-06-19 13:15:00+05:30,2147.9,2148.3,2147.2,2148.0,14167,KOTAKBANK
8674,2025-06-19 13:20:00+05:30,2148.0,2148.2,2147.0,2147.5,19537,KOTAKBANK
8675,2025-06-19 13:25:00+05:30,2147.5,2148.6,2147.3,2148.3,36547,KOTAKBANK
8676,2025-06-19 13:30:00+05:30,2148.6,2151.6,2148.1,2149.4,37067,KOTAKBANK
8677,2025-06-19 13:35:00+05:30,2149.3,2149.3,2147.5,2148.7,18015,KOTAKBANK
8678,2025-06-19 13:40:00+05:30,2148.7,2150.0,2147.5,2148.0,20677,KOTAKBANK
8679,2025-06-19 13:45:00+05:30,2148.1,2148.2,2146.9,2147.4,46875,KOTAKBANK
8680,2025-06-19 13:50:00+05:30,2147.7,2150.0,2147.0,2150.0,26554,KOTAKBANK
8681,2025-06-19 13:55:00+05:30,2150.0,2150.0,2147.2,2149.1,27490,KOTAKBANK
8682,2025-06-19 14:00:00+05:30,2149.2,2149.8,2147.2,2148.9,36063,KOTAKBANK
8683,2025-06-19 14:05:00+05:30,2148.8,2149.9,2147.3,2149.6,86696,KOTAKBANK
8684,2025-06-19 14:10:00+05:30,2149.6,2150.0,2147.5,2148.5,29375,KOTAKBANK
8685,2025-06-19 14:15:00+05:30,2148.7,2149.2,2147.4,2147.6,42618,KOTAKBANK
8686,2025-06-19 14:20:00+05:30,2147.4,2149.4,2147.0,2147.9,31537,KOTAKBANK
8687,2025-06-19 14:25:00+05:30,2147.7,2148.0,2147.0,2147.5,26975,KOTAKBANK
8688,2025-06-19 14:30:00+05:30,2147.4,2148.1,2147.0,2147.3,44010,KOTAKBANK
8689,2025-06-19 14:35:00+05:30,2147.3,2150.8,2147.3,2149.0,70021,KOTAKBANK
8690,2025-06-19 14:40:00+05:30,2148.6,2149.0,2147.0,2148.3,75411,KOTAKBANK
8691,2025-06-19 14:45:00+05:30,2148.2,2149.3,2147.2,2147.3,21260,KOTAKBANK
8692,2025-06-19 14:50:00+05:30,2147.3,2148.7,2147.0,2148.1,28956,KOTAKBANK
8693,2025-06-19 14:55:00+05:30,2148.1,2149.5,2147.0,2148.5,41225,KOTAKBANK
8694,2025-06-19 15:00:00+05:30,2148.5,2149.2,2146.8,2148.6,187490,KOTAKBANK
8695,2025-06-19 15:05:00+05:30,2148.5,2149.5,2145.8,2147.9,118660,KOTAKBANK
8696,2025-06-19 15:10:00+05:30,2148.0,2148.4,2145.5,2145.6,150562,KOTAKBANK
8697,2025-06-19 15:15:00+05:30,2145.7,2147.7,2142.4,2145.5,182344,KOTAKBANK
8698,2025-06-19 15:20:00+05:30,2145.2,2145.9,2142.9,2144.0,97094,KOTAKBANK
8699,2025-06-19 15:25:00+05:30,2143.9,2145.3,2140.5,2143.1,59625,KOTAKBANK
8700,2025-06-20 09:15:00+05:30,2145.0,2154.5,2143.8,2143.8,47832,KOTAKBANK
8701,2025-06-20 09:20:00+05:30,2143.9,2144.9,2139.0,2141.3,23848,KOTAKBANK
8702,2025-06-20 09:25:00+05:30,2141.3,2142.9,2137.1,2137.3,20550,KOTAKBANK
8703,2025-06-20 09:30:00+05:30,2137.7,2138.4,2135.0,2136.9,21181,KOTAKBANK
8704,2025-06-20 09:35:00+05:30,2136.9,2136.9,2132.1,2132.8,13571,KOTAKBANK
8705,2025-06-20 09:40:00+05:30,2132.8,2139.5,2131.3,2137.9,24480,KOTAKBANK
8706,2025-06-20 09:45:00+05:30,2137.9,2139.9,2136.2,2138.2,16104,KOTAKBANK
8707,2025-06-20 09:50:00+05:30,2137.5,2140.7,2137.5,2140.4,17484,KOTAKBANK
8708,2025-06-20 09:55:00+05:30,2140.0,2141.3,2139.7,2140.7,11966,KOTAKBANK
8709,2025-06-20 10:00:00+05:30,2140.8,2141.6,2140.1,2140.7,5306,KOTAKBANK
8710,2025-06-20 10:05:00+05:30,2140.8,2143.9,2140.7,2142.4,18677,KOTAKBANK
8711,2025-06-20 10:10:00+05:30,2142.4,2146.7,2142.3,2146.7,16386,KOTAKBANK
8712,2025-06-20 10:15:00+05:30,2146.7,2149.8,2146.1,2148.5,31128,KOTAKBANK
8713,2025-06-20 10:20:00+05:30,2148.5,2149.5,2146.2,2147.7,12219,KOTAKBANK
8714,2025-06-20 10:25:00+05:30,2147.7,2151.6,2146.0,2150.7,13350,KOTAKBANK
8715,2025-06-20 10:30:00+05:30,2150.7,2153.0,2148.9,2150.6,19655,KOTAKBANK
8716,2025-06-20 10:35:00+05:30,2150.6,2151.3,2147.8,2148.4,9897,KOTAKBANK
8717,2025-06-20 10:40:00+05:30,2148.4,2152.1,2147.7,2151.8,74639,KOTAKBANK
8718,2025-06-20 10:45:00+05:30,2151.1,2152.9,2149.8,2151.0,19981,KOTAKBANK
8719,2025-06-20 10:50:00+05:30,2151.0,2152.6,2150.6,2151.0,10379,KOTAKBANK
8720,2025-06-20 10:55:00+05:30,2151.0,2151.5,2149.2,2149.8,8792,KOTAKBANK
8721,2025-06-20 11:00:00+05:30,2150.1,2150.6,2146.6,2148.2,37095,KOTAKBANK
8722,2025-06-20 11:05:00+05:30,2148.0,2148.9,2147.5,2148.0,8645,KOTAKBANK
8723,2025-06-20 11:10:00+05:30,2148.7,2149.5,2147.5,2148.1,25603,KOTAKBANK
8724,2025-06-20 11:15:00+05:30,2148.4,2149.6,2147.7,2148.5,18587,KOTAKBANK
8725,2025-06-20 11:20:00+05:30,2148.5,2148.5,2147.5,2148.1,10407,KOTAKBANK
8726,2025-06-20 11:25:00+05:30,2148.2,2148.4,2145.0,2146.6,16018,KOTAKBANK
8727,2025-06-20 11:30:00+05:30,2146.6,2149.0,2146.1,2148.4,14795,KOTAKBANK
8728,2025-06-20 11:35:00+05:30,2148.3,2151.6,2148.0,2150.9,25520,KOTAKBANK
8729,2025-06-20 11:40:00+05:30,2151.0,2152.0,2149.1,2150.4,17277,KOTAKBANK
8730,2025-06-20 11:45:00+05:30,2150.5,2151.0,2149.6,2150.4,6407,KOTAKBANK
8731,2025-06-20 11:50:00+05:30,2150.6,2151.9,2149.7,2151.6,12959,KOTAKBANK
8732,2025-06-20 11:55:00+05:30,2151.6,2158.0,2151.6,2152.7,49798,KOTAKBANK
8733,2025-06-20 12:00:00+05:30,2152.7,2154.0,2152.1,2153.4,14031,KOTAKBANK
8734,2025-06-20 12:05:00+05:30,2153.4,2155.0,2153.2,2154.8,12610,KOTAKBANK
8735,2025-06-20 12:10:00+05:30,2154.8,2156.4,2154.4,2156.3,12097,KOTAKBANK
8736,2025-06-20 12:15:00+05:30,2156.4,2156.4,2151.8,2151.8,11611,KOTAKBANK
8737,2025-06-20 12:20:00+05:30,2151.8,2152.5,2150.0,2150.2,8533,KOTAKBANK
8738,2025-06-20 12:25:00+05:30,2150.5,2151.0,2147.8,2149.1,31105,KOTAKBANK
8739,2025-06-20 12:30:00+05:30,2149.1,2150.6,2149.0,2150.0,53148,KOTAKBANK
8740,2025-06-20 12:35:00+05:30,2150.0,2153.2,2149.7,2153.2,20020,KOTAKBANK
8741,2025-06-20 12:40:00+05:30,2153.2,2157.0,2152.7,2156.5,15856,KOTAKBANK
8742,2025-06-20 12:45:00+05:30,2157.0,2159.1,2156.0,2157.7,27365,KOTAKBANK
8743,2025-06-20 12:50:00+05:30,2157.8,2158.8,2156.5,2158.4,14060,KOTAKBANK
8744,2025-06-20 12:55:00+05:30,2158.4,2159.0,2157.1,2157.4,29951,KOTAKBANK
8745,2025-06-20 13:00:00+05:30,2157.4,2159.5,2157.1,2159.0,19088,KOTAKBANK
8746,2025-06-20 13:05:00+05:30,2159.0,2161.0,2159.0,2160.9,21990,KOTAKBANK
8747,2025-06-20 13:10:00+05:30,2161.0,2161.8,2159.6,2160.7,10554,KOTAKBANK
8748,2025-06-20 13:15:00+05:30,2160.7,2161.8,2159.9,2161.6,14581,KOTAKBANK
8749,2025-06-20 13:20:00+05:30,2160.9,2161.9,2159.8,2160.0,19370,KOTAKBANK
8750,2025-06-20 13:25:00+05:30,2160.8,2161.0,2159.8,2160.2,9856,KOTAKBANK
8751,2025-06-20 13:30:00+05:30,2160.2,2161.7,2160.1,2161.5,7845,KOTAKBANK
8752,2025-06-20 13:35:00+05:30,2161.5,2162.0,2159.6,2160.3,14429,KOTAKBANK
8753,2025-06-20 13:40:00+05:30,2160.8,2161.4,2159.0,2160.9,12178,KOTAKBANK
8754,2025-06-20 13:45:00+05:30,2161.0,2162.0,2159.7,2160.5,9950,KOTAKBANK
8755,2025-06-20 13:50:00+05:30,2160.5,2161.0,2158.3,2161.0,12206,KOTAKBANK
8756,2025-06-20 13:55:00+05:30,2161.0,2162.0,2160.0,2160.7,7885,KOTAKBANK
8757,2025-06-20 14:00:00+05:30,2160.7,2160.9,2158.0,2158.1,45089,KOTAKBANK
8758,2025-06-20 14:05:00+05:30,2158.5,2159.7,2158.1,2159.1,14859,KOTAKBANK
8759,2025-06-20 14:10:00+05:30,2159.5,2159.8,2157.6,2158.0,10721,KOTAKBANK
8760,2025-06-20 14:15:00+05:30,2158.3,2159.3,2157.5,2158.0,13522,KOTAKBANK
8761,2025-06-20 14:20:00+05:30,2157.5,2158.1,2156.5,2157.2,10859,KOTAKBANK
8762,2025-06-20 14:25:00+05:30,2157.5,2157.5,2153.0,2153.3,32567,KOTAKBANK
8763,2025-06-20 14:30:00+05:30,2153.3,2155.1,2152.7,2154.7,44749,KOTAKBANK
8764,2025-06-20 14:35:00+05:30,2154.7,2154.8,2153.1,2154.3,25593,KOTAKBANK
8765,2025-06-20 14:40:00+05:30,2154.3,2154.9,2153.8,2154.8,30579,KOTAKBANK
8766,2025-06-20 14:45:00+05:30,2154.8,2159.4,2153.7,2158.7,41595,KOTAKBANK
8767,2025-06-20 14:50:00+05:30,2158.7,2158.7,2155.7,2158.4,45226,KOTAKBANK
8768,2025-06-20 14:55:00+05:30,2158.4,2159.7,2156.5,2159.4,51571,KOTAKBANK
8769,2025-06-20 15:00:00+05:30,2159.4,2170.0,2158.9,2169.8,465183,KOTAKBANK
8770,2025-06-20 15:05:00+05:30,2169.8,2171.6,2165.3,2170.9,326237,KOTAKBANK
8771,2025-06-20 15:10:00+05:30,2170.6,2174.0,2170.2,2172.9,267289,KOTAKBANK
8772,2025-06-20 15:15:00+05:30,2172.9,2172.9,2166.8,2167.9,352097,KOTAKBANK
8773,2025-06-20 15:20:00+05:30,2168.4,2173.0,2167.7,2171.9,287483,KOTAKBANK
8774,2025-06-20 15:25:00+05:30,2172.1,2176.0,2161.9,2164.0,215436,KOTAKBANK
8775,2025-06-23 09:15:00+05:30,2158.1,2163.0,2155.9,2156.8,55897,KOTAKBANK
8776,2025-06-23 09:20:00+05:30,2156.9,2159.6,2156.0,2158.0,14719,KOTAKBANK
8777,2025-06-23 09:25:00+05:30,2158.0,2159.3,2154.2,2154.7,15677,KOTAKBANK
8778,2025-06-23 09:30:00+05:30,2154.7,2157.0,2153.1,2153.6,13285,KOTAKBANK
8779,2025-06-23 09:35:00+05:30,2153.6,2155.3,2151.2,2155.3,6424,KOTAKBANK
8780,2025-06-23 09:40:00+05:30,2155.5,2156.3,2153.0,2155.0,9989,KOTAKBANK
8781,2025-06-23 09:45:00+05:30,2154.0,2154.0,2151.2,2153.2,8397,KOTAKBANK
8782,2025-06-23 09:50:00+05:30,2153.2,2156.0,2152.2,2154.7,5237,KOTAKBANK
8783,2025-06-23 09:55:00+05:30,2155.1,2155.4,2153.4,2155.0,6691,KOTAKBANK
8784,2025-06-23 10:00:00+05:30,2155.2,2156.0,2153.7,2154.5,12425,KOTAKBANK
8785,2025-06-23 10:05:00+05:30,2154.4,2156.4,2154.0,2155.0,4671,KOTAKBANK
8786,2025-06-23 10:10:00+05:30,2155.0,2155.2,2153.0,2154.0,24845,KOTAKBANK
8787,2025-06-23 10:15:00+05:30,2154.1,2154.1,2152.6,2153.0,12727,KOTAKBANK
8788,2025-06-23 10:20:00+05:30,2153.0,2156.1,2153.0,2156.0,7180,KOTAKBANK
8789,2025-06-23 10:25:00+05:30,2156.0,2158.6,2155.5,2157.0,12938,KOTAKBANK
8790,2025-06-23 10:30:00+05:30,2157.0,2161.9,2156.8,2159.2,13210,KOTAKBANK
8791,2025-06-23 10:35:00+05:30,2159.2,2161.4,2158.4,2160.4,8919,KOTAKBANK
8792,2025-06-23 10:40:00+05:30,2160.4,2160.7,2159.5,2160.7,6409,KOTAKBANK
8793,2025-06-23 10:45:00+05:30,2160.7,2164.4,2160.7,2162.4,27925,KOTAKBANK
8794,2025-06-23 10:50:00+05:30,2162.4,2162.9,2160.1,2162.6,8455,KOTAKBANK
8795,2025-06-23 10:55:00+05:30,2162.0,2166.0,2162.0,2163.7,24247,KOTAKBANK
8796,2025-06-23 11:00:00+05:30,2163.7,2164.6,2162.1,2162.5,15637,KOTAKBANK
8797,2025-06-23 11:05:00+05:30,2162.2,2164.4,2161.0,2164.0,7470,KOTAKBANK
8798,2025-06-23 11:10:00+05:30,2164.4,2164.7,2163.9,2164.5,5977,KOTAKBANK
8799,2025-06-23 11:15:00+05:30,2164.5,2164.7,2163.3,2163.5,8926,KOTAKBANK
8800,2025-06-23 11:20:00+05:30,2163.6,2164.2,2161.6,2164.0,10715,KOTAKBANK
8801,2025-06-23 11:25:00+05:30,2164.1,2165.0,2162.6,2164.1,10093,KOTAKBANK
8802,2025-06-23 11:30:00+05:30,2164.1,2164.6,2163.8,2164.2,4507,KOTAKBANK
8803,2025-06-23 11:35:00+05:30,2164.4,2165.5,2163.5,2165.2,4936,KOTAKBANK
8804,2025-06-23 11:40:00+05:30,2165.2,2166.0,2165.1,2166.0,5800,KOTAKBANK
8805,2025-06-23 11:45:00+05:30,2165.9,2168.7,2164.4,2165.8,30446,KOTAKBANK
8806,2025-06-23 11:50:00+05:30,2165.8,2166.2,2164.6,2165.6,29967,KOTAKBANK
8807,2025-06-23 11:55:00+05:30,2165.6,2166.1,2164.0,2165.7,10245,KOTAKBANK
8808,2025-06-23 12:00:00+05:30,2165.1,2165.8,2164.8,2165.7,4140,KOTAKBANK
8809,2025-06-23 12:05:00+05:30,2165.7,2167.0,2165.5,2167.0,11016,KOTAKBANK
8810,2025-06-23 12:10:00+05:30,2167.0,2170.9,2165.7,2170.9,34493,KOTAKBANK
8811,2025-06-23 12:15:00+05:30,2170.9,2174.7,2170.6,2171.4,19522,KOTAKBANK
8812,2025-06-23 12:20:00+05:30,2171.4,2173.4,2170.2,2173.4,10116,KOTAKBANK
8813,2025-06-23 12:25:00+05:30,2173.4,2173.5,2169.7,2170.4,17548,KOTAKBANK
8814,2025-06-23 12:30:00+05:30,2170.4,2171.8,2168.5,2169.9,11163,KOTAKBANK
8815,2025-06-23 12:35:00+05:30,2169.9,2171.0,2169.4,2169.7,8190,KOTAKBANK
8816,2025-06-23 12:40:00+05:30,2169.6,2171.6,2169.6,2170.1,10988,KOTAKBANK
8817,2025-06-23 12:45:00+05:30,2170.1,2170.2,2166.0,2166.4,18851,KOTAKBANK
8818,2025-06-23 12:50:00+05:30,2166.4,2169.2,2166.0,2168.9,10639,KOTAKBANK
8819,2025-06-23 12:55:00+05:30,2168.9,2169.1,2168.0,2168.2,10676,KOTAKBANK
8820,2025-06-23 13:00:00+05:30,2168.4,2170.0,2168.0,2169.9,9308,KOTAKBANK
8821,2025-06-23 13:05:00+05:30,2169.9,2170.0,2169.0,2170.0,7145,KOTAKBANK
8822,2025-06-23 13:10:00+05:30,2170.0,2172.0,2169.9,2172.0,10881,KOTAKBANK
8823,2025-06-23 13:15:00+05:30,2172.0,2174.5,2171.1,2174.2,15120,KOTAKBANK
8824,2025-06-23 13:20:00+05:30,2174.1,2180.7,2174.1,2178.8,29631,KOTAKBANK
8825,2025-06-23 13:25:00+05:30,2178.8,2183.0,2178.6,2181.7,14899,KOTAKBANK
8826,2025-06-23 13:30:00+05:30,2181.7,2183.0,2178.8,2181.0,17644,KOTAKBANK
8827,2025-06-23 13:35:00+05:30,2180.6,2181.6,2179.2,2180.6,17642,KOTAKBANK
8828,2025-06-23 13:40:00+05:30,2180.5,2180.5,2174.2,2174.6,51950,KOTAKBANK
8829,2025-06-23 13:45:00+05:30,2174.3,2176.9,2173.9,2176.3,14197,KOTAKBANK
8830,2025-06-23 13:50:00+05:30,2176.3,2178.7,2175.7,2177.6,12190,KOTAKBANK
8831,2025-06-23 13:55:00+05:30,2177.6,2179.2,2176.3,2178.8,20687,KOTAKBANK
8832,2025-06-23 14:00:00+05:30,2178.4,2180.0,2177.3,2179.5,45700,KOTAKBANK
8833,2025-06-23 14:05:00+05:30,2179.5,2181.0,2175.5,2176.8,21996,KOTAKBANK
8834,2025-06-23 14:10:00+05:30,2176.6,2178.1,2176.1,2176.2,31971,KOTAKBANK
8835,2025-06-23 14:15:00+05:30,2176.2,2178.8,2175.0,2177.9,18379,KOTAKBANK
8836,2025-06-23 14:20:00+05:30,2178.2,2180.6,2177.5,2178.7,52832,KOTAKBANK
8837,2025-06-23 14:25:00+05:30,2178.7,2180.5,2178.1,2178.4,33315,KOTAKBANK
8838,2025-06-23 14:30:00+05:30,2178.4,2180.1,2177.1,2179.9,27107,KOTAKBANK
8839,2025-06-23 14:35:00+05:30,2179.6,2181.4,2176.4,2176.8,31895,KOTAKBANK
8840,2025-06-23 14:40:00+05:30,2176.8,2177.4,2175.7,2176.9,25411,KOTAKBANK
8841,2025-06-23 14:45:00+05:30,2177.2,2177.4,2175.0,2176.0,23088,KOTAKBANK
8842,2025-06-23 14:50:00+05:30,2176.0,2177.0,2175.0,2176.0,19937,KOTAKBANK
8843,2025-06-23 14:55:00+05:30,2176.0,2178.0,2175.3,2177.3,18708,KOTAKBANK
8844,2025-06-23 15:00:00+05:30,2177.2,2180.4,2176.8,2180.4,66730,KOTAKBANK
8845,2025-06-23 15:05:00+05:30,2180.4,2186.9,2180.0,2185.0,155044,KOTAKBANK
8846,2025-06-23 15:10:00+05:30,2185.1,2188.5,2184.9,2186.7,127578,KOTAKBANK
8847,2025-06-23 15:15:00+05:30,2186.7,2186.7,2184.3,2184.7,64884,KOTAKBANK
8848,2025-06-23 15:20:00+05:30,2184.7,2189.7,2181.7,2183.0,89751,KOTAKBANK
8849,2025-06-23 15:25:00+05:30,2183.2,2183.9,2177.6,2177.8,32657,KOTAKBANK
8850,2025-06-24 09:15:00+05:30,2208.0,2211.8,2199.0,2208.9,204442,KOTAKBANK
8851,2025-06-24 09:20:00+05:30,2208.9,2214.0,2208.8,2211.4,49734,KOTAKBANK
8852,2025-06-24 09:25:00+05:30,2211.4,2212.0,2207.0,2207.0,49275,KOTAKBANK
8853,2025-06-24 09:30:00+05:30,2207.4,2208.3,2200.2,2202.6,49811,KOTAKBANK
8854,2025-06-24 09:35:00+05:30,2202.8,2202.8,2191.9,2196.8,73438,KOTAKBANK
8855,2025-06-24 09:40:00+05:30,2197.6,2201.4,2196.0,2199.0,104790,KOTAKBANK
8856,2025-06-24 09:45:00+05:30,2199.0,2199.9,2191.4,2194.0,23690,KOTAKBANK
8857,2025-06-24 09:50:00+05:30,2193.9,2196.1,2192.5,2195.1,20713,KOTAKBANK
8858,2025-06-24 09:55:00+05:30,2195.1,2198.0,2194.5,2195.6,13667,KOTAKBANK
8859,2025-06-24 10:00:00+05:30,2196.3,2197.9,2195.0,2196.9,11781,KOTAKBANK
8860,2025-06-24 10:05:00+05:30,2196.9,2200.0,2196.8,2199.9,7508,KOTAKBANK
8861,2025-06-24 10:10:00+05:30,2199.9,2206.0,2199.5,2205.9,35297,KOTAKBANK
8862,2025-06-24 10:15:00+05:30,2205.9,2207.9,2201.6,2201.7,39529,KOTAKBANK
8863,2025-06-24 10:20:00+05:30,2201.7,2204.2,2200.0,2202.0,26583,KOTAKBANK
8864,2025-06-24 10:25:00+05:30,2202.0,2204.4,2201.1,2202.7,14218,KOTAKBANK
8865,2025-06-24 10:30:00+05:30,2203.0,2206.4,2202.7,2204.7,15868,KOTAKBANK
8866,2025-06-24 10:35:00+05:30,2204.8,2207.1,2204.7,2207.0,16295,KOTAKBANK
8867,2025-06-24 10:40:00+05:30,2206.3,2209.0,2204.1,2205.9,47008,KOTAKBANK
8868,2025-06-24 10:45:00+05:30,2206.0,2206.7,2202.6,2202.6,15613,KOTAKBANK
8869,2025-06-24 10:50:00+05:30,2202.6,2207.8,2198.7,2206.8,40149,KOTAKBANK
8870,2025-06-24 10:55:00+05:30,2206.8,2210.0,2205.4,2209.0,38710,KOTAKBANK
8871,2025-06-24 11:00:00+05:30,2208.8,2211.0,2208.3,2210.4,21683,KOTAKBANK
8872,2025-06-24 11:05:00+05:30,2210.6,2214.0,2210.0,2211.3,37851,KOTAKBANK
8873,2025-06-24 11:10:00+05:30,2211.1,2211.7,2208.7,2211.1,17373,KOTAKBANK
8874,2025-06-24 11:15:00+05:30,2211.5,2213.7,2210.8,2213.0,19150,KOTAKBANK
8875,2025-06-24 11:20:00+05:30,2213.0,2217.9,2212.9,2217.9,62013,KOTAKBANK
8876,2025-06-24 11:25:00+05:30,2218.0,2224.8,2217.9,2223.0,121246,KOTAKBANK
8877,2025-06-24 11:30:00+05:30,2223.1,2225.4,2219.6,2220.5,117224,KOTAKBANK
8878,2025-06-24 11:35:00+05:30,2220.7,2221.3,2219.0,2220.0,25945,KOTAKBANK
8879,2025-06-24 11:40:00+05:30,2220.0,2221.6,2219.1,2220.2,15718,KOTAKBANK
8880,2025-06-24 11:45:00+05:30,2220.2,2221.0,2219.0,2220.6,131141,KOTAKBANK
8881,2025-06-24 11:50:00+05:30,2220.6,2223.8,2220.3,2223.8,11941,KOTAKBANK
8882,2025-06-24 11:55:00+05:30,2223.7,2224.8,2222.5,2224.4,18493,KOTAKBANK
8883,2025-06-24 12:00:00+05:30,2224.4,2230.0,2224.0,2229.2,61091,KOTAKBANK
8884,2025-06-24 12:05:00+05:30,2229.2,2231.9,2228.9,2230.9,56385,KOTAKBANK
8885,2025-06-24 12:10:00+05:30,2230.8,2232.8,2230.3,2231.1,31457,KOTAKBANK
8886,2025-06-24 12:15:00+05:30,2231.1,2231.4,2229.1,2229.3,128035,KOTAKBANK
8887,2025-06-24 12:20:00+05:30,2229.3,2232.4,2229.2,2230.5,37402,KOTAKBANK
8888,2025-06-24 12:25:00+05:30,2230.5,2233.6,2229.8,2232.3,103370,KOTAKBANK
8889,2025-06-24 12:30:00+05:30,2232.5,2233.0,2230.2,2231.0,19781,KOTAKBANK
8890,2025-06-24 12:35:00+05:30,2230.9,2231.5,2224.8,2227.0,44766,KOTAKBANK
8891,2025-06-24 12:40:00+05:30,2227.0,2227.0,2216.2,2218.5,78464,KOTAKBANK
8892,2025-06-24 12:45:00+05:30,2218.6,2230.1,2218.0,2228.4,78041,KOTAKBANK
8893,2025-06-24 12:50:00+05:30,2228.4,2230.0,2226.4,2228.0,22100,KOTAKBANK
8894,2025-06-24 12:55:00+05:30,2228.3,2229.6,2227.4,2227.5,25983,KOTAKBANK
8895,2025-06-24 13:00:00+05:30,2227.8,2228.0,2223.5,2227.1,28758,KOTAKBANK
8896,2025-06-24 13:05:00+05:30,2226.9,2228.9,2226.0,2227.8,25745,KOTAKBANK
8897,2025-06-24 13:10:00+05:30,2227.2,2230.0,2222.7,2222.8,108553,KOTAKBANK
8898,2025-06-24 13:15:00+05:30,2223.0,2225.5,2221.0,2222.0,32604,KOTAKBANK
8899,2025-06-24 13:20:00+05:30,2221.8,2223.0,2213.7,2213.8,60637,KOTAKBANK
8900,2025-06-24 13:25:00+05:30,2213.7,2216.9,2213.3,2214.3,39280,KOTAKBANK
8901,2025-06-24 13:30:00+05:30,2214.6,2218.3,2207.9,2212.1,82912,KOTAKBANK
8902,2025-06-24 13:35:00+05:30,2212.9,2213.8,2207.1,2210.7,180620,KOTAKBANK
8903,2025-06-24 13:40:00+05:30,2210.7,2214.5,2210.4,2212.0,74642,KOTAKBANK
8904,2025-06-24 13:45:00+05:30,2212.1,2213.3,2207.8,2212.0,119891,KOTAKBANK
8905,2025-06-24 13:50:00+05:30,2212.2,2215.9,2212.0,2213.3,47556,KOTAKBANK
8906,2025-06-24 13:55:00+05:30,2213.4,2214.0,2211.1,2212.5,52167,KOTAKBANK
8907,2025-06-24 14:00:00+05:30,2212.5,2212.8,2210.1,2210.5,76065,KOTAKBANK
8908,2025-06-24 14:05:00+05:30,2210.5,2214.4,2210.0,2212.9,55467,KOTAKBANK
8909,2025-06-24 14:10:00+05:30,2212.9,2214.9,2210.6,2214.2,58853,KOTAKBANK
8910,2025-06-24 14:15:00+05:30,2214.2,2215.6,2212.1,2214.6,32725,KOTAKBANK
8911,2025-06-24 14:20:00+05:30,2214.9,2216.3,2213.6,2215.9,57062,KOTAKBANK
8912,2025-06-24 14:25:00+05:30,2216.0,2216.9,2215.0,2215.4,167594,KOTAKBANK
8913,2025-06-24 14:30:00+05:30,2215.5,2218.0,2215.3,2217.2,61314,KOTAKBANK
8914,2025-06-24 14:35:00+05:30,2217.1,2220.0,2216.8,2219.5,86299,KOTAKBANK
8915,2025-06-24 14:40:00+05:30,2219.8,2223.5,2219.0,2223.5,161565,KOTAKBANK
8916,2025-06-24 14:45:00+05:30,2222.9,2224.2,2220.1,2220.1,144775,KOTAKBANK
8917,2025-06-24 14:50:00+05:30,2220.3,2223.7,2220.0,2222.5,142475,KOTAKBANK
8918,2025-06-24 14:55:00+05:30,2222.5,2223.9,2217.7,2220.0,108094,KOTAKBANK
8919,2025-06-24 15:00:00+05:30,2220.0,2222.3,2219.6,2221.3,240898,KOTAKBANK
8920,2025-06-24 15:05:00+05:30,2221.3,2224.5,2220.1,2222.4,265884,KOTAKBANK
8921,2025-06-24 15:10:00+05:30,2222.4,2227.6,2222.3,2227.5,328045,KOTAKBANK
8922,2025-06-24 15:15:00+05:30,2227.7,2228.0,2224.2,2225.7,252077,KOTAKBANK
8923,2025-06-24 15:20:00+05:30,2225.6,2225.8,2222.2,2225.0,189195,KOTAKBANK
8924,2025-06-24 15:25:00+05:30,2225.0,2229.0,2218.0,2219.8,137961,KOTAKBANK
8925,2025-06-25 09:15:00+05:30,2223.0,2223.6,2211.2,2213.1,134749,KOTAKBANK
8926,2025-06-25 09:20:00+05:30,2213.1,2213.3,2201.7,2203.7,183287,KOTAKBANK
8927,2025-06-25 09:25:00+05:30,2203.4,2215.0,2202.6,2214.8,71358,KOTAKBANK
8928,2025-06-25 09:30:00+05:30,2214.8,2218.0,2212.0,2212.8,143326,KOTAKBANK
8929,2025-06-25 09:35:00+05:30,2212.0,2217.6,2210.1,2212.5,388858,KOTAKBANK
8930,2025-06-25 09:40:00+05:30,2212.9,2215.9,2212.5,2214.4,25673,KOTAKBANK
8931,2025-06-25 09:45:00+05:30,2214.7,2215.5,2207.4,2207.9,48488,KOTAKBANK
8932,2025-06-25 09:50:00+05:30,2207.8,2208.3,2204.1,2204.2,36103,KOTAKBANK
8933,2025-06-25 09:55:00+05:30,2204.2,2205.0,2202.6,2204.3,29109,KOTAKBANK
8934,2025-06-25 10:00:00+05:30,2203.7,2204.4,2202.2,2202.6,15699,KOTAKBANK
8935,2025-06-25 10:05:00+05:30,2202.5,2203.0,2202.0,2202.1,18160,KOTAKBANK
8936,2025-06-25 10:10:00+05:30,2202.1,2203.2,2200.5,2201.4,31858,KOTAKBANK
8937,2025-06-25 10:15:00+05:30,2201.4,2203.8,2201.4,2202.5,14915,KOTAKBANK
8938,2025-06-25 10:20:00+05:30,2202.2,2203.4,2201.4,2202.1,21454,KOTAKBANK
8939,2025-06-25 10:25:00+05:30,2202.1,2205.0,2202.0,2203.4,14230,KOTAKBANK
8940,2025-06-25 10:30:00+05:30,2203.4,2204.5,2202.0,2203.9,24613,KOTAKBANK
8941,2025-06-25 10:35:00+05:30,2204.0,2206.5,2203.7,2206.1,27857,KOTAKBANK
8942,2025-06-25 10:40:00+05:30,2205.9,2207.3,2205.0,2205.1,23932,KOTAKBANK
8943,2025-06-25 10:45:00+05:30,2205.1,2205.7,2202.2,2205.0,17170,KOTAKBANK
8944,2025-06-25 10:50:00+05:30,2204.4,2207.1,2204.2,2206.6,27087,KOTAKBANK
8945,2025-06-25 10:55:00+05:30,2206.5,2206.6,2203.8,2205.5,20401,KOTAKBANK
8946,2025-06-25 11:00:00+05:30,2205.8,2207.0,2205.1,2206.8,15734,KOTAKBANK
8947,2025-06-25 11:05:00+05:30,2206.6,2210.0,2206.5,2209.2,28218,KOTAKBANK
8948,2025-06-25 11:10:00+05:30,2209.2,2210.0,2207.8,2209.4,47677,KOTAKBANK
8949,2025-06-25 11:15:00+05:30,2209.3,2211.0,2207.0,2210.4,64119,KOTAKBANK
8950,2025-06-25 11:20:00+05:30,2210.4,2210.4,2208.4,2209.9,19628,KOTAKBANK
8951,2025-06-25 11:25:00+05:30,2209.8,2211.0,2208.2,2208.9,15426,KOTAKBANK
8952,2025-06-25 11:30:00+05:30,2208.8,2209.9,2208.1,2208.6,16031,KOTAKBANK
8953,2025-06-25 11:35:00+05:30,2208.6,2210.8,2208.6,2210.7,14222,KOTAKBANK
8954,2025-06-25 11:40:00+05:30,2210.7,2210.7,2209.2,2209.8,24893,KOTAKBANK
8955,2025-06-25 11:45:00+05:30,2209.7,2209.8,2205.5,2205.8,19482,KOTAKBANK
8956,2025-06-25 11:50:00+05:30,2205.5,2205.6,2203.1,2203.2,13338,KOTAKBANK
8957,2025-06-25 11:55:00+05:30,2203.2,2205.0,2203.0,2203.0,25798,KOTAKBANK
8958,2025-06-25 12:00:00+05:30,2203.0,2203.1,2201.0,2202.2,24887,KOTAKBANK
8959,2025-06-25 12:05:00+05:30,2202.2,2203.2,2202.0,2203.0,20777,KOTAKBANK
8960,2025-06-25 12:10:00+05:30,2203.1,2205.4,2201.3,2205.1,18051,KOTAKBANK
8961,2025-06-25 12:15:00+05:30,2205.0,2206.0,2204.0,2204.0,21817,KOTAKBANK
8962,2025-06-25 12:20:00+05:30,2204.2,2205.0,2203.0,2204.0,15946,KOTAKBANK
8963,2025-06-25 12:25:00+05:30,2203.9,2206.0,2203.2,2205.2,17934,KOTAKBANK
8964,2025-06-25 12:30:00+05:30,2205.1,2206.8,2204.8,2205.3,18151,KOTAKBANK
8965,2025-06-25 12:35:00+05:30,2205.4,2208.0,2205.0,2205.5,31451,KOTAKBANK
8966,2025-06-25 12:40:00+05:30,2205.6,2205.7,2202.3,2203.5,58695,KOTAKBANK
8967,2025-06-25 12:45:00+05:30,2203.6,2204.0,2202.0,2202.0,17872,KOTAKBANK
8968,2025-06-25 12:50:00+05:30,2202.1,2202.2,2200.4,2200.4,26967,KOTAKBANK
8969,2025-06-25 12:55:00+05:30,2200.5,2203.3,2200.0,2203.2,43093,KOTAKBANK
8970,2025-06-25 13:00:00+05:30,2203.2,2204.0,2203.2,2203.8,10379,KOTAKBANK
8971,2025-06-25 13:05:00+05:30,2203.8,2205.5,2202.4,2204.2,40196,KOTAKBANK
8972,2025-06-25 13:10:00+05:30,2204.2,2207.0,2204.1,2206.6,9654,KOTAKBANK
8973,2025-06-25 13:15:00+05:30,2206.6,2208.3,2206.5,2208.3,9839,KOTAKBANK
8974,2025-06-25 13:20:00+05:30,2208.3,2210.0,2206.0,2206.1,254318,KOTAKBANK
8975,2025-06-25 13:25:00+05:30,2206.1,2206.1,2204.3,2205.1,19181,KOTAKBANK
8976,2025-06-25 13:30:00+05:30,2205.1,2205.3,2200.6,2200.7,56991,KOTAKBANK
8977,2025-06-25 13:35:00+05:30,2200.7,2202.6,2200.1,2201.1,18345,KOTAKBANK
8978,2025-06-25 13:40:00+05:30,2200.6,2201.7,2200.0,2201.1,18378,KOTAKBANK
8979,2025-06-25 13:45:00+05:30,2201.3,2204.1,2201.0,2203.7,21755,KOTAKBANK
8980,2025-06-25 13:50:00+05:30,2203.8,2203.8,2202.5,2202.7,15807,KOTAKBANK
8981,2025-06-25 13:55:00+05:30,2202.7,2203.4,2201.5,2202.8,40561,KOTAKBANK
8982,2025-06-25 14:00:00+05:30,2202.8,2206.0,2201.7,2203.3,42896,KOTAKBANK
8983,2025-06-25 14:05:00+05:30,2203.3,2206.1,2203.0,2205.7,25328,KOTAKBANK
8984,2025-06-25 14:10:00+05:30,2205.7,2206.0,2204.5,2204.8,29606,KOTAKBANK
8985,2025-06-25 14:15:00+05:30,2204.8,2205.1,2202.5,2203.7,311519,KOTAKBANK
8986,2025-06-25 14:20:00+05:30,2203.4,2204.1,2201.1,2201.5,48746,KOTAKBANK
8987,2025-06-25 14:25:00+05:30,2201.5,2202.4,2200.3,2200.4,15463,KOTAKBANK
8988,2025-06-25 14:30:00+05:30,2200.4,2200.4,2195.6,2197.0,70278,KOTAKBANK
8989,2025-06-25 14:35:00+05:30,2197.0,2198.0,2195.8,2196.6,15260,KOTAKBANK
8990,2025-06-25 14:40:00+05:30,2196.6,2200.8,2196.0,2200.6,27447,KOTAKBANK
8991,2025-06-25 14:45:00+05:30,2200.5,2201.9,2196.9,2198.3,50971,KOTAKBANK
8992,2025-06-25 14:50:00+05:30,2198.3,2200.9,2196.3,2199.8,26037,KOTAKBANK
8993,2025-06-25 14:55:00+05:30,2199.8,2200.0,2197.6,2198.7,21610,KOTAKBANK
8994,2025-06-25 15:00:00+05:30,2198.7,2200.0,2198.0,2198.8,54260,KOTAKBANK
8995,2025-06-25 15:05:00+05:30,2198.9,2202.0,2197.5,2200.0,105570,KOTAKBANK
8996,2025-06-25 15:10:00+05:30,2199.3,2200.0,2197.0,2198.9,67765,KOTAKBANK
8997,2025-06-25 15:15:00+05:30,2198.9,2199.2,2197.0,2198.8,78308,KOTAKBANK
8998,2025-06-25 15:20:00+05:30,2199.0,2199.0,2196.0,2196.6,76873,KOTAKBANK
8999,2025-06-25 15:25:00+05:30,2196.5,2198.5,2191.0,2195.0,53518,KOTAKBANK
9000,2025-06-26 09:15:00+05:30,2202.4,2204.9,2185.3,2187.0,133663,KOTAKBANK
9001,2025-06-26 09:20:00+05:30,2186.9,2194.8,2186.3,2192.3,104987,KOTAKBANK
9002,2025-06-26 09:25:00+05:30,2192.6,2198.4,2192.3,2194.2,139049,KOTAKBANK
9003,2025-06-26 09:30:00+05:30,2194.3,2199.1,2194.0,2196.2,38084,KOTAKBANK
9004,2025-06-26 09:35:00+05:30,2196.2,2199.5,2196.0,2199.5,34351,KOTAKBANK
9005,2025-06-26 09:40:00+05:30,2198.0,2200.8,2190.0,2193.2,340779,KOTAKBANK
9006,2025-06-26 09:45:00+05:30,2192.8,2199.9,2192.7,2199.2,73053,KOTAKBANK
9007,2025-06-26 09:50:00+05:30,2199.4,2202.0,2198.4,2199.0,71727,KOTAKBANK
9008,2025-06-26 09:55:00+05:30,2199.0,2201.1,2197.5,2198.1,98902,KOTAKBANK
9009,2025-06-26 10:00:00+05:30,2198.0,2200.1,2193.9,2195.1,54735,KOTAKBANK
9010,2025-06-26 10:05:00+05:30,2195.6,2199.4,2190.0,2195.6,267345,KOTAKBANK
9011,2025-06-26 10:10:00+05:30,2195.6,2198.5,2190.4,2191.1,57248,KOTAKBANK
9012,2025-06-26 10:15:00+05:30,2191.9,2194.1,2190.4,2193.3,18359,KOTAKBANK
9013,2025-06-26 10:20:00+05:30,2193.3,2195.3,2190.3,2191.9,16120,KOTAKBANK
9014,2025-06-26 10:25:00+05:30,2191.9,2193.8,2191.0,2191.7,14841,KOTAKBANK
9015,2025-06-26 10:30:00+05:30,2191.8,2193.0,2189.7,2189.7,29114,KOTAKBANK
9016,2025-06-26 10:35:00+05:30,2189.9,2192.3,2189.5,2191.8,16282,KOTAKBANK
9017,2025-06-26 10:40:00+05:30,2191.3,2191.8,2187.1,2187.3,33013,KOTAKBANK
9018,2025-06-26 10:45:00+05:30,2187.3,2191.0,2186.6,2189.7,19589,KOTAKBANK
9019,2025-06-26 10:50:00+05:30,2189.6,2190.8,2187.8,2188.1,15428,KOTAKBANK
9020,2025-06-26 10:55:00+05:30,2188.1,2188.9,2184.9,2184.9,31943,KOTAKBANK
9021,2025-06-26 11:00:00+05:30,2185.0,2188.0,2184.1,2185.3,31156,KOTAKBANK
9022,2025-06-26 11:05:00+05:30,2185.5,2185.6,2180.5,2180.9,48162,KOTAKBANK
9023,2025-06-26 11:10:00+05:30,2181.0,2183.0,2180.0,2181.8,27424,KOTAKBANK
9024,2025-06-26 11:15:00+05:30,2181.8,2182.0,2180.3,2181.1,19637,KOTAKBANK
9025,2025-06-26 11:20:00+05:30,2181.1,2184.6,2181.0,2184.6,21314,KOTAKBANK
9026,2025-06-26 11:25:00+05:30,2183.6,2184.2,2181.5,2181.7,13267,KOTAKBANK
9027,2025-06-26 11:30:00+05:30,2181.6,2185.0,2180.9,2183.4,16321,KOTAKBANK
9028,2025-06-26 11:35:00+05:30,2183.4,2184.0,2181.4,2182.9,9069,KOTAKBANK
9029,2025-06-26 11:40:00+05:30,2182.9,2184.5,2180.8,2182.6,20934,KOTAKBANK
9030,2025-06-26 11:45:00+05:30,2182.6,2185.9,2180.2,2184.5,292530,KOTAKBANK
9031,2025-06-26 11:50:00+05:30,2184.2,2185.4,2182.1,2183.2,7972,KOTAKBANK
9032,2025-06-26 11:55:00+05:30,2183.2,2187.1,2180.8,2184.5,195208,KOTAKBANK
9033,2025-06-26 12:00:00+05:30,2184.5,2199.0,2182.4,2196.8,481554,KOTAKBANK
9034,2025-06-26 12:05:00+05:30,2196.5,2204.8,2196.0,2200.0,108785,KOTAKBANK
9035,2025-06-26 12:10:00+05:30,2200.0,2205.0,2200.0,2201.1,47383,KOTAKBANK
9036,2025-06-26 12:15:00+05:30,2201.1,2204.5,2200.0,2202.0,20736,KOTAKBANK
9037,2025-06-26 12:20:00+05:30,2202.0,2202.7,2198.5,2199.6,10525,KOTAKBANK
9038,2025-06-26 12:25:00+05:30,2199.6,2199.6,2194.6,2196.4,12440,KOTAKBANK
9039,2025-06-26 12:30:00+05:30,2196.4,2197.9,2190.1,2191.8,37228,KOTAKBANK
9040,2025-06-26 12:35:00+05:30,2191.6,2194.7,2191.4,2193.9,22334,KOTAKBANK
9041,2025-06-26 12:40:00+05:30,2193.9,2196.7,2192.2,2195.1,43489,KOTAKBANK
9042,2025-06-26 12:45:00+05:30,2195.0,2197.7,2194.9,2197.2,30730,KOTAKBANK
9043,2025-06-26 12:50:00+05:30,2197.2,2199.4,2194.4,2195.9,30217,KOTAKBANK
9044,2025-06-26 12:55:00+05:30,2195.9,2199.9,2195.3,2199.6,13942,KOTAKBANK
9045,2025-06-26 13:00:00+05:30,2199.6,2202.9,2199.1,2202.8,19976,KOTAKBANK
9046,2025-06-26 13:05:00+05:30,2202.7,2203.3,2197.4,2198.2,19710,KOTAKBANK
9047,2025-06-26 13:10:00+05:30,2198.0,2200.8,2196.6,2199.5,32847,KOTAKBANK
9048,2025-06-26 13:15:00+05:30,2199.3,2204.0,2199.3,2202.0,37605,KOTAKBANK
9049,2025-06-26 13:20:00+05:30,2202.0,2203.6,2199.4,2200.0,41259,KOTAKBANK
9050,2025-06-26 13:25:00+05:30,2199.9,2201.4,2196.8,2197.6,81343,KOTAKBANK
9051,2025-06-26 13:30:00+05:30,2197.6,2199.9,2196.4,2197.3,42862,KOTAKBANK
9052,2025-06-26 13:35:00+05:30,2197.3,2200.0,2197.1,2199.4,25044,KOTAKBANK
9053,2025-06-26 13:40:00+05:30,2199.3,2202.0,2199.0,2200.9,28012,KOTAKBANK
9054,2025-06-26 13:45:00+05:30,2200.9,2202.6,2199.9,2201.1,39586,KOTAKBANK
9055,2025-06-26 13:50:00+05:30,2201.1,2202.1,2199.3,2200.0,27066,KOTAKBANK
9056,2025-06-26 13:55:00+05:30,2200.0,2200.7,2196.4,2200.6,38117,KOTAKBANK
9057,2025-06-26 14:00:00+05:30,2200.6,2201.9,2198.3,2201.5,33897,KOTAKBANK
9058,2025-06-26 14:05:00+05:30,2201.7,2201.7,2197.0,2198.2,42777,KOTAKBANK
9059,2025-06-26 14:10:00+05:30,2198.0,2203.8,2198.0,2202.7,70629,KOTAKBANK
9060,2025-06-26 14:15:00+05:30,2202.6,2208.8,2200.8,2207.5,95286,KOTAKBANK
9061,2025-06-26 14:20:00+05:30,2207.2,2207.5,2203.0,2205.9,47451,KOTAKBANK
9062,2025-06-26 14:25:00+05:30,2205.4,2206.8,2203.0,2204.0,66352,KOTAKBANK
9063,2025-06-26 14:30:00+05:30,2203.8,2204.4,2199.6,2201.1,49108,KOTAKBANK
9064,2025-06-26 14:35:00+05:30,2201.1,2202.4,2199.6,2199.9,37870,KOTAKBANK
9065,2025-06-26 14:40:00+05:30,2199.9,2200.8,2196.2,2197.0,65603,KOTAKBANK
9066,2025-06-26 14:45:00+05:30,2197.0,2197.0,2193.5,2194.2,40329,KOTAKBANK
9067,2025-06-26 14:50:00+05:30,2194.2,2197.9,2194.2,2197.8,55345,KOTAKBANK
9068,2025-06-26 14:55:00+05:30,2197.7,2203.8,2197.5,2202.9,88085,KOTAKBANK
9069,2025-06-26 15:00:00+05:30,2202.8,2206.8,2199.6,2206.8,252961,KOTAKBANK
9070,2025-06-26 15:05:00+05:30,2206.2,2207.5,2201.9,2204.5,258834,KOTAKBANK
9071,2025-06-26 15:10:00+05:30,2204.3,2205.7,2201.9,2205.0,225009,KOTAKBANK
9072,2025-06-26 15:15:00+05:30,2205.1,2208.3,2200.3,2203.0,284120,KOTAKBANK
9073,2025-06-26 15:20:00+05:30,2203.1,2206.0,2201.2,2204.4,235041,KOTAKBANK
9074,2025-06-26 15:25:00+05:30,2204.4,2210.0,2200.0,2202.0,114051,KOTAKBANK
9075,2025-06-27 09:15:00+05:30,2210.0,2210.0,2186.8,2186.8,296932,KOTAKBANK
9076,2025-06-27 09:20:00+05:30,2186.8,2190.3,2182.6,2187.6,54125,KOTAKBANK
9077,2025-06-27 09:25:00+05:30,2188.4,2190.0,2185.1,2187.3,227821,KOTAKBANK
9078,2025-06-27 09:30:00+05:30,2187.8,2191.8,2185.2,2186.8,25426,KOTAKBANK
9079,2025-06-27 09:35:00+05:30,2186.8,2191.4,2186.0,2188.1,22039,KOTAKBANK
9080,2025-06-27 09:40:00+05:30,2188.6,2190.2,2185.0,2187.6,87480,KOTAKBANK
9081,2025-06-27 09:45:00+05:30,2188.1,2190.4,2186.7,2187.8,16944,KOTAKBANK
9082,2025-06-27 09:50:00+05:30,2187.8,2191.5,2187.1,2188.6,191223,KOTAKBANK
9083,2025-06-27 09:55:00+05:30,2188.6,2189.3,2187.0,2188.3,82406,KOTAKBANK
9084,2025-06-27 10:00:00+05:30,2188.3,2188.4,2185.0,2185.0,25165,KOTAKBANK
9085,2025-06-27 10:05:00+05:30,2185.4,2188.1,2184.5,2185.5,40704,KOTAKBANK
9086,2025-06-27 10:10:00+05:30,2185.6,2190.0,2184.6,2190.0,40416,KOTAKBANK
9087,2025-06-27 10:15:00+05:30,2189.3,2191.1,2189.2,2190.7,25097,KOTAKBANK
9088,2025-06-27 10:20:00+05:30,2189.8,2191.5,2188.8,2191.4,15712,KOTAKBANK
9089,2025-06-27 10:25:00+05:30,2191.3,2192.0,2189.1,2189.8,45042,KOTAKBANK
9090,2025-06-27 10:30:00+05:30,2189.9,2191.0,2189.3,2190.8,16978,KOTAKBANK
9091,2025-06-27 10:35:00+05:30,2190.8,2191.0,2188.4,2190.3,22229,KOTAKBANK
9092,2025-06-27 10:40:00+05:30,2190.9,2191.4,2188.9,2190.0,28538,KOTAKBANK
9093,2025-06-27 10:45:00+05:30,2190.2,2193.6,2189.3,2190.3,54872,KOTAKBANK
9094,2025-06-27 10:50:00+05:30,2190.4,2192.1,2189.5,2190.5,33249,KOTAKBANK
9095,2025-06-27 10:55:00+05:30,2191.0,2194.0,2190.4,2193.4,90209,KOTAKBANK
9096,2025-06-27 11:00:00+05:30,2193.4,2193.8,2189.0,2191.4,46875,KOTAKBANK
9097,2025-06-27 11:05:00+05:30,2191.4,2196.0,2191.0,2195.0,41198,KOTAKBANK
9098,2025-06-27 11:10:00+05:30,2195.1,2196.7,2192.6,2193.0,47481,KOTAKBANK
9099,2025-06-27 11:15:00+05:30,2193.6,2194.0,2189.7,2190.0,57054,KOTAKBANK
9100,2025-06-27 11:20:00+05:30,2190.1,2191.8,2189.5,2190.8,135872,KOTAKBANK
9101,2025-06-27 11:25:00+05:30,2191.0,2191.0,2189.0,2189.8,23343,KOTAKBANK
9102,2025-06-27 11:30:00+05:30,2190.0,2193.0,2189.3,2189.9,121436,KOTAKBANK
9103,2025-06-27 11:35:00+05:30,2189.9,2190.0,2188.3,2189.4,28834,KOTAKBANK
9104,2025-06-27 11:40:00+05:30,2189.8,2189.9,2189.1,2189.9,32069,KOTAKBANK
9105,2025-06-27 11:45:00+05:30,2189.2,2189.9,2186.7,2188.1,24477,KOTAKBANK
9106,2025-06-27 11:50:00+05:30,2188.5,2189.9,2187.5,2189.8,25431,KOTAKBANK
9107,2025-06-27 11:55:00+05:30,2189.9,2192.0,2189.3,2190.6,76309,KOTAKBANK
9108,2025-06-27 12:00:00+05:30,2190.6,2191.0,2189.5,2191.0,75980,KOTAKBANK
9109,2025-06-27 12:05:00+05:30,2191.0,2191.0,2189.8,2189.9,41294,KOTAKBANK
9110,2025-06-27 12:10:00+05:30,2189.9,2190.9,2187.6,2190.5,22998,KOTAKBANK
9111,2025-06-27 12:15:00+05:30,2190.5,2192.0,2190.1,2191.8,72207,KOTAKBANK
9112,2025-06-27 12:20:00+05:30,2192.0,2192.0,2189.8,2189.9,71797,KOTAKBANK
9113,2025-06-27 12:25:00+05:30,2190.0,2191.0,2189.0,2190.9,30839,KOTAKBANK
9114,2025-06-27 12:30:00+05:30,2191.0,2197.2,2190.0,2191.7,217704,KOTAKBANK
9115,2025-06-27 12:35:00+05:30,2191.7,2193.0,2190.0,2193.0,44640,KOTAKBANK
9116,2025-06-27 12:40:00+05:30,2192.9,2194.0,2192.2,2192.9,32824,KOTAKBANK
9117,2025-06-27 12:45:00+05:30,2193.0,2194.0,2192.6,2193.0,31485,KOTAKBANK
9118,2025-06-27 12:50:00+05:30,2193.0,2194.0,2192.8,2193.6,33097,KOTAKBANK
9119,2025-06-27 12:55:00+05:30,2193.7,2195.0,2193.7,2195.0,31000,KOTAKBANK
9120,2025-06-27 13:00:00+05:30,2195.0,2197.5,2193.9,2196.0,32823,KOTAKBANK
9121,2025-06-27 13:05:00+05:30,2196.4,2199.6,2196.0,2198.0,25119,KOTAKBANK
9122,2025-06-27 13:10:00+05:30,2198.0,2200.0,2198.0,2200.0,24516,KOTAKBANK
9123,2025-06-27 13:15:00+05:30,2200.0,2200.0,2197.6,2198.7,29442,KOTAKBANK
9124,2025-06-27 13:20:00+05:30,2198.7,2201.7,2197.1,2201.7,24628,KOTAKBANK
9125,2025-06-27 13:25:00+05:30,2201.5,2203.1,2198.4,2198.9,19552,KOTAKBANK
9126,2025-06-27 13:30:00+05:30,2198.9,2201.3,2197.1,2200.9,14048,KOTAKBANK
9127,2025-06-27 13:35:00+05:30,2201.2,2201.9,2199.6,2201.8,35510,KOTAKBANK
9128,2025-06-27 13:40:00+05:30,2201.9,2203.5,2201.2,2202.9,19153,KOTAKBANK
9129,2025-06-27 13:45:00+05:30,2202.9,2205.0,2202.8,2204.8,21187,KOTAKBANK
9130,2025-06-27 13:50:00+05:30,2204.8,2205.6,2203.3,2204.0,21154,KOTAKBANK
9131,2025-06-27 13:55:00+05:30,2204.4,2204.9,2202.5,2202.9,50824,KOTAKBANK
9132,2025-06-27 14:00:00+05:30,2203.0,2204.0,2202.6,2203.0,29001,KOTAKBANK
9133,2025-06-27 14:05:00+05:30,2203.0,2206.2,2202.5,2203.9,63145,KOTAKBANK
9134,2025-06-27 14:10:00+05:30,2204.0,2204.0,2203.2,2204.0,25305,KOTAKBANK
9135,2025-06-27 14:15:00+05:30,2204.0,2207.2,2203.9,2204.5,77303,KOTAKBANK
9136,2025-06-27 14:20:00+05:30,2204.5,2207.8,2204.0,2207.6,30473,KOTAKBANK
9137,2025-06-27 14:25:00+05:30,2207.7,2209.9,2206.4,2207.0,36941,KOTAKBANK
9138,2025-06-27 14:30:00+05:30,2207.3,2209.4,2206.0,2208.0,96497,KOTAKBANK
9139,2025-06-27 14:35:00+05:30,2208.0,2210.0,2207.7,2209.9,93472,KOTAKBANK
9140,2025-06-27 14:40:00+05:30,2210.0,2214.0,2209.9,2213.0,107175,KOTAKBANK
9141,2025-06-27 14:45:00+05:30,2213.0,2216.4,2211.8,2216.2,95798,KOTAKBANK
9142,2025-06-27 14:50:00+05:30,2216.2,2217.0,2212.5,2213.5,117314,KOTAKBANK
9143,2025-06-27 14:55:00+05:30,2213.5,2215.0,2211.1,2213.6,111192,KOTAKBANK
9144,2025-06-27 15:00:00+05:30,2214.0,2217.3,2208.5,2213.1,1125351,KOTAKBANK
9145,2025-06-27 15:05:00+05:30,2213.3,2214.0,2206.0,2207.6,1054004,KOTAKBANK
9146,2025-06-27 15:10:00+05:30,2207.7,2208.5,2206.0,2207.4,967838,KOTAKBANK
9147,2025-06-27 15:15:00+05:30,2207.3,2208.3,2204.5,2205.0,999720,KOTAKBANK
9148,2025-06-27 15:20:00+05:30,2205.0,2205.0,2200.5,2202.4,990042,KOTAKBANK
9149,2025-06-27 15:25:00+05:30,2202.4,2203.0,2193.6,2201.0,497765,KOTAKBANK
9150,2025-06-30 09:15:00+05:30,2207.9,2209.0,2187.7,2190.8,224559,KOTAKBANK
9151,2025-06-30 09:20:00+05:30,2190.5,2200.5,2189.5,2197.1,79684,KOTAKBANK
9152,2025-06-30 09:25:00+05:30,2197.1,2198.0,2194.0,2198.0,46729,KOTAKBANK
9153,2025-06-30 09:30:00+05:30,2197.9,2197.9,2188.8,2189.4,144548,KOTAKBANK
9154,2025-06-30 09:35:00+05:30,2189.6,2191.1,2183.1,2183.1,30560,KOTAKBANK
9155,2025-06-30 09:40:00+05:30,2184.2,2185.9,2181.0,2181.3,17621,KOTAKBANK
9156,2025-06-30 09:45:00+05:30,2181.9,2185.4,2181.3,2181.5,26351,KOTAKBANK
9157,2025-06-30 09:50:00+05:30,2181.5,2182.9,2177.0,2178.0,26649,KOTAKBANK
9158,2025-06-30 09:55:00+05:30,2178.0,2178.9,2177.2,2177.7,15123,KOTAKBANK
9159,2025-06-30 10:00:00+05:30,2177.2,2177.9,2173.8,2175.2,35183,KOTAKBANK
9160,2025-06-30 10:05:00+05:30,2175.1,2177.5,2174.8,2176.6,22579,KOTAKBANK
9161,2025-06-30 10:10:00+05:30,2176.8,2179.0,2175.5,2176.0,41876,KOTAKBANK
9162,2025-06-30 10:15:00+05:30,2176.1,2179.5,2174.0,2178.9,49798,KOTAKBANK
9163,2025-06-30 10:20:00+05:30,2178.9,2183.0,2178.9,2180.0,281606,KOTAKBANK
9164,2025-06-30 10:25:00+05:30,2180.0,2180.7,2177.8,2179.6,37859,KOTAKBANK
9165,2025-06-30 10:30:00+05:30,2179.7,2180.9,2178.0,2180.4,18144,KOTAKBANK
9166,2025-06-30 10:35:00+05:30,2180.2,2181.8,2179.2,2179.8,15070,KOTAKBANK
9167,2025-06-30 10:40:00+05:30,2179.8,2180.4,2179.0,2179.6,20760,KOTAKBANK
9168,2025-06-30 10:45:00+05:30,2180.0,2180.9,2176.6,2176.6,16246,KOTAKBANK
9169,2025-06-30 10:50:00+05:30,2177.0,2182.0,2176.0,2180.9,18512,KOTAKBANK
9170,2025-06-30 10:55:00+05:30,2180.0,2182.4,2179.6,2181.0,12438,KOTAKBANK
9171,2025-06-30 11:00:00+05:30,2181.0,2181.7,2179.5,2179.5,9810,KOTAKBANK
9172,2025-06-30 11:05:00+05:30,2180.0,2180.8,2179.3,2180.6,7101,KOTAKBANK
9173,2025-06-30 11:10:00+05:30,2180.7,2182.0,2179.0,2179.0,10462,KOTAKBANK
9174,2025-06-30 11:15:00+05:30,2179.5,2180.0,2178.3,2179.7,16149,KOTAKBANK
9175,2025-06-30 11:20:00+05:30,2179.9,2180.0,2179.3,2179.8,33119,KOTAKBANK
9176,2025-06-30 11:25:00+05:30,2179.7,2180.0,2178.2,2178.6,16863,KOTAKBANK
9177,2025-06-30 11:30:00+05:30,2178.9,2180.4,2178.6,2180.2,10173,KOTAKBANK
9178,2025-06-30 11:35:00+05:30,2180.2,2181.0,2178.6,2180.0,10602,KOTAKBANK
9179,2025-06-30 11:40:00+05:30,2180.0,2180.0,2178.7,2179.3,8263,KOTAKBANK
9180,2025-06-30 11:45:00+05:30,2179.9,2180.9,2179.1,2180.5,11900,KOTAKBANK
9181,2025-06-30 11:50:00+05:30,2180.7,2181.3,2178.5,2180.8,39973,KOTAKBANK
9182,2025-06-30 11:55:00+05:30,2180.8,2180.9,2179.0,2180.6,13638,KOTAKBANK
9183,2025-06-30 12:00:00+05:30,2180.6,2182.0,2180.0,2181.6,12989,KOTAKBANK
9184,2025-06-30 12:05:00+05:30,2181.5,2181.5,2180.2,2181.0,12889,KOTAKBANK
9185,2025-06-30 12:10:00+05:30,2181.0,2185.0,2180.9,2184.0,35435,KOTAKBANK
9186,2025-06-30 12:15:00+05:30,2184.0,2186.6,2182.3,2186.6,32166,KOTAKBANK
9187,2025-06-30 12:20:00+05:30,2186.0,2187.0,2184.5,2184.9,21237,KOTAKBANK
9188,2025-06-30 12:25:00+05:30,2184.5,2186.2,2184.2,2185.4,13779,KOTAKBANK
9189,2025-06-30 12:30:00+05:30,2185.0,2186.5,2185.0,2185.7,15620,KOTAKBANK
9190,2025-06-30 12:35:00+05:30,2185.6,2185.7,2180.0,2180.5,37171,KOTAKBANK
9191,2025-06-30 12:40:00+05:30,2180.5,2182.0,2180.0,2180.1,34428,KOTAKBANK
9192,2025-06-30 12:45:00+05:30,2180.0,2180.2,2176.9,2178.6,28538,KOTAKBANK
9193,2025-06-30 12:50:00+05:30,2178.6,2178.6,2174.6,2174.7,39758,KOTAKBANK
9194,2025-06-30 12:55:00+05:30,2174.7,2175.3,2174.5,2175.0,43973,KOTAKBANK
9195,2025-06-30 13:00:00+05:30,2174.9,2175.1,2170.0,2170.0,82684,KOTAKBANK
9196,2025-06-30 13:05:00+05:30,2170.5,2171.7,2169.0,2169.6,74186,KOTAKBANK
9197,2025-06-30 13:10:00+05:30,2169.7,2171.7,2168.6,2168.6,61446,KOTAKBANK
9198,2025-06-30 13:15:00+05:30,2169.1,2169.9,2167.7,2168.0,34257,KOTAKBANK
9199,2025-06-30 13:20:00+05:30,2167.9,2169.4,2166.4,2168.4,47270,KOTAKBANK
9200,2025-06-30 13:25:00+05:30,2168.4,2169.0,2166.2,2166.8,45644,KOTAKBANK
9201,2025-06-30 13:30:00+05:30,2166.8,2167.0,2165.2,2166.5,40793,KOTAKBANK
9202,2025-06-30 13:35:00+05:30,2166.5,2167.9,2165.0,2165.4,34828,KOTAKBANK
9203,2025-06-30 13:40:00+05:30,2165.1,2165.2,2162.5,2164.1,30841,KOTAKBANK
9204,2025-06-30 13:45:00+05:30,2164.0,2164.7,2163.0,2163.0,26009,KOTAKBANK
9205,2025-06-30 13:50:00+05:30,2163.2,2163.2,2160.7,2161.4,55523,KOTAKBANK
9206,2025-06-30 13:55:00+05:30,2161.8,2163.0,2161.0,2162.8,41800,KOTAKBANK
9207,2025-06-30 14:00:00+05:30,2162.8,2163.8,2159.8,2161.2,41257,KOTAKBANK
9208,2025-06-30 14:05:00+05:30,2160.8,2161.5,2159.6,2161.1,34240,KOTAKBANK
9209,2025-06-30 14:10:00+05:30,2161.1,2162.1,2160.0,2160.2,24132,KOTAKBANK
9210,2025-06-30 14:15:00+05:30,2160.1,2160.1,2157.6,2158.6,59788,KOTAKBANK
9211,2025-06-30 14:20:00+05:30,2158.6,2159.7,2158.1,2159.4,65292,KOTAKBANK
9212,2025-06-30 14:25:00+05:30,2159.4,2159.5,2156.9,2157.5,65345,KOTAKBANK
9213,2025-06-30 14:30:00+05:30,2157.6,2160.0,2157.5,2158.6,43529,KOTAKBANK
9214,2025-06-30 14:35:00+05:30,2158.6,2158.8,2157.0,2158.3,43967,KOTAKBANK
9215,2025-06-30 14:40:00+05:30,2158.2,2158.3,2154.5,2156.6,70942,KOTAKBANK
9216,2025-06-30 14:45:00+05:30,2156.4,2163.0,2156.0,2162.9,88877,KOTAKBANK
9217,2025-06-30 14:50:00+05:30,2162.5,2165.7,2162.0,2163.9,70466,KOTAKBANK
9218,2025-06-30 14:55:00+05:30,2163.9,2165.7,2163.4,2164.6,49022,KOTAKBANK
9219,2025-06-30 15:00:00+05:30,2164.7,2167.4,2164.6,2167.3,106198,KOTAKBANK
9220,2025-06-30 15:05:00+05:30,2167.2,2167.3,2165.0,2166.1,106546,KOTAKBANK
9221,2025-06-30 15:10:00+05:30,2166.0,2166.5,2162.7,2163.2,135903,KOTAKBANK
9222,2025-06-30 15:15:00+05:30,2163.2,2164.3,2161.7,2162.5,139214,KOTAKBANK
9223,2025-06-30 15:20:00+05:30,2162.5,2162.8,2160.8,2161.2,165761,KOTAKBANK
9224,2025-06-30 15:25:00+05:30,2161.1,2163.0,2160.0,2160.0,143563,KOTAKBANK
9225,2025-07-01 09:15:00+05:30,2163.5,2168.9,2160.6,2165.0,82337,KOTAKBANK
9226,2025-07-01 09:20:00+05:30,2165.0,2169.8,2162.5,2164.8,239582,KOTAKBANK
9227,2025-07-01 09:25:00+05:30,2165.1,2166.5,2163.0,2163.1,18179,KOTAKBANK
9228,2025-07-01 09:30:00+05:30,2163.1,2164.6,2160.8,2160.9,30934,KOTAKBANK
9229,2025-07-01 09:35:00+05:30,2160.9,2167.9,2159.3,2167.3,107758,KOTAKBANK
9230,2025-07-01 09:40:00+05:30,2167.3,2174.9,2166.0,2170.0,48959,KOTAKBANK
9231,2025-07-01 09:45:00+05:30,2170.3,2173.0,2169.6,2171.4,66242,KOTAKBANK
9232,2025-07-01 09:50:00+05:30,2171.2,2172.0,2169.5,2170.0,65614,KOTAKBANK
9233,2025-07-01 09:55:00+05:30,2170.0,2172.0,2169.0,2171.6,49457,KOTAKBANK
9234,2025-07-01 10:00:00+05:30,2171.7,2173.7,2170.0,2173.4,23001,KOTAKBANK
9235,2025-07-01 10:05:00+05:30,2173.4,2177.9,2172.1,2176.4,30112,KOTAKBANK
9236,2025-07-01 10:10:00+05:30,2176.4,2181.3,2175.7,2181.1,40801,KOTAKBANK
9237,2025-07-01 10:15:00+05:30,2181.1,2181.7,2175.5,2176.7,275839,KOTAKBANK
9238,2025-07-01 10:20:00+05:30,2176.7,2179.8,2176.5,2179.7,20116,KOTAKBANK
9239,2025-07-01 10:25:00+05:30,2179.2,2179.2,2176.0,2178.3,23940,KOTAKBANK
9240,2025-07-01 10:30:00+05:30,2178.0,2183.6,2177.0,2183.0,163684,KOTAKBANK
9241,2025-07-01 10:35:00+05:30,2182.7,2183.5,2180.0,2181.0,74432,KOTAKBANK
9242,2025-07-01 10:40:00+05:30,2180.9,2182.1,2178.9,2179.0,176621,KOTAKBANK
9243,2025-07-01 10:45:00+05:30,2179.0,2182.5,2178.2,2181.0,7802,KOTAKBANK
9244,2025-07-01 10:50:00+05:30,2181.0,2181.3,2179.9,2180.1,7088,KOTAKBANK
9245,2025-07-01 10:55:00+05:30,2180.0,2181.9,2179.6,2180.7,7658,KOTAKBANK
9246,2025-07-01 11:00:00+05:30,2181.0,2181.5,2180.0,2180.4,7288,KOTAKBANK
9247,2025-07-01 11:05:00+05:30,2180.2,2180.9,2179.0,2179.0,6739,KOTAKBANK
9248,2025-07-01 11:10:00+05:30,2179.0,2180.0,2177.4,2178.0,24962,KOTAKBANK
9249,2025-07-01 11:15:00+05:30,2178.1,2178.1,2173.2,2174.3,25788,KOTAKBANK
9250,2025-07-01 11:20:00+05:30,2174.3,2177.9,2174.3,2177.2,35249,KOTAKBANK
9251,2025-07-01 11:25:00+05:30,2177.0,2177.4,2173.3,2174.1,38824,KOTAKBANK
9252,2025-07-01 11:30:00+05:30,2174.2,2175.0,2173.0,2173.2,9352,KOTAKBANK
9253,2025-07-01 11:35:00+05:30,2173.2,2174.9,2173.0,2174.3,6393,KOTAKBANK
9254,2025-07-01 11:40:00+05:30,2173.7,2174.4,2173.1,2173.4,5874,KOTAKBANK
9255,2025-07-01 11:45:00+05:30,2173.4,2175.0,2173.3,2174.7,6776,KOTAKBANK
9256,2025-07-01 11:50:00+05:30,2174.8,2175.0,2173.7,2173.8,7947,KOTAKBANK
9257,2025-07-01 11:55:00+05:30,2173.7,2175.0,2173.3,2174.6,22619,KOTAKBANK
9258,2025-07-01 12:00:00+05:30,2174.9,2175.0,2173.9,2174.8,43302,KOTAKBANK
9259,2025-07-01 12:05:00+05:30,2174.8,2175.5,2172.2,2172.6,17191,KOTAKBANK
9260,2025-07-01 12:10:00+05:30,2172.2,2175.6,2172.2,2175.0,115657,KOTAKBANK
9261,2025-07-01 12:15:00+05:30,2174.9,2175.0,2173.1,2174.6,20225,KOTAKBANK
9262,2025-07-01 12:20:00+05:30,2174.6,2174.9,2173.3,2174.0,20168,KOTAKBANK
9263,2025-07-01 12:25:00+05:30,2173.9,2175.0,2171.3,2172.0,21553,KOTAKBANK
9264,2025-07-01 12:30:00+05:30,2172.0,2172.7,2170.0,2171.3,37323,KOTAKBANK
9265,2025-07-01 12:35:00+05:30,2171.1,2171.9,2170.8,2170.9,22898,KOTAKBANK
9266,2025-07-01 12:40:00+05:30,2171.0,2172.3,2170.0,2171.0,22961,KOTAKBANK
9267,2025-07-01 12:45:00+05:30,2171.0,2172.0,2170.6,2172.0,20615,KOTAKBANK
9268,2025-07-01 12:50:00+05:30,2172.0,2178.8,2171.9,2174.5,87801,KOTAKBANK
9269,2025-07-01 12:55:00+05:30,2174.5,2175.0,2173.8,2175.0,20360,KOTAKBANK
9270,2025-07-01 13:00:00+05:30,2175.0,2178.8,2174.9,2176.6,59992,KOTAKBANK
9271,2025-07-01 13:05:00+05:30,2176.1,2178.1,2174.7,2174.8,19814,KOTAKBANK
9272,2025-07-01 13:10:00+05:30,2174.7,2176.4,2174.7,2175.7,25910,KOTAKBANK
9273,2025-07-01 13:15:00+05:30,2175.7,2176.4,2175.0,2175.1,15703,KOTAKBANK
9274,2025-07-01 13:20:00+05:30,2175.0,2176.2,2174.1,2175.7,26949,KOTAKBANK
9275,2025-07-01 13:25:00+05:30,2175.7,2175.9,2174.7,2175.1,15371,KOTAKBANK
9276,2025-07-01 13:30:00+05:30,2175.1,2176.8,2175.0,2176.1,16526,KOTAKBANK
9277,2025-07-01 13:35:00+05:30,2176.3,2178.4,2176.0,2177.3,22816,KOTAKBANK
9278,2025-07-01 13:40:00+05:30,2177.3,2177.3,2176.5,2176.6,14987,KOTAKBANK
9279,2025-07-01 13:45:00+05:30,2176.7,2180.0,2176.4,2179.8,48314,KOTAKBANK
9280,2025-07-01 13:50:00+05:30,2179.6,2179.9,2175.8,2177.6,37842,KOTAKBANK
9281,2025-07-01 13:55:00+05:30,2177.6,2179.3,2176.0,2179.2,36197,KOTAKBANK
9282,2025-07-01 14:00:00+05:30,2179.2,2180.5,2176.0,2180.4,216240,KOTAKBANK
9283,2025-07-01 14:05:00+05:30,2180.4,2184.4,2180.4,2182.1,47781,KOTAKBANK
9284,2025-07-01 14:10:00+05:30,2182.1,2182.8,2180.2,2181.9,32753,KOTAKBANK
9285,2025-07-01 14:15:00+05:30,2181.9,2184.3,2180.0,2183.1,510557,KOTAKBANK
9286,2025-07-01 14:20:00+05:30,2182.8,2183.5,2176.1,2176.8,45342,KOTAKBANK
9287,2025-07-01 14:25:00+05:30,2176.9,2177.6,2175.1,2177.2,28531,KOTAKBANK
9288,2025-07-01 14:30:00+05:30,2177.2,2177.9,2176.8,2177.6,19841,KOTAKBANK
9289,2025-07-01 14:35:00+05:30,2177.6,2180.6,2177.0,2180.2,42150,KOTAKBANK
9290,2025-07-01 14:40:00+05:30,2180.2,2180.9,2179.4,2180.0,17742,KOTAKBANK
9291,2025-07-01 14:45:00+05:30,2180.1,2180.1,2177.4,2179.8,26675,KOTAKBANK
9292,2025-07-01 14:50:00+05:30,2179.8,2180.7,2178.7,2179.8,29876,KOTAKBANK
9293,2025-07-01 14:55:00+05:30,2179.8,2181.7,2179.3,2181.6,30513,KOTAKBANK
9294,2025-07-01 15:00:00+05:30,2181.6,2186.5,2181.5,2184.3,102103,KOTAKBANK
9295,2025-07-01 15:05:00+05:30,2184.5,2186.0,2184.1,2185.1,79112,KOTAKBANK
9296,2025-07-01 15:10:00+05:30,2184.9,2185.1,2181.0,2183.0,72791,KOTAKBANK
9297,2025-07-01 15:15:00+05:30,2183.0,2184.6,2182.7,2184.0,62302,KOTAKBANK
9298,2025-07-01 15:20:00+05:30,2183.9,2184.0,2181.1,2182.2,72678,KOTAKBANK
9299,2025-07-01 15:25:00+05:30,2182.2,2182.7,2178.5,2182.0,40048,KOTAKBANK
9300,2025-07-02 09:15:00+05:30,2185.0,2188.5,2179.7,2183.8,38052,KOTAKBANK
9301,2025-07-02 09:20:00+05:30,2183.7,2195.5,2183.0,2193.6,54223,KOTAKBANK
9302,2025-07-02 09:25:00+05:30,2192.8,2193.1,2190.0,2192.6,49900,KOTAKBANK
9303,2025-07-02 09:30:00+05:30,2192.3,2195.2,2192.0,2192.2,47070,KOTAKBANK
9304,2025-07-02 09:35:00+05:30,2192.7,2192.7,2190.0,2192.3,20368,KOTAKBANK
9305,2025-07-02 09:40:00+05:30,2192.3,2192.8,2190.9,2192.0,23266,KOTAKBANK
9306,2025-07-02 09:45:00+05:30,2192.2,2195.0,2192.0,2195.0,10997,KOTAKBANK
9307,2025-07-02 09:50:00+05:30,2194.5,2196.0,2193.0,2194.1,22915,KOTAKBANK
9308,2025-07-02 09:55:00+05:30,2194.0,2195.3,2193.1,2193.2,11864,KOTAKBANK
9309,2025-07-02 10:00:00+05:30,2193.6,2194.2,2192.0,2193.1,17835,KOTAKBANK
9310,2025-07-02 10:05:00+05:30,2193.0,2193.0,2192.0,2192.3,21140,KOTAKBANK
9311,2025-07-02 10:10:00+05:30,2192.2,2195.9,2192.2,2195.9,17378,KOTAKBANK
9312,2025-07-02 10:15:00+05:30,2195.9,2197.2,2193.0,2194.2,51406,KOTAKBANK
9313,2025-07-02 10:20:00+05:30,2194.1,2195.7,2194.0,2194.1,14183,KOTAKBANK
9314,2025-07-02 10:25:00+05:30,2194.1,2194.1,2192.0,2193.1,31825,KOTAKBANK
9315,2025-07-02 10:30:00+05:30,2193.1,2193.7,2192.6,2193.2,11007,KOTAKBANK
9316,2025-07-02 10:35:00+05:30,2193.0,2193.1,2188.9,2191.0,27573,KOTAKBANK
9317,2025-07-02 10:40:00+05:30,2191.0,2192.2,2190.6,2192.1,36896,KOTAKBANK
9318,2025-07-02 10:45:00+05:30,2192.0,2196.8,2192.0,2196.6,17759,KOTAKBANK
9319,2025-07-02 10:50:00+05:30,2196.2,2196.6,2195.0,2195.6,16275,KOTAKBANK
9320,2025-07-02 10:55:00+05:30,2195.6,2195.9,2194.0,2194.4,8164,KOTAKBANK
9321,2025-07-02 11:00:00+05:30,2194.4,2194.4,2191.9,2193.4,24930,KOTAKBANK
9322,2025-07-02 11:05:00+05:30,2193.3,2193.6,2191.0,2191.6,31622,KOTAKBANK
9323,2025-07-02 11:10:00+05:30,2191.0,2191.5,2184.0,2185.8,23803,KOTAKBANK
9324,2025-07-02 11:15:00+05:30,2185.8,2186.2,2179.0,2180.3,21763,KOTAKBANK
9325,2025-07-02 11:20:00+05:30,2180.3,2181.0,2178.4,2180.3,18968,KOTAKBANK
9326,2025-07-02 11:25:00+05:30,2180.1,2181.1,2179.4,2180.2,17588,KOTAKBANK
9327,2025-07-02 11:30:00+05:30,2180.2,2180.6,2176.1,2176.1,42292,KOTAKBANK
9328,2025-07-02 11:35:00+05:30,2176.6,2180.8,2176.1,2180.8,35431,KOTAKBANK
9329,2025-07-02 11:40:00+05:30,2180.7,2180.8,2179.2,2180.5,12688,KOTAKBANK
9330,2025-07-02 11:45:00+05:30,2180.4,2181.0,2179.8,2180.3,4890,KOTAKBANK
9331,2025-07-02 11:50:00+05:30,2180.6,2181.0,2179.9,2180.4,5662,KOTAKBANK
9332,2025-07-02 11:55:00+05:30,2180.9,2181.0,2179.9,2180.9,4172,KOTAKBANK
9333,2025-07-02 12:00:00+05:30,2180.9,2181.0,2179.2,2180.9,65272,KOTAKBANK
9334,2025-07-02 12:05:00+05:30,2180.5,2181.0,2179.5,2181.0,53654,KOTAKBANK
9335,2025-07-02 12:10:00+05:30,2181.0,2181.0,2175.3,2176.4,27636,KOTAKBANK
9336,2025-07-02 12:15:00+05:30,2175.5,2177.5,2173.1,2177.5,12948,KOTAKBANK
9337,2025-07-02 12:20:00+05:30,2176.5,2177.4,2175.0,2177.4,7066,KOTAKBANK
9338,2025-07-02 12:25:00+05:30,2176.5,2181.5,2176.1,2180.5,28499,KOTAKBANK
9339,2025-07-02 12:30:00+05:30,2181.0,2181.9,2180.2,2181.1,7686,KOTAKBANK
9340,2025-07-02 12:35:00+05:30,2180.8,2180.8,2178.5,2179.6,37027,KOTAKBANK
9341,2025-07-02 12:40:00+05:30,2179.6,2179.7,2179.1,2179.2,8345,KOTAKBANK
9342,2025-07-02 12:45:00+05:30,2179.1,2180.0,2179.1,2180.0,8539,KOTAKBANK
9343,2025-07-02 12:50:00+05:30,2180.0,2180.0,2178.9,2180.0,26202,KOTAKBANK
9344,2025-07-02 12:55:00+05:30,2179.9,2180.0,2179.2,2180.0,6867,KOTAKBANK
9345,2025-07-02 13:00:00+05:30,2180.0,2180.0,2179.2,2179.5,3835,KOTAKBANK
9346,2025-07-02 13:05:00+05:30,2180.0,2180.0,2176.8,2177.9,3933,KOTAKBANK
9347,2025-07-02 13:10:00+05:30,2177.9,2177.9,2173.5,2175.8,14139,KOTAKBANK
9348,2025-07-02 13:15:00+05:30,2175.9,2175.9,2173.6,2175.3,6011,KOTAKBANK
9349,2025-07-02 13:20:00+05:30,2175.0,2175.3,2171.2,2171.2,15727,KOTAKBANK
9350,2025-07-02 13:25:00+05:30,2171.3,2171.3,2166.9,2167.5,9990,KOTAKBANK
9351,2025-07-02 13:30:00+05:30,2167.2,2167.8,2165.0,2165.1,11672,KOTAKBANK
9352,2025-07-02 13:35:00+05:30,2165.1,2166.1,2164.9,2165.8,9641,KOTAKBANK
9353,2025-07-02 13:40:00+05:30,2165.8,2167.4,2162.4,2163.7,15840,KOTAKBANK
9354,2025-07-02 13:45:00+05:30,2164.4,2164.7,2162.9,2163.6,11306,KOTAKBANK
9355,2025-07-02 13:50:00+05:30,2164.3,2165.1,2162.7,2162.7,16089,KOTAKBANK
9356,2025-07-02 13:55:00+05:30,2162.7,2165.0,2162.4,2164.9,11837,KOTAKBANK
9357,2025-07-02 14:00:00+05:30,2164.9,2164.9,2161.0,2161.2,33447,KOTAKBANK
9358,2025-07-02 14:05:00+05:30,2161.5,2162.0,2161.0,2161.0,10105,KOTAKBANK
9359,2025-07-02 14:10:00+05:30,2161.0,2165.2,2161.0,2164.0,34012,KOTAKBANK
9360,2025-07-02 14:15:00+05:30,2164.0,2165.0,2163.8,2164.9,8369,KOTAKBANK
9361,2025-07-02 14:20:00+05:30,2164.9,2165.0,2164.1,2164.5,8912,KOTAKBANK
9362,2025-07-02 14:25:00+05:30,2164.5,2165.0,2164.1,2164.2,9520,KOTAKBANK
9363,2025-07-02 14:30:00+05:30,2164.2,2166.4,2164.0,2164.3,12404,KOTAKBANK
9364,2025-07-02 14:35:00+05:30,2164.3,2165.8,2162.9,2164.0,41644,KOTAKBANK
9365,2025-07-02 14:40:00+05:30,2164.0,2166.9,2164.0,2165.0,39455,KOTAKBANK
9366,2025-07-02 14:45:00+05:30,2165.1,2167.9,2165.1,2167.1,60169,KOTAKBANK
9367,2025-07-02 14:50:00+05:30,2167.3,2168.6,2166.0,2167.0,22341,KOTAKBANK
9368,2025-07-02 14:55:00+05:30,2167.3,2169.6,2167.0,2168.3,24960,KOTAKBANK
9369,2025-07-02 15:00:00+05:30,2168.3,2170.0,2168.3,2169.7,46209,KOTAKBANK
9370,2025-07-02 15:05:00+05:30,2169.8,2173.4,2169.0,2170.7,98893,KOTAKBANK
9371,2025-07-02 15:10:00+05:30,2170.7,2171.2,2170.1,2170.5,52457,KOTAKBANK
9372,2025-07-02 15:15:00+05:30,2170.5,2170.6,2167.0,2167.4,54149,KOTAKBANK
9373,2025-07-02 15:20:00+05:30,2167.4,2167.5,2165.7,2165.9,55654,KOTAKBANK
9374,2025-07-02 15:25:00+05:30,2166.2,2167.8,2164.5,2164.5,50060,KOTAKBANK
9375,2025-07-03 09:15:00+05:30,2139.1,2150.9,2125.1,2146.5,460033,KOTAKBANK
9376,2025-07-03 09:20:00+05:30,2146.9,2150.5,2140.3,2140.3,54120,KOTAKBANK
9377,2025-07-03 09:25:00+05:30,2140.3,2141.4,2128.4,2128.8,103684,KOTAKBANK
9378,2025-07-03 09:30:00+05:30,2129.0,2138.0,2127.0,2135.0,156425,KOTAKBANK
9379,2025-07-03 09:35:00+05:30,2135.0,2141.3,2135.0,2141.3,53697,KOTAKBANK
9380,2025-07-03 09:40:00+05:30,2140.5,2142.0,2140.0,2140.3,42293,KOTAKBANK
9381,2025-07-03 09:45:00+05:30,2140.3,2144.0,2140.0,2141.8,34701,KOTAKBANK
9382,2025-07-03 09:50:00+05:30,2141.8,2142.4,2135.6,2141.2,230492,KOTAKBANK
9383,2025-07-03 09:55:00+05:30,2141.1,2142.0,2140.0,2140.3,45807,KOTAKBANK
9384,2025-07-03 10:00:00+05:30,2140.3,2141.4,2138.1,2140.2,55113,KOTAKBANK
9385,2025-07-03 10:05:00+05:30,2140.2,2140.8,2135.7,2135.9,59033,KOTAKBANK
9386,2025-07-03 10:10:00+05:30,2135.9,2137.1,2132.5,2133.1,93908,KOTAKBANK
9387,2025-07-03 10:15:00+05:30,2133.0,2138.0,2133.0,2137.5,24698,KOTAKBANK
9388,2025-07-03 10:20:00+05:30,2137.6,2142.2,2136.8,2141.9,36998,KOTAKBANK
9389,2025-07-03 10:25:00+05:30,2141.8,2147.0,2141.7,2146.1,41629,KOTAKBANK
9390,2025-07-03 10:30:00+05:30,2146.9,2148.5,2144.7,2146.2,30328,KOTAKBANK
9391,2025-07-03 10:35:00+05:30,2146.2,2147.0,2144.3,2146.9,18339,KOTAKBANK
9392,2025-07-03 10:40:00+05:30,2146.9,2150.3,2145.0,2149.7,155442,KOTAKBANK
9393,2025-07-03 10:45:00+05:30,2149.8,2150.0,2146.2,2148.9,63877,KOTAKBANK
9394,2025-07-03 10:50:00+05:30,2148.9,2149.5,2145.8,2146.8,16324,KOTAKBANK
9395,2025-07-03 10:55:00+05:30,2146.8,2148.9,2145.0,2145.9,53833,KOTAKBANK
9396,2025-07-03 11:00:00+05:30,2146.4,2148.9,2146.1,2148.0,15229,KOTAKBANK
9397,2025-07-03 11:05:00+05:30,2148.0,2149.9,2147.0,2149.2,14289,KOTAKBANK
9398,2025-07-03 11:10:00+05:30,2149.2,2149.8,2148.1,2148.8,16269,KOTAKBANK
9399,2025-07-03 11:15:00+05:30,2148.8,2150.4,2147.2,2149.3,60968,KOTAKBANK
9400,2025-07-03 11:20:00+05:30,2149.4,2151.9,2148.8,2150.2,23941,KOTAKBANK
9401,2025-07-03 11:25:00+05:30,2150.2,2150.8,2148.2,2148.2,21372,KOTAKBANK
9402,2025-07-03 11:30:00+05:30,2148.2,2149.0,2146.0,2146.6,34625,KOTAKBANK
9403,2025-07-03 11:35:00+05:30,2146.6,2147.4,2145.0,2147.4,16928,KOTAKBANK
9404,2025-07-03 11:40:00+05:30,2147.3,2147.3,2144.4,2145.0,115477,KOTAKBANK
9405,2025-07-03 11:45:00+05:30,2145.0,2146.0,2140.6,2144.5,111518,KOTAKBANK
9406,2025-07-03 11:50:00+05:30,2144.5,2145.1,2140.3,2140.5,14515,KOTAKBANK
9407,2025-07-03 11:55:00+05:30,2140.9,2142.3,2138.1,2138.3,19603,KOTAKBANK
9408,2025-07-03 12:00:00+05:30,2138.3,2140.0,2136.1,2137.3,34129,KOTAKBANK
9409,2025-07-03 12:05:00+05:30,2137.3,2138.0,2133.2,2133.3,48922,KOTAKBANK
9410,2025-07-03 12:10:00+05:30,2133.3,2135.1,2131.5,2132.0,63731,KOTAKBANK
9411,2025-07-03 12:15:00+05:30,2131.9,2134.6,2131.8,2133.4,33604,KOTAKBANK
9412,2025-07-03 12:20:00+05:30,2133.4,2133.9,2130.0,2132.5,60500,KOTAKBANK
9413,2025-07-03 12:25:00+05:30,2133.1,2133.9,2131.3,2133.4,63166,KOTAKBANK
9414,2025-07-03 12:30:00+05:30,2133.4,2134.9,2132.8,2133.6,59331,KOTAKBANK
9415,2025-07-03 12:35:00+05:30,2134.2,2135.8,2133.5,2134.9,31852,KOTAKBANK
9416,2025-07-03 12:40:00+05:30,2134.9,2137.5,2134.9,2136.1,29869,KOTAKBANK
9417,2025-07-03 12:45:00+05:30,2136.1,2136.2,2132.5,2132.5,26962,KOTAKBANK
9418,2025-07-03 12:50:00+05:30,2132.5,2133.6,2131.9,2132.2,33126,KOTAKBANK
9419,2025-07-03 12:55:00+05:30,2132.2,2132.3,2130.4,2131.0,26738,KOTAKBANK
9420,2025-07-03 13:00:00+05:30,2131.0,2132.0,2129.2,2129.6,45368,KOTAKBANK
9421,2025-07-03 13:05:00+05:30,2130.0,2130.9,2128.0,2128.3,38536,KOTAKBANK
9422,2025-07-03 13:10:00+05:30,2128.3,2130.6,2128.0,2129.4,26474,KOTAKBANK
9423,2025-07-03 13:15:00+05:30,2129.5,2130.4,2126.0,2128.0,52983,KOTAKBANK
9424,2025-07-03 13:20:00+05:30,2127.5,2129.5,2127.4,2128.5,21801,KOTAKBANK
9425,2025-07-03 13:25:00+05:30,2128.5,2129.2,2127.0,2127.6,39115,KOTAKBANK
9426,2025-07-03 13:30:00+05:30,2127.6,2129.6,2127.0,2128.2,48951,KOTAKBANK
9427,2025-07-03 13:35:00+05:30,2127.9,2133.0,2127.8,2132.5,65792,KOTAKBANK
9428,2025-07-03 13:40:00+05:30,2132.5,2134.5,2131.0,2132.4,45507,KOTAKBANK
9429,2025-07-03 13:45:00+05:30,2133.0,2133.5,2129.0,2129.4,23749,KOTAKBANK
9430,2025-07-03 13:50:00+05:30,2129.3,2130.1,2128.0,2128.5,24566,KOTAKBANK
9431,2025-07-03 13:55:00+05:30,2128.6,2130.0,2127.0,2128.8,21893,KOTAKBANK
9432,2025-07-03 14:00:00+05:30,2128.8,2130.0,2127.0,2128.2,33861,KOTAKBANK
9433,2025-07-03 14:05:00+05:30,2128.2,2128.8,2127.0,2127.1,21132,KOTAKBANK
9434,2025-07-03 14:10:00+05:30,2127.1,2128.8,2127.0,2127.4,30767,KOTAKBANK
9435,2025-07-03 14:15:00+05:30,2127.4,2128.3,2126.5,2126.7,60296,KOTAKBANK
9436,2025-07-03 14:20:00+05:30,2126.7,2128.6,2125.6,2127.1,102154,KOTAKBANK
9437,2025-07-03 14:25:00+05:30,2127.1,2127.9,2125.0,2126.0,46446,KOTAKBANK
9438,2025-07-03 14:30:00+05:30,2126.0,2126.8,2122.1,2125.2,69163,KOTAKBANK
9439,2025-07-03 14:35:00+05:30,2125.2,2125.6,2121.9,2123.0,74539,KOTAKBANK
9440,2025-07-03 14:40:00+05:30,2123.0,2125.3,2122.1,2123.9,76199,KOTAKBANK
9441,2025-07-03 14:45:00+05:30,2123.9,2125.8,2123.1,2124.0,62263,KOTAKBANK
9442,2025-07-03 14:50:00+05:30,2124.0,2130.4,2123.9,2128.4,193900,KOTAKBANK
9443,2025-07-03 14:55:00+05:30,2128.4,2129.6,2127.3,2128.6,40735,KOTAKBANK
9444,2025-07-03 15:00:00+05:30,2128.6,2128.9,2126.2,2127.6,113895,KOTAKBANK
9445,2025-07-03 15:05:00+05:30,2127.6,2129.0,2127.1,2127.9,93372,KOTAKBANK
9446,2025-07-03 15:10:00+05:30,2128.1,2128.7,2125.9,2125.9,68053,KOTAKBANK
9447,2025-07-03 15:15:00+05:30,2126.0,2127.8,2125.2,2125.6,130506,KOTAKBANK
9448,2025-07-03 15:20:00+05:30,2125.5,2126.5,2125.0,2125.6,108732,KOTAKBANK
9449,2025-07-03 15:25:00+05:30,2125.6,2125.6,2124.2,2125.0,78943,KOTAKBANK
9450,2025-07-04 09:15:00+05:30,2124.0,2135.0,2123.2,2131.5,53484,KOTAKBANK
9451,2025-07-04 09:20:00+05:30,2130.6,2134.3,2129.6,2130.0,22758,KOTAKBANK
9452,2025-07-04 09:25:00+05:30,2130.2,2137.3,2129.9,2134.0,29952,KOTAKBANK
9453,2025-07-04 09:30:00+05:30,2134.1,2135.2,2127.1,2128.0,14497,KOTAKBANK
9454,2025-07-04 09:35:00+05:30,2127.6,2128.0,2125.2,2126.5,9252,KOTAKBANK
9455,2025-07-04 09:40:00+05:30,2126.2,2129.4,2125.0,2129.2,8771,KOTAKBANK
9456,2025-07-04 09:45:00+05:30,2128.8,2129.8,2125.8,2125.8,9843,KOTAKBANK
9457,2025-07-04 09:50:00+05:30,2125.6,2129.2,2125.0,2127.0,19086,KOTAKBANK
9458,2025-07-04 09:55:00+05:30,2127.3,2127.3,2125.8,2127.0,3142,KOTAKBANK
9459,2025-07-04 10:00:00+05:30,2126.7,2127.5,2125.2,2125.5,5324,KOTAKBANK
9460,2025-07-04 10:05:00+05:30,2125.4,2126.9,2124.2,2126.9,5073,KOTAKBANK
9461,2025-07-04 10:10:00+05:30,2126.3,2126.9,2124.3,2126.2,7362,KOTAKBANK
9462,2025-07-04 10:15:00+05:30,2125.8,2126.7,2124.0,2125.3,3905,KOTAKBANK
9463,2025-07-04 10:20:00+05:30,2124.9,2126.2,2124.2,2125.1,3753,KOTAKBANK
9464,2025-07-04 10:25:00+05:30,2124.9,2129.2,2124.9,2126.8,4217,KOTAKBANK
9465,2025-07-04 10:30:00+05:30,2126.1,2126.8,2124.5,2125.0,9513,KOTAKBANK
9466,2025-07-04 10:35:00+05:30,2124.6,2125.1,2120.9,2124.5,14847,KOTAKBANK
9467,2025-07-04 10:40:00+05:30,2124.3,2124.9,2122.9,2123.7,10076,KOTAKBANK
9468,2025-07-04 10:45:00+05:30,2123.3,2124.5,2122.8,2123.1,9587,KOTAKBANK
9469,2025-07-04 10:50:00+05:30,2123.0,2124.7,2121.6,2122.0,26851,KOTAKBANK
9470,2025-07-04 10:55:00+05:30,2122.2,2123.7,2121.4,2121.8,12685,KOTAKBANK
9471,2025-07-04 11:00:00+05:30,2121.8,2123.8,2121.8,2123.0,3352,KOTAKBANK
9472,2025-07-04 11:05:00+05:30,2122.9,2123.0,2122.0,2122.4,3275,KOTAKBANK
9473,2025-07-04 11:10:00+05:30,2122.3,2122.9,2122.1,2122.3,2424,KOTAKBANK
9474,2025-07-04 11:15:00+05:30,2122.3,2123.9,2122.0,2122.7,10174,KOTAKBANK
9475,2025-07-04 11:20:00+05:30,2122.5,2122.5,2120.1,2120.3,4762,KOTAKBANK
9476,2025-07-04 11:25:00+05:30,2120.2,2121.0,2119.2,2119.8,8817,KOTAKBANK
9477,2025-07-04 11:30:00+05:30,2119.7,2119.8,2116.3,2118.4,17227,KOTAKBANK
9478,2025-07-04 11:35:00+05:30,2118.2,2118.4,2115.4,2116.2,17961,KOTAKBANK
9479,2025-07-04 11:40:00+05:30,2116.1,2116.3,2112.5,2114.4,20096,KOTAKBANK
9480,2025-07-04 11:45:00+05:30,2114.2,2114.3,2111.6,2112.1,22208,KOTAKBANK
9481,2025-07-04 11:50:00+05:30,2112.0,2114.1,2111.0,2113.6,16631,KOTAKBANK
9482,2025-07-04 11:55:00+05:30,2113.1,2114.8,2112.2,2114.3,17678,KOTAKBANK
9483,2025-07-04 12:00:00+05:30,2114.3,2116.0,2113.8,2115.0,34027,KOTAKBANK
9484,2025-07-04 12:05:00+05:30,2115.0,2118.8,2114.6,2116.9,45124,KOTAKBANK
9485,2025-07-04 12:10:00+05:30,2116.1,2118.5,2114.0,2115.0,54536,KOTAKBANK
9486,2025-07-04 12:15:00+05:30,2114.9,2117.1,2114.4,2116.2,32141,KOTAKBANK
9487,2025-07-04 12:20:00+05:30,2116.0,2117.4,2114.8,2116.8,16533,KOTAKBANK
9488,2025-07-04 12:25:00+05:30,2116.8,2119.1,2116.1,2118.3,16727,KOTAKBANK
9489,2025-07-04 12:30:00+05:30,2118.2,2120.3,2117.5,2119.3,20628,KOTAKBANK
9490,2025-07-04 12:35:00+05:30,2119.2,2120.9,2118.5,2119.1,19532,KOTAKBANK
9491,2025-07-04 12:40:00+05:30,2119.1,2119.6,2117.7,2118.0,34886,KOTAKBANK
9492,2025-07-04 12:45:00+05:30,2117.8,2121.8,2117.8,2121.0,40787,KOTAKBANK
9493,2025-07-04 12:50:00+05:30,2120.7,2121.5,2117.7,2118.5,64244,KOTAKBANK
9494,2025-07-04 12:55:00+05:30,2118.4,2119.6,2117.7,2117.9,16232,KOTAKBANK
9495,2025-07-04 13:00:00+05:30,2118.0,2122.6,2117.6,2119.6,5639,KOTAKBANK
9496,2025-07-04 13:05:00+05:30,2119.5,2121.3,2119.0,2120.1,10023,KOTAKBANK
9497,2025-07-04 13:10:00+05:30,2120.1,2120.3,2118.1,2119.0,3874,KOTAKBANK
9498,2025-07-04 13:15:00+05:30,2119.4,2120.2,2116.4,2118.3,56081,KOTAKBANK
9499,2025-07-04 13:20:00+05:30,2118.2,2118.2,2116.3,2117.5,5757,KOTAKBANK
9500,2025-07-04 13:25:00+05:30,2117.5,2118.6,2117.0,2117.9,3846,KOTAKBANK
9501,2025-07-04 13:30:00+05:30,2117.9,2118.6,2117.1,2117.7,7123,KOTAKBANK
9502,2025-07-04 13:35:00+05:30,2118.0,2118.4,2117.0,2117.8,5321,KOTAKBANK
9503,2025-07-04 13:40:00+05:30,2117.8,2119.2,2117.1,2118.1,8818,KOTAKBANK
9504,2025-07-04 13:45:00+05:30,2118.4,2120.1,2116.1,2119.5,17116,KOTAKBANK
9505,2025-07-04 13:50:00+05:30,2119.5,2121.0,2119.5,2120.7,4181,KOTAKBANK
9506,2025-07-04 13:55:00+05:30,2120.1,2120.9,2117.9,2119.7,43601,KOTAKBANK
9507,2025-07-04 14:00:00+05:30,2119.7,2120.0,2118.9,2119.9,12908,KOTAKBANK
9508,2025-07-04 14:05:00+05:30,2119.9,2120.8,2119.3,2120.0,23920,KOTAKBANK
9509,2025-07-04 14:10:00+05:30,2119.7,2120.0,2119.0,2119.7,10867,KOTAKBANK
9510,2025-07-04 14:15:00+05:30,2119.4,2120.0,2119.0,2119.8,16764,KOTAKBANK
9511,2025-07-04 14:20:00+05:30,2119.9,2119.9,2117.6,2119.9,27515,KOTAKBANK
9512,2025-07-04 14:25:00+05:30,2119.6,2120.0,2118.5,2119.9,59575,KOTAKBANK
9513,2025-07-04 14:30:00+05:30,2119.7,2128.0,2119.6,2125.3,259364,KOTAKBANK
9514,2025-07-04 14:35:00+05:30,2125.1,2128.0,2124.1,2127.4,25450,KOTAKBANK
9515,2025-07-04 14:40:00+05:30,2127.4,2131.8,2126.5,2131.8,31063,KOTAKBANK
9516,2025-07-04 14:45:00+05:30,2131.5,2133.2,2128.5,2129.9,20861,KOTAKBANK
9517,2025-07-04 14:50:00+05:30,2129.7,2130.1,2127.5,2129.7,14075,KOTAKBANK
9518,2025-07-04 14:55:00+05:30,2129.4,2131.9,2128.3,2130.1,16911,KOTAKBANK
9519,2025-07-04 15:00:00+05:30,2130.2,2130.3,2128.4,2128.9,18946,KOTAKBANK
9520,2025-07-04 15:05:00+05:30,2128.5,2129.0,2127.5,2128.7,24819,KOTAKBANK
9521,2025-07-04 15:10:00+05:30,2128.8,2130.4,2127.9,2129.9,38161,KOTAKBANK
9522,2025-07-04 15:15:00+05:30,2129.9,2131.0,2128.5,2129.7,35659,KOTAKBANK
9523,2025-07-04 15:20:00+05:30,2129.7,2132.0,2129.5,2131.9,35335,KOTAKBANK
9524,2025-07-04 15:25:00+05:30,2131.9,2132.0,2128.3,2130.0,18597,KOTAKBANK
9525,2025-07-07 09:15:00+05:30,2130.0,2130.0,2121.8,2126.7,27361,KOTAKBANK
9526,2025-07-07 09:20:00+05:30,2126.7,2132.0,2125.4,2126.7,14085,KOTAKBANK
9527,2025-07-07 09:25:00+05:30,2127.2,2130.8,2124.0,2128.6,16806,KOTAKBANK
9528,2025-07-07 09:30:00+05:30,2128.7,2130.2,2127.0,2129.4,7417,KOTAKBANK
9529,2025-07-07 09:35:00+05:30,2129.4,2130.6,2127.7,2127.7,13160,KOTAKBANK
9530,2025-07-07 09:40:00+05:30,2127.7,2132.5,2127.3,2131.4,7860,KOTAKBANK
9531,2025-07-07 09:45:00+05:30,2131.4,2132.4,2128.9,2129.8,13766,KOTAKBANK
9532,2025-07-07 09:50:00+05:30,2129.8,2132.5,2127.8,2132.5,11136,KOTAKBANK
9533,2025-07-07 09:55:00+05:30,2132.5,2134.0,2131.3,2132.9,12677,KOTAKBANK
9534,2025-07-07 10:00:00+05:30,2132.6,2135.3,2130.7,2134.1,22372,KOTAKBANK
9535,2025-07-07 10:05:00+05:30,2134.3,2134.5,2129.2,2130.3,55819,KOTAKBANK
9536,2025-07-07 10:10:00+05:30,2130.3,2132.9,2129.4,2131.6,9286,KOTAKBANK
9537,2025-07-07 10:15:00+05:30,2131.3,2132.7,2129.9,2130.0,8013,KOTAKBANK
9538,2025-07-07 10:20:00+05:30,2130.1,2131.8,2129.5,2130.9,11754,KOTAKBANK
9539,2025-07-07 10:25:00+05:30,2130.9,2130.9,2129.3,2130.3,6953,KOTAKBANK
9540,2025-07-07 10:30:00+05:30,2130.3,2132.6,2130.0,2132.3,7886,KOTAKBANK
9541,2025-07-07 10:35:00+05:30,2132.3,2137.0,2132.0,2136.1,32959,KOTAKBANK
9542,2025-07-07 10:40:00+05:30,2136.1,2138.0,2135.4,2136.3,12098,KOTAKBANK
9543,2025-07-07 10:45:00+05:30,2136.3,2137.8,2135.9,2136.5,8555,KOTAKBANK
9544,2025-07-07 10:50:00+05:30,2136.6,2139.5,2135.0,2137.0,18908,KOTAKBANK
9545,2025-07-07 10:55:00+05:30,2137.0,2141.0,2136.0,2140.5,23105,KOTAKBANK
9546,2025-07-07 11:00:00+05:30,2140.5,2142.0,2138.1,2138.8,17681,KOTAKBANK
9547,2025-07-07 11:05:00+05:30,2138.8,2140.0,2138.8,2139.5,6890,KOTAKBANK
9548,2025-07-07 11:10:00+05:30,2139.4,2139.5,2135.5,2136.0,9231,KOTAKBANK
9549,2025-07-07 11:15:00+05:30,2136.0,2137.0,2135.6,2136.7,7507,KOTAKBANK
9550,2025-07-07 11:20:00+05:30,2136.7,2137.0,2134.1,2135.9,28136,KOTAKBANK
9551,2025-07-07 11:25:00+05:30,2135.9,2136.2,2134.5,2135.4,10231,KOTAKBANK
9552,2025-07-07 11:30:00+05:30,2135.4,2137.6,2134.8,2137.6,35129,KOTAKBANK
9553,2025-07-07 11:35:00+05:30,2137.5,2137.6,2133.0,2134.2,17142,KOTAKBANK
9554,2025-07-07 11:40:00+05:30,2134.2,2136.0,2133.7,2135.7,77495,KOTAKBANK
9555,2025-07-07 11:45:00+05:30,2135.7,2137.4,2135.2,2136.7,16187,KOTAKBANK
9556,2025-07-07 11:50:00+05:30,2136.6,2137.0,2135.2,2135.7,11163,KOTAKBANK
9557,2025-07-07 11:55:00+05:30,2135.7,2137.0,2134.0,2136.5,41728,KOTAKBANK
9558,2025-07-07 12:00:00+05:30,2136.5,2136.6,2131.6,2132.5,17594,KOTAKBANK
9559,2025-07-07 12:05:00+05:30,2133.0,2134.6,2131.1,2134.6,18603,KOTAKBANK
9560,2025-07-07 12:10:00+05:30,2134.5,2136.0,2133.7,2134.6,51065,KOTAKBANK
9561,2025-07-07 12:15:00+05:30,2134.4,2134.8,2132.0,2133.3,10114,KOTAKBANK
9562,2025-07-07 12:20:00+05:30,2133.3,2135.9,2133.2,2135.8,10243,KOTAKBANK
9563,2025-07-07 12:25:00+05:30,2135.8,2136.0,2135.6,2135.9,8905,KOTAKBANK
9564,2025-07-07 12:30:00+05:30,2135.9,2135.9,2134.7,2135.0,3946,KOTAKBANK
9565,2025-07-07 12:35:00+05:30,2135.0,2135.7,2134.5,2135.7,3752,KOTAKBANK
9566,2025-07-07 12:40:00+05:30,2135.7,2135.9,2134.7,2135.9,8168,KOTAKBANK
9567,2025-07-07 12:45:00+05:30,2135.9,2136.0,2134.4,2135.8,10403,KOTAKBANK
9568,2025-07-07 12:50:00+05:30,2135.9,2137.0,2134.3,2135.0,12207,KOTAKBANK
9569,2025-07-07 12:55:00+05:30,2135.0,2135.6,2133.4,2133.9,16505,KOTAKBANK
9570,2025-07-07 13:00:00+05:30,2133.9,2135.0,2132.1,2135.0,15434,KOTAKBANK
9571,2025-07-07 13:05:00+05:30,2135.0,2137.3,2134.7,2136.9,38270,KOTAKBANK
9572,2025-07-07 13:10:00+05:30,2136.8,2140.4,2135.9,2140.4,19362,KOTAKBANK
9573,2025-07-07 13:15:00+05:30,2140.0,2140.0,2136.1,2138.0,17605,KOTAKBANK
9574,2025-07-07 13:20:00+05:30,2137.9,2138.0,2137.5,2138.0,92579,KOTAKBANK
9575,2025-07-07 13:25:00+05:30,2138.0,2142.0,2137.2,2139.3,66286,KOTAKBANK
9576,2025-07-07 13:30:00+05:30,2139.5,2141.6,2139.3,2140.9,70779,KOTAKBANK
9577,2025-07-07 13:35:00+05:30,2141.0,2141.0,2140.0,2140.4,12093,KOTAKBANK
9578,2025-07-07 13:40:00+05:30,2140.4,2144.4,2139.8,2144.0,19806,KOTAKBANK
9579,2025-07-07 13:45:00+05:30,2144.0,2145.0,2143.3,2144.9,18708,KOTAKBANK
9580,2025-07-07 13:50:00+05:30,2145.0,2146.8,2143.9,2145.7,27598,KOTAKBANK
9581,2025-07-07 13:55:00+05:30,2145.8,2148.5,2145.6,2146.9,24223,KOTAKBANK
9582,2025-07-07 14:00:00+05:30,2146.7,2148.0,2146.2,2147.1,16746,KOTAKBANK
9583,2025-07-07 14:05:00+05:30,2147.1,2147.3,2144.7,2145.5,26965,KOTAKBANK
9584,2025-07-07 14:10:00+05:30,2145.4,2146.1,2144.3,2145.2,43776,KOTAKBANK
9585,2025-07-07 14:15:00+05:30,2145.2,2147.3,2144.8,2147.0,25123,KOTAKBANK
9586,2025-07-07 14:20:00+05:30,2147.3,2147.7,2145.0,2145.0,24443,KOTAKBANK
9587,2025-07-07 14:25:00+05:30,2145.0,2145.2,2142.9,2144.0,41032,KOTAKBANK
9588,2025-07-07 14:30:00+05:30,2143.9,2144.4,2139.8,2141.5,30754,KOTAKBANK
9589,2025-07-07 14:35:00+05:30,2141.8,2142.8,2140.0,2141.4,19157,KOTAKBANK
9590,2025-07-07 14:40:00+05:30,2141.4,2141.6,2138.9,2140.2,32921,KOTAKBANK
9591,2025-07-07 14:45:00+05:30,2140.0,2140.9,2140.0,2140.9,16056,KOTAKBANK
9592,2025-07-07 14:50:00+05:30,2140.8,2140.9,2140.0,2140.8,18739,KOTAKBANK
9593,2025-07-07 14:55:00+05:30,2140.9,2145.0,2140.8,2144.9,53683,KOTAKBANK
9594,2025-07-07 15:00:00+05:30,2144.9,2149.4,2144.1,2147.6,111994,KOTAKBANK
9595,2025-07-07 15:05:00+05:30,2147.5,2149.9,2146.8,2149.4,104212,KOTAKBANK
9596,2025-07-07 15:10:00+05:30,2149.4,2150.0,2147.4,2148.9,86919,KOTAKBANK
9597,2025-07-07 15:15:00+05:30,2148.8,2151.7,2147.5,2150.0,127203,KOTAKBANK
9598,2025-07-07 15:20:00+05:30,2150.2,2154.2,2149.5,2153.5,85929,KOTAKBANK
9599,2025-07-07 15:25:00+05:30,2153.2,2156.8,2148.3,2150.0,90071,KOTAKBANK
9600,2025-07-08 09:15:00+05:30,2185.0,2237.8,2176.2,2227.8,995754,KOTAKBANK
9601,2025-07-08 09:20:00+05:30,2228.3,2241.5,2227.2,2228.6,331170,KOTAKBANK
9602,2025-07-08 09:25:00+05:30,2229.0,2231.0,2221.6,2226.2,352124,KOTAKBANK
9603,2025-07-08 09:30:00+05:30,2226.3,2234.4,2225.9,2232.5,250447,KOTAKBANK
9604,2025-07-08 09:35:00+05:30,2232.5,2236.0,2226.2,2229.7,209496,KOTAKBANK
9605,2025-07-08 09:40:00+05:30,2229.1,2232.0,2227.6,2229.1,72846,KOTAKBANK
9606,2025-07-08 09:45:00+05:30,2229.6,2232.8,2227.5,2229.0,97243,KOTAKBANK
9607,2025-07-08 09:50:00+05:30,2229.0,2230.0,2222.0,2227.2,147762,KOTAKBANK
9608,2025-07-08 09:55:00+05:30,2227.2,2232.1,2225.7,2229.0,75138,KOTAKBANK
9609,2025-07-08 10:00:00+05:30,2229.2,2231.6,2227.0,2229.5,164727,KOTAKBANK
9610,2025-07-08 10:05:00+05:30,2229.2,2230.0,2228.0,2229.9,40171,KOTAKBANK
9611,2025-07-08 10:10:00+05:30,2229.9,2235.9,2228.5,2233.5,125645,KOTAKBANK
9612,2025-07-08 10:15:00+05:30,2233.0,2237.0,2233.0,2235.9,68605,KOTAKBANK
9613,2025-07-08 10:20:00+05:30,2236.2,2236.4,2228.7,2232.2,72642,KOTAKBANK
9614,2025-07-08 10:25:00+05:30,2232.2,2232.5,2228.5,2229.1,56359,KOTAKBANK
9615,2025-07-08 10:30:00+05:30,2229.2,2229.5,2226.1,2227.0,48490,KOTAKBANK
9616,2025-07-08 10:35:00+05:30,2227.0,2227.2,2225.1,2225.4,40488,KOTAKBANK
9617,2025-07-08 10:40:00+05:30,2225.3,2228.2,2224.1,2226.3,59016,KOTAKBANK
9618,2025-07-08 10:45:00+05:30,2226.4,2230.0,2224.1,2225.0,55677,KOTAKBANK
9619,2025-07-08 10:50:00+05:30,2224.6,2225.8,2222.3,2223.9,56664,KOTAKBANK
9620,2025-07-08 10:55:00+05:30,2224.1,2226.7,2222.3,2224.0,72656,KOTAKBANK
9621,2025-07-08 11:00:00+05:30,2223.8,2224.5,2215.0,2215.0,250523,KOTAKBANK
9622,2025-07-08 11:05:00+05:30,2215.0,2216.5,2212.3,2214.2,121737,KOTAKBANK
9623,2025-07-08 11:10:00+05:30,2214.2,2215.0,2212.0,2214.0,50750,KOTAKBANK
9624,2025-07-08 11:15:00+05:30,2213.6,2214.7,2208.3,2210.8,122469,KOTAKBANK
9625,2025-07-08 11:20:00+05:30,2211.1,2212.6,2209.0,2210.6,35580,KOTAKBANK
9626,2025-07-08 11:25:00+05:30,2210.6,2214.9,2210.3,2213.4,52568,KOTAKBANK
9627,2025-07-08 11:30:00+05:30,2213.5,2215.7,2213.0,2215.4,42031,KOTAKBANK
9628,2025-07-08 11:35:00+05:30,2215.1,2215.5,2209.7,2210.1,45306,KOTAKBANK
9629,2025-07-08 11:40:00+05:30,2210.1,2214.3,2209.1,2213.7,47060,KOTAKBANK
9630,2025-07-08 11:45:00+05:30,2213.9,2213.9,2211.4,2212.0,19440,KOTAKBANK
9631,2025-07-08 11:50:00+05:30,2212.0,2212.1,2209.6,2211.4,35266,KOTAKBANK
9632,2025-07-08 11:55:00+05:30,2211.4,2216.9,2211.3,2214.9,43194,KOTAKBANK
9633,2025-07-08 12:00:00+05:30,2214.9,2215.8,2212.0,2214.9,21129,KOTAKBANK
9634,2025-07-08 12:05:00+05:30,2214.9,2219.5,2214.3,2216.5,41130,KOTAKBANK
9635,2025-07-08 12:10:00+05:30,2216.5,2217.0,2215.5,2215.7,18807,KOTAKBANK
9636,2025-07-08 12:15:00+05:30,2215.8,2217.0,2213.7,2214.7,24109,KOTAKBANK
9637,2025-07-08 12:20:00+05:30,2214.7,2215.9,2212.2,2215.1,29659,KOTAKBANK
9638,2025-07-08 12:25:00+05:30,2215.2,2216.0,2212.0,2215.0,79483,KOTAKBANK
9639,2025-07-08 12:30:00+05:30,2214.9,2215.0,2213.0,2215.0,55831,KOTAKBANK
9640,2025-07-08 12:35:00+05:30,2214.9,2216.0,2214.4,2215.8,17214,KOTAKBANK
9641,2025-07-08 12:40:00+05:30,2215.8,2218.5,2214.5,2216.5,74492,KOTAKBANK
9642,2025-07-08 12:45:00+05:30,2216.5,2218.0,2216.2,2216.4,31097,KOTAKBANK
9643,2025-07-08 12:50:00+05:30,2216.4,2217.0,2216.2,2216.7,16316,KOTAKBANK
9644,2025-07-08 12:55:00+05:30,2216.8,2217.0,2216.2,2217.0,17953,KOTAKBANK
9645,2025-07-08 13:00:00+05:30,2216.9,2221.4,2216.6,2220.0,117387,KOTAKBANK
9646,2025-07-08 13:05:00+05:30,2220.0,2223.0,2219.0,2220.7,45233,KOTAKBANK
9647,2025-07-08 13:10:00+05:30,2220.7,2224.9,2219.8,2223.0,56206,KOTAKBANK
9648,2025-07-08 13:15:00+05:30,2223.0,2223.8,2220.8,2223.7,85835,KOTAKBANK
9649,2025-07-08 13:20:00+05:30,2223.7,2223.8,2219.8,2222.5,199312,KOTAKBANK
9650,2025-07-08 13:25:00+05:30,2222.5,2222.5,2219.9,2221.7,55055,KOTAKBANK
9651,2025-07-08 13:30:00+05:30,2221.8,2222.0,2219.5,2221.5,37589,KOTAKBANK
9652,2025-07-08 13:35:00+05:30,2221.6,2223.9,2220.9,2223.6,108063,KOTAKBANK
9653,2025-07-08 13:40:00+05:30,2223.5,2225.0,2222.6,2223.2,58591,KOTAKBANK
9654,2025-07-08 13:45:00+05:30,2223.2,2223.6,2222.8,2223.0,25409,KOTAKBANK
9655,2025-07-08 13:50:00+05:30,2223.0,2223.1,2218.9,2220.9,104718,KOTAKBANK
9656,2025-07-08 13:55:00+05:30,2221.1,2221.7,2219.0,2219.5,28945,KOTAKBANK
9657,2025-07-08 14:00:00+05:30,2219.9,2220.0,2216.9,2219.6,124542,KOTAKBANK
9658,2025-07-08 14:05:00+05:30,2219.7,2223.0,2219.6,2222.4,26256,KOTAKBANK
9659,2025-07-08 14:10:00+05:30,2222.9,2223.9,2220.2,2222.1,48854,KOTAKBANK
9660,2025-07-08 14:15:00+05:30,2222.2,2222.5,2220.6,2220.6,19313,KOTAKBANK
9661,2025-07-08 14:20:00+05:30,2220.6,2221.7,2219.4,2219.9,59180,KOTAKBANK
9662,2025-07-08 14:25:00+05:30,2219.9,2221.9,2219.8,2221.0,60904,KOTAKBANK
9663,2025-07-08 14:30:00+05:30,2220.7,2221.1,2219.4,2220.0,73327,KOTAKBANK
9664,2025-07-08 14:35:00+05:30,2219.9,2223.0,2219.9,2222.6,46055,KOTAKBANK
9665,2025-07-08 14:40:00+05:30,2222.9,2223.9,2221.1,2222.0,51671,KOTAKBANK
9666,2025-07-08 14:45:00+05:30,2222.0,2222.0,2215.6,2218.3,254826,KOTAKBANK
9667,2025-07-08 14:50:00+05:30,2218.4,2220.8,2218.2,2220.8,66075,KOTAKBANK
9668,2025-07-08 14:55:00+05:30,2220.8,2222.9,2219.6,2221.6,48036,KOTAKBANK
9669,2025-07-08 15:00:00+05:30,2221.9,2223.5,2221.2,2223.4,102034,KOTAKBANK
9670,2025-07-08 15:05:00+05:30,2223.4,2227.9,2223.3,2225.0,183374,KOTAKBANK
9671,2025-07-08 15:10:00+05:30,2225.3,2225.8,2222.5,2224.2,177763,KOTAKBANK
9672,2025-07-08 15:15:00+05:30,2224.1,2226.3,2223.2,2224.7,172722,KOTAKBANK
9673,2025-07-08 15:20:00+05:30,2224.7,2225.9,2223.0,2224.5,206688,KOTAKBANK
9674,2025-07-08 15:25:00+05:30,2224.4,2227.0,2220.7,2223.9,195527,KOTAKBANK
9675,2025-07-09 09:15:00+05:30,2217.0,2223.9,2214.1,2218.8,97691,KOTAKBANK
9676,2025-07-09 09:20:00+05:30,2218.0,2221.6,2214.3,2215.9,59826,KOTAKBANK
9677,2025-07-09 09:25:00+05:30,2215.9,2217.4,2214.0,2216.0,23283,KOTAKBANK
9678,2025-07-09 09:30:00+05:30,2216.0,2218.0,2214.2,2214.9,23580,KOTAKBANK
9679,2025-07-09 09:35:00+05:30,2214.9,2218.5,2214.7,2218.2,15346,KOTAKBANK
9680,2025-07-09 09:40:00+05:30,2218.5,2220.0,2217.7,2219.2,15874,KOTAKBANK
9681,2025-07-09 09:45:00+05:30,2219.2,2220.0,2218.0,2219.1,18608,KOTAKBANK
9682,2025-07-09 09:50:00+05:30,2219.1,2221.7,2219.0,2219.5,16768,KOTAKBANK
9683,2025-07-09 09:55:00+05:30,2219.5,2220.9,2219.4,2220.4,6405,KOTAKBANK
9684,2025-07-09 10:00:00+05:30,2220.8,2222.0,2220.0,2221.6,14271,KOTAKBANK
9685,2025-07-09 10:05:00+05:30,2221.6,2223.4,2219.8,2222.7,17349,KOTAKBANK
9686,2025-07-09 10:10:00+05:30,2223.3,2226.9,2222.7,2224.4,17174,KOTAKBANK
9687,2025-07-09 10:15:00+05:30,2224.4,2225.3,2221.7,2225.1,15273,KOTAKBANK
9688,2025-07-09 10:20:00+05:30,2225.1,2225.7,2221.1,2221.8,117368,KOTAKBANK
9689,2025-07-09 10:25:00+05:30,2221.8,2222.5,2219.8,2220.1,9551,KOTAKBANK
9690,2025-07-09 10:30:00+05:30,2220.0,2221.2,2217.1,2218.6,20411,KOTAKBANK
9691,2025-07-09 10:35:00+05:30,2218.0,2220.4,2217.6,2220.0,11198,KOTAKBANK
9692,2025-07-09 10:40:00+05:30,2219.8,2220.9,2218.9,2220.0,6725,KOTAKBANK
9693,2025-07-09 10:45:00+05:30,2220.0,2221.0,2218.2,2220.4,9000,KOTAKBANK
9694,2025-07-09 10:50:00+05:30,2220.4,2220.9,2218.0,2218.2,5562,KOTAKBANK
9695,2025-07-09 10:55:00+05:30,2218.2,2219.0,2215.6,2216.7,12264,KOTAKBANK
9696,2025-07-09 11:00:00+05:30,2217.2,2218.7,2216.0,2216.7,7355,KOTAKBANK
9697,2025-07-09 11:05:00+05:30,2216.7,2219.0,2216.1,2217.9,6719,KOTAKBANK
9698,2025-07-09 11:10:00+05:30,2218.7,2219.7,2218.1,2219.1,6927,KOTAKBANK
9699,2025-07-09 11:15:00+05:30,2219.1,2222.7,2219.0,2220.3,18266,KOTAKBANK
9700,2025-07-09 11:20:00+05:30,2220.8,2220.9,2219.1,2219.4,4979,KOTAKBANK
9701,2025-07-09 11:25:00+05:30,2219.4,2221.5,2219.0,2220.8,8833,KOTAKBANK
9702,2025-07-09 11:30:00+05:30,2220.1,2220.8,2220.0,2220.1,9447,KOTAKBANK
9703,2025-07-09 11:35:00+05:30,2220.5,2222.8,2220.1,2220.6,16156,KOTAKBANK
9704,2025-07-09 11:40:00+05:30,2220.6,2221.3,2219.9,2220.5,5700,KOTAKBANK
9705,2025-07-09 11:45:00+05:30,2221.2,2221.2,2219.4,2220.1,5354,KOTAKBANK
9706,2025-07-09 11:50:00+05:30,2220.1,2220.6,2217.6,2219.6,14985,KOTAKBANK
9707,2025-07-09 11:55:00+05:30,2219.6,2221.0,2218.2,2218.7,16347,KOTAKBANK
9708,2025-07-09 12:00:00+05:30,2218.7,2220.9,2218.7,2220.1,6528,KOTAKBANK
9709,2025-07-09 12:05:00+05:30,2220.1,2222.0,2220.1,2220.8,21377,KOTAKBANK
9710,2025-07-09 12:10:00+05:30,2220.8,2221.9,2220.8,2221.1,6317,KOTAKBANK
9711,2025-07-09 12:15:00+05:30,2221.1,2223.1,2220.9,2222.1,25354,KOTAKBANK
9712,2025-07-09 12:20:00+05:30,2222.0,2223.2,2222.0,2223.1,15813,KOTAKBANK
9713,2025-07-09 12:25:00+05:30,2223.0,2223.1,2222.6,2223.1,10140,KOTAKBANK
9714,2025-07-09 12:30:00+05:30,2223.1,2223.2,2220.6,2221.7,32559,KOTAKBANK
9715,2025-07-09 12:35:00+05:30,2221.7,2222.0,2221.1,2221.9,8103,KOTAKBANK
9716,2025-07-09 12:40:00+05:30,2221.9,2222.0,2221.3,2221.4,5505,KOTAKBANK
9717,2025-07-09 12:45:00+05:30,2221.4,2224.5,2220.9,2222.6,97244,KOTAKBANK
9718,2025-07-09 12:50:00+05:30,2222.7,2222.8,2222.5,2222.8,8204,KOTAKBANK
9719,2025-07-09 12:55:00+05:30,2222.8,2224.5,2221.0,2221.7,48832,KOTAKBANK
9720,2025-07-09 13:00:00+05:30,2221.3,2222.0,2218.1,2219.3,23037,KOTAKBANK
9721,2025-07-09 13:05:00+05:30,2219.4,2221.0,2219.3,2221.0,13385,KOTAKBANK
9722,2025-07-09 13:10:00+05:30,2221.0,2223.3,2220.2,2222.9,16229,KOTAKBANK
9723,2025-07-09 13:15:00+05:30,2222.9,2224.1,2221.3,2222.0,13916,KOTAKBANK
9724,2025-07-09 13:20:00+05:30,2222.0,2222.0,2220.3,2220.8,17746,KOTAKBANK
9725,2025-07-09 13:25:00+05:30,2220.8,2221.5,2219.8,2221.0,25704,KOTAKBANK
9726,2025-07-09 13:30:00+05:30,2221.0,2221.3,2220.1,2220.2,10477,KOTAKBANK
9727,2025-07-09 13:35:00+05:30,2220.2,2221.1,2218.3,2220.1,12383,KOTAKBANK
9728,2025-07-09 13:40:00+05:30,2219.6,2220.6,2219.0,2219.8,12560,KOTAKBANK
9729,2025-07-09 13:45:00+05:30,2219.8,2220.5,2218.5,2219.5,22883,KOTAKBANK
9730,2025-07-09 13:50:00+05:30,2219.5,2219.5,2218.2,2219.0,10607,KOTAKBANK
9731,2025-07-09 13:55:00+05:30,2219.0,2219.5,2218.2,2219.5,11131,KOTAKBANK
9732,2025-07-09 14:00:00+05:30,2219.5,2219.6,2218.8,2219.5,13503,KOTAKBANK
9733,2025-07-09 14:05:00+05:30,2219.5,2222.0,2219.0,2220.0,26835,KOTAKBANK
9734,2025-07-09 14:10:00+05:30,2220.0,2224.1,2219.0,2224.1,45180,KOTAKBANK
9735,2025-07-09 14:15:00+05:30,2224.1,2225.0,2223.3,2224.8,16651,KOTAKBANK
9736,2025-07-09 14:20:00+05:30,2224.9,2225.0,2221.6,2224.8,71295,KOTAKBANK
9737,2025-07-09 14:25:00+05:30,2224.8,2229.6,2224.1,2226.7,85048,KOTAKBANK
9738,2025-07-09 14:30:00+05:30,2226.7,2231.6,2225.9,2230.4,86587,KOTAKBANK
9739,2025-07-09 14:35:00+05:30,2230.4,2234.1,2229.7,2232.9,37064,KOTAKBANK
9740,2025-07-09 14:40:00+05:30,2232.9,2233.0,2227.5,2229.3,40033,KOTAKBANK
9741,2025-07-09 14:45:00+05:30,2229.3,2229.3,2227.7,2228.4,16400,KOTAKBANK
9742,2025-07-09 14:50:00+05:30,2228.4,2228.4,2224.4,2225.7,30511,KOTAKBANK
9743,2025-07-09 14:55:00+05:30,2225.8,2227.1,2224.5,2224.9,13848,KOTAKBANK
9744,2025-07-09 15:00:00+05:30,2224.8,2230.4,2224.8,2230.0,65269,KOTAKBANK
9745,2025-07-09 15:05:00+05:30,2230.0,2230.4,2228.9,2229.5,74585,KOTAKBANK
9746,2025-07-09 15:10:00+05:30,2229.4,2230.0,2228.1,2229.9,70125,KOTAKBANK
9747,2025-07-09 15:15:00+05:30,2229.9,2229.9,2227.3,2227.9,69693,KOTAKBANK
9748,2025-07-09 15:20:00+05:30,2227.9,2230.8,2227.8,2230.0,77958,KOTAKBANK
9749,2025-07-09 15:25:00+05:30,2229.9,2231.0,2225.6,2225.8,49334,KOTAKBANK
9750,2025-07-10 09:15:00+05:30,2229.1,2235.0,2226.2,2234.4,61430,KOTAKBANK
9751,2025-07-10 09:20:00+05:30,2234.4,2234.8,2231.7,2232.7,15505,KOTAKBANK
9752,2025-07-10 09:25:00+05:30,2232.5,2234.9,2230.8,2231.4,13680,KOTAKBANK
9753,2025-07-10 09:30:00+05:30,2231.3,2233.0,2229.9,2232.7,29559,KOTAKBANK
9754,2025-07-10 09:35:00+05:30,2232.7,2236.5,2231.0,2231.0,18153,KOTAKBANK
9755,2025-07-10 09:40:00+05:30,2231.2,2235.0,2230.8,2233.5,14625,KOTAKBANK
9756,2025-07-10 09:45:00+05:30,2233.9,2237.8,2233.5,2237.8,124359,KOTAKBANK
9757,2025-07-10 09:50:00+05:30,2237.8,2239.8,2237.2,2238.0,17428,KOTAKBANK
9758,2025-07-10 09:55:00+05:30,2237.7,2238.0,2235.8,2238.0,7293,KOTAKBANK
9759,2025-07-10 10:00:00+05:30,2238.0,2239.5,2237.7,2238.4,4183,KOTAKBANK
9760,2025-07-10 10:05:00+05:30,2238.7,2242.7,2238.7,2239.4,26668,KOTAKBANK
9761,2025-07-10 10:10:00+05:30,2240.0,2240.0,2235.6,2236.3,8657,KOTAKBANK
9762,2025-07-10 10:15:00+05:30,2236.3,2240.0,2236.1,2240.0,7445,KOTAKBANK
9763,2025-07-10 10:20:00+05:30,2240.0,2240.0,2237.8,2240.0,5028,KOTAKBANK
9764,2025-07-10 10:25:00+05:30,2239.7,2240.0,2237.6,2238.4,7498,KOTAKBANK
9765,2025-07-10 10:30:00+05:30,2238.4,2238.4,2234.7,2236.0,7440,KOTAKBANK
9766,2025-07-10 10:35:00+05:30,2236.1,2238.0,2235.1,2235.8,10193,KOTAKBANK
9767,2025-07-10 10:40:00+05:30,2235.0,2237.0,2235.0,2237.0,2560,KOTAKBANK
9768,2025-07-10 10:45:00+05:30,2236.1,2237.3,2233.1,2234.0,8904,KOTAKBANK
9769,2025-07-10 10:50:00+05:30,2233.6,2234.0,2229.1,2229.3,19401,KOTAKBANK
9770,2025-07-10 10:55:00+05:30,2229.6,2230.0,2229.1,2229.8,5720,KOTAKBANK
9771,2025-07-10 11:00:00+05:30,2230.0,2230.0,2226.7,2227.7,11064,KOTAKBANK
9772,2025-07-10 11:05:00+05:30,2227.0,2228.5,2226.0,2227.7,6150,KOTAKBANK
9773,2025-07-10 11:10:00+05:30,2227.8,2229.2,2227.3,2228.5,5114,KOTAKBANK
9774,2025-07-10 11:15:00+05:30,2228.5,2229.4,2228.1,2228.5,4120,KOTAKBANK
9775,2025-07-10 11:20:00+05:30,2228.0,2229.0,2225.7,2227.5,4809,KOTAKBANK
9776,2025-07-10 11:25:00+05:30,2226.9,2226.9,2224.7,2225.5,51326,KOTAKBANK
9777,2025-07-10 11:30:00+05:30,2225.4,2227.5,2225.0,2225.0,21419,KOTAKBANK
9778,2025-07-10 11:35:00+05:30,2225.7,2225.9,2224.6,2224.6,15291,KOTAKBANK
9779,2025-07-10 11:40:00+05:30,2224.6,2225.0,2224.1,2224.1,4545,KOTAKBANK
9780,2025-07-10 11:45:00+05:30,2224.1,2225.0,2222.7,2224.3,14582,KOTAKBANK
9781,2025-07-10 11:50:00+05:30,2223.8,2229.0,2223.8,2229.0,37865,KOTAKBANK
9782,2025-07-10 11:55:00+05:30,2229.0,2229.0,2224.8,2225.4,20519,KOTAKBANK
9783,2025-07-10 12:00:00+05:30,2225.5,2226.2,2223.6,2225.6,20749,KOTAKBANK
9784,2025-07-10 12:05:00+05:30,2225.6,2226.1,2224.5,2225.3,6607,KOTAKBANK
9785,2025-07-10 12:10:00+05:30,2225.4,2228.4,2225.3,2227.5,11653,KOTAKBANK
9786,2025-07-10 12:15:00+05:30,2228.2,2228.4,2226.3,2228.0,17224,KOTAKBANK
9787,2025-07-10 12:20:00+05:30,2227.6,2228.0,2226.7,2228.0,11162,KOTAKBANK
9788,2025-07-10 12:25:00+05:30,2227.8,2229.4,2226.4,2229.1,37197,KOTAKBANK
9789,2025-07-10 12:30:00+05:30,2229.1,2230.9,2227.8,2230.0,31246,KOTAKBANK
9790,2025-07-10 12:35:00+05:30,2229.0,2231.0,2227.7,2228.3,40120,KOTAKBANK
9791,2025-07-10 12:40:00+05:30,2228.1,2228.3,2223.3,2224.3,13184,KOTAKBANK
9792,2025-07-10 12:45:00+05:30,2224.2,2224.5,2223.6,2224.5,4773,KOTAKBANK
9793,2025-07-10 12:50:00+05:30,2224.5,2225.0,2223.3,2224.7,9915,KOTAKBANK
9794,2025-07-10 12:55:00+05:30,2224.7,2225.0,2224.2,2225.0,7456,KOTAKBANK
9795,2025-07-10 13:00:00+05:30,2225.0,2225.0,2224.6,2225.0,4020,KOTAKBANK
9796,2025-07-10 13:05:00+05:30,2224.8,2225.0,2224.1,2224.8,5876,KOTAKBANK
9797,2025-07-10 13:10:00+05:30,2224.8,2225.0,2224.2,2224.8,6548,KOTAKBANK
9798,2025-07-10 13:15:00+05:30,2224.7,2225.0,2224.3,2224.5,6187,KOTAKBANK
9799,2025-07-10 13:20:00+05:30,2225.0,2225.0,2224.1,2225.0,10850,KOTAKBANK
9800,2025-07-10 13:25:00+05:30,2224.3,2225.0,2224.1,2224.6,3710,KOTAKBANK
9801,2025-07-10 13:30:00+05:30,2224.9,2225.0,2222.9,2223.6,15177,KOTAKBANK
9802,2025-07-10 13:35:00+05:30,2224.0,2224.0,2223.1,2223.9,9689,KOTAKBANK
9803,2025-07-10 13:40:00+05:30,2223.9,2223.9,2222.0,2222.6,4727,KOTAKBANK
9804,2025-07-10 13:45:00+05:30,2222.6,2223.4,2221.0,2223.0,9296,KOTAKBANK
9805,2025-07-10 13:50:00+05:30,2223.5,2226.5,2223.2,2225.6,51651,KOTAKBANK
9806,2025-07-10 13:55:00+05:30,2225.0,2227.0,2224.7,2226.2,22477,KOTAKBANK
9807,2025-07-10 14:00:00+05:30,2226.2,2230.9,2226.2,2230.1,8273,KOTAKBANK
9808,2025-07-10 14:05:00+05:30,2230.1,2234.6,2229.6,2231.0,27868,KOTAKBANK
9809,2025-07-10 14:10:00+05:30,2231.0,2231.0,2228.0,2230.0,8282,KOTAKBANK
9810,2025-07-10 14:15:00+05:30,2229.8,2230.2,2229.5,2230.0,5875,KOTAKBANK
9811,2025-07-10 14:20:00+05:30,2230.0,2230.0,2229.0,2229.7,7139,KOTAKBANK
9812,2025-07-10 14:25:00+05:30,2229.8,2231.5,2229.5,2231.1,13485,KOTAKBANK
9813,2025-07-10 14:30:00+05:30,2230.9,2231.3,2229.4,2229.9,10130,KOTAKBANK
9814,2025-07-10 14:35:00+05:30,2229.9,2231.1,2228.0,2228.7,19483,KOTAKBANK
9815,2025-07-10 14:40:00+05:30,2228.5,2230.0,2227.8,2228.8,9500,KOTAKBANK
9816,2025-07-10 14:45:00+05:30,2228.7,2230.0,2224.7,2225.9,35992,KOTAKBANK
9817,2025-07-10 14:50:00+05:30,2225.9,2226.6,2224.9,2226.0,13132,KOTAKBANK
9818,2025-07-10 14:55:00+05:30,2226.1,2228.3,2225.0,2225.0,15039,KOTAKBANK
9819,2025-07-10 15:00:00+05:30,2225.2,2226.9,2224.5,2226.2,54983,KOTAKBANK
9820,2025-07-10 15:05:00+05:30,2226.2,2229.4,2225.8,2225.9,68692,KOTAKBANK
9821,2025-07-10 15:10:00+05:30,2225.8,2227.0,2224.9,2226.0,73096,KOTAKBANK
9822,2025-07-10 15:15:00+05:30,2226.1,2226.9,2223.4,2225.0,77325,KOTAKBANK
9823,2025-07-10 15:20:00+05:30,2225.0,2225.0,2221.2,2224.2,155173,KOTAKBANK
9824,2025-07-10 15:25:00+05:30,2224.3,2226.2,2186.9,2216.9,4136199,KOTAKBANK
9825,2025-07-11 09:15:00+05:30,2201.8,2216.9,2198.6,2210.8,102079,KOTAKBANK
9826,2025-07-11 09:20:00+05:30,2210.2,2213.5,2207.1,2210.2,27017,KOTAKBANK
9827,2025-07-11 09:25:00+05:30,2210.2,2212.0,2210.1,2210.6,13437,KOTAKBANK
9828,2025-07-11 09:30:00+05:30,2210.6,2211.4,2203.7,2208.9,16141,KOTAKBANK
9829,2025-07-11 09:35:00+05:30,2208.8,2215.1,2207.7,2213.2,186790,KOTAKBANK
9830,2025-07-11 09:40:00+05:30,2213.2,2216.8,2208.6,2209.8,223229,KOTAKBANK
9831,2025-07-11 09:45:00+05:30,2209.8,2211.1,2207.2,2209.2,216970,KOTAKBANK
9832,2025-07-11 09:50:00+05:30,2209.2,2210.7,2207.3,2210.2,30466,KOTAKBANK
9833,2025-07-11 09:55:00+05:30,2210.2,2218.9,2210.2,2215.9,108655,KOTAKBANK
9834,2025-07-11 10:00:00+05:30,2215.9,2216.1,2214.4,2215.3,61439,KOTAKBANK
9835,2025-07-11 10:05:00+05:30,2215.3,2216.2,2214.4,2215.1,22370,KOTAKBANK
9836,2025-07-11 10:10:00+05:30,2215.1,2217.0,2214.1,2215.0,24155,KOTAKBANK
9837,2025-07-11 10:15:00+05:30,2215.0,2215.1,2211.8,2214.8,64038,KOTAKBANK
9838,2025-07-11 10:20:00+05:30,2214.8,2216.1,2214.4,2216.1,10223,KOTAKBANK
9839,2025-07-11 10:25:00+05:30,2216.3,2218.6,2215.4,2217.0,13161,KOTAKBANK
9840,2025-07-11 10:30:00+05:30,2216.9,2219.0,2216.0,2216.1,8394,KOTAKBANK
9841,2025-07-11 10:35:00+05:30,2216.1,2222.0,2215.0,2220.2,12732,KOTAKBANK
9842,2025-07-11 10:40:00+05:30,2220.7,2221.9,2218.4,2219.0,6499,KOTAKBANK
9843,2025-07-11 10:45:00+05:30,2218.9,2218.9,2213.6,2215.3,29653,KOTAKBANK
9844,2025-07-11 10:50:00+05:30,2215.3,2216.8,2215.0,2215.0,6207,KOTAKBANK
9845,2025-07-11 10:55:00+05:30,2215.0,2215.5,2213.0,2214.1,10834,KOTAKBANK
9846,2025-07-11 11:00:00+05:30,2213.8,2214.3,2210.2,2211.5,15859,KOTAKBANK
9847,2025-07-11 11:05:00+05:30,2211.4,2212.0,2210.0,2210.0,13299,KOTAKBANK
9848,2025-07-11 11:10:00+05:30,2210.0,2217.5,2210.0,2211.9,14759,KOTAKBANK
9849,2025-07-11 11:15:00+05:30,2211.9,2213.1,2210.9,2212.5,3929,KOTAKBANK
9850,2025-07-11 11:20:00+05:30,2212.5,2213.3,2212.2,2212.4,3354,KOTAKBANK
9851,2025-07-11 11:25:00+05:30,2212.5,2213.4,2212.0,2212.6,4009,KOTAKBANK
9852,2025-07-11 11:30:00+05:30,2212.6,2215.9,2212.6,2213.8,15740,KOTAKBANK
9853,2025-07-11 11:35:00+05:30,2213.8,2215.8,2213.8,2215.0,12211,KOTAKBANK
9854,2025-07-11 11:40:00+05:30,2215.0,2216.2,2212.0,2212.1,10396,KOTAKBANK
9855,2025-07-11 11:45:00+05:30,2212.1,2213.4,2210.2,2210.2,10539,KOTAKBANK
9856,2025-07-11 11:50:00+05:30,2210.1,2211.3,2208.9,2210.0,11020,KOTAKBANK
9857,2025-07-11 11:55:00+05:30,2210.0,2211.1,2209.0,2209.2,5911,KOTAKBANK
9858,2025-07-11 12:00:00+05:30,2209.4,2210.0,2208.4,2209.5,6698,KOTAKBANK
9859,2025-07-11 12:05:00+05:30,2209.5,2211.5,2209.0,2209.8,10390,KOTAKBANK
9860,2025-07-11 12:10:00+05:30,2209.8,2210.5,2207.5,2209.7,109458,KOTAKBANK
9861,2025-07-11 12:15:00+05:30,2209.8,2211.0,2209.5,2210.1,6564,KOTAKBANK
9862,2025-07-11 12:20:00+05:30,2210.2,2210.8,2210.0,2210.2,4320,KOTAKBANK
9863,2025-07-11 12:25:00+05:30,2210.1,2211.0,2209.9,2210.3,5029,KOTAKBANK
9864,2025-07-11 12:30:00+05:30,2210.3,2210.9,2209.5,2210.5,18326,KOTAKBANK
9865,2025-07-11 12:35:00+05:30,2210.6,2212.0,2208.9,2210.1,29810,KOTAKBANK
9866,2025-07-11 12:40:00+05:30,2210.0,2212.5,2209.4,2210.6,16139,KOTAKBANK
9867,2025-07-11 12:45:00+05:30,2210.8,2211.1,2209.6,2210.0,47856,KOTAKBANK
9868,2025-07-11 12:50:00+05:30,2210.1,2210.2,2209.5,2210.0,13897,KOTAKBANK
9869,2025-07-11 12:55:00+05:30,2210.1,2210.1,2209.5,2210.1,25732,KOTAKBANK
9870,2025-07-11 13:00:00+05:30,2210.1,2210.1,2207.1,2208.5,22700,KOTAKBANK
9871,2025-07-11 13:05:00+05:30,2208.5,2208.5,2206.1,2207.0,10837,KOTAKBANK
9872,2025-07-11 13:10:00+05:30,2206.8,2209.1,2206.4,2209.1,17779,KOTAKBANK
9873,2025-07-11 13:15:00+05:30,2209.1,2210.0,2208.1,2208.8,17378,KOTAKBANK
9874,2025-07-11 13:20:00+05:30,2208.8,2209.4,2207.9,2208.7,5159,KOTAKBANK
9875,2025-07-11 13:25:00+05:30,2208.9,2209.0,2207.0,2208.0,24943,KOTAKBANK
9876,2025-07-11 13:30:00+05:30,2207.9,2209.4,2207.6,2208.6,17598,KOTAKBANK
9877,2025-07-11 13:35:00+05:30,2208.7,2210.9,2208.7,2210.3,11930,KOTAKBANK
9878,2025-07-11 13:40:00+05:30,2210.4,2211.0,2209.3,2210.4,8942,KOTAKBANK
9879,2025-07-11 13:45:00+05:30,2210.2,2218.7,2210.0,2218.7,17297,KOTAKBANK
9880,2025-07-11 13:50:00+05:30,2218.5,2221.0,2218.2,2220.8,15571,KOTAKBANK
9881,2025-07-11 13:55:00+05:30,2221.0,2224.0,2220.5,2222.5,17445,KOTAKBANK
9882,2025-07-11 14:00:00+05:30,2222.5,2222.8,2216.0,2219.1,41911,KOTAKBANK
9883,2025-07-11 14:05:00+05:30,2219.1,2220.3,2215.0,2217.0,46959,KOTAKBANK
9884,2025-07-11 14:10:00+05:30,2217.0,2223.4,2216.7,2220.9,26021,KOTAKBANK
9885,2025-07-11 14:15:00+05:30,2220.9,2222.2,2219.0,2219.8,12496,KOTAKBANK
9886,2025-07-11 14:20:00+05:30,2219.8,2219.8,2209.8,2213.7,146580,KOTAKBANK
9887,2025-07-11 14:25:00+05:30,2213.8,2214.9,2212.0,2213.8,37671,KOTAKBANK
9888,2025-07-11 14:30:00+05:30,2213.4,2219.5,2213.4,2219.3,17794,KOTAKBANK
9889,2025-07-11 14:35:00+05:30,2219.4,2219.5,2215.7,2217.4,40969,KOTAKBANK
9890,2025-07-11 14:40:00+05:30,2217.2,2219.9,2217.1,2218.9,11049,KOTAKBANK
9891,2025-07-11 14:45:00+05:30,2219.7,2221.0,2217.0,2217.0,19637,KOTAKBANK
9892,2025-07-11 14:50:00+05:30,2217.0,2221.7,2214.7,2221.7,54474,KOTAKBANK
9893,2025-07-11 14:55:00+05:30,2221.5,2225.0,2220.6,2223.6,29439,KOTAKBANK
9894,2025-07-11 15:00:00+05:30,2223.6,2223.8,2220.2,2220.7,58709,KOTAKBANK
9895,2025-07-11 15:05:00+05:30,2220.6,2222.4,2219.4,2221.9,60558,KOTAKBANK
9896,2025-07-11 15:10:00+05:30,2221.8,2222.8,2221.4,2221.6,65186,KOTAKBANK
9897,2025-07-11 15:15:00+05:30,2221.7,2222.0,2221.1,2221.9,70818,KOTAKBANK
9898,2025-07-11 15:20:00+05:30,2222.0,2222.1,2216.9,2217.2,78877,KOTAKBANK
9899,2025-07-11 15:25:00+05:30,2216.9,2219.0,2214.8,2216.0,62671,KOTAKBANK
9900,2025-07-14 09:15:00+05:30,2223.9,2227.0,2209.8,2211.5,72481,KOTAKBANK
9901,2025-07-14 09:20:00+05:30,2212.8,2212.8,2203.2,2203.6,32361,KOTAKBANK
9902,2025-07-14 09:25:00+05:30,2204.2,2213.1,2203.6,2211.5,94761,KOTAKBANK
9903,2025-07-14 09:30:00+05:30,2211.7,2216.2,2210.0,2211.0,41478,KOTAKBANK
9904,2025-07-14 09:35:00+05:30,2210.6,2212.6,2209.8,2211.9,17936,KOTAKBANK
9905,2025-07-14 09:40:00+05:30,2212.0,2214.5,2211.2,2213.7,11553,KOTAKBANK
9906,2025-07-14 09:45:00+05:30,2213.8,2217.5,2212.9,2215.2,37951,KOTAKBANK
9907,2025-07-14 09:50:00+05:30,2215.2,2219.0,2214.1,2217.8,30762,KOTAKBANK
9908,2025-07-14 09:55:00+05:30,2217.1,2218.3,2216.5,2217.6,11410,KOTAKBANK
9909,2025-07-14 10:00:00+05:30,2217.6,2219.8,2216.3,2217.1,15662,KOTAKBANK
9910,2025-07-14 10:05:00+05:30,2217.1,2218.5,2216.4,2217.6,3758,KOTAKBANK
9911,2025-07-14 10:10:00+05:30,2217.6,2219.0,2216.6,2218.7,3430,KOTAKBANK
9912,2025-07-14 10:15:00+05:30,2218.7,2219.8,2218.5,2219.6,23146,KOTAKBANK
9913,2025-07-14 10:20:00+05:30,2219.6,2225.0,2219.6,2222.0,21712,KOTAKBANK
9914,2025-07-14 10:25:00+05:30,2222.0,2222.5,2220.0,2220.5,4118,KOTAKBANK
9915,2025-07-14 10:30:00+05:30,2220.5,2221.0,2219.1,2220.4,17076,KOTAKBANK
9916,2025-07-14 10:35:00+05:30,2220.4,2221.0,2219.2,2219.6,10579,KOTAKBANK
9917,2025-07-14 10:40:00+05:30,2219.6,2220.0,2217.3,2219.1,16167,KOTAKBANK
9918,2025-07-14 10:45:00+05:30,2218.5,2219.1,2214.0,2215.4,31271,KOTAKBANK
9919,2025-07-14 10:50:00+05:30,2215.7,2216.0,2213.3,2215.0,12229,KOTAKBANK
9920,2025-07-14 10:55:00+05:30,2215.0,2216.5,2214.4,2214.9,39693,KOTAKBANK
9921,2025-07-14 11:00:00+05:30,2214.9,2216.4,2214.9,2215.0,14934,KOTAKBANK
9922,2025-07-14 11:05:00+05:30,2215.0,2215.2,2211.1,2212.5,17858,KOTAKBANK
9923,2025-07-14 11:10:00+05:30,2212.5,2215.6,2212.0,2215.0,36042,KOTAKBANK
9924,2025-07-14 11:15:00+05:30,2214.5,2215.3,2212.5,2213.8,50890,KOTAKBANK
9925,2025-07-14 11:20:00+05:30,2213.8,2214.0,2211.3,2211.6,6343,KOTAKBANK
9926,2025-07-14 11:25:00+05:30,2211.6,2212.4,2206.7,2208.9,23541,KOTAKBANK
9927,2025-07-14 11:30:00+05:30,2209.0,2215.5,2208.8,2210.0,110194,KOTAKBANK
9928,2025-07-14 11:35:00+05:30,2210.0,2210.0,2209.0,2209.7,23680,KOTAKBANK
9929,2025-07-14 11:40:00+05:30,2209.5,2210.7,2209.3,2210.0,10044,KOTAKBANK
9930,2025-07-14 11:45:00+05:30,2210.0,2210.0,2208.6,2208.7,34853,KOTAKBANK
9931,2025-07-14 11:50:00+05:30,2208.8,2209.0,2207.0,2208.8,16792,KOTAKBANK
9932,2025-07-14 11:55:00+05:30,2208.8,2209.0,2206.2,2206.6,25165,KOTAKBANK
9933,2025-07-14 12:00:00+05:30,2206.8,2210.0,2206.4,2209.5,11923,KOTAKBANK
9934,2025-07-14 12:05:00+05:30,2209.5,2210.0,2208.4,2208.6,11758,KOTAKBANK
9935,2025-07-14 12:10:00+05:30,2209.0,2209.0,2207.3,2207.3,8080,KOTAKBANK
9936,2025-07-14 12:15:00+05:30,2208.0,2208.2,2207.3,2207.9,5329,KOTAKBANK
9937,2025-07-14 12:20:00+05:30,2207.5,2208.0,2206.2,2206.6,22517,KOTAKBANK
9938,2025-07-14 12:25:00+05:30,2206.3,2208.0,2206.3,2207.4,3524,KOTAKBANK
9939,2025-07-14 12:30:00+05:30,2208.0,2208.1,2207.0,2207.4,20189,KOTAKBANK
9940,2025-07-14 12:35:00+05:30,2207.9,2208.3,2205.3,2206.0,25384,KOTAKBANK
9941,2025-07-14 12:40:00+05:30,2206.8,2207.0,2206.0,2207.0,39487,KOTAKBANK
9942,2025-07-14 12:45:00+05:30,2207.0,2209.8,2206.5,2209.4,84614,KOTAKBANK
9943,2025-07-14 12:50:00+05:30,2209.8,2210.9,2208.7,2210.0,13879,KOTAKBANK
9944,2025-07-14 12:55:00+05:30,2210.0,2210.0,2209.2,2209.7,14165,KOTAKBANK
9945,2025-07-14 13:00:00+05:30,2209.7,2210.5,2208.6,2208.6,35058,KOTAKBANK
9946,2025-07-14 13:05:00+05:30,2208.7,2209.7,2205.8,2207.8,21874,KOTAKBANK
9947,2025-07-14 13:10:00+05:30,2207.9,2208.5,2204.5,2207.2,17712,KOTAKBANK
9948,2025-07-14 13:15:00+05:30,2207.7,2207.8,2205.6,2206.5,52958,KOTAKBANK
9949,2025-07-14 13:20:00+05:30,2206.5,2208.0,2205.6,2206.9,21831,KOTAKBANK
9950,2025-07-14 13:25:00+05:30,2206.9,2208.2,2206.5,2207.8,15686,KOTAKBANK
9951,2025-07-14 13:30:00+05:30,2207.8,2208.7,2205.5,2205.6,22137,KOTAKBANK
9952,2025-07-14 13:35:00+05:30,2205.6,2206.0,2204.2,2205.1,10935,KOTAKBANK
9953,2025-07-14 13:40:00+05:30,2205.0,2205.0,2203.0,2204.7,34289,KOTAKBANK
9954,2025-07-14 13:45:00+05:30,2204.7,2205.5,2202.0,2202.5,42918,KOTAKBANK
9955,2025-07-14 13:50:00+05:30,2202.5,2204.3,2200.3,2200.5,29344,KOTAKBANK
9956,2025-07-14 13:55:00+05:30,2201.5,2201.5,2197.3,2200.0,34451,KOTAKBANK
9957,2025-07-14 14:00:00+05:30,2199.9,2201.2,2199.1,2200.0,17944,KOTAKBANK
9958,2025-07-14 14:05:00+05:30,2200.0,2200.0,2198.8,2199.8,43773,KOTAKBANK
9959,2025-07-14 14:10:00+05:30,2199.9,2200.0,2198.7,2200.0,42760,KOTAKBANK
9960,2025-07-14 14:15:00+05:30,2200.0,2201.7,2199.3,2201.2,26529,KOTAKBANK
9961,2025-07-14 14:20:00+05:30,2201.7,2202.0,2200.5,2200.9,12890,KOTAKBANK
9962,2025-07-14 14:25:00+05:30,2201.0,2201.9,2200.9,2201.9,11300,KOTAKBANK
9963,2025-07-14 14:30:00+05:30,2201.9,2201.9,2199.0,2199.8,12682,KOTAKBANK
9964,2025-07-14 14:35:00+05:30,2200.1,2201.0,2198.9,2200.0,46186,KOTAKBANK
9965,2025-07-14 14:40:00+05:30,2200.0,2201.0,2199.4,2200.4,15404,KOTAKBANK
9966,2025-07-14 14:45:00+05:30,2201.0,2201.4,2199.3,2199.6,44388,KOTAKBANK
9967,2025-07-14 14:50:00+05:30,2200.0,2203.3,2199.2,2202.9,38508,KOTAKBANK
9968,2025-07-14 14:55:00+05:30,2203.1,2206.2,2202.6,2204.7,12069,KOTAKBANK
9969,2025-07-14 15:00:00+05:30,2205.4,2207.2,2200.8,2201.3,103689,KOTAKBANK
9970,2025-07-14 15:05:00+05:30,2201.8,2203.9,2201.4,2203.1,85168,KOTAKBANK
9971,2025-07-14 15:10:00+05:30,2203.2,2204.3,2201.1,2204.0,105620,KOTAKBANK
9972,2025-07-14 15:15:00+05:30,2204.0,2204.0,2203.6,2203.8,83868,KOTAKBANK
9973,2025-07-14 15:20:00+05:30,2203.9,2206.7,2203.4,2205.7,107692,KOTAKBANK
9974,2025-07-14 15:25:00+05:30,2205.7,2206.9,2201.9,2206.6,64912,KOTAKBANK
9975,2025-07-15 09:15:00+05:30,2210.0,2216.9,2204.3,2205.8,53821,KOTAKBANK
9976,2025-07-15 09:20:00+05:30,2205.9,2212.0,2204.0,2209.7,107431,KOTAKBANK
9977,2025-07-15 09:25:00+05:30,2209.5,2210.9,2208.6,2210.0,34444,KOTAKBANK
9978,2025-07-15 09:30:00+05:30,2210.0,2216.7,2207.0,2216.2,208804,KOTAKBANK
9979,2025-07-15 09:35:00+05:30,2216.8,2218.9,2214.7,2216.3,13741,KOTAKBANK
9980,2025-07-15 09:40:00+05:30,2215.6,2217.5,2213.8,2217.0,12409,KOTAKBANK
9981,2025-07-15 09:45:00+05:30,2217.0,2217.8,2214.3,2216.5,186816,KOTAKBANK
9982,2025-07-15 09:50:00+05:30,2216.6,2222.8,2215.6,2218.2,43163,KOTAKBANK
9983,2025-07-15 09:55:00+05:30,2217.9,2225.0,2217.8,2224.7,16774,KOTAKBANK
9984,2025-07-15 10:00:00+05:30,2224.0,2227.0,2222.7,2225.4,15269,KOTAKBANK
9985,2025-07-15 10:05:00+05:30,2225.2,2226.6,2222.5,2226.4,8857,KOTAKBANK
9986,2025-07-15 10:10:00+05:30,2226.0,2226.7,2222.7,2223.5,15628,KOTAKBANK
9987,2025-07-15 10:15:00+05:30,2223.2,2225.0,2219.9,2224.9,70558,KOTAKBANK
9988,2025-07-15 10:20:00+05:30,2224.6,2230.0,2224.2,2225.7,32444,KOTAKBANK
9989,2025-07-15 10:25:00+05:30,2226.2,2226.8,2224.6,2226.2,11096,KOTAKBANK
9990,2025-07-15 10:30:00+05:30,2226.0,2228.3,2225.4,2227.0,8571,KOTAKBANK
9991,2025-07-15 10:35:00+05:30,2227.3,2228.8,2226.5,2227.5,12474,KOTAKBANK
9992,2025-07-15 10:40:00+05:30,2227.5,2230.7,2227.5,2229.6,27535,KOTAKBANK
9993,2025-07-15 10:45:00+05:30,2229.4,2231.6,2224.4,2226.6,31873,KOTAKBANK
9994,2025-07-15 10:50:00+05:30,2227.3,2229.8,2226.6,2228.0,15758,KOTAKBANK
9995,2025-07-15 10:55:00+05:30,2228.0,2229.8,2227.2,2229.0,10532,KOTAKBANK
9996,2025-07-15 11:00:00+05:30,2229.0,2232.0,2229.0,2230.8,26604,KOTAKBANK
9997,2025-07-15 11:05:00+05:30,2231.0,2233.6,2228.4,2228.4,33056,KOTAKBANK
9998,2025-07-15 11:10:00+05:30,2228.5,2229.7,2224.0,2225.1,51689,KOTAKBANK
9999,2025-07-15 11:15:00+05:30,2225.3,2226.4,2223.5,2224.1,16562,KOTAKBANK
10000,2025-07-15 11:20:00+05:30,2224.3,2226.6,2224.0,2225.1,36205,KOTAKBANK
10001,2025-07-15 11:25:00+05:30,2225.1,2226.9,2220.5,2222.6,28935,KOTAKBANK
10002,2025-07-15 11:30:00+05:30,2222.4,2224.1,2217.2,2222.2,68527,KOTAKBANK
10003,2025-07-15 11:35:00+05:30,2222.4,2224.1,2219.6,2219.8,33761,KOTAKBANK
10004,2025-07-15 11:40:00+05:30,2219.8,2223.0,2219.6,2221.3,18735,KOTAKBANK
10005,2025-07-15 11:45:00+05:30,2221.2,2223.0,2217.7,2222.6,42469,KOTAKBANK
10006,2025-07-15 11:50:00+05:30,2222.9,2225.1,2222.0,2223.5,49126,KOTAKBANK
10007,2025-07-15 11:55:00+05:30,2223.3,2224.4,2220.9,2221.3,19193,KOTAKBANK
10008,2025-07-15 12:00:00+05:30,2221.4,2221.6,2215.8,2216.1,33096,KOTAKBANK
10009,2025-07-15 12:05:00+05:30,2216.0,2217.4,2214.6,2217.0,430790,KOTAKBANK
10010,2025-07-15 12:10:00+05:30,2217.0,2218.9,2216.1,2216.8,11853,KOTAKBANK
10011,2025-07-15 12:15:00+05:30,2216.8,2217.0,2214.9,2216.4,29516,KOTAKBANK
10012,2025-07-15 12:20:00+05:30,2216.4,2216.9,2214.3,2215.1,67590,KOTAKBANK
10013,2025-07-15 12:25:00+05:30,2215.1,2218.0,2215.0,2215.9,16917,KOTAKBANK
10014,2025-07-15 12:30:00+05:30,2216.3,2217.0,2215.8,2216.7,6903,KOTAKBANK
10015,2025-07-15 12:35:00+05:30,2217.0,2217.0,2216.2,2217.0,5830,KOTAKBANK
10016,2025-07-15 12:40:00+05:30,2217.0,2217.0,2216.0,2216.5,4556,KOTAKBANK
10017,2025-07-15 12:45:00+05:30,2216.2,2216.9,2215.1,2215.5,4175,KOTAKBANK
10018,2025-07-15 12:50:00+05:30,2215.4,2216.5,2214.0,2215.1,18040,KOTAKBANK
10019,2025-07-15 12:55:00+05:30,2215.1,2215.1,2207.4,2207.8,23716,KOTAKBANK
10020,2025-07-15 13:00:00+05:30,2207.6,2208.5,2205.0,2207.7,11460,KOTAKBANK
10021,2025-07-15 13:05:00+05:30,2207.9,2208.2,2205.3,2205.9,7228,KOTAKBANK
10022,2025-07-15 13:10:00+05:30,2205.8,2206.0,2195.6,2195.7,29307,KOTAKBANK
10023,2025-07-15 13:15:00+05:30,2196.3,2197.8,2196.1,2196.6,8580,KOTAKBANK
10024,2025-07-15 13:20:00+05:30,2196.4,2200.4,2196.2,2200.1,22708,KOTAKBANK
10025,2025-07-15 13:25:00+05:30,2200.1,2200.4,2192.6,2196.0,100152,KOTAKBANK
10026,2025-07-15 13:30:00+05:30,2195.9,2197.3,2193.6,2195.5,11713,KOTAKBANK
10027,2025-07-15 13:35:00+05:30,2195.5,2198.1,2190.4,2193.8,27324,KOTAKBANK
10028,2025-07-15 13:40:00+05:30,2193.7,2193.8,2182.6,2184.5,26684,KOTAKBANK
10029,2025-07-15 13:45:00+05:30,2184.9,2190.0,2183.4,2190.0,22818,KOTAKBANK
10030,2025-07-15 13:50:00+05:30,2189.9,2191.0,2187.0,2188.8,13091,KOTAKBANK
10031,2025-07-15 13:55:00+05:30,2188.9,2191.8,2188.4,2188.8,12428,KOTAKBANK
10032,2025-07-15 14:00:00+05:30,2189.3,2190.3,2186.2,2187.9,14906,KOTAKBANK
10033,2025-07-15 14:05:00+05:30,2187.6,2187.9,2181.9,2184.1,38825,KOTAKBANK
10034,2025-07-15 14:10:00+05:30,2184.0,2190.4,2183.5,2188.9,22264,KOTAKBANK
10035,2025-07-15 14:15:00+05:30,2189.0,2191.8,2187.9,2187.9,12622,KOTAKBANK
10036,2025-07-15 14:20:00+05:30,2188.0,2189.2,2186.5,2188.2,17793,KOTAKBANK
10037,2025-07-15 14:25:00+05:30,2187.4,2188.5,2186.0,2186.5,11915,KOTAKBANK
10038,2025-07-15 14:30:00+05:30,2186.8,2189.5,2186.3,2188.8,9555,KOTAKBANK
10039,2025-07-15 14:35:00+05:30,2188.7,2191.2,2187.3,2189.6,44111,KOTAKBANK
10040,2025-07-15 14:40:00+05:30,2189.3,2191.0,2188.8,2190.0,17017,KOTAKBANK
10041,2025-07-15 14:45:00+05:30,2190.3,2190.3,2184.3,2184.6,30276,KOTAKBANK
10042,2025-07-15 14:50:00+05:30,2184.7,2186.9,2184.1,2185.7,30510,KOTAKBANK
10043,2025-07-15 14:55:00+05:30,2185.8,2187.2,2184.6,2185.7,25329,KOTAKBANK
10044,2025-07-15 15:00:00+05:30,2186.1,2188.8,2183.9,2187.5,51534,KOTAKBANK
10045,2025-07-15 15:05:00+05:30,2187.6,2188.9,2187.2,2187.6,39214,KOTAKBANK
10046,2025-07-15 15:10:00+05:30,2187.7,2190.1,2187.4,2189.6,41982,KOTAKBANK
10047,2025-07-15 15:15:00+05:30,2189.7,2189.8,2188.0,2189.0,45507,KOTAKBANK
10048,2025-07-15 15:20:00+05:30,2189.0,2190.5,2188.1,2189.5,50928,KOTAKBANK
10049,2025-07-15 15:25:00+05:30,2189.5,2190.4,2184.1,2188.1,160491,KOTAKBANK
10050,2025-07-16 09:15:00+05:30,2184.1,2187.9,2178.4,2182.7,97701,KOTAKBANK
10051,2025-07-16 09:20:00+05:30,2182.7,2182.9,2173.7,2179.8,64450,KOTAKBANK
10052,2025-07-16 09:25:00+05:30,2180.0,2186.2,2179.7,2183.6,76354,KOTAKBANK
10053,2025-07-16 09:30:00+05:30,2183.5,2190.0,2183.2,2183.5,50022,KOTAKBANK
10054,2025-07-16 09:35:00+05:30,2183.4,2184.0,2178.7,2182.2,17291,KOTAKBANK
10055,2025-07-16 09:40:00+05:30,2182.2,2184.3,2179.5,2179.5,14940,KOTAKBANK
10056,2025-07-16 09:45:00+05:30,2180.0,2180.9,2176.9,2179.9,12993,KOTAKBANK
10057,2025-07-16 09:50:00+05:30,2179.6,2180.4,2174.4,2177.7,21441,KOTAKBANK
10058,2025-07-16 09:55:00+05:30,2177.7,2178.7,2176.3,2177.0,11390,KOTAKBANK
10059,2025-07-16 10:00:00+05:30,2177.0,2177.1,2170.1,2173.1,21482,KOTAKBANK
10060,2025-07-16 10:05:00+05:30,2173.5,2174.2,2170.4,2171.0,15852,KOTAKBANK
10061,2025-07-16 10:10:00+05:30,2170.5,2171.4,2166.1,2167.1,33401,KOTAKBANK
10062,2025-07-16 10:15:00+05:30,2167.1,2169.4,2162.6,2163.4,57596,KOTAKBANK
10063,2025-07-16 10:20:00+05:30,2163.1,2165.0,2160.4,2161.7,31484,KOTAKBANK
10064,2025-07-16 10:25:00+05:30,2161.4,2163.6,2160.2,2161.5,23940,KOTAKBANK
10065,2025-07-16 10:30:00+05:30,2161.2,2161.9,2156.6,2158.0,40312,KOTAKBANK
10066,2025-07-16 10:35:00+05:30,2157.5,2161.7,2156.0,2161.7,36357,KOTAKBANK
10067,2025-07-16 10:40:00+05:30,2161.5,2163.0,2160.1,2160.2,18540,KOTAKBANK
10068,2025-07-16 10:45:00+05:30,2160.0,2161.4,2156.0,2160.9,26777,KOTAKBANK
10069,2025-07-16 10:50:00+05:30,2160.1,2163.0,2160.0,2163.0,17311,KOTAKBANK
10070,2025-07-16 10:55:00+05:30,2162.6,2164.5,2161.0,2164.1,17109,KOTAKBANK
10071,2025-07-16 11:00:00+05:30,2163.6,2167.9,2162.8,2165.8,79149,KOTAKBANK
10072,2025-07-16 11:05:00+05:30,2165.5,2170.5,2165.2,2169.4,19650,KOTAKBANK
10073,2025-07-16 11:10:00+05:30,2169.1,2170.9,2168.2,2169.7,13182,KOTAKBANK
10074,2025-07-16 11:15:00+05:30,2168.9,2171.3,2167.5,2169.6,48217,KOTAKBANK
10075,2025-07-16 11:20:00+05:30,2169.3,2170.2,2168.3,2169.6,14499,KOTAKBANK
10076,2025-07-16 11:25:00+05:30,2169.6,2170.4,2168.7,2170.3,12607,KOTAKBANK
10077,2025-07-16 11:30:00+05:30,2170.2,2171.1,2168.9,2170.8,13063,KOTAKBANK
10078,2025-07-16 11:35:00+05:30,2170.8,2171.5,2170.0,2171.3,12805,KOTAKBANK
10079,2025-07-16 11:40:00+05:30,2171.4,2175.9,2171.3,2175.7,24602,KOTAKBANK
10080,2025-07-16 11:45:00+05:30,2175.6,2179.4,2175.1,2179.3,24892,KOTAKBANK
10081,2025-07-16 11:50:00+05:30,2178.8,2180.7,2178.0,2179.7,30440,KOTAKBANK
10082,2025-07-16 11:55:00+05:30,2179.5,2179.6,2175.2,2176.4,21243,KOTAKBANK
10083,2025-07-16 12:00:00+05:30,2176.2,2177.3,2173.2,2176.2,31540,KOTAKBANK
10084,2025-07-16 12:05:00+05:30,2176.3,2178.1,2174.0,2174.0,19305,KOTAKBANK
10085,2025-07-16 12:10:00+05:30,2174.1,2175.2,2172.9,2174.7,17119,KOTAKBANK
10086,2025-07-16 12:15:00+05:30,2174.6,2176.2,2174.0,2175.0,15421,KOTAKBANK
10087,2025-07-16 12:20:00+05:30,2174.8,2175.9,2174.0,2174.6,15323,KOTAKBANK
10088,2025-07-16 12:25:00+05:30,2174.5,2175.6,2172.7,2175.5,19281,KOTAKBANK
10089,2025-07-16 12:30:00+05:30,2175.6,2179.1,2175.5,2176.8,22265,KOTAKBANK
10090,2025-07-16 12:35:00+05:30,2177.0,2178.9,2174.6,2177.0,21316,KOTAKBANK
10091,2025-07-16 12:40:00+05:30,2177.0,2179.7,2174.8,2179.7,22989,KOTAKBANK
10092,2025-07-16 12:45:00+05:30,2179.5,2184.2,2179.5,2183.1,39774,KOTAKBANK
10093,2025-07-16 12:50:00+05:30,2182.9,2183.2,2179.4,2181.3,19393,KOTAKBANK
10094,2025-07-16 12:55:00+05:30,2181.3,2181.9,2179.6,2181.0,17308,KOTAKBANK
10095,2025-07-16 13:00:00+05:30,2180.9,2182.5,2180.3,2182.2,18693,KOTAKBANK
10096,2025-07-16 13:05:00+05:30,2182.1,2183.0,2180.8,2183.0,22617,KOTAKBANK
10097,2025-07-16 13:10:00+05:30,2182.8,2183.0,2181.1,2181.1,15913,KOTAKBANK
10098,2025-07-16 13:15:00+05:30,2181.3,2182.0,2180.3,2181.1,17995,KOTAKBANK
10099,2025-07-16 13:20:00+05:30,2181.0,2181.7,2179.4,2181.7,19545,KOTAKBANK
10100,2025-07-16 13:25:00+05:30,2181.6,2181.7,2179.5,2181.1,17855,KOTAKBANK
10101,2025-07-16 13:30:00+05:30,2181.0,2181.2,2178.6,2180.0,19063,KOTAKBANK
10102,2025-07-16 13:35:00+05:30,2180.1,2181.2,2177.3,2180.9,25448,KOTAKBANK
10103,2025-07-16 13:40:00+05:30,2180.9,2184.6,2180.4,2183.7,21754,KOTAKBANK
10104,2025-07-16 13:45:00+05:30,2183.6,2184.5,2180.8,2183.7,22650,KOTAKBANK
10105,2025-07-16 13:50:00+05:30,2183.6,2184.1,2181.3,2182.1,20877,KOTAKBANK
10106,2025-07-16 13:55:00+05:30,2182.1,2182.7,2180.3,2180.8,18592,KOTAKBANK
10107,2025-07-16 14:00:00+05:30,2180.6,2182.3,2180.1,2181.6,15832,KOTAKBANK
10108,2025-07-16 14:05:00+05:30,2181.5,2182.0,2180.4,2181.2,17053,KOTAKBANK
10109,2025-07-16 14:10:00+05:30,2181.2,2184.2,2180.6,2182.8,31322,KOTAKBANK
10110,2025-07-16 14:15:00+05:30,2182.6,2182.9,2179.5,2181.9,19905,KOTAKBANK
10111,2025-07-16 14:20:00+05:30,2181.7,2182.2,2180.6,2182.0,20488,KOTAKBANK
10112,2025-07-16 14:25:00+05:30,2182.0,2182.3,2180.0,2181.3,19653,KOTAKBANK
10113,2025-07-16 14:30:00+05:30,2181.0,2182.9,2180.7,2182.4,18076,KOTAKBANK
10114,2025-07-16 14:35:00+05:30,2182.1,2184.6,2181.6,2182.9,90586,KOTAKBANK
10115,2025-07-16 14:40:00+05:30,2182.9,2183.0,2181.3,2182.6,17568,KOTAKBANK
10116,2025-07-16 14:45:00+05:30,2182.3,2183.0,2180.2,2180.2,19132,KOTAKBANK
10117,2025-07-16 14:50:00+05:30,2180.2,2181.5,2179.0,2179.8,21231,KOTAKBANK
10118,2025-07-16 14:55:00+05:30,2179.7,2181.1,2179.3,2179.8,30535,KOTAKBANK
10119,2025-07-16 15:00:00+05:30,2180.5,2181.3,2178.1,2179.4,71428,KOTAKBANK
10120,2025-07-16 15:05:00+05:30,2179.5,2180.3,2178.0,2179.7,81642,KOTAKBANK
10121,2025-07-16 15:10:00+05:30,2179.7,2180.8,2179.6,2179.7,73881,KOTAKBANK
10122,2025-07-16 15:15:00+05:30,2179.6,2180.9,2178.5,2179.8,78329,KOTAKBANK
10123,2025-07-16 15:20:00+05:30,2179.8,2180.2,2177.4,2177.6,79832,KOTAKBANK
10124,2025-07-16 15:25:00+05:30,2177.6,2179.0,2172.1,2178.9,58072,KOTAKBANK
10125,2025-07-17 09:15:00+05:30,2175.0,2181.9,2175.0,2181.8,58899,KOTAKBANK
10126,2025-07-17 09:20:00+05:30,2181.8,2185.9,2179.5,2185.7,28914,KOTAKBANK
10127,2025-07-17 09:25:00+05:30,2185.7,2188.9,2183.7,2188.7,14115,KOTAKBANK
10128,2025-07-17 09:30:00+05:30,2188.7,2188.7,2184.5,2186.5,10876,KOTAKBANK
10129,2025-07-17 09:35:00+05:30,2186.5,2187.5,2185.1,2186.6,7820,KOTAKBANK
10130,2025-07-17 09:40:00+05:30,2186.6,2191.7,2186.6,2186.9,9987,KOTAKBANK
10131,2025-07-17 09:45:00+05:30,2186.8,2186.9,2182.3,2185.3,23436,KOTAKBANK
10132,2025-07-17 09:50:00+05:30,2185.0,2188.3,2185.0,2188.3,4230,KOTAKBANK
10133,2025-07-17 09:55:00+05:30,2188.3,2190.6,2187.6,2188.2,9138,KOTAKBANK
10134,2025-07-17 10:00:00+05:30,2187.9,2188.3,2184.4,2184.5,9344,KOTAKBANK
10135,2025-07-17 10:05:00+05:30,2184.4,2187.0,2183.0,2184.2,10382,KOTAKBANK
10136,2025-07-17 10:10:00+05:30,2184.2,2184.5,2179.3,2182.4,12664,KOTAKBANK
10137,2025-07-17 10:15:00+05:30,2182.4,2183.4,2179.0,2182.0,5141,KOTAKBANK
10138,2025-07-17 10:20:00+05:30,2182.0,2182.2,2177.8,2179.6,8933,KOTAKBANK
10139,2025-07-17 10:25:00+05:30,2179.6,2180.0,2177.7,2178.1,4938,KOTAKBANK
10140,2025-07-17 10:30:00+05:30,2178.5,2181.1,2176.3,2180.4,7242,KOTAKBANK
10141,2025-07-17 10:35:00+05:30,2180.4,2181.9,2179.0,2179.9,6331,KOTAKBANK
10142,2025-07-17 10:40:00+05:30,2179.9,2181.0,2177.2,2179.5,18390,KOTAKBANK
10143,2025-07-17 10:45:00+05:30,2179.6,2179.7,2173.3,2174.9,9889,KOTAKBANK
10144,2025-07-17 10:50:00+05:30,2175.0,2175.1,2171.7,2174.0,8823,KOTAKBANK
10145,2025-07-17 10:55:00+05:30,2174.3,2175.2,2172.4,2172.4,7178,KOTAKBANK
10146,2025-07-17 11:00:00+05:30,2172.4,2173.9,2170.8,2173.2,6958,KOTAKBANK
10147,2025-07-17 11:05:00+05:30,2173.9,2175.0,2173.2,2174.1,3642,KOTAKBANK
10148,2025-07-17 11:10:00+05:30,2174.0,2177.7,2172.2,2173.1,28250,KOTAKBANK
10149,2025-07-17 11:15:00+05:30,2173.3,2173.4,2168.2,2170.7,16779,KOTAKBANK
10150,2025-07-17 11:20:00+05:30,2170.7,2171.0,2168.0,2169.3,18472,KOTAKBANK
10151,2025-07-17 11:25:00+05:30,2169.0,2173.4,2169.0,2172.0,52623,KOTAKBANK
10152,2025-07-17 11:30:00+05:30,2172.0,2172.0,2170.0,2170.9,29937,KOTAKBANK
10153,2025-07-17 11:35:00+05:30,2171.0,2174.8,2170.7,2174.7,32373,KOTAKBANK
10154,2025-07-17 11:40:00+05:30,2174.7,2176.0,2173.8,2176.0,16993,KOTAKBANK
10155,2025-07-17 11:45:00+05:30,2176.0,2176.2,2171.4,2174.0,18038,KOTAKBANK
10156,2025-07-17 11:50:00+05:30,2174.0,2174.0,2169.6,2170.0,12802,KOTAKBANK
10157,2025-07-17 11:55:00+05:30,2170.0,2170.3,2168.0,2170.3,31836,KOTAKBANK
10158,2025-07-17 12:00:00+05:30,2170.0,2170.3,2169.0,2170.0,12759,KOTAKBANK
10159,2025-07-17 12:05:00+05:30,2170.0,2172.2,2169.5,2171.8,51036,KOTAKBANK
10160,2025-07-17 12:10:00+05:30,2171.8,2171.9,2169.1,2169.8,12455,KOTAKBANK
10161,2025-07-17 12:15:00+05:30,2169.3,2170.9,2169.0,2170.9,8021,KOTAKBANK
10162,2025-07-17 12:20:00+05:30,2170.9,2175.2,2169.3,2175.2,36340,KOTAKBANK
10163,2025-07-17 12:25:00+05:30,2175.2,2177.3,2174.5,2177.0,13991,KOTAKBANK
10164,2025-07-17 12:30:00+05:30,2177.0,2179.3,2176.5,2178.9,14187,KOTAKBANK
10165,2025-07-17 12:35:00+05:30,2178.9,2179.4,2176.9,2178.6,13497,KOTAKBANK
10166,2025-07-17 12:40:00+05:30,2178.0,2180.6,2177.1,2178.7,29329,KOTAKBANK
10167,2025-07-17 12:45:00+05:30,2178.7,2178.7,2175.0,2176.2,13848,KOTAKBANK
10168,2025-07-17 12:50:00+05:30,2176.2,2178.7,2175.4,2177.1,13097,KOTAKBANK
10169,2025-07-17 12:55:00+05:30,2177.1,2177.1,2173.6,2174.5,10525,KOTAKBANK
10170,2025-07-17 13:00:00+05:30,2174.6,2175.6,2173.2,2175.4,8805,KOTAKBANK
10171,2025-07-17 13:05:00+05:30,2175.2,2175.9,2173.4,2174.7,7551,KOTAKBANK
10172,2025-07-17 13:10:00+05:30,2175.1,2175.9,2174.0,2175.0,10779,KOTAKBANK
10173,2025-07-17 13:15:00+05:30,2174.9,2176.1,2172.2,2174.4,39608,KOTAKBANK
10174,2025-07-17 13:20:00+05:30,2174.4,2175.5,2173.1,2173.9,13607,KOTAKBANK
10175,2025-07-17 13:25:00+05:30,2173.9,2175.5,2173.4,2175.5,12172,KOTAKBANK
10176,2025-07-17 13:30:00+05:30,2175.5,2175.7,2173.7,2175.7,7951,KOTAKBANK
10177,2025-07-17 13:35:00+05:30,2175.7,2175.7,2173.8,2175.3,9497,KOTAKBANK
10178,2025-07-17 13:40:00+05:30,2175.3,2175.9,2174.1,2175.5,10438,KOTAKBANK
10179,2025-07-17 13:45:00+05:30,2175.5,2175.7,2173.3,2175.7,11266,KOTAKBANK
10180,2025-07-17 13:50:00+05:30,2175.6,2177.1,2174.7,2176.9,24490,KOTAKBANK
10181,2025-07-17 13:55:00+05:30,2176.9,2178.8,2176.3,2178.5,9744,KOTAKBANK
10182,2025-07-17 14:00:00+05:30,2178.5,2179.0,2175.7,2176.6,15085,KOTAKBANK
10183,2025-07-17 14:05:00+05:30,2176.6,2176.9,2173.1,2173.4,22831,KOTAKBANK
10184,2025-07-17 14:10:00+05:30,2173.4,2175.0,2171.0,2174.7,37742,KOTAKBANK
10185,2025-07-17 14:15:00+05:30,2174.7,2175.0,2172.3,2173.9,100228,KOTAKBANK
10186,2025-07-17 14:20:00+05:30,2173.9,2174.1,2172.2,2173.0,29172,KOTAKBANK
10187,2025-07-17 14:25:00+05:30,2173.0,2174.4,2172.5,2174.1,31981,KOTAKBANK
10188,2025-07-17 14:30:00+05:30,2174.0,2174.9,2172.7,2174.7,54557,KOTAKBANK
10189,2025-07-17 14:35:00+05:30,2174.4,2174.8,2174.0,2174.4,14497,KOTAKBANK
10190,2025-07-17 14:40:00+05:30,2174.4,2174.4,2172.0,2173.0,73285,KOTAKBANK
10191,2025-07-17 14:45:00+05:30,2173.0,2173.5,2170.0,2173.3,88126,KOTAKBANK
10192,2025-07-17 14:50:00+05:30,2173.0,2173.9,2172.1,2173.1,18858,KOTAKBANK
10193,2025-07-17 14:55:00+05:30,2173.0,2173.6,2172.0,2172.1,37320,KOTAKBANK
10194,2025-07-17 15:00:00+05:30,2172.1,2172.4,2169.2,2169.4,97788,KOTAKBANK
10195,2025-07-17 15:05:00+05:30,2169.4,2171.8,2167.5,2170.5,107288,KOTAKBANK
10196,2025-07-17 15:10:00+05:30,2170.4,2171.7,2170.0,2170.4,108826,KOTAKBANK
10197,2025-07-17 15:15:00+05:30,2170.4,2172.3,2170.0,2170.7,81433,KOTAKBANK
10198,2025-07-17 15:20:00+05:30,2170.7,2174.1,2170.0,2171.3,118632,KOTAKBANK
10199,2025-07-17 15:25:00+05:30,2171.3,2174.4,2166.7,2172.8,201401,KOTAKBANK
10200,2025-07-18 09:15:00+05:30,2167.6,2168.0,2150.6,2157.5,83369,KOTAKBANK
10201,2025-07-18 09:20:00+05:30,2157.3,2161.3,2147.8,2153.3,45881,KOTAKBANK
10202,2025-07-18 09:25:00+05:30,2153.9,2155.1,2150.0,2150.3,27039,KOTAKBANK
10203,2025-07-18 09:30:00+05:30,2150.1,2159.9,2149.1,2159.9,28673,KOTAKBANK
10204,2025-07-18 09:35:00+05:30,2159.0,2159.9,2155.3,2155.5,12557,KOTAKBANK
10205,2025-07-18 09:40:00+05:30,2155.9,2155.9,2148.6,2149.8,25472,KOTAKBANK
10206,2025-07-18 09:45:00+05:30,2149.8,2154.0,2149.8,2150.0,23269,KOTAKBANK
10207,2025-07-18 09:50:00+05:30,2150.0,2151.3,2147.0,2150.2,29767,KOTAKBANK
10208,2025-07-18 09:55:00+05:30,2151.0,2151.5,2143.1,2143.5,26358,KOTAKBANK
10209,2025-07-18 10:00:00+05:30,2143.5,2144.3,2141.7,2142.6,21118,KOTAKBANK
10210,2025-07-18 10:05:00+05:30,2142.8,2147.3,2140.2,2145.7,24961,KOTAKBANK
10211,2025-07-18 10:10:00+05:30,2145.7,2145.7,2143.3,2144.2,13463,KOTAKBANK
10212,2025-07-18 10:15:00+05:30,2144.5,2147.0,2140.5,2144.8,26126,KOTAKBANK
10213,2025-07-18 10:20:00+05:30,2145.1,2147.6,2144.0,2145.3,19596,KOTAKBANK
10214,2025-07-18 10:25:00+05:30,2145.1,2146.4,2138.6,2140.0,32440,KOTAKBANK
10215,2025-07-18 10:30:00+05:30,2139.9,2140.0,2133.6,2133.6,41141,KOTAKBANK
10216,2025-07-18 10:35:00+05:30,2133.2,2137.9,2131.0,2133.8,29554,KOTAKBANK
10217,2025-07-18 10:40:00+05:30,2134.2,2134.3,2131.0,2131.6,19270,KOTAKBANK
10218,2025-07-18 10:45:00+05:30,2131.8,2135.2,2131.0,2133.1,13683,KOTAKBANK
10219,2025-07-18 10:50:00+05:30,2133.1,2135.5,2132.6,2133.8,15192,KOTAKBANK
10220,2025-07-18 10:55:00+05:30,2133.8,2135.2,2131.1,2133.2,16204,KOTAKBANK
10221,2025-07-18 11:00:00+05:30,2133.4,2137.2,2133.2,2136.6,12242,KOTAKBANK
10222,2025-07-18 11:05:00+05:30,2136.6,2139.5,2135.9,2138.0,9094,KOTAKBANK
10223,2025-07-18 11:10:00+05:30,2138.0,2140.7,2133.5,2134.6,67035,KOTAKBANK
10224,2025-07-18 11:15:00+05:30,2134.8,2136.2,2132.8,2133.7,16540,KOTAKBANK
10225,2025-07-18 11:20:00+05:30,2133.9,2137.9,2132.3,2137.0,14689,KOTAKBANK
10226,2025-07-18 11:25:00+05:30,2137.0,2139.0,2136.3,2137.4,8032,KOTAKBANK
10227,2025-07-18 11:30:00+05:30,2137.4,2138.5,2136.7,2137.0,6427,KOTAKBANK
10228,2025-07-18 11:35:00+05:30,2137.0,2138.0,2135.2,2136.5,10678,KOTAKBANK
10229,2025-07-18 11:40:00+05:30,2136.5,2140.0,2135.8,2138.3,118376,KOTAKBANK
10230,2025-07-18 11:45:00+05:30,2138.3,2144.6,2138.2,2144.3,30289,KOTAKBANK
10231,2025-07-18 11:50:00+05:30,2144.2,2144.8,2142.7,2143.5,14156,KOTAKBANK
10232,2025-07-18 11:55:00+05:30,2143.5,2144.4,2142.9,2143.4,6587,KOTAKBANK
10233,2025-07-18 12:00:00+05:30,2142.9,2143.9,2139.3,2140.0,26600,KOTAKBANK
10234,2025-07-18 12:05:00+05:30,2139.6,2140.2,2138.6,2139.2,12333,KOTAKBANK
10235,2025-07-18 12:10:00+05:30,2139.0,2140.0,2138.0,2138.9,10295,KOTAKBANK
10236,2025-07-18 12:15:00+05:30,2139.0,2140.0,2138.0,2139.0,26641,KOTAKBANK
10237,2025-07-18 12:20:00+05:30,2139.0,2140.9,2138.5,2140.0,19572,KOTAKBANK
10238,2025-07-18 12:25:00+05:30,2139.6,2140.6,2139.4,2140.0,24176,KOTAKBANK
10239,2025-07-18 12:30:00+05:30,2140.0,2140.9,2139.0,2140.4,24153,KOTAKBANK
10240,2025-07-18 12:35:00+05:30,2140.4,2145.6,2139.8,2142.5,57112,KOTAKBANK
10241,2025-07-18 12:40:00+05:30,2142.1,2145.3,2142.1,2145.2,11879,KOTAKBANK
10242,2025-07-18 12:45:00+05:30,2144.9,2147.0,2144.6,2146.3,11094,KOTAKBANK
10243,2025-07-18 12:50:00+05:30,2146.3,2147.9,2145.0,2147.0,27515,KOTAKBANK
10244,2025-07-18 12:55:00+05:30,2147.5,2149.0,2147.0,2148.5,10706,KOTAKBANK
10245,2025-07-18 13:00:00+05:30,2148.5,2149.6,2146.5,2147.0,35037,KOTAKBANK
10246,2025-07-18 13:05:00+05:30,2146.6,2147.6,2146.0,2146.5,27887,KOTAKBANK
10247,2025-07-18 13:10:00+05:30,2146.6,2149.8,2144.5,2149.7,47562,KOTAKBANK
10248,2025-07-18 13:15:00+05:30,2149.8,2150.2,2148.8,2149.4,14355,KOTAKBANK
10249,2025-07-18 13:20:00+05:30,2149.2,2150.8,2148.8,2149.5,10147,KOTAKBANK
10250,2025-07-18 13:25:00+05:30,2149.6,2149.9,2148.0,2148.5,15509,KOTAKBANK
10251,2025-07-18 13:30:00+05:30,2148.5,2150.1,2147.0,2150.0,29567,KOTAKBANK
10252,2025-07-18 13:35:00+05:30,2149.4,2151.2,2147.0,2150.0,33473,KOTAKBANK
10253,2025-07-18 13:40:00+05:30,2150.7,2151.0,2147.7,2148.0,39556,KOTAKBANK
10254,2025-07-18 13:45:00+05:30,2148.2,2148.2,2144.5,2145.3,39782,KOTAKBANK
10255,2025-07-18 13:50:00+05:30,2145.0,2145.2,2142.2,2143.0,27278,KOTAKBANK
10256,2025-07-18 13:55:00+05:30,2143.0,2144.0,2140.0,2140.0,38468,KOTAKBANK
10257,2025-07-18 14:00:00+05:30,2140.2,2142.7,2140.0,2141.1,22409,KOTAKBANK
10258,2025-07-18 14:05:00+05:30,2141.1,2143.3,2140.0,2141.7,18981,KOTAKBANK
10259,2025-07-18 14:10:00+05:30,2142.4,2143.4,2142.2,2142.3,16128,KOTAKBANK
10260,2025-07-18 14:15:00+05:30,2142.3,2144.1,2142.0,2143.5,24136,KOTAKBANK
10261,2025-07-18 14:20:00+05:30,2143.4,2144.9,2142.7,2144.0,26272,KOTAKBANK
10262,2025-07-18 14:25:00+05:30,2144.0,2144.4,2142.6,2144.0,23282,KOTAKBANK
10263,2025-07-18 14:30:00+05:30,2143.9,2144.3,2143.4,2143.8,26289,KOTAKBANK
10264,2025-07-18 14:35:00+05:30,2143.8,2144.2,2138.9,2139.9,40641,KOTAKBANK
10265,2025-07-18 14:40:00+05:30,2139.4,2140.6,2138.2,2138.2,35264,KOTAKBANK
10266,2025-07-18 14:45:00+05:30,2138.5,2140.2,2137.5,2139.3,59701,KOTAKBANK
10267,2025-07-18 14:50:00+05:30,2139.9,2145.4,2139.3,2141.9,131963,KOTAKBANK
10268,2025-07-18 14:55:00+05:30,2142.6,2144.0,2141.0,2144.0,29288,KOTAKBANK
10269,2025-07-18 15:00:00+05:30,2144.0,2144.0,2140.1,2140.2,71045,KOTAKBANK
10270,2025-07-18 15:05:00+05:30,2140.2,2143.4,2139.8,2143.0,142546,KOTAKBANK
10271,2025-07-18 15:10:00+05:30,2142.8,2142.9,2140.4,2140.4,68176,KOTAKBANK
10272,2025-07-18 15:15:00+05:30,2140.5,2142.8,2140.3,2141.4,102835,KOTAKBANK
10273,2025-07-18 15:20:00+05:30,2141.6,2141.6,2140.0,2140.0,96881,KOTAKBANK
10274,2025-07-18 15:25:00+05:30,2140.0,2140.5,2131.9,2132.0,120690,KOTAKBANK
10275,2025-07-21 09:15:00+05:30,2138.1,2147.0,2130.2,2142.3,70882,KOTAKBANK
10276,2025-07-21 09:20:00+05:30,2141.2,2145.0,2138.1,2139.5,28059,KOTAKBANK
10277,2025-07-21 09:25:00+05:30,2138.9,2141.7,2137.0,2139.0,8882,KOTAKBANK
10278,2025-07-21 09:30:00+05:30,2139.0,2143.0,2137.7,2140.5,6673,KOTAKBANK
10279,2025-07-21 09:35:00+05:30,2140.3,2142.5,2139.5,2141.5,9575,KOTAKBANK
10280,2025-07-21 09:40:00+05:30,2141.5,2142.4,2137.0,2142.1,12453,KOTAKBANK
10281,2025-07-21 09:45:00+05:30,2142.0,2152.0,2140.4,2150.4,30005,KOTAKBANK
10282,2025-07-21 09:50:00+05:30,2150.9,2161.4,2150.1,2160.2,49527,KOTAKBANK
10283,2025-07-21 09:55:00+05:30,2160.5,2162.9,2157.1,2157.8,19556,KOTAKBANK
10284,2025-07-21 10:00:00+05:30,2157.7,2159.7,2155.1,2156.9,19757,KOTAKBANK
10285,2025-07-21 10:05:00+05:30,2156.6,2158.5,2154.7,2157.2,10085,KOTAKBANK
10286,2025-07-21 10:10:00+05:30,2157.2,2159.4,2150.8,2152.3,18197,KOTAKBANK
10287,2025-07-21 10:15:00+05:30,2152.2,2155.9,2151.5,2154.3,15331,KOTAKBANK
10288,2025-07-21 10:20:00+05:30,2154.6,2155.2,2149.7,2149.9,38926,KOTAKBANK
10289,2025-07-21 10:25:00+05:30,2149.9,2153.7,2149.7,2152.7,16857,KOTAKBANK
10290,2025-07-21 10:30:00+05:30,2152.7,2153.9,2152.3,2153.4,7843,KOTAKBANK
10291,2025-07-21 10:35:00+05:30,2153.4,2154.3,2150.0,2150.5,10525,KOTAKBANK
10292,2025-07-21 10:40:00+05:30,2150.1,2154.9,2149.0,2153.5,19662,KOTAKBANK
10293,2025-07-21 10:45:00+05:30,2153.5,2157.4,2152.5,2155.5,13052,KOTAKBANK
10294,2025-07-21 10:50:00+05:30,2155.3,2156.4,2151.0,2154.9,37145,KOTAKBANK
10295,2025-07-21 10:55:00+05:30,2154.9,2158.9,2154.2,2158.4,16260,KOTAKBANK
10296,2025-07-21 11:00:00+05:30,2158.0,2160.3,2157.2,2160.2,12134,KOTAKBANK
10297,2025-07-21 11:05:00+05:30,2160.3,2161.7,2154.6,2155.9,50962,KOTAKBANK
10298,2025-07-21 11:10:00+05:30,2156.1,2159.4,2155.8,2159.0,14964,KOTAKBANK
10299,2025-07-21 11:15:00+05:30,2158.4,2161.7,2157.4,2160.1,15701,KOTAKBANK
10300,2025-07-21 11:20:00+05:30,2160.7,2161.5,2158.5,2160.0,13482,KOTAKBANK
10301,2025-07-21 11:25:00+05:30,2160.0,2162.2,2160.0,2161.0,10575,KOTAKBANK
10302,2025-07-21 11:30:00+05:30,2161.0,2163.3,2160.0,2162.9,17693,KOTAKBANK
10303,2025-07-21 11:35:00+05:30,2162.9,2165.8,2162.9,2164.0,23620,KOTAKBANK
10304,2025-07-21 11:40:00+05:30,2164.0,2164.0,2156.7,2160.0,31626,KOTAKBANK
10305,2025-07-21 11:45:00+05:30,2160.0,2162.6,2158.0,2160.5,21538,KOTAKBANK
10306,2025-07-21 11:50:00+05:30,2160.2,2162.5,2158.7,2159.3,18494,KOTAKBANK
10307,2025-07-21 11:55:00+05:30,2159.3,2164.5,2158.6,2163.3,19649,KOTAKBANK
10308,2025-07-21 12:00:00+05:30,2163.8,2164.3,2161.1,2162.7,11635,KOTAKBANK
10309,2025-07-21 12:05:00+05:30,2162.7,2163.6,2160.0,2160.2,11178,KOTAKBANK
10310,2025-07-21 12:10:00+05:30,2160.7,2161.1,2159.0,2160.9,7919,KOTAKBANK
10311,2025-07-21 12:15:00+05:30,2160.9,2160.9,2153.5,2155.2,28247,KOTAKBANK
10312,2025-07-21 12:20:00+05:30,2155.6,2156.2,2152.4,2154.3,13472,KOTAKBANK
10313,2025-07-21 12:25:00+05:30,2153.4,2155.8,2152.3,2152.3,9327,KOTAKBANK
10314,2025-07-21 12:30:00+05:30,2152.5,2155.9,2149.6,2155.8,18544,KOTAKBANK
10315,2025-07-21 12:35:00+05:30,2155.8,2155.9,2154.0,2154.7,7985,KOTAKBANK
10316,2025-07-21 12:40:00+05:30,2154.7,2156.2,2153.7,2155.1,8366,KOTAKBANK
10317,2025-07-21 12:45:00+05:30,2155.1,2158.4,2154.2,2158.3,11177,KOTAKBANK
10318,2025-07-21 12:50:00+05:30,2158.3,2161.2,2158.0,2161.1,9253,KOTAKBANK
10319,2025-07-21 12:55:00+05:30,2161.1,2162.1,2156.0,2157.4,42625,KOTAKBANK
10320,2025-07-21 13:00:00+05:30,2157.4,2160.0,2156.7,2159.2,5304,KOTAKBANK
10321,2025-07-21 13:05:00+05:30,2159.7,2161.0,2157.0,2158.9,12587,KOTAKBANK
10322,2025-07-21 13:10:00+05:30,2158.9,2159.6,2157.0,2158.1,4805,KOTAKBANK
10323,2025-07-21 13:15:00+05:30,2158.1,2159.8,2157.0,2158.9,6484,KOTAKBANK
10324,2025-07-21 13:20:00+05:30,2159.5,2159.5,2157.0,2157.7,6432,KOTAKBANK
10325,2025-07-21 13:25:00+05:30,2157.7,2160.0,2156.4,2158.2,7424,KOTAKBANK
10326,2025-07-21 13:30:00+05:30,2158.2,2159.9,2157.5,2159.3,6392,KOTAKBANK
10327,2025-07-21 13:35:00+05:30,2159.3,2160.0,2157.0,2158.0,8735,KOTAKBANK
10328,2025-07-21 13:40:00+05:30,2158.0,2159.8,2157.2,2158.4,5343,KOTAKBANK
10329,2025-07-21 13:45:00+05:30,2158.4,2159.6,2156.2,2157.9,6664,KOTAKBANK
10330,2025-07-21 13:50:00+05:30,2158.3,2159.5,2157.5,2159.0,5346,KOTAKBANK
10331,2025-07-21 13:55:00+05:30,2159.0,2159.0,2150.2,2155.0,25824,KOTAKBANK
10332,2025-07-21 14:00:00+05:30,2154.9,2157.7,2153.9,2156.9,8754,KOTAKBANK
10333,2025-07-21 14:05:00+05:30,2156.9,2158.2,2155.8,2157.2,6863,KOTAKBANK
10334,2025-07-21 14:10:00+05:30,2156.9,2158.8,2155.0,2158.1,20610,KOTAKBANK
10335,2025-07-21 14:15:00+05:30,2158.1,2160.1,2156.6,2160.1,20776,KOTAKBANK
10336,2025-07-21 14:20:00+05:30,2160.1,2160.9,2158.8,2159.9,26240,KOTAKBANK
10337,2025-07-21 14:25:00+05:30,2159.9,2160.5,2158.3,2160.5,14815,KOTAKBANK
10338,2025-07-21 14:30:00+05:30,2160.5,2160.8,2160.0,2160.4,7446,KOTAKBANK
10339,2025-07-21 14:35:00+05:30,2160.3,2160.9,2156.3,2160.2,87270,KOTAKBANK
10340,2025-07-21 14:40:00+05:30,2160.2,2162.2,2160.0,2161.2,38791,KOTAKBANK
10341,2025-07-21 14:45:00+05:30,2161.2,2161.2,2160.0,2160.4,9211,KOTAKBANK
10342,2025-07-21 14:50:00+05:30,2160.4,2160.8,2159.0,2160.1,22675,KOTAKBANK
10343,2025-07-21 14:55:00+05:30,2160.1,2162.1,2159.7,2162.0,22024,KOTAKBANK
10344,2025-07-21 15:00:00+05:30,2161.9,2164.9,2161.0,2164.9,71295,KOTAKBANK
10345,2025-07-21 15:05:00+05:30,2164.6,2166.4,2162.5,2165.4,103173,KOTAKBANK
10346,2025-07-21 15:10:00+05:30,2165.5,2167.6,2165.4,2166.7,131854,KOTAKBANK
10347,2025-07-21 15:15:00+05:30,2166.9,2166.9,2165.1,2166.0,80276,KOTAKBANK
10348,2025-07-21 15:20:00+05:30,2165.9,2166.0,2163.8,2164.6,99913,KOTAKBANK
10349,2025-07-21 15:25:00+05:30,2164.8,2166.0,2160.6,2164.5,64302,KOTAKBANK
10350,2025-07-22 09:15:00+05:30,2172.0,2175.0,2145.7,2149.1,67906,KOTAKBANK
10351,2025-07-22 09:20:00+05:30,2149.8,2154.0,2145.8,2153.9,33076,KOTAKBANK
10352,2025-07-22 09:25:00+05:30,2153.6,2162.3,2151.8,2160.7,47321,KOTAKBANK
10353,2025-07-22 09:30:00+05:30,2160.8,2161.6,2157.6,2159.5,89725,KOTAKBANK
10354,2025-07-22 09:35:00+05:30,2159.5,2159.6,2154.0,2154.0,41958,KOTAKBANK
10355,2025-07-22 09:40:00+05:30,2154.1,2156.0,2152.0,2156.0,6340,KOTAKBANK
10356,2025-07-22 09:45:00+05:30,2156.2,2160.0,2156.2,2159.9,4765,KOTAKBANK
10357,2025-07-22 09:50:00+05:30,2159.9,2160.9,2158.8,2160.9,8358,KOTAKBANK
10358,2025-07-22 09:55:00+05:30,2160.9,2160.9,2158.3,2160.0,5360,KOTAKBANK
10359,2025-07-22 10:00:00+05:30,2159.9,2160.0,2154.3,2155.4,7817,KOTAKBANK
10360,2025-07-22 10:05:00+05:30,2154.9,2159.9,2154.9,2158.9,8270,KOTAKBANK
10361,2025-07-22 10:10:00+05:30,2158.9,2159.8,2157.5,2158.3,4673,KOTAKBANK
10362,2025-07-22 10:15:00+05:30,2158.2,2161.4,2157.1,2160.6,7334,KOTAKBANK
10363,2025-07-22 10:20:00+05:30,2160.6,2162.5,2160.5,2161.7,17663,KOTAKBANK
10364,2025-07-22 10:25:00+05:30,2161.8,2161.8,2157.8,2159.0,10311,KOTAKBANK
10365,2025-07-22 10:30:00+05:30,2159.0,2161.5,2157.6,2159.9,9123,KOTAKBANK
10366,2025-07-22 10:35:00+05:30,2159.9,2161.3,2157.7,2159.1,14351,KOTAKBANK
10367,2025-07-22 10:40:00+05:30,2159.2,2159.7,2155.0,2155.5,9760,KOTAKBANK
10368,2025-07-22 10:45:00+05:30,2155.5,2155.5,2150.8,2153.8,16959,KOTAKBANK
10369,2025-07-22 10:50:00+05:30,2153.8,2154.3,2150.9,2153.8,5129,KOTAKBANK
10370,2025-07-22 10:55:00+05:30,2153.8,2153.8,2147.1,2149.0,26841,KOTAKBANK
10371,2025-07-22 11:00:00+05:30,2149.0,2149.9,2145.0,2146.5,25549,KOTAKBANK
10372,2025-07-22 11:05:00+05:30,2146.3,2148.6,2145.6,2147.2,28541,KOTAKBANK
10373,2025-07-22 11:10:00+05:30,2147.3,2149.6,2146.4,2149.0,16812,KOTAKBANK
10374,2025-07-22 11:15:00+05:30,2149.1,2149.5,2146.0,2146.4,25922,KOTAKBANK
10375,2025-07-22 11:20:00+05:30,2146.0,2147.8,2145.0,2147.1,94896,KOTAKBANK
10376,2025-07-22 11:25:00+05:30,2147.1,2150.4,2146.3,2147.0,37303,KOTAKBANK
10377,2025-07-22 11:30:00+05:30,2147.9,2149.0,2146.0,2148.8,23871,KOTAKBANK
10378,2025-07-22 11:35:00+05:30,2148.8,2150.6,2147.5,2149.1,12238,KOTAKBANK
10379,2025-07-22 11:40:00+05:30,2149.4,2151.1,2148.0,2150.9,10214,KOTAKBANK
10380,2025-07-22 11:45:00+05:30,2151.0,2151.3,2147.3,2150.0,10634,KOTAKBANK
10381,2025-07-22 11:50:00+05:30,2150.0,2150.6,2145.8,2150.6,29938,KOTAKBANK
10382,2025-07-22 11:55:00+05:30,2150.1,2153.9,2150.0,2153.2,10474,KOTAKBANK
10383,2025-07-22 12:00:00+05:30,2153.8,2155.6,2152.7,2155.2,12324,KOTAKBANK
10384,2025-07-22 12:05:00+05:30,2155.0,2155.7,2153.3,2155.3,5717,KOTAKBANK
10385,2025-07-22 12:10:00+05:30,2155.2,2156.0,2154.4,2155.9,6622,KOTAKBANK
10386,2025-07-22 12:15:00+05:30,2155.9,2156.8,2153.4,2156.3,13951,KOTAKBANK
10387,2025-07-22 12:20:00+05:30,2156.3,2157.4,2152.9,2155.1,15295,KOTAKBANK
10388,2025-07-22 12:25:00+05:30,2155.6,2160.5,2154.3,2159.3,21062,KOTAKBANK
10389,2025-07-22 12:30:00+05:30,2158.8,2160.2,2157.5,2158.8,13497,KOTAKBANK
10390,2025-07-22 12:35:00+05:30,2158.8,2159.4,2157.3,2159.2,9274,KOTAKBANK
10391,2025-07-22 12:40:00+05:30,2159.1,2161.1,2157.8,2161.1,13628,KOTAKBANK
10392,2025-07-22 12:45:00+05:30,2161.1,2162.3,2158.0,2158.0,14914,KOTAKBANK
10393,2025-07-22 12:50:00+05:30,2158.0,2160.0,2156.5,2157.0,11899,KOTAKBANK
10394,2025-07-22 12:55:00+05:30,2157.8,2158.1,2154.5,2156.8,17020,KOTAKBANK
10395,2025-07-22 13:00:00+05:30,2157.3,2159.3,2156.8,2159.0,7784,KOTAKBANK
10396,2025-07-22 13:05:00+05:30,2159.0,2159.0,2153.8,2156.0,20516,KOTAKBANK
10397,2025-07-22 13:10:00+05:30,2156.0,2157.2,2154.4,2154.9,8324,KOTAKBANK
10398,2025-07-22 13:15:00+05:30,2154.9,2156.0,2154.0,2154.2,9858,KOTAKBANK
10399,2025-07-22 13:20:00+05:30,2154.2,2155.5,2154.0,2155.2,7013,KOTAKBANK
10400,2025-07-22 13:25:00+05:30,2155.2,2155.5,2153.3,2154.4,9383,KOTAKBANK
10401,2025-07-22 13:30:00+05:30,2154.4,2156.6,2154.1,2156.0,7710,KOTAKBANK
10402,2025-07-22 13:35:00+05:30,2156.0,2156.4,2154.0,2154.4,7780,KOTAKBANK
10403,2025-07-22 13:40:00+05:30,2154.5,2156.4,2153.9,2154.9,9352,KOTAKBANK
10404,2025-07-22 13:45:00+05:30,2154.9,2154.9,2152.2,2154.5,9240,KOTAKBANK
10405,2025-07-22 13:50:00+05:30,2154.5,2155.8,2153.6,2155.4,8887,KOTAKBANK
10406,2025-07-22 13:55:00+05:30,2155.4,2157.6,2154.6,2156.1,17075,KOTAKBANK
10407,2025-07-22 14:00:00+05:30,2155.9,2156.5,2154.7,2156.5,8379,KOTAKBANK
10408,2025-07-22 14:05:00+05:30,2156.4,2157.4,2154.0,2156.5,16094,KOTAKBANK
10409,2025-07-22 14:10:00+05:30,2156.5,2156.8,2153.9,2154.6,10627,KOTAKBANK
10410,2025-07-22 14:15:00+05:30,2154.6,2155.7,2150.7,2154.6,34182,KOTAKBANK
10411,2025-07-22 14:20:00+05:30,2154.5,2154.6,2151.7,2152.7,10210,KOTAKBANK
10412,2025-07-22 14:25:00+05:30,2152.9,2154.3,2151.0,2153.7,7072,KOTAKBANK
10413,2025-07-22 14:30:00+05:30,2153.6,2156.8,2151.6,2154.9,15187,KOTAKBANK
10414,2025-07-22 14:35:00+05:30,2154.9,2156.3,2151.7,2153.8,35921,KOTAKBANK
10415,2025-07-22 14:40:00+05:30,2154.0,2156.1,2153.0,2156.1,12822,KOTAKBANK
10416,2025-07-22 14:45:00+05:30,2156.1,2158.0,2155.4,2155.9,13734,KOTAKBANK
10417,2025-07-22 14:50:00+05:30,2156.3,2159.0,2155.8,2158.6,12385,KOTAKBANK
10418,2025-07-22 14:55:00+05:30,2158.6,2161.7,2158.1,2161.7,23964,KOTAKBANK
10419,2025-07-22 15:00:00+05:30,2161.6,2161.6,2159.2,2160.3,70313,KOTAKBANK
10420,2025-07-22 15:05:00+05:30,2160.5,2161.0,2159.9,2160.4,41153,KOTAKBANK
10421,2025-07-22 15:10:00+05:30,2160.3,2160.4,2159.8,2160.0,53005,KOTAKBANK
10422,2025-07-22 15:15:00+05:30,2160.1,2161.3,2159.8,2160.1,46695,KOTAKBANK
10423,2025-07-22 15:20:00+05:30,2160.2,2161.0,2159.7,2161.0,46353,KOTAKBANK
10424,2025-07-22 15:25:00+05:30,2161.0,2163.5,2157.8,2160.2,58765,KOTAKBANK
10425,2025-07-23 09:15:00+05:30,2171.0,2171.0,2161.5,2162.2,56389,KOTAKBANK
10426,2025-07-23 09:20:00+05:30,2163.2,2165.1,2162.0,2164.0,9941,KOTAKBANK
10427,2025-07-23 09:25:00+05:30,2164.0,2167.4,2160.2,2161.0,13650,KOTAKBANK
10428,2025-07-23 09:30:00+05:30,2161.0,2161.9,2157.1,2157.1,10852,KOTAKBANK
10429,2025-07-23 09:35:00+05:30,2157.0,2165.8,2156.2,2165.2,15219,KOTAKBANK
10430,2025-07-23 09:40:00+05:30,2165.4,2165.5,2160.4,2161.8,28729,KOTAKBANK
10431,2025-07-23 09:45:00+05:30,2161.8,2163.5,2159.1,2160.1,166881,KOTAKBANK
10432,2025-07-23 09:50:00+05:30,2160.8,2164.9,2160.1,2163.9,232546,KOTAKBANK
10433,2025-07-23 09:55:00+05:30,2164.7,2166.4,2163.2,2166.0,13548,KOTAKBANK
10434,2025-07-23 10:00:00+05:30,2166.0,2166.5,2162.8,2164.7,19993,KOTAKBANK
10435,2025-07-23 10:05:00+05:30,2164.7,2165.2,2162.7,2162.7,19211,KOTAKBANK
10436,2025-07-23 10:10:00+05:30,2162.7,2164.8,2161.4,2163.5,16820,KOTAKBANK
10437,2025-07-23 10:15:00+05:30,2163.9,2165.6,2163.2,2164.9,14124,KOTAKBANK
10438,2025-07-23 10:20:00+05:30,2165.5,2167.5,2163.1,2166.1,24567,KOTAKBANK
10439,2025-07-23 10:25:00+05:30,2167.0,2168.8,2165.7,2167.3,17226,KOTAKBANK
10440,2025-07-23 10:30:00+05:30,2167.8,2168.8,2166.6,2166.6,13076,KOTAKBANK
10441,2025-07-23 10:35:00+05:30,2166.7,2168.6,2166.6,2167.5,17738,KOTAKBANK
10442,2025-07-23 10:40:00+05:30,2167.5,2170.0,2166.5,2168.5,28992,KOTAKBANK
10443,2025-07-23 10:45:00+05:30,2168.7,2172.5,2168.4,2172.0,169875,KOTAKBANK
10444,2025-07-23 10:50:00+05:30,2172.2,2172.2,2165.5,2165.5,109807,KOTAKBANK
10445,2025-07-23 10:55:00+05:30,2165.9,2169.2,2164.5,2168.3,24424,KOTAKBANK
10446,2025-07-23 11:00:00+05:30,2168.3,2172.4,2168.3,2170.9,19856,KOTAKBANK
10447,2025-07-23 11:05:00+05:30,2170.9,2171.5,2167.3,2169.4,49609,KOTAKBANK
10448,2025-07-23 11:10:00+05:30,2169.4,2169.5,2165.3,2167.9,36084,KOTAKBANK
10449,2025-07-23 11:15:00+05:30,2167.6,2168.7,2165.5,2167.2,70419,KOTAKBANK
10450,2025-07-23 11:20:00+05:30,2167.2,2167.2,2163.5,2165.5,33355,KOTAKBANK
10451,2025-07-23 11:25:00+05:30,2165.5,2166.1,2164.8,2164.8,17441,KOTAKBANK
10452,2025-07-23 11:30:00+05:30,2165.4,2165.9,2162.7,2163.5,31399,KOTAKBANK
10453,2025-07-23 11:35:00+05:30,2163.6,2166.9,2163.5,2165.9,30665,KOTAKBANK
10454,2025-07-23 11:40:00+05:30,2165.8,2168.6,2165.3,2168.6,138011,KOTAKBANK
10455,2025-07-23 11:45:00+05:30,2168.6,2169.3,2165.2,2167.8,50896,KOTAKBANK
10456,2025-07-23 11:50:00+05:30,2168.1,2169.0,2166.8,2168.1,10758,KOTAKBANK
10457,2025-07-23 11:55:00+05:30,2168.1,2168.8,2166.2,2168.8,12208,KOTAKBANK
10458,2025-07-23 12:00:00+05:30,2168.8,2170.0,2167.6,2168.9,11376,KOTAKBANK
10459,2025-07-23 12:05:00+05:30,2168.9,2172.6,2168.8,2172.6,13231,KOTAKBANK
10460,2025-07-23 12:10:00+05:30,2172.6,2173.0,2169.2,2172.9,21550,KOTAKBANK
10461,2025-07-23 12:15:00+05:30,2172.8,2177.3,2172.5,2174.5,37272,KOTAKBANK
10462,2025-07-23 12:20:00+05:30,2174.5,2176.5,2173.1,2176.5,18701,KOTAKBANK
10463,2025-07-23 12:25:00+05:30,2176.5,2176.5,2174.0,2174.0,23483,KOTAKBANK
10464,2025-07-23 12:30:00+05:30,2174.0,2174.5,2170.4,2173.2,73408,KOTAKBANK
10465,2025-07-23 12:35:00+05:30,2173.2,2179.8,2172.2,2179.3,30483,KOTAKBANK
10466,2025-07-23 12:40:00+05:30,2179.2,2179.2,2175.0,2177.0,20708,KOTAKBANK
10467,2025-07-23 12:45:00+05:30,2177.0,2178.8,2175.8,2177.2,50560,KOTAKBANK
10468,2025-07-23 12:50:00+05:30,2177.2,2177.8,2175.0,2175.7,25613,KOTAKBANK
10469,2025-07-23 12:55:00+05:30,2175.6,2177.2,2174.1,2174.3,19297,KOTAKBANK
10470,2025-07-23 13:00:00+05:30,2174.5,2176.4,2173.2,2175.6,15512,KOTAKBANK
10471,2025-07-23 13:05:00+05:30,2175.7,2177.5,2174.5,2177.5,20389,KOTAKBANK
10472,2025-07-23 13:10:00+05:30,2177.5,2178.8,2176.3,2177.3,15720,KOTAKBANK
10473,2025-07-23 13:15:00+05:30,2177.3,2178.9,2176.9,2177.8,12196,KOTAKBANK
10474,2025-07-23 13:20:00+05:30,2177.8,2178.0,2173.7,2176.9,22580,KOTAKBANK
10475,2025-07-23 13:25:00+05:30,2176.9,2177.7,2176.5,2177.5,12294,KOTAKBANK
10476,2025-07-23 13:30:00+05:30,2177.5,2178.0,2176.5,2177.2,11110,KOTAKBANK
10477,2025-07-23 13:35:00+05:30,2177.2,2178.0,2175.4,2176.7,13338,KOTAKBANK
10478,2025-07-23 13:40:00+05:30,2176.7,2178.0,2176.4,2177.9,11234,KOTAKBANK
10479,2025-07-23 13:45:00+05:30,2177.8,2178.3,2176.4,2177.5,13085,KOTAKBANK
10480,2025-07-23 13:50:00+05:30,2177.5,2179.0,2177.0,2177.6,14886,KOTAKBANK
10481,2025-07-23 13:55:00+05:30,2177.8,2178.7,2175.7,2178.1,22277,KOTAKBANK
10482,2025-07-23 14:00:00+05:30,2178.1,2178.4,2176.2,2177.7,17224,KOTAKBANK
10483,2025-07-23 14:05:00+05:30,2177.5,2178.2,2174.5,2175.6,19701,KOTAKBANK
10484,2025-07-23 14:10:00+05:30,2175.6,2176.3,2174.6,2176.3,18497,KOTAKBANK
10485,2025-07-23 14:15:00+05:30,2176.3,2179.1,2176.0,2177.6,36249,KOTAKBANK
10486,2025-07-23 14:20:00+05:30,2177.6,2177.7,2175.2,2175.3,16649,KOTAKBANK
10487,2025-07-23 14:25:00+05:30,2175.3,2176.4,2174.1,2174.8,17735,KOTAKBANK
10488,2025-07-23 14:30:00+05:30,2174.3,2175.1,2170.7,2171.1,34755,KOTAKBANK
10489,2025-07-23 14:35:00+05:30,2171.1,2172.7,2171.1,2171.6,21719,KOTAKBANK
10490,2025-07-23 14:40:00+05:30,2171.6,2172.1,2169.5,2169.9,18105,KOTAKBANK
10491,2025-07-23 14:45:00+05:30,2170.0,2170.2,2168.3,2169.8,18497,KOTAKBANK
10492,2025-07-23 14:50:00+05:30,2169.8,2170.0,2167.1,2167.2,15144,KOTAKBANK
10493,2025-07-23 14:55:00+05:30,2167.2,2168.1,2165.8,2167.5,13010,KOTAKBANK
10494,2025-07-23 15:00:00+05:30,2167.6,2169.9,2167.6,2169.9,71710,KOTAKBANK
10495,2025-07-23 15:05:00+05:30,2169.9,2171.9,2168.5,2170.9,63379,KOTAKBANK
10496,2025-07-23 15:10:00+05:30,2170.9,2175.1,2169.4,2173.2,97289,KOTAKBANK
10497,2025-07-23 15:15:00+05:30,2173.2,2173.2,2168.5,2170.5,111040,KOTAKBANK
10498,2025-07-23 15:20:00+05:30,2170.5,2170.6,2167.5,2168.1,70297,KOTAKBANK
10499,2025-07-23 15:25:00+05:30,2168.0,2171.7,2165.2,2165.4,74809,KOTAKBANK
10500,2025-07-24 09:15:00+05:30,2165.4,2171.8,2140.0,2144.1,89594,KOTAKBANK
10501,2025-07-24 09:20:00+05:30,2143.5,2148.9,2142.3,2147.0,61971,KOTAKBANK
10502,2025-07-24 09:25:00+05:30,2147.1,2152.0,2146.4,2150.8,25552,KOTAKBANK
10503,2025-07-24 09:30:00+05:30,2150.8,2152.5,2148.7,2149.1,19749,KOTAKBANK
10504,2025-07-24 09:35:00+05:30,2149.1,2151.1,2147.0,2147.3,9561,KOTAKBANK
10505,2025-07-24 09:40:00+05:30,2147.9,2151.5,2147.0,2150.9,13453,KOTAKBANK
10506,2025-07-24 09:45:00+05:30,2150.6,2151.6,2147.5,2147.8,20520,KOTAKBANK
10507,2025-07-24 09:50:00+05:30,2147.3,2147.5,2145.0,2146.9,26927,KOTAKBANK
10508,2025-07-24 09:55:00+05:30,2146.8,2151.0,2146.2,2149.0,13452,KOTAKBANK
10509,2025-07-24 10:00:00+05:30,2148.8,2149.0,2146.1,2147.4,1884,KOTAKBANK
10510,2025-07-24 10:05:00+05:30,2147.2,2148.6,2146.9,2148.3,5978,KOTAKBANK
10511,2025-07-24 10:10:00+05:30,2147.9,2149.0,2147.0,2149.0,5269,KOTAKBANK
10512,2025-07-24 10:15:00+05:30,2149.0,2150.0,2144.3,2144.8,30074,KOTAKBANK
10513,2025-07-24 10:20:00+05:30,2144.8,2148.5,2143.8,2147.9,80297,KOTAKBANK
10514,2025-07-24 10:25:00+05:30,2147.9,2152.0,2147.6,2151.6,56560,KOTAKBANK
10515,2025-07-24 10:30:00+05:30,2151.0,2152.3,2149.7,2150.7,42790,KOTAKBANK
10516,2025-07-24 10:35:00+05:30,2151.0,2153.2,2150.0,2150.5,20269,KOTAKBANK
10517,2025-07-24 10:40:00+05:30,2150.6,2151.5,2148.8,2150.0,69291,KOTAKBANK
10518,2025-07-24 10:45:00+05:30,2150.0,2152.6,2148.7,2149.7,82828,KOTAKBANK
10519,2025-07-24 10:50:00+05:30,2149.8,2151.0,2149.2,2149.9,22386,KOTAKBANK
10520,2025-07-24 10:55:00+05:30,2149.9,2150.0,2146.7,2149.8,51867,KOTAKBANK
10521,2025-07-24 11:00:00+05:30,2149.8,2150.0,2144.9,2147.6,59276,KOTAKBANK
10522,2025-07-24 11:05:00+05:30,2147.7,2149.1,2147.0,2149.0,10668,KOTAKBANK
10523,2025-07-24 11:10:00+05:30,2149.1,2149.7,2147.4,2148.6,12157,KOTAKBANK
10524,2025-07-24 11:15:00+05:30,2148.6,2150.3,2148.0,2148.8,23944,KOTAKBANK
10525,2025-07-24 11:20:00+05:30,2148.8,2149.1,2146.6,2148.8,29375,KOTAKBANK
10526,2025-07-24 11:25:00+05:30,2148.8,2150.1,2148.2,2150.1,11831,KOTAKBANK
10527,2025-07-24 11:30:00+05:30,2150.1,2150.5,2149.6,2149.6,20481,KOTAKBANK
10528,2025-07-24 11:35:00+05:30,2149.9,2151.0,2149.7,2150.0,41287,KOTAKBANK
10529,2025-07-24 11:40:00+05:30,2149.9,2152.6,2149.7,2152.4,26315,KOTAKBANK
10530,2025-07-24 11:45:00+05:30,2152.0,2152.1,2151.5,2151.6,12022,KOTAKBANK
10531,2025-07-24 11:50:00+05:30,2151.6,2152.4,2151.3,2152.0,10947,KOTAKBANK
10532,2025-07-24 11:55:00+05:30,2152.0,2152.3,2150.2,2152.0,16157,KOTAKBANK
10533,2025-07-24 12:00:00+05:30,2151.9,2152.4,2150.0,2150.3,11245,KOTAKBANK
10534,2025-07-24 12:05:00+05:30,2150.4,2151.3,2149.2,2150.2,34237,KOTAKBANK
10535,2025-07-24 12:10:00+05:30,2150.2,2150.5,2148.0,2148.8,12123,KOTAKBANK
10536,2025-07-24 12:15:00+05:30,2148.8,2149.7,2148.5,2149.6,7218,KOTAKBANK
10537,2025-07-24 12:20:00+05:30,2149.6,2149.7,2148.0,2149.7,8606,KOTAKBANK
10538,2025-07-24 12:25:00+05:30,2149.7,2152.0,2149.3,2151.9,9628,KOTAKBANK
10539,2025-07-24 12:30:00+05:30,2151.9,2158.4,2151.9,2157.6,27134,KOTAKBANK
10540,2025-07-24 12:35:00+05:30,2157.7,2159.2,2154.0,2155.0,20977,KOTAKBANK
10541,2025-07-24 12:40:00+05:30,2155.0,2155.5,2154.3,2154.8,13003,KOTAKBANK
10542,2025-07-24 12:45:00+05:30,2154.8,2155.0,2153.5,2155.0,14575,KOTAKBANK
10543,2025-07-24 12:50:00+05:30,2155.0,2155.5,2153.1,2154.0,14618,KOTAKBANK
10544,2025-07-24 12:55:00+05:30,2153.5,2154.9,2150.6,2150.7,12796,KOTAKBANK
10545,2025-07-24 13:00:00+05:30,2150.7,2153.2,2150.0,2152.0,23024,KOTAKBANK
10546,2025-07-24 13:05:00+05:30,2152.0,2152.6,2150.5,2152.5,19381,KOTAKBANK
10547,2025-07-24 13:10:00+05:30,2152.6,2153.5,2152.3,2152.9,13790,KOTAKBANK
10548,2025-07-24 13:15:00+05:30,2152.9,2153.0,2150.8,2152.0,21079,KOTAKBANK
10549,2025-07-24 13:20:00+05:30,2152.2,2152.4,2150.4,2151.7,11443,KOTAKBANK
10550,2025-07-24 13:25:00+05:30,2152.0,2152.8,2151.3,2152.6,12868,KOTAKBANK
10551,2025-07-24 13:30:00+05:30,2153.0,2154.0,2152.0,2153.0,11952,KOTAKBANK
10552,2025-07-24 13:35:00+05:30,2152.9,2153.4,2150.0,2150.6,12485,KOTAKBANK
10553,2025-07-24 13:40:00+05:30,2150.3,2151.9,2148.9,2148.9,25683,KOTAKBANK
10554,2025-07-24 13:45:00+05:30,2148.9,2150.6,2146.1,2149.4,23410,KOTAKBANK
10555,2025-07-24 13:50:00+05:30,2149.4,2150.0,2148.6,2149.9,13804,KOTAKBANK
10556,2025-07-24 13:55:00+05:30,2149.9,2150.0,2146.6,2149.0,22417,KOTAKBANK
10557,2025-07-24 14:00:00+05:30,2149.0,2150.0,2148.1,2150.0,20841,KOTAKBANK
10558,2025-07-24 14:05:00+05:30,2150.0,2150.0,2149.6,2150.0,12518,KOTAKBANK
10559,2025-07-24 14:10:00+05:30,2150.0,2150.0,2148.5,2149.1,14191,KOTAKBANK
10560,2025-07-24 14:15:00+05:30,2149.1,2149.4,2146.8,2147.3,14734,KOTAKBANK
10561,2025-07-24 14:20:00+05:30,2147.6,2148.0,2146.2,2146.5,15866,KOTAKBANK
10562,2025-07-24 14:25:00+05:30,2146.5,2146.7,2143.8,2143.9,19000,KOTAKBANK
10563,2025-07-24 14:30:00+05:30,2143.8,2145.3,2143.1,2145.2,17231,KOTAKBANK
10564,2025-07-24 14:35:00+05:30,2145.2,2145.9,2144.5,2144.7,17087,KOTAKBANK
10565,2025-07-24 14:40:00+05:30,2144.9,2145.3,2142.1,2142.8,41693,KOTAKBANK
10566,2025-07-24 14:45:00+05:30,2142.9,2142.9,2141.1,2142.3,40323,KOTAKBANK
10567,2025-07-24 14:50:00+05:30,2142.5,2143.0,2141.0,2141.4,29312,KOTAKBANK
10568,2025-07-24 14:55:00+05:30,2141.4,2142.7,2141.0,2141.0,28721,KOTAKBANK
10569,2025-07-24 15:00:00+05:30,2141.3,2144.1,2141.2,2143.0,48788,KOTAKBANK
10570,2025-07-24 15:05:00+05:30,2142.9,2143.4,2141.8,2142.5,36522,KOTAKBANK
10571,2025-07-24 15:10:00+05:30,2142.5,2142.9,2141.0,2142.1,81295,KOTAKBANK
10572,2025-07-24 15:15:00+05:30,2141.9,2143.0,2140.6,2142.3,65395,KOTAKBANK
10573,2025-07-24 15:20:00+05:30,2142.2,2142.3,2141.5,2141.8,62354,KOTAKBANK
10574,2025-07-24 15:25:00+05:30,2141.8,2143.0,2140.0,2143.0,70254,KOTAKBANK
10575,2025-07-25 09:15:00+05:30,2139.1,2149.9,2123.1,2128.3,64148,KOTAKBANK
10576,2025-07-25 09:20:00+05:30,2128.3,2130.7,2125.1,2129.7,11589,KOTAKBANK
10577,2025-07-25 09:25:00+05:30,2128.2,2134.8,2128.1,2134.4,12925,KOTAKBANK
10578,2025-07-25 09:30:00+05:30,2134.5,2138.7,2133.8,2133.8,13355,KOTAKBANK
10579,2025-07-25 09:35:00+05:30,2134.7,2146.2,2133.5,2144.1,21901,KOTAKBANK
10580,2025-07-25 09:40:00+05:30,2144.0,2145.5,2138.2,2139.0,21021,KOTAKBANK
10581,2025-07-25 09:45:00+05:30,2138.8,2141.8,2135.9,2140.0,7222,KOTAKBANK
10582,2025-07-25 09:50:00+05:30,2140.2,2141.5,2138.6,2140.3,19758,KOTAKBANK
10583,2025-07-25 09:55:00+05:30,2140.2,2142.9,2140.0,2140.6,5299,KOTAKBANK
10584,2025-07-25 10:00:00+05:30,2141.0,2144.7,2140.4,2142.8,7446,KOTAKBANK
10585,2025-07-25 10:05:00+05:30,2142.8,2143.6,2140.2,2142.0,10784,KOTAKBANK
10586,2025-07-25 10:10:00+05:30,2142.3,2146.0,2140.0,2143.4,9332,KOTAKBANK
10587,2025-07-25 10:15:00+05:30,2143.1,2143.1,2138.1,2139.2,20626,KOTAKBANK
10588,2025-07-25 10:20:00+05:30,2139.8,2141.6,2139.0,2140.0,12594,KOTAKBANK
10589,2025-07-25 10:25:00+05:30,2140.0,2140.0,2134.9,2137.4,29246,KOTAKBANK
10590,2025-07-25 10:30:00+05:30,2137.8,2139.9,2135.3,2138.5,29860,KOTAKBANK
10591,2025-07-25 10:35:00+05:30,2138.6,2142.5,2138.2,2138.7,11684,KOTAKBANK
10592,2025-07-25 10:40:00+05:30,2138.7,2141.0,2138.1,2140.7,4729,KOTAKBANK
10593,2025-07-25 10:45:00+05:30,2140.3,2140.7,2138.2,2138.8,10735,KOTAKBANK
10594,2025-07-25 10:50:00+05:30,2139.0,2141.1,2138.1,2140.2,6140,KOTAKBANK
10595,2025-07-25 10:55:00+05:30,2140.2,2140.4,2136.7,2137.8,6469,KOTAKBANK
10596,2025-07-25 11:00:00+05:30,2137.8,2139.8,2136.3,2137.8,7456,KOTAKBANK
10597,2025-07-25 11:05:00+05:30,2137.8,2139.1,2136.8,2136.9,5894,KOTAKBANK
10598,2025-07-25 11:10:00+05:30,2137.2,2137.2,2133.8,2133.9,7907,KOTAKBANK
10599,2025-07-25 11:15:00+05:30,2133.9,2135.5,2131.6,2135.2,14850,KOTAKBANK
10600,2025-07-25 11:20:00+05:30,2135.4,2137.8,2134.6,2137.0,14323,KOTAKBANK
10601,2025-07-25 11:25:00+05:30,2137.0,2137.4,2134.8,2137.3,4488,KOTAKBANK
10602,2025-07-25 11:30:00+05:30,2137.3,2141.2,2133.9,2134.7,19560,KOTAKBANK
10603,2025-07-25 11:35:00+05:30,2135.3,2135.3,2133.1,2133.5,5671,KOTAKBANK
10604,2025-07-25 11:40:00+05:30,2133.4,2133.9,2131.6,2133.5,7134,KOTAKBANK
10605,2025-07-25 11:45:00+05:30,2133.8,2133.9,2127.0,2127.5,19321,KOTAKBANK
10606,2025-07-25 11:50:00+05:30,2127.5,2127.5,2121.3,2122.6,16391,KOTAKBANK
10607,2025-07-25 11:55:00+05:30,2122.6,2124.5,2120.9,2122.9,7377,KOTAKBANK
10608,2025-07-25 12:00:00+05:30,2123.1,2124.0,2121.4,2124.0,6465,KOTAKBANK
10609,2025-07-25 12:05:00+05:30,2124.0,2125.4,2123.5,2124.2,6284,KOTAKBANK
10610,2025-07-25 12:10:00+05:30,2124.5,2125.2,2122.3,2124.5,5010,KOTAKBANK
10611,2025-07-25 12:15:00+05:30,2124.9,2125.1,2122.1,2123.7,6554,KOTAKBANK
10612,2025-07-25 12:20:00+05:30,2123.8,2124.0,2121.0,2123.5,14845,KOTAKBANK
10613,2025-07-25 12:25:00+05:30,2123.1,2124.5,2120.9,2124.3,6258,KOTAKBANK
10614,2025-07-25 12:30:00+05:30,2124.2,2124.7,2122.0,2122.5,17987,KOTAKBANK
10615,2025-07-25 12:35:00+05:30,2122.5,2127.8,2122.0,2127.6,13753,KOTAKBANK
10616,2025-07-25 12:40:00+05:30,2127.5,2129.4,2125.5,2125.8,23185,KOTAKBANK
10617,2025-07-25 12:45:00+05:30,2125.8,2127.0,2125.2,2126.6,10785,KOTAKBANK
10618,2025-07-25 12:50:00+05:30,2126.6,2127.7,2125.0,2125.0,8332,KOTAKBANK
10619,2025-07-25 12:55:00+05:30,2125.5,2126.5,2123.6,2126.4,8039,KOTAKBANK
10620,2025-07-25 13:00:00+05:30,2126.3,2128.9,2126.0,2126.9,12275,KOTAKBANK
10621,2025-07-25 13:05:00+05:30,2126.9,2130.9,2126.7,2130.0,6764,KOTAKBANK
10622,2025-07-25 13:10:00+05:30,2130.0,2130.3,2128.2,2129.9,12123,KOTAKBANK
10623,2025-07-25 13:15:00+05:30,2129.9,2131.0,2125.5,2127.2,11985,KOTAKBANK
10624,2025-07-25 13:20:00+05:30,2127.4,2128.5,2125.7,2127.8,5335,KOTAKBANK
10625,2025-07-25 13:25:00+05:30,2127.8,2129.5,2126.3,2126.9,4055,KOTAKBANK
10626,2025-07-25 13:30:00+05:30,2126.9,2128.8,2121.2,2122.1,22799,KOTAKBANK
10627,2025-07-25 13:35:00+05:30,2122.2,2130.8,2122.0,2129.4,10291,KOTAKBANK
10628,2025-07-25 13:40:00+05:30,2129.4,2130.0,2127.5,2129.6,6523,KOTAKBANK
10629,2025-07-25 13:45:00+05:30,2129.6,2131.3,2128.5,2129.8,10126,KOTAKBANK
10630,2025-07-25 13:50:00+05:30,2129.8,2130.5,2128.0,2128.8,10034,KOTAKBANK
10631,2025-07-25 13:55:00+05:30,2128.9,2131.9,2128.3,2130.0,8788,KOTAKBANK
10632,2025-07-25 14:00:00+05:30,2130.0,2130.0,2125.1,2126.5,13534,KOTAKBANK
10633,2025-07-25 14:05:00+05:30,2126.5,2126.5,2121.9,2124.4,34134,KOTAKBANK
10634,2025-07-25 14:10:00+05:30,2124.0,2125.1,2121.9,2122.6,26386,KOTAKBANK
10635,2025-07-25 14:15:00+05:30,2122.6,2123.1,2120.0,2120.9,39445,KOTAKBANK
10636,2025-07-25 14:20:00+05:30,2120.9,2123.1,2118.3,2122.0,44444,KOTAKBANK
10637,2025-07-25 14:25:00+05:30,2121.8,2122.2,2118.6,2121.3,45160,KOTAKBANK
10638,2025-07-25 14:30:00+05:30,2120.8,2124.2,2120.6,2120.7,39382,KOTAKBANK
10639,2025-07-25 14:35:00+05:30,2121.2,2122.9,2120.5,2122.0,39419,KOTAKBANK
10640,2025-07-25 14:40:00+05:30,2122.0,2122.0,2120.0,2121.4,38345,KOTAKBANK
10641,2025-07-25 14:45:00+05:30,2121.4,2124.0,2121.2,2122.9,35434,KOTAKBANK
10642,2025-07-25 14:50:00+05:30,2122.9,2124.0,2122.0,2122.8,36707,KOTAKBANK
10643,2025-07-25 14:55:00+05:30,2122.8,2126.4,2121.6,2126.0,61765,KOTAKBANK
10644,2025-07-25 15:00:00+05:30,2125.9,2128.7,2124.0,2124.7,94677,KOTAKBANK
10645,2025-07-25 15:05:00+05:30,2124.9,2126.5,2123.7,2124.6,77164,KOTAKBANK
10646,2025-07-25 15:10:00+05:30,2124.6,2125.1,2122.0,2124.9,119153,KOTAKBANK
10647,2025-07-25 15:15:00+05:30,2124.8,2125.8,2123.3,2123.7,121370,KOTAKBANK
10648,2025-07-25 15:20:00+05:30,2123.7,2125.0,2122.1,2124.4,95734,KOTAKBANK
10649,2025-07-25 15:25:00+05:30,2124.5,2127.2,2121.2,2121.2,67091,KOTAKBANK
10650,2025-07-28 09:15:00+05:30,2025.3,2055.3,2000.0,2006.2,1839542,KOTAKBANK
10651,2025-07-28 09:20:00+05:30,2007.0,2007.0,1985.2,1989.7,690353,KOTAKBANK
10652,2025-07-28 09:25:00+05:30,1989.7,1991.6,1977.0,1979.9,467255,KOTAKBANK
10653,2025-07-28 09:30:00+05:30,1979.9,1993.1,1978.0,1993.0,614821,KOTAKBANK
10654,2025-07-28 09:35:00+05:30,1993.0,1993.3,1984.5,1991.4,411410,KOTAKBANK
10655,2025-07-28 09:40:00+05:30,1991.4,1991.7,1985.7,1988.7,358176,KOTAKBANK
10656,2025-07-28 09:45:00+05:30,1988.4,1992.0,1987.8,1989.7,264993,KOTAKBANK
10657,2025-07-28 09:50:00+05:30,1989.6,1997.1,1989.2,1996.6,768500,KOTAKBANK
10658,2025-07-28 09:55:00+05:30,1996.6,1997.3,1992.1,1993.1,387105,KOTAKBANK
10659,2025-07-28 10:00:00+05:30,1993.1,1993.7,1987.7,1988.9,226199,KOTAKBANK
10660,2025-07-28 10:05:00+05:30,1988.4,1990.0,1986.1,1988.0,224661,KOTAKBANK
10661,2025-07-28 10:10:00+05:30,1987.8,1992.1,1987.0,1990.4,327613,KOTAKBANK
10662,2025-07-28 10:15:00+05:30,1990.1,1996.2,1988.5,1995.4,214307,KOTAKBANK
10663,2025-07-28 10:20:00+05:30,1995.6,1997.0,1992.0,1992.9,112361,KOTAKBANK
10664,2025-07-28 10:25:00+05:30,1992.9,1993.6,1992.0,1992.3,84069,KOTAKBANK
10665,2025-07-28 10:30:00+05:30,1992.3,1993.0,1988.0,1989.5,88874,KOTAKBANK
10666,2025-07-28 10:35:00+05:30,1989.7,1990.5,1987.0,1987.9,72830,KOTAKBANK
10667,2025-07-28 10:40:00+05:30,1987.9,1989.9,1987.0,1987.4,79170,KOTAKBANK
10668,2025-07-28 10:45:00+05:30,1987.4,1987.6,1980.2,1982.3,186763,KOTAKBANK
10669,2025-07-28 10:50:00+05:30,1982.3,1986.9,1981.0,1985.8,61507,KOTAKBANK
10670,2025-07-28 10:55:00+05:30,1985.7,1989.5,1985.7,1987.1,130029,KOTAKBANK
10671,2025-07-28 11:00:00+05:30,1987.0,1990.5,1986.8,1989.7,81397,KOTAKBANK
10672,2025-07-28 11:05:00+05:30,1989.7,1989.9,1987.1,1989.1,60722,KOTAKBANK
10673,2025-07-28 11:10:00+05:30,1989.1,1990.3,1988.0,1989.8,180754,KOTAKBANK
10674,2025-07-28 11:15:00+05:30,1989.7,1995.9,1989.2,1995.0,311028,KOTAKBANK
10675,2025-07-28 11:20:00+05:30,1995.0,1995.2,1991.0,1992.8,163200,KOTAKBANK
10676,2025-07-28 11:25:00+05:30,1992.7,1995.5,1991.9,1995.0,88175,KOTAKBANK
10677,2025-07-28 11:30:00+05:30,1995.0,1995.9,1994.5,1995.0,63085,KOTAKBANK
10678,2025-07-28 11:35:00+05:30,1995.0,1995.3,1991.3,1992.2,64954,KOTAKBANK
10679,2025-07-28 11:40:00+05:30,1992.3,1993.3,1990.6,1991.2,70115,KOTAKBANK
10680,2025-07-28 11:45:00+05:30,1991.4,1992.4,1989.0,1989.0,61696,KOTAKBANK
10681,2025-07-28 11:50:00+05:30,1989.0,1990.6,1984.1,1984.2,81344,KOTAKBANK
10682,2025-07-28 11:55:00+05:30,1984.1,1985.9,1982.5,1983.4,66116,KOTAKBANK
10683,2025-07-28 12:00:00+05:30,1983.5,1983.9,1982.4,1982.5,45413,KOTAKBANK
10684,2025-07-28 12:05:00+05:30,1982.6,1983.6,1981.2,1981.5,49571,KOTAKBANK
10685,2025-07-28 12:10:00+05:30,1981.6,1983.8,1981.3,1982.3,55655,KOTAKBANK
10686,2025-07-28 12:15:00+05:30,1982.4,1982.8,1981.0,1982.1,64321,KOTAKBANK
10687,2025-07-28 12:20:00+05:30,1982.0,1982.5,1979.0,1980.0,233814,KOTAKBANK
10688,2025-07-28 12:25:00+05:30,1980.0,1980.0,1979.2,1980.0,50462,KOTAKBANK
10689,2025-07-28 12:30:00+05:30,1979.9,1980.0,1979.4,1979.9,55263,KOTAKBANK
10690,2025-07-28 12:35:00+05:30,1979.9,1980.6,1979.2,1979.2,86032,KOTAKBANK
10691,2025-07-28 12:40:00+05:30,1979.3,1980.0,1978.0,1978.7,50133,KOTAKBANK
10692,2025-07-28 12:45:00+05:30,1978.8,1980.0,1978.8,1979.6,45574,KOTAKBANK
10693,2025-07-28 12:50:00+05:30,1979.6,1979.7,1975.5,1976.2,99822,KOTAKBANK
10694,2025-07-28 12:55:00+05:30,1976.5,1976.9,1973.4,1974.9,93505,KOTAKBANK
10695,2025-07-28 13:00:00+05:30,1975.0,1975.5,1972.0,1972.0,65628,KOTAKBANK
10696,2025-07-28 13:05:00+05:30,1972.1,1976.5,1971.6,1974.7,59368,KOTAKBANK
10697,2025-07-28 13:10:00+05:30,1974.6,1975.9,1973.3,1974.9,59500,KOTAKBANK
10698,2025-07-28 13:15:00+05:30,1975.0,1975.6,1971.0,1971.3,96257,KOTAKBANK
10699,2025-07-28 13:20:00+05:30,1971.3,1976.1,1971.0,1975.2,142837,KOTAKBANK
10700,2025-07-28 13:25:00+05:30,1975.0,1975.9,1973.0,1975.5,63965,KOTAKBANK
10701,2025-07-28 13:30:00+05:30,1975.5,1975.8,1973.1,1974.1,62965,KOTAKBANK
10702,2025-07-28 13:35:00+05:30,1974.0,1975.5,1972.0,1973.6,83396,KOTAKBANK
10703,2025-07-28 13:40:00+05:30,1973.8,1975.4,1973.1,1974.2,64348,KOTAKBANK
10704,2025-07-28 13:45:00+05:30,1974.2,1975.3,1973.4,1975.0,74082,KOTAKBANK
10705,2025-07-28 13:50:00+05:30,1975.0,1975.5,1974.0,1975.3,66842,KOTAKBANK
10706,2025-07-28 13:55:00+05:30,1975.1,1975.3,1966.5,1966.8,174310,KOTAKBANK
10707,2025-07-28 14:00:00+05:30,1966.5,1966.8,1960.0,1964.1,235772,KOTAKBANK
10708,2025-07-28 14:05:00+05:30,1964.1,1966.4,1963.5,1965.0,75337,KOTAKBANK
10709,2025-07-28 14:10:00+05:30,1965.1,1966.5,1963.0,1964.2,91872,KOTAKBANK
10710,2025-07-28 14:15:00+05:30,1964.2,1969.0,1964.1,1968.8,91685,KOTAKBANK
10711,2025-07-28 14:20:00+05:30,1968.8,1970.8,1968.8,1970.0,103988,KOTAKBANK
10712,2025-07-28 14:25:00+05:30,1970.1,1970.1,1968.0,1969.7,102025,KOTAKBANK
10713,2025-07-28 14:30:00+05:30,1969.6,1970.9,1969.2,1970.7,115649,KOTAKBANK
10714,2025-07-28 14:35:00+05:30,1970.7,1970.8,1968.1,1970.5,83103,KOTAKBANK
10715,2025-07-28 14:40:00+05:30,1970.3,1974.5,1970.2,1973.9,140094,KOTAKBANK
10716,2025-07-28 14:45:00+05:30,1973.9,1974.1,1970.1,1971.9,115648,KOTAKBANK
10717,2025-07-28 14:50:00+05:30,1972.0,1973.2,1971.2,1972.4,86090,KOTAKBANK
10718,2025-07-28 14:55:00+05:30,1972.4,1972.5,1970.3,1972.0,94923,KOTAKBANK
10719,2025-07-28 15:00:00+05:30,1972.0,1972.9,1970.0,1970.7,236649,KOTAKBANK
10720,2025-07-28 15:05:00+05:30,1970.7,1970.8,1964.7,1968.3,339518,KOTAKBANK
10721,2025-07-28 15:10:00+05:30,1968.3,1968.3,1965.0,1965.0,229041,KOTAKBANK
10722,2025-07-28 15:15:00+05:30,1965.1,1965.2,1960.5,1963.4,338043,KOTAKBANK
10723,2025-07-28 15:20:00+05:30,1963.4,1967.5,1961.4,1966.9,267790,KOTAKBANK
10724,2025-07-28 15:25:00+05:30,1967.0,1974.7,1965.9,1968.7,220311,KOTAKBANK
10725,2025-07-29 09:15:00+05:30,1967.0,1979.7,1958.9,1977.0,600407,KOTAKBANK
10726,2025-07-29 09:20:00+05:30,1977.6,1979.2,1971.6,1974.3,44385,KOTAKBANK
10727,2025-07-29 09:25:00+05:30,1974.3,1978.4,1970.7,1977.9,57951,KOTAKBANK
10728,2025-07-29 09:30:00+05:30,1977.9,1978.8,1975.0,1975.8,73495,KOTAKBANK
10729,2025-07-29 09:35:00+05:30,1976.0,1976.1,1962.0,1962.3,113054,KOTAKBANK
10730,2025-07-29 09:40:00+05:30,1962.3,1964.9,1959.0,1962.6,61459,KOTAKBANK
10731,2025-07-29 09:45:00+05:30,1962.8,1964.1,1957.1,1959.0,82604,KOTAKBANK
10732,2025-07-29 09:50:00+05:30,1959.0,1964.1,1957.6,1963.1,60206,KOTAKBANK
10733,2025-07-29 09:55:00+05:30,1963.6,1964.8,1959.2,1963.7,35626,KOTAKBANK
10734,2025-07-29 10:00:00+05:30,1963.3,1970.0,1963.3,1968.7,34779,KOTAKBANK
10735,2025-07-29 10:05:00+05:30,1968.9,1970.9,1963.3,1963.6,74767,KOTAKBANK
10736,2025-07-29 10:10:00+05:30,1963.6,1966.5,1962.0,1964.0,21070,KOTAKBANK
10737,2025-07-29 10:15:00+05:30,1964.6,1965.2,1961.1,1963.2,41464,KOTAKBANK
10738,2025-07-29 10:20:00+05:30,1963.2,1966.7,1962.1,1965.0,33034,KOTAKBANK
10739,2025-07-29 10:25:00+05:30,1965.0,1967.0,1964.1,1965.0,24990,KOTAKBANK
10740,2025-07-29 10:30:00+05:30,1965.2,1967.0,1963.9,1967.0,48102,KOTAKBANK
10741,2025-07-29 10:35:00+05:30,1967.0,1969.7,1966.9,1968.5,42432,KOTAKBANK
10742,2025-07-29 10:40:00+05:30,1968.5,1968.9,1963.5,1963.7,47465,KOTAKBANK
10743,2025-07-29 10:45:00+05:30,1963.7,1965.3,1962.1,1965.2,25615,KOTAKBANK
10744,2025-07-29 10:50:00+05:30,1965.2,1966.0,1963.4,1965.6,28341,KOTAKBANK
10745,2025-07-29 10:55:00+05:30,1965.5,1966.6,1963.3,1965.8,37110,KOTAKBANK
10746,2025-07-29 11:00:00+05:30,1966.0,1966.0,1964.0,1964.5,16485,KOTAKBANK
10747,2025-07-29 11:05:00+05:30,1964.5,1964.6,1958.0,1960.6,54933,KOTAKBANK
10748,2025-07-29 11:10:00+05:30,1960.6,1960.8,1959.0,1960.6,22087,KOTAKBANK
10749,2025-07-29 11:15:00+05:30,1960.7,1964.6,1959.7,1962.2,42110,KOTAKBANK
10750,2025-07-29 11:20:00+05:30,1962.3,1963.0,1960.1,1962.7,29348,KOTAKBANK
10751,2025-07-29 11:25:00+05:30,1962.8,1962.9,1960.9,1961.3,17092,KOTAKBANK
10752,2025-07-29 11:30:00+05:30,1961.4,1962.0,1961.1,1961.3,14611,KOTAKBANK
10753,2025-07-29 11:35:00+05:30,1961.3,1961.5,1956.2,1958.4,45161,KOTAKBANK
10754,2025-07-29 11:40:00+05:30,1958.4,1958.7,1956.3,1957.0,20085,KOTAKBANK
10755,2025-07-29 11:45:00+05:30,1956.9,1957.6,1953.0,1955.0,31838,KOTAKBANK
10756,2025-07-29 11:50:00+05:30,1955.1,1958.0,1954.0,1955.9,58075,KOTAKBANK
10757,2025-07-29 11:55:00+05:30,1955.4,1956.8,1953.0,1953.3,58347,KOTAKBANK
10758,2025-07-29 12:00:00+05:30,1953.5,1956.0,1953.5,1954.2,19448,KOTAKBANK
10759,2025-07-29 12:05:00+05:30,1954.2,1955.6,1954.1,1955.2,13454,KOTAKBANK
10760,2025-07-29 12:10:00+05:30,1955.2,1956.6,1954.3,1955.9,17982,KOTAKBANK
10761,2025-07-29 12:15:00+05:30,1956.4,1957.0,1954.8,1955.6,15715,KOTAKBANK
10762,2025-07-29 12:20:00+05:30,1955.6,1957.9,1954.0,1955.1,17439,KOTAKBANK
10763,2025-07-29 12:25:00+05:30,1955.1,1958.4,1954.0,1956.8,18778,KOTAKBANK
10764,2025-07-29 12:30:00+05:30,1957.0,1958.1,1955.8,1957.5,17250,KOTAKBANK
10765,2025-07-29 12:35:00+05:30,1957.6,1958.0,1956.2,1957.4,17998,KOTAKBANK
10766,2025-07-29 12:40:00+05:30,1957.4,1959.9,1956.0,1957.4,32101,KOTAKBANK
10767,2025-07-29 12:45:00+05:30,1957.4,1959.0,1954.7,1954.7,19008,KOTAKBANK
10768,2025-07-29 12:50:00+05:30,1954.5,1957.3,1954.2,1956.5,22695,KOTAKBANK
10769,2025-07-29 12:55:00+05:30,1956.6,1957.3,1955.0,1955.9,17951,KOTAKBANK
10770,2025-07-29 13:00:00+05:30,1956.2,1958.4,1955.6,1956.4,21062,KOTAKBANK
10771,2025-07-29 13:05:00+05:30,1956.5,1957.7,1955.0,1956.6,22212,KOTAKBANK
10772,2025-07-29 13:10:00+05:30,1956.6,1958.0,1955.0,1956.4,532462,KOTAKBANK
10773,2025-07-29 13:15:00+05:30,1956.4,1957.4,1956.0,1956.4,19238,KOTAKBANK
10774,2025-07-29 13:20:00+05:30,1956.4,1957.2,1956.3,1957.0,21331,KOTAKBANK
10775,2025-07-29 13:25:00+05:30,1957.1,1961.6,1957.0,1958.3,629625,KOTAKBANK
10776,2025-07-29 13:30:00+05:30,1958.5,1961.1,1957.3,1959.1,89600,KOTAKBANK
10777,2025-07-29 13:35:00+05:30,1958.7,1963.8,1956.5,1962.6,71521,KOTAKBANK
10778,2025-07-29 13:40:00+05:30,1963.0,1966.0,1962.0,1965.3,58923,KOTAKBANK
10779,2025-07-29 13:45:00+05:30,1965.3,1968.8,1965.3,1968.3,62202,KOTAKBANK
10780,2025-07-29 13:50:00+05:30,1968.4,1970.0,1965.4,1969.2,63772,KOTAKBANK
10781,2025-07-29 13:55:00+05:30,1969.1,1971.8,1969.0,1971.1,70894,KOTAKBANK
10782,2025-07-29 14:00:00+05:30,1971.4,1974.5,1971.4,1974.0,29108,KOTAKBANK
10783,2025-07-29 14:05:00+05:30,1974.0,1974.0,1968.2,1969.3,78887,KOTAKBANK
10784,2025-07-29 14:10:00+05:30,1969.4,1971.3,1968.9,1970.6,22982,KOTAKBANK
10785,2025-07-29 14:15:00+05:30,1970.6,1971.0,1970.0,1970.0,22684,KOTAKBANK
10786,2025-07-29 14:20:00+05:30,1970.3,1972.1,1968.4,1972.1,41288,KOTAKBANK
10787,2025-07-29 14:25:00+05:30,1972.1,1972.3,1969.9,1970.9,30118,KOTAKBANK
10788,2025-07-29 14:30:00+05:30,1970.9,1972.6,1970.6,1971.3,19578,KOTAKBANK
10789,2025-07-29 14:35:00+05:30,1971.0,1972.0,1967.8,1970.3,124901,KOTAKBANK
10790,2025-07-29 14:40:00+05:30,1970.3,1971.9,1969.2,1970.8,50654,KOTAKBANK
10791,2025-07-29 14:45:00+05:30,1971.2,1972.9,1970.4,1971.2,27147,KOTAKBANK
10792,2025-07-29 14:50:00+05:30,1971.2,1974.1,1970.6,1973.7,31224,KOTAKBANK
10793,2025-07-29 14:55:00+05:30,1973.7,1974.4,1970.1,1971.4,32453,KOTAKBANK
10794,2025-07-29 15:00:00+05:30,1971.4,1975.4,1970.3,1975.1,128010,KOTAKBANK
10795,2025-07-29 15:05:00+05:30,1975.1,1975.3,1972.3,1972.9,95378,KOTAKBANK
10796,2025-07-29 15:10:00+05:30,1972.9,1974.6,1971.7,1972.2,115480,KOTAKBANK
10797,2025-07-29 15:15:00+05:30,1972.2,1974.2,1970.5,1971.2,105737,KOTAKBANK
10798,2025-07-29 15:20:00+05:30,1971.2,1972.8,1970.9,1971.7,99717,KOTAKBANK
10799,2025-07-29 15:25:00+05:30,1971.7,1973.5,1970.0,1970.2,97138,KOTAKBANK
10800,2025-07-30 09:15:00+05:30,1966.1,1976.0,1966.0,1974.9,62763,KOTAKBANK
10801,2025-07-30 09:20:00+05:30,1975.0,1978.2,1972.3,1973.2,36036,KOTAKBANK
10802,2025-07-30 09:25:00+05:30,1973.2,1973.4,1966.1,1968.2,58418,KOTAKBANK
10803,2025-07-30 09:30:00+05:30,1968.4,1973.7,1968.2,1972.7,150161,KOTAKBANK
10804,2025-07-30 09:35:00+05:30,1972.7,1979.8,1972.6,1978.3,80835,KOTAKBANK
10805,2025-07-30 09:40:00+05:30,1978.2,1980.7,1976.7,1978.3,119263,KOTAKBANK
10806,2025-07-30 09:45:00+05:30,1978.3,1980.9,1970.2,1970.2,135296,KOTAKBANK
10807,2025-07-30 09:50:00+05:30,1970.5,1972.7,1968.3,1968.6,27707,KOTAKBANK
10808,2025-07-30 09:55:00+05:30,1968.5,1974.0,1968.5,1971.9,587520,KOTAKBANK
10809,2025-07-30 10:00:00+05:30,1971.7,1973.5,1970.7,1971.1,28843,KOTAKBANK
10810,2025-07-30 10:05:00+05:30,1971.4,1972.8,1970.0,1972.4,10809,KOTAKBANK
10811,2025-07-30 10:10:00+05:30,1972.6,1973.3,1971.1,1971.7,10462,KOTAKBANK
10812,2025-07-30 10:15:00+05:30,1971.1,1971.7,1968.6,1969.5,95014,KOTAKBANK
10813,2025-07-30 10:20:00+05:30,1969.5,1970.0,1965.0,1966.5,45804,KOTAKBANK
10814,2025-07-30 10:25:00+05:30,1965.7,1966.9,1963.5,1963.5,27726,KOTAKBANK
10815,2025-07-30 10:30:00+05:30,1963.5,1965.7,1959.4,1960.6,151243,KOTAKBANK
10816,2025-07-30 10:35:00+05:30,1960.6,1962.8,1959.7,1961.6,22259,KOTAKBANK
10817,2025-07-30 10:40:00+05:30,1961.3,1962.4,1959.5,1960.4,30658,KOTAKBANK
10818,2025-07-30 10:45:00+05:30,1959.7,1960.2,1957.0,1959.6,58907,KOTAKBANK
10819,2025-07-30 10:50:00+05:30,1959.6,1963.2,1959.3,1960.2,75664,KOTAKBANK
10820,2025-07-30 10:55:00+05:30,1959.8,1961.7,1957.6,1960.4,30442,KOTAKBANK
10821,2025-07-30 11:00:00+05:30,1960.7,1961.4,1957.2,1959.6,29725,KOTAKBANK
10822,2025-07-30 11:05:00+05:30,1959.5,1960.0,1957.0,1958.7,21649,KOTAKBANK
10823,2025-07-30 11:10:00+05:30,1958.7,1961.6,1958.4,1960.5,20074,KOTAKBANK
10824,2025-07-30 11:15:00+05:30,1960.5,1962.7,1960.5,1962.6,17487,KOTAKBANK
10825,2025-07-30 11:20:00+05:30,1962.7,1963.0,1961.0,1962.5,24310,KOTAKBANK
10826,2025-07-30 11:25:00+05:30,1962.1,1963.9,1960.6,1963.8,16925,KOTAKBANK
10827,2025-07-30 11:30:00+05:30,1963.8,1965.0,1962.4,1964.5,17101,KOTAKBANK
10828,2025-07-30 11:35:00+05:30,1964.3,1964.9,1961.9,1962.0,25091,KOTAKBANK
10829,2025-07-30 11:40:00+05:30,1962.1,1964.0,1959.6,1963.4,27540,KOTAKBANK
10830,2025-07-30 11:45:00+05:30,1962.5,1963.7,1960.8,1961.7,15147,KOTAKBANK
10831,2025-07-30 11:50:00+05:30,1961.9,1962.9,1960.5,1961.3,15722,KOTAKBANK
10832,2025-07-30 11:55:00+05:30,1961.5,1962.0,1960.4,1961.6,15316,KOTAKBANK
10833,2025-07-30 12:00:00+05:30,1961.6,1963.7,1960.8,1963.4,13155,KOTAKBANK
10834,2025-07-30 12:05:00+05:30,1963.5,1963.5,1960.8,1962.1,14198,KOTAKBANK
10835,2025-07-30 12:10:00+05:30,1961.7,1962.8,1960.0,1960.1,15158,KOTAKBANK
10836,2025-07-30 12:15:00+05:30,1960.1,1961.4,1959.2,1960.6,15015,KOTAKBANK
10837,2025-07-30 12:20:00+05:30,1960.5,1961.8,1960.1,1961.3,11713,KOTAKBANK
10838,2025-07-30 12:25:00+05:30,1961.0,1962.0,1960.3,1961.1,11608,KOTAKBANK
10839,2025-07-30 12:30:00+05:30,1960.8,1965.1,1960.5,1964.8,20701,KOTAKBANK
10840,2025-07-30 12:35:00+05:30,1964.7,1964.9,1963.4,1964.2,17083,KOTAKBANK
10841,2025-07-30 12:40:00+05:30,1964.2,1966.0,1963.9,1965.0,24679,KOTAKBANK
10842,2025-07-30 12:45:00+05:30,1965.0,1965.8,1964.1,1964.7,15300,KOTAKBANK
10843,2025-07-30 12:50:00+05:30,1964.5,1967.4,1964.0,1967.4,21425,KOTAKBANK
10844,2025-07-30 12:55:00+05:30,1967.3,1970.4,1966.2,1969.9,31760,KOTAKBANK
10845,2025-07-30 13:00:00+05:30,1969.9,1972.0,1969.3,1970.4,39950,KOTAKBANK
10846,2025-07-30 13:05:00+05:30,1970.4,1970.4,1964.7,1965.9,36651,KOTAKBANK
10847,2025-07-30 13:10:00+05:30,1965.8,1965.8,1961.4,1963.2,36338,KOTAKBANK
10848,2025-07-30 13:15:00+05:30,1962.9,1963.5,1960.4,1961.2,18997,KOTAKBANK
10849,2025-07-30 13:20:00+05:30,1961.2,1961.3,1959.0,1959.7,25956,KOTAKBANK
10850,2025-07-30 13:25:00+05:30,1959.4,1961.6,1959.2,1960.6,20454,KOTAKBANK
10851,2025-07-30 13:30:00+05:30,1960.5,1963.6,1960.4,1961.3,17169,KOTAKBANK
10852,2025-07-30 13:35:00+05:30,1961.1,1964.3,1960.8,1963.8,16889,KOTAKBANK
10853,2025-07-30 13:40:00+05:30,1963.8,1963.8,1961.4,1962.3,17007,KOTAKBANK
10854,2025-07-30 13:45:00+05:30,1962.4,1963.0,1961.0,1961.7,21190,KOTAKBANK
10855,2025-07-30 13:50:00+05:30,1961.7,1963.3,1961.2,1963.0,16419,KOTAKBANK
10856,2025-07-30 13:55:00+05:30,1962.3,1963.4,1961.5,1962.0,15418,KOTAKBANK
10857,2025-07-30 14:00:00+05:30,1962.0,1963.2,1961.3,1963.0,23091,KOTAKBANK
10858,2025-07-30 14:05:00+05:30,1962.2,1963.1,1959.5,1961.3,42358,KOTAKBANK
10859,2025-07-30 14:10:00+05:30,1960.5,1963.3,1959.9,1962.9,20909,KOTAKBANK
10860,2025-07-30 14:15:00+05:30,1962.7,1963.6,1961.4,1962.7,31878,KOTAKBANK
10861,2025-07-30 14:20:00+05:30,1962.1,1963.8,1961.4,1961.9,25711,KOTAKBANK
10862,2025-07-30 14:25:00+05:30,1961.9,1962.9,1960.8,1962.0,36677,KOTAKBANK
10863,2025-07-30 14:30:00+05:30,1961.8,1964.6,1961.1,1963.7,37882,KOTAKBANK
10864,2025-07-30 14:35:00+05:30,1963.2,1964.7,1961.2,1962.5,65570,KOTAKBANK
10865,2025-07-30 14:40:00+05:30,1961.9,1963.0,1961.3,1962.0,26588,KOTAKBANK
10866,2025-07-30 14:45:00+05:30,1961.3,1962.9,1961.1,1961.7,35172,KOTAKBANK
10867,2025-07-30 14:50:00+05:30,1961.7,1963.1,1961.2,1962.5,41374,KOTAKBANK
10868,2025-07-30 14:55:00+05:30,1962.5,1964.0,1962.0,1962.2,43409,KOTAKBANK
10869,2025-07-30 15:00:00+05:30,1962.0,1963.0,1960.5,1960.7,68912,KOTAKBANK
10870,2025-07-30 15:05:00+05:30,1960.6,1961.8,1959.7,1960.2,62433,KOTAKBANK
10871,2025-07-30 15:10:00+05:30,1960.0,1960.7,1958.9,1959.9,84789,KOTAKBANK
10872,2025-07-30 15:15:00+05:30,1959.9,1960.5,1957.7,1958.6,146418,KOTAKBANK
10873,2025-07-30 15:20:00+05:30,1959.5,1960.0,1958.2,1958.9,126065,KOTAKBANK
10874,2025-07-30 15:25:00+05:30,1959.4,1960.5,1957.5,1959.2,84003,KOTAKBANK
10875,2025-07-31 09:15:00+05:30,1941.2,1950.0,1941.2,1945.5,126464,KOTAKBANK
10876,2025-07-31 09:20:00+05:30,1945.0,1952.9,1944.0,1952.1,93107,KOTAKBANK
10877,2025-07-31 09:25:00+05:30,1951.9,1954.8,1949.3,1950.2,111136,KOTAKBANK
10878,2025-07-31 09:30:00+05:30,1950.2,1953.1,1948.2,1950.7,13918,KOTAKBANK
10879,2025-07-31 09:35:00+05:30,1950.8,1951.4,1945.6,1947.6,55971,KOTAKBANK
10880,2025-07-31 09:40:00+05:30,1947.6,1949.7,1946.1,1948.3,11195,KOTAKBANK
10881,2025-07-31 09:45:00+05:30,1948.8,1949.2,1944.0,1946.2,14029,KOTAKBANK
10882,2025-07-31 09:50:00+05:30,1946.0,1946.0,1944.0,1945.5,18056,KOTAKBANK
10883,2025-07-31 09:55:00+05:30,1945.4,1945.6,1941.0,1941.0,435159,KOTAKBANK
10884,2025-07-31 10:00:00+05:30,1941.0,1941.1,1935.0,1936.2,79850,KOTAKBANK
10885,2025-07-31 10:05:00+05:30,1935.7,1940.0,1935.5,1939.8,40820,KOTAKBANK
10886,2025-07-31 10:10:00+05:30,1939.7,1940.1,1937.1,1939.3,31352,KOTAKBANK
10887,2025-07-31 10:15:00+05:30,1939.5,1941.5,1938.0,1938.4,25314,KOTAKBANK
10888,2025-07-31 10:20:00+05:30,1938.6,1941.2,1937.7,1940.7,49362,KOTAKBANK
10889,2025-07-31 10:25:00+05:30,1941.0,1943.9,1939.6,1942.9,39806,KOTAKBANK
10890,2025-07-31 10:30:00+05:30,1942.3,1943.7,1940.7,1941.5,29665,KOTAKBANK
10891,2025-07-31 10:35:00+05:30,1942.0,1945.8,1941.6,1944.9,38410,KOTAKBANK
10892,2025-07-31 10:40:00+05:30,1944.9,1946.0,1944.9,1945.1,12903,KOTAKBANK
10893,2025-07-31 10:45:00+05:30,1945.2,1947.8,1945.0,1946.8,29798,KOTAKBANK
10894,2025-07-31 10:50:00+05:30,1946.8,1951.8,1945.4,1950.2,54375,KOTAKBANK
10895,2025-07-31 10:55:00+05:30,1950.2,1952.7,1948.6,1949.1,46659,KOTAKBANK
10896,2025-07-31 11:00:00+05:30,1949.1,1954.9,1948.9,1953.5,57089,KOTAKBANK
10897,2025-07-31 11:05:00+05:30,1954.4,1957.0,1953.5,1954.8,54629,KOTAKBANK
10898,2025-07-31 11:10:00+05:30,1954.5,1955.4,1952.9,1953.6,23383,KOTAKBANK
10899,2025-07-31 11:15:00+05:30,1953.9,1955.0,1953.0,1955.0,27535,KOTAKBANK
10900,2025-07-31 11:20:00+05:30,1954.7,1957.9,1954.2,1957.4,42696,KOTAKBANK
10901,2025-07-31 11:25:00+05:30,1957.9,1958.9,1955.4,1956.6,51208,KOTAKBANK
10902,2025-07-31 11:30:00+05:30,1956.6,1957.0,1954.3,1954.8,32755,KOTAKBANK
10903,2025-07-31 11:35:00+05:30,1955.3,1956.5,1951.8,1955.4,33848,KOTAKBANK
10904,2025-07-31 11:40:00+05:30,1955.3,1961.0,1954.3,1958.5,27957,KOTAKBANK
10905,2025-07-31 11:45:00+05:30,1958.7,1961.8,1957.8,1959.9,103841,KOTAKBANK
10906,2025-07-31 11:50:00+05:30,1959.0,1961.9,1957.7,1959.9,36179,KOTAKBANK
10907,2025-07-31 11:55:00+05:30,1959.5,1961.3,1957.7,1959.1,37195,KOTAKBANK
10908,2025-07-31 12:00:00+05:30,1959.8,1960.2,1955.1,1957.0,32343,KOTAKBANK
10909,2025-07-31 12:05:00+05:30,1957.0,1957.6,1954.1,1954.9,36608,KOTAKBANK
10910,2025-07-31 12:10:00+05:30,1954.9,1965.7,1954.9,1964.9,47770,KOTAKBANK
10911,2025-07-31 12:15:00+05:30,1964.9,1966.4,1961.6,1965.4,58858,KOTAKBANK
10912,2025-07-31 12:20:00+05:30,1965.7,1969.0,1963.9,1967.5,22048,KOTAKBANK
10913,2025-07-31 12:25:00+05:30,1967.6,1968.4,1962.1,1962.6,22696,KOTAKBANK
10914,2025-07-31 12:30:00+05:30,1962.6,1966.7,1957.7,1965.6,19268,KOTAKBANK
10915,2025-07-31 12:35:00+05:30,1966.3,1968.4,1963.7,1966.7,59752,KOTAKBANK
10916,2025-07-31 12:40:00+05:30,1966.7,1969.0,1964.8,1964.9,42937,KOTAKBANK
10917,2025-07-31 12:45:00+05:30,1965.7,1969.2,1964.2,1969.2,95398,KOTAKBANK
10918,2025-07-31 12:50:00+05:30,1969.2,1971.4,1967.7,1970.9,29903,KOTAKBANK
10919,2025-07-31 12:55:00+05:30,1970.8,1976.0,1969.5,1974.6,36494,KOTAKBANK
10920,2025-07-31 13:00:00+05:30,1974.8,1986.2,1973.5,1984.1,80988,KOTAKBANK
10921,2025-07-31 13:05:00+05:30,1984.1,1989.7,1982.5,1988.0,303480,KOTAKBANK
10922,2025-07-31 13:10:00+05:30,1988.0,1993.8,1987.1,1993.1,70991,KOTAKBANK
10923,2025-07-31 13:15:00+05:30,1993.1,1993.9,1990.0,1992.7,41435,KOTAKBANK
10924,2025-07-31 13:20:00+05:30,1992.6,1998.6,1991.6,1996.5,40976,KOTAKBANK
10925,2025-07-31 13:25:00+05:30,1996.5,1996.9,1992.7,1995.2,67356,KOTAKBANK
10926,2025-07-31 13:30:00+05:30,1995.1,1996.9,1991.8,1992.6,60916,KOTAKBANK
10927,2025-07-31 13:35:00+05:30,1992.6,1995.6,1991.6,1994.1,51279,KOTAKBANK
10928,2025-07-31 13:40:00+05:30,1994.2,1995.0,1990.0,1991.6,24823,KOTAKBANK
10929,2025-07-31 13:45:00+05:30,1991.1,1993.7,1990.0,1991.4,36430,KOTAKBANK
10930,2025-07-31 13:50:00+05:30,1991.4,1992.0,1987.7,1987.8,30828,KOTAKBANK
10931,2025-07-31 13:55:00+05:30,1987.9,1991.1,1985.7,1987.8,36619,KOTAKBANK
10932,2025-07-31 14:00:00+05:30,1988.1,1991.7,1986.9,1989.7,20895,KOTAKBANK
10933,2025-07-31 14:05:00+05:30,1989.8,1993.1,1989.1,1990.3,52254,KOTAKBANK
10934,2025-07-31 14:10:00+05:30,1990.4,1991.7,1987.5,1988.6,30917,KOTAKBANK
10935,2025-07-31 14:15:00+05:30,1988.6,1990.2,1986.8,1987.0,46475,KOTAKBANK
10936,2025-07-31 14:20:00+05:30,1987.7,1991.1,1987.3,1989.0,33691,KOTAKBANK
10937,2025-07-31 14:25:00+05:30,1989.0,1989.6,1987.0,1987.9,62157,KOTAKBANK
10938,2025-07-31 14:30:00+05:30,1987.5,1989.4,1983.1,1988.8,92207,KOTAKBANK
10939,2025-07-31 14:35:00+05:30,1988.6,1989.4,1985.3,1987.6,27472,KOTAKBANK
10940,2025-07-31 14:40:00+05:30,1987.6,1987.9,1985.0,1986.4,39265,KOTAKBANK
10941,2025-07-31 14:45:00+05:30,1987.4,1987.4,1982.6,1984.5,60301,KOTAKBANK
10942,2025-07-31 14:50:00+05:30,1984.5,1985.9,1983.2,1983.7,47944,KOTAKBANK
10943,2025-07-31 14:55:00+05:30,1983.7,1986.7,1982.8,1984.3,48188,KOTAKBANK
10944,2025-07-31 15:00:00+05:30,1984.3,1984.9,1978.9,1979.3,82146,KOTAKBANK
10945,2025-07-31 15:05:00+05:30,1979.3,1981.4,1976.6,1978.2,122683,KOTAKBANK
10946,2025-07-31 15:10:00+05:30,1978.1,1980.9,1976.2,1979.2,87934,KOTAKBANK
10947,2025-07-31 15:15:00+05:30,1979.2,1980.0,1976.8,1977.0,77671,KOTAKBANK
10948,2025-07-31 15:20:00+05:30,1977.9,1979.3,1974.9,1977.8,78896,KOTAKBANK
10949,2025-07-31 15:25:00+05:30,1977.7,1980.0,1976.9,1980.0,56789,KOTAKBANK
10950,2025-08-01 09:15:00+05:30,1983.0,1983.7,1972.1,1981.8,84690,KOTAKBANK
10951,2025-08-01 09:20:00+05:30,1981.5,1989.2,1980.7,1987.7,67370,KOTAKBANK
10952,2025-08-01 09:25:00+05:30,1987.2,1992.7,1985.6,1992.4,40872,KOTAKBANK
10953,2025-08-01 09:30:00+05:30,1992.4,1992.7,1987.9,1991.0,34766,KOTAKBANK
10954,2025-08-01 09:35:00+05:30,1990.8,1993.0,1988.7,1991.5,30320,KOTAKBANK
10955,2025-08-01 09:40:00+05:30,1991.4,1997.0,1990.9,1996.8,37807,KOTAKBANK
10956,2025-08-01 09:45:00+05:30,1996.7,1999.6,1996.4,1999.2,33225,KOTAKBANK
10957,2025-08-01 09:50:00+05:30,1999.1,1999.2,1991.6,1993.2,44744,KOTAKBANK
10958,2025-08-01 09:55:00+05:30,1993.1,1994.6,1991.0,1992.3,21375,KOTAKBANK
10959,2025-08-01 10:00:00+05:30,1992.7,1997.5,1991.6,1996.0,29647,KOTAKBANK
10960,2025-08-01 10:05:00+05:30,1996.1,1996.3,1992.6,1995.2,23855,KOTAKBANK
10961,2025-08-01 10:10:00+05:30,1995.1,1997.8,1994.0,1995.4,19844,KOTAKBANK
10962,2025-08-01 10:15:00+05:30,1995.4,1997.9,1995.4,1997.8,20865,KOTAKBANK
10963,2025-08-01 10:20:00+05:30,1997.4,2001.0,1997.2,1999.3,40678,KOTAKBANK
10964,2025-08-01 10:25:00+05:30,1999.3,2004.8,1998.8,2004.5,68456,KOTAKBANK
10965,2025-08-01 10:30:00+05:30,2004.5,2007.0,2003.5,2005.0,39368,KOTAKBANK
10966,2025-08-01 10:35:00+05:30,2005.3,2005.8,2002.3,2005.4,26041,KOTAKBANK
10967,2025-08-01 10:40:00+05:30,2005.0,2005.7,2003.0,2003.9,20425,KOTAKBANK
10968,2025-08-01 10:45:00+05:30,2003.9,2006.6,2003.5,2005.0,25416,KOTAKBANK
10969,2025-08-01 10:50:00+05:30,2005.0,2005.4,2003.0,2004.1,27746,KOTAKBANK
10970,2025-08-01 10:55:00+05:30,2004.1,2004.5,2002.8,2003.6,18839,KOTAKBANK
10971,2025-08-01 11:00:00+05:30,2004.0,2006.3,2003.5,2004.9,17163,KOTAKBANK
10972,2025-08-01 11:05:00+05:30,2005.0,2005.2,2000.7,2001.4,28961,KOTAKBANK
10973,2025-08-01 11:10:00+05:30,2001.6,2002.9,2000.5,2001.8,17035,KOTAKBANK
10974,2025-08-01 11:15:00+05:30,2001.3,2002.8,1998.1,2001.4,35416,KOTAKBANK
10975,2025-08-01 11:20:00+05:30,2001.6,2002.5,2000.3,2001.3,14456,KOTAKBANK
10976,2025-08-01 11:25:00+05:30,2001.3,2001.6,1998.8,1999.6,21951,KOTAKBANK
10977,2025-08-01 11:30:00+05:30,1999.7,2000.0,1997.0,1997.8,21360,KOTAKBANK
10978,2025-08-01 11:35:00+05:30,1997.8,2000.0,1997.0,1999.7,19383,KOTAKBANK
10979,2025-08-01 11:40:00+05:30,1999.7,2000.0,1996.3,1997.9,30699,KOTAKBANK
10980,2025-08-01 11:45:00+05:30,1997.7,1999.0,1996.3,1999.0,14899,KOTAKBANK
10981,2025-08-01 11:50:00+05:30,1999.0,1999.9,1997.9,1999.0,16479,KOTAKBANK
10982,2025-08-01 11:55:00+05:30,1999.0,1999.3,1994.0,1994.2,21845,KOTAKBANK
10983,2025-08-01 12:00:00+05:30,1994.3,1995.9,1992.1,1993.1,18734,KOTAKBANK
10984,2025-08-01 12:05:00+05:30,1993.4,1995.1,1991.6,1995.1,14982,KOTAKBANK
10985,2025-08-01 12:10:00+05:30,1994.5,1995.1,1992.6,1993.3,15877,KOTAKBANK
10986,2025-08-01 12:15:00+05:30,1992.8,1993.3,1988.5,1990.0,31168,KOTAKBANK
10987,2025-08-01 12:20:00+05:30,1989.9,1992.0,1989.9,1991.8,19785,KOTAKBANK
10988,2025-08-01 12:25:00+05:30,1991.8,1991.8,1989.8,1990.5,17080,KOTAKBANK
10989,2025-08-01 12:30:00+05:30,1990.3,1994.2,1989.0,1990.5,33073,KOTAKBANK
10990,2025-08-01 12:35:00+05:30,1990.3,1990.9,1988.9,1990.5,45992,KOTAKBANK
10991,2025-08-01 12:40:00+05:30,1990.5,1990.9,1986.4,1988.9,28900,KOTAKBANK
10992,2025-08-01 12:45:00+05:30,1988.8,1991.0,1988.3,1990.2,18618,KOTAKBANK
10993,2025-08-01 12:50:00+05:30,1990.2,1992.4,1990.0,1992.4,14723,KOTAKBANK
10994,2025-08-01 12:55:00+05:30,1992.4,1995.1,1991.5,1993.5,26064,KOTAKBANK
10995,2025-08-01 13:00:00+05:30,1993.5,1996.5,1993.0,1995.0,30143,KOTAKBANK
10996,2025-08-01 13:05:00+05:30,1995.0,1996.7,1994.1,1996.5,62456,KOTAKBANK
10997,2025-08-01 13:10:00+05:30,1996.1,1998.7,1995.9,1998.5,26480,KOTAKBANK
10998,2025-08-01 13:15:00+05:30,1998.3,1999.5,1997.0,1997.9,25571,KOTAKBANK
10999,2025-08-01 13:20:00+05:30,1997.7,1999.1,1996.3,1998.5,36948,KOTAKBANK
11000,2025-08-01 13:25:00+05:30,1998.5,2000.8,1997.6,2000.3,40284,KOTAKBANK
11001,2025-08-01 13:30:00+05:30,2000.1,2002.2,1998.1,2000.0,41103,KOTAKBANK
11002,2025-08-01 13:35:00+05:30,2000.0,2000.1,1993.5,1995.6,53978,KOTAKBANK
11003,2025-08-01 13:40:00+05:30,1995.6,1998.0,1994.5,1997.4,18216,KOTAKBANK
11004,2025-08-01 13:45:00+05:30,1997.0,1998.0,1996.0,1997.6,21427,KOTAKBANK
11005,2025-08-01 13:50:00+05:30,1996.9,1997.5,1996.4,1997.3,17204,KOTAKBANK
11006,2025-08-01 13:55:00+05:30,1997.2,1998.0,1994.4,1995.2,20024,KOTAKBANK
11007,2025-08-01 14:00:00+05:30,1995.2,1996.2,1990.0,1992.9,53066,KOTAKBANK
11008,2025-08-01 14:05:00+05:30,1992.3,1994.3,1992.2,1993.6,16674,KOTAKBANK
11009,2025-08-01 14:10:00+05:30,1993.7,1995.5,1992.4,1993.0,40414,KOTAKBANK
11010,2025-08-01 14:15:00+05:30,1992.9,1994.5,1991.9,1993.8,28329,KOTAKBANK
11011,2025-08-01 14:20:00+05:30,1993.8,1993.9,1990.0,1990.1,37277,KOTAKBANK
11012,2025-08-01 14:25:00+05:30,1990.1,1991.4,1987.7,1991.0,28509,KOTAKBANK
11013,2025-08-01 14:30:00+05:30,1990.9,1991.8,1990.0,1991.5,15123,KOTAKBANK
11014,2025-08-01 14:35:00+05:30,1991.3,1992.6,1988.1,1991.0,77986,KOTAKBANK
11015,2025-08-01 14:40:00+05:30,1991.0,1992.1,1990.3,1991.8,52845,KOTAKBANK
11016,2025-08-01 14:45:00+05:30,1991.5,1993.0,1990.7,1992.9,27153,KOTAKBANK
11017,2025-08-01 14:50:00+05:30,1992.9,1993.4,1990.1,1990.9,26297,KOTAKBANK
11018,2025-08-01 14:55:00+05:30,1990.7,1992.7,1990.0,1991.4,19266,KOTAKBANK
11019,2025-08-01 15:00:00+05:30,1991.4,1994.6,1989.0,1993.7,68188,KOTAKBANK
11020,2025-08-01 15:05:00+05:30,1993.7,1994.7,1989.1,1990.3,81821,KOTAKBANK
11021,2025-08-01 15:10:00+05:30,1990.3,1991.6,1988.3,1990.6,93113,KOTAKBANK
11022,2025-08-01 15:15:00+05:30,1990.6,1993.0,1990.0,1992.0,82891,KOTAKBANK
11023,2025-08-01 15:20:00+05:30,1991.9,1994.9,1991.5,1992.6,93974,KOTAKBANK
11024,2025-08-01 15:25:00+05:30,1992.6,1996.6,1991.0,1995.9,134504,KOTAKBANK
11025,2025-08-04 09:15:00+05:30,1987.0,2001.3,1986.2,1992.7,75439,KOTAKBANK
11026,2025-08-04 09:20:00+05:30,1992.7,1994.8,1991.5,1994.8,22595,KOTAKBANK
11027,2025-08-04 09:25:00+05:30,1994.8,1997.0,1994.1,1995.5,14877,KOTAKBANK
11028,2025-08-04 09:30:00+05:30,1995.5,1995.7,1990.4,1990.5,23313,KOTAKBANK
11029,2025-08-04 09:35:00+05:30,1990.6,1991.4,1989.0,1990.3,20490,KOTAKBANK
11030,2025-08-04 09:40:00+05:30,1990.4,1991.0,1985.1,1985.7,25107,KOTAKBANK
11031,2025-08-04 09:45:00+05:30,1985.9,1986.2,1982.1,1985.1,28058,KOTAKBANK
11032,2025-08-04 09:50:00+05:30,1985.8,1989.0,1984.9,1986.4,15205,KOTAKBANK
11033,2025-08-04 09:55:00+05:30,1986.6,1987.8,1985.0,1986.7,18100,KOTAKBANK
11034,2025-08-04 10:00:00+05:30,1986.8,1989.9,1985.6,1989.5,11531,KOTAKBANK
11035,2025-08-04 10:05:00+05:30,1989.2,1991.5,1986.7,1986.7,17172,KOTAKBANK
11036,2025-08-04 10:10:00+05:30,1986.8,1987.6,1985.4,1986.4,5665,KOTAKBANK
11037,2025-08-04 10:15:00+05:30,1987.1,1990.6,1987.1,1990.4,10935,KOTAKBANK
11038,2025-08-04 10:20:00+05:30,1990.2,1991.9,1989.6,1991.2,12499,KOTAKBANK
11039,2025-08-04 10:25:00+05:30,1991.5,1991.6,1987.7,1988.4,8287,KOTAKBANK
11040,2025-08-04 10:30:00+05:30,1988.3,1990.9,1988.1,1989.9,11588,KOTAKBANK
11041,2025-08-04 10:35:00+05:30,1989.7,1992.0,1989.6,1990.7,6580,KOTAKBANK
11042,2025-08-04 10:40:00+05:30,1990.5,1994.0,1990.4,1991.9,7468,KOTAKBANK
11043,2025-08-04 10:45:00+05:30,1991.9,1992.1,1986.2,1988.2,29856,KOTAKBANK
11044,2025-08-04 10:50:00+05:30,1988.3,1991.9,1988.0,1990.4,8388,KOTAKBANK
11045,2025-08-04 10:55:00+05:30,1990.5,1992.5,1990.0,1990.2,6696,KOTAKBANK
11046,2025-08-04 11:00:00+05:30,1990.2,1993.6,1990.0,1993.5,7712,KOTAKBANK
11047,2025-08-04 11:05:00+05:30,1993.5,1994.7,1990.7,1991.8,10072,KOTAKBANK
11048,2025-08-04 11:10:00+05:30,1992.0,1997.0,1991.5,1995.7,15808,KOTAKBANK
11049,2025-08-04 11:15:00+05:30,1995.9,1995.9,1993.8,1994.9,8009,KOTAKBANK
11050,2025-08-04 11:20:00+05:30,1994.4,1996.1,1993.7,1995.6,7225,KOTAKBANK
11051,2025-08-04 11:25:00+05:30,1995.6,1996.2,1994.5,1996.0,5746,KOTAKBANK
11052,2025-08-04 11:30:00+05:30,1995.9,1996.6,1994.8,1995.0,5588,KOTAKBANK
11053,2025-08-04 11:35:00+05:30,1995.1,1996.8,1993.9,1994.6,19291,KOTAKBANK
11054,2025-08-04 11:40:00+05:30,1994.6,1998.2,1994.1,1997.2,9299,KOTAKBANK
11055,2025-08-04 11:45:00+05:30,1997.3,1999.9,1997.1,1998.1,9235,KOTAKBANK
11056,2025-08-04 11:50:00+05:30,1998.2,1999.4,1997.2,1999.2,7819,KOTAKBANK
11057,2025-08-04 11:55:00+05:30,1999.3,1999.9,1998.5,1998.6,8497,KOTAKBANK
11058,2025-08-04 12:00:00+05:30,1998.6,1999.9,1996.7,1998.1,8983,KOTAKBANK
11059,2025-08-04 12:05:00+05:30,1998.1,1999.9,1997.3,1999.1,10335,KOTAKBANK
11060,2025-08-04 12:10:00+05:30,1999.2,2001.3,1998.3,2000.7,13241,KOTAKBANK
11061,2025-08-04 12:15:00+05:30,2000.7,2001.5,2000.3,2000.7,7503,KOTAKBANK
11062,2025-08-04 12:20:00+05:30,2000.8,2003.9,2000.1,2001.7,14201,KOTAKBANK
11063,2025-08-04 12:25:00+05:30,2001.7,2004.9,2001.2,2004.6,14682,KOTAKBANK
11064,2025-08-04 12:30:00+05:30,2004.2,2004.9,2002.9,2003.9,7087,KOTAKBANK
11065,2025-08-04 12:35:00+05:30,2003.9,2007.0,2003.5,2005.9,21646,KOTAKBANK
11066,2025-08-04 12:40:00+05:30,2006.0,2006.7,2003.5,2003.9,5260,KOTAKBANK
11067,2025-08-04 12:45:00+05:30,2003.8,2004.2,2000.7,2001.7,11593,KOTAKBANK
11068,2025-08-04 12:50:00+05:30,2001.7,2002.0,2000.0,2000.0,9721,KOTAKBANK
11069,2025-08-04 12:55:00+05:30,2000.0,2003.0,2000.0,2002.9,8288,KOTAKBANK
11070,2025-08-04 13:00:00+05:30,2002.9,2004.4,2001.2,2001.7,16456,KOTAKBANK
11071,2025-08-04 13:05:00+05:30,2001.7,2002.1,1999.6,2001.0,10043,KOTAKBANK
11072,2025-08-04 13:10:00+05:30,2000.7,2001.6,1998.9,2000.2,11390,KOTAKBANK
11073,2025-08-04 13:15:00+05:30,2000.2,2000.3,1997.8,1998.2,14947,KOTAKBANK
11074,2025-08-04 13:20:00+05:30,1998.1,1999.0,1996.8,1997.9,9220,KOTAKBANK
11075,2025-08-04 13:25:00+05:30,1997.6,1999.7,1995.3,1999.7,25080,KOTAKBANK
11076,2025-08-04 13:30:00+05:30,1999.5,2000.3,1998.5,1999.9,9601,KOTAKBANK
11077,2025-08-04 13:35:00+05:30,1999.8,2000.4,1999.0,1999.9,10269,KOTAKBANK
11078,2025-08-04 13:40:00+05:30,1999.5,2000.9,1999.2,2000.9,8805,KOTAKBANK
11079,2025-08-04 13:45:00+05:30,2000.7,2004.0,2000.7,2002.6,14799,KOTAKBANK
11080,2025-08-04 13:50:00+05:30,2002.5,2003.3,2000.7,2002.2,29987,KOTAKBANK
11081,2025-08-04 13:55:00+05:30,2001.9,2002.3,1999.9,2001.2,18844,KOTAKBANK
11082,2025-08-04 14:00:00+05:30,2001.0,2001.5,1997.1,1998.0,32344,KOTAKBANK
11083,2025-08-04 14:05:00+05:30,1998.1,1998.8,1997.0,1998.2,21762,KOTAKBANK
11084,2025-08-04 14:10:00+05:30,1998.2,2000.4,1997.8,2000.4,30451,KOTAKBANK
11085,2025-08-04 14:15:00+05:30,2000.0,2000.8,1999.0,1999.8,10296,KOTAKBANK
11086,2025-08-04 14:20:00+05:30,1999.8,2000.0,1996.9,1997.3,79925,KOTAKBANK
11087,2025-08-04 14:25:00+05:30,1997.1,1998.7,1997.1,1997.7,10684,KOTAKBANK
11088,2025-08-04 14:30:00+05:30,1997.7,2000.5,1997.0,1999.9,20349,KOTAKBANK
11089,2025-08-04 14:35:00+05:30,2000.0,2000.0,1997.8,1998.9,30977,KOTAKBANK
11090,2025-08-04 14:40:00+05:30,1998.7,1999.9,1996.5,1997.2,32424,KOTAKBANK
11091,2025-08-04 14:45:00+05:30,1997.2,1999.1,1995.0,1998.6,40913,KOTAKBANK
11092,2025-08-04 14:50:00+05:30,1998.3,1999.1,1996.3,1997.7,23957,KOTAKBANK
11093,2025-08-04 14:55:00+05:30,1996.9,1998.6,1995.1,1995.5,29498,KOTAKBANK
11094,2025-08-04 15:00:00+05:30,1995.5,1996.7,1994.0,1994.7,59816,KOTAKBANK
11095,2025-08-04 15:05:00+05:30,1994.7,1998.7,1994.3,1998.2,54063,KOTAKBANK
11096,2025-08-04 15:10:00+05:30,1998.1,1998.8,1995.4,1995.8,69948,KOTAKBANK
11097,2025-08-04 15:15:00+05:30,1995.8,1998.6,1995.7,1997.9,62407,KOTAKBANK
11098,2025-08-04 15:20:00+05:30,1997.6,1998.8,1996.9,1998.2,83182,KOTAKBANK
11099,2025-08-04 15:25:00+05:30,1998.2,2000.0,1996.1,1996.1,43962,KOTAKBANK
11100,2025-08-05 09:15:00+05:30,2008.0,2008.0,1997.1,2002.3,151904,KOTAKBANK
11101,2025-08-05 09:20:00+05:30,2002.3,2005.2,2000.0,2002.8,28504,KOTAKBANK
11102,2025-08-05 09:25:00+05:30,2002.9,2005.8,2000.6,2003.1,20473,KOTAKBANK
11103,2025-08-05 09:30:00+05:30,2003.1,2004.3,1999.8,2001.0,18391,KOTAKBANK
11104,2025-08-05 09:35:00+05:30,2000.8,2001.6,1998.7,1999.4,23794,KOTAKBANK
11105,2025-08-05 09:40:00+05:30,1999.4,2000.7,1998.5,1999.2,19447,KOTAKBANK
11106,2025-08-05 09:45:00+05:30,1999.1,1999.9,1997.0,1997.1,17654,KOTAKBANK
11107,2025-08-05 09:50:00+05:30,1997.1,2000.0,1997.0,1999.4,26157,KOTAKBANK
11108,2025-08-05 09:55:00+05:30,1999.4,2000.2,1997.8,1999.8,26512,KOTAKBANK
11109,2025-08-05 10:00:00+05:30,1999.7,2000.0,1998.9,1999.2,12247,KOTAKBANK
11110,2025-08-05 10:05:00+05:30,1999.2,2001.4,1999.1,2000.9,18097,KOTAKBANK
11111,2025-08-05 10:10:00+05:30,2001.0,2001.5,1997.2,1997.9,19043,KOTAKBANK
11112,2025-08-05 10:15:00+05:30,1997.7,2000.2,1997.0,1999.9,11290,KOTAKBANK
11113,2025-08-05 10:20:00+05:30,1999.7,2000.9,1999.4,1999.5,17255,KOTAKBANK
11114,2025-08-05 10:25:00+05:30,1999.7,2002.5,1998.7,2002.4,28178,KOTAKBANK
11115,2025-08-05 10:30:00+05:30,2002.4,2002.9,1999.8,2000.7,21092,KOTAKBANK
11116,2025-08-05 10:35:00+05:30,2000.6,2002.2,2000.1,2001.6,23299,KOTAKBANK
11117,2025-08-05 10:40:00+05:30,2001.6,2004.5,1999.3,2004.2,74409,KOTAKBANK
11118,2025-08-05 10:45:00+05:30,2004.1,2006.2,2003.5,2005.0,28194,KOTAKBANK
11119,2025-08-05 10:50:00+05:30,2005.0,2005.0,2002.0,2004.3,18013,KOTAKBANK
11120,2025-08-05 10:55:00+05:30,2004.3,2004.3,2000.8,2002.7,35733,KOTAKBANK
11121,2025-08-05 11:00:00+05:30,2002.6,2003.1,2002.1,2003.0,12623,KOTAKBANK
11122,2025-08-05 11:05:00+05:30,2003.0,2003.1,1999.7,2000.3,14363,KOTAKBANK
11123,2025-08-05 11:10:00+05:30,2000.0,2004.1,1999.7,2003.5,18886,KOTAKBANK
11124,2025-08-05 11:15:00+05:30,2003.5,2003.7,2001.7,2002.7,13271,KOTAKBANK
11125,2025-08-05 11:20:00+05:30,2002.4,2005.3,2000.7,2005.0,176264,KOTAKBANK
11126,2025-08-05 11:25:00+05:30,2005.0,2005.0,2002.8,2003.6,12692,KOTAKBANK
11127,2025-08-05 11:30:00+05:30,2003.4,2003.4,2001.2,2002.6,15496,KOTAKBANK
11128,2025-08-05 11:35:00+05:30,2002.6,2003.3,2001.2,2002.2,14241,KOTAKBANK
11129,2025-08-05 11:40:00+05:30,2002.2,2002.2,1999.1,2000.5,22284,KOTAKBANK
11130,2025-08-05 11:45:00+05:30,2000.4,2000.6,1999.1,1999.7,23546,KOTAKBANK
11131,2025-08-05 11:50:00+05:30,2000.3,2000.8,1998.5,2000.1,39946,KOTAKBANK
11132,2025-08-05 11:55:00+05:30,2000.3,2001.1,1999.4,2000.1,18032,KOTAKBANK
11133,2025-08-05 12:00:00+05:30,2000.0,2001.6,1999.5,2000.8,18329,KOTAKBANK
11134,2025-08-05 12:05:00+05:30,2000.8,2001.7,1999.2,2001.7,21427,KOTAKBANK
11135,2025-08-05 12:10:00+05:30,2001.6,2004.0,2000.8,2003.2,21701,KOTAKBANK
11136,2025-08-05 12:15:00+05:30,2003.1,2004.0,2001.5,2003.3,16423,KOTAKBANK
11137,2025-08-05 12:20:00+05:30,2003.2,2004.0,2001.1,2003.0,18494,KOTAKBANK
11138,2025-08-05 12:25:00+05:30,2002.7,2005.0,2001.7,2004.1,20616,KOTAKBANK
11139,2025-08-05 12:30:00+05:30,2004.0,2005.5,2000.7,2005.5,26686,KOTAKBANK
11140,2025-08-05 12:35:00+05:30,2005.5,2006.9,2003.2,2004.6,23422,KOTAKBANK
11141,2025-08-05 12:40:00+05:30,2004.3,2006.3,2004.0,2005.5,18921,KOTAKBANK
11142,2025-08-05 12:45:00+05:30,2005.3,2005.6,2003.3,2004.7,16284,KOTAKBANK
11143,2025-08-05 12:50:00+05:30,2004.7,2005.9,2003.2,2005.4,17273,KOTAKBANK
11144,2025-08-05 12:55:00+05:30,2005.4,2007.0,2004.0,2007.0,20475,KOTAKBANK
11145,2025-08-05 13:00:00+05:30,2006.7,2007.0,2004.3,2005.7,18496,KOTAKBANK
11146,2025-08-05 13:05:00+05:30,2005.5,2005.9,2003.5,2005.3,17617,KOTAKBANK
11147,2025-08-05 13:10:00+05:30,2005.0,2005.9,2003.3,2004.8,24949,KOTAKBANK
11148,2025-08-05 13:15:00+05:30,2005.0,2005.2,2001.9,2003.3,22832,KOTAKBANK
11149,2025-08-05 13:20:00+05:30,2003.3,2003.3,2000.5,2002.0,16836,KOTAKBANK
11150,2025-08-05 13:25:00+05:30,2002.0,2002.3,1999.5,2000.0,55768,KOTAKBANK
11151,2025-08-05 13:30:00+05:30,2000.0,2000.0,1998.2,1999.9,20222,KOTAKBANK
11152,2025-08-05 13:35:00+05:30,2000.0,2000.0,1996.1,1996.7,32530,KOTAKBANK
11153,2025-08-05 13:40:00+05:30,1996.6,1997.1,1994.8,1996.2,26465,KOTAKBANK
11154,2025-08-05 13:45:00+05:30,1996.1,1997.8,1995.0,1997.5,22340,KOTAKBANK
11155,2025-08-05 13:50:00+05:30,1997.4,1998.1,1995.7,1997.0,22637,KOTAKBANK
11156,2025-08-05 13:55:00+05:30,1996.8,1998.0,1995.7,1997.2,20614,KOTAKBANK
11157,2025-08-05 14:00:00+05:30,1997.2,1998.0,1995.5,1997.2,22973,KOTAKBANK
11158,2025-08-05 14:05:00+05:30,1997.0,1997.1,1994.8,1996.1,20235,KOTAKBANK
11159,2025-08-05 14:10:00+05:30,1996.1,1997.0,1994.8,1996.3,19422,KOTAKBANK
11160,2025-08-05 14:15:00+05:30,1996.1,1997.9,1994.9,1997.0,24763,KOTAKBANK
11161,2025-08-05 14:20:00+05:30,1997.2,1998.0,1995.7,1996.8,26374,KOTAKBANK
11162,2025-08-05 14:25:00+05:30,1996.6,1998.0,1994.8,1997.9,25090,KOTAKBANK
11163,2025-08-05 14:30:00+05:30,1997.6,2000.0,1996.5,1998.8,45887,KOTAKBANK
11164,2025-08-05 14:35:00+05:30,1998.8,2000.0,1997.9,1999.9,32045,KOTAKBANK
11165,2025-08-05 14:40:00+05:30,1999.5,2000.0,1998.0,1999.4,30068,KOTAKBANK
11166,2025-08-05 14:45:00+05:30,1999.1,1999.8,1995.8,1998.7,40592,KOTAKBANK
11167,2025-08-05 14:50:00+05:30,1998.7,2001.7,1996.7,1999.2,88723,KOTAKBANK
11168,2025-08-05 14:55:00+05:30,1999.1,2001.8,1998.2,2001.2,80060,KOTAKBANK
11169,2025-08-05 15:00:00+05:30,2001.2,2002.5,1999.9,2001.4,71761,KOTAKBANK
11170,2025-08-05 15:05:00+05:30,2001.5,2003.9,2001.4,2003.8,55513,KOTAKBANK
11171,2025-08-05 15:10:00+05:30,2003.8,2004.5,2002.1,2004.3,77932,KOTAKBANK
11172,2025-08-05 15:15:00+05:30,2004.3,2004.4,2001.5,2002.8,63930,KOTAKBANK
11173,2025-08-05 15:20:00+05:30,2002.9,2004.0,2001.4,2003.5,73350,KOTAKBANK
11174,2025-08-05 15:25:00+05:30,2003.4,2006.8,2002.0,2004.0,59877,KOTAKBANK
11175,2025-08-06 09:15:00+05:30,2003.0,2013.7,2001.4,2012.7,63214,KOTAKBANK
11176,2025-08-06 09:20:00+05:30,2012.7,2025.6,2012.4,2021.3,118897,KOTAKBANK
11177,2025-08-06 09:25:00+05:30,2022.0,2024.0,2015.9,2016.7,40942,KOTAKBANK
11178,2025-08-06 09:30:00+05:30,2016.7,2017.9,2012.0,2015.0,25984,KOTAKBANK
11179,2025-08-06 09:35:00+05:30,2014.9,2016.4,2013.4,2016.4,15817,KOTAKBANK
11180,2025-08-06 09:40:00+05:30,2016.3,2016.8,2014.2,2014.7,10198,KOTAKBANK
11181,2025-08-06 09:45:00+05:30,2014.7,2016.9,2011.9,2013.0,12160,KOTAKBANK
11182,2025-08-06 09:50:00+05:30,2013.0,2014.3,2010.4,2013.1,14161,KOTAKBANK
11183,2025-08-06 09:55:00+05:30,2013.1,2016.7,2012.5,2016.5,16243,KOTAKBANK
11184,2025-08-06 10:00:00+05:30,2016.0,2019.0,2013.5,2016.4,63321,KOTAKBANK
11185,2025-08-06 10:05:00+05:30,2016.9,2019.9,2015.4,2017.9,14309,KOTAKBANK
11186,2025-08-06 10:10:00+05:30,2017.9,2019.8,2016.0,2019.4,15885,KOTAKBANK
11187,2025-08-06 10:15:00+05:30,2019.7,2024.0,2018.3,2021.8,36214,KOTAKBANK
11188,2025-08-06 10:20:00+05:30,2022.0,2022.4,2018.5,2020.8,15216,KOTAKBANK
11189,2025-08-06 10:25:00+05:30,2020.9,2021.0,2018.3,2019.4,10651,KOTAKBANK
11190,2025-08-06 10:30:00+05:30,2019.5,2020.8,2018.7,2019.2,19658,KOTAKBANK
11191,2025-08-06 10:35:00+05:30,2019.7,2019.7,2015.0,2015.5,120849,KOTAKBANK
11192,2025-08-06 10:40:00+05:30,2015.8,2018.6,2014.0,2014.6,66191,KOTAKBANK
11193,2025-08-06 10:45:00+05:30,2014.5,2016.5,2014.0,2016.2,60243,KOTAKBANK
11194,2025-08-06 10:50:00+05:30,2016.2,2016.5,2012.1,2012.9,38398,KOTAKBANK
11195,2025-08-06 10:55:00+05:30,2012.9,2013.0,2008.0,2008.9,25650,KOTAKBANK
11196,2025-08-06 11:00:00+05:30,2008.8,2010.3,2007.1,2008.3,22713,KOTAKBANK
11197,2025-08-06 11:05:00+05:30,2008.3,2008.3,2005.1,2006.2,19745,KOTAKBANK
11198,2025-08-06 11:10:00+05:30,2006.2,2007.3,2001.3,2004.4,66179,KOTAKBANK
11199,2025-08-06 11:15:00+05:30,2004.5,2006.4,2003.2,2005.7,33151,KOTAKBANK
11200,2025-08-06 11:20:00+05:30,2005.6,2005.7,2002.5,2004.8,63695,KOTAKBANK
11201,2025-08-06 11:25:00+05:30,2004.8,2005.9,2003.0,2004.2,16199,KOTAKBANK
11202,2025-08-06 11:30:00+05:30,2004.2,2004.7,2000.1,2001.7,21374,KOTAKBANK
11203,2025-08-06 11:35:00+05:30,2001.8,2001.9,2000.2,2000.6,9217,KOTAKBANK
11204,2025-08-06 11:40:00+05:30,2000.7,2001.9,2000.5,2001.6,11529,KOTAKBANK
11205,2025-08-06 11:45:00+05:30,2001.4,2002.1,1998.5,2001.0,28756,KOTAKBANK
11206,2025-08-06 11:50:00+05:30,2001.1,2001.9,2000.1,2001.6,11759,KOTAKBANK
11207,2025-08-06 11:55:00+05:30,2001.6,2001.8,1996.4,1999.3,22782,KOTAKBANK
11208,2025-08-06 12:00:00+05:30,1999.3,2001.1,1997.6,2000.7,18533,KOTAKBANK
11209,2025-08-06 12:05:00+05:30,2000.7,2005.0,2000.5,2004.3,14124,KOTAKBANK
11210,2025-08-06 12:10:00+05:30,2004.3,2005.0,2003.4,2004.5,22354,KOTAKBANK
11211,2025-08-06 12:15:00+05:30,2004.5,2004.7,2003.4,2003.9,10039,KOTAKBANK
11212,2025-08-06 12:20:00+05:30,2004.0,2006.5,2003.5,2006.0,63107,KOTAKBANK
11213,2025-08-06 12:25:00+05:30,2006.1,2006.1,2000.7,2001.9,13390,KOTAKBANK
11214,2025-08-06 12:30:00+05:30,2001.9,2003.0,2001.0,2001.7,9868,KOTAKBANK
11215,2025-08-06 12:35:00+05:30,2002.2,2002.2,2000.0,2000.7,10517,KOTAKBANK
11216,2025-08-06 12:40:00+05:30,2000.5,2001.3,2000.0,2000.4,11318,KOTAKBANK
11217,2025-08-06 12:45:00+05:30,2000.3,2000.3,1999.0,2000.1,22297,KOTAKBANK
11218,2025-08-06 12:50:00+05:30,2000.0,2000.2,1998.2,1999.9,27186,KOTAKBANK
11219,2025-08-06 12:55:00+05:30,1999.9,2000.1,1998.3,2000.1,23578,KOTAKBANK
11220,2025-08-06 13:00:00+05:30,2000.0,2001.4,1998.9,2001.1,13522,KOTAKBANK
11221,2025-08-06 13:05:00+05:30,2001.0,2001.2,2000.0,2000.9,10968,KOTAKBANK
11222,2025-08-06 13:10:00+05:30,2000.9,2001.9,2000.0,2001.0,14611,KOTAKBANK
11223,2025-08-06 13:15:00+05:30,2000.6,2001.7,2000.0,2001.0,13873,KOTAKBANK
11224,2025-08-06 13:20:00+05:30,2000.8,2001.5,2000.0,2000.4,11693,KOTAKBANK
11225,2025-08-06 13:25:00+05:30,2000.3,2003.2,2000.0,2002.9,16025,KOTAKBANK
11226,2025-08-06 13:30:00+05:30,2002.9,2003.5,2000.9,2001.9,14246,KOTAKBANK
11227,2025-08-06 13:35:00+05:30,2001.8,2004.0,2000.7,2002.5,24480,KOTAKBANK
11228,2025-08-06 13:40:00+05:30,2002.5,2003.9,2000.3,2003.7,27338,KOTAKBANK
11229,2025-08-06 13:45:00+05:30,2003.7,2004.4,2001.8,2003.5,19998,KOTAKBANK
11230,2025-08-06 13:50:00+05:30,2003.4,2004.7,2002.5,2003.1,57989,KOTAKBANK
11231,2025-08-06 13:55:00+05:30,2003.1,2003.5,2001.6,2003.0,29144,KOTAKBANK
11232,2025-08-06 14:00:00+05:30,2003.0,2004.0,2002.0,2003.1,196140,KOTAKBANK
11233,2025-08-06 14:05:00+05:30,2003.1,2004.0,2002.5,2003.2,18977,KOTAKBANK
11234,2025-08-06 14:10:00+05:30,2003.1,2003.9,2000.9,2002.2,15630,KOTAKBANK
11235,2025-08-06 14:15:00+05:30,2002.1,2002.2,2000.0,2001.5,14751,KOTAKBANK
11236,2025-08-06 14:20:00+05:30,2001.5,2002.9,2001.0,2002.5,16274,KOTAKBANK
11237,2025-08-06 14:25:00+05:30,2002.2,2003.0,1999.8,2000.4,18138,KOTAKBANK
11238,2025-08-06 14:30:00+05:30,2000.4,2000.4,1998.9,2000.1,21230,KOTAKBANK
11239,2025-08-06 14:35:00+05:30,2000.1,2000.1,1997.0,1999.3,56554,KOTAKBANK
11240,2025-08-06 14:40:00+05:30,1999.2,1999.2,1996.6,1997.0,22120,KOTAKBANK
11241,2025-08-06 14:45:00+05:30,1997.0,1997.1,1992.7,1994.4,28790,KOTAKBANK
11242,2025-08-06 14:50:00+05:30,1994.4,1998.7,1993.1,1996.9,27778,KOTAKBANK
11243,2025-08-06 14:55:00+05:30,1997.0,1998.8,1996.1,1998.1,31876,KOTAKBANK
11244,2025-08-06 15:00:00+05:30,1998.1,2000.6,1996.5,1999.2,59149,KOTAKBANK
11245,2025-08-06 15:05:00+05:30,1999.2,2001.9,1999.1,2001.2,44499,KOTAKBANK
11246,2025-08-06 15:10:00+05:30,2001.1,2004.8,1999.0,2003.4,292159,KOTAKBANK
11247,2025-08-06 15:15:00+05:30,2003.8,2005.0,2002.7,2004.5,56206,KOTAKBANK
11248,2025-08-06 15:20:00+05:30,2004.5,2006.0,2000.8,2001.2,74933,KOTAKBANK
11249,2025-08-06 15:25:00+05:30,2001.3,2004.7,2000.0,2003.9,35577,KOTAKBANK
11250,2025-08-07 09:15:00+05:30,1981.0,1986.0,1965.0,1984.5,11561260,KOTAKBANK
11251,2025-08-07 09:20:00+05:30,1984.6,1984.6,1971.1,1972.8,198362,KOTAKBANK
11252,2025-08-07 09:25:00+05:30,1972.8,1979.4,1970.8,1979.4,135096,KOTAKBANK
11253,2025-08-07 09:30:00+05:30,1979.3,1980.7,1976.0,1977.7,83761,KOTAKBANK
11254,2025-08-07 09:35:00+05:30,1977.4,1977.4,1970.1,1971.6,46625,KOTAKBANK
11255,2025-08-07 09:40:00+05:30,1971.6,1975.9,1970.5,1975.5,48319,KOTAKBANK
11256,2025-08-07 09:45:00+05:30,1975.0,1975.8,1974.0,1974.1,15699,KOTAKBANK
11257,2025-08-07 09:50:00+05:30,1974.1,1974.2,1970.0,1971.6,24523,KOTAKBANK
11258,2025-08-07 09:55:00+05:30,1971.6,1978.2,1971.1,1977.5,53428,KOTAKBANK
11259,2025-08-07 10:00:00+05:30,1977.4,1977.5,1975.8,1976.0,16887,KOTAKBANK
11260,2025-08-07 10:05:00+05:30,1976.0,1977.1,1975.3,1977.0,32761,KOTAKBANK
11261,2025-08-07 10:10:00+05:30,1977.0,1981.7,1977.0,1981.7,97721,KOTAKBANK
11262,2025-08-07 10:15:00+05:30,1981.5,1984.0,1979.9,1980.0,33491,KOTAKBANK
11263,2025-08-07 10:20:00+05:30,1980.0,1983.1,1980.0,1982.4,38549,KOTAKBANK
11264,2025-08-07 10:25:00+05:30,1982.5,1983.1,1980.7,1980.7,24174,KOTAKBANK
11265,2025-08-07 10:30:00+05:30,1980.8,1982.7,1980.0,1981.7,30093,KOTAKBANK
11266,2025-08-07 10:35:00+05:30,1981.7,1982.7,1980.2,1982.1,23499,KOTAKBANK
11267,2025-08-07 10:40:00+05:30,1982.1,1984.1,1980.0,1981.2,143970,KOTAKBANK
11268,2025-08-07 10:45:00+05:30,1981.2,1981.4,1980.0,1981.1,54036,KOTAKBANK
11269,2025-08-07 10:50:00+05:30,1981.1,1983.3,1981.0,1983.1,29629,KOTAKBANK
11270,2025-08-07 10:55:00+05:30,1983.1,1987.0,1982.8,1985.1,23534,KOTAKBANK
11271,2025-08-07 11:00:00+05:30,1985.1,1986.9,1984.7,1985.0,23607,KOTAKBANK
11272,2025-08-07 11:05:00+05:30,1985.0,1985.9,1982.0,1982.0,88529,KOTAKBANK
11273,2025-08-07 11:10:00+05:30,1982.0,1984.2,1980.6,1982.9,34401,KOTAKBANK
11274,2025-08-07 11:15:00+05:30,1983.1,1984.2,1981.6,1982.0,16531,KOTAKBANK
11275,2025-08-07 11:20:00+05:30,1982.1,1984.3,1982.0,1983.8,18734,KOTAKBANK
11276,2025-08-07 11:25:00+05:30,1983.8,1985.5,1982.4,1982.5,25723,KOTAKBANK
11277,2025-08-07 11:30:00+05:30,1982.8,1985.9,1982.3,1985.2,20916,KOTAKBANK
11278,2025-08-07 11:35:00+05:30,1985.5,1988.7,1984.0,1988.4,27007,KOTAKBANK
11279,2025-08-07 11:40:00+05:30,1988.7,1989.9,1984.3,1985.1,31117,KOTAKBANK
11280,2025-08-07 11:45:00+05:30,1985.0,1985.0,1981.8,1984.0,26974,KOTAKBANK
11281,2025-08-07 11:50:00+05:30,1983.9,1985.0,1983.6,1984.8,10489,KOTAKBANK
11282,2025-08-07 11:55:00+05:30,1984.9,1985.2,1984.0,1984.9,9707,KOTAKBANK
11283,2025-08-07 12:00:00+05:30,1985.0,1985.5,1983.1,1985.1,9787,KOTAKBANK
11284,2025-08-07 12:05:00+05:30,1985.1,1986.7,1984.9,1985.8,17415,KOTAKBANK
11285,2025-08-07 12:10:00+05:30,1986.0,1988.3,1985.7,1987.5,11729,KOTAKBANK
11286,2025-08-07 12:15:00+05:30,1987.1,1987.4,1985.1,1985.6,12205,KOTAKBANK
11287,2025-08-07 12:20:00+05:30,1985.5,1987.6,1985.2,1986.4,18459,KOTAKBANK
11288,2025-08-07 12:25:00+05:30,1986.7,1987.0,1985.0,1987.0,12404,KOTAKBANK
11289,2025-08-07 12:30:00+05:30,1986.9,1987.7,1984.8,1985.3,14332,KOTAKBANK
11290,2025-08-07 12:35:00+05:30,1985.3,1988.4,1984.5,1988.2,29404,KOTAKBANK
11291,2025-08-07 12:40:00+05:30,1988.3,1988.9,1985.6,1986.6,54633,KOTAKBANK
11292,2025-08-07 12:45:00+05:30,1987.0,1988.5,1985.6,1987.2,26318,KOTAKBANK
11293,2025-08-07 12:50:00+05:30,1987.2,1989.5,1987.1,1989.1,25118,KOTAKBANK
11294,2025-08-07 12:55:00+05:30,1989.3,1989.5,1988.0,1989.1,26483,KOTAKBANK
11295,2025-08-07 13:00:00+05:30,1989.1,1989.1,1988.0,1989.0,29507,KOTAKBANK
11296,2025-08-07 13:05:00+05:30,1988.8,1989.5,1987.8,1988.3,27214,KOTAKBANK
11297,2025-08-07 13:10:00+05:30,1988.9,1989.9,1988.1,1989.9,27880,KOTAKBANK
11298,2025-08-07 13:15:00+05:30,1989.7,1991.9,1988.5,1991.2,42842,KOTAKBANK
11299,2025-08-07 13:20:00+05:30,1991.2,1991.9,1989.0,1989.8,31362,KOTAKBANK
11300,2025-08-07 13:25:00+05:30,1989.9,1991.6,1989.9,1990.3,25412,KOTAKBANK
11301,2025-08-07 13:30:00+05:30,1990.5,1992.9,1988.8,1991.0,34932,KOTAKBANK
11302,2025-08-07 13:35:00+05:30,1991.0,1991.0,1989.2,1990.3,26354,KOTAKBANK
11303,2025-08-07 13:40:00+05:30,1990.9,1992.7,1990.0,1991.8,29629,KOTAKBANK
11304,2025-08-07 13:45:00+05:30,1991.4,1992.4,1989.2,1991.1,27350,KOTAKBANK
11305,2025-08-07 13:50:00+05:30,1991.1,1991.9,1990.0,1991.5,22901,KOTAKBANK
11306,2025-08-07 13:55:00+05:30,1991.9,1993.3,1991.4,1992.0,25234,KOTAKBANK
11307,2025-08-07 14:00:00+05:30,1992.0,1993.5,1991.7,1993.2,24736,KOTAKBANK
11308,2025-08-07 14:05:00+05:30,1993.1,1993.4,1986.7,1987.5,48334,KOTAKBANK
11309,2025-08-07 14:10:00+05:30,1987.4,1990.0,1985.8,1988.5,64520,KOTAKBANK
11310,2025-08-07 14:15:00+05:30,1988.4,1992.7,1988.0,1991.4,47248,KOTAKBANK
11311,2025-08-07 14:20:00+05:30,1991.3,1993.9,1988.3,1989.5,57271,KOTAKBANK
11312,2025-08-07 14:25:00+05:30,1989.5,1990.8,1988.7,1990.7,44340,KOTAKBANK
11313,2025-08-07 14:30:00+05:30,1990.7,1991.4,1989.3,1990.7,32678,KOTAKBANK
11314,2025-08-07 14:35:00+05:30,1991.2,1994.3,1990.2,1993.5,46026,KOTAKBANK
11315,2025-08-07 14:40:00+05:30,1993.7,1994.6,1990.6,1991.9,70941,KOTAKBANK
11316,2025-08-07 14:45:00+05:30,1991.9,1991.9,1988.9,1989.5,32354,KOTAKBANK
11317,2025-08-07 14:50:00+05:30,1990.0,1992.1,1989.8,1990.4,33093,KOTAKBANK
11318,2025-08-07 14:55:00+05:30,1990.7,1990.7,1988.3,1990.1,37035,KOTAKBANK
11319,2025-08-07 15:00:00+05:30,1990.2,1991.7,1990.0,1991.1,50810,KOTAKBANK
11320,2025-08-07 15:05:00+05:30,1991.4,1992.8,1990.9,1991.9,50099,KOTAKBANK
11321,2025-08-07 15:10:00+05:30,1991.7,1993.2,1990.3,1990.9,59846,KOTAKBANK
11322,2025-08-07 15:15:00+05:30,1990.9,1993.0,1990.8,1991.8,63672,KOTAKBANK
11323,2025-08-07 15:20:00+05:30,1991.8,1993.9,1991.4,1993.2,64140,KOTAKBANK
11324,2025-08-07 15:25:00+05:30,1993.1,1995.5,1990.4,1994.2,62902,KOTAKBANK
11325,2025-08-08 09:15:00+05:30,1993.9,1999.5,1990.4,1992.3,33349,KOTAKBANK
11326,2025-08-08 09:20:00+05:30,1992.4,1994.0,1988.4,1988.5,15047,KOTAKBANK
11327,2025-08-08 09:25:00+05:30,1988.5,1990.0,1987.5,1988.0,9386,KOTAKBANK
11328,2025-08-08 09:30:00+05:30,1988.0,1991.9,1987.5,1990.7,8738,KOTAKBANK
11329,2025-08-08 09:35:00+05:30,1990.7,1992.0,1990.0,1990.0,8751,KOTAKBANK
11330,2025-08-08 09:40:00+05:30,1990.0,1990.2,1987.8,1988.1,9610,KOTAKBANK
11331,2025-08-08 09:45:00+05:30,1988.1,1988.1,1985.5,1986.1,9995,KOTAKBANK
11332,2025-08-08 09:50:00+05:30,1985.8,1986.3,1982.0,1983.2,10701,KOTAKBANK
11333,2025-08-08 09:55:00+05:30,1983.0,1989.0,1983.0,1989.0,13388,KOTAKBANK
11334,2025-08-08 10:00:00+05:30,1989.0,1989.6,1981.1,1981.7,13621,KOTAKBANK
11335,2025-08-08 10:05:00+05:30,1981.8,1982.3,1977.7,1978.5,13049,KOTAKBANK
11336,2025-08-08 10:10:00+05:30,1979.3,1979.7,1976.8,1977.6,6115,KOTAKBANK
11337,2025-08-08 10:15:00+05:30,1977.6,1978.1,1976.0,1977.0,8275,KOTAKBANK
11338,2025-08-08 10:20:00+05:30,1977.1,1978.4,1975.0,1977.6,7310,KOTAKBANK
11339,2025-08-08 10:25:00+05:30,1977.6,1980.3,1976.8,1979.7,9364,KOTAKBANK
11340,2025-08-08 10:30:00+05:30,1979.7,1979.9,1974.3,1976.0,8372,KOTAKBANK
11341,2025-08-08 10:35:00+05:30,1975.8,1976.5,1975.3,1976.0,6229,KOTAKBANK
11342,2025-08-08 10:40:00+05:30,1976.3,1976.5,1975.0,1975.9,5898,KOTAKBANK
11343,2025-08-08 10:45:00+05:30,1975.9,1975.9,1972.2,1973.2,26871,KOTAKBANK
11344,2025-08-08 10:50:00+05:30,1973.3,1975.1,1973.3,1975.1,6354,KOTAKBANK
11345,2025-08-08 10:55:00+05:30,1975.1,1975.8,1973.8,1975.3,13068,KOTAKBANK
11346,2025-08-08 11:00:00+05:30,1975.4,1976.4,1974.0,1975.2,166416,KOTAKBANK
11347,2025-08-08 11:05:00+05:30,1975.3,1975.3,1971.1,1973.0,17241,KOTAKBANK
11348,2025-08-08 11:10:00+05:30,1973.2,1973.7,1971.1,1972.5,10518,KOTAKBANK
11349,2025-08-08 11:15:00+05:30,1972.2,1972.7,1970.4,1970.4,10066,KOTAKBANK
11350,2025-08-08 11:20:00+05:30,1970.5,1970.8,1969.0,1969.1,13160,KOTAKBANK
11351,2025-08-08 11:25:00+05:30,1969.2,1970.4,1968.3,1970.1,11148,KOTAKBANK
11352,2025-08-08 11:30:00+05:30,1970.2,1970.3,1969.0,1969.5,7965,KOTAKBANK
11353,2025-08-08 11:35:00+05:30,1969.6,1969.7,1968.1,1968.3,9667,KOTAKBANK
11354,2025-08-08 11:40:00+05:30,1968.3,1968.4,1966.2,1968.2,15056,KOTAKBANK
11355,2025-08-08 11:45:00+05:30,1968.3,1971.3,1968.2,1970.1,29302,KOTAKBANK
11356,2025-08-08 11:50:00+05:30,1970.2,1971.2,1969.6,1970.6,11628,KOTAKBANK
11357,2025-08-08 11:55:00+05:30,1970.7,1971.0,1968.6,1969.6,23780,KOTAKBANK
11358,2025-08-08 12:00:00+05:30,1969.6,1969.7,1968.2,1968.7,8512,KOTAKBANK
11359,2025-08-08 12:05:00+05:30,1968.7,1969.1,1967.0,1968.5,16335,KOTAKBANK
11360,2025-08-08 12:10:00+05:30,1968.8,1969.8,1966.9,1966.9,16938,KOTAKBANK
11361,2025-08-08 12:15:00+05:30,1967.0,1968.7,1967.0,1967.6,6678,KOTAKBANK
11362,2025-08-08 12:20:00+05:30,1967.7,1968.3,1966.6,1967.8,5335,KOTAKBANK
11363,2025-08-08 12:25:00+05:30,1967.8,1969.4,1967.2,1968.4,5742,KOTAKBANK
11364,2025-08-08 12:30:00+05:30,1968.4,1970.0,1968.0,1968.2,6424,KOTAKBANK
11365,2025-08-08 12:35:00+05:30,1968.2,1970.3,1968.1,1968.8,13959,KOTAKBANK
11366,2025-08-08 12:40:00+05:30,1968.2,1970.6,1968.0,1969.0,21004,KOTAKBANK
11367,2025-08-08 12:45:00+05:30,1968.9,1970.4,1968.4,1969.9,24008,KOTAKBANK
11368,2025-08-08 12:50:00+05:30,1969.9,1970.0,1968.0,1969.9,17872,KOTAKBANK
11369,2025-08-08 12:55:00+05:30,1969.9,1970.2,1968.8,1969.3,17980,KOTAKBANK
11370,2025-08-08 13:00:00+05:30,1969.2,1969.4,1966.1,1968.3,24360,KOTAKBANK
11371,2025-08-08 13:05:00+05:30,1968.2,1968.3,1965.7,1965.9,70804,KOTAKBANK
11372,2025-08-08 13:10:00+05:30,1965.9,1966.3,1963.7,1965.7,35177,KOTAKBANK
11373,2025-08-08 13:15:00+05:30,1965.6,1966.6,1965.2,1966.1,23472,KOTAKBANK
11374,2025-08-08 13:20:00+05:30,1966.0,1966.9,1965.5,1966.1,10700,KOTAKBANK
11375,2025-08-08 13:25:00+05:30,1966.1,1966.6,1964.3,1965.0,27025,KOTAKBANK
11376,2025-08-08 13:30:00+05:30,1965.0,1966.3,1964.2,1965.3,15083,KOTAKBANK
11377,2025-08-08 13:35:00+05:30,1965.3,1968.2,1965.3,1967.8,10764,KOTAKBANK
11378,2025-08-08 13:40:00+05:30,1967.8,1969.2,1966.6,1968.4,8603,KOTAKBANK
11379,2025-08-08 13:45:00+05:30,1968.4,1968.8,1966.2,1967.5,22916,KOTAKBANK
11380,2025-08-08 13:50:00+05:30,1967.5,1968.4,1966.7,1967.9,7935,KOTAKBANK
11381,2025-08-08 13:55:00+05:30,1967.6,1967.8,1966.4,1967.2,13863,KOTAKBANK
11382,2025-08-08 14:00:00+05:30,1967.1,1968.8,1966.5,1968.6,13475,KOTAKBANK
11383,2025-08-08 14:05:00+05:30,1968.4,1969.0,1964.3,1964.5,35640,KOTAKBANK
11384,2025-08-08 14:10:00+05:30,1964.4,1965.5,1960.2,1962.9,49140,KOTAKBANK
11385,2025-08-08 14:15:00+05:30,1962.8,1965.2,1961.6,1963.9,16516,KOTAKBANK
11386,2025-08-08 14:20:00+05:30,1963.7,1964.0,1960.4,1960.9,55238,KOTAKBANK
11387,2025-08-08 14:25:00+05:30,1960.9,1961.3,1959.2,1960.6,41027,KOTAKBANK
11388,2025-08-08 14:30:00+05:30,1960.6,1962.1,1959.1,1960.1,44803,KOTAKBANK
11389,2025-08-08 14:35:00+05:30,1960.1,1961.4,1959.3,1960.9,70170,KOTAKBANK
11390,2025-08-08 14:40:00+05:30,1960.9,1961.5,1960.0,1960.7,40271,KOTAKBANK
11391,2025-08-08 14:45:00+05:30,1960.7,1961.5,1959.2,1959.2,48243,KOTAKBANK
11392,2025-08-08 14:50:00+05:30,1959.4,1959.4,1957.2,1957.9,91657,KOTAKBANK
11393,2025-08-08 14:55:00+05:30,1957.9,1958.2,1956.4,1957.0,27298,KOTAKBANK
11394,2025-08-08 15:00:00+05:30,1956.9,1957.0,1954.3,1956.0,127767,KOTAKBANK
11395,2025-08-08 15:05:00+05:30,1956.0,1956.2,1951.4,1951.7,144053,KOTAKBANK
11396,2025-08-08 15:10:00+05:30,1951.6,1952.1,1948.2,1951.1,149804,KOTAKBANK
11397,2025-08-08 15:15:00+05:30,1951.1,1955.6,1950.4,1950.7,117929,KOTAKBANK
11398,2025-08-08 15:20:00+05:30,1950.7,1951.3,1949.1,1949.7,60591,KOTAKBANK
11399,2025-08-08 15:25:00+05:30,1949.7,1956.7,1949.1,1955.0,51078,KOTAKBANK
11400,2025-08-11 09:15:00+05:30,1964.0,1966.2,1957.0,1957.6,56307,KOTAKBANK
11401,2025-08-11 09:20:00+05:30,1957.5,1961.0,1956.4,1958.7,19863,KOTAKBANK
11402,2025-08-11 09:25:00+05:30,1958.6,1964.5,1958.3,1962.0,23127,KOTAKBANK
11403,2025-08-11 09:30:00+05:30,1962.2,1967.2,1960.0,1966.3,17490,KOTAKBANK
11404,2025-08-11 09:35:00+05:30,1966.8,1968.5,1965.0,1965.0,18947,KOTAKBANK
11405,2025-08-11 09:40:00+05:30,1965.0,1965.2,1959.4,1962.0,26011,KOTAKBANK
11406,2025-08-11 09:45:00+05:30,1962.0,1962.4,1956.6,1956.9,28928,KOTAKBANK
11407,2025-08-11 09:50:00+05:30,1957.0,1959.6,1956.8,1958.9,23728,KOTAKBANK
11408,2025-08-11 09:55:00+05:30,1958.9,1962.1,1958.2,1960.4,71561,KOTAKBANK
11409,2025-08-11 10:00:00+05:30,1960.4,1964.6,1960.0,1964.6,12656,KOTAKBANK
11410,2025-08-11 10:05:00+05:30,1964.6,1965.9,1961.9,1962.3,20359,KOTAKBANK
11411,2025-08-11 10:10:00+05:30,1962.3,1968.0,1961.2,1967.9,26348,KOTAKBANK
11412,2025-08-11 10:15:00+05:30,1968.1,1968.9,1965.9,1966.2,21523,KOTAKBANK
11413,2025-08-11 10:20:00+05:30,1966.3,1968.9,1965.2,1968.8,18187,KOTAKBANK
11414,2025-08-11 10:25:00+05:30,1968.9,1969.9,1967.7,1969.4,16543,KOTAKBANK
11415,2025-08-11 10:30:00+05:30,1969.4,1973.4,1969.1,1972.8,28665,KOTAKBANK
11416,2025-08-11 10:35:00+05:30,1972.9,1974.4,1971.8,1974.3,21441,KOTAKBANK
11417,2025-08-11 10:40:00+05:30,1974.3,1974.4,1967.4,1968.3,33733,KOTAKBANK
11418,2025-08-11 10:45:00+05:30,1968.3,1970.4,1968.3,1969.8,19197,KOTAKBANK
11419,2025-08-11 10:50:00+05:30,1969.8,1972.2,1969.6,1971.3,23729,KOTAKBANK
11420,2025-08-11 10:55:00+05:30,1971.4,1972.2,1969.9,1971.3,21591,KOTAKBANK
11421,2025-08-11 11:00:00+05:30,1971.3,1972.8,1971.0,1972.6,14992,KOTAKBANK
11422,2025-08-11 11:05:00+05:30,1972.5,1972.9,1970.1,1971.8,29462,KOTAKBANK
11423,2025-08-11 11:10:00+05:30,1971.9,1972.0,1969.4,1970.6,20558,KOTAKBANK
11424,2025-08-11 11:15:00+05:30,1970.6,1973.2,1969.4,1973.0,18091,KOTAKBANK
11425,2025-08-11 11:20:00+05:30,1973.2,1976.2,1972.6,1976.1,24247,KOTAKBANK
11426,2025-08-11 11:25:00+05:30,1976.2,1976.2,1974.7,1975.4,13257,KOTAKBANK
11427,2025-08-11 11:30:00+05:30,1975.4,1977.0,1974.1,1974.2,60363,KOTAKBANK
11428,2025-08-11 11:35:00+05:30,1974.3,1974.8,1971.1,1972.9,31998,KOTAKBANK
11429,2025-08-11 11:40:00+05:30,1973.0,1973.5,1971.0,1971.7,14076,KOTAKBANK
11430,2025-08-11 11:45:00+05:30,1971.4,1971.7,1966.7,1967.4,29254,KOTAKBANK
11431,2025-08-11 11:50:00+05:30,1967.4,1968.1,1965.5,1966.4,16352,KOTAKBANK
11432,2025-08-11 11:55:00+05:30,1966.5,1968.5,1966.5,1967.3,13659,KOTAKBANK
11433,2025-08-11 12:00:00+05:30,1967.4,1968.0,1967.0,1967.3,13499,KOTAKBANK
11434,2025-08-11 12:05:00+05:30,1967.2,1967.3,1964.8,1965.1,13294,KOTAKBANK
11435,2025-08-11 12:10:00+05:30,1965.1,1966.5,1963.1,1964.7,18662,KOTAKBANK
11436,2025-08-11 12:15:00+05:30,1964.7,1966.0,1963.9,1965.2,12070,KOTAKBANK
11437,2025-08-11 12:20:00+05:30,1965.3,1966.0,1964.6,1965.2,24584,KOTAKBANK
11438,2025-08-11 12:25:00+05:30,1965.5,1965.9,1964.3,1964.9,20651,KOTAKBANK
11439,2025-08-11 12:30:00+05:30,1965.0,1965.0,1963.6,1964.7,17037,KOTAKBANK
11440,2025-08-11 12:35:00+05:30,1964.7,1966.8,1964.5,1965.7,38406,KOTAKBANK
11441,2025-08-11 12:40:00+05:30,1966.0,1967.3,1964.9,1965.5,13427,KOTAKBANK
11442,2025-08-11 12:45:00+05:30,1965.6,1967.5,1965.4,1966.8,10725,KOTAKBANK
11443,2025-08-11 12:50:00+05:30,1967.1,1967.1,1962.4,1964.2,32163,KOTAKBANK
11444,2025-08-11 12:55:00+05:30,1964.3,1965.0,1962.9,1963.5,30036,KOTAKBANK
11445,2025-08-11 13:00:00+05:30,1963.8,1966.9,1963.5,1964.3,21598,KOTAKBANK
11446,2025-08-11 13:05:00+05:30,1964.4,1966.8,1964.0,1966.3,49479,KOTAKBANK
11447,2025-08-11 13:10:00+05:30,1966.3,1966.5,1963.1,1964.2,48810,KOTAKBANK
11448,2025-08-11 13:15:00+05:30,1964.3,1965.0,1963.5,1964.4,12472,KOTAKBANK
11449,2025-08-11 13:20:00+05:30,1964.3,1965.0,1963.5,1964.9,17332,KOTAKBANK
11450,2025-08-11 13:25:00+05:30,1964.9,1968.2,1964.5,1967.2,36710,KOTAKBANK
11451,2025-08-11 13:30:00+05:30,1967.4,1968.0,1964.2,1966.1,69529,KOTAKBANK
11452,2025-08-11 13:35:00+05:30,1966.3,1967.1,1964.0,1965.7,65278,KOTAKBANK
11453,2025-08-11 13:40:00+05:30,1965.7,1967.3,1965.3,1965.7,15437,KOTAKBANK
11454,2025-08-11 13:45:00+05:30,1965.8,1966.1,1965.2,1965.8,17318,KOTAKBANK
11455,2025-08-11 13:50:00+05:30,1966.0,1966.2,1964.7,1965.2,26706,KOTAKBANK
11456,2025-08-11 13:55:00+05:30,1965.2,1965.5,1964.4,1965.0,15876,KOTAKBANK
11457,2025-08-11 14:00:00+05:30,1965.0,1965.2,1964.5,1965.0,24479,KOTAKBANK
11458,2025-08-11 14:05:00+05:30,1965.0,1967.5,1964.7,1965.0,48644,KOTAKBANK
11459,2025-08-11 14:10:00+05:30,1965.0,1965.2,1964.5,1965.2,23898,KOTAKBANK
11460,2025-08-11 14:15:00+05:30,1965.3,1966.4,1964.0,1965.1,113983,KOTAKBANK
11461,2025-08-11 14:20:00+05:30,1965.1,1965.3,1963.7,1965.0,17436,KOTAKBANK
11462,2025-08-11 14:25:00+05:30,1965.0,1965.1,1964.1,1964.8,18979,KOTAKBANK
11463,2025-08-11 14:30:00+05:30,1964.8,1968.2,1964.7,1966.4,22621,KOTAKBANK
11464,2025-08-11 14:35:00+05:30,1966.4,1969.3,1965.9,1968.1,34426,KOTAKBANK
11465,2025-08-11 14:40:00+05:30,1968.5,1969.7,1967.8,1969.5,18615,KOTAKBANK
11466,2025-08-11 14:45:00+05:30,1969.5,1970.6,1969.1,1969.7,25762,KOTAKBANK
11467,2025-08-11 14:50:00+05:30,1969.8,1970.8,1969.0,1970.0,27001,KOTAKBANK
11468,2025-08-11 14:55:00+05:30,1970.0,1970.5,1968.5,1969.5,18845,KOTAKBANK
11469,2025-08-11 15:00:00+05:30,1969.3,1971.7,1968.6,1971.2,39069,KOTAKBANK
11470,2025-08-11 15:05:00+05:30,1971.1,1972.1,1970.9,1971.3,37275,KOTAKBANK
11471,2025-08-11 15:10:00+05:30,1971.3,1971.7,1969.6,1970.8,53946,KOTAKBANK
11472,2025-08-11 15:15:00+05:30,1970.8,1971.2,1969.0,1969.3,51911,KOTAKBANK
11473,2025-08-11 15:20:00+05:30,1969.2,1972.1,1969.2,1969.5,47918,KOTAKBANK
11474,2025-08-11 15:25:00+05:30,1969.4,2024.0,1959.3,1963.1,98286,KOTAKBANK
11475,2025-08-12 09:15:00+05:30,1975.0,1975.0,1961.0,1966.9,28880,KOTAKBANK
11476,2025-08-12 09:20:00+05:30,1967.2,1972.3,1966.6,1972.0,17430,KOTAKBANK
11477,2025-08-12 09:25:00+05:30,1972.3,1974.8,1971.1,1974.5,15569,KOTAKBANK
11478,2025-08-12 09:30:00+05:30,1974.5,1981.0,1973.1,1980.4,25901,KOTAKBANK
11479,2025-08-12 09:35:00+05:30,1980.6,1981.7,1978.1,1979.0,9377,KOTAKBANK
11480,2025-08-12 09:40:00+05:30,1979.1,1981.0,1978.3,1981.0,6320,KOTAKBANK
11481,2025-08-12 09:45:00+05:30,1980.9,1982.6,1978.6,1979.2,10647,KOTAKBANK
11482,2025-08-12 09:50:00+05:30,1979.5,1982.0,1978.3,1981.5,10293,KOTAKBANK
11483,2025-08-12 09:55:00+05:30,1981.8,1982.5,1980.6,1982.1,5099,KOTAKBANK
11484,2025-08-12 10:00:00+05:30,1982.5,1985.4,1981.6,1983.6,14014,KOTAKBANK
11485,2025-08-12 10:05:00+05:30,1983.7,1985.6,1983.7,1984.8,11242,KOTAKBANK
11486,2025-08-12 10:10:00+05:30,1984.5,1985.9,1981.0,1982.0,12880,KOTAKBANK
11487,2025-08-12 10:15:00+05:30,1982.2,1984.3,1977.0,1978.1,25373,KOTAKBANK
11488,2025-08-12 10:20:00+05:30,1978.2,1981.2,1977.7,1979.7,5318,KOTAKBANK
11489,2025-08-12 10:25:00+05:30,1979.7,1980.9,1975.0,1976.9,15979,KOTAKBANK
11490,2025-08-12 10:30:00+05:30,1976.9,1976.9,1971.0,1972.2,25845,KOTAKBANK
11491,2025-08-12 10:35:00+05:30,1971.9,1974.6,1971.5,1974.6,4388,KOTAKBANK
11492,2025-08-12 10:40:00+05:30,1974.2,1975.5,1971.7,1973.1,27612,KOTAKBANK
11493,2025-08-12 10:45:00+05:30,1973.1,1975.5,1972.0,1973.8,7519,KOTAKBANK
11494,2025-08-12 10:50:00+05:30,1973.8,1974.5,1972.3,1972.8,6886,KOTAKBANK
11495,2025-08-12 10:55:00+05:30,1972.7,1973.9,1969.7,1970.1,20558,KOTAKBANK
11496,2025-08-12 11:00:00+05:30,1970.8,1970.8,1967.1,1967.8,7383,KOTAKBANK
11497,2025-08-12 11:05:00+05:30,1967.7,1969.2,1966.0,1968.4,9090,KOTAKBANK
11498,2025-08-12 11:10:00+05:30,1968.5,1969.3,1967.2,1968.6,6771,KOTAKBANK
11499,2025-08-12 11:15:00+05:30,1968.7,1972.5,1968.1,1969.5,13877,KOTAKBANK
11500,2025-08-12 11:20:00+05:30,1969.7,1970.0,1967.5,1967.8,19209,KOTAKBANK
11501,2025-08-12 11:25:00+05:30,1967.9,1968.5,1966.0,1966.4,15937,KOTAKBANK
11502,2025-08-12 11:30:00+05:30,1966.5,1968.0,1965.2,1966.4,19359,KOTAKBANK
11503,2025-08-12 11:35:00+05:30,1966.5,1968.0,1966.4,1966.9,12794,KOTAKBANK
11504,2025-08-12 11:40:00+05:30,1966.9,1970.0,1966.5,1969.7,30955,KOTAKBANK
11505,2025-08-12 11:45:00+05:30,1969.3,1969.7,1965.6,1965.6,39689,KOTAKBANK
11506,2025-08-12 11:50:00+05:30,1966.0,1967.5,1965.4,1967.0,4460,KOTAKBANK
11507,2025-08-12 11:55:00+05:30,1966.9,1967.3,1966.6,1966.9,9908,KOTAKBANK
11508,2025-08-12 12:00:00+05:30,1966.9,1967.0,1966.0,1966.3,5539,KOTAKBANK
11509,2025-08-12 12:05:00+05:30,1966.4,1968.0,1965.8,1966.7,21243,KOTAKBANK
11510,2025-08-12 12:10:00+05:30,1966.9,1967.0,1965.9,1966.9,8645,KOTAKBANK
11511,2025-08-12 12:15:00+05:30,1967.0,1969.5,1966.6,1969.5,13296,KOTAKBANK
11512,2025-08-12 12:20:00+05:30,1969.5,1971.2,1968.2,1970.0,32571,KOTAKBANK
11513,2025-08-12 12:25:00+05:30,1970.0,1971.3,1969.0,1969.9,13384,KOTAKBANK
11514,2025-08-12 12:30:00+05:30,1970.0,1971.1,1969.6,1970.4,8929,KOTAKBANK
11515,2025-08-12 12:35:00+05:30,1970.3,1972.1,1970.3,1971.6,10345,KOTAKBANK
11516,2025-08-12 12:40:00+05:30,1971.3,1973.0,1971.0,1972.8,8932,KOTAKBANK
11517,2025-08-12 12:45:00+05:30,1972.8,1975.2,1972.1,1974.4,16130,KOTAKBANK
11518,2025-08-12 12:50:00+05:30,1973.9,1975.6,1973.2,1974.7,11747,KOTAKBANK
11519,2025-08-12 12:55:00+05:30,1974.8,1975.0,1969.3,1969.8,24882,KOTAKBANK
11520,2025-08-12 13:00:00+05:30,1969.4,1970.5,1969.0,1970.2,13319,KOTAKBANK
11521,2025-08-12 13:05:00+05:30,1970.3,1972.0,1969.2,1970.1,66626,KOTAKBANK
11522,2025-08-12 13:10:00+05:30,1970.0,1972.3,1969.0,1969.2,34223,KOTAKBANK
11523,2025-08-12 13:15:00+05:30,1969.2,1969.4,1965.2,1965.9,13117,KOTAKBANK
11524,2025-08-12 13:20:00+05:30,1965.9,1968.7,1965.4,1966.2,14283,KOTAKBANK
11525,2025-08-12 13:25:00+05:30,1966.2,1967.3,1963.6,1965.7,22016,KOTAKBANK
11526,2025-08-12 13:30:00+05:30,1965.7,1966.3,1964.7,1964.7,7584,KOTAKBANK
11527,2025-08-12 13:35:00+05:30,1964.7,1966.0,1964.7,1965.7,7338,KOTAKBANK
11528,2025-08-12 13:40:00+05:30,1965.7,1966.4,1964.1,1965.5,8527,KOTAKBANK
11529,2025-08-12 13:45:00+05:30,1964.7,1965.9,1963.5,1964.7,8394,KOTAKBANK
11530,2025-08-12 13:50:00+05:30,1964.8,1966.3,1964.4,1965.6,10378,KOTAKBANK
11531,2025-08-12 13:55:00+05:30,1965.6,1969.6,1965.1,1968.6,23529,KOTAKBANK
11532,2025-08-12 14:00:00+05:30,1968.9,1969.4,1965.9,1966.2,11743,KOTAKBANK
11533,2025-08-12 14:05:00+05:30,1966.0,1968.0,1964.6,1964.8,30575,KOTAKBANK
11534,2025-08-12 14:10:00+05:30,1965.0,1965.0,1962.6,1964.4,17490,KOTAKBANK
11535,2025-08-12 14:15:00+05:30,1964.3,1964.9,1962.6,1963.5,44073,KOTAKBANK
11536,2025-08-12 14:20:00+05:30,1963.5,1964.3,1961.1,1961.4,21849,KOTAKBANK
11537,2025-08-12 14:25:00+05:30,1961.3,1965.8,1961.0,1965.0,67474,KOTAKBANK
11538,2025-08-12 14:30:00+05:30,1965.0,1965.5,1959.3,1960.0,40931,KOTAKBANK
11539,2025-08-12 14:35:00+05:30,1959.7,1962.0,1959.0,1961.7,11960,KOTAKBANK
11540,2025-08-12 14:40:00+05:30,1961.7,1961.7,1959.1,1959.6,23205,KOTAKBANK
11541,2025-08-12 14:45:00+05:30,1959.7,1961.0,1958.5,1959.0,18951,KOTAKBANK
11542,2025-08-12 14:50:00+05:30,1959.1,1959.7,1958.1,1958.4,23013,KOTAKBANK
11543,2025-08-12 14:55:00+05:30,1958.3,1961.6,1958.2,1960.3,34600,KOTAKBANK
11544,2025-08-12 15:00:00+05:30,1960.3,1960.4,1956.4,1956.6,72295,KOTAKBANK
11545,2025-08-12 15:05:00+05:30,1957.0,1959.4,1956.6,1958.9,46796,KOTAKBANK
11546,2025-08-12 15:10:00+05:30,1958.9,1959.8,1958.3,1959.4,48282,KOTAKBANK
11547,2025-08-12 15:15:00+05:30,1959.5,1960.8,1959.0,1960.3,57925,KOTAKBANK
11548,2025-08-12 15:20:00+05:30,1960.0,1960.3,1959.0,1959.3,48710,KOTAKBANK
11549,2025-08-12 15:25:00+05:30,1959.3,1959.9,1958.2,1959.4,56385,KOTAKBANK
11550,2025-08-13 09:15:00+05:30,1968.0,1970.9,1962.2,1967.3,103339,KOTAKBANK
11551,2025-08-13 09:20:00+05:30,1966.9,1969.6,1966.8,1968.6,13211,KOTAKBANK
11552,2025-08-13 09:25:00+05:30,1968.6,1969.9,1968.1,1969.9,8570,KOTAKBANK
11553,2025-08-13 09:30:00+05:30,1969.9,1971.8,1969.2,1971.1,11237,KOTAKBANK
11554,2025-08-13 09:35:00+05:30,1971.3,1972.9,1970.1,1972.6,10478,KOTAKBANK
11555,2025-08-13 09:40:00+05:30,1972.9,1973.9,1970.6,1971.2,10303,KOTAKBANK
11556,2025-08-13 09:45:00+05:30,1971.5,1973.3,1971.1,1973.1,6730,KOTAKBANK
11557,2025-08-13 09:50:00+05:30,1973.3,1976.7,1973.3,1975.4,34490,KOTAKBANK
11558,2025-08-13 09:55:00+05:30,1975.4,1977.9,1975.0,1976.7,18711,KOTAKBANK
11559,2025-08-13 10:00:00+05:30,1977.0,1977.5,1975.7,1976.7,7581,KOTAKBANK
11560,2025-08-13 10:05:00+05:30,1976.7,1976.8,1975.7,1975.8,2931,KOTAKBANK
11561,2025-08-13 10:10:00+05:30,1975.9,1975.9,1973.2,1975.1,50024,KOTAKBANK
11562,2025-08-13 10:15:00+05:30,1975.2,1977.0,1973.7,1975.0,31212,KOTAKBANK
11563,2025-08-13 10:20:00+05:30,1975.3,1977.0,1973.7,1976.6,37312,KOTAKBANK
11564,2025-08-13 10:25:00+05:30,1976.7,1979.5,1976.5,1978.3,23897,KOTAKBANK
11565,2025-08-13 10:30:00+05:30,1978.6,1979.0,1977.0,1977.1,8011,KOTAKBANK
11566,2025-08-13 10:35:00+05:30,1977.1,1978.2,1976.3,1978.2,7880,KOTAKBANK
11567,2025-08-13 10:40:00+05:30,1977.9,1978.4,1976.5,1977.7,7681,KOTAKBANK
11568,2025-08-13 10:45:00+05:30,1977.9,1978.1,1973.0,1975.7,191040,KOTAKBANK
11569,2025-08-13 10:50:00+05:30,1976.0,1979.0,1976.0,1978.8,56928,KOTAKBANK
11570,2025-08-13 10:55:00+05:30,1978.8,1982.0,1976.4,1981.8,71544,KOTAKBANK
11571,2025-08-13 11:00:00+05:30,1982.0,1986.4,1981.8,1986.2,143891,KOTAKBANK
11572,2025-08-13 11:05:00+05:30,1986.2,1989.8,1986.0,1988.3,24958,KOTAKBANK
11573,2025-08-13 11:10:00+05:30,1988.4,1992.1,1987.5,1990.8,125186,KOTAKBANK
11574,2025-08-13 11:15:00+05:30,1990.9,1993.0,1990.0,1992.7,62199,KOTAKBANK
11575,2025-08-13 11:20:00+05:30,1992.7,1996.1,1991.9,1995.3,216264,KOTAKBANK
11576,2025-08-13 11:25:00+05:30,1995.3,1996.0,1994.0,1994.0,42153,KOTAKBANK
11577,2025-08-13 11:30:00+05:30,1994.0,1996.3,1994.0,1995.0,116853,KOTAKBANK
11578,2025-08-13 11:35:00+05:30,1995.1,1995.5,1989.6,1989.6,89863,KOTAKBANK
11579,2025-08-13 11:40:00+05:30,1989.7,1991.7,1985.0,1986.0,38136,KOTAKBANK
11580,2025-08-13 11:45:00+05:30,1985.6,1986.9,1985.0,1985.5,10562,KOTAKBANK
11581,2025-08-13 11:50:00+05:30,1985.6,1986.0,1982.0,1985.0,16459,KOTAKBANK
11582,2025-08-13 11:55:00+05:30,1985.0,1985.4,1983.7,1983.9,13279,KOTAKBANK
11583,2025-08-13 12:00:00+05:30,1984.0,1984.8,1978.6,1980.4,39983,KOTAKBANK
11584,2025-08-13 12:05:00+05:30,1980.1,1983.3,1979.5,1982.1,11453,KOTAKBANK
11585,2025-08-13 12:10:00+05:30,1982.0,1983.6,1981.9,1982.7,12110,KOTAKBANK
11586,2025-08-13 12:15:00+05:30,1982.8,1983.3,1982.3,1982.9,8920,KOTAKBANK
11587,2025-08-13 12:20:00+05:30,1982.7,1985.3,1981.0,1982.5,22118,KOTAKBANK
11588,2025-08-13 12:25:00+05:30,1982.5,1984.0,1980.8,1983.5,11550,KOTAKBANK
11589,2025-08-13 12:30:00+05:30,1983.4,1985.7,1983.0,1984.4,19022,KOTAKBANK
11590,2025-08-13 12:35:00+05:30,1984.4,1984.9,1982.8,1984.6,9502,KOTAKBANK
11591,2025-08-13 12:40:00+05:30,1984.4,1985.0,1984.3,1985.0,7428,KOTAKBANK
11592,2025-08-13 12:45:00+05:30,1985.0,1986.4,1984.6,1984.7,58023,KOTAKBANK
11593,2025-08-13 12:50:00+05:30,1985.0,1986.5,1984.7,1986.4,9598,KOTAKBANK
11594,2025-08-13 12:55:00+05:30,1986.4,1988.1,1986.0,1987.7,7935,KOTAKBANK
11595,2025-08-13 13:00:00+05:30,1987.5,1988.9,1987.5,1988.5,5433,KOTAKBANK
11596,2025-08-13 13:05:00+05:30,1988.3,1990.1,1987.7,1988.9,6868,KOTAKBANK
11597,2025-08-13 13:10:00+05:30,1988.9,1990.1,1985.8,1986.1,9996,KOTAKBANK
11598,2025-08-13 13:15:00+05:30,1986.1,1987.8,1984.0,1985.5,8476,KOTAKBANK
11599,2025-08-13 13:20:00+05:30,1985.5,1985.9,1982.5,1982.8,13462,KOTAKBANK
11600,2025-08-13 13:25:00+05:30,1982.7,1987.0,1982.4,1986.7,14498,KOTAKBANK
11601,2025-08-13 13:30:00+05:30,1986.7,1987.8,1985.0,1986.0,10517,KOTAKBANK
11602,2025-08-13 13:35:00+05:30,1986.0,1987.2,1985.8,1986.7,4004,KOTAKBANK
11603,2025-08-13 13:40:00+05:30,1986.9,1987.9,1985.5,1986.4,9102,KOTAKBANK
11604,2025-08-13 13:45:00+05:30,1986.1,1987.8,1985.5,1987.0,4854,KOTAKBANK
11605,2025-08-13 13:50:00+05:30,1987.0,1987.3,1985.9,1986.2,4833,KOTAKBANK
11606,2025-08-13 13:55:00+05:30,1986.2,1987.3,1986.0,1986.8,4024,KOTAKBANK
11607,2025-08-13 14:00:00+05:30,1986.8,1988.7,1986.5,1987.4,10428,KOTAKBANK
11608,2025-08-13 14:05:00+05:30,1987.4,1987.4,1985.2,1985.6,5115,KOTAKBANK
11609,2025-08-13 14:10:00+05:30,1986.0,1986.3,1983.6,1985.3,13295,KOTAKBANK
11610,2025-08-13 14:15:00+05:30,1985.2,1985.7,1983.8,1985.1,12378,KOTAKBANK
11611,2025-08-13 14:20:00+05:30,1985.1,1985.3,1982.8,1985.2,58030,KOTAKBANK
11612,2025-08-13 14:25:00+05:30,1985.2,1986.0,1983.8,1984.8,26337,KOTAKBANK
11613,2025-08-13 14:30:00+05:30,1984.8,1984.8,1983.0,1984.0,9835,KOTAKBANK
11614,2025-08-13 14:35:00+05:30,1984.0,1984.0,1981.4,1982.6,12241,KOTAKBANK
11615,2025-08-13 14:40:00+05:30,1982.6,1987.2,1981.4,1987.0,56458,KOTAKBANK
11616,2025-08-13 14:45:00+05:30,1986.4,1987.0,1984.0,1986.2,40760,KOTAKBANK
11617,2025-08-13 14:50:00+05:30,1986.0,1988.8,1984.6,1987.3,75249,KOTAKBANK
11618,2025-08-13 14:55:00+05:30,1987.3,1990.7,1986.7,1988.6,137495,KOTAKBANK
11619,2025-08-13 15:00:00+05:30,1988.5,1988.9,1985.5,1986.1,50873,KOTAKBANK
11620,2025-08-13 15:05:00+05:30,1986.1,1988.2,1985.3,1987.3,47855,KOTAKBANK
11621,2025-08-13 15:10:00+05:30,1987.2,1988.6,1987.1,1988.0,43454,KOTAKBANK
11622,2025-08-13 15:15:00+05:30,1988.0,1988.8,1986.4,1987.4,60344,KOTAKBANK
11623,2025-08-13 15:20:00+05:30,1987.4,1988.8,1987.0,1988.5,100095,KOTAKBANK
11624,2025-08-13 15:25:00+05:30,1988.5,1989.2,1985.1,1988.7,59868,KOTAKBANK
11625,2025-08-14 09:15:00+05:30,1988.0,1991.6,1975.5,1977.1,71332,KOTAKBANK
11626,2025-08-14 09:20:00+05:30,1977.7,1983.0,1975.9,1982.2,32643,KOTAKBANK
11627,2025-08-14 09:25:00+05:30,1982.1,1985.1,1981.8,1984.4,32757,KOTAKBANK
11628,2025-08-14 09:30:00+05:30,1983.7,1984.7,1981.8,1984.1,21899,KOTAKBANK
11629,2025-08-14 09:35:00+05:30,1984.1,1986.3,1983.7,1985.6,14937,KOTAKBANK
11630,2025-08-14 09:40:00+05:30,1985.7,1990.0,1985.6,1989.2,17374,KOTAKBANK
11631,2025-08-14 09:45:00+05:30,1989.2,1990.7,1989.2,1990.6,46641,KOTAKBANK
11632,2025-08-14 09:50:00+05:30,1990.6,1991.0,1987.3,1989.6,16189,KOTAKBANK
11633,2025-08-14 09:55:00+05:30,1989.6,1989.9,1986.3,1986.4,8091,KOTAKBANK
11634,2025-08-14 10:00:00+05:30,1986.9,1989.5,1986.0,1987.1,13412,KOTAKBANK
11635,2025-08-14 10:05:00+05:30,1987.1,1989.4,1986.4,1987.5,9904,KOTAKBANK
11636,2025-08-14 10:10:00+05:30,1987.5,1989.2,1987.0,1987.5,9663,KOTAKBANK
11637,2025-08-14 10:15:00+05:30,1987.5,1990.2,1986.9,1988.7,16752,KOTAKBANK
11638,2025-08-14 10:20:00+05:30,1988.7,1991.6,1988.4,1989.7,15611,KOTAKBANK
11639,2025-08-14 10:25:00+05:30,1989.8,1993.5,1989.8,1990.7,41627,KOTAKBANK
11640,2025-08-14 10:30:00+05:30,1990.7,1990.8,1989.7,1990.0,9050,KOTAKBANK
11641,2025-08-14 10:35:00+05:30,1990.5,1990.5,1989.8,1990.0,45939,KOTAKBANK
11642,2025-08-14 10:40:00+05:30,1990.1,1990.1,1988.6,1988.6,34399,KOTAKBANK
11643,2025-08-14 10:45:00+05:30,1988.6,1990.3,1987.2,1990.1,16391,KOTAKBANK
11644,2025-08-14 10:50:00+05:30,1990.2,1990.4,1987.6,1987.8,77368,KOTAKBANK
11645,2025-08-14 10:55:00+05:30,1987.8,1990.0,1985.5,1986.8,83407,KOTAKBANK
11646,2025-08-14 11:00:00+05:30,1987.1,1989.5,1986.0,1986.9,9147,KOTAKBANK
11647,2025-08-14 11:05:00+05:30,1986.9,1989.5,1983.9,1985.0,53747,KOTAKBANK
11648,2025-08-14 11:10:00+05:30,1985.0,1985.3,1983.2,1983.6,7367,KOTAKBANK
11649,2025-08-14 11:15:00+05:30,1983.6,1987.5,1983.2,1986.8,18510,KOTAKBANK
11650,2025-08-14 11:20:00+05:30,1987.2,1988.5,1984.2,1984.5,98262,KOTAKBANK
11651,2025-08-14 11:25:00+05:30,1984.6,1984.9,1983.4,1984.4,6156,KOTAKBANK
11652,2025-08-14 11:30:00+05:30,1984.4,1986.2,1979.6,1980.5,55437,KOTAKBANK
11653,2025-08-14 11:35:00+05:30,1980.5,1982.4,1978.0,1979.9,57196,KOTAKBANK
11654,2025-08-14 11:40:00+05:30,1979.9,1981.0,1978.4,1979.5,11079,KOTAKBANK
11655,2025-08-14 11:45:00+05:30,1979.3,1980.0,1978.7,1980.0,15147,KOTAKBANK
11656,2025-08-14 11:50:00+05:30,1980.0,1980.7,1979.7,1980.3,51937,KOTAKBANK
11657,2025-08-14 11:55:00+05:30,1980.2,1981.4,1980.0,1981.2,5868,KOTAKBANK
11658,2025-08-14 12:00:00+05:30,1981.2,1982.8,1980.8,1980.8,15161,KOTAKBANK
11659,2025-08-14 12:05:00+05:30,1980.8,1981.7,1979.8,1980.0,11664,KOTAKBANK
11660,2025-08-14 12:10:00+05:30,1980.9,1980.9,1979.6,1979.9,4686,KOTAKBANK
11661,2025-08-14 12:15:00+05:30,1979.9,1980.9,1979.9,1980.1,7590,KOTAKBANK
11662,2025-08-14 12:20:00+05:30,1980.1,1980.8,1979.6,1979.7,4573,KOTAKBANK
11663,2025-08-14 12:25:00+05:30,1979.7,1980.8,1978.7,1980.3,14445,KOTAKBANK
11664,2025-08-14 12:30:00+05:30,1980.3,1981.4,1979.7,1981.1,5288,KOTAKBANK
11665,2025-08-14 12:35:00+05:30,1981.4,1982.3,1981.0,1981.4,6199,KOTAKBANK
11666,2025-08-14 12:40:00+05:30,1981.4,1982.8,1981.4,1982.2,6938,KOTAKBANK
11667,2025-08-14 12:45:00+05:30,1982.2,1982.4,1982.0,1982.0,5390,KOTAKBANK
11668,2025-08-14 12:50:00+05:30,1982.1,1984.0,1982.0,1983.4,6367,KOTAKBANK
11669,2025-08-14 12:55:00+05:30,1983.4,1985.2,1982.8,1983.4,10380,KOTAKBANK
11670,2025-08-14 13:00:00+05:30,1983.4,1983.8,1981.9,1982.1,26714,KOTAKBANK
11671,2025-08-14 13:05:00+05:30,1982.1,1982.5,1981.1,1982.2,23910,KOTAKBANK
11672,2025-08-14 13:10:00+05:30,1981.9,1983.4,1981.0,1982.0,11705,KOTAKBANK
11673,2025-08-14 13:15:00+05:30,1982.4,1983.4,1981.0,1982.1,22764,KOTAKBANK
11674,2025-08-14 13:20:00+05:30,1982.1,1982.4,1980.0,1981.4,29385,KOTAKBANK
11675,2025-08-14 13:25:00+05:30,1981.4,1981.5,1980.5,1980.6,5482,KOTAKBANK
11676,2025-08-14 13:30:00+05:30,1981.1,1981.6,1980.0,1980.6,17878,KOTAKBANK
11677,2025-08-14 13:35:00+05:30,1980.6,1983.0,1980.5,1981.9,12732,KOTAKBANK
11678,2025-08-14 13:40:00+05:30,1981.9,1982.0,1980.7,1981.1,5799,KOTAKBANK
11679,2025-08-14 13:45:00+05:30,1981.1,1981.1,1980.0,1980.4,7208,KOTAKBANK
11680,2025-08-14 13:50:00+05:30,1980.4,1981.6,1980.0,1980.3,9914,KOTAKBANK
11681,2025-08-14 13:55:00+05:30,1980.0,1980.8,1979.8,1980.1,29094,KOTAKBANK
11682,2025-08-14 14:00:00+05:30,1980.1,1980.3,1979.2,1980.1,54266,KOTAKBANK
11683,2025-08-14 14:05:00+05:30,1980.0,1981.2,1977.8,1979.3,35281,KOTAKBANK
11684,2025-08-14 14:10:00+05:30,1979.0,1980.2,1978.4,1979.7,14648,KOTAKBANK
11685,2025-08-14 14:15:00+05:30,1979.7,1980.3,1979.2,1980.0,16747,KOTAKBANK
11686,2025-08-14 14:20:00+05:30,1980.1,1980.1,1979.7,1980.0,15173,KOTAKBANK
11687,2025-08-14 14:25:00+05:30,1980.0,1980.1,1977.7,1978.9,19482,KOTAKBANK
11688,2025-08-14 14:30:00+05:30,1978.9,1979.6,1976.8,1978.7,29863,KOTAKBANK
11689,2025-08-14 14:35:00+05:30,1978.7,1980.0,1978.3,1979.7,29160,KOTAKBANK
11690,2025-08-14 14:40:00+05:30,1979.7,1979.9,1978.1,1978.9,14683,KOTAKBANK
11691,2025-08-14 14:45:00+05:30,1979.2,1981.2,1978.9,1979.4,25811,KOTAKBANK
11692,2025-08-14 14:50:00+05:30,1979.7,1981.0,1978.9,1980.0,24598,KOTAKBANK
11693,2025-08-14 14:55:00+05:30,1980.1,1980.1,1979.1,1979.8,25760,KOTAKBANK
11694,2025-08-14 15:00:00+05:30,1979.7,1980.7,1977.7,1978.8,48049,KOTAKBANK
11695,2025-08-14 15:05:00+05:30,1978.8,1978.8,1976.8,1977.6,48670,KOTAKBANK
11696,2025-08-14 15:10:00+05:30,1977.6,1978.4,1976.6,1977.8,69010,KOTAKBANK
11697,2025-08-14 15:15:00+05:30,1977.8,1978.3,1976.7,1977.5,56778,KOTAKBANK
11698,2025-08-14 15:20:00+05:30,1977.6,1979.7,1976.8,1978.8,86415,KOTAKBANK
11699,2025-08-14 15:25:00+05:30,1978.9,1982.9,1978.0,1980.0,43338,KOTAKBANK
11700,2025-08-18 09:15:00+05:30,1997.9,2008.8,1997.1,2004.0,167103,KOTAKBANK
11701,2025-08-18 09:20:00+05:30,2004.1,2012.3,2004.0,2006.8,117532,KOTAKBANK
11702,2025-08-18 09:25:00+05:30,2006.8,2008.7,2002.0,2006.9,82988,KOTAKBANK
11703,2025-08-18 09:30:00+05:30,2006.5,2011.0,2006.3,2009.4,82865,KOTAKBANK
11704,2025-08-18 09:35:00+05:30,2009.4,2011.2,2003.6,2006.2,33937,KOTAKBANK
11705,2025-08-18 09:40:00+05:30,2005.7,2007.5,2005.4,2007.1,24737,KOTAKBANK
11706,2025-08-18 09:45:00+05:30,2007.3,2015.3,2007.1,2014.2,43928,KOTAKBANK
11707,2025-08-18 09:50:00+05:30,2014.2,2015.6,2009.5,2009.8,21125,KOTAKBANK
11708,2025-08-18 09:55:00+05:30,2009.8,2011.4,2008.9,2010.2,15179,KOTAKBANK
11709,2025-08-18 10:00:00+05:30,2010.5,2011.2,2009.7,2010.1,19089,KOTAKBANK
11710,2025-08-18 10:05:00+05:30,2010.0,2011.0,2008.8,2010.0,56634,KOTAKBANK
11711,2025-08-18 10:10:00+05:30,2010.1,2010.9,2008.0,2009.4,13703,KOTAKBANK
11712,2025-08-18 10:15:00+05:30,2009.3,2012.6,2008.8,2012.4,18751,KOTAKBANK
11713,2025-08-18 10:20:00+05:30,2012.4,2015.2,2011.7,2012.0,21092,KOTAKBANK
11714,2025-08-18 10:25:00+05:30,2012.0,2013.5,2009.6,2013.2,28809,KOTAKBANK
11715,2025-08-18 10:30:00+05:30,2013.2,2016.8,2013.0,2013.7,32021,KOTAKBANK
11716,2025-08-18 10:35:00+05:30,2013.6,2014.0,2013.0,2013.5,11445,KOTAKBANK
11717,2025-08-18 10:40:00+05:30,2013.6,2016.5,2013.0,2013.7,22655,KOTAKBANK
11718,2025-08-18 10:45:00+05:30,2013.7,2014.0,2010.0,2011.1,126399,KOTAKBANK
11719,2025-08-18 10:50:00+05:30,2011.2,2013.0,2008.9,2012.8,24978,KOTAKBANK
11720,2025-08-18 10:55:00+05:30,2012.9,2016.2,2010.5,2016.2,74200,KOTAKBANK
11721,2025-08-18 11:00:00+05:30,2016.0,2018.8,2014.2,2014.5,36571,KOTAKBANK
11722,2025-08-18 11:05:00+05:30,2014.4,2014.8,2012.0,2014.7,109347,KOTAKBANK
11723,2025-08-18 11:10:00+05:30,2014.6,2018.8,2013.3,2018.1,198064,KOTAKBANK
11724,2025-08-18 11:15:00+05:30,2017.9,2022.3,2015.5,2020.8,81941,KOTAKBANK
11725,2025-08-18 11:20:00+05:30,2020.7,2026.0,2019.3,2020.4,104173,KOTAKBANK
11726,2025-08-18 11:25:00+05:30,2020.5,2021.3,2017.8,2020.3,62553,KOTAKBANK
11727,2025-08-18 11:30:00+05:30,2020.6,2021.7,2020.0,2020.0,15019,KOTAKBANK
11728,2025-08-18 11:35:00+05:30,2020.0,2020.9,2020.0,2020.0,14349,KOTAKBANK
11729,2025-08-18 11:40:00+05:30,2020.1,2020.8,2019.7,2020.5,19309,KOTAKBANK
11730,2025-08-18 11:45:00+05:30,2020.5,2021.2,2020.0,2020.8,14348,KOTAKBANK
11731,2025-08-18 11:50:00+05:30,2020.7,2023.5,2019.9,2021.2,57616,KOTAKBANK
11732,2025-08-18 11:55:00+05:30,2021.3,2022.5,2020.2,2021.3,38325,KOTAKBANK
11733,2025-08-18 12:00:00+05:30,2021.3,2021.4,2019.4,2020.2,28805,KOTAKBANK
11734,2025-08-18 12:05:00+05:30,2020.7,2020.8,2015.9,2017.2,45606,KOTAKBANK
11735,2025-08-18 12:10:00+05:30,2017.2,2018.1,2013.9,2014.5,58824,KOTAKBANK
11736,2025-08-18 12:15:00+05:30,2014.6,2014.6,2011.8,2014.1,71235,KOTAKBANK
11737,2025-08-18 12:20:00+05:30,2014.1,2015.3,2013.1,2015.2,25830,KOTAKBANK
11738,2025-08-18 12:25:00+05:30,2015.2,2017.0,2015.0,2016.2,67292,KOTAKBANK
11739,2025-08-18 12:30:00+05:30,2016.2,2016.6,2009.2,2010.0,113960,KOTAKBANK
11740,2025-08-18 12:35:00+05:30,2010.1,2011.2,2007.4,2008.5,65384,KOTAKBANK
11741,2025-08-18 12:40:00+05:30,2008.5,2012.0,2006.9,2009.1,125219,KOTAKBANK
11742,2025-08-18 12:45:00+05:30,2009.2,2010.0,2005.6,2006.5,30169,KOTAKBANK
11743,2025-08-18 12:50:00+05:30,2006.6,2008.8,2006.6,2007.0,25835,KOTAKBANK
11744,2025-08-18 12:55:00+05:30,2007.1,2010.0,2006.1,2009.7,40977,KOTAKBANK
11745,2025-08-18 13:00:00+05:30,2009.9,2010.2,2008.1,2010.0,22993,KOTAKBANK
11746,2025-08-18 13:05:00+05:30,2009.9,2012.7,2009.3,2011.2,27203,KOTAKBANK
11747,2025-08-18 13:10:00+05:30,2011.2,2011.8,2007.7,2008.1,42830,KOTAKBANK
11748,2025-08-18 13:15:00+05:30,2008.1,2008.7,1998.9,2003.6,95678,KOTAKBANK
11749,2025-08-18 13:20:00+05:30,2003.7,2006.0,2002.6,2003.5,34023,KOTAKBANK
11750,2025-08-18 13:25:00+05:30,2003.4,2004.6,2001.7,2003.7,29041,KOTAKBANK
11751,2025-08-18 13:30:00+05:30,2003.9,2005.3,2003.3,2003.9,20274,KOTAKBANK
11752,2025-08-18 13:35:00+05:30,2004.2,2006.7,2003.5,2005.8,17769,KOTAKBANK
11753,2025-08-18 13:40:00+05:30,2005.9,2007.3,2004.0,2004.7,23650,KOTAKBANK
11754,2025-08-18 13:45:00+05:30,2004.7,2004.8,2002.2,2003.8,17254,KOTAKBANK
11755,2025-08-18 13:50:00+05:30,2003.8,2004.6,2002.3,2003.5,16093,KOTAKBANK
11756,2025-08-18 13:55:00+05:30,2003.6,2004.4,2001.5,2003.8,20989,KOTAKBANK
11757,2025-08-18 14:00:00+05:30,2003.8,2006.7,2002.3,2006.6,40527,KOTAKBANK
11758,2025-08-18 14:05:00+05:30,2006.7,2007.0,2005.0,2005.9,24002,KOTAKBANK
11759,2025-08-18 14:10:00+05:30,2005.9,2006.9,2004.1,2004.2,36800,KOTAKBANK
11760,2025-08-18 14:15:00+05:30,2004.3,2005.4,2003.4,2004.8,22750,KOTAKBANK
11761,2025-08-18 14:20:00+05:30,2004.8,2005.0,2003.1,2004.5,17209,KOTAKBANK
11762,2025-08-18 14:25:00+05:30,2004.5,2004.6,2002.9,2003.0,19513,KOTAKBANK
11763,2025-08-18 14:30:00+05:30,2003.0,2004.3,2001.0,2001.2,32789,KOTAKBANK
11764,2025-08-18 14:35:00+05:30,2001.2,2005.8,2001.2,2005.5,110479,KOTAKBANK
11765,2025-08-18 14:40:00+05:30,2005.6,2006.6,2002.6,2003.4,54183,KOTAKBANK
11766,2025-08-18 14:45:00+05:30,2003.4,2004.6,2001.2,2003.0,60642,KOTAKBANK
11767,2025-08-18 14:50:00+05:30,2003.0,2003.7,2001.4,2002.4,61899,KOTAKBANK
11768,2025-08-18 14:55:00+05:30,2002.5,2004.7,2001.1,2004.3,56290,KOTAKBANK
11769,2025-08-18 15:00:00+05:30,2004.3,2005.3,2001.9,2003.0,154580,KOTAKBANK
11770,2025-08-18 15:05:00+05:30,2003.3,2004.8,2001.7,2003.3,145143,KOTAKBANK
11771,2025-08-18 15:10:00+05:30,2003.2,2004.2,1999.0,1999.7,135326,KOTAKBANK
11772,2025-08-18 15:15:00+05:30,1999.7,2001.4,1998.6,1999.9,141615,KOTAKBANK
11773,2025-08-18 15:20:00+05:30,1999.9,2002.6,1999.0,2001.8,138540,KOTAKBANK
11774,2025-08-18 15:25:00+05:30,2001.7,2006.5,1999.8,2000.0,193888,KOTAKBANK
11775,2025-08-19 09:15:00+05:30,1994.0,2006.0,1992.5,2001.7,104500,KOTAKBANK
11776,2025-08-19 09:20:00+05:30,2001.8,2007.7,2000.5,2006.1,34218,KOTAKBANK
11777,2025-08-19 09:25:00+05:30,2006.1,2009.1,2005.1,2008.2,22773,KOTAKBANK
11778,2025-08-19 09:30:00+05:30,2008.8,2010.2,2006.0,2008.9,29129,KOTAKBANK
11779,2025-08-19 09:35:00+05:30,2009.0,2010.7,2008.0,2008.4,29488,KOTAKBANK
11780,2025-08-19 09:40:00+05:30,2008.2,2010.9,2008.2,2010.0,23888,KOTAKBANK
11781,2025-08-19 09:45:00+05:30,2010.0,2010.0,2006.9,2009.5,16634,KOTAKBANK
11782,2025-08-19 09:50:00+05:30,2009.5,2015.0,2009.3,2013.0,33493,KOTAKBANK
11783,2025-08-19 09:55:00+05:30,2013.0,2013.4,2008.7,2008.7,35184,KOTAKBANK
11784,2025-08-19 10:00:00+05:30,2008.6,2009.9,2007.3,2007.5,16117,KOTAKBANK
11785,2025-08-19 10:05:00+05:30,2007.5,2008.1,2006.0,2006.8,14061,KOTAKBANK
11786,2025-08-19 10:10:00+05:30,2006.8,2011.0,2006.0,2009.2,19034,KOTAKBANK
11787,2025-08-19 10:15:00+05:30,2009.2,2011.8,2007.3,2010.0,29234,KOTAKBANK
11788,2025-08-19 10:20:00+05:30,2009.5,2013.5,2009.5,2011.6,16610,KOTAKBANK
11789,2025-08-19 10:25:00+05:30,2011.3,2012.2,2008.0,2009.1,18823,KOTAKBANK
11790,2025-08-19 10:30:00+05:30,2009.3,2010.3,2007.1,2009.7,11278,KOTAKBANK
11791,2025-08-19 10:35:00+05:30,2009.7,2019.9,2007.0,2018.4,240572,KOTAKBANK
11792,2025-08-19 10:40:00+05:30,2018.4,2020.9,2016.9,2019.7,34464,KOTAKBANK
11793,2025-08-19 10:45:00+05:30,2019.7,2021.5,2017.8,2020.0,32891,KOTAKBANK
11794,2025-08-19 10:50:00+05:30,2020.5,2021.8,2016.2,2017.4,21895,KOTAKBANK
11795,2025-08-19 10:55:00+05:30,2017.3,2018.9,2015.1,2015.4,9717,KOTAKBANK
11796,2025-08-19 11:00:00+05:30,2015.4,2018.4,2015.0,2018.3,16008,KOTAKBANK
11797,2025-08-19 11:05:00+05:30,2018.4,2022.7,2018.3,2020.9,52582,KOTAKBANK
11798,2025-08-19 11:10:00+05:30,2020.8,2020.9,2019.0,2019.9,8369,KOTAKBANK
11799,2025-08-19 11:15:00+05:30,2019.9,2023.4,2019.3,2023.4,22361,KOTAKBANK
11800,2025-08-19 11:20:00+05:30,2023.4,2024.0,2020.7,2021.4,15329,KOTAKBANK
11801,2025-08-19 11:25:00+05:30,2021.5,2021.6,2020.8,2021.5,11208,KOTAKBANK
11802,2025-08-19 11:30:00+05:30,2021.5,2023.8,2018.4,2020.8,97296,KOTAKBANK
11803,2025-08-19 11:35:00+05:30,2020.8,2022.0,2019.9,2021.7,22493,KOTAKBANK
11804,2025-08-19 11:40:00+05:30,2021.7,2022.0,2020.2,2021.4,37431,KOTAKBANK
11805,2025-08-19 11:45:00+05:30,2021.6,2024.0,2020.5,2021.3,30845,KOTAKBANK
11806,2025-08-19 11:50:00+05:30,2021.3,2025.0,2020.8,2024.4,19691,KOTAKBANK
11807,2025-08-19 11:55:00+05:30,2024.4,2026.8,2021.6,2024.9,67977,KOTAKBANK
11808,2025-08-19 12:00:00+05:30,2024.9,2027.7,2024.2,2025.6,19508,KOTAKBANK
11809,2025-08-19 12:05:00+05:30,2025.5,2025.8,2023.0,2025.7,77475,KOTAKBANK
11810,2025-08-19 12:10:00+05:30,2025.7,2027.7,2025.2,2026.6,18568,KOTAKBANK
11811,2025-08-19 12:15:00+05:30,2026.8,2028.0,2024.8,2028.0,46937,KOTAKBANK
11812,2025-08-19 12:20:00+05:30,2028.0,2029.7,2027.0,2027.4,43614,KOTAKBANK
11813,2025-08-19 12:25:00+05:30,2027.4,2029.7,2027.0,2028.0,28863,KOTAKBANK
11814,2025-08-19 12:30:00+05:30,2028.1,2029.9,2027.4,2029.7,29915,KOTAKBANK
11815,2025-08-19 12:35:00+05:30,2029.7,2030.5,2028.5,2029.5,74754,KOTAKBANK
11816,2025-08-19 12:40:00+05:30,2029.5,2031.0,2027.5,2028.3,21068,KOTAKBANK
11817,2025-08-19 12:45:00+05:30,2028.9,2030.7,2026.0,2026.3,40276,KOTAKBANK
11818,2025-08-19 12:50:00+05:30,2027.0,2028.6,2024.9,2026.4,50057,KOTAKBANK
11819,2025-08-19 12:55:00+05:30,2026.6,2028.0,2026.2,2027.9,8431,KOTAKBANK
11820,2025-08-19 13:00:00+05:30,2027.9,2027.9,2025.1,2025.7,8704,KOTAKBANK
11821,2025-08-19 13:05:00+05:30,2025.8,2026.9,2024.2,2024.8,47700,KOTAKBANK
11822,2025-08-19 13:10:00+05:30,2024.7,2025.0,2024.0,2025.0,12172,KOTAKBANK
11823,2025-08-19 13:15:00+05:30,2025.0,2025.9,2024.0,2025.0,23652,KOTAKBANK
11824,2025-08-19 13:20:00+05:30,2025.1,2025.5,2024.4,2024.7,4912,KOTAKBANK
11825,2025-08-19 13:25:00+05:30,2024.6,2025.8,2023.6,2025.1,32855,KOTAKBANK
11826,2025-08-19 13:30:00+05:30,2025.0,2025.7,2021.8,2022.3,47001,KOTAKBANK
11827,2025-08-19 13:35:00+05:30,2022.4,2024.2,2022.0,2024.2,17406,KOTAKBANK
11828,2025-08-19 13:40:00+05:30,2024.2,2026.7,2022.9,2026.2,101962,KOTAKBANK
11829,2025-08-19 13:45:00+05:30,2026.0,2026.2,2025.5,2026.1,6178,KOTAKBANK
11830,2025-08-19 13:50:00+05:30,2026.0,2026.8,2024.2,2026.6,14871,KOTAKBANK
11831,2025-08-19 13:55:00+05:30,2026.6,2028.6,2025.6,2026.8,61854,KOTAKBANK
11832,2025-08-19 14:00:00+05:30,2026.8,2030.8,2026.1,2030.2,26466,KOTAKBANK
11833,2025-08-19 14:05:00+05:30,2030.2,2031.4,2028.7,2031.1,34027,KOTAKBANK
11834,2025-08-19 14:10:00+05:30,2031.4,2032.2,2030.8,2031.3,32361,KOTAKBANK
11835,2025-08-19 14:15:00+05:30,2031.2,2032.5,2030.2,2032.1,24997,KOTAKBANK
11836,2025-08-19 14:20:00+05:30,2032.2,2032.3,2030.7,2031.1,18287,KOTAKBANK
11837,2025-08-19 14:25:00+05:30,2031.1,2031.2,2026.2,2026.6,53664,KOTAKBANK
11838,2025-08-19 14:30:00+05:30,2026.7,2029.1,2026.4,2028.6,19754,KOTAKBANK
11839,2025-08-19 14:35:00+05:30,2028.6,2029.3,2028.1,2028.3,34106,KOTAKBANK
11840,2025-08-19 14:40:00+05:30,2028.3,2032.0,2028.0,2029.9,110163,KOTAKBANK
11841,2025-08-19 14:45:00+05:30,2029.8,2030.1,2026.6,2027.6,40969,KOTAKBANK
11842,2025-08-19 14:50:00+05:30,2027.7,2030.1,2026.1,2027.2,55439,KOTAKBANK
11843,2025-08-19 14:55:00+05:30,2027.6,2028.0,2025.6,2027.0,47667,KOTAKBANK
11844,2025-08-19 15:00:00+05:30,2027.0,2031.5,2026.8,2030.6,104847,KOTAKBANK
11845,2025-08-19 15:05:00+05:30,2030.7,2030.9,2029.5,2029.7,90968,KOTAKBANK
11846,2025-08-19 15:10:00+05:30,2029.7,2031.0,2029.3,2030.3,102350,KOTAKBANK
11847,2025-08-19 15:15:00+05:30,2030.4,2030.5,2028.6,2029.3,81275,KOTAKBANK
11848,2025-08-19 15:20:00+05:30,2029.3,2029.9,2029.1,2029.7,99611,KOTAKBANK
11849,2025-08-19 15:25:00+05:30,2029.6,2031.0,2025.5,2027.3,100482,KOTAKBANK
11850,2025-08-20 09:15:00+05:30,2020.5,2022.0,2005.5,2014.0,83453,KOTAKBANK
11851,2025-08-20 09:20:00+05:30,2014.2,2016.9,2011.9,2013.9,20375,KOTAKBANK
11852,2025-08-20 09:25:00+05:30,2013.8,2016.0,2012.6,2015.8,15948,KOTAKBANK
11853,2025-08-20 09:30:00+05:30,2015.7,2018.9,2012.2,2018.5,17686,KOTAKBANK
11854,2025-08-20 09:35:00+05:30,2018.4,2019.9,2017.1,2018.9,21541,KOTAKBANK
11855,2025-08-20 09:40:00+05:30,2018.8,2020.2,2017.6,2020.0,33829,KOTAKBANK
11856,2025-08-20 09:45:00+05:30,2020.0,2022.0,2018.4,2019.9,19110,KOTAKBANK
11857,2025-08-20 09:50:00+05:30,2019.9,2020.9,2018.5,2018.5,15473,KOTAKBANK
11858,2025-08-20 09:55:00+05:30,2019.2,2020.4,2017.4,2020.0,31959,KOTAKBANK
11859,2025-08-20 10:00:00+05:30,2020.0,2021.6,2018.1,2019.9,16762,KOTAKBANK
11860,2025-08-20 10:05:00+05:30,2019.3,2021.3,2018.2,2020.2,20837,KOTAKBANK
11861,2025-08-20 10:10:00+05:30,2020.2,2020.3,2017.6,2019.3,13185,KOTAKBANK
11862,2025-08-20 10:15:00+05:30,2019.6,2020.1,2018.8,2020.0,17140,KOTAKBANK
11863,2025-08-20 10:20:00+05:30,2019.6,2020.0,2018.1,2019.6,20574,KOTAKBANK
11864,2025-08-20 10:25:00+05:30,2019.6,2020.3,2018.6,2020.0,71696,KOTAKBANK
11865,2025-08-20 10:30:00+05:30,2019.9,2020.2,2017.1,2019.5,18925,KOTAKBANK
11866,2025-08-20 10:35:00+05:30,2019.2,2022.4,2017.7,2021.5,24924,KOTAKBANK
11867,2025-08-20 10:40:00+05:30,2021.5,2024.2,2020.1,2020.5,74331,KOTAKBANK
11868,2025-08-20 10:45:00+05:30,2020.5,2020.5,2018.2,2019.2,7965,KOTAKBANK
11869,2025-08-20 10:50:00+05:30,2019.2,2021.7,2018.6,2019.1,21852,KOTAKBANK
11870,2025-08-20 10:55:00+05:30,2019.0,2020.6,2017.7,2018.1,9008,KOTAKBANK
11871,2025-08-20 11:00:00+05:30,2018.0,2020.7,2017.0,2020.0,55729,KOTAKBANK
11872,2025-08-20 11:05:00+05:30,2019.9,2020.0,2018.0,2019.1,9493,KOTAKBANK
11873,2025-08-20 11:10:00+05:30,2019.0,2021.3,2019.0,2019.9,13964,KOTAKBANK
11874,2025-08-20 11:15:00+05:30,2019.9,2020.9,2014.8,2018.7,93166,KOTAKBANK
11875,2025-08-20 11:20:00+05:30,2018.7,2019.9,2016.6,2018.7,101622,KOTAKBANK
11876,2025-08-20 11:25:00+05:30,2018.7,2019.0,2017.7,2018.7,12512,KOTAKBANK
11877,2025-08-20 11:30:00+05:30,2018.7,2018.8,2018.2,2018.7,14123,KOTAKBANK
11878,2025-08-20 11:35:00+05:30,2018.7,2019.3,2018.0,2018.6,12669,KOTAKBANK
11879,2025-08-20 11:40:00+05:30,2018.7,2019.6,2016.0,2018.2,63729,KOTAKBANK
11880,2025-08-20 11:45:00+05:30,2018.2,2018.9,2017.9,2018.1,5561,KOTAKBANK
11881,2025-08-20 11:50:00+05:30,2018.0,2021.1,2017.7,2018.8,57946,KOTAKBANK
11882,2025-08-20 11:55:00+05:30,2019.2,2020.0,2018.0,2018.1,39667,KOTAKBANK
11883,2025-08-20 12:00:00+05:30,2018.1,2020.9,2018.1,2019.5,10584,KOTAKBANK
11884,2025-08-20 12:05:00+05:30,2019.5,2020.5,2019.5,2020.1,7844,KOTAKBANK
11885,2025-08-20 12:10:00+05:30,2020.3,2020.9,2019.5,2019.5,6670,KOTAKBANK
11886,2025-08-20 12:15:00+05:30,2019.6,2020.4,2018.4,2019.1,26848,KOTAKBANK
11887,2025-08-20 12:20:00+05:30,2019.1,2019.9,2019.0,2019.5,8180,KOTAKBANK
11888,2025-08-20 12:25:00+05:30,2019.6,2021.2,2019.3,2020.5,12177,KOTAKBANK
11889,2025-08-20 12:30:00+05:30,2020.5,2020.8,2020.1,2020.6,15819,KOTAKBANK
11890,2025-08-20 12:35:00+05:30,2020.5,2021.0,2020.3,2020.6,8900,KOTAKBANK
11891,2025-08-20 12:40:00+05:30,2020.6,2020.6,2019.0,2019.2,8454,KOTAKBANK
11892,2025-08-20 12:45:00+05:30,2019.0,2019.5,2018.2,2019.3,19642,KOTAKBANK
11893,2025-08-20 12:50:00+05:30,2019.2,2019.2,2016.0,2017.4,50887,KOTAKBANK
11894,2025-08-20 12:55:00+05:30,2017.0,2017.9,2016.0,2017.6,10694,KOTAKBANK
11895,2025-08-20 13:00:00+05:30,2017.0,2018.0,2016.4,2017.0,95708,KOTAKBANK
11896,2025-08-20 13:05:00+05:30,2016.9,2017.0,2015.0,2015.9,39921,KOTAKBANK
11897,2025-08-20 13:10:00+05:30,2015.9,2016.9,2013.9,2016.0,64316,KOTAKBANK
11898,2025-08-20 13:15:00+05:30,2015.9,2016.0,2014.3,2015.2,15645,KOTAKBANK
11899,2025-08-20 13:20:00+05:30,2015.1,2015.8,2013.0,2014.8,109797,KOTAKBANK
11900,2025-08-20 13:25:00+05:30,2014.8,2015.1,2013.4,2014.1,21921,KOTAKBANK
11901,2025-08-20 13:30:00+05:30,2014.1,2015.1,2014.0,2014.5,73347,KOTAKBANK
11902,2025-08-20 13:35:00+05:30,2014.4,2015.0,2013.8,2014.9,11944,KOTAKBANK
11903,2025-08-20 13:40:00+05:30,2014.8,2016.9,2014.7,2015.1,36133,KOTAKBANK
11904,2025-08-20 13:45:00+05:30,2015.1,2015.9,2014.2,2015.7,8671,KOTAKBANK
11905,2025-08-20 13:50:00+05:30,2015.3,2016.6,2014.9,2015.9,12884,KOTAKBANK
11906,2025-08-20 13:55:00+05:30,2016.0,2016.1,2013.6,2015.2,99681,KOTAKBANK
11907,2025-08-20 14:00:00+05:30,2015.1,2016.1,2014.7,2016.1,64247,KOTAKBANK
11908,2025-08-20 14:05:00+05:30,2015.8,2017.3,2013.7,2014.3,89178,KOTAKBANK
11909,2025-08-20 14:10:00+05:30,2014.3,2015.1,2013.6,2014.1,24148,KOTAKBANK
11910,2025-08-20 14:15:00+05:30,2014.1,2014.6,2013.9,2014.2,6853,KOTAKBANK
11911,2025-08-20 14:20:00+05:30,2014.1,2015.8,2014.1,2015.1,10585,KOTAKBANK
11912,2025-08-20 14:25:00+05:30,2015.1,2017.0,2014.5,2017.0,63647,KOTAKBANK
11913,2025-08-20 14:30:00+05:30,2017.0,2017.0,2015.5,2017.0,36238,KOTAKBANK
11914,2025-08-20 14:35:00+05:30,2017.0,2019.7,2016.9,2018.9,28528,KOTAKBANK
11915,2025-08-20 14:40:00+05:30,2018.9,2019.3,2015.8,2016.6,73598,KOTAKBANK
11916,2025-08-20 14:45:00+05:30,2016.6,2017.5,2014.5,2016.6,45298,KOTAKBANK
11917,2025-08-20 14:50:00+05:30,2016.6,2016.6,2014.9,2015.7,19801,KOTAKBANK
11918,2025-08-20 14:55:00+05:30,2015.7,2017.8,2015.3,2017.2,16080,KOTAKBANK
11919,2025-08-20 15:00:00+05:30,2016.8,2018.0,2016.0,2017.2,95597,KOTAKBANK
11920,2025-08-20 15:05:00+05:30,2017.2,2017.9,2016.9,2017.6,36195,KOTAKBANK
11921,2025-08-20 15:10:00+05:30,2017.5,2017.6,2016.4,2017.1,41654,KOTAKBANK
11922,2025-08-20 15:15:00+05:30,2017.1,2018.9,2016.9,2018.1,43176,KOTAKBANK
11923,2025-08-20 15:20:00+05:30,2018.2,2020.3,2017.7,2020.1,50172,KOTAKBANK
11924,2025-08-20 15:25:00+05:30,2020.2,2020.6,2017.1,2019.5,48510,KOTAKBANK
11925,2025-08-21 09:15:00+05:30,2039.0,2039.0,2020.3,2022.0,297463,KOTAKBANK
11926,2025-08-21 09:20:00+05:30,2022.0,2022.0,2014.2,2016.7,61192,KOTAKBANK
11927,2025-08-21 09:25:00+05:30,2016.7,2021.1,2014.8,2016.1,28731,KOTAKBANK
11928,2025-08-21 09:30:00+05:30,2016.1,2019.1,2013.6,2018.5,27683,KOTAKBANK
11929,2025-08-21 09:35:00+05:30,2018.1,2022.0,2018.1,2020.5,42167,KOTAKBANK
11930,2025-08-21 09:40:00+05:30,2021.1,2023.1,2019.8,2023.1,42602,KOTAKBANK
11931,2025-08-21 09:45:00+05:30,2023.4,2025.3,2022.9,2025.0,39545,KOTAKBANK
11932,2025-08-21 09:50:00+05:30,2024.9,2025.9,2019.1,2024.0,57183,KOTAKBANK
11933,2025-08-21 09:55:00+05:30,2024.3,2026.0,2023.1,2025.3,36790,KOTAKBANK
11934,2025-08-21 10:00:00+05:30,2025.0,2026.5,2024.4,2026.5,20518,KOTAKBANK
11935,2025-08-21 10:05:00+05:30,2026.5,2026.6,2024.7,2025.5,31337,KOTAKBANK
11936,2025-08-21 10:10:00+05:30,2025.5,2026.2,2024.0,2024.7,19967,KOTAKBANK
11937,2025-08-21 10:15:00+05:30,2024.3,2026.2,2023.7,2023.9,16278,KOTAKBANK
11938,2025-08-21 10:20:00+05:30,2024.3,2024.5,2021.0,2021.8,28140,KOTAKBANK
11939,2025-08-21 10:25:00+05:30,2021.8,2026.0,2021.6,2025.1,29923,KOTAKBANK
11940,2025-08-21 10:30:00+05:30,2025.5,2026.1,2023.1,2023.5,19288,KOTAKBANK
11941,2025-08-21 10:35:00+05:30,2023.7,2023.8,2020.5,2020.7,15664,KOTAKBANK
11942,2025-08-21 10:40:00+05:30,2020.9,2023.1,2020.7,2022.2,14727,KOTAKBANK
11943,2025-08-21 10:45:00+05:30,2022.2,2022.4,2020.0,2020.2,33332,KOTAKBANK
11944,2025-08-21 10:50:00+05:30,2020.4,2020.9,2018.4,2019.5,29468,KOTAKBANK
11945,2025-08-21 10:55:00+05:30,2019.6,2021.6,2019.2,2020.3,13343,KOTAKBANK
11946,2025-08-21 11:00:00+05:30,2021.1,2021.2,2017.3,2018.1,24873,KOTAKBANK
11947,2025-08-21 11:05:00+05:30,2017.8,2019.8,2017.8,2018.5,15761,KOTAKBANK
11948,2025-08-21 11:10:00+05:30,2018.5,2020.0,2018.3,2020.0,20977,KOTAKBANK
11949,2025-08-21 11:15:00+05:30,2019.9,2021.9,2019.1,2021.9,11102,KOTAKBANK
11950,2025-08-21 11:20:00+05:30,2021.1,2022.8,2019.6,2020.4,43216,KOTAKBANK
11951,2025-08-21 11:25:00+05:30,2020.4,2021.6,2019.0,2019.0,14565,KOTAKBANK
11952,2025-08-21 11:30:00+05:30,2019.3,2020.0,2018.0,2019.3,18828,KOTAKBANK
11953,2025-08-21 11:35:00+05:30,2019.0,2019.3,2017.5,2018.8,11852,KOTAKBANK
11954,2025-08-21 11:40:00+05:30,2018.5,2020.0,2018.5,2020.0,17329,KOTAKBANK
11955,2025-08-21 11:45:00+05:30,2020.0,2021.1,2017.9,2019.7,39446,KOTAKBANK
11956,2025-08-21 11:50:00+05:30,2019.3,2021.1,2018.5,2018.5,18840,KOTAKBANK
11957,2025-08-21 11:55:00+05:30,2018.8,2020.0,2015.6,2016.0,91364,KOTAKBANK
11958,2025-08-21 12:00:00+05:30,2016.0,2017.3,2012.9,2016.1,90218,KOTAKBANK
11959,2025-08-21 12:05:00+05:30,2016.2,2019.4,2016.1,2018.9,15176,KOTAKBANK
11960,2025-08-21 12:10:00+05:30,2018.8,2019.9,2017.0,2018.6,15648,KOTAKBANK
11961,2025-08-21 12:15:00+05:30,2018.3,2019.5,2017.9,2018.9,10140,KOTAKBANK
11962,2025-08-21 12:20:00+05:30,2018.9,2019.0,2015.9,2017.0,14181,KOTAKBANK
11963,2025-08-21 12:25:00+05:30,2016.8,2017.2,2015.2,2015.4,12214,KOTAKBANK
11964,2025-08-21 12:30:00+05:30,2015.5,2020.0,2015.4,2019.2,90045,KOTAKBANK
11965,2025-08-21 12:35:00+05:30,2019.2,2020.2,2019.0,2019.9,20104,KOTAKBANK
11966,2025-08-21 12:40:00+05:30,2020.0,2020.4,2019.0,2019.2,22528,KOTAKBANK
11967,2025-08-21 12:45:00+05:30,2019.3,2020.0,2019.3,2019.9,12604,KOTAKBANK
11968,2025-08-21 12:50:00+05:30,2019.9,2020.9,2018.4,2020.2,30118,KOTAKBANK
11969,2025-08-21 12:55:00+05:30,2020.2,2023.2,2019.5,2022.7,10731,KOTAKBANK
11970,2025-08-21 13:00:00+05:30,2022.9,2023.4,2019.1,2022.6,45453,KOTAKBANK
11971,2025-08-21 13:05:00+05:30,2022.1,2022.6,2018.3,2018.8,25272,KOTAKBANK
11972,2025-08-21 13:10:00+05:30,2018.8,2019.0,2016.6,2018.6,8211,KOTAKBANK
11973,2025-08-21 13:15:00+05:30,2018.3,2019.5,2018.2,2018.8,9191,KOTAKBANK
11974,2025-08-21 13:20:00+05:30,2018.8,2018.9,2017.3,2018.7,7038,KOTAKBANK
11975,2025-08-21 13:25:00+05:30,2018.7,2019.0,2016.2,2016.7,16578,KOTAKBANK
11976,2025-08-21 13:30:00+05:30,2016.7,2017.2,2016.0,2016.3,8476,KOTAKBANK
11977,2025-08-21 13:35:00+05:30,2016.3,2017.0,2015.8,2015.9,13857,KOTAKBANK
11978,2025-08-21 13:40:00+05:30,2015.9,2018.2,2015.4,2018.2,8186,KOTAKBANK
11979,2025-08-21 13:45:00+05:30,2018.2,2020.8,2018.0,2020.1,16544,KOTAKBANK
11980,2025-08-21 13:50:00+05:30,2020.1,2021.5,2018.7,2020.1,22077,KOTAKBANK
11981,2025-08-21 13:55:00+05:30,2020.4,2022.3,2020.1,2022.3,12749,KOTAKBANK
11982,2025-08-21 14:00:00+05:30,2021.6,2022.7,2021.6,2021.8,22125,KOTAKBANK
11983,2025-08-21 14:05:00+05:30,2021.9,2023.9,2021.2,2022.2,27154,KOTAKBANK
11984,2025-08-21 14:10:00+05:30,2022.1,2023.6,2021.9,2022.8,26862,KOTAKBANK
11985,2025-08-21 14:15:00+05:30,2022.7,2023.6,2020.0,2022.4,73130,KOTAKBANK
11986,2025-08-21 14:20:00+05:30,2022.4,2023.1,2020.0,2020.1,217744,KOTAKBANK
11987,2025-08-21 14:25:00+05:30,2020.0,2021.4,2020.0,2020.7,63291,KOTAKBANK
11988,2025-08-21 14:30:00+05:30,2020.7,2022.0,2020.0,2020.4,36669,KOTAKBANK
11989,2025-08-21 14:35:00+05:30,2020.3,2020.5,2018.3,2019.9,32088,KOTAKBANK
11990,2025-08-21 14:40:00+05:30,2019.9,2020.8,2019.7,2020.4,45695,KOTAKBANK
11991,2025-08-21 14:45:00+05:30,2020.4,2020.6,2017.7,2019.1,52612,KOTAKBANK
11992,2025-08-21 14:50:00+05:30,2019.1,2020.0,2019.0,2019.4,19220,KOTAKBANK
11993,2025-08-21 14:55:00+05:30,2019.4,2021.2,2019.4,2020.9,39856,KOTAKBANK
11994,2025-08-21 15:00:00+05:30,2020.9,2020.9,2016.5,2016.8,50780,KOTAKBANK
11995,2025-08-21 15:05:00+05:30,2016.9,2018.8,2015.9,2017.0,94217,KOTAKBANK
11996,2025-08-21 15:10:00+05:30,2016.9,2018.0,2016.2,2017.0,53698,KOTAKBANK
11997,2025-08-21 15:15:00+05:30,2017.0,2018.3,2015.8,2016.9,84583,KOTAKBANK
11998,2025-08-21 15:20:00+05:30,2017.3,2018.8,2016.9,2018.6,80456,KOTAKBANK
11999,2025-08-21 15:25:00+05:30,2018.5,2021.0,2017.3,2019.0,107770,KOTAKBANK
12000,2025-08-22 09:15:00+05:30,2010.2,2018.6,2007.9,2013.7,72367,KOTAKBANK
12001,2025-08-22 09:20:00+05:30,2013.4,2015.0,2010.0,2010.1,30466,KOTAKBANK
12002,2025-08-22 09:25:00+05:30,2010.1,2012.3,2010.0,2010.3,10007,KOTAKBANK
12003,2025-08-22 09:30:00+05:30,2010.5,2011.9,2009.3,2010.7,16271,KOTAKBANK
12004,2025-08-22 09:35:00+05:30,2010.9,2013.0,2009.3,2012.9,11253,KOTAKBANK
12005,2025-08-22 09:40:00+05:30,2012.9,2017.0,2012.7,2016.6,12044,KOTAKBANK
12006,2025-08-22 09:45:00+05:30,2016.0,2016.9,2013.7,2015.1,7147,KOTAKBANK
12007,2025-08-22 09:50:00+05:30,2014.6,2016.8,2013.8,2013.9,13509,KOTAKBANK
12008,2025-08-22 09:55:00+05:30,2013.8,2014.0,2011.0,2011.0,15389,KOTAKBANK
12009,2025-08-22 10:00:00+05:30,2011.8,2012.0,2007.7,2009.8,15313,KOTAKBANK
12010,2025-08-22 10:05:00+05:30,2009.8,2010.4,2008.8,2009.0,6440,KOTAKBANK
12011,2025-08-22 10:10:00+05:30,2009.0,2010.7,2008.1,2008.3,11718,KOTAKBANK
12012,2025-08-22 10:15:00+05:30,2008.3,2008.3,2004.9,2004.9,17126,KOTAKBANK
12013,2025-08-22 10:20:00+05:30,2004.9,2006.0,2000.3,2002.8,29586,KOTAKBANK
12014,2025-08-22 10:25:00+05:30,2002.7,2005.6,2001.9,2004.9,23460,KOTAKBANK
12015,2025-08-22 10:30:00+05:30,2005.3,2006.7,2001.7,2002.0,8941,KOTAKBANK
12016,2025-08-22 10:35:00+05:30,2002.1,2002.6,2000.1,2000.7,7035,KOTAKBANK
12017,2025-08-22 10:40:00+05:30,2000.8,2001.0,1998.0,1998.9,12994,KOTAKBANK
12018,2025-08-22 10:45:00+05:30,1999.0,2001.3,1996.6,2001.0,8902,KOTAKBANK
12019,2025-08-22 10:50:00+05:30,2000.5,2001.0,1998.3,1999.1,4970,KOTAKBANK
12020,2025-08-22 10:55:00+05:30,1999.0,2000.0,1996.0,1997.0,7376,KOTAKBANK
12021,2025-08-22 11:00:00+05:30,1997.0,1997.3,1995.0,1996.0,10405,KOTAKBANK
12022,2025-08-22 11:05:00+05:30,1996.1,1997.3,1994.8,1996.1,8541,KOTAKBANK
12023,2025-08-22 11:10:00+05:30,1996.1,1996.2,1993.8,1994.3,8139,KOTAKBANK
12024,2025-08-22 11:15:00+05:30,1994.3,1995.3,1993.5,1994.3,11679,KOTAKBANK
12025,2025-08-22 11:20:00+05:30,1994.6,1995.6,1993.8,1994.4,13822,KOTAKBANK
12026,2025-08-22 11:25:00+05:30,1994.4,1994.5,1991.2,1993.2,29622,KOTAKBANK
12027,2025-08-22 11:30:00+05:30,1993.2,1993.4,1991.1,1992.0,11526,KOTAKBANK
12028,2025-08-22 11:35:00+05:30,1992.0,1992.3,1989.2,1990.1,11842,KOTAKBANK
12029,2025-08-22 11:40:00+05:30,1990.1,1992.9,1990.1,1992.4,8368,KOTAKBANK
12030,2025-08-22 11:45:00+05:30,1992.5,1993.0,1992.3,1993.0,6271,KOTAKBANK
12031,2025-08-22 11:50:00+05:30,1993.0,1993.6,1991.9,1992.5,8842,KOTAKBANK
12032,2025-08-22 11:55:00+05:30,1992.6,1993.8,1991.7,1993.5,11837,KOTAKBANK
12033,2025-08-22 12:00:00+05:30,1993.5,1995.1,1993.0,1995.0,56014,KOTAKBANK
12034,2025-08-22 12:05:00+05:30,1995.0,1995.1,1992.0,1992.5,40247,KOTAKBANK
12035,2025-08-22 12:10:00+05:30,1992.5,1992.8,1991.2,1992.2,44420,KOTAKBANK
12036,2025-08-22 12:15:00+05:30,1992.2,1992.7,1991.2,1992.2,29519,KOTAKBANK
12037,2025-08-22 12:20:00+05:30,1992.2,1993.1,1989.5,1990.9,69548,KOTAKBANK
12038,2025-08-22 12:25:00+05:30,1991.6,1992.9,1990.6,1992.5,7732,KOTAKBANK
12039,2025-08-22 12:30:00+05:30,1992.5,1993.3,1991.5,1993.0,7999,KOTAKBANK
12040,2025-08-22 12:35:00+05:30,1993.0,1993.9,1992.6,1993.8,8735,KOTAKBANK
12041,2025-08-22 12:40:00+05:30,1993.8,1993.8,1991.7,1993.4,6498,KOTAKBANK
12042,2025-08-22 12:45:00+05:30,1993.4,1994.0,1993.3,1994.0,8457,KOTAKBANK
12043,2025-08-22 12:50:00+05:30,1994.0,1994.6,1992.9,1994.1,17953,KOTAKBANK
12044,2025-08-22 12:55:00+05:30,1994.1,1994.6,1990.1,1991.8,32002,KOTAKBANK
12045,2025-08-22 13:00:00+05:30,1991.8,1991.8,1990.5,1991.0,6444,KOTAKBANK
12046,2025-08-22 13:05:00+05:30,1991.2,1991.4,1991.0,1991.3,9498,KOTAKBANK
12047,2025-08-22 13:10:00+05:30,1991.3,1992.2,1990.6,1992.0,12859,KOTAKBANK
12048,2025-08-22 13:15:00+05:30,1992.0,1993.0,1990.9,1993.0,15012,KOTAKBANK
12049,2025-08-22 13:20:00+05:30,1993.0,1994.8,1992.3,1994.0,9418,KOTAKBANK
12050,2025-08-22 13:25:00+05:30,1994.0,1996.8,1993.8,1994.7,12430,KOTAKBANK
12051,2025-08-22 13:30:00+05:30,1994.6,1995.6,1993.9,1995.5,5809,KOTAKBANK
12052,2025-08-22 13:35:00+05:30,1995.5,1995.9,1994.9,1995.1,4679,KOTAKBANK
12053,2025-08-22 13:40:00+05:30,1995.1,1995.7,1994.1,1995.5,5375,KOTAKBANK
12054,2025-08-22 13:45:00+05:30,1995.6,1995.7,1994.9,1995.4,5577,KOTAKBANK
12055,2025-08-22 13:50:00+05:30,1995.4,1995.6,1994.6,1995.3,13154,KOTAKBANK
12056,2025-08-22 13:55:00+05:30,1995.4,1995.4,1993.0,1994.0,18685,KOTAKBANK
12057,2025-08-22 14:00:00+05:30,1994.0,1994.3,1993.0,1993.5,10813,KOTAKBANK
12058,2025-08-22 14:05:00+05:30,1993.5,1993.5,1993.0,1993.4,8775,KOTAKBANK
12059,2025-08-22 14:10:00+05:30,1993.4,1994.5,1991.8,1992.2,12647,KOTAKBANK
12060,2025-08-22 14:15:00+05:30,1992.2,1992.2,1990.3,1991.1,18323,KOTAKBANK
12061,2025-08-22 14:20:00+05:30,1991.2,1991.2,1988.8,1989.0,162421,KOTAKBANK
12062,2025-08-22 14:25:00+05:30,1988.9,1989.4,1985.9,1987.5,23154,KOTAKBANK
12063,2025-08-22 14:30:00+05:30,1988.0,1988.2,1984.0,1985.8,25972,KOTAKBANK
12064,2025-08-22 14:35:00+05:30,1986.0,1986.0,1983.2,1983.9,17453,KOTAKBANK
12065,2025-08-22 14:40:00+05:30,1983.9,1985.8,1982.8,1985.8,43832,KOTAKBANK
12066,2025-08-22 14:45:00+05:30,1985.8,1986.8,1983.9,1985.5,17556,KOTAKBANK
12067,2025-08-22 14:50:00+05:30,1985.1,1985.7,1980.2,1984.1,51407,KOTAKBANK
12068,2025-08-22 14:55:00+05:30,1984.1,1985.8,1983.4,1984.3,19221,KOTAKBANK
12069,2025-08-22 15:00:00+05:30,1984.3,1987.3,1982.0,1985.3,66232,KOTAKBANK
12070,2025-08-22 15:05:00+05:30,1985.2,1987.3,1985.2,1986.9,55032,KOTAKBANK
12071,2025-08-22 15:10:00+05:30,1986.9,1988.6,1985.5,1986.4,97063,KOTAKBANK
12072,2025-08-22 15:15:00+05:30,1986.5,1987.9,1986.1,1987.4,70318,KOTAKBANK
12073,2025-08-22 15:20:00+05:30,1987.4,1988.4,1987.0,1988.1,82265,KOTAKBANK
12074,2025-08-22 15:25:00+05:30,1988.1,1996.5,1982.0,1983.3,77614,KOTAKBANK
12075,2025-08-25 09:15:00+05:30,1987.0,1998.8,1983.2,1989.6,70963,KOTAKBANK
12076,2025-08-25 09:20:00+05:30,1989.6,1996.3,1989.6,1992.6,19092,KOTAKBANK
12077,2025-08-25 09:25:00+05:30,1992.9,1993.7,1990.7,1992.5,16286,KOTAKBANK
12078,2025-08-25 09:30:00+05:30,1991.7,1992.6,1989.5,1991.1,19796,KOTAKBANK
12079,2025-08-25 09:35:00+05:30,1990.8,1991.2,1989.6,1990.8,20830,KOTAKBANK
12080,2025-08-25 09:40:00+05:30,1990.8,1990.8,1987.7,1989.0,29945,KOTAKBANK
12081,2025-08-25 09:45:00+05:30,1988.8,1988.8,1983.0,1984.0,45854,KOTAKBANK
12082,2025-08-25 09:50:00+05:30,1983.9,1985.7,1982.0,1983.6,24399,KOTAKBANK
12083,2025-08-25 09:55:00+05:30,1983.5,1984.1,1981.1,1982.2,15073,KOTAKBANK
12084,2025-08-25 10:00:00+05:30,1982.4,1984.8,1981.8,1982.9,13794,KOTAKBANK
12085,2025-08-25 10:05:00+05:30,1983.2,1985.2,1982.0,1984.4,14278,KOTAKBANK
12086,2025-08-25 10:10:00+05:30,1984.4,1985.0,1981.6,1982.1,8055,KOTAKBANK
12087,2025-08-25 10:15:00+05:30,1982.3,1982.4,1979.2,1981.7,21378,KOTAKBANK
12088,2025-08-25 10:20:00+05:30,1981.8,1983.1,1980.0,1980.4,10637,KOTAKBANK
12089,2025-08-25 10:25:00+05:30,1980.3,1981.4,1979.0,1979.4,10357,KOTAKBANK
12090,2025-08-25 10:30:00+05:30,1979.3,1982.4,1979.2,1979.7,11835,KOTAKBANK
12091,2025-08-25 10:35:00+05:30,1979.4,1982.8,1979.4,1981.9,14710,KOTAKBANK
12092,2025-08-25 10:40:00+05:30,1981.7,1983.4,1979.3,1980.0,46252,KOTAKBANK
12093,2025-08-25 10:45:00+05:30,1979.8,1983.8,1979.6,1983.7,36422,KOTAKBANK
12094,2025-08-25 10:50:00+05:30,1983.4,1984.9,1981.0,1984.2,84641,KOTAKBANK
12095,2025-08-25 10:55:00+05:30,1983.8,1984.9,1982.0,1982.9,14474,KOTAKBANK
12096,2025-08-25 11:00:00+05:30,1983.2,1984.2,1980.3,1981.4,22042,KOTAKBANK
12097,2025-08-25 11:05:00+05:30,1980.9,1982.0,1979.5,1979.8,22620,KOTAKBANK
12098,2025-08-25 11:10:00+05:30,1980.3,1980.3,1978.2,1979.0,22318,KOTAKBANK
12099,2025-08-25 11:15:00+05:30,1978.9,1980.4,1977.6,1977.8,18321,KOTAKBANK
12100,2025-08-25 11:20:00+05:30,1977.8,1979.3,1976.7,1979.3,17136,KOTAKBANK
12101,2025-08-25 11:25:00+05:30,1979.3,1980.7,1977.9,1978.4,30703,KOTAKBANK
12102,2025-08-25 11:30:00+05:30,1978.8,1979.8,1977.7,1978.3,27252,KOTAKBANK
12103,2025-08-25 11:35:00+05:30,1978.1,1979.2,1977.6,1977.9,13658,KOTAKBANK
12104,2025-08-25 11:40:00+05:30,1977.8,1981.9,1977.6,1980.9,100901,KOTAKBANK
12105,2025-08-25 11:45:00+05:30,1981.4,1983.8,1980.0,1980.7,18256,KOTAKBANK
12106,2025-08-25 11:50:00+05:30,1980.7,1981.3,1979.0,1980.0,32064,KOTAKBANK
12107,2025-08-25 11:55:00+05:30,1979.9,1981.8,1979.5,1981.4,70347,KOTAKBANK
12108,2025-08-25 12:00:00+05:30,1981.6,1983.4,1980.4,1983.4,18961,KOTAKBANK
12109,2025-08-25 12:05:00+05:30,1982.8,1984.2,1982.0,1984.0,20813,KOTAKBANK
12110,2025-08-25 12:10:00+05:30,1983.5,1986.9,1983.0,1986.2,27675,KOTAKBANK
12111,2025-08-25 12:15:00+05:30,1985.6,1987.0,1985.3,1986.9,20399,KOTAKBANK
12112,2025-08-25 12:20:00+05:30,1986.9,1987.2,1985.3,1986.7,15427,KOTAKBANK
12113,2025-08-25 12:25:00+05:30,1986.7,1987.6,1985.3,1987.0,18549,KOTAKBANK
12114,2025-08-25 12:30:00+05:30,1986.2,1986.6,1983.8,1984.8,31716,KOTAKBANK
12115,2025-08-25 12:35:00+05:30,1984.3,1985.0,1983.0,1983.3,15936,KOTAKBANK
12116,2025-08-25 12:40:00+05:30,1983.0,1985.0,1982.5,1984.2,17360,KOTAKBANK
12117,2025-08-25 12:45:00+05:30,1984.8,1985.0,1982.8,1984.2,30232,KOTAKBANK
12118,2025-08-25 12:50:00+05:30,1984.2,1984.3,1979.9,1980.8,94456,KOTAKBANK
12119,2025-08-25 12:55:00+05:30,1980.8,1980.8,1978.8,1979.8,84177,KOTAKBANK
12120,2025-08-25 13:00:00+05:30,1979.7,1981.9,1979.2,1981.5,30432,KOTAKBANK
12121,2025-08-25 13:05:00+05:30,1981.5,1981.9,1980.0,1980.7,15279,KOTAKBANK
12122,2025-08-25 13:10:00+05:30,1980.4,1982.3,1980.3,1980.9,18021,KOTAKBANK
12123,2025-08-25 13:15:00+05:30,1981.5,1981.5,1980.3,1980.4,10351,KOTAKBANK
12124,2025-08-25 13:20:00+05:30,1980.4,1980.9,1979.6,1980.3,16751,KOTAKBANK
12125,2025-08-25 13:25:00+05:30,1980.2,1980.7,1979.7,1980.3,12899,KOTAKBANK
12126,2025-08-25 13:30:00+05:30,1980.2,1981.2,1979.6,1980.5,21908,KOTAKBANK
12127,2025-08-25 13:35:00+05:30,1980.4,1981.8,1980.0,1980.5,21607,KOTAKBANK
12128,2025-08-25 13:40:00+05:30,1980.7,1982.4,1980.1,1982.1,24406,KOTAKBANK
12129,2025-08-25 13:45:00+05:30,1981.8,1982.2,1980.1,1981.5,23586,KOTAKBANK
12130,2025-08-25 13:50:00+05:30,1981.2,1981.5,1979.5,1979.9,28357,KOTAKBANK
12131,2025-08-25 13:55:00+05:30,1979.9,1981.4,1979.5,1980.6,37361,KOTAKBANK
12132,2025-08-25 14:00:00+05:30,1980.2,1983.4,1980.2,1982.0,24777,KOTAKBANK
12133,2025-08-25 14:05:00+05:30,1981.8,1982.9,1981.6,1982.0,20159,KOTAKBANK
12134,2025-08-25 14:10:00+05:30,1982.0,1983.6,1980.8,1982.5,45030,KOTAKBANK
12135,2025-08-25 14:15:00+05:30,1982.3,1983.7,1980.1,1980.6,34395,KOTAKBANK
12136,2025-08-25 14:20:00+05:30,1980.6,1981.1,1979.9,1980.8,15012,KOTAKBANK
12137,2025-08-25 14:25:00+05:30,1980.7,1981.4,1980.7,1980.9,23256,KOTAKBANK
12138,2025-08-25 14:30:00+05:30,1980.8,1981.6,1980.0,1981.4,29194,KOTAKBANK
12139,2025-08-25 14:35:00+05:30,1981.3,1981.9,1979.4,1980.6,91183,KOTAKBANK
12140,2025-08-25 14:40:00+05:30,1980.6,1982.4,1980.0,1981.6,31287,KOTAKBANK
12141,2025-08-25 14:45:00+05:30,1981.6,1982.4,1980.2,1981.1,54431,KOTAKBANK
12142,2025-08-25 14:50:00+05:30,1981.4,1982.7,1981.2,1982.4,45145,KOTAKBANK
12143,2025-08-25 14:55:00+05:30,1982.2,1984.8,1982.2,1984.7,25838,KOTAKBANK
12144,2025-08-25 15:00:00+05:30,1984.7,1984.8,1983.7,1983.8,31739,KOTAKBANK
12145,2025-08-25 15:05:00+05:30,1983.8,1984.0,1982.4,1983.0,37917,KOTAKBANK
12146,2025-08-25 15:10:00+05:30,1982.6,1983.4,1981.5,1983.4,62573,KOTAKBANK
12147,2025-08-25 15:15:00+05:30,1983.4,1984.7,1983.0,1983.3,63886,KOTAKBANK
12148,2025-08-25 15:20:00+05:30,1983.3,1984.1,1982.7,1983.7,47928,KOTAKBANK
12149,2025-08-25 15:25:00+05:30,1983.7,1983.7,1982.6,1982.9,84659,KOTAKBANK
12150,2025-08-26 09:15:00+05:30,1978.0,1983.9,1977.0,1980.1,74176,KOTAKBANK
12151,2025-08-26 09:20:00+05:30,1979.7,1980.2,1973.3,1975.2,45042,KOTAKBANK
12152,2025-08-26 09:25:00+05:30,1975.2,1977.0,1972.4,1974.5,14293,KOTAKBANK
12153,2025-08-26 09:30:00+05:30,1974.1,1976.4,1972.9,1976.4,16516,KOTAKBANK
12154,2025-08-26 09:35:00+05:30,1975.9,1977.5,1972.3,1973.0,14513,KOTAKBANK
12155,2025-08-26 09:40:00+05:30,1972.8,1974.3,1968.3,1968.4,30940,KOTAKBANK
12156,2025-08-26 09:45:00+05:30,1968.6,1970.0,1965.8,1966.9,26485,KOTAKBANK
12157,2025-08-26 09:50:00+05:30,1966.7,1970.9,1966.0,1969.2,25081,KOTAKBANK
12158,2025-08-26 09:55:00+05:30,1969.1,1970.0,1967.9,1968.2,10841,KOTAKBANK
12159,2025-08-26 10:00:00+05:30,1968.4,1969.0,1966.0,1968.6,13078,KOTAKBANK
12160,2025-08-26 10:05:00+05:30,1968.1,1968.9,1967.0,1968.2,3265,KOTAKBANK
12161,2025-08-26 10:10:00+05:30,1968.2,1968.6,1967.1,1968.5,2756,KOTAKBANK
12162,2025-08-26 10:15:00+05:30,1968.1,1970.0,1966.6,1967.9,10589,KOTAKBANK
12163,2025-08-26 10:20:00+05:30,1967.9,1967.9,1966.0,1966.5,8973,KOTAKBANK
12164,2025-08-26 10:25:00+05:30,1966.5,1966.7,1964.0,1965.3,16519,KOTAKBANK
12165,2025-08-26 10:30:00+05:30,1965.4,1965.7,1964.8,1965.1,10922,KOTAKBANK
12166,2025-08-26 10:35:00+05:30,1965.1,1966.1,1964.9,1964.9,11395,KOTAKBANK
12167,2025-08-26 10:40:00+05:30,1965.0,1966.7,1963.9,1964.5,15386,KOTAKBANK
12168,2025-08-26 10:45:00+05:30,1964.8,1966.3,1964.2,1965.9,12059,KOTAKBANK
12169,2025-08-26 10:50:00+05:30,1965.8,1967.5,1965.1,1966.1,10942,KOTAKBANK
12170,2025-08-26 10:55:00+05:30,1966.1,1968.3,1964.7,1966.2,57144,KOTAKBANK
12171,2025-08-26 11:00:00+05:30,1966.4,1968.6,1966.2,1968.3,13098,KOTAKBANK
12172,2025-08-26 11:05:00+05:30,1968.2,1968.6,1966.6,1966.6,13377,KOTAKBANK
12173,2025-08-26 11:10:00+05:30,1966.7,1967.9,1966.0,1966.5,9156,KOTAKBANK
12174,2025-08-26 11:15:00+05:30,1966.4,1969.9,1965.2,1969.9,23081,KOTAKBANK
12175,2025-08-26 11:20:00+05:30,1969.9,1970.1,1968.8,1969.7,29864,KOTAKBANK
12176,2025-08-26 11:25:00+05:30,1969.6,1973.9,1969.6,1970.0,63518,KOTAKBANK
12177,2025-08-26 11:30:00+05:30,1970.5,1972.0,1970.1,1971.3,26276,KOTAKBANK
12178,2025-08-26 11:35:00+05:30,1971.2,1972.8,1969.9,1972.3,50169,KOTAKBANK
12179,2025-08-26 11:40:00+05:30,1972.3,1975.4,1972.0,1974.8,20621,KOTAKBANK
12180,2025-08-26 11:45:00+05:30,1974.8,1977.1,1974.1,1975.3,32720,KOTAKBANK
12181,2025-08-26 11:50:00+05:30,1975.3,1975.8,1971.1,1971.8,78610,KOTAKBANK
12182,2025-08-26 11:55:00+05:30,1972.7,1973.0,1970.0,1970.3,27650,KOTAKBANK
12183,2025-08-26 12:00:00+05:30,1970.3,1972.7,1970.2,1971.7,17498,KOTAKBANK
12184,2025-08-26 12:05:00+05:30,1971.7,1972.7,1967.9,1969.7,78200,KOTAKBANK
12185,2025-08-26 12:10:00+05:30,1969.6,1971.3,1969.1,1970.6,19147,KOTAKBANK
12186,2025-08-26 12:15:00+05:30,1970.7,1971.9,1969.4,1970.8,22044,KOTAKBANK
12187,2025-08-26 12:20:00+05:30,1970.7,1971.9,1970.0,1970.6,19118,KOTAKBANK
12188,2025-08-26 12:25:00+05:30,1970.6,1971.2,1969.1,1970.1,18979,KOTAKBANK
12189,2025-08-26 12:30:00+05:30,1970.0,1970.7,1967.9,1967.9,20839,KOTAKBANK
12190,2025-08-26 12:35:00+05:30,1968.6,1970.1,1967.8,1968.5,23694,KOTAKBANK
12191,2025-08-26 12:40:00+05:30,1968.5,1970.3,1966.5,1967.9,34511,KOTAKBANK
12192,2025-08-26 12:45:00+05:30,1967.9,1967.9,1965.6,1966.1,29244,KOTAKBANK
12193,2025-08-26 12:50:00+05:30,1966.1,1967.4,1965.1,1965.1,28811,KOTAKBANK
12194,2025-08-26 12:55:00+05:30,1965.3,1968.5,1965.2,1968.5,19164,KOTAKBANK
12195,2025-08-26 13:00:00+05:30,1968.5,1970.0,1967.9,1969.1,31191,KOTAKBANK
12196,2025-08-26 13:05:00+05:30,1969.0,1970.1,1967.7,1968.8,38291,KOTAKBANK
12197,2025-08-26 13:10:00+05:30,1968.7,1969.8,1967.8,1968.3,41141,KOTAKBANK
12198,2025-08-26 13:15:00+05:30,1968.4,1970.5,1968.1,1970.3,26170,KOTAKBANK
12199,2025-08-26 13:20:00+05:30,1970.3,1972.0,1969.2,1971.4,30612,KOTAKBANK
12200,2025-08-26 13:25:00+05:30,1971.1,1972.9,1970.3,1971.4,84524,KOTAKBANK
12201,2025-08-26 13:30:00+05:30,1971.7,1972.6,1970.5,1970.6,19505,KOTAKBANK
12202,2025-08-26 13:35:00+05:30,1970.7,1971.9,1968.5,1969.9,36175,KOTAKBANK
12203,2025-08-26 13:40:00+05:30,1969.2,1970.1,1967.8,1969.6,30804,KOTAKBANK
12204,2025-08-26 13:45:00+05:30,1969.7,1970.6,1968.2,1968.4,32471,KOTAKBANK
12205,2025-08-26 13:50:00+05:30,1968.5,1969.3,1967.4,1967.9,19877,KOTAKBANK
12206,2025-08-26 13:55:00+05:30,1967.9,1968.1,1966.5,1967.3,25315,KOTAKBANK
12207,2025-08-26 14:00:00+05:30,1967.3,1968.3,1966.1,1967.3,20831,KOTAKBANK
12208,2025-08-26 14:05:00+05:30,1967.3,1968.0,1966.0,1966.9,17804,KOTAKBANK
12209,2025-08-26 14:10:00+05:30,1967.0,1969.2,1965.4,1965.5,49785,KOTAKBANK
12210,2025-08-26 14:15:00+05:30,1965.5,1966.1,1963.2,1963.9,25265,KOTAKBANK
12211,2025-08-26 14:20:00+05:30,1964.0,1965.1,1961.9,1962.5,29637,KOTAKBANK
12212,2025-08-26 14:25:00+05:30,1962.5,1967.3,1961.4,1965.3,121484,KOTAKBANK
12213,2025-08-26 14:30:00+05:30,1965.6,1967.5,1964.1,1966.6,69321,KOTAKBANK
12214,2025-08-26 14:35:00+05:30,1966.6,1967.0,1964.7,1966.2,31905,KOTAKBANK
12215,2025-08-26 14:40:00+05:30,1966.3,1966.8,1964.2,1965.7,34526,KOTAKBANK
12216,2025-08-26 14:45:00+05:30,1965.8,1966.5,1964.3,1966.4,36405,KOTAKBANK
12217,2025-08-26 14:50:00+05:30,1966.5,1968.4,1965.5,1967.0,46751,KOTAKBANK
12218,2025-08-26 14:55:00+05:30,1967.0,1968.3,1966.0,1966.6,57801,KOTAKBANK
12219,2025-08-26 15:00:00+05:30,1966.5,1967.8,1964.1,1964.4,266742,KOTAKBANK
12220,2025-08-26 15:05:00+05:30,1964.5,1966.7,1961.2,1966.0,303927,KOTAKBANK
12221,2025-08-26 15:10:00+05:30,1966.0,1968.2,1964.3,1965.1,298372,KOTAKBANK
12222,2025-08-26 15:15:00+05:30,1965.3,1968.0,1964.7,1965.5,336313,KOTAKBANK
12223,2025-08-26 15:20:00+05:30,1965.7,1967.9,1963.9,1967.2,244396,KOTAKBANK
12224,2025-08-26 15:25:00+05:30,1967.2,1981.0,1965.0,1966.0,152461,KOTAKBANK
12225,2025-08-28 09:15:00+05:30,1955.0,1968.0,1951.0,1956.5,323177,KOTAKBANK
12226,2025-08-28 09:20:00+05:30,1957.1,1961.0,1955.2,1960.9,63298,KOTAKBANK
12227,2025-08-28 09:25:00+05:30,1961.0,1963.8,1959.7,1961.7,58861,KOTAKBANK
12228,2025-08-28 09:30:00+05:30,1961.8,1963.0,1959.7,1960.1,28250,KOTAKBANK
12229,2025-08-28 09:35:00+05:30,1960.1,1961.5,1958.2,1960.5,25448,KOTAKBANK
12230,2025-08-28 09:40:00+05:30,1960.4,1966.8,1960.4,1961.8,70210,KOTAKBANK
12231,2025-08-28 09:45:00+05:30,1962.1,1964.6,1958.1,1960.3,53676,KOTAKBANK
12232,2025-08-28 09:50:00+05:30,1960.4,1964.1,1959.5,1963.3,51350,KOTAKBANK
12233,2025-08-28 09:55:00+05:30,1963.3,1963.4,1958.2,1960.3,69706,KOTAKBANK
12234,2025-08-28 10:00:00+05:30,1960.4,1961.8,1956.6,1960.1,33598,KOTAKBANK
12235,2025-08-28 10:05:00+05:30,1960.2,1962.4,1957.9,1958.3,28381,KOTAKBANK
12236,2025-08-28 10:10:00+05:30,1958.3,1960.0,1952.5,1953.3,41534,KOTAKBANK
12237,2025-08-28 10:15:00+05:30,1952.6,1956.3,1949.0,1949.7,49236,KOTAKBANK
12238,2025-08-28 10:20:00+05:30,1949.5,1951.1,1947.0,1948.9,39047,KOTAKBANK
12239,2025-08-28 10:25:00+05:30,1948.9,1951.0,1948.9,1950.4,26576,KOTAKBANK
12240,2025-08-28 10:30:00+05:30,1950.5,1952.3,1949.4,1951.3,45043,KOTAKBANK
12241,2025-08-28 10:35:00+05:30,1951.4,1954.1,1950.0,1950.0,44606,KOTAKBANK
12242,2025-08-28 10:40:00+05:30,1950.0,1951.8,1949.0,1949.3,33308,KOTAKBANK
12243,2025-08-28 10:45:00+05:30,1949.3,1956.9,1949.2,1955.3,33134,KOTAKBANK
12244,2025-08-28 10:50:00+05:30,1955.2,1957.0,1954.1,1955.0,18638,KOTAKBANK
12245,2025-08-28 10:55:00+05:30,1955.1,1958.6,1954.2,1957.4,20084,KOTAKBANK
12246,2025-08-28 11:00:00+05:30,1957.2,1959.6,1956.7,1959.3,14533,KOTAKBANK
12247,2025-08-28 11:05:00+05:30,1959.2,1963.2,1959.1,1961.4,22933,KOTAKBANK
12248,2025-08-28 11:10:00+05:30,1961.7,1962.0,1957.8,1957.9,41520,KOTAKBANK
12249,2025-08-28 11:15:00+05:30,1958.2,1960.9,1957.5,1959.3,19854,KOTAKBANK
12250,2025-08-28 11:20:00+05:30,1959.6,1961.4,1958.8,1959.1,15087,KOTAKBANK
12251,2025-08-28 11:25:00+05:30,1959.0,1959.3,1956.1,1957.8,16385,KOTAKBANK
12252,2025-08-28 11:30:00+05:30,1957.7,1960.2,1957.1,1960.0,26267,KOTAKBANK
12253,2025-08-28 11:35:00+05:30,1959.8,1961.4,1955.9,1956.4,94958,KOTAKBANK
12254,2025-08-28 11:40:00+05:30,1956.4,1958.8,1955.6,1958.8,17693,KOTAKBANK
12255,2025-08-28 11:45:00+05:30,1958.6,1959.2,1956.7,1958.5,21428,KOTAKBANK
12256,2025-08-28 11:50:00+05:30,1958.4,1959.0,1954.2,1954.3,10534,KOTAKBANK
12257,2025-08-28 11:55:00+05:30,1954.3,1955.6,1953.2,1954.3,10751,KOTAKBANK
12258,2025-08-28 12:00:00+05:30,1954.4,1955.2,1952.5,1954.8,13899,KOTAKBANK
12259,2025-08-28 12:05:00+05:30,1954.6,1955.8,1953.7,1954.2,12663,KOTAKBANK
12260,2025-08-28 12:10:00+05:30,1954.2,1955.1,1953.6,1953.7,12387,KOTAKBANK
12261,2025-08-28 12:15:00+05:30,1953.7,1954.6,1952.6,1953.3,20103,KOTAKBANK
12262,2025-08-28 12:20:00+05:30,1953.3,1954.4,1952.0,1952.0,23103,KOTAKBANK
12263,2025-08-28 12:25:00+05:30,1952.2,1952.5,1951.2,1951.6,9922,KOTAKBANK
12264,2025-08-28 12:30:00+05:30,1951.6,1952.2,1950.7,1951.4,14239,KOTAKBANK
12265,2025-08-28 12:35:00+05:30,1951.4,1952.0,1950.3,1951.7,12240,KOTAKBANK
12266,2025-08-28 12:40:00+05:30,1951.6,1951.7,1950.0,1950.1,11092,KOTAKBANK
12267,2025-08-28 12:45:00+05:30,1950.2,1952.9,1950.1,1951.4,14662,KOTAKBANK
12268,2025-08-28 12:50:00+05:30,1951.4,1953.4,1950.7,1952.9,14524,KOTAKBANK
12269,2025-08-28 12:55:00+05:30,1953.0,1954.1,1952.1,1953.7,21617,KOTAKBANK
12270,2025-08-28 13:00:00+05:30,1953.6,1954.2,1952.7,1953.0,18229,KOTAKBANK
12271,2025-08-28 13:05:00+05:30,1953.0,1953.2,1949.2,1950.9,26834,KOTAKBANK
12272,2025-08-28 13:10:00+05:30,1951.1,1953.4,1950.3,1950.9,19121,KOTAKBANK
12273,2025-08-28 13:15:00+05:30,1950.9,1951.3,1950.0,1950.3,11101,KOTAKBANK
12274,2025-08-28 13:20:00+05:30,1950.3,1951.0,1949.5,1949.9,15152,KOTAKBANK
12275,2025-08-28 13:25:00+05:30,1949.9,1951.1,1948.8,1949.5,20008,KOTAKBANK
12276,2025-08-28 13:30:00+05:30,1949.5,1950.0,1946.2,1947.5,24355,KOTAKBANK
12277,2025-08-28 13:35:00+05:30,1947.5,1949.4,1946.6,1948.5,26032,KOTAKBANK
12278,2025-08-28 13:40:00+05:30,1948.8,1949.6,1946.6,1947.2,23349,KOTAKBANK
12279,2025-08-28 13:45:00+05:30,1947.2,1947.4,1946.2,1946.7,31452,KOTAKBANK
12280,2025-08-28 13:50:00+05:30,1946.5,1946.8,1945.0,1945.9,24297,KOTAKBANK
12281,2025-08-28 13:55:00+05:30,1945.9,1947.0,1945.0,1946.5,32587,KOTAKBANK
12282,2025-08-28 14:00:00+05:30,1946.5,1948.5,1945.0,1945.0,101529,KOTAKBANK
12283,2025-08-28 14:05:00+05:30,1945.2,1949.8,1944.1,1949.0,40474,KOTAKBANK
12284,2025-08-28 14:10:00+05:30,1949.0,1951.8,1948.3,1951.5,50977,KOTAKBANK
12285,2025-08-28 14:15:00+05:30,1951.5,1952.8,1950.2,1950.8,31514,KOTAKBANK
12286,2025-08-28 14:20:00+05:30,1950.8,1951.9,1948.0,1949.8,51671,KOTAKBANK
12287,2025-08-28 14:25:00+05:30,1949.8,1950.6,1946.1,1947.6,74974,KOTAKBANK
12288,2025-08-28 14:30:00+05:30,1947.6,1948.8,1945.5,1946.7,35744,KOTAKBANK
12289,2025-08-28 14:35:00+05:30,1946.4,1947.0,1942.6,1945.9,100831,KOTAKBANK
12290,2025-08-28 14:40:00+05:30,1945.8,1948.0,1945.5,1946.2,39327,KOTAKBANK
12291,2025-08-28 14:45:00+05:30,1946.2,1947.2,1943.1,1943.3,66449,KOTAKBANK
12292,2025-08-28 14:50:00+05:30,1943.4,1944.3,1942.0,1943.3,64279,KOTAKBANK
12293,2025-08-28 14:55:00+05:30,1943.3,1944.9,1942.5,1944.7,69217,KOTAKBANK
12294,2025-08-28 15:00:00+05:30,1944.6,1944.7,1941.1,1941.7,187331,KOTAKBANK
12295,2025-08-28 15:05:00+05:30,1941.7,1943.6,1941.1,1942.2,206845,KOTAKBANK
12296,2025-08-28 15:10:00+05:30,1942.2,1944.4,1941.1,1943.8,187832,KOTAKBANK
12297,2025-08-28 15:15:00+05:30,1943.7,1947.7,1943.2,1947.5,138016,KOTAKBANK
12298,2025-08-28 15:20:00+05:30,1947.5,1955.4,1947.0,1950.0,137038,KOTAKBANK
12299,2025-08-28 15:25:00+05:30,1950.4,1953.9,1947.9,1947.9,91311,KOTAKBANK
12300,2025-08-29 09:15:00+05:30,1950.2,1984.9,1950.2,1969.0,229343,KOTAKBANK
12301,2025-08-29 09:20:00+05:30,1969.5,1973.8,1968.2,1969.3,40646,KOTAKBANK
12302,2025-08-29 09:25:00+05:30,1969.0,1973.8,1966.6,1972.0,26768,KOTAKBANK
12303,2025-08-29 09:30:00+05:30,1972.0,1974.8,1970.1,1972.2,24929,KOTAKBANK
12304,2025-08-29 09:35:00+05:30,1972.3,1974.7,1966.6,1974.2,27306,KOTAKBANK
12305,2025-08-29 09:40:00+05:30,1974.2,1978.9,1973.3,1976.8,29045,KOTAKBANK
12306,2025-08-29 09:45:00+05:30,1976.6,1980.5,1974.0,1978.5,38055,KOTAKBANK
12307,2025-08-29 09:50:00+05:30,1978.5,1980.6,1973.1,1976.0,37035,KOTAKBANK
12308,2025-08-29 09:55:00+05:30,1976.1,1976.8,1971.8,1973.0,31831,KOTAKBANK
12309,2025-08-29 10:00:00+05:30,1973.0,1975.0,1969.9,1972.4,83356,KOTAKBANK
12310,2025-08-29 10:05:00+05:30,1972.3,1974.5,1971.7,1974.5,17526,KOTAKBANK
12311,2025-08-29 10:10:00+05:30,1974.3,1974.5,1970.5,1970.6,20687,KOTAKBANK
12312,2025-08-29 10:15:00+05:30,1970.5,1970.5,1968.1,1968.7,23276,KOTAKBANK
12313,2025-08-29 10:20:00+05:30,1968.5,1970.7,1968.4,1970.4,17729,KOTAKBANK
12314,2025-08-29 10:25:00+05:30,1970.2,1970.4,1969.0,1970.1,16800,KOTAKBANK
12315,2025-08-29 10:30:00+05:30,1970.1,1974.5,1970.0,1972.9,26482,KOTAKBANK
12316,2025-08-29 10:35:00+05:30,1972.8,1974.2,1972.7,1973.3,18755,KOTAKBANK
12317,2025-08-29 10:40:00+05:30,1973.2,1977.8,1973.2,1977.2,30900,KOTAKBANK
12318,2025-08-29 10:45:00+05:30,1977.2,1977.2,1969.6,1970.4,100767,KOTAKBANK
12319,2025-08-29 10:50:00+05:30,1970.4,1974.5,1970.3,1974.2,34492,KOTAKBANK
12320,2025-08-29 10:55:00+05:30,1974.2,1974.5,1972.5,1973.2,17872,KOTAKBANK
12321,2025-08-29 11:00:00+05:30,1973.2,1973.2,1971.0,1971.5,22673,KOTAKBANK
12322,2025-08-29 11:05:00+05:30,1971.5,1971.9,1968.9,1969.0,27646,KOTAKBANK
12323,2025-08-29 11:10:00+05:30,1968.9,1970.7,1968.6,1968.8,31674,KOTAKBANK
12324,2025-08-29 11:15:00+05:30,1968.8,1969.0,1966.1,1966.3,30592,KOTAKBANK
12325,2025-08-29 11:20:00+05:30,1966.3,1968.6,1966.3,1967.8,24851,KOTAKBANK
12326,2025-08-29 11:25:00+05:30,1967.7,1969.2,1966.9,1968.5,15236,KOTAKBANK
12327,2025-08-29 11:30:00+05:30,1969.2,1969.9,1967.9,1968.3,13257,KOTAKBANK
12328,2025-08-29 11:35:00+05:30,1968.3,1970.4,1968.0,1969.8,11883,KOTAKBANK
12329,2025-08-29 11:40:00+05:30,1969.8,1970.3,1968.7,1969.1,14668,KOTAKBANK
12330,2025-08-29 11:45:00+05:30,1968.8,1973.5,1968.8,1973.5,13169,KOTAKBANK
12331,2025-08-29 11:50:00+05:30,1973.5,1973.5,1968.8,1970.7,27501,KOTAKBANK
12332,2025-08-29 11:55:00+05:30,1970.3,1971.5,1969.8,1970.1,10395,KOTAKBANK
12333,2025-08-29 12:00:00+05:30,1970.1,1970.9,1968.6,1970.6,14021,KOTAKBANK
12334,2025-08-29 12:05:00+05:30,1970.5,1970.9,1969.3,1969.9,14211,KOTAKBANK
12335,2025-08-29 12:10:00+05:30,1969.8,1970.9,1969.8,1970.7,9124,KOTAKBANK
12336,2025-08-29 12:15:00+05:30,1970.7,1970.9,1970.6,1970.8,10707,KOTAKBANK
12337,2025-08-29 12:20:00+05:30,1970.7,1970.9,1969.4,1970.6,12447,KOTAKBANK
12338,2025-08-29 12:25:00+05:30,1970.6,1971.6,1970.0,1971.6,27515,KOTAKBANK
12339,2025-08-29 12:30:00+05:30,1971.5,1971.6,1969.1,1969.7,14355,KOTAKBANK
12340,2025-08-29 12:35:00+05:30,1969.7,1971.5,1967.1,1968.5,20486,KOTAKBANK
12341,2025-08-29 12:40:00+05:30,1968.5,1969.3,1967.2,1967.4,26093,KOTAKBANK
12342,2025-08-29 12:45:00+05:30,1967.4,1970.3,1967.2,1969.8,35716,KOTAKBANK
12343,2025-08-29 12:50:00+05:30,1969.7,1970.1,1968.0,1968.1,21760,KOTAKBANK
12344,2025-08-29 12:55:00+05:30,1968.1,1969.2,1967.8,1968.6,20246,KOTAKBANK
12345,2025-08-29 13:00:00+05:30,1968.4,1968.4,1965.6,1967.2,24518,KOTAKBANK
12346,2025-08-29 13:05:00+05:30,1967.0,1968.3,1965.7,1966.5,21655,KOTAKBANK
12347,2025-08-29 13:10:00+05:30,1966.0,1969.0,1966.0,1966.9,16703,KOTAKBANK
12348,2025-08-29 13:15:00+05:30,1966.8,1968.7,1966.8,1967.9,17008,KOTAKBANK
12349,2025-08-29 13:20:00+05:30,1967.9,1969.4,1967.4,1967.8,15413,KOTAKBANK
12350,2025-08-29 13:25:00+05:30,1967.7,1968.8,1966.0,1966.8,33391,KOTAKBANK
12351,2025-08-29 13:30:00+05:30,1967.4,1968.0,1965.0,1965.6,63126,KOTAKBANK
12352,2025-08-29 13:35:00+05:30,1965.5,1967.8,1964.5,1966.5,46546,KOTAKBANK
12353,2025-08-29 13:40:00+05:30,1966.2,1967.0,1965.6,1966.3,17580,KOTAKBANK
12354,2025-08-29 13:45:00+05:30,1966.3,1966.4,1965.5,1965.5,15434,KOTAKBANK
12355,2025-08-29 13:50:00+05:30,1965.5,1967.1,1964.8,1965.6,28924,KOTAKBANK
12356,2025-08-29 13:55:00+05:30,1965.6,1965.9,1964.4,1965.1,86035,KOTAKBANK
12357,2025-08-29 14:00:00+05:30,1965.0,1966.2,1962.3,1965.7,53883,KOTAKBANK
12358,2025-08-29 14:05:00+05:30,1965.7,1966.0,1965.2,1965.5,16189,KOTAKBANK
12359,2025-08-29 14:10:00+05:30,1965.6,1968.5,1965.5,1966.4,29773,KOTAKBANK
12360,2025-08-29 14:15:00+05:30,1966.4,1966.8,1965.2,1965.4,18429,KOTAKBANK
12361,2025-08-29 14:20:00+05:30,1965.4,1967.6,1965.1,1966.2,23037,KOTAKBANK
12362,2025-08-29 14:25:00+05:30,1966.2,1966.3,1965.0,1965.0,26417,KOTAKBANK
12363,2025-08-29 14:30:00+05:30,1965.0,1965.4,1964.2,1964.4,25929,KOTAKBANK
12364,2025-08-29 14:35:00+05:30,1964.4,1965.0,1961.0,1961.0,37943,KOTAKBANK
12365,2025-08-29 14:40:00+05:30,1961.0,1962.0,1959.7,1961.0,49082,KOTAKBANK
12366,2025-08-29 14:45:00+05:30,1961.1,1962.6,1960.9,1961.1,31842,KOTAKBANK
12367,2025-08-29 14:50:00+05:30,1961.3,1962.8,1960.9,1962.7,45145,KOTAKBANK
12368,2025-08-29 14:55:00+05:30,1962.7,1965.3,1961.7,1961.9,44126,KOTAKBANK
12369,2025-08-29 15:00:00+05:30,1961.7,1963.4,1959.5,1960.7,152355,KOTAKBANK
12370,2025-08-29 15:05:00+05:30,1960.7,1960.9,1959.3,1959.3,100590,KOTAKBANK
12371,2025-08-29 15:10:00+05:30,1959.5,1959.6,1957.2,1957.4,134466,KOTAKBANK
12372,2025-08-29 15:15:00+05:30,1957.4,1960.3,1957.4,1958.2,132544,KOTAKBANK
12373,2025-08-29 15:20:00+05:30,1958.5,1961.2,1958.2,1960.9,161406,KOTAKBANK
12374,2025-08-29 15:25:00+05:30,1960.9,1969.8,1959.2,1959.2,241029,KOTAKBANK
12375,2025-09-01 09:15:00+05:30,1960.3,1964.6,1956.3,1962.5,61120,KOTAKBANK
12376,2025-09-01 09:20:00+05:30,1962.7,1965.9,1961.6,1963.1,16508,KOTAKBANK
12377,2025-09-01 09:25:00+05:30,1963.8,1965.8,1961.2,1964.6,10926,KOTAKBANK
12378,2025-09-01 09:30:00+05:30,1964.1,1967.7,1963.0,1966.8,15606,KOTAKBANK
12379,2025-09-01 09:35:00+05:30,1966.8,1968.2,1966.1,1967.6,10870,KOTAKBANK
12380,2025-09-01 09:40:00+05:30,1967.5,1967.6,1965.0,1965.1,4562,KOTAKBANK
12381,2025-09-01 09:45:00+05:30,1965.2,1967.2,1965.1,1965.9,10369,KOTAKBANK
12382,2025-09-01 09:50:00+05:30,1966.1,1968.4,1965.5,1967.2,24290,KOTAKBANK
12383,2025-09-01 09:55:00+05:30,1967.5,1968.8,1965.0,1966.5,36870,KOTAKBANK
12384,2025-09-01 10:00:00+05:30,1966.8,1968.4,1964.4,1966.0,22420,KOTAKBANK
12385,2025-09-01 10:05:00+05:30,1966.0,1967.0,1964.0,1966.0,10632,KOTAKBANK
12386,2025-09-01 10:10:00+05:30,1966.0,1967.1,1965.0,1966.3,7287,KOTAKBANK
12387,2025-09-01 10:15:00+05:30,1966.4,1968.1,1965.2,1967.1,13161,KOTAKBANK
12388,2025-09-01 10:20:00+05:30,1967.5,1967.9,1966.0,1967.0,12464,KOTAKBANK
12389,2025-09-01 10:25:00+05:30,1967.0,1969.2,1967.0,1968.5,9437,KOTAKBANK
12390,2025-09-01 10:30:00+05:30,1968.5,1969.7,1967.0,1967.2,13676,KOTAKBANK
12391,2025-09-01 10:35:00+05:30,1967.1,1968.3,1965.1,1965.3,9911,KOTAKBANK
12392,2025-09-01 10:40:00+05:30,1965.8,1967.3,1965.0,1966.8,10548,KOTAKBANK
12393,2025-09-01 10:45:00+05:30,1966.5,1970.0,1965.7,1969.3,20017,KOTAKBANK
12394,2025-09-01 10:50:00+05:30,1969.3,1970.0,1967.9,1969.9,15024,KOTAKBANK
12395,2025-09-01 10:55:00+05:30,1970.0,1972.6,1969.1,1971.8,22382,KOTAKBANK
12396,2025-09-01 11:00:00+05:30,1972.1,1972.8,1970.4,1971.5,12217,KOTAKBANK
12397,2025-09-01 11:05:00+05:30,1971.5,1972.8,1970.1,1970.7,12343,KOTAKBANK
12398,2025-09-01 11:10:00+05:30,1970.7,1972.4,1969.3,1970.4,17629,KOTAKBANK
12399,2025-09-01 11:15:00+05:30,1970.3,1971.7,1968.4,1969.0,28821,KOTAKBANK
12400,2025-09-01 11:20:00+05:30,1969.1,1970.2,1966.0,1966.5,38452,KOTAKBANK
12401,2025-09-01 11:25:00+05:30,1966.4,1967.3,1963.4,1964.2,20638,KOTAKBANK
12402,2025-09-01 11:30:00+05:30,1964.2,1964.8,1961.1,1962.3,17385,KOTAKBANK
12403,2025-09-01 11:35:00+05:30,1962.3,1963.3,1960.2,1961.1,14544,KOTAKBANK
12404,2025-09-01 11:40:00+05:30,1961.3,1961.8,1960.1,1960.5,8103,KOTAKBANK
12405,2025-09-01 11:45:00+05:30,1960.8,1960.8,1958.3,1959.0,15275,KOTAKBANK
12406,2025-09-01 11:50:00+05:30,1959.1,1960.0,1958.3,1958.7,8500,KOTAKBANK
12407,2025-09-01 11:55:00+05:30,1958.7,1959.6,1957.5,1959.0,10161,KOTAKBANK
12408,2025-09-01 12:00:00+05:30,1959.0,1960.0,1955.2,1955.6,12510,KOTAKBANK
12409,2025-09-01 12:05:00+05:30,1955.2,1957.3,1955.2,1956.7,19492,KOTAKBANK
12410,2025-09-01 12:10:00+05:30,1957.2,1957.5,1956.7,1957.2,9020,KOTAKBANK
12411,2025-09-01 12:15:00+05:30,1957.3,1957.7,1956.7,1957.5,12437,KOTAKBANK
12412,2025-09-01 12:20:00+05:30,1957.5,1957.8,1957.4,1957.5,6305,KOTAKBANK
12413,2025-09-01 12:25:00+05:30,1957.5,1959.9,1957.4,1959.4,32127,KOTAKBANK
12414,2025-09-01 12:30:00+05:30,1959.4,1959.9,1958.4,1959.2,16946,KOTAKBANK
12415,2025-09-01 12:35:00+05:30,1959.5,1961.1,1959.0,1960.7,18783,KOTAKBANK
12416,2025-09-01 12:40:00+05:30,1960.6,1961.9,1960.1,1961.5,8712,KOTAKBANK
12417,2025-09-01 12:45:00+05:30,1961.5,1962.3,1958.9,1960.2,63721,KOTAKBANK
12418,2025-09-01 12:50:00+05:30,1960.2,1961.0,1958.7,1960.9,12114,KOTAKBANK
12419,2025-09-01 12:55:00+05:30,1960.8,1961.7,1956.6,1957.9,39528,KOTAKBANK
12420,2025-09-01 13:00:00+05:30,1957.9,1959.6,1957.3,1958.6,29956,KOTAKBANK
12421,2025-09-01 13:05:00+05:30,1958.5,1959.9,1958.4,1959.3,7121,KOTAKBANK
12422,2025-09-01 13:10:00+05:30,1959.1,1959.8,1958.6,1959.5,5331,KOTAKBANK
12423,2025-09-01 13:15:00+05:30,1959.4,1961.5,1958.1,1961.0,15000,KOTAKBANK
12424,2025-09-01 13:20:00+05:30,1961.0,1961.2,1959.6,1960.3,7914,KOTAKBANK
12425,2025-09-01 13:25:00+05:30,1960.6,1962.0,1960.1,1961.7,11172,KOTAKBANK
12426,2025-09-01 13:30:00+05:30,1961.9,1963.0,1960.8,1962.0,13195,KOTAKBANK
12427,2025-09-01 13:35:00+05:30,1962.0,1963.0,1961.5,1962.3,11799,KOTAKBANK
12428,2025-09-01 13:40:00+05:30,1962.5,1962.5,1960.0,1960.8,13316,KOTAKBANK
12429,2025-09-01 13:45:00+05:30,1961.0,1961.0,1958.9,1960.4,9781,KOTAKBANK
12430,2025-09-01 13:50:00+05:30,1960.4,1960.8,1959.4,1960.3,7778,KOTAKBANK
12431,2025-09-01 13:55:00+05:30,1960.1,1960.6,1959.1,1959.3,8133,KOTAKBANK
12432,2025-09-01 14:00:00+05:30,1959.3,1961.0,1959.1,1960.0,23099,KOTAKBANK
12433,2025-09-01 14:05:00+05:30,1960.0,1962.7,1960.0,1962.7,16337,KOTAKBANK
12434,2025-09-01 14:10:00+05:30,1962.5,1962.8,1960.0,1961.7,62708,KOTAKBANK
12435,2025-09-01 14:15:00+05:30,1961.7,1962.6,1961.6,1962.3,8406,KOTAKBANK
12436,2025-09-01 14:20:00+05:30,1962.2,1962.8,1960.3,1962.3,21148,KOTAKBANK
12437,2025-09-01 14:25:00+05:30,1962.5,1962.9,1962.0,1962.0,8228,KOTAKBANK
12438,2025-09-01 14:30:00+05:30,1962.1,1964.4,1962.0,1964.1,19231,KOTAKBANK
12439,2025-09-01 14:35:00+05:30,1964.1,1964.5,1961.9,1962.8,14005,KOTAKBANK
12440,2025-09-01 14:40:00+05:30,1962.8,1963.8,1962.2,1963.7,8139,KOTAKBANK
12441,2025-09-01 14:45:00+05:30,1963.8,1964.8,1963.6,1964.0,11337,KOTAKBANK
12442,2025-09-01 14:50:00+05:30,1964.2,1964.8,1963.7,1964.1,8929,KOTAKBANK
12443,2025-09-01 14:55:00+05:30,1964.4,1967.0,1964.0,1966.8,20485,KOTAKBANK
12444,2025-09-01 15:00:00+05:30,1966.3,1967.0,1965.4,1966.4,26469,KOTAKBANK
12445,2025-09-01 15:05:00+05:30,1966.5,1969.0,1966.0,1968.6,31288,KOTAKBANK
12446,2025-09-01 15:10:00+05:30,1968.9,1969.4,1967.5,1968.7,35822,KOTAKBANK
12447,2025-09-01 15:15:00+05:30,1969.0,1969.8,1967.7,1968.3,36817,KOTAKBANK
12448,2025-09-01 15:20:00+05:30,1968.3,1969.7,1967.8,1968.0,252280,KOTAKBANK
12449,2025-09-01 15:25:00+05:30,1968.5,1969.0,1965.0,1965.1,18929,KOTAKBANK
12450,2025-09-02 09:15:00+05:30,1966.0,1975.2,1965.5,1967.8,37405,KOTAKBANK
12451,2025-09-02 09:20:00+05:30,1967.7,1968.8,1963.6,1965.7,22699,KOTAKBANK
12452,2025-09-02 09:25:00+05:30,1964.8,1966.6,1963.1,1966.3,12005,KOTAKBANK
12453,2025-09-02 09:30:00+05:30,1966.3,1969.4,1966.1,1967.5,9020,KOTAKBANK
12454,2025-09-02 09:35:00+05:30,1967.4,1969.0,1964.0,1967.5,14725,KOTAKBANK
12455,2025-09-02 09:40:00+05:30,1967.5,1969.9,1967.1,1968.9,10802,KOTAKBANK
12456,2025-09-02 09:45:00+05:30,1968.6,1970.0,1968.1,1968.9,8370,KOTAKBANK
12457,2025-09-02 09:50:00+05:30,1969.2,1972.3,1968.3,1969.3,8307,KOTAKBANK
12458,2025-09-02 09:55:00+05:30,1969.5,1972.5,1969.5,1971.7,10735,KOTAKBANK
12459,2025-09-02 10:00:00+05:30,1971.7,1973.7,1970.8,1973.7,6475,KOTAKBANK
12460,2025-09-02 10:05:00+05:30,1973.7,1974.7,1973.0,1973.4,10666,KOTAKBANK
12461,2025-09-02 10:10:00+05:30,1973.3,1973.6,1969.4,1969.9,11431,KOTAKBANK
12462,2025-09-02 10:15:00+05:30,1970.0,1970.9,1968.4,1970.4,8038,KOTAKBANK
12463,2025-09-02 10:20:00+05:30,1970.3,1970.4,1968.3,1969.4,8875,KOTAKBANK
12464,2025-09-02 10:25:00+05:30,1969.5,1971.2,1969.1,1969.8,9879,KOTAKBANK
12465,2025-09-02 10:30:00+05:30,1969.6,1970.6,1968.0,1968.6,7855,KOTAKBANK
12466,2025-09-02 10:35:00+05:30,1968.3,1968.9,1965.2,1968.4,11133,KOTAKBANK
12467,2025-09-02 10:40:00+05:30,1967.9,1970.0,1967.1,1969.2,13729,KOTAKBANK
12468,2025-09-02 10:45:00+05:30,1969.9,1969.9,1963.8,1967.0,14556,KOTAKBANK
12469,2025-09-02 10:50:00+05:30,1966.9,1967.0,1963.7,1966.0,13369,KOTAKBANK
12470,2025-09-02 10:55:00+05:30,1966.0,1966.8,1965.0,1965.3,10140,KOTAKBANK
12471,2025-09-02 11:00:00+05:30,1965.4,1966.7,1965.1,1965.8,8362,KOTAKBANK
12472,2025-09-02 11:05:00+05:30,1965.8,1966.8,1964.6,1965.6,13187,KOTAKBANK
12473,2025-09-02 11:10:00+05:30,1965.6,1966.4,1964.7,1964.7,8851,KOTAKBANK
12474,2025-09-02 11:15:00+05:30,1964.7,1965.6,1963.5,1964.3,11132,KOTAKBANK
12475,2025-09-02 11:20:00+05:30,1964.6,1965.2,1960.9,1963.0,20485,KOTAKBANK
12476,2025-09-02 11:25:00+05:30,1963.0,1967.0,1963.0,1966.5,16555,KOTAKBANK
12477,2025-09-02 11:30:00+05:30,1966.5,1969.2,1966.4,1967.7,144312,KOTAKBANK
12478,2025-09-02 11:35:00+05:30,1967.8,1968.9,1967.1,1968.4,8332,KOTAKBANK
12479,2025-09-02 11:40:00+05:30,1968.5,1968.9,1964.9,1965.7,25477,KOTAKBANK
12480,2025-09-02 11:45:00+05:30,1965.7,1967.1,1963.7,1964.5,15397,KOTAKBANK
12481,2025-09-02 11:50:00+05:30,1964.5,1965.1,1960.0,1961.3,76678,KOTAKBANK
12482,2025-09-02 11:55:00+05:30,1961.0,1963.5,1959.7,1962.9,16943,KOTAKBANK
12483,2025-09-02 12:00:00+05:30,1962.9,1965.3,1962.9,1964.6,12342,KOTAKBANK
12484,2025-09-02 12:05:00+05:30,1964.8,1965.4,1964.4,1965.4,8020,KOTAKBANK
12485,2025-09-02 12:10:00+05:30,1965.4,1965.5,1965.0,1965.1,7813,KOTAKBANK
12486,2025-09-02 12:15:00+05:30,1965.1,1965.3,1963.1,1963.7,11585,KOTAKBANK
12487,2025-09-02 12:20:00+05:30,1963.7,1965.4,1963.1,1965.0,10409,KOTAKBANK
12488,2025-09-02 12:25:00+05:30,1965.0,1965.3,1963.9,1964.1,8671,KOTAKBANK
12489,2025-09-02 12:30:00+05:30,1964.3,1965.7,1963.3,1965.1,11082,KOTAKBANK
12490,2025-09-02 12:35:00+05:30,1965.0,1966.0,1964.5,1965.1,10295,KOTAKBANK
12491,2025-09-02 12:40:00+05:30,1965.1,1966.9,1965.0,1965.6,11713,KOTAKBANK
12492,2025-09-02 12:45:00+05:30,1965.7,1966.0,1964.0,1964.7,17304,KOTAKBANK
12493,2025-09-02 12:50:00+05:30,1964.5,1965.0,1963.9,1964.5,11620,KOTAKBANK
12494,2025-09-02 12:55:00+05:30,1964.4,1965.1,1964.0,1964.7,10687,KOTAKBANK
12495,2025-09-02 13:00:00+05:30,1964.7,1964.9,1962.7,1963.5,11747,KOTAKBANK
12496,2025-09-02 13:05:00+05:30,1963.5,1963.8,1962.1,1962.5,11845,KOTAKBANK
12497,2025-09-02 13:10:00+05:30,1962.5,1963.0,1958.9,1961.5,96361,KOTAKBANK
12498,2025-09-02 13:15:00+05:30,1961.5,1961.5,1959.1,1959.7,27469,KOTAKBANK
12499,2025-09-02 13:20:00+05:30,1959.7,1960.0,1956.6,1957.9,21538,KOTAKBANK
12500,2025-09-02 13:25:00+05:30,1957.6,1958.4,1954.1,1954.4,65692,KOTAKBANK
12501,2025-09-02 13:30:00+05:30,1954.3,1956.2,1952.1,1955.0,89401,KOTAKBANK
12502,2025-09-02 13:35:00+05:30,1955.0,1955.1,1952.5,1952.5,22364,KOTAKBANK
12503,2025-09-02 13:40:00+05:30,1952.5,1953.0,1950.3,1950.7,16500,KOTAKBANK
12504,2025-09-02 13:45:00+05:30,1950.7,1953.7,1950.1,1953.3,15830,KOTAKBANK
12505,2025-09-02 13:50:00+05:30,1953.3,1953.8,1950.7,1951.3,18090,KOTAKBANK
12506,2025-09-02 13:55:00+05:30,1951.5,1951.7,1948.5,1948.8,31530,KOTAKBANK
12507,2025-09-02 14:00:00+05:30,1948.8,1949.5,1945.8,1946.8,57682,KOTAKBANK
12508,2025-09-02 14:05:00+05:30,1946.5,1947.1,1944.1,1945.2,76596,KOTAKBANK
12509,2025-09-02 14:10:00+05:30,1945.1,1948.4,1944.5,1946.5,47917,KOTAKBANK
12510,2025-09-02 14:15:00+05:30,1946.6,1948.4,1945.5,1947.2,41043,KOTAKBANK
12511,2025-09-02 14:20:00+05:30,1947.7,1949.5,1946.0,1946.0,64108,KOTAKBANK
12512,2025-09-02 14:25:00+05:30,1946.1,1946.8,1943.0,1943.0,70306,KOTAKBANK
12513,2025-09-02 14:30:00+05:30,1943.4,1945.6,1943.1,1944.0,58296,KOTAKBANK
12514,2025-09-02 14:35:00+05:30,1944.6,1946.7,1943.6,1944.3,61354,KOTAKBANK
12515,2025-09-02 14:40:00+05:30,1944.5,1946.5,1943.9,1945.1,55622,KOTAKBANK
12516,2025-09-02 14:45:00+05:30,1945.2,1946.7,1944.4,1945.0,51325,KOTAKBANK
12517,2025-09-02 14:50:00+05:30,1945.0,1946.0,1941.1,1941.1,77167,KOTAKBANK
12518,2025-09-02 14:55:00+05:30,1941.5,1943.6,1941.2,1942.9,66637,KOTAKBANK
12519,2025-09-02 15:00:00+05:30,1942.9,1942.9,1940.4,1942.5,121935,KOTAKBANK
12520,2025-09-02 15:05:00+05:30,1942.3,1942.9,1941.3,1942.5,110973,KOTAKBANK
12521,2025-09-02 15:10:00+05:30,1942.4,1943.4,1941.7,1942.7,109439,KOTAKBANK
12522,2025-09-02 15:15:00+05:30,1942.7,1943.8,1941.2,1943.0,108511,KOTAKBANK
12523,2025-09-02 15:20:00+05:30,1943.0,1944.4,1942.6,1943.7,98382,KOTAKBANK
12524,2025-09-02 15:25:00+05:30,1943.7,1944.9,1942.3,1944.9,119714,KOTAKBANK
12525,2025-09-03 09:15:00+05:30,1944.0,1951.6,1936.6,1941.8,221942,KOTAKBANK
12526,2025-09-03 09:20:00+05:30,1941.8,1942.8,1931.1,1937.9,916419,KOTAKBANK
12527,2025-09-03 09:25:00+05:30,1938.7,1948.5,1935.8,1947.0,124947,KOTAKBANK
12528,2025-09-03 09:30:00+05:30,1947.0,1947.0,1944.0,1945.7,18754,KOTAKBANK
12529,2025-09-03 09:35:00+05:30,1945.7,1947.0,1942.1,1943.4,27253,KOTAKBANK
12530,2025-09-03 09:40:00+05:30,1943.7,1944.6,1942.3,1944.3,20969,KOTAKBANK
12531,2025-09-03 09:45:00+05:30,1944.3,1949.9,1944.1,1949.2,25082,KOTAKBANK
12532,2025-09-03 09:50:00+05:30,1949.9,1951.2,1948.5,1950.7,18442,KOTAKBANK
12533,2025-09-03 09:55:00+05:30,1950.6,1952.0,1947.6,1951.3,24214,KOTAKBANK
12534,2025-09-03 10:00:00+05:30,1951.3,1953.2,1950.0,1953.2,15468,KOTAKBANK
12535,2025-09-03 10:05:00+05:30,1953.1,1953.7,1952.0,1952.7,12941,KOTAKBANK
12536,2025-09-03 10:10:00+05:30,1952.7,1953.5,1952.0,1953.3,12384,KOTAKBANK
12537,2025-09-03 10:15:00+05:30,1953.3,1953.5,1951.1,1951.3,13364,KOTAKBANK
12538,2025-09-03 10:20:00+05:30,1951.8,1952.3,1950.3,1951.6,11066,KOTAKBANK
12539,2025-09-03 10:25:00+05:30,1951.6,1952.2,1949.7,1950.2,16904,KOTAKBANK
12540,2025-09-03 10:30:00+05:30,1950.2,1950.7,1948.7,1949.7,117967,KOTAKBANK
12541,2025-09-03 10:35:00+05:30,1949.7,1949.9,1948.4,1949.9,14678,KOTAKBANK
12542,2025-09-03 10:40:00+05:30,1949.9,1950.1,1948.4,1950.0,14913,KOTAKBANK
12543,2025-09-03 10:45:00+05:30,1950.0,1950.1,1946.0,1948.2,23397,KOTAKBANK
12544,2025-09-03 10:50:00+05:30,1947.8,1949.2,1946.0,1948.0,22557,KOTAKBANK
12545,2025-09-03 10:55:00+05:30,1948.0,1949.2,1947.2,1948.8,12822,KOTAKBANK
12546,2025-09-03 11:00:00+05:30,1948.8,1950.6,1947.7,1949.4,21243,KOTAKBANK
12547,2025-09-03 11:05:00+05:30,1948.9,1949.8,1945.0,1945.2,27517,KOTAKBANK
12548,2025-09-03 11:10:00+05:30,1945.9,1946.8,1943.1,1945.6,20080,KOTAKBANK
12549,2025-09-03 11:15:00+05:30,1945.8,1946.5,1943.9,1946.4,19289,KOTAKBANK
12550,2025-09-03 11:20:00+05:30,1946.4,1947.0,1943.8,1946.6,22923,KOTAKBANK
12551,2025-09-03 11:25:00+05:30,1946.9,1947.7,1945.1,1946.0,16822,KOTAKBANK
12552,2025-09-03 11:30:00+05:30,1946.0,1946.7,1944.6,1945.4,18583,KOTAKBANK
12553,2025-09-03 11:35:00+05:30,1946.0,1949.9,1945.0,1949.0,17986,KOTAKBANK
12554,2025-09-03 11:40:00+05:30,1949.0,1949.2,1946.4,1947.3,12849,KOTAKBANK
12555,2025-09-03 11:45:00+05:30,1947.3,1947.4,1944.0,1945.5,19646,KOTAKBANK
12556,2025-09-03 11:50:00+05:30,1945.7,1949.6,1945.4,1948.9,33101,KOTAKBANK
12557,2025-09-03 11:55:00+05:30,1948.5,1951.3,1947.5,1950.7,22250,KOTAKBANK
12558,2025-09-03 12:00:00+05:30,1950.1,1950.7,1946.5,1947.5,36655,KOTAKBANK
12559,2025-09-03 12:05:00+05:30,1948.0,1948.9,1946.4,1948.0,75319,KOTAKBANK
12560,2025-09-03 12:10:00+05:30,1947.9,1949.5,1947.5,1948.0,126651,KOTAKBANK
12561,2025-09-03 12:15:00+05:30,1947.9,1948.5,1947.5,1948.0,41309,KOTAKBANK
12562,2025-09-03 12:20:00+05:30,1947.9,1951.1,1947.7,1951.0,90851,KOTAKBANK
12563,2025-09-03 12:25:00+05:30,1950.4,1951.3,1947.3,1949.0,44591,KOTAKBANK
12564,2025-09-03 12:30:00+05:30,1948.7,1950.1,1946.5,1947.2,76051,KOTAKBANK
12565,2025-09-03 12:35:00+05:30,1947.9,1949.4,1947.1,1949.2,19659,KOTAKBANK
12566,2025-09-03 12:40:00+05:30,1949.1,1949.2,1945.0,1945.3,46286,KOTAKBANK
12567,2025-09-03 12:45:00+05:30,1945.3,1945.9,1942.8,1943.8,24675,KOTAKBANK
12568,2025-09-03 12:50:00+05:30,1943.5,1943.7,1941.7,1942.9,21271,KOTAKBANK
12569,2025-09-03 12:55:00+05:30,1942.8,1943.5,1941.0,1943.1,22340,KOTAKBANK
12570,2025-09-03 13:00:00+05:30,1942.8,1943.2,1938.5,1941.0,109286,KOTAKBANK
12571,2025-09-03 13:05:00+05:30,1940.9,1943.8,1940.1,1942.9,21910,KOTAKBANK
12572,2025-09-03 13:10:00+05:30,1942.9,1943.4,1940.8,1942.8,88967,KOTAKBANK
12573,2025-09-03 13:15:00+05:30,1942.7,1944.0,1942.4,1944.0,16975,KOTAKBANK
12574,2025-09-03 13:20:00+05:30,1943.9,1945.7,1943.2,1945.0,21632,KOTAKBANK
12575,2025-09-03 13:25:00+05:30,1944.3,1944.9,1942.7,1944.0,21546,KOTAKBANK
12576,2025-09-03 13:30:00+05:30,1943.9,1945.1,1942.8,1944.9,23029,KOTAKBANK
12577,2025-09-03 13:35:00+05:30,1944.8,1945.6,1942.8,1944.5,38535,KOTAKBANK
12578,2025-09-03 13:40:00+05:30,1944.4,1945.3,1943.4,1944.9,25360,KOTAKBANK
12579,2025-09-03 13:45:00+05:30,1944.8,1946.3,1944.1,1946.2,24824,KOTAKBANK
12580,2025-09-03 13:50:00+05:30,1945.9,1948.4,1945.0,1946.5,179125,KOTAKBANK
12581,2025-09-03 13:55:00+05:30,1946.5,1948.3,1945.8,1948.3,67661,KOTAKBANK
12582,2025-09-03 14:00:00+05:30,1948.2,1948.5,1947.0,1948.5,73311,KOTAKBANK
12583,2025-09-03 14:05:00+05:30,1948.3,1950.0,1947.5,1949.0,37257,KOTAKBANK
12584,2025-09-03 14:10:00+05:30,1948.9,1949.5,1948.0,1949.1,21897,KOTAKBANK
12585,2025-09-03 14:15:00+05:30,1949.1,1949.8,1948.0,1949.8,18337,KOTAKBANK
12586,2025-09-03 14:20:00+05:30,1949.7,1952.2,1949.7,1951.7,22091,KOTAKBANK
12587,2025-09-03 14:25:00+05:30,1951.1,1953.0,1950.0,1952.9,20508,KOTAKBANK
12588,2025-09-03 14:30:00+05:30,1952.6,1958.3,1952.6,1957.0,47856,KOTAKBANK
12589,2025-09-03 14:35:00+05:30,1957.0,1957.0,1953.3,1954.5,27347,KOTAKBANK
12590,2025-09-03 14:40:00+05:30,1954.4,1955.0,1953.0,1954.1,24941,KOTAKBANK
12591,2025-09-03 14:45:00+05:30,1954.1,1955.4,1953.0,1954.4,25295,KOTAKBANK
12592,2025-09-03 14:50:00+05:30,1953.8,1955.7,1953.1,1954.9,27352,KOTAKBANK
12593,2025-09-03 14:55:00+05:30,1954.9,1955.0,1953.0,1954.3,26864,KOTAKBANK
12594,2025-09-03 15:00:00+05:30,1954.3,1956.4,1953.8,1956.1,64806,KOTAKBANK
12595,2025-09-03 15:05:00+05:30,1956.1,1960.4,1955.9,1960.1,102079,KOTAKBANK
12596,2025-09-03 15:10:00+05:30,1960.3,1962.5,1960.1,1962.2,64131,KOTAKBANK
12597,2025-09-03 15:15:00+05:30,1962.2,1962.4,1960.4,1962.3,73073,KOTAKBANK
12598,2025-09-03 15:20:00+05:30,1962.3,1963.8,1961.4,1962.6,71897,KOTAKBANK
12599,2025-09-03 15:25:00+05:30,1962.6,1963.0,1958.7,1962.3,54794,KOTAKBANK
12600,2025-09-04 09:15:00+05:30,1961.0,1970.5,1958.0,1968.8,192270,KOTAKBANK
12601,2025-09-04 09:20:00+05:30,1969.0,1969.0,1961.6,1964.5,26698,KOTAKBANK
12602,2025-09-04 09:25:00+05:30,1964.3,1969.1,1962.1,1968.3,21115,KOTAKBANK
12603,2025-09-04 09:30:00+05:30,1968.8,1971.4,1968.4,1971.4,29143,KOTAKBANK
12604,2025-09-04 09:35:00+05:30,1971.4,1971.7,1965.0,1965.9,24628,KOTAKBANK
12605,2025-09-04 09:40:00+05:30,1965.8,1966.1,1963.5,1963.5,12550,KOTAKBANK
12606,2025-09-04 09:45:00+05:30,1963.4,1965.2,1963.0,1965.2,10172,KOTAKBANK
12607,2025-09-04 09:50:00+05:30,1965.0,1968.1,1965.0,1967.0,12560,KOTAKBANK
12608,2025-09-04 09:55:00+05:30,1967.6,1968.1,1965.1,1965.2,17474,KOTAKBANK
12609,2025-09-04 10:00:00+05:30,1965.3,1967.0,1965.0,1966.0,12121,KOTAKBANK
12610,2025-09-04 10:05:00+05:30,1966.4,1966.9,1963.0,1963.7,12399,KOTAKBANK
12611,2025-09-04 10:10:00+05:30,1963.3,1963.6,1961.0,1961.8,12194,KOTAKBANK
12612,2025-09-04 10:15:00+05:30,1961.9,1963.4,1960.9,1963.0,12373,KOTAKBANK
12613,2025-09-04 10:20:00+05:30,1963.3,1964.4,1962.3,1964.4,10352,KOTAKBANK
12614,2025-09-04 10:25:00+05:30,1964.3,1964.3,1962.8,1963.0,11979,KOTAKBANK
12615,2025-09-04 10:30:00+05:30,1963.3,1965.0,1962.5,1964.2,13606,KOTAKBANK
12616,2025-09-04 10:35:00+05:30,1964.2,1964.4,1962.2,1962.3,11916,KOTAKBANK
12617,2025-09-04 10:40:00+05:30,1963.0,1963.0,1957.3,1958.0,16665,KOTAKBANK
12618,2025-09-04 10:45:00+05:30,1958.0,1961.6,1957.7,1961.2,11661,KOTAKBANK
12619,2025-09-04 10:50:00+05:30,1961.4,1962.0,1959.7,1961.0,9901,KOTAKBANK
12620,2025-09-04 10:55:00+05:30,1960.9,1962.4,1960.3,1961.1,12609,KOTAKBANK
12621,2025-09-04 11:00:00+05:30,1961.1,1961.6,1957.9,1958.5,27732,KOTAKBANK
12622,2025-09-04 11:05:00+05:30,1958.5,1960.9,1956.9,1957.1,13559,KOTAKBANK
12623,2025-09-04 11:10:00+05:30,1957.9,1959.8,1956.7,1959.2,12388,KOTAKBANK
12624,2025-09-04 11:15:00+05:30,1958.8,1960.9,1958.8,1960.4,11347,KOTAKBANK
12625,2025-09-04 11:20:00+05:30,1960.4,1961.2,1959.8,1960.7,11590,KOTAKBANK
12626,2025-09-04 11:25:00+05:30,1960.7,1961.8,1958.9,1959.2,21030,KOTAKBANK
12627,2025-09-04 11:30:00+05:30,1959.6,1960.0,1956.6,1957.9,19156,KOTAKBANK
12628,2025-09-04 11:35:00+05:30,1957.9,1957.9,1955.4,1956.1,14572,KOTAKBANK
12629,2025-09-04 11:40:00+05:30,1956.0,1957.7,1955.8,1956.9,9850,KOTAKBANK
12630,2025-09-04 11:45:00+05:30,1956.9,1957.1,1955.4,1957.0,10996,KOTAKBANK
12631,2025-09-04 11:50:00+05:30,1956.9,1957.7,1955.5,1957.7,9600,KOTAKBANK
12632,2025-09-04 11:55:00+05:30,1957.8,1957.9,1956.7,1957.4,10075,KOTAKBANK
12633,2025-09-04 12:00:00+05:30,1957.4,1958.0,1957.1,1958.0,11480,KOTAKBANK
12634,2025-09-04 12:05:00+05:30,1958.0,1958.2,1955.1,1955.6,16795,KOTAKBANK
12635,2025-09-04 12:10:00+05:30,1955.5,1956.0,1953.0,1954.8,13945,KOTAKBANK
12636,2025-09-04 12:15:00+05:30,1955.0,1955.6,1954.0,1954.3,10195,KOTAKBANK
12637,2025-09-04 12:20:00+05:30,1954.5,1955.4,1954.0,1954.4,11642,KOTAKBANK
12638,2025-09-04 12:25:00+05:30,1954.4,1954.4,1947.2,1947.5,74185,KOTAKBANK
12639,2025-09-04 12:30:00+05:30,1947.9,1951.9,1947.5,1950.3,33541,KOTAKBANK
12640,2025-09-04 12:35:00+05:30,1950.5,1952.0,1949.3,1952.0,14744,KOTAKBANK
12641,2025-09-04 12:40:00+05:30,1952.0,1953.7,1950.0,1953.1,21516,KOTAKBANK
12642,2025-09-04 12:45:00+05:30,1953.2,1956.1,1953.0,1955.1,14590,KOTAKBANK
12643,2025-09-04 12:50:00+05:30,1955.6,1956.8,1954.5,1955.9,27288,KOTAKBANK
12644,2025-09-04 12:55:00+05:30,1955.9,1956.5,1955.5,1955.9,15131,KOTAKBANK
12645,2025-09-04 13:00:00+05:30,1955.7,1957.2,1953.8,1954.5,27373,KOTAKBANK
12646,2025-09-04 13:05:00+05:30,1954.5,1954.9,1949.8,1951.5,98181,KOTAKBANK
12647,2025-09-04 13:10:00+05:30,1951.5,1952.4,1948.8,1949.9,19735,KOTAKBANK
12648,2025-09-04 13:15:00+05:30,1949.9,1950.0,1948.8,1949.4,17415,KOTAKBANK
12649,2025-09-04 13:20:00+05:30,1949.4,1950.0,1948.8,1950.0,18777,KOTAKBANK
12650,2025-09-04 13:25:00+05:30,1950.0,1950.0,1949.0,1950.0,18706,KOTAKBANK
12651,2025-09-04 13:30:00+05:30,1950.0,1952.0,1948.9,1951.8,38866,KOTAKBANK
12652,2025-09-04 13:35:00+05:30,1951.8,1952.6,1950.7,1951.9,17394,KOTAKBANK
12653,2025-09-04 13:40:00+05:30,1951.9,1952.5,1949.3,1949.7,18495,KOTAKBANK
12654,2025-09-04 13:45:00+05:30,1949.7,1950.0,1948.2,1949.4,15844,KOTAKBANK
12655,2025-09-04 13:50:00+05:30,1949.4,1950.0,1947.2,1949.6,21074,KOTAKBANK
12656,2025-09-04 13:55:00+05:30,1949.5,1950.0,1948.7,1950.0,17818,KOTAKBANK
12657,2025-09-04 14:00:00+05:30,1950.0,1950.1,1948.8,1949.8,27942,KOTAKBANK
12658,2025-09-04 14:05:00+05:30,1949.8,1950.0,1947.8,1949.3,18463,KOTAKBANK
12659,2025-09-04 14:10:00+05:30,1949.3,1950.0,1948.1,1950.0,19590,KOTAKBANK
12660,2025-09-04 14:15:00+05:30,1949.9,1950.0,1948.2,1948.9,21186,KOTAKBANK
12661,2025-09-04 14:20:00+05:30,1948.9,1950.0,1947.0,1948.5,42338,KOTAKBANK
12662,2025-09-04 14:25:00+05:30,1948.5,1948.9,1947.1,1948.5,23193,KOTAKBANK
12663,2025-09-04 14:30:00+05:30,1948.4,1951.0,1947.9,1950.0,41789,KOTAKBANK
12664,2025-09-04 14:35:00+05:30,1950.0,1950.0,1948.8,1949.8,20924,KOTAKBANK
12665,2025-09-04 14:40:00+05:30,1949.8,1951.9,1948.9,1951.2,50655,KOTAKBANK
12666,2025-09-04 14:45:00+05:30,1951.2,1953.0,1950.5,1953.0,17520,KOTAKBANK
12667,2025-09-04 14:50:00+05:30,1953.0,1954.5,1948.8,1948.9,42119,KOTAKBANK
12668,2025-09-04 14:55:00+05:30,1949.0,1952.7,1949.0,1951.5,24642,KOTAKBANK
12669,2025-09-04 15:00:00+05:30,1951.5,1952.2,1950.2,1950.4,48468,KOTAKBANK
12670,2025-09-04 15:05:00+05:30,1950.6,1951.7,1950.1,1950.9,36220,KOTAKBANK
12671,2025-09-04 15:10:00+05:30,1950.9,1950.9,1948.1,1948.9,43842,KOTAKBANK
12672,2025-09-04 15:15:00+05:30,1948.8,1950.1,1948.1,1950.0,48739,KOTAKBANK
12673,2025-09-04 15:20:00+05:30,1949.8,1950.0,1947.5,1948.6,52128,KOTAKBANK
12674,2025-09-04 15:25:00+05:30,1948.6,1950.0,1946.5,1947.0,50236,KOTAKBANK
12675,2025-09-05 09:15:00+05:30,1949.7,1956.4,1949.4,1955.6,31125,KOTAKBANK
12676,2025-09-05 09:20:00+05:30,1955.6,1957.3,1953.5,1954.1,21080,KOTAKBANK
12677,2025-09-05 09:25:00+05:30,1954.8,1955.8,1950.1,1950.2,9958,KOTAKBANK
12678,2025-09-05 09:30:00+05:30,1950.5,1955.7,1950.5,1955.2,8101,KOTAKBANK
12679,2025-09-05 09:35:00+05:30,1955.2,1956.1,1952.5,1953.4,7247,KOTAKBANK
12680,2025-09-05 09:40:00+05:30,1953.5,1953.7,1951.1,1952.7,6345,KOTAKBANK
12681,2025-09-05 09:45:00+05:30,1952.7,1953.9,1951.4,1953.1,4218,KOTAKBANK
12682,2025-09-05 09:50:00+05:30,1953.2,1955.1,1952.2,1954.3,3669,KOTAKBANK
12683,2025-09-05 09:55:00+05:30,1954.5,1955.2,1952.2,1953.6,4415,KOTAKBANK
12684,2025-09-05 10:00:00+05:30,1953.6,1954.1,1951.3,1952.1,4547,KOTAKBANK
12685,2025-09-05 10:05:00+05:30,1952.1,1953.3,1950.9,1951.9,5016,KOTAKBANK
12686,2025-09-05 10:10:00+05:30,1951.9,1951.9,1946.5,1947.5,13004,KOTAKBANK
12687,2025-09-05 10:15:00+05:30,1947.4,1947.4,1943.5,1944.1,17937,KOTAKBANK
12688,2025-09-05 10:20:00+05:30,1944.1,1947.2,1942.0,1946.7,10935,KOTAKBANK
12689,2025-09-05 10:25:00+05:30,1946.9,1950.0,1946.9,1948.9,9084,KOTAKBANK
12690,2025-09-05 10:30:00+05:30,1948.9,1949.4,1945.8,1947.2,8147,KOTAKBANK
12691,2025-09-05 10:35:00+05:30,1947.2,1949.6,1945.3,1948.7,10077,KOTAKBANK
12692,2025-09-05 10:40:00+05:30,1948.9,1949.8,1948.0,1948.5,5609,KOTAKBANK
12693,2025-09-05 10:45:00+05:30,1949.0,1950.0,1948.1,1948.7,4445,KOTAKBANK
12694,2025-09-05 10:50:00+05:30,1948.9,1948.9,1944.0,1944.0,28597,KOTAKBANK
12695,2025-09-05 10:55:00+05:30,1944.0,1946.3,1944.0,1945.0,8407,KOTAKBANK
12696,2025-09-05 11:00:00+05:30,1945.2,1947.5,1944.8,1946.4,7950,KOTAKBANK
12697,2025-09-05 11:05:00+05:30,1947.2,1947.3,1944.6,1945.4,9400,KOTAKBANK
12698,2025-09-05 11:10:00+05:30,1945.6,1946.5,1945.0,1945.7,7301,KOTAKBANK
12699,2025-09-05 11:15:00+05:30,1945.9,1945.9,1944.0,1944.6,4308,KOTAKBANK
12700,2025-09-05 11:20:00+05:30,1944.8,1945.4,1942.1,1942.5,45830,KOTAKBANK
12701,2025-09-05 11:25:00+05:30,1942.5,1945.5,1942.5,1944.4,9335,KOTAKBANK
12702,2025-09-05 11:30:00+05:30,1944.5,1946.0,1942.4,1943.0,27943,KOTAKBANK
12703,2025-09-05 11:35:00+05:30,1943.2,1944.3,1942.4,1943.1,12345,KOTAKBANK
12704,2025-09-05 11:40:00+05:30,1943.2,1943.5,1941.0,1941.5,12040,KOTAKBANK
12705,2025-09-05 11:45:00+05:30,1941.5,1942.2,1940.0,1940.2,14500,KOTAKBANK
12706,2025-09-05 11:50:00+05:30,1940.5,1942.3,1940.1,1940.3,23007,KOTAKBANK
12707,2025-09-05 11:55:00+05:30,1940.6,1941.9,1940.2,1941.1,11595,KOTAKBANK
12708,2025-09-05 12:00:00+05:30,1941.2,1941.8,1939.1,1941.8,18378,KOTAKBANK
12709,2025-09-05 12:05:00+05:30,1941.9,1943.7,1941.4,1943.1,21285,KOTAKBANK
12710,2025-09-05 12:10:00+05:30,1943.3,1943.9,1941.1,1941.7,14184,KOTAKBANK
12711,2025-09-05 12:15:00+05:30,1941.7,1942.7,1939.9,1940.1,144196,KOTAKBANK
12712,2025-09-05 12:20:00+05:30,1940.4,1943.5,1940.3,1942.0,106840,KOTAKBANK
12713,2025-09-05 12:25:00+05:30,1942.4,1943.3,1941.1,1942.5,12789,KOTAKBANK
12714,2025-09-05 12:30:00+05:30,1942.5,1943.2,1939.4,1939.9,20033,KOTAKBANK
12715,2025-09-05 12:35:00+05:30,1939.9,1943.5,1938.7,1942.1,14337,KOTAKBANK
12716,2025-09-05 12:40:00+05:30,1942.2,1943.5,1940.9,1942.5,97696,KOTAKBANK
12717,2025-09-05 12:45:00+05:30,1942.7,1945.1,1941.8,1943.7,25329,KOTAKBANK
12718,2025-09-05 12:50:00+05:30,1943.6,1944.8,1942.6,1943.9,15451,KOTAKBANK
12719,2025-09-05 12:55:00+05:30,1944.0,1944.8,1943.2,1943.8,22888,KOTAKBANK
12720,2025-09-05 13:00:00+05:30,1943.9,1946.1,1943.8,1943.8,19385,KOTAKBANK
12721,2025-09-05 13:05:00+05:30,1943.9,1945.0,1943.8,1944.9,14122,KOTAKBANK
12722,2025-09-05 13:10:00+05:30,1945.0,1947.0,1944.9,1946.4,15494,KOTAKBANK
12723,2025-09-05 13:15:00+05:30,1946.1,1947.5,1946.0,1947.2,11932,KOTAKBANK
12724,2025-09-05 13:20:00+05:30,1947.3,1948.8,1946.0,1947.6,15270,KOTAKBANK
12725,2025-09-05 13:25:00+05:30,1947.9,1949.1,1946.1,1947.5,15854,KOTAKBANK
12726,2025-09-05 13:30:00+05:30,1947.5,1949.2,1947.4,1948.5,12006,KOTAKBANK
12727,2025-09-05 13:35:00+05:30,1948.6,1951.1,1947.2,1950.2,14493,KOTAKBANK
12728,2025-09-05 13:40:00+05:30,1950.6,1952.2,1950.6,1951.6,14684,KOTAKBANK
12729,2025-09-05 13:45:00+05:30,1951.7,1955.9,1951.7,1953.9,15677,KOTAKBANK
12730,2025-09-05 13:50:00+05:30,1953.9,1954.8,1950.7,1951.9,12743,KOTAKBANK
12731,2025-09-05 13:55:00+05:30,1952.0,1955.0,1950.5,1954.4,41147,KOTAKBANK
12732,2025-09-05 14:00:00+05:30,1954.3,1955.9,1952.0,1953.1,50874,KOTAKBANK
12733,2025-09-05 14:05:00+05:30,1952.9,1953.3,1950.8,1952.0,13534,KOTAKBANK
12734,2025-09-05 14:10:00+05:30,1952.0,1952.2,1948.6,1949.8,37677,KOTAKBANK
12735,2025-09-05 14:15:00+05:30,1949.1,1951.4,1947.3,1949.1,47409,KOTAKBANK
12736,2025-09-05 14:20:00+05:30,1949.1,1953.0,1948.8,1951.6,32242,KOTAKBANK
12737,2025-09-05 14:25:00+05:30,1951.7,1955.0,1951.7,1954.3,23050,KOTAKBANK
12738,2025-09-05 14:30:00+05:30,1954.4,1955.4,1951.9,1952.6,47052,KOTAKBANK
12739,2025-09-05 14:35:00+05:30,1952.8,1953.0,1949.3,1950.1,45378,KOTAKBANK
12740,2025-09-05 14:40:00+05:30,1950.3,1953.3,1949.7,1951.2,38885,KOTAKBANK
12741,2025-09-05 14:45:00+05:30,1951.7,1953.9,1950.9,1951.1,26521,KOTAKBANK
12742,2025-09-05 14:50:00+05:30,1951.2,1953.9,1951.1,1953.0,29488,KOTAKBANK
12743,2025-09-05 14:55:00+05:30,1953.0,1954.9,1952.0,1952.9,27408,KOTAKBANK
12744,2025-09-05 15:00:00+05:30,1953.0,1953.5,1947.5,1948.1,47822,KOTAKBANK
12745,2025-09-05 15:05:00+05:30,1948.1,1948.5,1946.4,1947.4,67743,KOTAKBANK
12746,2025-09-05 15:10:00+05:30,1947.3,1947.5,1943.9,1944.8,65307,KOTAKBANK
12747,2025-09-05 15:15:00+05:30,1945.0,1946.8,1944.3,1945.1,123006,KOTAKBANK
12748,2025-09-05 15:20:00+05:30,1945.0,1946.7,1941.2,1943.0,88029,KOTAKBANK
12749,2025-09-05 15:25:00+05:30,1943.3,1943.3,1937.1,1939.5,46068,KOTAKBANK
12750,2025-09-08 09:15:00+05:30,1942.5,1943.1,1935.0,1939.6,79973,KOTAKBANK
12751,2025-09-08 09:20:00+05:30,1939.4,1943.0,1937.6,1939.5,40145,KOTAKBANK
12752,2025-09-08 09:25:00+05:30,1940.2,1948.9,1939.4,1947.9,286380,KOTAKBANK
12753,2025-09-08 09:30:00+05:30,1947.9,1950.9,1945.0,1945.4,18678,KOTAKBANK
12754,2025-09-08 09:35:00+05:30,1945.5,1946.0,1941.2,1942.8,12680,KOTAKBANK
12755,2025-09-08 09:40:00+05:30,1942.9,1944.6,1942.0,1943.5,26155,KOTAKBANK
12756,2025-09-08 09:45:00+05:30,1942.6,1944.6,1941.6,1944.6,10082,KOTAKBANK
12757,2025-09-08 09:50:00+05:30,1944.5,1944.5,1942.1,1942.2,11559,KOTAKBANK
12758,2025-09-08 09:55:00+05:30,1942.7,1943.5,1940.5,1940.5,8273,KOTAKBANK
12759,2025-09-08 10:00:00+05:30,1940.7,1943.0,1940.5,1941.9,9663,KOTAKBANK
12760,2025-09-08 10:05:00+05:30,1941.7,1942.1,1939.0,1940.2,17119,KOTAKBANK
12761,2025-09-08 10:10:00+05:30,1939.6,1940.2,1938.1,1938.6,61643,KOTAKBANK
12762,2025-09-08 10:15:00+05:30,1938.6,1939.3,1938.1,1939.1,19213,KOTAKBANK
12763,2025-09-08 10:20:00+05:30,1939.1,1940.2,1937.0,1937.4,15258,KOTAKBANK
12764,2025-09-08 10:25:00+05:30,1937.3,1939.0,1936.3,1938.0,14594,KOTAKBANK
12765,2025-09-08 10:30:00+05:30,1937.7,1938.6,1936.4,1937.1,54713,KOTAKBANK
12766,2025-09-08 10:35:00+05:30,1937.2,1940.1,1935.4,1939.5,40292,KOTAKBANK
12767,2025-09-08 10:40:00+05:30,1939.6,1941.2,1938.2,1939.4,21151,KOTAKBANK
12768,2025-09-08 10:45:00+05:30,1939.6,1941.0,1939.4,1940.4,11807,KOTAKBANK
12769,2025-09-08 10:50:00+05:30,1940.4,1941.0,1937.8,1939.4,22858,KOTAKBANK
12770,2025-09-08 10:55:00+05:30,1939.0,1939.9,1935.0,1935.1,23086,KOTAKBANK
12771,2025-09-08 11:00:00+05:30,1935.2,1935.8,1931.5,1934.4,26892,KOTAKBANK
12772,2025-09-08 11:05:00+05:30,1934.3,1935.3,1934.1,1935.0,5855,KOTAKBANK
12773,2025-09-08 11:10:00+05:30,1935.0,1939.1,1934.9,1938.7,6225,KOTAKBANK
12774,2025-09-08 11:15:00+05:30,1939.2,1942.6,1938.7,1941.2,24949,KOTAKBANK
12775,2025-09-08 11:20:00+05:30,1940.4,1944.0,1940.1,1942.0,15296,KOTAKBANK
12776,2025-09-08 11:25:00+05:30,1941.7,1943.8,1940.0,1943.5,14162,KOTAKBANK
12777,2025-09-08 11:30:00+05:30,1943.4,1944.9,1942.0,1943.4,24365,KOTAKBANK
12778,2025-09-08 11:35:00+05:30,1943.5,1945.2,1943.1,1944.5,17807,KOTAKBANK
12779,2025-09-08 11:40:00+05:30,1944.6,1945.2,1943.1,1944.8,23389,KOTAKBANK
12780,2025-09-08 11:45:00+05:30,1944.4,1945.4,1943.4,1944.1,13910,KOTAKBANK
12781,2025-09-08 11:50:00+05:30,1944.5,1946.7,1944.1,1945.3,18663,KOTAKBANK
12782,2025-09-08 11:55:00+05:30,1945.7,1946.4,1944.3,1945.8,10156,KOTAKBANK
12783,2025-09-08 12:00:00+05:30,1946.2,1948.8,1944.5,1946.8,25365,KOTAKBANK
12784,2025-09-08 12:05:00+05:30,1946.8,1947.0,1943.8,1943.8,14820,KOTAKBANK
12785,2025-09-08 12:10:00+05:30,1943.8,1945.5,1942.8,1945.3,9175,KOTAKBANK
12786,2025-09-08 12:15:00+05:30,1945.1,1947.2,1944.4,1946.8,12714,KOTAKBANK
12787,2025-09-08 12:20:00+05:30,1946.8,1947.4,1945.2,1946.7,14542,KOTAKBANK
12788,2025-09-08 12:25:00+05:30,1946.7,1947.1,1944.6,1946.4,9547,KOTAKBANK
12789,2025-09-08 12:30:00+05:30,1946.3,1946.9,1944.6,1945.8,9628,KOTAKBANK
12790,2025-09-08 12:35:00+05:30,1945.8,1947.4,1943.5,1943.8,12848,KOTAKBANK
12791,2025-09-08 12:40:00+05:30,1943.8,1946.7,1943.3,1944.2,13264,KOTAKBANK
12792,2025-09-08 12:45:00+05:30,1944.4,1945.2,1942.4,1943.2,11056,KOTAKBANK
12793,2025-09-08 12:50:00+05:30,1943.3,1944.6,1942.3,1943.6,16020,KOTAKBANK
12794,2025-09-08 12:55:00+05:30,1943.7,1944.8,1942.3,1943.7,13199,KOTAKBANK
12795,2025-09-08 13:00:00+05:30,1943.7,1943.9,1941.8,1942.5,15533,KOTAKBANK
12796,2025-09-08 13:05:00+05:30,1942.9,1943.0,1941.4,1942.4,14461,KOTAKBANK
12797,2025-09-08 13:10:00+05:30,1942.4,1942.8,1939.0,1939.6,21045,KOTAKBANK
12798,2025-09-08 13:15:00+05:30,1939.6,1940.5,1937.7,1937.9,39917,KOTAKBANK
12799,2025-09-08 13:20:00+05:30,1937.8,1940.0,1937.0,1939.5,15319,KOTAKBANK
12800,2025-09-08 13:25:00+05:30,1939.7,1940.0,1938.6,1939.8,24821,KOTAKBANK
12801,2025-09-08 13:30:00+05:30,1939.6,1941.2,1939.0,1939.8,32535,KOTAKBANK
12802,2025-09-08 13:35:00+05:30,1939.9,1941.8,1939.0,1940.6,41778,KOTAKBANK
12803,2025-09-08 13:40:00+05:30,1941.0,1944.9,1939.9,1944.3,42649,KOTAKBANK
12804,2025-09-08 13:45:00+05:30,1944.4,1944.4,1942.0,1943.7,20891,KOTAKBANK
12805,2025-09-08 13:50:00+05:30,1943.7,1944.4,1942.1,1943.3,24224,KOTAKBANK
12806,2025-09-08 13:55:00+05:30,1943.6,1946.0,1943.0,1945.7,26359,KOTAKBANK
12807,2025-09-08 14:00:00+05:30,1945.8,1946.1,1943.9,1944.8,24763,KOTAKBANK
12808,2025-09-08 14:05:00+05:30,1944.8,1946.0,1942.6,1946.0,25675,KOTAKBANK
12809,2025-09-08 14:10:00+05:30,1945.8,1947.3,1944.8,1947.3,26906,KOTAKBANK
12810,2025-09-08 14:15:00+05:30,1947.3,1951.3,1947.1,1950.8,52107,KOTAKBANK
12811,2025-09-08 14:20:00+05:30,1950.9,1952.2,1949.0,1950.0,31818,KOTAKBANK
12812,2025-09-08 14:25:00+05:30,1950.0,1955.0,1950.0,1953.3,60805,KOTAKBANK
12813,2025-09-08 14:30:00+05:30,1954.0,1958.9,1952.9,1958.9,33627,KOTAKBANK
12814,2025-09-08 14:35:00+05:30,1958.0,1960.8,1957.4,1958.1,35771,KOTAKBANK
12815,2025-09-08 14:40:00+05:30,1957.8,1961.5,1956.7,1959.7,38446,KOTAKBANK
12816,2025-09-08 14:45:00+05:30,1959.9,1960.0,1950.5,1951.7,60633,KOTAKBANK
12817,2025-09-08 14:50:00+05:30,1951.7,1954.1,1949.0,1951.2,141783,KOTAKBANK
12818,2025-09-08 14:55:00+05:30,1951.2,1952.3,1949.2,1950.9,36024,KOTAKBANK
12819,2025-09-08 15:00:00+05:30,1951.3,1953.1,1949.3,1950.1,118311,KOTAKBANK
12820,2025-09-08 15:05:00+05:30,1950.2,1951.5,1948.8,1950.0,64686,KOTAKBANK
12821,2025-09-08 15:10:00+05:30,1949.8,1951.3,1948.3,1950.1,76048,KOTAKBANK
12822,2025-09-08 15:15:00+05:30,1950.1,1950.6,1949.3,1950.2,65251,KOTAKBANK
12823,2025-09-08 15:20:00+05:30,1950.1,1951.8,1950.0,1950.8,71478,KOTAKBANK
12824,2025-09-08 15:25:00+05:30,1950.7,1952.0,1945.2,1947.9,52691,KOTAKBANK
12825,2025-09-09 09:15:00+05:30,1956.0,1958.0,1949.1,1957.6,201243,KOTAKBANK
12826,2025-09-09 09:20:00+05:30,1957.6,1963.1,1955.7,1957.6,83336,KOTAKBANK
12827,2025-09-09 09:25:00+05:30,1957.6,1957.6,1950.7,1953.6,64808,KOTAKBANK
12828,2025-09-09 09:30:00+05:30,1953.6,1954.7,1945.6,1946.3,95336,KOTAKBANK
12829,2025-09-09 09:35:00+05:30,1946.3,1952.1,1945.1,1951.4,48983,KOTAKBANK
12830,2025-09-09 09:40:00+05:30,1951.4,1951.9,1950.1,1951.4,24892,KOTAKBANK
12831,2025-09-09 09:45:00+05:30,1951.3,1952.3,1949.8,1952.0,39540,KOTAKBANK
12832,2025-09-09 09:50:00+05:30,1951.9,1953.1,1951.3,1952.5,40019,KOTAKBANK
12833,2025-09-09 09:55:00+05:30,1952.5,1954.0,1950.8,1953.4,20106,KOTAKBANK
12834,2025-09-09 10:00:00+05:30,1953.4,1954.3,1952.1,1954.3,28288,KOTAKBANK
12835,2025-09-09 10:05:00+05:30,1954.3,1955.8,1951.2,1954.6,91428,KOTAKBANK
12836,2025-09-09 10:10:00+05:30,1954.6,1955.6,1951.7,1952.7,30298,KOTAKBANK
12837,2025-09-09 10:15:00+05:30,1952.7,1952.7,1950.2,1950.9,71069,KOTAKBANK
12838,2025-09-09 10:20:00+05:30,1950.9,1953.2,1949.0,1952.2,39640,KOTAKBANK
12839,2025-09-09 10:25:00+05:30,1952.3,1953.2,1951.1,1952.0,21349,KOTAKBANK
12840,2025-09-09 10:30:00+05:30,1952.2,1953.0,1951.1,1953.0,9323,KOTAKBANK
12841,2025-09-09 10:35:00+05:30,1953.0,1953.2,1948.5,1949.6,74253,KOTAKBANK
12842,2025-09-09 10:40:00+05:30,1949.7,1951.7,1948.6,1950.9,84436,KOTAKBANK
12843,2025-09-09 10:45:00+05:30,1950.9,1950.9,1945.7,1947.0,40071,KOTAKBANK
12844,2025-09-09 10:50:00+05:30,1947.0,1947.5,1947.0,1947.5,25845,KOTAKBANK
12845,2025-09-09 10:55:00+05:30,1947.5,1948.9,1943.2,1947.0,45309,KOTAKBANK
12846,2025-09-09 11:00:00+05:30,1947.1,1947.8,1944.8,1945.7,18121,KOTAKBANK
12847,2025-09-09 11:05:00+05:30,1945.1,1946.4,1945.1,1945.5,7520,KOTAKBANK
12848,2025-09-09 11:10:00+05:30,1945.5,1946.0,1939.8,1942.2,57690,KOTAKBANK
12849,2025-09-09 11:15:00+05:30,1942.2,1944.9,1942.1,1943.6,20756,KOTAKBANK
12850,2025-09-09 11:20:00+05:30,1943.6,1947.5,1943.3,1946.6,44099,KOTAKBANK
12851,2025-09-09 11:25:00+05:30,1946.6,1948.3,1945.2,1946.4,36027,KOTAKBANK
12852,2025-09-09 11:30:00+05:30,1946.1,1946.5,1945.2,1946.3,12586,KOTAKBANK
12853,2025-09-09 11:35:00+05:30,1946.4,1949.9,1946.4,1948.4,41301,KOTAKBANK
12854,2025-09-09 11:40:00+05:30,1948.5,1949.5,1947.3,1949.0,48727,KOTAKBANK
12855,2025-09-09 11:45:00+05:30,1948.9,1949.0,1947.6,1947.9,17468,KOTAKBANK
12856,2025-09-09 11:50:00+05:30,1947.8,1948.7,1947.2,1947.5,15105,KOTAKBANK
12857,2025-09-09 11:55:00+05:30,1947.2,1947.9,1946.5,1947.8,11269,KOTAKBANK
12858,2025-09-09 12:00:00+05:30,1947.7,1947.9,1944.6,1945.9,14817,KOTAKBANK
12859,2025-09-09 12:05:00+05:30,1945.9,1946.0,1944.9,1945.5,8548,KOTAKBANK
12860,2025-09-09 12:10:00+05:30,1945.4,1947.0,1944.3,1947.0,8476,KOTAKBANK
12861,2025-09-09 12:15:00+05:30,1946.7,1948.0,1946.7,1947.8,16380,KOTAKBANK
12862,2025-09-09 12:20:00+05:30,1947.5,1948.1,1946.7,1947.8,16870,KOTAKBANK
12863,2025-09-09 12:25:00+05:30,1947.8,1949.0,1947.5,1947.6,19369,KOTAKBANK
12864,2025-09-09 12:30:00+05:30,1948.1,1948.5,1946.0,1947.7,46742,KOTAKBANK
12865,2025-09-09 12:35:00+05:30,1947.9,1948.4,1943.8,1946.3,19969,KOTAKBANK
12866,2025-09-09 12:40:00+05:30,1946.1,1947.5,1946.1,1947.0,12941,KOTAKBANK
12867,2025-09-09 12:45:00+05:30,1947.0,1948.0,1946.5,1947.0,18072,KOTAKBANK
12868,2025-09-09 12:50:00+05:30,1946.9,1947.0,1944.9,1946.1,14778,KOTAKBANK
12869,2025-09-09 12:55:00+05:30,1946.0,1946.4,1943.6,1946.4,25809,KOTAKBANK
12870,2025-09-09 13:00:00+05:30,1946.3,1946.6,1943.6,1945.5,29572,KOTAKBANK
12871,2025-09-09 13:05:00+05:30,1945.5,1946.9,1945.3,1945.7,11303,KOTAKBANK
12872,2025-09-09 13:10:00+05:30,1945.6,1947.0,1945.6,1946.9,10041,KOTAKBANK
12873,2025-09-09 13:15:00+05:30,1946.9,1947.4,1946.8,1947.0,8130,KOTAKBANK
12874,2025-09-09 13:20:00+05:30,1946.9,1947.1,1946.9,1947.0,5265,KOTAKBANK
12875,2025-09-09 13:25:00+05:30,1947.0,1948.8,1946.9,1948.2,12545,KOTAKBANK
12876,2025-09-09 13:30:00+05:30,1948.2,1949.0,1948.0,1948.7,11079,KOTAKBANK
12877,2025-09-09 13:35:00+05:30,1948.7,1950.8,1947.4,1949.7,26160,KOTAKBANK
12878,2025-09-09 13:40:00+05:30,1949.7,1951.6,1949.3,1951.4,24131,KOTAKBANK
12879,2025-09-09 13:45:00+05:30,1951.4,1953.1,1949.5,1953.0,43873,KOTAKBANK
12880,2025-09-09 13:50:00+05:30,1952.6,1956.2,1952.6,1953.9,18249,KOTAKBANK
12881,2025-09-09 13:55:00+05:30,1953.9,1954.9,1952.5,1953.7,25871,KOTAKBANK
12882,2025-09-09 14:00:00+05:30,1953.0,1955.9,1952.7,1955.4,25522,KOTAKBANK
12883,2025-09-09 14:05:00+05:30,1955.5,1956.8,1953.8,1954.5,42008,KOTAKBANK
12884,2025-09-09 14:10:00+05:30,1954.3,1955.9,1952.5,1955.5,18683,KOTAKBANK
12885,2025-09-09 14:15:00+05:30,1955.5,1955.9,1954.2,1955.7,15954,KOTAKBANK
12886,2025-09-09 14:20:00+05:30,1955.7,1955.7,1953.4,1953.5,19166,KOTAKBANK
12887,2025-09-09 14:25:00+05:30,1953.4,1955.2,1950.4,1953.1,60239,KOTAKBANK
12888,2025-09-09 14:30:00+05:30,1952.9,1955.4,1952.1,1953.9,39875,KOTAKBANK
12889,2025-09-09 14:35:00+05:30,1953.9,1954.9,1950.2,1954.7,44972,KOTAKBANK
12890,2025-09-09 14:40:00+05:30,1954.8,1956.0,1953.1,1953.1,38444,KOTAKBANK
12891,2025-09-09 14:45:00+05:30,1953.1,1954.6,1952.4,1954.0,25973,KOTAKBANK
12892,2025-09-09 14:50:00+05:30,1953.8,1954.6,1951.6,1954.2,40730,KOTAKBANK
12893,2025-09-09 14:55:00+05:30,1954.2,1955.9,1953.2,1955.7,55114,KOTAKBANK
12894,2025-09-09 15:00:00+05:30,1955.7,1960.5,1955.6,1959.7,126921,KOTAKBANK
12895,2025-09-09 15:05:00+05:30,1959.7,1961.2,1958.9,1960.9,99107,KOTAKBANK
12896,2025-09-09 15:10:00+05:30,1961.1,1962.0,1958.0,1959.7,137776,KOTAKBANK
12897,2025-09-09 15:15:00+05:30,1959.7,1960.1,1958.2,1959.8,110795,KOTAKBANK
12898,2025-09-09 15:20:00+05:30,1960.1,1962.6,1959.1,1962.1,129283,KOTAKBANK
12899,2025-09-09 15:25:00+05:30,1962.0,1965.9,1955.5,1960.4,184985,KOTAKBANK
12900,2025-09-10 09:15:00+05:30,1984.9,1988.9,1971.4,1982.6,1547389,KOTAKBANK
12901,2025-09-10 09:20:00+05:30,1982.0,1984.0,1978.6,1979.2,650847,KOTAKBANK
12902,2025-09-10 09:25:00+05:30,1979.2,1982.8,1977.3,1982.1,88400,KOTAKBANK
12903,2025-09-10 09:30:00+05:30,1982.1,1987.0,1981.2,1986.1,210969,KOTAKBANK
12904,2025-09-10 09:35:00+05:30,1986.7,1987.1,1972.4,1978.4,641542,KOTAKBANK
12905,2025-09-10 09:40:00+05:30,1978.4,1979.9,1976.7,1978.0,35230,KOTAKBANK
12906,2025-09-10 09:45:00+05:30,1978.0,1978.2,1972.4,1974.7,82637,KOTAKBANK
12907,2025-09-10 09:50:00+05:30,1974.7,1974.8,1969.8,1970.8,179824,KOTAKBANK
12908,2025-09-10 09:55:00+05:30,1970.8,1976.4,1970.3,1976.0,105473,KOTAKBANK
12909,2025-09-10 10:00:00+05:30,1976.0,1978.2,1974.1,1976.0,126074,KOTAKBANK
12910,2025-09-10 10:05:00+05:30,1976.0,1978.9,1975.5,1978.6,29039,KOTAKBANK
12911,2025-09-10 10:10:00+05:30,1978.5,1982.0,1978.5,1980.6,81590,KOTAKBANK
12912,2025-09-10 10:15:00+05:30,1980.8,1982.0,1980.0,1981.5,71123,KOTAKBANK
12913,2025-09-10 10:20:00+05:30,1981.1,1983.0,1980.1,1982.6,29283,KOTAKBANK
12914,2025-09-10 10:25:00+05:30,1982.6,1985.5,1982.6,1985.0,61208,KOTAKBANK
12915,2025-09-10 10:30:00+05:30,1984.7,1986.5,1981.9,1984.6,88337,KOTAKBANK
12916,2025-09-10 10:35:00+05:30,1984.5,1984.9,1978.6,1980.0,94502,KOTAKBANK
12917,2025-09-10 10:40:00+05:30,1979.3,1981.5,1979.0,1979.0,30571,KOTAKBANK
12918,2025-09-10 10:45:00+05:30,1979.0,1979.7,1976.8,1977.4,32905,KOTAKBANK
12919,2025-09-10 10:50:00+05:30,1977.2,1978.0,1976.1,1977.7,29990,KOTAKBANK
12920,2025-09-10 10:55:00+05:30,1977.6,1978.8,1973.9,1975.8,264318,KOTAKBANK
12921,2025-09-10 11:00:00+05:30,1975.9,1977.0,1975.0,1975.1,44757,KOTAKBANK
12922,2025-09-10 11:05:00+05:30,1975.0,1979.3,1974.8,1979.1,104052,KOTAKBANK
12923,2025-09-10 11:10:00+05:30,1979.0,1981.4,1978.5,1980.0,48647,KOTAKBANK
12924,2025-09-10 11:15:00+05:30,1980.2,1980.6,1976.4,1976.4,42511,KOTAKBANK
12925,2025-09-10 11:20:00+05:30,1976.4,1976.6,1974.1,1976.5,50738,KOTAKBANK
12926,2025-09-10 11:25:00+05:30,1976.5,1977.4,1975.5,1975.5,14361,KOTAKBANK
12927,2025-09-10 11:30:00+05:30,1975.7,1976.1,1974.2,1975.6,30143,KOTAKBANK
12928,2025-09-10 11:35:00+05:30,1975.6,1976.2,1974.8,1975.8,26638,KOTAKBANK
12929,2025-09-10 11:40:00+05:30,1975.9,1976.0,1971.3,1973.2,82646,KOTAKBANK
12930,2025-09-10 11:45:00+05:30,1972.9,1974.1,1972.0,1972.6,69218,KOTAKBANK
12931,2025-09-10 11:50:00+05:30,1972.0,1972.4,1969.4,1970.0,44669,KOTAKBANK
12932,2025-09-10 11:55:00+05:30,1970.0,1970.3,1968.4,1969.9,82356,KOTAKBANK
12933,2025-09-10 12:00:00+05:30,1969.9,1971.8,1968.8,1969.3,261135,KOTAKBANK
12934,2025-09-10 12:05:00+05:30,1969.2,1970.3,1968.8,1969.9,38270,KOTAKBANK
12935,2025-09-10 12:10:00+05:30,1970.0,1970.0,1969.5,1969.6,127141,KOTAKBANK
12936,2025-09-10 12:15:00+05:30,1969.9,1973.9,1969.6,1972.4,136976,KOTAKBANK
12937,2025-09-10 12:20:00+05:30,1972.4,1975.1,1971.6,1973.6,102052,KOTAKBANK
12938,2025-09-10 12:25:00+05:30,1974.1,1979.9,1973.8,1977.6,62048,KOTAKBANK
12939,2025-09-10 12:30:00+05:30,1977.8,1977.8,1974.9,1975.0,85167,KOTAKBANK
12940,2025-09-10 12:35:00+05:30,1975.1,1976.4,1974.1,1974.1,54060,KOTAKBANK
12941,2025-09-10 12:40:00+05:30,1974.3,1977.0,1974.1,1975.7,51627,KOTAKBANK
12942,2025-09-10 12:45:00+05:30,1975.8,1976.5,1975.0,1975.2,34891,KOTAKBANK
12943,2025-09-10 12:50:00+05:30,1975.2,1976.5,1975.1,1976.0,36955,KOTAKBANK
12944,2025-09-10 12:55:00+05:30,1976.4,1976.7,1975.2,1975.6,52392,KOTAKBANK
12945,2025-09-10 13:00:00+05:30,1975.6,1976.2,1975.0,1975.5,44055,KOTAKBANK
12946,2025-09-10 13:05:00+05:30,1975.5,1978.5,1975.3,1977.6,41284,KOTAKBANK
12947,2025-09-10 13:10:00+05:30,1977.6,1978.8,1976.3,1977.0,66205,KOTAKBANK
12948,2025-09-10 13:15:00+05:30,1977.0,1977.5,1975.4,1976.8,96034,KOTAKBANK
12949,2025-09-10 13:20:00+05:30,1977.1,1977.5,1976.1,1977.1,52424,KOTAKBANK
12950,2025-09-10 13:25:00+05:30,1976.6,1978.6,1976.5,1978.1,89744,KOTAKBANK
12951,2025-09-10 13:30:00+05:30,1978.1,1978.1,1973.0,1973.0,182049,KOTAKBANK
12952,2025-09-10 13:35:00+05:30,1973.2,1974.2,1972.5,1973.5,50523,KOTAKBANK
12953,2025-09-10 13:40:00+05:30,1973.5,1975.1,1972.1,1974.5,90679,KOTAKBANK
12954,2025-09-10 13:45:00+05:30,1974.5,1974.5,1972.0,1973.0,42563,KOTAKBANK
12955,2025-09-10 13:50:00+05:30,1973.3,1973.3,1971.1,1972.4,202122,KOTAKBANK
12956,2025-09-10 13:55:00+05:30,1972.1,1972.6,1969.5,1970.6,33326,KOTAKBANK
12957,2025-09-10 14:00:00+05:30,1970.1,1972.6,1970.1,1970.3,31166,KOTAKBANK
12958,2025-09-10 14:05:00+05:30,1970.3,1972.9,1969.8,1972.2,37211,KOTAKBANK
12959,2025-09-10 14:10:00+05:30,1972.1,1972.2,1969.6,1969.9,23577,KOTAKBANK
12960,2025-09-10 14:15:00+05:30,1969.9,1969.9,1968.0,1968.1,65068,KOTAKBANK
12961,2025-09-10 14:20:00+05:30,1968.1,1970.1,1965.8,1969.4,76473,KOTAKBANK
12962,2025-09-10 14:25:00+05:30,1969.5,1970.0,1968.2,1969.5,43128,KOTAKBANK
12963,2025-09-10 14:30:00+05:30,1969.7,1970.0,1967.6,1967.6,47455,KOTAKBANK
12964,2025-09-10 14:35:00+05:30,1967.8,1969.9,1967.7,1969.0,46255,KOTAKBANK
12965,2025-09-10 14:40:00+05:30,1969.0,1969.0,1966.0,1966.3,77800,KOTAKBANK
12966,2025-09-10 14:45:00+05:30,1966.1,1968.8,1966.0,1968.3,59405,KOTAKBANK
12967,2025-09-10 14:50:00+05:30,1968.3,1970.0,1967.8,1968.5,50389,KOTAKBANK
12968,2025-09-10 14:55:00+05:30,1968.8,1971.0,1968.6,1969.1,187439,KOTAKBANK
12969,2025-09-10 15:00:00+05:30,1969.1,1972.6,1969.0,1971.6,102913,KOTAKBANK
12970,2025-09-10 15:05:00+05:30,1971.8,1973.8,1970.1,1973.5,113215,KOTAKBANK
12971,2025-09-10 15:10:00+05:30,1973.5,1975.9,1973.2,1974.8,114797,KOTAKBANK
12972,2025-09-10 15:15:00+05:30,1974.7,1975.4,1973.1,1973.9,89296,KOTAKBANK
12973,2025-09-10 15:20:00+05:30,1974.5,1974.5,1972.1,1973.0,105790,KOTAKBANK
12974,2025-09-10 15:25:00+05:30,1972.1,1974.0,1971.0,1972.9,93563,KOTAKBANK
12975,2025-09-11 09:15:00+05:30,1977.0,1983.0,1967.7,1971.0,63427,KOTAKBANK
12976,2025-09-11 09:20:00+05:30,1970.8,1972.7,1964.1,1966.1,33999,KOTAKBANK
12977,2025-09-11 09:25:00+05:30,1966.0,1969.3,1966.0,1967.2,48496,KOTAKBANK
12978,2025-09-11 09:30:00+05:30,1967.4,1967.4,1965.0,1966.5,16906,KOTAKBANK
12979,2025-09-11 09:35:00+05:30,1966.8,1967.8,1963.3,1965.9,17119,KOTAKBANK
12980,2025-09-11 09:40:00+05:30,1965.6,1966.8,1964.2,1964.4,14544,KOTAKBANK
12981,2025-09-11 09:45:00+05:30,1964.9,1965.2,1963.5,1964.7,11173,KOTAKBANK
12982,2025-09-11 09:50:00+05:30,1964.1,1966.3,1963.7,1965.3,10328,KOTAKBANK
12983,2025-09-11 09:55:00+05:30,1965.0,1967.2,1965.0,1966.4,7251,KOTAKBANK
12984,2025-09-11 10:00:00+05:30,1967.0,1967.4,1965.4,1967.0,8775,KOTAKBANK
12985,2025-09-11 10:05:00+05:30,1967.0,1967.2,1965.0,1965.8,11384,KOTAKBANK
12986,2025-09-11 10:10:00+05:30,1965.9,1966.4,1965.0,1965.1,13166,KOTAKBANK
12987,2025-09-11 10:15:00+05:30,1965.9,1966.8,1965.1,1966.0,11178,KOTAKBANK
12988,2025-09-11 10:20:00+05:30,1966.0,1966.9,1965.4,1966.7,11046,KOTAKBANK
12989,2025-09-11 10:25:00+05:30,1966.9,1966.9,1965.0,1966.1,11322,KOTAKBANK
12990,2025-09-11 10:30:00+05:30,1966.1,1966.8,1963.7,1966.0,31534,KOTAKBANK
12991,2025-09-11 10:35:00+05:30,1965.3,1967.3,1965.0,1965.8,22697,KOTAKBANK
12992,2025-09-11 10:40:00+05:30,1966.6,1966.6,1965.0,1965.8,11400,KOTAKBANK
12993,2025-09-11 10:45:00+05:30,1965.8,1967.3,1964.9,1966.2,10475,KOTAKBANK
12994,2025-09-11 10:50:00+05:30,1966.4,1968.0,1965.7,1966.5,13459,KOTAKBANK
12995,2025-09-11 10:55:00+05:30,1967.1,1967.9,1965.8,1967.9,9334,KOTAKBANK
12996,2025-09-11 11:00:00+05:30,1967.9,1968.6,1965.6,1967.5,37376,KOTAKBANK
12997,2025-09-11 11:05:00+05:30,1967.9,1968.0,1966.2,1967.5,11614,KOTAKBANK
12998,2025-09-11 11:10:00+05:30,1967.3,1967.8,1966.2,1967.3,10752,KOTAKBANK
12999,2025-09-11 11:15:00+05:30,1967.3,1967.5,1965.4,1966.7,11975,KOTAKBANK
13000,2025-09-11 11:20:00+05:30,1966.8,1967.4,1965.4,1967.0,14798,KOTAKBANK
13001,2025-09-11 11:25:00+05:30,1967.0,1968.0,1966.1,1967.1,13615,KOTAKBANK
13002,2025-09-11 11:30:00+05:30,1967.6,1967.8,1966.3,1967.0,11571,KOTAKBANK
13003,2025-09-11 11:35:00+05:30,1967.0,1967.5,1964.5,1965.3,31492,KOTAKBANK
13004,2025-09-11 11:40:00+05:30,1965.8,1967.7,1965.4,1967.7,10526,KOTAKBANK
13005,2025-09-11 11:45:00+05:30,1967.7,1969.9,1966.8,1968.3,16860,KOTAKBANK
13006,2025-09-11 11:50:00+05:30,1968.2,1970.9,1967.6,1970.7,37260,KOTAKBANK
13007,2025-09-11 11:55:00+05:30,1970.6,1971.4,1968.6,1971.2,23452,KOTAKBANK
13008,2025-09-11 12:00:00+05:30,1970.4,1973.0,1970.4,1972.9,19187,KOTAKBANK
13009,2025-09-11 12:05:00+05:30,1972.9,1973.3,1971.7,1972.5,15881,KOTAKBANK
13010,2025-09-11 12:10:00+05:30,1972.5,1974.0,1971.7,1973.9,20563,KOTAKBANK
13011,2025-09-11 12:15:00+05:30,1973.9,1975.0,1972.3,1975.0,15373,KOTAKBANK
13012,2025-09-11 12:20:00+05:30,1974.7,1978.0,1974.2,1977.0,24255,KOTAKBANK
13013,2025-09-11 12:25:00+05:30,1977.7,1980.6,1977.1,1980.0,50902,KOTAKBANK
13014,2025-09-11 12:30:00+05:30,1979.8,1981.0,1978.9,1979.4,28542,KOTAKBANK
13015,2025-09-11 12:35:00+05:30,1979.6,1980.4,1977.1,1978.5,41333,KOTAKBANK
13016,2025-09-11 12:40:00+05:30,1978.1,1980.1,1977.8,1979.9,32832,KOTAKBANK
13017,2025-09-11 12:45:00+05:30,1979.3,1980.9,1977.8,1978.5,20953,KOTAKBANK
13018,2025-09-11 12:50:00+05:30,1978.4,1979.0,1976.6,1977.6,15738,KOTAKBANK
13019,2025-09-11 12:55:00+05:30,1977.6,1979.0,1976.9,1977.9,15041,KOTAKBANK
13020,2025-09-11 13:00:00+05:30,1977.7,1980.0,1977.1,1979.5,17145,KOTAKBANK
13021,2025-09-11 13:05:00+05:30,1979.5,1980.5,1978.0,1978.4,16871,KOTAKBANK
13022,2025-09-11 13:10:00+05:30,1978.4,1979.3,1976.7,1977.5,8618,KOTAKBANK
13023,2025-09-11 13:15:00+05:30,1977.5,1977.9,1975.4,1976.0,12208,KOTAKBANK
13024,2025-09-11 13:20:00+05:30,1976.0,1977.4,1974.0,1977.4,24290,KOTAKBANK
13025,2025-09-11 13:25:00+05:30,1977.4,1978.0,1976.1,1977.6,11083,KOTAKBANK
13026,2025-09-11 13:30:00+05:30,1977.9,1978.1,1976.2,1977.5,11948,KOTAKBANK
13027,2025-09-11 13:35:00+05:30,1977.5,1978.1,1975.7,1976.3,10863,KOTAKBANK
13028,2025-09-11 13:40:00+05:30,1975.7,1976.8,1974.7,1976.1,23047,KOTAKBANK
13029,2025-09-11 13:45:00+05:30,1976.0,1977.6,1974.6,1976.4,17037,KOTAKBANK
13030,2025-09-11 13:50:00+05:30,1976.3,1977.6,1975.1,1976.4,14893,KOTAKBANK
13031,2025-09-11 13:55:00+05:30,1976.3,1976.4,1974.4,1975.9,12550,KOTAKBANK
13032,2025-09-11 14:00:00+05:30,1976.0,1979.6,1975.0,1978.8,26365,KOTAKBANK
13033,2025-09-11 14:05:00+05:30,1978.8,1980.0,1978.3,1979.9,26156,KOTAKBANK
13034,2025-09-11 14:10:00+05:30,1979.9,1981.9,1978.7,1981.6,63284,KOTAKBANK
13035,2025-09-11 14:15:00+05:30,1981.5,1983.3,1981.0,1983.2,103732,KOTAKBANK
13036,2025-09-11 14:20:00+05:30,1983.0,1984.5,1982.2,1984.3,67584,KOTAKBANK
13037,2025-09-11 14:25:00+05:30,1984.3,1985.0,1982.1,1982.4,70775,KOTAKBANK
13038,2025-09-11 14:30:00+05:30,1982.7,1982.7,1978.3,1980.4,40035,KOTAKBANK
13039,2025-09-11 14:35:00+05:30,1980.4,1981.9,1979.4,1981.7,57982,KOTAKBANK
13040,2025-09-11 14:40:00+05:30,1981.6,1981.9,1978.9,1980.1,42326,KOTAKBANK
13041,2025-09-11 14:45:00+05:30,1979.9,1981.5,1978.7,1980.2,55438,KOTAKBANK
13042,2025-09-11 14:50:00+05:30,1980.2,1980.6,1976.3,1977.8,49180,KOTAKBANK
13043,2025-09-11 14:55:00+05:30,1977.8,1977.8,1974.0,1974.5,86568,KOTAKBANK
13044,2025-09-11 15:00:00+05:30,1974.7,1975.3,1973.0,1973.3,89590,KOTAKBANK
13045,2025-09-11 15:05:00+05:30,1973.2,1973.6,1969.4,1971.5,161620,KOTAKBANK
13046,2025-09-11 15:10:00+05:30,1971.7,1973.6,1970.4,1970.7,103515,KOTAKBANK
13047,2025-09-11 15:15:00+05:30,1970.7,1974.0,1970.7,1972.2,76155,KOTAKBANK
13048,2025-09-11 15:20:00+05:30,1973.0,1973.5,1971.0,1972.0,75546,KOTAKBANK
13049,2025-09-11 15:25:00+05:30,1971.9,1974.9,1969.3,1969.9,65947,KOTAKBANK
13050,2025-09-12 09:15:00+05:30,1973.2,1978.7,1973.1,1976.7,68737,KOTAKBANK
13051,2025-09-12 09:20:00+05:30,1976.4,1978.5,1975.9,1977.8,33000,KOTAKBANK
13052,2025-09-12 09:25:00+05:30,1977.8,1980.0,1976.4,1979.1,81369,KOTAKBANK
13053,2025-09-12 09:30:00+05:30,1979.6,1981.0,1975.3,1975.3,146207,KOTAKBANK
13054,2025-09-12 09:35:00+05:30,1975.3,1979.5,1972.5,1977.6,51409,KOTAKBANK
13055,2025-09-12 09:40:00+05:30,1977.5,1978.9,1975.5,1978.5,35162,KOTAKBANK
13056,2025-09-12 09:45:00+05:30,1978.5,1980.0,1977.8,1979.6,19922,KOTAKBANK
13057,2025-09-12 09:50:00+05:30,1979.7,1980.9,1979.1,1980.0,15207,KOTAKBANK
13058,2025-09-12 09:55:00+05:30,1980.2,1981.0,1979.1,1979.7,14390,KOTAKBANK
13059,2025-09-12 10:00:00+05:30,1979.8,1982.2,1979.3,1981.9,21347,KOTAKBANK
13060,2025-09-12 10:05:00+05:30,1981.9,1983.0,1981.3,1982.2,12478,KOTAKBANK
13061,2025-09-12 10:10:00+05:30,1982.1,1983.6,1982.1,1982.3,14708,KOTAKBANK
13062,2025-09-12 10:15:00+05:30,1982.2,1983.0,1981.2,1982.1,16830,KOTAKBANK
13063,2025-09-12 10:20:00+05:30,1982.1,1983.3,1979.9,1980.9,25891,KOTAKBANK
13064,2025-09-12 10:25:00+05:30,1980.9,1982.0,1980.0,1981.3,18177,KOTAKBANK
13065,2025-09-12 10:30:00+05:30,1981.4,1983.9,1981.0,1983.3,17702,KOTAKBANK
13066,2025-09-12 10:35:00+05:30,1983.3,1984.7,1982.6,1984.5,12251,KOTAKBANK
13067,2025-09-12 10:40:00+05:30,1984.5,1985.0,1983.7,1984.2,19254,KOTAKBANK
13068,2025-09-12 10:45:00+05:30,1984.2,1984.8,1984.0,1984.3,8775,KOTAKBANK
13069,2025-09-12 10:50:00+05:30,1984.3,1984.4,1979.8,1979.8,87099,KOTAKBANK
13070,2025-09-12 10:55:00+05:30,1979.9,1981.2,1977.4,1979.9,39087,KOTAKBANK
13071,2025-09-12 11:00:00+05:30,1979.8,1980.2,1977.9,1978.1,19253,KOTAKBANK
13072,2025-09-12 11:05:00+05:30,1978.1,1979.0,1977.9,1979.0,19674,KOTAKBANK
13073,2025-09-12 11:10:00+05:30,1978.9,1980.0,1978.0,1979.0,83965,KOTAKBANK
13074,2025-09-12 11:15:00+05:30,1978.9,1980.2,1978.5,1979.5,48994,KOTAKBANK
13075,2025-09-12 11:20:00+05:30,1979.5,1980.1,1978.4,1978.6,32954,KOTAKBANK
13076,2025-09-12 11:25:00+05:30,1978.5,1982.4,1978.5,1982.4,23086,KOTAKBANK
13077,2025-09-12 11:30:00+05:30,1982.4,1984.5,1982.0,1983.1,21028,KOTAKBANK
13078,2025-09-12 11:35:00+05:30,1983.0,1983.3,1978.5,1979.7,117503,KOTAKBANK
13079,2025-09-12 11:40:00+05:30,1979.7,1979.7,1978.0,1978.5,49671,KOTAKBANK
13080,2025-09-12 11:45:00+05:30,1978.6,1979.7,1978.1,1979.2,30572,KOTAKBANK
13081,2025-09-12 11:50:00+05:30,1979.2,1980.0,1979.0,1979.5,50382,KOTAKBANK
13082,2025-09-12 11:55:00+05:30,1979.5,1979.5,1978.5,1979.0,24835,KOTAKBANK
13083,2025-09-12 12:00:00+05:30,1978.9,1979.0,1978.6,1978.9,33304,KOTAKBANK
13084,2025-09-12 12:05:00+05:30,1978.8,1981.8,1978.5,1980.7,58020,KOTAKBANK
13085,2025-09-12 12:10:00+05:30,1980.6,1981.0,1979.1,1979.9,19091,KOTAKBANK
13086,2025-09-12 12:15:00+05:30,1979.9,1980.4,1979.0,1980.3,15486,KOTAKBANK
13087,2025-09-12 12:20:00+05:30,1980.2,1984.5,1978.9,1979.5,81415,KOTAKBANK
13088,2025-09-12 12:25:00+05:30,1979.5,1980.0,1979.2,1979.5,17443,KOTAKBANK
13089,2025-09-12 12:30:00+05:30,1979.4,1980.0,1979.0,1979.8,17532,KOTAKBANK
13090,2025-09-12 12:35:00+05:30,1979.6,1980.0,1978.6,1979.0,13361,KOTAKBANK
13091,2025-09-12 12:40:00+05:30,1979.0,1979.9,1978.6,1979.7,16996,KOTAKBANK
13092,2025-09-12 12:45:00+05:30,1979.7,1979.8,1978.4,1979.0,14019,KOTAKBANK
13093,2025-09-12 12:50:00+05:30,1979.0,1979.8,1977.1,1977.9,17654,KOTAKBANK
13094,2025-09-12 12:55:00+05:30,1977.9,1978.9,1976.7,1976.7,17567,KOTAKBANK
13095,2025-09-12 13:00:00+05:30,1977.0,1977.8,1976.0,1977.8,22463,KOTAKBANK
13096,2025-09-12 13:05:00+05:30,1977.8,1979.1,1977.3,1978.2,17892,KOTAKBANK
13097,2025-09-12 13:10:00+05:30,1978.1,1978.2,1977.2,1977.3,20670,KOTAKBANK
13098,2025-09-12 13:15:00+05:30,1977.2,1977.2,1976.5,1976.8,18693,KOTAKBANK
13099,2025-09-12 13:20:00+05:30,1976.8,1976.8,1976.3,1976.6,27050,KOTAKBANK
13100,2025-09-12 13:25:00+05:30,1976.6,1976.9,1975.1,1975.5,38814,KOTAKBANK
13101,2025-09-12 13:30:00+05:30,1975.5,1976.0,1975.1,1975.5,46779,KOTAKBANK
13102,2025-09-12 13:35:00+05:30,1975.4,1975.5,1973.1,1973.2,71092,KOTAKBANK
13103,2025-09-12 13:40:00+05:30,1973.2,1974.3,1973.0,1973.4,47504,KOTAKBANK
13104,2025-09-12 13:45:00+05:30,1973.4,1973.9,1971.3,1971.6,42487,KOTAKBANK
13105,2025-09-12 13:50:00+05:30,1971.5,1971.7,1969.0,1970.2,110354,KOTAKBANK
13106,2025-09-12 13:55:00+05:30,1970.3,1972.4,1969.3,1971.0,64561,KOTAKBANK
13107,2025-09-12 14:00:00+05:30,1971.0,1971.0,1969.9,1970.1,41588,KOTAKBANK
13108,2025-09-12 14:05:00+05:30,1970.1,1970.1,1968.9,1969.4,53583,KOTAKBANK
13109,2025-09-12 14:10:00+05:30,1969.4,1969.4,1968.4,1968.8,39073,KOTAKBANK
13110,2025-09-12 14:15:00+05:30,1968.8,1968.9,1968.0,1968.2,36558,KOTAKBANK
13111,2025-09-12 14:20:00+05:30,1968.0,1968.2,1966.9,1967.0,39089,KOTAKBANK
13112,2025-09-12 14:25:00+05:30,1967.0,1969.4,1966.0,1968.0,77557,KOTAKBANK
13113,2025-09-12 14:30:00+05:30,1968.0,1970.8,1967.7,1970.4,74396,KOTAKBANK
13114,2025-09-12 14:35:00+05:30,1970.3,1972.3,1969.5,1972.3,56207,KOTAKBANK
13115,2025-09-12 14:40:00+05:30,1972.3,1972.9,1971.0,1972.3,53887,KOTAKBANK
13116,2025-09-12 14:45:00+05:30,1971.9,1973.0,1971.0,1973.0,60093,KOTAKBANK
13117,2025-09-12 14:50:00+05:30,1973.0,1975.0,1972.5,1973.9,67070,KOTAKBANK
13118,2025-09-12 14:55:00+05:30,1973.9,1975.2,1972.5,1974.8,86510,KOTAKBANK
13119,2025-09-12 15:00:00+05:30,1974.8,1975.0,1971.1,1971.4,77610,KOTAKBANK
13120,2025-09-12 15:05:00+05:30,1971.4,1972.1,1970.0,1971.6,144132,KOTAKBANK
13121,2025-09-12 15:10:00+05:30,1971.6,1973.1,1970.8,1972.4,167322,KOTAKBANK
13122,2025-09-12 15:15:00+05:30,1972.5,1974.0,1972.3,1973.6,118869,KOTAKBANK
13123,2025-09-12 15:20:00+05:30,1973.6,1973.6,1971.9,1972.3,178406,KOTAKBANK
13124,2025-09-12 15:25:00+05:30,1972.4,1975.0,1972.1,1974.7,112106,KOTAKBANK
