,timestamp,open,high,low,close,volume,ticker
0,2025-01-01 09:15:00+05:30,366.9,367.0,363.65,364.55,89208,BIOCON
1,2025-01-01 09:30:00+05:30,364.8,364.9,362.7,363.6,55191,BIOCON
2,2025-01-01 09:45:00+05:30,363.9,364.8,362.9,364.7,27492,BIOCON
3,2025-01-01 10:00:00+05:30,364.7,367.4,364.35,367.1,96147,BIOCON
4,2025-01-01 10:15:00+05:30,367.05,368.95,366.0,368.8,88050,BIOCON
5,2025-01-01 10:30:00+05:30,368.8,369.5,367.55,367.8,105100,BIOCON
6,2025-01-01 10:45:00+05:30,367.8,367.8,366.5,366.6,41944,BIOCON
7,2025-01-01 11:00:00+05:30,366.85,367.9,366.6,367.7,19820,BIOCON
8,2025-01-01 11:15:00+05:30,367.5,368.25,366.3,366.3,42492,BIOCON
9,2025-01-01 11:30:00+05:30,366.6,366.6,365.15,366.2,41792,BIOCON
10,2025-01-01 11:45:00+05:30,365.9,366.0,364.5,364.9,94058,BIOCON
11,2025-01-01 12:00:00+05:30,365.15,365.5,364.95,365.3,8265,BIOCON
12,2025-01-01 12:15:00+05:30,365.35,366.0,365.3,365.5,23154,BIOCON
13,2025-01-01 12:30:00+05:30,365.7,366.7,365.55,366.1,20628,BIOCON
14,2025-01-01 12:45:00+05:30,366.25,366.55,365.7,366.5,24685,BIOCON
15,2025-01-01 13:00:00+05:30,366.45,367.7,366.3,367.5,27811,BIOCON
16,2025-01-01 13:15:00+05:30,367.5,367.95,367.05,367.35,21648,BIOCON
17,2025-01-01 13:30:00+05:30,367.4,368.85,366.95,368.05,71476,BIOCON
18,2025-01-01 13:45:00+05:30,368.25,368.6,367.55,367.6,20545,BIOCON
19,2025-01-01 14:00:00+05:30,367.8,368.0,367.3,367.35,18573,BIOCON
20,2025-01-01 14:15:00+05:30,367.3,369.0,367.1,368.8,95415,BIOCON
21,2025-01-01 14:30:00+05:30,368.8,370.35,368.6,369.5,151656,BIOCON
22,2025-01-01 14:45:00+05:30,369.6,370.25,369.1,370.05,70590,BIOCON
23,2025-01-01 15:00:00+05:30,369.85,370.05,368.95,369.5,77748,BIOCON
24,2025-01-01 15:15:00+05:30,369.5,369.5,367.55,368.5,223824,BIOCON
25,2025-01-02 09:15:00+05:30,368.8,371.4,367.3,370.8,140399,BIOCON
26,2025-01-02 09:30:00+05:30,370.45,371.85,370.0,370.3,92735,BIOCON
27,2025-01-02 09:45:00+05:30,370.3,370.4,369.0,369.55,46385,BIOCON
28,2025-01-02 10:00:00+05:30,369.35,372.25,369.2,371.1,131285,BIOCON
29,2025-01-02 10:15:00+05:30,371.25,372.9,371.0,371.55,113661,BIOCON
30,2025-01-02 10:30:00+05:30,371.7,373.2,371.25,373.1,57786,BIOCON
31,2025-01-02 10:45:00+05:30,373.1,373.4,372.1,372.1,80635,BIOCON
32,2025-01-02 11:00:00+05:30,372.05,372.15,370.4,371.3,51071,BIOCON
33,2025-01-02 11:15:00+05:30,371.15,372.25,370.35,371.75,43448,BIOCON
34,2025-01-02 11:30:00+05:30,371.55,372.6,371.15,372.2,48924,BIOCON
35,2025-01-02 11:45:00+05:30,372.2,373.2,371.4,373.0,50519,BIOCON
36,2025-01-02 12:00:00+05:30,373.0,373.0,371.9,372.1,47072,BIOCON
37,2025-01-02 12:15:00+05:30,372.1,372.3,371.5,372.0,19626,BIOCON
38,2025-01-02 12:30:00+05:30,372.0,372.5,371.2,371.2,37336,BIOCON
39,2025-01-02 12:45:00+05:30,371.2,371.5,370.5,370.7,53305,BIOCON
40,2025-01-02 13:00:00+05:30,371.0,371.25,370.65,370.9,14633,BIOCON
41,2025-01-02 13:15:00+05:30,370.95,371.55,370.8,371.35,16583,BIOCON
42,2025-01-02 13:30:00+05:30,371.3,371.75,371.0,371.05,20920,BIOCON
43,2025-01-02 13:45:00+05:30,371.05,371.5,370.35,370.6,20700,BIOCON
44,2025-01-02 14:00:00+05:30,370.6,371.65,370.4,371.4,19146,BIOCON
45,2025-01-02 14:15:00+05:30,371.45,372.3,371.2,371.85,38341,BIOCON
46,2025-01-02 14:30:00+05:30,371.85,372.3,371.5,372.3,53981,BIOCON
47,2025-01-02 14:45:00+05:30,372.3,373.75,372.0,373.3,131101,BIOCON
48,2025-01-02 15:00:00+05:30,373.55,374.0,372.75,373.5,289396,BIOCON
49,2025-01-02 15:15:00+05:30,373.5,374.0,371.7,372.25,397794,BIOCON
50,2025-01-03 09:15:00+05:30,376.95,377.0,371.95,372.3,471712,BIOCON
51,2025-01-03 09:30:00+05:30,372.45,373.35,372.05,372.15,150592,BIOCON
52,2025-01-03 09:45:00+05:30,372.15,372.7,371.45,372.5,95218,BIOCON
53,2025-01-03 10:00:00+05:30,372.45,373.0,371.05,371.45,97765,BIOCON
54,2025-01-03 10:15:00+05:30,371.6,372.75,371.3,371.6,51210,BIOCON
55,2025-01-03 10:30:00+05:30,371.6,371.85,371.1,371.65,33991,BIOCON
56,2025-01-03 10:45:00+05:30,371.55,371.65,370.15,370.4,103422,BIOCON
57,2025-01-03 11:00:00+05:30,370.5,371.2,370.0,371.2,63219,BIOCON
58,2025-01-03 11:15:00+05:30,371.1,371.5,370.25,370.55,37611,BIOCON
59,2025-01-03 11:30:00+05:30,370.7,371.2,369.3,369.45,68577,BIOCON
60,2025-01-03 11:45:00+05:30,369.3,369.95,368.85,369.95,53174,BIOCON
61,2025-01-03 12:00:00+05:30,369.9,370.25,368.25,370.0,82446,BIOCON
62,2025-01-03 12:15:00+05:30,369.8,371.65,369.65,370.6,106096,BIOCON
63,2025-01-03 12:30:00+05:30,370.6,372.7,370.3,370.85,90085,BIOCON
64,2025-01-03 12:45:00+05:30,371.05,371.4,369.9,370.3,61230,BIOCON
65,2025-01-03 13:00:00+05:30,370.3,371.15,370.1,370.4,15487,BIOCON
66,2025-01-03 13:15:00+05:30,370.4,370.75,370.0,370.45,20492,BIOCON
67,2025-01-03 13:30:00+05:30,370.35,370.9,370.0,370.0,21528,BIOCON
68,2025-01-03 13:45:00+05:30,370.0,370.25,369.25,369.7,19966,BIOCON
69,2025-01-03 14:00:00+05:30,369.45,370.15,369.15,370.0,23403,BIOCON
70,2025-01-03 14:15:00+05:30,369.9,370.45,369.4,370.3,45753,BIOCON
71,2025-01-03 14:30:00+05:30,370.25,371.15,369.55,370.8,48281,BIOCON
72,2025-01-03 14:45:00+05:30,370.75,370.85,370.0,370.75,56081,BIOCON
73,2025-01-03 15:00:00+05:30,370.55,370.75,369.0,369.15,104002,BIOCON
74,2025-01-03 15:15:00+05:30,369.2,369.65,368.0,368.0,198858,BIOCON
75,2025-01-06 09:15:00+05:30,369.45,372.35,366.0,366.35,258679,BIOCON
76,2025-01-06 09:30:00+05:30,366.4,368.55,366.35,367.5,83259,BIOCON
77,2025-01-06 09:45:00+05:30,367.3,372.35,367.15,370.5,163411,BIOCON
78,2025-01-06 10:00:00+05:30,370.95,372.8,369.5,369.6,118763,BIOCON
79,2025-01-06 10:15:00+05:30,369.8,370.15,368.55,369.0,52860,BIOCON
80,2025-01-06 10:30:00+05:30,369.0,369.0,366.65,366.65,50172,BIOCON
81,2025-01-06 10:45:00+05:30,366.6,366.8,365.25,365.55,65044,BIOCON
82,2025-01-06 11:00:00+05:30,365.9,366.0,362.8,363.35,91301,BIOCON
83,2025-01-06 11:15:00+05:30,363.55,364.9,361.75,364.55,74577,BIOCON
84,2025-01-06 11:30:00+05:30,364.75,365.65,363.5,363.5,37429,BIOCON
85,2025-01-06 11:45:00+05:30,363.35,363.4,360.85,361.2,53956,BIOCON
86,2025-01-06 12:00:00+05:30,361.3,364.25,361.3,363.55,39328,BIOCON
87,2025-01-06 12:15:00+05:30,363.5,363.9,361.65,361.65,14596,BIOCON
88,2025-01-06 12:30:00+05:30,361.5,363.75,361.5,362.8,20789,BIOCON
89,2025-01-06 12:45:00+05:30,362.8,362.95,361.85,362.45,11952,BIOCON
90,2025-01-06 13:00:00+05:30,362.75,362.95,360.9,360.95,12395,BIOCON
91,2025-01-06 13:15:00+05:30,360.95,361.1,359.6,360.0,111192,BIOCON
92,2025-01-06 13:30:00+05:30,359.7,359.95,358.0,359.2,72240,BIOCON
93,2025-01-06 13:45:00+05:30,359.05,359.35,357.75,358.25,72750,BIOCON
94,2025-01-06 14:00:00+05:30,358.35,360.2,358.0,359.0,82164,BIOCON
95,2025-01-06 14:15:00+05:30,358.75,360.1,358.3,358.35,38452,BIOCON
96,2025-01-06 14:30:00+05:30,358.65,358.8,356.85,356.85,66591,BIOCON
97,2025-01-06 14:45:00+05:30,357.0,360.0,356.8,359.85,51003,BIOCON
98,2025-01-06 15:00:00+05:30,359.9,360.2,357.05,357.35,134276,BIOCON
99,2025-01-06 15:15:00+05:30,357.5,359.1,356.75,359.1,182682,BIOCON
100,2025-01-07 09:15:00+05:30,363.1,372.65,363.1,372.0,954684,BIOCON
101,2025-01-07 09:30:00+05:30,372.0,374.5,370.0,372.25,1187717,BIOCON
102,2025-01-07 09:45:00+05:30,372.2,373.9,371.25,371.9,478109,BIOCON
103,2025-01-07 10:00:00+05:30,372.1,373.4,370.0,373.35,439301,BIOCON
104,2025-01-07 10:15:00+05:30,373.15,378.0,371.1,377.75,880252,BIOCON
105,2025-01-07 10:30:00+05:30,377.5,385.95,376.65,385.5,2134305,BIOCON
106,2025-01-07 10:45:00+05:30,385.5,386.65,382.6,383.05,1899737,BIOCON
107,2025-01-07 11:00:00+05:30,383.2,387.6,381.5,385.6,1877994,BIOCON
108,2025-01-07 11:15:00+05:30,385.55,386.55,383.05,385.6,1073640,BIOCON
109,2025-01-07 11:30:00+05:30,385.55,386.65,384.35,385.95,762348,BIOCON
110,2025-01-07 11:45:00+05:30,385.95,388.95,384.5,388.0,1511825,BIOCON
111,2025-01-07 12:00:00+05:30,388.3,388.8,386.05,386.75,856097,BIOCON
112,2025-01-07 12:15:00+05:30,386.9,387.9,385.25,387.5,610541,BIOCON
113,2025-01-07 12:30:00+05:30,387.5,387.5,385.0,385.5,566812,BIOCON
114,2025-01-07 12:45:00+05:30,385.5,387.15,385.25,386.1,386826,BIOCON
115,2025-01-07 13:00:00+05:30,385.9,387.25,385.5,386.4,326575,BIOCON
116,2025-01-07 13:15:00+05:30,386.25,386.8,384.65,385.65,378788,BIOCON
117,2025-01-07 13:30:00+05:30,385.55,386.0,383.3,384.0,482345,BIOCON
118,2025-01-07 13:45:00+05:30,383.8,383.95,382.55,383.0,362783,BIOCON
119,2025-01-07 14:00:00+05:30,383.15,384.2,381.55,383.3,626594,BIOCON
120,2025-01-07 14:15:00+05:30,383.55,384.9,382.55,382.8,272502,BIOCON
121,2025-01-07 14:30:00+05:30,382.8,384.2,382.3,383.4,325984,BIOCON
122,2025-01-07 14:45:00+05:30,383.55,384.0,382.65,383.1,290337,BIOCON
123,2025-01-07 15:00:00+05:30,383.1,383.5,382.2,382.7,368026,BIOCON
124,2025-01-07 15:15:00+05:30,382.7,382.8,381.6,382.1,836654,BIOCON
125,2025-01-08 09:15:00+05:30,381.0,383.65,377.6,377.8,492156,BIOCON
126,2025-01-08 09:30:00+05:30,377.8,380.0,377.3,378.2,271245,BIOCON
127,2025-01-08 09:45:00+05:30,377.85,379.35,376.35,377.7,209601,BIOCON
128,2025-01-08 10:00:00+05:30,377.9,377.9,375.05,376.55,169706,BIOCON
129,2025-01-08 10:15:00+05:30,376.45,376.45,373.75,374.3,177183,BIOCON
130,2025-01-08 10:30:00+05:30,374.3,374.45,372.25,372.45,119271,BIOCON
131,2025-01-08 10:45:00+05:30,372.45,374.2,372.4,374.0,79610,BIOCON
132,2025-01-08 11:00:00+05:30,373.8,374.0,372.15,373.85,83533,BIOCON
133,2025-01-08 11:15:00+05:30,373.75,374.4,373.3,373.3,185240,BIOCON
134,2025-01-08 11:30:00+05:30,373.35,373.55,371.3,371.65,80240,BIOCON
135,2025-01-08 11:45:00+05:30,371.7,372.4,370.95,371.5,61343,BIOCON
136,2025-01-08 12:00:00+05:30,371.35,371.65,370.45,370.95,98198,BIOCON
137,2025-01-08 12:15:00+05:30,370.8,371.75,370.3,370.9,50992,BIOCON
138,2025-01-08 12:30:00+05:30,371.0,371.15,369.6,370.7,100205,BIOCON
139,2025-01-08 12:45:00+05:30,370.8,372.65,370.15,371.75,62362,BIOCON
140,2025-01-08 13:00:00+05:30,371.75,371.8,370.4,370.75,54066,BIOCON
141,2025-01-08 13:15:00+05:30,370.75,371.75,370.0,370.5,59790,BIOCON
142,2025-01-08 13:30:00+05:30,370.65,371.15,368.4,370.0,110073,BIOCON
143,2025-01-08 13:45:00+05:30,370.0,371.05,369.65,370.7,57430,BIOCON
144,2025-01-08 14:00:00+05:30,370.7,371.8,370.55,371.25,71972,BIOCON
145,2025-01-08 14:15:00+05:30,371.3,372.9,371.1,371.3,68144,BIOCON
146,2025-01-08 14:30:00+05:30,371.3,371.9,370.85,371.9,48637,BIOCON
147,2025-01-08 14:45:00+05:30,371.95,372.8,370.75,370.95,93996,BIOCON
148,2025-01-08 15:00:00+05:30,370.95,372.25,370.2,372.05,145203,BIOCON
149,2025-01-08 15:15:00+05:30,372.05,372.1,370.35,371.0,274242,BIOCON
150,2025-01-09 09:15:00+05:30,371.2,372.3,369.6,370.3,135881,BIOCON
151,2025-01-09 09:30:00+05:30,370.3,371.0,369.5,370.35,59750,BIOCON
152,2025-01-09 09:45:00+05:30,370.25,370.6,369.0,370.5,56823,BIOCON
153,2025-01-09 10:00:00+05:30,370.3,371.9,369.25,370.8,32957,BIOCON
154,2025-01-09 10:15:00+05:30,370.8,372.6,370.4,371.85,88182,BIOCON
155,2025-01-09 10:30:00+05:30,372.05,373.9,371.25,372.85,111100,BIOCON
156,2025-01-09 10:45:00+05:30,372.85,373.15,371.65,372.2,88127,BIOCON
157,2025-01-09 11:00:00+05:30,372.35,373.45,371.95,372.4,50015,BIOCON
158,2025-01-09 11:15:00+05:30,372.4,376.0,372.25,374.8,137819,BIOCON
159,2025-01-09 11:30:00+05:30,374.65,374.85,372.5,373.95,79036,BIOCON
160,2025-01-09 11:45:00+05:30,374.05,374.2,373.15,373.7,26174,BIOCON
161,2025-01-09 12:00:00+05:30,373.5,373.9,372.6,372.9,26732,BIOCON
162,2025-01-09 12:15:00+05:30,372.95,374.55,372.35,372.95,79256,BIOCON
163,2025-01-09 12:30:00+05:30,372.8,373.3,372.5,372.8,19941,BIOCON
164,2025-01-09 12:45:00+05:30,372.75,373.15,371.7,372.3,56712,BIOCON
165,2025-01-09 13:00:00+05:30,372.45,373.0,372.3,372.55,19852,BIOCON
166,2025-01-09 13:15:00+05:30,372.65,372.85,371.9,372.15,41807,BIOCON
167,2025-01-09 13:30:00+05:30,372.3,372.45,371.25,372.15,28725,BIOCON
168,2025-01-09 13:45:00+05:30,372.0,372.55,371.3,372.3,24375,BIOCON
169,2025-01-09 14:00:00+05:30,372.3,372.65,372.0,372.1,14322,BIOCON
170,2025-01-09 14:15:00+05:30,372.3,372.45,371.85,372.25,16138,BIOCON
171,2025-01-09 14:30:00+05:30,372.15,372.4,371.15,372.15,111242,BIOCON
172,2025-01-09 14:45:00+05:30,372.0,372.1,370.45,371.05,123235,BIOCON
173,2025-01-09 15:00:00+05:30,371.25,371.8,370.1,371.2,74643,BIOCON
174,2025-01-09 15:15:00+05:30,371.2,371.75,370.0,370.5,192838,BIOCON
175,2025-01-10 09:15:00+05:30,369.95,370.55,364.0,365.3,210813,BIOCON
176,2025-01-10 09:30:00+05:30,365.45,366.95,363.05,365.8,130479,BIOCON
177,2025-01-10 09:45:00+05:30,366.0,366.0,363.35,363.5,64734,BIOCON
178,2025-01-10 10:00:00+05:30,363.4,365.15,362.05,364.8,109149,BIOCON
179,2025-01-10 10:15:00+05:30,364.75,366.75,363.9,364.35,103185,BIOCON
180,2025-01-10 10:30:00+05:30,364.4,365.6,363.1,365.15,49814,BIOCON
181,2025-01-10 10:45:00+05:30,365.0,365.7,364.1,364.75,22282,BIOCON
182,2025-01-10 11:00:00+05:30,364.75,366.55,364.75,366.35,32687,BIOCON
183,2025-01-10 11:15:00+05:30,366.45,367.0,364.35,365.3,31934,BIOCON
184,2025-01-10 11:30:00+05:30,365.4,366.05,363.2,363.25,21709,BIOCON
185,2025-01-10 11:45:00+05:30,363.25,364.05,362.5,363.15,33161,BIOCON
186,2025-01-10 12:00:00+05:30,362.95,363.15,360.05,361.6,80318,BIOCON
187,2025-01-10 12:15:00+05:30,361.6,362.25,360.2,360.6,48169,BIOCON
188,2025-01-10 12:30:00+05:30,360.6,361.3,359.5,361.1,51545,BIOCON
189,2025-01-10 12:45:00+05:30,361.15,362.65,361.0,361.35,60892,BIOCON
190,2025-01-10 13:00:00+05:30,361.25,361.55,360.3,360.6,41047,BIOCON
191,2025-01-10 13:15:00+05:30,360.7,361.4,359.25,359.4,26011,BIOCON
192,2025-01-10 13:30:00+05:30,359.55,360.35,359.3,359.75,35816,BIOCON
193,2025-01-10 13:45:00+05:30,359.9,360.6,359.6,359.9,13906,BIOCON
194,2025-01-10 14:00:00+05:30,360.15,360.55,357.95,358.45,61574,BIOCON
195,2025-01-10 14:15:00+05:30,358.4,359.6,358.0,359.6,43796,BIOCON
196,2025-01-10 14:30:00+05:30,359.35,360.4,358.2,360.4,74945,BIOCON
197,2025-01-10 14:45:00+05:30,360.1,360.1,358.8,359.15,64205,BIOCON
198,2025-01-10 15:00:00+05:30,359.2,361.95,358.0,360.75,326459,BIOCON
199,2025-01-10 15:15:00+05:30,360.75,361.9,359.1,360.0,483841,BIOCON
200,2025-01-13 09:15:00+05:30,371.0,376.7,364.1,374.85,3553688,BIOCON
201,2025-01-13 09:30:00+05:30,374.85,376.95,372.65,375.6,2156813,BIOCON
202,2025-01-13 09:45:00+05:30,375.7,376.5,370.35,375.0,2546982,BIOCON
203,2025-01-13 10:00:00+05:30,375.0,376.45,373.5,375.65,1509594,BIOCON
204,2025-01-13 10:15:00+05:30,375.65,377.5,373.5,375.05,2423236,BIOCON
205,2025-01-13 10:30:00+05:30,375.05,376.3,372.0,373.5,960205,BIOCON
206,2025-01-13 10:45:00+05:30,373.5,374.3,372.1,372.8,480870,BIOCON
207,2025-01-13 11:00:00+05:30,372.8,373.4,370.7,371.75,527992,BIOCON
208,2025-01-13 11:15:00+05:30,371.6,371.8,369.4,369.75,505154,BIOCON
209,2025-01-13 11:30:00+05:30,369.75,370.55,367.8,369.0,557844,BIOCON
210,2025-01-13 11:45:00+05:30,368.9,369.1,365.4,365.7,671435,BIOCON
211,2025-01-13 12:00:00+05:30,365.9,368.1,365.45,366.25,798079,BIOCON
212,2025-01-13 12:15:00+05:30,366.25,366.5,363.05,364.0,614636,BIOCON
213,2025-01-13 12:30:00+05:30,364.0,366.9,363.1,366.7,566612,BIOCON
214,2025-01-13 12:45:00+05:30,366.5,367.5,366.0,366.6,428074,BIOCON
215,2025-01-13 13:00:00+05:30,366.6,366.9,365.65,366.5,235759,BIOCON
216,2025-01-13 13:15:00+05:30,366.5,366.9,364.15,366.35,486226,BIOCON
217,2025-01-13 13:30:00+05:30,366.35,366.65,363.35,363.85,383901,BIOCON
218,2025-01-13 13:45:00+05:30,363.9,364.3,362.65,362.8,336883,BIOCON
219,2025-01-13 14:00:00+05:30,363.0,365.0,362.25,363.9,343519,BIOCON
220,2025-01-13 14:15:00+05:30,363.85,364.5,361.2,361.7,410588,BIOCON
221,2025-01-13 14:30:00+05:30,361.8,364.7,360.45,364.4,880687,BIOCON
222,2025-01-13 14:45:00+05:30,364.4,367.65,363.25,366.2,855310,BIOCON
223,2025-01-13 15:00:00+05:30,366.2,367.0,363.8,365.85,780216,BIOCON
224,2025-01-13 15:15:00+05:30,365.85,366.5,363.35,365.25,698215,BIOCON
225,2025-01-14 09:15:00+05:30,371.85,382.1,370.25,379.45,2270275,BIOCON
226,2025-01-14 09:30:00+05:30,379.25,380.7,376.15,378.0,805676,BIOCON
227,2025-01-14 09:45:00+05:30,378.25,381.6,376.6,378.15,721389,BIOCON
228,2025-01-14 10:00:00+05:30,378.2,379.0,375.5,375.75,366558,BIOCON
229,2025-01-14 10:15:00+05:30,375.85,375.95,371.65,373.5,851373,BIOCON
230,2025-01-14 10:30:00+05:30,373.6,375.35,373.0,375.1,373729,BIOCON
231,2025-01-14 10:45:00+05:30,375.3,378.0,375.05,377.25,316734,BIOCON
232,2025-01-14 11:00:00+05:30,377.3,382.85,377.3,380.2,825703,BIOCON
233,2025-01-14 11:15:00+05:30,380.35,382.0,378.95,381.75,404832,BIOCON
234,2025-01-14 11:30:00+05:30,381.75,383.7,380.85,383.4,608861,BIOCON
235,2025-01-14 11:45:00+05:30,383.4,386.7,383.0,385.0,1165252,BIOCON
236,2025-01-14 12:00:00+05:30,385.0,385.85,384.7,385.0,343345,BIOCON
237,2025-01-14 12:15:00+05:30,385.0,385.2,383.35,384.0,348202,BIOCON
238,2025-01-14 12:30:00+05:30,383.95,387.5,382.4,387.1,831420,BIOCON
239,2025-01-14 12:45:00+05:30,387.2,389.3,386.6,386.75,1174131,BIOCON
240,2025-01-14 13:00:00+05:30,386.9,389.95,386.0,388.7,787100,BIOCON
241,2025-01-14 13:15:00+05:30,388.85,389.45,387.95,388.2,443664,BIOCON
242,2025-01-14 13:30:00+05:30,388.1,391.0,388.0,390.95,770221,BIOCON
243,2025-01-14 13:45:00+05:30,391.0,391.2,388.35,389.45,576102,BIOCON
244,2025-01-14 14:00:00+05:30,389.35,390.2,389.0,389.6,275816,BIOCON
245,2025-01-14 14:15:00+05:30,389.6,390.1,388.05,388.65,482381,BIOCON
246,2025-01-14 14:30:00+05:30,388.7,389.8,386.55,386.8,569383,BIOCON
247,2025-01-14 14:45:00+05:30,386.9,387.75,386.3,387.15,318446,BIOCON
248,2025-01-14 15:00:00+05:30,387.3,388.9,386.9,387.4,498593,BIOCON
249,2025-01-14 15:15:00+05:30,387.4,389.0,386.5,387.4,819766,BIOCON
250,2025-01-15 09:15:00+05:30,390.1,391.5,381.85,382.7,770040,BIOCON
251,2025-01-15 09:30:00+05:30,382.55,385.2,381.65,383.7,390793,BIOCON
252,2025-01-15 09:45:00+05:30,383.65,384.35,382.25,383.5,163260,BIOCON
253,2025-01-15 10:00:00+05:30,383.5,384.0,380.85,381.7,187624,BIOCON
254,2025-01-15 10:15:00+05:30,381.7,386.1,381.05,385.0,312161,BIOCON
255,2025-01-15 10:30:00+05:30,385.0,385.95,384.5,385.15,117586,BIOCON
256,2025-01-15 10:45:00+05:30,385.1,386.35,383.95,385.1,129585,BIOCON
257,2025-01-15 11:00:00+05:30,385.05,385.15,383.5,383.85,89132,BIOCON
258,2025-01-15 11:15:00+05:30,383.95,384.35,381.55,381.6,104291,BIOCON
259,2025-01-15 11:30:00+05:30,381.6,381.8,380.25,380.8,162471,BIOCON
260,2025-01-15 11:45:00+05:30,380.8,382.25,380.65,382.25,590629,BIOCON
261,2025-01-15 12:00:00+05:30,382.25,382.6,381.1,381.1,81044,BIOCON
262,2025-01-15 12:15:00+05:30,381.15,382.15,380.8,381.65,76040,BIOCON
263,2025-01-15 12:30:00+05:30,381.8,383.25,381.6,383.05,90697,BIOCON
264,2025-01-15 12:45:00+05:30,383.05,383.1,382.45,382.95,36633,BIOCON
265,2025-01-15 13:00:00+05:30,382.95,382.95,378.65,379.35,191883,BIOCON
266,2025-01-15 13:15:00+05:30,379.5,380.35,379.05,379.25,179631,BIOCON
267,2025-01-15 13:30:00+05:30,379.1,380.4,378.7,379.45,125884,BIOCON
268,2025-01-15 13:45:00+05:30,379.4,380.2,379.0,379.7,93756,BIOCON
269,2025-01-15 14:00:00+05:30,379.95,380.25,379.35,379.65,111771,BIOCON
270,2025-01-15 14:15:00+05:30,379.75,380.3,378.65,379.05,151789,BIOCON
271,2025-01-15 14:30:00+05:30,379.0,380.9,378.45,380.3,201139,BIOCON
272,2025-01-15 14:45:00+05:30,380.3,381.65,379.8,381.4,146444,BIOCON
273,2025-01-15 15:00:00+05:30,381.4,383.0,381.0,382.8,915386,BIOCON
274,2025-01-15 15:15:00+05:30,382.8,383.55,382.15,383.2,572393,BIOCON
275,2025-01-16 09:15:00+05:30,384.05,386.85,382.1,386.05,445071,BIOCON
276,2025-01-16 09:30:00+05:30,386.05,392.9,385.45,391.3,854782,BIOCON
277,2025-01-16 09:45:00+05:30,391.45,393.0,390.5,392.3,938217,BIOCON
278,2025-01-16 10:00:00+05:30,392.4,394.3,391.75,393.95,662105,BIOCON
279,2025-01-16 10:15:00+05:30,393.95,394.5,392.1,393.05,637002,BIOCON
280,2025-01-16 10:30:00+05:30,393.15,393.8,389.65,390.9,529687,BIOCON
281,2025-01-16 10:45:00+05:30,390.9,391.65,390.0,390.5,257540,BIOCON
282,2025-01-16 11:00:00+05:30,390.45,391.4,390.2,391.1,195575,BIOCON
283,2025-01-16 11:15:00+05:30,391.15,393.8,390.65,393.55,334030,BIOCON
284,2025-01-16 11:30:00+05:30,393.55,395.6,393.0,393.7,544546,BIOCON
285,2025-01-16 11:45:00+05:30,393.7,393.75,392.0,393.3,221261,BIOCON
286,2025-01-16 12:00:00+05:30,393.5,394.0,392.7,393.85,206475,BIOCON
287,2025-01-16 12:15:00+05:30,393.8,394.0,392.5,393.35,235208,BIOCON
288,2025-01-16 12:30:00+05:30,393.65,394.25,392.55,393.7,220160,BIOCON
289,2025-01-16 12:45:00+05:30,393.9,394.4,393.15,393.95,239488,BIOCON
290,2025-01-16 13:00:00+05:30,393.9,393.95,392.1,392.85,196363,BIOCON
291,2025-01-16 13:15:00+05:30,392.85,393.4,392.45,393.35,159227,BIOCON
292,2025-01-16 13:30:00+05:30,393.35,394.0,392.8,394.0,187185,BIOCON
293,2025-01-16 13:45:00+05:30,394.0,396.75,393.4,396.2,887090,BIOCON
294,2025-01-16 14:00:00+05:30,396.25,396.6,395.0,395.05,298007,BIOCON
295,2025-01-16 14:15:00+05:30,395.1,395.25,393.65,394.45,531762,BIOCON
296,2025-01-16 14:30:00+05:30,394.45,395.25,394.35,395.15,317882,BIOCON
297,2025-01-16 14:45:00+05:30,395.2,395.3,393.3,394.15,381609,BIOCON
298,2025-01-16 15:00:00+05:30,394.15,394.3,392.5,393.35,463666,BIOCON
299,2025-01-16 15:15:00+05:30,393.5,394.0,392.0,392.7,503238,BIOCON
300,2025-01-17 09:15:00+05:30,394.0,395.0,387.35,389.5,662972,BIOCON
301,2025-01-17 09:30:00+05:30,389.55,391.3,389.1,390.25,168768,BIOCON
302,2025-01-17 09:45:00+05:30,390.25,391.6,389.0,390.3,162684,BIOCON
303,2025-01-17 10:00:00+05:30,390.35,392.75,389.2,392.05,287832,BIOCON
304,2025-01-17 10:15:00+05:30,392.15,393.0,391.7,392.3,95337,BIOCON
305,2025-01-17 10:30:00+05:30,392.45,392.9,390.9,391.2,94434,BIOCON
306,2025-01-17 10:45:00+05:30,391.2,392.5,391.0,391.5,106952,BIOCON
307,2025-01-17 11:00:00+05:30,391.5,391.95,390.8,391.65,66118,BIOCON
308,2025-01-17 11:15:00+05:30,391.65,392.55,390.5,392.15,103479,BIOCON
309,2025-01-17 11:30:00+05:30,391.85,393.0,391.4,391.85,89167,BIOCON
310,2025-01-17 11:45:00+05:30,391.75,392.6,391.0,392.55,85686,BIOCON
311,2025-01-17 12:00:00+05:30,392.55,392.9,391.9,392.85,73994,BIOCON
312,2025-01-17 12:15:00+05:30,392.65,394.45,392.55,393.9,301079,BIOCON
313,2025-01-17 12:30:00+05:30,393.9,395.75,393.65,395.6,315310,BIOCON
314,2025-01-17 12:45:00+05:30,395.6,397.45,395.35,397.1,532601,BIOCON
315,2025-01-17 13:00:00+05:30,397.2,397.8,395.55,396.05,375654,BIOCON
316,2025-01-17 13:15:00+05:30,396.05,396.45,394.6,394.7,253500,BIOCON
317,2025-01-17 13:30:00+05:30,394.9,395.35,394.15,394.45,124799,BIOCON
318,2025-01-17 13:45:00+05:30,394.3,394.7,393.25,393.25,135697,BIOCON
319,2025-01-17 14:00:00+05:30,393.3,393.5,391.9,392.5,189163,BIOCON
320,2025-01-17 14:15:00+05:30,392.6,393.85,391.65,393.35,201725,BIOCON
321,2025-01-17 14:30:00+05:30,393.3,393.55,391.15,391.7,262249,BIOCON
322,2025-01-17 14:45:00+05:30,391.45,392.55,391.35,392.2,137882,BIOCON
323,2025-01-17 15:00:00+05:30,392.2,395.5,391.3,392.85,864165,BIOCON
324,2025-01-17 15:15:00+05:30,392.85,393.0,391.65,392.8,359344,BIOCON
325,2025-01-20 09:15:00+05:30,395.0,396.7,393.2,394.25,616402,BIOCON
326,2025-01-20 09:30:00+05:30,394.4,395.3,391.85,392.85,277855,BIOCON
327,2025-01-20 09:45:00+05:30,392.65,393.45,390.75,392.75,168495,BIOCON
328,2025-01-20 10:00:00+05:30,392.75,393.0,391.3,392.9,106655,BIOCON
329,2025-01-20 10:15:00+05:30,392.9,395.5,392.6,395.2,188790,BIOCON
330,2025-01-20 10:30:00+05:30,395.3,397.8,395.05,396.2,457853,BIOCON
331,2025-01-20 10:45:00+05:30,396.2,397.25,395.95,396.0,215408,BIOCON
332,2025-01-20 11:00:00+05:30,396.0,400.0,396.0,399.3,688623,BIOCON
333,2025-01-20 11:15:00+05:30,399.35,400.4,397.85,398.9,407676,BIOCON
334,2025-01-20 11:30:00+05:30,399.0,399.0,396.7,396.95,190667,BIOCON
335,2025-01-20 11:45:00+05:30,396.95,398.35,396.25,397.75,250097,BIOCON
336,2025-01-20 12:00:00+05:30,397.75,397.85,396.7,396.8,196367,BIOCON
337,2025-01-20 12:15:00+05:30,397.0,397.6,394.65,394.65,318827,BIOCON
338,2025-01-20 12:30:00+05:30,394.65,395.25,393.4,394.95,203086,BIOCON
339,2025-01-20 12:45:00+05:30,395.15,397.4,394.65,396.6,196523,BIOCON
340,2025-01-20 13:00:00+05:30,396.6,397.0,396.05,396.2,110968,BIOCON
341,2025-01-20 13:15:00+05:30,396.25,398.95,396.25,398.8,219543,BIOCON
342,2025-01-20 13:30:00+05:30,398.8,400.65,398.35,399.45,430705,BIOCON
343,2025-01-20 13:45:00+05:30,399.6,399.95,398.1,398.55,213080,BIOCON
344,2025-01-20 14:00:00+05:30,398.55,401.55,398.3,401.3,500193,BIOCON
345,2025-01-20 14:15:00+05:30,401.3,402.65,400.55,401.9,678857,BIOCON
346,2025-01-20 14:30:00+05:30,401.9,402.8,401.15,401.9,354013,BIOCON
347,2025-01-20 14:45:00+05:30,401.9,402.9,401.75,402.7,253369,BIOCON
348,2025-01-20 15:00:00+05:30,402.65,402.75,401.2,401.55,309276,BIOCON
349,2025-01-20 15:15:00+05:30,401.8,401.9,400.35,401.2,457903,BIOCON
350,2025-01-21 09:15:00+05:30,403.0,404.7,401.0,403.8,826673,BIOCON
351,2025-01-21 09:30:00+05:30,404.05,404.55,401.5,402.85,344150,BIOCON
352,2025-01-21 09:45:00+05:30,403.0,403.6,401.3,402.0,244498,BIOCON
353,2025-01-21 10:00:00+05:30,401.95,402.0,399.25,399.8,373846,BIOCON
354,2025-01-21 10:15:00+05:30,399.95,400.0,396.25,396.25,344937,BIOCON
355,2025-01-21 10:30:00+05:30,396.25,396.9,394.8,394.85,246241,BIOCON
356,2025-01-21 10:45:00+05:30,394.8,396.05,394.25,394.5,154394,BIOCON
357,2025-01-21 11:00:00+05:30,394.45,394.65,393.0,394.2,155690,BIOCON
358,2025-01-21 11:15:00+05:30,394.05,394.95,393.5,393.6,79811,BIOCON
359,2025-01-21 11:30:00+05:30,393.6,396.2,393.5,396.0,110989,BIOCON
360,2025-01-21 11:45:00+05:30,396.0,398.0,396.0,397.3,174159,BIOCON
361,2025-01-21 12:00:00+05:30,397.4,397.65,395.3,395.3,52794,BIOCON
362,2025-01-21 12:15:00+05:30,395.3,395.65,393.85,393.9,81631,BIOCON
363,2025-01-21 12:30:00+05:30,393.85,394.5,393.3,394.25,87234,BIOCON
364,2025-01-21 12:45:00+05:30,394.1,395.35,393.6,394.55,63441,BIOCON
365,2025-01-21 13:00:00+05:30,394.55,395.75,394.0,394.4,72918,BIOCON
366,2025-01-21 13:15:00+05:30,394.35,394.4,391.8,394.1,138648,BIOCON
367,2025-01-21 13:30:00+05:30,393.85,394.3,392.7,394.1,62169,BIOCON
368,2025-01-21 13:45:00+05:30,394.05,395.45,393.25,395.0,83008,BIOCON
369,2025-01-21 14:00:00+05:30,395.0,395.35,394.0,394.05,57473,BIOCON
370,2025-01-21 14:15:00+05:30,394.05,394.45,392.5,393.05,59132,BIOCON
371,2025-01-21 14:30:00+05:30,393.0,393.65,390.7,390.75,137156,BIOCON
372,2025-01-21 14:45:00+05:30,390.7,392.25,390.15,391.6,125938,BIOCON
373,2025-01-21 15:00:00+05:30,391.7,391.95,390.3,390.5,220730,BIOCON
374,2025-01-21 15:15:00+05:30,390.7,391.2,389.25,389.5,363250,BIOCON
375,2025-01-22 09:15:00+05:30,390.55,392.35,383.75,384.4,382813,BIOCON
376,2025-01-22 09:30:00+05:30,384.4,386.0,383.1,383.4,178775,BIOCON
377,2025-01-22 09:45:00+05:30,383.2,387.2,382.65,387.05,180343,BIOCON
378,2025-01-22 10:00:00+05:30,386.95,387.3,385.0,386.15,119568,BIOCON
379,2025-01-22 10:15:00+05:30,386.2,386.5,383.8,386.0,126626,BIOCON
380,2025-01-22 10:30:00+05:30,386.0,386.55,384.35,385.6,80530,BIOCON
381,2025-01-22 10:45:00+05:30,385.85,386.45,384.55,385.55,54410,BIOCON
382,2025-01-22 11:00:00+05:30,385.6,385.65,382.35,382.7,103499,BIOCON
383,2025-01-22 11:15:00+05:30,382.7,384.6,381.8,383.8,129478,BIOCON
384,2025-01-22 11:30:00+05:30,383.7,383.9,382.65,383.1,48850,BIOCON
385,2025-01-22 11:45:00+05:30,383.1,383.9,382.1,382.15,42846,BIOCON
386,2025-01-22 12:00:00+05:30,382.3,382.3,381.15,381.55,52681,BIOCON
387,2025-01-22 12:15:00+05:30,381.5,381.7,380.1,381.05,81477,BIOCON
388,2025-01-22 12:30:00+05:30,381.05,381.8,380.3,381.25,111626,BIOCON
389,2025-01-22 12:45:00+05:30,381.3,381.5,380.3,381.0,36210,BIOCON
390,2025-01-22 13:00:00+05:30,381.0,382.7,380.25,382.7,60305,BIOCON
391,2025-01-22 13:15:00+05:30,382.55,382.9,380.5,380.85,102452,BIOCON
392,2025-01-22 13:30:00+05:30,380.85,381.8,380.4,380.75,47207,BIOCON
393,2025-01-22 13:45:00+05:30,380.65,382.2,380.5,381.95,63028,BIOCON
394,2025-01-22 14:00:00+05:30,382.0,383.5,381.05,382.85,90672,BIOCON
395,2025-01-22 14:15:00+05:30,382.85,384.2,382.35,384.1,71705,BIOCON
396,2025-01-22 14:30:00+05:30,384.05,385.4,383.4,385.25,62527,BIOCON
397,2025-01-22 14:45:00+05:30,385.2,387.55,385.2,387.45,182717,BIOCON
398,2025-01-22 15:00:00+05:30,387.4,389.0,387.1,388.7,155342,BIOCON
399,2025-01-22 15:15:00+05:30,388.6,388.75,387.3,388.4,257720,BIOCON
400,2025-01-23 09:15:00+05:30,385.55,391.2,385.55,390.5,291476,BIOCON
401,2025-01-23 09:30:00+05:30,390.5,395.0,390.35,393.35,309600,BIOCON
402,2025-01-23 09:45:00+05:30,393.35,396.25,392.6,395.05,189913,BIOCON
403,2025-01-23 10:00:00+05:30,395.0,397.15,395.0,395.7,143754,BIOCON
404,2025-01-23 10:15:00+05:30,395.8,397.15,395.45,396.2,109990,BIOCON
405,2025-01-23 10:30:00+05:30,396.1,396.9,395.35,395.8,77903,BIOCON
406,2025-01-23 10:45:00+05:30,395.8,397.5,395.55,396.5,112830,BIOCON
407,2025-01-23 11:00:00+05:30,396.6,396.6,394.85,395.25,85224,BIOCON
408,2025-01-23 11:15:00+05:30,395.1,395.8,394.75,395.1,31792,BIOCON
409,2025-01-23 11:30:00+05:30,395.05,395.25,393.55,393.7,52543,BIOCON
410,2025-01-23 11:45:00+05:30,393.7,394.6,393.05,393.85,80016,BIOCON
411,2025-01-23 12:00:00+05:30,393.75,396.35,393.75,396.35,83780,BIOCON
412,2025-01-23 12:15:00+05:30,396.2,396.5,395.1,395.5,84124,BIOCON
413,2025-01-23 12:30:00+05:30,395.65,397.7,395.65,397.7,101515,BIOCON
414,2025-01-23 12:45:00+05:30,397.7,398.2,396.05,396.65,123488,BIOCON
415,2025-01-23 13:00:00+05:30,396.6,397.5,396.15,397.3,70935,BIOCON
416,2025-01-23 13:15:00+05:30,397.2,397.35,396.3,396.85,67341,BIOCON
417,2025-01-23 13:30:00+05:30,396.85,397.35,396.1,397.1,63081,BIOCON
418,2025-01-23 13:45:00+05:30,397.1,399.65,397.1,398.5,199424,BIOCON
419,2025-01-23 14:00:00+05:30,398.7,399.3,397.65,398.2,162544,BIOCON
420,2025-01-23 14:15:00+05:30,398.2,398.2,396.5,397.0,178424,BIOCON
421,2025-01-23 14:30:00+05:30,397.0,397.7,396.25,396.65,141404,BIOCON
422,2025-01-23 14:45:00+05:30,396.85,397.2,395.3,397.1,130338,BIOCON
423,2025-01-23 15:00:00+05:30,397.1,397.95,395.75,397.7,129821,BIOCON
424,2025-01-23 15:15:00+05:30,397.7,398.0,395.75,396.8,187903,BIOCON
425,2025-01-24 09:15:00+05:30,397.3,397.8,392.9,393.1,323266,BIOCON
426,2025-01-24 09:30:00+05:30,393.0,396.0,393.0,395.3,191695,BIOCON
427,2025-01-24 09:45:00+05:30,395.2,395.7,390.0,390.15,193923,BIOCON
428,2025-01-24 10:00:00+05:30,390.15,391.5,389.0,390.0,201259,BIOCON
429,2025-01-24 10:15:00+05:30,390.05,392.15,388.2,390.95,241466,BIOCON
430,2025-01-24 10:30:00+05:30,391.0,392.7,390.85,391.55,85007,BIOCON
431,2025-01-24 10:45:00+05:30,391.55,391.95,390.45,391.8,75806,BIOCON
432,2025-01-24 11:00:00+05:30,391.75,392.9,391.2,392.35,73246,BIOCON
433,2025-01-24 11:15:00+05:30,392.25,393.8,391.75,393.35,67786,BIOCON
434,2025-01-24 11:30:00+05:30,393.4,393.6,391.5,393.25,59858,BIOCON
435,2025-01-24 11:45:00+05:30,393.15,393.55,392.2,392.5,41754,BIOCON
436,2025-01-24 12:00:00+05:30,392.3,394.15,392.3,393.7,50912,BIOCON
437,2025-01-24 12:15:00+05:30,393.55,394.7,393.4,393.9,56900,BIOCON
438,2025-01-24 12:30:00+05:30,394.0,394.1,391.5,391.75,82788,BIOCON
439,2025-01-24 12:45:00+05:30,391.65,392.25,391.05,391.15,118218,BIOCON
440,2025-01-24 13:00:00+05:30,391.2,392.15,390.0,391.95,79758,BIOCON
441,2025-01-24 13:15:00+05:30,391.9,391.9,390.35,390.85,51807,BIOCON
442,2025-01-24 13:30:00+05:30,391.05,391.05,389.85,390.4,39991,BIOCON
443,2025-01-24 13:45:00+05:30,390.4,391.65,389.8,390.0,71440,BIOCON
444,2025-01-24 14:00:00+05:30,389.95,391.1,389.15,389.15,58645,BIOCON
445,2025-01-24 14:15:00+05:30,389.15,390.05,388.45,389.25,120008,BIOCON
446,2025-01-24 14:30:00+05:30,389.3,389.5,386.4,387.0,180147,BIOCON
447,2025-01-24 14:45:00+05:30,387.2,388.65,387.0,388.35,110082,BIOCON
448,2025-01-24 15:00:00+05:30,388.25,388.75,387.0,388.05,157343,BIOCON
449,2025-01-24 15:15:00+05:30,388.1,389.65,387.85,388.45,198908,BIOCON
450,2025-01-27 09:15:00+05:30,388.25,388.25,380.75,381.0,301359,BIOCON
451,2025-01-27 09:30:00+05:30,381.0,381.65,379.3,380.95,210913,BIOCON
452,2025-01-27 09:45:00+05:30,380.95,381.3,374.85,375.8,326268,BIOCON
453,2025-01-27 10:00:00+05:30,375.8,376.9,373.85,373.85,175303,BIOCON
454,2025-01-27 10:15:00+05:30,373.9,373.9,371.2,372.05,212275,BIOCON
455,2025-01-27 10:30:00+05:30,372.05,374.9,371.25,374.25,123540,BIOCON
456,2025-01-27 10:45:00+05:30,374.25,375.25,373.2,374.4,72066,BIOCON
457,2025-01-27 11:00:00+05:30,374.45,375.0,373.55,374.3,31875,BIOCON
458,2025-01-27 11:15:00+05:30,374.1,375.2,373.65,374.0,37929,BIOCON
459,2025-01-27 11:30:00+05:30,374.0,374.55,370.65,371.95,100689,BIOCON
460,2025-01-27 11:45:00+05:30,371.8,375.25,371.2,375.0,122024,BIOCON
461,2025-01-27 12:00:00+05:30,375.25,377.25,373.3,373.6,113648,BIOCON
462,2025-01-27 12:15:00+05:30,373.8,375.5,373.6,375.0,41837,BIOCON
463,2025-01-27 12:30:00+05:30,375.05,375.45,372.1,372.45,43143,BIOCON
464,2025-01-27 12:45:00+05:30,372.45,372.95,371.15,372.2,53943,BIOCON
465,2025-01-27 13:00:00+05:30,372.2,373.55,372.1,373.45,35027,BIOCON
466,2025-01-27 13:15:00+05:30,373.7,373.8,372.5,372.7,40931,BIOCON
467,2025-01-27 13:30:00+05:30,372.5,373.5,370.95,372.75,205366,BIOCON
468,2025-01-27 13:45:00+05:30,372.85,373.25,371.5,371.9,79037,BIOCON
469,2025-01-27 14:00:00+05:30,372.05,372.1,370.4,371.65,145357,BIOCON
470,2025-01-27 14:15:00+05:30,371.65,373.35,371.55,371.65,68317,BIOCON
471,2025-01-27 14:30:00+05:30,371.8,371.8,369.8,370.6,134160,BIOCON
472,2025-01-27 14:45:00+05:30,370.55,371.35,369.4,370.05,100676,BIOCON
473,2025-01-27 15:00:00+05:30,370.05,370.8,369.8,370.5,144998,BIOCON
474,2025-01-27 15:15:00+05:30,370.65,371.7,369.6,371.4,362186,BIOCON
475,2025-01-28 09:15:00+05:30,372.0,372.45,365.3,365.7,245735,BIOCON
476,2025-01-28 09:30:00+05:30,365.9,366.25,361.2,361.55,260493,BIOCON
477,2025-01-28 09:45:00+05:30,361.55,363.8,358.8,360.95,257033,BIOCON
478,2025-01-28 10:00:00+05:30,360.95,363.15,358.1,358.1,174674,BIOCON
479,2025-01-28 10:15:00+05:30,358.3,358.7,354.9,356.0,253953,BIOCON
480,2025-01-28 10:30:00+05:30,355.9,355.9,353.6,354.15,182606,BIOCON
481,2025-01-28 10:45:00+05:30,354.15,354.15,350.65,351.0,262338,BIOCON
482,2025-01-28 11:00:00+05:30,351.0,354.15,350.4,353.05,153231,BIOCON
483,2025-01-28 11:15:00+05:30,353.05,353.6,351.55,353.3,57096,BIOCON
484,2025-01-28 11:30:00+05:30,353.15,355.35,351.9,353.65,120081,BIOCON
485,2025-01-28 11:45:00+05:30,353.65,356.35,353.55,354.8,126534,BIOCON
486,2025-01-28 12:00:00+05:30,354.8,358.75,354.3,358.5,130477,BIOCON
487,2025-01-28 12:15:00+05:30,358.5,359.4,356.05,356.1,137898,BIOCON
488,2025-01-28 12:30:00+05:30,356.05,357.75,355.7,357.4,45148,BIOCON
489,2025-01-28 12:45:00+05:30,357.4,359.45,357.25,359.05,65345,BIOCON
490,2025-01-28 13:00:00+05:30,359.05,362.4,358.9,361.65,160510,BIOCON
491,2025-01-28 13:15:00+05:30,361.8,362.1,359.05,359.05,75770,BIOCON
492,2025-01-28 13:30:00+05:30,359.0,359.6,357.7,358.1,115245,BIOCON
493,2025-01-28 13:45:00+05:30,358.1,362.2,357.35,362.0,255887,BIOCON
494,2025-01-28 14:00:00+05:30,362.0,363.0,360.7,361.75,212904,BIOCON
495,2025-01-28 14:15:00+05:30,361.7,362.25,360.8,361.9,50964,BIOCON
496,2025-01-28 14:30:00+05:30,361.95,362.75,361.35,362.5,61914,BIOCON
497,2025-01-28 14:45:00+05:30,362.65,362.9,359.0,359.95,133044,BIOCON
498,2025-01-28 15:00:00+05:30,359.9,360.7,358.05,360.4,186178,BIOCON
499,2025-01-28 15:15:00+05:30,360.35,361.4,359.2,359.8,176592,BIOCON
500,2025-01-29 09:15:00+05:30,360.2,364.8,357.85,361.4,298920,BIOCON
501,2025-01-29 09:30:00+05:30,361.7,363.85,361.45,363.3,122526,BIOCON
502,2025-01-29 09:45:00+05:30,363.25,363.85,362.4,362.7,87251,BIOCON
503,2025-01-29 10:00:00+05:30,362.7,368.5,362.25,367.75,199534,BIOCON
504,2025-01-29 10:15:00+05:30,368.0,370.0,367.65,368.5,161958,BIOCON
505,2025-01-29 10:30:00+05:30,368.45,369.4,366.8,368.5,92455,BIOCON
506,2025-01-29 10:45:00+05:30,368.5,370.5,367.95,370.4,82275,BIOCON
507,2025-01-29 11:00:00+05:30,370.3,370.95,369.65,370.45,90185,BIOCON
508,2025-01-29 11:15:00+05:30,370.6,371.35,368.3,370.05,162248,BIOCON
509,2025-01-29 11:30:00+05:30,369.75,370.7,368.85,369.15,48634,BIOCON
510,2025-01-29 11:45:00+05:30,369.2,369.25,368.4,369.05,37685,BIOCON
511,2025-01-29 12:00:00+05:30,369.25,370.4,369.0,369.55,47304,BIOCON
512,2025-01-29 12:15:00+05:30,369.65,370.0,363.65,365.0,180228,BIOCON
513,2025-01-29 12:30:00+05:30,364.95,365.7,362.55,363.5,201960,BIOCON
514,2025-01-29 12:45:00+05:30,363.5,363.5,352.15,354.85,570193,BIOCON
515,2025-01-29 13:00:00+05:30,355.0,357.05,352.25,353.95,305470,BIOCON
516,2025-01-29 13:15:00+05:30,353.9,355.5,351.8,354.65,212534,BIOCON
517,2025-01-29 13:30:00+05:30,354.65,356.6,353.1,353.8,201601,BIOCON
518,2025-01-29 13:45:00+05:30,353.8,354.6,352.65,353.5,75220,BIOCON
519,2025-01-29 14:00:00+05:30,353.3,355.7,353.05,354.9,131170,BIOCON
520,2025-01-29 14:15:00+05:30,355.0,355.7,354.7,355.5,65281,BIOCON
521,2025-01-29 14:30:00+05:30,355.5,358.0,354.5,358.0,186158,BIOCON
522,2025-01-29 14:45:00+05:30,357.95,359.5,356.4,356.7,166560,BIOCON
523,2025-01-29 15:00:00+05:30,356.65,357.35,355.35,356.1,162037,BIOCON
524,2025-01-29 15:15:00+05:30,356.1,356.95,354.8,356.0,235657,BIOCON
525,2025-01-30 09:15:00+05:30,358.0,358.4,353.65,355.3,284850,BIOCON
526,2025-01-30 09:30:00+05:30,355.4,358.4,354.9,358.1,177396,BIOCON
527,2025-01-30 09:45:00+05:30,358.0,362.35,357.9,360.35,267766,BIOCON
528,2025-01-30 10:00:00+05:30,360.3,360.95,358.5,359.1,152966,BIOCON
529,2025-01-30 10:15:00+05:30,359.35,360.35,357.15,357.2,139990,BIOCON
530,2025-01-30 10:30:00+05:30,357.15,359.35,355.7,358.95,173841,BIOCON
531,2025-01-30 10:45:00+05:30,358.95,359.15,355.55,355.6,166861,BIOCON
532,2025-01-30 11:00:00+05:30,355.6,357.6,355.05,356.9,89112,BIOCON
533,2025-01-30 11:15:00+05:30,356.8,356.85,355.25,355.85,58040,BIOCON
534,2025-01-30 11:30:00+05:30,356.05,358.3,355.75,358.0,106743,BIOCON
535,2025-01-30 11:45:00+05:30,358.0,359.6,358.0,358.45,96899,BIOCON
536,2025-01-30 12:00:00+05:30,358.75,359.0,357.0,357.35,39097,BIOCON
537,2025-01-30 12:15:00+05:30,357.6,358.65,357.35,358.15,29966,BIOCON
538,2025-01-30 12:30:00+05:30,358.45,359.0,357.5,357.5,38995,BIOCON
539,2025-01-30 12:45:00+05:30,357.55,357.7,356.25,357.15,58556,BIOCON
540,2025-01-30 13:00:00+05:30,357.0,357.9,355.75,356.0,77308,BIOCON
541,2025-01-30 13:15:00+05:30,356.0,357.15,355.9,356.2,95585,BIOCON
542,2025-01-30 13:30:00+05:30,356.2,356.75,354.3,355.95,101102,BIOCON
543,2025-01-30 13:45:00+05:30,356.0,356.0,354.1,354.55,46128,BIOCON
544,2025-01-30 14:00:00+05:30,354.75,355.4,353.25,354.4,113231,BIOCON
545,2025-01-30 14:15:00+05:30,354.4,357.1,354.1,356.95,246727,BIOCON
546,2025-01-30 14:30:00+05:30,357.0,357.4,354.0,355.5,237941,BIOCON
547,2025-01-30 14:45:00+05:30,355.6,358.0,355.45,357.6,175254,BIOCON
548,2025-01-30 15:00:00+05:30,357.75,358.4,357.15,357.75,145397,BIOCON
549,2025-01-30 15:15:00+05:30,357.75,358.25,355.0,357.8,325834,BIOCON
550,2025-01-31 09:15:00+05:30,347.1,370.9,347.1,363.55,2388880,BIOCON
551,2025-01-31 09:30:00+05:30,363.6,368.5,360.65,363.35,877839,BIOCON
552,2025-01-31 09:45:00+05:30,363.3,364.5,359.25,362.65,523217,BIOCON
553,2025-01-31 10:00:00+05:30,362.8,366.6,361.9,363.0,344376,BIOCON
554,2025-01-31 10:15:00+05:30,363.05,365.45,362.15,363.55,187026,BIOCON
555,2025-01-31 10:30:00+05:30,363.7,368.4,363.05,366.5,367299,BIOCON
556,2025-01-31 10:45:00+05:30,366.7,367.25,364.05,364.65,186420,BIOCON
557,2025-01-31 11:00:00+05:30,364.65,365.5,363.2,364.25,103559,BIOCON
558,2025-01-31 11:15:00+05:30,364.4,368.5,363.75,367.55,243018,BIOCON
559,2025-01-31 11:30:00+05:30,367.3,367.55,365.25,365.85,109844,BIOCON
560,2025-01-31 11:45:00+05:30,365.75,366.2,364.9,365.6,72449,BIOCON
561,2025-01-31 12:00:00+05:30,365.8,367.1,365.55,366.3,84876,BIOCON
562,2025-01-31 12:15:00+05:30,366.3,366.45,364.0,364.25,75093,BIOCON
563,2025-01-31 12:30:00+05:30,364.25,365.65,364.1,365.2,79109,BIOCON
564,2025-01-31 12:45:00+05:30,365.2,365.7,364.35,364.75,42693,BIOCON
565,2025-01-31 13:00:00+05:30,364.5,364.8,362.25,363.0,103298,BIOCON
566,2025-01-31 13:15:00+05:30,362.95,363.05,360.8,361.05,132074,BIOCON
567,2025-01-31 13:30:00+05:30,361.05,362.6,360.05,362.1,163743,BIOCON
568,2025-01-31 13:45:00+05:30,361.7,361.85,360.0,360.5,100549,BIOCON
569,2025-01-31 14:00:00+05:30,360.45,360.75,359.5,359.55,92354,BIOCON
570,2025-01-31 14:15:00+05:30,359.55,360.6,358.55,360.35,144184,BIOCON
571,2025-01-31 14:30:00+05:30,360.65,362.85,359.9,362.65,148197,BIOCON
572,2025-01-31 14:45:00+05:30,362.65,364.45,362.1,363.7,124833,BIOCON
573,2025-01-31 15:00:00+05:30,363.7,364.35,362.1,362.25,252473,BIOCON
574,2025-01-31 15:15:00+05:30,362.25,363.15,361.65,361.65,361046,BIOCON
575,2025-02-01 09:15:00+05:30,361.25,365.8,361.0,365.15,138139,BIOCON
576,2025-02-01 09:30:00+05:30,365.05,367.55,364.75,367.0,114689,BIOCON
577,2025-02-01 09:45:00+05:30,367.15,367.3,365.35,366.35,88832,BIOCON
578,2025-02-01 10:00:00+05:30,366.1,366.75,365.65,366.45,30894,BIOCON
579,2025-02-01 10:15:00+05:30,366.45,366.65,365.5,365.5,21252,BIOCON
580,2025-02-01 10:30:00+05:30,365.8,366.8,365.5,366.8,23248,BIOCON
581,2025-02-01 10:45:00+05:30,366.75,366.85,365.6,365.95,15566,BIOCON
582,2025-02-01 11:00:00+05:30,366.0,366.0,363.1,365.2,60825,BIOCON
583,2025-02-01 11:15:00+05:30,365.25,365.55,364.95,365.15,12963,BIOCON
584,2025-02-01 11:30:00+05:30,365.0,365.4,363.6,364.65,18329,BIOCON
585,2025-02-01 11:45:00+05:30,364.9,365.5,358.5,364.15,240038,BIOCON
586,2025-02-01 12:00:00+05:30,364.0,366.95,363.3,365.05,134176,BIOCON
587,2025-02-01 12:15:00+05:30,364.85,366.8,363.65,363.85,50534,BIOCON
588,2025-02-01 12:30:00+05:30,363.85,365.4,361.0,364.55,103866,BIOCON
589,2025-02-01 12:45:00+05:30,364.4,364.85,361.9,363.35,44638,BIOCON
590,2025-02-01 13:00:00+05:30,363.6,363.6,360.05,361.3,38724,BIOCON
591,2025-02-01 13:15:00+05:30,361.4,367.65,361.0,367.4,160361,BIOCON
592,2025-02-01 13:30:00+05:30,367.2,370.35,366.4,370.3,121870,BIOCON
593,2025-02-01 13:45:00+05:30,370.3,375.65,370.3,374.3,233406,BIOCON
594,2025-02-01 14:00:00+05:30,374.15,374.65,372.1,372.85,102100,BIOCON
595,2025-02-01 14:15:00+05:30,372.85,373.15,371.5,371.7,45556,BIOCON
596,2025-02-01 14:30:00+05:30,371.7,371.85,368.8,369.3,72674,BIOCON
597,2025-02-01 14:45:00+05:30,369.3,370.8,367.55,370.55,73821,BIOCON
598,2025-02-01 15:00:00+05:30,370.65,372.3,369.05,371.35,110433,BIOCON
599,2025-02-01 15:15:00+05:30,371.2,371.3,368.65,371.05,94328,BIOCON
600,2025-02-03 09:15:00+05:30,364.95,365.75,359.9,365.6,346440,BIOCON
601,2025-02-03 09:30:00+05:30,365.8,366.7,362.8,364.65,109512,BIOCON
602,2025-02-03 09:45:00+05:30,364.5,367.2,363.25,365.7,155011,BIOCON
603,2025-02-03 10:00:00+05:30,365.95,367.35,364.25,366.6,41448,BIOCON
604,2025-02-03 10:15:00+05:30,366.65,367.8,364.85,365.05,48458,BIOCON
605,2025-02-03 10:30:00+05:30,365.0,365.8,361.7,363.45,87775,BIOCON
606,2025-02-03 10:45:00+05:30,363.3,364.35,362.6,364.35,43102,BIOCON
607,2025-02-03 11:00:00+05:30,364.1,364.5,362.6,363.05,21609,BIOCON
608,2025-02-03 11:15:00+05:30,363.05,364.3,361.85,362.1,25684,BIOCON
609,2025-02-03 11:30:00+05:30,362.3,363.05,361.3,362.05,21203,BIOCON
610,2025-02-03 11:45:00+05:30,362.1,362.7,360.75,360.85,38214,BIOCON
611,2025-02-03 12:00:00+05:30,360.7,362.7,360.65,362.5,21673,BIOCON
612,2025-02-03 12:15:00+05:30,362.4,362.45,360.1,360.65,39914,BIOCON
613,2025-02-03 12:30:00+05:30,360.75,361.2,359.4,360.0,43691,BIOCON
614,2025-02-03 12:45:00+05:30,360.0,360.75,359.5,360.25,18820,BIOCON
615,2025-02-03 13:00:00+05:30,360.1,362.8,360.1,362.3,56779,BIOCON
616,2025-02-03 13:15:00+05:30,362.5,362.95,361.7,362.15,16659,BIOCON
617,2025-02-03 13:30:00+05:30,362.15,363.55,362.1,362.85,41057,BIOCON
618,2025-02-03 13:45:00+05:30,362.9,364.3,361.65,362.1,28271,BIOCON
619,2025-02-03 14:00:00+05:30,361.95,363.2,361.4,362.55,41116,BIOCON
620,2025-02-03 14:15:00+05:30,362.55,363.85,362.0,363.4,50036,BIOCON
621,2025-02-03 14:30:00+05:30,363.5,363.9,362.35,362.9,30042,BIOCON
622,2025-02-03 14:45:00+05:30,362.9,363.5,362.6,363.1,49851,BIOCON
623,2025-02-03 15:00:00+05:30,363.1,365.45,363.1,364.85,89560,BIOCON
624,2025-02-03 15:15:00+05:30,364.85,365.0,363.5,364.0,144688,BIOCON
625,2025-02-04 09:15:00+05:30,367.0,372.65,366.5,370.5,265805,BIOCON
626,2025-02-04 09:30:00+05:30,370.5,371.0,369.6,370.55,59659,BIOCON
627,2025-02-04 09:45:00+05:30,370.55,371.55,369.1,370.55,62567,BIOCON
628,2025-02-04 10:00:00+05:30,370.7,371.2,369.55,370.15,130818,BIOCON
629,2025-02-04 10:15:00+05:30,370.0,371.0,370.0,370.0,48249,BIOCON
630,2025-02-04 10:30:00+05:30,370.0,372.35,369.15,372.05,311868,BIOCON
631,2025-02-04 10:45:00+05:30,372.05,373.65,371.05,372.65,235742,BIOCON
632,2025-02-04 11:00:00+05:30,372.7,373.6,371.85,372.95,143435,BIOCON
633,2025-02-04 11:15:00+05:30,372.95,373.4,372.15,372.25,101223,BIOCON
634,2025-02-04 11:30:00+05:30,372.25,372.95,371.65,372.0,108895,BIOCON
635,2025-02-04 11:45:00+05:30,371.85,373.0,371.6,372.3,79119,BIOCON
636,2025-02-04 12:00:00+05:30,372.35,372.9,371.8,372.0,78218,BIOCON
637,2025-02-04 12:15:00+05:30,372.0,372.0,370.2,371.3,131439,BIOCON
638,2025-02-04 12:30:00+05:30,371.4,371.8,370.6,370.8,78437,BIOCON
639,2025-02-04 12:45:00+05:30,370.8,371.25,370.0,371.0,88464,BIOCON
640,2025-02-04 13:00:00+05:30,371.0,371.0,370.35,370.6,94765,BIOCON
641,2025-02-04 13:15:00+05:30,370.6,372.0,370.45,371.75,67024,BIOCON
642,2025-02-04 13:30:00+05:30,371.75,371.85,371.1,371.25,57714,BIOCON
643,2025-02-04 13:45:00+05:30,371.25,372.95,371.1,372.4,91268,BIOCON
644,2025-02-04 14:00:00+05:30,372.45,372.65,371.5,371.75,74410,BIOCON
645,2025-02-04 14:15:00+05:30,371.65,372.75,370.6,371.0,84529,BIOCON
646,2025-02-04 14:30:00+05:30,371.0,372.3,370.6,370.8,84246,BIOCON
647,2025-02-04 14:45:00+05:30,370.8,372.15,370.1,371.85,73808,BIOCON
648,2025-02-04 15:00:00+05:30,371.9,372.2,370.85,371.25,122646,BIOCON
649,2025-02-04 15:15:00+05:30,371.1,371.8,370.0,370.4,171320,BIOCON
650,2025-02-05 09:15:00+05:30,371.45,386.0,371.45,385.5,1265731,BIOCON
651,2025-02-05 09:30:00+05:30,385.45,387.35,384.55,385.05,622234,BIOCON
652,2025-02-05 09:45:00+05:30,385.0,386.45,384.5,385.2,243012,BIOCON
653,2025-02-05 10:00:00+05:30,385.15,387.35,385.0,386.1,302621,BIOCON
654,2025-02-05 10:15:00+05:30,386.05,387.35,385.75,387.35,203626,BIOCON
655,2025-02-05 10:30:00+05:30,387.35,388.2,386.5,386.95,254450,BIOCON
656,2025-02-05 10:45:00+05:30,386.95,387.95,386.5,387.8,157875,BIOCON
657,2025-02-05 11:00:00+05:30,387.55,389.75,387.4,389.6,313744,BIOCON
658,2025-02-05 11:15:00+05:30,389.55,391.9,389.3,391.3,410804,BIOCON
659,2025-02-05 11:30:00+05:30,391.3,393.75,391.25,391.75,478313,BIOCON
660,2025-02-05 11:45:00+05:30,391.6,393.0,391.55,392.0,226271,BIOCON
661,2025-02-05 12:00:00+05:30,391.8,392.3,391.1,391.4,214489,BIOCON
662,2025-02-05 12:15:00+05:30,391.4,392.65,391.3,391.95,158783,BIOCON
663,2025-02-05 12:30:00+05:30,391.95,392.2,391.1,391.45,146893,BIOCON
664,2025-02-05 12:45:00+05:30,391.5,392.15,390.65,391.95,176063,BIOCON
665,2025-02-05 13:00:00+05:30,391.75,391.95,391.0,391.8,114477,BIOCON
666,2025-02-05 13:15:00+05:30,391.75,393.4,391.65,393.4,206925,BIOCON
667,2025-02-05 13:30:00+05:30,393.3,393.4,392.3,393.0,194928,BIOCON
668,2025-02-05 13:45:00+05:30,392.95,393.5,392.5,393.15,142115,BIOCON
669,2025-02-05 14:00:00+05:30,393.15,393.5,391.9,392.5,261232,BIOCON
670,2025-02-05 14:15:00+05:30,392.5,392.7,391.05,391.25,241781,BIOCON
671,2025-02-05 14:30:00+05:30,391.15,391.7,390.4,391.0,221083,BIOCON
672,2025-02-05 14:45:00+05:30,390.95,391.05,389.6,390.3,238795,BIOCON
673,2025-02-05 15:00:00+05:30,390.3,391.2,389.85,391.0,349802,BIOCON
674,2025-02-05 15:15:00+05:30,391.0,391.2,388.65,390.25,524372,BIOCON
675,2025-02-06 09:15:00+05:30,390.25,397.1,390.25,395.2,693931,BIOCON
676,2025-02-06 09:30:00+05:30,395.3,397.6,394.0,397.0,414022,BIOCON
677,2025-02-06 09:45:00+05:30,397.0,398.0,396.0,396.5,316593,BIOCON
678,2025-02-06 10:00:00+05:30,396.5,397.85,395.6,396.9,272220,BIOCON
679,2025-02-06 10:15:00+05:30,396.9,397.0,396.0,396.5,100977,BIOCON
680,2025-02-06 10:30:00+05:30,396.4,397.25,394.85,395.1,167749,BIOCON
681,2025-02-06 10:45:00+05:30,395.05,395.45,394.15,394.7,126110,BIOCON
682,2025-02-06 11:00:00+05:30,394.7,394.9,394.15,394.75,78672,BIOCON
683,2025-02-06 11:15:00+05:30,394.7,394.9,393.4,393.7,112190,BIOCON
684,2025-02-06 11:30:00+05:30,393.85,397.05,393.65,396.9,123822,BIOCON
685,2025-02-06 11:45:00+05:30,396.7,398.85,396.55,398.7,255122,BIOCON
686,2025-02-06 12:00:00+05:30,398.75,399.6,397.85,398.0,240251,BIOCON
687,2025-02-06 12:15:00+05:30,398.0,398.1,395.7,397.75,215820,BIOCON
688,2025-02-06 12:30:00+05:30,397.8,398.0,396.05,396.3,129042,BIOCON
689,2025-02-06 12:45:00+05:30,396.25,397.5,396.25,397.0,42085,BIOCON
690,2025-02-06 13:00:00+05:30,397.0,397.1,395.95,396.8,58682,BIOCON
691,2025-02-06 13:15:00+05:30,396.8,397.05,396.25,396.75,29862,BIOCON
692,2025-02-06 13:30:00+05:30,396.95,397.0,395.05,396.2,117579,BIOCON
693,2025-02-06 13:45:00+05:30,396.25,396.25,394.25,395.0,92813,BIOCON
694,2025-02-06 14:00:00+05:30,394.95,395.8,394.55,394.55,72798,BIOCON
695,2025-02-06 14:15:00+05:30,394.6,395.65,394.6,395.05,48335,BIOCON
696,2025-02-06 14:30:00+05:30,395.0,395.05,393.5,393.5,140578,BIOCON
697,2025-02-06 14:45:00+05:30,393.6,395.85,392.0,393.55,271281,BIOCON
698,2025-02-06 15:00:00+05:30,393.75,396.2,393.5,396.1,869432,BIOCON
699,2025-02-06 15:15:00+05:30,396.2,399.5,395.15,398.15,1662211,BIOCON
700,2025-02-07 09:15:00+05:30,396.95,398.95,393.65,395.2,301158,BIOCON
701,2025-02-07 09:30:00+05:30,395.45,396.4,393.45,393.65,87940,BIOCON
702,2025-02-07 09:45:00+05:30,393.65,394.15,390.5,391.0,121755,BIOCON
703,2025-02-07 10:00:00+05:30,391.0,391.9,390.0,391.8,82499,BIOCON
704,2025-02-07 10:15:00+05:30,391.8,392.0,388.0,389.7,116724,BIOCON
705,2025-02-07 10:30:00+05:30,389.55,391.7,388.8,390.15,70128,BIOCON
706,2025-02-07 10:45:00+05:30,389.85,393.25,387.3,393.1,373352,BIOCON
707,2025-02-07 11:00:00+05:30,393.1,394.7,392.15,393.15,105905,BIOCON
708,2025-02-07 11:15:00+05:30,392.9,394.8,392.8,393.35,55013,BIOCON
709,2025-02-07 11:30:00+05:30,393.35,393.9,392.15,392.75,54661,BIOCON
710,2025-02-07 11:45:00+05:30,392.75,393.0,390.85,391.7,36151,BIOCON
711,2025-02-07 12:00:00+05:30,391.8,391.8,390.1,390.4,24680,BIOCON
712,2025-02-07 12:15:00+05:30,390.4,391.2,389.65,390.7,33742,BIOCON
713,2025-02-07 12:30:00+05:30,390.95,391.8,390.6,390.95,26799,BIOCON
714,2025-02-07 12:45:00+05:30,391.2,391.75,389.95,390.0,73517,BIOCON
715,2025-02-07 13:00:00+05:30,390.1,391.6,390.0,390.35,23828,BIOCON
716,2025-02-07 13:15:00+05:30,390.4,391.25,389.5,389.75,93104,BIOCON
717,2025-02-07 13:30:00+05:30,389.95,390.15,389.3,389.5,38278,BIOCON
718,2025-02-07 13:45:00+05:30,389.5,389.65,387.45,387.85,67590,BIOCON
719,2025-02-07 14:00:00+05:30,387.7,388.1,385.35,385.75,92580,BIOCON
720,2025-02-07 14:15:00+05:30,385.7,386.75,385.15,386.35,99728,BIOCON
721,2025-02-07 14:30:00+05:30,386.35,387.7,386.05,386.25,81065,BIOCON
722,2025-02-07 14:45:00+05:30,386.25,387.7,386.0,386.8,40666,BIOCON
723,2025-02-07 15:00:00+05:30,386.75,387.9,386.45,387.0,117412,BIOCON
724,2025-02-07 15:15:00+05:30,387.0,387.35,386.0,386.35,185073,BIOCON
725,2025-02-10 09:15:00+05:30,385.95,386.2,381.0,381.25,242116,BIOCON
726,2025-02-10 09:30:00+05:30,381.4,381.5,379.7,380.05,105548,BIOCON
727,2025-02-10 09:45:00+05:30,379.95,383.2,379.55,382.65,146802,BIOCON
728,2025-02-10 10:00:00+05:30,382.45,383.0,380.35,380.35,135833,BIOCON
729,2025-02-10 10:15:00+05:30,380.3,381.35,378.75,380.8,94865,BIOCON
730,2025-02-10 10:30:00+05:30,380.65,380.85,377.9,378.6,92435,BIOCON
731,2025-02-10 10:45:00+05:30,378.4,379.05,377.1,378.7,66687,BIOCON
732,2025-02-10 11:00:00+05:30,378.5,378.75,376.8,377.75,70047,BIOCON
733,2025-02-10 11:15:00+05:30,377.75,377.95,376.5,377.45,31291,BIOCON
734,2025-02-10 11:30:00+05:30,377.65,377.65,376.2,377.3,22548,BIOCON
735,2025-02-10 11:45:00+05:30,377.35,377.9,375.45,376.2,45886,BIOCON
736,2025-02-10 12:00:00+05:30,375.95,376.45,374.7,375.2,62516,BIOCON
737,2025-02-10 12:15:00+05:30,375.15,376.0,374.45,375.85,40985,BIOCON
738,2025-02-10 12:30:00+05:30,375.65,376.45,374.85,376.05,38316,BIOCON
739,2025-02-10 12:45:00+05:30,376.3,376.85,375.2,375.65,26916,BIOCON
740,2025-02-10 13:00:00+05:30,375.7,375.7,374.9,375.4,41556,BIOCON
741,2025-02-10 13:15:00+05:30,375.3,376.0,374.2,376.0,28579,BIOCON
742,2025-02-10 13:30:00+05:30,375.75,376.0,374.9,375.6,26343,BIOCON
743,2025-02-10 13:45:00+05:30,375.6,377.25,375.55,376.55,41097,BIOCON
744,2025-02-10 14:00:00+05:30,376.5,376.5,375.1,375.15,20554,BIOCON
745,2025-02-10 14:15:00+05:30,375.1,375.6,374.7,375.4,33803,BIOCON
746,2025-02-10 14:30:00+05:30,375.4,377.9,375.35,376.9,57644,BIOCON
747,2025-02-10 14:45:00+05:30,376.85,377.5,376.45,377.5,44351,BIOCON
748,2025-02-10 15:00:00+05:30,377.5,378.1,376.7,377.0,83864,BIOCON
749,2025-02-10 15:15:00+05:30,377.0,377.4,376.65,377.4,123472,BIOCON
750,2025-02-11 09:15:00+05:30,378.55,378.7,371.85,371.85,204774,BIOCON
751,2025-02-11 09:30:00+05:30,371.85,373.5,371.1,372.55,95487,BIOCON
752,2025-02-11 09:45:00+05:30,372.25,372.45,369.25,369.55,89950,BIOCON
753,2025-02-11 10:00:00+05:30,369.85,369.9,367.6,368.15,65949,BIOCON
754,2025-02-11 10:15:00+05:30,368.0,369.2,367.2,368.55,81910,BIOCON
755,2025-02-11 10:30:00+05:30,368.75,368.85,367.5,367.5,34696,BIOCON
756,2025-02-11 10:45:00+05:30,367.5,369.2,366.65,368.75,39728,BIOCON
757,2025-02-11 11:00:00+05:30,368.75,368.75,366.4,366.85,34715,BIOCON
758,2025-02-11 11:15:00+05:30,367.1,367.6,365.3,365.35,43437,BIOCON
759,2025-02-11 11:30:00+05:30,365.65,365.9,363.75,364.7,120992,BIOCON
760,2025-02-11 11:45:00+05:30,364.9,365.45,364.1,364.25,46362,BIOCON
761,2025-02-11 12:00:00+05:30,364.25,364.85,363.75,364.0,61191,BIOCON
762,2025-02-11 12:15:00+05:30,363.8,364.1,362.55,363.45,57908,BIOCON
763,2025-02-11 12:30:00+05:30,363.4,364.3,362.9,363.55,30905,BIOCON
764,2025-02-11 12:45:00+05:30,363.6,363.8,362.3,362.5,40126,BIOCON
765,2025-02-11 13:00:00+05:30,362.55,362.55,360.65,361.15,81993,BIOCON
766,2025-02-11 13:15:00+05:30,361.15,363.65,360.8,362.6,92583,BIOCON
767,2025-02-11 13:30:00+05:30,362.7,363.35,361.55,362.85,122090,BIOCON
768,2025-02-11 13:45:00+05:30,362.95,363.0,361.5,362.3,48017,BIOCON
769,2025-02-11 14:00:00+05:30,362.3,362.55,360.75,362.0,51646,BIOCON
770,2025-02-11 14:15:00+05:30,362.1,362.1,360.25,360.3,78428,BIOCON
771,2025-02-11 14:30:00+05:30,360.25,361.6,360.0,361.5,66337,BIOCON
772,2025-02-11 14:45:00+05:30,361.3,363.95,361.05,361.95,105582,BIOCON
773,2025-02-11 15:00:00+05:30,362.2,363.45,362.0,362.15,76167,BIOCON
774,2025-02-11 15:15:00+05:30,362.4,362.95,361.05,362.0,183869,BIOCON
775,2025-02-12 09:15:00+05:30,360.95,361.95,353.0,353.2,309027,BIOCON
776,2025-02-12 09:30:00+05:30,353.25,353.9,349.15,349.7,374449,BIOCON
777,2025-02-12 09:45:00+05:30,349.5,350.6,347.35,347.6,262264,BIOCON
778,2025-02-12 10:00:00+05:30,347.6,348.2,343.35,343.95,468674,BIOCON
779,2025-02-12 10:15:00+05:30,343.8,348.1,342.75,347.75,313604,BIOCON
780,2025-02-12 10:30:00+05:30,347.8,351.45,346.55,349.3,438309,BIOCON
781,2025-02-12 10:45:00+05:30,349.2,353.8,349.2,351.45,158636,BIOCON
782,2025-02-12 11:00:00+05:30,351.6,352.75,349.65,352.35,100844,BIOCON
783,2025-02-12 11:15:00+05:30,352.4,352.8,351.25,351.95,51708,BIOCON
784,2025-02-12 11:30:00+05:30,352.15,353.25,349.55,353.25,97660,BIOCON
785,2025-02-12 11:45:00+05:30,353.2,354.8,351.75,353.7,126520,BIOCON
786,2025-02-12 12:00:00+05:30,353.9,354.35,352.15,353.75,98886,BIOCON
787,2025-02-12 12:15:00+05:30,353.8,354.7,352.65,354.6,129488,BIOCON
788,2025-02-12 12:30:00+05:30,354.6,357.2,354.5,355.7,97249,BIOCON
789,2025-02-12 12:45:00+05:30,355.7,358.55,355.7,356.85,84323,BIOCON
790,2025-02-12 13:00:00+05:30,356.75,358.2,356.45,357.3,55892,BIOCON
791,2025-02-12 13:15:00+05:30,357.3,357.5,355.85,356.5,48158,BIOCON
792,2025-02-12 13:30:00+05:30,356.75,357.85,355.2,356.45,50959,BIOCON
793,2025-02-12 13:45:00+05:30,356.55,356.55,354.05,354.15,66608,BIOCON
794,2025-02-12 14:00:00+05:30,354.35,354.9,353.45,354.25,131860,BIOCON
795,2025-02-12 14:15:00+05:30,354.3,354.8,353.1,353.65,49494,BIOCON
796,2025-02-12 14:30:00+05:30,353.55,354.35,352.5,353.3,69903,BIOCON
797,2025-02-12 14:45:00+05:30,353.35,353.9,352.5,352.95,53030,BIOCON
798,2025-02-12 15:00:00+05:30,352.95,356.55,352.8,356.05,154369,BIOCON
799,2025-02-12 15:15:00+05:30,356.0,357.85,355.9,356.9,168902,BIOCON
800,2025-02-13 09:15:00+05:30,358.2,367.95,358.2,366.1,616249,BIOCON
801,2025-02-13 09:30:00+05:30,366.1,368.55,364.1,365.45,389760,BIOCON
802,2025-02-13 09:45:00+05:30,365.5,367.4,365.15,366.85,143677,BIOCON
803,2025-02-13 10:00:00+05:30,367.1,367.65,365.5,365.85,110145,BIOCON
804,2025-02-13 10:15:00+05:30,365.85,366.6,364.0,364.35,118221,BIOCON
805,2025-02-13 10:30:00+05:30,364.3,365.9,363.55,364.8,80956,BIOCON
806,2025-02-13 10:45:00+05:30,364.8,365.15,363.35,364.25,78314,BIOCON
807,2025-02-13 11:00:00+05:30,364.25,365.45,364.2,364.6,41808,BIOCON
808,2025-02-13 11:15:00+05:30,364.6,364.9,363.4,363.4,57223,BIOCON
809,2025-02-13 11:30:00+05:30,363.4,363.65,361.75,362.5,90219,BIOCON
810,2025-02-13 11:45:00+05:30,362.6,365.0,362.6,364.2,46720,BIOCON
811,2025-02-13 12:00:00+05:30,364.2,364.35,362.4,362.5,42710,BIOCON
812,2025-02-13 12:15:00+05:30,362.55,364.3,362.2,363.7,47978,BIOCON
813,2025-02-13 12:30:00+05:30,363.75,364.1,361.85,362.65,50271,BIOCON
814,2025-02-13 12:45:00+05:30,362.65,363.3,361.75,362.45,28554,BIOCON
815,2025-02-13 13:00:00+05:30,362.45,362.9,361.6,361.65,29870,BIOCON
816,2025-02-13 13:15:00+05:30,361.65,362.8,361.0,361.25,60741,BIOCON
817,2025-02-13 13:30:00+05:30,361.25,361.5,359.5,361.0,97037,BIOCON
818,2025-02-13 13:45:00+05:30,361.0,361.4,360.1,360.7,60256,BIOCON
819,2025-02-13 14:00:00+05:30,360.6,361.25,360.0,360.55,37120,BIOCON
820,2025-02-13 14:15:00+05:30,360.75,360.8,359.8,360.45,42394,BIOCON
821,2025-02-13 14:30:00+05:30,360.4,360.5,358.55,359.45,78689,BIOCON
822,2025-02-13 14:45:00+05:30,359.4,360.85,358.95,359.85,67801,BIOCON
823,2025-02-13 15:00:00+05:30,359.8,360.4,358.7,359.35,146142,BIOCON
824,2025-02-13 15:15:00+05:30,359.2,359.95,358.3,359.0,211925,BIOCON
825,2025-02-14 09:15:00+05:30,362.75,362.75,356.05,356.8,249316,BIOCON
826,2025-02-14 09:30:00+05:30,356.8,359.8,355.35,357.15,260083,BIOCON
827,2025-02-14 09:45:00+05:30,357.1,358.2,355.05,357.25,135864,BIOCON
828,2025-02-14 10:00:00+05:30,357.55,358.0,355.0,356.05,128525,BIOCON
829,2025-02-14 10:15:00+05:30,356.05,356.5,352.95,353.05,113019,BIOCON
830,2025-02-14 10:30:00+05:30,353.05,354.55,352.2,352.2,122656,BIOCON
831,2025-02-14 10:45:00+05:30,352.15,352.45,351.05,351.6,114368,BIOCON
832,2025-02-14 11:00:00+05:30,351.5,353.45,350.75,352.65,99044,BIOCON
833,2025-02-14 11:15:00+05:30,352.6,353.3,351.85,352.05,87253,BIOCON
834,2025-02-14 11:30:00+05:30,352.1,353.55,351.25,353.05,108021,BIOCON
835,2025-02-14 11:45:00+05:30,353.0,353.55,351.25,352.3,128762,BIOCON
836,2025-02-14 12:00:00+05:30,352.4,352.4,348.95,349.35,160737,BIOCON
837,2025-02-14 12:15:00+05:30,349.4,349.6,348.7,349.0,125792,BIOCON
838,2025-02-14 12:30:00+05:30,348.95,350.0,348.2,348.35,92710,BIOCON
839,2025-02-14 12:45:00+05:30,348.4,349.0,347.1,347.1,101508,BIOCON
840,2025-02-14 13:00:00+05:30,347.15,347.35,345.8,346.7,123280,BIOCON
841,2025-02-14 13:15:00+05:30,346.65,349.2,346.55,348.4,86380,BIOCON
842,2025-02-14 13:30:00+05:30,348.4,348.6,346.45,347.45,57493,BIOCON
843,2025-02-14 13:45:00+05:30,347.35,347.5,346.0,346.35,41048,BIOCON
844,2025-02-14 14:00:00+05:30,346.35,346.5,344.25,344.65,65352,BIOCON
845,2025-02-14 14:15:00+05:30,344.7,348.4,344.5,347.2,84987,BIOCON
846,2025-02-14 14:30:00+05:30,347.3,352.8,346.6,352.55,169091,BIOCON
847,2025-02-14 14:45:00+05:30,352.7,352.85,350.05,350.9,144859,BIOCON
848,2025-02-14 15:00:00+05:30,350.9,351.5,349.05,349.45,111824,BIOCON
849,2025-02-14 15:15:00+05:30,349.45,349.7,348.3,348.45,181692,BIOCON
850,2025-02-17 09:15:00+05:30,349.3,352.75,338.0,349.6,607556,BIOCON
851,2025-02-17 09:30:00+05:30,349.6,351.0,344.5,350.65,465342,BIOCON
852,2025-02-17 09:45:00+05:30,350.25,351.0,345.3,347.85,153001,BIOCON
853,2025-02-17 10:00:00+05:30,347.85,348.1,344.65,345.55,107545,BIOCON
854,2025-02-17 10:15:00+05:30,345.55,348.9,344.85,348.0,110553,BIOCON
855,2025-02-17 10:30:00+05:30,348.1,352.6,347.55,352.5,144849,BIOCON
856,2025-02-17 10:45:00+05:30,352.6,352.85,349.2,349.65,60231,BIOCON
857,2025-02-17 11:00:00+05:30,349.7,350.4,345.5,345.85,79447,BIOCON
858,2025-02-17 11:15:00+05:30,345.8,346.45,344.65,345.65,110342,BIOCON
859,2025-02-17 11:30:00+05:30,345.5,346.0,344.05,345.0,49682,BIOCON
860,2025-02-17 11:45:00+05:30,345.0,345.9,343.3,345.75,57976,BIOCON
861,2025-02-17 12:00:00+05:30,345.95,346.9,344.25,344.35,24993,BIOCON
862,2025-02-17 12:15:00+05:30,344.15,345.3,343.75,345.2,30147,BIOCON
863,2025-02-17 12:30:00+05:30,345.05,346.7,344.5,346.35,49097,BIOCON
864,2025-02-17 12:45:00+05:30,346.3,348.0,346.0,347.75,104572,BIOCON
865,2025-02-17 13:00:00+05:30,347.8,348.4,346.1,346.1,40032,BIOCON
866,2025-02-17 13:15:00+05:30,346.3,347.25,345.25,346.1,46738,BIOCON
867,2025-02-17 13:30:00+05:30,346.0,349.9,345.7,349.9,74803,BIOCON
868,2025-02-17 13:45:00+05:30,349.9,349.9,346.6,347.15,49326,BIOCON
869,2025-02-17 14:00:00+05:30,347.3,348.6,346.5,347.5,44765,BIOCON
870,2025-02-17 14:15:00+05:30,347.55,349.0,347.0,348.4,38125,BIOCON
871,2025-02-17 14:30:00+05:30,348.4,348.4,345.85,346.9,46816,BIOCON
872,2025-02-17 14:45:00+05:30,346.75,347.7,346.1,347.5,44060,BIOCON
873,2025-02-17 15:00:00+05:30,347.4,348.2,346.95,347.9,98222,BIOCON
874,2025-02-17 15:15:00+05:30,347.9,348.5,346.55,347.7,157936,BIOCON
875,2025-02-18 09:15:00+05:30,351.1,351.1,342.75,343.45,387532,BIOCON
876,2025-02-18 09:30:00+05:30,343.15,344.0,340.95,341.5,176000,BIOCON
877,2025-02-18 09:45:00+05:30,341.6,341.95,338.7,338.7,164152,BIOCON
878,2025-02-18 10:00:00+05:30,338.85,341.35,338.0,338.55,125455,BIOCON
879,2025-02-18 10:15:00+05:30,338.8,339.65,337.85,338.45,62626,BIOCON
880,2025-02-18 10:30:00+05:30,338.25,339.6,337.2,338.45,158970,BIOCON
881,2025-02-18 10:45:00+05:30,338.4,339.45,337.4,338.55,66101,BIOCON
882,2025-02-18 11:00:00+05:30,338.55,338.75,335.7,336.0,115502,BIOCON
883,2025-02-18 11:15:00+05:30,335.95,337.5,335.15,336.3,68084,BIOCON
884,2025-02-18 11:30:00+05:30,336.3,336.85,334.75,335.85,92732,BIOCON
885,2025-02-18 11:45:00+05:30,335.7,337.65,334.15,334.75,119666,BIOCON
886,2025-02-18 12:00:00+05:30,334.6,335.6,334.6,335.55,33660,BIOCON
887,2025-02-18 12:15:00+05:30,335.5,336.0,334.7,335.6,49237,BIOCON
888,2025-02-18 12:30:00+05:30,335.6,336.9,335.35,335.7,63969,BIOCON
889,2025-02-18 12:45:00+05:30,335.7,336.15,334.25,334.85,53113,BIOCON
890,2025-02-18 13:00:00+05:30,334.8,335.4,334.4,335.0,38692,BIOCON
891,2025-02-18 13:15:00+05:30,335.0,335.5,334.25,334.8,43693,BIOCON
892,2025-02-18 13:30:00+05:30,334.8,336.6,334.15,336.15,120378,BIOCON
893,2025-02-18 13:45:00+05:30,336.2,337.2,334.8,335.45,136728,BIOCON
894,2025-02-18 14:00:00+05:30,335.45,336.55,335.0,335.9,78274,BIOCON
895,2025-02-18 14:15:00+05:30,335.8,337.0,335.05,337.0,51538,BIOCON
896,2025-02-18 14:30:00+05:30,337.0,338.5,336.15,337.4,199922,BIOCON
897,2025-02-18 14:45:00+05:30,337.15,338.2,336.4,337.65,371779,BIOCON
898,2025-02-18 15:00:00+05:30,337.6,339.55,337.4,338.65,175957,BIOCON
899,2025-02-18 15:15:00+05:30,338.7,338.8,336.6,337.45,323545,BIOCON
900,2025-02-19 09:15:00+05:30,336.1,336.7,329.6,334.5,428178,BIOCON
901,2025-02-19 09:30:00+05:30,334.55,335.45,333.3,334.7,209096,BIOCON
902,2025-02-19 09:45:00+05:30,334.7,337.25,334.45,336.5,575307,BIOCON
903,2025-02-19 10:00:00+05:30,336.6,337.65,335.25,336.6,135344,BIOCON
904,2025-02-19 10:15:00+05:30,336.7,338.7,336.65,338.7,112119,BIOCON
905,2025-02-19 10:30:00+05:30,338.75,339.95,338.05,338.9,128284,BIOCON
906,2025-02-19 10:45:00+05:30,338.95,338.95,332.6,333.35,228126,BIOCON
907,2025-02-19 11:00:00+05:30,333.3,335.9,333.05,335.65,86337,BIOCON
908,2025-02-19 11:15:00+05:30,335.75,336.7,335.0,336.15,64966,BIOCON
909,2025-02-19 11:30:00+05:30,336.1,337.95,335.55,336.2,79843,BIOCON
910,2025-02-19 11:45:00+05:30,336.25,337.45,336.15,337.45,42188,BIOCON
911,2025-02-19 12:00:00+05:30,337.45,338.6,336.8,336.8,130496,BIOCON
912,2025-02-19 12:15:00+05:30,336.95,337.6,336.6,336.6,53750,BIOCON
913,2025-02-19 12:30:00+05:30,336.6,338.8,336.6,337.15,85407,BIOCON
914,2025-02-19 12:45:00+05:30,337.2,337.7,336.7,337.15,39086,BIOCON
915,2025-02-19 13:00:00+05:30,337.3,338.2,335.75,336.4,63651,BIOCON
916,2025-02-19 13:15:00+05:30,336.55,336.9,335.6,336.6,54075,BIOCON
917,2025-02-19 13:30:00+05:30,336.55,337.45,335.95,336.1,52487,BIOCON
918,2025-02-19 13:45:00+05:30,336.1,336.65,335.6,336.0,27253,BIOCON
919,2025-02-19 14:00:00+05:30,335.8,336.95,335.8,336.7,55828,BIOCON
920,2025-02-19 14:15:00+05:30,336.7,336.7,334.1,334.25,63181,BIOCON
921,2025-02-19 14:30:00+05:30,334.25,335.9,334.2,335.7,59128,BIOCON
922,2025-02-19 14:45:00+05:30,335.65,336.55,335.35,336.0,87690,BIOCON
923,2025-02-19 15:00:00+05:30,336.0,337.35,335.7,337.05,123296,BIOCON
924,2025-02-19 15:15:00+05:30,337.05,337.3,336.3,336.9,238005,BIOCON
925,2025-02-20 09:15:00+05:30,335.0,336.5,329.85,330.0,337206,BIOCON
926,2025-02-20 09:30:00+05:30,330.0,336.35,330.0,334.45,207636,BIOCON
927,2025-02-20 09:45:00+05:30,334.55,335.05,332.65,334.4,103062,BIOCON
928,2025-02-20 10:00:00+05:30,334.4,335.0,333.8,334.15,38388,BIOCON
929,2025-02-20 10:15:00+05:30,334.0,335.2,333.5,334.15,52697,BIOCON
930,2025-02-20 10:30:00+05:30,334.15,334.9,333.85,334.6,40183,BIOCON
931,2025-02-20 10:45:00+05:30,334.65,334.9,334.0,334.55,39130,BIOCON
932,2025-02-20 11:00:00+05:30,334.55,335.8,334.1,335.3,41838,BIOCON
933,2025-02-20 11:15:00+05:30,335.3,335.45,334.0,334.2,39678,BIOCON
934,2025-02-20 11:30:00+05:30,334.2,334.4,332.5,333.05,105342,BIOCON
935,2025-02-20 11:45:00+05:30,332.85,333.0,331.55,331.6,94970,BIOCON
936,2025-02-20 12:00:00+05:30,331.8,333.15,331.25,333.05,89024,BIOCON
937,2025-02-20 12:15:00+05:30,332.85,333.0,331.5,331.7,96514,BIOCON
938,2025-02-20 12:30:00+05:30,331.7,332.5,331.1,331.9,76524,BIOCON
939,2025-02-20 12:45:00+05:30,332.0,333.3,331.7,332.3,111368,BIOCON
940,2025-02-20 13:00:00+05:30,332.2,332.3,331.1,331.45,81591,BIOCON
941,2025-02-20 13:15:00+05:30,331.3,333.0,331.0,332.0,158951,BIOCON
942,2025-02-20 13:30:00+05:30,332.0,333.15,331.9,332.7,229592,BIOCON
943,2025-02-20 13:45:00+05:30,332.9,334.5,332.5,334.3,171464,BIOCON
944,2025-02-20 14:00:00+05:30,334.3,334.9,333.65,334.75,84871,BIOCON
945,2025-02-20 14:15:00+05:30,334.75,337.3,334.5,336.55,401162,BIOCON
946,2025-02-20 14:30:00+05:30,336.6,336.6,335.6,335.9,88605,BIOCON
947,2025-02-20 14:45:00+05:30,335.85,336.65,335.75,336.0,60309,BIOCON
948,2025-02-20 15:00:00+05:30,336.0,337.0,335.75,336.9,215870,BIOCON
949,2025-02-20 15:15:00+05:30,336.8,337.0,335.25,336.5,727698,BIOCON
950,2025-02-21 09:15:00+05:30,336.0,339.0,335.0,335.9,310673,BIOCON
951,2025-02-21 09:30:00+05:30,335.9,336.95,333.35,333.65,150284,BIOCON
952,2025-02-21 09:45:00+05:30,333.7,335.0,331.6,331.8,155117,BIOCON
953,2025-02-21 10:00:00+05:30,331.8,332.25,327.9,328.0,230023,BIOCON
954,2025-02-21 10:15:00+05:30,327.9,328.0,323.6,323.95,331425,BIOCON
955,2025-02-21 10:30:00+05:30,323.75,325.9,323.1,325.5,584670,BIOCON
956,2025-02-21 10:45:00+05:30,325.55,325.9,322.35,324.25,194655,BIOCON
957,2025-02-21 11:00:00+05:30,324.25,324.5,322.0,323.1,172577,BIOCON
958,2025-02-21 11:15:00+05:30,322.95,323.3,322.2,323.0,96197,BIOCON
959,2025-02-21 11:30:00+05:30,322.8,325.25,322.8,323.5,208818,BIOCON
960,2025-02-21 11:45:00+05:30,323.5,323.95,322.4,322.85,167856,BIOCON
961,2025-02-21 12:00:00+05:30,322.65,323.05,321.05,321.2,202426,BIOCON
962,2025-02-21 12:15:00+05:30,321.2,321.8,321.05,321.45,102053,BIOCON
963,2025-02-21 12:30:00+05:30,321.45,322.5,321.45,321.95,106502,BIOCON
964,2025-02-21 12:45:00+05:30,321.95,326.45,321.7,325.2,263737,BIOCON
965,2025-02-21 13:00:00+05:30,325.2,325.35,323.2,323.45,158666,BIOCON
966,2025-02-21 13:15:00+05:30,323.45,323.65,321.6,321.7,101883,BIOCON
967,2025-02-21 13:30:00+05:30,321.65,322.0,321.15,321.3,113481,BIOCON
968,2025-02-21 13:45:00+05:30,321.3,321.65,320.5,321.1,169417,BIOCON
969,2025-02-21 14:00:00+05:30,321.1,322.6,320.75,322.25,119610,BIOCON
970,2025-02-21 14:15:00+05:30,322.25,323.15,321.5,321.85,114129,BIOCON
971,2025-02-21 14:30:00+05:30,321.9,322.5,321.55,322.2,77028,BIOCON
972,2025-02-21 14:45:00+05:30,322.2,325.15,322.0,325.0,379854,BIOCON
973,2025-02-21 15:00:00+05:30,325.0,325.65,322.95,323.15,231078,BIOCON
974,2025-02-21 15:15:00+05:30,323.15,323.2,320.4,320.45,454584,BIOCON
975,2025-02-24 09:15:00+05:30,320.0,320.45,315.6,319.95,432856,BIOCON
976,2025-02-24 09:30:00+05:30,319.85,323.5,319.7,321.4,343565,BIOCON
977,2025-02-24 09:45:00+05:30,321.45,324.6,321.0,324.35,253391,BIOCON
978,2025-02-24 10:00:00+05:30,324.35,324.85,322.75,324.1,135433,BIOCON
979,2025-02-24 10:15:00+05:30,324.1,325.25,323.05,323.25,150327,BIOCON
980,2025-02-24 10:30:00+05:30,323.4,324.75,323.1,323.5,62505,BIOCON
981,2025-02-24 10:45:00+05:30,323.55,324.6,322.35,322.45,100408,BIOCON
982,2025-02-24 11:00:00+05:30,322.45,322.95,321.85,322.45,63402,BIOCON
983,2025-02-24 11:15:00+05:30,322.4,323.0,321.9,322.0,48139,BIOCON
984,2025-02-24 11:30:00+05:30,322.05,324.0,322.0,323.85,58654,BIOCON
985,2025-02-24 11:45:00+05:30,324.0,324.4,322.85,322.85,46288,BIOCON
986,2025-02-24 12:00:00+05:30,322.9,323.45,322.3,322.95,40448,BIOCON
987,2025-02-24 12:15:00+05:30,322.85,323.6,322.85,323.3,22626,BIOCON
988,2025-02-24 12:30:00+05:30,323.3,324.05,323.15,323.35,29178,BIOCON
989,2025-02-24 12:45:00+05:30,323.35,323.7,322.65,322.8,30061,BIOCON
990,2025-02-24 13:00:00+05:30,322.8,322.9,322.3,322.45,25274,BIOCON
991,2025-02-24 13:15:00+05:30,322.45,322.75,320.5,321.35,51989,BIOCON
992,2025-02-24 13:30:00+05:30,321.35,321.8,319.55,320.1,77692,BIOCON
993,2025-02-24 13:45:00+05:30,320.1,321.35,319.8,320.95,62113,BIOCON
994,2025-02-24 14:00:00+05:30,321.05,321.7,320.7,320.95,46676,BIOCON
995,2025-02-24 14:15:00+05:30,321.05,321.3,320.4,320.4,26406,BIOCON
996,2025-02-24 14:30:00+05:30,320.5,321.95,320.5,321.55,49170,BIOCON
997,2025-02-24 14:45:00+05:30,321.7,322.3,321.55,321.95,50306,BIOCON
998,2025-02-24 15:00:00+05:30,322.0,322.0,320.4,321.15,111634,BIOCON
999,2025-02-24 15:15:00+05:30,321.25,321.45,320.25,320.55,193316,BIOCON
1000,2025-02-25 09:15:00+05:30,324.05,326.1,321.15,323.65,655265,BIOCON
1001,2025-02-25 09:30:00+05:30,323.65,328.7,323.45,327.7,660617,BIOCON
1002,2025-02-25 09:45:00+05:30,327.75,329.0,326.5,327.45,311261,BIOCON
1003,2025-02-25 10:00:00+05:30,327.35,328.5,326.75,328.35,220308,BIOCON
1004,2025-02-25 10:15:00+05:30,328.35,328.75,326.55,326.75,238424,BIOCON
1005,2025-02-25 10:30:00+05:30,326.75,327.15,325.9,326.0,141111,BIOCON
1006,2025-02-25 10:45:00+05:30,326.05,326.2,325.05,325.4,152746,BIOCON
1007,2025-02-25 11:00:00+05:30,325.4,325.7,323.6,325.0,200406,BIOCON
1008,2025-02-25 11:15:00+05:30,325.0,325.0,323.75,323.95,63957,BIOCON
1009,2025-02-25 11:30:00+05:30,324.0,324.2,323.35,324.0,55629,BIOCON
1010,2025-02-25 11:45:00+05:30,323.8,324.35,322.4,322.75,94419,BIOCON
1011,2025-02-25 12:00:00+05:30,322.85,323.25,321.6,322.65,102322,BIOCON
1012,2025-02-25 12:15:00+05:30,322.65,323.15,322.05,322.65,58845,BIOCON
1013,2025-02-25 12:30:00+05:30,322.55,322.65,321.55,321.6,74722,BIOCON
1014,2025-02-25 12:45:00+05:30,321.75,324.0,321.6,324.0,131503,BIOCON
1015,2025-02-25 13:00:00+05:30,324.0,324.7,323.2,324.35,92641,BIOCON
1016,2025-02-25 13:15:00+05:30,324.35,324.35,322.35,322.85,76231,BIOCON
1017,2025-02-25 13:30:00+05:30,322.75,324.15,322.6,324.0,47846,BIOCON
1018,2025-02-25 13:45:00+05:30,324.0,324.15,323.45,323.5,26230,BIOCON
1019,2025-02-25 14:00:00+05:30,323.65,324.15,322.8,323.2,83034,BIOCON
1020,2025-02-25 14:15:00+05:30,323.45,323.5,323.0,323.05,26389,BIOCON
1021,2025-02-25 14:30:00+05:30,323.25,323.3,322.05,322.45,73930,BIOCON
1022,2025-02-25 14:45:00+05:30,322.45,322.85,322.2,322.4,55994,BIOCON
1023,2025-02-25 15:00:00+05:30,322.4,322.95,321.45,321.85,159860,BIOCON
1024,2025-02-25 15:15:00+05:30,321.85,321.9,319.6,319.8,277670,BIOCON
1025,2025-02-27 09:15:00+05:30,322.25,322.8,317.35,318.0,230694,BIOCON
1026,2025-02-27 09:30:00+05:30,318.05,320.15,315.1,315.5,205750,BIOCON
1027,2025-02-27 09:45:00+05:30,315.45,316.9,315.0,315.9,115947,BIOCON
1028,2025-02-27 10:00:00+05:30,316.0,317.05,315.35,316.05,80105,BIOCON
1029,2025-02-27 10:15:00+05:30,316.0,316.9,315.6,316.3,62127,BIOCON
1030,2025-02-27 10:30:00+05:30,316.35,316.85,313.95,314.6,162811,BIOCON
1031,2025-02-27 10:45:00+05:30,314.55,315.7,313.15,313.3,210126,BIOCON
1032,2025-02-27 11:00:00+05:30,313.3,313.75,312.05,312.1,140404,BIOCON
1033,2025-02-27 11:15:00+05:30,312.05,312.15,311.1,311.15,106706,BIOCON
1034,2025-02-27 11:30:00+05:30,311.15,311.7,310.25,310.25,86320,BIOCON
1035,2025-02-27 11:45:00+05:30,310.35,310.55,309.1,309.3,120372,BIOCON
1036,2025-02-27 12:00:00+05:30,309.3,309.85,308.7,308.8,79219,BIOCON
1037,2025-02-27 12:15:00+05:30,308.7,309.7,308.65,309.7,100196,BIOCON
1038,2025-02-27 12:30:00+05:30,309.7,310.6,308.85,310.35,107683,BIOCON
1039,2025-02-27 12:45:00+05:30,310.35,310.4,309.15,309.45,39121,BIOCON
1040,2025-02-27 13:00:00+05:30,309.3,310.1,309.25,309.75,52208,BIOCON
1041,2025-02-27 13:15:00+05:30,309.6,310.5,309.6,310.2,48698,BIOCON
1042,2025-02-27 13:30:00+05:30,310.25,311.45,309.95,311.15,135922,BIOCON
1043,2025-02-27 13:45:00+05:30,311.15,311.4,310.65,311.1,61555,BIOCON
1044,2025-02-27 14:00:00+05:30,311.1,311.15,310.05,310.5,176781,BIOCON
1045,2025-02-27 14:15:00+05:30,310.5,310.95,310.0,310.5,130939,BIOCON
1046,2025-02-27 14:30:00+05:30,310.5,311.6,310.5,311.0,154009,BIOCON
1047,2025-02-27 14:45:00+05:30,311.1,311.75,310.9,311.0,92607,BIOCON
1048,2025-02-27 15:00:00+05:30,311.15,313.3,311.15,311.6,754699,BIOCON
1049,2025-02-27 15:15:00+05:30,311.55,312.25,311.1,312.0,419149,BIOCON
1050,2025-02-28 09:15:00+05:30,311.75,311.8,305.2,306.65,534931,BIOCON
1051,2025-02-28 09:30:00+05:30,306.65,306.9,303.15,303.85,496428,BIOCON
1052,2025-02-28 09:45:00+05:30,303.85,305.6,302.85,303.75,195599,BIOCON
1053,2025-02-28 10:00:00+05:30,303.75,305.2,302.55,305.05,169052,BIOCON
1054,2025-02-28 10:15:00+05:30,305.1,307.65,305.0,305.8,185097,BIOCON
1055,2025-02-28 10:30:00+05:30,305.8,306.4,304.4,305.3,149483,BIOCON
1056,2025-02-28 10:45:00+05:30,305.3,305.5,303.4,303.4,71911,BIOCON
1057,2025-02-28 11:00:00+05:30,303.4,304.0,302.3,302.7,111471,BIOCON
1058,2025-02-28 11:15:00+05:30,302.9,303.45,302.35,303.0,87400,BIOCON
1059,2025-02-28 11:30:00+05:30,303.0,303.7,301.7,302.1,91322,BIOCON
1060,2025-02-28 11:45:00+05:30,302.05,302.45,301.0,302.2,93262,BIOCON
1061,2025-02-28 12:00:00+05:30,302.1,302.2,300.15,300.8,92806,BIOCON
1062,2025-02-28 12:15:00+05:30,300.8,301.85,300.1,301.25,104869,BIOCON
1063,2025-02-28 12:30:00+05:30,301.4,301.4,298.55,299.9,236115,BIOCON
1064,2025-02-28 12:45:00+05:30,299.75,300.1,298.55,299.1,93039,BIOCON
1065,2025-02-28 13:00:00+05:30,299.05,300.0,298.75,299.8,62099,BIOCON
1066,2025-02-28 13:15:00+05:30,299.75,300.4,299.25,299.85,85979,BIOCON
1067,2025-02-28 13:30:00+05:30,299.8,300.25,299.1,299.95,56090,BIOCON
1068,2025-02-28 13:45:00+05:30,299.95,300.75,299.0,300.0,245484,BIOCON
1069,2025-02-28 14:00:00+05:30,300.0,300.25,298.95,300.2,176368,BIOCON
1070,2025-02-28 14:15:00+05:30,300.05,301.0,300.0,300.3,78708,BIOCON
1071,2025-02-28 14:30:00+05:30,300.25,301.3,299.65,301.25,162590,BIOCON
1072,2025-02-28 14:45:00+05:30,301.4,302.8,301.3,302.35,139716,BIOCON
1073,2025-02-28 15:00:00+05:30,302.4,302.85,301.15,302.5,313563,BIOCON
1074,2025-02-28 15:15:00+05:30,302.5,304.3,301.4,302.9,658452,BIOCON
1075,2025-03-03 09:15:00+05:30,304.0,306.15,299.35,299.6,271442,BIOCON
1076,2025-03-03 09:30:00+05:30,299.55,299.65,296.3,296.3,213078,BIOCON
1077,2025-03-03 09:45:00+05:30,296.5,297.4,295.4,295.7,208566,BIOCON
1078,2025-03-03 10:00:00+05:30,295.7,296.35,294.8,295.25,188450,BIOCON
1079,2025-03-03 10:15:00+05:30,295.3,298.5,294.8,298.25,211281,BIOCON
1080,2025-03-03 10:30:00+05:30,298.35,298.35,294.5,294.8,144911,BIOCON
1081,2025-03-03 10:45:00+05:30,294.75,296.15,293.25,293.7,151507,BIOCON
1082,2025-03-03 11:00:00+05:30,293.8,293.95,292.2,292.25,152259,BIOCON
1083,2025-03-03 11:15:00+05:30,292.2,292.45,291.35,291.7,136281,BIOCON
1084,2025-03-03 11:30:00+05:30,291.7,292.25,291.0,291.05,123225,BIOCON
1085,2025-03-03 11:45:00+05:30,291.0,293.55,291.0,293.05,205583,BIOCON
1086,2025-03-03 12:00:00+05:30,293.05,296.6,293.0,296.45,225377,BIOCON
1087,2025-03-03 12:15:00+05:30,296.4,297.95,295.2,296.65,187349,BIOCON
1088,2025-03-03 12:30:00+05:30,296.85,300.25,296.6,299.95,110149,BIOCON
1089,2025-03-03 12:45:00+05:30,299.9,301.8,299.85,300.05,59751,BIOCON
1090,2025-03-03 13:00:00+05:30,300.05,302.6,300.0,302.6,64696,BIOCON
1091,2025-03-03 13:15:00+05:30,302.55,303.8,302.0,303.0,83177,BIOCON
1092,2025-03-03 13:30:00+05:30,303.0,303.3,301.85,303.0,56822,BIOCON
1093,2025-03-03 13:45:00+05:30,303.0,304.7,302.75,302.8,81931,BIOCON
1094,2025-03-03 14:00:00+05:30,302.9,304.55,302.5,304.0,46188,BIOCON
1095,2025-03-03 14:15:00+05:30,303.8,304.45,303.1,304.15,79120,BIOCON
1096,2025-03-03 14:30:00+05:30,304.2,305.55,303.55,305.5,109910,BIOCON
1097,2025-03-03 14:45:00+05:30,305.5,306.15,304.95,305.45,75898,BIOCON
1098,2025-03-03 15:00:00+05:30,305.6,305.65,304.85,305.1,79213,BIOCON
1099,2025-03-03 15:15:00+05:30,305.15,305.85,304.3,305.5,283896,BIOCON
1100,2025-03-04 09:15:00+05:30,303.8,303.8,297.4,301.8,298970,BIOCON
1101,2025-03-04 09:30:00+05:30,301.9,304.75,301.2,304.4,107320,BIOCON
1102,2025-03-04 09:45:00+05:30,304.55,308.85,304.3,308.75,198501,BIOCON
1103,2025-03-04 10:00:00+05:30,308.75,309.2,306.75,307.25,245578,BIOCON
1104,2025-03-04 10:15:00+05:30,307.25,309.65,307.05,308.15,109708,BIOCON
1105,2025-03-04 10:30:00+05:30,308.05,309.85,307.6,309.25,102584,BIOCON
1106,2025-03-04 10:45:00+05:30,309.2,311.6,309.1,310.8,370156,BIOCON
1107,2025-03-04 11:00:00+05:30,310.65,312.65,310.6,312.3,171681,BIOCON
1108,2025-03-04 11:15:00+05:30,312.3,312.5,311.4,311.85,124480,BIOCON
1109,2025-03-04 11:30:00+05:30,311.65,312.6,311.5,312.4,86821,BIOCON
1110,2025-03-04 11:45:00+05:30,312.15,313.75,311.2,313.3,200940,BIOCON
1111,2025-03-04 12:00:00+05:30,313.1,313.35,311.85,312.75,153248,BIOCON
1112,2025-03-04 12:15:00+05:30,312.8,313.0,311.75,313.0,181059,BIOCON
1113,2025-03-04 12:30:00+05:30,312.9,313.05,312.2,312.65,86376,BIOCON
1114,2025-03-04 12:45:00+05:30,312.8,313.25,312.55,312.75,70333,BIOCON
1115,2025-03-04 13:00:00+05:30,312.8,312.95,311.55,312.95,113078,BIOCON
1116,2025-03-04 13:15:00+05:30,312.9,312.95,311.7,312.0,76923,BIOCON
1117,2025-03-04 13:30:00+05:30,311.9,312.35,311.3,312.25,72895,BIOCON
1118,2025-03-04 13:45:00+05:30,312.1,313.3,311.55,312.25,109831,BIOCON
1119,2025-03-04 14:00:00+05:30,312.25,313.9,312.1,313.6,90067,BIOCON
1120,2025-03-04 14:15:00+05:30,313.6,314.4,313.3,314.0,72473,BIOCON
1121,2025-03-04 14:30:00+05:30,313.9,314.7,313.55,314.6,57990,BIOCON
1122,2025-03-04 14:45:00+05:30,314.6,315.65,314.45,315.4,194498,BIOCON
1123,2025-03-04 15:00:00+05:30,315.35,315.4,314.25,314.85,117401,BIOCON
1124,2025-03-04 15:15:00+05:30,314.95,315.3,313.45,313.8,247604,BIOCON
1125,2025-03-05 09:15:00+05:30,317.75,324.9,316.75,321.7,826293,BIOCON
1126,2025-03-05 09:30:00+05:30,321.7,322.2,319.0,320.25,238547,BIOCON
1127,2025-03-05 09:45:00+05:30,320.25,320.85,319.2,319.55,227042,BIOCON
1128,2025-03-05 10:00:00+05:30,319.55,320.0,317.85,318.25,115671,BIOCON
1129,2025-03-05 10:15:00+05:30,318.4,318.55,317.2,317.65,139398,BIOCON
1130,2025-03-05 10:30:00+05:30,317.7,320.0,317.5,319.35,151398,BIOCON
1131,2025-03-05 10:45:00+05:30,319.25,319.55,317.75,318.2,119930,BIOCON
1132,2025-03-05 11:00:00+05:30,318.2,319.45,318.2,318.4,62282,BIOCON
1133,2025-03-05 11:15:00+05:30,318.4,318.95,318.25,318.8,27224,BIOCON
1134,2025-03-05 11:30:00+05:30,318.75,319.9,318.4,319.1,69933,BIOCON
1135,2025-03-05 11:45:00+05:30,319.2,319.9,318.0,318.25,61536,BIOCON
1136,2025-03-05 12:00:00+05:30,318.15,320.35,318.0,320.25,79743,BIOCON
1137,2025-03-05 12:15:00+05:30,320.15,320.65,319.55,320.3,96907,BIOCON
1138,2025-03-05 12:30:00+05:30,320.3,320.65,319.85,320.0,47090,BIOCON
1139,2025-03-05 12:45:00+05:30,320.0,321.5,319.7,320.25,204383,BIOCON
1140,2025-03-05 13:00:00+05:30,320.25,321.0,319.6,320.25,77339,BIOCON
1141,2025-03-05 13:15:00+05:30,320.2,320.75,320.0,320.2,67102,BIOCON
1142,2025-03-05 13:30:00+05:30,320.3,320.7,319.95,320.0,48354,BIOCON
1143,2025-03-05 13:45:00+05:30,320.05,321.2,319.8,320.9,68731,BIOCON
1144,2025-03-05 14:00:00+05:30,320.65,325.95,320.6,325.1,1137218,BIOCON
1145,2025-03-05 14:15:00+05:30,325.1,325.1,322.45,323.55,147034,BIOCON
1146,2025-03-05 14:30:00+05:30,323.7,325.8,323.55,324.45,393209,BIOCON
1147,2025-03-05 14:45:00+05:30,324.65,325.55,323.75,325.3,305126,BIOCON
1148,2025-03-05 15:00:00+05:30,325.3,325.95,324.4,324.85,233785,BIOCON
1149,2025-03-05 15:15:00+05:30,324.8,325.15,323.8,324.5,227814,BIOCON
1150,2025-03-06 09:15:00+05:30,326.85,330.5,326.6,328.1,236065,BIOCON
1151,2025-03-06 09:30:00+05:30,328.2,329.5,326.65,328.6,158376,BIOCON
1152,2025-03-06 09:45:00+05:30,328.75,328.75,325.7,326.6,113091,BIOCON
1153,2025-03-06 10:00:00+05:30,326.6,327.95,325.6,327.7,119935,BIOCON
1154,2025-03-06 10:15:00+05:30,327.85,327.95,326.3,326.65,49776,BIOCON
1155,2025-03-06 10:30:00+05:30,326.85,328.75,325.9,326.75,254684,BIOCON
1156,2025-03-06 10:45:00+05:30,326.75,326.75,324.45,324.95,113030,BIOCON
1157,2025-03-06 11:00:00+05:30,324.8,328.5,324.3,328.4,397490,BIOCON
1158,2025-03-06 11:15:00+05:30,328.45,329.4,326.45,327.35,424503,BIOCON
1159,2025-03-06 11:30:00+05:30,327.45,330.3,327.0,329.2,275407,BIOCON
1160,2025-03-06 11:45:00+05:30,329.0,329.6,328.35,329.25,58795,BIOCON
1161,2025-03-06 12:00:00+05:30,329.25,329.8,328.05,328.4,16027,BIOCON
1162,2025-03-06 12:15:00+05:30,328.65,329.5,328.2,328.8,31823,BIOCON
1163,2025-03-06 12:30:00+05:30,328.8,329.5,328.4,328.4,24083,BIOCON
1164,2025-03-06 12:45:00+05:30,328.5,328.95,327.75,328.0,82573,BIOCON
1165,2025-03-06 13:00:00+05:30,328.0,329.0,328.0,328.6,17562,BIOCON
1166,2025-03-06 13:15:00+05:30,328.4,328.75,328.1,328.55,19791,BIOCON
1167,2025-03-06 13:30:00+05:30,328.3,330.5,328.3,330.05,118173,BIOCON
1168,2025-03-06 13:45:00+05:30,330.05,330.45,329.7,330.0,56796,BIOCON
1169,2025-03-06 14:00:00+05:30,330.0,331.45,329.95,330.8,63810,BIOCON
1170,2025-03-06 14:15:00+05:30,331.1,332.35,330.8,330.8,86430,BIOCON
1171,2025-03-06 14:30:00+05:30,330.95,331.95,330.45,331.95,51296,BIOCON
1172,2025-03-06 14:45:00+05:30,331.75,334.4,331.5,334.25,164997,BIOCON
1173,2025-03-06 15:00:00+05:30,334.2,334.65,333.2,333.35,122633,BIOCON
1174,2025-03-06 15:15:00+05:30,333.35,333.4,330.5,331.0,119888,BIOCON
1175,2025-03-07 09:15:00+05:30,335.8,338.9,334.55,336.95,1007741,BIOCON
1176,2025-03-07 09:30:00+05:30,336.9,337.75,335.55,337.35,285644,BIOCON
1177,2025-03-07 09:45:00+05:30,337.35,337.5,336.05,336.05,136224,BIOCON
1178,2025-03-07 10:00:00+05:30,336.25,336.6,334.25,335.45,280674,BIOCON
1179,2025-03-07 10:15:00+05:30,335.45,336.95,335.2,336.4,174071,BIOCON
1180,2025-03-07 10:30:00+05:30,336.35,336.6,335.4,335.7,33555,BIOCON
1181,2025-03-07 10:45:00+05:30,335.7,336.5,334.7,336.0,91010,BIOCON
1182,2025-03-07 11:00:00+05:30,335.9,336.25,335.45,336.0,17493,BIOCON
1183,2025-03-07 11:15:00+05:30,335.75,336.15,335.0,335.2,76747,BIOCON
1184,2025-03-07 11:30:00+05:30,335.15,335.9,334.7,335.6,45159,BIOCON
1185,2025-03-07 11:45:00+05:30,335.6,335.65,334.9,335.15,41796,BIOCON
1186,2025-03-07 12:00:00+05:30,335.15,335.75,334.5,335.25,298208,BIOCON
1187,2025-03-07 12:15:00+05:30,335.2,335.6,334.9,335.4,93220,BIOCON
1188,2025-03-07 12:30:00+05:30,335.5,336.05,335.15,335.4,53044,BIOCON
1189,2025-03-07 12:45:00+05:30,335.4,335.95,334.9,335.65,52133,BIOCON
1190,2025-03-07 13:00:00+05:30,335.65,335.8,335.0,335.15,34712,BIOCON
1191,2025-03-07 13:15:00+05:30,335.1,335.5,335.0,335.15,34237,BIOCON
1192,2025-03-07 13:30:00+05:30,335.15,335.75,335.0,335.45,33212,BIOCON
1193,2025-03-07 13:45:00+05:30,335.35,335.45,333.1,333.3,230640,BIOCON
1194,2025-03-07 14:00:00+05:30,333.25,334.25,332.5,334.15,83085,BIOCON
1195,2025-03-07 14:15:00+05:30,334.15,335.0,334.0,334.8,38251,BIOCON
1196,2025-03-07 14:30:00+05:30,334.8,335.8,334.4,335.65,110344,BIOCON
1197,2025-03-07 14:45:00+05:30,335.65,336.0,335.2,335.9,125407,BIOCON
1198,2025-03-07 15:00:00+05:30,335.9,335.9,333.8,334.15,237834,BIOCON
1199,2025-03-07 15:15:00+05:30,334.15,334.2,331.9,332.4,248951,BIOCON
1200,2025-03-10 09:15:00+05:30,335.0,337.1,331.05,332.5,361259,BIOCON
1201,2025-03-10 09:30:00+05:30,332.35,334.45,331.1,332.75,130856,BIOCON
1202,2025-03-10 09:45:00+05:30,332.75,335.4,332.75,333.55,72067,BIOCON
1203,2025-03-10 10:00:00+05:30,333.6,335.0,332.5,333.95,63923,BIOCON
1204,2025-03-10 10:15:00+05:30,333.95,334.0,333.0,333.25,20929,BIOCON
1205,2025-03-10 10:30:00+05:30,333.4,333.9,332.9,333.35,20188,BIOCON
1206,2025-03-10 10:45:00+05:30,333.15,333.8,333.0,333.25,10022,BIOCON
1207,2025-03-10 11:00:00+05:30,333.25,333.25,331.55,331.65,38394,BIOCON
1208,2025-03-10 11:15:00+05:30,331.65,332.6,331.65,332.35,41144,BIOCON
1209,2025-03-10 11:30:00+05:30,332.5,332.6,331.6,332.1,39520,BIOCON
1210,2025-03-10 11:45:00+05:30,332.1,332.2,331.3,331.4,25190,BIOCON
1211,2025-03-10 12:00:00+05:30,331.45,331.45,330.4,330.55,45703,BIOCON
1212,2025-03-10 12:15:00+05:30,330.5,331.0,329.4,330.4,135029,BIOCON
1213,2025-03-10 12:30:00+05:30,330.6,330.6,330.05,330.4,12661,BIOCON
1214,2025-03-10 12:45:00+05:30,330.15,330.9,330.15,330.85,5865,BIOCON
1215,2025-03-10 13:00:00+05:30,330.85,332.15,330.45,331.25,35299,BIOCON
1216,2025-03-10 13:15:00+05:30,331.25,331.35,330.35,330.6,13842,BIOCON
1217,2025-03-10 13:30:00+05:30,330.55,330.85,330.05,330.5,56001,BIOCON
1218,2025-03-10 13:45:00+05:30,330.5,330.5,330.0,330.5,40126,BIOCON
1219,2025-03-10 14:00:00+05:30,330.5,330.7,329.1,329.4,27409,BIOCON
1220,2025-03-10 14:15:00+05:30,329.4,329.85,327.75,328.0,80007,BIOCON
1221,2025-03-10 14:30:00+05:30,328.15,328.9,328.0,328.65,46859,BIOCON
1222,2025-03-10 14:45:00+05:30,328.95,329.15,328.2,329.0,82398,BIOCON
1223,2025-03-10 15:00:00+05:30,328.8,329.4,328.1,328.4,104753,BIOCON
1224,2025-03-10 15:15:00+05:30,328.45,328.55,326.5,327.05,433330,BIOCON
1225,2025-03-11 09:15:00+05:30,325.2,328.95,322.95,325.3,319789,BIOCON
1226,2025-03-11 09:30:00+05:30,325.35,326.6,323.4,325.25,130847,BIOCON
1227,2025-03-11 09:45:00+05:30,325.25,326.0,324.2,325.35,55302,BIOCON
1228,2025-03-11 10:00:00+05:30,325.45,327.1,325.05,327.0,63156,BIOCON
1229,2025-03-11 10:15:00+05:30,327.0,327.8,325.75,326.3,94360,BIOCON
1230,2025-03-11 10:30:00+05:30,326.55,327.0,325.2,326.85,51994,BIOCON
1231,2025-03-11 10:45:00+05:30,326.85,330.25,326.5,329.35,95676,BIOCON
1232,2025-03-11 11:00:00+05:30,329.5,331.2,328.1,328.2,43750,BIOCON
1233,2025-03-11 11:15:00+05:30,328.2,328.7,327.1,327.3,29139,BIOCON
1234,2025-03-11 11:30:00+05:30,327.0,327.75,326.7,327.6,23120,BIOCON
1235,2025-03-11 11:45:00+05:30,327.55,328.9,327.35,328.9,27897,BIOCON
1236,2025-03-11 12:00:00+05:30,328.7,329.95,328.3,328.55,45618,BIOCON
1237,2025-03-11 12:15:00+05:30,328.55,328.75,327.1,327.7,25171,BIOCON
1238,2025-03-11 12:30:00+05:30,327.7,328.6,327.2,328.0,23102,BIOCON
1239,2025-03-11 12:45:00+05:30,328.0,328.0,327.35,327.6,17654,BIOCON
1240,2025-03-11 13:00:00+05:30,327.4,327.5,326.45,326.6,62005,BIOCON
1241,2025-03-11 13:15:00+05:30,326.5,327.65,326.0,327.5,53464,BIOCON
1242,2025-03-11 13:30:00+05:30,327.75,328.4,326.95,328.1,19087,BIOCON
1243,2025-03-11 13:45:00+05:30,328.3,329.35,328.0,328.9,36682,BIOCON
1244,2025-03-11 14:00:00+05:30,328.9,329.05,328.2,329.05,20544,BIOCON
1245,2025-03-11 14:15:00+05:30,328.85,329.7,328.85,329.25,38556,BIOCON
1246,2025-03-11 14:30:00+05:30,329.25,329.65,328.8,328.95,35952,BIOCON
1247,2025-03-11 14:45:00+05:30,328.95,329.3,328.4,329.0,18975,BIOCON
1248,2025-03-11 15:00:00+05:30,329.0,329.25,328.2,328.9,68034,BIOCON
1249,2025-03-11 15:15:00+05:30,328.85,330.4,328.5,330.0,89288,BIOCON
1250,2025-03-12 09:15:00+05:30,328.15,330.9,326.5,327.2,131859,BIOCON
1251,2025-03-12 09:30:00+05:30,326.85,328.8,326.75,328.25,57276,BIOCON
1252,2025-03-12 09:45:00+05:30,328.15,329.55,327.85,328.4,65043,BIOCON
1253,2025-03-12 10:00:00+05:30,328.9,328.9,325.1,325.25,69122,BIOCON
1254,2025-03-12 10:15:00+05:30,325.2,326.0,324.05,326.0,48767,BIOCON
1255,2025-03-12 10:30:00+05:30,326.0,327.0,325.85,326.7,59736,BIOCON
1256,2025-03-12 10:45:00+05:30,326.55,326.65,324.55,325.1,40746,BIOCON
1257,2025-03-12 11:00:00+05:30,325.45,325.5,324.75,325.0,18232,BIOCON
1258,2025-03-12 11:15:00+05:30,324.85,325.3,323.9,325.1,30555,BIOCON
1259,2025-03-12 11:30:00+05:30,325.1,325.5,324.25,324.55,136849,BIOCON
1260,2025-03-12 11:45:00+05:30,324.35,324.45,323.4,324.1,61626,BIOCON
1261,2025-03-12 12:00:00+05:30,324.1,324.75,323.85,324.15,51475,BIOCON
1262,2025-03-12 12:15:00+05:30,324.4,324.55,323.75,324.1,52911,BIOCON
1263,2025-03-12 12:30:00+05:30,324.2,324.75,323.85,324.15,47966,BIOCON
1264,2025-03-12 12:45:00+05:30,323.95,324.35,323.9,324.0,77594,BIOCON
1265,2025-03-12 13:00:00+05:30,324.1,324.8,324.0,324.35,53602,BIOCON
1266,2025-03-12 13:15:00+05:30,324.55,325.2,324.4,324.4,56537,BIOCON
1267,2025-03-12 13:30:00+05:30,324.5,324.9,323.9,324.1,60331,BIOCON
1268,2025-03-12 13:45:00+05:30,324.1,324.5,323.8,324.0,50447,BIOCON
1269,2025-03-12 14:00:00+05:30,324.0,324.5,324.0,324.1,29204,BIOCON
1270,2025-03-12 14:15:00+05:30,324.15,326.35,324.15,325.6,65683,BIOCON
1271,2025-03-12 14:30:00+05:30,325.9,326.0,324.35,324.4,58591,BIOCON
1272,2025-03-12 14:45:00+05:30,324.3,324.85,323.8,324.85,111064,BIOCON
1273,2025-03-12 15:00:00+05:30,324.9,325.75,324.4,325.05,131439,BIOCON
1274,2025-03-12 15:15:00+05:30,325.0,325.4,324.7,325.0,203062,BIOCON
1275,2025-03-13 09:15:00+05:30,326.0,326.5,322.05,322.2,169340,BIOCON
1276,2025-03-13 09:30:00+05:30,322.15,323.25,321.5,321.65,55245,BIOCON
1277,2025-03-13 09:45:00+05:30,322.1,322.9,321.5,322.55,35117,BIOCON
1278,2025-03-13 10:00:00+05:30,322.7,323.75,322.6,323.7,97891,BIOCON
1279,2025-03-13 10:15:00+05:30,323.5,325.35,323.4,325.15,63106,BIOCON
1280,2025-03-13 10:30:00+05:30,324.95,325.15,323.0,323.2,31005,BIOCON
1281,2025-03-13 10:45:00+05:30,323.25,323.5,323.0,323.0,120885,BIOCON
1282,2025-03-13 11:00:00+05:30,323.0,324.6,323.0,324.5,75859,BIOCON
1283,2025-03-13 11:15:00+05:30,324.35,324.35,323.45,323.5,9495,BIOCON
1284,2025-03-13 11:30:00+05:30,323.5,324.0,323.1,323.3,13700,BIOCON
1285,2025-03-13 11:45:00+05:30,323.4,323.5,323.0,323.0,37681,BIOCON
1286,2025-03-13 12:00:00+05:30,323.15,323.75,323.0,323.6,11559,BIOCON
1287,2025-03-13 12:15:00+05:30,323.6,324.15,323.5,323.5,16834,BIOCON
1288,2025-03-13 12:30:00+05:30,323.5,324.05,323.35,324.0,5570,BIOCON
1289,2025-03-13 12:45:00+05:30,323.8,324.4,323.75,324.05,8451,BIOCON
1290,2025-03-13 13:00:00+05:30,324.1,324.2,323.35,323.4,7413,BIOCON
1291,2025-03-13 13:15:00+05:30,323.4,323.5,323.05,323.05,16563,BIOCON
1292,2025-03-13 13:30:00+05:30,323.15,323.7,323.0,323.2,12914,BIOCON
1293,2025-03-13 13:45:00+05:30,323.2,323.6,323.05,323.3,13685,BIOCON
1294,2025-03-13 14:00:00+05:30,323.55,323.6,323.05,323.6,30855,BIOCON
1295,2025-03-13 14:15:00+05:30,323.6,323.6,323.0,323.5,72339,BIOCON
1296,2025-03-13 14:30:00+05:30,323.5,323.85,323.25,323.45,36169,BIOCON
1297,2025-03-13 14:45:00+05:30,323.45,323.55,322.85,323.15,74293,BIOCON
1298,2025-03-13 15:00:00+05:30,323.1,323.55,323.0,323.15,133703,BIOCON
1299,2025-03-13 15:15:00+05:30,323.15,323.6,322.55,323.05,284624,BIOCON
1300,2025-03-17 09:15:00+05:30,324.8,328.0,323.55,327.7,105572,BIOCON
1301,2025-03-17 09:30:00+05:30,327.6,328.8,326.5,328.65,72696,BIOCON
1302,2025-03-17 09:45:00+05:30,328.65,329.9,327.85,328.15,96379,BIOCON
1303,2025-03-17 10:00:00+05:30,328.0,328.65,326.8,327.7,41557,BIOCON
1304,2025-03-17 10:15:00+05:30,327.25,329.6,327.25,328.45,136693,BIOCON
1305,2025-03-17 10:30:00+05:30,328.2,328.75,327.0,328.0,85826,BIOCON
1306,2025-03-17 10:45:00+05:30,328.0,330.85,328.0,330.0,166382,BIOCON
1307,2025-03-17 11:00:00+05:30,330.0,331.95,330.0,331.5,96409,BIOCON
1308,2025-03-17 11:15:00+05:30,331.5,332.0,331.0,331.1,73568,BIOCON
1309,2025-03-17 11:30:00+05:30,331.25,331.9,331.0,331.85,28112,BIOCON
1310,2025-03-17 11:45:00+05:30,331.9,332.7,331.5,332.15,53981,BIOCON
1311,2025-03-17 12:00:00+05:30,332.3,333.4,331.85,333.25,94263,BIOCON
1312,2025-03-17 12:15:00+05:30,333.25,333.3,330.45,331.15,125316,BIOCON
1313,2025-03-17 12:30:00+05:30,331.05,331.65,330.75,331.55,51318,BIOCON
1314,2025-03-17 12:45:00+05:30,331.55,331.8,331.15,331.45,17957,BIOCON
1315,2025-03-17 13:00:00+05:30,331.5,331.7,330.8,331.3,54393,BIOCON
1316,2025-03-17 13:15:00+05:30,331.3,332.95,330.85,332.0,57571,BIOCON
1317,2025-03-17 13:30:00+05:30,332.2,332.45,331.8,332.05,31556,BIOCON
1318,2025-03-17 13:45:00+05:30,332.05,332.25,330.85,331.15,104673,BIOCON
1319,2025-03-17 14:00:00+05:30,331.2,331.6,330.65,331.5,29157,BIOCON
1320,2025-03-17 14:15:00+05:30,331.45,331.5,330.65,331.3,56935,BIOCON
1321,2025-03-17 14:30:00+05:30,331.05,333.2,330.95,333.0,271745,BIOCON
1322,2025-03-17 14:45:00+05:30,333.0,333.6,332.5,333.0,239903,BIOCON
1323,2025-03-17 15:00:00+05:30,333.0,333.5,332.8,333.1,118815,BIOCON
1324,2025-03-17 15:15:00+05:30,333.2,333.9,332.9,333.5,226955,BIOCON
1325,2025-03-18 09:15:00+05:30,334.9,336.2,333.7,334.45,220919,BIOCON
1326,2025-03-18 09:30:00+05:30,334.55,336.1,333.9,335.2,149938,BIOCON
1327,2025-03-18 09:45:00+05:30,335.35,336.1,334.45,335.8,72957,BIOCON
1328,2025-03-18 10:00:00+05:30,335.8,335.9,335.05,335.85,53245,BIOCON
1329,2025-03-18 10:15:00+05:30,335.85,336.3,335.2,335.5,42914,BIOCON
1330,2025-03-18 10:30:00+05:30,335.5,335.5,334.5,335.3,47728,BIOCON
1331,2025-03-18 10:45:00+05:30,335.3,337.0,335.1,336.5,75856,BIOCON
1332,2025-03-18 11:00:00+05:30,336.3,336.75,336.0,336.35,21538,BIOCON
1333,2025-03-18 11:15:00+05:30,336.35,336.7,336.1,336.4,22949,BIOCON
1334,2025-03-18 11:30:00+05:30,336.25,336.4,335.1,335.4,30048,BIOCON
1335,2025-03-18 11:45:00+05:30,335.4,335.45,334.35,334.6,28145,BIOCON
1336,2025-03-18 12:00:00+05:30,334.6,335.3,334.55,335.05,33624,BIOCON
1337,2025-03-18 12:15:00+05:30,335.05,337.8,335.05,336.5,155267,BIOCON
1338,2025-03-18 12:30:00+05:30,336.5,336.6,335.05,335.3,14976,BIOCON
1339,2025-03-18 12:45:00+05:30,335.3,336.0,334.65,336.0,77524,BIOCON
1340,2025-03-18 13:00:00+05:30,335.9,336.25,335.2,336.2,28707,BIOCON
1341,2025-03-18 13:15:00+05:30,336.2,336.7,336.0,336.3,20411,BIOCON
1342,2025-03-18 13:30:00+05:30,336.4,336.55,335.75,336.1,24742,BIOCON
1343,2025-03-18 13:45:00+05:30,336.1,336.85,335.9,336.8,45133,BIOCON
1344,2025-03-18 14:00:00+05:30,336.7,337.1,336.6,337.0,35740,BIOCON
1345,2025-03-18 14:15:00+05:30,337.0,337.4,336.4,337.15,49818,BIOCON
1346,2025-03-18 14:30:00+05:30,337.35,337.65,336.65,336.95,39125,BIOCON
1347,2025-03-18 14:45:00+05:30,336.95,336.95,335.7,336.25,50307,BIOCON
1348,2025-03-18 15:00:00+05:30,336.45,336.5,335.8,335.95,60243,BIOCON
1349,2025-03-18 15:15:00+05:30,335.95,338.0,335.2,337.0,245657,BIOCON
1350,2025-03-19 09:15:00+05:30,338.7,338.7,334.05,335.85,180563,BIOCON
1351,2025-03-19 09:30:00+05:30,335.85,337.7,335.75,337.15,65748,BIOCON
1352,2025-03-19 09:45:00+05:30,336.95,340.0,336.5,339.5,229113,BIOCON
1353,2025-03-19 10:00:00+05:30,339.5,339.55,338.25,338.5,69403,BIOCON
1354,2025-03-19 10:15:00+05:30,338.5,339.75,338.5,339.5,53975,BIOCON
1355,2025-03-19 10:30:00+05:30,339.45,340.35,339.2,339.2,75670,BIOCON
1356,2025-03-19 10:45:00+05:30,339.2,339.4,338.35,338.8,34595,BIOCON
1357,2025-03-19 11:00:00+05:30,338.8,339.05,338.1,338.7,25304,BIOCON
1358,2025-03-19 11:15:00+05:30,338.7,339.15,338.2,338.5,19034,BIOCON
1359,2025-03-19 11:30:00+05:30,338.25,338.7,338.1,338.1,15072,BIOCON
1360,2025-03-19 11:45:00+05:30,338.1,338.9,337.6,338.8,29979,BIOCON
1361,2025-03-19 12:00:00+05:30,338.8,338.8,337.75,338.45,22728,BIOCON
1362,2025-03-19 12:15:00+05:30,338.6,339.35,338.6,338.7,23027,BIOCON
1363,2025-03-19 12:30:00+05:30,338.9,341.15,338.75,341.0,103306,BIOCON
1364,2025-03-19 12:45:00+05:30,341.05,342.4,340.8,341.9,90320,BIOCON
1365,2025-03-19 13:00:00+05:30,341.9,342.0,340.95,341.55,43579,BIOCON
1366,2025-03-19 13:15:00+05:30,341.5,342.0,341.2,341.8,39015,BIOCON
1367,2025-03-19 13:30:00+05:30,341.8,342.8,341.55,342.4,49284,BIOCON
1368,2025-03-19 13:45:00+05:30,342.5,343.0,342.05,342.6,62077,BIOCON
1369,2025-03-19 14:00:00+05:30,342.6,343.2,342.15,342.2,43825,BIOCON
1370,2025-03-19 14:15:00+05:30,342.25,342.7,342.0,342.7,44476,BIOCON
1371,2025-03-19 14:30:00+05:30,342.7,342.7,342.2,342.6,39376,BIOCON
1372,2025-03-19 14:45:00+05:30,342.6,342.6,341.7,341.85,48019,BIOCON
1373,2025-03-19 15:00:00+05:30,341.8,342.55,341.55,342.1,129044,BIOCON
1374,2025-03-19 15:15:00+05:30,342.3,342.3,341.0,341.2,140575,BIOCON
1375,2025-03-20 09:15:00+05:30,344.6,344.6,341.9,342.95,126789,BIOCON
1376,2025-03-20 09:30:00+05:30,343.0,344.0,342.05,342.1,53057,BIOCON
1377,2025-03-20 09:45:00+05:30,342.3,342.35,339.55,339.95,98426,BIOCON
1378,2025-03-20 10:00:00+05:30,339.95,340.5,338.35,339.0,50521,BIOCON
1379,2025-03-20 10:15:00+05:30,338.9,340.75,338.75,340.6,24998,BIOCON
1380,2025-03-20 10:30:00+05:30,340.7,340.8,339.95,340.2,26500,BIOCON
1381,2025-03-20 10:45:00+05:30,340.0,341.3,339.8,341.2,22388,BIOCON
1382,2025-03-20 11:00:00+05:30,341.2,342.05,341.0,341.9,24163,BIOCON
1383,2025-03-20 11:15:00+05:30,341.95,342.2,341.35,342.0,16996,BIOCON
1384,2025-03-20 11:30:00+05:30,341.85,342.5,341.8,342.2,18846,BIOCON
1385,2025-03-20 11:45:00+05:30,342.15,342.7,342.0,342.4,18682,BIOCON
1386,2025-03-20 12:00:00+05:30,342.4,342.7,342.1,342.5,14324,BIOCON
1387,2025-03-20 12:15:00+05:30,342.7,342.9,340.95,341.4,49668,BIOCON
1388,2025-03-20 12:30:00+05:30,341.4,342.25,341.35,342.1,17107,BIOCON
1389,2025-03-20 12:45:00+05:30,342.0,342.25,341.4,341.65,16878,BIOCON
1390,2025-03-20 13:00:00+05:30,341.65,342.0,341.3,341.7,11657,BIOCON
1391,2025-03-20 13:15:00+05:30,341.7,342.0,341.4,341.45,6825,BIOCON
1392,2025-03-20 13:30:00+05:30,341.45,342.1,341.2,341.9,39612,BIOCON
1393,2025-03-20 13:45:00+05:30,342.15,343.5,342.1,342.5,28961,BIOCON
1394,2025-03-20 14:00:00+05:30,342.7,342.7,342.0,342.3,15381,BIOCON
1395,2025-03-20 14:15:00+05:30,342.05,342.3,341.15,341.7,44109,BIOCON
1396,2025-03-20 14:30:00+05:30,341.95,342.1,341.35,341.6,45194,BIOCON
1397,2025-03-20 14:45:00+05:30,341.6,341.8,341.05,341.65,46899,BIOCON
1398,2025-03-20 15:00:00+05:30,341.7,341.85,340.85,340.95,65735,BIOCON
1399,2025-03-20 15:15:00+05:30,341.0,341.45,340.8,341.1,120261,BIOCON
1400,2025-03-21 09:15:00+05:30,341.1,344.2,340.2,343.6,117435,BIOCON
1401,2025-03-21 09:30:00+05:30,343.65,345.9,343.1,345.25,110189,BIOCON
1402,2025-03-21 09:45:00+05:30,345.2,345.25,343.65,343.75,40597,BIOCON
1403,2025-03-21 10:00:00+05:30,344.0,344.0,342.9,343.15,30859,BIOCON
1404,2025-03-21 10:15:00+05:30,343.15,344.8,342.95,344.65,49562,BIOCON
1405,2025-03-21 10:30:00+05:30,344.65,344.8,344.2,344.3,28636,BIOCON
1406,2025-03-21 10:45:00+05:30,344.2,344.65,343.85,344.4,18888,BIOCON
1407,2025-03-21 11:00:00+05:30,344.4,344.75,343.35,343.75,28489,BIOCON
1408,2025-03-21 11:15:00+05:30,343.65,344.65,343.2,344.2,57438,BIOCON
1409,2025-03-21 11:30:00+05:30,344.1,345.2,343.4,343.7,81394,BIOCON
1410,2025-03-21 11:45:00+05:30,343.4,345.6,343.05,345.15,76250,BIOCON
1411,2025-03-21 12:00:00+05:30,345.0,345.45,344.6,344.85,15071,BIOCON
1412,2025-03-21 12:15:00+05:30,345.1,346.4,344.85,345.3,45641,BIOCON
1413,2025-03-21 12:30:00+05:30,345.3,345.85,345.25,345.65,13124,BIOCON
1414,2025-03-21 12:45:00+05:30,345.6,346.05,345.3,345.75,20783,BIOCON
1415,2025-03-21 13:00:00+05:30,345.8,345.9,344.75,344.9,16621,BIOCON
1416,2025-03-21 13:15:00+05:30,345.05,345.05,344.3,344.45,15090,BIOCON
1417,2025-03-21 13:30:00+05:30,344.45,344.5,343.0,343.3,23206,BIOCON
1418,2025-03-21 13:45:00+05:30,343.35,344.0,342.2,344.0,40599,BIOCON
1419,2025-03-21 14:00:00+05:30,344.1,345.4,343.85,344.9,50304,BIOCON
1420,2025-03-21 14:15:00+05:30,344.8,345.95,344.45,345.75,50868,BIOCON
1421,2025-03-21 14:30:00+05:30,345.9,345.95,344.55,344.85,41691,BIOCON
1422,2025-03-21 14:45:00+05:30,344.85,344.85,343.8,344.0,65847,BIOCON
1423,2025-03-21 15:00:00+05:30,344.0,344.35,343.35,344.1,202970,BIOCON
1424,2025-03-21 15:15:00+05:30,344.05,345.0,343.8,344.95,209877,BIOCON
1425,2025-03-24 09:15:00+05:30,348.0,349.35,345.5,348.85,144803,BIOCON
1426,2025-03-24 09:30:00+05:30,348.5,348.65,345.05,346.5,84478,BIOCON
1427,2025-03-24 09:45:00+05:30,346.75,347.4,346.1,347.0,48534,BIOCON
1428,2025-03-24 10:00:00+05:30,346.7,348.5,346.35,347.95,48120,BIOCON
1429,2025-03-24 10:15:00+05:30,347.65,348.25,346.6,348.2,50897,BIOCON
1430,2025-03-24 10:30:00+05:30,348.1,348.3,347.45,348.1,26848,BIOCON
1431,2025-03-24 10:45:00+05:30,348.0,348.4,347.65,348.25,9217,BIOCON
1432,2025-03-24 11:00:00+05:30,348.25,348.5,346.85,347.2,37060,BIOCON
1433,2025-03-24 11:15:00+05:30,347.45,349.5,347.0,349.45,44304,BIOCON
1434,2025-03-24 11:30:00+05:30,349.4,351.8,349.3,350.3,117032,BIOCON
1435,2025-03-24 11:45:00+05:30,350.4,351.0,349.7,350.4,56301,BIOCON
1436,2025-03-24 12:00:00+05:30,350.55,351.3,350.05,350.8,25208,BIOCON
1437,2025-03-24 12:15:00+05:30,351.0,351.05,350.05,350.75,41616,BIOCON
1438,2025-03-24 12:30:00+05:30,350.4,351.0,349.05,349.4,23337,BIOCON
1439,2025-03-24 12:45:00+05:30,349.6,350.3,349.3,350.0,13311,BIOCON
1440,2025-03-24 13:00:00+05:30,350.0,350.15,349.6,349.75,11053,BIOCON
1441,2025-03-24 13:15:00+05:30,349.95,349.95,349.2,349.3,37383,BIOCON
1442,2025-03-24 13:30:00+05:30,349.4,349.5,348.5,349.0,31238,BIOCON
1443,2025-03-24 13:45:00+05:30,349.15,349.75,348.55,349.75,14506,BIOCON
1444,2025-03-24 14:00:00+05:30,349.75,350.45,349.45,350.1,14286,BIOCON
1445,2025-03-24 14:15:00+05:30,349.95,350.2,349.5,349.5,11164,BIOCON
1446,2025-03-24 14:30:00+05:30,349.75,349.75,349.0,349.25,17621,BIOCON
1447,2025-03-24 14:45:00+05:30,349.2,350.95,348.85,350.4,59898,BIOCON
1448,2025-03-24 15:00:00+05:30,350.4,350.4,348.6,348.95,55906,BIOCON
1449,2025-03-24 15:15:00+05:30,348.95,349.8,348.5,349.5,124520,BIOCON
1450,2025-03-25 09:15:00+05:30,350.0,351.3,345.1,345.5,140980,BIOCON
1451,2025-03-25 09:30:00+05:30,345.45,349.0,345.4,348.9,62214,BIOCON
1452,2025-03-25 09:45:00+05:30,348.6,354.75,348.35,353.7,221399,BIOCON
1453,2025-03-25 10:00:00+05:30,353.95,354.3,350.4,350.4,148677,BIOCON
1454,2025-03-25 10:15:00+05:30,350.3,352.15,349.85,351.7,82675,BIOCON
1455,2025-03-25 10:30:00+05:30,351.95,351.95,349.1,350.25,56483,BIOCON
1456,2025-03-25 10:45:00+05:30,350.35,351.2,349.05,350.1,52361,BIOCON
1457,2025-03-25 11:00:00+05:30,350.05,350.45,348.65,349.3,49893,BIOCON
1458,2025-03-25 11:15:00+05:30,349.05,349.15,346.8,347.0,76200,BIOCON
1459,2025-03-25 11:30:00+05:30,347.0,347.35,345.3,345.75,66047,BIOCON
1460,2025-03-25 11:45:00+05:30,346.0,347.8,345.65,347.8,38691,BIOCON
1461,2025-03-25 12:00:00+05:30,347.8,348.35,347.15,347.65,30129,BIOCON
1462,2025-03-25 12:15:00+05:30,347.65,348.0,346.7,347.2,39728,BIOCON
1463,2025-03-25 12:30:00+05:30,347.3,347.75,346.95,347.45,16066,BIOCON
1464,2025-03-25 12:45:00+05:30,347.65,348.15,347.35,347.45,11642,BIOCON
1465,2025-03-25 13:00:00+05:30,347.65,349.0,347.65,348.25,27958,BIOCON
1466,2025-03-25 13:15:00+05:30,348.25,348.25,347.05,347.05,14564,BIOCON
1467,2025-03-25 13:30:00+05:30,347.0,350.5,346.95,350.05,69938,BIOCON
1468,2025-03-25 13:45:00+05:30,350.25,351.55,349.65,351.2,37489,BIOCON
1469,2025-03-25 14:00:00+05:30,351.3,351.5,350.5,350.55,25156,BIOCON
1470,2025-03-25 14:15:00+05:30,350.7,351.0,349.05,349.2,40775,BIOCON
1471,2025-03-25 14:30:00+05:30,349.1,350.0,348.75,349.5,35167,BIOCON
1472,2025-03-25 14:45:00+05:30,349.5,350.2,347.6,348.8,72641,BIOCON
1473,2025-03-25 15:00:00+05:30,348.75,349.35,348.0,348.05,67601,BIOCON
1474,2025-03-25 15:15:00+05:30,348.1,348.25,347.0,347.5,96894,BIOCON
1475,2025-03-26 09:15:00+05:30,348.0,350.55,346.2,349.8,112953,BIOCON
1476,2025-03-26 09:30:00+05:30,349.75,350.1,346.4,346.4,97609,BIOCON
1477,2025-03-26 09:45:00+05:30,346.4,347.7,345.8,347.7,36064,BIOCON
1478,2025-03-26 10:00:00+05:30,347.7,349.5,347.1,349.05,32832,BIOCON
1479,2025-03-26 10:15:00+05:30,349.05,350.25,349.0,349.45,30511,BIOCON
1480,2025-03-26 10:30:00+05:30,349.2,349.75,348.95,348.95,15809,BIOCON
1481,2025-03-26 10:45:00+05:30,349.35,350.45,348.85,350.2,26670,BIOCON
1482,2025-03-26 11:00:00+05:30,349.9,350.2,349.0,349.45,26823,BIOCON
1483,2025-03-26 11:15:00+05:30,349.6,350.95,349.5,350.8,26179,BIOCON
1484,2025-03-26 11:30:00+05:30,350.6,352.5,350.6,351.0,87683,BIOCON
1485,2025-03-26 11:45:00+05:30,351.0,351.5,349.7,349.7,68065,BIOCON
1486,2025-03-26 12:00:00+05:30,349.75,352.6,349.75,352.45,62565,BIOCON
1487,2025-03-26 12:15:00+05:30,352.45,352.6,351.8,352.0,31547,BIOCON
1488,2025-03-26 12:30:00+05:30,351.65,351.9,351.5,351.75,10107,BIOCON
1489,2025-03-26 12:45:00+05:30,351.75,352.0,351.5,351.5,11905,BIOCON
1490,2025-03-26 13:00:00+05:30,351.4,351.65,350.1,351.3,99895,BIOCON
1491,2025-03-26 13:15:00+05:30,351.3,351.65,350.65,351.5,45723,BIOCON
1492,2025-03-26 13:30:00+05:30,351.5,351.7,350.5,350.55,42413,BIOCON
1493,2025-03-26 13:45:00+05:30,350.6,351.9,350.0,351.55,45931,BIOCON
1494,2025-03-26 14:00:00+05:30,351.55,352.3,351.35,352.1,74945,BIOCON
1495,2025-03-26 14:15:00+05:30,352.0,352.15,350.65,350.85,61583,BIOCON
1496,2025-03-26 14:30:00+05:30,350.85,351.0,349.4,350.15,60096,BIOCON
1497,2025-03-26 14:45:00+05:30,350.0,350.5,348.25,348.85,74098,BIOCON
1498,2025-03-26 15:00:00+05:30,349.05,349.4,348.0,349.05,123396,BIOCON
1499,2025-03-26 15:15:00+05:30,349.25,349.25,347.55,349.0,118599,BIOCON
1500,2025-03-27 09:15:00+05:30,348.5,350.25,344.45,349.05,143774,BIOCON
1501,2025-03-27 09:30:00+05:30,349.25,350.25,348.15,349.25,37063,BIOCON
1502,2025-03-27 09:45:00+05:30,349.05,350.0,348.55,349.7,32994,BIOCON
1503,2025-03-27 10:00:00+05:30,349.95,350.0,348.95,349.0,29459,BIOCON
1504,2025-03-27 10:15:00+05:30,349.35,349.35,347.35,347.95,39763,BIOCON
1505,2025-03-27 10:30:00+05:30,347.95,348.0,346.6,346.85,62139,BIOCON
1506,2025-03-27 10:45:00+05:30,346.6,347.0,345.5,345.9,33820,BIOCON
1507,2025-03-27 11:00:00+05:30,345.9,346.55,345.5,346.25,34677,BIOCON
1508,2025-03-27 11:15:00+05:30,346.3,347.3,346.05,346.1,20053,BIOCON
1509,2025-03-27 11:30:00+05:30,346.3,346.8,345.8,346.6,37623,BIOCON
1510,2025-03-27 11:45:00+05:30,346.6,347.0,346.05,346.1,16527,BIOCON
1511,2025-03-27 12:00:00+05:30,346.25,346.25,345.1,345.7,24804,BIOCON
1512,2025-03-27 12:15:00+05:30,345.75,346.25,345.35,345.75,9487,BIOCON
1513,2025-03-27 12:30:00+05:30,345.95,346.1,345.55,345.8,8141,BIOCON
1514,2025-03-27 12:45:00+05:30,345.7,345.8,344.5,344.5,31759,BIOCON
1515,2025-03-27 13:00:00+05:30,344.85,345.0,344.25,344.25,22014,BIOCON
1516,2025-03-27 13:15:00+05:30,344.25,344.95,343.3,344.95,84266,BIOCON
1517,2025-03-27 13:30:00+05:30,344.95,345.3,343.0,344.5,90436,BIOCON
1518,2025-03-27 13:45:00+05:30,344.6,344.95,343.55,344.45,60472,BIOCON
1519,2025-03-27 14:00:00+05:30,344.65,344.7,343.2,343.3,34853,BIOCON
1520,2025-03-27 14:15:00+05:30,343.25,343.5,342.5,343.05,60259,BIOCON
1521,2025-03-27 14:30:00+05:30,342.95,343.65,342.8,343.35,44548,BIOCON
1522,2025-03-27 14:45:00+05:30,343.35,344.25,343.05,343.6,51453,BIOCON
1523,2025-03-27 15:00:00+05:30,343.8,346.3,343.6,345.75,174702,BIOCON
1524,2025-03-27 15:15:00+05:30,345.6,348.0,343.75,343.75,177033,BIOCON
1525,2025-03-28 09:15:00+05:30,344.95,349.3,344.2,345.65,150809,BIOCON
1526,2025-03-28 09:30:00+05:30,345.55,345.8,340.75,342.5,204700,BIOCON
1527,2025-03-28 09:45:00+05:30,342.2,344.4,342.0,343.0,76582,BIOCON
1528,2025-03-28 10:00:00+05:30,342.75,343.35,340.1,340.65,71557,BIOCON
1529,2025-03-28 10:15:00+05:30,340.85,341.5,340.1,341.05,83712,BIOCON
1530,2025-03-28 10:30:00+05:30,341.3,342.7,340.3,341.9,82011,BIOCON
1531,2025-03-28 10:45:00+05:30,341.75,343.7,341.6,343.15,127548,BIOCON
1532,2025-03-28 11:00:00+05:30,343.2,343.5,340.5,340.55,37994,BIOCON
1533,2025-03-28 11:15:00+05:30,340.5,341.65,339.35,339.65,58284,BIOCON
1534,2025-03-28 11:30:00+05:30,339.65,342.6,339.6,342.0,107547,BIOCON
1535,2025-03-28 11:45:00+05:30,342.0,342.95,341.3,341.7,83877,BIOCON
1536,2025-03-28 12:00:00+05:30,341.9,342.2,341.0,341.0,18305,BIOCON
1537,2025-03-28 12:15:00+05:30,341.0,341.65,340.0,341.2,152773,BIOCON
1538,2025-03-28 12:30:00+05:30,341.2,341.75,340.45,341.3,128654,BIOCON
1539,2025-03-28 12:45:00+05:30,341.3,341.8,341.0,341.15,17809,BIOCON
1540,2025-03-28 13:00:00+05:30,341.0,341.25,339.6,340.05,80371,BIOCON
1541,2025-03-28 13:15:00+05:30,340.3,341.0,339.55,340.5,44270,BIOCON
1542,2025-03-28 13:30:00+05:30,340.45,341.55,340.35,341.15,69174,BIOCON
1543,2025-03-28 13:45:00+05:30,341.0,341.6,340.7,341.3,104162,BIOCON
1544,2025-03-28 14:00:00+05:30,341.25,341.9,340.6,341.85,54677,BIOCON
1545,2025-03-28 14:15:00+05:30,341.7,343.2,341.7,343.0,100783,BIOCON
1546,2025-03-28 14:30:00+05:30,343.0,344.5,342.55,343.9,98828,BIOCON
1547,2025-03-28 14:45:00+05:30,344.1,344.35,343.4,343.75,63731,BIOCON
1548,2025-03-28 15:00:00+05:30,343.55,343.9,341.35,342.5,130935,BIOCON
1549,2025-03-28 15:15:00+05:30,342.5,342.5,340.75,340.9,187995,BIOCON
1550,2025-04-01 09:15:00+05:30,338.5,345.35,338.4,344.3,156947,BIOCON
1551,2025-04-01 09:30:00+05:30,344.05,348.55,343.9,348.1,94707,BIOCON
1552,2025-04-01 09:45:00+05:30,347.85,348.0,345.2,345.6,70068,BIOCON
1553,2025-04-01 10:00:00+05:30,345.65,346.55,345.05,345.7,35228,BIOCON
1554,2025-04-01 10:15:00+05:30,345.65,347.3,344.3,344.5,64425,BIOCON
1555,2025-04-01 10:30:00+05:30,344.65,345.0,343.3,343.5,89410,BIOCON
1556,2025-04-01 10:45:00+05:30,343.5,343.75,342.45,342.5,47824,BIOCON
1557,2025-04-01 11:00:00+05:30,342.5,343.0,342.4,342.75,17244,BIOCON
1558,2025-04-01 11:15:00+05:30,342.75,345.0,342.7,343.85,60969,BIOCON
1559,2025-04-01 11:30:00+05:30,344.0,344.0,340.75,341.25,40112,BIOCON
1560,2025-04-01 11:45:00+05:30,340.95,341.4,339.75,340.2,38716,BIOCON
1561,2025-04-01 12:00:00+05:30,340.1,340.95,339.6,340.75,12443,BIOCON
1562,2025-04-01 12:15:00+05:30,340.7,341.75,340.55,341.0,55647,BIOCON
1563,2025-04-01 12:30:00+05:30,341.2,342.0,340.95,341.55,25390,BIOCON
1564,2025-04-01 12:45:00+05:30,341.65,341.65,340.25,340.6,9655,BIOCON
1565,2025-04-01 13:00:00+05:30,340.6,341.85,340.1,341.55,16537,BIOCON
1566,2025-04-01 13:15:00+05:30,341.4,341.65,340.05,340.45,21620,BIOCON
1567,2025-04-01 13:30:00+05:30,340.05,341.55,340.05,340.9,7178,BIOCON
1568,2025-04-01 13:45:00+05:30,340.95,341.05,340.05,340.15,10207,BIOCON
1569,2025-04-01 14:00:00+05:30,340.1,340.95,339.2,339.5,25734,BIOCON
1570,2025-04-01 14:15:00+05:30,339.2,339.3,338.2,338.95,27468,BIOCON
1571,2025-04-01 14:30:00+05:30,339.15,339.7,338.8,339.05,13322,BIOCON
1572,2025-04-01 14:45:00+05:30,339.3,339.8,338.8,339.2,15471,BIOCON
1573,2025-04-01 15:00:00+05:30,339.5,339.95,338.7,338.95,32330,BIOCON
1574,2025-04-01 15:15:00+05:30,338.95,339.9,338.5,338.55,76777,BIOCON
1575,2025-04-02 09:15:00+05:30,337.85,339.95,334.85,338.45,156199,BIOCON
1576,2025-04-02 09:30:00+05:30,338.3,341.4,338.05,338.6,94444,BIOCON
1577,2025-04-02 09:45:00+05:30,338.5,338.55,336.55,338.2,60546,BIOCON
1578,2025-04-02 10:00:00+05:30,338.15,338.5,337.15,337.5,26590,BIOCON
1579,2025-04-02 10:15:00+05:30,337.45,338.45,336.05,336.95,31010,BIOCON
1580,2025-04-02 10:30:00+05:30,336.95,338.55,336.75,337.95,18634,BIOCON
1581,2025-04-02 10:45:00+05:30,337.7,339.75,337.7,339.0,30042,BIOCON
1582,2025-04-02 11:00:00+05:30,339.0,340.0,339.0,339.25,15416,BIOCON
1583,2025-04-02 11:15:00+05:30,339.3,339.7,338.25,338.95,18305,BIOCON
1584,2025-04-02 11:30:00+05:30,338.85,339.5,337.65,337.7,11263,BIOCON
1585,2025-04-02 11:45:00+05:30,337.9,339.0,337.7,338.75,10729,BIOCON
1586,2025-04-02 12:00:00+05:30,338.75,340.4,338.1,340.0,31802,BIOCON
1587,2025-04-02 12:15:00+05:30,340.0,342.65,339.7,342.45,52670,BIOCON
1588,2025-04-02 12:30:00+05:30,342.3,342.8,341.45,341.75,21089,BIOCON
1589,2025-04-02 12:45:00+05:30,341.75,342.35,340.0,340.6,16698,BIOCON
1590,2025-04-02 13:00:00+05:30,340.4,341.3,340.4,341.05,12402,BIOCON
1591,2025-04-02 13:15:00+05:30,341.25,341.5,340.55,340.95,21004,BIOCON
1592,2025-04-02 13:30:00+05:30,341.15,341.15,340.05,340.35,5553,BIOCON
1593,2025-04-02 13:45:00+05:30,340.35,341.75,340.1,341.5,24107,BIOCON
1594,2025-04-02 14:00:00+05:30,341.25,342.5,341.2,342.3,18433,BIOCON
1595,2025-04-02 14:15:00+05:30,342.3,344.5,342.05,344.05,39343,BIOCON
1596,2025-04-02 14:30:00+05:30,344.2,344.35,342.7,343.15,26509,BIOCON
1597,2025-04-02 14:45:00+05:30,343.15,343.15,342.0,342.7,24853,BIOCON
1598,2025-04-02 15:00:00+05:30,342.65,343.95,341.0,341.15,87380,BIOCON
1599,2025-04-02 15:15:00+05:30,341.1,343.9,340.85,342.3,76716,BIOCON
1600,2025-04-03 09:15:00+05:30,349.0,357.4,348.0,355.55,1304741,BIOCON
1601,2025-04-03 09:30:00+05:30,355.75,356.75,352.05,352.4,386492,BIOCON
1602,2025-04-03 09:45:00+05:30,352.25,352.5,348.65,348.85,251438,BIOCON
1603,2025-04-03 10:00:00+05:30,348.9,350.15,347.15,348.0,220213,BIOCON
1604,2025-04-03 10:15:00+05:30,347.7,349.65,347.7,348.4,91247,BIOCON
1605,2025-04-03 10:30:00+05:30,348.25,349.2,347.05,349.2,81541,BIOCON
1606,2025-04-03 10:45:00+05:30,349.2,349.2,346.4,347.15,93916,BIOCON
1607,2025-04-03 11:00:00+05:30,347.15,347.7,346.5,347.05,48680,BIOCON
1608,2025-04-03 11:15:00+05:30,347.0,347.1,345.5,346.7,76458,BIOCON
1609,2025-04-03 11:30:00+05:30,346.7,347.8,346.3,347.4,36084,BIOCON
1610,2025-04-03 11:45:00+05:30,347.4,348.4,347.25,348.25,19196,BIOCON
1611,2025-04-03 12:00:00+05:30,348.25,348.35,347.15,347.55,22831,BIOCON
1612,2025-04-03 12:15:00+05:30,347.55,347.55,346.3,346.95,19089,BIOCON
1613,2025-04-03 12:30:00+05:30,346.9,346.95,346.25,346.25,18107,BIOCON
1614,2025-04-03 12:45:00+05:30,346.25,346.5,345.05,346.0,57216,BIOCON
1615,2025-04-03 13:00:00+05:30,346.0,346.2,344.2,345.3,103058,BIOCON
1616,2025-04-03 13:15:00+05:30,345.05,346.35,344.8,346.15,30385,BIOCON
1617,2025-04-03 13:30:00+05:30,346.15,346.5,345.55,345.95,34442,BIOCON
1618,2025-04-03 13:45:00+05:30,345.95,346.9,345.8,346.2,40704,BIOCON
1619,2025-04-03 14:00:00+05:30,346.45,348.2,346.25,346.75,88245,BIOCON
1620,2025-04-03 14:15:00+05:30,346.8,347.2,346.0,346.25,23005,BIOCON
1621,2025-04-03 14:30:00+05:30,346.25,346.5,344.95,345.65,46640,BIOCON
1622,2025-04-03 14:45:00+05:30,345.85,346.0,345.05,345.2,61067,BIOCON
1623,2025-04-03 15:00:00+05:30,345.4,346.25,345.0,346.15,208851,BIOCON
1624,2025-04-03 15:15:00+05:30,346.15,346.2,345.25,345.9,202191,BIOCON
1625,2025-04-04 09:15:00+05:30,342.55,343.2,335.45,337.0,410602,BIOCON
1626,2025-04-04 09:30:00+05:30,336.95,339.4,333.35,333.95,199593,BIOCON
1627,2025-04-04 09:45:00+05:30,333.85,334.05,325.5,326.0,536105,BIOCON
1628,2025-04-04 10:00:00+05:30,325.85,327.39,324.64,324.7,150070,BIOCON
1629,2025-04-04 10:15:00+05:30,324.95,325.64,321.3,321.7,195138,BIOCON
1630,2025-04-04 10:30:00+05:30,321.5,326.95,321.35,325.95,179103,BIOCON
1631,2025-04-04 10:45:00+05:30,325.95,327.9,325.85,327.3,75743,BIOCON
1632,2025-04-04 11:00:00+05:30,327.1,328.55,326.64,328.45,294314,BIOCON
1633,2025-04-04 11:15:00+05:30,328.4,329.15,327.95,329.1,55998,BIOCON
1634,2025-04-04 11:30:00+05:30,329.1,329.3,327.85,328.35,59468,BIOCON
1635,2025-04-04 11:45:00+05:30,328.3,329.45,327.55,328.75,409761,BIOCON
1636,2025-04-04 12:00:00+05:30,328.7,329.85,327.7,329.25,77447,BIOCON
1637,2025-04-04 12:15:00+05:30,329.25,329.9,328.9,328.95,50975,BIOCON
1638,2025-04-04 12:30:00+05:30,329.0,329.5,328.15,329.15,50960,BIOCON
1639,2025-04-04 12:45:00+05:30,329.15,329.9,328.4,329.55,48266,BIOCON
1640,2025-04-04 13:00:00+05:30,329.55,329.6,328.4,328.5,52422,BIOCON
1641,2025-04-04 13:15:00+05:30,328.75,329.5,328.3,328.65,61180,BIOCON
1642,2025-04-04 13:30:00+05:30,328.7,328.7,325.05,325.64,88150,BIOCON
1643,2025-04-04 13:45:00+05:30,325.45,326.55,325.0,326.05,58371,BIOCON
1644,2025-04-04 14:00:00+05:30,326.3,327.5,325.7,327.35,63709,BIOCON
1645,2025-04-04 14:15:00+05:30,327.35,327.64,325.95,326.6,43702,BIOCON
1646,2025-04-04 14:30:00+05:30,326.75,327.05,325.0,325.25,98065,BIOCON
1647,2025-04-04 14:45:00+05:30,325.2,326.95,325.14,326.45,95143,BIOCON
1648,2025-04-04 15:00:00+05:30,326.45,328.1,326.39,327.75,129453,BIOCON
1649,2025-04-04 15:15:00+05:30,327.75,328.65,327.35,328.0,230033,BIOCON
1650,2025-04-07 09:15:00+05:30,299.1,311.75,299.0,309.7,457361,BIOCON
1651,2025-04-07 09:30:00+05:30,309.75,311.75,306.7,308.1,176075,BIOCON
1652,2025-04-07 09:45:00+05:30,308.1,309.0,306.5,308.25,110003,BIOCON
1653,2025-04-07 10:00:00+05:30,308.3,309.3,305.39,306.35,94472,BIOCON
1654,2025-04-07 10:15:00+05:30,306.64,307.25,303.5,306.8,72037,BIOCON
1655,2025-04-07 10:30:00+05:30,306.85,307.95,304.2,307.55,143779,BIOCON
1656,2025-04-07 10:45:00+05:30,307.6,309.85,306.85,307.39,102423,BIOCON
1657,2025-04-07 11:00:00+05:30,307.75,308.7,306.8,308.3,118043,BIOCON
1658,2025-04-07 11:15:00+05:30,308.3,308.95,307.14,307.64,48835,BIOCON
1659,2025-04-07 11:30:00+05:30,307.95,309.3,306.14,306.64,49454,BIOCON
1660,2025-04-07 11:45:00+05:30,306.6,307.39,305.6,306.1,45906,BIOCON
1661,2025-04-07 12:00:00+05:30,306.35,306.39,303.75,304.3,37906,BIOCON
1662,2025-04-07 12:15:00+05:30,304.3,304.35,302.64,303.25,52502,BIOCON
1663,2025-04-07 12:30:00+05:30,303.25,304.14,302.05,304.05,66773,BIOCON
1664,2025-04-07 12:45:00+05:30,303.8,304.45,302.3,302.55,53062,BIOCON
1665,2025-04-07 13:00:00+05:30,302.35,302.5,300.5,301.14,79494,BIOCON
1666,2025-04-07 13:15:00+05:30,301.25,302.8,300.25,302.14,57801,BIOCON
1667,2025-04-07 13:30:00+05:30,302.2,305.0,302.0,304.5,132840,BIOCON
1668,2025-04-07 13:45:00+05:30,304.5,305.45,303.35,304.3,67785,BIOCON
1669,2025-04-07 14:00:00+05:30,304.3,304.39,303.0,303.6,43987,BIOCON
1670,2025-04-07 14:15:00+05:30,303.8,305.39,303.35,305.2,79322,BIOCON
1671,2025-04-07 14:30:00+05:30,305.05,306.05,304.8,305.14,86703,BIOCON
1672,2025-04-07 14:45:00+05:30,305.0,306.35,305.0,306.14,59882,BIOCON
1673,2025-04-07 15:00:00+05:30,306.14,307.75,306.0,306.75,136189,BIOCON
1674,2025-04-07 15:15:00+05:30,306.8,309.95,306.25,308.14,272027,BIOCON
1675,2025-04-08 09:15:00+05:30,312.05,324.0,312.05,315.45,202068,BIOCON
1676,2025-04-08 09:30:00+05:30,315.5,315.7,309.7,310.14,131407,BIOCON
1677,2025-04-08 09:45:00+05:30,310.1,311.14,308.5,309.3,93884,BIOCON
1678,2025-04-08 10:00:00+05:30,309.3,311.5,308.85,310.85,83001,BIOCON
1679,2025-04-08 10:15:00+05:30,310.8,313.2,310.3,313.05,107859,BIOCON
1680,2025-04-08 10:30:00+05:30,313.2,314.5,310.1,310.25,114211,BIOCON
1681,2025-04-08 10:45:00+05:30,310.25,313.7,309.14,313.35,117109,BIOCON
1682,2025-04-08 11:00:00+05:30,313.2,316.8,312.95,315.0,128844,BIOCON
1683,2025-04-08 11:15:00+05:30,315.0,317.0,314.75,315.89,105850,BIOCON
1684,2025-04-08 11:30:00+05:30,316.25,316.64,315.05,315.89,75394,BIOCON
1685,2025-04-08 11:45:00+05:30,316.0,316.25,314.7,315.3,61222,BIOCON
1686,2025-04-08 12:00:00+05:30,315.45,319.64,315.45,319.5,102663,BIOCON
1687,2025-04-08 12:15:00+05:30,319.35,321.75,318.2,321.7,197244,BIOCON
1688,2025-04-08 12:30:00+05:30,321.7,324.8,321.39,324.5,292845,BIOCON
1689,2025-04-08 12:45:00+05:30,324.5,327.39,323.75,326.7,385634,BIOCON
1690,2025-04-08 13:00:00+05:30,326.7,327.3,325.25,325.7,334685,BIOCON
1691,2025-04-08 13:15:00+05:30,325.85,326.05,324.14,325.05,189063,BIOCON
1692,2025-04-08 13:30:00+05:30,325.14,325.6,324.1,324.75,137215,BIOCON
1693,2025-04-08 13:45:00+05:30,324.64,324.8,320.5,321.25,262710,BIOCON
1694,2025-04-08 14:00:00+05:30,321.2,322.3,319.45,320.0,397634,BIOCON
1695,2025-04-08 14:15:00+05:30,320.1,323.85,319.75,323.75,180171,BIOCON
1696,2025-04-08 14:30:00+05:30,323.64,324.14,323.0,323.0,80556,BIOCON
1697,2025-04-08 14:45:00+05:30,323.1,323.14,321.5,321.85,72242,BIOCON
1698,2025-04-08 15:00:00+05:30,321.85,322.45,321.35,321.8,72107,BIOCON
1699,2025-04-08 15:15:00+05:30,321.95,323.25,321.64,322.14,155746,BIOCON
1700,2025-04-09 09:15:00+05:30,315.64,316.1,310.35,311.3,350270,BIOCON
1701,2025-04-09 09:30:00+05:30,311.39,311.55,309.14,311.35,188258,BIOCON
1702,2025-04-09 09:45:00+05:30,311.1,311.45,308.95,310.0,212427,BIOCON
1703,2025-04-09 10:00:00+05:30,310.0,310.1,306.64,307.75,344807,BIOCON
1704,2025-04-09 10:15:00+05:30,307.7,310.5,307.3,309.55,220679,BIOCON
1705,2025-04-09 10:30:00+05:30,309.39,310.3,308.5,308.8,95684,BIOCON
1706,2025-04-09 10:45:00+05:30,308.8,309.45,307.85,307.85,103798,BIOCON
1707,2025-04-09 11:00:00+05:30,307.85,307.85,305.1,306.0,233032,BIOCON
1708,2025-04-09 11:15:00+05:30,306.05,306.89,305.8,306.85,69206,BIOCON
1709,2025-04-09 11:30:00+05:30,306.85,309.75,306.85,308.8,146279,BIOCON
1710,2025-04-09 11:45:00+05:30,308.89,309.39,307.35,307.39,160707,BIOCON
1711,2025-04-09 12:00:00+05:30,307.45,307.95,306.35,307.85,140118,BIOCON
1712,2025-04-09 12:15:00+05:30,307.89,307.95,307.0,307.25,34760,BIOCON
1713,2025-04-09 12:30:00+05:30,307.1,309.2,307.0,308.6,84756,BIOCON
1714,2025-04-09 12:45:00+05:30,308.55,310.85,308.55,309.55,122167,BIOCON
1715,2025-04-09 13:00:00+05:30,309.39,310.6,309.0,310.14,65172,BIOCON
1716,2025-04-09 13:15:00+05:30,310.0,310.45,308.2,308.75,55591,BIOCON
1717,2025-04-09 13:30:00+05:30,308.7,308.85,307.55,307.8,70744,BIOCON
1718,2025-04-09 13:45:00+05:30,307.8,308.25,307.2,308.14,56496,BIOCON
1719,2025-04-09 14:00:00+05:30,308.14,308.5,307.14,307.25,46277,BIOCON
1720,2025-04-09 14:15:00+05:30,307.25,307.5,306.64,306.75,68038,BIOCON
1721,2025-04-09 14:30:00+05:30,306.8,307.5,306.45,307.25,55073,BIOCON
1722,2025-04-09 14:45:00+05:30,307.14,307.8,306.45,306.64,95204,BIOCON
1723,2025-04-09 15:00:00+05:30,306.7,307.5,306.39,306.8,120947,BIOCON
1724,2025-04-09 15:15:00+05:30,306.8,307.0,305.0,305.6,337462,BIOCON
1725,2025-04-11 09:15:00+05:30,320.0,323.0,315.1,316.05,849021,BIOCON
1726,2025-04-11 09:30:00+05:30,316.05,317.95,315.1,316.6,237347,BIOCON
1727,2025-04-11 09:45:00+05:30,316.6,316.85,313.6,314.45,316409,BIOCON
1728,2025-04-11 10:00:00+05:30,314.35,315.8,314.3,314.85,102033,BIOCON
1729,2025-04-11 10:15:00+05:30,314.85,315.39,313.8,315.25,100801,BIOCON
1730,2025-04-11 10:30:00+05:30,315.39,317.25,315.39,315.95,123535,BIOCON
1731,2025-04-11 10:45:00+05:30,315.95,316.64,315.25,316.35,60701,BIOCON
1732,2025-04-11 11:00:00+05:30,316.55,317.2,316.35,316.39,65371,BIOCON
1733,2025-04-11 11:15:00+05:30,316.55,316.6,315.8,316.0,31351,BIOCON
1734,2025-04-11 11:30:00+05:30,316.25,317.8,316.0,317.0,84876,BIOCON
1735,2025-04-11 11:45:00+05:30,317.0,317.8,316.55,316.64,64232,BIOCON
1736,2025-04-11 12:00:00+05:30,316.85,317.75,316.64,317.05,39422,BIOCON
1737,2025-04-11 12:15:00+05:30,317.14,318.5,317.05,317.75,73423,BIOCON
1738,2025-04-11 12:30:00+05:30,317.55,318.05,317.14,317.64,65179,BIOCON
1739,2025-04-11 12:45:00+05:30,317.64,318.75,317.5,317.55,66846,BIOCON
1740,2025-04-11 13:00:00+05:30,317.55,317.89,317.1,317.7,37778,BIOCON
1741,2025-04-11 13:15:00+05:30,317.7,317.7,316.0,316.1,32636,BIOCON
1742,2025-04-11 13:30:00+05:30,316.1,316.39,315.3,316.35,49893,BIOCON
1743,2025-04-11 13:45:00+05:30,316.2,316.39,315.0,316.25,56196,BIOCON
1744,2025-04-11 14:00:00+05:30,316.39,316.45,315.45,315.8,44027,BIOCON
1745,2025-04-11 14:15:00+05:30,315.75,316.0,315.2,315.35,32528,BIOCON
1746,2025-04-11 14:30:00+05:30,315.35,316.89,315.14,316.89,49832,BIOCON
1747,2025-04-11 14:45:00+05:30,316.85,317.2,315.89,317.05,81285,BIOCON
1748,2025-04-11 15:00:00+05:30,317.05,317.14,315.75,316.55,161364,BIOCON
1749,2025-04-11 15:15:00+05:30,316.6,318.5,316.05,317.0,231027,BIOCON
1750,2025-04-15 09:15:00+05:30,321.0,326.3,319.7,324.55,347684,BIOCON
1751,2025-04-15 09:30:00+05:30,324.5,327.0,324.45,326.1,108781,BIOCON
1752,2025-04-15 09:45:00+05:30,326.25,326.85,326.0,326.6,53953,BIOCON
1753,2025-04-15 10:00:00+05:30,326.64,327.35,326.0,326.8,63002,BIOCON
1754,2025-04-15 10:15:00+05:30,326.75,326.95,326.0,326.45,32213,BIOCON
1755,2025-04-15 10:30:00+05:30,326.6,326.8,326.0,326.75,19989,BIOCON
1756,2025-04-15 10:45:00+05:30,326.75,327.14,326.05,327.05,51531,BIOCON
1757,2025-04-15 11:00:00+05:30,327.05,328.55,326.8,328.55,57934,BIOCON
1758,2025-04-15 11:15:00+05:30,328.3,329.2,328.05,328.95,173029,BIOCON
1759,2025-04-15 11:30:00+05:30,328.9,329.55,328.1,328.3,78103,BIOCON
1760,2025-04-15 11:45:00+05:30,328.3,328.8,327.7,328.4,76530,BIOCON
1761,2025-04-15 12:00:00+05:30,328.4,328.8,327.95,328.35,56665,BIOCON
1762,2025-04-15 12:15:00+05:30,328.2,328.65,328.15,328.6,50039,BIOCON
1763,2025-04-15 12:30:00+05:30,328.6,329.6,328.4,329.55,72660,BIOCON
1764,2025-04-15 12:45:00+05:30,329.55,329.55,328.75,329.3,48924,BIOCON
1765,2025-04-15 13:00:00+05:30,329.3,329.35,328.9,329.15,29041,BIOCON
1766,2025-04-15 13:15:00+05:30,329.15,329.3,328.1,328.25,67732,BIOCON
1767,2025-04-15 13:30:00+05:30,328.5,328.65,328.0,328.35,38351,BIOCON
1768,2025-04-15 13:45:00+05:30,328.35,328.75,328.0,328.6,231244,BIOCON
1769,2025-04-15 14:00:00+05:30,328.6,330.65,327.95,330.1,434269,BIOCON
1770,2025-04-15 14:15:00+05:30,330.3,330.3,328.85,328.9,81819,BIOCON
1771,2025-04-15 14:30:00+05:30,329.0,329.35,328.4,329.3,57777,BIOCON
1772,2025-04-15 14:45:00+05:30,329.3,329.4,328.7,329.35,69411,BIOCON
1773,2025-04-15 15:00:00+05:30,329.15,329.5,329.05,329.15,104801,BIOCON
1774,2025-04-15 15:15:00+05:30,329.15,330.25,328.45,329.45,802082,BIOCON
1775,2025-04-16 09:15:00+05:30,329.05,330.75,328.25,330.35,137401,BIOCON
1776,2025-04-16 09:30:00+05:30,330.25,331.2,329.75,330.3,62390,BIOCON
1777,2025-04-16 09:45:00+05:30,330.5,330.7,329.75,330.15,30374,BIOCON
1778,2025-04-16 10:00:00+05:30,330.15,330.85,330.0,330.3,40390,BIOCON
1779,2025-04-16 10:15:00+05:30,330.3,330.3,327.45,329.1,103892,BIOCON
1780,2025-04-16 10:30:00+05:30,329.1,329.65,328.4,329.35,26643,BIOCON
1781,2025-04-16 10:45:00+05:30,329.5,331.7,329.45,330.55,65599,BIOCON
1782,2025-04-16 11:00:00+05:30,330.5,330.7,329.65,330.6,20477,BIOCON
1783,2025-04-16 11:15:00+05:30,330.6,330.6,329.45,329.45,27714,BIOCON
1784,2025-04-16 11:30:00+05:30,329.45,329.7,327.55,329.2,71875,BIOCON
1785,2025-04-16 11:45:00+05:30,329.2,330.0,328.95,329.6,37227,BIOCON
1786,2025-04-16 12:00:00+05:30,329.6,329.8,328.45,329.55,51819,BIOCON
1787,2025-04-16 12:15:00+05:30,329.55,330.25,329.4,329.5,28586,BIOCON
1788,2025-04-16 12:30:00+05:30,329.55,329.75,328.5,329.3,38880,BIOCON
1789,2025-04-16 12:45:00+05:30,329.25,329.4,328.05,328.55,45973,BIOCON
1790,2025-04-16 13:00:00+05:30,328.55,329.5,328.4,329.35,42170,BIOCON
1791,2025-04-16 13:15:00+05:30,329.4,329.45,327.64,327.85,50969,BIOCON
1792,2025-04-16 13:30:00+05:30,328.05,328.4,327.64,328.1,43286,BIOCON
1793,2025-04-16 13:45:00+05:30,328.1,329.4,327.7,329.15,32360,BIOCON
1794,2025-04-16 14:00:00+05:30,329.2,329.6,328.95,329.6,66281,BIOCON
1795,2025-04-16 14:15:00+05:30,329.6,329.95,329.45,329.7,23957,BIOCON
1796,2025-04-16 14:30:00+05:30,329.7,329.75,328.6,329.05,23616,BIOCON
1797,2025-04-16 14:45:00+05:30,329.05,329.15,328.35,328.9,24613,BIOCON
1798,2025-04-16 15:00:00+05:30,329.05,329.5,328.95,329.25,40677,BIOCON
1799,2025-04-16 15:15:00+05:30,329.25,329.5,328.75,329.25,112853,BIOCON
1800,2025-04-17 09:15:00+05:30,329.1,332.5,327.55,329.6,102654,BIOCON
1801,2025-04-17 09:30:00+05:30,329.7,330.2,328.2,329.6,68434,BIOCON
1802,2025-04-17 09:45:00+05:30,329.5,331.6,329.0,329.35,80297,BIOCON
1803,2025-04-17 10:00:00+05:30,329.25,329.7,328.4,329.05,30174,BIOCON
1804,2025-04-17 10:15:00+05:30,329.15,331.3,328.95,331.0,32389,BIOCON
1805,2025-04-17 10:30:00+05:30,331.0,332.35,330.9,331.8,74234,BIOCON
1806,2025-04-17 10:45:00+05:30,331.85,332.0,331.0,331.15,17662,BIOCON
1807,2025-04-17 11:00:00+05:30,331.0,331.85,331.0,331.45,24903,BIOCON
1808,2025-04-17 11:15:00+05:30,331.5,332.05,331.25,331.5,56564,BIOCON
1809,2025-04-17 11:30:00+05:30,331.7,332.4,331.4,332.25,52121,BIOCON
1810,2025-04-17 11:45:00+05:30,332.25,332.35,331.2,331.5,14325,BIOCON
1811,2025-04-17 12:00:00+05:30,331.5,331.6,331.2,331.45,12856,BIOCON
1812,2025-04-17 12:15:00+05:30,331.4,331.8,331.35,331.55,15143,BIOCON
1813,2025-04-17 12:30:00+05:30,331.6,333.0,331.6,332.7,41212,BIOCON
1814,2025-04-17 12:45:00+05:30,332.5,332.8,331.6,331.85,24030,BIOCON
1815,2025-04-17 13:00:00+05:30,331.85,331.85,331.3,331.65,10733,BIOCON
1816,2025-04-17 13:15:00+05:30,331.65,331.65,330.75,331.2,25055,BIOCON
1817,2025-04-17 13:30:00+05:30,331.2,331.25,330.2,330.5,25684,BIOCON
1818,2025-04-17 13:45:00+05:30,330.65,331.95,330.45,331.9,20278,BIOCON
1819,2025-04-17 14:00:00+05:30,331.85,332.35,331.0,331.8,37427,BIOCON
1820,2025-04-17 14:15:00+05:30,331.85,332.0,331.45,331.75,16518,BIOCON
1821,2025-04-17 14:30:00+05:30,331.6,332.8,331.55,332.3,37262,BIOCON
1822,2025-04-17 14:45:00+05:30,332.1,332.5,331.75,332.1,24955,BIOCON
1823,2025-04-17 15:00:00+05:30,332.0,332.2,331.25,331.45,30348,BIOCON
1824,2025-04-17 15:15:00+05:30,331.45,331.65,330.3,330.35,82040,BIOCON
1825,2025-04-21 09:15:00+05:30,335.8,335.8,329.2,330.1,194850,BIOCON
1826,2025-04-21 09:30:00+05:30,330.2,331.5,329.4,331.35,87991,BIOCON
1827,2025-04-21 09:45:00+05:30,331.5,332.9,331.15,332.7,62574,BIOCON
1828,2025-04-21 10:00:00+05:30,332.85,332.9,332.15,332.2,41982,BIOCON
1829,2025-04-21 10:15:00+05:30,332.05,332.65,332.0,332.65,18859,BIOCON
1830,2025-04-21 10:30:00+05:30,332.5,333.75,332.2,332.25,59871,BIOCON
1831,2025-04-21 10:45:00+05:30,332.25,332.55,331.7,332.15,104610,BIOCON
1832,2025-04-21 11:00:00+05:30,332.15,332.85,332.0,332.4,46983,BIOCON
1833,2025-04-21 11:15:00+05:30,332.4,332.95,332.35,332.5,26121,BIOCON
1834,2025-04-21 11:30:00+05:30,332.65,333.15,332.0,332.65,49073,BIOCON
1835,2025-04-21 11:45:00+05:30,332.8,333.4,332.2,332.55,40155,BIOCON
1836,2025-04-21 12:00:00+05:30,332.65,333.3,332.25,332.85,27758,BIOCON
1837,2025-04-21 12:15:00+05:30,332.9,334.9,332.9,334.15,94404,BIOCON
1838,2025-04-21 12:30:00+05:30,334.2,334.5,333.7,333.7,29510,BIOCON
1839,2025-04-21 12:45:00+05:30,333.7,334.3,332.95,333.5,112180,BIOCON
1840,2025-04-21 13:00:00+05:30,333.5,333.9,331.65,331.65,88450,BIOCON
1841,2025-04-21 13:15:00+05:30,331.75,332.15,331.0,331.9,73226,BIOCON
1842,2025-04-21 13:30:00+05:30,331.9,332.2,331.2,331.2,45379,BIOCON
1843,2025-04-21 13:45:00+05:30,331.4,332.0,330.55,331.85,26224,BIOCON
1844,2025-04-21 14:00:00+05:30,332.0,332.75,331.65,332.55,81807,BIOCON
1845,2025-04-21 14:15:00+05:30,332.55,333.1,332.3,332.7,45359,BIOCON
1846,2025-04-21 14:30:00+05:30,332.9,333.45,332.4,333.3,33714,BIOCON
1847,2025-04-21 14:45:00+05:30,333.3,333.75,332.1,332.5,41707,BIOCON
1848,2025-04-21 15:00:00+05:30,332.7,332.7,331.6,332.0,194510,BIOCON
1849,2025-04-21 15:15:00+05:30,332.0,332.0,331.7,331.7,231357,BIOCON
1850,2025-04-22 09:15:00+05:30,332.45,333.25,327.7,328.5,137625,BIOCON
1851,2025-04-22 09:30:00+05:30,328.45,329.65,328.25,329.3,97304,BIOCON
1852,2025-04-22 09:45:00+05:30,329.35,330.0,328.55,329.5,62707,BIOCON
1853,2025-04-22 10:00:00+05:30,329.7,330.75,329.55,330.15,50629,BIOCON
1854,2025-04-22 10:15:00+05:30,330.25,330.5,329.8,330.3,31296,BIOCON
1855,2025-04-22 10:30:00+05:30,330.2,331.35,330.0,331.2,40445,BIOCON
1856,2025-04-22 10:45:00+05:30,331.2,332.75,331.15,332.45,70781,BIOCON
1857,2025-04-22 11:00:00+05:30,332.4,332.4,330.1,330.45,65772,BIOCON
1858,2025-04-22 11:15:00+05:30,330.2,330.55,328.8,328.8,78121,BIOCON
1859,2025-04-22 11:30:00+05:30,328.7,329.5,328.3,329.15,46804,BIOCON
1860,2025-04-22 11:45:00+05:30,329.0,330.0,329.0,329.85,54829,BIOCON
1861,2025-04-22 12:00:00+05:30,329.75,331.55,329.6,331.5,120278,BIOCON
1862,2025-04-22 12:15:00+05:30,331.35,336.4,331.35,336.2,333793,BIOCON
1863,2025-04-22 12:30:00+05:30,336.35,336.5,333.1,333.9,124416,BIOCON
1864,2025-04-22 12:45:00+05:30,333.9,335.45,333.4,334.75,83448,BIOCON
1865,2025-04-22 13:00:00+05:30,334.75,335.25,333.8,335.0,69685,BIOCON
1866,2025-04-22 13:15:00+05:30,335.0,335.65,334.65,335.05,65708,BIOCON
1867,2025-04-22 13:30:00+05:30,335.05,335.9,334.0,335.5,98751,BIOCON
1868,2025-04-22 13:45:00+05:30,335.75,335.75,334.8,335.4,48128,BIOCON
1869,2025-04-22 14:00:00+05:30,335.35,335.8,334.65,335.8,58722,BIOCON
1870,2025-04-22 14:15:00+05:30,335.75,336.25,335.7,335.9,69450,BIOCON
1871,2025-04-22 14:30:00+05:30,335.85,337.25,335.75,336.25,115773,BIOCON
1872,2025-04-22 14:45:00+05:30,336.25,336.85,334.8,335.25,146345,BIOCON
1873,2025-04-22 15:00:00+05:30,335.25,335.5,333.9,334.0,85397,BIOCON
1874,2025-04-22 15:15:00+05:30,333.95,334.05,333.2,333.8,199151,BIOCON
1875,2025-04-23 09:15:00+05:30,336.15,338.0,334.8,336.95,238832,BIOCON
1876,2025-04-23 09:30:00+05:30,336.95,338.65,335.25,338.5,160157,BIOCON
1877,2025-04-23 09:45:00+05:30,338.5,339.5,337.8,338.1,158549,BIOCON
1878,2025-04-23 10:00:00+05:30,338.15,338.6,334.0,334.25,126407,BIOCON
1879,2025-04-23 10:15:00+05:30,334.1,335.75,333.1,335.6,147873,BIOCON
1880,2025-04-23 10:30:00+05:30,335.55,335.65,333.6,333.8,107011,BIOCON
1881,2025-04-23 10:45:00+05:30,333.8,335.45,333.1,335.25,241198,BIOCON
1882,2025-04-23 11:00:00+05:30,335.25,336.25,335.1,335.75,80037,BIOCON
1883,2025-04-23 11:15:00+05:30,335.75,336.4,335.55,335.55,27279,BIOCON
1884,2025-04-23 11:30:00+05:30,335.85,336.75,335.1,336.45,23908,BIOCON
1885,2025-04-23 11:45:00+05:30,336.5,337.1,336.05,336.05,47274,BIOCON
1886,2025-04-23 12:00:00+05:30,336.05,336.95,336.0,336.6,25404,BIOCON
1887,2025-04-23 12:15:00+05:30,336.8,336.9,335.5,335.5,31120,BIOCON
1888,2025-04-23 12:30:00+05:30,335.7,336.4,335.45,336.05,16597,BIOCON
1889,2025-04-23 12:45:00+05:30,336.05,337.0,336.05,336.3,41404,BIOCON
1890,2025-04-23 13:00:00+05:30,336.3,336.9,336.3,336.7,15130,BIOCON
1891,2025-04-23 13:15:00+05:30,336.55,338.35,336.3,338.15,56496,BIOCON
1892,2025-04-23 13:30:00+05:30,338.15,338.15,337.0,337.5,28415,BIOCON
1893,2025-04-23 13:45:00+05:30,337.2,338.35,337.1,337.85,33782,BIOCON
1894,2025-04-23 14:00:00+05:30,337.85,338.45,337.5,338.15,24814,BIOCON
1895,2025-04-23 14:15:00+05:30,338.15,338.25,335.65,335.7,157594,BIOCON
1896,2025-04-23 14:30:00+05:30,335.7,336.85,335.35,335.55,138347,BIOCON
1897,2025-04-23 14:45:00+05:30,335.7,336.7,335.4,336.1,61769,BIOCON
1898,2025-04-23 15:00:00+05:30,336.3,336.9,336.1,336.2,248394,BIOCON
1899,2025-04-23 15:15:00+05:30,336.2,336.35,334.9,335.5,444624,BIOCON
1900,2025-04-24 09:15:00+05:30,334.0,335.0,326.2,327.8,647809,BIOCON
1901,2025-04-24 09:30:00+05:30,328.15,328.6,327.14,327.55,504152,BIOCON
1902,2025-04-24 09:45:00+05:30,327.6,328.4,327.0,327.64,214557,BIOCON
1903,2025-04-24 10:00:00+05:30,327.64,328.25,327.35,327.9,166391,BIOCON
1904,2025-04-24 10:15:00+05:30,328.0,332.15,327.75,332.0,857515,BIOCON
1905,2025-04-24 10:30:00+05:30,332.0,332.0,328.95,329.5,201467,BIOCON
1906,2025-04-24 10:45:00+05:30,329.4,330.3,328.25,328.55,91071,BIOCON
1907,2025-04-24 11:00:00+05:30,328.5,328.9,327.64,328.15,124995,BIOCON
1908,2025-04-24 11:15:00+05:30,328.1,328.5,327.14,327.5,155720,BIOCON
1909,2025-04-24 11:30:00+05:30,327.5,328.1,327.3,327.75,78786,BIOCON
1910,2025-04-24 11:45:00+05:30,327.55,328.45,327.45,327.5,125950,BIOCON
1911,2025-04-24 12:00:00+05:30,327.5,327.85,327.0,327.6,106675,BIOCON
1912,2025-04-24 12:15:00+05:30,327.39,327.64,326.7,327.64,112510,BIOCON
1913,2025-04-24 12:30:00+05:30,327.64,328.0,327.25,327.3,41317,BIOCON
1914,2025-04-24 12:45:00+05:30,327.5,327.55,327.0,327.5,27660,BIOCON
1915,2025-04-24 13:00:00+05:30,327.5,327.5,326.5,327.2,66424,BIOCON
1916,2025-04-24 13:15:00+05:30,327.2,327.5,326.8,327.39,33795,BIOCON
1917,2025-04-24 13:30:00+05:30,327.39,327.45,326.8,327.25,33138,BIOCON
1918,2025-04-24 13:45:00+05:30,327.39,327.5,326.7,326.89,37507,BIOCON
1919,2025-04-24 14:00:00+05:30,326.89,327.05,326.55,326.95,55265,BIOCON
1920,2025-04-24 14:15:00+05:30,326.95,327.45,326.7,327.1,62091,BIOCON
1921,2025-04-24 14:30:00+05:30,327.14,327.95,327.1,327.14,68237,BIOCON
1922,2025-04-24 14:45:00+05:30,327.2,327.5,326.7,327.2,99789,BIOCON
1923,2025-04-24 15:00:00+05:30,327.2,327.39,326.39,327.05,219868,BIOCON
1924,2025-04-24 15:15:00+05:30,327.0,328.25,325.05,325.75,571735,BIOCON
1925,2025-04-25 09:15:00+05:30,326.75,328.4,323.75,324.3,245017,BIOCON
1926,2025-04-25 09:30:00+05:30,324.3,324.6,319.5,319.75,278889,BIOCON
1927,2025-04-25 09:45:00+05:30,319.75,321.0,317.1,317.5,217046,BIOCON
1928,2025-04-25 10:00:00+05:30,317.3,317.3,315.0,316.39,440607,BIOCON
1929,2025-04-25 10:15:00+05:30,316.55,316.64,312.0,312.0,246223,BIOCON
1930,2025-04-25 10:30:00+05:30,312.14,313.2,311.1,312.2,191124,BIOCON
1931,2025-04-25 10:45:00+05:30,312.1,312.7,309.64,310.64,248819,BIOCON
1932,2025-04-25 11:00:00+05:30,310.64,310.89,309.05,310.75,150147,BIOCON
1933,2025-04-25 11:15:00+05:30,310.7,311.55,308.45,311.55,154826,BIOCON
1934,2025-04-25 11:30:00+05:30,311.5,312.3,310.45,311.3,151683,BIOCON
1935,2025-04-25 11:45:00+05:30,311.3,312.3,310.14,311.14,151378,BIOCON
1936,2025-04-25 12:00:00+05:30,311.3,313.64,311.3,313.05,120862,BIOCON
1937,2025-04-25 12:15:00+05:30,313.1,313.6,312.5,312.85,54210,BIOCON
1938,2025-04-25 12:30:00+05:30,312.8,313.3,312.1,312.5,56537,BIOCON
1939,2025-04-25 12:45:00+05:30,312.3,313.89,312.3,313.7,50843,BIOCON
1940,2025-04-25 13:00:00+05:30,313.75,314.45,313.3,313.95,119589,BIOCON
1941,2025-04-25 13:15:00+05:30,314.0,314.35,313.35,313.5,78553,BIOCON
1942,2025-04-25 13:30:00+05:30,313.55,314.39,313.05,313.75,59354,BIOCON
1943,2025-04-25 13:45:00+05:30,313.7,314.39,313.55,314.05,72356,BIOCON
1944,2025-04-25 14:00:00+05:30,314.05,314.25,312.14,313.39,126577,BIOCON
1945,2025-04-25 14:15:00+05:30,313.45,314.2,313.0,313.45,67150,BIOCON
1946,2025-04-25 14:30:00+05:30,313.5,313.5,311.8,313.2,144075,BIOCON
1947,2025-04-25 14:45:00+05:30,313.2,313.2,312.05,312.14,75405,BIOCON
1948,2025-04-25 15:00:00+05:30,312.14,312.55,311.55,312.05,217610,BIOCON
1949,2025-04-25 15:15:00+05:30,312.1,312.5,309.85,312.0,603141,BIOCON
1950,2025-04-28 09:15:00+05:30,314.85,318.8,313.0,318.1,350286,BIOCON
1951,2025-04-28 09:30:00+05:30,318.25,319.6,317.2,317.39,170044,BIOCON
1952,2025-04-28 09:45:00+05:30,317.3,318.14,316.25,317.0,140809,BIOCON
1953,2025-04-28 10:00:00+05:30,317.0,319.75,316.39,318.85,120691,BIOCON
1954,2025-04-28 10:15:00+05:30,318.7,319.0,317.1,317.1,64957,BIOCON
1955,2025-04-28 10:30:00+05:30,317.14,318.0,316.75,317.35,36407,BIOCON
1956,2025-04-28 10:45:00+05:30,317.35,318.1,317.05,317.7,25658,BIOCON
1957,2025-04-28 11:00:00+05:30,317.8,319.64,317.25,317.6,85198,BIOCON
1958,2025-04-28 11:15:00+05:30,317.64,319.2,317.35,319.2,67337,BIOCON
1959,2025-04-28 11:30:00+05:30,319.2,320.25,318.85,320.14,111401,BIOCON
1960,2025-04-28 11:45:00+05:30,320.0,320.75,319.85,320.55,67635,BIOCON
1961,2025-04-28 12:00:00+05:30,320.55,320.64,319.64,320.0,71308,BIOCON
1962,2025-04-28 12:15:00+05:30,320.0,321.6,319.95,321.14,111673,BIOCON
1963,2025-04-28 12:30:00+05:30,321.2,322.35,320.7,322.05,105659,BIOCON
1964,2025-04-28 12:45:00+05:30,322.05,322.45,321.55,321.7,79418,BIOCON
1965,2025-04-28 13:00:00+05:30,321.7,322.0,320.5,320.55,58305,BIOCON
1966,2025-04-28 13:15:00+05:30,320.5,320.89,319.89,320.64,85695,BIOCON
1967,2025-04-28 13:30:00+05:30,320.55,321.89,320.0,321.35,59495,BIOCON
1968,2025-04-28 13:45:00+05:30,321.39,321.8,320.1,320.2,38984,BIOCON
1969,2025-04-28 14:00:00+05:30,320.2,320.75,320.2,320.6,23313,BIOCON
1970,2025-04-28 14:15:00+05:30,320.55,320.55,319.7,320.05,120259,BIOCON
1971,2025-04-28 14:30:00+05:30,320.0,320.5,319.35,320.0,151724,BIOCON
1972,2025-04-28 14:45:00+05:30,320.1,321.14,319.95,321.0,46183,BIOCON
1973,2025-04-28 15:00:00+05:30,321.05,321.45,320.0,320.64,104548,BIOCON
1974,2025-04-28 15:15:00+05:30,320.8,321.64,320.0,320.89,130437,BIOCON
1975,2025-04-29 09:15:00+05:30,321.0,323.85,318.0,322.25,126990,BIOCON
1976,2025-04-29 09:30:00+05:30,322.1,322.2,317.2,317.95,160472,BIOCON
1977,2025-04-29 09:45:00+05:30,317.95,319.95,316.7,319.35,80545,BIOCON
1978,2025-04-29 10:00:00+05:30,319.55,319.64,318.1,318.5,29812,BIOCON
1979,2025-04-29 10:15:00+05:30,318.6,319.25,318.1,318.35,24156,BIOCON
1980,2025-04-29 10:30:00+05:30,318.35,318.35,317.5,318.14,34769,BIOCON
1981,2025-04-29 10:45:00+05:30,318.14,319.5,317.89,318.5,40965,BIOCON
1982,2025-04-29 11:00:00+05:30,318.7,320.25,318.14,319.5,43155,BIOCON
1983,2025-04-29 11:15:00+05:30,319.3,319.8,318.8,319.2,13363,BIOCON
1984,2025-04-29 11:30:00+05:30,319.25,319.8,318.5,319.0,24368,BIOCON
1985,2025-04-29 11:45:00+05:30,319.0,319.05,317.55,317.89,18027,BIOCON
1986,2025-04-29 12:00:00+05:30,317.89,319.35,317.55,318.5,29335,BIOCON
1987,2025-04-29 12:15:00+05:30,318.7,318.7,317.3,317.3,12266,BIOCON
1988,2025-04-29 12:30:00+05:30,317.3,318.45,317.3,318.35,11200,BIOCON
1989,2025-04-29 12:45:00+05:30,318.25,318.64,317.8,318.05,18686,BIOCON
1990,2025-04-29 13:00:00+05:30,318.05,318.3,317.7,318.05,8790,BIOCON
1991,2025-04-29 13:15:00+05:30,318.05,318.25,317.45,318.14,12327,BIOCON
1992,2025-04-29 13:30:00+05:30,318.25,319.89,317.95,319.5,80836,BIOCON
1993,2025-04-29 13:45:00+05:30,319.55,320.89,319.39,320.45,37801,BIOCON
1994,2025-04-29 14:00:00+05:30,320.25,320.85,320.05,320.39,21305,BIOCON
1995,2025-04-29 14:15:00+05:30,320.39,321.39,319.5,319.5,83470,BIOCON
1996,2025-04-29 14:30:00+05:30,319.7,320.14,318.35,319.85,56652,BIOCON
1997,2025-04-29 14:45:00+05:30,319.64,319.8,318.05,318.3,62902,BIOCON
1998,2025-04-29 15:00:00+05:30,318.3,319.05,318.2,318.7,50172,BIOCON
1999,2025-04-29 15:15:00+05:30,318.64,320.3,318.3,320.3,131157,BIOCON
2000,2025-04-30 09:15:00+05:30,319.45,321.3,317.0,320.75,257746,BIOCON
2001,2025-04-30 09:30:00+05:30,320.64,323.39,320.64,322.05,183001,BIOCON
2002,2025-04-30 09:45:00+05:30,322.2,323.95,321.5,321.89,154560,BIOCON
2003,2025-04-30 10:00:00+05:30,321.95,323.1,321.64,322.75,62946,BIOCON
2004,2025-04-30 10:15:00+05:30,322.55,323.55,322.5,322.5,58091,BIOCON
2005,2025-04-30 10:30:00+05:30,322.6,322.6,321.14,321.89,68684,BIOCON
2006,2025-04-30 10:45:00+05:30,322.0,323.95,321.89,323.45,56573,BIOCON
2007,2025-04-30 11:00:00+05:30,323.45,324.05,323.0,323.39,43399,BIOCON
2008,2025-04-30 11:15:00+05:30,323.35,323.75,322.75,323.25,45309,BIOCON
2009,2025-04-30 11:30:00+05:30,323.25,323.55,322.85,323.1,40596,BIOCON
2010,2025-04-30 11:45:00+05:30,323.1,323.8,322.75,323.7,92621,BIOCON
2011,2025-04-30 12:00:00+05:30,323.7,325.0,323.7,324.6,112879,BIOCON
2012,2025-04-30 12:15:00+05:30,324.6,325.0,324.2,324.7,52092,BIOCON
2013,2025-04-30 12:30:00+05:30,324.64,325.1,322.75,325.1,122584,BIOCON
2014,2025-04-30 12:45:00+05:30,325.0,325.2,324.55,325.0,116149,BIOCON
2015,2025-04-30 13:00:00+05:30,325.0,325.1,324.1,324.1,351635,BIOCON
2016,2025-04-30 13:15:00+05:30,324.1,324.1,323.39,323.64,52291,BIOCON
2017,2025-04-30 13:30:00+05:30,323.64,324.45,323.64,324.45,34745,BIOCON
2018,2025-04-30 13:45:00+05:30,324.45,324.45,323.5,323.6,35893,BIOCON
2019,2025-04-30 14:00:00+05:30,323.6,323.7,321.55,322.05,114231,BIOCON
2020,2025-04-30 14:15:00+05:30,322.25,322.3,321.39,321.64,58853,BIOCON
2021,2025-04-30 14:30:00+05:30,321.89,322.5,321.35,322.05,51076,BIOCON
2022,2025-04-30 14:45:00+05:30,322.05,322.8,322.05,322.75,64529,BIOCON
2023,2025-04-30 15:00:00+05:30,322.7,323.64,321.8,321.95,154112,BIOCON
2024,2025-04-30 15:15:00+05:30,321.89,322.0,319.2,320.0,246126,BIOCON
2025,2025-05-02 09:15:00+05:30,321.8,324.25,320.8,321.0,157372,BIOCON
2026,2025-05-02 09:30:00+05:30,321.0,322.75,320.35,321.8,65078,BIOCON
2027,2025-05-02 09:45:00+05:30,321.8,323.3,321.8,322.95,84449,BIOCON
2028,2025-05-02 10:00:00+05:30,322.75,324.0,322.6,323.0,267382,BIOCON
2029,2025-05-02 10:15:00+05:30,323.1,323.89,323.1,323.35,33454,BIOCON
2030,2025-05-02 10:30:00+05:30,323.35,324.5,322.85,324.0,68659,BIOCON
2031,2025-05-02 10:45:00+05:30,323.89,323.95,321.75,322.55,47098,BIOCON
2032,2025-05-02 11:00:00+05:30,322.75,323.1,322.1,322.2,23744,BIOCON
2033,2025-05-02 11:15:00+05:30,322.2,322.64,320.75,321.85,48457,BIOCON
2034,2025-05-02 11:30:00+05:30,321.85,321.85,319.8,319.95,54241,BIOCON
2035,2025-05-02 11:45:00+05:30,319.95,320.45,319.1,320.05,28729,BIOCON
2036,2025-05-02 12:00:00+05:30,320.05,320.05,319.0,319.3,20838,BIOCON
2037,2025-05-02 12:15:00+05:30,319.3,319.39,318.25,318.5,56472,BIOCON
2038,2025-05-02 12:30:00+05:30,318.5,319.39,318.35,319.3,22662,BIOCON
2039,2025-05-02 12:45:00+05:30,319.3,320.35,319.25,319.8,17692,BIOCON
2040,2025-05-02 13:00:00+05:30,319.64,319.89,318.95,319.2,30422,BIOCON
2041,2025-05-02 13:15:00+05:30,319.3,320.55,319.3,320.2,26627,BIOCON
2042,2025-05-02 13:30:00+05:30,320.14,320.85,320.0,320.3,22659,BIOCON
2043,2025-05-02 13:45:00+05:30,320.3,320.6,320.05,320.2,13411,BIOCON
2044,2025-05-02 14:00:00+05:30,320.05,320.5,319.5,319.5,22210,BIOCON
2045,2025-05-02 14:15:00+05:30,319.5,319.95,318.25,318.25,35015,BIOCON
2046,2025-05-02 14:30:00+05:30,318.25,318.64,317.8,318.55,31046,BIOCON
2047,2025-05-02 14:45:00+05:30,318.45,319.85,318.3,319.55,27770,BIOCON
2048,2025-05-02 15:00:00+05:30,319.45,319.75,318.95,319.3,50766,BIOCON
2049,2025-05-02 15:15:00+05:30,319.3,319.39,317.89,318.39,116214,BIOCON
2050,2025-05-05 09:15:00+05:30,322.0,328.5,322.0,327.6,464456,BIOCON
2051,2025-05-05 09:30:00+05:30,327.55,331.2,327.05,329.6,451564,BIOCON
2052,2025-05-05 09:45:00+05:30,329.55,332.85,329.55,332.85,344003,BIOCON
2053,2025-05-05 10:00:00+05:30,332.8,333.55,331.85,333.05,334055,BIOCON
2054,2025-05-05 10:15:00+05:30,333.1,334.8,333.05,334.0,391646,BIOCON
2055,2025-05-05 10:30:00+05:30,333.9,334.85,333.35,333.75,161444,BIOCON
2056,2025-05-05 10:45:00+05:30,333.55,333.75,331.8,332.75,165472,BIOCON
2057,2025-05-05 11:00:00+05:30,332.75,334.0,332.5,333.15,102877,BIOCON
2058,2025-05-05 11:15:00+05:30,333.15,333.5,332.55,332.8,47776,BIOCON
2059,2025-05-05 11:30:00+05:30,332.65,333.5,332.3,332.6,109502,BIOCON
2060,2025-05-05 11:45:00+05:30,332.55,333.0,331.95,332.7,75073,BIOCON
2061,2025-05-05 12:00:00+05:30,332.7,333.6,332.55,333.0,78798,BIOCON
2062,2025-05-05 12:15:00+05:30,333.15,333.45,332.0,333.05,70523,BIOCON
2063,2025-05-05 12:30:00+05:30,332.95,333.05,332.1,332.1,37151,BIOCON
2064,2025-05-05 12:45:00+05:30,332.1,333.3,331.5,333.1,111971,BIOCON
2065,2025-05-05 13:00:00+05:30,333.1,333.95,332.8,333.65,114851,BIOCON
2066,2025-05-05 13:15:00+05:30,333.55,335.0,333.45,334.5,267511,BIOCON
2067,2025-05-05 13:30:00+05:30,334.55,335.85,334.5,334.95,227896,BIOCON
2068,2025-05-05 13:45:00+05:30,334.95,335.85,334.75,335.35,106651,BIOCON
2069,2025-05-05 14:00:00+05:30,335.35,336.0,335.3,335.65,123506,BIOCON
2070,2025-05-05 14:15:00+05:30,335.65,336.8,335.05,335.55,125060,BIOCON
2071,2025-05-05 14:30:00+05:30,335.55,336.4,335.55,336.0,75135,BIOCON
2072,2025-05-05 14:45:00+05:30,336.05,336.75,336.0,336.35,167486,BIOCON
2073,2025-05-05 15:00:00+05:30,336.35,336.4,335.65,335.85,176468,BIOCON
2074,2025-05-05 15:15:00+05:30,335.85,336.3,335.45,336.15,343673,BIOCON
2075,2025-05-06 09:15:00+05:30,334.8,340.6,332.05,337.55,949608,BIOCON
2076,2025-05-06 09:30:00+05:30,337.55,340.4,335.7,339.4,608863,BIOCON
2077,2025-05-06 09:45:00+05:30,339.6,339.95,336.0,336.7,203624,BIOCON
2078,2025-05-06 10:00:00+05:30,336.65,342.0,336.55,341.45,789216,BIOCON
2079,2025-05-06 10:15:00+05:30,341.35,342.9,340.05,342.45,406179,BIOCON
2080,2025-05-06 10:30:00+05:30,342.5,344.9,341.8,344.85,545360,BIOCON
2081,2025-05-06 10:45:00+05:30,344.75,345.5,342.85,344.3,463864,BIOCON
2082,2025-05-06 11:00:00+05:30,344.35,344.45,342.5,342.8,198952,BIOCON
2083,2025-05-06 11:15:00+05:30,342.8,343.25,341.6,341.7,154216,BIOCON
2084,2025-05-06 11:30:00+05:30,341.7,342.3,340.65,341.0,153494,BIOCON
2085,2025-05-06 11:45:00+05:30,340.9,342.8,340.7,341.3,202652,BIOCON
2086,2025-05-06 12:00:00+05:30,341.3,342.95,340.5,342.95,353605,BIOCON
2087,2025-05-06 12:15:00+05:30,343.0,344.85,342.75,343.3,328459,BIOCON
2088,2025-05-06 12:30:00+05:30,343.3,344.05,342.45,343.55,116272,BIOCON
2089,2025-05-06 12:45:00+05:30,343.45,343.65,342.5,342.75,51703,BIOCON
2090,2025-05-06 13:00:00+05:30,342.55,342.9,341.35,341.55,66790,BIOCON
2091,2025-05-06 13:15:00+05:30,341.55,342.95,341.4,341.4,96909,BIOCON
2092,2025-05-06 13:30:00+05:30,341.5,342.4,340.25,341.8,123564,BIOCON
2093,2025-05-06 13:45:00+05:30,341.8,342.95,341.0,342.0,88643,BIOCON
2094,2025-05-06 14:00:00+05:30,342.1,342.2,340.2,340.5,126710,BIOCON
2095,2025-05-06 14:15:00+05:30,340.25,340.8,339.75,340.3,133184,BIOCON
2096,2025-05-06 14:30:00+05:30,340.3,341.35,340.0,340.85,77074,BIOCON
2097,2025-05-06 14:45:00+05:30,340.9,342.2,340.05,341.7,182532,BIOCON
2098,2025-05-06 15:00:00+05:30,341.7,343.0,341.25,341.95,222123,BIOCON
2099,2025-05-06 15:15:00+05:30,341.8,342.1,340.65,341.0,367545,BIOCON
2100,2025-05-07 09:15:00+05:30,336.1,344.45,336.1,343.85,992372,BIOCON
2101,2025-05-07 09:30:00+05:30,343.85,345.45,341.0,341.2,334997,BIOCON
2102,2025-05-07 09:45:00+05:30,341.15,343.75,339.95,342.85,403350,BIOCON
2103,2025-05-07 10:00:00+05:30,342.95,344.65,341.6,342.0,241801,BIOCON
2104,2025-05-07 10:15:00+05:30,342.0,344.7,341.55,344.3,195320,BIOCON
2105,2025-05-07 10:30:00+05:30,344.3,348.85,344.0,346.85,620285,BIOCON
2106,2025-05-07 10:45:00+05:30,346.85,348.75,345.1,345.3,197689,BIOCON
2107,2025-05-07 11:00:00+05:30,345.4,346.5,344.65,346.1,100142,BIOCON
2108,2025-05-07 11:15:00+05:30,346.1,347.0,345.75,346.1,85769,BIOCON
2109,2025-05-07 11:30:00+05:30,346.0,346.65,345.5,345.55,58818,BIOCON
2110,2025-05-07 11:45:00+05:30,345.6,345.6,343.1,343.1,160248,BIOCON
2111,2025-05-07 12:00:00+05:30,343.15,343.5,342.3,342.4,74034,BIOCON
2112,2025-05-07 12:15:00+05:30,342.45,343.45,342.35,342.9,60414,BIOCON
2113,2025-05-07 12:30:00+05:30,342.95,345.55,342.75,345.0,130400,BIOCON
2114,2025-05-07 12:45:00+05:30,345.05,346.4,344.65,344.75,105178,BIOCON
2115,2025-05-07 13:00:00+05:30,344.8,345.25,344.05,344.55,52980,BIOCON
2116,2025-05-07 13:15:00+05:30,344.5,345.3,344.1,344.15,154462,BIOCON
2117,2025-05-07 13:30:00+05:30,344.2,344.5,342.8,344.3,70130,BIOCON
2118,2025-05-07 13:45:00+05:30,344.35,345.0,343.05,343.55,96542,BIOCON
2119,2025-05-07 14:00:00+05:30,343.6,345.8,343.55,344.9,111644,BIOCON
2120,2025-05-07 14:15:00+05:30,344.95,346.35,344.9,345.2,207496,BIOCON
2121,2025-05-07 14:30:00+05:30,345.2,346.7,344.8,345.0,127935,BIOCON
2122,2025-05-07 14:45:00+05:30,345.0,345.6,344.65,345.55,85272,BIOCON
2123,2025-05-07 15:00:00+05:30,345.35,346.7,345.35,346.15,273232,BIOCON
2124,2025-05-07 15:15:00+05:30,346.15,347.45,346.0,346.1,352056,BIOCON
2125,2025-05-08 09:15:00+05:30,346.0,350.0,345.15,346.9,329045,BIOCON
2126,2025-05-08 09:30:00+05:30,346.95,348.15,344.7,345.1,106584,BIOCON
2127,2025-05-08 09:45:00+05:30,345.05,345.95,344.55,345.8,60738,BIOCON
2128,2025-05-08 10:00:00+05:30,345.8,347.4,345.6,346.35,58212,BIOCON
2129,2025-05-08 10:15:00+05:30,346.35,347.45,346.25,346.6,53769,BIOCON
2130,2025-05-08 10:30:00+05:30,346.55,347.2,345.3,345.4,49385,BIOCON
2131,2025-05-08 10:45:00+05:30,345.45,347.4,345.05,346.9,66502,BIOCON
2132,2025-05-08 11:00:00+05:30,346.85,346.95,346.3,346.65,28614,BIOCON
2133,2025-05-08 11:15:00+05:30,346.55,347.0,346.35,346.75,19408,BIOCON
2134,2025-05-08 11:30:00+05:30,346.75,347.1,345.7,346.5,64758,BIOCON
2135,2025-05-08 11:45:00+05:30,346.5,346.7,345.85,346.2,24279,BIOCON
2136,2025-05-08 12:00:00+05:30,346.5,346.8,345.3,345.4,24760,BIOCON
2137,2025-05-08 12:15:00+05:30,345.3,345.5,343.25,344.2,107968,BIOCON
2138,2025-05-08 12:30:00+05:30,344.2,345.2,342.65,343.0,134419,BIOCON
2139,2025-05-08 12:45:00+05:30,343.25,343.45,341.7,343.15,74262,BIOCON
2140,2025-05-08 13:00:00+05:30,343.15,343.3,341.7,342.45,47941,BIOCON
2141,2025-05-08 13:15:00+05:30,342.45,342.7,341.1,341.85,62506,BIOCON
2142,2025-05-08 13:30:00+05:30,341.85,341.95,339.4,339.9,144929,BIOCON
2143,2025-05-08 13:45:00+05:30,339.85,340.9,339.2,339.7,85333,BIOCON
2144,2025-05-08 14:00:00+05:30,339.55,339.9,338.25,338.75,58082,BIOCON
2145,2025-05-08 14:15:00+05:30,338.7,339.8,337.55,338.25,93415,BIOCON
2146,2025-05-08 14:30:00+05:30,338.3,339.0,336.5,337.2,140827,BIOCON
2147,2025-05-08 14:45:00+05:30,337.2,337.5,334.55,335.4,240824,BIOCON
2148,2025-05-08 15:00:00+05:30,335.4,336.95,333.6,335.5,211590,BIOCON
2149,2025-05-08 15:15:00+05:30,335.4,335.7,332.35,333.5,258919,BIOCON
2150,2025-05-09 09:15:00+05:30,333.5,340.8,328.0,336.65,2156513,BIOCON
2151,2025-05-09 09:30:00+05:30,336.5,338.5,334.15,336.9,614687,BIOCON
2152,2025-05-09 09:45:00+05:30,336.85,337.05,330.6,330.8,491328,BIOCON
2153,2025-05-09 10:00:00+05:30,330.7,333.6,329.1,333.5,252405,BIOCON
2154,2025-05-09 10:15:00+05:30,333.6,334.9,331.2,331.2,180243,BIOCON
2155,2025-05-09 10:30:00+05:30,331.2,331.2,328.7,329.05,206278,BIOCON
2156,2025-05-09 10:45:00+05:30,329.0,329.75,328.6,329.1,81538,BIOCON
2157,2025-05-09 11:00:00+05:30,329.15,330.65,328.55,329.4,104403,BIOCON
2158,2025-05-09 11:15:00+05:30,329.4,331.35,328.3,331.15,133881,BIOCON
2159,2025-05-09 11:30:00+05:30,331.15,332.9,330.65,331.55,144669,BIOCON
2160,2025-05-09 11:45:00+05:30,331.55,332.3,330.85,332.05,51107,BIOCON
2161,2025-05-09 12:00:00+05:30,332.05,333.45,331.3,333.4,96463,BIOCON
2162,2025-05-09 12:15:00+05:30,333.4,333.6,331.0,332.4,89307,BIOCON
2163,2025-05-09 12:30:00+05:30,332.55,332.55,330.8,330.8,64479,BIOCON
2164,2025-05-09 12:45:00+05:30,330.8,332.35,330.75,331.65,44942,BIOCON
2165,2025-05-09 13:00:00+05:30,331.7,332.0,329.7,330.55,87320,BIOCON
2166,2025-05-09 13:15:00+05:30,330.6,331.35,329.2,329.55,81167,BIOCON
2167,2025-05-09 13:30:00+05:30,329.25,330.6,329.2,329.9,59990,BIOCON
2168,2025-05-09 13:45:00+05:30,330.0,330.7,329.5,329.6,50460,BIOCON
2169,2025-05-09 14:00:00+05:30,329.65,330.7,329.35,330.3,51687,BIOCON
2170,2025-05-09 14:15:00+05:30,330.3,331.15,328.6,328.65,82341,BIOCON
2171,2025-05-09 14:30:00+05:30,328.75,329.45,328.3,328.65,110155,BIOCON
2172,2025-05-09 14:45:00+05:30,328.6,329.95,328.45,328.75,124836,BIOCON
2173,2025-05-09 15:00:00+05:30,328.9,330.0,328.45,329.5,268418,BIOCON
2174,2025-05-09 15:15:00+05:30,329.5,331.1,329.3,330.9,498048,BIOCON
2175,2025-05-12 09:15:00+05:30,335.0,336.3,318.39,319.39,1710785,BIOCON
2176,2025-05-12 09:30:00+05:30,319.1,322.45,317.89,321.39,850125,BIOCON
2177,2025-05-12 09:45:00+05:30,321.39,323.95,320.05,323.95,621476,BIOCON
2178,2025-05-12 10:00:00+05:30,323.95,328.25,323.7,326.5,593653,BIOCON
2179,2025-05-12 10:15:00+05:30,326.5,329.5,326.35,329.1,388235,BIOCON
2180,2025-05-12 10:30:00+05:30,329.15,330.6,328.15,330.35,445574,BIOCON
2181,2025-05-12 10:45:00+05:30,330.4,330.45,328.5,328.55,125049,BIOCON
2182,2025-05-12 11:00:00+05:30,328.55,329.15,327.5,327.85,139541,BIOCON
2183,2025-05-12 11:15:00+05:30,327.9,328.2,327.5,327.5,118209,BIOCON
2184,2025-05-12 11:30:00+05:30,327.5,327.64,325.6,326.1,136862,BIOCON
2185,2025-05-12 11:45:00+05:30,326.2,326.95,325.7,326.1,112865,BIOCON
2186,2025-05-12 12:00:00+05:30,326.39,326.39,325.5,325.95,110084,BIOCON
2187,2025-05-12 12:15:00+05:30,325.95,326.2,324.7,325.5,132983,BIOCON
2188,2025-05-12 12:30:00+05:30,325.5,327.3,325.5,326.35,136622,BIOCON
2189,2025-05-12 12:45:00+05:30,326.35,327.0,325.89,326.85,81143,BIOCON
2190,2025-05-12 13:00:00+05:30,326.85,327.0,326.14,326.25,59439,BIOCON
2191,2025-05-12 13:15:00+05:30,326.3,326.6,325.89,326.25,74887,BIOCON
2192,2025-05-12 13:30:00+05:30,326.25,327.75,326.1,327.14,127230,BIOCON
2193,2025-05-12 13:45:00+05:30,327.35,327.8,326.25,327.39,136218,BIOCON
2194,2025-05-12 14:00:00+05:30,327.45,328.3,326.95,328.15,152631,BIOCON
2195,2025-05-12 14:15:00+05:30,328.3,328.75,327.45,328.5,202324,BIOCON
2196,2025-05-12 14:30:00+05:30,328.5,328.65,327.0,327.3,100527,BIOCON
2197,2025-05-12 14:45:00+05:30,327.3,329.0,327.2,329.0,158802,BIOCON
2198,2025-05-12 15:00:00+05:30,328.95,329.2,327.64,328.2,254860,BIOCON
2199,2025-05-12 15:15:00+05:30,328.2,328.85,326.75,328.2,594122,BIOCON
2200,2025-05-13 09:15:00+05:30,330.8,337.5,330.4,336.35,987908,BIOCON
2201,2025-05-13 09:30:00+05:30,336.35,337.2,334.1,335.7,413245,BIOCON
2202,2025-05-13 09:45:00+05:30,335.7,336.3,334.25,334.25,169310,BIOCON
2203,2025-05-13 10:00:00+05:30,334.2,335.3,333.7,334.5,197393,BIOCON
2204,2025-05-13 10:15:00+05:30,334.4,335.05,333.4,333.65,91101,BIOCON
2205,2025-05-13 10:30:00+05:30,333.6,334.6,333.4,334.15,132987,BIOCON
2206,2025-05-13 10:45:00+05:30,334.0,334.5,333.5,333.95,76761,BIOCON
2207,2025-05-13 11:00:00+05:30,334.0,334.15,332.75,333.05,76830,BIOCON
2208,2025-05-13 11:15:00+05:30,333.25,333.75,332.1,332.4,93338,BIOCON
2209,2025-05-13 11:30:00+05:30,332.3,333.2,331.55,331.85,126250,BIOCON
2210,2025-05-13 11:45:00+05:30,331.6,332.65,331.5,332.35,108098,BIOCON
2211,2025-05-13 12:00:00+05:30,332.5,332.65,331.25,331.8,107479,BIOCON
2212,2025-05-13 12:15:00+05:30,331.75,332.05,331.0,331.2,98123,BIOCON
2213,2025-05-13 12:30:00+05:30,331.05,331.05,330.05,330.05,121988,BIOCON
2214,2025-05-13 12:45:00+05:30,330.05,330.15,328.8,329.1,141316,BIOCON
2215,2025-05-13 13:00:00+05:30,329.2,330.35,329.1,329.95,82162,BIOCON
2216,2025-05-13 13:15:00+05:30,329.95,330.1,329.2,329.55,71009,BIOCON
2217,2025-05-13 13:30:00+05:30,329.5,330.35,329.1,330.05,78295,BIOCON
2218,2025-05-13 13:45:00+05:30,330.0,330.95,329.85,330.35,94070,BIOCON
2219,2025-05-13 14:00:00+05:30,330.3,331.7,330.05,330.7,105010,BIOCON
2220,2025-05-13 14:15:00+05:30,330.7,330.7,329.5,329.6,150822,BIOCON
2221,2025-05-13 14:30:00+05:30,329.6,330.0,329.3,329.7,133575,BIOCON
2222,2025-05-13 14:45:00+05:30,329.65,330.55,329.05,329.05,248740,BIOCON
2223,2025-05-13 15:00:00+05:30,329.25,330.65,329.0,329.8,267623,BIOCON
2224,2025-05-13 15:15:00+05:30,329.95,330.7,329.5,330.2,311188,BIOCON
2225,2025-05-14 09:15:00+05:30,333.4,334.85,329.55,333.85,388053,BIOCON
2226,2025-05-14 09:30:00+05:30,333.9,335.6,333.15,334.2,182900,BIOCON
2227,2025-05-14 09:45:00+05:30,334.2,336.0,333.8,334.9,298060,BIOCON
2228,2025-05-14 10:00:00+05:30,334.9,337.6,334.9,337.1,232857,BIOCON
2229,2025-05-14 10:15:00+05:30,337.15,337.45,336.65,336.95,106714,BIOCON
2230,2025-05-14 10:30:00+05:30,337.0,338.7,336.8,338.45,137263,BIOCON
2231,2025-05-14 10:45:00+05:30,338.45,338.95,337.1,337.1,195798,BIOCON
2232,2025-05-14 11:00:00+05:30,337.1,338.3,337.05,337.85,81760,BIOCON
2233,2025-05-14 11:15:00+05:30,337.95,338.7,337.85,338.5,65865,BIOCON
2234,2025-05-14 11:30:00+05:30,338.7,339.4,337.65,337.65,83224,BIOCON
2235,2025-05-14 11:45:00+05:30,337.65,337.85,336.55,337.15,98699,BIOCON
2236,2025-05-14 12:00:00+05:30,337.2,338.95,337.2,338.55,87192,BIOCON
2237,2025-05-14 12:15:00+05:30,338.6,339.0,338.3,338.6,46291,BIOCON
2238,2025-05-14 12:30:00+05:30,338.6,338.8,337.25,337.5,40494,BIOCON
2239,2025-05-14 12:45:00+05:30,337.5,337.75,336.6,337.45,55232,BIOCON
2240,2025-05-14 13:00:00+05:30,337.45,339.55,337.25,339.35,114245,BIOCON
2241,2025-05-14 13:15:00+05:30,339.35,339.5,338.0,339.4,58778,BIOCON
2242,2025-05-14 13:30:00+05:30,339.35,339.95,338.9,338.9,74899,BIOCON
2243,2025-05-14 13:45:00+05:30,339.0,339.5,338.75,339.5,52820,BIOCON
2244,2025-05-14 14:00:00+05:30,339.5,339.65,338.5,338.65,112744,BIOCON
2245,2025-05-14 14:15:00+05:30,338.7,339.5,338.5,339.25,74492,BIOCON
2246,2025-05-14 14:30:00+05:30,339.15,339.3,338.1,338.35,92393,BIOCON
2247,2025-05-14 14:45:00+05:30,338.35,338.45,337.0,337.4,155221,BIOCON
2248,2025-05-14 15:00:00+05:30,337.5,338.45,336.7,338.25,183249,BIOCON
2249,2025-05-14 15:15:00+05:30,338.25,338.95,338.0,338.25,221343,BIOCON
2250,2025-05-15 09:15:00+05:30,339.0,341.75,335.0,337.05,374699,BIOCON
2251,2025-05-15 09:30:00+05:30,337.05,337.7,335.1,335.3,194746,BIOCON
2252,2025-05-15 09:45:00+05:30,335.1,337.8,334.4,336.1,256825,BIOCON
2253,2025-05-15 10:00:00+05:30,336.1,336.6,334.7,335.05,104941,BIOCON
2254,2025-05-15 10:15:00+05:30,335.05,335.55,334.3,334.45,145099,BIOCON
2255,2025-05-15 10:30:00+05:30,334.45,336.9,334.3,335.4,260636,BIOCON
2256,2025-05-15 10:45:00+05:30,335.35,336.2,334.85,336.05,64196,BIOCON
2257,2025-05-15 11:00:00+05:30,336.05,336.05,334.7,334.95,46897,BIOCON
2258,2025-05-15 11:15:00+05:30,335.1,335.8,334.7,334.95,52840,BIOCON
2259,2025-05-15 11:30:00+05:30,334.9,335.55,334.5,335.4,74756,BIOCON
2260,2025-05-15 11:45:00+05:30,335.35,335.65,335.0,335.2,44661,BIOCON
2261,2025-05-15 12:00:00+05:30,335.4,336.0,335.1,335.4,59277,BIOCON
2262,2025-05-15 12:15:00+05:30,335.45,335.95,334.6,334.65,58096,BIOCON
2263,2025-05-15 12:30:00+05:30,334.6,335.25,334.6,334.8,48837,BIOCON
2264,2025-05-15 12:45:00+05:30,334.8,335.0,334.05,334.4,52847,BIOCON
2265,2025-05-15 13:00:00+05:30,334.35,335.5,334.05,335.4,73151,BIOCON
2266,2025-05-15 13:15:00+05:30,335.4,335.7,334.85,335.2,77964,BIOCON
2267,2025-05-15 13:30:00+05:30,335.0,336.9,335.0,336.6,121196,BIOCON
2268,2025-05-15 13:45:00+05:30,336.75,337.8,336.6,337.1,160458,BIOCON
2269,2025-05-15 14:00:00+05:30,337.35,337.5,336.5,337.2,73122,BIOCON
2270,2025-05-15 14:15:00+05:30,337.1,337.95,337.1,337.95,103833,BIOCON
2271,2025-05-15 14:30:00+05:30,337.9,338.4,337.4,338.0,121459,BIOCON
2272,2025-05-15 14:45:00+05:30,338.0,338.4,337.6,337.9,135251,BIOCON
2273,2025-05-15 15:00:00+05:30,337.9,338.7,337.75,338.7,193065,BIOCON
2274,2025-05-15 15:15:00+05:30,338.7,339.15,337.6,337.75,277371,BIOCON
2275,2025-05-16 09:15:00+05:30,342.0,343.45,340.0,341.35,298566,BIOCON
2276,2025-05-16 09:30:00+05:30,341.25,342.25,340.6,341.25,97853,BIOCON
2277,2025-05-16 09:45:00+05:30,341.3,342.1,340.0,340.0,132804,BIOCON
2278,2025-05-16 10:00:00+05:30,340.2,341.0,339.5,339.9,115037,BIOCON
2279,2025-05-16 10:15:00+05:30,340.0,344.4,339.7,342.5,233437,BIOCON
2280,2025-05-16 10:30:00+05:30,342.5,342.95,340.65,341.5,70327,BIOCON
2281,2025-05-16 10:45:00+05:30,341.65,342.55,341.45,341.5,41685,BIOCON
2282,2025-05-16 11:00:00+05:30,341.5,341.85,341.0,341.4,43934,BIOCON
2283,2025-05-16 11:15:00+05:30,341.45,341.9,341.2,341.2,15427,BIOCON
2284,2025-05-16 11:30:00+05:30,341.5,342.0,341.2,342.0,31636,BIOCON
2285,2025-05-16 11:45:00+05:30,341.7,343.0,341.7,342.3,39122,BIOCON
2286,2025-05-16 12:00:00+05:30,342.1,342.65,340.6,340.6,58628,BIOCON
2287,2025-05-16 12:15:00+05:30,340.55,341.35,340.5,341.1,28259,BIOCON
2288,2025-05-16 12:30:00+05:30,341.25,341.5,341.05,341.35,30108,BIOCON
2289,2025-05-16 12:45:00+05:30,341.35,341.5,340.5,340.65,33584,BIOCON
2290,2025-05-16 13:00:00+05:30,340.9,341.0,340.0,340.25,57278,BIOCON
2291,2025-05-16 13:15:00+05:30,340.25,340.35,339.35,339.55,46276,BIOCON
2292,2025-05-16 13:30:00+05:30,339.85,340.2,339.5,339.8,58467,BIOCON
2293,2025-05-16 13:45:00+05:30,339.8,339.9,339.5,339.65,19878,BIOCON
2294,2025-05-16 14:00:00+05:30,339.6,340.05,339.55,339.95,21147,BIOCON
2295,2025-05-16 14:15:00+05:30,339.8,340.0,339.5,339.5,28103,BIOCON
2296,2025-05-16 14:30:00+05:30,339.65,339.8,339.05,339.25,44912,BIOCON
2297,2025-05-16 14:45:00+05:30,339.2,340.0,339.1,339.95,63468,BIOCON
2298,2025-05-16 15:00:00+05:30,339.95,340.05,339.5,339.5,106619,BIOCON
2299,2025-05-16 15:15:00+05:30,339.6,339.65,338.6,338.85,271646,BIOCON
2300,2025-05-19 09:15:00+05:30,339.85,342.5,339.15,340.8,117705,BIOCON
2301,2025-05-19 09:30:00+05:30,340.9,342.0,338.7,339.65,81233,BIOCON
2302,2025-05-19 09:45:00+05:30,339.5,343.9,338.5,343.65,91985,BIOCON
2303,2025-05-19 10:00:00+05:30,343.85,344.8,342.7,343.5,157361,BIOCON
2304,2025-05-19 10:15:00+05:30,343.4,343.6,342.3,342.8,37151,BIOCON
2305,2025-05-19 10:30:00+05:30,342.8,343.0,342.25,342.3,36892,BIOCON
2306,2025-05-19 10:45:00+05:30,342.3,343.55,342.0,343.1,56002,BIOCON
2307,2025-05-19 11:00:00+05:30,343.25,343.45,342.45,343.4,47202,BIOCON
2308,2025-05-19 11:15:00+05:30,343.5,343.9,342.85,342.85,18077,BIOCON
2309,2025-05-19 11:30:00+05:30,343.1,343.1,342.5,342.85,8652,BIOCON
2310,2025-05-19 11:45:00+05:30,342.85,343.6,342.6,343.1,11073,BIOCON
2311,2025-05-19 12:00:00+05:30,343.3,343.35,342.3,343.0,31605,BIOCON
2312,2025-05-19 12:15:00+05:30,343.2,344.2,342.65,343.8,43174,BIOCON
2313,2025-05-19 12:30:00+05:30,343.8,343.8,343.1,343.8,12063,BIOCON
2314,2025-05-19 12:45:00+05:30,343.8,344.25,343.6,344.25,33880,BIOCON
2315,2025-05-19 13:00:00+05:30,344.25,345.0,343.75,344.85,53928,BIOCON
2316,2025-05-19 13:15:00+05:30,344.85,345.15,343.9,344.1,69021,BIOCON
2317,2025-05-19 13:30:00+05:30,344.0,344.55,343.75,344.1,19996,BIOCON
2318,2025-05-19 13:45:00+05:30,344.1,344.15,343.35,343.65,23470,BIOCON
2319,2025-05-19 14:00:00+05:30,343.7,343.9,342.2,342.8,37114,BIOCON
2320,2025-05-19 14:15:00+05:30,342.7,343.35,342.4,342.9,34373,BIOCON
2321,2025-05-19 14:30:00+05:30,342.9,343.5,342.75,343.05,22037,BIOCON
2322,2025-05-19 14:45:00+05:30,343.25,343.3,341.4,341.75,56011,BIOCON
2323,2025-05-19 15:00:00+05:30,341.75,342.25,341.45,341.65,91617,BIOCON
2324,2025-05-19 15:15:00+05:30,341.75,342.0,341.0,341.85,155478,BIOCON
2325,2025-05-20 09:15:00+05:30,342.1,344.2,336.3,337.35,352093,BIOCON
2326,2025-05-20 09:30:00+05:30,337.25,339.5,336.55,338.75,201216,BIOCON
2327,2025-05-20 09:45:00+05:30,339.0,339.8,337.25,339.3,109483,BIOCON
2328,2025-05-20 10:00:00+05:30,339.25,340.0,338.65,339.8,73649,BIOCON
2329,2025-05-20 10:15:00+05:30,339.6,340.5,339.2,340.1,108258,BIOCON
2330,2025-05-20 10:30:00+05:30,340.2,340.55,339.4,339.85,54670,BIOCON
2331,2025-05-20 10:45:00+05:30,339.8,340.65,339.65,339.95,29826,BIOCON
2332,2025-05-20 11:00:00+05:30,339.95,340.1,338.8,339.1,24357,BIOCON
2333,2025-05-20 11:15:00+05:30,339.1,339.45,338.0,338.15,35980,BIOCON
2334,2025-05-20 11:30:00+05:30,338.2,338.2,337.25,337.45,40242,BIOCON
2335,2025-05-20 11:45:00+05:30,337.45,337.7,336.05,337.15,78640,BIOCON
2336,2025-05-20 12:00:00+05:30,337.15,337.7,336.9,337.5,14573,BIOCON
2337,2025-05-20 12:15:00+05:30,337.5,337.9,336.1,337.0,72737,BIOCON
2338,2025-05-20 12:30:00+05:30,337.0,337.2,336.45,336.8,21399,BIOCON
2339,2025-05-20 12:45:00+05:30,336.8,336.85,335.5,335.8,63393,BIOCON
2340,2025-05-20 13:00:00+05:30,335.8,336.9,335.55,336.25,31294,BIOCON
2341,2025-05-20 13:15:00+05:30,336.5,337.0,335.75,336.9,30434,BIOCON
2342,2025-05-20 13:30:00+05:30,336.9,337.2,335.6,335.9,32978,BIOCON
2343,2025-05-20 13:45:00+05:30,335.85,336.0,335.5,335.8,40411,BIOCON
2344,2025-05-20 14:00:00+05:30,335.8,335.8,333.5,334.6,68625,BIOCON
2345,2025-05-20 14:15:00+05:30,334.65,334.65,333.1,333.3,76559,BIOCON
2346,2025-05-20 14:30:00+05:30,333.45,334.4,331.7,332.1,102598,BIOCON
2347,2025-05-20 14:45:00+05:30,332.25,333.95,331.7,332.0,73642,BIOCON
2348,2025-05-20 15:00:00+05:30,332.0,333.65,331.55,333.1,198945,BIOCON
2349,2025-05-20 15:15:00+05:30,333.1,333.45,332.05,333.0,174297,BIOCON
2350,2025-05-21 09:15:00+05:30,334.5,337.5,333.35,336.95,301796,BIOCON
2351,2025-05-21 09:30:00+05:30,336.95,339.2,336.55,337.65,365725,BIOCON
2352,2025-05-21 09:45:00+05:30,337.7,338.35,337.25,337.4,71249,BIOCON
2353,2025-05-21 10:00:00+05:30,337.5,339.5,337.25,339.5,73281,BIOCON
2354,2025-05-21 10:15:00+05:30,339.45,340.4,339.25,339.7,141782,BIOCON
2355,2025-05-21 10:30:00+05:30,339.7,339.95,338.95,339.5,68376,BIOCON
2356,2025-05-21 10:45:00+05:30,339.5,339.85,339.05,339.6,41149,BIOCON
2357,2025-05-21 11:00:00+05:30,339.4,340.2,338.5,339.85,69614,BIOCON
2358,2025-05-21 11:15:00+05:30,339.85,340.8,339.45,339.85,99584,BIOCON
2359,2025-05-21 11:30:00+05:30,339.85,340.2,338.55,339.6,90314,BIOCON
2360,2025-05-21 11:45:00+05:30,339.65,340.2,339.1,339.6,34302,BIOCON
2361,2025-05-21 12:00:00+05:30,339.6,339.8,338.25,338.45,52026,BIOCON
2362,2025-05-21 12:15:00+05:30,338.5,339.0,337.5,338.6,68258,BIOCON
2363,2025-05-21 12:30:00+05:30,338.45,339.65,338.45,339.45,50995,BIOCON
2364,2025-05-21 12:45:00+05:30,339.25,339.75,338.65,339.4,30486,BIOCON
2365,2025-05-21 13:00:00+05:30,339.55,339.85,339.1,339.85,23068,BIOCON
2366,2025-05-21 13:15:00+05:30,339.7,340.4,339.25,339.25,51390,BIOCON
2367,2025-05-21 13:30:00+05:30,339.25,339.85,339.0,339.5,45857,BIOCON
2368,2025-05-21 13:45:00+05:30,339.5,339.7,338.7,339.15,34313,BIOCON
2369,2025-05-21 14:00:00+05:30,339.2,339.6,338.8,339.4,22181,BIOCON
2370,2025-05-21 14:15:00+05:30,339.4,340.45,339.4,340.25,48906,BIOCON
2371,2025-05-21 14:30:00+05:30,340.15,340.45,339.5,339.55,56085,BIOCON
2372,2025-05-21 14:45:00+05:30,339.6,340.35,339.6,339.75,43758,BIOCON
2373,2025-05-21 15:00:00+05:30,339.9,341.2,339.85,340.85,160215,BIOCON
2374,2025-05-21 15:15:00+05:30,340.9,341.1,339.7,340.4,217313,BIOCON
2375,2025-05-22 09:15:00+05:30,340.6,340.6,334.45,335.85,235789,BIOCON
2376,2025-05-22 09:30:00+05:30,335.7,337.1,335.0,336.55,76828,BIOCON
2377,2025-05-22 09:45:00+05:30,336.45,336.45,334.7,335.8,116699,BIOCON
2378,2025-05-22 10:00:00+05:30,335.65,335.65,334.0,335.45,119573,BIOCON
2379,2025-05-22 10:15:00+05:30,335.5,335.65,335.2,335.5,22425,BIOCON
2380,2025-05-22 10:30:00+05:30,335.5,335.5,335.0,335.35,43538,BIOCON
2381,2025-05-22 10:45:00+05:30,335.35,335.4,334.0,335.1,65833,BIOCON
2382,2025-05-22 11:00:00+05:30,335.0,335.15,334.0,334.0,63092,BIOCON
2383,2025-05-22 11:15:00+05:30,334.0,334.35,333.75,334.2,25052,BIOCON
2384,2025-05-22 11:30:00+05:30,334.2,334.3,333.2,333.65,67129,BIOCON
2385,2025-05-22 11:45:00+05:30,333.6,334.0,333.3,333.7,20452,BIOCON
2386,2025-05-22 12:00:00+05:30,333.95,334.1,333.2,333.85,55233,BIOCON
2387,2025-05-22 12:15:00+05:30,333.85,333.85,332.6,333.35,64619,BIOCON
2388,2025-05-22 12:30:00+05:30,333.35,333.35,332.65,332.85,36842,BIOCON
2389,2025-05-22 12:45:00+05:30,332.85,332.85,332.1,332.55,46769,BIOCON
2390,2025-05-22 13:00:00+05:30,332.5,333.75,332.4,333.65,56403,BIOCON
2391,2025-05-22 13:15:00+05:30,333.65,334.25,333.3,334.2,48625,BIOCON
2392,2025-05-22 13:30:00+05:30,334.05,334.55,332.4,333.0,110115,BIOCON
2393,2025-05-22 13:45:00+05:30,333.0,333.5,331.4,331.95,95626,BIOCON
2394,2025-05-22 14:00:00+05:30,332.0,332.45,330.6,330.95,163352,BIOCON
2395,2025-05-22 14:15:00+05:30,330.95,331.0,330.15,331.0,78277,BIOCON
2396,2025-05-22 14:30:00+05:30,331.0,332.4,330.55,332.2,102532,BIOCON
2397,2025-05-22 14:45:00+05:30,332.1,332.85,331.5,332.85,83075,BIOCON
2398,2025-05-22 15:00:00+05:30,332.75,333.2,332.05,333.15,168627,BIOCON
2399,2025-05-22 15:15:00+05:30,333.1,333.95,332.2,333.45,192659,BIOCON
2400,2025-05-23 09:15:00+05:30,335.0,335.8,331.05,332.15,145184,BIOCON
2401,2025-05-23 09:30:00+05:30,332.45,334.15,332.15,333.35,120880,BIOCON
2402,2025-05-23 09:45:00+05:30,333.25,333.3,331.3,331.95,58089,BIOCON
2403,2025-05-23 10:00:00+05:30,332.0,332.4,331.15,331.85,44033,BIOCON
2404,2025-05-23 10:15:00+05:30,331.7,331.8,329.2,330.0,162348,BIOCON
2405,2025-05-23 10:30:00+05:30,329.95,330.65,329.5,330.35,45373,BIOCON
2406,2025-05-23 10:45:00+05:30,330.35,331.05,329.85,330.55,71038,BIOCON
2407,2025-05-23 11:00:00+05:30,330.55,330.8,329.45,329.85,66218,BIOCON
2408,2025-05-23 11:15:00+05:30,329.85,330.0,329.6,329.75,50445,BIOCON
2409,2025-05-23 11:30:00+05:30,329.8,330.0,329.6,329.75,29118,BIOCON
2410,2025-05-23 11:45:00+05:30,329.75,330.0,329.6,329.9,57571,BIOCON
2411,2025-05-23 12:00:00+05:30,330.0,330.35,329.85,329.85,154763,BIOCON
2412,2025-05-23 12:15:00+05:30,329.85,330.15,329.0,329.6,109349,BIOCON
2413,2025-05-23 12:30:00+05:30,329.6,330.0,329.35,329.55,61313,BIOCON
2414,2025-05-23 12:45:00+05:30,329.55,330.0,329.45,329.75,29115,BIOCON
2415,2025-05-23 13:00:00+05:30,329.8,330.65,329.75,329.85,127975,BIOCON
2416,2025-05-23 13:15:00+05:30,329.85,332.1,329.8,331.45,206088,BIOCON
2417,2025-05-23 13:30:00+05:30,331.4,331.9,331.0,331.25,62027,BIOCON
2418,2025-05-23 13:45:00+05:30,331.3,331.7,330.8,331.3,56222,BIOCON
2419,2025-05-23 14:00:00+05:30,331.3,331.65,331.1,331.6,29645,BIOCON
2420,2025-05-23 14:15:00+05:30,331.65,332.6,331.05,332.45,67343,BIOCON
2421,2025-05-23 14:30:00+05:30,332.55,332.6,331.55,331.8,37585,BIOCON
2422,2025-05-23 14:45:00+05:30,331.85,331.9,331.25,331.3,26879,BIOCON
2423,2025-05-23 15:00:00+05:30,331.5,331.6,330.5,330.8,84048,BIOCON
2424,2025-05-23 15:15:00+05:30,330.6,331.7,330.3,331.0,147049,BIOCON
2425,2025-05-26 09:15:00+05:30,332.1,334.45,332.0,333.4,169601,BIOCON
2426,2025-05-26 09:30:00+05:30,333.4,333.6,331.75,331.8,126629,BIOCON
2427,2025-05-26 09:45:00+05:30,331.8,332.45,331.65,332.4,44372,BIOCON
2428,2025-05-26 10:00:00+05:30,332.15,334.6,332.15,334.4,137007,BIOCON
2429,2025-05-26 10:15:00+05:30,334.4,335.3,333.0,334.3,128048,BIOCON
2430,2025-05-26 10:30:00+05:30,334.2,334.25,333.3,333.7,44365,BIOCON
2431,2025-05-26 10:45:00+05:30,333.7,334.3,333.45,333.95,34413,BIOCON
2432,2025-05-26 11:00:00+05:30,333.95,334.4,333.3,333.7,30746,BIOCON
2433,2025-05-26 11:15:00+05:30,333.75,334.2,333.2,333.75,34342,BIOCON
2434,2025-05-26 11:30:00+05:30,333.75,333.95,333.1,333.1,20089,BIOCON
2435,2025-05-26 11:45:00+05:30,333.1,333.3,332.7,333.3,28229,BIOCON
2436,2025-05-26 12:00:00+05:30,333.1,333.3,332.25,332.3,58160,BIOCON
2437,2025-05-26 12:15:00+05:30,332.3,332.3,331.5,331.6,54643,BIOCON
2438,2025-05-26 12:30:00+05:30,331.8,332.0,331.6,331.85,18353,BIOCON
2439,2025-05-26 12:45:00+05:30,331.95,331.95,331.15,331.5,61391,BIOCON
2440,2025-05-26 13:00:00+05:30,331.5,332.35,331.5,332.2,19387,BIOCON
2441,2025-05-26 13:15:00+05:30,332.15,332.35,331.35,331.5,21923,BIOCON
2442,2025-05-26 13:30:00+05:30,331.5,332.2,331.3,332.15,26396,BIOCON
2443,2025-05-26 13:45:00+05:30,332.15,332.45,331.9,332.3,17375,BIOCON
2444,2025-05-26 14:00:00+05:30,332.45,332.7,332.2,332.65,19713,BIOCON
2445,2025-05-26 14:15:00+05:30,332.65,332.7,332.0,332.3,17725,BIOCON
2446,2025-05-26 14:30:00+05:30,332.3,332.7,332.2,332.5,26826,BIOCON
2447,2025-05-26 14:45:00+05:30,332.5,332.6,331.95,332.6,40929,BIOCON
2448,2025-05-26 15:00:00+05:30,332.5,332.75,332.1,332.6,70676,BIOCON
2449,2025-05-26 15:15:00+05:30,332.6,332.75,331.85,332.35,108142,BIOCON
2450,2025-05-27 09:15:00+05:30,333.95,334.55,332.0,332.75,125802,BIOCON
2451,2025-05-27 09:30:00+05:30,332.7,333.25,330.05,332.55,342139,BIOCON
2452,2025-05-27 09:45:00+05:30,332.75,333.45,331.5,331.65,38102,BIOCON
2453,2025-05-27 10:00:00+05:30,331.65,333.4,330.9,333.15,105041,BIOCON
2454,2025-05-27 10:15:00+05:30,333.45,334.8,332.7,333.1,397056,BIOCON
2455,2025-05-27 10:30:00+05:30,333.15,334.4,332.95,333.9,87982,BIOCON
2456,2025-05-27 10:45:00+05:30,333.9,334.1,333.1,333.7,18117,BIOCON
2457,2025-05-27 11:00:00+05:30,333.7,334.1,333.05,333.9,18821,BIOCON
2458,2025-05-27 11:15:00+05:30,333.9,334.25,333.7,334.1,20756,BIOCON
2459,2025-05-27 11:30:00+05:30,334.1,334.2,333.6,333.8,23693,BIOCON
2460,2025-05-27 11:45:00+05:30,334.0,334.8,334.0,334.5,33465,BIOCON
2461,2025-05-27 12:00:00+05:30,334.4,335.3,334.4,335.15,50691,BIOCON
2462,2025-05-27 12:15:00+05:30,335.15,335.5,334.15,334.65,23939,BIOCON
2463,2025-05-27 12:30:00+05:30,334.8,334.95,334.15,334.9,22834,BIOCON
2464,2025-05-27 12:45:00+05:30,334.9,334.95,334.2,334.2,9577,BIOCON
2465,2025-05-27 13:00:00+05:30,334.35,334.6,334.0,334.45,14065,BIOCON
2466,2025-05-27 13:15:00+05:30,334.45,334.55,334.1,334.4,10087,BIOCON
2467,2025-05-27 13:30:00+05:30,334.5,334.6,334.05,334.6,10335,BIOCON
2468,2025-05-27 13:45:00+05:30,334.65,334.9,334.35,334.35,16769,BIOCON
2469,2025-05-27 14:00:00+05:30,334.4,334.8,334.15,334.4,14293,BIOCON
2470,2025-05-27 14:15:00+05:30,334.5,334.95,334.25,334.9,28127,BIOCON
2471,2025-05-27 14:30:00+05:30,334.85,335.5,334.65,334.9,47224,BIOCON
2472,2025-05-27 14:45:00+05:30,335.0,335.8,334.7,334.95,58181,BIOCON
2473,2025-05-27 15:00:00+05:30,334.85,335.75,334.55,335.15,82617,BIOCON
2474,2025-05-27 15:15:00+05:30,335.15,335.2,334.5,334.95,115364,BIOCON
2475,2025-05-28 09:15:00+05:30,336.0,338.25,335.1,337.0,305582,BIOCON
2476,2025-05-28 09:30:00+05:30,337.0,337.2,336.4,336.85,58282,BIOCON
2477,2025-05-28 09:45:00+05:30,336.7,337.4,336.1,336.4,46647,BIOCON
2478,2025-05-28 10:00:00+05:30,336.45,337.1,335.8,337.0,30448,BIOCON
2479,2025-05-28 10:15:00+05:30,336.95,337.0,336.15,336.7,17064,BIOCON
2480,2025-05-28 10:30:00+05:30,336.7,337.8,336.65,336.95,42124,BIOCON
2481,2025-05-28 10:45:00+05:30,337.15,337.2,336.0,336.65,34850,BIOCON
2482,2025-05-28 11:00:00+05:30,336.5,337.45,336.25,336.7,27882,BIOCON
2483,2025-05-28 11:15:00+05:30,336.75,337.25,336.0,336.5,28098,BIOCON
2484,2025-05-28 11:30:00+05:30,336.45,336.5,335.85,336.25,15507,BIOCON
2485,2025-05-28 11:45:00+05:30,336.2,336.2,335.55,336.2,21916,BIOCON
2486,2025-05-28 12:00:00+05:30,336.2,336.2,335.5,335.85,16429,BIOCON
2487,2025-05-28 12:15:00+05:30,335.85,335.95,335.5,335.8,18787,BIOCON
2488,2025-05-28 12:30:00+05:30,335.7,335.8,335.2,335.5,19955,BIOCON
2489,2025-05-28 12:45:00+05:30,335.6,336.1,335.5,335.6,14001,BIOCON
2490,2025-05-28 13:00:00+05:30,335.55,335.9,334.65,334.95,25304,BIOCON
2491,2025-05-28 13:15:00+05:30,334.95,334.95,334.0,334.55,43963,BIOCON
2492,2025-05-28 13:30:00+05:30,334.8,334.8,334.0,334.3,32650,BIOCON
2493,2025-05-28 13:45:00+05:30,334.15,334.35,333.65,334.2,24757,BIOCON
2494,2025-05-28 14:00:00+05:30,334.2,334.4,333.95,334.25,11033,BIOCON
2495,2025-05-28 14:15:00+05:30,334.25,334.25,333.25,333.7,29776,BIOCON
2496,2025-05-28 14:30:00+05:30,333.7,334.0,333.5,333.95,15221,BIOCON
2497,2025-05-28 14:45:00+05:30,333.95,334.65,333.65,334.35,20844,BIOCON
2498,2025-05-28 15:00:00+05:30,334.35,334.9,333.8,334.65,107537,BIOCON
2499,2025-05-28 15:15:00+05:30,334.7,334.75,333.8,334.05,132993,BIOCON
2500,2025-05-29 09:15:00+05:30,336.0,336.45,334.85,335.7,143378,BIOCON
2501,2025-05-29 09:30:00+05:30,335.7,336.2,334.5,334.85,76559,BIOCON
2502,2025-05-29 09:45:00+05:30,334.9,334.9,333.75,334.3,54540,BIOCON
2503,2025-05-29 10:00:00+05:30,334.3,334.4,333.95,334.25,22859,BIOCON
2504,2025-05-29 10:15:00+05:30,334.25,334.5,333.35,333.5,24432,BIOCON
2505,2025-05-29 10:30:00+05:30,333.35,333.6,332.7,333.1,30227,BIOCON
2506,2025-05-29 10:45:00+05:30,333.1,334.2,332.75,334.0,20277,BIOCON
2507,2025-05-29 11:00:00+05:30,333.8,334.2,332.55,332.85,76148,BIOCON
2508,2025-05-29 11:15:00+05:30,332.85,333.5,332.55,333.5,17090,BIOCON
2509,2025-05-29 11:30:00+05:30,333.55,333.95,333.3,333.65,10060,BIOCON
2510,2025-05-29 11:45:00+05:30,333.75,333.75,333.35,333.65,11156,BIOCON
2511,2025-05-29 12:00:00+05:30,333.55,334.45,333.5,333.95,71921,BIOCON
2512,2025-05-29 12:15:00+05:30,334.1,334.6,333.55,333.55,24751,BIOCON
2513,2025-05-29 12:30:00+05:30,333.75,334.35,333.25,333.3,17618,BIOCON
2514,2025-05-29 12:45:00+05:30,333.25,334.45,333.2,334.25,16977,BIOCON
2515,2025-05-29 13:00:00+05:30,334.25,337.45,334.05,336.25,126580,BIOCON
2516,2025-05-29 13:15:00+05:30,336.4,336.4,335.15,335.55,32387,BIOCON
2517,2025-05-29 13:30:00+05:30,335.3,335.7,335.05,335.5,13841,BIOCON
2518,2025-05-29 13:45:00+05:30,335.25,335.5,334.95,335.25,15214,BIOCON
2519,2025-05-29 14:00:00+05:30,335.05,335.3,334.25,334.35,30067,BIOCON
2520,2025-05-29 14:15:00+05:30,334.3,335.6,334.05,335.45,32771,BIOCON
2521,2025-05-29 14:30:00+05:30,335.25,335.5,334.75,335.35,35724,BIOCON
2522,2025-05-29 14:45:00+05:30,335.25,336.0,335.05,335.9,38984,BIOCON
2523,2025-05-29 15:00:00+05:30,335.95,336.0,335.0,335.25,74763,BIOCON
2524,2025-05-29 15:15:00+05:30,335.2,335.95,335.0,335.5,84352,BIOCON
2525,2025-05-30 09:15:00+05:30,335.05,337.6,334.9,335.4,138696,BIOCON
2526,2025-05-30 09:30:00+05:30,335.55,335.55,334.05,334.5,67061,BIOCON
2527,2025-05-30 09:45:00+05:30,334.5,334.6,333.5,333.7,96036,BIOCON
2528,2025-05-30 10:00:00+05:30,333.85,333.95,332.8,333.2,71167,BIOCON
2529,2025-05-30 10:15:00+05:30,333.2,333.2,332.35,332.8,76258,BIOCON
2530,2025-05-30 10:30:00+05:30,333.0,333.0,331.4,332.45,77645,BIOCON
2531,2025-05-30 10:45:00+05:30,332.45,332.55,331.6,332.35,20887,BIOCON
2532,2025-05-30 11:00:00+05:30,332.45,332.95,332.25,332.45,19783,BIOCON
2533,2025-05-30 11:15:00+05:30,332.5,332.8,332.1,332.7,16504,BIOCON
2534,2025-05-30 11:30:00+05:30,332.7,334.95,332.6,334.7,69105,BIOCON
2535,2025-05-30 11:45:00+05:30,334.65,335.4,334.0,334.75,69430,BIOCON
2536,2025-05-30 12:00:00+05:30,334.75,334.95,333.8,334.0,19703,BIOCON
2537,2025-05-30 12:15:00+05:30,334.0,334.55,333.75,334.25,14327,BIOCON
2538,2025-05-30 12:30:00+05:30,334.25,334.25,333.45,333.45,31586,BIOCON
2539,2025-05-30 12:45:00+05:30,333.45,334.5,333.45,334.15,13080,BIOCON
2540,2025-05-30 13:00:00+05:30,334.15,334.35,333.5,333.6,27429,BIOCON
2541,2025-05-30 13:15:00+05:30,333.6,334.75,333.5,334.55,11137,BIOCON
2542,2025-05-30 13:30:00+05:30,334.75,335.45,334.65,335.0,41912,BIOCON
2543,2025-05-30 13:45:00+05:30,334.8,335.3,334.5,334.8,25222,BIOCON
2544,2025-05-30 14:00:00+05:30,335.05,335.25,334.5,334.95,29913,BIOCON
2545,2025-05-30 14:15:00+05:30,334.7,336.3,334.7,335.2,87390,BIOCON
2546,2025-05-30 14:30:00+05:30,335.2,335.95,334.95,335.85,36276,BIOCON
2547,2025-05-30 14:45:00+05:30,335.85,336.3,335.45,336.25,45509,BIOCON
2548,2025-05-30 15:00:00+05:30,336.25,336.8,335.45,335.55,410709,BIOCON
2549,2025-05-30 15:15:00+05:30,335.55,336.0,334.0,334.45,363201,BIOCON
2550,2025-06-02 09:15:00+05:30,335.85,335.85,332.25,332.95,112948,BIOCON
2551,2025-06-02 09:30:00+05:30,332.95,335.3,332.4,334.9,72936,BIOCON
2552,2025-06-02 09:45:00+05:30,335.1,337.0,334.95,335.85,109715,BIOCON
2553,2025-06-02 10:00:00+05:30,336.0,336.95,335.0,335.35,39872,BIOCON
2554,2025-06-02 10:15:00+05:30,335.2,335.3,333.2,334.15,75507,BIOCON
2555,2025-06-02 10:30:00+05:30,334.15,334.4,333.5,334.2,25864,BIOCON
2556,2025-06-02 10:45:00+05:30,334.05,334.35,333.2,333.3,61337,BIOCON
2557,2025-06-02 11:00:00+05:30,333.3,333.85,333.2,333.45,24648,BIOCON
2558,2025-06-02 11:15:00+05:30,333.4,333.55,332.25,332.45,74628,BIOCON
2559,2025-06-02 11:30:00+05:30,332.45,332.85,332.25,332.4,42192,BIOCON
2560,2025-06-02 11:45:00+05:30,332.4,332.85,331.15,331.3,76787,BIOCON
2561,2025-06-02 12:00:00+05:30,331.3,332.85,330.6,332.4,57193,BIOCON
2562,2025-06-02 12:15:00+05:30,332.6,333.5,332.4,332.85,37463,BIOCON
2563,2025-06-02 12:30:00+05:30,332.95,333.5,332.85,333.2,20626,BIOCON
2564,2025-06-02 12:45:00+05:30,333.3,333.5,333.0,333.15,17594,BIOCON
2565,2025-06-02 13:00:00+05:30,333.2,334.15,333.0,334.0,33214,BIOCON
2566,2025-06-02 13:15:00+05:30,334.0,334.25,333.75,334.1,16724,BIOCON
2567,2025-06-02 13:30:00+05:30,334.2,334.5,333.9,334.5,32968,BIOCON
2568,2025-06-02 13:45:00+05:30,334.5,334.6,333.65,333.8,16266,BIOCON
2569,2025-06-02 14:00:00+05:30,333.65,333.95,333.4,333.9,13267,BIOCON
2570,2025-06-02 14:15:00+05:30,333.7,333.95,333.2,333.75,16572,BIOCON
2571,2025-06-02 14:30:00+05:30,333.8,333.9,332.9,333.4,29212,BIOCON
2572,2025-06-02 14:45:00+05:30,333.4,334.0,333.2,333.9,35568,BIOCON
2573,2025-06-02 15:00:00+05:30,333.9,334.55,333.85,334.3,54191,BIOCON
2574,2025-06-02 15:15:00+05:30,334.3,334.35,333.3,333.45,77444,BIOCON
2575,2025-06-03 09:15:00+05:30,340.0,340.0,334.45,336.15,838801,BIOCON
2576,2025-06-03 09:30:00+05:30,336.05,336.9,335.55,335.75,186489,BIOCON
2577,2025-06-03 09:45:00+05:30,335.75,337.5,335.05,336.15,172589,BIOCON
2578,2025-06-03 10:00:00+05:30,336.3,337.0,335.4,336.35,89306,BIOCON
2579,2025-06-03 10:15:00+05:30,336.55,336.55,335.15,335.4,101602,BIOCON
2580,2025-06-03 10:30:00+05:30,335.2,335.85,335.0,335.8,53693,BIOCON
2581,2025-06-03 10:45:00+05:30,335.8,336.65,335.6,336.65,68931,BIOCON
2582,2025-06-03 11:00:00+05:30,336.7,337.0,335.4,335.45,78151,BIOCON
2583,2025-06-03 11:15:00+05:30,335.4,336.8,335.0,336.45,71649,BIOCON
2584,2025-06-03 11:30:00+05:30,336.6,338.5,336.25,337.6,239294,BIOCON
2585,2025-06-03 11:45:00+05:30,337.6,338.2,337.35,337.7,76153,BIOCON
2586,2025-06-03 12:00:00+05:30,337.85,338.8,337.05,338.7,135095,BIOCON
2587,2025-06-03 12:15:00+05:30,338.65,338.65,336.85,337.4,108824,BIOCON
2588,2025-06-03 12:30:00+05:30,337.4,338.5,337.05,338.45,40521,BIOCON
2589,2025-06-03 12:45:00+05:30,338.45,338.9,337.1,337.4,113787,BIOCON
2590,2025-06-03 13:00:00+05:30,337.4,337.6,336.5,337.15,70595,BIOCON
2591,2025-06-03 13:15:00+05:30,337.15,337.15,336.5,337.0,24165,BIOCON
2592,2025-06-03 13:30:00+05:30,337.0,337.45,336.7,337.0,28699,BIOCON
2593,2025-06-03 13:45:00+05:30,337.0,337.0,336.2,336.5,28551,BIOCON
2594,2025-06-03 14:00:00+05:30,336.45,337.0,336.3,336.85,29901,BIOCON
2595,2025-06-03 14:15:00+05:30,336.85,337.25,336.55,336.85,29997,BIOCON
2596,2025-06-03 14:30:00+05:30,336.85,337.05,336.55,336.95,25280,BIOCON
2597,2025-06-03 14:45:00+05:30,336.75,337.95,336.75,337.3,123061,BIOCON
2598,2025-06-03 15:00:00+05:30,337.25,337.95,336.6,337.6,139532,BIOCON
2599,2025-06-03 15:15:00+05:30,337.6,337.95,336.4,336.85,236373,BIOCON
2600,2025-06-04 09:15:00+05:30,338.5,338.5,335.55,335.75,155232,BIOCON
2601,2025-06-04 09:30:00+05:30,335.75,336.1,333.35,333.6,139161,BIOCON
2602,2025-06-04 09:45:00+05:30,333.6,334.35,333.1,334.3,70543,BIOCON
2603,2025-06-04 10:00:00+05:30,334.3,335.25,334.05,334.55,27477,BIOCON
2604,2025-06-04 10:15:00+05:30,334.5,334.95,333.5,334.6,25991,BIOCON
2605,2025-06-04 10:30:00+05:30,334.7,336.25,334.7,335.75,35274,BIOCON
2606,2025-06-04 10:45:00+05:30,335.9,336.15,335.55,336.05,29989,BIOCON
2607,2025-06-04 11:00:00+05:30,336.05,336.05,335.35,335.65,18034,BIOCON
2608,2025-06-04 11:15:00+05:30,335.6,335.85,334.9,335.35,28057,BIOCON
2609,2025-06-04 11:30:00+05:30,335.2,335.35,335.05,335.15,9471,BIOCON
2610,2025-06-04 11:45:00+05:30,335.15,335.35,334.6,335.15,13122,BIOCON
2611,2025-06-04 12:00:00+05:30,335.25,335.7,335.0,335.25,12699,BIOCON
2612,2025-06-04 12:15:00+05:30,335.45,335.5,334.7,334.7,6187,BIOCON
2613,2025-06-04 12:30:00+05:30,334.75,335.05,334.15,335.05,18426,BIOCON
2614,2025-06-04 12:45:00+05:30,335.0,335.0,334.3,334.35,12170,BIOCON
2615,2025-06-04 13:00:00+05:30,334.35,334.95,334.35,334.65,8551,BIOCON
2616,2025-06-04 13:15:00+05:30,334.7,335.0,334.5,335.0,8581,BIOCON
2617,2025-06-04 13:30:00+05:30,334.95,335.35,334.85,335.15,17933,BIOCON
2618,2025-06-04 13:45:00+05:30,335.25,335.55,335.0,335.55,12364,BIOCON
2619,2025-06-04 14:00:00+05:30,335.6,335.8,335.3,335.5,14623,BIOCON
2620,2025-06-04 14:15:00+05:30,335.5,335.7,335.3,335.4,12048,BIOCON
2621,2025-06-04 14:30:00+05:30,335.4,336.0,335.3,335.95,31424,BIOCON
2622,2025-06-04 14:45:00+05:30,335.95,335.95,335.35,335.7,16756,BIOCON
2623,2025-06-04 15:00:00+05:30,335.7,336.6,335.65,336.45,88339,BIOCON
2624,2025-06-04 15:15:00+05:30,336.4,337.0,336.25,336.7,89128,BIOCON
2625,2025-06-05 09:15:00+05:30,335.1,338.5,332.75,334.0,606857,BIOCON
2626,2025-06-05 09:30:00+05:30,334.1,334.25,331.7,333.3,258411,BIOCON
2627,2025-06-05 09:45:00+05:30,333.1,333.9,332.85,333.7,55725,BIOCON
2628,2025-06-05 10:00:00+05:30,333.7,334.65,333.35,334.4,56211,BIOCON
2629,2025-06-05 10:15:00+05:30,334.25,334.6,333.5,333.95,38774,BIOCON
2630,2025-06-05 10:30:00+05:30,333.95,334.5,333.4,334.0,33321,BIOCON
2631,2025-06-05 10:45:00+05:30,334.3,335.0,331.75,332.0,343068,BIOCON
2632,2025-06-05 11:00:00+05:30,332.0,332.7,331.1,331.9,263878,BIOCON
2633,2025-06-05 11:15:00+05:30,331.9,332.1,330.85,331.7,332099,BIOCON
2634,2025-06-05 11:30:00+05:30,331.7,331.8,331.1,331.45,144729,BIOCON
2635,2025-06-05 11:45:00+05:30,331.45,331.55,331.0,331.4,79004,BIOCON
2636,2025-06-05 12:00:00+05:30,331.4,331.5,330.8,331.15,91374,BIOCON
2637,2025-06-05 12:15:00+05:30,331.3,331.8,331.15,331.8,45173,BIOCON
2638,2025-06-05 12:30:00+05:30,331.8,332.25,331.65,331.95,73467,BIOCON
2639,2025-06-05 12:45:00+05:30,332.0,332.3,331.45,331.55,54102,BIOCON
2640,2025-06-05 13:00:00+05:30,331.55,332.0,331.5,331.6,59008,BIOCON
2641,2025-06-05 13:15:00+05:30,331.6,332.65,331.55,332.5,108111,BIOCON
2642,2025-06-05 13:30:00+05:30,332.5,332.55,330.85,331.05,158211,BIOCON
2643,2025-06-05 13:45:00+05:30,330.9,331.5,330.55,330.65,78213,BIOCON
2644,2025-06-05 14:00:00+05:30,330.7,331.05,330.15,330.7,108075,BIOCON
2645,2025-06-05 14:15:00+05:30,330.7,330.7,329.5,330.4,112809,BIOCON
2646,2025-06-05 14:30:00+05:30,330.35,330.65,329.85,330.4,43064,BIOCON
2647,2025-06-05 14:45:00+05:30,330.35,330.9,329.75,330.7,246330,BIOCON
2648,2025-06-05 15:00:00+05:30,330.7,330.95,330.1,330.3,152480,BIOCON
2649,2025-06-05 15:15:00+05:30,330.2,331.0,330.05,330.6,343931,BIOCON
2650,2025-06-06 09:15:00+05:30,331.95,332.2,328.55,328.85,230985,BIOCON
2651,2025-06-06 09:30:00+05:30,328.85,329.6,328.1,328.35,90923,BIOCON
2652,2025-06-06 09:45:00+05:30,328.4,328.95,328.35,328.8,35105,BIOCON
2653,2025-06-06 10:00:00+05:30,328.8,329.4,327.6,328.65,109296,BIOCON
2654,2025-06-06 10:15:00+05:30,328.5,329.6,328.35,329.1,59587,BIOCON
2655,2025-06-06 10:30:00+05:30,329.1,329.85,329.05,329.35,30235,BIOCON
2656,2025-06-06 10:45:00+05:30,329.35,329.55,329.0,329.25,42606,BIOCON
2657,2025-06-06 11:00:00+05:30,329.25,329.7,329.2,329.5,42548,BIOCON
2658,2025-06-06 11:15:00+05:30,329.5,330.35,329.2,329.45,53269,BIOCON
2659,2025-06-06 11:30:00+05:30,329.45,329.95,329.3,329.7,19952,BIOCON
2660,2025-06-06 11:45:00+05:30,329.7,330.55,329.65,330.15,27751,BIOCON
2661,2025-06-06 12:00:00+05:30,330.15,330.2,329.3,329.45,24437,BIOCON
2662,2025-06-06 12:15:00+05:30,329.35,329.5,329.1,329.3,18626,BIOCON
2663,2025-06-06 12:30:00+05:30,329.3,329.95,329.25,329.75,13464,BIOCON
2664,2025-06-06 12:45:00+05:30,329.95,330.1,329.7,329.85,30781,BIOCON
2665,2025-06-06 13:00:00+05:30,329.95,331.3,329.85,331.1,51183,BIOCON
2666,2025-06-06 13:15:00+05:30,331.15,331.15,330.6,330.8,23398,BIOCON
2667,2025-06-06 13:30:00+05:30,330.65,330.85,329.3,329.95,41109,BIOCON
2668,2025-06-06 13:45:00+05:30,329.8,330.35,329.6,330.15,18555,BIOCON
2669,2025-06-06 14:00:00+05:30,330.1,330.8,330.0,330.35,23579,BIOCON
2670,2025-06-06 14:15:00+05:30,330.35,330.7,330.3,330.5,11177,BIOCON
2671,2025-06-06 14:30:00+05:30,330.5,330.7,330.3,330.45,23452,BIOCON
2672,2025-06-06 14:45:00+05:30,330.4,330.7,330.05,330.2,26134,BIOCON
2673,2025-06-06 15:00:00+05:30,330.3,330.5,329.6,330.15,104163,BIOCON
2674,2025-06-06 15:15:00+05:30,330.15,330.55,329.5,329.7,95545,BIOCON
2675,2025-06-09 09:15:00+05:30,332.9,334.25,330.9,333.35,181968,BIOCON
2676,2025-06-09 09:30:00+05:30,333.25,333.8,332.65,333.45,52618,BIOCON
2677,2025-06-09 09:45:00+05:30,333.45,333.55,332.35,333.0,41259,BIOCON
2678,2025-06-09 10:00:00+05:30,333.05,333.9,332.7,332.75,94149,BIOCON
2679,2025-06-09 10:15:00+05:30,332.7,334.55,332.35,334.55,58529,BIOCON
2680,2025-06-09 10:30:00+05:30,334.6,335.3,333.75,333.8,99078,BIOCON
2681,2025-06-09 10:45:00+05:30,333.85,334.6,333.6,334.25,37174,BIOCON
2682,2025-06-09 11:00:00+05:30,334.45,334.45,333.8,333.8,11244,BIOCON
2683,2025-06-09 11:15:00+05:30,334.0,334.3,333.8,334.2,16162,BIOCON
2684,2025-06-09 11:30:00+05:30,334.2,334.3,333.8,334.0,30990,BIOCON
2685,2025-06-09 11:45:00+05:30,334.0,335.7,333.8,335.65,193361,BIOCON
2686,2025-06-09 12:00:00+05:30,335.7,336.1,333.85,333.85,104083,BIOCON
2687,2025-06-09 12:15:00+05:30,334.05,334.3,333.5,333.8,24463,BIOCON
2688,2025-06-09 12:30:00+05:30,333.8,341.85,333.65,340.85,1161513,BIOCON
2689,2025-06-09 12:45:00+05:30,341.0,341.7,339.2,339.95,316568,BIOCON
2690,2025-06-09 13:00:00+05:30,339.85,340.0,338.55,338.65,119330,BIOCON
2691,2025-06-09 13:15:00+05:30,338.8,339.0,337.2,338.2,67592,BIOCON
2692,2025-06-09 13:30:00+05:30,338.2,339.6,337.75,338.9,69858,BIOCON
2693,2025-06-09 13:45:00+05:30,339.0,339.0,338.15,339.0,51290,BIOCON
2694,2025-06-09 14:00:00+05:30,339.0,339.8,338.35,338.55,36845,BIOCON
2695,2025-06-09 14:15:00+05:30,338.5,339.05,338.4,338.85,37356,BIOCON
2696,2025-06-09 14:30:00+05:30,338.6,339.0,338.2,338.95,30820,BIOCON
2697,2025-06-09 14:45:00+05:30,338.9,338.95,338.25,338.55,88681,BIOCON
2698,2025-06-09 15:00:00+05:30,338.55,338.55,338.0,338.35,109177,BIOCON
2699,2025-06-09 15:15:00+05:30,338.4,338.7,337.4,337.7,288845,BIOCON
2700,2025-06-10 09:15:00+05:30,339.8,343.9,339.55,342.05,368215,BIOCON
2701,2025-06-10 09:30:00+05:30,342.2,348.15,341.45,346.85,1222810,BIOCON
2702,2025-06-10 09:45:00+05:30,346.85,347.9,344.05,345.25,798472,BIOCON
2703,2025-06-10 10:00:00+05:30,345.4,347.7,345.05,346.8,531285,BIOCON
2704,2025-06-10 10:15:00+05:30,346.8,347.4,344.25,345.4,292942,BIOCON
2705,2025-06-10 10:30:00+05:30,345.4,345.85,344.7,345.25,110735,BIOCON
2706,2025-06-10 10:45:00+05:30,345.4,345.5,344.35,344.5,234537,BIOCON
2707,2025-06-10 11:00:00+05:30,344.5,345.15,344.25,344.9,69889,BIOCON
2708,2025-06-10 11:15:00+05:30,344.9,344.9,342.65,343.5,130491,BIOCON
2709,2025-06-10 11:30:00+05:30,343.5,343.6,340.1,342.0,220113,BIOCON
2710,2025-06-10 11:45:00+05:30,342.0,342.6,340.1,342.3,158639,BIOCON
2711,2025-06-10 12:00:00+05:30,342.35,342.4,341.45,342.2,100459,BIOCON
2712,2025-06-10 12:15:00+05:30,342.1,343.4,341.75,342.35,118760,BIOCON
2713,2025-06-10 12:30:00+05:30,342.35,343.2,342.05,343.0,66873,BIOCON
2714,2025-06-10 12:45:00+05:30,342.95,343.5,342.95,343.2,62965,BIOCON
2715,2025-06-10 13:00:00+05:30,343.15,343.3,342.6,342.95,61903,BIOCON
2716,2025-06-10 13:15:00+05:30,342.75,343.4,342.75,343.4,37182,BIOCON
2717,2025-06-10 13:30:00+05:30,343.3,344.25,343.2,343.45,59288,BIOCON
2718,2025-06-10 13:45:00+05:30,343.3,343.5,343.0,343.05,41143,BIOCON
2719,2025-06-10 14:00:00+05:30,343.0,343.2,341.65,342.1,229628,BIOCON
2720,2025-06-10 14:15:00+05:30,341.95,342.2,341.25,341.55,95354,BIOCON
2721,2025-06-10 14:30:00+05:30,341.5,342.2,341.5,341.85,75353,BIOCON
2722,2025-06-10 14:45:00+05:30,341.65,342.0,340.9,341.25,102446,BIOCON
2723,2025-06-10 15:00:00+05:30,341.25,342.0,340.4,340.9,263934,BIOCON
2724,2025-06-10 15:15:00+05:30,340.9,342.1,340.6,341.9,613576,BIOCON
2725,2025-06-11 09:15:00+05:30,341.2,342.85,338.1,339.1,291872,BIOCON
2726,2025-06-11 09:30:00+05:30,339.1,341.4,339.05,341.4,182876,BIOCON
2727,2025-06-11 09:45:00+05:30,341.3,341.7,340.45,340.85,97944,BIOCON
2728,2025-06-11 10:00:00+05:30,340.9,341.7,340.7,341.0,45474,BIOCON
2729,2025-06-11 10:15:00+05:30,341.0,342.4,341.0,342.0,111479,BIOCON
2730,2025-06-11 10:30:00+05:30,342.15,343.5,341.95,342.45,90627,BIOCON
2731,2025-06-11 10:45:00+05:30,342.3,344.2,342.25,344.15,124116,BIOCON
2732,2025-06-11 11:00:00+05:30,344.15,346.5,344.0,345.95,262340,BIOCON
2733,2025-06-11 11:15:00+05:30,346.0,346.55,345.5,345.7,235295,BIOCON
2734,2025-06-11 11:30:00+05:30,345.7,348.65,345.6,348.65,321519,BIOCON
2735,2025-06-11 11:45:00+05:30,348.5,353.2,348.1,352.5,1245664,BIOCON
2736,2025-06-11 12:00:00+05:30,352.5,353.9,351.5,353.25,636385,BIOCON
2737,2025-06-11 12:15:00+05:30,353.45,354.7,352.3,354.25,558282,BIOCON
2738,2025-06-11 12:30:00+05:30,354.45,354.45,352.85,353.25,518083,BIOCON
2739,2025-06-11 12:45:00+05:30,353.25,353.85,352.8,352.9,211188,BIOCON
2740,2025-06-11 13:00:00+05:30,352.9,353.4,352.0,352.2,266793,BIOCON
2741,2025-06-11 13:15:00+05:30,352.2,352.35,350.0,350.5,312427,BIOCON
2742,2025-06-11 13:30:00+05:30,350.5,351.15,349.55,349.6,249420,BIOCON
2743,2025-06-11 13:45:00+05:30,349.75,351.0,349.5,350.75,197501,BIOCON
2744,2025-06-11 14:00:00+05:30,350.75,351.0,349.5,351.0,157082,BIOCON
2745,2025-06-11 14:15:00+05:30,351.0,352.75,350.95,351.5,217556,BIOCON
2746,2025-06-11 14:30:00+05:30,351.65,353.45,351.3,352.6,196675,BIOCON
2747,2025-06-11 14:45:00+05:30,352.6,355.6,352.5,354.4,714457,BIOCON
2748,2025-06-11 15:00:00+05:30,354.45,355.0,353.4,354.5,358569,BIOCON
2749,2025-06-11 15:15:00+05:30,354.65,356.0,353.6,355.0,716945,BIOCON
2750,2025-06-12 09:15:00+05:30,355.0,357.75,352.7,355.9,1017965,BIOCON
2751,2025-06-12 09:30:00+05:30,356.0,357.5,354.0,354.35,329314,BIOCON
2752,2025-06-12 09:45:00+05:30,354.45,355.95,354.0,354.9,184151,BIOCON
2753,2025-06-12 10:00:00+05:30,355.0,356.7,353.9,356.6,197728,BIOCON
2754,2025-06-12 10:15:00+05:30,356.35,356.6,353.55,354.35,144606,BIOCON
2755,2025-06-12 10:30:00+05:30,354.55,355.15,353.35,353.9,157204,BIOCON
2756,2025-06-12 10:45:00+05:30,353.9,355.2,353.65,353.7,64229,BIOCON
2757,2025-06-12 11:00:00+05:30,353.85,354.2,353.5,353.7,84216,BIOCON
2758,2025-06-12 11:15:00+05:30,353.65,355.2,352.05,354.0,172100,BIOCON
2759,2025-06-12 11:30:00+05:30,354.05,354.25,352.95,353.7,70394,BIOCON
2760,2025-06-12 11:45:00+05:30,353.75,354.0,353.0,353.35,51128,BIOCON
2761,2025-06-12 12:00:00+05:30,353.35,353.35,352.65,352.75,45462,BIOCON
2762,2025-06-12 12:15:00+05:30,352.75,353.65,352.4,353.45,42578,BIOCON
2763,2025-06-12 12:30:00+05:30,353.2,354.4,353.2,354.2,53602,BIOCON
2764,2025-06-12 12:45:00+05:30,354.1,355.4,353.9,354.1,107244,BIOCON
2765,2025-06-12 13:00:00+05:30,354.1,356.45,354.0,355.2,162248,BIOCON
2766,2025-06-12 13:15:00+05:30,355.2,355.3,353.7,353.75,93029,BIOCON
2767,2025-06-12 13:30:00+05:30,353.75,354.35,351.3,351.35,160343,BIOCON
2768,2025-06-12 13:45:00+05:30,351.5,352.3,350.75,351.8,99873,BIOCON
2769,2025-06-12 14:00:00+05:30,351.6,351.8,349.5,350.4,175038,BIOCON
2770,2025-06-12 14:15:00+05:30,350.4,353.3,350.25,352.2,160754,BIOCON
2771,2025-06-12 14:30:00+05:30,352.05,354.45,352.05,353.85,281095,BIOCON
2772,2025-06-12 14:45:00+05:30,353.85,354.5,353.2,353.7,76485,BIOCON
2773,2025-06-12 15:00:00+05:30,353.7,353.95,352.55,352.75,106499,BIOCON
2774,2025-06-12 15:15:00+05:30,352.8,352.95,351.0,351.2,228492,BIOCON
2775,2025-06-13 09:15:00+05:30,347.95,350.95,345.0,350.1,598037,BIOCON
2776,2025-06-13 09:30:00+05:30,349.8,351.5,348.05,350.6,211582,BIOCON
2777,2025-06-13 09:45:00+05:30,350.75,352.5,348.55,352.3,147923,BIOCON
2778,2025-06-13 10:00:00+05:30,352.3,354.7,351.6,354.45,221671,BIOCON
2779,2025-06-13 10:15:00+05:30,354.6,357.05,354.25,355.75,470372,BIOCON
2780,2025-06-13 10:30:00+05:30,355.8,356.3,354.75,355.15,146872,BIOCON
2781,2025-06-13 10:45:00+05:30,355.2,356.65,355.0,355.45,249418,BIOCON
2782,2025-06-13 11:00:00+05:30,355.55,355.8,353.0,353.25,323728,BIOCON
2783,2025-06-13 11:15:00+05:30,353.4,355.6,353.3,355.15,81205,BIOCON
2784,2025-06-13 11:30:00+05:30,355.25,355.25,354.05,354.4,151096,BIOCON
2785,2025-06-13 11:45:00+05:30,354.4,354.6,352.1,353.1,120227,BIOCON
2786,2025-06-13 12:00:00+05:30,353.25,353.8,350.1,350.5,318777,BIOCON
2787,2025-06-13 12:15:00+05:30,350.35,350.85,348.4,349.3,214230,BIOCON
2788,2025-06-13 12:30:00+05:30,349.2,350.4,348.25,349.7,348358,BIOCON
2789,2025-06-13 12:45:00+05:30,349.6,350.15,348.35,349.85,234141,BIOCON
2790,2025-06-13 13:00:00+05:30,349.65,350.45,348.75,350.05,86307,BIOCON
2791,2025-06-13 13:15:00+05:30,350.2,351.4,350.0,351.25,191559,BIOCON
2792,2025-06-13 13:30:00+05:30,351.25,353.55,351.05,353.35,236913,BIOCON
2793,2025-06-13 13:45:00+05:30,353.35,354.3,353.0,353.25,180549,BIOCON
2794,2025-06-13 14:00:00+05:30,353.3,353.75,352.4,353.65,164669,BIOCON
2795,2025-06-13 14:15:00+05:30,353.5,354.6,353.0,354.05,145559,BIOCON
2796,2025-06-13 14:30:00+05:30,354.05,354.5,353.0,353.0,187495,BIOCON
2797,2025-06-13 14:45:00+05:30,353.0,353.45,352.15,352.95,322044,BIOCON
2798,2025-06-13 15:00:00+05:30,352.95,355.0,352.75,354.4,534194,BIOCON
2799,2025-06-13 15:15:00+05:30,354.4,357.9,353.85,356.5,2118690,BIOCON
2800,2025-06-16 09:15:00+05:30,358.3,359.05,352.25,352.8,404638,BIOCON
2801,2025-06-16 09:30:00+05:30,352.7,353.75,350.6,350.65,193853,BIOCON
2802,2025-06-16 09:45:00+05:30,350.65,352.15,349.25,351.65,106032,BIOCON
2803,2025-06-16 10:00:00+05:30,351.9,351.95,350.0,350.85,106375,BIOCON
2804,2025-06-16 10:15:00+05:30,350.7,352.65,350.3,352.25,71296,BIOCON
2805,2025-06-16 10:30:00+05:30,352.25,352.25,348.25,349.1,195053,BIOCON
2806,2025-06-16 10:45:00+05:30,349.1,350.65,349.0,349.8,146874,BIOCON
2807,2025-06-16 11:00:00+05:30,350.0,351.9,350.0,350.9,59387,BIOCON
2808,2025-06-16 11:15:00+05:30,350.9,351.8,349.05,350.5,82403,BIOCON
2809,2025-06-16 11:30:00+05:30,350.45,353.8,350.3,353.2,128766,BIOCON
2810,2025-06-16 11:45:00+05:30,353.2,354.65,352.55,354.5,102532,BIOCON
2811,2025-06-16 12:00:00+05:30,354.35,354.55,353.3,353.95,63244,BIOCON
2812,2025-06-16 12:15:00+05:30,354.0,354.2,353.65,353.95,41917,BIOCON
2813,2025-06-16 12:30:00+05:30,353.8,354.6,353.8,354.45,37124,BIOCON
2814,2025-06-16 12:45:00+05:30,354.4,354.65,353.65,353.85,37002,BIOCON
2815,2025-06-16 13:00:00+05:30,353.85,355.85,353.7,355.3,211502,BIOCON
2816,2025-06-16 13:15:00+05:30,355.2,356.3,354.8,356.15,157211,BIOCON
2817,2025-06-16 13:30:00+05:30,356.1,356.75,355.8,356.6,78005,BIOCON
2818,2025-06-16 13:45:00+05:30,356.55,358.0,354.05,354.1,371047,BIOCON
2819,2025-06-16 14:00:00+05:30,354.1,355.7,352.7,355.5,247438,BIOCON
2820,2025-06-16 14:15:00+05:30,355.5,357.45,355.15,355.55,268475,BIOCON
2821,2025-06-16 14:30:00+05:30,355.75,356.65,355.55,356.5,73073,BIOCON
2822,2025-06-16 14:45:00+05:30,356.45,357.0,355.0,356.85,140924,BIOCON
2823,2025-06-16 15:00:00+05:30,356.8,357.4,356.25,357.25,145097,BIOCON
2824,2025-06-16 15:15:00+05:30,357.25,358.35,356.75,356.95,332688,BIOCON
2825,2025-06-17 09:15:00+05:30,355.0,361.9,353.5,355.15,1974924,BIOCON
2826,2025-06-17 09:30:00+05:30,355.25,361.85,353.6,360.55,1454347,BIOCON
2827,2025-06-17 09:45:00+05:30,360.4,360.8,357.65,358.2,630801,BIOCON
2828,2025-06-17 10:00:00+05:30,358.25,358.85,357.35,358.0,258667,BIOCON
2829,2025-06-17 10:15:00+05:30,358.0,362.45,357.85,362.3,829500,BIOCON
2830,2025-06-17 10:30:00+05:30,362.3,364.65,361.55,363.85,908962,BIOCON
2831,2025-06-17 10:45:00+05:30,363.65,363.9,361.8,362.3,471142,BIOCON
2832,2025-06-17 11:00:00+05:30,362.3,362.3,359.65,360.0,383865,BIOCON
2833,2025-06-17 11:15:00+05:30,360.0,361.9,359.95,361.8,218121,BIOCON
2834,2025-06-17 11:30:00+05:30,361.8,362.5,361.15,361.3,127626,BIOCON
2835,2025-06-17 11:45:00+05:30,361.55,362.1,360.8,361.6,124360,BIOCON
2836,2025-06-17 12:00:00+05:30,361.6,361.85,361.15,361.5,83577,BIOCON
2837,2025-06-17 12:15:00+05:30,361.3,362.5,360.5,360.6,208142,BIOCON
2838,2025-06-17 12:30:00+05:30,360.8,360.9,357.75,358.0,426268,BIOCON
2839,2025-06-17 12:45:00+05:30,357.8,358.5,356.6,357.7,368494,BIOCON
2840,2025-06-17 13:00:00+05:30,357.5,358.35,357.15,358.25,251806,BIOCON
2841,2025-06-17 13:15:00+05:30,358.25,358.35,356.6,357.15,156954,BIOCON
2842,2025-06-17 13:30:00+05:30,357.1,358.5,356.3,357.8,173467,BIOCON
2843,2025-06-17 13:45:00+05:30,357.7,357.7,356.6,357.1,67263,BIOCON
2844,2025-06-17 14:00:00+05:30,357.0,357.85,356.2,357.1,97464,BIOCON
2845,2025-06-17 14:15:00+05:30,357.05,357.1,354.3,354.5,239098,BIOCON
2846,2025-06-17 14:30:00+05:30,354.5,354.5,349.85,352.85,1052706,BIOCON
2847,2025-06-17 14:45:00+05:30,352.85,354.6,352.4,353.0,347043,BIOCON
2848,2025-06-17 15:00:00+05:30,353.0,354.9,352.65,352.65,240249,BIOCON
2849,2025-06-17 15:15:00+05:30,352.8,353.1,351.55,352.1,541543,BIOCON
2850,2025-06-18 09:15:00+05:30,352.0,352.0,345.4,349.6,1265720,BIOCON
2851,2025-06-18 09:30:00+05:30,349.85,350.7,348.4,348.65,350243,BIOCON
2852,2025-06-18 09:45:00+05:30,348.8,352.0,348.55,350.7,541981,BIOCON
2853,2025-06-18 10:00:00+05:30,350.7,350.75,349.05,349.35,147952,BIOCON
2854,2025-06-18 10:15:00+05:30,349.4,350.85,348.8,349.5,139248,BIOCON
2855,2025-06-18 10:30:00+05:30,349.5,349.55,346.55,347.3,307894,BIOCON
2856,2025-06-18 10:45:00+05:30,347.3,347.65,345.15,346.55,280308,BIOCON
2857,2025-06-18 11:00:00+05:30,346.65,348.1,346.15,347.7,117207,BIOCON
2858,2025-06-18 11:15:00+05:30,347.7,347.7,344.45,345.55,336190,BIOCON
2859,2025-06-18 11:30:00+05:30,345.55,346.85,344.15,346.55,285500,BIOCON
2860,2025-06-18 11:45:00+05:30,346.6,346.7,344.5,344.75,156840,BIOCON
2861,2025-06-18 12:00:00+05:30,344.95,345.8,344.35,344.9,160950,BIOCON
2862,2025-06-18 12:15:00+05:30,344.95,345.7,343.75,344.5,361523,BIOCON
2863,2025-06-18 12:30:00+05:30,344.5,345.25,341.3,341.6,269504,BIOCON
2864,2025-06-18 12:45:00+05:30,341.5,344.5,341.5,344.15,444608,BIOCON
2865,2025-06-18 13:00:00+05:30,344.1,344.55,342.85,343.95,336613,BIOCON
2866,2025-06-18 13:15:00+05:30,344.05,344.05,342.55,343.05,123787,BIOCON
2867,2025-06-18 13:30:00+05:30,343.0,343.2,341.5,342.25,239122,BIOCON
2868,2025-06-18 13:45:00+05:30,342.25,342.65,341.25,341.9,579093,BIOCON
2869,2025-06-18 14:00:00+05:30,341.9,341.95,340.65,341.2,689603,BIOCON
2870,2025-06-18 14:15:00+05:30,341.15,341.4,340.1,341.15,513732,BIOCON
2871,2025-06-18 14:30:00+05:30,341.05,341.9,340.85,341.3,160328,BIOCON
2872,2025-06-18 14:45:00+05:30,341.3,341.75,341.05,341.55,134250,BIOCON
2873,2025-06-18 15:00:00+05:30,341.7,342.5,340.9,342.15,552581,BIOCON
2874,2025-06-18 15:15:00+05:30,342.15,342.7,342.0,342.7,479030,BIOCON
2875,2025-06-19 09:15:00+05:30,343.0,346.9,343.0,343.1,742177,BIOCON
2876,2025-06-19 09:30:00+05:30,343.35,346.05,343.35,345.8,622977,BIOCON
2877,2025-06-19 09:45:00+05:30,345.8,348.9,345.45,346.4,952479,BIOCON
2878,2025-06-19 10:00:00+05:30,346.4,346.6,345.0,346.25,229009,BIOCON
2879,2025-06-19 10:15:00+05:30,346.3,350.5,345.3,349.95,1074414,BIOCON
2880,2025-06-19 10:30:00+05:30,349.9,349.95,346.55,349.5,709322,BIOCON
2881,2025-06-19 10:45:00+05:30,349.5,349.8,348.5,349.3,279972,BIOCON
2882,2025-06-19 11:00:00+05:30,349.6,350.35,348.9,349.65,345388,BIOCON
2883,2025-06-19 11:15:00+05:30,349.8,350.8,349.55,350.7,217812,BIOCON
2884,2025-06-19 11:30:00+05:30,350.75,350.9,349.3,350.45,368672,BIOCON
2885,2025-06-19 11:45:00+05:30,350.7,350.95,349.85,350.7,187657,BIOCON
2886,2025-06-19 12:00:00+05:30,350.7,350.9,349.6,350.2,218680,BIOCON
2887,2025-06-19 12:15:00+05:30,350.2,350.2,348.6,349.2,274906,BIOCON
2888,2025-06-19 12:30:00+05:30,349.1,349.65,348.1,348.95,208146,BIOCON
2889,2025-06-19 12:45:00+05:30,349.1,349.1,347.3,347.6,286995,BIOCON
2890,2025-06-19 13:00:00+05:30,347.8,349.2,346.8,347.2,310630,BIOCON
2891,2025-06-19 13:15:00+05:30,347.3,348.45,346.5,347.15,249416,BIOCON
2892,2025-06-19 13:30:00+05:30,347.15,347.4,346.2,346.7,193276,BIOCON
2893,2025-06-19 13:45:00+05:30,346.9,348.5,346.5,348.0,195232,BIOCON
2894,2025-06-19 14:00:00+05:30,348.0,348.5,347.75,348.35,111317,BIOCON
2895,2025-06-19 14:15:00+05:30,348.5,349.2,348.1,348.5,141983,BIOCON
2896,2025-06-19 14:30:00+05:30,348.45,349.15,348.15,348.6,116372,BIOCON
2897,2025-06-19 14:45:00+05:30,348.5,350.0,348.5,349.15,229367,BIOCON
2898,2025-06-19 15:00:00+05:30,349.15,350.0,348.35,348.6,317656,BIOCON
2899,2025-06-19 15:15:00+05:30,348.7,349.0,346.3,347.0,391619,BIOCON
2900,2025-06-20 09:15:00+05:30,348.05,352.3,344.85,346.25,495206,BIOCON
2901,2025-06-20 09:30:00+05:30,346.25,347.3,344.55,346.05,157519,BIOCON
2902,2025-06-20 09:45:00+05:30,346.05,346.55,345.15,345.7,92894,BIOCON
2903,2025-06-20 10:00:00+05:30,345.6,348.95,345.35,348.55,198570,BIOCON
2904,2025-06-20 10:15:00+05:30,348.6,349.5,346.7,349.1,252890,BIOCON
2905,2025-06-20 10:30:00+05:30,349.1,349.45,348.5,349.0,57064,BIOCON
2906,2025-06-20 10:45:00+05:30,349.0,349.75,347.65,348.2,127382,BIOCON
2907,2025-06-20 11:00:00+05:30,348.2,349.4,347.75,348.55,52893,BIOCON
2908,2025-06-20 11:15:00+05:30,348.55,348.9,348.2,348.3,22178,BIOCON
2909,2025-06-20 11:30:00+05:30,348.4,348.5,347.5,347.55,27499,BIOCON
2910,2025-06-20 11:45:00+05:30,347.5,348.2,347.5,348.0,44281,BIOCON
2911,2025-06-20 12:00:00+05:30,348.0,350.0,347.9,349.2,207968,BIOCON
2912,2025-06-20 12:15:00+05:30,349.2,350.35,348.9,349.7,169620,BIOCON
2913,2025-06-20 12:30:00+05:30,349.65,350.85,349.4,350.8,207297,BIOCON
2914,2025-06-20 12:45:00+05:30,350.8,351.75,350.4,351.4,207285,BIOCON
2915,2025-06-20 13:00:00+05:30,351.4,351.45,350.55,351.3,104102,BIOCON
2916,2025-06-20 13:15:00+05:30,351.15,351.5,351.0,351.15,39922,BIOCON
2917,2025-06-20 13:30:00+05:30,351.1,351.9,351.0,351.9,56800,BIOCON
2918,2025-06-20 13:45:00+05:30,351.9,352.3,350.75,351.05,163199,BIOCON
2919,2025-06-20 14:00:00+05:30,351.05,352.55,350.95,352.25,169265,BIOCON
2920,2025-06-20 14:15:00+05:30,352.15,352.3,351.65,352.2,92091,BIOCON
2921,2025-06-20 14:30:00+05:30,352.2,352.9,352.15,352.5,113582,BIOCON
2922,2025-06-20 14:45:00+05:30,352.6,352.75,351.6,351.95,84250,BIOCON
2923,2025-06-20 15:00:00+05:30,351.95,352.35,350.6,351.4,224747,BIOCON
2924,2025-06-20 15:15:00+05:30,351.5,351.9,350.0,350.65,255581,BIOCON
2925,2025-06-23 09:15:00+05:30,347.95,353.6,347.85,352.05,675395,BIOCON
2926,2025-06-23 09:30:00+05:30,351.95,352.8,350.7,351.05,160719,BIOCON
2927,2025-06-23 09:45:00+05:30,351.35,353.2,351.0,352.25,115888,BIOCON
2928,2025-06-23 10:00:00+05:30,352.2,352.65,352.0,352.0,37423,BIOCON
2929,2025-06-23 10:15:00+05:30,352.1,352.8,350.45,350.65,198727,BIOCON
2930,2025-06-23 10:30:00+05:30,350.7,351.6,350.4,351.0,117037,BIOCON
2931,2025-06-23 10:45:00+05:30,351.0,351.25,350.4,351.25,98530,BIOCON
2932,2025-06-23 11:00:00+05:30,351.2,351.6,351.05,351.45,55077,BIOCON
2933,2025-06-23 11:15:00+05:30,351.5,353.5,351.3,353.05,157823,BIOCON
2934,2025-06-23 11:30:00+05:30,353.1,353.45,352.75,353.0,74687,BIOCON
2935,2025-06-23 11:45:00+05:30,353.0,353.4,352.3,353.0,82720,BIOCON
2936,2025-06-23 12:00:00+05:30,353.0,353.2,352.65,353.1,36322,BIOCON
2937,2025-06-23 12:15:00+05:30,353.0,353.6,352.6,353.5,161480,BIOCON
2938,2025-06-23 12:30:00+05:30,353.5,354.7,353.1,354.1,283955,BIOCON
2939,2025-06-23 12:45:00+05:30,354.1,354.7,353.55,354.25,109802,BIOCON
2940,2025-06-23 13:00:00+05:30,354.3,354.7,353.7,354.15,88129,BIOCON
2941,2025-06-23 13:15:00+05:30,354.15,354.35,353.55,353.95,84843,BIOCON
2942,2025-06-23 13:30:00+05:30,353.95,354.45,353.8,354.4,109618,BIOCON
2943,2025-06-23 13:45:00+05:30,354.4,355.0,353.6,354.45,179250,BIOCON
2944,2025-06-23 14:00:00+05:30,354.5,355.75,354.4,354.55,307997,BIOCON
2945,2025-06-23 14:15:00+05:30,354.6,354.65,353.1,353.4,145186,BIOCON
2946,2025-06-23 14:30:00+05:30,353.45,353.8,352.55,352.75,82386,BIOCON
2947,2025-06-23 14:45:00+05:30,352.8,353.65,352.65,353.35,138622,BIOCON
2948,2025-06-23 15:00:00+05:30,353.4,353.45,351.6,351.8,158202,BIOCON
2949,2025-06-23 15:15:00+05:30,351.8,353.85,350.65,351.65,815223,BIOCON
2950,2025-06-24 09:15:00+05:30,350.0,351.5,345.65,346.15,1436533,BIOCON
2951,2025-06-24 09:30:00+05:30,346.15,349.7,345.8,349.0,522643,BIOCON
2952,2025-06-24 09:45:00+05:30,349.0,349.8,348.6,349.1,477911,BIOCON
2953,2025-06-24 10:00:00+05:30,349.1,350.35,349.0,350.25,368880,BIOCON
2954,2025-06-24 10:15:00+05:30,350.25,350.45,348.0,348.1,344218,BIOCON
2955,2025-06-24 10:30:00+05:30,348.1,349.0,347.3,348.85,303985,BIOCON
2956,2025-06-24 10:45:00+05:30,348.85,349.15,347.4,347.8,416746,BIOCON
2957,2025-06-24 11:00:00+05:30,347.8,348.4,346.55,348.05,431245,BIOCON
2958,2025-06-24 11:15:00+05:30,348.05,348.5,347.0,347.65,370770,BIOCON
2959,2025-06-24 11:30:00+05:30,347.65,348.75,347.3,347.9,450052,BIOCON
2960,2025-06-24 11:45:00+05:30,347.9,348.75,347.3,348.0,459469,BIOCON
2961,2025-06-24 12:00:00+05:30,348.05,350.0,348.0,349.95,733171,BIOCON
2962,2025-06-24 12:15:00+05:30,349.9,351.05,348.95,350.95,559445,BIOCON
2963,2025-06-24 12:30:00+05:30,350.9,350.95,348.75,349.2,387905,BIOCON
2964,2025-06-24 12:45:00+05:30,349.2,350.3,349.0,349.25,666120,BIOCON
2965,2025-06-24 13:00:00+05:30,349.25,349.75,348.7,349.5,357628,BIOCON
2966,2025-06-24 13:15:00+05:30,349.45,349.7,348.4,348.4,365031,BIOCON
2967,2025-06-24 13:30:00+05:30,348.4,348.8,347.5,348.45,313637,BIOCON
2968,2025-06-24 13:45:00+05:30,348.45,349.5,348.45,349.05,225210,BIOCON
2969,2025-06-24 14:00:00+05:30,349.05,349.35,348.35,349.05,256824,BIOCON
2970,2025-06-24 14:15:00+05:30,349.0,350.3,349.0,350.0,422327,BIOCON
2971,2025-06-24 14:30:00+05:30,350.0,350.4,349.85,350.15,325432,BIOCON
2972,2025-06-24 14:45:00+05:30,350.15,350.5,349.8,350.15,381474,BIOCON
2973,2025-06-24 15:00:00+05:30,350.15,350.5,348.7,348.85,646447,BIOCON
2974,2025-06-24 15:15:00+05:30,348.85,349.3,348.5,348.9,961644,BIOCON
2975,2025-06-25 09:15:00+05:30,350.35,350.35,343.05,348.05,1491321,BIOCON
2976,2025-06-25 09:30:00+05:30,348.05,352.3,347.6,351.9,1054167,BIOCON
2977,2025-06-25 09:45:00+05:30,351.9,355.45,351.9,352.65,1355268,BIOCON
2978,2025-06-25 10:00:00+05:30,352.6,353.3,351.05,351.85,1631732,BIOCON
2979,2025-06-25 10:15:00+05:30,351.85,352.65,349.7,350.0,706707,BIOCON
2980,2025-06-25 10:30:00+05:30,350.0,350.9,349.1,350.15,564875,BIOCON
2981,2025-06-25 10:45:00+05:30,349.9,352.3,349.7,351.2,787022,BIOCON
2982,2025-06-25 11:00:00+05:30,351.0,351.35,349.3,349.7,643932,BIOCON
2983,2025-06-25 11:15:00+05:30,349.7,349.95,349.2,349.75,248989,BIOCON
2984,2025-06-25 11:30:00+05:30,349.75,350.45,349.2,349.25,311075,BIOCON
2985,2025-06-25 11:45:00+05:30,349.2,349.45,348.45,348.6,237406,BIOCON
2986,2025-06-25 12:00:00+05:30,348.6,349.05,348.0,348.35,188692,BIOCON
2987,2025-06-25 12:15:00+05:30,348.35,349.5,347.65,347.7,341370,BIOCON
2988,2025-06-25 12:30:00+05:30,347.65,348.95,347.55,348.8,476476,BIOCON
2989,2025-06-25 12:45:00+05:30,348.8,349.15,348.0,348.35,216315,BIOCON
2990,2025-06-25 13:00:00+05:30,348.25,349.7,347.8,349.5,256320,BIOCON
2991,2025-06-25 13:15:00+05:30,349.35,350.0,349.35,350.0,245592,BIOCON
2992,2025-06-25 13:30:00+05:30,350.0,351.35,349.65,351.05,293976,BIOCON
2993,2025-06-25 13:45:00+05:30,351.1,351.3,350.2,350.75,491367,BIOCON
2994,2025-06-25 14:00:00+05:30,350.55,352.0,350.55,351.55,245396,BIOCON
2995,2025-06-25 14:15:00+05:30,351.4,351.75,350.8,351.2,244440,BIOCON
2996,2025-06-25 14:30:00+05:30,351.15,351.9,350.0,351.55,338321,BIOCON
2997,2025-06-25 14:45:00+05:30,351.4,352.4,350.7,351.7,357028,BIOCON
2998,2025-06-25 15:00:00+05:30,351.7,351.8,351.0,351.75,345808,BIOCON
2999,2025-06-25 15:15:00+05:30,351.75,352.35,350.3,351.4,1000130,BIOCON
3000,2025-06-26 09:15:00+05:30,353.55,353.9,351.0,351.35,1073301,BIOCON
3001,2025-06-26 09:30:00+05:30,351.4,352.45,350.3,351.95,793013,BIOCON
3002,2025-06-26 09:45:00+05:30,351.9,355.5,351.8,352.75,1667168,BIOCON
3003,2025-06-26 10:00:00+05:30,352.75,355.2,352.0,353.55,423344,BIOCON
3004,2025-06-26 10:15:00+05:30,353.55,354.7,353.05,353.8,351861,BIOCON
3005,2025-06-26 10:30:00+05:30,353.8,357.0,353.3,356.0,699921,BIOCON
3006,2025-06-26 10:45:00+05:30,355.95,356.15,354.55,354.8,268612,BIOCON
3007,2025-06-26 11:00:00+05:30,354.8,355.65,352.7,353.65,416688,BIOCON
3008,2025-06-26 11:15:00+05:30,353.6,353.65,351.5,352.95,541347,BIOCON
3009,2025-06-26 11:30:00+05:30,353.05,353.95,352.7,353.1,166243,BIOCON
3010,2025-06-26 11:45:00+05:30,353.1,353.4,352.0,352.05,112609,BIOCON
3011,2025-06-26 12:00:00+05:30,352.2,352.25,350.55,351.75,318601,BIOCON
3012,2025-06-26 12:15:00+05:30,351.7,352.0,350.45,351.0,350318,BIOCON
3013,2025-06-26 12:30:00+05:30,351.0,352.45,350.1,350.35,672971,BIOCON
3014,2025-06-26 12:45:00+05:30,350.5,351.05,349.65,349.8,324754,BIOCON
3015,2025-06-26 13:00:00+05:30,349.8,350.8,349.55,349.9,338955,BIOCON
3016,2025-06-26 13:15:00+05:30,350.0,350.95,350.0,350.3,210402,BIOCON
3017,2025-06-26 13:30:00+05:30,350.3,350.7,350.0,350.1,125431,BIOCON
3018,2025-06-26 13:45:00+05:30,350.15,350.8,349.45,349.65,421149,BIOCON
3019,2025-06-26 14:00:00+05:30,349.6,350.7,349.5,350.25,349815,BIOCON
3020,2025-06-26 14:15:00+05:30,350.25,350.85,350.2,350.55,191315,BIOCON
3021,2025-06-26 14:30:00+05:30,350.55,351.2,350.35,350.75,256808,BIOCON
3022,2025-06-26 14:45:00+05:30,350.8,351.45,350.5,351.3,269261,BIOCON
3023,2025-06-26 15:00:00+05:30,351.3,351.85,350.15,350.6,933281,BIOCON
3024,2025-06-26 15:15:00+05:30,350.6,350.9,349.7,349.7,1479359,BIOCON
3025,2025-06-27 09:15:00+05:30,352.0,354.2,350.0,352.85,310662,BIOCON
3026,2025-06-27 09:30:00+05:30,352.8,353.35,352.0,352.55,103630,BIOCON
3027,2025-06-27 09:45:00+05:30,352.5,353.3,352.1,352.9,81144,BIOCON
3028,2025-06-27 10:00:00+05:30,352.9,353.0,352.2,353.0,48538,BIOCON
3029,2025-06-27 10:15:00+05:30,353.0,353.85,352.6,352.8,100678,BIOCON
3030,2025-06-27 10:30:00+05:30,352.8,353.6,352.75,353.05,93254,BIOCON
3031,2025-06-27 10:45:00+05:30,353.15,353.6,352.6,352.85,109258,BIOCON
3032,2025-06-27 11:00:00+05:30,352.75,353.75,352.6,353.65,149621,BIOCON
3033,2025-06-27 11:15:00+05:30,353.65,355.2,352.75,355.0,450265,BIOCON
3034,2025-06-27 11:30:00+05:30,355.0,355.55,354.4,354.85,258748,BIOCON
3035,2025-06-27 11:45:00+05:30,354.9,355.25,353.75,354.25,114224,BIOCON
3036,2025-06-27 12:00:00+05:30,354.25,354.55,353.1,353.4,88651,BIOCON
3037,2025-06-27 12:15:00+05:30,353.25,353.25,351.6,352.2,105485,BIOCON
3038,2025-06-27 12:30:00+05:30,352.45,352.9,352.15,352.45,65629,BIOCON
3039,2025-06-27 12:45:00+05:30,352.35,352.5,351.9,352.1,63900,BIOCON
3040,2025-06-27 13:00:00+05:30,352.0,352.3,351.0,351.1,101584,BIOCON
3041,2025-06-27 13:15:00+05:30,351.1,351.45,350.7,351.35,96038,BIOCON
3042,2025-06-27 13:30:00+05:30,351.25,351.85,351.2,351.6,54172,BIOCON
3043,2025-06-27 13:45:00+05:30,351.65,352.5,351.6,352.2,63724,BIOCON
3044,2025-06-27 14:00:00+05:30,352.15,352.85,352.05,352.8,68726,BIOCON
3045,2025-06-27 14:15:00+05:30,352.85,353.8,352.8,353.65,131737,BIOCON
3046,2025-06-27 14:30:00+05:30,353.7,354.55,353.55,354.4,128744,BIOCON
3047,2025-06-27 14:45:00+05:30,354.4,354.7,353.2,353.65,232046,BIOCON
3048,2025-06-27 15:00:00+05:30,353.7,354.75,353.35,354.5,807384,BIOCON
3049,2025-06-27 15:15:00+05:30,354.5,355.0,353.6,354.25,768372,BIOCON
3050,2025-06-30 09:15:00+05:30,355.0,356.6,353.4,354.55,264505,BIOCON
3051,2025-06-30 09:30:00+05:30,354.55,354.55,353.25,353.7,97519,BIOCON
3052,2025-06-30 09:45:00+05:30,353.6,354.15,351.75,351.95,98494,BIOCON
3053,2025-06-30 10:00:00+05:30,351.95,351.95,350.4,351.05,147459,BIOCON
3054,2025-06-30 10:15:00+05:30,351.0,351.6,349.55,349.9,146801,BIOCON
3055,2025-06-30 10:30:00+05:30,350.0,350.75,349.8,350.4,37716,BIOCON
3056,2025-06-30 10:45:00+05:30,350.15,351.15,349.55,350.9,69777,BIOCON
3057,2025-06-30 11:00:00+05:30,351.0,351.45,350.25,351.0,83249,BIOCON
3058,2025-06-30 11:15:00+05:30,350.95,351.5,350.05,351.2,47495,BIOCON
3059,2025-06-30 11:30:00+05:30,351.3,351.55,351.0,351.35,22748,BIOCON
3060,2025-06-30 11:45:00+05:30,351.35,351.55,350.55,350.55,34477,BIOCON
3061,2025-06-30 12:00:00+05:30,350.55,350.8,350.05,350.7,32186,BIOCON
3062,2025-06-30 12:15:00+05:30,350.65,351.0,350.5,350.6,20864,BIOCON
3063,2025-06-30 12:30:00+05:30,350.6,352.35,350.1,352.15,120418,BIOCON
3064,2025-06-30 12:45:00+05:30,352.0,352.15,351.15,351.2,32032,BIOCON
3065,2025-06-30 13:00:00+05:30,351.35,351.35,351.0,351.1,22364,BIOCON
3066,2025-06-30 13:15:00+05:30,351.2,352.0,351.0,351.7,32818,BIOCON
3067,2025-06-30 13:30:00+05:30,351.65,354.05,351.65,353.65,186521,BIOCON
3068,2025-06-30 13:45:00+05:30,353.75,355.45,352.55,354.2,153640,BIOCON
3069,2025-06-30 14:00:00+05:30,354.2,354.7,353.3,354.3,125170,BIOCON
3070,2025-06-30 14:15:00+05:30,354.25,355.65,353.65,354.9,124656,BIOCON
3071,2025-06-30 14:30:00+05:30,354.9,356.35,354.8,356.3,161039,BIOCON
3072,2025-06-30 14:45:00+05:30,356.3,356.3,355.5,355.95,80813,BIOCON
3073,2025-06-30 15:00:00+05:30,355.95,356.35,354.9,355.0,235238,BIOCON
3074,2025-06-30 15:15:00+05:30,355.0,356.5,354.9,356.5,257260,BIOCON
3075,2025-07-01 09:15:00+05:30,356.0,359.2,355.8,357.75,262207,BIOCON
3076,2025-07-01 09:30:00+05:30,357.6,359.9,357.6,358.75,409844,BIOCON
3077,2025-07-01 09:45:00+05:30,358.45,359.35,356.55,358.65,335232,BIOCON
3078,2025-07-01 10:00:00+05:30,358.45,359.0,356.1,356.4,168290,BIOCON
3079,2025-07-01 10:15:00+05:30,356.1,357.05,355.55,356.25,133281,BIOCON
3080,2025-07-01 10:30:00+05:30,356.35,356.5,355.6,356.1,55642,BIOCON
3081,2025-07-01 10:45:00+05:30,356.0,356.2,354.65,355.15,109687,BIOCON
3082,2025-07-01 11:00:00+05:30,355.15,356.05,354.8,355.8,110699,BIOCON
3083,2025-07-01 11:15:00+05:30,355.85,356.15,354.55,355.3,88273,BIOCON
3084,2025-07-01 11:30:00+05:30,355.35,355.55,354.0,355.4,145967,BIOCON
3085,2025-07-01 11:45:00+05:30,355.2,357.45,354.85,357.3,151066,BIOCON
3086,2025-07-01 12:00:00+05:30,357.2,358.5,356.3,357.75,120989,BIOCON
3087,2025-07-01 12:15:00+05:30,357.95,359.25,357.5,358.15,133527,BIOCON
3088,2025-07-01 12:30:00+05:30,357.95,358.3,357.25,358.0,78227,BIOCON
3089,2025-07-01 12:45:00+05:30,358.0,359.2,358.0,358.8,220828,BIOCON
3090,2025-07-01 13:00:00+05:30,358.85,358.85,357.4,358.25,128938,BIOCON
3091,2025-07-01 13:15:00+05:30,358.2,358.7,357.65,358.35,123298,BIOCON
3092,2025-07-01 13:30:00+05:30,358.35,358.7,357.9,358.55,58539,BIOCON
3093,2025-07-01 13:45:00+05:30,358.5,360.5,358.5,360.15,345248,BIOCON
3094,2025-07-01 14:00:00+05:30,360.1,362.55,360.1,362.35,424552,BIOCON
3095,2025-07-01 14:15:00+05:30,362.4,363.45,361.65,362.1,306763,BIOCON
3096,2025-07-01 14:30:00+05:30,362.1,362.55,361.5,361.75,318363,BIOCON
3097,2025-07-01 14:45:00+05:30,361.7,362.8,360.8,362.5,319789,BIOCON
3098,2025-07-01 15:00:00+05:30,362.65,362.9,361.75,362.6,284282,BIOCON
3099,2025-07-01 15:15:00+05:30,362.65,363.0,362.0,362.5,456445,BIOCON
3100,2025-07-02 09:15:00+05:30,363.2,367.35,362.5,366.25,911588,BIOCON
3101,2025-07-02 09:30:00+05:30,366.3,367.95,365.4,366.15,426595,BIOCON
3102,2025-07-02 09:45:00+05:30,366.0,367.0,364.15,365.65,357523,BIOCON
3103,2025-07-02 10:00:00+05:30,365.5,366.0,364.0,364.9,241574,BIOCON
3104,2025-07-02 10:15:00+05:30,364.85,367.0,364.15,366.8,187860,BIOCON
3105,2025-07-02 10:30:00+05:30,366.8,367.0,363.05,363.55,185100,BIOCON
3106,2025-07-02 10:45:00+05:30,363.55,364.3,362.5,363.95,150297,BIOCON
3107,2025-07-02 11:00:00+05:30,363.95,365.85,363.3,365.7,138318,BIOCON
3108,2025-07-02 11:15:00+05:30,365.7,369.8,365.1,368.1,672806,BIOCON
3109,2025-07-02 11:30:00+05:30,368.2,369.95,368.2,369.25,380818,BIOCON
3110,2025-07-02 11:45:00+05:30,369.3,369.8,368.8,369.1,185646,BIOCON
3111,2025-07-02 12:00:00+05:30,369.1,371.35,369.0,371.15,463106,BIOCON
3112,2025-07-02 12:15:00+05:30,370.95,372.2,370.5,371.05,351143,BIOCON
3113,2025-07-02 12:30:00+05:30,371.4,371.75,370.05,370.55,224995,BIOCON
3114,2025-07-02 12:45:00+05:30,370.5,370.6,369.35,369.6,170975,BIOCON
3115,2025-07-02 13:00:00+05:30,369.6,370.5,368.1,368.5,301860,BIOCON
3116,2025-07-02 13:15:00+05:30,368.35,368.85,367.35,367.4,131291,BIOCON
3117,2025-07-02 13:30:00+05:30,367.5,369.3,367.0,368.25,184160,BIOCON
3118,2025-07-02 13:45:00+05:30,368.25,368.6,367.35,368.0,134953,BIOCON
3119,2025-07-02 14:00:00+05:30,367.9,368.4,367.0,368.05,137244,BIOCON
3120,2025-07-02 14:15:00+05:30,368.05,368.25,366.8,368.15,91148,BIOCON
3121,2025-07-02 14:30:00+05:30,368.15,368.5,367.15,367.3,88605,BIOCON
3122,2025-07-02 14:45:00+05:30,367.25,367.8,367.0,367.5,126035,BIOCON
3123,2025-07-02 15:00:00+05:30,367.45,369.15,367.45,369.0,338940,BIOCON
3124,2025-07-02 15:15:00+05:30,369.1,369.45,367.9,369.2,804133,BIOCON
3125,2025-07-03 09:15:00+05:30,372.2,372.55,368.3,368.5,558937,BIOCON
3126,2025-07-03 09:30:00+05:30,368.5,368.95,367.35,367.9,158313,BIOCON
3127,2025-07-03 09:45:00+05:30,367.8,369.65,367.1,369.6,208408,BIOCON
3128,2025-07-03 10:00:00+05:30,369.4,369.95,368.3,369.65,126467,BIOCON
3129,2025-07-03 10:15:00+05:30,369.85,370.6,369.3,369.9,178547,BIOCON
3130,2025-07-03 10:30:00+05:30,369.9,370.0,367.7,368.2,100902,BIOCON
3131,2025-07-03 10:45:00+05:30,368.15,368.45,367.9,368.25,51149,BIOCON
3132,2025-07-03 11:00:00+05:30,368.2,371.7,368.2,370.55,152809,BIOCON
3133,2025-07-03 11:15:00+05:30,370.55,372.05,370.35,371.0,285168,BIOCON
3134,2025-07-03 11:30:00+05:30,371.0,373.2,370.6,371.65,308696,BIOCON
3135,2025-07-03 11:45:00+05:30,371.6,371.75,370.05,371.35,87594,BIOCON
3136,2025-07-03 12:00:00+05:30,371.15,373.5,370.55,373.5,122810,BIOCON
3137,2025-07-03 12:15:00+05:30,373.5,374.25,372.55,373.0,203371,BIOCON
3138,2025-07-03 12:30:00+05:30,373.0,373.2,372.25,372.55,76143,BIOCON
3139,2025-07-03 12:45:00+05:30,372.45,373.55,372.45,373.35,109331,BIOCON
3140,2025-07-03 13:00:00+05:30,373.35,373.5,372.65,373.25,59151,BIOCON
3141,2025-07-03 13:15:00+05:30,373.2,373.5,372.1,373.5,117702,BIOCON
3142,2025-07-03 13:30:00+05:30,373.5,375.35,373.35,374.65,945104,BIOCON
3143,2025-07-03 13:45:00+05:30,374.65,375.3,374.35,374.95,143149,BIOCON
3144,2025-07-03 14:00:00+05:30,374.95,376.3,374.6,375.45,255210,BIOCON
3145,2025-07-03 14:15:00+05:30,375.6,375.65,374.65,374.65,234468,BIOCON
3146,2025-07-03 14:30:00+05:30,374.65,375.55,374.65,375.3,189677,BIOCON
3147,2025-07-03 14:45:00+05:30,375.3,375.65,374.45,374.7,163223,BIOCON
3148,2025-07-03 15:00:00+05:30,374.7,375.0,373.5,374.05,365677,BIOCON
3149,2025-07-03 15:15:00+05:30,374.05,375.15,373.6,374.55,642401,BIOCON
3150,2025-07-04 09:15:00+05:30,374.45,376.0,372.7,374.8,428953,BIOCON
3151,2025-07-04 09:30:00+05:30,374.95,378.05,374.6,377.65,569040,BIOCON
3152,2025-07-04 09:45:00+05:30,377.9,379.4,377.2,378.25,439380,BIOCON
3153,2025-07-04 10:00:00+05:30,378.45,378.9,377.6,377.85,257979,BIOCON
3154,2025-07-04 10:15:00+05:30,377.85,378.5,377.0,377.9,133531,BIOCON
3155,2025-07-04 10:30:00+05:30,377.9,377.95,376.65,377.1,243340,BIOCON
3156,2025-07-04 10:45:00+05:30,377.1,377.5,376.35,377.15,246649,BIOCON
3157,2025-07-04 11:00:00+05:30,377.15,377.35,375.2,377.05,197701,BIOCON
3158,2025-07-04 11:15:00+05:30,377.05,378.2,376.6,377.95,107042,BIOCON
3159,2025-07-04 11:30:00+05:30,377.95,378.45,375.75,376.35,126646,BIOCON
3160,2025-07-04 11:45:00+05:30,376.35,376.35,375.35,376.15,134585,BIOCON
3161,2025-07-04 12:00:00+05:30,376.2,377.25,375.3,376.85,151203,BIOCON
3162,2025-07-04 12:15:00+05:30,376.8,377.9,376.55,377.65,63253,BIOCON
3163,2025-07-04 12:30:00+05:30,377.65,378.4,376.35,376.55,136956,BIOCON
3164,2025-07-04 12:45:00+05:30,376.4,376.55,375.7,375.75,88486,BIOCON
3165,2025-07-04 13:00:00+05:30,375.9,377.5,375.75,377.3,83856,BIOCON
3166,2025-07-04 13:15:00+05:30,377.35,377.9,376.65,377.0,122080,BIOCON
3167,2025-07-04 13:30:00+05:30,376.95,377.65,376.65,377.1,76808,BIOCON
3168,2025-07-04 13:45:00+05:30,377.1,379.3,376.9,379.3,238219,BIOCON
3169,2025-07-04 14:00:00+05:30,379.25,380.3,378.45,380.0,988886,BIOCON
3170,2025-07-04 14:15:00+05:30,380.05,380.05,378.3,378.9,242396,BIOCON
3171,2025-07-04 14:30:00+05:30,379.0,380.3,378.45,380.1,234805,BIOCON
3172,2025-07-04 14:45:00+05:30,380.1,380.25,379.15,380.0,390675,BIOCON
3173,2025-07-04 15:00:00+05:30,380.15,381.0,379.65,379.7,396559,BIOCON
3174,2025-07-04 15:15:00+05:30,379.65,381.0,379.2,380.2,684793,BIOCON
3175,2025-07-07 09:15:00+05:30,381.95,382.0,377.35,377.85,297147,BIOCON
3176,2025-07-07 09:30:00+05:30,377.7,378.75,375.85,375.85,178649,BIOCON
3177,2025-07-07 09:45:00+05:30,375.85,376.7,375.3,376.05,133831,BIOCON
3178,2025-07-07 10:00:00+05:30,376.05,376.9,374.7,374.7,130467,BIOCON
3179,2025-07-07 10:15:00+05:30,374.85,375.95,374.5,375.45,58124,BIOCON
3180,2025-07-07 10:30:00+05:30,375.45,376.25,374.95,375.5,87068,BIOCON
3181,2025-07-07 10:45:00+05:30,375.45,376.35,375.0,375.8,65664,BIOCON
3182,2025-07-07 11:00:00+05:30,375.85,376.9,375.5,376.8,66541,BIOCON
3183,2025-07-07 11:15:00+05:30,376.7,377.15,376.25,376.65,70621,BIOCON
3184,2025-07-07 11:30:00+05:30,376.6,377.3,374.85,375.0,134257,BIOCON
3185,2025-07-07 11:45:00+05:30,375.0,375.0,373.6,374.0,85352,BIOCON
3186,2025-07-07 12:00:00+05:30,373.95,374.6,373.45,374.25,53205,BIOCON
3187,2025-07-07 12:15:00+05:30,374.15,375.25,373.9,374.85,68503,BIOCON
3188,2025-07-07 12:30:00+05:30,374.7,375.0,373.5,373.9,52016,BIOCON
3189,2025-07-07 12:45:00+05:30,373.75,373.95,372.9,372.95,57948,BIOCON
3190,2025-07-07 13:00:00+05:30,373.0,374.55,372.85,374.0,52449,BIOCON
3191,2025-07-07 13:15:00+05:30,374.0,374.1,373.15,373.25,23035,BIOCON
3192,2025-07-07 13:30:00+05:30,373.3,373.3,372.25,372.3,43747,BIOCON
3193,2025-07-07 13:45:00+05:30,372.25,372.8,372.25,372.25,28175,BIOCON
3194,2025-07-07 14:00:00+05:30,372.25,372.75,372.2,372.5,20178,BIOCON
3195,2025-07-07 14:15:00+05:30,372.5,373.1,372.3,372.75,33190,BIOCON
3196,2025-07-07 14:30:00+05:30,372.75,373.45,372.35,372.55,60132,BIOCON
3197,2025-07-07 14:45:00+05:30,372.55,372.7,371.65,372.0,753923,BIOCON
3198,2025-07-07 15:00:00+05:30,372.0,372.85,371.9,372.35,502958,BIOCON
3199,2025-07-07 15:15:00+05:30,372.35,372.9,371.45,372.45,250213,BIOCON
3200,2025-07-08 09:15:00+05:30,372.45,373.95,371.65,371.7,178746,BIOCON
3201,2025-07-08 09:30:00+05:30,371.8,372.25,369.6,371.25,103814,BIOCON
3202,2025-07-08 09:45:00+05:30,371.25,371.7,370.5,371.1,80039,BIOCON
3203,2025-07-08 10:00:00+05:30,371.25,371.25,370.0,370.35,94503,BIOCON
3204,2025-07-08 10:15:00+05:30,370.2,370.35,369.2,369.25,49693,BIOCON
3205,2025-07-08 10:30:00+05:30,369.3,369.4,368.6,368.85,54737,BIOCON
3206,2025-07-08 10:45:00+05:30,368.85,369.25,368.0,368.75,76770,BIOCON
3207,2025-07-08 11:00:00+05:30,368.75,368.9,367.1,368.0,168460,BIOCON
3208,2025-07-08 11:15:00+05:30,367.85,368.35,366.75,367.25,104153,BIOCON
3209,2025-07-08 11:30:00+05:30,367.3,367.5,366.8,366.85,45509,BIOCON
3210,2025-07-08 11:45:00+05:30,366.95,367.7,366.55,367.7,80240,BIOCON
3211,2025-07-08 12:00:00+05:30,367.5,368.45,367.1,367.7,66479,BIOCON
3212,2025-07-08 12:15:00+05:30,367.65,368.0,366.9,367.75,84773,BIOCON
3213,2025-07-08 12:30:00+05:30,367.8,369.75,367.75,369.35,137202,BIOCON
3214,2025-07-08 12:45:00+05:30,369.3,369.8,369.15,369.65,30469,BIOCON
3215,2025-07-08 13:00:00+05:30,369.65,370.0,368.65,368.7,76153,BIOCON
3216,2025-07-08 13:15:00+05:30,368.7,369.3,368.35,368.5,32553,BIOCON
3217,2025-07-08 13:30:00+05:30,368.45,368.75,368.0,368.45,33336,BIOCON
3218,2025-07-08 13:45:00+05:30,368.45,370.25,368.45,369.75,351915,BIOCON
3219,2025-07-08 14:00:00+05:30,369.85,369.85,367.8,368.6,142915,BIOCON
3220,2025-07-08 14:15:00+05:30,368.65,369.0,368.4,368.95,30408,BIOCON
3221,2025-07-08 14:30:00+05:30,368.9,369.0,368.4,368.6,38399,BIOCON
3222,2025-07-08 14:45:00+05:30,368.55,369.2,368.25,368.95,70107,BIOCON
3223,2025-07-08 15:00:00+05:30,369.0,370.4,368.85,369.3,239590,BIOCON
3224,2025-07-08 15:15:00+05:30,369.4,369.45,368.1,368.9,147625,BIOCON
3225,2025-07-09 09:15:00+05:30,369.0,374.7,369.0,373.6,366833,BIOCON
3226,2025-07-09 09:30:00+05:30,373.6,376.7,373.6,375.8,302361,BIOCON
3227,2025-07-09 09:45:00+05:30,375.85,377.7,375.75,377.1,235799,BIOCON
3228,2025-07-09 10:00:00+05:30,376.95,379.3,376.05,378.3,428337,BIOCON
3229,2025-07-09 10:15:00+05:30,378.5,379.35,377.35,378.25,235156,BIOCON
3230,2025-07-09 10:30:00+05:30,378.2,379.15,377.5,377.95,169327,BIOCON
3231,2025-07-09 10:45:00+05:30,378.0,378.3,377.55,377.7,143581,BIOCON
3232,2025-07-09 11:00:00+05:30,377.7,378.0,376.2,376.4,103674,BIOCON
3233,2025-07-09 11:15:00+05:30,376.25,376.5,375.3,375.55,299768,BIOCON
3234,2025-07-09 11:30:00+05:30,375.7,377.9,375.5,376.6,166289,BIOCON
3235,2025-07-09 11:45:00+05:30,376.45,377.0,375.7,375.8,110095,BIOCON
3236,2025-07-09 12:00:00+05:30,375.8,376.0,375.1,375.75,59510,BIOCON
3237,2025-07-09 12:15:00+05:30,375.7,377.0,375.25,375.8,223432,BIOCON
3238,2025-07-09 12:30:00+05:30,375.8,376.0,375.2,375.7,23307,BIOCON
3239,2025-07-09 12:45:00+05:30,375.9,375.9,375.0,375.05,88067,BIOCON
3240,2025-07-09 13:00:00+05:30,375.05,376.0,374.6,375.0,55538,BIOCON
3241,2025-07-09 13:15:00+05:30,375.0,375.25,374.6,375.0,43692,BIOCON
3242,2025-07-09 13:30:00+05:30,374.95,375.1,374.35,374.5,36714,BIOCON
3243,2025-07-09 13:45:00+05:30,374.55,374.75,373.55,373.75,108423,BIOCON
3244,2025-07-09 14:00:00+05:30,373.65,373.85,372.75,373.3,82360,BIOCON
3245,2025-07-09 14:15:00+05:30,373.3,373.35,372.0,372.05,67333,BIOCON
3246,2025-07-09 14:30:00+05:30,372.2,373.8,371.55,373.5,152266,BIOCON
3247,2025-07-09 14:45:00+05:30,373.55,373.55,372.45,372.75,87702,BIOCON
3248,2025-07-09 15:00:00+05:30,372.75,373.55,372.55,373.3,228025,BIOCON
3249,2025-07-09 15:15:00+05:30,373.3,374.5,373.1,374.35,352082,BIOCON
3250,2025-07-10 09:15:00+05:30,375.0,377.1,373.1,374.55,401101,BIOCON
3251,2025-07-10 09:30:00+05:30,374.75,375.6,373.65,374.8,101245,BIOCON
3252,2025-07-10 09:45:00+05:30,374.65,375.0,373.7,374.3,53331,BIOCON
3253,2025-07-10 10:00:00+05:30,374.25,374.7,373.65,374.05,35290,BIOCON
3254,2025-07-10 10:15:00+05:30,374.05,374.25,373.7,373.8,45281,BIOCON
3255,2025-07-10 10:30:00+05:30,373.75,373.75,372.15,372.65,77810,BIOCON
3256,2025-07-10 10:45:00+05:30,372.65,372.8,371.15,371.4,55039,BIOCON
3257,2025-07-10 11:00:00+05:30,371.45,371.7,370.25,371.0,61645,BIOCON
3258,2025-07-10 11:15:00+05:30,371.05,371.25,370.05,370.9,47348,BIOCON
3259,2025-07-10 11:30:00+05:30,370.75,371.0,370.0,370.3,18837,BIOCON
3260,2025-07-10 11:45:00+05:30,370.35,370.7,370.05,370.45,18504,BIOCON
3261,2025-07-10 12:00:00+05:30,370.45,370.65,370.0,370.4,40746,BIOCON
3262,2025-07-10 12:15:00+05:30,370.5,370.75,370.15,370.65,35951,BIOCON
3263,2025-07-10 12:30:00+05:30,370.5,371.5,370.5,370.85,191192,BIOCON
3264,2025-07-10 12:45:00+05:30,370.65,372.75,370.2,372.4,95394,BIOCON
3265,2025-07-10 13:00:00+05:30,372.45,372.75,371.75,372.05,30681,BIOCON
3266,2025-07-10 13:15:00+05:30,372.1,372.4,371.6,371.8,24287,BIOCON
3267,2025-07-10 13:30:00+05:30,371.8,372.05,371.6,371.7,26414,BIOCON
3268,2025-07-10 13:45:00+05:30,371.7,372.0,371.45,371.9,40345,BIOCON
3269,2025-07-10 14:00:00+05:30,371.75,372.6,371.55,371.8,47024,BIOCON
3270,2025-07-10 14:15:00+05:30,371.85,372.3,371.65,372.3,37578,BIOCON
3271,2025-07-10 14:30:00+05:30,372.1,373.8,372.1,373.5,68267,BIOCON
3272,2025-07-10 14:45:00+05:30,373.5,373.65,372.2,372.2,61671,BIOCON
3273,2025-07-10 15:00:00+05:30,372.2,372.85,371.95,372.6,93595,BIOCON
3274,2025-07-10 15:15:00+05:30,372.55,372.75,371.75,372.0,149151,BIOCON
3275,2025-07-11 09:15:00+05:30,372.9,376.1,372.9,374.1,191402,BIOCON
3276,2025-07-11 09:30:00+05:30,374.1,374.75,373.4,374.35,59886,BIOCON
3277,2025-07-11 09:45:00+05:30,374.25,375.55,373.8,375.0,113950,BIOCON
3278,2025-07-11 10:00:00+05:30,375.0,377.4,374.55,376.8,253297,BIOCON
3279,2025-07-11 10:15:00+05:30,376.8,376.8,375.8,375.95,72881,BIOCON
3280,2025-07-11 10:30:00+05:30,376.2,376.2,375.05,375.3,77847,BIOCON
3281,2025-07-11 10:45:00+05:30,375.25,375.25,373.3,373.35,143093,BIOCON
3282,2025-07-11 11:00:00+05:30,373.45,373.5,372.2,372.9,70030,BIOCON
3283,2025-07-11 11:15:00+05:30,372.85,373.85,372.7,373.8,99170,BIOCON
3284,2025-07-11 11:30:00+05:30,373.8,375.4,373.7,374.9,97622,BIOCON
3285,2025-07-11 11:45:00+05:30,374.85,375.9,373.5,373.5,86292,BIOCON
3286,2025-07-11 12:00:00+05:30,373.5,373.95,372.55,373.35,199896,BIOCON
3287,2025-07-11 12:15:00+05:30,373.4,373.95,372.85,373.85,99560,BIOCON
3288,2025-07-11 12:30:00+05:30,373.9,375.4,373.9,375.05,48200,BIOCON
3289,2025-07-11 12:45:00+05:30,375.0,375.15,374.4,374.45,45933,BIOCON
3290,2025-07-11 13:00:00+05:30,374.4,374.8,374.1,374.7,47155,BIOCON
3291,2025-07-11 13:15:00+05:30,374.7,374.85,374.3,374.5,51210,BIOCON
3292,2025-07-11 13:30:00+05:30,374.55,375.5,374.4,375.0,111051,BIOCON
3293,2025-07-11 13:45:00+05:30,375.0,375.85,374.7,374.95,164379,BIOCON
3294,2025-07-11 14:00:00+05:30,375.05,375.75,374.95,375.1,109353,BIOCON
3295,2025-07-11 14:15:00+05:30,375.35,376.15,374.55,375.45,194790,BIOCON
3296,2025-07-11 14:30:00+05:30,375.45,375.7,375.1,375.3,136527,BIOCON
3297,2025-07-11 14:45:00+05:30,375.35,375.5,374.5,375.1,181849,BIOCON
3298,2025-07-11 15:00:00+05:30,375.1,375.25,374.3,374.45,172716,BIOCON
3299,2025-07-11 15:15:00+05:30,374.55,375.55,372.65,373.35,264150,BIOCON
3300,2025-07-14 09:15:00+05:30,372.85,372.85,369.0,369.9,136262,BIOCON
3301,2025-07-14 09:30:00+05:30,369.65,371.7,369.65,371.7,78184,BIOCON
3302,2025-07-14 09:45:00+05:30,371.7,374.45,370.95,373.3,120800,BIOCON
3303,2025-07-14 10:00:00+05:30,373.5,373.5,372.0,372.75,103489,BIOCON
3304,2025-07-14 10:15:00+05:30,372.6,375.0,372.4,374.9,84236,BIOCON
3305,2025-07-14 10:30:00+05:30,374.9,375.25,371.7,371.8,101518,BIOCON
3306,2025-07-14 10:45:00+05:30,371.8,373.05,371.7,371.75,65896,BIOCON
3307,2025-07-14 11:00:00+05:30,371.75,372.1,370.8,370.9,60274,BIOCON
3308,2025-07-14 11:15:00+05:30,370.9,372.25,370.6,371.8,100976,BIOCON
3309,2025-07-14 11:30:00+05:30,371.8,372.7,371.45,372.0,38009,BIOCON
3310,2025-07-14 11:45:00+05:30,372.0,372.45,372.0,372.3,7140,BIOCON
3311,2025-07-14 12:00:00+05:30,372.35,373.3,372.2,373.15,24645,BIOCON
3312,2025-07-14 12:15:00+05:30,373.3,376.95,373.3,376.95,206523,BIOCON
3313,2025-07-14 12:30:00+05:30,376.95,379.2,376.15,379.0,407610,BIOCON
3314,2025-07-14 12:45:00+05:30,379.0,380.65,378.9,380.25,297415,BIOCON
3315,2025-07-14 13:00:00+05:30,380.1,381.25,379.05,379.65,839885,BIOCON
3316,2025-07-14 13:15:00+05:30,379.65,380.2,378.75,379.3,117140,BIOCON
3317,2025-07-14 13:30:00+05:30,379.2,380.75,379.1,380.1,464007,BIOCON
3318,2025-07-14 13:45:00+05:30,380.1,380.5,378.4,379.15,509189,BIOCON
3319,2025-07-14 14:00:00+05:30,379.0,379.6,378.3,379.0,137179,BIOCON
3320,2025-07-14 14:15:00+05:30,378.9,380.35,378.65,379.7,174587,BIOCON
3321,2025-07-14 14:30:00+05:30,379.95,380.0,378.85,378.85,167889,BIOCON
3322,2025-07-14 14:45:00+05:30,378.85,380.05,378.0,379.9,259680,BIOCON
3323,2025-07-14 15:00:00+05:30,379.9,380.0,378.0,378.15,443420,BIOCON
3324,2025-07-14 15:15:00+05:30,378.35,380.4,377.65,379.0,701266,BIOCON
3325,2025-07-15 09:15:00+05:30,380.9,385.8,380.75,385.0,745453,BIOCON
3326,2025-07-15 09:30:00+05:30,384.85,385.25,383.05,384.7,248792,BIOCON
3327,2025-07-15 09:45:00+05:30,384.7,385.5,383.05,383.85,235345,BIOCON
3328,2025-07-15 10:00:00+05:30,383.85,384.95,383.65,384.9,104771,BIOCON
3329,2025-07-15 10:15:00+05:30,384.95,385.3,382.85,385.15,348571,BIOCON
3330,2025-07-15 10:30:00+05:30,385.15,385.25,383.5,383.65,106653,BIOCON
3331,2025-07-15 10:45:00+05:30,383.85,385.15,383.35,384.9,120507,BIOCON
3332,2025-07-15 11:00:00+05:30,384.95,386.45,384.9,386.15,518738,BIOCON
3333,2025-07-15 11:15:00+05:30,386.1,387.2,385.75,385.9,659650,BIOCON
3334,2025-07-15 11:30:00+05:30,385.85,389.3,385.25,389.0,323340,BIOCON
3335,2025-07-15 11:45:00+05:30,389.0,390.7,388.65,389.45,466420,BIOCON
3336,2025-07-15 12:00:00+05:30,389.4,391.0,389.05,390.1,651069,BIOCON
3337,2025-07-15 12:15:00+05:30,390.1,390.85,389.35,390.15,279814,BIOCON
3338,2025-07-15 12:30:00+05:30,390.2,391.2,389.6,389.9,216728,BIOCON
3339,2025-07-15 12:45:00+05:30,389.9,390.95,389.8,390.0,130689,BIOCON
3340,2025-07-15 13:00:00+05:30,390.15,391.0,389.9,390.35,138322,BIOCON
3341,2025-07-15 13:15:00+05:30,390.35,391.2,390.1,390.95,247433,BIOCON
3342,2025-07-15 13:30:00+05:30,390.8,391.5,390.1,390.7,179640,BIOCON
3343,2025-07-15 13:45:00+05:30,390.5,390.65,389.0,389.85,141842,BIOCON
3344,2025-07-15 14:00:00+05:30,389.9,390.25,387.85,388.15,214584,BIOCON
3345,2025-07-15 14:15:00+05:30,388.05,389.55,388.0,389.35,92614,BIOCON
3346,2025-07-15 14:30:00+05:30,389.3,390.3,388.75,389.75,150299,BIOCON
3347,2025-07-15 14:45:00+05:30,389.7,390.0,388.5,389.45,275636,BIOCON
3348,2025-07-15 15:00:00+05:30,389.65,390.5,389.45,390.0,351121,BIOCON
3349,2025-07-15 15:15:00+05:30,389.95,391.2,389.4,390.0,896449,BIOCON
3350,2025-07-16 09:15:00+05:30,399.5,405.9,397.1,398.05,7236719,BIOCON
3351,2025-07-16 09:30:00+05:30,398.25,398.4,393.2,395.6,1835302,BIOCON
3352,2025-07-16 09:45:00+05:30,395.6,397.7,393.8,397.15,798118,BIOCON
3353,2025-07-16 10:00:00+05:30,397.0,399.0,395.2,395.85,939961,BIOCON
3354,2025-07-16 10:15:00+05:30,396.0,396.7,394.8,395.7,583532,BIOCON
3355,2025-07-16 10:30:00+05:30,395.75,397.4,394.65,395.4,409229,BIOCON
3356,2025-07-16 10:45:00+05:30,395.4,396.65,395.0,396.6,155214,BIOCON
3357,2025-07-16 11:00:00+05:30,396.5,396.55,395.0,395.85,279462,BIOCON
3358,2025-07-16 11:15:00+05:30,395.85,397.2,395.4,397.0,374836,BIOCON
3359,2025-07-16 11:30:00+05:30,397.0,398.15,396.3,396.95,401368,BIOCON
3360,2025-07-16 11:45:00+05:30,396.9,398.8,396.45,396.65,441330,BIOCON
3361,2025-07-16 12:00:00+05:30,396.7,396.7,395.05,395.45,357715,BIOCON
3362,2025-07-16 12:15:00+05:30,395.45,395.55,393.7,394.3,267594,BIOCON
3363,2025-07-16 12:30:00+05:30,394.3,394.9,393.5,394.25,249269,BIOCON
3364,2025-07-16 12:45:00+05:30,394.25,395.0,393.75,394.65,209372,BIOCON
3365,2025-07-16 13:00:00+05:30,394.6,394.95,393.3,394.15,240666,BIOCON
3366,2025-07-16 13:15:00+05:30,394.25,394.85,394.0,394.65,111549,BIOCON
3367,2025-07-16 13:30:00+05:30,394.65,394.85,394.05,394.85,57331,BIOCON
3368,2025-07-16 13:45:00+05:30,394.85,395.0,394.2,394.55,87054,BIOCON
3369,2025-07-16 14:00:00+05:30,394.55,395.0,394.25,395.0,84533,BIOCON
3370,2025-07-16 14:15:00+05:30,395.0,395.65,394.05,394.05,160032,BIOCON
3371,2025-07-16 14:30:00+05:30,394.2,394.5,393.7,394.05,225803,BIOCON
3372,2025-07-16 14:45:00+05:30,394.05,395.0,393.55,394.7,316490,BIOCON
3373,2025-07-16 15:00:00+05:30,394.7,395.5,394.2,394.9,665875,BIOCON
3374,2025-07-16 15:15:00+05:30,394.9,395.2,393.65,394.95,997181,BIOCON
3375,2025-07-17 09:15:00+05:30,396.25,398.35,394.7,397.85,370041,BIOCON
3376,2025-07-17 09:30:00+05:30,397.85,398.8,396.25,396.7,228580,BIOCON
3377,2025-07-17 09:45:00+05:30,396.75,397.5,396.35,397.15,68828,BIOCON
3378,2025-07-17 10:00:00+05:30,397.1,397.15,396.25,396.55,53550,BIOCON
3379,2025-07-17 10:15:00+05:30,396.4,397.0,396.05,396.3,46784,BIOCON
3380,2025-07-17 10:30:00+05:30,396.3,396.9,395.55,395.6,61313,BIOCON
3381,2025-07-17 10:45:00+05:30,395.65,396.35,395.6,396.1,44990,BIOCON
3382,2025-07-17 11:00:00+05:30,396.1,396.35,395.1,395.35,82370,BIOCON
3383,2025-07-17 11:15:00+05:30,395.35,395.8,395.3,395.35,27226,BIOCON
3384,2025-07-17 11:30:00+05:30,395.35,395.6,394.4,394.55,66904,BIOCON
3385,2025-07-17 11:45:00+05:30,394.55,395.1,394.05,394.7,688065,BIOCON
3386,2025-07-17 12:00:00+05:30,394.7,394.9,393.2,393.45,95465,BIOCON
3387,2025-07-17 12:15:00+05:30,393.65,393.8,392.65,392.65,67365,BIOCON
3388,2025-07-17 12:30:00+05:30,392.75,393.45,392.65,393.3,39437,BIOCON
3389,2025-07-17 12:45:00+05:30,393.3,397.15,392.85,396.2,1244888,BIOCON
3390,2025-07-17 13:00:00+05:30,396.2,397.8,395.75,396.15,154678,BIOCON
3391,2025-07-17 13:15:00+05:30,396.1,396.4,395.65,396.1,58458,BIOCON
3392,2025-07-17 13:30:00+05:30,396.1,396.5,395.65,395.95,54299,BIOCON
3393,2025-07-17 13:45:00+05:30,396.0,396.35,395.4,396.1,42352,BIOCON
3394,2025-07-17 14:00:00+05:30,396.0,396.35,395.8,396.2,28949,BIOCON
3395,2025-07-17 14:15:00+05:30,396.2,396.35,395.55,396.25,61044,BIOCON
3396,2025-07-17 14:30:00+05:30,396.25,396.45,395.8,396.0,103261,BIOCON
3397,2025-07-17 14:45:00+05:30,395.95,396.2,395.6,396.0,62789,BIOCON
3398,2025-07-17 15:00:00+05:30,396.15,397.65,395.85,397.0,208291,BIOCON
3399,2025-07-17 15:15:00+05:30,396.95,397.7,396.45,396.8,290808,BIOCON
3400,2025-07-18 09:15:00+05:30,397.2,399.0,396.35,398.3,243771,BIOCON
3401,2025-07-18 09:30:00+05:30,398.2,401.9,398.2,400.0,493331,BIOCON
3402,2025-07-18 09:45:00+05:30,399.75,401.15,399.5,400.0,120897,BIOCON
3403,2025-07-18 10:00:00+05:30,400.0,400.35,398.45,399.05,159147,BIOCON
3404,2025-07-18 10:15:00+05:30,399.1,399.6,398.0,398.3,139458,BIOCON
3405,2025-07-18 10:30:00+05:30,398.4,399.8,398.0,399.4,77420,BIOCON
3406,2025-07-18 10:45:00+05:30,399.45,399.6,399.0,399.4,48117,BIOCON
3407,2025-07-18 11:00:00+05:30,399.15,401.35,399.0,400.7,184528,BIOCON
3408,2025-07-18 11:15:00+05:30,400.75,404.9,400.75,404.9,618083,BIOCON
3409,2025-07-18 11:30:00+05:30,404.8,406.0,403.15,403.2,676721,BIOCON
3410,2025-07-18 11:45:00+05:30,403.35,404.7,401.75,401.95,244270,BIOCON
3411,2025-07-18 12:00:00+05:30,401.9,403.5,401.8,403.3,694347,BIOCON
3412,2025-07-18 12:15:00+05:30,403.25,403.4,401.3,401.6,165400,BIOCON
3413,2025-07-18 12:30:00+05:30,401.6,402.2,400.55,400.55,102286,BIOCON
3414,2025-07-18 12:45:00+05:30,400.6,400.8,399.1,399.9,265414,BIOCON
3415,2025-07-18 13:00:00+05:30,399.95,400.8,399.65,399.95,145324,BIOCON
3416,2025-07-18 13:15:00+05:30,399.95,400.2,399.4,400.1,63480,BIOCON
3417,2025-07-18 13:30:00+05:30,400.15,401.0,399.8,401.0,227091,BIOCON
3418,2025-07-18 13:45:00+05:30,401.0,401.35,400.05,401.05,258851,BIOCON
3419,2025-07-18 14:00:00+05:30,401.1,401.3,399.7,400.0,124551,BIOCON
3420,2025-07-18 14:15:00+05:30,400.1,400.15,399.35,399.95,58283,BIOCON
3421,2025-07-18 14:30:00+05:30,400.0,400.6,399.8,400.25,124457,BIOCON
3422,2025-07-18 14:45:00+05:30,400.25,400.5,399.8,399.85,112287,BIOCON
3423,2025-07-18 15:00:00+05:30,400.0,400.0,398.6,399.15,311479,BIOCON
3424,2025-07-18 15:15:00+05:30,399.15,399.2,397.95,398.9,568353,BIOCON
3425,2025-07-21 09:15:00+05:30,399.85,399.85,394.25,396.1,224301,BIOCON
3426,2025-07-21 09:30:00+05:30,396.3,396.8,395.2,396.3,77600,BIOCON
3427,2025-07-21 09:45:00+05:30,396.3,396.4,395.45,396.0,71390,BIOCON
3428,2025-07-21 10:00:00+05:30,396.15,397.8,396.0,397.65,72413,BIOCON
3429,2025-07-21 10:15:00+05:30,397.45,399.0,397.0,398.6,85566,BIOCON
3430,2025-07-21 10:30:00+05:30,398.55,399.6,398.4,398.55,84236,BIOCON
3431,2025-07-21 10:45:00+05:30,398.7,399.5,398.35,399.35,78883,BIOCON
3432,2025-07-21 11:00:00+05:30,399.35,399.8,399.05,399.5,42458,BIOCON
3433,2025-07-21 11:15:00+05:30,399.5,399.55,397.3,397.55,84687,BIOCON
3434,2025-07-21 11:30:00+05:30,397.75,397.9,396.55,396.65,31704,BIOCON
3435,2025-07-21 11:45:00+05:30,396.6,397.3,396.05,396.8,40842,BIOCON
3436,2025-07-21 12:00:00+05:30,397.0,397.1,396.05,396.7,66509,BIOCON
3437,2025-07-21 12:15:00+05:30,396.5,397.0,396.15,396.4,75816,BIOCON
3438,2025-07-21 12:30:00+05:30,396.4,397.0,396.15,396.7,59043,BIOCON
3439,2025-07-21 12:45:00+05:30,396.7,396.85,395.4,395.6,71513,BIOCON
3440,2025-07-21 13:00:00+05:30,395.6,395.85,395.15,395.65,67789,BIOCON
3441,2025-07-21 13:15:00+05:30,395.65,395.9,395.3,395.7,72292,BIOCON
3442,2025-07-21 13:30:00+05:30,395.7,395.8,394.55,394.75,76082,BIOCON
3443,2025-07-21 13:45:00+05:30,394.75,394.95,394.05,394.75,109406,BIOCON
3444,2025-07-21 14:00:00+05:30,394.75,395.0,394.55,394.9,60399,BIOCON
3445,2025-07-21 14:15:00+05:30,394.9,395.45,393.5,395.45,430007,BIOCON
3446,2025-07-21 14:30:00+05:30,395.25,396.0,394.75,395.4,135116,BIOCON
3447,2025-07-21 14:45:00+05:30,395.4,395.85,394.75,394.9,80725,BIOCON
3448,2025-07-21 15:00:00+05:30,395.0,395.6,394.2,394.55,113781,BIOCON
3449,2025-07-21 15:15:00+05:30,394.55,395.0,394.05,395.0,191363,BIOCON
3450,2025-07-22 09:15:00+05:30,394.05,394.75,391.15,391.15,136709,BIOCON
3451,2025-07-22 09:30:00+05:30,391.1,391.15,389.15,389.3,202918,BIOCON
3452,2025-07-22 09:45:00+05:30,389.3,391.5,388.3,390.0,215724,BIOCON
3453,2025-07-22 10:00:00+05:30,389.9,390.9,388.65,390.15,92990,BIOCON
3454,2025-07-22 10:15:00+05:30,390.1,391.95,389.85,390.15,91486,BIOCON
3455,2025-07-22 10:30:00+05:30,390.2,391.05,389.6,390.3,54455,BIOCON
3456,2025-07-22 10:45:00+05:30,390.3,392.25,390.1,392.0,110098,BIOCON
3457,2025-07-22 11:00:00+05:30,392.0,392.0,390.15,390.8,52127,BIOCON
3458,2025-07-22 11:15:00+05:30,390.8,391.05,390.45,390.6,14912,BIOCON
3459,2025-07-22 11:30:00+05:30,390.5,391.15,390.45,390.95,23914,BIOCON
3460,2025-07-22 11:45:00+05:30,390.95,391.2,390.65,390.95,27331,BIOCON
3461,2025-07-22 12:00:00+05:30,390.9,391.6,390.75,391.55,29621,BIOCON
3462,2025-07-22 12:15:00+05:30,391.55,392.0,391.5,391.8,31982,BIOCON
3463,2025-07-22 12:30:00+05:30,391.8,392.25,391.55,391.85,40929,BIOCON
3464,2025-07-22 12:45:00+05:30,391.85,392.05,391.5,391.9,32277,BIOCON
3465,2025-07-22 13:00:00+05:30,391.9,392.1,391.5,391.7,35245,BIOCON
3466,2025-07-22 13:15:00+05:30,391.7,391.7,389.85,390.5,130495,BIOCON
3467,2025-07-22 13:30:00+05:30,390.5,390.7,389.45,389.55,61713,BIOCON
3468,2025-07-22 13:45:00+05:30,389.55,390.05,389.0,389.25,150782,BIOCON
3469,2025-07-22 14:00:00+05:30,389.3,389.7,388.85,388.9,133458,BIOCON
3470,2025-07-22 14:15:00+05:30,389.0,389.0,387.65,387.75,75618,BIOCON
3471,2025-07-22 14:30:00+05:30,387.75,388.2,386.95,388.0,178684,BIOCON
3472,2025-07-22 14:45:00+05:30,388.0,389.15,387.8,387.8,100480,BIOCON
3473,2025-07-22 15:00:00+05:30,387.85,388.0,386.7,387.25,192079,BIOCON
3474,2025-07-22 15:15:00+05:30,387.3,387.85,386.3,387.15,169655,BIOCON
3475,2025-07-23 09:15:00+05:30,384.6,388.85,384.6,387.75,301572,BIOCON
3476,2025-07-23 09:30:00+05:30,387.85,390.8,387.85,389.55,155522,BIOCON
3477,2025-07-23 09:45:00+05:30,389.5,390.9,388.85,390.6,86991,BIOCON
3478,2025-07-23 10:00:00+05:30,390.65,392.45,389.0,392.2,164945,BIOCON
3479,2025-07-23 10:15:00+05:30,392.3,393.35,391.9,393.1,206722,BIOCON
3480,2025-07-23 10:30:00+05:30,393.1,394.45,392.6,394.1,256790,BIOCON
3481,2025-07-23 10:45:00+05:30,394.1,394.35,393.15,393.5,137988,BIOCON
3482,2025-07-23 11:00:00+05:30,393.5,394.25,393.35,393.7,83584,BIOCON
3483,2025-07-23 11:15:00+05:30,393.7,395.2,393.55,395.05,177403,BIOCON
3484,2025-07-23 11:30:00+05:30,395.0,395.05,394.5,394.7,77271,BIOCON
3485,2025-07-23 11:45:00+05:30,394.7,396.2,394.65,395.8,249301,BIOCON
3486,2025-07-23 12:00:00+05:30,395.8,396.0,394.9,395.0,73629,BIOCON
3487,2025-07-23 12:15:00+05:30,394.9,395.65,394.45,395.5,99408,BIOCON
3488,2025-07-23 12:30:00+05:30,395.5,396.4,395.0,396.2,88812,BIOCON
3489,2025-07-23 12:45:00+05:30,396.35,398.4,396.25,397.55,319336,BIOCON
3490,2025-07-23 13:00:00+05:30,397.55,397.8,396.5,396.7,119818,BIOCON
3491,2025-07-23 13:15:00+05:30,396.7,397.65,396.5,397.0,118440,BIOCON
3492,2025-07-23 13:30:00+05:30,396.9,397.05,395.65,395.7,66076,BIOCON
3493,2025-07-23 13:45:00+05:30,395.7,396.25,395.65,395.9,74037,BIOCON
3494,2025-07-23 14:00:00+05:30,395.9,396.05,395.55,395.85,58530,BIOCON
3495,2025-07-23 14:15:00+05:30,395.85,396.9,395.8,396.3,69309,BIOCON
3496,2025-07-23 14:30:00+05:30,396.3,397.3,396.15,397.0,107622,BIOCON
3497,2025-07-23 14:45:00+05:30,397.0,397.25,396.4,397.0,114242,BIOCON
3498,2025-07-23 15:00:00+05:30,397.05,397.5,396.1,396.7,191989,BIOCON
3499,2025-07-23 15:15:00+05:30,396.75,397.55,396.4,397.0,335524,BIOCON
3500,2025-07-24 09:15:00+05:30,396.8,404.0,396.1,403.55,682066,BIOCON
3501,2025-07-24 09:30:00+05:30,403.55,404.5,402.1,403.85,372092,BIOCON
3502,2025-07-24 09:45:00+05:30,403.85,404.25,402.65,403.4,269605,BIOCON
3503,2025-07-24 10:00:00+05:30,403.4,403.4,401.3,401.35,176016,BIOCON
3504,2025-07-24 10:15:00+05:30,401.3,401.8,400.6,401.15,163931,BIOCON
3505,2025-07-24 10:30:00+05:30,401.0,403.0,400.85,402.85,98759,BIOCON
3506,2025-07-24 10:45:00+05:30,402.85,403.0,401.15,401.45,97352,BIOCON
3507,2025-07-24 11:00:00+05:30,401.3,401.3,399.05,399.75,213512,BIOCON
3508,2025-07-24 11:15:00+05:30,399.6,399.85,397.85,398.5,104068,BIOCON
3509,2025-07-24 11:30:00+05:30,398.4,398.85,397.65,398.5,67007,BIOCON
3510,2025-07-24 11:45:00+05:30,398.55,399.6,398.25,398.85,46787,BIOCON
3511,2025-07-24 12:00:00+05:30,398.85,398.9,397.6,398.7,49092,BIOCON
3512,2025-07-24 12:15:00+05:30,398.65,399.4,398.5,398.7,44979,BIOCON
3513,2025-07-24 12:30:00+05:30,398.65,398.85,397.25,397.85,81851,BIOCON
3514,2025-07-24 12:45:00+05:30,398.0,398.15,397.1,397.15,25164,BIOCON
3515,2025-07-24 13:00:00+05:30,397.15,397.95,397.05,397.6,23107,BIOCON
3516,2025-07-24 13:15:00+05:30,397.45,398.4,397.45,398.2,33657,BIOCON
3517,2025-07-24 13:30:00+05:30,398.05,398.45,397.9,398.15,22327,BIOCON
3518,2025-07-24 13:45:00+05:30,398.1,399.1,398.05,398.3,45568,BIOCON
3519,2025-07-24 14:00:00+05:30,398.3,398.7,398.15,398.6,31448,BIOCON
3520,2025-07-24 14:15:00+05:30,398.65,398.8,397.7,398.15,42591,BIOCON
3521,2025-07-24 14:30:00+05:30,398.15,398.8,397.75,397.85,40820,BIOCON
3522,2025-07-24 14:45:00+05:30,397.85,397.9,396.85,396.95,57350,BIOCON
3523,2025-07-24 15:00:00+05:30,397.0,398.0,396.95,397.6,139836,BIOCON
3524,2025-07-24 15:15:00+05:30,397.6,398.0,397.0,397.8,212816,BIOCON
3525,2025-07-25 09:15:00+05:30,395.0,399.6,395.0,398.85,165088,BIOCON
3526,2025-07-25 09:30:00+05:30,398.8,399.75,397.25,397.55,144475,BIOCON
3527,2025-07-25 09:45:00+05:30,397.5,398.2,396.4,397.15,57141,BIOCON
3528,2025-07-25 10:00:00+05:30,397.1,397.65,395.7,396.05,99749,BIOCON
3529,2025-07-25 10:15:00+05:30,396.05,396.05,393.75,394.85,156191,BIOCON
3530,2025-07-25 10:30:00+05:30,394.85,396.0,394.25,395.4,97537,BIOCON
3531,2025-07-25 10:45:00+05:30,395.5,396.4,394.75,396.25,69795,BIOCON
3532,2025-07-25 11:00:00+05:30,396.3,396.95,394.95,394.95,62726,BIOCON
3533,2025-07-25 11:15:00+05:30,394.8,395.4,394.2,395.15,54210,BIOCON
3534,2025-07-25 11:30:00+05:30,395.15,396.05,395.15,395.8,69104,BIOCON
3535,2025-07-25 11:45:00+05:30,395.8,395.95,394.4,395.35,40646,BIOCON
3536,2025-07-25 12:00:00+05:30,395.15,395.35,394.35,394.35,38609,BIOCON
3537,2025-07-25 12:15:00+05:30,394.3,394.45,393.25,393.5,63472,BIOCON
3538,2025-07-25 12:30:00+05:30,393.4,393.85,392.4,392.7,50048,BIOCON
3539,2025-07-25 12:45:00+05:30,392.7,393.3,392.55,392.75,32774,BIOCON
3540,2025-07-25 13:00:00+05:30,392.8,393.3,392.2,393.0,26447,BIOCON
3541,2025-07-25 13:15:00+05:30,393.0,394.7,392.5,393.25,221966,BIOCON
3542,2025-07-25 13:30:00+05:30,393.3,394.35,392.4,393.85,66312,BIOCON
3543,2025-07-25 13:45:00+05:30,393.9,394.3,393.4,393.7,46905,BIOCON
3544,2025-07-25 14:00:00+05:30,393.55,395.95,393.5,395.5,103725,BIOCON
3545,2025-07-25 14:15:00+05:30,395.55,396.85,394.1,395.3,120088,BIOCON
3546,2025-07-25 14:30:00+05:30,395.1,396.4,394.7,395.4,52088,BIOCON
3547,2025-07-25 14:45:00+05:30,395.4,395.6,394.75,395.45,28130,BIOCON
3548,2025-07-25 15:00:00+05:30,395.45,395.45,393.45,394.7,118638,BIOCON
3549,2025-07-25 15:15:00+05:30,394.6,395.0,393.5,394.15,135272,BIOCON
3550,2025-07-28 09:15:00+05:30,394.1,398.8,392.2,397.8,338074,BIOCON
3551,2025-07-28 09:30:00+05:30,397.8,399.4,397.5,397.85,325963,BIOCON
3552,2025-07-28 09:45:00+05:30,397.95,399.95,397.7,399.0,235731,BIOCON
3553,2025-07-28 10:00:00+05:30,399.0,400.6,398.85,399.45,177073,BIOCON
3554,2025-07-28 10:15:00+05:30,399.6,403.2,399.6,401.75,610615,BIOCON
3555,2025-07-28 10:30:00+05:30,401.6,402.3,398.5,399.2,207625,BIOCON
3556,2025-07-28 10:45:00+05:30,399.2,399.25,397.0,397.1,155523,BIOCON
3557,2025-07-28 11:00:00+05:30,397.2,397.2,388.9,393.45,394030,BIOCON
3558,2025-07-28 11:15:00+05:30,393.55,394.4,392.5,393.3,43466,BIOCON
3559,2025-07-28 11:30:00+05:30,393.3,394.2,390.6,391.0,97265,BIOCON
3560,2025-07-28 11:45:00+05:30,391.0,391.75,389.7,391.2,122750,BIOCON
3561,2025-07-28 12:00:00+05:30,391.15,391.15,389.4,389.95,49531,BIOCON
3562,2025-07-28 12:15:00+05:30,389.9,390.8,388.65,390.6,65447,BIOCON
3563,2025-07-28 12:30:00+05:30,390.45,392.6,390.25,392.1,53996,BIOCON
3564,2025-07-28 12:45:00+05:30,392.1,392.1,390.25,390.25,42152,BIOCON
3565,2025-07-28 13:00:00+05:30,390.25,391.6,389.8,390.3,72125,BIOCON
3566,2025-07-28 13:15:00+05:30,390.3,390.5,389.15,389.3,49298,BIOCON
3567,2025-07-28 13:30:00+05:30,389.3,389.7,388.75,388.9,37237,BIOCON
3568,2025-07-28 13:45:00+05:30,388.9,389.2,388.0,388.7,49138,BIOCON
3569,2025-07-28 14:00:00+05:30,388.7,389.05,388.0,388.25,41955,BIOCON
3570,2025-07-28 14:15:00+05:30,388.45,388.65,387.35,387.35,50091,BIOCON
3571,2025-07-28 14:30:00+05:30,387.5,389.45,386.55,389.1,56778,BIOCON
3572,2025-07-28 14:45:00+05:30,389.1,389.75,387.95,388.75,35156,BIOCON
3573,2025-07-28 15:00:00+05:30,388.9,388.9,387.05,387.65,184575,BIOCON
3574,2025-07-28 15:15:00+05:30,387.85,388.25,386.55,388.05,202152,BIOCON
3575,2025-07-29 09:15:00+05:30,387.45,390.35,386.0,389.7,155440,BIOCON
3576,2025-07-29 09:30:00+05:30,389.9,391.45,389.35,391.25,90783,BIOCON
3577,2025-07-29 09:45:00+05:30,391.45,393.5,391.45,392.6,97774,BIOCON
3578,2025-07-29 10:00:00+05:30,392.6,394.3,391.55,391.9,78348,BIOCON
3579,2025-07-29 10:15:00+05:30,391.95,392.7,391.55,392.2,99258,BIOCON
3580,2025-07-29 10:30:00+05:30,392.3,395.05,392.3,394.5,297126,BIOCON
3581,2025-07-29 10:45:00+05:30,394.4,394.5,392.15,393.3,119656,BIOCON
3582,2025-07-29 11:00:00+05:30,393.35,393.95,392.6,393.7,113826,BIOCON
3583,2025-07-29 11:15:00+05:30,393.85,394.7,392.2,393.45,267240,BIOCON
3584,2025-07-29 11:30:00+05:30,393.45,394.15,393.25,393.5,128426,BIOCON
3585,2025-07-29 11:45:00+05:30,393.45,393.75,392.85,393.05,78337,BIOCON
3586,2025-07-29 12:00:00+05:30,393.15,394.45,392.4,394.35,92992,BIOCON
3587,2025-07-29 12:15:00+05:30,394.35,397.2,394.2,395.5,1270732,BIOCON
3588,2025-07-29 12:30:00+05:30,395.45,396.7,395.25,396.3,355552,BIOCON
3589,2025-07-29 12:45:00+05:30,396.1,397.35,395.85,397.15,289079,BIOCON
3590,2025-07-29 13:00:00+05:30,397.15,397.95,396.65,397.0,178601,BIOCON
3591,2025-07-29 13:15:00+05:30,396.95,397.95,396.65,397.5,315858,BIOCON
3592,2025-07-29 13:30:00+05:30,397.45,397.75,396.7,397.0,138783,BIOCON
3593,2025-07-29 13:45:00+05:30,397.0,397.5,396.4,396.95,182675,BIOCON
3594,2025-07-29 14:00:00+05:30,396.95,397.8,396.95,397.2,116409,BIOCON
3595,2025-07-29 14:15:00+05:30,397.2,397.5,396.85,397.0,121687,BIOCON
3596,2025-07-29 14:30:00+05:30,397.2,398.3,396.95,397.95,177743,BIOCON
3597,2025-07-29 14:45:00+05:30,397.9,398.25,397.4,397.9,111965,BIOCON
3598,2025-07-29 15:00:00+05:30,397.95,399.1,397.55,398.35,279730,BIOCON
3599,2025-07-29 15:15:00+05:30,398.35,398.5,397.05,397.95,368126,BIOCON
3600,2025-07-30 09:15:00+05:30,400.0,401.0,397.6,398.75,426986,BIOCON
3601,2025-07-30 09:30:00+05:30,398.65,400.3,398.0,400.05,268604,BIOCON
3602,2025-07-30 09:45:00+05:30,399.95,401.45,398.85,401.0,966400,BIOCON
3603,2025-07-30 10:00:00+05:30,401.0,403.0,398.55,398.75,1231351,BIOCON
3604,2025-07-30 10:15:00+05:30,398.75,400.1,397.65,397.75,128520,BIOCON
3605,2025-07-30 10:30:00+05:30,397.75,397.85,396.6,396.8,84294,BIOCON
3606,2025-07-30 10:45:00+05:30,396.75,398.0,395.95,397.8,92637,BIOCON
3607,2025-07-30 11:00:00+05:30,397.9,399.25,397.85,399.0,65401,BIOCON
3608,2025-07-30 11:15:00+05:30,399.0,399.05,397.8,398.35,36717,BIOCON
3609,2025-07-30 11:30:00+05:30,398.35,399.2,398.3,398.95,26950,BIOCON
3610,2025-07-30 11:45:00+05:30,398.95,398.95,397.95,398.45,26366,BIOCON
3611,2025-07-30 12:00:00+05:30,398.45,398.55,395.95,397.75,442147,BIOCON
3612,2025-07-30 12:15:00+05:30,397.75,397.95,396.5,396.65,45304,BIOCON
3613,2025-07-30 12:30:00+05:30,396.6,396.8,394.4,395.3,80226,BIOCON
3614,2025-07-30 12:45:00+05:30,395.35,395.45,394.65,394.95,32136,BIOCON
3615,2025-07-30 13:00:00+05:30,394.95,396.8,394.5,396.4,72562,BIOCON
3616,2025-07-30 13:15:00+05:30,396.4,396.55,395.7,395.9,25419,BIOCON
3617,2025-07-30 13:30:00+05:30,395.85,397.0,395.4,396.85,56136,BIOCON
3618,2025-07-30 13:45:00+05:30,397.0,397.65,396.55,397.0,89625,BIOCON
3619,2025-07-30 14:00:00+05:30,396.9,398.0,396.55,397.6,96322,BIOCON
3620,2025-07-30 14:15:00+05:30,397.6,397.65,396.75,397.1,97071,BIOCON
3621,2025-07-30 14:30:00+05:30,397.15,398.85,396.75,398.45,826680,BIOCON
3622,2025-07-30 14:45:00+05:30,398.45,398.75,396.95,397.7,111145,BIOCON
3623,2025-07-30 15:00:00+05:30,397.7,398.9,396.65,397.45,382915,BIOCON
3624,2025-07-30 15:15:00+05:30,397.45,397.55,395.15,395.5,421195,BIOCON
3625,2025-07-31 09:15:00+05:30,388.0,394.9,384.8,393.65,354165,BIOCON
3626,2025-07-31 09:30:00+05:30,393.5,394.1,391.65,393.4,142574,BIOCON
3627,2025-07-31 09:45:00+05:30,393.4,393.8,391.15,391.4,96203,BIOCON
3628,2025-07-31 10:00:00+05:30,391.25,391.25,389.7,390.3,101074,BIOCON
3629,2025-07-31 10:15:00+05:30,390.35,391.0,389.0,390.0,73407,BIOCON
3630,2025-07-31 10:30:00+05:30,390.0,390.05,389.1,389.3,55360,BIOCON
3631,2025-07-31 10:45:00+05:30,389.3,389.75,388.6,388.85,66759,BIOCON
3632,2025-07-31 11:00:00+05:30,388.85,391.7,388.6,390.0,592066,BIOCON
3633,2025-07-31 11:15:00+05:30,390.0,391.0,389.5,390.2,88334,BIOCON
3634,2025-07-31 11:30:00+05:30,390.2,394.2,390.2,393.75,161711,BIOCON
3635,2025-07-31 11:45:00+05:30,393.75,396.1,393.15,394.55,220452,BIOCON
3636,2025-07-31 12:00:00+05:30,394.75,394.9,393.05,394.25,47971,BIOCON
3637,2025-07-31 12:15:00+05:30,394.25,394.75,393.65,393.95,27181,BIOCON
3638,2025-07-31 12:30:00+05:30,394.0,395.1,394.0,394.75,46380,BIOCON
3639,2025-07-31 12:45:00+05:30,394.75,394.8,393.9,394.65,27023,BIOCON
3640,2025-07-31 13:00:00+05:30,394.7,394.7,393.6,393.95,46989,BIOCON
3641,2025-07-31 13:15:00+05:30,394.05,394.5,393.6,394.0,36009,BIOCON
3642,2025-07-31 13:30:00+05:30,394.05,394.5,393.7,394.0,27154,BIOCON
3643,2025-07-31 13:45:00+05:30,394.0,394.8,393.55,393.55,34240,BIOCON
3644,2025-07-31 14:00:00+05:30,393.55,394.8,393.25,394.65,37603,BIOCON
3645,2025-07-31 14:15:00+05:30,394.75,395.3,394.05,394.05,47874,BIOCON
3646,2025-07-31 14:30:00+05:30,394.15,394.95,392.7,393.45,99285,BIOCON
3647,2025-07-31 14:45:00+05:30,393.2,393.55,392.25,392.85,51941,BIOCON
3648,2025-07-31 15:00:00+05:30,393.0,393.0,390.65,390.9,251076,BIOCON
3649,2025-07-31 15:15:00+05:30,390.9,391.5,390.1,390.8,200334,BIOCON
3650,2025-08-01 09:15:00+05:30,391.5,392.85,384.5,385.0,202827,BIOCON
3651,2025-08-01 09:30:00+05:30,384.8,387.4,384.1,386.65,182235,BIOCON
3652,2025-08-01 09:45:00+05:30,386.65,387.55,385.25,387.15,120125,BIOCON
3653,2025-08-01 10:00:00+05:30,387.1,388.85,386.55,387.65,166279,BIOCON
3654,2025-08-01 10:15:00+05:30,387.6,387.95,386.75,387.2,53520,BIOCON
3655,2025-08-01 10:30:00+05:30,387.2,387.25,384.7,386.75,347296,BIOCON
3656,2025-08-01 10:45:00+05:30,386.8,387.3,386.05,387.1,94877,BIOCON
3657,2025-08-01 11:00:00+05:30,387.1,388.7,387.05,387.55,112647,BIOCON
3658,2025-08-01 11:15:00+05:30,387.5,388.8,387.45,388.4,33601,BIOCON
3659,2025-08-01 11:30:00+05:30,388.35,389.65,387.25,387.5,194821,BIOCON
3660,2025-08-01 11:45:00+05:30,387.4,388.75,387.0,387.35,115630,BIOCON
3661,2025-08-01 12:00:00+05:30,387.4,387.55,386.4,386.5,65724,BIOCON
3662,2025-08-01 12:15:00+05:30,386.45,386.95,386.0,386.5,28684,BIOCON
3663,2025-08-01 12:30:00+05:30,386.4,387.25,385.2,385.7,52570,BIOCON
3664,2025-08-01 12:45:00+05:30,385.6,385.75,385.25,385.6,13396,BIOCON
3665,2025-08-01 13:00:00+05:30,385.5,386.6,384.7,386.35,310560,BIOCON
3666,2025-08-01 13:15:00+05:30,386.3,386.3,384.75,385.15,59577,BIOCON
3667,2025-08-01 13:30:00+05:30,385.15,386.7,385.1,385.75,71715,BIOCON
3668,2025-08-01 13:45:00+05:30,385.75,386.05,385.1,385.3,70756,BIOCON
3669,2025-08-01 14:00:00+05:30,385.25,386.55,385.0,385.7,79297,BIOCON
3670,2025-08-01 14:15:00+05:30,385.7,386.45,384.4,384.7,81039,BIOCON
3671,2025-08-01 14:30:00+05:30,384.7,385.1,383.05,384.35,203609,BIOCON
3672,2025-08-01 14:45:00+05:30,384.3,385.8,384.2,384.65,66598,BIOCON
3673,2025-08-01 15:00:00+05:30,384.6,385.3,382.4,382.75,167300,BIOCON
3674,2025-08-01 15:15:00+05:30,382.7,383.9,381.8,383.3,246177,BIOCON
3675,2025-08-04 09:15:00+05:30,383.1,386.6,382.6,384.45,141516,BIOCON
3676,2025-08-04 09:30:00+05:30,384.45,385.1,381.7,381.8,79859,BIOCON
3677,2025-08-04 09:45:00+05:30,381.8,383.95,373.05,379.15,4574099,BIOCON
3678,2025-08-04 10:00:00+05:30,379.05,380.0,377.9,378.95,690420,BIOCON
3679,2025-08-04 10:15:00+05:30,379.25,379.65,376.6,377.2,337508,BIOCON
3680,2025-08-04 10:30:00+05:30,377.25,378.7,376.45,378.3,190769,BIOCON
3681,2025-08-04 10:45:00+05:30,378.0,378.4,376.6,377.2,166629,BIOCON
3682,2025-08-04 11:00:00+05:30,377.05,378.0,376.0,376.45,126479,BIOCON
3683,2025-08-04 11:15:00+05:30,376.6,377.3,376.3,376.5,79792,BIOCON
3684,2025-08-04 11:30:00+05:30,376.5,376.5,374.3,374.45,224452,BIOCON
3685,2025-08-04 11:45:00+05:30,374.55,380.9,374.4,380.9,275100,BIOCON
3686,2025-08-04 12:00:00+05:30,380.9,383.0,380.75,382.0,210691,BIOCON
3687,2025-08-04 12:15:00+05:30,382.0,383.8,381.75,383.4,108296,BIOCON
3688,2025-08-04 12:30:00+05:30,383.4,384.25,381.9,383.1,107457,BIOCON
3689,2025-08-04 12:45:00+05:30,383.1,384.6,382.9,383.75,55279,BIOCON
3690,2025-08-04 13:00:00+05:30,383.75,384.35,383.55,383.55,40806,BIOCON
3691,2025-08-04 13:15:00+05:30,383.75,384.8,383.1,383.2,78849,BIOCON
3692,2025-08-04 13:30:00+05:30,383.2,384.0,382.95,383.5,33132,BIOCON
3693,2025-08-04 13:45:00+05:30,383.6,384.55,383.2,383.9,84097,BIOCON
3694,2025-08-04 14:00:00+05:30,383.85,384.3,383.55,384.0,31867,BIOCON
3695,2025-08-04 14:15:00+05:30,384.0,384.45,383.5,383.85,39495,BIOCON
3696,2025-08-04 14:30:00+05:30,383.8,385.55,383.45,383.65,124093,BIOCON
3697,2025-08-04 14:45:00+05:30,383.7,384.55,383.15,383.45,63676,BIOCON
3698,2025-08-04 15:00:00+05:30,383.5,383.7,382.15,382.5,273030,BIOCON
3699,2025-08-04 15:15:00+05:30,382.5,382.75,380.5,381.45,293162,BIOCON
3700,2025-08-05 09:15:00+05:30,383.0,386.8,380.3,381.4,364456,BIOCON
3701,2025-08-05 09:30:00+05:30,381.3,381.4,375.75,375.75,194950,BIOCON
3702,2025-08-05 09:45:00+05:30,375.75,376.7,374.45,375.15,176044,BIOCON
3703,2025-08-05 10:00:00+05:30,375.15,375.6,374.2,374.7,88562,BIOCON
3704,2025-08-05 10:15:00+05:30,374.55,375.3,374.0,374.15,49521,BIOCON
3705,2025-08-05 10:30:00+05:30,374.1,377.8,373.3,377.5,144181,BIOCON
3706,2025-08-05 10:45:00+05:30,377.5,377.5,376.05,376.15,57763,BIOCON
3707,2025-08-05 11:00:00+05:30,376.2,377.2,375.5,377.0,62706,BIOCON
3708,2025-08-05 11:15:00+05:30,377.15,377.55,376.8,376.85,41136,BIOCON
3709,2025-08-05 11:30:00+05:30,376.95,376.95,375.55,376.0,23782,BIOCON
3710,2025-08-05 11:45:00+05:30,376.0,376.5,374.7,375.0,62607,BIOCON
3711,2025-08-05 12:00:00+05:30,375.05,375.35,373.6,375.15,87847,BIOCON
3712,2025-08-05 12:15:00+05:30,375.15,375.65,374.15,374.3,53372,BIOCON
3713,2025-08-05 12:30:00+05:30,374.3,374.9,371.65,372.2,168475,BIOCON
3714,2025-08-05 12:45:00+05:30,372.2,373.05,371.9,372.6,145058,BIOCON
3715,2025-08-05 13:00:00+05:30,372.75,373.0,371.55,372.65,98525,BIOCON
3716,2025-08-05 13:15:00+05:30,372.75,372.9,372.0,372.55,41546,BIOCON
3717,2025-08-05 13:30:00+05:30,372.55,373.0,371.85,372.7,82402,BIOCON
3718,2025-08-05 13:45:00+05:30,372.85,373.85,372.05,372.3,137591,BIOCON
3719,2025-08-05 14:00:00+05:30,372.3,372.5,370.8,372.0,107872,BIOCON
3720,2025-08-05 14:15:00+05:30,372.0,372.15,371.35,371.85,58272,BIOCON
3721,2025-08-05 14:30:00+05:30,371.85,372.3,371.4,372.05,69193,BIOCON
3722,2025-08-05 14:45:00+05:30,372.05,372.2,370.9,371.45,114307,BIOCON
3723,2025-08-05 15:00:00+05:30,371.45,373.3,370.65,372.95,354475,BIOCON
3724,2025-08-05 15:15:00+05:30,372.95,373.25,372.25,373.0,309641,BIOCON
3725,2025-08-06 09:15:00+05:30,372.0,372.9,368.6,368.75,334301,BIOCON
3726,2025-08-06 09:30:00+05:30,368.7,369.6,367.8,367.95,111078,BIOCON
3727,2025-08-06 09:45:00+05:30,367.9,367.9,366.4,367.3,140093,BIOCON
3728,2025-08-06 10:00:00+05:30,367.3,367.5,364.95,366.05,146878,BIOCON
3729,2025-08-06 10:15:00+05:30,365.9,367.65,365.45,366.4,100770,BIOCON
3730,2025-08-06 10:30:00+05:30,366.3,366.4,364.6,364.85,120121,BIOCON
3731,2025-08-06 10:45:00+05:30,365.0,365.15,364.35,364.75,88027,BIOCON
3732,2025-08-06 11:00:00+05:30,364.75,364.95,363.8,364.4,55989,BIOCON
3733,2025-08-06 11:15:00+05:30,364.4,364.85,363.0,364.35,118177,BIOCON
3734,2025-08-06 11:30:00+05:30,364.35,364.35,363.0,363.5,53543,BIOCON
3735,2025-08-06 11:45:00+05:30,363.5,364.4,362.55,363.35,80168,BIOCON
3736,2025-08-06 12:00:00+05:30,363.45,363.95,363.0,363.65,67116,BIOCON
3737,2025-08-06 12:15:00+05:30,363.65,364.9,363.1,364.6,64391,BIOCON
3738,2025-08-06 12:30:00+05:30,364.65,365.9,363.95,364.3,50295,BIOCON
3739,2025-08-06 12:45:00+05:30,364.2,364.6,363.05,364.4,59541,BIOCON
3740,2025-08-06 13:00:00+05:30,364.45,364.8,363.5,364.3,101658,BIOCON
3741,2025-08-06 13:15:00+05:30,364.3,364.85,364.2,364.85,33529,BIOCON
3742,2025-08-06 13:30:00+05:30,364.85,365.3,363.35,364.15,76286,BIOCON
3743,2025-08-06 13:45:00+05:30,363.85,364.15,362.85,363.95,48223,BIOCON
3744,2025-08-06 14:00:00+05:30,363.95,364.0,362.85,363.3,67433,BIOCON
3745,2025-08-06 14:15:00+05:30,363.3,363.5,362.0,362.6,95984,BIOCON
3746,2025-08-06 14:30:00+05:30,362.6,362.9,360.65,361.0,370260,BIOCON
3747,2025-08-06 14:45:00+05:30,360.95,361.7,359.4,361.4,516403,BIOCON
3748,2025-08-06 15:00:00+05:30,361.3,361.65,359.9,361.15,1008246,BIOCON
3749,2025-08-06 15:15:00+05:30,361.15,361.35,360.3,360.5,261308,BIOCON
3750,2025-08-07 09:15:00+05:30,358.8,363.5,356.65,363.0,315156,BIOCON
3751,2025-08-07 09:30:00+05:30,363.25,364.7,362.35,363.0,149219,BIOCON
3752,2025-08-07 09:45:00+05:30,363.0,364.45,361.9,362.1,95524,BIOCON
3753,2025-08-07 10:00:00+05:30,362.1,363.15,360.35,361.45,79186,BIOCON
3754,2025-08-07 10:15:00+05:30,361.55,362.05,360.0,360.05,52929,BIOCON
3755,2025-08-07 10:30:00+05:30,360.3,361.05,359.05,360.1,95222,BIOCON
3756,2025-08-07 10:45:00+05:30,360.15,360.75,359.05,359.7,46716,BIOCON
3757,2025-08-07 11:00:00+05:30,359.85,359.9,358.3,358.6,53419,BIOCON
3758,2025-08-07 11:15:00+05:30,358.6,359.0,357.65,358.0,26067,BIOCON
3759,2025-08-07 11:30:00+05:30,357.9,357.95,356.55,356.9,45588,BIOCON
3760,2025-08-07 11:45:00+05:30,356.9,357.8,355.9,357.2,92454,BIOCON
3761,2025-08-07 12:00:00+05:30,357.15,358.85,357.05,358.65,24736,BIOCON
3762,2025-08-07 12:15:00+05:30,358.65,358.85,357.9,358.0,40788,BIOCON
3763,2025-08-07 12:30:00+05:30,358.0,359.9,357.65,359.1,46681,BIOCON
3764,2025-08-07 12:45:00+05:30,359.0,359.5,358.0,359.35,33013,BIOCON
3765,2025-08-07 13:00:00+05:30,359.35,359.4,357.7,357.9,24789,BIOCON
3766,2025-08-07 13:15:00+05:30,357.8,358.0,355.95,356.5,112684,BIOCON
3767,2025-08-07 13:30:00+05:30,356.4,357.2,355.55,357.0,45433,BIOCON
3768,2025-08-07 13:45:00+05:30,356.9,357.5,356.75,357.2,32354,BIOCON
3769,2025-08-07 14:00:00+05:30,357.0,359.65,356.8,358.9,48305,BIOCON
3770,2025-08-07 14:15:00+05:30,359.0,362.35,358.9,360.9,130104,BIOCON
3771,2025-08-07 14:30:00+05:30,360.9,362.05,360.85,361.8,41963,BIOCON
3772,2025-08-07 14:45:00+05:30,361.9,363.3,361.65,362.9,88771,BIOCON
3773,2025-08-07 15:00:00+05:30,362.9,364.2,362.65,364.1,165953,BIOCON
3774,2025-08-07 15:15:00+05:30,364.15,366.3,363.65,365.4,257783,BIOCON
3775,2025-08-08 09:15:00+05:30,358.95,363.7,358.25,361.0,1087657,BIOCON
3776,2025-08-08 09:30:00+05:30,360.95,365.8,360.8,365.55,539549,BIOCON
3777,2025-08-08 09:45:00+05:30,365.55,365.55,359.6,359.7,214474,BIOCON
3778,2025-08-08 10:00:00+05:30,359.8,360.55,357.75,359.1,205506,BIOCON
3779,2025-08-08 10:15:00+05:30,359.0,359.3,357.55,358.15,107822,BIOCON
3780,2025-08-08 10:30:00+05:30,357.9,358.2,354.15,354.6,179080,BIOCON
3781,2025-08-08 10:45:00+05:30,354.6,355.05,353.75,354.5,121795,BIOCON
3782,2025-08-08 11:00:00+05:30,354.4,354.6,352.35,353.0,130454,BIOCON
3783,2025-08-08 11:15:00+05:30,353.0,353.05,350.1,350.5,226056,BIOCON
3784,2025-08-08 11:30:00+05:30,350.5,350.75,348.45,349.6,699359,BIOCON
3785,2025-08-08 11:45:00+05:30,349.6,351.65,349.3,350.25,367794,BIOCON
3786,2025-08-08 12:00:00+05:30,350.1,352.6,348.2,351.8,229873,BIOCON
3787,2025-08-08 12:15:00+05:30,351.7,352.5,350.95,352.45,122248,BIOCON
3788,2025-08-08 12:30:00+05:30,352.4,352.4,351.55,352.0,44271,BIOCON
3789,2025-08-08 12:45:00+05:30,352.0,353.9,351.5,353.2,146896,BIOCON
3790,2025-08-08 13:00:00+05:30,353.1,353.15,351.3,352.3,116128,BIOCON
3791,2025-08-08 13:15:00+05:30,352.45,352.65,351.6,351.75,27586,BIOCON
3792,2025-08-08 13:30:00+05:30,351.6,352.3,351.3,351.9,42467,BIOCON
3793,2025-08-08 13:45:00+05:30,351.95,352.05,350.1,350.3,88752,BIOCON
3794,2025-08-08 14:00:00+05:30,350.3,351.1,349.0,349.05,99456,BIOCON
3795,2025-08-08 14:15:00+05:30,349.0,349.8,347.7,348.0,97290,BIOCON
3796,2025-08-08 14:30:00+05:30,348.0,348.45,347.0,347.35,106860,BIOCON
3797,2025-08-08 14:45:00+05:30,347.25,347.45,344.15,344.5,293567,BIOCON
3798,2025-08-08 15:00:00+05:30,344.5,345.15,343.0,343.5,252627,BIOCON
3799,2025-08-08 15:15:00+05:30,343.35,343.7,341.2,341.75,290405,BIOCON
3800,2025-08-11 09:15:00+05:30,342.6,342.65,333.15,335.5,802031,BIOCON
3801,2025-08-11 09:30:00+05:30,335.7,336.0,331.7,333.1,589594,BIOCON
3802,2025-08-11 09:45:00+05:30,333.3,334.25,331.0,334.2,366987,BIOCON
3803,2025-08-11 10:00:00+05:30,334.15,339.4,334.0,339.25,570945,BIOCON
3804,2025-08-11 10:15:00+05:30,339.0,340.55,338.3,340.3,374632,BIOCON
3805,2025-08-11 10:30:00+05:30,340.3,340.95,339.05,339.9,193561,BIOCON
3806,2025-08-11 10:45:00+05:30,339.9,340.45,339.3,339.85,78547,BIOCON
3807,2025-08-11 11:00:00+05:30,339.85,341.3,339.7,340.45,297517,BIOCON
3808,2025-08-11 11:15:00+05:30,340.55,341.05,339.75,340.6,131061,BIOCON
3809,2025-08-11 11:30:00+05:30,340.6,340.65,339.15,339.4,133693,BIOCON
3810,2025-08-11 11:45:00+05:30,339.35,339.65,338.4,339.5,80529,BIOCON
3811,2025-08-11 12:00:00+05:30,339.55,339.9,338.3,338.6,95160,BIOCON
3812,2025-08-11 12:15:00+05:30,338.55,338.85,337.85,338.4,84555,BIOCON
3813,2025-08-11 12:30:00+05:30,338.35,338.4,337.5,338.25,45952,BIOCON
3814,2025-08-11 12:45:00+05:30,338.05,339.1,337.7,338.7,54462,BIOCON
3815,2025-08-11 13:00:00+05:30,338.85,339.8,338.15,339.35,71765,BIOCON
3816,2025-08-11 13:15:00+05:30,339.25,340.45,339.25,340.05,67516,BIOCON
3817,2025-08-11 13:30:00+05:30,340.25,340.25,339.55,339.95,40922,BIOCON
3818,2025-08-11 13:45:00+05:30,339.95,340.25,339.85,339.9,54640,BIOCON
3819,2025-08-11 14:00:00+05:30,340.05,340.75,339.5,340.15,84233,BIOCON
3820,2025-08-11 14:15:00+05:30,340.1,340.6,339.85,340.1,56367,BIOCON
3821,2025-08-11 14:30:00+05:30,340.1,341.7,340.1,341.0,122050,BIOCON
3822,2025-08-11 14:45:00+05:30,340.85,342.35,340.85,342.1,127811,BIOCON
3823,2025-08-11 15:00:00+05:30,342.1,342.7,341.9,342.0,161966,BIOCON
3824,2025-08-11 15:15:00+05:30,342.0,342.85,341.55,341.65,356748,BIOCON
3825,2025-08-12 09:15:00+05:30,342.1,343.6,341.1,343.15,166523,BIOCON
3826,2025-08-12 09:30:00+05:30,343.0,343.4,340.1,340.65,112641,BIOCON
3827,2025-08-12 09:45:00+05:30,340.6,346.25,340.3,346.1,484745,BIOCON
3828,2025-08-12 10:00:00+05:30,346.0,347.45,345.7,346.0,279236,BIOCON
3829,2025-08-12 10:15:00+05:30,346.05,348.3,346.0,346.0,655538,BIOCON
3830,2025-08-12 10:30:00+05:30,346.0,348.3,345.1,347.55,337040,BIOCON
3831,2025-08-12 10:45:00+05:30,347.75,348.5,346.55,348.05,285593,BIOCON
3832,2025-08-12 11:00:00+05:30,348.15,350.5,347.55,350.3,633229,BIOCON
3833,2025-08-12 11:15:00+05:30,350.2,355.5,350.0,354.0,550391,BIOCON
3834,2025-08-12 11:30:00+05:30,353.9,355.45,352.6,354.8,379086,BIOCON
3835,2025-08-12 11:45:00+05:30,354.65,355.4,353.85,354.4,295718,BIOCON
3836,2025-08-12 12:00:00+05:30,354.4,355.4,353.6,355.3,157049,BIOCON
3837,2025-08-12 12:15:00+05:30,355.25,356.3,354.2,354.9,235718,BIOCON
3838,2025-08-12 12:30:00+05:30,354.75,355.8,354.3,355.6,165727,BIOCON
3839,2025-08-12 12:45:00+05:30,355.5,356.05,355.05,355.7,219872,BIOCON
3840,2025-08-12 13:00:00+05:30,355.55,357.5,355.4,356.9,251460,BIOCON
3841,2025-08-12 13:15:00+05:30,356.75,356.95,355.55,356.0,165387,BIOCON
3842,2025-08-12 13:30:00+05:30,356.0,356.8,355.75,356.0,152707,BIOCON
3843,2025-08-12 13:45:00+05:30,356.0,357.0,355.9,356.6,160254,BIOCON
3844,2025-08-12 14:00:00+05:30,356.7,356.75,354.8,355.15,243977,BIOCON
3845,2025-08-12 14:15:00+05:30,355.15,355.15,353.7,354.8,238329,BIOCON
3846,2025-08-12 14:30:00+05:30,354.8,356.0,354.2,355.7,162389,BIOCON
3847,2025-08-12 14:45:00+05:30,355.7,356.05,354.75,356.0,209759,BIOCON
3848,2025-08-12 15:00:00+05:30,356.0,356.2,355.0,355.4,194111,BIOCON
3849,2025-08-12 15:15:00+05:30,355.45,355.45,353.85,354.05,319727,BIOCON
3850,2025-08-13 09:15:00+05:30,355.45,356.9,354.0,355.95,181597,BIOCON
3851,2025-08-13 09:30:00+05:30,355.75,356.85,355.15,355.95,79085,BIOCON
3852,2025-08-13 09:45:00+05:30,356.1,356.55,355.45,355.65,40349,BIOCON
3853,2025-08-13 10:00:00+05:30,355.65,356.0,354.75,355.85,76389,BIOCON
3854,2025-08-13 10:15:00+05:30,355.9,356.9,355.3,355.55,50917,BIOCON
3855,2025-08-13 10:30:00+05:30,355.55,355.75,354.05,354.4,44298,BIOCON
3856,2025-08-13 10:45:00+05:30,354.4,354.8,354.0,354.3,25702,BIOCON
3857,2025-08-13 11:00:00+05:30,354.3,357.6,354.3,357.25,209447,BIOCON
3858,2025-08-13 11:15:00+05:30,357.25,358.4,357.0,357.4,100900,BIOCON
3859,2025-08-13 11:30:00+05:30,357.25,357.45,356.85,357.0,48582,BIOCON
3860,2025-08-13 11:45:00+05:30,357.05,357.7,356.75,357.0,70036,BIOCON
3861,2025-08-13 12:00:00+05:30,357.05,358.9,356.65,358.55,261463,BIOCON
3862,2025-08-13 12:15:00+05:30,358.55,360.2,358.55,360.1,150062,BIOCON
3863,2025-08-13 12:30:00+05:30,360.1,360.85,360.0,360.7,199708,BIOCON
3864,2025-08-13 12:45:00+05:30,360.6,360.75,360.0,360.2,59062,BIOCON
3865,2025-08-13 13:00:00+05:30,360.1,360.25,359.45,359.65,82864,BIOCON
3866,2025-08-13 13:15:00+05:30,359.55,360.45,359.15,360.05,106171,BIOCON
3867,2025-08-13 13:30:00+05:30,360.0,361.0,359.95,360.7,42941,BIOCON
3868,2025-08-13 13:45:00+05:30,360.7,360.7,360.25,360.4,17120,BIOCON
3869,2025-08-13 14:00:00+05:30,360.3,360.45,360.0,360.15,24659,BIOCON
3870,2025-08-13 14:15:00+05:30,360.3,360.6,360.0,360.15,40580,BIOCON
3871,2025-08-13 14:30:00+05:30,360.05,361.25,360.05,360.4,55034,BIOCON
3872,2025-08-13 14:45:00+05:30,360.3,360.6,359.7,360.3,72210,BIOCON
3873,2025-08-13 15:00:00+05:30,360.45,360.8,360.0,360.7,140251,BIOCON
3874,2025-08-13 15:15:00+05:30,360.65,361.9,359.6,361.8,197948,BIOCON
3875,2025-08-14 09:15:00+05:30,361.0,368.0,361.0,367.0,476190,BIOCON
3876,2025-08-14 09:30:00+05:30,367.05,367.85,363.55,364.15,349959,BIOCON
3877,2025-08-14 09:45:00+05:30,364.35,365.0,362.0,362.15,157529,BIOCON
3878,2025-08-14 10:00:00+05:30,362.2,362.2,360.3,360.85,125682,BIOCON
3879,2025-08-14 10:15:00+05:30,360.85,362.8,360.8,361.95,66376,BIOCON
3880,2025-08-14 10:30:00+05:30,361.8,361.9,361.05,361.25,30795,BIOCON
3881,2025-08-14 10:45:00+05:30,361.2,362.1,360.5,360.75,79302,BIOCON
3882,2025-08-14 11:00:00+05:30,360.7,361.15,359.25,359.35,67650,BIOCON
3883,2025-08-14 11:15:00+05:30,359.3,360.15,358.5,359.1,63006,BIOCON
3884,2025-08-14 11:30:00+05:30,359.1,359.8,358.75,359.15,19958,BIOCON
3885,2025-08-14 11:45:00+05:30,359.15,359.45,358.65,359.0,18096,BIOCON
3886,2025-08-14 12:00:00+05:30,359.0,359.4,358.5,358.8,31495,BIOCON
3887,2025-08-14 12:15:00+05:30,358.8,359.0,358.15,358.9,36090,BIOCON
3888,2025-08-14 12:30:00+05:30,359.0,359.1,358.2,358.65,10712,BIOCON
3889,2025-08-14 12:45:00+05:30,358.6,359.3,358.3,358.8,16223,BIOCON
3890,2025-08-14 13:00:00+05:30,358.8,360.3,358.5,359.6,61333,BIOCON
3891,2025-08-14 13:15:00+05:30,359.6,359.8,358.6,359.05,16941,BIOCON
3892,2025-08-14 13:30:00+05:30,358.8,360.75,358.75,360.3,31446,BIOCON
3893,2025-08-14 13:45:00+05:30,360.4,361.95,360.0,361.45,87795,BIOCON
3894,2025-08-14 14:00:00+05:30,361.45,361.8,360.45,360.8,28257,BIOCON
3895,2025-08-14 14:15:00+05:30,360.8,360.95,359.65,360.05,48795,BIOCON
3896,2025-08-14 14:30:00+05:30,360.05,360.6,359.45,360.4,19705,BIOCON
3897,2025-08-14 14:45:00+05:30,360.3,360.7,359.9,360.1,23611,BIOCON
3898,2025-08-14 15:00:00+05:30,360.25,360.4,358.4,359.6,324414,BIOCON
3899,2025-08-14 15:15:00+05:30,359.6,359.9,358.75,359.1,333253,BIOCON
3900,2025-08-18 09:15:00+05:30,363.0,363.0,359.9,362.2,233071,BIOCON
3901,2025-08-18 09:30:00+05:30,362.25,363.4,361.7,363.4,82728,BIOCON
3902,2025-08-18 09:45:00+05:30,363.4,364.0,362.9,363.2,80926,BIOCON
3903,2025-08-18 10:00:00+05:30,363.2,364.15,363.05,363.7,58228,BIOCON
3904,2025-08-18 10:15:00+05:30,363.65,363.95,363.15,363.75,39113,BIOCON
3905,2025-08-18 10:30:00+05:30,363.75,364.2,363.5,363.65,42008,BIOCON
3906,2025-08-18 10:45:00+05:30,363.65,364.1,363.25,363.45,34892,BIOCON
3907,2025-08-18 11:00:00+05:30,363.45,363.75,363.25,363.45,22904,BIOCON
3908,2025-08-18 11:15:00+05:30,363.45,363.45,362.0,362.0,72074,BIOCON
3909,2025-08-18 11:30:00+05:30,362.15,362.35,360.35,361.1,144493,BIOCON
3910,2025-08-18 11:45:00+05:30,361.25,361.95,361.0,361.55,63355,BIOCON
3911,2025-08-18 12:00:00+05:30,361.4,362.75,361.15,362.75,49587,BIOCON
3912,2025-08-18 12:15:00+05:30,362.75,365.9,362.65,365.4,285941,BIOCON
3913,2025-08-18 12:30:00+05:30,365.4,366.35,364.8,366.25,129746,BIOCON
3914,2025-08-18 12:45:00+05:30,366.2,366.3,365.55,366.0,93194,BIOCON
3915,2025-08-18 13:00:00+05:30,365.9,366.2,364.4,364.45,113615,BIOCON
3916,2025-08-18 13:15:00+05:30,364.35,364.7,363.4,364.1,51093,BIOCON
3917,2025-08-18 13:30:00+05:30,364.2,364.5,364.0,364.15,22685,BIOCON
3918,2025-08-18 13:45:00+05:30,364.15,364.45,364.0,364.3,29882,BIOCON
3919,2025-08-18 14:00:00+05:30,364.3,365.45,364.0,365.1,105452,BIOCON
3920,2025-08-18 14:15:00+05:30,365.0,365.3,365.0,365.25,26007,BIOCON
3921,2025-08-18 14:30:00+05:30,365.3,365.55,365.0,365.35,42391,BIOCON
3922,2025-08-18 14:45:00+05:30,365.3,365.7,364.85,365.4,55426,BIOCON
3923,2025-08-18 15:00:00+05:30,365.4,365.4,364.0,364.25,141869,BIOCON
3924,2025-08-18 15:15:00+05:30,364.35,364.35,363.4,363.9,122830,BIOCON
3925,2025-08-19 09:15:00+05:30,366.5,366.5,362.4,363.05,90152,BIOCON
3926,2025-08-19 09:30:00+05:30,363.15,363.15,361.5,361.8,80670,BIOCON
3927,2025-08-19 09:45:00+05:30,361.8,363.5,361.8,363.25,38454,BIOCON
3928,2025-08-19 10:00:00+05:30,363.15,365.4,363.15,365.25,65535,BIOCON
3929,2025-08-19 10:15:00+05:30,365.3,365.6,364.65,364.8,30617,BIOCON
3930,2025-08-19 10:30:00+05:30,364.95,365.8,364.8,365.25,19621,BIOCON
3931,2025-08-19 10:45:00+05:30,365.4,366.25,364.6,364.8,31984,BIOCON
3932,2025-08-19 11:00:00+05:30,364.75,365.4,364.45,364.7,16344,BIOCON
3933,2025-08-19 11:15:00+05:30,364.95,365.0,363.65,364.65,39874,BIOCON
3934,2025-08-19 11:30:00+05:30,364.8,365.75,363.05,363.25,86517,BIOCON
3935,2025-08-19 11:45:00+05:30,363.45,364.2,363.4,363.9,21855,BIOCON
3936,2025-08-19 12:00:00+05:30,363.9,364.05,362.5,362.7,40760,BIOCON
3937,2025-08-19 12:15:00+05:30,362.55,363.95,362.55,363.35,25681,BIOCON
3938,2025-08-19 12:30:00+05:30,363.3,364.35,363.3,364.0,28060,BIOCON
3939,2025-08-19 12:45:00+05:30,364.0,364.2,363.65,363.85,18119,BIOCON
3940,2025-08-19 13:00:00+05:30,363.85,364.1,363.6,363.95,7453,BIOCON
3941,2025-08-19 13:15:00+05:30,363.95,364.4,363.8,364.3,6295,BIOCON
3942,2025-08-19 13:30:00+05:30,364.3,364.5,364.05,364.35,36035,BIOCON
3943,2025-08-19 13:45:00+05:30,364.35,364.85,363.65,363.95,31254,BIOCON
3944,2025-08-19 14:00:00+05:30,364.0,364.2,363.2,363.8,18293,BIOCON
3945,2025-08-19 14:15:00+05:30,363.75,364.5,363.45,364.15,16651,BIOCON
3946,2025-08-19 14:30:00+05:30,364.15,364.55,363.7,364.5,23822,BIOCON
3947,2025-08-19 14:45:00+05:30,364.5,364.55,363.45,364.0,51851,BIOCON
3948,2025-08-19 15:00:00+05:30,364.0,364.55,363.8,363.95,100502,BIOCON
3949,2025-08-19 15:15:00+05:30,363.95,364.15,363.05,363.2,98244,BIOCON
3950,2025-08-20 09:15:00+05:30,363.85,365.05,360.8,360.85,116293,BIOCON
3951,2025-08-20 09:30:00+05:30,360.85,360.95,359.05,359.5,88584,BIOCON
3952,2025-08-20 09:45:00+05:30,359.5,360.75,358.5,359.1,87344,BIOCON
3953,2025-08-20 10:00:00+05:30,359.1,359.65,358.3,359.45,56220,BIOCON
3954,2025-08-20 10:15:00+05:30,359.4,359.45,358.95,359.25,26775,BIOCON
3955,2025-08-20 10:30:00+05:30,359.25,361.85,359.1,360.7,70091,BIOCON
3956,2025-08-20 10:45:00+05:30,360.7,361.1,360.0,360.8,39942,BIOCON
3957,2025-08-20 11:00:00+05:30,360.8,361.35,360.1,361.25,21484,BIOCON
3958,2025-08-20 11:15:00+05:30,361.25,361.45,360.65,361.3,23340,BIOCON
3959,2025-08-20 11:30:00+05:30,361.3,361.75,360.45,360.45,36809,BIOCON
3960,2025-08-20 11:45:00+05:30,360.55,360.75,359.7,359.9,29421,BIOCON
3961,2025-08-20 12:00:00+05:30,359.95,360.0,359.35,359.65,19781,BIOCON
3962,2025-08-20 12:15:00+05:30,359.55,360.9,359.55,360.8,33816,BIOCON
3963,2025-08-20 12:30:00+05:30,360.8,361.35,360.3,360.45,21366,BIOCON
3964,2025-08-20 12:45:00+05:30,360.65,361.05,360.45,360.85,10010,BIOCON
3965,2025-08-20 13:00:00+05:30,361.0,361.35,360.7,360.75,27570,BIOCON
3966,2025-08-20 13:15:00+05:30,360.9,360.95,359.75,360.0,10963,BIOCON
3967,2025-08-20 13:30:00+05:30,359.85,360.55,359.85,360.5,21378,BIOCON
3968,2025-08-20 13:45:00+05:30,360.5,360.7,360.45,360.55,5420,BIOCON
3969,2025-08-20 14:00:00+05:30,360.5,360.7,359.75,359.85,22506,BIOCON
3970,2025-08-20 14:15:00+05:30,359.85,360.0,359.5,359.55,19300,BIOCON
3971,2025-08-20 14:30:00+05:30,359.55,360.15,359.5,360.15,11048,BIOCON
3972,2025-08-20 14:45:00+05:30,360.0,360.15,359.2,359.55,31354,BIOCON
3973,2025-08-20 15:00:00+05:30,359.75,359.85,359.05,359.65,53903,BIOCON
3974,2025-08-20 15:15:00+05:30,359.6,360.05,359.05,359.95,113629,BIOCON
3975,2025-08-21 09:15:00+05:30,360.0,360.95,355.85,356.8,180029,BIOCON
3976,2025-08-21 09:30:00+05:30,356.5,357.05,354.8,354.95,83103,BIOCON
3977,2025-08-21 09:45:00+05:30,354.95,356.7,354.95,356.65,43015,BIOCON
3978,2025-08-21 10:00:00+05:30,356.7,357.6,356.6,357.1,36579,BIOCON
3979,2025-08-21 10:15:00+05:30,357.1,357.5,356.35,357.2,25718,BIOCON
3980,2025-08-21 10:30:00+05:30,357.0,357.45,356.8,357.1,23953,BIOCON
3981,2025-08-21 10:45:00+05:30,357.1,361.45,357.1,359.15,667090,BIOCON
3982,2025-08-21 11:00:00+05:30,359.25,361.0,359.15,360.5,169761,BIOCON
3983,2025-08-21 11:15:00+05:30,360.5,360.6,359.35,359.75,48037,BIOCON
3984,2025-08-21 11:30:00+05:30,359.65,360.6,358.0,360.55,264131,BIOCON
3985,2025-08-21 11:45:00+05:30,360.45,360.95,359.35,359.9,37735,BIOCON
3986,2025-08-21 12:00:00+05:30,359.9,359.9,359.1,359.35,20677,BIOCON
3987,2025-08-21 12:15:00+05:30,359.3,359.65,358.05,358.4,57098,BIOCON
3988,2025-08-21 12:30:00+05:30,358.45,359.15,358.25,359.05,32759,BIOCON
3989,2025-08-21 12:45:00+05:30,359.15,359.3,358.55,359.25,12965,BIOCON
3990,2025-08-21 13:00:00+05:30,359.25,359.3,358.5,358.65,16340,BIOCON
3991,2025-08-21 13:15:00+05:30,358.55,358.65,357.75,357.9,28171,BIOCON
3992,2025-08-21 13:30:00+05:30,357.9,358.45,357.2,358.45,58522,BIOCON
3993,2025-08-21 13:45:00+05:30,358.3,358.8,358.25,358.75,18844,BIOCON
3994,2025-08-21 14:00:00+05:30,358.75,359.55,358.4,359.3,24665,BIOCON
3995,2025-08-21 14:15:00+05:30,359.3,359.7,359.25,359.45,25579,BIOCON
3996,2025-08-21 14:30:00+05:30,359.45,359.55,358.4,358.55,28983,BIOCON
3997,2025-08-21 14:45:00+05:30,358.55,358.65,358.05,358.5,153843,BIOCON
3998,2025-08-21 15:00:00+05:30,358.65,358.65,357.55,358.1,64629,BIOCON
3999,2025-08-21 15:15:00+05:30,358.15,358.2,357.05,357.8,135252,BIOCON
4000,2025-08-22 09:15:00+05:30,356.35,361.5,356.35,358.8,132521,BIOCON
4001,2025-08-22 09:30:00+05:30,358.8,359.95,358.1,359.2,121391,BIOCON
4002,2025-08-22 09:45:00+05:30,359.4,360.0,357.75,358.0,49219,BIOCON
4003,2025-08-22 10:00:00+05:30,358.0,358.9,357.65,358.65,25277,BIOCON
4004,2025-08-22 10:15:00+05:30,358.55,359.25,357.5,359.25,28176,BIOCON
4005,2025-08-22 10:30:00+05:30,359.25,359.3,357.3,357.65,27932,BIOCON
4006,2025-08-22 10:45:00+05:30,357.65,358.9,357.35,358.4,15173,BIOCON
4007,2025-08-22 11:00:00+05:30,358.4,359.55,358.1,358.65,27160,BIOCON
4008,2025-08-22 11:15:00+05:30,358.65,358.8,358.2,358.75,8845,BIOCON
4009,2025-08-22 11:30:00+05:30,358.8,359.5,358.75,359.3,12337,BIOCON
4010,2025-08-22 11:45:00+05:30,359.45,359.95,359.45,359.8,18124,BIOCON
4011,2025-08-22 12:00:00+05:30,359.9,359.9,358.3,358.7,19626,BIOCON
4012,2025-08-22 12:15:00+05:30,358.8,358.8,358.1,358.75,10601,BIOCON
4013,2025-08-22 12:30:00+05:30,358.9,359.15,358.05,358.4,10235,BIOCON
4014,2025-08-22 12:45:00+05:30,358.4,359.0,358.2,358.6,12836,BIOCON
4015,2025-08-22 13:00:00+05:30,358.7,359.25,358.6,359.2,12650,BIOCON
4016,2025-08-22 13:15:00+05:30,359.2,359.9,359.15,359.8,14672,BIOCON
4017,2025-08-22 13:30:00+05:30,359.85,360.3,359.75,360.05,18231,BIOCON
4018,2025-08-22 13:45:00+05:30,360.05,360.75,359.65,360.25,20688,BIOCON
4019,2025-08-22 14:00:00+05:30,360.35,360.55,359.05,359.5,27092,BIOCON
4020,2025-08-22 14:15:00+05:30,359.5,359.65,358.8,358.95,25173,BIOCON
4021,2025-08-22 14:30:00+05:30,359.0,360.45,359.0,360.45,42250,BIOCON
4022,2025-08-22 14:45:00+05:30,360.3,360.65,359.9,360.0,91605,BIOCON
4023,2025-08-22 15:00:00+05:30,360.05,360.05,358.85,359.4,131734,BIOCON
4024,2025-08-22 15:15:00+05:30,359.6,359.75,358.65,358.65,119032,BIOCON
4025,2025-08-25 09:15:00+05:30,361.15,362.6,358.2,359.2,140585,BIOCON
4026,2025-08-25 09:30:00+05:30,359.2,361.0,358.7,360.7,77611,BIOCON
4027,2025-08-25 09:45:00+05:30,360.7,363.2,360.65,363.2,82192,BIOCON
4028,2025-08-25 10:00:00+05:30,363.15,363.7,361.05,361.4,50276,BIOCON
4029,2025-08-25 10:15:00+05:30,361.4,362.9,361.1,362.8,26037,BIOCON
4030,2025-08-25 10:30:00+05:30,362.8,363.35,362.6,363.2,40049,BIOCON
4031,2025-08-25 10:45:00+05:30,363.2,363.2,362.1,362.4,31419,BIOCON
4032,2025-08-25 11:00:00+05:30,362.3,362.65,361.85,362.65,15616,BIOCON
4033,2025-08-25 11:15:00+05:30,362.65,362.65,361.5,361.55,16287,BIOCON
4034,2025-08-25 11:30:00+05:30,361.55,361.55,361.05,361.15,16366,BIOCON
4035,2025-08-25 11:45:00+05:30,361.45,361.8,361.3,361.8,11381,BIOCON
4036,2025-08-25 12:00:00+05:30,361.65,361.8,360.5,360.55,25149,BIOCON
4037,2025-08-25 12:15:00+05:30,360.8,361.25,360.5,361.0,34268,BIOCON
4038,2025-08-25 12:30:00+05:30,361.0,361.0,360.3,360.6,12379,BIOCON
4039,2025-08-25 12:45:00+05:30,360.6,361.7,360.15,361.3,39260,BIOCON
4040,2025-08-25 13:00:00+05:30,361.3,361.75,361.0,361.55,9034,BIOCON
4041,2025-08-25 13:15:00+05:30,361.75,362.35,361.45,361.45,25518,BIOCON
4042,2025-08-25 13:30:00+05:30,361.45,361.75,360.8,361.1,10053,BIOCON
4043,2025-08-25 13:45:00+05:30,361.05,361.65,360.85,361.6,17888,BIOCON
4044,2025-08-25 14:00:00+05:30,361.45,361.7,361.1,361.25,6162,BIOCON
4045,2025-08-25 14:15:00+05:30,361.25,361.45,360.15,360.65,16562,BIOCON
4046,2025-08-25 14:30:00+05:30,360.8,361.25,360.4,360.95,12584,BIOCON
4047,2025-08-25 14:45:00+05:30,360.95,361.25,360.55,360.65,25315,BIOCON
4048,2025-08-25 15:00:00+05:30,360.8,360.8,359.5,359.65,68614,BIOCON
4049,2025-08-25 15:15:00+05:30,359.65,360.8,359.2,360.25,121801,BIOCON
4050,2025-08-26 09:15:00+05:30,358.95,360.8,355.6,357.1,240630,BIOCON
4051,2025-08-26 09:30:00+05:30,357.05,357.3,356.4,357.0,492270,BIOCON
4052,2025-08-26 09:45:00+05:30,357.0,360.15,356.7,359.8,156761,BIOCON
4053,2025-08-26 10:00:00+05:30,360.05,360.1,357.95,359.2,111237,BIOCON
4054,2025-08-26 10:15:00+05:30,359.0,359.95,358.6,359.8,214922,BIOCON
4055,2025-08-26 10:30:00+05:30,359.9,360.35,359.25,359.55,165293,BIOCON
4056,2025-08-26 10:45:00+05:30,359.55,360.45,359.45,360.2,121640,BIOCON
4057,2025-08-26 11:00:00+05:30,360.35,361.45,360.0,360.2,165630,BIOCON
4058,2025-08-26 11:15:00+05:30,360.2,361.4,360.0,361.1,55312,BIOCON
4059,2025-08-26 11:30:00+05:30,361.15,362.1,360.35,360.4,173033,BIOCON
4060,2025-08-26 11:45:00+05:30,360.4,361.15,360.0,360.9,63881,BIOCON
4061,2025-08-26 12:00:00+05:30,361.1,361.3,360.05,360.4,57578,BIOCON
4062,2025-08-26 12:15:00+05:30,360.3,361.25,360.0,360.45,86497,BIOCON
4063,2025-08-26 12:30:00+05:30,360.4,361.0,360.0,360.35,32417,BIOCON
4064,2025-08-26 12:45:00+05:30,360.2,361.0,360.0,360.55,74725,BIOCON
4065,2025-08-26 13:00:00+05:30,360.55,360.65,360.0,360.5,45777,BIOCON
4066,2025-08-26 13:15:00+05:30,360.5,361.35,360.25,361.35,52833,BIOCON
4067,2025-08-26 13:30:00+05:30,361.35,362.25,361.25,362.05,75315,BIOCON
4068,2025-08-26 13:45:00+05:30,362.1,363.0,361.9,362.95,67171,BIOCON
4069,2025-08-26 14:00:00+05:30,362.85,363.3,362.35,362.45,64737,BIOCON
4070,2025-08-26 14:15:00+05:30,362.55,362.6,361.8,362.05,77263,BIOCON
4071,2025-08-26 14:30:00+05:30,362.1,362.35,361.6,362.0,86954,BIOCON
4072,2025-08-26 14:45:00+05:30,362.05,362.05,359.45,359.8,755299,BIOCON
4073,2025-08-26 15:00:00+05:30,359.8,360.0,358.7,358.85,263130,BIOCON
4074,2025-08-26 15:15:00+05:30,358.9,358.95,356.95,357.05,515467,BIOCON
4075,2025-08-28 09:15:00+05:30,361.0,362.65,356.7,357.35,369819,BIOCON
4076,2025-08-28 09:30:00+05:30,357.35,360.75,357.15,360.2,168505,BIOCON
4077,2025-08-28 09:45:00+05:30,360.1,360.15,357.8,358.75,185140,BIOCON
4078,2025-08-28 10:00:00+05:30,358.75,359.2,357.6,358.25,67094,BIOCON
4079,2025-08-28 10:15:00+05:30,358.4,360.5,358.25,360.2,127373,BIOCON
4080,2025-08-28 10:30:00+05:30,360.25,361.25,360.0,360.2,68451,BIOCON
4081,2025-08-28 10:45:00+05:30,360.2,360.9,359.65,360.65,51557,BIOCON
4082,2025-08-28 11:00:00+05:30,360.7,361.05,359.25,360.9,173941,BIOCON
4083,2025-08-28 11:15:00+05:30,360.85,360.9,359.75,359.85,48949,BIOCON
4084,2025-08-28 11:30:00+05:30,360.05,361.0,359.5,360.3,151586,BIOCON
4085,2025-08-28 11:45:00+05:30,360.35,360.35,359.25,359.75,48810,BIOCON
4086,2025-08-28 12:00:00+05:30,359.7,360.6,359.6,360.3,54758,BIOCON
4087,2025-08-28 12:15:00+05:30,360.35,360.55,359.35,359.5,28332,BIOCON
4088,2025-08-28 12:30:00+05:30,359.45,359.5,358.1,358.1,97891,BIOCON
4089,2025-08-28 12:45:00+05:30,358.1,358.5,357.7,357.9,34214,BIOCON
4090,2025-08-28 13:00:00+05:30,357.85,357.9,356.5,356.75,45498,BIOCON
4091,2025-08-28 13:15:00+05:30,356.7,357.3,356.1,356.2,28010,BIOCON
4092,2025-08-28 13:30:00+05:30,356.25,356.65,355.6,355.85,61551,BIOCON
4093,2025-08-28 13:45:00+05:30,355.9,356.0,355.35,355.45,37277,BIOCON
4094,2025-08-28 14:00:00+05:30,355.4,356.35,354.65,355.95,68114,BIOCON
4095,2025-08-28 14:15:00+05:30,355.9,356.2,355.3,355.6,33890,BIOCON
4096,2025-08-28 14:30:00+05:30,355.55,355.6,354.35,355.2,67298,BIOCON
4097,2025-08-28 14:45:00+05:30,355.2,355.2,354.1,354.1,95489,BIOCON
4098,2025-08-28 15:00:00+05:30,354.2,354.75,353.35,353.5,175375,BIOCON
4099,2025-08-28 15:15:00+05:30,353.5,353.6,350.9,352.0,220239,BIOCON
4100,2025-08-29 09:15:00+05:30,353.25,356.1,351.9,355.35,129194,BIOCON
4101,2025-08-29 09:30:00+05:30,355.3,355.8,353.7,354.0,64431,BIOCON
4102,2025-08-29 09:45:00+05:30,353.85,354.0,350.95,351.6,111409,BIOCON
4103,2025-08-29 10:00:00+05:30,351.6,351.7,350.1,350.3,76022,BIOCON
4104,2025-08-29 10:15:00+05:30,350.3,350.4,349.35,349.55,120782,BIOCON
4105,2025-08-29 10:30:00+05:30,349.6,353.0,349.5,352.75,143946,BIOCON
4106,2025-08-29 10:45:00+05:30,352.7,353.0,350.75,351.05,129054,BIOCON
4107,2025-08-29 11:00:00+05:30,351.15,353.2,350.65,353.2,158809,BIOCON
4108,2025-08-29 11:15:00+05:30,353.2,353.35,351.5,352.8,35733,BIOCON
4109,2025-08-29 11:30:00+05:30,352.9,353.45,352.65,353.2,23726,BIOCON
4110,2025-08-29 11:45:00+05:30,353.2,353.4,352.0,352.0,29387,BIOCON
4111,2025-08-29 12:00:00+05:30,352.1,352.55,351.4,352.4,24168,BIOCON
4112,2025-08-29 12:15:00+05:30,352.4,352.65,351.75,351.8,26454,BIOCON
4113,2025-08-29 12:30:00+05:30,351.8,352.5,351.6,352.2,50906,BIOCON
4114,2025-08-29 12:45:00+05:30,352.2,352.35,351.25,351.3,27962,BIOCON
4115,2025-08-29 13:00:00+05:30,351.3,351.3,350.05,350.15,56942,BIOCON
4116,2025-08-29 13:15:00+05:30,350.15,351.25,350.15,350.85,21507,BIOCON
4117,2025-08-29 13:30:00+05:30,350.9,351.6,350.8,351.0,61427,BIOCON
4118,2025-08-29 13:45:00+05:30,351.0,351.5,350.15,350.2,28124,BIOCON
4119,2025-08-29 14:00:00+05:30,350.3,350.9,349.5,350.75,36731,BIOCON
4120,2025-08-29 14:15:00+05:30,350.75,350.75,349.55,349.7,55400,BIOCON
4121,2025-08-29 14:30:00+05:30,349.7,350.25,349.55,349.6,25629,BIOCON
4122,2025-08-29 14:45:00+05:30,349.55,349.8,349.1,349.8,39965,BIOCON
4123,2025-08-29 15:00:00+05:30,349.8,349.8,347.7,347.9,139081,BIOCON
4124,2025-08-29 15:15:00+05:30,347.9,348.7,347.15,347.35,193199,BIOCON
4125,2025-09-01 09:15:00+05:30,349.0,351.3,348.45,350.9,77350,BIOCON
4126,2025-09-01 09:30:00+05:30,350.85,351.85,350.45,351.85,28036,BIOCON
4127,2025-09-01 09:45:00+05:30,351.85,353.25,351.5,351.55,79225,BIOCON
4128,2025-09-01 10:00:00+05:30,351.55,351.75,350.5,350.95,75881,BIOCON
4129,2025-09-01 10:15:00+05:30,350.95,351.4,349.95,350.55,41710,BIOCON
4130,2025-09-01 10:30:00+05:30,350.5,350.55,350.2,350.5,19845,BIOCON
4131,2025-09-01 10:45:00+05:30,350.45,350.45,348.35,349.4,51829,BIOCON
4132,2025-09-01 11:00:00+05:30,349.35,349.65,348.5,349.25,44132,BIOCON
4133,2025-09-01 11:15:00+05:30,349.3,349.3,348.55,348.85,45351,BIOCON
4134,2025-09-01 11:30:00+05:30,348.85,349.0,348.3,348.3,31217,BIOCON
4135,2025-09-01 11:45:00+05:30,348.3,348.45,346.8,346.8,65156,BIOCON
4136,2025-09-01 12:00:00+05:30,346.8,347.85,346.8,347.1,78016,BIOCON
4137,2025-09-01 12:15:00+05:30,347.2,347.4,346.8,347.15,24145,BIOCON
4138,2025-09-01 12:30:00+05:30,347.2,349.5,346.8,349.1,58103,BIOCON
4139,2025-09-01 12:45:00+05:30,349.2,349.2,348.15,348.5,47389,BIOCON
4140,2025-09-01 13:00:00+05:30,348.65,349.5,348.2,349.4,52381,BIOCON
4141,2025-09-01 13:15:00+05:30,349.4,349.9,348.65,349.5,109383,BIOCON
4142,2025-09-01 13:30:00+05:30,349.6,352.3,349.5,352.0,197501,BIOCON
4143,2025-09-01 13:45:00+05:30,352.0,352.8,351.7,352.7,80250,BIOCON
4144,2025-09-01 14:00:00+05:30,352.7,353.25,352.45,353.1,40605,BIOCON
4145,2025-09-01 14:15:00+05:30,353.1,353.15,352.15,352.15,47070,BIOCON
4146,2025-09-01 14:30:00+05:30,352.2,353.0,352.2,353.0,31492,BIOCON
4147,2025-09-01 14:45:00+05:30,352.95,353.4,352.25,353.0,69062,BIOCON
4148,2025-09-01 15:00:00+05:30,352.95,353.1,352.2,352.7,83044,BIOCON
4149,2025-09-01 15:15:00+05:30,352.7,353.0,352.0,352.0,115808,BIOCON
4150,2025-09-02 09:15:00+05:30,353.4,354.1,349.7,350.15,154560,BIOCON
4151,2025-09-02 09:30:00+05:30,350.4,351.9,350.0,351.8,66536,BIOCON
4152,2025-09-02 09:45:00+05:30,351.65,352.3,351.2,351.9,58116,BIOCON
4153,2025-09-02 10:00:00+05:30,352.0,352.2,351.6,351.85,32786,BIOCON
4154,2025-09-02 10:15:00+05:30,352.1,353.25,351.85,353.0,25420,BIOCON
4155,2025-09-02 10:30:00+05:30,353.0,353.85,352.25,352.3,29368,BIOCON
4156,2025-09-02 10:45:00+05:30,352.35,352.45,351.2,351.8,32845,BIOCON
4157,2025-09-02 11:00:00+05:30,351.75,352.0,351.25,351.3,23712,BIOCON
4158,2025-09-02 11:15:00+05:30,351.3,351.5,350.6,350.85,21027,BIOCON
4159,2025-09-02 11:30:00+05:30,350.85,352.6,350.85,351.9,464995,BIOCON
4160,2025-09-02 11:45:00+05:30,351.9,352.2,351.0,351.55,27395,BIOCON
4161,2025-09-02 12:00:00+05:30,351.55,351.8,351.05,351.35,12421,BIOCON
4162,2025-09-02 12:15:00+05:30,351.35,351.9,351.05,351.6,24322,BIOCON
4163,2025-09-02 12:30:00+05:30,351.6,351.85,351.0,351.15,28550,BIOCON
4164,2025-09-02 12:45:00+05:30,351.15,351.35,350.9,351.0,16593,BIOCON
4165,2025-09-02 13:00:00+05:30,351.15,351.45,350.95,351.05,19109,BIOCON
4166,2025-09-02 13:15:00+05:30,351.2,351.2,349.5,349.55,56897,BIOCON
4167,2025-09-02 13:30:00+05:30,349.6,353.1,349.3,352.0,238874,BIOCON
4168,2025-09-02 13:45:00+05:30,352.1,352.5,351.85,352.0,108334,BIOCON
4169,2025-09-02 14:00:00+05:30,352.0,353.6,351.8,353.25,134314,BIOCON
4170,2025-09-02 14:15:00+05:30,353.25,353.45,352.4,352.9,59415,BIOCON
4171,2025-09-02 14:30:00+05:30,352.75,355.1,352.65,355.0,102429,BIOCON
4172,2025-09-02 14:45:00+05:30,355.05,356.1,354.95,355.25,136270,BIOCON
4173,2025-09-02 15:00:00+05:30,355.25,357.0,355.15,356.15,695213,BIOCON
4174,2025-09-02 15:15:00+05:30,356.2,356.4,353.9,354.3,479718,BIOCON
4175,2025-09-03 09:15:00+05:30,355.5,356.4,353.85,354.75,102205,BIOCON
4176,2025-09-03 09:30:00+05:30,354.85,356.05,354.3,355.55,81087,BIOCON
4177,2025-09-03 09:45:00+05:30,355.85,357.5,355.25,357.4,83740,BIOCON
4178,2025-09-03 10:00:00+05:30,357.45,358.7,357.4,357.8,89562,BIOCON
4179,2025-09-03 10:15:00+05:30,357.55,357.95,356.85,357.1,30904,BIOCON
4180,2025-09-03 10:30:00+05:30,357.0,357.45,356.05,356.3,25933,BIOCON
4181,2025-09-03 10:45:00+05:30,356.3,356.9,355.8,356.85,22409,BIOCON
4182,2025-09-03 11:00:00+05:30,356.7,362.0,356.7,361.85,398836,BIOCON
4183,2025-09-03 11:15:00+05:30,361.85,363.5,361.75,362.55,257102,BIOCON
4184,2025-09-03 11:30:00+05:30,362.7,362.95,361.85,362.75,46966,BIOCON
4185,2025-09-03 11:45:00+05:30,362.75,362.95,362.3,362.35,42452,BIOCON
4186,2025-09-03 12:00:00+05:30,362.3,362.5,361.6,362.1,117006,BIOCON
4187,2025-09-03 12:15:00+05:30,362.1,362.35,361.2,361.25,45618,BIOCON
4188,2025-09-03 12:30:00+05:30,361.25,361.5,361.2,361.45,24909,BIOCON
4189,2025-09-03 12:45:00+05:30,361.5,361.5,360.05,360.25,47239,BIOCON
4190,2025-09-03 13:00:00+05:30,360.25,361.4,359.6,361.3,103077,BIOCON
4191,2025-09-03 13:15:00+05:30,361.3,362.05,360.5,360.7,40953,BIOCON
4192,2025-09-03 13:30:00+05:30,360.7,360.9,360.05,360.85,38773,BIOCON
4193,2025-09-03 13:45:00+05:30,360.8,360.9,360.1,360.6,33512,BIOCON
4194,2025-09-03 14:00:00+05:30,360.6,363.0,360.05,361.9,169409,BIOCON
4195,2025-09-03 14:15:00+05:30,362.1,362.65,361.55,362.05,60323,BIOCON
4196,2025-09-03 14:30:00+05:30,362.05,362.35,360.6,360.95,81892,BIOCON
4197,2025-09-03 14:45:00+05:30,360.95,362.65,360.75,362.0,157054,BIOCON
4198,2025-09-03 15:00:00+05:30,361.95,362.5,361.05,361.55,287693,BIOCON
4199,2025-09-03 15:15:00+05:30,361.5,361.75,360.2,360.95,243453,BIOCON
4200,2025-09-04 09:15:00+05:30,364.5,364.55,359.55,360.4,111407,BIOCON
4201,2025-09-04 09:30:00+05:30,360.4,361.5,360.1,360.6,56599,BIOCON
4202,2025-09-04 09:45:00+05:30,360.6,362.6,360.6,362.4,54249,BIOCON
4203,2025-09-04 10:00:00+05:30,362.45,362.45,360.6,360.75,57163,BIOCON
4204,2025-09-04 10:15:00+05:30,360.75,361.9,360.3,360.8,29058,BIOCON
4205,2025-09-04 10:30:00+05:30,360.8,361.25,360.05,360.2,23281,BIOCON
4206,2025-09-04 10:45:00+05:30,360.2,361.4,360.1,360.6,51132,BIOCON
4207,2025-09-04 11:00:00+05:30,360.8,361.2,359.45,359.75,53676,BIOCON
4208,2025-09-04 11:15:00+05:30,359.75,359.75,358.55,359.3,43256,BIOCON
4209,2025-09-04 11:30:00+05:30,359.3,359.85,358.85,359.4,40179,BIOCON
4210,2025-09-04 11:45:00+05:30,359.3,359.95,358.75,358.75,28654,BIOCON
4211,2025-09-04 12:00:00+05:30,358.8,358.8,357.6,357.65,39965,BIOCON
4212,2025-09-04 12:15:00+05:30,357.75,358.75,357.5,358.6,33475,BIOCON
4213,2025-09-04 12:30:00+05:30,358.75,359.75,358.6,359.6,16076,BIOCON
4214,2025-09-04 12:45:00+05:30,359.7,360.2,359.6,359.95,16843,BIOCON
4215,2025-09-04 13:00:00+05:30,359.95,360.0,358.2,358.2,31242,BIOCON
4216,2025-09-04 13:15:00+05:30,358.2,358.4,357.6,357.9,25208,BIOCON
4217,2025-09-04 13:30:00+05:30,357.9,358.35,357.05,357.15,48296,BIOCON
4218,2025-09-04 13:45:00+05:30,357.1,357.8,356.6,357.0,50668,BIOCON
4219,2025-09-04 14:00:00+05:30,357.0,357.7,356.8,357.15,25407,BIOCON
4220,2025-09-04 14:15:00+05:30,357.0,357.2,355.0,355.9,100148,BIOCON
4221,2025-09-04 14:30:00+05:30,355.95,358.0,355.8,357.9,58754,BIOCON
4222,2025-09-04 14:45:00+05:30,357.85,358.0,356.75,356.8,24902,BIOCON
4223,2025-09-04 15:00:00+05:30,356.9,357.35,355.95,356.35,69967,BIOCON
4224,2025-09-04 15:15:00+05:30,356.3,357.95,355.85,357.5,113855,BIOCON
4225,2025-09-05 09:15:00+05:30,354.0,362.15,354.0,362.15,428489,BIOCON
4226,2025-09-05 09:30:00+05:30,362.0,362.95,361.2,362.0,230803,BIOCON
4227,2025-09-05 09:45:00+05:30,362.15,363.6,361.85,363.3,118115,BIOCON
4228,2025-09-05 10:00:00+05:30,363.35,364.8,361.5,361.8,193540,BIOCON
4229,2025-09-05 10:15:00+05:30,361.8,362.7,360.7,362.1,112306,BIOCON
4230,2025-09-05 10:30:00+05:30,362.15,362.55,361.3,361.6,73002,BIOCON
4231,2025-09-05 10:45:00+05:30,361.8,361.8,360.2,360.85,84737,BIOCON
4232,2025-09-05 11:00:00+05:30,361.0,363.5,360.65,363.0,77735,BIOCON
4233,2025-09-05 11:15:00+05:30,363.1,363.2,362.05,362.95,33387,BIOCON
4234,2025-09-05 11:30:00+05:30,363.0,363.5,362.45,362.6,42169,BIOCON
4235,2025-09-05 11:45:00+05:30,362.6,362.6,361.65,362.3,32688,BIOCON
4236,2025-09-05 12:00:00+05:30,362.4,362.5,361.2,361.35,21083,BIOCON
4237,2025-09-05 12:15:00+05:30,361.4,361.6,360.65,360.8,35957,BIOCON
4238,2025-09-05 12:30:00+05:30,360.85,361.5,360.7,361.05,29591,BIOCON
4239,2025-09-05 12:45:00+05:30,361.1,361.2,360.4,360.85,46228,BIOCON
4240,2025-09-05 13:00:00+05:30,360.95,361.85,360.6,361.55,53874,BIOCON
4241,2025-09-05 13:15:00+05:30,361.6,362.0,361.4,361.7,51088,BIOCON
4242,2025-09-05 13:30:00+05:30,361.8,362.15,361.55,361.75,37074,BIOCON
4243,2025-09-05 13:45:00+05:30,361.7,363.9,361.65,363.6,128926,BIOCON
4244,2025-09-05 14:00:00+05:30,363.75,364.2,363.25,363.75,49989,BIOCON
4245,2025-09-05 14:15:00+05:30,363.9,364.4,363.6,364.3,41152,BIOCON
4246,2025-09-05 14:30:00+05:30,364.25,364.5,363.5,363.55,39909,BIOCON
4247,2025-09-05 14:45:00+05:30,363.65,363.7,363.2,363.2,45220,BIOCON
4248,2025-09-05 15:00:00+05:30,363.4,364.25,362.9,364.15,176927,BIOCON
4249,2025-09-05 15:15:00+05:30,364.1,364.25,362.6,363.4,214981,BIOCON
4250,2025-09-08 09:15:00+05:30,364.0,365.0,362.5,364.15,81102,BIOCON
4251,2025-09-08 09:30:00+05:30,364.0,367.75,363.95,367.2,118392,BIOCON
4252,2025-09-08 09:45:00+05:30,367.0,367.85,365.55,365.95,107541,BIOCON
4253,2025-09-08 10:00:00+05:30,365.95,366.55,365.7,366.45,32132,BIOCON
4254,2025-09-08 10:15:00+05:30,366.45,367.3,366.3,366.9,38001,BIOCON
4255,2025-09-08 10:30:00+05:30,366.75,367.0,366.1,366.5,20289,BIOCON
4256,2025-09-08 10:45:00+05:30,366.4,366.7,366.0,366.1,23144,BIOCON
4257,2025-09-08 11:00:00+05:30,366.2,366.7,365.5,366.1,32554,BIOCON
4258,2025-09-08 11:15:00+05:30,366.1,366.7,366.0,366.65,16521,BIOCON
4259,2025-09-08 11:30:00+05:30,366.65,366.65,366.15,366.6,15832,BIOCON
4260,2025-09-08 11:45:00+05:30,366.45,366.6,365.5,365.65,13898,BIOCON
4261,2025-09-08 12:00:00+05:30,365.8,366.0,364.8,364.8,32404,BIOCON
4262,2025-09-08 12:15:00+05:30,364.8,365.75,364.65,365.5,26939,BIOCON
4263,2025-09-08 12:30:00+05:30,365.5,366.35,365.25,366.15,14640,BIOCON
4264,2025-09-08 12:45:00+05:30,366.15,366.95,365.6,365.75,79964,BIOCON
4265,2025-09-08 13:00:00+05:30,365.75,366.15,365.15,366.0,43386,BIOCON
4266,2025-09-08 13:15:00+05:30,365.95,366.05,365.0,365.4,14760,BIOCON
4267,2025-09-08 13:30:00+05:30,365.4,366.0,365.25,365.95,13226,BIOCON
4268,2025-09-08 13:45:00+05:30,365.95,366.0,364.85,365.5,63531,BIOCON
4269,2025-09-08 14:00:00+05:30,365.5,365.65,364.5,365.05,27880,BIOCON
4270,2025-09-08 14:15:00+05:30,365.2,365.85,364.8,365.75,11508,BIOCON
4271,2025-09-08 14:30:00+05:30,365.75,367.5,365.15,366.3,272754,BIOCON
4272,2025-09-08 14:45:00+05:30,366.3,366.5,364.95,364.95,58361,BIOCON
4273,2025-09-08 15:00:00+05:30,365.0,365.0,364.0,364.45,77266,BIOCON
4274,2025-09-08 15:15:00+05:30,364.45,365.5,363.15,363.25,111911,BIOCON
4275,2025-09-09 09:15:00+05:30,364.15,364.65,362.6,363.35,73810,BIOCON
4276,2025-09-09 09:30:00+05:30,363.4,363.5,361.3,363.35,43864,BIOCON
4277,2025-09-09 09:45:00+05:30,363.3,363.5,362.45,362.65,23800,BIOCON
4278,2025-09-09 10:00:00+05:30,362.6,364.45,362.55,364.1,27309,BIOCON
4279,2025-09-09 10:15:00+05:30,364.1,365.65,363.8,365.4,58490,BIOCON
4280,2025-09-09 10:30:00+05:30,365.4,365.95,365.0,365.35,45866,BIOCON
4281,2025-09-09 10:45:00+05:30,365.35,365.7,364.6,365.7,36395,BIOCON
4282,2025-09-09 11:00:00+05:30,365.7,366.05,365.55,366.0,22274,BIOCON
4283,2025-09-09 11:15:00+05:30,365.9,366.55,365.75,366.0,33766,BIOCON
4284,2025-09-09 11:30:00+05:30,365.95,366.2,365.5,365.85,17223,BIOCON
4285,2025-09-09 11:45:00+05:30,365.75,365.9,365.3,365.55,11978,BIOCON
4286,2025-09-09 12:00:00+05:30,365.5,365.55,364.95,365.2,15387,BIOCON
4287,2025-09-09 12:15:00+05:30,365.2,365.5,364.95,365.4,10408,BIOCON
4288,2025-09-09 12:30:00+05:30,365.3,365.9,364.9,365.8,21406,BIOCON
4289,2025-09-09 12:45:00+05:30,365.75,366.35,365.6,366.05,22208,BIOCON
4290,2025-09-09 13:00:00+05:30,366.0,366.15,365.8,366.0,11295,BIOCON
4291,2025-09-09 13:15:00+05:30,366.0,366.0,365.3,365.95,13525,BIOCON
4292,2025-09-09 13:30:00+05:30,365.85,366.0,365.45,365.7,14417,BIOCON
4293,2025-09-09 13:45:00+05:30,365.65,365.9,365.15,365.5,29003,BIOCON
4294,2025-09-09 14:00:00+05:30,365.4,365.75,365.0,365.7,18645,BIOCON
4295,2025-09-09 14:15:00+05:30,365.7,365.7,365.1,365.5,18611,BIOCON
4296,2025-09-09 14:30:00+05:30,365.45,365.6,364.45,365.15,27939,BIOCON
4297,2025-09-09 14:45:00+05:30,365.0,365.25,363.6,364.4,62337,BIOCON
4298,2025-09-09 15:00:00+05:30,364.3,364.75,364.15,364.55,75333,BIOCON
4299,2025-09-09 15:15:00+05:30,364.55,364.85,364.35,364.35,83371,BIOCON
4300,2025-09-10 09:15:00+05:30,366.0,368.1,364.85,366.25,136897,BIOCON
4301,2025-09-10 09:30:00+05:30,366.25,367.75,366.05,367.1,60644,BIOCON
4302,2025-09-10 09:45:00+05:30,367.2,367.4,365.95,366.2,62049,BIOCON
4303,2025-09-10 10:00:00+05:30,366.15,369.5,366.05,369.3,108815,BIOCON
4304,2025-09-10 10:15:00+05:30,369.3,370.8,368.5,368.95,180128,BIOCON
4305,2025-09-10 10:30:00+05:30,368.65,369.0,368.2,368.3,48785,BIOCON
4306,2025-09-10 10:45:00+05:30,368.4,368.95,367.05,368.75,58638,BIOCON
4307,2025-09-10 11:00:00+05:30,368.95,369.0,367.4,367.5,21240,BIOCON
4308,2025-09-10 11:15:00+05:30,367.4,367.8,366.3,366.6,63572,BIOCON
4309,2025-09-10 11:30:00+05:30,366.7,366.9,365.9,365.9,43869,BIOCON
4310,2025-09-10 11:45:00+05:30,366.0,367.45,365.35,367.15,69843,BIOCON
4311,2025-09-10 12:00:00+05:30,367.3,367.35,366.1,367.2,45415,BIOCON
4312,2025-09-10 12:15:00+05:30,367.2,367.85,366.7,367.1,37243,BIOCON
4313,2025-09-10 12:30:00+05:30,367.1,367.15,366.0,366.2,42776,BIOCON
4314,2025-09-10 12:45:00+05:30,366.2,366.4,365.35,365.9,51807,BIOCON
4315,2025-09-10 13:00:00+05:30,365.85,366.0,364.6,364.85,66147,BIOCON
4316,2025-09-10 13:15:00+05:30,364.9,365.0,363.25,363.5,87536,BIOCON
4317,2025-09-10 13:30:00+05:30,363.4,364.35,363.0,363.85,54729,BIOCON
4318,2025-09-10 13:45:00+05:30,363.85,364.3,363.7,364.05,37634,BIOCON
4319,2025-09-10 14:00:00+05:30,364.15,364.3,363.65,363.65,47780,BIOCON
4320,2025-09-10 14:15:00+05:30,363.65,363.9,363.0,363.3,73002,BIOCON
4321,2025-09-10 14:30:00+05:30,363.5,364.2,363.1,363.5,50626,BIOCON
4322,2025-09-10 14:45:00+05:30,363.45,364.15,363.45,363.45,59508,BIOCON
4323,2025-09-10 15:00:00+05:30,363.65,364.55,363.35,363.95,87210,BIOCON
4324,2025-09-10 15:15:00+05:30,364.0,365.2,363.85,364.6,111437,BIOCON
4325,2025-09-11 09:15:00+05:30,364.2,369.25,364.2,366.5,223503,BIOCON
4326,2025-09-11 09:30:00+05:30,366.5,366.8,365.5,366.7,89839,BIOCON
4327,2025-09-11 09:45:00+05:30,366.7,367.8,366.15,367.3,44235,BIOCON
4328,2025-09-11 10:00:00+05:30,367.3,367.4,365.1,365.95,106392,BIOCON
4329,2025-09-11 10:15:00+05:30,366.0,366.2,365.55,365.9,39905,BIOCON
4330,2025-09-11 10:30:00+05:30,365.9,366.15,365.5,365.85,27879,BIOCON
4331,2025-09-11 10:45:00+05:30,365.85,366.05,365.3,365.3,21016,BIOCON
4332,2025-09-11 11:00:00+05:30,365.4,366.15,365.1,366.15,25696,BIOCON
4333,2025-09-11 11:15:00+05:30,366.15,366.3,365.8,365.8,24327,BIOCON
4334,2025-09-11 11:30:00+05:30,365.8,365.9,363.2,363.4,85328,BIOCON
4335,2025-09-11 11:45:00+05:30,363.35,364.15,363.35,364.05,33936,BIOCON
4336,2025-09-11 12:00:00+05:30,364.05,364.35,363.95,363.95,44174,BIOCON
4337,2025-09-11 12:15:00+05:30,364.1,364.2,363.6,364.05,20859,BIOCON
4338,2025-09-11 12:30:00+05:30,364.2,364.2,363.1,363.5,40270,BIOCON
4339,2025-09-11 12:45:00+05:30,363.4,363.85,363.0,363.5,21886,BIOCON
4340,2025-09-11 13:00:00+05:30,363.5,363.5,363.0,363.4,47155,BIOCON
4341,2025-09-11 13:15:00+05:30,363.3,363.4,363.05,363.3,12687,BIOCON
4342,2025-09-11 13:30:00+05:30,363.3,363.85,363.2,363.7,19538,BIOCON
4343,2025-09-11 13:45:00+05:30,363.55,364.25,363.5,363.9,29214,BIOCON
4344,2025-09-11 14:00:00+05:30,363.8,363.9,362.55,363.2,69194,BIOCON
4345,2025-09-11 14:15:00+05:30,363.15,365.55,362.95,365.15,158268,BIOCON
4346,2025-09-11 14:30:00+05:30,365.15,365.15,364.15,364.55,124849,BIOCON
4347,2025-09-11 14:45:00+05:30,364.55,364.85,364.15,364.45,127726,BIOCON
4348,2025-09-11 15:00:00+05:30,364.45,364.6,363.65,364.4,163500,BIOCON
4349,2025-09-11 15:15:00+05:30,364.4,364.5,363.05,363.05,154213,BIOCON
4350,2025-09-12 09:15:00+05:30,364.05,365.5,363.2,365.15,105792,BIOCON
4351,2025-09-12 09:30:00+05:30,365.35,366.2,365.1,365.1,59974,BIOCON
4352,2025-09-12 09:45:00+05:30,365.05,366.3,364.55,365.0,69899,BIOCON
4353,2025-09-12 10:00:00+05:30,365.0,366.3,365.0,366.3,38779,BIOCON
4354,2025-09-12 10:15:00+05:30,366.35,366.35,365.7,365.95,17878,BIOCON
4355,2025-09-12 10:30:00+05:30,365.95,366.15,365.75,366.05,14922,BIOCON
4356,2025-09-12 10:45:00+05:30,366.1,366.8,365.1,365.25,93923,BIOCON
4357,2025-09-12 11:00:00+05:30,365.25,365.65,364.8,365.5,26970,BIOCON
4358,2025-09-12 11:15:00+05:30,365.5,366.0,365.2,365.9,23101,BIOCON
4359,2025-09-12 11:30:00+05:30,365.9,366.6,365.55,366.25,37745,BIOCON
4360,2025-09-12 11:45:00+05:30,366.25,366.25,365.5,365.7,19153,BIOCON
4361,2025-09-12 12:00:00+05:30,365.6,365.7,364.9,365.15,13937,BIOCON
4362,2025-09-12 12:15:00+05:30,365.15,365.5,364.45,365.45,27991,BIOCON
4363,2025-09-12 12:30:00+05:30,365.45,366.1,365.25,366.05,25930,BIOCON
4364,2025-09-12 12:45:00+05:30,366.05,366.05,365.05,365.35,19307,BIOCON
4365,2025-09-12 13:00:00+05:30,365.35,365.35,364.85,365.35,20121,BIOCON
4366,2025-09-12 13:15:00+05:30,365.2,366.0,365.1,366.0,36822,BIOCON
4367,2025-09-12 13:30:00+05:30,366.0,366.05,365.45,365.65,34481,BIOCON
4368,2025-09-12 13:45:00+05:30,365.55,366.05,365.2,366.0,47099,BIOCON
4369,2025-09-12 14:00:00+05:30,366.0,366.0,365.1,365.65,52032,BIOCON
4370,2025-09-12 14:15:00+05:30,365.55,365.75,364.85,365.55,63127,BIOCON
4371,2025-09-12 14:30:00+05:30,365.35,365.55,364.6,364.85,84919,BIOCON
4372,2025-09-12 14:45:00+05:30,364.65,364.85,364.1,364.4,57016,BIOCON
4373,2025-09-12 15:00:00+05:30,364.45,365.5,364.4,365.35,86635,BIOCON
4374,2025-09-12 15:15:00+05:30,365.35,365.65,364.6,364.8,111826,BIOCON
