,timestamp,open,high,low,close,volume,ticker
0,2025-01-01 09:15:00+05:30,366.9,367.0,364.0,366.25,44475,BIOCON
1,2025-01-01 09:20:00+05:30,366.25,366.5,363.65,365.1,37451,BIOCON
2,2025-01-01 09:25:00+05:30,365.05,365.05,364.25,364.55,7282,BIOCON
3,2025-01-01 09:30:00+05:30,364.8,364.9,362.75,363.0,26366,BIOCON
4,2025-01-01 09:35:00+05:30,362.9,364.0,362.7,364.0,13065,BIOCON
5,2025-01-01 09:40:00+05:30,364.0,364.1,363.35,363.6,15760,BIOCON
6,2025-01-01 09:45:00+05:30,363.9,363.95,362.9,363.35,17361,BIOCON
7,2025-01-01 09:50:00+05:30,363.2,363.5,362.9,363.5,3082,BIOCON
8,2025-01-01 09:55:00+05:30,363.05,364.8,363.0,364.7,7049,BIOCON
9,2025-01-01 10:00:00+05:30,364.7,365.9,364.35,364.8,30149,BIOCON
10,2025-01-01 10:05:00+05:30,365.0,366.65,364.85,365.75,30347,BIOCON
11,2025-01-01 10:10:00+05:30,365.85,367.4,365.45,367.1,35651,BIOCON
12,2025-01-01 10:15:00+05:30,367.05,367.1,366.15,366.25,17130,BIOCON
13,2025-01-01 10:20:00+05:30,366.1,367.0,366.0,366.95,11026,BIOCON
14,2025-01-01 10:25:00+05:30,366.9,368.95,366.8,368.8,59894,BIOCON
15,2025-01-01 10:30:00+05:30,368.8,369.5,368.0,368.3,72321,BIOCON
16,2025-01-01 10:35:00+05:30,368.1,368.4,367.7,368.1,23146,BIOCON
17,2025-01-01 10:40:00+05:30,367.9,368.15,367.55,367.8,9633,BIOCON
18,2025-01-01 10:45:00+05:30,367.8,367.8,366.5,366.65,29843,BIOCON
19,2025-01-01 10:50:00+05:30,366.7,367.0,366.5,366.9,6788,BIOCON
20,2025-01-01 10:55:00+05:30,366.95,367.45,366.6,366.6,5313,BIOCON
21,2025-01-01 11:00:00+05:30,366.85,367.25,366.6,366.95,7234,BIOCON
22,2025-01-01 11:05:00+05:30,366.95,367.9,366.8,367.45,7675,BIOCON
23,2025-01-01 11:10:00+05:30,367.7,367.7,367.2,367.7,4911,BIOCON
24,2025-01-01 11:15:00+05:30,367.5,368.0,367.5,368.0,5336,BIOCON
25,2025-01-01 11:20:00+05:30,368.0,368.25,367.3,367.45,14498,BIOCON
26,2025-01-01 11:25:00+05:30,367.3,367.4,366.3,366.3,22658,BIOCON
27,2025-01-01 11:30:00+05:30,366.6,366.6,365.75,365.95,10621,BIOCON
28,2025-01-01 11:35:00+05:30,365.8,366.4,365.3,365.4,12802,BIOCON
29,2025-01-01 11:40:00+05:30,365.4,366.3,365.15,366.2,18369,BIOCON
30,2025-01-01 11:45:00+05:30,365.9,366.0,365.55,365.55,4588,BIOCON
31,2025-01-01 11:50:00+05:30,365.55,365.8,364.5,365.0,80254,BIOCON
32,2025-01-01 11:55:00+05:30,365.15,365.5,364.85,364.9,9216,BIOCON
33,2025-01-01 12:00:00+05:30,365.15,365.35,364.95,365.15,2778,BIOCON
34,2025-01-01 12:05:00+05:30,365.15,365.5,365.1,365.25,3413,BIOCON
35,2025-01-01 12:10:00+05:30,365.5,365.5,365.25,365.3,2074,BIOCON
36,2025-01-01 12:15:00+05:30,365.35,366.0,365.3,365.95,14697,BIOCON
37,2025-01-01 12:20:00+05:30,365.9,366.0,365.6,365.8,4949,BIOCON
38,2025-01-01 12:25:00+05:30,365.8,366.0,365.4,365.5,3508,BIOCON
39,2025-01-01 12:30:00+05:30,365.7,366.25,365.55,366.0,8524,BIOCON
40,2025-01-01 12:35:00+05:30,366.0,366.4,365.9,366.4,5448,BIOCON
41,2025-01-01 12:40:00+05:30,366.4,366.7,366.0,366.1,6656,BIOCON
42,2025-01-01 12:45:00+05:30,366.25,366.45,365.75,365.8,6926,BIOCON
43,2025-01-01 12:50:00+05:30,366.0,366.0,365.7,366.0,6792,BIOCON
44,2025-01-01 12:55:00+05:30,366.05,366.55,366.05,366.5,10967,BIOCON
45,2025-01-01 13:00:00+05:30,366.45,367.35,366.3,367.05,10605,BIOCON
46,2025-01-01 13:05:00+05:30,367.05,367.7,366.85,367.55,11147,BIOCON
47,2025-01-01 13:10:00+05:30,367.7,367.7,367.05,367.5,6059,BIOCON
48,2025-01-01 13:15:00+05:30,367.5,367.95,367.1,367.1,10815,BIOCON
49,2025-01-01 13:20:00+05:30,367.1,367.9,367.05,367.55,4694,BIOCON
50,2025-01-01 13:25:00+05:30,367.6,367.85,367.15,367.35,6139,BIOCON
51,2025-01-01 13:30:00+05:30,367.4,368.4,366.95,368.35,22881,BIOCON
52,2025-01-01 13:35:00+05:30,368.3,368.85,367.9,368.55,23081,BIOCON
53,2025-01-01 13:40:00+05:30,368.5,368.65,368.0,368.05,25514,BIOCON
54,2025-01-01 13:45:00+05:30,368.25,368.6,368.05,368.15,7176,BIOCON
55,2025-01-01 13:50:00+05:30,368.2,368.4,368.0,368.15,3519,BIOCON
56,2025-01-01 13:55:00+05:30,368.05,368.25,367.55,367.6,9850,BIOCON
57,2025-01-01 14:00:00+05:30,367.8,368.0,367.45,367.5,7748,BIOCON
58,2025-01-01 14:05:00+05:30,367.7,367.7,367.3,367.3,6244,BIOCON
59,2025-01-01 14:10:00+05:30,367.6,367.6,367.3,367.35,4581,BIOCON
60,2025-01-01 14:15:00+05:30,367.3,369.0,367.1,368.6,52937,BIOCON
61,2025-01-01 14:20:00+05:30,368.6,368.85,368.3,368.7,22660,BIOCON
62,2025-01-01 14:25:00+05:30,368.8,368.95,368.3,368.8,19818,BIOCON
63,2025-01-01 14:30:00+05:30,368.8,368.95,368.6,368.7,12562,BIOCON
64,2025-01-01 14:35:00+05:30,368.9,370.35,368.7,370.2,104952,BIOCON
65,2025-01-01 14:40:00+05:30,370.1,370.1,369.5,369.5,34142,BIOCON
66,2025-01-01 14:45:00+05:30,369.6,369.8,369.1,369.8,14494,BIOCON
67,2025-01-01 14:50:00+05:30,369.8,369.95,369.25,369.6,16323,BIOCON
68,2025-01-01 14:55:00+05:30,369.6,370.25,369.2,370.05,39773,BIOCON
69,2025-01-01 15:00:00+05:30,369.85,370.05,368.95,369.05,28120,BIOCON
70,2025-01-01 15:05:00+05:30,369.15,369.35,369.0,369.0,16157,BIOCON
71,2025-01-01 15:10:00+05:30,369.05,369.65,369.0,369.5,33471,BIOCON
72,2025-01-01 15:15:00+05:30,369.5,369.5,368.55,368.8,85118,BIOCON
73,2025-01-01 15:20:00+05:30,368.75,368.75,368.15,368.45,45613,BIOCON
74,2025-01-01 15:25:00+05:30,368.45,368.9,367.55,368.5,93093,BIOCON
75,2025-01-02 09:15:00+05:30,368.8,369.95,367.3,368.5,39124,BIOCON
76,2025-01-02 09:20:00+05:30,368.35,370.45,368.2,369.25,55365,BIOCON
77,2025-01-02 09:25:00+05:30,369.15,371.4,368.85,370.8,45910,BIOCON
78,2025-01-02 09:30:00+05:30,370.45,371.35,370.2,371.05,33572,BIOCON
79,2025-01-02 09:35:00+05:30,371.2,371.85,370.35,370.4,37603,BIOCON
80,2025-01-02 09:40:00+05:30,370.55,371.0,370.0,370.3,21560,BIOCON
81,2025-01-02 09:45:00+05:30,370.3,370.4,369.15,369.15,20297,BIOCON
82,2025-01-02 09:50:00+05:30,369.1,369.9,369.0,369.45,15611,BIOCON
83,2025-01-02 09:55:00+05:30,369.6,370.2,369.3,369.55,10477,BIOCON
84,2025-01-02 10:00:00+05:30,369.35,369.9,369.2,369.55,6532,BIOCON
85,2025-01-02 10:05:00+05:30,369.55,372.0,369.45,371.25,60981,BIOCON
86,2025-01-02 10:10:00+05:30,371.15,372.25,370.65,371.1,63772,BIOCON
87,2025-01-02 10:15:00+05:30,371.25,372.9,371.25,372.55,54125,BIOCON
88,2025-01-02 10:20:00+05:30,372.35,372.5,371.2,371.25,31826,BIOCON
89,2025-01-02 10:25:00+05:30,371.25,372.0,371.0,371.55,27710,BIOCON
90,2025-01-02 10:30:00+05:30,371.7,371.95,371.25,371.7,14773,BIOCON
91,2025-01-02 10:35:00+05:30,371.65,372.35,371.6,372.15,16370,BIOCON
92,2025-01-02 10:40:00+05:30,372.15,373.2,371.9,373.1,26643,BIOCON
93,2025-01-02 10:45:00+05:30,373.1,373.25,372.5,373.25,34197,BIOCON
94,2025-01-02 10:50:00+05:30,373.1,373.4,372.65,372.7,27224,BIOCON
95,2025-01-02 10:55:00+05:30,372.7,372.75,372.1,372.1,19214,BIOCON
96,2025-01-02 11:00:00+05:30,372.05,372.15,371.75,371.8,12820,BIOCON
97,2025-01-02 11:05:00+05:30,372.0,372.0,370.8,370.8,15024,BIOCON
98,2025-01-02 11:10:00+05:30,370.95,371.3,370.4,371.3,23227,BIOCON
99,2025-01-02 11:15:00+05:30,371.15,371.35,370.55,370.8,10475,BIOCON
100,2025-01-02 11:20:00+05:30,370.8,372.15,370.35,372.0,13586,BIOCON
101,2025-01-02 11:25:00+05:30,371.85,372.25,371.4,371.75,19387,BIOCON
102,2025-01-02 11:30:00+05:30,371.55,371.8,371.15,371.5,8269,BIOCON
103,2025-01-02 11:35:00+05:30,371.6,371.7,371.2,371.7,15506,BIOCON
104,2025-01-02 11:40:00+05:30,371.7,372.6,371.65,372.2,25149,BIOCON
105,2025-01-02 11:45:00+05:30,372.2,372.3,371.75,372.0,5501,BIOCON
106,2025-01-02 11:50:00+05:30,372.0,372.6,371.4,372.4,21108,BIOCON
107,2025-01-02 11:55:00+05:30,372.35,373.2,372.05,373.0,23910,BIOCON
108,2025-01-02 12:00:00+05:30,373.0,373.0,372.45,372.65,16165,BIOCON
109,2025-01-02 12:05:00+05:30,372.45,372.9,372.3,372.6,20632,BIOCON
110,2025-01-02 12:10:00+05:30,372.35,372.65,371.9,372.1,10275,BIOCON
111,2025-01-02 12:15:00+05:30,372.1,372.3,371.65,372.0,5368,BIOCON
112,2025-01-02 12:20:00+05:30,372.0,372.1,371.7,372.1,6166,BIOCON
113,2025-01-02 12:25:00+05:30,372.1,372.3,371.5,372.0,8092,BIOCON
114,2025-01-02 12:30:00+05:30,372.0,372.5,371.7,372.1,9576,BIOCON
115,2025-01-02 12:35:00+05:30,372.15,372.3,371.9,372.1,3792,BIOCON
116,2025-01-02 12:40:00+05:30,372.1,372.25,371.2,371.2,23968,BIOCON
117,2025-01-02 12:45:00+05:30,371.2,371.5,370.6,370.65,36750,BIOCON
118,2025-01-02 12:50:00+05:30,370.65,371.1,370.5,370.5,11246,BIOCON
119,2025-01-02 12:55:00+05:30,370.5,371.05,370.5,370.7,5309,BIOCON
120,2025-01-02 13:00:00+05:30,371.0,371.25,370.65,371.15,6733,BIOCON
121,2025-01-02 13:05:00+05:30,370.95,371.2,370.8,371.1,3449,BIOCON
122,2025-01-02 13:10:00+05:30,371.1,371.15,370.7,370.9,4451,BIOCON
123,2025-01-02 13:15:00+05:30,370.95,371.55,370.8,371.45,7954,BIOCON
124,2025-01-02 13:20:00+05:30,371.15,371.5,371.05,371.45,3619,BIOCON
125,2025-01-02 13:25:00+05:30,371.2,371.55,371.0,371.35,5010,BIOCON
126,2025-01-02 13:30:00+05:30,371.3,371.75,371.05,371.1,6474,BIOCON
127,2025-01-02 13:35:00+05:30,371.15,371.5,371.0,371.25,7772,BIOCON
128,2025-01-02 13:40:00+05:30,371.25,371.5,371.0,371.05,6674,BIOCON
129,2025-01-02 13:45:00+05:30,371.05,371.25,370.8,370.95,6150,BIOCON
130,2025-01-02 13:50:00+05:30,371.0,371.5,370.8,371.25,5643,BIOCON
131,2025-01-02 13:55:00+05:30,371.05,371.2,370.35,370.6,8907,BIOCON
132,2025-01-02 14:00:00+05:30,370.6,371.15,370.4,371.15,6016,BIOCON
133,2025-01-02 14:05:00+05:30,371.0,371.35,370.85,371.35,6827,BIOCON
134,2025-01-02 14:10:00+05:30,371.3,371.65,371.0,371.4,6303,BIOCON
135,2025-01-02 14:15:00+05:30,371.45,371.75,371.2,371.7,7146,BIOCON
136,2025-01-02 14:20:00+05:30,371.55,372.3,371.4,371.9,23496,BIOCON
137,2025-01-02 14:25:00+05:30,371.7,372.0,371.5,371.85,7699,BIOCON
138,2025-01-02 14:30:00+05:30,371.85,372.0,371.5,371.8,7958,BIOCON
139,2025-01-02 14:35:00+05:30,372.0,372.15,371.7,371.95,11815,BIOCON
140,2025-01-02 14:40:00+05:30,371.95,372.3,371.7,372.3,34208,BIOCON
141,2025-01-02 14:45:00+05:30,372.3,372.5,372.1,372.15,14027,BIOCON
142,2025-01-02 14:50:00+05:30,372.25,372.4,372.0,372.3,7416,BIOCON
143,2025-01-02 14:55:00+05:30,372.3,373.75,372.15,373.3,109658,BIOCON
144,2025-01-02 15:00:00+05:30,373.55,373.95,372.75,373.55,99475,BIOCON
145,2025-01-02 15:05:00+05:30,373.55,374.0,373.0,373.45,107977,BIOCON
146,2025-01-02 15:10:00+05:30,373.45,373.75,373.15,373.5,81944,BIOCON
147,2025-01-02 15:15:00+05:30,373.5,373.5,372.65,372.9,125003,BIOCON
148,2025-01-02 15:20:00+05:30,372.9,373.15,372.65,372.7,96242,BIOCON
149,2025-01-02 15:25:00+05:30,372.7,374.0,371.7,372.25,176549,BIOCON
150,2025-01-03 09:15:00+05:30,376.95,377.0,373.5,374.5,274747,BIOCON
151,2025-01-03 09:20:00+05:30,374.3,374.35,372.5,372.8,129977,BIOCON
152,2025-01-03 09:25:00+05:30,372.6,373.0,371.95,372.3,66988,BIOCON
153,2025-01-03 09:30:00+05:30,372.45,373.2,372.2,372.7,57894,BIOCON
154,2025-01-03 09:35:00+05:30,372.9,373.35,372.05,372.7,41553,BIOCON
155,2025-01-03 09:40:00+05:30,372.7,373.3,372.1,372.15,51145,BIOCON
156,2025-01-03 09:45:00+05:30,372.15,372.7,372.0,372.55,51350,BIOCON
157,2025-01-03 09:50:00+05:30,372.4,372.5,371.45,372.15,30556,BIOCON
158,2025-01-03 09:55:00+05:30,372.3,372.6,371.95,372.5,13312,BIOCON
159,2025-01-03 10:00:00+05:30,372.45,373.0,372.3,372.3,20702,BIOCON
160,2025-01-03 10:05:00+05:30,372.5,372.5,371.05,371.45,60916,BIOCON
161,2025-01-03 10:10:00+05:30,371.55,372.25,371.45,371.45,16147,BIOCON
162,2025-01-03 10:15:00+05:30,371.6,372.5,371.3,372.1,17441,BIOCON
163,2025-01-03 10:20:00+05:30,372.2,372.75,372.1,372.1,15381,BIOCON
164,2025-01-03 10:25:00+05:30,372.1,372.35,371.45,371.6,18388,BIOCON
165,2025-01-03 10:30:00+05:30,371.6,371.85,371.5,371.5,9245,BIOCON
166,2025-01-03 10:35:00+05:30,371.55,371.65,371.1,371.1,18913,BIOCON
167,2025-01-03 10:40:00+05:30,371.3,371.8,371.1,371.65,5833,BIOCON
168,2025-01-03 10:45:00+05:30,371.55,371.65,371.15,371.6,7539,BIOCON
169,2025-01-03 10:50:00+05:30,371.65,371.65,370.15,370.4,79191,BIOCON
170,2025-01-03 10:55:00+05:30,370.4,370.85,370.3,370.4,16692,BIOCON
171,2025-01-03 11:00:00+05:30,370.5,370.9,370.05,370.2,19358,BIOCON
172,2025-01-03 11:05:00+05:30,370.2,371.15,370.0,370.8,28026,BIOCON
173,2025-01-03 11:10:00+05:30,370.7,371.2,370.4,371.2,15835,BIOCON
174,2025-01-03 11:15:00+05:30,371.1,371.5,370.45,370.65,12438,BIOCON
175,2025-01-03 11:20:00+05:30,370.85,371.2,370.65,371.2,6017,BIOCON
176,2025-01-03 11:25:00+05:30,371.0,371.15,370.25,370.55,19156,BIOCON
177,2025-01-03 11:30:00+05:30,370.7,371.2,370.15,370.45,33372,BIOCON
178,2025-01-03 11:35:00+05:30,370.65,370.75,369.3,369.5,20149,BIOCON
179,2025-01-03 11:40:00+05:30,369.3,369.75,369.3,369.45,15056,BIOCON
180,2025-01-03 11:45:00+05:30,369.3,369.45,368.85,369.15,22678,BIOCON
181,2025-01-03 11:50:00+05:30,369.15,369.6,369.0,369.6,23092,BIOCON
182,2025-01-03 11:55:00+05:30,369.6,369.95,369.6,369.95,7404,BIOCON
183,2025-01-03 12:00:00+05:30,369.9,370.2,369.1,369.4,10388,BIOCON
184,2025-01-03 12:05:00+05:30,369.4,369.5,368.3,368.3,16111,BIOCON
185,2025-01-03 12:10:00+05:30,368.5,370.25,368.25,370.0,55947,BIOCON
186,2025-01-03 12:15:00+05:30,369.8,371.65,369.65,370.6,82008,BIOCON
187,2025-01-03 12:20:00+05:30,370.8,371.0,370.15,370.8,14833,BIOCON
188,2025-01-03 12:25:00+05:30,370.8,370.85,370.35,370.6,9255,BIOCON
189,2025-01-03 12:30:00+05:30,370.6,371.45,370.3,371.3,26347,BIOCON
190,2025-01-03 12:35:00+05:30,371.15,371.95,371.1,371.9,29372,BIOCON
191,2025-01-03 12:40:00+05:30,371.9,372.7,370.85,370.85,34366,BIOCON
192,2025-01-03 12:45:00+05:30,371.05,371.4,370.6,370.9,11598,BIOCON
193,2025-01-03 12:50:00+05:30,370.9,370.95,369.9,370.0,43583,BIOCON
194,2025-01-03 12:55:00+05:30,370.0,370.5,370.0,370.3,6049,BIOCON
195,2025-01-03 13:00:00+05:30,370.3,370.75,370.3,370.75,4694,BIOCON
196,2025-01-03 13:05:00+05:30,370.75,371.15,370.6,370.6,7439,BIOCON
197,2025-01-03 13:10:00+05:30,370.5,370.7,370.1,370.4,3354,BIOCON
198,2025-01-03 13:15:00+05:30,370.4,370.5,370.0,370.3,6364,BIOCON
199,2025-01-03 13:20:00+05:30,370.5,370.6,370.05,370.5,12394,BIOCON
200,2025-01-03 13:25:00+05:30,370.6,370.75,370.3,370.45,1734,BIOCON
201,2025-01-03 13:30:00+05:30,370.35,370.9,370.3,370.5,7726,BIOCON
202,2025-01-03 13:35:00+05:30,370.5,370.6,370.1,370.6,5766,BIOCON
203,2025-01-03 13:40:00+05:30,370.6,370.7,370.0,370.0,8036,BIOCON
204,2025-01-03 13:45:00+05:30,370.0,370.25,369.55,370.0,9014,BIOCON
205,2025-01-03 13:50:00+05:30,370.0,370.2,369.75,370.1,2892,BIOCON
206,2025-01-03 13:55:00+05:30,370.2,370.2,369.25,369.7,8060,BIOCON
207,2025-01-03 14:00:00+05:30,369.45,370.1,369.15,369.65,10988,BIOCON
208,2025-01-03 14:05:00+05:30,369.6,369.95,369.2,369.25,6624,BIOCON
209,2025-01-03 14:10:00+05:30,369.35,370.15,369.15,370.0,5791,BIOCON
210,2025-01-03 14:15:00+05:30,369.9,370.1,369.6,369.85,14979,BIOCON
211,2025-01-03 14:20:00+05:30,369.9,370.3,369.55,369.75,13011,BIOCON
212,2025-01-03 14:25:00+05:30,369.75,370.45,369.4,370.3,17763,BIOCON
213,2025-01-03 14:30:00+05:30,370.25,370.45,369.55,370.15,7709,BIOCON
214,2025-01-03 14:35:00+05:30,370.0,371.15,369.7,371.15,30311,BIOCON
215,2025-01-03 14:40:00+05:30,371.15,371.15,370.45,370.8,10261,BIOCON
216,2025-01-03 14:45:00+05:30,370.75,370.85,370.25,370.5,6833,BIOCON
217,2025-01-03 14:50:00+05:30,370.5,370.5,370.0,370.5,18027,BIOCON
218,2025-01-03 14:55:00+05:30,370.35,370.85,370.2,370.75,31221,BIOCON
219,2025-01-03 15:00:00+05:30,370.55,370.75,369.4,369.7,29880,BIOCON
220,2025-01-03 15:05:00+05:30,369.7,369.9,369.05,369.9,39333,BIOCON
221,2025-01-03 15:10:00+05:30,369.95,370.2,369.0,369.15,34789,BIOCON
222,2025-01-03 15:15:00+05:30,369.2,369.65,368.7,369.0,77712,BIOCON
223,2025-01-03 15:20:00+05:30,369.15,369.5,368.75,369.0,67646,BIOCON
224,2025-01-03 15:25:00+05:30,369.0,369.3,368.0,368.0,53500,BIOCON
225,2025-01-06 09:15:00+05:30,369.45,372.35,368.6,370.7,159268,BIOCON
226,2025-01-06 09:20:00+05:30,370.5,370.5,367.85,369.15,71759,BIOCON
227,2025-01-06 09:25:00+05:30,368.95,369.35,366.0,366.35,27652,BIOCON
228,2025-01-06 09:30:00+05:30,366.4,368.55,366.4,367.1,16328,BIOCON
229,2025-01-06 09:35:00+05:30,367.15,368.0,366.35,367.75,48697,BIOCON
230,2025-01-06 09:40:00+05:30,367.75,368.3,366.85,367.5,18234,BIOCON
231,2025-01-06 09:45:00+05:30,367.3,370.0,367.15,369.9,36624,BIOCON
232,2025-01-06 09:50:00+05:30,369.75,372.25,369.5,371.25,81096,BIOCON
233,2025-01-06 09:55:00+05:30,371.1,372.35,370.5,370.5,45691,BIOCON
234,2025-01-06 10:00:00+05:30,370.95,372.8,370.65,372.5,35272,BIOCON
235,2025-01-06 10:05:00+05:30,372.3,372.3,371.25,371.4,47870,BIOCON
236,2025-01-06 10:10:00+05:30,371.5,371.65,369.5,369.6,35621,BIOCON
237,2025-01-06 10:15:00+05:30,369.8,370.15,368.55,368.65,19837,BIOCON
238,2025-01-06 10:20:00+05:30,368.8,370.0,368.8,369.3,19021,BIOCON
239,2025-01-06 10:25:00+05:30,369.3,369.8,369.0,369.0,14002,BIOCON
240,2025-01-06 10:30:00+05:30,369.0,369.0,368.0,368.1,14159,BIOCON
241,2025-01-06 10:35:00+05:30,368.1,368.45,367.65,367.9,17931,BIOCON
242,2025-01-06 10:40:00+05:30,368.0,368.4,366.65,366.65,18082,BIOCON
243,2025-01-06 10:45:00+05:30,366.6,366.8,365.65,366.1,24289,BIOCON
244,2025-01-06 10:50:00+05:30,366.05,366.35,365.25,365.65,18191,BIOCON
245,2025-01-06 10:55:00+05:30,365.5,366.5,365.3,365.55,22564,BIOCON
246,2025-01-06 11:00:00+05:30,365.9,366.0,365.0,365.0,16927,BIOCON
247,2025-01-06 11:05:00+05:30,365.0,365.25,363.85,364.3,21888,BIOCON
248,2025-01-06 11:10:00+05:30,364.3,364.3,362.8,363.35,52486,BIOCON
249,2025-01-06 11:15:00+05:30,363.55,363.6,361.75,363.5,33914,BIOCON
250,2025-01-06 11:20:00+05:30,363.65,364.55,362.8,363.75,16766,BIOCON
251,2025-01-06 11:25:00+05:30,363.5,364.9,363.5,364.55,23897,BIOCON
252,2025-01-06 11:30:00+05:30,364.75,365.65,364.2,364.85,18415,BIOCON
253,2025-01-06 11:35:00+05:30,365.1,365.4,364.45,364.45,8028,BIOCON
254,2025-01-06 11:40:00+05:30,364.5,364.85,363.5,363.5,10986,BIOCON
255,2025-01-06 11:45:00+05:30,363.35,363.4,362.05,362.2,14992,BIOCON
256,2025-01-06 11:50:00+05:30,362.25,362.4,361.85,362.05,7143,BIOCON
257,2025-01-06 11:55:00+05:30,362.0,362.25,360.85,361.2,31821,BIOCON
258,2025-01-06 12:00:00+05:30,361.3,362.85,361.3,362.4,20175,BIOCON
259,2025-01-06 12:05:00+05:30,362.45,363.4,362.3,362.75,9217,BIOCON
260,2025-01-06 12:10:00+05:30,362.7,364.25,362.7,363.55,9936,BIOCON
261,2025-01-06 12:15:00+05:30,363.5,363.9,362.25,362.25,5561,BIOCON
262,2025-01-06 12:20:00+05:30,362.25,363.55,362.25,362.75,3335,BIOCON
263,2025-01-06 12:25:00+05:30,362.75,363.0,361.65,361.65,5700,BIOCON
264,2025-01-06 12:30:00+05:30,361.5,363.25,361.5,362.55,9753,BIOCON
265,2025-01-06 12:35:00+05:30,362.55,363.35,362.15,363.15,6412,BIOCON
266,2025-01-06 12:40:00+05:30,363.15,363.75,362.8,362.8,4624,BIOCON
267,2025-01-06 12:45:00+05:30,362.8,362.95,362.3,362.8,4426,BIOCON
268,2025-01-06 12:50:00+05:30,362.85,362.85,362.0,362.4,4465,BIOCON
269,2025-01-06 12:55:00+05:30,362.2,362.95,361.85,362.45,3061,BIOCON
270,2025-01-06 13:00:00+05:30,362.75,362.95,361.9,362.05,2883,BIOCON
271,2025-01-06 13:05:00+05:30,362.0,362.35,361.9,361.9,3742,BIOCON
272,2025-01-06 13:10:00+05:30,361.9,362.0,360.9,360.95,5770,BIOCON
273,2025-01-06 13:15:00+05:30,360.95,361.1,359.6,360.0,71523,BIOCON
274,2025-01-06 13:20:00+05:30,360.05,360.55,360.0,360.1,11353,BIOCON
275,2025-01-06 13:25:00+05:30,360.0,360.4,359.7,360.0,28316,BIOCON
276,2025-01-06 13:30:00+05:30,359.7,359.95,358.9,359.3,30835,BIOCON
277,2025-01-06 13:35:00+05:30,359.5,359.9,359.15,359.3,26718,BIOCON
278,2025-01-06 13:40:00+05:30,359.5,359.8,358.0,359.2,14687,BIOCON
279,2025-01-06 13:45:00+05:30,359.05,359.35,358.9,359.15,1406,BIOCON
280,2025-01-06 13:50:00+05:30,359.15,359.15,358.15,358.5,15135,BIOCON
281,2025-01-06 13:55:00+05:30,358.5,359.0,357.75,358.25,56209,BIOCON
282,2025-01-06 14:00:00+05:30,358.35,359.9,358.0,359.4,48226,BIOCON
283,2025-01-06 14:05:00+05:30,359.4,359.95,359.1,359.75,9921,BIOCON
284,2025-01-06 14:10:00+05:30,359.8,360.2,358.65,359.0,24017,BIOCON
285,2025-01-06 14:15:00+05:30,358.75,359.7,358.45,359.7,23542,BIOCON
286,2025-01-06 14:20:00+05:30,359.45,360.1,359.0,359.0,6084,BIOCON
287,2025-01-06 14:25:00+05:30,359.2,359.2,358.3,358.35,8826,BIOCON
288,2025-01-06 14:30:00+05:30,358.65,358.8,357.45,357.5,24578,BIOCON
289,2025-01-06 14:35:00+05:30,357.5,357.7,356.85,357.25,21974,BIOCON
290,2025-01-06 14:40:00+05:30,357.05,357.7,356.85,356.85,20039,BIOCON
291,2025-01-06 14:45:00+05:30,357.0,358.2,356.8,358.0,15642,BIOCON
292,2025-01-06 14:50:00+05:30,358.0,359.25,357.9,359.2,16069,BIOCON
293,2025-01-06 14:55:00+05:30,359.0,360.0,358.5,359.85,19292,BIOCON
294,2025-01-06 15:00:00+05:30,359.9,360.2,358.15,358.35,42212,BIOCON
295,2025-01-06 15:05:00+05:30,358.6,359.0,358.05,358.95,32445,BIOCON
296,2025-01-06 15:10:00+05:30,359.0,359.0,357.05,357.35,59619,BIOCON
297,2025-01-06 15:15:00+05:30,357.5,358.1,356.75,357.9,103131,BIOCON
298,2025-01-06 15:20:00+05:30,358.1,358.75,357.9,358.2,31784,BIOCON
299,2025-01-06 15:25:00+05:30,358.2,359.1,357.7,359.1,47767,BIOCON
300,2025-01-07 09:15:00+05:30,363.1,369.5,363.1,368.65,356789,BIOCON
301,2025-01-07 09:20:00+05:30,368.65,371.15,367.45,371.0,256496,BIOCON
302,2025-01-07 09:25:00+05:30,371.0,372.65,370.0,372.0,341399,BIOCON
303,2025-01-07 09:30:00+05:30,372.0,374.45,371.1,371.6,529708,BIOCON
304,2025-01-07 09:35:00+05:30,371.6,372.6,370.0,372.15,358342,BIOCON
305,2025-01-07 09:40:00+05:30,372.15,374.5,371.55,372.25,299667,BIOCON
306,2025-01-07 09:45:00+05:30,372.2,373.75,371.25,372.15,231300,BIOCON
307,2025-01-07 09:50:00+05:30,372.3,373.9,372.0,372.75,134868,BIOCON
308,2025-01-07 09:55:00+05:30,372.9,372.9,371.7,371.9,111941,BIOCON
309,2025-01-07 10:00:00+05:30,372.1,373.0,371.8,372.1,99832,BIOCON
310,2025-01-07 10:05:00+05:30,372.0,372.2,370.0,370.65,234906,BIOCON
311,2025-01-07 10:10:00+05:30,370.55,373.4,370.3,373.35,104563,BIOCON
312,2025-01-07 10:15:00+05:30,373.15,374.0,371.15,371.65,125019,BIOCON
313,2025-01-07 10:20:00+05:30,371.6,375.45,371.1,374.65,201670,BIOCON
314,2025-01-07 10:25:00+05:30,374.4,378.0,373.9,377.75,553563,BIOCON
315,2025-01-07 10:30:00+05:30,377.5,378.95,376.65,378.15,384553,BIOCON
316,2025-01-07 10:35:00+05:30,378.25,379.5,377.15,378.9,442253,BIOCON
317,2025-01-07 10:40:00+05:30,378.9,385.95,378.55,385.5,1307499,BIOCON
318,2025-01-07 10:45:00+05:30,385.5,386.65,383.8,385.8,795826,BIOCON
319,2025-01-07 10:50:00+05:30,385.9,386.2,384.4,385.15,537491,BIOCON
320,2025-01-07 10:55:00+05:30,385.05,385.9,382.6,383.05,566420,BIOCON
321,2025-01-07 11:00:00+05:30,383.2,385.0,381.5,384.95,536139,BIOCON
322,2025-01-07 11:05:00+05:30,384.95,386.4,384.1,385.5,675536,BIOCON
323,2025-01-07 11:10:00+05:30,385.5,387.6,385.0,385.6,666319,BIOCON
324,2025-01-07 11:15:00+05:30,385.55,385.95,383.05,384.65,537749,BIOCON
325,2025-01-07 11:20:00+05:30,384.65,386.55,384.65,386.0,329233,BIOCON
326,2025-01-07 11:25:00+05:30,385.95,386.15,385.0,385.6,206658,BIOCON
327,2025-01-07 11:30:00+05:30,385.55,386.15,384.35,384.5,246225,BIOCON
328,2025-01-07 11:35:00+05:30,384.7,386.25,384.6,385.4,250069,BIOCON
329,2025-01-07 11:40:00+05:30,385.45,386.65,385.1,385.95,266054,BIOCON
330,2025-01-07 11:45:00+05:30,385.95,386.4,384.5,384.75,305374,BIOCON
331,2025-01-07 11:50:00+05:30,384.8,387.8,384.8,387.3,455349,BIOCON
332,2025-01-07 11:55:00+05:30,387.15,388.95,387.1,388.0,751102,BIOCON
333,2025-01-07 12:00:00+05:30,388.3,388.8,387.0,387.2,377514,BIOCON
334,2025-01-07 12:05:00+05:30,387.2,387.85,386.3,387.3,281447,BIOCON
335,2025-01-07 12:10:00+05:30,387.3,387.3,386.05,386.75,197136,BIOCON
336,2025-01-07 12:15:00+05:30,386.9,386.95,385.25,385.75,247357,BIOCON
337,2025-01-07 12:20:00+05:30,385.75,386.35,385.6,385.9,112099,BIOCON
338,2025-01-07 12:25:00+05:30,386.1,387.9,386.0,387.5,251085,BIOCON
339,2025-01-07 12:30:00+05:30,387.5,387.5,385.5,385.8,217497,BIOCON
340,2025-01-07 12:35:00+05:30,385.6,386.45,385.0,385.4,255892,BIOCON
341,2025-01-07 12:40:00+05:30,385.45,385.75,385.0,385.5,93423,BIOCON
342,2025-01-07 12:45:00+05:30,385.5,386.5,385.5,385.6,130875,BIOCON
343,2025-01-07 12:50:00+05:30,385.6,386.25,385.25,385.35,122377,BIOCON
344,2025-01-07 12:55:00+05:30,385.35,387.15,385.35,386.1,133574,BIOCON
345,2025-01-07 13:00:00+05:30,385.9,387.25,385.65,385.85,141188,BIOCON
346,2025-01-07 13:05:00+05:30,385.85,386.3,385.5,386.3,112755,BIOCON
347,2025-01-07 13:10:00+05:30,386.25,386.9,385.8,386.4,72632,BIOCON
348,2025-01-07 13:15:00+05:30,386.25,386.8,385.8,386.15,120039,BIOCON
349,2025-01-07 13:20:00+05:30,386.25,386.7,385.4,385.4,97803,BIOCON
350,2025-01-07 13:25:00+05:30,385.4,385.65,384.65,385.65,160946,BIOCON
351,2025-01-07 13:30:00+05:30,385.55,386.0,384.7,384.7,93033,BIOCON
352,2025-01-07 13:35:00+05:30,384.7,384.85,383.5,383.9,243195,BIOCON
353,2025-01-07 13:40:00+05:30,383.9,384.15,383.3,384.0,146117,BIOCON
354,2025-01-07 13:45:00+05:30,383.8,383.95,382.7,383.05,163421,BIOCON
355,2025-01-07 13:50:00+05:30,383.05,383.6,382.6,383.0,102287,BIOCON
356,2025-01-07 13:55:00+05:30,383.15,383.4,382.55,383.0,97075,BIOCON
357,2025-01-07 14:00:00+05:30,383.15,383.7,382.1,382.2,208386,BIOCON
358,2025-01-07 14:05:00+05:30,382.3,382.8,381.55,382.0,199519,BIOCON
359,2025-01-07 14:10:00+05:30,382.1,384.2,381.9,383.3,218689,BIOCON
360,2025-01-07 14:15:00+05:30,383.55,384.9,383.55,383.9,127068,BIOCON
361,2025-01-07 14:20:00+05:30,383.9,383.95,383.1,383.4,64926,BIOCON
362,2025-01-07 14:25:00+05:30,383.3,383.5,382.55,382.8,80508,BIOCON
363,2025-01-07 14:30:00+05:30,382.8,383.3,382.5,383.1,69697,BIOCON
364,2025-01-07 14:35:00+05:30,383.1,383.3,382.3,382.9,73874,BIOCON
365,2025-01-07 14:40:00+05:30,382.9,384.2,382.4,383.4,182413,BIOCON
366,2025-01-07 14:45:00+05:30,383.55,384.0,382.65,382.85,138954,BIOCON
367,2025-01-07 14:50:00+05:30,382.85,383.65,382.65,383.4,68473,BIOCON
368,2025-01-07 14:55:00+05:30,383.2,383.45,382.8,383.1,82910,BIOCON
369,2025-01-07 15:00:00+05:30,383.1,383.5,382.8,383.05,80906,BIOCON
370,2025-01-07 15:05:00+05:30,383.25,383.35,382.5,382.7,130908,BIOCON
371,2025-01-07 15:10:00+05:30,382.7,382.75,382.2,382.7,156212,BIOCON
372,2025-01-07 15:15:00+05:30,382.7,382.75,381.6,382.4,494720,BIOCON
373,2025-01-07 15:20:00+05:30,382.5,382.7,381.8,382.0,218060,BIOCON
374,2025-01-07 15:25:00+05:30,382.15,382.8,381.6,382.1,123874,BIOCON
375,2025-01-08 09:15:00+05:30,381.0,383.65,379.3,380.15,240876,BIOCON
376,2025-01-08 09:20:00+05:30,380.0,381.05,379.05,379.05,125288,BIOCON
377,2025-01-08 09:25:00+05:30,379.05,379.5,377.6,377.8,125992,BIOCON
378,2025-01-08 09:30:00+05:30,377.8,379.4,377.3,377.7,113746,BIOCON
379,2025-01-08 09:35:00+05:30,377.6,380.0,377.45,378.8,95027,BIOCON
380,2025-01-08 09:40:00+05:30,378.65,379.65,377.7,378.2,62472,BIOCON
381,2025-01-08 09:45:00+05:30,377.85,378.35,376.55,378.0,102715,BIOCON
382,2025-01-08 09:50:00+05:30,377.85,379.35,377.55,378.65,53591,BIOCON
383,2025-01-08 09:55:00+05:30,378.5,378.65,376.35,377.7,53295,BIOCON
384,2025-01-08 10:00:00+05:30,377.9,377.9,375.7,376.45,59933,BIOCON
385,2025-01-08 10:05:00+05:30,376.45,377.05,375.05,375.3,67620,BIOCON
386,2025-01-08 10:10:00+05:30,375.2,376.65,375.05,376.55,42153,BIOCON
387,2025-01-08 10:15:00+05:30,376.45,376.45,375.55,375.8,20394,BIOCON
388,2025-01-08 10:20:00+05:30,375.7,375.8,374.3,374.65,70633,BIOCON
389,2025-01-08 10:25:00+05:30,374.6,374.75,373.75,374.3,86156,BIOCON
390,2025-01-08 10:30:00+05:30,374.3,374.45,373.1,373.4,48180,BIOCON
391,2025-01-08 10:35:00+05:30,373.55,373.9,372.85,373.0,33260,BIOCON
392,2025-01-08 10:40:00+05:30,372.85,373.3,372.25,372.45,37831,BIOCON
393,2025-01-08 10:45:00+05:30,372.45,374.05,372.4,374.0,29745,BIOCON
394,2025-01-08 10:50:00+05:30,373.85,374.0,373.15,373.4,26958,BIOCON
395,2025-01-08 10:55:00+05:30,373.35,374.2,373.1,374.0,22907,BIOCON
396,2025-01-08 11:00:00+05:30,373.8,373.9,372.15,372.65,37150,BIOCON
397,2025-01-08 11:05:00+05:30,372.65,372.85,372.3,372.8,10245,BIOCON
398,2025-01-08 11:10:00+05:30,372.8,374.0,372.5,373.85,36138,BIOCON
399,2025-01-08 11:15:00+05:30,373.75,374.4,373.5,374.05,74238,BIOCON
400,2025-01-08 11:20:00+05:30,374.0,374.2,373.4,373.8,80757,BIOCON
401,2025-01-08 11:25:00+05:30,373.75,374.1,373.3,373.3,30245,BIOCON
402,2025-01-08 11:30:00+05:30,373.35,373.55,372.55,372.85,17077,BIOCON
403,2025-01-08 11:35:00+05:30,372.65,372.95,372.0,372.05,37650,BIOCON
404,2025-01-08 11:40:00+05:30,372.15,372.6,371.3,371.65,25513,BIOCON
405,2025-01-08 11:45:00+05:30,371.7,371.85,371.3,371.5,15625,BIOCON
406,2025-01-08 11:50:00+05:30,371.3,372.0,370.95,371.75,25271,BIOCON
407,2025-01-08 11:55:00+05:30,371.75,372.4,371.3,371.5,20447,BIOCON
408,2025-01-08 12:00:00+05:30,371.35,371.65,370.65,371.15,43876,BIOCON
409,2025-01-08 12:05:00+05:30,371.0,371.5,370.45,371.2,45728,BIOCON
410,2025-01-08 12:10:00+05:30,371.15,371.3,370.6,370.95,8594,BIOCON
411,2025-01-08 12:15:00+05:30,370.8,371.0,370.3,370.8,13161,BIOCON
412,2025-01-08 12:20:00+05:30,370.9,371.75,370.65,370.85,20294,BIOCON
413,2025-01-08 12:25:00+05:30,370.8,371.25,370.5,370.9,17537,BIOCON
414,2025-01-08 12:30:00+05:30,371.0,371.1,369.6,369.7,59412,BIOCON
415,2025-01-08 12:35:00+05:30,369.65,370.9,369.65,370.5,13935,BIOCON
416,2025-01-08 12:40:00+05:30,370.65,371.15,370.0,370.7,26858,BIOCON
417,2025-01-08 12:45:00+05:30,370.8,371.2,370.15,370.15,17232,BIOCON
418,2025-01-08 12:50:00+05:30,370.15,371.35,370.15,370.95,16901,BIOCON
419,2025-01-08 12:55:00+05:30,370.9,372.65,370.9,371.75,28229,BIOCON
420,2025-01-08 13:00:00+05:30,371.75,371.8,370.75,371.2,30978,BIOCON
421,2025-01-08 13:05:00+05:30,371.05,371.4,370.4,371.15,18290,BIOCON
422,2025-01-08 13:10:00+05:30,371.0,371.3,370.5,370.75,4798,BIOCON
423,2025-01-08 13:15:00+05:30,370.75,370.9,370.0,370.7,19982,BIOCON
424,2025-01-08 13:20:00+05:30,370.85,371.75,370.75,371.5,14589,BIOCON
425,2025-01-08 13:25:00+05:30,371.45,371.7,370.5,370.5,25219,BIOCON
426,2025-01-08 13:30:00+05:30,370.65,371.15,369.95,370.2,21826,BIOCON
427,2025-01-08 13:35:00+05:30,370.0,370.15,368.7,369.2,49691,BIOCON
428,2025-01-08 13:40:00+05:30,369.05,370.25,368.4,370.0,38556,BIOCON
429,2025-01-08 13:45:00+05:30,370.0,370.6,369.65,370.1,13628,BIOCON
430,2025-01-08 13:50:00+05:30,370.2,371.05,370.1,370.85,26870,BIOCON
431,2025-01-08 13:55:00+05:30,371.0,371.0,370.05,370.7,16932,BIOCON
432,2025-01-08 14:00:00+05:30,370.7,371.4,370.55,370.9,27255,BIOCON
433,2025-01-08 14:05:00+05:30,370.8,371.8,370.8,371.8,25185,BIOCON
434,2025-01-08 14:10:00+05:30,371.7,371.8,371.1,371.25,19532,BIOCON
435,2025-01-08 14:15:00+05:30,371.3,371.75,371.25,371.55,13499,BIOCON
436,2025-01-08 14:20:00+05:30,371.7,372.9,371.7,372.8,35284,BIOCON
437,2025-01-08 14:25:00+05:30,372.85,372.9,371.1,371.3,19361,BIOCON
438,2025-01-08 14:30:00+05:30,371.3,371.7,370.9,371.45,21674,BIOCON
439,2025-01-08 14:35:00+05:30,371.6,371.6,370.85,371.2,18224,BIOCON
440,2025-01-08 14:40:00+05:30,371.3,371.9,371.2,371.9,8739,BIOCON
441,2025-01-08 14:45:00+05:30,371.95,372.8,371.75,372.25,21733,BIOCON
442,2025-01-08 14:50:00+05:30,372.35,372.5,371.35,371.6,56387,BIOCON
443,2025-01-08 14:55:00+05:30,371.4,371.75,370.75,370.95,15876,BIOCON
444,2025-01-08 15:00:00+05:30,370.95,371.5,370.5,371.05,45206,BIOCON
445,2025-01-08 15:05:00+05:30,370.9,371.8,370.2,371.8,39629,BIOCON
446,2025-01-08 15:10:00+05:30,371.8,372.25,371.55,372.05,60368,BIOCON
447,2025-01-08 15:15:00+05:30,372.05,372.1,370.75,371.1,82859,BIOCON
448,2025-01-08 15:20:00+05:30,371.1,371.95,370.7,371.6,63954,BIOCON
449,2025-01-08 15:25:00+05:30,371.55,371.7,370.35,371.0,127429,BIOCON
450,2025-01-09 09:15:00+05:30,371.2,372.3,369.75,370.65,60467,BIOCON
451,2025-01-09 09:20:00+05:30,370.3,371.85,369.6,371.4,56643,BIOCON
452,2025-01-09 09:25:00+05:30,371.15,371.65,370.1,370.3,18771,BIOCON
453,2025-01-09 09:30:00+05:30,370.3,370.8,369.6,369.65,25495,BIOCON
454,2025-01-09 09:35:00+05:30,369.8,371.0,369.6,370.0,20008,BIOCON
455,2025-01-09 09:40:00+05:30,369.8,370.85,369.5,370.35,14247,BIOCON
456,2025-01-09 09:45:00+05:30,370.25,370.6,369.25,369.25,21239,BIOCON
457,2025-01-09 09:50:00+05:30,369.45,369.95,369.0,369.95,24355,BIOCON
458,2025-01-09 09:55:00+05:30,369.95,370.5,369.85,370.5,11229,BIOCON
459,2025-01-09 10:00:00+05:30,370.3,370.6,369.25,369.55,6737,BIOCON
460,2025-01-09 10:05:00+05:30,369.65,370.5,369.45,370.5,7250,BIOCON
461,2025-01-09 10:10:00+05:30,370.6,371.9,370.6,370.8,18970,BIOCON
462,2025-01-09 10:15:00+05:30,370.8,371.8,370.4,371.5,36310,BIOCON
463,2025-01-09 10:20:00+05:30,371.45,371.45,370.5,371.05,9809,BIOCON
464,2025-01-09 10:25:00+05:30,370.8,372.6,370.7,371.85,42063,BIOCON
465,2025-01-09 10:30:00+05:30,372.05,372.3,371.25,372.3,26872,BIOCON
466,2025-01-09 10:35:00+05:30,372.3,373.9,372.3,373.35,57542,BIOCON
467,2025-01-09 10:40:00+05:30,373.35,373.4,372.55,372.85,26686,BIOCON
468,2025-01-09 10:45:00+05:30,372.85,372.85,371.65,372.1,65112,BIOCON
469,2025-01-09 10:50:00+05:30,372.3,373.15,372.1,372.7,11497,BIOCON
470,2025-01-09 10:55:00+05:30,372.9,372.9,372.15,372.2,11518,BIOCON
471,2025-01-09 11:00:00+05:30,372.35,373.45,371.95,372.8,31994,BIOCON
472,2025-01-09 11:05:00+05:30,373.05,373.05,372.4,372.8,14197,BIOCON
473,2025-01-09 11:10:00+05:30,372.7,372.8,372.35,372.4,3824,BIOCON
474,2025-01-09 11:15:00+05:30,372.4,376.0,372.25,375.75,95773,BIOCON
475,2025-01-09 11:20:00+05:30,375.75,375.8,374.55,374.9,30015,BIOCON
476,2025-01-09 11:25:00+05:30,374.9,374.9,374.2,374.8,12031,BIOCON
477,2025-01-09 11:30:00+05:30,374.65,374.8,372.5,372.8,45704,BIOCON
478,2025-01-09 11:35:00+05:30,372.8,374.55,372.5,374.35,24243,BIOCON
479,2025-01-09 11:40:00+05:30,374.5,374.85,373.85,373.95,9089,BIOCON
480,2025-01-09 11:45:00+05:30,374.05,374.2,373.15,373.4,10155,BIOCON
481,2025-01-09 11:50:00+05:30,373.2,373.65,373.2,373.25,5835,BIOCON
482,2025-01-09 11:55:00+05:30,373.2,373.95,373.2,373.7,10184,BIOCON
483,2025-01-09 12:00:00+05:30,373.5,373.9,373.1,373.5,14286,BIOCON
484,2025-01-09 12:05:00+05:30,373.35,373.8,373.35,373.75,3072,BIOCON
485,2025-01-09 12:10:00+05:30,373.7,373.75,372.6,372.9,9374,BIOCON
486,2025-01-09 12:15:00+05:30,372.95,374.4,372.6,374.3,37563,BIOCON
487,2025-01-09 12:20:00+05:30,374.25,374.55,373.2,373.95,9384,BIOCON
488,2025-01-09 12:25:00+05:30,374.0,374.05,372.35,372.95,32309,BIOCON
489,2025-01-09 12:30:00+05:30,372.8,373.3,372.5,373.0,6559,BIOCON
490,2025-01-09 12:35:00+05:30,372.95,373.25,372.9,372.9,2408,BIOCON
491,2025-01-09 12:40:00+05:30,373.05,373.15,372.5,372.8,10974,BIOCON
492,2025-01-09 12:45:00+05:30,372.75,373.15,372.5,372.55,12384,BIOCON
493,2025-01-09 12:50:00+05:30,372.55,372.75,372.3,372.4,14945,BIOCON
494,2025-01-09 12:55:00+05:30,372.35,372.5,371.7,372.3,29383,BIOCON
495,2025-01-09 13:00:00+05:30,372.45,372.95,372.3,372.75,4567,BIOCON
496,2025-01-09 13:05:00+05:30,372.85,373.0,372.7,372.9,4145,BIOCON
497,2025-01-09 13:10:00+05:30,372.95,373.0,372.5,372.55,11140,BIOCON
498,2025-01-09 13:15:00+05:30,372.65,372.85,371.9,372.0,22766,BIOCON
499,2025-01-09 13:20:00+05:30,372.1,372.85,372.1,372.85,9869,BIOCON
500,2025-01-09 13:25:00+05:30,372.85,372.85,372.05,372.15,9172,BIOCON
501,2025-01-09 13:30:00+05:30,372.3,372.45,371.25,371.25,14466,BIOCON
502,2025-01-09 13:35:00+05:30,371.25,372.0,371.25,371.9,8665,BIOCON
503,2025-01-09 13:40:00+05:30,371.9,372.25,371.7,372.15,5594,BIOCON
504,2025-01-09 13:45:00+05:30,372.0,372.45,371.9,372.25,7290,BIOCON
505,2025-01-09 13:50:00+05:30,372.2,372.35,371.95,372.3,2071,BIOCON
506,2025-01-09 13:55:00+05:30,372.05,372.55,371.3,372.3,15014,BIOCON
507,2025-01-09 14:00:00+05:30,372.3,372.65,372.0,372.3,8198,BIOCON
508,2025-01-09 14:05:00+05:30,372.35,372.65,372.25,372.3,3924,BIOCON
509,2025-01-09 14:10:00+05:30,372.2,372.45,372.0,372.1,2200,BIOCON
510,2025-01-09 14:15:00+05:30,372.3,372.4,372.0,372.05,2932,BIOCON
511,2025-01-09 14:20:00+05:30,372.1,372.25,372.0,372.0,3868,BIOCON
512,2025-01-09 14:25:00+05:30,372.0,372.45,371.85,372.25,9338,BIOCON
513,2025-01-09 14:30:00+05:30,372.15,372.3,371.9,372.0,10103,BIOCON
514,2025-01-09 14:35:00+05:30,372.0,372.4,371.6,372.0,18562,BIOCON
515,2025-01-09 14:40:00+05:30,372.0,372.2,371.15,372.15,82577,BIOCON
516,2025-01-09 14:45:00+05:30,372.0,372.1,370.45,370.75,96308,BIOCON
517,2025-01-09 14:50:00+05:30,370.75,371.7,370.65,371.55,15512,BIOCON
518,2025-01-09 14:55:00+05:30,371.55,371.95,371.05,371.05,11415,BIOCON
519,2025-01-09 15:00:00+05:30,371.25,371.8,370.15,370.15,19275,BIOCON
520,2025-01-09 15:05:00+05:30,370.3,371.0,370.1,370.95,26240,BIOCON
521,2025-01-09 15:10:00+05:30,370.95,371.35,370.85,371.2,29128,BIOCON
522,2025-01-09 15:15:00+05:30,371.2,371.25,370.0,370.4,72354,BIOCON
523,2025-01-09 15:20:00+05:30,370.45,371.0,370.25,370.8,45008,BIOCON
524,2025-01-09 15:25:00+05:30,370.85,371.75,370.35,370.5,75476,BIOCON
525,2025-01-10 09:15:00+05:30,369.95,370.55,367.2,367.3,49050,BIOCON
526,2025-01-10 09:20:00+05:30,367.5,368.8,366.05,366.1,99715,BIOCON
527,2025-01-10 09:25:00+05:30,366.1,366.3,364.0,365.3,62048,BIOCON
528,2025-01-10 09:30:00+05:30,365.45,365.9,363.35,364.35,43605,BIOCON
529,2025-01-10 09:35:00+05:30,364.45,364.5,363.05,363.5,34522,BIOCON
530,2025-01-10 09:40:00+05:30,363.45,366.95,363.2,365.8,52352,BIOCON
531,2025-01-10 09:45:00+05:30,366.0,366.0,363.95,364.0,16079,BIOCON
532,2025-01-10 09:50:00+05:30,364.0,364.35,363.6,363.65,17280,BIOCON
533,2025-01-10 09:55:00+05:30,363.65,365.4,363.35,363.5,31375,BIOCON
534,2025-01-10 10:00:00+05:30,363.4,364.0,362.45,362.45,28067,BIOCON
535,2025-01-10 10:05:00+05:30,362.45,364.9,362.05,364.8,49828,BIOCON
536,2025-01-10 10:10:00+05:30,364.8,365.15,363.65,364.8,31254,BIOCON
537,2025-01-10 10:15:00+05:30,364.75,366.4,363.9,366.35,46211,BIOCON
538,2025-01-10 10:20:00+05:30,366.4,366.6,365.25,366.45,31100,BIOCON
539,2025-01-10 10:25:00+05:30,366.5,366.75,364.25,364.35,25874,BIOCON
540,2025-01-10 10:30:00+05:30,364.4,364.75,363.1,363.9,23036,BIOCON
541,2025-01-10 10:35:00+05:30,363.75,365.25,363.65,364.15,16582,BIOCON
542,2025-01-10 10:40:00+05:30,364.1,365.6,364.1,365.15,10196,BIOCON
543,2025-01-10 10:45:00+05:30,365.0,365.25,364.4,364.65,8041,BIOCON
544,2025-01-10 10:50:00+05:30,364.4,365.7,364.1,364.55,8902,BIOCON
545,2025-01-10 10:55:00+05:30,364.65,365.05,364.45,364.75,5339,BIOCON
546,2025-01-10 11:00:00+05:30,364.75,365.5,364.75,365.4,6418,BIOCON
547,2025-01-10 11:05:00+05:30,365.4,366.3,365.3,365.75,16778,BIOCON
548,2025-01-10 11:10:00+05:30,365.65,366.55,365.1,366.35,9491,BIOCON
549,2025-01-10 11:15:00+05:30,366.45,367.0,365.55,365.6,12154,BIOCON
550,2025-01-10 11:20:00+05:30,365.75,365.75,364.65,365.0,9846,BIOCON
551,2025-01-10 11:25:00+05:30,365.1,365.3,364.35,365.3,9934,BIOCON
552,2025-01-10 11:30:00+05:30,365.4,366.05,365.3,365.75,12273,BIOCON
553,2025-01-10 11:35:00+05:30,365.85,365.9,364.65,364.65,3497,BIOCON
554,2025-01-10 11:40:00+05:30,364.7,364.7,363.2,363.25,5939,BIOCON
555,2025-01-10 11:45:00+05:30,363.25,364.05,363.0,363.75,10072,BIOCON
556,2025-01-10 11:50:00+05:30,363.7,364.0,363.05,363.2,6932,BIOCON
557,2025-01-10 11:55:00+05:30,363.05,363.3,362.5,363.15,16157,BIOCON
558,2025-01-10 12:00:00+05:30,362.95,363.15,362.15,362.2,15095,BIOCON
559,2025-01-10 12:05:00+05:30,362.2,362.2,360.6,360.65,35993,BIOCON
560,2025-01-10 12:10:00+05:30,360.7,361.75,360.05,361.6,29230,BIOCON
561,2025-01-10 12:15:00+05:30,361.6,362.25,361.2,361.35,20348,BIOCON
562,2025-01-10 12:20:00+05:30,361.2,361.85,360.55,360.65,16581,BIOCON
563,2025-01-10 12:25:00+05:30,360.6,361.15,360.2,360.6,11240,BIOCON
564,2025-01-10 12:30:00+05:30,360.6,360.95,360.1,360.1,13505,BIOCON
565,2025-01-10 12:35:00+05:30,360.1,360.4,359.5,360.25,28013,BIOCON
566,2025-01-10 12:40:00+05:30,360.25,361.3,360.25,361.1,10027,BIOCON
567,2025-01-10 12:45:00+05:30,361.15,362.25,361.0,362.1,21509,BIOCON
568,2025-01-10 12:50:00+05:30,362.3,362.65,361.25,361.9,30222,BIOCON
569,2025-01-10 12:55:00+05:30,361.75,361.95,361.25,361.35,9161,BIOCON
570,2025-01-10 13:00:00+05:30,361.25,361.55,360.85,360.85,21211,BIOCON
571,2025-01-10 13:05:00+05:30,360.85,361.3,360.4,360.85,10791,BIOCON
572,2025-01-10 13:10:00+05:30,360.8,360.95,360.3,360.6,9045,BIOCON
573,2025-01-10 13:15:00+05:30,360.7,361.2,360.5,361.05,3183,BIOCON
574,2025-01-10 13:20:00+05:30,361.05,361.05,360.4,360.7,4258,BIOCON
575,2025-01-10 13:25:00+05:30,361.1,361.4,359.25,359.4,18570,BIOCON
576,2025-01-10 13:30:00+05:30,359.55,360.35,359.3,359.8,7114,BIOCON
577,2025-01-10 13:35:00+05:30,359.8,359.9,359.4,359.75,7224,BIOCON
578,2025-01-10 13:40:00+05:30,359.5,360.2,359.3,359.75,21478,BIOCON
579,2025-01-10 13:45:00+05:30,359.9,360.6,359.6,360.05,4035,BIOCON
580,2025-01-10 13:50:00+05:30,360.05,360.55,359.7,359.7,5081,BIOCON
581,2025-01-10 13:55:00+05:30,359.7,360.15,359.6,359.9,4790,BIOCON
582,2025-01-10 14:00:00+05:30,360.15,360.55,359.6,359.8,16854,BIOCON
583,2025-01-10 14:05:00+05:30,359.75,360.0,359.0,359.4,9643,BIOCON
584,2025-01-10 14:10:00+05:30,359.3,359.7,357.95,358.45,35077,BIOCON
585,2025-01-10 14:15:00+05:30,358.4,359.0,358.2,358.8,18294,BIOCON
586,2025-01-10 14:20:00+05:30,358.7,358.75,358.25,358.35,9328,BIOCON
587,2025-01-10 14:25:00+05:30,358.25,359.6,358.0,359.6,16174,BIOCON
588,2025-01-10 14:30:00+05:30,359.35,359.65,358.4,358.45,6982,BIOCON
589,2025-01-10 14:35:00+05:30,358.6,359.0,358.35,358.4,23417,BIOCON
590,2025-01-10 14:40:00+05:30,358.6,360.4,358.2,360.4,44546,BIOCON
591,2025-01-10 14:45:00+05:30,360.1,360.1,358.85,359.05,28518,BIOCON
592,2025-01-10 14:50:00+05:30,359.05,359.45,358.8,359.2,7844,BIOCON
593,2025-01-10 14:55:00+05:30,359.2,359.85,358.85,359.15,27843,BIOCON
594,2025-01-10 15:00:00+05:30,359.2,359.2,358.0,358.35,35078,BIOCON
595,2025-01-10 15:05:00+05:30,358.35,361.3,358.15,361.3,95257,BIOCON
596,2025-01-10 15:10:00+05:30,361.2,361.95,360.15,360.75,196124,BIOCON
597,2025-01-10 15:15:00+05:30,360.75,361.5,359.75,361.2,239738,BIOCON
598,2025-01-10 15:20:00+05:30,361.35,361.9,360.5,361.5,196235,BIOCON
599,2025-01-10 15:25:00+05:30,361.6,361.8,359.1,360.0,47868,BIOCON
600,2025-01-13 09:15:00+05:30,371.0,373.7,364.1,367.85,1211871,BIOCON
601,2025-01-13 09:20:00+05:30,367.6,372.25,366.0,371.35,802467,BIOCON
602,2025-01-13 09:25:00+05:30,371.35,376.7,371.05,374.85,1539350,BIOCON
603,2025-01-13 09:30:00+05:30,374.85,376.95,372.65,376.2,864568,BIOCON
604,2025-01-13 09:35:00+05:30,376.0,376.2,373.05,375.15,759992,BIOCON
605,2025-01-13 09:40:00+05:30,375.45,375.95,373.7,375.6,532253,BIOCON
606,2025-01-13 09:45:00+05:30,375.7,376.5,371.8,373.0,965239,BIOCON
607,2025-01-13 09:50:00+05:30,373.0,375.4,370.35,374.0,1114911,BIOCON
608,2025-01-13 09:55:00+05:30,374.0,375.6,374.0,375.0,466832,BIOCON
609,2025-01-13 10:00:00+05:30,375.0,375.25,373.5,375.2,515651,BIOCON
610,2025-01-13 10:05:00+05:30,375.2,376.45,374.8,376.05,546322,BIOCON
611,2025-01-13 10:10:00+05:30,376.05,376.15,374.05,375.65,447621,BIOCON
612,2025-01-13 10:15:00+05:30,375.65,377.5,375.35,377.4,922836,BIOCON
613,2025-01-13 10:20:00+05:30,377.35,377.45,373.55,373.65,1016461,BIOCON
614,2025-01-13 10:25:00+05:30,373.65,375.4,373.5,375.05,483939,BIOCON
615,2025-01-13 10:30:00+05:30,375.05,376.3,374.7,375.2,250486,BIOCON
616,2025-01-13 10:35:00+05:30,375.05,375.8,374.65,375.1,189370,BIOCON
617,2025-01-13 10:40:00+05:30,375.25,375.45,372.0,373.5,520349,BIOCON
618,2025-01-13 10:45:00+05:30,373.5,374.3,372.1,372.4,238652,BIOCON
619,2025-01-13 10:50:00+05:30,372.4,373.8,372.2,373.55,151486,BIOCON
620,2025-01-13 10:55:00+05:30,373.5,373.65,372.55,372.8,90732,BIOCON
621,2025-01-13 11:00:00+05:30,372.8,373.4,371.75,372.1,190806,BIOCON
622,2025-01-13 11:05:00+05:30,372.0,372.3,370.7,371.2,227556,BIOCON
623,2025-01-13 11:10:00+05:30,371.4,372.2,371.15,371.75,109630,BIOCON
624,2025-01-13 11:15:00+05:30,371.6,371.8,370.6,371.2,132008,BIOCON
625,2025-01-13 11:20:00+05:30,371.25,371.3,370.25,370.7,91958,BIOCON
626,2025-01-13 11:25:00+05:30,370.7,370.8,369.4,369.75,281188,BIOCON
627,2025-01-13 11:30:00+05:30,369.75,370.55,368.8,369.0,174641,BIOCON
628,2025-01-13 11:35:00+05:30,369.05,369.5,367.8,367.8,201914,BIOCON
629,2025-01-13 11:40:00+05:30,367.9,369.5,367.8,369.0,181289,BIOCON
630,2025-01-13 11:45:00+05:30,368.9,369.1,367.0,367.1,227397,BIOCON
631,2025-01-13 11:50:00+05:30,367.0,367.5,365.4,366.15,254937,BIOCON
632,2025-01-13 11:55:00+05:30,366.15,366.5,365.4,365.7,189101,BIOCON
633,2025-01-13 12:00:00+05:30,365.9,367.2,365.45,366.4,196551,BIOCON
634,2025-01-13 12:05:00+05:30,366.4,368.1,365.8,368.0,225139,BIOCON
635,2025-01-13 12:10:00+05:30,368.0,368.05,366.15,366.25,376389,BIOCON
636,2025-01-13 12:15:00+05:30,366.25,366.5,363.4,364.15,302441,BIOCON
637,2025-01-13 12:20:00+05:30,364.15,364.45,363.05,363.3,187421,BIOCON
638,2025-01-13 12:25:00+05:30,363.3,364.5,363.3,364.0,124774,BIOCON
639,2025-01-13 12:30:00+05:30,364.0,364.5,363.2,364.25,110612,BIOCON
640,2025-01-13 12:35:00+05:30,364.2,365.5,363.1,365.15,154391,BIOCON
641,2025-01-13 12:40:00+05:30,365.15,366.9,364.6,366.7,301609,BIOCON
642,2025-01-13 12:45:00+05:30,366.5,366.9,366.15,366.65,123009,BIOCON
643,2025-01-13 12:50:00+05:30,366.65,367.5,366.1,367.25,179807,BIOCON
644,2025-01-13 12:55:00+05:30,367.4,367.5,366.0,366.6,125258,BIOCON
645,2025-01-13 13:00:00+05:30,366.6,366.65,366.0,366.0,111841,BIOCON
646,2025-01-13 13:05:00+05:30,366.25,366.7,366.0,366.35,42588,BIOCON
647,2025-01-13 13:10:00+05:30,366.4,366.9,365.65,366.5,81330,BIOCON
648,2025-01-13 13:15:00+05:30,366.5,366.7,364.95,366.0,161253,BIOCON
649,2025-01-13 13:20:00+05:30,366.1,366.5,364.15,366.45,267715,BIOCON
650,2025-01-13 13:25:00+05:30,366.35,366.9,366.1,366.35,57258,BIOCON
651,2025-01-13 13:30:00+05:30,366.35,366.65,365.35,365.75,209244,BIOCON
652,2025-01-13 13:35:00+05:30,365.7,366.05,364.25,364.55,71921,BIOCON
653,2025-01-13 13:40:00+05:30,364.4,364.65,363.35,363.85,102736,BIOCON
654,2025-01-13 13:45:00+05:30,363.9,364.3,363.2,363.55,83430,BIOCON
655,2025-01-13 13:50:00+05:30,363.55,363.65,362.65,363.0,150357,BIOCON
656,2025-01-13 13:55:00+05:30,363.05,363.5,362.7,362.8,103096,BIOCON
657,2025-01-13 14:00:00+05:30,363.0,363.9,362.25,362.75,126033,BIOCON
658,2025-01-13 14:05:00+05:30,362.85,365.0,362.8,363.85,135566,BIOCON
659,2025-01-13 14:10:00+05:30,364.0,364.25,363.3,363.9,81920,BIOCON
660,2025-01-13 14:15:00+05:30,363.85,364.5,363.5,363.8,69390,BIOCON
661,2025-01-13 14:20:00+05:30,363.8,364.0,362.15,362.35,137463,BIOCON
662,2025-01-13 14:25:00+05:30,362.35,362.65,361.2,361.7,203735,BIOCON
663,2025-01-13 14:30:00+05:30,361.8,363.15,360.45,361.4,490960,BIOCON
664,2025-01-13 14:35:00+05:30,361.4,361.9,360.5,361.0,115287,BIOCON
665,2025-01-13 14:40:00+05:30,361.0,364.7,360.7,364.4,274440,BIOCON
666,2025-01-13 14:45:00+05:30,364.4,366.9,363.25,366.0,411507,BIOCON
667,2025-01-13 14:50:00+05:30,366.15,367.5,365.45,366.95,238397,BIOCON
668,2025-01-13 14:55:00+05:30,366.95,367.65,365.6,366.2,205406,BIOCON
669,2025-01-13 15:00:00+05:30,366.2,367.0,363.8,365.25,333239,BIOCON
670,2025-01-13 15:05:00+05:30,365.25,366.35,364.95,365.4,283359,BIOCON
671,2025-01-13 15:10:00+05:30,365.5,366.0,365.25,365.85,163618,BIOCON
672,2025-01-13 15:15:00+05:30,365.85,366.5,364.65,365.65,333098,BIOCON
673,2025-01-13 15:20:00+05:30,365.65,365.85,363.35,364.15,245073,BIOCON
674,2025-01-13 15:25:00+05:30,364.15,365.35,363.65,365.25,120044,BIOCON
675,2025-01-14 09:15:00+05:30,371.85,380.65,370.25,379.1,892008,BIOCON
676,2025-01-14 09:20:00+05:30,379.3,382.1,378.1,380.3,666642,BIOCON
677,2025-01-14 09:25:00+05:30,380.55,381.75,377.7,379.45,711625,BIOCON
678,2025-01-14 09:30:00+05:30,379.25,380.7,377.1,377.7,294125,BIOCON
679,2025-01-14 09:35:00+05:30,377.6,378.35,376.25,376.8,291685,BIOCON
680,2025-01-14 09:40:00+05:30,376.65,378.45,376.15,378.0,219866,BIOCON
681,2025-01-14 09:45:00+05:30,378.25,381.6,377.65,380.45,318455,BIOCON
682,2025-01-14 09:50:00+05:30,380.45,380.55,377.55,378.35,221809,BIOCON
683,2025-01-14 09:55:00+05:30,378.25,378.5,376.6,378.15,181125,BIOCON
684,2025-01-14 10:00:00+05:30,378.2,379.0,377.5,378.1,96615,BIOCON
685,2025-01-14 10:05:00+05:30,378.1,378.45,376.4,377.45,107796,BIOCON
686,2025-01-14 10:10:00+05:30,377.35,377.65,375.5,375.75,162147,BIOCON
687,2025-01-14 10:15:00+05:30,375.85,375.95,374.5,374.7,156196,BIOCON
688,2025-01-14 10:20:00+05:30,374.7,375.2,372.0,372.3,232364,BIOCON
689,2025-01-14 10:25:00+05:30,372.35,374.65,371.65,373.5,462813,BIOCON
690,2025-01-14 10:30:00+05:30,373.6,375.2,373.1,373.5,149435,BIOCON
691,2025-01-14 10:35:00+05:30,373.35,374.5,373.0,373.8,75418,BIOCON
692,2025-01-14 10:40:00+05:30,373.9,375.35,373.05,375.1,148876,BIOCON
693,2025-01-14 10:45:00+05:30,375.3,378.0,375.05,377.0,182624,BIOCON
694,2025-01-14 10:50:00+05:30,377.2,377.85,376.65,377.55,69139,BIOCON
695,2025-01-14 10:55:00+05:30,377.5,377.85,376.95,377.25,64971,BIOCON
696,2025-01-14 11:00:00+05:30,377.3,380.8,377.3,380.4,301318,BIOCON
697,2025-01-14 11:05:00+05:30,380.3,380.45,379.2,380.25,139129,BIOCON
698,2025-01-14 11:10:00+05:30,380.3,382.85,380.2,380.2,385256,BIOCON
699,2025-01-14 11:15:00+05:30,380.35,380.75,379.35,379.6,129846,BIOCON
700,2025-01-14 11:20:00+05:30,379.8,380.35,378.95,379.7,122606,BIOCON
701,2025-01-14 11:25:00+05:30,379.7,382.0,379.2,381.75,152380,BIOCON
702,2025-01-14 11:30:00+05:30,381.75,382.8,381.5,382.2,186006,BIOCON
703,2025-01-14 11:35:00+05:30,382.4,382.95,380.85,382.15,234840,BIOCON
704,2025-01-14 11:40:00+05:30,382.15,383.7,381.8,383.4,188015,BIOCON
705,2025-01-14 11:45:00+05:30,383.4,384.8,383.0,384.4,276547,BIOCON
706,2025-01-14 11:50:00+05:30,384.6,386.7,384.4,386.05,637595,BIOCON
707,2025-01-14 11:55:00+05:30,386.0,386.25,383.95,385.0,251110,BIOCON
708,2025-01-14 12:00:00+05:30,385.0,385.4,384.8,385.25,92597,BIOCON
709,2025-01-14 12:05:00+05:30,385.1,385.85,384.75,385.2,171350,BIOCON
710,2025-01-14 12:10:00+05:30,385.1,385.7,384.7,385.0,79398,BIOCON
711,2025-01-14 12:15:00+05:30,385.0,385.2,383.45,384.0,168170,BIOCON
712,2025-01-14 12:20:00+05:30,384.25,384.25,383.35,384.0,111086,BIOCON
713,2025-01-14 12:25:00+05:30,383.85,384.7,383.65,384.0,68946,BIOCON
714,2025-01-14 12:30:00+05:30,383.95,385.35,382.4,385.0,254369,BIOCON
715,2025-01-14 12:35:00+05:30,385.1,385.8,384.1,385.15,162910,BIOCON
716,2025-01-14 12:40:00+05:30,385.15,387.5,385.0,387.1,414141,BIOCON
717,2025-01-14 12:45:00+05:30,387.2,389.3,387.1,388.2,695674,BIOCON
718,2025-01-14 12:50:00+05:30,388.1,388.8,387.6,387.85,214335,BIOCON
719,2025-01-14 12:55:00+05:30,387.95,388.3,386.6,386.75,264122,BIOCON
720,2025-01-14 13:00:00+05:30,386.9,388.0,386.0,387.55,231093,BIOCON
721,2025-01-14 13:05:00+05:30,387.75,389.5,387.5,389.05,297037,BIOCON
722,2025-01-14 13:10:00+05:30,389.05,389.95,388.25,388.7,258970,BIOCON
723,2025-01-14 13:15:00+05:30,388.85,388.9,388.2,388.3,90121,BIOCON
724,2025-01-14 13:20:00+05:30,388.35,389.45,388.2,388.7,213234,BIOCON
725,2025-01-14 13:25:00+05:30,388.7,389.25,387.95,388.2,140309,BIOCON
726,2025-01-14 13:30:00+05:30,388.1,390.0,388.0,389.1,293723,BIOCON
727,2025-01-14 13:35:00+05:30,389.3,389.55,388.9,389.3,108261,BIOCON
728,2025-01-14 13:40:00+05:30,389.3,391.0,389.05,390.95,368237,BIOCON
729,2025-01-14 13:45:00+05:30,391.0,391.2,388.45,388.45,347882,BIOCON
730,2025-01-14 13:50:00+05:30,388.45,389.85,388.35,388.5,157613,BIOCON
731,2025-01-14 13:55:00+05:30,388.5,389.45,388.5,389.45,70607,BIOCON
732,2025-01-14 14:00:00+05:30,389.35,389.4,389.0,389.2,66453,BIOCON
733,2025-01-14 14:05:00+05:30,389.25,389.8,389.0,389.6,82543,BIOCON
734,2025-01-14 14:10:00+05:30,389.65,390.2,389.55,389.6,126820,BIOCON
735,2025-01-14 14:15:00+05:30,389.6,390.1,388.05,389.25,281495,BIOCON
736,2025-01-14 14:20:00+05:30,389.25,389.95,388.75,389.1,118624,BIOCON
737,2025-01-14 14:25:00+05:30,389.25,389.25,388.65,388.65,82262,BIOCON
738,2025-01-14 14:30:00+05:30,388.7,389.8,388.65,388.8,135438,BIOCON
739,2025-01-14 14:35:00+05:30,388.8,388.95,387.85,388.0,181538,BIOCON
740,2025-01-14 14:40:00+05:30,388.0,388.1,386.55,386.8,252407,BIOCON
741,2025-01-14 14:45:00+05:30,386.9,387.75,386.85,387.2,94254,BIOCON
742,2025-01-14 14:50:00+05:30,387.4,387.6,386.8,386.9,87251,BIOCON
743,2025-01-14 14:55:00+05:30,386.8,387.6,386.3,387.15,136941,BIOCON
744,2025-01-14 15:00:00+05:30,387.3,387.65,386.9,387.25,94358,BIOCON
745,2025-01-14 15:05:00+05:30,387.45,388.4,387.0,388.35,162749,BIOCON
746,2025-01-14 15:10:00+05:30,388.35,388.9,387.1,387.4,241486,BIOCON
747,2025-01-14 15:15:00+05:30,387.4,388.55,386.65,388.25,399792,BIOCON
748,2025-01-14 15:20:00+05:30,388.25,388.25,387.0,387.35,278722,BIOCON
749,2025-01-14 15:25:00+05:30,387.4,389.0,386.5,387.4,141252,BIOCON
750,2025-01-15 09:15:00+05:30,390.1,391.5,384.35,386.65,382571,BIOCON
751,2025-01-15 09:20:00+05:30,386.4,387.05,384.9,385.25,190380,BIOCON
752,2025-01-15 09:25:00+05:30,385.25,385.5,381.85,382.7,197089,BIOCON
753,2025-01-15 09:30:00+05:30,382.55,383.3,381.65,382.25,130948,BIOCON
754,2025-01-15 09:35:00+05:30,382.45,384.4,382.1,383.45,151539,BIOCON
755,2025-01-15 09:40:00+05:30,383.4,385.2,382.6,383.7,108306,BIOCON
756,2025-01-15 09:45:00+05:30,383.65,384.35,382.45,382.8,67424,BIOCON
757,2025-01-15 09:50:00+05:30,382.8,383.45,382.3,382.9,39656,BIOCON
758,2025-01-15 09:55:00+05:30,383.0,384.2,382.25,383.5,56180,BIOCON
759,2025-01-15 10:00:00+05:30,383.5,384.0,382.8,382.95,38884,BIOCON
760,2025-01-15 10:05:00+05:30,383.15,383.15,381.25,382.5,73386,BIOCON
761,2025-01-15 10:10:00+05:30,382.3,382.5,380.85,381.7,75354,BIOCON
762,2025-01-15 10:15:00+05:30,381.7,382.0,381.05,381.35,42091,BIOCON
763,2025-01-15 10:20:00+05:30,381.3,384.75,381.1,384.25,122118,BIOCON
764,2025-01-15 10:25:00+05:30,384.0,386.1,383.85,385.0,147952,BIOCON
765,2025-01-15 10:30:00+05:30,385.0,385.95,384.7,385.2,50629,BIOCON
766,2025-01-15 10:35:00+05:30,385.25,385.8,385.0,385.7,38758,BIOCON
767,2025-01-15 10:40:00+05:30,385.7,385.7,384.5,385.15,28199,BIOCON
768,2025-01-15 10:45:00+05:30,385.1,386.35,384.85,385.8,34871,BIOCON
769,2025-01-15 10:50:00+05:30,386.0,386.0,384.95,385.3,45438,BIOCON
770,2025-01-15 10:55:00+05:30,385.3,385.3,383.95,385.1,49276,BIOCON
771,2025-01-15 11:00:00+05:30,385.05,385.15,384.15,384.3,18929,BIOCON
772,2025-01-15 11:05:00+05:30,384.3,384.3,383.75,384.0,23310,BIOCON
773,2025-01-15 11:10:00+05:30,383.9,384.7,383.5,383.85,46893,BIOCON
774,2025-01-15 11:15:00+05:30,383.95,384.35,383.95,384.1,18668,BIOCON
775,2025-01-15 11:20:00+05:30,384.1,384.1,382.1,382.5,37274,BIOCON
776,2025-01-15 11:25:00+05:30,382.4,382.5,381.55,381.6,48349,BIOCON
777,2025-01-15 11:30:00+05:30,381.6,381.8,380.25,381.2,94663,BIOCON
778,2025-01-15 11:35:00+05:30,381.2,381.5,380.35,381.0,32455,BIOCON
779,2025-01-15 11:40:00+05:30,381.0,381.2,380.6,380.8,35353,BIOCON
780,2025-01-15 11:45:00+05:30,380.8,382.25,380.65,381.35,522461,BIOCON
781,2025-01-15 11:50:00+05:30,381.35,381.55,381.0,381.2,14125,BIOCON
782,2025-01-15 11:55:00+05:30,381.2,382.25,380.9,382.25,54043,BIOCON
783,2025-01-15 12:00:00+05:30,382.25,382.6,381.85,382.2,32832,BIOCON
784,2025-01-15 12:05:00+05:30,382.2,382.5,381.6,381.8,20896,BIOCON
785,2025-01-15 12:10:00+05:30,381.7,381.7,381.1,381.1,27316,BIOCON
786,2025-01-15 12:15:00+05:30,381.15,381.55,380.8,380.9,22145,BIOCON
787,2025-01-15 12:20:00+05:30,381.0,382.1,380.85,381.6,19424,BIOCON
788,2025-01-15 12:25:00+05:30,381.6,382.15,381.35,381.65,34471,BIOCON
789,2025-01-15 12:30:00+05:30,381.8,382.2,381.6,382.2,10602,BIOCON
790,2025-01-15 12:35:00+05:30,382.15,382.7,382.05,382.15,27710,BIOCON
791,2025-01-15 12:40:00+05:30,382.15,383.25,381.9,383.05,52385,BIOCON
792,2025-01-15 12:45:00+05:30,383.05,383.1,382.5,382.5,10156,BIOCON
793,2025-01-15 12:50:00+05:30,382.5,382.95,382.5,382.8,10816,BIOCON
794,2025-01-15 12:55:00+05:30,382.8,383.1,382.45,382.95,15661,BIOCON
795,2025-01-15 13:00:00+05:30,382.95,382.95,382.4,382.4,8790,BIOCON
796,2025-01-15 13:05:00+05:30,382.4,382.6,382.2,382.45,13409,BIOCON
797,2025-01-15 13:10:00+05:30,382.3,382.45,378.65,379.35,169684,BIOCON
798,2025-01-15 13:15:00+05:30,379.5,380.35,379.4,379.55,72588,BIOCON
799,2025-01-15 13:20:00+05:30,379.55,380.25,379.05,379.65,63540,BIOCON
800,2025-01-15 13:25:00+05:30,379.6,380.2,379.1,379.25,43503,BIOCON
801,2025-01-15 13:30:00+05:30,379.1,379.55,378.7,379.3,66154,BIOCON
802,2025-01-15 13:35:00+05:30,379.3,380.0,378.85,380.0,37499,BIOCON
803,2025-01-15 13:40:00+05:30,380.0,380.4,379.4,379.45,22231,BIOCON
804,2025-01-15 13:45:00+05:30,379.4,379.8,379.0,379.15,39002,BIOCON
805,2025-01-15 13:50:00+05:30,379.45,380.0,379.05,379.3,13082,BIOCON
806,2025-01-15 13:55:00+05:30,379.35,380.2,379.35,379.7,41672,BIOCON
807,2025-01-15 14:00:00+05:30,379.95,380.25,379.35,380.0,48332,BIOCON
808,2025-01-15 14:05:00+05:30,380.0,380.25,379.65,379.9,14634,BIOCON
809,2025-01-15 14:10:00+05:30,380.05,380.15,379.5,379.65,48805,BIOCON
810,2025-01-15 14:15:00+05:30,379.75,379.9,379.25,379.85,22441,BIOCON
811,2025-01-15 14:20:00+05:30,379.9,380.3,379.35,379.65,63026,BIOCON
812,2025-01-15 14:25:00+05:30,379.65,380.05,378.65,379.05,66322,BIOCON
813,2025-01-15 14:30:00+05:30,379.0,379.35,378.45,379.35,57644,BIOCON
814,2025-01-15 14:35:00+05:30,379.35,380.85,379.05,380.85,94964,BIOCON
815,2025-01-15 14:40:00+05:30,380.85,380.9,380.1,380.3,48531,BIOCON
816,2025-01-15 14:45:00+05:30,380.3,380.6,379.8,380.4,35823,BIOCON
817,2025-01-15 14:50:00+05:30,380.4,381.5,380.4,381.45,76457,BIOCON
818,2025-01-15 14:55:00+05:30,381.45,381.65,381.05,381.4,34164,BIOCON
819,2025-01-15 15:00:00+05:30,381.4,382.65,381.0,382.15,641293,BIOCON
820,2025-01-15 15:05:00+05:30,382.25,382.5,381.4,382.25,109624,BIOCON
821,2025-01-15 15:10:00+05:30,382.25,383.0,382.15,382.8,164469,BIOCON
822,2025-01-15 15:15:00+05:30,382.8,383.0,382.15,382.65,224598,BIOCON
823,2025-01-15 15:20:00+05:30,382.65,383.35,382.65,382.8,209854,BIOCON
824,2025-01-15 15:25:00+05:30,382.75,383.55,382.35,383.2,137941,BIOCON
825,2025-01-16 09:15:00+05:30,384.05,386.85,382.6,383.85,163129,BIOCON
826,2025-01-16 09:20:00+05:30,383.8,383.85,382.1,383.8,160228,BIOCON
827,2025-01-16 09:25:00+05:30,383.75,386.35,383.75,386.05,121714,BIOCON
828,2025-01-16 09:30:00+05:30,386.05,388.65,385.45,387.4,187961,BIOCON
829,2025-01-16 09:35:00+05:30,387.6,390.25,387.1,390.1,225268,BIOCON
830,2025-01-16 09:40:00+05:30,390.15,392.9,389.75,391.3,441553,BIOCON
831,2025-01-16 09:45:00+05:30,391.45,392.45,390.5,392.3,281240,BIOCON
832,2025-01-16 09:50:00+05:30,392.25,392.4,391.0,392.15,231690,BIOCON
833,2025-01-16 09:55:00+05:30,392.15,393.0,391.25,392.3,425287,BIOCON
834,2025-01-16 10:00:00+05:30,392.4,394.0,391.75,393.05,287058,BIOCON
835,2025-01-16 10:05:00+05:30,393.25,394.3,392.6,392.75,231896,BIOCON
836,2025-01-16 10:10:00+05:30,393.0,394.0,392.65,393.95,143151,BIOCON
837,2025-01-16 10:15:00+05:30,393.95,394.5,392.15,393.0,301880,BIOCON
838,2025-01-16 10:20:00+05:30,393.05,393.4,392.8,393.25,113884,BIOCON
839,2025-01-16 10:25:00+05:30,393.3,393.9,392.1,393.05,221238,BIOCON
840,2025-01-16 10:30:00+05:30,393.15,393.8,392.8,393.0,100845,BIOCON
841,2025-01-16 10:35:00+05:30,393.15,393.5,392.4,393.2,182070,BIOCON
842,2025-01-16 10:40:00+05:30,393.3,393.5,389.65,390.9,246772,BIOCON
843,2025-01-16 10:45:00+05:30,390.9,391.65,390.15,390.3,96463,BIOCON
844,2025-01-16 10:50:00+05:30,390.5,391.0,390.0,390.75,100168,BIOCON
845,2025-01-16 10:55:00+05:30,391.0,391.05,390.05,390.5,60909,BIOCON
846,2025-01-16 11:00:00+05:30,390.45,391.4,390.2,391.0,80978,BIOCON
847,2025-01-16 11:05:00+05:30,391.0,391.15,390.4,390.6,68858,BIOCON
848,2025-01-16 11:10:00+05:30,390.75,391.4,390.5,391.1,45739,BIOCON
849,2025-01-16 11:15:00+05:30,391.15,391.45,390.9,391.0,61046,BIOCON
850,2025-01-16 11:20:00+05:30,391.1,392.5,390.65,392.5,106591,BIOCON
851,2025-01-16 11:25:00+05:30,392.45,393.8,392.15,393.55,166393,BIOCON
852,2025-01-16 11:30:00+05:30,393.55,395.6,393.15,394.3,361175,BIOCON
853,2025-01-16 11:35:00+05:30,394.45,394.45,393.0,393.85,113216,BIOCON
854,2025-01-16 11:40:00+05:30,393.85,394.0,393.25,393.7,70155,BIOCON
855,2025-01-16 11:45:00+05:30,393.7,393.75,392.0,392.0,96814,BIOCON
856,2025-01-16 11:50:00+05:30,392.05,392.6,392.0,392.35,63718,BIOCON
857,2025-01-16 11:55:00+05:30,392.35,393.5,392.35,393.3,60729,BIOCON
858,2025-01-16 12:00:00+05:30,393.5,393.9,392.7,392.85,74196,BIOCON
859,2025-01-16 12:05:00+05:30,392.9,394.0,392.85,394.0,67524,BIOCON
860,2025-01-16 12:10:00+05:30,393.9,394.0,393.5,393.85,64755,BIOCON
861,2025-01-16 12:15:00+05:30,393.8,393.95,392.8,393.9,77122,BIOCON
862,2025-01-16 12:20:00+05:30,393.8,393.9,392.5,393.6,76777,BIOCON
863,2025-01-16 12:25:00+05:30,393.6,394.0,393.15,393.35,81309,BIOCON
864,2025-01-16 12:30:00+05:30,393.65,393.85,392.55,393.6,77112,BIOCON
865,2025-01-16 12:35:00+05:30,393.8,393.95,393.25,393.65,63111,BIOCON
866,2025-01-16 12:40:00+05:30,393.85,394.25,393.35,393.7,79937,BIOCON
867,2025-01-16 12:45:00+05:30,393.9,394.4,393.35,393.4,131809,BIOCON
868,2025-01-16 12:50:00+05:30,393.4,393.9,393.15,393.85,52867,BIOCON
869,2025-01-16 12:55:00+05:30,393.85,394.0,393.3,393.95,54812,BIOCON
870,2025-01-16 13:00:00+05:30,393.9,393.95,393.3,393.4,50529,BIOCON
871,2025-01-16 13:05:00+05:30,393.65,393.75,392.1,392.45,94636,BIOCON
872,2025-01-16 13:10:00+05:30,392.4,393.1,392.3,392.85,51198,BIOCON
873,2025-01-16 13:15:00+05:30,392.85,393.2,392.65,392.8,47128,BIOCON
874,2025-01-16 13:20:00+05:30,393.0,393.4,392.45,392.65,67430,BIOCON
875,2025-01-16 13:25:00+05:30,392.9,393.4,392.5,393.35,44669,BIOCON
876,2025-01-16 13:30:00+05:30,393.35,393.4,392.8,393.25,48265,BIOCON
877,2025-01-16 13:35:00+05:30,393.25,393.45,393.0,393.35,59627,BIOCON
878,2025-01-16 13:40:00+05:30,393.35,394.0,393.0,394.0,79293,BIOCON
879,2025-01-16 13:45:00+05:30,394.0,394.0,393.4,393.6,42833,BIOCON
880,2025-01-16 13:50:00+05:30,393.7,395.5,393.65,395.05,422229,BIOCON
881,2025-01-16 13:55:00+05:30,395.05,396.75,395.0,396.2,422028,BIOCON
882,2025-01-16 14:00:00+05:30,396.25,396.6,395.0,395.25,152198,BIOCON
883,2025-01-16 14:05:00+05:30,395.15,395.3,395.0,395.0,67320,BIOCON
884,2025-01-16 14:10:00+05:30,395.05,395.2,395.0,395.05,78489,BIOCON
885,2025-01-16 14:15:00+05:30,395.1,395.25,394.85,395.0,100245,BIOCON
886,2025-01-16 14:20:00+05:30,395.0,395.15,393.65,394.75,337321,BIOCON
887,2025-01-16 14:25:00+05:30,394.8,394.95,394.15,394.45,94196,BIOCON
888,2025-01-16 14:30:00+05:30,394.45,395.1,394.35,395.05,134498,BIOCON
889,2025-01-16 14:35:00+05:30,395.05,395.1,394.85,395.05,129961,BIOCON
890,2025-01-16 14:40:00+05:30,395.1,395.25,395.0,395.15,53423,BIOCON
891,2025-01-16 14:45:00+05:30,395.2,395.3,394.6,394.7,87928,BIOCON
892,2025-01-16 14:50:00+05:30,394.7,394.8,394.15,394.15,126620,BIOCON
893,2025-01-16 14:55:00+05:30,394.15,394.55,393.3,394.15,167061,BIOCON
894,2025-01-16 15:00:00+05:30,394.15,394.3,392.5,393.25,201566,BIOCON
895,2025-01-16 15:05:00+05:30,393.15,393.95,392.8,393.75,123315,BIOCON
896,2025-01-16 15:10:00+05:30,393.75,393.9,393.0,393.35,138785,BIOCON
897,2025-01-16 15:15:00+05:30,393.5,394.0,393.05,393.5,238441,BIOCON
898,2025-01-16 15:20:00+05:30,393.65,393.65,392.15,392.95,148008,BIOCON
899,2025-01-16 15:25:00+05:30,392.95,393.0,392.0,392.7,116789,BIOCON
900,2025-01-17 09:15:00+05:30,394.0,395.0,388.5,389.5,333327,BIOCON
901,2025-01-17 09:20:00+05:30,389.25,391.5,387.35,391.5,200535,BIOCON
902,2025-01-17 09:25:00+05:30,391.45,391.85,388.7,389.5,129110,BIOCON
903,2025-01-17 09:30:00+05:30,389.55,390.3,389.1,390.25,79361,BIOCON
904,2025-01-17 09:35:00+05:30,390.25,391.3,389.45,390.35,53259,BIOCON
905,2025-01-17 09:40:00+05:30,390.55,390.9,390.0,390.25,36148,BIOCON
906,2025-01-17 09:45:00+05:30,390.25,391.5,390.2,391.25,54639,BIOCON
907,2025-01-17 09:50:00+05:30,391.35,391.6,389.0,389.3,78588,BIOCON
908,2025-01-17 09:55:00+05:30,389.05,390.5,389.05,390.3,29457,BIOCON
909,2025-01-17 10:00:00+05:30,390.35,391.2,390.15,390.25,30255,BIOCON
910,2025-01-17 10:05:00+05:30,390.25,390.3,389.2,389.8,28226,BIOCON
911,2025-01-17 10:10:00+05:30,389.8,392.75,389.35,392.05,229351,BIOCON
912,2025-01-17 10:15:00+05:30,392.15,392.45,391.7,392.35,27155,BIOCON
913,2025-01-17 10:20:00+05:30,392.35,393.0,391.8,392.2,42085,BIOCON
914,2025-01-17 10:25:00+05:30,391.95,392.55,391.85,392.3,26097,BIOCON
915,2025-01-17 10:30:00+05:30,392.45,392.9,392.05,392.1,25831,BIOCON
916,2025-01-17 10:35:00+05:30,392.05,392.25,391.45,391.8,27785,BIOCON
917,2025-01-17 10:40:00+05:30,391.95,392.0,390.9,391.2,40818,BIOCON
918,2025-01-17 10:45:00+05:30,391.2,392.5,391.05,391.55,30603,BIOCON
919,2025-01-17 10:50:00+05:30,391.75,392.35,391.3,391.75,43152,BIOCON
920,2025-01-17 10:55:00+05:30,391.55,391.8,391.0,391.5,33197,BIOCON
921,2025-01-17 11:00:00+05:30,391.5,391.9,390.8,390.8,32979,BIOCON
922,2025-01-17 11:05:00+05:30,391.05,391.5,390.8,391.25,16190,BIOCON
923,2025-01-17 11:10:00+05:30,391.45,391.95,391.4,391.65,16949,BIOCON
924,2025-01-17 11:15:00+05:30,391.65,391.9,391.2,391.2,18502,BIOCON
925,2025-01-17 11:20:00+05:30,391.35,391.35,390.5,391.3,32895,BIOCON
926,2025-01-17 11:25:00+05:30,391.3,392.55,391.15,392.15,52082,BIOCON
927,2025-01-17 11:30:00+05:30,391.85,392.95,391.65,392.9,28251,BIOCON
928,2025-01-17 11:35:00+05:30,392.95,393.0,392.55,392.6,25805,BIOCON
929,2025-01-17 11:40:00+05:30,392.6,392.6,391.4,391.85,35111,BIOCON
930,2025-01-17 11:45:00+05:30,391.75,392.0,391.0,391.25,32174,BIOCON
931,2025-01-17 11:50:00+05:30,391.25,392.55,391.05,391.8,28884,BIOCON
932,2025-01-17 11:55:00+05:30,391.7,392.6,391.55,392.55,24628,BIOCON
933,2025-01-17 12:00:00+05:30,392.55,392.85,392.35,392.7,33243,BIOCON
934,2025-01-17 12:05:00+05:30,392.7,392.75,391.9,392.4,19667,BIOCON
935,2025-01-17 12:10:00+05:30,392.6,392.9,392.35,392.85,21084,BIOCON
936,2025-01-17 12:15:00+05:30,392.65,394.3,392.55,393.9,140536,BIOCON
937,2025-01-17 12:20:00+05:30,393.9,394.45,393.85,394.2,88402,BIOCON
938,2025-01-17 12:25:00+05:30,394.2,394.25,393.45,393.9,72141,BIOCON
939,2025-01-17 12:30:00+05:30,393.9,394.8,393.65,394.55,57827,BIOCON
940,2025-01-17 12:35:00+05:30,394.7,395.5,394.2,395.0,175380,BIOCON
941,2025-01-17 12:40:00+05:30,395.0,395.75,394.85,395.6,82103,BIOCON
942,2025-01-17 12:45:00+05:30,395.6,397.3,395.35,396.75,257541,BIOCON
943,2025-01-17 12:50:00+05:30,396.75,396.9,395.85,396.6,163498,BIOCON
944,2025-01-17 12:55:00+05:30,396.6,397.45,396.4,397.1,111562,BIOCON
945,2025-01-17 13:00:00+05:30,397.2,397.8,396.35,396.4,175651,BIOCON
946,2025-01-17 13:05:00+05:30,396.4,396.85,395.55,396.85,86142,BIOCON
947,2025-01-17 13:10:00+05:30,396.7,397.2,396.0,396.05,113861,BIOCON
948,2025-01-17 13:15:00+05:30,396.05,396.45,395.75,396.05,67472,BIOCON
949,2025-01-17 13:20:00+05:30,396.1,396.1,394.95,395.25,92841,BIOCON
950,2025-01-17 13:25:00+05:30,395.1,395.35,394.6,394.7,93187,BIOCON
951,2025-01-17 13:30:00+05:30,394.9,395.0,394.55,394.8,43616,BIOCON
952,2025-01-17 13:35:00+05:30,394.8,395.35,394.6,394.95,30615,BIOCON
953,2025-01-17 13:40:00+05:30,394.9,395.1,394.15,394.45,50568,BIOCON
954,2025-01-17 13:45:00+05:30,394.3,394.7,394.1,394.4,25823,BIOCON
955,2025-01-17 13:50:00+05:30,394.3,394.45,393.25,393.55,74683,BIOCON
956,2025-01-17 13:55:00+05:30,393.55,393.95,393.25,393.25,35191,BIOCON
957,2025-01-17 14:00:00+05:30,393.3,393.5,392.45,392.9,82413,BIOCON
958,2025-01-17 14:05:00+05:30,392.7,392.75,391.9,392.6,73800,BIOCON
959,2025-01-17 14:10:00+05:30,392.6,392.75,392.05,392.5,32950,BIOCON
960,2025-01-17 14:15:00+05:30,392.6,392.6,391.85,392.25,52203,BIOCON
961,2025-01-17 14:20:00+05:30,392.3,393.15,391.65,392.85,76489,BIOCON
962,2025-01-17 14:25:00+05:30,392.85,393.85,392.5,393.35,73033,BIOCON
963,2025-01-17 14:30:00+05:30,393.3,393.55,392.5,392.95,47988,BIOCON
964,2025-01-17 14:35:00+05:30,392.85,392.85,391.65,392.15,169596,BIOCON
965,2025-01-17 14:40:00+05:30,392.0,392.2,391.15,391.7,44665,BIOCON
966,2025-01-17 14:45:00+05:30,391.45,391.95,391.35,391.9,36944,BIOCON
967,2025-01-17 14:50:00+05:30,391.95,392.55,391.6,392.35,68975,BIOCON
968,2025-01-17 14:55:00+05:30,392.25,392.55,392.0,392.2,31963,BIOCON
969,2025-01-17 15:00:00+05:30,392.2,395.45,391.3,394.9,358168,BIOCON
970,2025-01-17 15:05:00+05:30,395.0,395.5,393.3,393.75,396431,BIOCON
971,2025-01-17 15:10:00+05:30,393.75,393.95,392.7,392.85,109566,BIOCON
972,2025-01-17 15:15:00+05:30,392.85,392.85,391.65,391.9,209569,BIOCON
973,2025-01-17 15:20:00+05:30,392.05,392.5,391.95,392.4,76934,BIOCON
974,2025-01-17 15:25:00+05:30,392.4,393.0,392.3,392.8,72841,BIOCON
975,2025-01-20 09:15:00+05:30,395.0,396.7,393.2,395.75,330706,BIOCON
976,2025-01-20 09:20:00+05:30,396.0,396.0,393.7,393.7,161193,BIOCON
977,2025-01-20 09:25:00+05:30,393.75,394.65,393.6,394.25,124503,BIOCON
978,2025-01-20 09:30:00+05:30,394.4,395.15,393.8,394.2,93688,BIOCON
979,2025-01-20 09:35:00+05:30,394.0,395.3,393.5,393.9,91029,BIOCON
980,2025-01-20 09:40:00+05:30,393.85,394.0,391.85,392.85,93138,BIOCON
981,2025-01-20 09:45:00+05:30,392.65,393.45,391.35,391.55,40938,BIOCON
982,2025-01-20 09:50:00+05:30,391.65,393.45,390.75,393.35,100741,BIOCON
983,2025-01-20 09:55:00+05:30,393.35,393.35,392.25,392.75,26816,BIOCON
984,2025-01-20 10:00:00+05:30,392.75,392.75,391.3,391.9,36150,BIOCON
985,2025-01-20 10:05:00+05:30,392.0,392.45,391.65,391.85,39551,BIOCON
986,2025-01-20 10:10:00+05:30,391.85,393.0,391.8,392.9,30954,BIOCON
987,2025-01-20 10:15:00+05:30,392.9,393.45,392.6,393.35,30689,BIOCON
988,2025-01-20 10:20:00+05:30,393.35,394.5,393.15,393.9,60722,BIOCON
989,2025-01-20 10:25:00+05:30,393.9,395.5,393.7,395.2,97379,BIOCON
990,2025-01-20 10:30:00+05:30,395.3,397.8,395.2,395.95,319232,BIOCON
991,2025-01-20 10:35:00+05:30,395.95,396.2,395.05,396.05,86634,BIOCON
992,2025-01-20 10:40:00+05:30,396.0,396.35,395.6,396.2,51987,BIOCON
993,2025-01-20 10:45:00+05:30,396.2,397.05,396.05,396.6,85652,BIOCON
994,2025-01-20 10:50:00+05:30,396.5,397.25,396.15,396.7,79125,BIOCON
995,2025-01-20 10:55:00+05:30,396.95,397.05,395.95,396.0,50631,BIOCON
996,2025-01-20 11:00:00+05:30,396.0,399.35,396.0,398.7,416153,BIOCON
997,2025-01-20 11:05:00+05:30,398.7,400.0,398.2,398.9,176346,BIOCON
998,2025-01-20 11:10:00+05:30,398.9,399.5,398.65,399.3,96124,BIOCON
999,2025-01-20 11:15:00+05:30,399.35,399.5,397.85,399.3,110699,BIOCON
1000,2025-01-20 11:20:00+05:30,399.35,400.4,398.35,398.75,208597,BIOCON
1001,2025-01-20 11:25:00+05:30,398.75,399.45,398.5,398.9,88380,BIOCON
1002,2025-01-20 11:30:00+05:30,399.0,399.0,397.95,398.3,62823,BIOCON
1003,2025-01-20 11:35:00+05:30,398.3,398.7,397.5,397.5,60301,BIOCON
1004,2025-01-20 11:40:00+05:30,397.7,397.7,396.7,396.95,67543,BIOCON
1005,2025-01-20 11:45:00+05:30,396.95,397.95,396.25,397.5,95200,BIOCON
1006,2025-01-20 11:50:00+05:30,397.45,398.35,397.45,397.8,90862,BIOCON
1007,2025-01-20 11:55:00+05:30,397.9,398.25,397.55,397.75,64035,BIOCON
1008,2025-01-20 12:00:00+05:30,397.75,397.85,397.05,397.6,61512,BIOCON
1009,2025-01-20 12:05:00+05:30,397.45,397.7,396.7,397.2,72312,BIOCON
1010,2025-01-20 12:10:00+05:30,397.2,397.85,396.8,396.8,62543,BIOCON
1011,2025-01-20 12:15:00+05:30,397.0,397.6,396.8,396.85,71623,BIOCON
1012,2025-01-20 12:20:00+05:30,396.9,397.3,395.5,395.85,126152,BIOCON
1013,2025-01-20 12:25:00+05:30,395.85,395.95,394.65,394.65,121052,BIOCON
1014,2025-01-20 12:30:00+05:30,394.65,394.75,393.4,393.75,93354,BIOCON
1015,2025-01-20 12:35:00+05:30,393.75,394.8,393.5,394.5,60065,BIOCON
1016,2025-01-20 12:40:00+05:30,394.5,395.25,394.35,394.95,49667,BIOCON
1017,2025-01-20 12:45:00+05:30,395.15,395.7,394.7,395.15,33663,BIOCON
1018,2025-01-20 12:50:00+05:30,395.05,396.35,394.65,396.15,73054,BIOCON
1019,2025-01-20 12:55:00+05:30,396.1,397.4,396.0,396.6,89806,BIOCON
1020,2025-01-20 13:00:00+05:30,396.6,397.0,396.4,396.95,47114,BIOCON
1021,2025-01-20 13:05:00+05:30,396.95,396.95,396.05,396.6,34365,BIOCON
1022,2025-01-20 13:10:00+05:30,396.4,396.75,396.15,396.2,29489,BIOCON
1023,2025-01-20 13:15:00+05:30,396.25,397.0,396.25,396.95,34230,BIOCON
1024,2025-01-20 13:20:00+05:30,396.95,398.85,396.6,398.8,103142,BIOCON
1025,2025-01-20 13:25:00+05:30,398.8,398.95,397.95,398.8,82171,BIOCON
1026,2025-01-20 13:30:00+05:30,398.8,399.25,398.35,398.85,89029,BIOCON
1027,2025-01-20 13:35:00+05:30,398.85,399.6,398.6,399.45,113649,BIOCON
1028,2025-01-20 13:40:00+05:30,399.25,400.65,399.2,399.45,228027,BIOCON
1029,2025-01-20 13:45:00+05:30,399.6,399.95,398.2,398.6,103058,BIOCON
1030,2025-01-20 13:50:00+05:30,398.6,399.0,398.35,398.6,51037,BIOCON
1031,2025-01-20 13:55:00+05:30,398.6,399.25,398.1,398.55,58985,BIOCON
1032,2025-01-20 14:00:00+05:30,398.55,398.85,398.3,398.7,68573,BIOCON
1033,2025-01-20 14:05:00+05:30,398.6,399.7,398.3,399.7,75204,BIOCON
1034,2025-01-20 14:10:00+05:30,399.55,401.55,399.5,401.3,356416,BIOCON
1035,2025-01-20 14:15:00+05:30,401.3,402.65,400.55,401.9,409819,BIOCON
1036,2025-01-20 14:20:00+05:30,401.9,402.3,401.25,401.85,176703,BIOCON
1037,2025-01-20 14:25:00+05:30,402.1,402.35,401.5,401.9,92335,BIOCON
1038,2025-01-20 14:30:00+05:30,401.9,402.35,401.15,401.85,139162,BIOCON
1039,2025-01-20 14:35:00+05:30,402.0,402.8,401.45,402.35,120033,BIOCON
1040,2025-01-20 14:40:00+05:30,402.45,402.75,401.7,401.9,94818,BIOCON
1041,2025-01-20 14:45:00+05:30,401.9,402.5,401.75,402.0,87006,BIOCON
1042,2025-01-20 14:50:00+05:30,401.95,402.5,401.8,402.3,87574,BIOCON
1043,2025-01-20 14:55:00+05:30,402.15,402.9,402.15,402.7,78789,BIOCON
1044,2025-01-20 15:00:00+05:30,402.65,402.75,401.8,402.6,110839,BIOCON
1045,2025-01-20 15:05:00+05:30,402.55,402.55,402.05,402.5,75139,BIOCON
1046,2025-01-20 15:10:00+05:30,402.5,402.5,401.2,401.55,123298,BIOCON
1047,2025-01-20 15:15:00+05:30,401.8,401.9,401.1,401.4,187081,BIOCON
1048,2025-01-20 15:20:00+05:30,401.2,401.65,400.35,400.6,155047,BIOCON
1049,2025-01-20 15:25:00+05:30,400.65,401.5,400.35,401.2,115775,BIOCON
1050,2025-01-21 09:15:00+05:30,403.0,404.3,401.0,402.2,476658,BIOCON
1051,2025-01-21 09:20:00+05:30,402.25,404.4,402.05,402.85,195490,BIOCON
1052,2025-01-21 09:25:00+05:30,402.65,404.7,402.45,403.8,154525,BIOCON
1053,2025-01-21 09:30:00+05:30,404.05,404.55,402.0,402.1,134453,BIOCON
1054,2025-01-21 09:35:00+05:30,402.15,402.5,401.6,402.2,106340,BIOCON
1055,2025-01-21 09:40:00+05:30,402.05,403.5,401.5,402.85,103357,BIOCON
1056,2025-01-21 09:45:00+05:30,403.0,403.35,401.9,402.15,47628,BIOCON
1057,2025-01-21 09:50:00+05:30,402.05,403.4,401.3,403.4,104763,BIOCON
1058,2025-01-21 09:55:00+05:30,403.25,403.6,401.8,402.0,92107,BIOCON
1059,2025-01-21 10:00:00+05:30,401.95,402.0,400.0,400.15,144213,BIOCON
1060,2025-01-21 10:05:00+05:30,400.0,400.5,399.25,399.55,109219,BIOCON
1061,2025-01-21 10:10:00+05:30,399.5,400.55,399.25,399.8,120414,BIOCON
1062,2025-01-21 10:15:00+05:30,399.95,400.0,397.6,397.9,127962,BIOCON
1063,2025-01-21 10:20:00+05:30,397.7,397.9,396.5,396.65,139077,BIOCON
1064,2025-01-21 10:25:00+05:30,396.7,397.75,396.25,396.25,77898,BIOCON
1065,2025-01-21 10:30:00+05:30,396.25,396.9,395.25,395.4,91966,BIOCON
1066,2025-01-21 10:35:00+05:30,395.5,396.45,395.25,395.85,84404,BIOCON
1067,2025-01-21 10:40:00+05:30,395.95,396.75,394.8,394.85,69871,BIOCON
1068,2025-01-21 10:45:00+05:30,394.8,395.6,394.5,395.3,63401,BIOCON
1069,2025-01-21 10:50:00+05:30,395.6,396.05,394.6,394.8,32822,BIOCON
1070,2025-01-21 10:55:00+05:30,394.85,395.45,394.25,394.5,58171,BIOCON
1071,2025-01-21 11:00:00+05:30,394.45,394.65,393.35,393.85,76203,BIOCON
1072,2025-01-21 11:05:00+05:30,393.65,394.45,393.25,393.25,34208,BIOCON
1073,2025-01-21 11:10:00+05:30,393.25,394.45,393.0,394.2,45279,BIOCON
1074,2025-01-21 11:15:00+05:30,394.05,394.95,393.75,394.2,37330,BIOCON
1075,2025-01-21 11:20:00+05:30,394.1,394.4,393.55,393.7,26243,BIOCON
1076,2025-01-21 11:25:00+05:30,393.9,394.2,393.5,393.6,16238,BIOCON
1077,2025-01-21 11:30:00+05:30,393.6,395.35,393.5,395.0,59213,BIOCON
1078,2025-01-21 11:35:00+05:30,394.8,395.2,394.4,394.9,23292,BIOCON
1079,2025-01-21 11:40:00+05:30,394.75,396.2,394.7,396.0,28484,BIOCON
1080,2025-01-21 11:45:00+05:30,396.0,398.0,396.0,397.15,95365,BIOCON
1081,2025-01-21 11:50:00+05:30,397.0,397.95,397.0,397.4,32721,BIOCON
1082,2025-01-21 11:55:00+05:30,397.6,397.65,396.4,397.3,46073,BIOCON
1083,2025-01-21 12:00:00+05:30,397.4,397.65,396.85,397.0,13058,BIOCON
1084,2025-01-21 12:05:00+05:30,396.8,397.15,395.65,396.05,24752,BIOCON
1085,2025-01-21 12:10:00+05:30,396.05,396.45,395.3,395.3,14984,BIOCON
1086,2025-01-21 12:15:00+05:30,395.3,395.65,394.35,394.6,37739,BIOCON
1087,2025-01-21 12:20:00+05:30,394.55,394.8,393.9,394.25,21626,BIOCON
1088,2025-01-21 12:25:00+05:30,394.05,394.9,393.85,393.9,22266,BIOCON
1089,2025-01-21 12:30:00+05:30,393.85,394.25,393.65,393.9,29878,BIOCON
1090,2025-01-21 12:35:00+05:30,393.9,394.2,393.5,393.6,29490,BIOCON
1091,2025-01-21 12:40:00+05:30,393.6,394.5,393.3,394.25,27866,BIOCON
1092,2025-01-21 12:45:00+05:30,394.1,394.5,393.8,394.0,22459,BIOCON
1093,2025-01-21 12:50:00+05:30,394.0,394.45,393.6,393.85,18991,BIOCON
1094,2025-01-21 12:55:00+05:30,393.75,395.35,393.7,394.55,21991,BIOCON
1095,2025-01-21 13:00:00+05:30,394.55,395.75,394.4,395.35,18567,BIOCON
1096,2025-01-21 13:05:00+05:30,395.3,395.4,394.0,394.65,41076,BIOCON
1097,2025-01-21 13:10:00+05:30,394.65,394.85,394.05,394.4,13275,BIOCON
1098,2025-01-21 13:15:00+05:30,394.35,394.4,392.25,392.25,71134,BIOCON
1099,2025-01-21 13:20:00+05:30,392.25,393.6,391.8,393.4,43318,BIOCON
1100,2025-01-21 13:25:00+05:30,393.4,394.25,393.3,394.1,24196,BIOCON
1101,2025-01-21 13:30:00+05:30,393.85,394.3,392.7,392.8,20196,BIOCON
1102,2025-01-21 13:35:00+05:30,392.8,393.5,392.75,393.3,19930,BIOCON
1103,2025-01-21 13:40:00+05:30,393.1,394.3,393.1,394.1,22043,BIOCON
1104,2025-01-21 13:45:00+05:30,394.05,394.25,393.8,393.9,9353,BIOCON
1105,2025-01-21 13:50:00+05:30,393.9,394.1,393.25,393.35,18542,BIOCON
1106,2025-01-21 13:55:00+05:30,393.4,395.45,393.35,395.0,55113,BIOCON
1107,2025-01-21 14:00:00+05:30,395.0,395.35,394.45,395.1,22484,BIOCON
1108,2025-01-21 14:05:00+05:30,395.1,395.35,394.3,394.95,21766,BIOCON
1109,2025-01-21 14:10:00+05:30,395.15,395.15,394.0,394.05,13223,BIOCON
1110,2025-01-21 14:15:00+05:30,394.05,394.45,394.0,394.0,18010,BIOCON
1111,2025-01-21 14:20:00+05:30,394.0,394.3,392.9,392.9,20128,BIOCON
1112,2025-01-21 14:25:00+05:30,393.1,393.5,392.5,393.05,20994,BIOCON
1113,2025-01-21 14:30:00+05:30,393.0,393.65,391.95,392.05,42641,BIOCON
1114,2025-01-21 14:35:00+05:30,392.05,392.2,391.5,391.5,39672,BIOCON
1115,2025-01-21 14:40:00+05:30,391.5,391.55,390.7,390.75,54843,BIOCON
1116,2025-01-21 14:45:00+05:30,390.7,391.3,390.35,390.6,43560,BIOCON
1117,2025-01-21 14:50:00+05:30,390.5,391.75,390.15,391.4,55657,BIOCON
1118,2025-01-21 14:55:00+05:30,391.2,392.25,391.1,391.6,26721,BIOCON
1119,2025-01-21 15:00:00+05:30,391.7,391.95,390.55,390.8,75585,BIOCON
1120,2025-01-21 15:05:00+05:30,390.8,391.7,390.3,391.45,75053,BIOCON
1121,2025-01-21 15:10:00+05:30,391.55,391.8,390.5,390.5,70092,BIOCON
1122,2025-01-21 15:15:00+05:30,390.7,391.2,390.15,390.5,147844,BIOCON
1123,2025-01-21 15:20:00+05:30,390.5,390.6,389.65,389.7,95939,BIOCON
1124,2025-01-21 15:25:00+05:30,389.75,391.2,389.25,389.5,119467,BIOCON
1125,2025-01-22 09:15:00+05:30,390.55,392.35,386.15,386.6,192841,BIOCON
1126,2025-01-22 09:20:00+05:30,386.6,388.45,386.2,387.35,98045,BIOCON
1127,2025-01-22 09:25:00+05:30,387.35,387.35,383.75,384.4,91927,BIOCON
1128,2025-01-22 09:30:00+05:30,384.4,386.0,383.95,385.3,74251,BIOCON
1129,2025-01-22 09:35:00+05:30,385.3,386.0,384.35,385.2,54203,BIOCON
1130,2025-01-22 09:40:00+05:30,385.0,385.25,383.1,383.4,50321,BIOCON
1131,2025-01-22 09:45:00+05:30,383.2,385.5,382.65,385.25,96617,BIOCON
1132,2025-01-22 09:50:00+05:30,385.25,385.9,384.4,385.5,42410,BIOCON
1133,2025-01-22 09:55:00+05:30,385.35,387.2,385.25,387.05,41316,BIOCON
1134,2025-01-22 10:00:00+05:30,386.95,387.1,385.0,385.3,42849,BIOCON
1135,2025-01-22 10:05:00+05:30,385.3,387.3,385.3,387.0,49649,BIOCON
1136,2025-01-22 10:10:00+05:30,387.2,387.3,385.65,386.15,27070,BIOCON
1137,2025-01-22 10:15:00+05:30,386.2,386.5,385.0,385.1,36183,BIOCON
1138,2025-01-22 10:20:00+05:30,385.1,385.1,383.8,384.65,42692,BIOCON
1139,2025-01-22 10:25:00+05:30,384.65,386.0,384.2,386.0,47751,BIOCON
1140,2025-01-22 10:30:00+05:30,386.0,386.55,385.3,386.0,32326,BIOCON
1141,2025-01-22 10:35:00+05:30,386.05,386.1,384.7,384.9,19227,BIOCON
1142,2025-01-22 10:40:00+05:30,384.7,385.6,384.35,385.6,28977,BIOCON
1143,2025-01-22 10:45:00+05:30,385.85,386.45,385.05,385.85,26420,BIOCON
1144,2025-01-22 10:50:00+05:30,385.85,385.85,384.65,384.85,14192,BIOCON
1145,2025-01-22 10:55:00+05:30,384.65,385.95,384.55,385.55,13798,BIOCON
1146,2025-01-22 11:00:00+05:30,385.6,385.65,384.0,384.4,21000,BIOCON
1147,2025-01-22 11:05:00+05:30,384.15,384.3,382.85,383.05,50511,BIOCON
1148,2025-01-22 11:10:00+05:30,382.85,383.0,382.35,382.7,31988,BIOCON
1149,2025-01-22 11:15:00+05:30,382.7,382.85,381.8,382.1,49379,BIOCON
1150,2025-01-22 11:20:00+05:30,382.3,384.55,382.1,384.5,59089,BIOCON
1151,2025-01-22 11:25:00+05:30,384.45,384.6,383.55,383.8,21010,BIOCON
1152,2025-01-22 11:30:00+05:30,383.7,383.8,382.65,382.95,20842,BIOCON
1153,2025-01-22 11:35:00+05:30,382.95,383.8,382.7,383.15,17212,BIOCON
1154,2025-01-22 11:40:00+05:30,383.25,383.9,383.0,383.1,10796,BIOCON
1155,2025-01-22 11:45:00+05:30,383.1,383.5,382.6,383.4,21110,BIOCON
1156,2025-01-22 11:50:00+05:30,383.4,383.5,383.05,383.5,7525,BIOCON
1157,2025-01-22 11:55:00+05:30,383.5,383.9,382.1,382.15,14211,BIOCON
1158,2025-01-22 12:00:00+05:30,382.3,382.3,381.3,381.9,26545,BIOCON
1159,2025-01-22 12:05:00+05:30,381.75,382.2,381.15,381.5,16953,BIOCON
1160,2025-01-22 12:10:00+05:30,381.5,381.8,381.25,381.55,9183,BIOCON
1161,2025-01-22 12:15:00+05:30,381.5,381.7,381.1,381.15,8531,BIOCON
1162,2025-01-22 12:20:00+05:30,381.15,381.3,380.35,380.55,45945,BIOCON
1163,2025-01-22 12:25:00+05:30,380.6,381.15,380.1,381.05,27001,BIOCON
1164,2025-01-22 12:30:00+05:30,381.05,381.8,380.4,381.4,54105,BIOCON
1165,2025-01-22 12:35:00+05:30,381.5,381.75,380.45,380.75,28274,BIOCON
1166,2025-01-22 12:40:00+05:30,380.55,381.75,380.3,381.25,29247,BIOCON
1167,2025-01-22 12:45:00+05:30,381.3,381.3,380.7,380.85,8902,BIOCON
1168,2025-01-22 12:50:00+05:30,380.85,381.5,380.35,380.4,20355,BIOCON
1169,2025-01-22 12:55:00+05:30,380.35,381.0,380.3,381.0,6953,BIOCON
1170,2025-01-22 13:00:00+05:30,381.0,381.25,380.3,380.35,17187,BIOCON
1171,2025-01-22 13:05:00+05:30,380.45,381.4,380.25,381.0,21276,BIOCON
1172,2025-01-22 13:10:00+05:30,381.25,382.7,381.05,382.7,21842,BIOCON
1173,2025-01-22 13:15:00+05:30,382.55,382.9,381.95,382.9,33274,BIOCON
1174,2025-01-22 13:20:00+05:30,382.9,382.9,381.45,381.55,17123,BIOCON
1175,2025-01-22 13:25:00+05:30,381.55,381.85,380.5,380.85,52055,BIOCON
1176,2025-01-22 13:30:00+05:30,380.85,381.55,380.8,381.0,19072,BIOCON
1177,2025-01-22 13:35:00+05:30,380.95,381.8,380.5,381.3,14458,BIOCON
1178,2025-01-22 13:40:00+05:30,381.1,381.1,380.4,380.75,13677,BIOCON
1179,2025-01-22 13:45:00+05:30,380.65,381.9,380.5,381.8,17593,BIOCON
1180,2025-01-22 13:50:00+05:30,381.8,382.2,381.1,381.4,26313,BIOCON
1181,2025-01-22 13:55:00+05:30,381.45,382.0,381.2,381.95,19122,BIOCON
1182,2025-01-22 14:00:00+05:30,382.0,382.5,381.05,381.3,32429,BIOCON
1183,2025-01-22 14:05:00+05:30,381.3,382.8,381.1,382.8,11179,BIOCON
1184,2025-01-22 14:10:00+05:30,382.8,383.5,382.55,382.85,47064,BIOCON
1185,2025-01-22 14:15:00+05:30,382.85,383.3,382.35,383.05,18170,BIOCON
1186,2025-01-22 14:20:00+05:30,383.35,384.15,383.15,384.1,37270,BIOCON
1187,2025-01-22 14:25:00+05:30,384.1,384.2,383.7,384.1,16265,BIOCON
1188,2025-01-22 14:30:00+05:30,384.05,384.45,383.65,384.35,19642,BIOCON
1189,2025-01-22 14:35:00+05:30,384.35,384.85,383.4,384.85,20321,BIOCON
1190,2025-01-22 14:40:00+05:30,384.85,385.4,384.4,385.25,22564,BIOCON
1191,2025-01-22 14:45:00+05:30,385.2,386.45,385.2,386.4,100270,BIOCON
1192,2025-01-22 14:50:00+05:30,386.4,386.9,385.75,386.25,51528,BIOCON
1193,2025-01-22 14:55:00+05:30,386.3,387.55,385.9,387.45,30919,BIOCON
1194,2025-01-22 15:00:00+05:30,387.4,388.4,387.1,388.2,54508,BIOCON
1195,2025-01-22 15:05:00+05:30,388.25,388.65,387.35,387.85,44142,BIOCON
1196,2025-01-22 15:10:00+05:30,387.9,389.0,387.8,388.7,56692,BIOCON
1197,2025-01-22 15:15:00+05:30,388.6,388.75,387.65,387.95,112774,BIOCON
1198,2025-01-22 15:20:00+05:30,387.8,388.3,387.3,387.95,79932,BIOCON
1199,2025-01-22 15:25:00+05:30,388.2,388.6,387.45,388.4,65014,BIOCON
1200,2025-01-23 09:15:00+05:30,385.55,388.6,385.55,388.0,84149,BIOCON
1201,2025-01-23 09:20:00+05:30,387.95,390.5,387.3,390.25,98791,BIOCON
1202,2025-01-23 09:25:00+05:30,390.25,391.2,389.8,390.5,108536,BIOCON
1203,2025-01-23 09:30:00+05:30,390.5,393.8,390.35,393.0,128385,BIOCON
1204,2025-01-23 09:35:00+05:30,393.15,394.7,392.95,394.55,104752,BIOCON
1205,2025-01-23 09:40:00+05:30,394.5,395.0,393.0,393.35,76463,BIOCON
1206,2025-01-23 09:45:00+05:30,393.35,394.6,392.6,394.5,62470,BIOCON
1207,2025-01-23 09:50:00+05:30,394.4,395.85,393.8,395.5,69272,BIOCON
1208,2025-01-23 09:55:00+05:30,395.5,396.25,394.9,395.05,58171,BIOCON
1209,2025-01-23 10:00:00+05:30,395.0,397.15,395.0,396.75,71252,BIOCON
1210,2025-01-23 10:05:00+05:30,396.8,397.1,396.1,396.25,41250,BIOCON
1211,2025-01-23 10:10:00+05:30,396.25,396.25,395.25,395.7,31252,BIOCON
1212,2025-01-23 10:15:00+05:30,395.8,396.9,395.45,396.9,37921,BIOCON
1213,2025-01-23 10:20:00+05:30,396.9,397.15,396.2,396.9,55477,BIOCON
1214,2025-01-23 10:25:00+05:30,396.9,397.0,396.05,396.2,16592,BIOCON
1215,2025-01-23 10:30:00+05:30,396.1,396.9,395.9,396.65,27338,BIOCON
1216,2025-01-23 10:35:00+05:30,396.65,396.7,395.35,395.5,31471,BIOCON
1217,2025-01-23 10:40:00+05:30,395.65,396.2,395.5,395.8,19094,BIOCON
1218,2025-01-23 10:45:00+05:30,395.8,396.95,395.55,396.75,35417,BIOCON
1219,2025-01-23 10:50:00+05:30,396.85,396.95,395.6,395.8,27069,BIOCON
1220,2025-01-23 10:55:00+05:30,395.8,397.5,395.8,396.5,50344,BIOCON
1221,2025-01-23 11:00:00+05:30,396.6,396.6,395.55,395.55,17809,BIOCON
1222,2025-01-23 11:05:00+05:30,395.5,395.75,394.85,395.3,54084,BIOCON
1223,2025-01-23 11:10:00+05:30,395.35,395.35,395.0,395.25,13331,BIOCON
1224,2025-01-23 11:15:00+05:30,395.1,395.75,394.75,395.45,19409,BIOCON
1225,2025-01-23 11:20:00+05:30,395.75,395.8,395.0,395.2,6673,BIOCON
1226,2025-01-23 11:25:00+05:30,395.4,395.4,395.0,395.1,5710,BIOCON
1227,2025-01-23 11:30:00+05:30,395.05,395.25,394.95,395.0,17114,BIOCON
1228,2025-01-23 11:35:00+05:30,395.0,395.2,395.0,395.15,6398,BIOCON
1229,2025-01-23 11:40:00+05:30,395.1,395.15,393.55,393.7,29031,BIOCON
1230,2025-01-23 11:45:00+05:30,393.7,393.95,393.05,393.8,36620,BIOCON
1231,2025-01-23 11:50:00+05:30,393.65,394.6,393.55,394.4,32655,BIOCON
1232,2025-01-23 11:55:00+05:30,394.35,394.35,393.6,393.85,10741,BIOCON
1233,2025-01-23 12:00:00+05:30,393.75,394.6,393.75,394.6,16016,BIOCON
1234,2025-01-23 12:05:00+05:30,394.55,395.75,394.55,395.35,31322,BIOCON
1235,2025-01-23 12:10:00+05:30,395.35,396.35,395.05,396.35,36442,BIOCON
1236,2025-01-23 12:15:00+05:30,396.2,396.5,395.4,395.55,45891,BIOCON
1237,2025-01-23 12:20:00+05:30,395.55,396.0,395.1,395.6,24244,BIOCON
1238,2025-01-23 12:25:00+05:30,395.65,395.7,395.4,395.5,13989,BIOCON
1239,2025-01-23 12:30:00+05:30,395.65,396.95,395.65,396.9,33926,BIOCON
1240,2025-01-23 12:35:00+05:30,396.9,397.25,396.7,396.9,27854,BIOCON
1241,2025-01-23 12:40:00+05:30,396.9,397.7,396.9,397.7,39735,BIOCON
1242,2025-01-23 12:45:00+05:30,397.7,398.2,396.2,396.8,70574,BIOCON
1243,2025-01-23 12:50:00+05:30,396.8,396.8,396.05,396.15,38840,BIOCON
1244,2025-01-23 12:55:00+05:30,396.3,396.75,396.25,396.65,14074,BIOCON
1245,2025-01-23 13:00:00+05:30,396.6,396.75,396.15,396.6,17645,BIOCON
1246,2025-01-23 13:05:00+05:30,396.65,397.45,396.6,397.25,32438,BIOCON
1247,2025-01-23 13:10:00+05:30,397.35,397.5,397.1,397.3,20852,BIOCON
1248,2025-01-23 13:15:00+05:30,397.2,397.35,396.9,397.15,23015,BIOCON
1249,2025-01-23 13:20:00+05:30,397.0,397.25,396.55,396.7,32953,BIOCON
1250,2025-01-23 13:25:00+05:30,396.6,396.95,396.3,396.85,11373,BIOCON
1251,2025-01-23 13:30:00+05:30,396.85,396.9,396.1,396.6,22348,BIOCON
1252,2025-01-23 13:35:00+05:30,396.45,397.35,396.45,397.0,24676,BIOCON
1253,2025-01-23 13:40:00+05:30,397.0,397.1,396.4,397.1,16057,BIOCON
1254,2025-01-23 13:45:00+05:30,397.1,398.15,397.1,397.7,49168,BIOCON
1255,2025-01-23 13:50:00+05:30,397.7,398.5,397.6,398.5,45293,BIOCON
1256,2025-01-23 13:55:00+05:30,398.5,399.65,398.15,398.5,104963,BIOCON
1257,2025-01-23 14:00:00+05:30,398.7,399.0,398.0,398.3,43929,BIOCON
1258,2025-01-23 14:05:00+05:30,398.4,399.3,398.1,398.2,76037,BIOCON
1259,2025-01-23 14:10:00+05:30,398.25,398.4,397.65,398.2,42578,BIOCON
1260,2025-01-23 14:15:00+05:30,398.2,398.2,397.6,398.0,58254,BIOCON
1261,2025-01-23 14:20:00+05:30,398.0,398.0,397.2,397.5,52542,BIOCON
1262,2025-01-23 14:25:00+05:30,397.35,397.7,396.5,397.0,67628,BIOCON
1263,2025-01-23 14:30:00+05:30,397.0,397.7,397.0,397.65,37742,BIOCON
1264,2025-01-23 14:35:00+05:30,397.65,397.65,397.35,397.55,22325,BIOCON
1265,2025-01-23 14:40:00+05:30,397.5,397.55,396.25,396.65,81337,BIOCON
1266,2025-01-23 14:45:00+05:30,396.85,397.0,395.75,396.05,53703,BIOCON
1267,2025-01-23 14:50:00+05:30,395.85,396.05,395.3,395.75,36499,BIOCON
1268,2025-01-23 14:55:00+05:30,395.75,397.2,395.75,397.1,40136,BIOCON
1269,2025-01-23 15:00:00+05:30,397.1,397.1,395.75,396.3,48488,BIOCON
1270,2025-01-23 15:05:00+05:30,396.45,397.85,396.05,397.85,31515,BIOCON
1271,2025-01-23 15:10:00+05:30,397.85,397.95,397.15,397.7,49818,BIOCON
1272,2025-01-23 15:15:00+05:30,397.7,398.0,397.65,397.7,76515,BIOCON
1273,2025-01-23 15:20:00+05:30,397.7,397.85,397.2,397.25,62181,BIOCON
1274,2025-01-23 15:25:00+05:30,397.4,397.4,395.75,396.8,49207,BIOCON
1275,2025-01-24 09:15:00+05:30,397.3,397.8,394.65,396.5,129544,BIOCON
1276,2025-01-24 09:20:00+05:30,396.4,397.1,393.95,394.1,115045,BIOCON
1277,2025-01-24 09:25:00+05:30,394.1,394.35,392.9,393.1,78677,BIOCON
1278,2025-01-24 09:30:00+05:30,393.0,395.7,393.0,395.45,55279,BIOCON
1279,2025-01-24 09:35:00+05:30,395.3,396.0,393.8,394.05,102119,BIOCON
1280,2025-01-24 09:40:00+05:30,394.0,395.45,393.75,395.3,34297,BIOCON
1281,2025-01-24 09:45:00+05:30,395.2,395.7,391.5,391.5,71956,BIOCON
1282,2025-01-24 09:50:00+05:30,391.6,392.65,391.05,391.1,70736,BIOCON
1283,2025-01-24 09:55:00+05:30,391.1,391.75,390.0,390.15,51231,BIOCON
1284,2025-01-24 10:00:00+05:30,390.15,390.95,389.0,389.4,64705,BIOCON
1285,2025-01-24 10:05:00+05:30,389.85,391.0,389.2,390.45,66072,BIOCON
1286,2025-01-24 10:10:00+05:30,390.55,391.5,389.55,390.0,70482,BIOCON
1287,2025-01-24 10:15:00+05:30,390.05,390.55,389.1,389.15,51771,BIOCON
1288,2025-01-24 10:20:00+05:30,389.15,390.25,388.2,390.25,91259,BIOCON
1289,2025-01-24 10:25:00+05:30,390.1,392.15,390.0,390.95,98436,BIOCON
1290,2025-01-24 10:30:00+05:30,391.0,391.6,390.85,391.45,29604,BIOCON
1291,2025-01-24 10:35:00+05:30,391.5,392.65,391.5,392.5,30832,BIOCON
1292,2025-01-24 10:40:00+05:30,392.4,392.7,391.5,391.55,24571,BIOCON
1293,2025-01-24 10:45:00+05:30,391.55,391.8,391.2,391.6,22977,BIOCON
1294,2025-01-24 10:50:00+05:30,391.6,391.6,390.45,391.1,30808,BIOCON
1295,2025-01-24 10:55:00+05:30,390.85,391.95,390.65,391.8,22021,BIOCON
1296,2025-01-24 11:00:00+05:30,391.75,392.6,391.2,392.6,29660,BIOCON
1297,2025-01-24 11:05:00+05:30,392.5,392.6,391.7,391.8,15932,BIOCON
1298,2025-01-24 11:10:00+05:30,392.0,392.9,391.6,392.35,27654,BIOCON
1299,2025-01-24 11:15:00+05:30,392.25,392.55,391.75,392.05,16431,BIOCON
1300,2025-01-24 11:20:00+05:30,392.25,393.0,392.0,392.8,22968,BIOCON
1301,2025-01-24 11:25:00+05:30,392.55,393.8,392.45,393.35,28387,BIOCON
1302,2025-01-24 11:30:00+05:30,393.4,393.6,391.85,392.05,23106,BIOCON
1303,2025-01-24 11:35:00+05:30,392.0,392.45,391.7,391.7,7673,BIOCON
1304,2025-01-24 11:40:00+05:30,391.7,393.3,391.5,393.25,29079,BIOCON
1305,2025-01-24 11:45:00+05:30,393.15,393.55,392.6,392.8,15055,BIOCON
1306,2025-01-24 11:50:00+05:30,392.75,393.1,392.55,392.85,7389,BIOCON
1307,2025-01-24 11:55:00+05:30,392.75,392.9,392.2,392.5,19310,BIOCON
1308,2025-01-24 12:00:00+05:30,392.3,393.5,392.3,393.15,17991,BIOCON
1309,2025-01-24 12:05:00+05:30,393.25,394.15,392.85,393.85,22015,BIOCON
1310,2025-01-24 12:10:00+05:30,393.7,393.9,393.15,393.7,10906,BIOCON
1311,2025-01-24 12:15:00+05:30,393.55,394.4,393.4,394.1,23200,BIOCON
1312,2025-01-24 12:20:00+05:30,394.35,394.65,393.85,394.45,23783,BIOCON
1313,2025-01-24 12:25:00+05:30,394.45,394.7,393.85,393.9,9917,BIOCON
1314,2025-01-24 12:30:00+05:30,394.0,394.1,392.65,392.75,19077,BIOCON
1315,2025-01-24 12:35:00+05:30,392.7,392.7,391.5,391.75,47433,BIOCON
1316,2025-01-24 12:40:00+05:30,391.7,392.35,391.5,391.75,16278,BIOCON
1317,2025-01-24 12:45:00+05:30,391.65,391.9,391.25,391.7,18336,BIOCON
1318,2025-01-24 12:50:00+05:30,391.7,392.25,391.25,391.45,72545,BIOCON
1319,2025-01-24 12:55:00+05:30,391.7,392.1,391.05,391.15,27337,BIOCON
1320,2025-01-24 13:00:00+05:30,391.2,391.3,390.15,390.35,24593,BIOCON
1321,2025-01-24 13:05:00+05:30,390.55,390.7,390.0,390.5,25100,BIOCON
1322,2025-01-24 13:10:00+05:30,390.7,392.15,390.7,391.95,30065,BIOCON
1323,2025-01-24 13:15:00+05:30,391.9,391.9,390.45,390.45,11112,BIOCON
1324,2025-01-24 13:20:00+05:30,390.65,390.95,390.35,390.85,33275,BIOCON
1325,2025-01-24 13:25:00+05:30,390.75,391.2,390.75,390.85,7420,BIOCON
1326,2025-01-24 13:30:00+05:30,391.05,391.05,390.25,390.8,14154,BIOCON
1327,2025-01-24 13:35:00+05:30,390.8,390.9,390.1,390.45,4079,BIOCON
1328,2025-01-24 13:40:00+05:30,390.4,390.7,389.85,390.4,21758,BIOCON
1329,2025-01-24 13:45:00+05:30,390.4,390.9,390.1,390.8,10408,BIOCON
1330,2025-01-24 13:50:00+05:30,390.8,391.65,390.4,390.95,17186,BIOCON
1331,2025-01-24 13:55:00+05:30,390.8,390.95,389.8,390.0,43846,BIOCON
1332,2025-01-24 14:00:00+05:30,389.95,390.7,389.45,390.7,24120,BIOCON
1333,2025-01-24 14:05:00+05:30,390.75,391.1,390.0,390.2,24459,BIOCON
1334,2025-01-24 14:10:00+05:30,390.1,390.1,389.15,389.15,10066,BIOCON
1335,2025-01-24 14:15:00+05:30,389.15,389.3,388.5,389.05,37569,BIOCON
1336,2025-01-24 14:20:00+05:30,389.05,389.85,388.55,388.65,13108,BIOCON
1337,2025-01-24 14:25:00+05:30,388.55,390.05,388.45,389.25,69331,BIOCON
1338,2025-01-24 14:30:00+05:30,389.3,389.5,388.9,389.05,29578,BIOCON
1339,2025-01-24 14:35:00+05:30,389.1,389.2,388.0,388.0,34601,BIOCON
1340,2025-01-24 14:40:00+05:30,388.1,388.25,386.4,387.0,115968,BIOCON
1341,2025-01-24 14:45:00+05:30,387.2,387.55,387.0,387.1,37813,BIOCON
1342,2025-01-24 14:50:00+05:30,387.15,388.4,387.0,388.15,30713,BIOCON
1343,2025-01-24 14:55:00+05:30,388.4,388.65,387.65,388.35,41556,BIOCON
1344,2025-01-24 15:00:00+05:30,388.25,388.65,387.25,387.25,32224,BIOCON
1345,2025-01-24 15:05:00+05:30,387.25,388.35,387.0,388.35,45145,BIOCON
1346,2025-01-24 15:10:00+05:30,388.35,388.75,387.5,388.05,79974,BIOCON
1347,2025-01-24 15:15:00+05:30,388.1,389.0,388.05,388.8,48831,BIOCON
1348,2025-01-24 15:20:00+05:30,388.8,389.65,388.0,388.6,75867,BIOCON
1349,2025-01-24 15:25:00+05:30,388.55,388.6,387.85,388.45,74210,BIOCON
1350,2025-01-27 09:15:00+05:30,388.25,388.25,381.6,382.8,168376,BIOCON
1351,2025-01-27 09:20:00+05:30,382.6,383.2,381.6,382.45,76346,BIOCON
1352,2025-01-27 09:25:00+05:30,382.6,382.65,380.75,381.0,56637,BIOCON
1353,2025-01-27 09:30:00+05:30,381.0,381.1,379.3,379.85,76207,BIOCON
1354,2025-01-27 09:35:00+05:30,379.85,381.65,379.55,381.05,68224,BIOCON
1355,2025-01-27 09:40:00+05:30,380.85,381.25,379.55,380.95,66482,BIOCON
1356,2025-01-27 09:45:00+05:30,380.95,381.3,379.15,379.3,40004,BIOCON
1357,2025-01-27 09:50:00+05:30,379.25,379.45,375.6,375.6,180097,BIOCON
1358,2025-01-27 09:55:00+05:30,375.6,376.3,374.85,375.8,106167,BIOCON
1359,2025-01-27 10:00:00+05:30,375.8,376.35,375.0,375.7,48010,BIOCON
1360,2025-01-27 10:05:00+05:30,375.8,376.9,375.15,375.2,70810,BIOCON
1361,2025-01-27 10:10:00+05:30,375.4,375.45,373.85,373.85,56483,BIOCON
1362,2025-01-27 10:15:00+05:30,373.9,373.9,372.55,372.8,69690,BIOCON
1363,2025-01-27 10:20:00+05:30,372.55,373.0,371.7,372.15,76485,BIOCON
1364,2025-01-27 10:25:00+05:30,372.15,372.45,371.2,372.05,66100,BIOCON
1365,2025-01-27 10:30:00+05:30,372.05,372.75,371.4,372.1,54863,BIOCON
1366,2025-01-27 10:35:00+05:30,372.05,372.35,371.25,371.85,24709,BIOCON
1367,2025-01-27 10:40:00+05:30,371.9,374.9,371.8,374.25,43968,BIOCON
1368,2025-01-27 10:45:00+05:30,374.25,375.25,373.9,374.45,23725,BIOCON
1369,2025-01-27 10:50:00+05:30,374.45,374.95,373.5,373.65,24806,BIOCON
1370,2025-01-27 10:55:00+05:30,373.8,374.95,373.2,374.4,23535,BIOCON
1371,2025-01-27 11:00:00+05:30,374.45,374.8,373.55,374.2,9762,BIOCON
1372,2025-01-27 11:05:00+05:30,374.0,375.0,373.7,374.65,11584,BIOCON
1373,2025-01-27 11:10:00+05:30,374.65,374.7,373.8,374.3,10529,BIOCON
1374,2025-01-27 11:15:00+05:30,374.1,374.8,373.95,374.45,7058,BIOCON
1375,2025-01-27 11:20:00+05:30,374.3,375.2,373.8,374.25,19872,BIOCON
1376,2025-01-27 11:25:00+05:30,374.35,374.35,373.65,374.0,10999,BIOCON
1377,2025-01-27 11:30:00+05:30,374.0,374.55,373.4,373.45,12212,BIOCON
1378,2025-01-27 11:35:00+05:30,373.5,373.5,371.75,372.05,19704,BIOCON
1379,2025-01-27 11:40:00+05:30,372.05,372.25,370.65,371.95,68773,BIOCON
1380,2025-01-27 11:45:00+05:30,371.8,372.45,371.2,372.15,26198,BIOCON
1381,2025-01-27 11:50:00+05:30,372.3,374.6,371.85,374.25,35249,BIOCON
1382,2025-01-27 11:55:00+05:30,374.25,375.25,374.25,375.0,60577,BIOCON
1383,2025-01-27 12:00:00+05:30,375.25,377.25,375.25,376.9,56703,BIOCON
1384,2025-01-27 12:05:00+05:30,376.95,377.2,375.8,376.0,27643,BIOCON
1385,2025-01-27 12:10:00+05:30,375.95,375.95,373.3,373.6,29302,BIOCON
1386,2025-01-27 12:15:00+05:30,373.8,374.55,373.6,374.0,18897,BIOCON
1387,2025-01-27 12:20:00+05:30,373.85,375.25,373.85,375.05,8929,BIOCON
1388,2025-01-27 12:25:00+05:30,375.3,375.5,374.3,375.0,14011,BIOCON
1389,2025-01-27 12:30:00+05:30,375.05,375.45,373.8,373.9,12508,BIOCON
1390,2025-01-27 12:35:00+05:30,373.8,373.9,372.65,373.05,15823,BIOCON
1391,2025-01-27 12:40:00+05:30,372.9,372.95,372.1,372.45,14812,BIOCON
1392,2025-01-27 12:45:00+05:30,372.45,372.95,371.6,372.0,16062,BIOCON
1393,2025-01-27 12:50:00+05:30,372.0,372.25,371.15,371.6,27896,BIOCON
1394,2025-01-27 12:55:00+05:30,371.5,372.5,371.5,372.2,9985,BIOCON
1395,2025-01-27 13:00:00+05:30,372.2,373.0,372.1,372.55,15411,BIOCON
1396,2025-01-27 13:05:00+05:30,372.6,373.55,372.45,373.5,12185,BIOCON
1397,2025-01-27 13:10:00+05:30,373.4,373.55,372.8,373.45,7431,BIOCON
1398,2025-01-27 13:15:00+05:30,373.7,373.8,373.05,373.3,11294,BIOCON
1399,2025-01-27 13:20:00+05:30,373.25,373.7,372.65,372.95,7420,BIOCON
1400,2025-01-27 13:25:00+05:30,372.8,373.15,372.5,372.7,22217,BIOCON
1401,2025-01-27 13:30:00+05:30,372.5,373.5,372.35,373.45,35276,BIOCON
1402,2025-01-27 13:35:00+05:30,373.2,373.2,370.95,372.2,141662,BIOCON
1403,2025-01-27 13:40:00+05:30,372.0,372.9,372.0,372.75,28428,BIOCON
1404,2025-01-27 13:45:00+05:30,372.85,373.25,372.05,372.15,29768,BIOCON
1405,2025-01-27 13:50:00+05:30,372.15,372.4,371.5,371.7,20516,BIOCON
1406,2025-01-27 13:55:00+05:30,371.75,372.95,371.6,371.9,28753,BIOCON
1407,2025-01-27 14:00:00+05:30,372.05,372.05,370.7,371.0,36969,BIOCON
1408,2025-01-27 14:05:00+05:30,370.95,372.1,370.6,371.15,81973,BIOCON
1409,2025-01-27 14:10:00+05:30,371.15,371.65,370.4,371.65,26415,BIOCON
1410,2025-01-27 14:15:00+05:30,371.65,373.35,371.65,373.25,26458,BIOCON
1411,2025-01-27 14:20:00+05:30,373.1,373.3,372.1,372.25,19870,BIOCON
1412,2025-01-27 14:25:00+05:30,372.35,372.6,371.55,371.65,21989,BIOCON
1413,2025-01-27 14:30:00+05:30,371.8,371.8,370.25,370.45,59302,BIOCON
1414,2025-01-27 14:35:00+05:30,370.45,370.5,369.8,370.45,50119,BIOCON
1415,2025-01-27 14:40:00+05:30,370.3,371.15,370.3,370.6,24739,BIOCON
1416,2025-01-27 14:45:00+05:30,370.55,371.35,369.65,369.75,32383,BIOCON
1417,2025-01-27 14:50:00+05:30,369.85,371.0,369.4,370.85,27419,BIOCON
1418,2025-01-27 14:55:00+05:30,370.85,370.85,369.8,370.05,40874,BIOCON
1419,2025-01-27 15:00:00+05:30,370.05,370.75,369.8,370.15,40054,BIOCON
1420,2025-01-27 15:05:00+05:30,370.3,370.7,370.0,370.25,50536,BIOCON
1421,2025-01-27 15:10:00+05:30,370.4,370.8,370.05,370.5,54408,BIOCON
1422,2025-01-27 15:15:00+05:30,370.65,370.75,369.7,369.9,139278,BIOCON
1423,2025-01-27 15:20:00+05:30,369.95,370.9,369.6,369.6,120040,BIOCON
1424,2025-01-27 15:25:00+05:30,369.6,371.7,369.6,371.4,102868,BIOCON
1425,2025-01-28 09:15:00+05:30,372.0,372.45,369.6,369.9,81046,BIOCON
1426,2025-01-28 09:20:00+05:30,370.05,370.5,366.65,366.95,96286,BIOCON
1427,2025-01-28 09:25:00+05:30,366.9,367.95,365.3,365.7,68403,BIOCON
1428,2025-01-28 09:30:00+05:30,365.9,366.25,363.85,364.1,101874,BIOCON
1429,2025-01-28 09:35:00+05:30,363.95,364.8,362.4,362.45,72670,BIOCON
1430,2025-01-28 09:40:00+05:30,362.65,363.2,361.2,361.55,85949,BIOCON
1431,2025-01-28 09:45:00+05:30,361.55,363.8,361.25,362.0,81145,BIOCON
1432,2025-01-28 09:50:00+05:30,362.0,362.0,359.0,359.4,104432,BIOCON
1433,2025-01-28 09:55:00+05:30,359.4,360.95,358.8,360.95,71456,BIOCON
1434,2025-01-28 10:00:00+05:30,360.95,363.15,360.95,361.5,60946,BIOCON
1435,2025-01-28 10:05:00+05:30,361.7,361.95,360.0,360.0,27358,BIOCON
1436,2025-01-28 10:10:00+05:30,360.0,360.25,358.1,358.1,86370,BIOCON
1437,2025-01-28 10:15:00+05:30,358.3,358.7,357.5,358.35,51162,BIOCON
1438,2025-01-28 10:20:00+05:30,358.2,358.65,356.25,356.5,88054,BIOCON
1439,2025-01-28 10:25:00+05:30,356.3,356.65,354.9,356.0,114737,BIOCON
1440,2025-01-28 10:30:00+05:30,355.9,355.9,354.1,355.2,83215,BIOCON
1441,2025-01-28 10:35:00+05:30,355.2,355.55,353.6,355.3,56217,BIOCON
1442,2025-01-28 10:40:00+05:30,355.2,355.65,354.0,354.15,43174,BIOCON
1443,2025-01-28 10:45:00+05:30,354.15,354.15,352.25,352.95,86141,BIOCON
1444,2025-01-28 10:50:00+05:30,353.05,353.6,351.3,352.3,88386,BIOCON
1445,2025-01-28 10:55:00+05:30,352.3,352.3,350.65,351.0,87811,BIOCON
1446,2025-01-28 11:00:00+05:30,351.0,353.45,350.4,353.35,87984,BIOCON
1447,2025-01-28 11:05:00+05:30,353.35,354.15,352.5,352.5,32104,BIOCON
1448,2025-01-28 11:10:00+05:30,352.5,353.15,351.8,353.05,33143,BIOCON
1449,2025-01-28 11:15:00+05:30,353.05,353.15,351.55,352.1,16353,BIOCON
1450,2025-01-28 11:20:00+05:30,351.85,352.95,351.8,352.55,17032,BIOCON
1451,2025-01-28 11:25:00+05:30,352.5,353.6,352.3,353.3,23711,BIOCON
1452,2025-01-28 11:30:00+05:30,353.15,353.7,352.7,352.85,18338,BIOCON
1453,2025-01-28 11:35:00+05:30,352.9,353.0,351.9,353.0,25677,BIOCON
1454,2025-01-28 11:40:00+05:30,352.9,355.35,352.9,353.65,76066,BIOCON
1455,2025-01-28 11:45:00+05:30,353.65,355.4,353.55,355.35,24204,BIOCON
1456,2025-01-28 11:50:00+05:30,355.35,356.35,354.9,355.75,46125,BIOCON
1457,2025-01-28 11:55:00+05:30,355.6,355.85,354.8,354.8,56205,BIOCON
1458,2025-01-28 12:00:00+05:30,354.8,357.95,354.3,357.8,50185,BIOCON
1459,2025-01-28 12:05:00+05:30,357.75,357.8,356.6,357.2,42704,BIOCON
1460,2025-01-28 12:10:00+05:30,357.3,358.75,357.05,358.5,37588,BIOCON
1461,2025-01-28 12:15:00+05:30,358.5,359.4,358.1,358.6,64542,BIOCON
1462,2025-01-28 12:20:00+05:30,358.5,358.75,356.7,357.5,37496,BIOCON
1463,2025-01-28 12:25:00+05:30,357.45,357.45,356.05,356.1,35860,BIOCON
1464,2025-01-28 12:30:00+05:30,356.05,356.5,355.7,356.0,16590,BIOCON
1465,2025-01-28 12:35:00+05:30,356.0,357.05,355.85,356.4,13043,BIOCON
1466,2025-01-28 12:40:00+05:30,356.4,357.75,356.2,357.4,15515,BIOCON
1467,2025-01-28 12:45:00+05:30,357.4,358.75,357.25,358.35,16344,BIOCON
1468,2025-01-28 12:50:00+05:30,358.3,358.95,357.85,358.9,10840,BIOCON
1469,2025-01-28 12:55:00+05:30,358.9,359.45,358.6,359.05,38161,BIOCON
1470,2025-01-28 13:00:00+05:30,359.05,361.45,358.9,361.25,89452,BIOCON
1471,2025-01-28 13:05:00+05:30,361.3,361.85,360.15,361.5,28283,BIOCON
1472,2025-01-28 13:10:00+05:30,361.6,362.4,361.1,361.65,42775,BIOCON
1473,2025-01-28 13:15:00+05:30,361.8,362.1,361.2,361.3,23312,BIOCON
1474,2025-01-28 13:20:00+05:30,361.35,361.5,359.05,359.3,37428,BIOCON
1475,2025-01-28 13:25:00+05:30,359.4,359.75,359.05,359.05,15030,BIOCON
1476,2025-01-28 13:30:00+05:30,359.0,359.6,358.1,358.65,32974,BIOCON
1477,2025-01-28 13:35:00+05:30,358.65,359.1,358.15,358.9,45290,BIOCON
1478,2025-01-28 13:40:00+05:30,358.85,359.0,357.7,358.1,36981,BIOCON
1479,2025-01-28 13:45:00+05:30,358.1,358.65,357.85,357.9,12776,BIOCON
1480,2025-01-28 13:50:00+05:30,357.9,359.3,357.35,359.2,83064,BIOCON
1481,2025-01-28 13:55:00+05:30,359.1,362.2,359.0,362.0,160047,BIOCON
1482,2025-01-28 14:00:00+05:30,362.0,363.0,361.45,362.85,143159,BIOCON
1483,2025-01-28 14:05:00+05:30,362.9,362.9,361.2,361.4,30871,BIOCON
1484,2025-01-28 14:10:00+05:30,361.35,362.15,360.7,361.75,38874,BIOCON
1485,2025-01-28 14:15:00+05:30,361.7,361.95,360.9,361.6,15302,BIOCON
1486,2025-01-28 14:20:00+05:30,361.6,362.0,360.95,361.0,13540,BIOCON
1487,2025-01-28 14:25:00+05:30,360.9,362.25,360.8,361.9,22122,BIOCON
1488,2025-01-28 14:30:00+05:30,361.95,362.0,361.45,361.7,12619,BIOCON
1489,2025-01-28 14:35:00+05:30,361.65,362.65,361.35,362.4,25605,BIOCON
1490,2025-01-28 14:40:00+05:30,362.5,362.75,362.2,362.5,23690,BIOCON
1491,2025-01-28 14:45:00+05:30,362.65,362.9,360.15,360.35,56356,BIOCON
1492,2025-01-28 14:50:00+05:30,360.3,360.45,359.1,359.55,46272,BIOCON
1493,2025-01-28 14:55:00+05:30,359.55,360.35,359.0,359.95,30416,BIOCON
1494,2025-01-28 15:00:00+05:30,359.9,359.9,358.05,358.9,43799,BIOCON
1495,2025-01-28 15:05:00+05:30,358.9,360.4,358.25,360.2,92658,BIOCON
1496,2025-01-28 15:10:00+05:30,360.2,360.7,359.3,360.4,49721,BIOCON
1497,2025-01-28 15:15:00+05:30,360.35,360.35,359.4,360.1,66640,BIOCON
1498,2025-01-28 15:20:00+05:30,360.1,361.4,360.1,360.85,73197,BIOCON
1499,2025-01-28 15:25:00+05:30,360.95,361.2,359.2,359.8,36755,BIOCON
1500,2025-01-29 09:15:00+05:30,360.2,364.8,357.85,360.85,167508,BIOCON
1501,2025-01-29 09:20:00+05:30,360.9,362.7,360.2,362.6,53409,BIOCON
1502,2025-01-29 09:25:00+05:30,362.5,363.3,360.8,361.4,78003,BIOCON
1503,2025-01-29 09:30:00+05:30,361.7,363.85,361.45,363.45,47819,BIOCON
1504,2025-01-29 09:35:00+05:30,363.45,363.6,362.0,362.85,36161,BIOCON
1505,2025-01-29 09:40:00+05:30,362.85,363.75,362.45,363.3,38546,BIOCON
1506,2025-01-29 09:45:00+05:30,363.25,363.85,362.5,363.0,29055,BIOCON
1507,2025-01-29 09:50:00+05:30,363.0,363.8,362.55,363.35,20953,BIOCON
1508,2025-01-29 09:55:00+05:30,363.3,363.75,362.4,362.7,37243,BIOCON
1509,2025-01-29 10:00:00+05:30,362.7,364.55,362.25,364.35,44104,BIOCON
1510,2025-01-29 10:05:00+05:30,364.35,366.65,364.3,366.65,64117,BIOCON
1511,2025-01-29 10:10:00+05:30,366.4,368.5,366.4,367.75,91313,BIOCON
1512,2025-01-29 10:15:00+05:30,368.0,369.3,367.65,368.95,91139,BIOCON
1513,2025-01-29 10:20:00+05:30,368.7,369.9,368.7,369.9,34459,BIOCON
1514,2025-01-29 10:25:00+05:30,369.95,370.0,368.4,368.5,36360,BIOCON
1515,2025-01-29 10:30:00+05:30,368.45,368.7,366.8,368.7,48277,BIOCON
1516,2025-01-29 10:35:00+05:30,368.7,369.4,368.05,368.3,35832,BIOCON
1517,2025-01-29 10:40:00+05:30,368.2,368.95,368.2,368.5,8346,BIOCON
1518,2025-01-29 10:45:00+05:30,368.5,369.1,367.95,368.05,26943,BIOCON
1519,2025-01-29 10:50:00+05:30,368.25,369.9,368.0,369.55,27395,BIOCON
1520,2025-01-29 10:55:00+05:30,369.6,370.5,369.35,370.4,27937,BIOCON
1521,2025-01-29 11:00:00+05:30,370.3,370.75,369.65,370.0,36462,BIOCON
1522,2025-01-29 11:05:00+05:30,370.0,370.85,369.65,370.75,24659,BIOCON
1523,2025-01-29 11:10:00+05:30,370.8,370.95,370.15,370.45,29064,BIOCON
1524,2025-01-29 11:15:00+05:30,370.6,371.35,370.0,370.0,89465,BIOCON
1525,2025-01-29 11:20:00+05:30,369.9,371.05,368.3,368.55,33801,BIOCON
1526,2025-01-29 11:25:00+05:30,368.75,370.95,368.75,370.05,38982,BIOCON
1527,2025-01-29 11:30:00+05:30,369.75,370.7,369.65,369.65,15486,BIOCON
1528,2025-01-29 11:35:00+05:30,369.65,370.6,369.0,369.2,26873,BIOCON
1529,2025-01-29 11:40:00+05:30,369.25,369.45,368.85,369.15,6275,BIOCON
1530,2025-01-29 11:45:00+05:30,369.2,369.25,368.4,369.0,24872,BIOCON
1531,2025-01-29 11:50:00+05:30,369.2,369.25,368.6,368.8,6551,BIOCON
1532,2025-01-29 11:55:00+05:30,368.8,369.2,368.6,369.05,6262,BIOCON
1533,2025-01-29 12:00:00+05:30,369.25,370.4,369.0,369.35,25881,BIOCON
1534,2025-01-29 12:05:00+05:30,369.15,369.5,369.0,369.4,7886,BIOCON
1535,2025-01-29 12:10:00+05:30,369.4,369.85,369.0,369.55,13537,BIOCON
1536,2025-01-29 12:15:00+05:30,369.65,370.0,368.85,369.05,23786,BIOCON
1537,2025-01-29 12:20:00+05:30,369.0,369.0,363.65,364.65,113548,BIOCON
1538,2025-01-29 12:25:00+05:30,364.65,365.55,364.45,365.0,42894,BIOCON
1539,2025-01-29 12:30:00+05:30,364.95,365.35,363.75,364.65,49663,BIOCON
1540,2025-01-29 12:35:00+05:30,364.45,365.7,362.75,363.0,80967,BIOCON
1541,2025-01-29 12:40:00+05:30,362.95,364.75,362.55,363.5,71330,BIOCON
1542,2025-01-29 12:45:00+05:30,363.5,363.5,361.5,361.6,69673,BIOCON
1543,2025-01-29 12:50:00+05:30,361.8,362.45,360.0,360.05,70162,BIOCON
1544,2025-01-29 12:55:00+05:30,360.3,360.3,352.15,354.85,430358,BIOCON
1545,2025-01-29 13:00:00+05:30,355.0,357.05,354.85,356.3,118455,BIOCON
1546,2025-01-29 13:05:00+05:30,356.3,356.55,353.65,354.5,106379,BIOCON
1547,2025-01-29 13:10:00+05:30,354.6,354.6,352.25,353.95,80636,BIOCON
1548,2025-01-29 13:15:00+05:30,353.9,354.4,351.8,352.05,83756,BIOCON
1549,2025-01-29 13:20:00+05:30,352.3,354.5,352.05,354.4,57377,BIOCON
1550,2025-01-29 13:25:00+05:30,354.35,355.5,353.8,354.65,71401,BIOCON
1551,2025-01-29 13:30:00+05:30,354.65,356.6,354.65,356.35,95288,BIOCON
1552,2025-01-29 13:35:00+05:30,356.35,356.6,353.1,354.55,90089,BIOCON
1553,2025-01-29 13:40:00+05:30,354.55,354.85,353.5,353.8,16224,BIOCON
1554,2025-01-29 13:45:00+05:30,353.8,354.4,353.6,354.15,13166,BIOCON
1555,2025-01-29 13:50:00+05:30,354.05,354.6,353.4,353.6,23017,BIOCON
1556,2025-01-29 13:55:00+05:30,353.85,354.35,352.65,353.5,39037,BIOCON
1557,2025-01-29 14:00:00+05:30,353.3,353.8,353.2,353.5,30479,BIOCON
1558,2025-01-29 14:05:00+05:30,353.75,355.7,353.05,355.45,52204,BIOCON
1559,2025-01-29 14:10:00+05:30,355.6,355.6,354.85,354.9,48487,BIOCON
1560,2025-01-29 14:15:00+05:30,355.0,355.6,355.0,355.25,11873,BIOCON
1561,2025-01-29 14:20:00+05:30,355.15,355.5,354.7,355.45,15554,BIOCON
1562,2025-01-29 14:25:00+05:30,355.45,355.7,354.95,355.5,37854,BIOCON
1563,2025-01-29 14:30:00+05:30,355.5,356.4,354.5,355.55,63723,BIOCON
1564,2025-01-29 14:35:00+05:30,355.65,357.0,355.25,356.9,66117,BIOCON
1565,2025-01-29 14:40:00+05:30,356.9,358.0,356.8,358.0,56318,BIOCON
1566,2025-01-29 14:45:00+05:30,357.95,359.5,357.4,358.85,90392,BIOCON
1567,2025-01-29 14:50:00+05:30,358.9,359.0,356.6,356.6,55680,BIOCON
1568,2025-01-29 14:55:00+05:30,356.6,356.8,356.4,356.7,20488,BIOCON
1569,2025-01-29 15:00:00+05:30,356.65,357.35,355.6,357.0,66352,BIOCON
1570,2025-01-29 15:05:00+05:30,357.0,357.2,356.05,356.25,25457,BIOCON
1571,2025-01-29 15:10:00+05:30,356.2,356.45,355.35,356.1,70228,BIOCON
1572,2025-01-29 15:15:00+05:30,356.1,356.1,354.8,355.4,72788,BIOCON
1573,2025-01-29 15:20:00+05:30,355.35,355.7,354.9,355.2,88006,BIOCON
1574,2025-01-29 15:25:00+05:30,355.05,356.95,354.85,356.0,74863,BIOCON
1575,2025-01-30 09:15:00+05:30,358.0,358.0,353.65,357.35,128759,BIOCON
1576,2025-01-30 09:20:00+05:30,357.25,358.4,356.4,356.75,83538,BIOCON
1577,2025-01-30 09:25:00+05:30,356.8,357.4,355.05,355.3,72553,BIOCON
1578,2025-01-30 09:30:00+05:30,355.4,358.0,354.9,356.8,93758,BIOCON
1579,2025-01-30 09:35:00+05:30,356.9,358.0,356.45,357.85,38539,BIOCON
1580,2025-01-30 09:40:00+05:30,357.6,358.4,357.35,358.1,45099,BIOCON
1581,2025-01-30 09:45:00+05:30,358.0,362.15,357.9,360.45,144912,BIOCON
1582,2025-01-30 09:50:00+05:30,360.25,362.0,359.6,361.9,64543,BIOCON
1583,2025-01-30 09:55:00+05:30,361.85,362.35,360.1,360.35,58311,BIOCON
1584,2025-01-30 10:00:00+05:30,360.3,360.35,358.65,358.9,58715,BIOCON
1585,2025-01-30 10:05:00+05:30,358.85,360.95,358.7,359.25,61384,BIOCON
1586,2025-01-30 10:10:00+05:30,359.45,359.6,358.5,359.1,32867,BIOCON
1587,2025-01-30 10:15:00+05:30,359.35,360.35,359.0,359.35,30457,BIOCON
1588,2025-01-30 10:20:00+05:30,359.5,360.35,359.0,359.15,31898,BIOCON
1589,2025-01-30 10:25:00+05:30,359.0,359.55,357.15,357.2,77635,BIOCON
1590,2025-01-30 10:30:00+05:30,357.15,357.5,355.75,356.0,87921,BIOCON
1591,2025-01-30 10:35:00+05:30,355.95,358.0,355.7,357.35,44499,BIOCON
1592,2025-01-30 10:40:00+05:30,357.35,359.35,357.35,358.95,41421,BIOCON
1593,2025-01-30 10:45:00+05:30,358.95,359.15,357.0,358.0,48612,BIOCON
1594,2025-01-30 10:50:00+05:30,358.05,358.3,357.0,357.55,57315,BIOCON
1595,2025-01-30 10:55:00+05:30,357.55,357.6,355.55,355.6,60934,BIOCON
1596,2025-01-30 11:00:00+05:30,355.6,357.1,355.05,356.3,56518,BIOCON
1597,2025-01-30 11:05:00+05:30,356.2,356.9,356.0,356.9,11934,BIOCON
1598,2025-01-30 11:10:00+05:30,356.95,357.6,356.65,356.9,20660,BIOCON
1599,2025-01-30 11:15:00+05:30,356.8,356.85,355.25,355.9,24169,BIOCON
1600,2025-01-30 11:20:00+05:30,355.95,356.45,355.75,356.2,13986,BIOCON
1601,2025-01-30 11:25:00+05:30,356.0,356.4,355.7,355.85,19885,BIOCON
1602,2025-01-30 11:30:00+05:30,356.05,357.45,355.75,357.45,59669,BIOCON
1603,2025-01-30 11:35:00+05:30,357.4,358.0,356.65,357.5,27770,BIOCON
1604,2025-01-30 11:40:00+05:30,357.5,358.3,357.25,358.0,19304,BIOCON
1605,2025-01-30 11:45:00+05:30,358.0,359.6,358.0,359.2,62001,BIOCON
1606,2025-01-30 11:50:00+05:30,359.05,359.15,358.35,358.75,27756,BIOCON
1607,2025-01-30 11:55:00+05:30,358.6,358.8,358.45,358.45,7142,BIOCON
1608,2025-01-30 12:00:00+05:30,358.75,359.0,357.85,358.85,20076,BIOCON
1609,2025-01-30 12:05:00+05:30,358.55,358.85,358.15,358.15,7164,BIOCON
1610,2025-01-30 12:10:00+05:30,358.5,358.5,357.0,357.35,11857,BIOCON
1611,2025-01-30 12:15:00+05:30,357.6,357.95,357.35,357.85,15053,BIOCON
1612,2025-01-30 12:20:00+05:30,357.85,358.3,357.7,358.0,9285,BIOCON
1613,2025-01-30 12:25:00+05:30,358.0,358.65,358.0,358.15,5628,BIOCON
1614,2025-01-30 12:30:00+05:30,358.45,359.0,358.2,358.45,26382,BIOCON
1615,2025-01-30 12:35:00+05:30,358.3,358.75,358.05,358.1,7412,BIOCON
1616,2025-01-30 12:40:00+05:30,358.35,358.35,357.5,357.5,5201,BIOCON
1617,2025-01-30 12:45:00+05:30,357.55,357.7,356.25,356.95,22740,BIOCON
1618,2025-01-30 12:50:00+05:30,356.75,357.1,356.4,356.8,27120,BIOCON
1619,2025-01-30 12:55:00+05:30,356.7,357.55,356.5,357.15,8696,BIOCON
1620,2025-01-30 13:00:00+05:30,357.0,357.9,356.8,357.9,5946,BIOCON
1621,2025-01-30 13:05:00+05:30,357.6,357.8,355.75,356.65,48556,BIOCON
1622,2025-01-30 13:10:00+05:30,356.5,356.75,356.0,356.0,22806,BIOCON
1623,2025-01-30 13:15:00+05:30,356.0,357.15,355.9,356.85,55576,BIOCON
1624,2025-01-30 13:20:00+05:30,356.7,356.85,355.9,356.65,27500,BIOCON
1625,2025-01-30 13:25:00+05:30,356.6,357.1,356.1,356.2,12509,BIOCON
1626,2025-01-30 13:30:00+05:30,356.2,356.75,355.65,356.0,12604,BIOCON
1627,2025-01-30 13:35:00+05:30,355.8,356.4,355.25,355.45,31287,BIOCON
1628,2025-01-30 13:40:00+05:30,355.8,356.2,354.3,355.95,57211,BIOCON
1629,2025-01-30 13:45:00+05:30,356.0,356.0,354.85,355.4,14542,BIOCON
1630,2025-01-30 13:50:00+05:30,355.25,355.4,354.35,354.6,17440,BIOCON
1631,2025-01-30 13:55:00+05:30,354.4,354.8,354.1,354.55,14146,BIOCON
1632,2025-01-30 14:00:00+05:30,354.75,355.4,354.4,354.55,18819,BIOCON
1633,2025-01-30 14:05:00+05:30,354.65,355.0,354.15,354.5,19392,BIOCON
1634,2025-01-30 14:10:00+05:30,354.35,354.75,353.25,354.4,75020,BIOCON
1635,2025-01-30 14:15:00+05:30,354.4,356.1,354.1,355.9,41007,BIOCON
1636,2025-01-30 14:20:00+05:30,355.75,356.5,355.5,356.5,12694,BIOCON
1637,2025-01-30 14:25:00+05:30,356.25,357.1,355.0,356.95,193026,BIOCON
1638,2025-01-30 14:30:00+05:30,357.0,357.4,354.0,354.9,133375,BIOCON
1639,2025-01-30 14:35:00+05:30,354.8,356.2,354.75,355.65,89870,BIOCON
1640,2025-01-30 14:40:00+05:30,355.6,355.75,355.2,355.5,14696,BIOCON
1641,2025-01-30 14:45:00+05:30,355.6,356.85,355.45,356.4,44525,BIOCON
1642,2025-01-30 14:50:00+05:30,356.25,357.15,355.85,356.95,25418,BIOCON
1643,2025-01-30 14:55:00+05:30,356.6,358.0,356.45,357.6,105311,BIOCON
1644,2025-01-30 15:00:00+05:30,357.75,358.35,357.15,357.45,41825,BIOCON
1645,2025-01-30 15:05:00+05:30,357.4,358.35,357.35,358.3,39310,BIOCON
1646,2025-01-30 15:10:00+05:30,358.25,358.4,357.5,357.75,64262,BIOCON
1647,2025-01-30 15:15:00+05:30,357.75,358.25,357.05,357.05,96777,BIOCON
1648,2025-01-30 15:20:00+05:30,357.2,357.35,355.75,355.85,81551,BIOCON
1649,2025-01-30 15:25:00+05:30,356.0,357.85,355.0,357.8,147506,BIOCON
1650,2025-01-31 09:15:00+05:30,347.1,369.55,347.1,363.55,1241053,BIOCON
1651,2025-01-31 09:20:00+05:30,363.75,370.9,363.7,368.6,730903,BIOCON
1652,2025-01-31 09:25:00+05:30,368.8,369.6,363.5,363.55,416924,BIOCON
1653,2025-01-31 09:30:00+05:30,363.6,364.4,360.65,361.9,331843,BIOCON
1654,2025-01-31 09:35:00+05:30,361.75,366.95,361.75,366.45,267334,BIOCON
1655,2025-01-31 09:40:00+05:30,366.45,368.5,362.85,363.35,278662,BIOCON
1656,2025-01-31 09:45:00+05:30,363.3,364.5,362.25,362.7,159868,BIOCON
1657,2025-01-31 09:50:00+05:30,362.9,363.7,359.6,360.0,193662,BIOCON
1658,2025-01-31 09:55:00+05:30,359.9,362.9,359.25,362.65,169687,BIOCON
1659,2025-01-31 10:00:00+05:30,362.8,364.9,361.9,364.7,127199,BIOCON
1660,2025-01-31 10:05:00+05:30,364.7,366.6,363.7,365.25,152416,BIOCON
1661,2025-01-31 10:10:00+05:30,365.45,365.5,363.0,363.0,64761,BIOCON
1662,2025-01-31 10:15:00+05:30,363.05,363.6,362.15,362.75,58853,BIOCON
1663,2025-01-31 10:20:00+05:30,362.5,363.95,362.5,363.65,36680,BIOCON
1664,2025-01-31 10:25:00+05:30,363.75,365.45,363.3,363.55,91493,BIOCON
1665,2025-01-31 10:30:00+05:30,363.7,366.0,363.05,365.7,69693,BIOCON
1666,2025-01-31 10:35:00+05:30,365.8,367.6,365.2,367.3,169783,BIOCON
1667,2025-01-31 10:40:00+05:30,367.15,368.4,366.1,366.5,127823,BIOCON
1668,2025-01-31 10:45:00+05:30,366.7,367.25,366.2,366.85,66610,BIOCON
1669,2025-01-31 10:50:00+05:30,366.7,366.85,364.8,365.85,68851,BIOCON
1670,2025-01-31 10:55:00+05:30,365.75,365.85,364.05,364.65,50959,BIOCON
1671,2025-01-31 11:00:00+05:30,364.65,364.95,363.2,363.75,51539,BIOCON
1672,2025-01-31 11:05:00+05:30,363.75,364.95,363.75,364.7,20627,BIOCON
1673,2025-01-31 11:10:00+05:30,364.8,365.5,364.05,364.25,31393,BIOCON
1674,2025-01-31 11:15:00+05:30,364.4,364.7,363.75,364.2,47947,BIOCON
1675,2025-01-31 11:20:00+05:30,364.25,366.45,364.2,365.75,74918,BIOCON
1676,2025-01-31 11:25:00+05:30,366.1,368.5,365.6,367.55,120153,BIOCON
1677,2025-01-31 11:30:00+05:30,367.3,367.55,366.1,366.2,36699,BIOCON
1678,2025-01-31 11:35:00+05:30,366.1,366.55,365.35,365.35,49650,BIOCON
1679,2025-01-31 11:40:00+05:30,365.45,366.1,365.25,365.85,23495,BIOCON
1680,2025-01-31 11:45:00+05:30,365.75,366.2,365.55,365.75,16876,BIOCON
1681,2025-01-31 11:50:00+05:30,365.9,365.95,364.9,365.05,27986,BIOCON
1682,2025-01-31 11:55:00+05:30,365.2,365.9,365.0,365.6,27587,BIOCON
1683,2025-01-31 12:00:00+05:30,365.8,366.95,365.55,366.8,37667,BIOCON
1684,2025-01-31 12:05:00+05:30,366.6,367.1,366.4,366.7,26281,BIOCON
1685,2025-01-31 12:10:00+05:30,366.8,366.85,366.0,366.3,20928,BIOCON
1686,2025-01-31 12:15:00+05:30,366.3,366.45,365.15,365.3,15511,BIOCON
1687,2025-01-31 12:20:00+05:30,365.45,365.5,364.15,364.15,39597,BIOCON
1688,2025-01-31 12:25:00+05:30,364.35,364.65,364.0,364.25,19985,BIOCON
1689,2025-01-31 12:30:00+05:30,364.25,364.65,364.1,364.2,28930,BIOCON
1690,2025-01-31 12:35:00+05:30,364.35,365.45,364.2,365.0,25883,BIOCON
1691,2025-01-31 12:40:00+05:30,365.05,365.65,364.95,365.2,24296,BIOCON
1692,2025-01-31 12:45:00+05:30,365.2,365.7,365.1,365.45,15011,BIOCON
1693,2025-01-31 12:50:00+05:30,365.35,365.35,364.5,364.5,13228,BIOCON
1694,2025-01-31 12:55:00+05:30,364.65,364.95,364.35,364.75,14454,BIOCON
1695,2025-01-31 13:00:00+05:30,364.5,364.8,363.05,363.15,33561,BIOCON
1696,2025-01-31 13:05:00+05:30,363.15,363.45,362.25,363.45,45221,BIOCON
1697,2025-01-31 13:10:00+05:30,363.3,363.5,362.9,363.0,24516,BIOCON
1698,2025-01-31 13:15:00+05:30,362.95,363.05,362.25,362.55,37490,BIOCON
1699,2025-01-31 13:20:00+05:30,362.75,362.8,361.6,361.65,31854,BIOCON
1700,2025-01-31 13:25:00+05:30,361.6,362.15,360.8,361.05,62730,BIOCON
1701,2025-01-31 13:30:00+05:30,361.05,361.3,360.1,360.4,45548,BIOCON
1702,2025-01-31 13:35:00+05:30,360.55,362.6,360.05,362.05,75251,BIOCON
1703,2025-01-31 13:40:00+05:30,362.0,362.5,361.45,362.1,42944,BIOCON
1704,2025-01-31 13:45:00+05:30,361.7,361.85,360.55,360.65,35268,BIOCON
1705,2025-01-31 13:50:00+05:30,360.8,361.25,360.25,360.85,24981,BIOCON
1706,2025-01-31 13:55:00+05:30,360.8,360.8,360.0,360.5,40300,BIOCON
1707,2025-01-31 14:00:00+05:30,360.45,360.75,359.9,360.4,24515,BIOCON
1708,2025-01-31 14:05:00+05:30,360.35,360.55,359.5,359.75,43575,BIOCON
1709,2025-01-31 14:10:00+05:30,359.65,360.0,359.5,359.55,24264,BIOCON
1710,2025-01-31 14:15:00+05:30,359.55,359.8,358.55,359.0,43284,BIOCON
1711,2025-01-31 14:20:00+05:30,359.1,359.85,358.6,359.85,35461,BIOCON
1712,2025-01-31 14:25:00+05:30,359.85,360.6,359.0,360.35,65439,BIOCON
1713,2025-01-31 14:30:00+05:30,360.65,361.75,359.9,361.7,34416,BIOCON
1714,2025-01-31 14:35:00+05:30,361.7,362.1,361.3,361.65,50658,BIOCON
1715,2025-01-31 14:40:00+05:30,361.7,362.85,361.05,362.65,63123,BIOCON
1716,2025-01-31 14:45:00+05:30,362.65,363.0,362.1,362.6,29390,BIOCON
1717,2025-01-31 14:50:00+05:30,362.35,363.5,362.35,362.85,28310,BIOCON
1718,2025-01-31 14:55:00+05:30,362.8,364.45,362.8,363.7,67133,BIOCON
1719,2025-01-31 15:00:00+05:30,363.7,364.35,362.9,363.25,66551,BIOCON
1720,2025-01-31 15:05:00+05:30,363.45,363.45,362.35,362.85,66511,BIOCON
1721,2025-01-31 15:10:00+05:30,363.0,363.0,362.1,362.25,119411,BIOCON
1722,2025-01-31 15:15:00+05:30,362.25,362.7,361.65,362.4,175649,BIOCON
1723,2025-01-31 15:20:00+05:30,362.55,363.0,362.25,362.9,93354,BIOCON
1724,2025-01-31 15:25:00+05:30,362.8,363.15,361.65,361.65,92043,BIOCON
1725,2025-02-01 09:15:00+05:30,361.25,363.35,361.0,363.3,48113,BIOCON
1726,2025-02-01 09:20:00+05:30,363.1,365.8,362.5,365.5,55836,BIOCON
1727,2025-02-01 09:25:00+05:30,365.45,365.7,364.5,365.15,34190,BIOCON
1728,2025-02-01 09:30:00+05:30,365.05,365.7,364.8,365.65,28285,BIOCON
1729,2025-02-01 09:35:00+05:30,365.6,365.75,364.85,364.85,15792,BIOCON
1730,2025-02-01 09:40:00+05:30,364.9,367.55,364.75,367.0,70612,BIOCON
1731,2025-02-01 09:45:00+05:30,367.15,367.3,365.7,366.45,33165,BIOCON
1732,2025-02-01 09:50:00+05:30,366.45,366.45,365.35,365.7,14188,BIOCON
1733,2025-02-01 09:55:00+05:30,365.7,366.95,365.5,366.35,41479,BIOCON
1734,2025-02-01 10:00:00+05:30,366.1,366.3,365.65,365.75,11608,BIOCON
1735,2025-02-01 10:05:00+05:30,365.95,366.5,365.7,366.4,9477,BIOCON
1736,2025-02-01 10:10:00+05:30,366.4,366.75,366.2,366.45,9809,BIOCON
1737,2025-02-01 10:15:00+05:30,366.45,366.65,365.85,366.15,9498,BIOCON
1738,2025-02-01 10:20:00+05:30,366.2,366.4,365.55,365.55,7634,BIOCON
1739,2025-02-01 10:25:00+05:30,365.55,365.95,365.5,365.5,4120,BIOCON
1740,2025-02-01 10:30:00+05:30,365.8,365.95,365.5,365.8,5893,BIOCON
1741,2025-02-01 10:35:00+05:30,365.95,366.2,365.7,366.1,4171,BIOCON
1742,2025-02-01 10:40:00+05:30,366.1,366.8,365.85,366.8,13184,BIOCON
1743,2025-02-01 10:45:00+05:30,366.75,366.85,366.35,366.5,2567,BIOCON
1744,2025-02-01 10:50:00+05:30,366.35,366.55,365.85,365.9,9882,BIOCON
1745,2025-02-01 10:55:00+05:30,366.1,366.15,365.6,365.95,3117,BIOCON
1746,2025-02-01 11:00:00+05:30,366.0,366.0,363.1,365.2,39802,BIOCON
1747,2025-02-01 11:05:00+05:30,365.1,365.25,364.45,364.7,9002,BIOCON
1748,2025-02-01 11:10:00+05:30,364.7,365.5,364.25,365.2,12021,BIOCON
1749,2025-02-01 11:15:00+05:30,365.25,365.55,365.15,365.25,5525,BIOCON
1750,2025-02-01 11:20:00+05:30,365.5,365.5,365.05,365.1,2159,BIOCON
1751,2025-02-01 11:25:00+05:30,365.15,365.4,364.95,365.15,5279,BIOCON
1752,2025-02-01 11:30:00+05:30,365.0,365.25,365.0,365.15,2402,BIOCON
1753,2025-02-01 11:35:00+05:30,365.25,365.4,364.0,364.0,8946,BIOCON
1754,2025-02-01 11:40:00+05:30,364.05,364.65,363.6,364.65,6981,BIOCON
1755,2025-02-01 11:45:00+05:30,364.9,364.95,360.45,360.8,35391,BIOCON
1756,2025-02-01 11:50:00+05:30,360.8,365.4,358.5,363.0,143637,BIOCON
1757,2025-02-01 11:55:00+05:30,362.95,365.5,362.0,364.15,61010,BIOCON
1758,2025-02-01 12:00:00+05:30,364.0,365.45,363.3,364.95,40302,BIOCON
1759,2025-02-01 12:05:00+05:30,364.65,364.9,363.55,364.6,23231,BIOCON
1760,2025-02-01 12:10:00+05:30,364.7,366.95,364.0,365.05,70643,BIOCON
1761,2025-02-01 12:15:00+05:30,364.85,365.95,364.0,365.9,11222,BIOCON
1762,2025-02-01 12:20:00+05:30,365.95,365.95,364.45,365.8,12362,BIOCON
1763,2025-02-01 12:25:00+05:30,365.5,366.8,363.65,363.85,26950,BIOCON
1764,2025-02-01 12:30:00+05:30,363.85,364.95,363.2,363.2,20269,BIOCON
1765,2025-02-01 12:35:00+05:30,363.15,364.6,361.0,363.55,30924,BIOCON
1766,2025-02-01 12:40:00+05:30,363.5,365.4,363.05,364.55,52673,BIOCON
1767,2025-02-01 12:45:00+05:30,364.4,364.85,361.9,362.55,27903,BIOCON
1768,2025-02-01 12:50:00+05:30,362.55,363.9,362.2,363.5,7872,BIOCON
1769,2025-02-01 12:55:00+05:30,363.7,363.8,362.9,363.35,8863,BIOCON
1770,2025-02-01 13:00:00+05:30,363.6,363.6,362.45,362.85,9516,BIOCON
1771,2025-02-01 13:05:00+05:30,362.85,363.15,361.05,361.1,12972,BIOCON
1772,2025-02-01 13:10:00+05:30,361.2,361.4,360.05,361.3,16236,BIOCON
1773,2025-02-01 13:15:00+05:30,361.4,364.6,361.0,362.35,66465,BIOCON
1774,2025-02-01 13:20:00+05:30,362.15,365.85,362.05,365.6,41038,BIOCON
1775,2025-02-01 13:25:00+05:30,365.6,367.65,365.6,367.4,52858,BIOCON
1776,2025-02-01 13:30:00+05:30,367.2,368.3,366.7,367.0,39639,BIOCON
1777,2025-02-01 13:35:00+05:30,367.0,367.25,366.4,367.2,20019,BIOCON
1778,2025-02-01 13:40:00+05:30,367.15,370.35,366.65,370.3,62212,BIOCON
1779,2025-02-01 13:45:00+05:30,370.3,372.5,370.3,372.1,80497,BIOCON
1780,2025-02-01 13:50:00+05:30,372.0,373.75,371.35,372.95,66143,BIOCON
1781,2025-02-01 13:55:00+05:30,373.15,375.65,372.9,374.3,86766,BIOCON
1782,2025-02-01 14:00:00+05:30,374.15,374.65,372.55,372.8,50709,BIOCON
1783,2025-02-01 14:05:00+05:30,372.8,373.1,372.1,372.9,26453,BIOCON
1784,2025-02-01 14:10:00+05:30,372.9,373.45,372.75,372.85,24938,BIOCON
1785,2025-02-01 14:15:00+05:30,372.85,373.15,371.5,372.3,22516,BIOCON
1786,2025-02-01 14:20:00+05:30,372.05,372.55,372.0,372.1,7808,BIOCON
1787,2025-02-01 14:25:00+05:30,372.1,372.45,371.7,371.7,15232,BIOCON
1788,2025-02-01 14:30:00+05:30,371.7,371.85,370.35,370.35,18353,BIOCON
1789,2025-02-01 14:35:00+05:30,370.5,370.5,369.7,369.95,29401,BIOCON
1790,2025-02-01 14:40:00+05:30,369.95,370.0,368.8,369.3,24920,BIOCON
1791,2025-02-01 14:45:00+05:30,369.3,369.75,368.55,368.85,24636,BIOCON
1792,2025-02-01 14:50:00+05:30,368.8,368.8,367.55,367.8,20185,BIOCON
1793,2025-02-01 14:55:00+05:30,367.65,370.8,367.6,370.55,29000,BIOCON
1794,2025-02-01 15:00:00+05:30,370.65,372.3,370.35,371.0,42724,BIOCON
1795,2025-02-01 15:05:00+05:30,371.0,371.6,370.6,371.5,15856,BIOCON
1796,2025-02-01 15:10:00+05:30,371.5,371.65,369.05,371.35,51853,BIOCON
1797,2025-02-01 15:15:00+05:30,371.2,371.3,369.3,369.9,36834,BIOCON
1798,2025-02-01 15:20:00+05:30,369.85,369.9,368.65,369.0,23851,BIOCON
1799,2025-02-01 15:25:00+05:30,369.15,371.05,369.05,371.05,33643,BIOCON
1800,2025-02-03 09:15:00+05:30,364.95,365.0,360.3,360.8,137676,BIOCON
1801,2025-02-03 09:20:00+05:30,360.55,362.9,359.9,362.1,78162,BIOCON
1802,2025-02-03 09:25:00+05:30,362.0,365.75,361.95,365.6,130602,BIOCON
1803,2025-02-03 09:30:00+05:30,365.8,366.7,364.15,365.3,41257,BIOCON
1804,2025-02-03 09:35:00+05:30,364.85,365.1,362.8,363.0,29267,BIOCON
1805,2025-02-03 09:40:00+05:30,362.8,366.05,362.8,364.65,38988,BIOCON
1806,2025-02-03 09:45:00+05:30,364.5,367.2,363.25,363.25,91101,BIOCON
1807,2025-02-03 09:50:00+05:30,363.6,366.4,363.6,364.95,32546,BIOCON
1808,2025-02-03 09:55:00+05:30,364.75,366.25,364.6,365.7,31364,BIOCON
1809,2025-02-03 10:00:00+05:30,365.95,365.95,364.25,365.35,12629,BIOCON
1810,2025-02-03 10:05:00+05:30,365.6,366.0,364.85,365.4,7153,BIOCON
1811,2025-02-03 10:10:00+05:30,365.75,367.35,365.75,366.6,21666,BIOCON
1812,2025-02-03 10:15:00+05:30,366.65,367.8,366.3,366.7,20598,BIOCON
1813,2025-02-03 10:20:00+05:30,366.7,367.5,366.3,366.45,8498,BIOCON
1814,2025-02-03 10:25:00+05:30,366.45,366.45,364.85,365.05,19362,BIOCON
1815,2025-02-03 10:30:00+05:30,365.0,365.8,364.0,364.0,20475,BIOCON
1816,2025-02-03 10:35:00+05:30,364.0,364.5,361.7,361.8,53884,BIOCON
1817,2025-02-03 10:40:00+05:30,362.0,363.7,361.85,363.45,13416,BIOCON
1818,2025-02-03 10:45:00+05:30,363.3,363.55,362.6,363.0,8020,BIOCON
1819,2025-02-03 10:50:00+05:30,363.1,363.85,362.9,363.55,20076,BIOCON
1820,2025-02-03 10:55:00+05:30,363.8,364.35,362.9,364.35,15006,BIOCON
1821,2025-02-03 11:00:00+05:30,364.1,364.5,363.1,363.1,4826,BIOCON
1822,2025-02-03 11:05:00+05:30,363.1,363.3,362.6,362.7,10186,BIOCON
1823,2025-02-03 11:10:00+05:30,362.8,363.6,362.65,363.05,6597,BIOCON
1824,2025-02-03 11:15:00+05:30,363.05,364.3,363.05,364.05,5989,BIOCON
1825,2025-02-03 11:20:00+05:30,363.85,364.25,362.5,363.15,10085,BIOCON
1826,2025-02-03 11:25:00+05:30,363.1,363.1,361.85,362.1,9610,BIOCON
1827,2025-02-03 11:30:00+05:30,362.3,363.05,362.15,362.5,5422,BIOCON
1828,2025-02-03 11:35:00+05:30,362.4,362.8,361.85,362.0,6386,BIOCON
1829,2025-02-03 11:40:00+05:30,361.85,362.25,361.3,362.05,9395,BIOCON
1830,2025-02-03 11:45:00+05:30,362.1,362.7,362.0,362.45,3988,BIOCON
1831,2025-02-03 11:50:00+05:30,362.45,362.45,361.05,361.5,11366,BIOCON
1832,2025-02-03 11:55:00+05:30,361.4,361.5,360.75,360.85,22860,BIOCON
1833,2025-02-03 12:00:00+05:30,360.7,361.3,360.65,361.15,10724,BIOCON
1834,2025-02-03 12:05:00+05:30,361.15,361.2,360.8,361.1,3675,BIOCON
1835,2025-02-03 12:10:00+05:30,360.95,362.7,360.95,362.5,7274,BIOCON
1836,2025-02-03 12:15:00+05:30,362.4,362.45,361.3,361.3,5526,BIOCON
1837,2025-02-03 12:20:00+05:30,361.3,361.35,360.1,360.35,11498,BIOCON
1838,2025-02-03 12:25:00+05:30,360.3,361.65,360.3,360.65,22890,BIOCON
1839,2025-02-03 12:30:00+05:30,360.75,361.2,360.4,360.4,6119,BIOCON
1840,2025-02-03 12:35:00+05:30,360.4,360.85,359.65,359.9,23083,BIOCON
1841,2025-02-03 12:40:00+05:30,359.85,360.2,359.4,360.0,14489,BIOCON
1842,2025-02-03 12:45:00+05:30,360.0,360.3,359.5,359.9,7261,BIOCON
1843,2025-02-03 12:50:00+05:30,359.9,360.65,359.75,360.65,3731,BIOCON
1844,2025-02-03 12:55:00+05:30,360.75,360.75,360.1,360.25,7828,BIOCON
1845,2025-02-03 13:00:00+05:30,360.1,362.35,360.1,361.6,24011,BIOCON
1846,2025-02-03 13:05:00+05:30,361.5,362.8,361.15,362.4,10220,BIOCON
1847,2025-02-03 13:10:00+05:30,362.6,362.6,361.45,362.3,22548,BIOCON
1848,2025-02-03 13:15:00+05:30,362.5,362.95,362.1,362.4,9762,BIOCON
1849,2025-02-03 13:20:00+05:30,362.45,362.55,362.0,362.55,3245,BIOCON
1850,2025-02-03 13:25:00+05:30,362.55,362.55,361.7,362.15,3652,BIOCON
1851,2025-02-03 13:30:00+05:30,362.15,362.9,362.15,362.45,6465,BIOCON
1852,2025-02-03 13:35:00+05:30,362.5,363.2,362.1,362.85,17702,BIOCON
1853,2025-02-03 13:40:00+05:30,362.85,363.55,362.7,362.85,16890,BIOCON
1854,2025-02-03 13:45:00+05:30,362.9,363.95,362.9,363.95,9691,BIOCON
1855,2025-02-03 13:50:00+05:30,363.95,364.3,363.2,363.4,9847,BIOCON
1856,2025-02-03 13:55:00+05:30,363.25,363.4,361.65,362.1,8733,BIOCON
1857,2025-02-03 14:00:00+05:30,361.95,362.5,361.4,361.6,10691,BIOCON
1858,2025-02-03 14:05:00+05:30,361.55,362.65,361.55,362.3,16695,BIOCON
1859,2025-02-03 14:10:00+05:30,362.3,363.2,362.05,362.55,13730,BIOCON
1860,2025-02-03 14:15:00+05:30,362.55,362.95,362.0,362.15,12698,BIOCON
1861,2025-02-03 14:20:00+05:30,362.3,363.2,362.2,363.2,15615,BIOCON
1862,2025-02-03 14:25:00+05:30,363.2,363.85,362.95,363.4,21723,BIOCON
1863,2025-02-03 14:30:00+05:30,363.5,363.6,362.35,362.9,10139,BIOCON
1864,2025-02-03 14:35:00+05:30,363.1,363.9,362.75,363.1,10507,BIOCON
1865,2025-02-03 14:40:00+05:30,363.1,363.4,362.65,362.9,9396,BIOCON
1866,2025-02-03 14:45:00+05:30,362.9,363.2,362.6,363.05,9066,BIOCON
1867,2025-02-03 14:50:00+05:30,362.75,363.5,362.65,363.1,8370,BIOCON
1868,2025-02-03 14:55:00+05:30,363.05,363.2,362.75,363.1,32415,BIOCON
1869,2025-02-03 15:00:00+05:30,363.1,364.95,363.1,364.7,38564,BIOCON
1870,2025-02-03 15:05:00+05:30,364.55,365.45,364.55,365.15,28434,BIOCON
1871,2025-02-03 15:10:00+05:30,365.15,365.4,364.4,364.85,22562,BIOCON
1872,2025-02-03 15:15:00+05:30,364.85,364.9,363.9,364.15,30564,BIOCON
1873,2025-02-03 15:20:00+05:30,364.15,364.75,363.5,364.7,80465,BIOCON
1874,2025-02-03 15:25:00+05:30,364.65,365.0,364.0,364.0,33659,BIOCON
1875,2025-02-04 09:15:00+05:30,367.0,372.45,366.5,371.45,129797,BIOCON
1876,2025-02-04 09:20:00+05:30,371.65,372.65,371.25,372.0,68970,BIOCON
1877,2025-02-04 09:25:00+05:30,371.95,371.95,369.45,370.5,67038,BIOCON
1878,2025-02-04 09:30:00+05:30,370.5,371.0,369.65,370.15,28341,BIOCON
1879,2025-02-04 09:35:00+05:30,370.2,370.75,369.8,370.0,13322,BIOCON
1880,2025-02-04 09:40:00+05:30,370.1,370.65,369.6,370.55,17996,BIOCON
1881,2025-02-04 09:45:00+05:30,370.55,371.55,370.15,370.95,23534,BIOCON
1882,2025-02-04 09:50:00+05:30,371.1,371.15,369.15,369.3,17869,BIOCON
1883,2025-02-04 09:55:00+05:30,369.2,370.85,369.1,370.55,21164,BIOCON
1884,2025-02-04 10:00:00+05:30,370.7,371.2,370.05,370.5,30272,BIOCON
1885,2025-02-04 10:05:00+05:30,370.45,371.0,370.0,370.55,24059,BIOCON
1886,2025-02-04 10:10:00+05:30,370.55,370.75,369.55,370.15,76487,BIOCON
1887,2025-02-04 10:15:00+05:30,370.0,370.95,370.0,370.95,12280,BIOCON
1888,2025-02-04 10:20:00+05:30,370.95,371.0,370.35,370.95,13279,BIOCON
1889,2025-02-04 10:25:00+05:30,370.8,371.0,370.0,370.0,22690,BIOCON
1890,2025-02-04 10:30:00+05:30,370.0,370.35,369.15,370.15,135661,BIOCON
1891,2025-02-04 10:35:00+05:30,370.05,370.9,369.9,370.75,105500,BIOCON
1892,2025-02-04 10:40:00+05:30,370.8,372.35,370.6,372.05,70707,BIOCON
1893,2025-02-04 10:45:00+05:30,372.05,373.65,371.4,372.35,131543,BIOCON
1894,2025-02-04 10:50:00+05:30,372.35,372.4,371.05,371.5,62681,BIOCON
1895,2025-02-04 10:55:00+05:30,371.5,372.7,371.4,372.65,41518,BIOCON
1896,2025-02-04 11:00:00+05:30,372.7,373.6,371.85,372.0,67343,BIOCON
1897,2025-02-04 11:05:00+05:30,371.9,373.45,371.85,373.3,39983,BIOCON
1898,2025-02-04 11:10:00+05:30,373.3,373.5,372.85,372.95,36109,BIOCON
1899,2025-02-04 11:15:00+05:30,372.95,373.4,372.65,373.3,39482,BIOCON
1900,2025-02-04 11:20:00+05:30,373.35,373.35,372.45,372.5,32027,BIOCON
1901,2025-02-04 11:25:00+05:30,372.7,372.9,372.15,372.25,29714,BIOCON
1902,2025-02-04 11:30:00+05:30,372.25,372.4,372.0,372.25,28420,BIOCON
1903,2025-02-04 11:35:00+05:30,372.3,372.95,372.3,372.45,32965,BIOCON
1904,2025-02-04 11:40:00+05:30,372.35,372.85,371.65,372.0,47510,BIOCON
1905,2025-02-04 11:45:00+05:30,371.85,372.6,371.6,372.6,24623,BIOCON
1906,2025-02-04 11:50:00+05:30,372.4,372.65,372.2,372.5,24094,BIOCON
1907,2025-02-04 11:55:00+05:30,372.6,373.0,372.3,372.3,30402,BIOCON
1908,2025-02-04 12:00:00+05:30,372.35,372.65,371.9,372.45,24919,BIOCON
1909,2025-02-04 12:05:00+05:30,372.65,372.7,371.8,372.7,28344,BIOCON
1910,2025-02-04 12:10:00+05:30,372.55,372.9,371.95,372.0,24955,BIOCON
1911,2025-02-04 12:15:00+05:30,372.0,372.0,370.3,370.85,73489,BIOCON
1912,2025-02-04 12:20:00+05:30,370.85,371.1,370.55,370.6,31039,BIOCON
1913,2025-02-04 12:25:00+05:30,370.55,371.3,370.2,371.3,26911,BIOCON
1914,2025-02-04 12:30:00+05:30,371.4,371.8,370.85,370.85,28423,BIOCON
1915,2025-02-04 12:35:00+05:30,370.85,371.2,370.6,370.85,23497,BIOCON
1916,2025-02-04 12:40:00+05:30,370.85,371.35,370.75,370.8,26517,BIOCON
1917,2025-02-04 12:45:00+05:30,370.8,370.95,370.45,370.45,19767,BIOCON
1918,2025-02-04 12:50:00+05:30,370.5,371.25,370.05,370.05,44418,BIOCON
1919,2025-02-04 12:55:00+05:30,370.05,371.0,370.0,371.0,24279,BIOCON
1920,2025-02-04 13:00:00+05:30,371.0,371.0,370.4,370.75,26042,BIOCON
1921,2025-02-04 13:05:00+05:30,370.7,371.0,370.35,370.95,35772,BIOCON
1922,2025-02-04 13:10:00+05:30,370.95,370.95,370.35,370.6,32951,BIOCON
1923,2025-02-04 13:15:00+05:30,370.6,371.7,370.45,371.45,25611,BIOCON
1924,2025-02-04 13:20:00+05:30,371.55,372.0,371.45,371.85,27115,BIOCON
1925,2025-02-04 13:25:00+05:30,371.85,371.9,371.6,371.75,14298,BIOCON
1926,2025-02-04 13:30:00+05:30,371.75,371.85,371.1,371.4,20017,BIOCON
1927,2025-02-04 13:35:00+05:30,371.4,371.65,371.25,371.6,19681,BIOCON
1928,2025-02-04 13:40:00+05:30,371.6,371.6,371.2,371.25,18016,BIOCON
1929,2025-02-04 13:45:00+05:30,371.25,371.55,371.1,371.15,22864,BIOCON
1930,2025-02-04 13:50:00+05:30,371.2,372.3,371.15,372.25,38504,BIOCON
1931,2025-02-04 13:55:00+05:30,372.3,372.95,372.15,372.4,29900,BIOCON
1932,2025-02-04 14:00:00+05:30,372.45,372.65,371.5,371.85,31851,BIOCON
1933,2025-02-04 14:05:00+05:30,371.85,372.5,371.65,372.3,18922,BIOCON
1934,2025-02-04 14:10:00+05:30,372.3,372.3,371.6,371.75,23637,BIOCON
1935,2025-02-04 14:15:00+05:30,371.65,372.75,371.65,372.55,30520,BIOCON
1936,2025-02-04 14:20:00+05:30,372.7,372.75,370.9,370.9,37003,BIOCON
1937,2025-02-04 14:25:00+05:30,371.0,371.1,370.6,371.0,17006,BIOCON
1938,2025-02-04 14:30:00+05:30,371.0,371.9,370.85,371.8,25166,BIOCON
1939,2025-02-04 14:35:00+05:30,371.65,372.3,371.55,372.05,20915,BIOCON
1940,2025-02-04 14:40:00+05:30,372.3,372.3,370.6,370.8,38165,BIOCON
1941,2025-02-04 14:45:00+05:30,370.8,371.05,370.1,370.8,28178,BIOCON
1942,2025-02-04 14:50:00+05:30,370.8,371.95,370.8,371.85,23417,BIOCON
1943,2025-02-04 14:55:00+05:30,371.9,372.15,371.65,371.85,22213,BIOCON
1944,2025-02-04 15:00:00+05:30,371.9,372.2,371.45,371.8,29108,BIOCON
1945,2025-02-04 15:05:00+05:30,371.8,371.85,371.2,371.3,49918,BIOCON
1946,2025-02-04 15:10:00+05:30,371.4,371.4,370.85,371.25,43620,BIOCON
1947,2025-02-04 15:15:00+05:30,371.1,371.8,371.1,371.15,60009,BIOCON
1948,2025-02-04 15:20:00+05:30,371.25,371.25,370.15,370.45,52356,BIOCON
1949,2025-02-04 15:25:00+05:30,370.4,370.65,370.0,370.4,58955,BIOCON
1950,2025-02-05 09:15:00+05:30,371.45,385.65,371.45,380.45,532355,BIOCON
1951,2025-02-05 09:20:00+05:30,380.1,384.0,379.85,381.1,239118,BIOCON
1952,2025-02-05 09:25:00+05:30,381.2,386.0,379.55,385.5,494258,BIOCON
1953,2025-02-05 09:30:00+05:30,385.45,387.35,385.0,385.85,357938,BIOCON
1954,2025-02-05 09:35:00+05:30,385.65,386.7,385.2,385.65,80064,BIOCON
1955,2025-02-05 09:40:00+05:30,385.65,385.65,384.55,385.05,184232,BIOCON
1956,2025-02-05 09:45:00+05:30,385.0,386.45,384.5,385.7,100023,BIOCON
1957,2025-02-05 09:50:00+05:30,385.7,386.2,384.8,385.0,87104,BIOCON
1958,2025-02-05 09:55:00+05:30,385.0,385.65,384.75,385.2,55885,BIOCON
1959,2025-02-05 10:00:00+05:30,385.15,386.65,385.0,385.25,143344,BIOCON
1960,2025-02-05 10:05:00+05:30,385.05,386.4,385.05,386.35,63643,BIOCON
1961,2025-02-05 10:10:00+05:30,386.35,387.35,386.0,386.1,95634,BIOCON
1962,2025-02-05 10:15:00+05:30,386.05,387.05,385.8,386.55,46920,BIOCON
1963,2025-02-05 10:20:00+05:30,386.55,387.25,385.75,386.95,99914,BIOCON
1964,2025-02-05 10:25:00+05:30,387.0,387.35,386.7,387.35,56792,BIOCON
1965,2025-02-05 10:30:00+05:30,387.35,387.65,387.2,387.65,62934,BIOCON
1966,2025-02-05 10:35:00+05:30,387.65,387.9,386.9,387.85,73248,BIOCON
1967,2025-02-05 10:40:00+05:30,387.85,388.2,386.5,386.95,118268,BIOCON
1968,2025-02-05 10:45:00+05:30,386.95,387.95,386.5,387.85,68269,BIOCON
1969,2025-02-05 10:50:00+05:30,387.7,387.9,387.0,387.2,42418,BIOCON
1970,2025-02-05 10:55:00+05:30,387.05,387.8,387.0,387.8,47188,BIOCON
1971,2025-02-05 11:00:00+05:30,387.55,388.75,387.4,388.7,93344,BIOCON
1972,2025-02-05 11:05:00+05:30,388.7,389.15,388.35,388.75,142467,BIOCON
1973,2025-02-05 11:10:00+05:30,388.75,389.75,388.4,389.6,77933,BIOCON
1974,2025-02-05 11:15:00+05:30,389.55,391.5,389.3,390.5,198230,BIOCON
1975,2025-02-05 11:20:00+05:30,390.5,391.9,390.15,391.7,125774,BIOCON
1976,2025-02-05 11:25:00+05:30,391.7,391.7,390.65,391.3,86800,BIOCON
1977,2025-02-05 11:30:00+05:30,391.3,392.35,391.25,392.0,143769,BIOCON
1978,2025-02-05 11:35:00+05:30,392.0,393.75,391.9,392.55,229740,BIOCON
1979,2025-02-05 11:40:00+05:30,392.5,392.55,391.5,391.75,104804,BIOCON
1980,2025-02-05 11:45:00+05:30,391.6,393.0,391.55,392.9,84255,BIOCON
1981,2025-02-05 11:50:00+05:30,392.9,393.0,392.5,392.5,61819,BIOCON
1982,2025-02-05 11:55:00+05:30,392.7,392.9,391.6,392.0,80197,BIOCON
1983,2025-02-05 12:00:00+05:30,391.8,392.0,391.6,391.75,51376,BIOCON
1984,2025-02-05 12:05:00+05:30,391.75,392.3,391.7,392.1,71556,BIOCON
1985,2025-02-05 12:10:00+05:30,392.15,392.2,391.1,391.4,91557,BIOCON
1986,2025-02-05 12:15:00+05:30,391.4,392.4,391.3,392.3,60705,BIOCON
1987,2025-02-05 12:20:00+05:30,392.25,392.65,391.8,391.95,60804,BIOCON
1988,2025-02-05 12:25:00+05:30,391.95,392.2,391.55,391.95,37274,BIOCON
1989,2025-02-05 12:30:00+05:30,391.95,392.2,391.75,392.1,41630,BIOCON
1990,2025-02-05 12:35:00+05:30,392.1,392.15,391.35,391.8,55341,BIOCON
1991,2025-02-05 12:40:00+05:30,391.8,391.95,391.1,391.45,49922,BIOCON
1992,2025-02-05 12:45:00+05:30,391.5,391.9,390.65,391.3,70206,BIOCON
1993,2025-02-05 12:50:00+05:30,391.3,391.75,391.2,391.45,44939,BIOCON
1994,2025-02-05 12:55:00+05:30,391.3,392.15,390.75,391.95,60918,BIOCON
1995,2025-02-05 13:00:00+05:30,391.75,391.95,391.2,391.6,40725,BIOCON
1996,2025-02-05 13:05:00+05:30,391.6,391.85,391.0,391.7,47973,BIOCON
1997,2025-02-05 13:10:00+05:30,391.7,391.95,391.5,391.8,25779,BIOCON
1998,2025-02-05 13:15:00+05:30,391.75,392.6,391.65,392.5,54918,BIOCON
1999,2025-02-05 13:20:00+05:30,392.5,392.55,391.9,392.3,53684,BIOCON
2000,2025-02-05 13:25:00+05:30,392.3,393.4,392.3,393.4,98323,BIOCON
2001,2025-02-05 13:30:00+05:30,393.3,393.4,392.35,392.75,69961,BIOCON
2002,2025-02-05 13:35:00+05:30,392.8,393.1,392.3,392.85,62058,BIOCON
2003,2025-02-05 13:40:00+05:30,392.7,393.2,392.5,393.0,62909,BIOCON
2004,2025-02-05 13:45:00+05:30,392.95,393.5,392.5,392.8,60796,BIOCON
2005,2025-02-05 13:50:00+05:30,392.8,392.95,392.55,392.85,29702,BIOCON
2006,2025-02-05 13:55:00+05:30,392.85,393.4,392.55,393.15,51617,BIOCON
2007,2025-02-05 14:00:00+05:30,393.15,393.5,391.9,392.0,170961,BIOCON
2008,2025-02-05 14:05:00+05:30,391.95,392.95,391.9,392.6,51014,BIOCON
2009,2025-02-05 14:10:00+05:30,392.6,392.75,392.35,392.5,39257,BIOCON
2010,2025-02-05 14:15:00+05:30,392.5,392.7,391.35,392.15,92437,BIOCON
2011,2025-02-05 14:20:00+05:30,392.15,392.5,391.95,392.2,54878,BIOCON
2012,2025-02-05 14:25:00+05:30,392.2,392.2,391.05,391.25,94466,BIOCON
2013,2025-02-05 14:30:00+05:30,391.15,391.7,390.65,391.2,80165,BIOCON
2014,2025-02-05 14:35:00+05:30,391.2,391.45,390.85,391.0,54804,BIOCON
2015,2025-02-05 14:40:00+05:30,391.0,391.15,390.4,391.0,86114,BIOCON
2016,2025-02-05 14:45:00+05:30,390.95,391.05,389.85,390.2,94009,BIOCON
2017,2025-02-05 14:50:00+05:30,390.2,390.45,389.6,390.0,67440,BIOCON
2018,2025-02-05 14:55:00+05:30,390.0,390.5,389.65,390.3,77346,BIOCON
2019,2025-02-05 15:00:00+05:30,390.3,391.0,389.85,390.95,117813,BIOCON
2020,2025-02-05 15:05:00+05:30,390.95,390.95,389.85,390.3,114015,BIOCON
2021,2025-02-05 15:10:00+05:30,390.35,391.2,390.15,391.0,117974,BIOCON
2022,2025-02-05 15:15:00+05:30,391.0,391.2,389.35,390.1,241262,BIOCON
2023,2025-02-05 15:20:00+05:30,390.0,390.75,389.65,390.15,190171,BIOCON
2024,2025-02-05 15:25:00+05:30,390.2,391.0,388.65,390.25,92939,BIOCON
2025,2025-02-06 09:15:00+05:30,390.25,395.6,390.25,394.7,223960,BIOCON
2026,2025-02-06 09:20:00+05:30,395.0,397.0,394.8,396.35,266462,BIOCON
2027,2025-02-06 09:25:00+05:30,396.6,397.1,394.55,395.2,203509,BIOCON
2028,2025-02-06 09:30:00+05:30,395.3,396.0,394.1,394.3,125847,BIOCON
2029,2025-02-06 09:35:00+05:30,394.1,396.4,394.0,396.1,98534,BIOCON
2030,2025-02-06 09:40:00+05:30,396.25,397.6,395.3,397.0,189641,BIOCON
2031,2025-02-06 09:45:00+05:30,397.0,398.0,396.3,397.95,156408,BIOCON
2032,2025-02-06 09:50:00+05:30,397.95,398.0,396.5,396.85,86697,BIOCON
2033,2025-02-06 09:55:00+05:30,396.95,396.95,396.0,396.5,73488,BIOCON
2034,2025-02-06 10:00:00+05:30,396.5,397.0,395.6,396.95,111036,BIOCON
2035,2025-02-06 10:05:00+05:30,397.0,397.45,396.45,396.5,76045,BIOCON
2036,2025-02-06 10:10:00+05:30,396.6,397.85,396.35,396.9,85139,BIOCON
2037,2025-02-06 10:15:00+05:30,396.9,397.0,396.25,396.45,30019,BIOCON
2038,2025-02-06 10:20:00+05:30,396.6,397.0,396.0,396.3,45335,BIOCON
2039,2025-02-06 10:25:00+05:30,396.15,396.8,396.05,396.5,25623,BIOCON
2040,2025-02-06 10:30:00+05:30,396.4,397.0,396.1,396.5,31761,BIOCON
2041,2025-02-06 10:35:00+05:30,396.5,397.25,396.35,396.7,49981,BIOCON
2042,2025-02-06 10:40:00+05:30,396.6,396.6,394.85,395.1,86007,BIOCON
2043,2025-02-06 10:45:00+05:30,395.05,395.4,394.7,394.85,47069,BIOCON
2044,2025-02-06 10:50:00+05:30,394.8,395.45,394.75,395.25,32536,BIOCON
2045,2025-02-06 10:55:00+05:30,395.25,395.35,394.15,394.7,46505,BIOCON
2046,2025-02-06 11:00:00+05:30,394.7,394.9,394.2,394.65,27956,BIOCON
2047,2025-02-06 11:05:00+05:30,394.65,394.9,394.15,394.85,32375,BIOCON
2048,2025-02-06 11:10:00+05:30,394.55,394.9,394.5,394.75,18341,BIOCON
2049,2025-02-06 11:15:00+05:30,394.7,394.9,393.65,393.95,52885,BIOCON
2050,2025-02-06 11:20:00+05:30,394.1,394.3,393.85,393.9,31112,BIOCON
2051,2025-02-06 11:25:00+05:30,393.9,393.95,393.4,393.7,28193,BIOCON
2052,2025-02-06 11:30:00+05:30,393.85,394.25,393.65,394.25,13991,BIOCON
2053,2025-02-06 11:35:00+05:30,394.2,394.75,394.15,394.6,28077,BIOCON
2054,2025-02-06 11:40:00+05:30,394.65,397.05,394.55,396.9,81754,BIOCON
2055,2025-02-06 11:45:00+05:30,396.7,398.7,396.55,397.55,128694,BIOCON
2056,2025-02-06 11:50:00+05:30,397.75,398.45,397.5,398.3,60022,BIOCON
2057,2025-02-06 11:55:00+05:30,398.25,398.85,397.65,398.7,66406,BIOCON
2058,2025-02-06 12:00:00+05:30,398.75,399.6,398.1,398.35,138763,BIOCON
2059,2025-02-06 12:05:00+05:30,398.4,399.0,398.2,398.95,55501,BIOCON
2060,2025-02-06 12:10:00+05:30,398.95,399.0,397.85,398.0,45987,BIOCON
2061,2025-02-06 12:15:00+05:30,398.0,398.1,396.5,396.5,69224,BIOCON
2062,2025-02-06 12:20:00+05:30,396.6,397.45,395.7,397.45,61816,BIOCON
2063,2025-02-06 12:25:00+05:30,397.3,397.9,396.8,397.75,84780,BIOCON
2064,2025-02-06 12:30:00+05:30,397.8,398.0,396.9,397.1,27525,BIOCON
2065,2025-02-06 12:35:00+05:30,397.25,397.3,396.85,397.05,16375,BIOCON
2066,2025-02-06 12:40:00+05:30,397.15,397.35,396.05,396.3,85142,BIOCON
2067,2025-02-06 12:45:00+05:30,396.25,397.3,396.25,397.1,13173,BIOCON
2068,2025-02-06 12:50:00+05:30,397.1,397.1,396.65,397.0,13550,BIOCON
2069,2025-02-06 12:55:00+05:30,396.9,397.5,396.8,397.0,15362,BIOCON
2070,2025-02-06 13:00:00+05:30,397.0,397.0,395.95,396.0,27036,BIOCON
2071,2025-02-06 13:05:00+05:30,396.0,397.0,396.0,396.7,16591,BIOCON
2072,2025-02-06 13:10:00+05:30,396.65,397.1,396.6,396.8,15055,BIOCON
2073,2025-02-06 13:15:00+05:30,396.8,397.05,396.25,397.0,16534,BIOCON
2074,2025-02-06 13:20:00+05:30,397.0,397.0,396.45,396.5,5842,BIOCON
2075,2025-02-06 13:25:00+05:30,396.45,397.05,396.4,396.75,7486,BIOCON
2076,2025-02-06 13:30:00+05:30,396.95,397.0,396.75,397.0,9296,BIOCON
2077,2025-02-06 13:35:00+05:30,397.0,397.0,396.4,396.4,18423,BIOCON
2078,2025-02-06 13:40:00+05:30,396.45,396.45,395.05,396.2,89860,BIOCON
2079,2025-02-06 13:45:00+05:30,396.25,396.25,395.05,395.3,17998,BIOCON
2080,2025-02-06 13:50:00+05:30,395.35,395.65,394.25,394.95,54436,BIOCON
2081,2025-02-06 13:55:00+05:30,394.8,395.4,394.8,395.0,20379,BIOCON
2082,2025-02-06 14:00:00+05:30,394.95,395.6,394.95,395.45,24492,BIOCON
2083,2025-02-06 14:05:00+05:30,395.65,395.8,395.25,395.65,19734,BIOCON
2084,2025-02-06 14:10:00+05:30,395.65,395.75,394.55,394.55,28572,BIOCON
2085,2025-02-06 14:15:00+05:30,394.6,395.25,394.6,395.0,16146,BIOCON
2086,2025-02-06 14:20:00+05:30,395.0,395.65,394.75,395.5,21614,BIOCON
2087,2025-02-06 14:25:00+05:30,395.35,395.45,395.0,395.05,10575,BIOCON
2088,2025-02-06 14:30:00+05:30,395.0,395.05,394.2,394.55,39616,BIOCON
2089,2025-02-06 14:35:00+05:30,394.55,394.8,393.5,393.85,69533,BIOCON
2090,2025-02-06 14:40:00+05:30,393.7,394.1,393.5,393.5,31429,BIOCON
2091,2025-02-06 14:45:00+05:30,393.6,395.85,393.6,395.0,93788,BIOCON
2092,2025-02-06 14:50:00+05:30,395.15,395.25,392.0,393.75,133897,BIOCON
2093,2025-02-06 14:55:00+05:30,393.9,394.15,393.5,393.55,43596,BIOCON
2094,2025-02-06 15:00:00+05:30,393.75,395.2,393.5,395.0,97633,BIOCON
2095,2025-02-06 15:05:00+05:30,395.15,396.0,394.5,396.0,703741,BIOCON
2096,2025-02-06 15:10:00+05:30,395.95,396.2,395.3,396.1,68058,BIOCON
2097,2025-02-06 15:15:00+05:30,396.2,398.0,395.15,397.85,895322,BIOCON
2098,2025-02-06 15:20:00+05:30,397.9,398.9,397.5,398.3,412164,BIOCON
2099,2025-02-06 15:25:00+05:30,398.3,399.5,397.25,398.15,354725,BIOCON
2100,2025-02-07 09:15:00+05:30,396.95,398.95,393.65,394.5,161164,BIOCON
2101,2025-02-07 09:20:00+05:30,394.5,397.0,394.3,395.55,81693,BIOCON
2102,2025-02-07 09:25:00+05:30,395.95,396.75,395.05,395.2,58301,BIOCON
2103,2025-02-07 09:30:00+05:30,395.45,396.4,394.55,395.0,35902,BIOCON
2104,2025-02-07 09:35:00+05:30,395.0,395.05,394.05,394.65,22698,BIOCON
2105,2025-02-07 09:40:00+05:30,394.95,395.0,393.45,393.65,29340,BIOCON
2106,2025-02-07 09:45:00+05:30,393.65,394.15,392.55,392.95,55768,BIOCON
2107,2025-02-07 09:50:00+05:30,393.1,393.7,392.6,392.85,17762,BIOCON
2108,2025-02-07 09:55:00+05:30,392.75,392.75,390.5,391.0,48225,BIOCON
2109,2025-02-07 10:00:00+05:30,391.0,391.9,390.85,391.55,24368,BIOCON
2110,2025-02-07 10:05:00+05:30,391.2,391.6,390.0,391.4,43371,BIOCON
2111,2025-02-07 10:10:00+05:30,391.35,391.8,390.6,391.8,14760,BIOCON
2112,2025-02-07 10:15:00+05:30,391.8,392.0,390.05,391.45,29035,BIOCON
2113,2025-02-07 10:20:00+05:30,391.4,392.0,389.45,389.85,32767,BIOCON
2114,2025-02-07 10:25:00+05:30,389.45,390.0,388.0,389.7,54922,BIOCON
2115,2025-02-07 10:30:00+05:30,389.55,389.95,388.8,389.25,22140,BIOCON
2116,2025-02-07 10:35:00+05:30,389.25,390.7,389.05,390.7,17530,BIOCON
2117,2025-02-07 10:40:00+05:30,390.7,391.7,389.5,390.15,30458,BIOCON
2118,2025-02-07 10:45:00+05:30,389.85,390.5,388.0,388.1,53976,BIOCON
2119,2025-02-07 10:50:00+05:30,388.1,388.55,387.3,388.05,61874,BIOCON
2120,2025-02-07 10:55:00+05:30,388.05,393.25,388.05,393.1,257502,BIOCON
2121,2025-02-07 11:00:00+05:30,393.1,394.7,392.15,392.3,57717,BIOCON
2122,2025-02-07 11:05:00+05:30,392.3,394.15,392.3,393.55,34345,BIOCON
2123,2025-02-07 11:10:00+05:30,393.55,393.75,392.5,393.15,13843,BIOCON
2124,2025-02-07 11:15:00+05:30,392.9,394.65,392.8,394.2,19739,BIOCON
2125,2025-02-07 11:20:00+05:30,394.05,394.8,393.55,393.55,22873,BIOCON
2126,2025-02-07 11:25:00+05:30,393.55,393.9,393.25,393.35,12401,BIOCON
2127,2025-02-07 11:30:00+05:30,393.35,393.9,392.3,392.35,16227,BIOCON
2128,2025-02-07 11:35:00+05:30,392.35,393.2,392.15,392.9,11999,BIOCON
2129,2025-02-07 11:40:00+05:30,392.65,393.15,392.15,392.75,26435,BIOCON
2130,2025-02-07 11:45:00+05:30,392.75,393.0,391.4,391.55,15067,BIOCON
2131,2025-02-07 11:50:00+05:30,391.65,392.0,390.85,391.2,11598,BIOCON
2132,2025-02-07 11:55:00+05:30,391.4,392.05,391.0,391.7,9486,BIOCON
2133,2025-02-07 12:00:00+05:30,391.8,391.8,390.75,390.9,6777,BIOCON
2134,2025-02-07 12:05:00+05:30,390.9,391.45,390.8,390.8,7164,BIOCON
2135,2025-02-07 12:10:00+05:30,390.8,391.1,390.1,390.4,10739,BIOCON
2136,2025-02-07 12:15:00+05:30,390.4,390.55,389.65,390.0,13688,BIOCON
2137,2025-02-07 12:20:00+05:30,390.0,390.8,389.85,390.25,10461,BIOCON
2138,2025-02-07 12:25:00+05:30,390.4,391.2,390.0,390.7,9593,BIOCON
2139,2025-02-07 12:30:00+05:30,390.95,391.7,390.65,391.35,7178,BIOCON
2140,2025-02-07 12:35:00+05:30,391.35,391.8,390.9,390.9,7503,BIOCON
2141,2025-02-07 12:40:00+05:30,390.9,391.35,390.6,390.95,12118,BIOCON
2142,2025-02-07 12:45:00+05:30,391.2,391.75,390.95,391.35,9842,BIOCON
2143,2025-02-07 12:50:00+05:30,391.35,391.65,390.65,390.75,4895,BIOCON
2144,2025-02-07 12:55:00+05:30,390.85,390.95,389.95,390.0,58780,BIOCON
2145,2025-02-07 13:00:00+05:30,390.1,391.6,390.0,391.0,11171,BIOCON
2146,2025-02-07 13:05:00+05:30,391.2,391.2,390.3,390.55,4936,BIOCON
2147,2025-02-07 13:10:00+05:30,390.6,390.95,390.1,390.35,7721,BIOCON
2148,2025-02-07 13:15:00+05:30,390.4,391.05,390.35,390.8,6356,BIOCON
2149,2025-02-07 13:20:00+05:30,390.85,391.25,390.6,390.6,15668,BIOCON
2150,2025-02-07 13:25:00+05:30,390.55,390.55,389.5,389.75,71080,BIOCON
2151,2025-02-07 13:30:00+05:30,389.95,390.0,389.55,389.65,15445,BIOCON
2152,2025-02-07 13:35:00+05:30,389.65,390.15,389.65,389.8,16746,BIOCON
2153,2025-02-07 13:40:00+05:30,389.8,390.0,389.3,389.5,6087,BIOCON
2154,2025-02-07 13:45:00+05:30,389.5,389.65,389.0,389.05,12922,BIOCON
2155,2025-02-07 13:50:00+05:30,389.05,389.5,387.6,387.75,26704,BIOCON
2156,2025-02-07 13:55:00+05:30,387.75,388.35,387.45,387.85,27964,BIOCON
2157,2025-02-07 14:00:00+05:30,387.7,388.1,387.45,387.5,14173,BIOCON
2158,2025-02-07 14:05:00+05:30,387.5,387.8,385.8,385.9,51606,BIOCON
2159,2025-02-07 14:10:00+05:30,385.9,386.2,385.35,385.75,26801,BIOCON
2160,2025-02-07 14:15:00+05:30,385.7,386.0,385.15,385.35,17521,BIOCON
2161,2025-02-07 14:20:00+05:30,385.35,386.75,385.25,386.5,49527,BIOCON
2162,2025-02-07 14:25:00+05:30,386.5,386.7,386.0,386.35,32680,BIOCON
2163,2025-02-07 14:30:00+05:30,386.35,387.0,386.05,386.7,33461,BIOCON
2164,2025-02-07 14:35:00+05:30,386.65,387.7,386.3,387.1,33047,BIOCON
2165,2025-02-07 14:40:00+05:30,387.05,387.25,386.25,386.25,14557,BIOCON
2166,2025-02-07 14:45:00+05:30,386.25,386.95,386.0,386.55,9442,BIOCON
2167,2025-02-07 14:50:00+05:30,386.65,387.7,386.5,386.65,12220,BIOCON
2168,2025-02-07 14:55:00+05:30,386.85,387.0,386.3,386.8,19004,BIOCON
2169,2025-02-07 15:00:00+05:30,386.75,387.4,386.45,386.75,17699,BIOCON
2170,2025-02-07 15:05:00+05:30,386.85,387.25,386.65,387.2,19537,BIOCON
2171,2025-02-07 15:10:00+05:30,387.35,387.9,386.9,387.0,80176,BIOCON
2172,2025-02-07 15:15:00+05:30,387.0,387.35,386.25,386.6,69201,BIOCON
2173,2025-02-07 15:20:00+05:30,386.65,386.95,386.0,386.05,56904,BIOCON
2174,2025-02-07 15:25:00+05:30,386.05,386.75,386.0,386.35,58968,BIOCON
2175,2025-02-10 09:15:00+05:30,385.95,386.2,382.05,383.5,112860,BIOCON
2176,2025-02-10 09:20:00+05:30,383.3,383.8,381.0,382.15,82602,BIOCON
2177,2025-02-10 09:25:00+05:30,382.15,382.25,381.0,381.25,46654,BIOCON
2178,2025-02-10 09:30:00+05:30,381.4,381.5,380.05,381.45,45705,BIOCON
2179,2025-02-10 09:35:00+05:30,381.25,381.25,380.0,380.15,29569,BIOCON
2180,2025-02-10 09:40:00+05:30,380.3,381.15,379.7,380.05,30274,BIOCON
2181,2025-02-10 09:45:00+05:30,379.95,381.3,379.55,381.25,28369,BIOCON
2182,2025-02-10 09:50:00+05:30,381.0,382.75,380.75,382.2,46763,BIOCON
2183,2025-02-10 09:55:00+05:30,382.15,383.2,381.5,382.65,71670,BIOCON
2184,2025-02-10 10:00:00+05:30,382.45,382.85,382.0,382.15,22849,BIOCON
2185,2025-02-10 10:05:00+05:30,382.05,383.0,382.0,382.45,25815,BIOCON
2186,2025-02-10 10:10:00+05:30,382.5,382.5,380.35,380.35,87169,BIOCON
2187,2025-02-10 10:15:00+05:30,380.3,380.75,378.75,379.95,63473,BIOCON
2188,2025-02-10 10:20:00+05:30,379.7,381.15,379.5,380.65,22332,BIOCON
2189,2025-02-10 10:25:00+05:30,380.65,381.35,380.6,380.8,9060,BIOCON
2190,2025-02-10 10:30:00+05:30,380.65,380.85,379.25,379.7,23665,BIOCON
2191,2025-02-10 10:35:00+05:30,379.7,380.2,379.1,379.8,34949,BIOCON
2192,2025-02-10 10:40:00+05:30,379.9,379.95,377.9,378.6,33821,BIOCON
2193,2025-02-10 10:45:00+05:30,378.4,378.5,377.1,378.05,47132,BIOCON
2194,2025-02-10 10:50:00+05:30,377.9,379.05,377.8,378.2,14916,BIOCON
2195,2025-02-10 10:55:00+05:30,378.25,378.9,378.15,378.7,4639,BIOCON
2196,2025-02-10 11:00:00+05:30,378.5,378.75,376.95,377.35,35465,BIOCON
2197,2025-02-10 11:05:00+05:30,377.25,377.9,376.8,377.65,30164,BIOCON
2198,2025-02-10 11:10:00+05:30,377.65,377.75,376.9,377.75,4418,BIOCON
2199,2025-02-10 11:15:00+05:30,377.75,377.95,376.75,376.8,5152,BIOCON
2200,2025-02-10 11:20:00+05:30,376.8,377.9,376.8,377.45,14888,BIOCON
2201,2025-02-10 11:25:00+05:30,377.3,377.65,376.5,377.45,11251,BIOCON
2202,2025-02-10 11:30:00+05:30,377.65,377.65,376.2,377.25,12270,BIOCON
2203,2025-02-10 11:35:00+05:30,377.3,377.55,377.0,377.3,6121,BIOCON
2204,2025-02-10 11:40:00+05:30,377.35,377.5,376.75,377.3,4157,BIOCON
2205,2025-02-10 11:45:00+05:30,377.35,377.9,377.0,377.3,15592,BIOCON
2206,2025-02-10 11:50:00+05:30,377.25,377.25,375.85,376.05,16922,BIOCON
2207,2025-02-10 11:55:00+05:30,376.1,376.45,375.45,376.2,13372,BIOCON
2208,2025-02-10 12:00:00+05:30,375.95,376.45,375.1,375.5,34192,BIOCON
2209,2025-02-10 12:05:00+05:30,375.5,376.0,375.4,375.7,9291,BIOCON
2210,2025-02-10 12:10:00+05:30,375.65,375.8,374.7,375.2,19033,BIOCON
2211,2025-02-10 12:15:00+05:30,375.15,375.15,374.45,374.55,11169,BIOCON
2212,2025-02-10 12:20:00+05:30,374.7,375.5,374.65,375.45,12865,BIOCON
2213,2025-02-10 12:25:00+05:30,375.35,376.0,375.1,375.85,16951,BIOCON
2214,2025-02-10 12:30:00+05:30,375.65,375.8,374.85,375.8,14673,BIOCON
2215,2025-02-10 12:35:00+05:30,375.7,376.0,374.9,375.25,9495,BIOCON
2216,2025-02-10 12:40:00+05:30,375.45,376.45,375.0,376.05,14148,BIOCON
2217,2025-02-10 12:45:00+05:30,376.3,376.85,376.0,376.3,13510,BIOCON
2218,2025-02-10 12:50:00+05:30,376.15,376.45,375.2,375.95,9866,BIOCON
2219,2025-02-10 12:55:00+05:30,375.9,376.4,375.35,375.65,3540,BIOCON
2220,2025-02-10 13:00:00+05:30,375.7,375.7,375.2,375.35,7924,BIOCON
2221,2025-02-10 13:05:00+05:30,375.4,375.6,374.9,375.3,15958,BIOCON
2222,2025-02-10 13:10:00+05:30,375.4,375.6,375.0,375.4,17674,BIOCON
2223,2025-02-10 13:15:00+05:30,375.3,375.45,374.2,374.5,9384,BIOCON
2224,2025-02-10 13:20:00+05:30,374.3,375.65,374.3,374.95,12159,BIOCON
2225,2025-02-10 13:25:00+05:30,374.95,376.0,374.85,376.0,7036,BIOCON
2226,2025-02-10 13:30:00+05:30,375.75,375.9,374.9,375.25,11501,BIOCON
2227,2025-02-10 13:35:00+05:30,375.35,376.0,375.35,375.8,3681,BIOCON
2228,2025-02-10 13:40:00+05:30,375.8,375.8,375.2,375.6,11161,BIOCON
2229,2025-02-10 13:45:00+05:30,375.6,376.45,375.55,375.95,9643,BIOCON
2230,2025-02-10 13:50:00+05:30,376.15,377.25,375.8,376.9,17879,BIOCON
2231,2025-02-10 13:55:00+05:30,376.9,376.9,376.2,376.55,13575,BIOCON
2232,2025-02-10 14:00:00+05:30,376.5,376.5,375.1,375.6,9290,BIOCON
2233,2025-02-10 14:05:00+05:30,375.6,376.0,375.3,375.8,6699,BIOCON
2234,2025-02-10 14:10:00+05:30,375.75,375.95,375.1,375.15,4565,BIOCON
2235,2025-02-10 14:15:00+05:30,375.1,375.6,375.1,375.25,7022,BIOCON
2236,2025-02-10 14:20:00+05:30,375.25,375.45,374.7,375.15,18526,BIOCON
2237,2025-02-10 14:25:00+05:30,375.2,375.4,374.85,375.4,8255,BIOCON
2238,2025-02-10 14:30:00+05:30,375.4,376.85,375.35,376.45,22896,BIOCON
2239,2025-02-10 14:35:00+05:30,376.45,377.0,376.45,376.9,12825,BIOCON
2240,2025-02-10 14:40:00+05:30,376.9,377.9,376.85,376.9,21923,BIOCON
2241,2025-02-10 14:45:00+05:30,376.85,377.05,376.45,376.85,15513,BIOCON
2242,2025-02-10 14:50:00+05:30,376.85,377.4,376.7,377.25,17674,BIOCON
2243,2025-02-10 14:55:00+05:30,377.3,377.5,376.8,377.5,11164,BIOCON
2244,2025-02-10 15:00:00+05:30,377.5,377.8,376.9,377.3,30505,BIOCON
2245,2025-02-10 15:05:00+05:30,377.2,377.65,376.7,377.4,29290,BIOCON
2246,2025-02-10 15:10:00+05:30,377.5,378.1,376.95,377.0,24069,BIOCON
2247,2025-02-10 15:15:00+05:30,377.0,377.3,376.7,377.1,53097,BIOCON
2248,2025-02-10 15:20:00+05:30,377.1,377.3,376.65,377.1,32083,BIOCON
2249,2025-02-10 15:25:00+05:30,377.1,377.4,376.65,377.4,38292,BIOCON
2250,2025-02-11 09:15:00+05:30,378.55,378.7,374.1,374.8,105404,BIOCON
2251,2025-02-11 09:20:00+05:30,374.4,374.6,372.2,372.2,58468,BIOCON
2252,2025-02-11 09:25:00+05:30,372.4,373.2,371.85,371.85,40902,BIOCON
2253,2025-02-11 09:30:00+05:30,371.85,372.7,371.2,371.5,43372,BIOCON
2254,2025-02-11 09:35:00+05:30,371.9,373.5,371.5,372.3,27103,BIOCON
2255,2025-02-11 09:40:00+05:30,372.3,373.3,371.1,372.55,25012,BIOCON
2256,2025-02-11 09:45:00+05:30,372.25,372.45,369.8,369.95,40991,BIOCON
2257,2025-02-11 09:50:00+05:30,370.25,370.75,369.65,370.15,32509,BIOCON
2258,2025-02-11 09:55:00+05:30,370.2,370.3,369.25,369.55,16450,BIOCON
2259,2025-02-11 10:00:00+05:30,369.85,369.9,368.6,368.95,25177,BIOCON
2260,2025-02-11 10:05:00+05:30,368.8,369.0,368.15,368.45,18653,BIOCON
2261,2025-02-11 10:10:00+05:30,368.45,368.5,367.6,368.15,22119,BIOCON
2262,2025-02-11 10:15:00+05:30,368.0,368.1,367.5,367.75,16621,BIOCON
2263,2025-02-11 10:20:00+05:30,367.75,369.0,367.2,369.0,37386,BIOCON
2264,2025-02-11 10:25:00+05:30,368.95,369.2,368.0,368.55,27903,BIOCON
2265,2025-02-11 10:30:00+05:30,368.75,368.8,367.8,368.5,11873,BIOCON
2266,2025-02-11 10:35:00+05:30,368.4,368.85,368.1,368.2,10822,BIOCON
2267,2025-02-11 10:40:00+05:30,368.45,368.7,367.5,367.5,12001,BIOCON
2268,2025-02-11 10:45:00+05:30,367.5,368.9,366.65,368.75,28151,BIOCON
2269,2025-02-11 10:50:00+05:30,368.75,369.2,368.1,368.1,9184,BIOCON
2270,2025-02-11 10:55:00+05:30,368.35,368.75,368.0,368.75,2393,BIOCON
2271,2025-02-11 11:00:00+05:30,368.75,368.75,366.4,366.6,22057,BIOCON
2272,2025-02-11 11:05:00+05:30,366.75,367.75,366.6,367.45,5944,BIOCON
2273,2025-02-11 11:10:00+05:30,367.55,367.65,366.75,366.85,6714,BIOCON
2274,2025-02-11 11:15:00+05:30,367.1,367.55,366.5,367.55,15935,BIOCON
2275,2025-02-11 11:20:00+05:30,367.3,367.6,366.4,366.65,8804,BIOCON
2276,2025-02-11 11:25:00+05:30,366.55,366.85,365.3,365.35,18698,BIOCON
2277,2025-02-11 11:30:00+05:30,365.65,365.65,363.75,364.2,63024,BIOCON
2278,2025-02-11 11:35:00+05:30,364.35,365.35,363.8,364.95,24319,BIOCON
2279,2025-02-11 11:40:00+05:30,365.0,365.9,364.35,364.7,33649,BIOCON
2280,2025-02-11 11:45:00+05:30,364.9,365.45,364.35,364.8,9325,BIOCON
2281,2025-02-11 11:50:00+05:30,364.8,365.4,364.25,364.5,31751,BIOCON
2282,2025-02-11 11:55:00+05:30,364.5,364.9,364.1,364.25,5286,BIOCON
2283,2025-02-11 12:00:00+05:30,364.25,364.8,364.15,364.6,28043,BIOCON
2284,2025-02-11 12:05:00+05:30,364.6,364.85,363.75,363.8,12588,BIOCON
2285,2025-02-11 12:10:00+05:30,363.8,364.8,363.75,364.0,20560,BIOCON
2286,2025-02-11 12:15:00+05:30,363.8,364.1,363.05,363.05,17361,BIOCON
2287,2025-02-11 12:20:00+05:30,363.05,363.35,362.55,362.95,28890,BIOCON
2288,2025-02-11 12:25:00+05:30,362.7,363.6,362.6,363.45,11657,BIOCON
2289,2025-02-11 12:30:00+05:30,363.4,364.3,363.25,363.85,11780,BIOCON
2290,2025-02-11 12:35:00+05:30,363.85,364.0,363.0,363.25,10758,BIOCON
2291,2025-02-11 12:40:00+05:30,363.15,363.9,362.9,363.55,8367,BIOCON
2292,2025-02-11 12:45:00+05:30,363.6,363.8,362.3,362.3,19485,BIOCON
2293,2025-02-11 12:50:00+05:30,362.3,363.4,362.3,363.15,10978,BIOCON
2294,2025-02-11 12:55:00+05:30,363.15,363.55,362.45,362.5,9663,BIOCON
2295,2025-02-11 13:00:00+05:30,362.55,362.55,361.65,361.7,21480,BIOCON
2296,2025-02-11 13:05:00+05:30,361.8,361.9,360.95,361.55,42214,BIOCON
2297,2025-02-11 13:10:00+05:30,361.3,361.4,360.65,361.15,18299,BIOCON
2298,2025-02-11 13:15:00+05:30,361.15,362.8,360.8,362.5,19709,BIOCON
2299,2025-02-11 13:20:00+05:30,362.75,363.65,362.4,362.6,44159,BIOCON
2300,2025-02-11 13:25:00+05:30,362.6,362.85,362.05,362.6,28715,BIOCON
2301,2025-02-11 13:30:00+05:30,362.7,363.35,362.15,362.15,26245,BIOCON
2302,2025-02-11 13:35:00+05:30,362.15,363.0,361.55,362.8,50281,BIOCON
2303,2025-02-11 13:40:00+05:30,362.7,362.95,361.85,362.85,45564,BIOCON
2304,2025-02-11 13:45:00+05:30,362.95,363.0,362.3,362.65,25810,BIOCON
2305,2025-02-11 13:50:00+05:30,362.75,363.0,362.0,362.25,15755,BIOCON
2306,2025-02-11 13:55:00+05:30,362.4,362.5,361.5,362.3,6452,BIOCON
2307,2025-02-11 14:00:00+05:30,362.3,362.55,361.1,361.45,16294,BIOCON
2308,2025-02-11 14:05:00+05:30,361.35,361.5,360.75,360.95,18134,BIOCON
2309,2025-02-11 14:10:00+05:30,361.2,362.15,361.05,362.0,17218,BIOCON
2310,2025-02-11 14:15:00+05:30,362.1,362.1,361.1,361.1,14809,BIOCON
2311,2025-02-11 14:20:00+05:30,361.1,361.75,360.75,360.9,39817,BIOCON
2312,2025-02-11 14:25:00+05:30,361.0,361.7,360.25,360.3,23802,BIOCON
2313,2025-02-11 14:30:00+05:30,360.25,361.05,360.2,360.6,14689,BIOCON
2314,2025-02-11 14:35:00+05:30,360.7,361.6,360.0,361.0,30241,BIOCON
2315,2025-02-11 14:40:00+05:30,361.0,361.5,360.55,361.5,21407,BIOCON
2316,2025-02-11 14:45:00+05:30,361.3,362.1,361.05,361.85,31235,BIOCON
2317,2025-02-11 14:50:00+05:30,361.85,363.9,361.7,363.8,45788,BIOCON
2318,2025-02-11 14:55:00+05:30,363.7,363.95,361.9,361.95,28559,BIOCON
2319,2025-02-11 15:00:00+05:30,362.2,363.45,362.2,363.0,26250,BIOCON
2320,2025-02-11 15:05:00+05:30,363.0,363.15,362.0,362.95,28553,BIOCON
2321,2025-02-11 15:10:00+05:30,362.95,363.0,362.15,362.15,21364,BIOCON
2322,2025-02-11 15:15:00+05:30,362.4,362.65,361.35,361.6,70143,BIOCON
2323,2025-02-11 15:20:00+05:30,361.6,361.8,361.05,361.5,68661,BIOCON
2324,2025-02-11 15:25:00+05:30,361.75,362.95,361.6,362.0,45065,BIOCON
2325,2025-02-12 09:15:00+05:30,360.95,361.95,357.45,358.25,124539,BIOCON
2326,2025-02-12 09:20:00+05:30,358.3,359.35,355.7,355.8,77295,BIOCON
2327,2025-02-12 09:25:00+05:30,355.7,356.0,353.0,353.2,107193,BIOCON
2328,2025-02-12 09:30:00+05:30,353.25,353.9,351.55,352.35,92892,BIOCON
2329,2025-02-12 09:35:00+05:30,352.3,352.85,349.5,350.0,122813,BIOCON
2330,2025-02-12 09:40:00+05:30,350.0,352.35,349.15,349.7,158744,BIOCON
2331,2025-02-12 09:45:00+05:30,349.5,350.45,347.95,348.0,94561,BIOCON
2332,2025-02-12 09:50:00+05:30,348.0,350.3,348.0,349.55,89808,BIOCON
2333,2025-02-12 09:55:00+05:30,349.7,350.6,347.35,347.6,77895,BIOCON
2334,2025-02-12 10:00:00+05:30,347.6,348.2,346.65,347.3,100182,BIOCON
2335,2025-02-12 10:05:00+05:30,347.4,347.45,344.7,346.0,213248,BIOCON
2336,2025-02-12 10:10:00+05:30,345.8,346.5,343.35,343.95,155244,BIOCON
2337,2025-02-12 10:15:00+05:30,343.8,348.1,342.75,346.0,188810,BIOCON
2338,2025-02-12 10:20:00+05:30,345.7,346.75,344.5,346.6,52285,BIOCON
2339,2025-02-12 10:25:00+05:30,346.8,348.0,346.05,347.75,72509,BIOCON
2340,2025-02-12 10:30:00+05:30,347.8,348.85,346.55,348.6,125910,BIOCON
2341,2025-02-12 10:35:00+05:30,348.75,350.15,347.95,350.05,208709,BIOCON
2342,2025-02-12 10:40:00+05:30,350.05,351.45,348.55,349.3,103690,BIOCON
2343,2025-02-12 10:45:00+05:30,349.2,353.1,349.2,353.0,65495,BIOCON
2344,2025-02-12 10:50:00+05:30,352.95,353.8,352.45,353.3,58471,BIOCON
2345,2025-02-12 10:55:00+05:30,353.05,353.4,351.45,351.45,34670,BIOCON
2346,2025-02-12 11:00:00+05:30,351.6,352.1,350.0,350.7,21678,BIOCON
2347,2025-02-12 11:05:00+05:30,350.5,352.75,349.65,352.4,48839,BIOCON
2348,2025-02-12 11:10:00+05:30,352.2,352.75,351.0,352.35,30327,BIOCON
2349,2025-02-12 11:15:00+05:30,352.4,352.45,351.25,352.35,28856,BIOCON
2350,2025-02-12 11:20:00+05:30,352.5,352.8,351.35,352.35,11865,BIOCON
2351,2025-02-12 11:25:00+05:30,352.3,352.75,351.6,351.95,10987,BIOCON
2352,2025-02-12 11:30:00+05:30,352.15,352.6,350.2,350.4,42367,BIOCON
2353,2025-02-12 11:35:00+05:30,350.35,351.15,349.55,350.8,32097,BIOCON
2354,2025-02-12 11:40:00+05:30,350.85,353.25,350.5,353.25,23196,BIOCON
2355,2025-02-12 11:45:00+05:30,353.2,354.8,352.55,353.0,63122,BIOCON
2356,2025-02-12 11:50:00+05:30,352.9,353.8,351.75,353.55,49592,BIOCON
2357,2025-02-12 11:55:00+05:30,353.6,354.45,353.0,353.7,13806,BIOCON
2358,2025-02-12 12:00:00+05:30,353.9,354.35,353.45,353.95,21088,BIOCON
2359,2025-02-12 12:05:00+05:30,354.0,354.05,352.15,353.6,50546,BIOCON
2360,2025-02-12 12:10:00+05:30,353.9,354.1,352.85,353.75,27252,BIOCON
2361,2025-02-12 12:15:00+05:30,353.8,354.2,352.65,353.0,20978,BIOCON
2362,2025-02-12 12:20:00+05:30,352.85,353.8,352.85,353.35,15530,BIOCON
2363,2025-02-12 12:25:00+05:30,353.25,354.7,353.25,354.6,92980,BIOCON
2364,2025-02-12 12:30:00+05:30,354.6,357.2,354.5,356.6,56405,BIOCON
2365,2025-02-12 12:35:00+05:30,356.9,357.1,355.1,355.35,26724,BIOCON
2366,2025-02-12 12:40:00+05:30,355.35,356.1,354.8,355.7,14120,BIOCON
2367,2025-02-12 12:45:00+05:30,355.7,357.4,355.7,357.0,23131,BIOCON
2368,2025-02-12 12:50:00+05:30,357.05,358.55,357.05,357.2,46368,BIOCON
2369,2025-02-12 12:55:00+05:30,357.25,357.45,356.2,356.85,14824,BIOCON
2370,2025-02-12 13:00:00+05:30,356.75,358.2,356.55,357.25,31424,BIOCON
2371,2025-02-12 13:05:00+05:30,357.2,357.8,356.45,357.0,16285,BIOCON
2372,2025-02-12 13:10:00+05:30,357.0,357.8,356.8,357.3,8183,BIOCON
2373,2025-02-12 13:15:00+05:30,357.3,357.5,356.1,356.8,16457,BIOCON
2374,2025-02-12 13:20:00+05:30,356.7,356.85,355.85,356.25,15776,BIOCON
2375,2025-02-12 13:25:00+05:30,356.4,356.85,356.05,356.5,15925,BIOCON
2376,2025-02-12 13:30:00+05:30,356.75,357.85,356.35,356.4,18949,BIOCON
2377,2025-02-12 13:35:00+05:30,356.55,357.55,356.35,357.1,5810,BIOCON
2378,2025-02-12 13:40:00+05:30,357.15,357.15,355.2,356.45,26200,BIOCON
2379,2025-02-12 13:45:00+05:30,356.55,356.55,355.0,355.05,13717,BIOCON
2380,2025-02-12 13:50:00+05:30,355.1,355.5,354.65,354.9,22246,BIOCON
2381,2025-02-12 13:55:00+05:30,355.0,355.45,354.05,354.15,30645,BIOCON
2382,2025-02-12 14:00:00+05:30,354.35,354.9,353.9,354.0,28263,BIOCON
2383,2025-02-12 14:05:00+05:30,354.25,354.8,353.45,354.15,80737,BIOCON
2384,2025-02-12 14:10:00+05:30,354.15,354.55,353.65,354.25,22860,BIOCON
2385,2025-02-12 14:15:00+05:30,354.3,354.55,354.0,354.2,6267,BIOCON
2386,2025-02-12 14:20:00+05:30,354.15,354.8,353.95,354.1,12722,BIOCON
2387,2025-02-12 14:25:00+05:30,354.05,354.1,353.1,353.65,30505,BIOCON
2388,2025-02-12 14:30:00+05:30,353.55,353.55,352.5,353.2,29118,BIOCON
2389,2025-02-12 14:35:00+05:30,353.1,353.3,352.55,352.95,14947,BIOCON
2390,2025-02-12 14:40:00+05:30,353.1,354.35,352.95,353.3,25838,BIOCON
2391,2025-02-12 14:45:00+05:30,353.35,353.4,352.5,352.65,12104,BIOCON
2392,2025-02-12 14:50:00+05:30,352.75,353.55,352.5,353.55,25943,BIOCON
2393,2025-02-12 14:55:00+05:30,353.45,353.9,352.8,352.95,14983,BIOCON
2394,2025-02-12 15:00:00+05:30,352.95,354.7,352.8,354.7,73947,BIOCON
2395,2025-02-12 15:05:00+05:30,354.7,356.55,354.7,355.8,57940,BIOCON
2396,2025-02-12 15:10:00+05:30,355.8,356.2,355.5,356.05,22482,BIOCON
2397,2025-02-12 15:15:00+05:30,356.0,356.9,355.9,356.8,72505,BIOCON
2398,2025-02-12 15:20:00+05:30,356.8,357.6,356.55,357.0,64757,BIOCON
2399,2025-02-12 15:25:00+05:30,357.1,357.85,356.55,356.9,31640,BIOCON
2400,2025-02-13 09:15:00+05:30,358.2,367.95,358.2,365.45,309245,BIOCON
2401,2025-02-13 09:20:00+05:30,365.45,365.5,362.65,363.15,145148,BIOCON
2402,2025-02-13 09:25:00+05:30,363.15,366.95,362.15,366.1,161856,BIOCON
2403,2025-02-13 09:30:00+05:30,366.1,368.55,365.8,368.25,208607,BIOCON
2404,2025-02-13 09:35:00+05:30,368.3,368.4,364.1,364.75,121749,BIOCON
2405,2025-02-13 09:40:00+05:30,364.45,365.9,364.3,365.45,59404,BIOCON
2406,2025-02-13 09:45:00+05:30,365.5,367.4,365.5,366.15,62862,BIOCON
2407,2025-02-13 09:50:00+05:30,366.2,367.05,365.15,366.8,33704,BIOCON
2408,2025-02-13 09:55:00+05:30,366.85,367.1,365.8,366.85,47111,BIOCON
2409,2025-02-13 10:00:00+05:30,367.1,367.5,366.5,367.5,54643,BIOCON
2410,2025-02-13 10:05:00+05:30,367.5,367.65,365.95,365.95,26494,BIOCON
2411,2025-02-13 10:10:00+05:30,366.05,366.7,365.5,365.85,29008,BIOCON
2412,2025-02-13 10:15:00+05:30,365.85,366.6,365.55,366.05,29151,BIOCON
2413,2025-02-13 10:20:00+05:30,366.1,366.2,364.55,364.85,40853,BIOCON
2414,2025-02-13 10:25:00+05:30,364.85,364.9,364.0,364.35,48217,BIOCON
2415,2025-02-13 10:30:00+05:30,364.3,364.85,363.55,364.35,37611,BIOCON
2416,2025-02-13 10:35:00+05:30,364.35,365.9,364.1,365.55,25240,BIOCON
2417,2025-02-13 10:40:00+05:30,365.55,365.65,364.65,364.8,18105,BIOCON
2418,2025-02-13 10:45:00+05:30,364.8,365.15,364.45,364.85,22208,BIOCON
2419,2025-02-13 10:50:00+05:30,364.85,364.85,363.35,363.65,27281,BIOCON
2420,2025-02-13 10:55:00+05:30,363.9,364.45,363.35,364.25,28825,BIOCON
2421,2025-02-13 11:00:00+05:30,364.25,364.95,364.2,364.95,14146,BIOCON
2422,2025-02-13 11:05:00+05:30,364.95,365.45,364.4,364.7,14192,BIOCON
2423,2025-02-13 11:10:00+05:30,364.65,364.9,364.2,364.6,13470,BIOCON
2424,2025-02-13 11:15:00+05:30,364.6,364.9,364.05,364.45,9522,BIOCON
2425,2025-02-13 11:20:00+05:30,364.3,364.35,363.45,364.2,19100,BIOCON
2426,2025-02-13 11:25:00+05:30,364.2,364.25,363.4,363.4,28601,BIOCON
2427,2025-02-13 11:30:00+05:30,363.4,363.65,362.1,363.1,39124,BIOCON
2428,2025-02-13 11:35:00+05:30,363.1,363.1,361.75,362.2,38521,BIOCON
2429,2025-02-13 11:40:00+05:30,362.2,362.6,362.0,362.5,12574,BIOCON
2430,2025-02-13 11:45:00+05:30,362.6,363.9,362.6,363.9,18457,BIOCON
2431,2025-02-13 11:50:00+05:30,363.9,365.0,363.65,364.5,20086,BIOCON
2432,2025-02-13 11:55:00+05:30,364.5,364.55,364.05,364.2,8177,BIOCON
2433,2025-02-13 12:00:00+05:30,364.2,364.35,363.85,364.3,15523,BIOCON
2434,2025-02-13 12:05:00+05:30,364.3,364.3,363.25,363.5,13285,BIOCON
2435,2025-02-13 12:10:00+05:30,363.5,363.65,362.4,362.5,13902,BIOCON
2436,2025-02-13 12:15:00+05:30,362.55,364.3,362.2,364.0,24669,BIOCON
2437,2025-02-13 12:20:00+05:30,364.2,364.2,362.75,363.1,9712,BIOCON
2438,2025-02-13 12:25:00+05:30,363.1,363.8,362.95,363.7,13597,BIOCON
2439,2025-02-13 12:30:00+05:30,363.75,364.1,363.35,363.85,6754,BIOCON
2440,2025-02-13 12:35:00+05:30,364.05,364.1,362.35,362.65,17848,BIOCON
2441,2025-02-13 12:40:00+05:30,362.65,362.85,361.85,362.65,25669,BIOCON
2442,2025-02-13 12:45:00+05:30,362.65,363.3,362.35,363.15,8860,BIOCON
2443,2025-02-13 12:50:00+05:30,363.2,363.2,361.75,362.05,10682,BIOCON
2444,2025-02-13 12:55:00+05:30,362.05,362.5,361.9,362.45,9012,BIOCON
2445,2025-02-13 13:00:00+05:30,362.45,362.9,361.8,362.65,13290,BIOCON
2446,2025-02-13 13:05:00+05:30,362.4,362.8,361.9,362.5,8446,BIOCON
2447,2025-02-13 13:10:00+05:30,362.5,362.5,361.6,361.65,8134,BIOCON
2448,2025-02-13 13:15:00+05:30,361.65,362.75,361.25,362.25,23730,BIOCON
2449,2025-02-13 13:20:00+05:30,362.1,362.8,361.75,361.9,12111,BIOCON
2450,2025-02-13 13:25:00+05:30,361.9,362.25,361.0,361.25,24900,BIOCON
2451,2025-02-13 13:30:00+05:30,361.25,361.5,360.55,360.9,17946,BIOCON
2452,2025-02-13 13:35:00+05:30,360.85,360.9,359.5,359.85,55410,BIOCON
2453,2025-02-13 13:40:00+05:30,359.95,361.0,359.5,361.0,23681,BIOCON
2454,2025-02-13 13:45:00+05:30,361.0,361.0,360.1,360.3,34072,BIOCON
2455,2025-02-13 13:50:00+05:30,360.3,361.4,360.1,360.5,15537,BIOCON
2456,2025-02-13 13:55:00+05:30,360.5,361.35,360.4,360.7,10647,BIOCON
2457,2025-02-13 14:00:00+05:30,360.6,361.25,360.6,361.25,9690,BIOCON
2458,2025-02-13 14:05:00+05:30,361.25,361.25,360.0,360.25,14009,BIOCON
2459,2025-02-13 14:10:00+05:30,360.25,360.8,360.0,360.55,13421,BIOCON
2460,2025-02-13 14:15:00+05:30,360.75,360.8,360.35,360.6,9723,BIOCON
2461,2025-02-13 14:20:00+05:30,360.5,360.6,359.8,360.3,18663,BIOCON
2462,2025-02-13 14:25:00+05:30,360.25,360.8,360.1,360.45,14008,BIOCON
2463,2025-02-13 14:30:00+05:30,360.4,360.5,359.5,359.55,19317,BIOCON
2464,2025-02-13 14:35:00+05:30,359.5,359.7,358.55,359.45,45883,BIOCON
2465,2025-02-13 14:40:00+05:30,359.7,359.75,358.95,359.45,13489,BIOCON
2466,2025-02-13 14:45:00+05:30,359.4,360.5,358.95,360.5,29449,BIOCON
2467,2025-02-13 14:50:00+05:30,360.5,360.85,359.65,360.35,22934,BIOCON
2468,2025-02-13 14:55:00+05:30,360.35,360.45,359.6,359.85,15418,BIOCON
2469,2025-02-13 15:00:00+05:30,359.8,360.2,358.7,359.15,30610,BIOCON
2470,2025-02-13 15:05:00+05:30,359.1,360.4,359.0,360.05,80532,BIOCON
2471,2025-02-13 15:10:00+05:30,360.1,360.25,359.05,359.35,35000,BIOCON
2472,2025-02-13 15:15:00+05:30,359.2,359.65,358.55,358.75,55052,BIOCON
2473,2025-02-13 15:20:00+05:30,358.8,359.25,358.45,358.65,78667,BIOCON
2474,2025-02-13 15:25:00+05:30,358.65,359.95,358.3,359.0,78206,BIOCON
2475,2025-02-14 09:15:00+05:30,362.75,362.75,357.85,358.45,128035,BIOCON
2476,2025-02-14 09:20:00+05:30,358.45,359.25,356.1,356.4,58421,BIOCON
2477,2025-02-14 09:25:00+05:30,356.3,357.8,356.05,356.8,62860,BIOCON
2478,2025-02-14 09:30:00+05:30,356.8,358.0,356.45,357.4,71451,BIOCON
2479,2025-02-14 09:35:00+05:30,357.3,359.8,355.35,358.05,115047,BIOCON
2480,2025-02-14 09:40:00+05:30,358.0,358.75,356.85,357.15,73585,BIOCON
2481,2025-02-14 09:45:00+05:30,357.1,357.45,356.15,357.25,47976,BIOCON
2482,2025-02-14 09:50:00+05:30,357.25,357.75,355.25,355.55,36176,BIOCON
2483,2025-02-14 09:55:00+05:30,355.5,358.2,355.05,357.25,51712,BIOCON
2484,2025-02-14 10:00:00+05:30,357.55,357.55,356.2,357.15,39238,BIOCON
2485,2025-02-14 10:05:00+05:30,356.95,358.0,356.6,357.25,54871,BIOCON
2486,2025-02-14 10:10:00+05:30,357.3,357.5,355.0,356.05,34416,BIOCON
2487,2025-02-14 10:15:00+05:30,356.05,356.5,355.8,355.9,23601,BIOCON
2488,2025-02-14 10:20:00+05:30,355.95,355.95,354.15,354.6,35023,BIOCON
2489,2025-02-14 10:25:00+05:30,354.65,354.85,352.95,353.05,54395,BIOCON
2490,2025-02-14 10:30:00+05:30,353.05,354.55,352.4,354.4,73304,BIOCON
2491,2025-02-14 10:35:00+05:30,354.4,354.45,352.75,353.45,30067,BIOCON
2492,2025-02-14 10:40:00+05:30,353.45,353.45,352.2,352.2,19285,BIOCON
2493,2025-02-14 10:45:00+05:30,352.15,352.45,351.25,351.8,45967,BIOCON
2494,2025-02-14 10:50:00+05:30,351.75,352.0,351.05,351.2,35515,BIOCON
2495,2025-02-14 10:55:00+05:30,351.2,352.2,351.1,351.6,32886,BIOCON
2496,2025-02-14 11:00:00+05:30,351.5,352.1,351.25,351.4,32055,BIOCON
2497,2025-02-14 11:05:00+05:30,351.35,351.65,350.75,350.95,26670,BIOCON
2498,2025-02-14 11:10:00+05:30,351.1,353.45,350.75,352.65,40319,BIOCON
2499,2025-02-14 11:15:00+05:30,352.6,352.7,351.85,352.2,24441,BIOCON
2500,2025-02-14 11:20:00+05:30,352.1,353.3,351.85,352.5,32731,BIOCON
2501,2025-02-14 11:25:00+05:30,352.55,352.9,351.85,352.05,30081,BIOCON
2502,2025-02-14 11:30:00+05:30,352.1,353.55,351.95,352.4,36358,BIOCON
2503,2025-02-14 11:35:00+05:30,352.4,352.6,351.25,351.3,25724,BIOCON
2504,2025-02-14 11:40:00+05:30,351.5,353.4,351.35,353.05,45939,BIOCON
2505,2025-02-14 11:45:00+05:30,353.0,353.55,352.45,352.55,12455,BIOCON
2506,2025-02-14 11:50:00+05:30,352.55,353.0,352.2,352.75,10988,BIOCON
2507,2025-02-14 11:55:00+05:30,352.65,352.75,351.25,352.3,105319,BIOCON
2508,2025-02-14 12:00:00+05:30,352.4,352.4,348.95,349.4,117700,BIOCON
2509,2025-02-14 12:05:00+05:30,349.4,350.45,349.3,349.65,32863,BIOCON
2510,2025-02-14 12:10:00+05:30,349.75,349.9,349.35,349.35,10174,BIOCON
2511,2025-02-14 12:15:00+05:30,349.4,349.6,348.75,348.8,49030,BIOCON
2512,2025-02-14 12:20:00+05:30,348.8,349.45,348.75,348.9,42938,BIOCON
2513,2025-02-14 12:25:00+05:30,348.95,349.5,348.7,349.0,33824,BIOCON
2514,2025-02-14 12:30:00+05:30,348.95,349.2,348.35,349.05,52838,BIOCON
2515,2025-02-14 12:35:00+05:30,349.15,350.0,349.05,349.8,23694,BIOCON
2516,2025-02-14 12:40:00+05:30,349.75,349.75,348.2,348.35,16178,BIOCON
2517,2025-02-14 12:45:00+05:30,348.4,349.0,347.95,348.25,68992,BIOCON
2518,2025-02-14 12:50:00+05:30,348.25,349.0,347.85,348.05,14572,BIOCON
2519,2025-02-14 12:55:00+05:30,348.0,348.1,347.1,347.1,17944,BIOCON
2520,2025-02-14 13:00:00+05:30,347.15,347.35,345.8,346.1,71135,BIOCON
2521,2025-02-14 13:05:00+05:30,346.1,346.95,346.0,346.45,37800,BIOCON
2522,2025-02-14 13:10:00+05:30,346.5,347.0,346.1,346.7,14345,BIOCON
2523,2025-02-14 13:15:00+05:30,346.65,349.05,346.55,348.75,39774,BIOCON
2524,2025-02-14 13:20:00+05:30,348.8,349.2,347.6,347.85,28837,BIOCON
2525,2025-02-14 13:25:00+05:30,347.85,349.2,347.6,348.4,17769,BIOCON
2526,2025-02-14 13:30:00+05:30,348.4,348.6,347.25,347.8,27873,BIOCON
2527,2025-02-14 13:35:00+05:30,347.85,347.85,346.45,346.65,18607,BIOCON
2528,2025-02-14 13:40:00+05:30,346.65,347.7,346.45,347.45,11013,BIOCON
2529,2025-02-14 13:45:00+05:30,347.35,347.5,346.5,346.8,7503,BIOCON
2530,2025-02-14 13:50:00+05:30,346.6,347.0,346.1,346.3,16929,BIOCON
2531,2025-02-14 13:55:00+05:30,346.3,347.0,346.0,346.35,16616,BIOCON
2532,2025-02-14 14:00:00+05:30,346.35,346.5,345.2,345.25,24730,BIOCON
2533,2025-02-14 14:05:00+05:30,345.25,346.05,344.4,344.9,31953,BIOCON
2534,2025-02-14 14:10:00+05:30,344.85,345.15,344.25,344.65,8669,BIOCON
2535,2025-02-14 14:15:00+05:30,344.7,347.5,344.5,347.2,36445,BIOCON
2536,2025-02-14 14:20:00+05:30,347.3,348.4,346.5,346.7,26050,BIOCON
2537,2025-02-14 14:25:00+05:30,346.6,347.35,346.05,347.2,22492,BIOCON
2538,2025-02-14 14:30:00+05:30,347.3,349.55,346.6,349.45,43551,BIOCON
2539,2025-02-14 14:35:00+05:30,349.45,351.5,349.25,350.5,72570,BIOCON
2540,2025-02-14 14:40:00+05:30,350.5,352.8,350.45,352.55,52970,BIOCON
2541,2025-02-14 14:45:00+05:30,352.7,352.85,350.75,351.35,30776,BIOCON
2542,2025-02-14 14:50:00+05:30,351.35,352.7,350.8,351.8,62776,BIOCON
2543,2025-02-14 14:55:00+05:30,351.75,351.8,350.05,350.9,51307,BIOCON
2544,2025-02-14 15:00:00+05:30,350.9,351.5,349.4,349.5,31331,BIOCON
2545,2025-02-14 15:05:00+05:30,349.55,350.05,349.05,349.35,35130,BIOCON
2546,2025-02-14 15:10:00+05:30,349.35,350.15,349.15,349.45,45363,BIOCON
2547,2025-02-14 15:15:00+05:30,349.45,349.7,348.9,349.1,76898,BIOCON
2548,2025-02-14 15:20:00+05:30,349.1,349.1,348.35,348.7,51358,BIOCON
2549,2025-02-14 15:25:00+05:30,348.65,349.55,348.3,348.45,53436,BIOCON
2550,2025-02-17 09:15:00+05:30,349.3,351.1,338.0,350.65,330016,BIOCON
2551,2025-02-17 09:20:00+05:30,350.95,352.5,349.7,350.9,188926,BIOCON
2552,2025-02-17 09:25:00+05:30,350.9,352.75,349.6,349.6,88614,BIOCON
2553,2025-02-17 09:30:00+05:30,349.6,350.7,344.5,346.55,287553,BIOCON
2554,2025-02-17 09:35:00+05:30,346.75,349.35,345.7,347.0,85537,BIOCON
2555,2025-02-17 09:40:00+05:30,347.05,351.0,346.85,350.65,92252,BIOCON
2556,2025-02-17 09:45:00+05:30,350.25,351.0,348.65,349.6,62426,BIOCON
2557,2025-02-17 09:50:00+05:30,349.5,350.1,345.3,346.5,48873,BIOCON
2558,2025-02-17 09:55:00+05:30,346.45,349.2,346.2,347.85,41702,BIOCON
2559,2025-02-17 10:00:00+05:30,347.85,348.1,345.3,346.45,24949,BIOCON
2560,2025-02-17 10:05:00+05:30,346.5,348.0,346.0,346.95,30668,BIOCON
2561,2025-02-17 10:10:00+05:30,346.9,347.2,344.65,345.55,51928,BIOCON
2562,2025-02-17 10:15:00+05:30,345.55,347.65,344.85,347.35,51817,BIOCON
2563,2025-02-17 10:20:00+05:30,347.4,348.9,346.75,347.5,38473,BIOCON
2564,2025-02-17 10:25:00+05:30,347.5,348.2,346.2,348.0,20263,BIOCON
2565,2025-02-17 10:30:00+05:30,348.1,348.8,347.55,347.8,33334,BIOCON
2566,2025-02-17 10:35:00+05:30,347.85,351.95,347.85,351.5,75755,BIOCON
2567,2025-02-17 10:40:00+05:30,351.35,352.6,350.65,352.5,35760,BIOCON
2568,2025-02-17 10:45:00+05:30,352.6,352.85,350.7,351.75,30884,BIOCON
2569,2025-02-17 10:50:00+05:30,351.7,352.0,351.3,351.75,13118,BIOCON
2570,2025-02-17 10:55:00+05:30,351.7,351.7,349.2,349.65,16229,BIOCON
2571,2025-02-17 11:00:00+05:30,349.7,350.4,348.4,348.8,26413,BIOCON
2572,2025-02-17 11:05:00+05:30,348.65,348.7,346.95,347.5,26381,BIOCON
2573,2025-02-17 11:10:00+05:30,347.65,347.65,345.5,345.85,26653,BIOCON
2574,2025-02-17 11:15:00+05:30,345.8,345.85,344.65,344.95,66697,BIOCON
2575,2025-02-17 11:20:00+05:30,344.95,345.9,344.75,345.7,22511,BIOCON
2576,2025-02-17 11:25:00+05:30,345.9,346.45,345.25,345.65,21134,BIOCON
2577,2025-02-17 11:30:00+05:30,345.5,346.0,345.0,345.3,9097,BIOCON
2578,2025-02-17 11:35:00+05:30,345.3,345.3,344.3,344.6,15853,BIOCON
2579,2025-02-17 11:40:00+05:30,344.6,345.25,344.05,345.0,24732,BIOCON
2580,2025-02-17 11:45:00+05:30,345.0,345.55,343.3,344.5,28891,BIOCON
2581,2025-02-17 11:50:00+05:30,344.6,344.8,343.75,344.55,10725,BIOCON
2582,2025-02-17 11:55:00+05:30,344.65,345.9,344.15,345.75,18360,BIOCON
2583,2025-02-17 12:00:00+05:30,345.95,346.9,345.0,345.2,14837,BIOCON
2584,2025-02-17 12:05:00+05:30,345.5,345.5,344.25,344.75,6520,BIOCON
2585,2025-02-17 12:10:00+05:30,344.95,345.35,344.35,344.35,3636,BIOCON
2586,2025-02-17 12:15:00+05:30,344.15,344.75,343.8,344.15,13785,BIOCON
2587,2025-02-17 12:20:00+05:30,344.1,344.4,343.75,344.35,5179,BIOCON
2588,2025-02-17 12:25:00+05:30,344.35,345.3,344.05,345.2,11183,BIOCON
2589,2025-02-17 12:30:00+05:30,345.05,346.0,344.75,345.8,20242,BIOCON
2590,2025-02-17 12:35:00+05:30,345.95,345.95,344.5,345.15,20975,BIOCON
2591,2025-02-17 12:40:00+05:30,345.15,346.7,345.15,346.35,7880,BIOCON
2592,2025-02-17 12:45:00+05:30,346.3,347.7,346.05,346.25,38430,BIOCON
2593,2025-02-17 12:50:00+05:30,346.25,348.0,346.0,347.65,42863,BIOCON
2594,2025-02-17 12:55:00+05:30,347.5,347.9,346.9,347.75,23279,BIOCON
2595,2025-02-17 13:00:00+05:30,347.8,348.4,347.15,347.45,13132,BIOCON
2596,2025-02-17 13:05:00+05:30,347.45,347.75,346.65,347.05,15199,BIOCON
2597,2025-02-17 13:10:00+05:30,347.05,347.05,346.1,346.1,11701,BIOCON
2598,2025-02-17 13:15:00+05:30,346.3,346.3,345.3,345.5,9994,BIOCON
2599,2025-02-17 13:20:00+05:30,345.45,347.25,345.25,347.1,22553,BIOCON
2600,2025-02-17 13:25:00+05:30,347.05,347.05,345.8,346.1,14191,BIOCON
2601,2025-02-17 13:30:00+05:30,346.0,348.0,345.7,348.0,12773,BIOCON
2602,2025-02-17 13:35:00+05:30,348.0,348.35,346.9,348.25,26546,BIOCON
2603,2025-02-17 13:40:00+05:30,348.2,349.9,348.0,349.9,35484,BIOCON
2604,2025-02-17 13:45:00+05:30,349.9,349.9,348.15,348.7,24293,BIOCON
2605,2025-02-17 13:50:00+05:30,348.9,349.35,347.2,347.9,13674,BIOCON
2606,2025-02-17 13:55:00+05:30,347.9,347.95,346.6,347.15,11359,BIOCON
2607,2025-02-17 14:00:00+05:30,347.3,348.6,346.6,346.95,19815,BIOCON
2608,2025-02-17 14:05:00+05:30,347.0,347.7,346.6,346.75,10816,BIOCON
2609,2025-02-17 14:10:00+05:30,346.65,347.7,346.5,347.5,14134,BIOCON
2610,2025-02-17 14:15:00+05:30,347.55,348.5,347.0,348.1,10414,BIOCON
2611,2025-02-17 14:20:00+05:30,348.25,348.8,347.4,348.2,16735,BIOCON
2612,2025-02-17 14:25:00+05:30,348.35,349.0,348.15,348.4,10976,BIOCON
2613,2025-02-17 14:30:00+05:30,348.4,348.4,347.15,347.35,17944,BIOCON
2614,2025-02-17 14:35:00+05:30,347.4,347.55,345.85,346.0,17695,BIOCON
2615,2025-02-17 14:40:00+05:30,346.1,347.15,346.0,346.9,11177,BIOCON
2616,2025-02-17 14:45:00+05:30,346.75,347.15,346.45,346.75,8743,BIOCON
2617,2025-02-17 14:50:00+05:30,346.9,347.0,346.15,346.3,9795,BIOCON
2618,2025-02-17 14:55:00+05:30,346.3,347.7,346.1,347.5,25522,BIOCON
2619,2025-02-17 15:00:00+05:30,347.4,348.2,347.2,347.6,35860,BIOCON
2620,2025-02-17 15:05:00+05:30,347.6,348.15,347.0,347.35,25978,BIOCON
2621,2025-02-17 15:10:00+05:30,347.35,347.9,346.95,347.9,36384,BIOCON
2622,2025-02-17 15:15:00+05:30,347.9,347.9,346.55,347.5,62641,BIOCON
2623,2025-02-17 15:20:00+05:30,347.55,348.5,347.3,348.35,44416,BIOCON
2624,2025-02-17 15:25:00+05:30,348.3,348.3,346.9,347.7,50879,BIOCON
2625,2025-02-18 09:15:00+05:30,351.1,351.1,346.55,347.3,174378,BIOCON
2626,2025-02-18 09:20:00+05:30,347.1,347.65,342.9,343.8,141720,BIOCON
2627,2025-02-18 09:25:00+05:30,343.9,344.4,342.75,343.45,71434,BIOCON
2628,2025-02-18 09:30:00+05:30,343.15,343.25,340.95,341.8,75010,BIOCON
2629,2025-02-18 09:35:00+05:30,341.65,344.0,341.45,342.6,63164,BIOCON
2630,2025-02-18 09:40:00+05:30,342.75,342.8,341.3,341.5,37826,BIOCON
2631,2025-02-18 09:45:00+05:30,341.6,341.95,339.8,340.0,57508,BIOCON
2632,2025-02-18 09:50:00+05:30,339.95,341.8,339.0,339.5,60164,BIOCON
2633,2025-02-18 09:55:00+05:30,339.45,340.0,338.7,338.7,46480,BIOCON
2634,2025-02-18 10:00:00+05:30,338.85,341.15,338.65,340.85,42944,BIOCON
2635,2025-02-18 10:05:00+05:30,340.85,341.35,338.75,338.95,42388,BIOCON
2636,2025-02-18 10:10:00+05:30,338.75,339.6,338.0,338.55,40123,BIOCON
2637,2025-02-18 10:15:00+05:30,338.8,339.65,338.45,338.95,23623,BIOCON
2638,2025-02-18 10:20:00+05:30,338.95,339.4,338.7,339.4,12912,BIOCON
2639,2025-02-18 10:25:00+05:30,339.25,339.35,337.85,338.45,26091,BIOCON
2640,2025-02-18 10:30:00+05:30,338.25,338.4,337.45,337.5,28448,BIOCON
2641,2025-02-18 10:35:00+05:30,337.5,339.0,337.35,339.0,22385,BIOCON
2642,2025-02-18 10:40:00+05:30,339.0,339.6,337.2,338.45,108137,BIOCON
2643,2025-02-18 10:45:00+05:30,338.4,338.45,337.4,337.5,17312,BIOCON
2644,2025-02-18 10:50:00+05:30,337.5,339.3,337.4,339.05,29247,BIOCON
2645,2025-02-18 10:55:00+05:30,339.0,339.45,338.2,338.55,19542,BIOCON
2646,2025-02-18 11:00:00+05:30,338.55,338.75,337.85,338.3,18881,BIOCON
2647,2025-02-18 11:05:00+05:30,338.0,338.2,337.2,337.25,23104,BIOCON
2648,2025-02-18 11:10:00+05:30,337.4,337.4,335.7,336.0,73517,BIOCON
2649,2025-02-18 11:15:00+05:30,335.95,336.85,335.15,336.85,36961,BIOCON
2650,2025-02-18 11:20:00+05:30,336.8,337.5,336.55,336.6,24135,BIOCON
2651,2025-02-18 11:25:00+05:30,336.6,336.7,336.05,336.3,6988,BIOCON
2652,2025-02-18 11:30:00+05:30,336.3,336.45,335.55,335.65,14705,BIOCON
2653,2025-02-18 11:35:00+05:30,335.95,336.0,334.75,335.35,42645,BIOCON
2654,2025-02-18 11:40:00+05:30,335.35,336.85,335.25,335.85,35382,BIOCON
2655,2025-02-18 11:45:00+05:30,335.7,337.65,335.7,336.9,31133,BIOCON
2656,2025-02-18 11:50:00+05:30,336.9,336.9,335.55,335.75,16488,BIOCON
2657,2025-02-18 11:55:00+05:30,335.7,335.95,334.15,334.75,72045,BIOCON
2658,2025-02-18 12:00:00+05:30,334.6,335.6,334.6,334.95,7717,BIOCON
2659,2025-02-18 12:05:00+05:30,334.9,335.45,334.6,335.15,17553,BIOCON
2660,2025-02-18 12:10:00+05:30,335.15,335.6,334.9,335.55,8390,BIOCON
2661,2025-02-18 12:15:00+05:30,335.5,336.0,335.2,335.65,29834,BIOCON
2662,2025-02-18 12:20:00+05:30,335.8,335.9,334.7,334.95,12547,BIOCON
2663,2025-02-18 12:25:00+05:30,334.9,335.9,334.75,335.6,6856,BIOCON
2664,2025-02-18 12:30:00+05:30,335.6,336.4,335.35,336.4,31310,BIOCON
2665,2025-02-18 12:35:00+05:30,336.4,336.9,336.05,336.6,14200,BIOCON
2666,2025-02-18 12:40:00+05:30,336.6,336.65,335.5,335.7,18459,BIOCON
2667,2025-02-18 12:45:00+05:30,335.7,336.15,335.45,335.6,8624,BIOCON
2668,2025-02-18 12:50:00+05:30,335.4,335.4,334.25,334.8,38454,BIOCON
2669,2025-02-18 12:55:00+05:30,334.8,335.15,334.45,334.85,6035,BIOCON
2670,2025-02-18 13:00:00+05:30,334.8,335.3,334.4,335.0,16262,BIOCON
2671,2025-02-18 13:05:00+05:30,334.8,335.4,334.6,335.35,6883,BIOCON
2672,2025-02-18 13:10:00+05:30,335.15,335.35,334.65,335.0,15547,BIOCON
2673,2025-02-18 13:15:00+05:30,335.0,335.5,334.75,334.9,20634,BIOCON
2674,2025-02-18 13:20:00+05:30,334.9,335.35,334.75,334.85,10331,BIOCON
2675,2025-02-18 13:25:00+05:30,334.7,334.95,334.25,334.8,12728,BIOCON
2676,2025-02-18 13:30:00+05:30,334.8,335.65,334.15,335.6,37097,BIOCON
2677,2025-02-18 13:35:00+05:30,335.6,335.95,334.7,335.0,23541,BIOCON
2678,2025-02-18 13:40:00+05:30,335.0,336.6,334.85,336.15,59740,BIOCON
2679,2025-02-18 13:45:00+05:30,336.2,336.6,335.7,335.95,15590,BIOCON
2680,2025-02-18 13:50:00+05:30,335.9,336.8,335.75,336.8,19600,BIOCON
2681,2025-02-18 13:55:00+05:30,336.8,337.2,334.8,335.45,101538,BIOCON
2682,2025-02-18 14:00:00+05:30,335.45,336.25,335.0,335.2,24479,BIOCON
2683,2025-02-18 14:05:00+05:30,335.05,336.35,335.0,336.25,19151,BIOCON
2684,2025-02-18 14:10:00+05:30,336.05,336.55,335.6,335.9,34644,BIOCON
2685,2025-02-18 14:15:00+05:30,335.8,335.95,335.05,335.35,15316,BIOCON
2686,2025-02-18 14:20:00+05:30,335.4,336.1,335.05,335.95,17273,BIOCON
2687,2025-02-18 14:25:00+05:30,335.95,337.0,335.7,337.0,18949,BIOCON
2688,2025-02-18 14:30:00+05:30,337.0,337.2,336.15,336.4,8545,BIOCON
2689,2025-02-18 14:35:00+05:30,336.65,337.95,336.3,337.7,34316,BIOCON
2690,2025-02-18 14:40:00+05:30,337.7,338.5,336.3,337.4,157061,BIOCON
2691,2025-02-18 14:45:00+05:30,337.15,337.6,336.4,337.2,296651,BIOCON
2692,2025-02-18 14:50:00+05:30,337.2,338.2,336.95,337.7,38925,BIOCON
2693,2025-02-18 14:55:00+05:30,337.6,337.8,336.95,337.65,36203,BIOCON
2694,2025-02-18 15:00:00+05:30,337.6,339.55,337.4,338.5,87674,BIOCON
2695,2025-02-18 15:05:00+05:30,338.5,338.75,338.25,338.7,41228,BIOCON
2696,2025-02-18 15:10:00+05:30,338.75,339.1,338.6,338.65,47055,BIOCON
2697,2025-02-18 15:15:00+05:30,338.7,338.8,338.0,338.2,108257,BIOCON
2698,2025-02-18 15:20:00+05:30,338.25,338.25,337.35,337.5,129903,BIOCON
2699,2025-02-18 15:25:00+05:30,337.65,337.9,336.6,337.45,85385,BIOCON
2700,2025-02-19 09:15:00+05:30,336.1,336.2,329.6,334.0,297687,BIOCON
2701,2025-02-19 09:20:00+05:30,334.1,336.7,334.0,334.7,78306,BIOCON
2702,2025-02-19 09:25:00+05:30,334.55,335.0,333.8,334.5,52185,BIOCON
2703,2025-02-19 09:30:00+05:30,334.55,335.45,333.6,334.35,114428,BIOCON
2704,2025-02-19 09:35:00+05:30,334.2,334.75,333.65,334.65,50480,BIOCON
2705,2025-02-19 09:40:00+05:30,334.55,335.0,333.3,334.7,44188,BIOCON
2706,2025-02-19 09:45:00+05:30,334.7,335.9,334.45,335.0,184137,BIOCON
2707,2025-02-19 09:50:00+05:30,335.0,335.7,334.8,334.95,200141,BIOCON
2708,2025-02-19 09:55:00+05:30,335.0,337.25,334.6,336.5,191029,BIOCON
2709,2025-02-19 10:00:00+05:30,336.6,337.45,336.2,336.95,65925,BIOCON
2710,2025-02-19 10:05:00+05:30,336.85,337.65,336.25,336.25,34831,BIOCON
2711,2025-02-19 10:10:00+05:30,336.15,336.75,335.25,336.6,34588,BIOCON
2712,2025-02-19 10:15:00+05:30,336.7,337.8,336.65,337.8,56396,BIOCON
2713,2025-02-19 10:20:00+05:30,337.75,338.0,337.4,337.95,31117,BIOCON
2714,2025-02-19 10:25:00+05:30,337.9,338.7,337.7,338.7,24606,BIOCON
2715,2025-02-19 10:30:00+05:30,338.75,339.2,338.25,338.25,54599,BIOCON
2716,2025-02-19 10:35:00+05:30,338.35,339.95,338.05,339.6,32350,BIOCON
2717,2025-02-19 10:40:00+05:30,339.6,339.95,338.5,338.9,41335,BIOCON
2718,2025-02-19 10:45:00+05:30,338.95,338.95,336.15,336.2,75996,BIOCON
2719,2025-02-19 10:50:00+05:30,336.5,336.6,333.9,334.25,66460,BIOCON
2720,2025-02-19 10:55:00+05:30,334.1,334.1,332.6,333.35,85670,BIOCON
2721,2025-02-19 11:00:00+05:30,333.3,335.25,333.05,334.65,27631,BIOCON
2722,2025-02-19 11:05:00+05:30,334.65,335.9,334.25,334.55,33726,BIOCON
2723,2025-02-19 11:10:00+05:30,334.65,335.65,334.3,335.65,24980,BIOCON
2724,2025-02-19 11:15:00+05:30,335.75,336.7,335.0,335.6,37031,BIOCON
2725,2025-02-19 11:20:00+05:30,335.6,336.25,335.5,335.9,10710,BIOCON
2726,2025-02-19 11:25:00+05:30,335.95,336.15,335.25,336.15,17225,BIOCON
2727,2025-02-19 11:30:00+05:30,336.1,337.95,335.55,337.3,48232,BIOCON
2728,2025-02-19 11:35:00+05:30,337.65,337.65,336.05,336.15,24905,BIOCON
2729,2025-02-19 11:40:00+05:30,336.35,336.75,336.1,336.2,6706,BIOCON
2730,2025-02-19 11:45:00+05:30,336.25,336.95,336.15,336.7,18798,BIOCON
2731,2025-02-19 11:50:00+05:30,336.7,337.45,336.5,337.1,16248,BIOCON
2732,2025-02-19 11:55:00+05:30,337.25,337.45,336.75,337.45,7142,BIOCON
2733,2025-02-19 12:00:00+05:30,337.45,338.6,337.25,337.7,89792,BIOCON
2734,2025-02-19 12:05:00+05:30,338.0,338.05,337.0,337.0,16453,BIOCON
2735,2025-02-19 12:10:00+05:30,336.95,337.15,336.8,336.8,24251,BIOCON
2736,2025-02-19 12:15:00+05:30,336.95,337.45,336.8,336.8,16972,BIOCON
2737,2025-02-19 12:20:00+05:30,336.95,337.5,336.8,337.15,8893,BIOCON
2738,2025-02-19 12:25:00+05:30,337.2,337.6,336.6,336.6,27885,BIOCON
2739,2025-02-19 12:30:00+05:30,336.6,337.55,336.6,337.3,25762,BIOCON
2740,2025-02-19 12:35:00+05:30,337.3,338.8,337.05,338.1,40770,BIOCON
2741,2025-02-19 12:40:00+05:30,338.1,338.1,337.1,337.15,18875,BIOCON
2742,2025-02-19 12:45:00+05:30,337.2,337.7,337.1,337.2,7950,BIOCON
2743,2025-02-19 12:50:00+05:30,337.35,337.5,336.8,336.95,13193,BIOCON
2744,2025-02-19 12:55:00+05:30,337.15,337.5,336.7,337.15,17943,BIOCON
2745,2025-02-19 13:00:00+05:30,337.3,338.2,337.05,337.3,29991,BIOCON
2746,2025-02-19 13:05:00+05:30,337.35,337.45,335.75,336.2,23857,BIOCON
2747,2025-02-19 13:10:00+05:30,336.2,336.8,336.0,336.4,9803,BIOCON
2748,2025-02-19 13:15:00+05:30,336.55,336.75,335.95,335.95,13104,BIOCON
2749,2025-02-19 13:20:00+05:30,335.95,336.3,335.6,336.05,28845,BIOCON
2750,2025-02-19 13:25:00+05:30,336.1,336.9,335.9,336.6,12126,BIOCON
2751,2025-02-19 13:30:00+05:30,336.55,336.85,336.0,336.5,11727,BIOCON
2752,2025-02-19 13:35:00+05:30,336.5,337.1,336.35,336.75,17711,BIOCON
2753,2025-02-19 13:40:00+05:30,336.75,337.45,335.95,336.1,23049,BIOCON
2754,2025-02-19 13:45:00+05:30,336.1,336.35,335.9,336.2,11071,BIOCON
2755,2025-02-19 13:50:00+05:30,336.25,336.5,336.0,336.25,7778,BIOCON
2756,2025-02-19 13:55:00+05:30,336.25,336.65,335.6,336.0,8404,BIOCON
2757,2025-02-19 14:00:00+05:30,335.8,336.6,335.8,336.4,23560,BIOCON
2758,2025-02-19 14:05:00+05:30,336.4,336.55,336.15,336.3,14862,BIOCON
2759,2025-02-19 14:10:00+05:30,336.3,336.95,336.25,336.7,17406,BIOCON
2760,2025-02-19 14:15:00+05:30,336.7,336.7,334.45,334.9,28440,BIOCON
2761,2025-02-19 14:20:00+05:30,334.9,335.5,334.8,335.2,16077,BIOCON
2762,2025-02-19 14:25:00+05:30,335.15,335.25,334.1,334.25,18664,BIOCON
2763,2025-02-19 14:30:00+05:30,334.25,335.15,334.2,335.1,23825,BIOCON
2764,2025-02-19 14:35:00+05:30,335.2,335.9,335.05,335.55,24680,BIOCON
2765,2025-02-19 14:40:00+05:30,335.55,335.8,335.0,335.7,10623,BIOCON
2766,2025-02-19 14:45:00+05:30,335.65,336.1,335.35,335.85,18070,BIOCON
2767,2025-02-19 14:50:00+05:30,335.85,336.55,335.75,336.3,43520,BIOCON
2768,2025-02-19 14:55:00+05:30,336.2,336.5,335.9,336.0,26100,BIOCON
2769,2025-02-19 15:00:00+05:30,336.0,336.7,335.7,336.6,25706,BIOCON
2770,2025-02-19 15:05:00+05:30,336.6,337.0,336.45,337.0,39087,BIOCON
2771,2025-02-19 15:10:00+05:30,337.0,337.35,336.75,337.05,58503,BIOCON
2772,2025-02-19 15:15:00+05:30,337.05,337.3,336.35,337.0,148528,BIOCON
2773,2025-02-19 15:20:00+05:30,337.05,337.15,336.5,336.8,49757,BIOCON
2774,2025-02-19 15:25:00+05:30,336.8,337.0,336.3,336.9,39720,BIOCON
2775,2025-02-20 09:15:00+05:30,335.0,336.5,333.05,333.85,117318,BIOCON
2776,2025-02-20 09:20:00+05:30,333.85,334.0,330.55,330.95,111394,BIOCON
2777,2025-02-20 09:25:00+05:30,330.9,330.95,329.85,330.0,108494,BIOCON
2778,2025-02-20 09:30:00+05:30,330.0,333.5,330.0,333.3,68110,BIOCON
2779,2025-02-20 09:35:00+05:30,333.45,335.95,333.4,335.7,92648,BIOCON
2780,2025-02-20 09:40:00+05:30,335.65,336.35,334.45,334.45,46878,BIOCON
2781,2025-02-20 09:45:00+05:30,334.55,335.05,332.65,333.05,51796,BIOCON
2782,2025-02-20 09:50:00+05:30,332.8,334.6,332.7,334.0,30939,BIOCON
2783,2025-02-20 09:55:00+05:30,334.15,334.9,333.55,334.4,20327,BIOCON
2784,2025-02-20 10:00:00+05:30,334.4,334.65,333.85,334.25,8861,BIOCON
2785,2025-02-20 10:05:00+05:30,334.25,335.0,334.0,334.95,15702,BIOCON
2786,2025-02-20 10:10:00+05:30,334.9,334.95,333.8,334.15,13825,BIOCON
2787,2025-02-20 10:15:00+05:30,334.0,334.7,333.7,334.15,14345,BIOCON
2788,2025-02-20 10:20:00+05:30,334.15,335.2,334.1,334.4,11112,BIOCON
2789,2025-02-20 10:25:00+05:30,334.4,334.75,333.5,334.15,27240,BIOCON
2790,2025-02-20 10:30:00+05:30,334.15,334.75,334.15,334.6,19639,BIOCON
2791,2025-02-20 10:35:00+05:30,334.65,334.9,334.25,334.55,8364,BIOCON
2792,2025-02-20 10:40:00+05:30,334.25,334.75,333.85,334.6,12180,BIOCON
2793,2025-02-20 10:45:00+05:30,334.65,334.9,334.1,334.6,11746,BIOCON
2794,2025-02-20 10:50:00+05:30,334.45,334.6,334.0,334.15,10974,BIOCON
2795,2025-02-20 10:55:00+05:30,334.15,334.8,334.0,334.55,16410,BIOCON
2796,2025-02-20 11:00:00+05:30,334.55,334.95,334.1,334.8,7126,BIOCON
2797,2025-02-20 11:05:00+05:30,334.75,335.65,334.65,335.6,25941,BIOCON
2798,2025-02-20 11:10:00+05:30,335.55,335.8,335.0,335.3,8771,BIOCON
2799,2025-02-20 11:15:00+05:30,335.3,335.45,334.85,335.0,8705,BIOCON
2800,2025-02-20 11:20:00+05:30,335.0,335.2,334.5,334.65,14958,BIOCON
2801,2025-02-20 11:25:00+05:30,334.7,334.75,334.0,334.2,16015,BIOCON
2802,2025-02-20 11:30:00+05:30,334.2,334.4,333.25,333.5,36797,BIOCON
2803,2025-02-20 11:35:00+05:30,333.3,333.5,333.0,333.2,40162,BIOCON
2804,2025-02-20 11:40:00+05:30,333.1,333.35,332.5,333.05,28383,BIOCON
2805,2025-02-20 11:45:00+05:30,332.85,333.0,331.7,331.95,49991,BIOCON
2806,2025-02-20 11:50:00+05:30,331.95,332.2,331.7,331.95,17781,BIOCON
2807,2025-02-20 11:55:00+05:30,332.05,332.35,331.55,331.6,27198,BIOCON
2808,2025-02-20 12:00:00+05:30,331.8,332.0,331.3,331.4,32465,BIOCON
2809,2025-02-20 12:05:00+05:30,331.5,331.95,331.25,331.85,25136,BIOCON
2810,2025-02-20 12:10:00+05:30,331.85,333.15,331.85,333.05,31423,BIOCON
2811,2025-02-20 12:15:00+05:30,332.85,333.0,332.05,332.05,35047,BIOCON
2812,2025-02-20 12:20:00+05:30,332.05,332.6,332.0,332.0,43660,BIOCON
2813,2025-02-20 12:25:00+05:30,332.0,332.0,331.5,331.7,17807,BIOCON
2814,2025-02-20 12:30:00+05:30,331.7,331.7,331.1,331.25,33202,BIOCON
2815,2025-02-20 12:35:00+05:30,331.25,332.3,331.25,332.0,25962,BIOCON
2816,2025-02-20 12:40:00+05:30,332.25,332.5,331.75,331.9,17360,BIOCON
2817,2025-02-20 12:45:00+05:30,332.0,332.55,331.7,332.35,25599,BIOCON
2818,2025-02-20 12:50:00+05:30,332.35,332.85,331.8,332.55,19276,BIOCON
2819,2025-02-20 12:55:00+05:30,332.5,333.3,332.15,332.3,66493,BIOCON
2820,2025-02-20 13:00:00+05:30,332.2,332.3,331.15,331.4,47479,BIOCON
2821,2025-02-20 13:05:00+05:30,331.4,331.7,331.1,331.55,16549,BIOCON
2822,2025-02-20 13:10:00+05:30,331.65,331.7,331.15,331.45,17563,BIOCON
2823,2025-02-20 13:15:00+05:30,331.3,333.0,331.0,332.2,90374,BIOCON
2824,2025-02-20 13:20:00+05:30,332.2,332.5,331.9,332.15,33819,BIOCON
2825,2025-02-20 13:25:00+05:30,332.15,332.55,332.0,332.0,34758,BIOCON
2826,2025-02-20 13:30:00+05:30,332.0,332.55,332.0,332.0,56746,BIOCON
2827,2025-02-20 13:35:00+05:30,332.05,332.35,331.9,332.0,24816,BIOCON
2828,2025-02-20 13:40:00+05:30,332.0,333.15,332.0,332.7,148030,BIOCON
2829,2025-02-20 13:45:00+05:30,332.9,333.25,332.5,333.05,47688,BIOCON
2830,2025-02-20 13:50:00+05:30,332.9,333.9,332.7,333.7,50111,BIOCON
2831,2025-02-20 13:55:00+05:30,333.9,334.5,333.6,334.3,73665,BIOCON
2832,2025-02-20 14:00:00+05:30,334.3,334.45,334.05,334.4,12556,BIOCON
2833,2025-02-20 14:05:00+05:30,334.25,334.5,333.65,334.15,33316,BIOCON
2834,2025-02-20 14:10:00+05:30,334.05,334.9,333.95,334.75,38999,BIOCON
2835,2025-02-20 14:15:00+05:30,334.75,335.65,334.5,335.5,182655,BIOCON
2836,2025-02-20 14:20:00+05:30,335.5,337.1,335.45,337.1,157482,BIOCON
2837,2025-02-20 14:25:00+05:30,337.1,337.3,336.5,336.55,61025,BIOCON
2838,2025-02-20 14:30:00+05:30,336.6,336.6,335.75,335.8,33658,BIOCON
2839,2025-02-20 14:35:00+05:30,335.75,336.3,335.6,336.15,27926,BIOCON
2840,2025-02-20 14:40:00+05:30,336.15,336.55,335.75,335.9,27021,BIOCON
2841,2025-02-20 14:45:00+05:30,335.85,336.65,335.8,336.4,28188,BIOCON
2842,2025-02-20 14:50:00+05:30,336.45,336.45,335.75,335.75,19280,BIOCON
2843,2025-02-20 14:55:00+05:30,335.8,336.15,335.75,336.0,12841,BIOCON
2844,2025-02-20 15:00:00+05:30,336.0,336.55,335.75,335.75,47333,BIOCON
2845,2025-02-20 15:05:00+05:30,335.8,336.4,335.75,336.2,62464,BIOCON
2846,2025-02-20 15:10:00+05:30,336.2,337.0,336.05,336.9,106073,BIOCON
2847,2025-02-20 15:15:00+05:30,336.8,337.0,336.05,336.05,235494,BIOCON
2848,2025-02-20 15:20:00+05:30,336.05,336.2,335.25,335.35,273905,BIOCON
2849,2025-02-20 15:25:00+05:30,335.35,336.5,335.25,336.5,218299,BIOCON
2850,2025-02-21 09:15:00+05:30,336.0,339.0,335.35,337.35,127933,BIOCON
2851,2025-02-21 09:20:00+05:30,337.1,337.5,335.55,336.7,88973,BIOCON
2852,2025-02-21 09:25:00+05:30,336.85,336.9,335.0,335.9,93767,BIOCON
2853,2025-02-21 09:30:00+05:30,335.9,336.75,335.4,336.25,43795,BIOCON
2854,2025-02-21 09:35:00+05:30,336.25,336.95,335.75,336.6,24549,BIOCON
2855,2025-02-21 09:40:00+05:30,336.6,336.6,333.35,333.65,81940,BIOCON
2856,2025-02-21 09:45:00+05:30,333.7,335.0,333.5,333.95,27760,BIOCON
2857,2025-02-21 09:50:00+05:30,333.95,333.95,332.4,332.4,60070,BIOCON
2858,2025-02-21 09:55:00+05:30,332.3,333.05,331.6,331.8,67287,BIOCON
2859,2025-02-21 10:00:00+05:30,331.8,332.25,331.1,331.1,45271,BIOCON
2860,2025-02-21 10:05:00+05:30,331.1,331.2,330.4,330.45,57954,BIOCON
2861,2025-02-21 10:10:00+05:30,330.5,330.5,327.9,328.0,126798,BIOCON
2862,2025-02-21 10:15:00+05:30,327.9,328.0,326.75,326.85,92935,BIOCON
2863,2025-02-21 10:20:00+05:30,326.85,327.5,324.55,324.8,153991,BIOCON
2864,2025-02-21 10:25:00+05:30,324.8,325.3,323.6,323.95,84499,BIOCON
2865,2025-02-21 10:30:00+05:30,323.75,325.85,323.1,324.4,304459,BIOCON
2866,2025-02-21 10:35:00+05:30,324.2,325.25,324.05,324.8,177074,BIOCON
2867,2025-02-21 10:40:00+05:30,324.8,325.9,323.5,325.5,103137,BIOCON
2868,2025-02-21 10:45:00+05:30,325.55,325.9,323.65,324.15,60750,BIOCON
2869,2025-02-21 10:50:00+05:30,323.95,324.4,322.35,323.3,79697,BIOCON
2870,2025-02-21 10:55:00+05:30,323.15,324.45,322.85,324.25,54208,BIOCON
2871,2025-02-21 11:00:00+05:30,324.25,324.5,322.6,323.1,80263,BIOCON
2872,2025-02-21 11:05:00+05:30,323.25,323.35,322.0,322.15,55883,BIOCON
2873,2025-02-21 11:10:00+05:30,322.15,323.25,322.05,323.1,36431,BIOCON
2874,2025-02-21 11:15:00+05:30,322.95,323.1,322.2,322.3,35820,BIOCON
2875,2025-02-21 11:20:00+05:30,322.45,322.95,322.35,322.5,38608,BIOCON
2876,2025-02-21 11:25:00+05:30,322.55,323.3,322.35,323.0,21769,BIOCON
2877,2025-02-21 11:30:00+05:30,322.8,324.0,322.8,323.95,48093,BIOCON
2878,2025-02-21 11:35:00+05:30,323.95,325.25,323.8,324.75,109431,BIOCON
2879,2025-02-21 11:40:00+05:30,324.85,324.85,323.5,323.5,51294,BIOCON
2880,2025-02-21 11:45:00+05:30,323.5,323.95,323.05,323.25,58361,BIOCON
2881,2025-02-21 11:50:00+05:30,323.25,323.6,323.05,323.25,35685,BIOCON
2882,2025-02-21 11:55:00+05:30,323.25,323.85,322.4,322.85,73810,BIOCON
2883,2025-02-21 12:00:00+05:30,322.65,323.05,321.05,322.0,123581,BIOCON
2884,2025-02-21 12:05:00+05:30,321.9,322.0,321.5,321.6,33615,BIOCON
2885,2025-02-21 12:10:00+05:30,321.6,322.15,321.05,321.2,45230,BIOCON
2886,2025-02-21 12:15:00+05:30,321.2,321.8,321.05,321.5,42771,BIOCON
2887,2025-02-21 12:20:00+05:30,321.35,321.8,321.1,321.25,30485,BIOCON
2888,2025-02-21 12:25:00+05:30,321.2,321.7,321.05,321.45,28797,BIOCON
2889,2025-02-21 12:30:00+05:30,321.45,322.2,321.45,322.1,48723,BIOCON
2890,2025-02-21 12:35:00+05:30,322.1,322.3,321.7,321.85,36252,BIOCON
2891,2025-02-21 12:40:00+05:30,321.85,322.5,321.8,321.95,21527,BIOCON
2892,2025-02-21 12:45:00+05:30,321.95,322.9,321.7,322.5,29346,BIOCON
2893,2025-02-21 12:50:00+05:30,322.5,323.0,322.1,322.55,43847,BIOCON
2894,2025-02-21 12:55:00+05:30,322.55,326.45,322.35,325.2,190544,BIOCON
2895,2025-02-21 13:00:00+05:30,325.2,325.35,323.75,324.05,80977,BIOCON
2896,2025-02-21 13:05:00+05:30,324.1,324.95,323.9,324.3,48646,BIOCON
2897,2025-02-21 13:10:00+05:30,324.3,324.3,323.2,323.45,29043,BIOCON
2898,2025-02-21 13:15:00+05:30,323.45,323.65,323.0,323.2,24770,BIOCON
2899,2025-02-21 13:20:00+05:30,323.25,323.5,322.5,322.65,32530,BIOCON
2900,2025-02-21 13:25:00+05:30,322.65,322.95,321.6,321.7,44583,BIOCON
2901,2025-02-21 13:30:00+05:30,321.65,322.0,321.5,321.7,35413,BIOCON
2902,2025-02-21 13:35:00+05:30,321.8,321.95,321.2,321.2,40813,BIOCON
2903,2025-02-21 13:40:00+05:30,321.25,321.9,321.15,321.3,37255,BIOCON
2904,2025-02-21 13:45:00+05:30,321.3,321.35,320.5,320.8,71694,BIOCON
2905,2025-02-21 13:50:00+05:30,320.75,321.4,320.55,321.05,62363,BIOCON
2906,2025-02-21 13:55:00+05:30,321.1,321.65,320.95,321.1,35360,BIOCON
2907,2025-02-21 14:00:00+05:30,321.1,321.6,320.75,321.3,32725,BIOCON
2908,2025-02-21 14:05:00+05:30,321.4,322.1,321.25,321.65,36143,BIOCON
2909,2025-02-21 14:10:00+05:30,321.7,322.6,321.65,322.25,50742,BIOCON
2910,2025-02-21 14:15:00+05:30,322.25,323.0,322.2,322.95,47941,BIOCON
2911,2025-02-21 14:20:00+05:30,322.9,323.15,322.0,322.05,26575,BIOCON
2912,2025-02-21 14:25:00+05:30,322.05,322.4,321.5,321.85,39613,BIOCON
2913,2025-02-21 14:30:00+05:30,321.9,322.35,321.55,321.9,22387,BIOCON
2914,2025-02-21 14:35:00+05:30,321.95,322.25,321.7,321.9,22632,BIOCON
2915,2025-02-21 14:40:00+05:30,321.9,322.5,321.75,322.2,32009,BIOCON
2916,2025-02-21 14:45:00+05:30,322.2,323.0,322.0,322.85,49916,BIOCON
2917,2025-02-21 14:50:00+05:30,322.85,322.9,322.0,322.35,30469,BIOCON
2918,2025-02-21 14:55:00+05:30,322.4,325.15,322.0,325.0,299469,BIOCON
2919,2025-02-21 15:00:00+05:30,325.0,325.65,323.0,323.1,99731,BIOCON
2920,2025-02-21 15:05:00+05:30,323.1,323.7,322.95,323.45,59519,BIOCON
2921,2025-02-21 15:10:00+05:30,323.5,323.75,323.15,323.15,71828,BIOCON
2922,2025-02-21 15:15:00+05:30,323.15,323.2,322.0,322.15,158974,BIOCON
2923,2025-02-21 15:20:00+05:30,322.15,322.15,321.5,321.75,150116,BIOCON
2924,2025-02-21 15:25:00+05:30,321.55,321.75,320.4,320.45,145494,BIOCON
2925,2025-02-24 09:15:00+05:30,320.0,320.45,316.15,316.35,227042,BIOCON
2926,2025-02-24 09:20:00+05:30,316.2,318.9,315.6,317.65,94021,BIOCON
2927,2025-02-24 09:25:00+05:30,317.6,320.45,317.4,319.95,111793,BIOCON
2928,2025-02-24 09:30:00+05:30,319.85,323.35,319.7,322.85,152322,BIOCON
2929,2025-02-24 09:35:00+05:30,322.85,323.5,320.8,321.05,103485,BIOCON
2930,2025-02-24 09:40:00+05:30,321.1,321.7,320.25,321.4,87758,BIOCON
2931,2025-02-24 09:45:00+05:30,321.45,323.0,321.0,322.7,70217,BIOCON
2932,2025-02-24 09:50:00+05:30,322.8,324.0,322.0,323.65,78839,BIOCON
2933,2025-02-24 09:55:00+05:30,323.65,324.6,323.55,324.35,104335,BIOCON
2934,2025-02-24 10:00:00+05:30,324.35,324.35,323.1,323.5,44076,BIOCON
2935,2025-02-24 10:05:00+05:30,323.5,324.2,322.75,323.95,27846,BIOCON
2936,2025-02-24 10:10:00+05:30,324.0,324.85,323.85,324.1,63511,BIOCON
2937,2025-02-24 10:15:00+05:30,324.1,325.25,324.1,325.1,44318,BIOCON
2938,2025-02-24 10:20:00+05:30,325.0,325.25,323.65,323.7,70985,BIOCON
2939,2025-02-24 10:25:00+05:30,323.65,324.05,323.05,323.25,35024,BIOCON
2940,2025-02-24 10:30:00+05:30,323.4,324.75,323.1,324.2,25458,BIOCON
2941,2025-02-24 10:35:00+05:30,324.35,324.7,323.9,324.05,16978,BIOCON
2942,2025-02-24 10:40:00+05:30,324.05,324.15,323.35,323.5,20069,BIOCON
2943,2025-02-24 10:45:00+05:30,323.55,324.6,323.45,323.55,35516,BIOCON
2944,2025-02-24 10:50:00+05:30,323.75,323.75,322.4,322.75,44163,BIOCON
2945,2025-02-24 10:55:00+05:30,322.75,323.15,322.35,322.45,20729,BIOCON
2946,2025-02-24 11:00:00+05:30,322.45,322.7,322.05,322.15,13419,BIOCON
2947,2025-02-24 11:05:00+05:30,322.1,322.95,321.85,322.6,24206,BIOCON
2948,2025-02-24 11:10:00+05:30,322.8,322.8,322.05,322.45,25777,BIOCON
2949,2025-02-24 11:15:00+05:30,322.4,323.0,322.4,322.9,7360,BIOCON
2950,2025-02-24 11:20:00+05:30,322.9,322.9,322.1,322.15,23555,BIOCON
2951,2025-02-24 11:25:00+05:30,322.2,322.3,321.9,322.0,17224,BIOCON
2952,2025-02-24 11:30:00+05:30,322.05,322.5,322.0,322.2,4401,BIOCON
2953,2025-02-24 11:35:00+05:30,322.15,322.7,322.15,322.4,22788,BIOCON
2954,2025-02-24 11:40:00+05:30,322.6,324.0,322.45,323.85,31465,BIOCON
2955,2025-02-24 11:45:00+05:30,324.0,324.05,323.35,323.65,15652,BIOCON
2956,2025-02-24 11:50:00+05:30,323.75,324.3,323.65,324.1,14385,BIOCON
2957,2025-02-24 11:55:00+05:30,324.15,324.4,322.85,322.85,16251,BIOCON
2958,2025-02-24 12:00:00+05:30,322.9,323.45,322.7,322.7,14331,BIOCON
2959,2025-02-24 12:05:00+05:30,322.8,322.8,322.3,322.55,21778,BIOCON
2960,2025-02-24 12:10:00+05:30,322.6,323.25,322.45,322.95,4339,BIOCON
2961,2025-02-24 12:15:00+05:30,322.85,323.35,322.85,323.2,8675,BIOCON
2962,2025-02-24 12:20:00+05:30,323.2,323.4,323.0,323.05,4401,BIOCON
2963,2025-02-24 12:25:00+05:30,323.05,323.6,322.9,323.3,9550,BIOCON
2964,2025-02-24 12:30:00+05:30,323.3,323.65,323.15,323.45,9580,BIOCON
2965,2025-02-24 12:35:00+05:30,323.45,324.05,323.45,323.55,8771,BIOCON
2966,2025-02-24 12:40:00+05:30,323.55,323.7,323.15,323.35,10827,BIOCON
2967,2025-02-24 12:45:00+05:30,323.35,323.7,323.3,323.3,3400,BIOCON
2968,2025-02-24 12:50:00+05:30,323.35,323.6,322.65,322.7,15507,BIOCON
2969,2025-02-24 12:55:00+05:30,322.7,323.2,322.65,322.8,11154,BIOCON
2970,2025-02-24 13:00:00+05:30,322.8,322.9,322.6,322.75,7532,BIOCON
2971,2025-02-24 13:05:00+05:30,322.75,322.75,322.35,322.5,7088,BIOCON
2972,2025-02-24 13:10:00+05:30,322.5,322.8,322.3,322.45,10654,BIOCON
2973,2025-02-24 13:15:00+05:30,322.45,322.75,322.35,322.35,5389,BIOCON
2974,2025-02-24 13:20:00+05:30,322.35,322.45,321.55,321.55,14885,BIOCON
2975,2025-02-24 13:25:00+05:30,321.55,321.65,320.5,321.35,31715,BIOCON
2976,2025-02-24 13:30:00+05:30,321.35,321.8,320.75,320.95,18499,BIOCON
2977,2025-02-24 13:35:00+05:30,320.95,321.25,319.55,319.9,44649,BIOCON
2978,2025-02-24 13:40:00+05:30,320.1,320.65,319.85,320.1,14544,BIOCON
2979,2025-02-24 13:45:00+05:30,320.1,320.3,319.8,319.85,17941,BIOCON
2980,2025-02-24 13:50:00+05:30,319.9,320.95,319.9,320.8,24526,BIOCON
2981,2025-02-24 13:55:00+05:30,320.9,321.35,320.7,320.95,19646,BIOCON
2982,2025-02-24 14:00:00+05:30,321.05,321.7,320.7,321.3,21693,BIOCON
2983,2025-02-24 14:05:00+05:30,321.5,321.5,320.85,320.85,12197,BIOCON
2984,2025-02-24 14:10:00+05:30,321.0,321.3,320.8,320.95,12786,BIOCON
2985,2025-02-24 14:15:00+05:30,321.05,321.25,320.8,321.2,10673,BIOCON
2986,2025-02-24 14:20:00+05:30,321.2,321.3,320.8,320.8,6381,BIOCON
2987,2025-02-24 14:25:00+05:30,321.0,321.0,320.4,320.4,9352,BIOCON
2988,2025-02-24 14:30:00+05:30,320.5,321.75,320.5,321.25,30306,BIOCON
2989,2025-02-24 14:35:00+05:30,321.4,321.95,321.2,321.4,10093,BIOCON
2990,2025-02-24 14:40:00+05:30,321.4,321.7,321.3,321.55,8771,BIOCON
2991,2025-02-24 14:45:00+05:30,321.7,322.0,321.55,321.7,15824,BIOCON
2992,2025-02-24 14:50:00+05:30,321.8,322.25,321.7,322.1,13573,BIOCON
2993,2025-02-24 14:55:00+05:30,322.1,322.3,321.8,321.95,20909,BIOCON
2994,2025-02-24 15:00:00+05:30,322.0,322.0,320.4,320.4,36196,BIOCON
2995,2025-02-24 15:05:00+05:30,320.55,321.25,320.4,321.05,39311,BIOCON
2996,2025-02-24 15:10:00+05:30,321.25,321.35,320.75,321.15,36127,BIOCON
2997,2025-02-24 15:15:00+05:30,321.25,321.45,320.25,320.3,108457,BIOCON
2998,2025-02-24 15:20:00+05:30,320.45,321.15,320.3,320.4,45020,BIOCON
2999,2025-02-24 15:25:00+05:30,320.4,321.0,320.35,320.55,39839,BIOCON
3000,2025-02-25 09:15:00+05:30,324.05,326.1,322.05,322.45,371100,BIOCON
3001,2025-02-25 09:20:00+05:30,322.3,323.9,321.15,323.25,158566,BIOCON
3002,2025-02-25 09:25:00+05:30,323.5,324.45,321.8,323.65,125599,BIOCON
3003,2025-02-25 09:30:00+05:30,323.65,326.45,323.45,326.3,196628,BIOCON
3004,2025-02-25 09:35:00+05:30,326.05,328.2,325.55,328.2,223923,BIOCON
3005,2025-02-25 09:40:00+05:30,328.05,328.7,326.8,327.7,240066,BIOCON
3006,2025-02-25 09:45:00+05:30,327.75,329.0,327.55,328.05,129186,BIOCON
3007,2025-02-25 09:50:00+05:30,328.05,328.4,327.6,327.8,61869,BIOCON
3008,2025-02-25 09:55:00+05:30,327.85,327.85,326.5,327.45,120206,BIOCON
3009,2025-02-25 10:00:00+05:30,327.35,328.0,327.0,327.6,40045,BIOCON
3010,2025-02-25 10:05:00+05:30,327.7,328.2,327.0,327.1,66620,BIOCON
3011,2025-02-25 10:10:00+05:30,327.2,328.5,326.75,328.35,113643,BIOCON
3012,2025-02-25 10:15:00+05:30,328.35,328.75,327.0,327.1,97394,BIOCON
3013,2025-02-25 10:20:00+05:30,327.1,327.7,326.6,326.7,96052,BIOCON
3014,2025-02-25 10:25:00+05:30,326.95,327.45,326.55,326.75,44978,BIOCON
3015,2025-02-25 10:30:00+05:30,326.75,327.15,325.9,326.7,66320,BIOCON
3016,2025-02-25 10:35:00+05:30,326.45,327.05,326.4,326.65,25778,BIOCON
3017,2025-02-25 10:40:00+05:30,326.65,326.65,326.0,326.0,49013,BIOCON
3018,2025-02-25 10:45:00+05:30,326.05,326.2,325.05,325.4,62210,BIOCON
3019,2025-02-25 10:50:00+05:30,325.25,326.0,325.05,325.25,55384,BIOCON
3020,2025-02-25 10:55:00+05:30,325.1,325.85,325.05,325.4,35152,BIOCON
3021,2025-02-25 11:00:00+05:30,325.4,325.7,323.6,323.8,122706,BIOCON
3022,2025-02-25 11:05:00+05:30,323.8,324.4,323.75,324.0,26746,BIOCON
3023,2025-02-25 11:10:00+05:30,324.15,325.0,323.95,325.0,50954,BIOCON
3024,2025-02-25 11:15:00+05:30,325.0,325.0,324.15,324.2,19156,BIOCON
3025,2025-02-25 11:20:00+05:30,324.2,324.65,324.1,324.45,20233,BIOCON
3026,2025-02-25 11:25:00+05:30,324.3,324.4,323.75,323.95,24568,BIOCON
3027,2025-02-25 11:30:00+05:30,324.0,324.0,323.35,323.85,24282,BIOCON
3028,2025-02-25 11:35:00+05:30,323.8,324.2,323.7,324.2,15898,BIOCON
3029,2025-02-25 11:40:00+05:30,324.0,324.15,323.65,324.0,15449,BIOCON
3030,2025-02-25 11:45:00+05:30,323.8,324.35,323.45,323.65,28729,BIOCON
3031,2025-02-25 11:50:00+05:30,323.65,323.7,322.65,322.8,41120,BIOCON
3032,2025-02-25 11:55:00+05:30,322.75,323.0,322.4,322.75,24570,BIOCON
3033,2025-02-25 12:00:00+05:30,322.85,322.85,321.6,322.1,58858,BIOCON
3034,2025-02-25 12:05:00+05:30,322.2,322.95,322.1,322.85,17784,BIOCON
3035,2025-02-25 12:10:00+05:30,323.0,323.25,322.6,322.65,25680,BIOCON
3036,2025-02-25 12:15:00+05:30,322.65,323.15,322.65,322.95,9182,BIOCON
3037,2025-02-25 12:20:00+05:30,323.0,323.0,322.25,322.5,17016,BIOCON
3038,2025-02-25 12:25:00+05:30,322.65,323.1,322.05,322.65,32647,BIOCON
3039,2025-02-25 12:30:00+05:30,322.55,322.65,322.05,322.1,11665,BIOCON
3040,2025-02-25 12:35:00+05:30,322.15,322.55,322.0,322.0,11712,BIOCON
3041,2025-02-25 12:40:00+05:30,322.0,322.25,321.55,321.6,51345,BIOCON
3042,2025-02-25 12:45:00+05:30,321.75,322.3,321.6,321.9,22444,BIOCON
3043,2025-02-25 12:50:00+05:30,322.0,323.85,321.95,323.5,72614,BIOCON
3044,2025-02-25 12:55:00+05:30,323.55,324.0,323.55,324.0,36445,BIOCON
3045,2025-02-25 13:00:00+05:30,324.0,324.7,323.2,324.0,69810,BIOCON
3046,2025-02-25 13:05:00+05:30,324.0,324.25,323.85,324.25,9200,BIOCON
3047,2025-02-25 13:10:00+05:30,324.3,324.65,324.15,324.35,13631,BIOCON
3048,2025-02-25 13:15:00+05:30,324.35,324.35,323.35,323.35,17782,BIOCON
3049,2025-02-25 13:20:00+05:30,323.3,323.5,322.6,322.85,41604,BIOCON
3050,2025-02-25 13:25:00+05:30,322.85,322.85,322.35,322.85,16845,BIOCON
3051,2025-02-25 13:30:00+05:30,322.75,323.35,322.6,323.3,19086,BIOCON
3052,2025-02-25 13:35:00+05:30,323.1,323.7,323.0,323.7,16200,BIOCON
3053,2025-02-25 13:40:00+05:30,323.55,324.15,323.45,324.0,12560,BIOCON
3054,2025-02-25 13:45:00+05:30,324.0,324.0,323.7,323.75,6396,BIOCON
3055,2025-02-25 13:50:00+05:30,323.75,324.15,323.7,323.9,10158,BIOCON
3056,2025-02-25 13:55:00+05:30,323.9,323.9,323.45,323.5,9676,BIOCON
3057,2025-02-25 14:00:00+05:30,323.65,324.15,323.55,324.0,21812,BIOCON
3058,2025-02-25 14:05:00+05:30,324.15,324.15,323.05,323.6,37927,BIOCON
3059,2025-02-25 14:10:00+05:30,323.6,323.6,322.8,323.2,23295,BIOCON
3060,2025-02-25 14:15:00+05:30,323.45,323.5,323.1,323.1,6653,BIOCON
3061,2025-02-25 14:20:00+05:30,323.3,323.3,323.0,323.25,9961,BIOCON
3062,2025-02-25 14:25:00+05:30,323.25,323.3,323.05,323.05,9775,BIOCON
3063,2025-02-25 14:30:00+05:30,323.25,323.3,322.55,322.7,18315,BIOCON
3064,2025-02-25 14:35:00+05:30,322.65,322.85,322.2,322.5,33500,BIOCON
3065,2025-02-25 14:40:00+05:30,322.5,322.55,322.05,322.45,22115,BIOCON
3066,2025-02-25 14:45:00+05:30,322.45,322.55,322.2,322.45,11846,BIOCON
3067,2025-02-25 14:50:00+05:30,322.4,322.85,322.3,322.45,29197,BIOCON
3068,2025-02-25 14:55:00+05:30,322.45,322.55,322.2,322.4,14951,BIOCON
3069,2025-02-25 15:00:00+05:30,322.4,322.65,321.8,321.8,33373,BIOCON
3070,2025-02-25 15:05:00+05:30,321.85,321.95,321.45,321.8,46543,BIOCON
3071,2025-02-25 15:10:00+05:30,321.95,322.95,321.65,321.85,79944,BIOCON
3072,2025-02-25 15:15:00+05:30,321.85,321.9,321.15,321.25,98312,BIOCON
3073,2025-02-25 15:20:00+05:30,321.2,321.25,319.8,319.95,118873,BIOCON
3074,2025-02-25 15:25:00+05:30,319.9,320.55,319.6,319.8,60485,BIOCON
3075,2025-02-27 09:15:00+05:30,322.25,322.8,318.85,319.6,105760,BIOCON
3076,2025-02-27 09:20:00+05:30,319.6,319.6,317.35,317.6,79785,BIOCON
3077,2025-02-27 09:25:00+05:30,317.7,318.85,317.55,318.0,45149,BIOCON
3078,2025-02-27 09:30:00+05:30,318.05,320.15,317.9,319.45,46391,BIOCON
3079,2025-02-27 09:35:00+05:30,319.3,319.95,317.7,317.7,47549,BIOCON
3080,2025-02-27 09:40:00+05:30,317.6,317.85,315.1,315.5,111810,BIOCON
3081,2025-02-27 09:45:00+05:30,315.45,316.9,315.4,315.75,34768,BIOCON
3082,2025-02-27 09:50:00+05:30,315.6,315.95,315.1,315.25,34783,BIOCON
3083,2025-02-27 09:55:00+05:30,315.25,316.45,315.0,315.9,46396,BIOCON
3084,2025-02-27 10:00:00+05:30,316.0,316.45,315.35,315.6,20080,BIOCON
3085,2025-02-27 10:05:00+05:30,315.4,317.0,315.35,317.0,38271,BIOCON
3086,2025-02-27 10:10:00+05:30,316.8,317.05,316.0,316.05,21754,BIOCON
3087,2025-02-27 10:15:00+05:30,316.0,316.55,315.6,316.15,18794,BIOCON
3088,2025-02-27 10:20:00+05:30,316.15,316.5,315.6,316.25,28739,BIOCON
3089,2025-02-27 10:25:00+05:30,316.05,316.9,315.9,316.3,14594,BIOCON
3090,2025-02-27 10:30:00+05:30,316.35,316.85,315.5,315.5,25714,BIOCON
3091,2025-02-27 10:35:00+05:30,315.45,315.5,313.95,313.95,81948,BIOCON
3092,2025-02-27 10:40:00+05:30,314.0,315.3,313.95,314.6,55149,BIOCON
3093,2025-02-27 10:45:00+05:30,314.55,314.9,314.2,314.85,45519,BIOCON
3094,2025-02-27 10:50:00+05:30,314.95,315.7,314.6,314.6,38297,BIOCON
3095,2025-02-27 10:55:00+05:30,314.6,314.65,313.15,313.3,126310,BIOCON
3096,2025-02-27 11:00:00+05:30,313.3,313.75,313.1,313.2,42743,BIOCON
3097,2025-02-27 11:05:00+05:30,313.2,313.45,312.65,312.85,47787,BIOCON
3098,2025-02-27 11:10:00+05:30,313.0,313.05,312.05,312.1,49874,BIOCON
3099,2025-02-27 11:15:00+05:30,312.05,312.15,311.25,311.45,55004,BIOCON
3100,2025-02-27 11:20:00+05:30,311.3,311.6,311.15,311.45,23487,BIOCON
3101,2025-02-27 11:25:00+05:30,311.4,311.6,311.1,311.15,28215,BIOCON
3102,2025-02-27 11:30:00+05:30,311.15,311.7,311.15,311.35,20531,BIOCON
3103,2025-02-27 11:35:00+05:30,311.4,311.6,310.8,311.1,25920,BIOCON
3104,2025-02-27 11:40:00+05:30,311.1,311.2,310.25,310.25,39869,BIOCON
3105,2025-02-27 11:45:00+05:30,310.35,310.5,310.0,310.05,24682,BIOCON
3106,2025-02-27 11:50:00+05:30,310.0,310.55,310.0,310.15,27037,BIOCON
3107,2025-02-27 11:55:00+05:30,310.05,310.15,309.1,309.3,68653,BIOCON
3108,2025-02-27 12:00:00+05:30,309.3,309.85,309.25,309.5,19087,BIOCON
3109,2025-02-27 12:05:00+05:30,309.55,309.7,309.1,309.15,12099,BIOCON
3110,2025-02-27 12:10:00+05:30,309.2,309.2,308.7,308.8,48033,BIOCON
3111,2025-02-27 12:15:00+05:30,308.7,309.4,308.65,309.35,36969,BIOCON
3112,2025-02-27 12:20:00+05:30,309.2,309.65,308.95,309.5,37832,BIOCON
3113,2025-02-27 12:25:00+05:30,309.5,309.7,309.3,309.7,25395,BIOCON
3114,2025-02-27 12:30:00+05:30,309.7,309.7,308.85,309.55,45355,BIOCON
3115,2025-02-27 12:35:00+05:30,309.45,309.75,309.05,309.45,19494,BIOCON
3116,2025-02-27 12:40:00+05:30,309.45,310.6,309.4,310.35,42834,BIOCON
3117,2025-02-27 12:45:00+05:30,310.35,310.4,309.75,309.8,13689,BIOCON
3118,2025-02-27 12:50:00+05:30,309.8,309.95,309.5,309.5,8737,BIOCON
3119,2025-02-27 12:55:00+05:30,309.65,309.65,309.15,309.45,16695,BIOCON
3120,2025-02-27 13:00:00+05:30,309.3,309.8,309.25,309.4,12717,BIOCON
3121,2025-02-27 13:05:00+05:30,309.4,310.1,309.4,309.8,28034,BIOCON
3122,2025-02-27 13:10:00+05:30,309.6,309.95,309.55,309.75,11457,BIOCON
3123,2025-02-27 13:15:00+05:30,309.6,310.5,309.6,309.9,24821,BIOCON
3124,2025-02-27 13:20:00+05:30,309.9,310.4,309.9,310.1,11045,BIOCON
3125,2025-02-27 13:25:00+05:30,310.15,310.2,309.65,310.2,12832,BIOCON
3126,2025-02-27 13:30:00+05:30,310.25,310.55,309.95,310.05,16851,BIOCON
3127,2025-02-27 13:35:00+05:30,310.05,311.15,309.95,311.0,92113,BIOCON
3128,2025-02-27 13:40:00+05:30,311.05,311.45,310.85,311.15,26958,BIOCON
3129,2025-02-27 13:45:00+05:30,311.15,311.35,310.65,311.15,27494,BIOCON
3130,2025-02-27 13:50:00+05:30,311.25,311.4,310.9,311.1,23593,BIOCON
3131,2025-02-27 13:55:00+05:30,311.0,311.3,310.9,311.1,10468,BIOCON
3132,2025-02-27 14:00:00+05:30,311.1,311.15,310.5,310.7,27709,BIOCON
3133,2025-02-27 14:05:00+05:30,310.7,310.8,310.35,310.5,29649,BIOCON
3134,2025-02-27 14:10:00+05:30,310.5,310.6,310.05,310.5,119423,BIOCON
3135,2025-02-27 14:15:00+05:30,310.5,310.7,310.5,310.6,31373,BIOCON
3136,2025-02-27 14:20:00+05:30,310.55,310.95,310.5,310.5,27358,BIOCON
3137,2025-02-27 14:25:00+05:30,310.5,310.75,310.0,310.5,72208,BIOCON
3138,2025-02-27 14:30:00+05:30,310.5,311.6,310.5,311.25,62967,BIOCON
3139,2025-02-27 14:35:00+05:30,311.25,311.4,310.6,311.15,62675,BIOCON
3140,2025-02-27 14:40:00+05:30,311.15,311.5,311.0,311.0,28367,BIOCON
3141,2025-02-27 14:45:00+05:30,311.1,311.35,310.95,310.95,18381,BIOCON
3142,2025-02-27 14:50:00+05:30,310.95,311.6,310.9,311.45,50321,BIOCON
3143,2025-02-27 14:55:00+05:30,311.4,311.75,311.0,311.0,23905,BIOCON
3144,2025-02-27 15:00:00+05:30,311.15,312.3,311.15,311.75,148534,BIOCON
3145,2025-02-27 15:05:00+05:30,311.75,312.55,311.4,312.5,223655,BIOCON
3146,2025-02-27 15:10:00+05:30,312.5,313.3,311.45,311.6,382510,BIOCON
3147,2025-02-27 15:15:00+05:30,311.55,312.25,311.4,312.0,285240,BIOCON
3148,2025-02-27 15:20:00+05:30,312.05,312.15,311.55,311.95,74166,BIOCON
3149,2025-02-27 15:25:00+05:30,311.9,312.1,311.1,312.0,59743,BIOCON
3150,2025-02-28 09:15:00+05:30,311.75,311.8,305.2,306.75,268502,BIOCON
3151,2025-02-28 09:20:00+05:30,307.0,311.7,306.8,308.95,141800,BIOCON
3152,2025-02-28 09:25:00+05:30,308.65,309.1,306.55,306.65,124629,BIOCON
3153,2025-02-28 09:30:00+05:30,306.65,306.9,304.1,305.05,129215,BIOCON
3154,2025-02-28 09:35:00+05:30,305.25,305.5,303.15,304.05,312426,BIOCON
3155,2025-02-28 09:40:00+05:30,304.1,305.25,303.5,303.85,54787,BIOCON
3156,2025-02-28 09:45:00+05:30,303.85,305.45,303.7,304.15,65376,BIOCON
3157,2025-02-28 09:50:00+05:30,304.1,305.6,304.1,305.35,57931,BIOCON
3158,2025-02-28 09:55:00+05:30,305.35,305.4,302.85,303.75,72292,BIOCON
3159,2025-02-28 10:00:00+05:30,303.75,304.25,302.55,303.7,57924,BIOCON
3160,2025-02-28 10:05:00+05:30,303.7,304.5,303.45,304.1,23960,BIOCON
3161,2025-02-28 10:10:00+05:30,304.15,305.2,303.0,305.05,87168,BIOCON
3162,2025-02-28 10:15:00+05:30,305.1,306.9,305.0,306.25,77170,BIOCON
3163,2025-02-28 10:20:00+05:30,306.5,307.65,306.0,307.55,41617,BIOCON
3164,2025-02-28 10:25:00+05:30,307.4,307.4,305.55,305.8,66310,BIOCON
3165,2025-02-28 10:30:00+05:30,305.8,306.4,304.4,305.05,82967,BIOCON
3166,2025-02-28 10:35:00+05:30,305.0,305.6,304.75,305.35,41676,BIOCON
3167,2025-02-28 10:40:00+05:30,305.4,305.95,304.6,305.3,24840,BIOCON
3168,2025-02-28 10:45:00+05:30,305.3,305.5,304.0,304.1,20515,BIOCON
3169,2025-02-28 10:50:00+05:30,304.05,304.6,303.7,304.15,29492,BIOCON
3170,2025-02-28 10:55:00+05:30,304.15,304.5,303.4,303.4,21904,BIOCON
3171,2025-02-28 11:00:00+05:30,303.4,304.0,303.0,303.7,25466,BIOCON
3172,2025-02-28 11:05:00+05:30,303.7,303.9,303.2,303.55,17459,BIOCON
3173,2025-02-28 11:10:00+05:30,303.55,303.75,302.3,302.7,68546,BIOCON
3174,2025-02-28 11:15:00+05:30,302.9,303.45,302.45,303.0,41271,BIOCON
3175,2025-02-28 11:20:00+05:30,303.2,303.25,302.35,302.5,15682,BIOCON
3176,2025-02-28 11:25:00+05:30,302.65,303.2,302.55,303.0,30447,BIOCON
3177,2025-02-28 11:30:00+05:30,303.0,303.7,302.75,302.95,34292,BIOCON
3178,2025-02-28 11:35:00+05:30,302.95,303.2,302.6,302.85,17899,BIOCON
3179,2025-02-28 11:40:00+05:30,302.7,302.9,301.7,302.1,39131,BIOCON
3180,2025-02-28 11:45:00+05:30,302.05,302.45,301.0,301.35,41352,BIOCON
3181,2025-02-28 11:50:00+05:30,301.45,302.15,301.2,302.1,31122,BIOCON
3182,2025-02-28 11:55:00+05:30,302.1,302.3,301.75,302.2,20788,BIOCON
3183,2025-02-28 12:00:00+05:30,302.1,302.2,301.65,301.8,9586,BIOCON
3184,2025-02-28 12:05:00+05:30,301.75,301.85,300.55,300.7,43271,BIOCON
3185,2025-02-28 12:10:00+05:30,300.55,300.9,300.15,300.8,39949,BIOCON
3186,2025-02-28 12:15:00+05:30,300.8,300.95,300.1,300.85,33521,BIOCON
3187,2025-02-28 12:20:00+05:30,300.8,300.85,300.2,300.35,28241,BIOCON
3188,2025-02-28 12:25:00+05:30,300.35,301.85,300.3,301.25,43107,BIOCON
3189,2025-02-28 12:30:00+05:30,301.4,301.4,300.1,300.1,27077,BIOCON
3190,2025-02-28 12:35:00+05:30,300.25,300.25,298.55,299.5,162954,BIOCON
3191,2025-02-28 12:40:00+05:30,299.75,300.0,299.45,299.9,46084,BIOCON
3192,2025-02-28 12:45:00+05:30,299.75,300.05,299.5,300.05,22568,BIOCON
3193,2025-02-28 12:50:00+05:30,300.05,300.1,299.3,299.3,14092,BIOCON
3194,2025-02-28 12:55:00+05:30,299.4,299.45,298.55,299.1,56379,BIOCON
3195,2025-02-28 13:00:00+05:30,299.05,299.8,298.75,299.4,19045,BIOCON
3196,2025-02-28 13:05:00+05:30,299.4,299.8,299.15,299.45,23045,BIOCON
3197,2025-02-28 13:10:00+05:30,299.45,300.0,299.2,299.8,20009,BIOCON
3198,2025-02-28 13:15:00+05:30,299.75,300.25,299.35,299.6,28364,BIOCON
3199,2025-02-28 13:20:00+05:30,299.6,300.4,299.5,299.85,19546,BIOCON
3200,2025-02-28 13:25:00+05:30,299.8,300.2,299.25,299.85,38069,BIOCON
3201,2025-02-28 13:30:00+05:30,299.8,300.2,299.5,299.75,16780,BIOCON
3202,2025-02-28 13:35:00+05:30,299.75,300.0,299.1,299.6,15172,BIOCON
3203,2025-02-28 13:40:00+05:30,299.65,300.25,299.35,299.95,24138,BIOCON
3204,2025-02-28 13:45:00+05:30,299.95,300.35,299.35,300.0,43673,BIOCON
3205,2025-02-28 13:50:00+05:30,300.2,300.75,299.0,299.65,115069,BIOCON
3206,2025-02-28 13:55:00+05:30,299.65,300.35,299.4,300.0,86742,BIOCON
3207,2025-02-28 14:00:00+05:30,300.0,300.05,298.95,299.5,105208,BIOCON
3208,2025-02-28 14:05:00+05:30,299.7,300.25,299.65,300.1,32465,BIOCON
3209,2025-02-28 14:10:00+05:30,300.25,300.25,299.8,300.2,38695,BIOCON
3210,2025-02-28 14:15:00+05:30,300.05,300.9,300.0,300.05,22026,BIOCON
3211,2025-02-28 14:20:00+05:30,300.0,301.0,300.0,300.7,36223,BIOCON
3212,2025-02-28 14:25:00+05:30,300.7,300.75,300.05,300.3,20459,BIOCON
3213,2025-02-28 14:30:00+05:30,300.25,300.35,299.65,300.05,53268,BIOCON
3214,2025-02-28 14:35:00+05:30,300.05,300.2,299.65,300.0,71557,BIOCON
3215,2025-02-28 14:40:00+05:30,300.05,301.3,300.0,301.25,37765,BIOCON
3216,2025-02-28 14:45:00+05:30,301.4,302.8,301.35,301.5,64090,BIOCON
3217,2025-02-28 14:50:00+05:30,301.5,302.0,301.3,301.7,32668,BIOCON
3218,2025-02-28 14:55:00+05:30,301.8,302.75,301.65,302.35,42958,BIOCON
3219,2025-02-28 15:00:00+05:30,302.4,302.7,301.5,301.75,76389,BIOCON
3220,2025-02-28 15:05:00+05:30,301.95,302.4,301.15,302.35,70648,BIOCON
3221,2025-02-28 15:10:00+05:30,302.4,302.85,302.1,302.5,166526,BIOCON
3222,2025-02-28 15:15:00+05:30,302.5,303.0,301.4,302.25,245822,BIOCON
3223,2025-02-28 15:20:00+05:30,302.25,303.05,302.05,302.95,262866,BIOCON
3224,2025-02-28 15:25:00+05:30,302.95,304.3,302.15,302.9,149764,BIOCON
3225,2025-03-03 09:15:00+05:30,304.0,306.15,303.05,303.35,123293,BIOCON
3226,2025-03-03 09:20:00+05:30,303.4,303.45,301.1,301.65,66361,BIOCON
3227,2025-03-03 09:25:00+05:30,301.55,301.6,299.35,299.6,81788,BIOCON
3228,2025-03-03 09:30:00+05:30,299.55,299.65,297.65,298.1,104950,BIOCON
3229,2025-03-03 09:35:00+05:30,298.2,299.2,297.25,298.25,67459,BIOCON
3230,2025-03-03 09:40:00+05:30,298.1,298.3,296.3,296.3,40669,BIOCON
3231,2025-03-03 09:45:00+05:30,296.5,297.4,295.75,296.45,107108,BIOCON
3232,2025-03-03 09:50:00+05:30,296.45,297.25,296.0,296.45,34436,BIOCON
3233,2025-03-03 09:55:00+05:30,296.35,296.75,295.4,295.7,67022,BIOCON
3234,2025-03-03 10:00:00+05:30,295.7,295.95,294.95,295.75,70088,BIOCON
3235,2025-03-03 10:05:00+05:30,295.75,296.35,295.5,295.8,50263,BIOCON
3236,2025-03-03 10:10:00+05:30,295.95,295.95,294.8,295.25,68099,BIOCON
3237,2025-03-03 10:15:00+05:30,295.3,296.35,294.8,296.05,55202,BIOCON
3238,2025-03-03 10:20:00+05:30,296.1,296.35,294.9,295.5,71128,BIOCON
3239,2025-03-03 10:25:00+05:30,295.5,298.5,295.25,298.25,84951,BIOCON
3240,2025-03-03 10:30:00+05:30,298.35,298.35,295.7,295.75,53668,BIOCON
3241,2025-03-03 10:35:00+05:30,295.95,296.15,295.1,295.9,37518,BIOCON
3242,2025-03-03 10:40:00+05:30,295.9,295.9,294.5,294.8,53725,BIOCON
3243,2025-03-03 10:45:00+05:30,294.75,296.15,294.65,295.45,46506,BIOCON
3244,2025-03-03 10:50:00+05:30,295.4,295.6,293.4,293.5,69355,BIOCON
3245,2025-03-03 10:55:00+05:30,293.55,293.85,293.25,293.7,35646,BIOCON
3246,2025-03-03 11:00:00+05:30,293.8,293.95,293.0,293.1,45358,BIOCON
3247,2025-03-03 11:05:00+05:30,293.1,293.9,292.6,292.95,60463,BIOCON
3248,2025-03-03 11:10:00+05:30,293.0,293.25,292.2,292.25,46438,BIOCON
3249,2025-03-03 11:15:00+05:30,292.2,292.35,291.35,291.8,53053,BIOCON
3250,2025-03-03 11:20:00+05:30,291.75,292.45,291.4,292.25,46308,BIOCON
3251,2025-03-03 11:25:00+05:30,292.25,292.45,291.4,291.7,36920,BIOCON
3252,2025-03-03 11:30:00+05:30,291.7,292.25,291.15,291.85,34852,BIOCON
3253,2025-03-03 11:35:00+05:30,291.75,291.85,291.0,291.4,42321,BIOCON
3254,2025-03-03 11:40:00+05:30,291.4,291.75,291.0,291.05,46052,BIOCON
3255,2025-03-03 11:45:00+05:30,291.0,291.8,291.0,291.25,27096,BIOCON
3256,2025-03-03 11:50:00+05:30,291.3,293.55,291.0,293.3,139698,BIOCON
3257,2025-03-03 11:55:00+05:30,293.35,293.5,293.0,293.05,38789,BIOCON
3258,2025-03-03 12:00:00+05:30,293.05,294.25,293.0,294.05,45977,BIOCON
3259,2025-03-03 12:05:00+05:30,294.0,295.6,293.8,295.2,123800,BIOCON
3260,2025-03-03 12:10:00+05:30,295.1,296.6,294.9,296.45,55600,BIOCON
3261,2025-03-03 12:15:00+05:30,296.4,296.9,295.2,296.2,54246,BIOCON
3262,2025-03-03 12:20:00+05:30,296.2,297.95,296.0,297.65,80179,BIOCON
3263,2025-03-03 12:25:00+05:30,297.75,297.95,296.5,296.65,52924,BIOCON
3264,2025-03-03 12:30:00+05:30,296.85,299.8,296.6,299.8,56364,BIOCON
3265,2025-03-03 12:35:00+05:30,299.85,300.25,299.0,299.45,31371,BIOCON
3266,2025-03-03 12:40:00+05:30,299.55,300.0,299.55,299.95,22414,BIOCON
3267,2025-03-03 12:45:00+05:30,299.9,301.8,299.85,301.5,28272,BIOCON
3268,2025-03-03 12:50:00+05:30,301.6,301.65,300.2,300.3,23183,BIOCON
3269,2025-03-03 12:55:00+05:30,300.3,300.65,299.85,300.05,8296,BIOCON
3270,2025-03-03 13:00:00+05:30,300.05,300.5,300.0,300.5,17265,BIOCON
3271,2025-03-03 13:05:00+05:30,300.35,301.55,300.3,301.55,12630,BIOCON
3272,2025-03-03 13:10:00+05:30,301.55,302.6,301.15,302.6,34801,BIOCON
3273,2025-03-03 13:15:00+05:30,302.55,303.8,302.55,303.4,25507,BIOCON
3274,2025-03-03 13:20:00+05:30,303.35,303.5,302.1,302.4,13529,BIOCON
3275,2025-03-03 13:25:00+05:30,302.4,303.35,302.0,303.0,44141,BIOCON
3276,2025-03-03 13:30:00+05:30,303.0,303.3,301.85,302.45,21294,BIOCON
3277,2025-03-03 13:35:00+05:30,302.45,303.3,302.4,302.9,22258,BIOCON
3278,2025-03-03 13:40:00+05:30,302.9,303.25,302.45,303.0,13270,BIOCON
3279,2025-03-03 13:45:00+05:30,303.0,304.0,303.0,303.75,30775,BIOCON
3280,2025-03-03 13:50:00+05:30,303.7,304.7,303.65,304.15,37021,BIOCON
3281,2025-03-03 13:55:00+05:30,304.15,304.15,302.75,302.8,14135,BIOCON
3282,2025-03-03 14:00:00+05:30,302.9,304.0,302.5,303.75,13061,BIOCON
3283,2025-03-03 14:05:00+05:30,303.95,304.0,302.65,303.6,18218,BIOCON
3284,2025-03-03 14:10:00+05:30,303.6,304.55,303.6,304.0,14909,BIOCON
3285,2025-03-03 14:15:00+05:30,303.8,303.8,303.1,303.25,24558,BIOCON
3286,2025-03-03 14:20:00+05:30,303.2,304.2,303.2,303.5,30973,BIOCON
3287,2025-03-03 14:25:00+05:30,303.65,304.45,303.65,304.15,23589,BIOCON
3288,2025-03-03 14:30:00+05:30,304.2,305.3,303.55,305.15,51395,BIOCON
3289,2025-03-03 14:35:00+05:30,305.15,305.5,304.75,305.1,38356,BIOCON
3290,2025-03-03 14:40:00+05:30,305.15,305.55,305.0,305.5,20159,BIOCON
3291,2025-03-03 14:45:00+05:30,305.5,305.8,304.95,305.1,31210,BIOCON
3292,2025-03-03 14:50:00+05:30,305.2,305.8,305.0,305.8,19324,BIOCON
3293,2025-03-03 14:55:00+05:30,305.8,306.15,305.0,305.45,25364,BIOCON
3294,2025-03-03 15:00:00+05:30,305.6,305.65,304.85,305.0,32916,BIOCON
3295,2025-03-03 15:05:00+05:30,305.15,305.4,305.0,305.05,18543,BIOCON
3296,2025-03-03 15:10:00+05:30,305.2,305.65,305.0,305.1,27754,BIOCON
3297,2025-03-03 15:15:00+05:30,305.15,305.85,304.9,305.0,98671,BIOCON
3298,2025-03-03 15:20:00+05:30,305.05,305.25,304.75,305.0,90710,BIOCON
3299,2025-03-03 15:25:00+05:30,305.1,305.55,304.3,305.5,94515,BIOCON
3300,2025-03-04 09:15:00+05:30,303.8,303.8,297.4,297.4,78928,BIOCON
3301,2025-03-04 09:20:00+05:30,297.65,302.65,297.6,302.45,147322,BIOCON
3302,2025-03-04 09:25:00+05:30,302.35,302.4,300.35,301.8,72720,BIOCON
3303,2025-03-04 09:30:00+05:30,301.9,303.0,301.2,302.75,36420,BIOCON
3304,2025-03-04 09:35:00+05:30,302.85,304.25,302.0,303.85,44273,BIOCON
3305,2025-03-04 09:40:00+05:30,303.75,304.75,303.15,304.4,26627,BIOCON
3306,2025-03-04 09:45:00+05:30,304.55,306.7,304.3,306.55,91312,BIOCON
3307,2025-03-04 09:50:00+05:30,306.45,307.65,306.15,307.5,53780,BIOCON
3308,2025-03-04 09:55:00+05:30,307.55,308.85,307.55,308.75,53409,BIOCON
3309,2025-03-04 10:00:00+05:30,308.75,309.2,308.2,308.3,46880,BIOCON
3310,2025-03-04 10:05:00+05:30,308.25,308.5,307.05,307.05,104488,BIOCON
3311,2025-03-04 10:10:00+05:30,307.0,308.5,306.75,307.25,94210,BIOCON
3312,2025-03-04 10:15:00+05:30,307.25,308.6,307.05,308.35,29992,BIOCON
3313,2025-03-04 10:20:00+05:30,308.25,309.35,308.25,309.3,40166,BIOCON
3314,2025-03-04 10:25:00+05:30,309.35,309.65,307.85,308.15,39550,BIOCON
3315,2025-03-04 10:30:00+05:30,308.05,309.85,307.6,309.45,31907,BIOCON
3316,2025-03-04 10:35:00+05:30,309.45,309.65,308.95,309.2,36402,BIOCON
3317,2025-03-04 10:40:00+05:30,309.2,309.6,308.6,309.25,34275,BIOCON
3318,2025-03-04 10:45:00+05:30,309.2,309.9,309.1,309.8,18871,BIOCON
3319,2025-03-04 10:50:00+05:30,309.8,310.2,309.2,310.0,34140,BIOCON
3320,2025-03-04 10:55:00+05:30,310.05,311.6,309.8,310.8,317145,BIOCON
3321,2025-03-04 11:00:00+05:30,310.65,312.4,310.6,312.4,73283,BIOCON
3322,2025-03-04 11:05:00+05:30,312.4,312.65,311.6,312.5,58922,BIOCON
3323,2025-03-04 11:10:00+05:30,312.3,312.6,311.8,312.3,39476,BIOCON
3324,2025-03-04 11:15:00+05:30,312.3,312.5,311.75,312.3,47383,BIOCON
3325,2025-03-04 11:20:00+05:30,312.3,312.45,311.8,312.25,26219,BIOCON
3326,2025-03-04 11:25:00+05:30,312.25,312.3,311.4,311.85,50878,BIOCON
3327,2025-03-04 11:30:00+05:30,311.65,312.1,311.5,312.1,14376,BIOCON
3328,2025-03-04 11:35:00+05:30,312.15,312.6,311.85,312.45,34582,BIOCON
3329,2025-03-04 11:40:00+05:30,312.25,312.6,311.8,312.4,37863,BIOCON
3330,2025-03-04 11:45:00+05:30,312.15,312.35,311.2,311.85,76743,BIOCON
3331,2025-03-04 11:50:00+05:30,311.9,313.35,311.7,313.35,56359,BIOCON
3332,2025-03-04 11:55:00+05:30,313.35,313.75,312.65,313.3,67838,BIOCON
3333,2025-03-04 12:00:00+05:30,313.1,313.35,312.05,312.55,55875,BIOCON
3334,2025-03-04 12:05:00+05:30,312.55,312.8,311.85,312.8,53928,BIOCON
3335,2025-03-04 12:10:00+05:30,312.7,313.15,312.2,312.75,43445,BIOCON
3336,2025-03-04 12:15:00+05:30,312.8,312.85,311.75,311.85,87456,BIOCON
3337,2025-03-04 12:20:00+05:30,312.05,312.85,311.85,312.45,67268,BIOCON
3338,2025-03-04 12:25:00+05:30,312.45,313.0,312.2,313.0,26335,BIOCON
3339,2025-03-04 12:30:00+05:30,312.9,313.05,312.2,312.75,28499,BIOCON
3340,2025-03-04 12:35:00+05:30,312.7,313.05,312.4,312.75,36794,BIOCON
3341,2025-03-04 12:40:00+05:30,312.5,312.95,312.35,312.65,21083,BIOCON
3342,2025-03-04 12:45:00+05:30,312.8,313.05,312.6,312.8,18401,BIOCON
3343,2025-03-04 12:50:00+05:30,312.8,313.0,312.55,312.75,16766,BIOCON
3344,2025-03-04 12:55:00+05:30,312.75,313.25,312.55,312.75,35166,BIOCON
3345,2025-03-04 13:00:00+05:30,312.8,312.85,311.75,312.15,49995,BIOCON
3346,2025-03-04 13:05:00+05:30,312.0,312.45,311.7,312.05,21349,BIOCON
3347,2025-03-04 13:10:00+05:30,312.05,312.95,311.55,312.95,41734,BIOCON
3348,2025-03-04 13:15:00+05:30,312.9,312.95,311.7,312.35,41354,BIOCON
3349,2025-03-04 13:20:00+05:30,312.2,312.5,311.85,312.1,16804,BIOCON
3350,2025-03-04 13:25:00+05:30,312.1,312.45,311.8,312.0,18765,BIOCON
3351,2025-03-04 13:30:00+05:30,311.9,312.35,311.8,312.0,17993,BIOCON
3352,2025-03-04 13:35:00+05:30,312.1,312.2,311.3,311.65,36203,BIOCON
3353,2025-03-04 13:40:00+05:30,311.65,312.25,311.4,312.25,18699,BIOCON
3354,2025-03-04 13:45:00+05:30,312.1,312.25,311.55,311.95,27236,BIOCON
3355,2025-03-04 13:50:00+05:30,312.1,313.3,312.0,312.7,55205,BIOCON
3356,2025-03-04 13:55:00+05:30,312.7,313.0,311.8,312.25,27390,BIOCON
3357,2025-03-04 14:00:00+05:30,312.25,312.75,312.1,312.55,12512,BIOCON
3358,2025-03-04 14:05:00+05:30,312.55,313.25,312.3,312.95,45687,BIOCON
3359,2025-03-04 14:10:00+05:30,313.05,313.9,313.0,313.6,31868,BIOCON
3360,2025-03-04 14:15:00+05:30,313.6,314.2,313.3,314.05,25855,BIOCON
3361,2025-03-04 14:20:00+05:30,314.05,314.15,313.6,313.95,21566,BIOCON
3362,2025-03-04 14:25:00+05:30,313.95,314.4,313.65,314.0,25052,BIOCON
3363,2025-03-04 14:30:00+05:30,313.9,314.2,313.55,313.8,27806,BIOCON
3364,2025-03-04 14:35:00+05:30,313.75,314.45,313.75,314.45,10544,BIOCON
3365,2025-03-04 14:40:00+05:30,314.45,314.7,314.4,314.6,19640,BIOCON
3366,2025-03-04 14:45:00+05:30,314.6,315.4,314.45,314.7,132591,BIOCON
3367,2025-03-04 14:50:00+05:30,314.8,315.65,314.75,315.35,24148,BIOCON
3368,2025-03-04 14:55:00+05:30,315.55,315.6,314.85,315.4,37759,BIOCON
3369,2025-03-04 15:00:00+05:30,315.35,315.4,314.5,314.95,30023,BIOCON
3370,2025-03-04 15:05:00+05:30,315.0,315.15,314.6,315.05,43440,BIOCON
3371,2025-03-04 15:10:00+05:30,315.15,315.15,314.25,314.85,43938,BIOCON
3372,2025-03-04 15:15:00+05:30,314.95,315.3,314.5,314.85,100884,BIOCON
3373,2025-03-04 15:20:00+05:30,314.9,315.25,314.6,314.65,77720,BIOCON
3374,2025-03-04 15:25:00+05:30,314.85,314.85,313.45,313.8,69000,BIOCON
3375,2025-03-05 09:15:00+05:30,317.75,324.9,316.75,319.85,540657,BIOCON
3376,2025-03-05 09:20:00+05:30,319.9,321.6,319.3,321.5,125085,BIOCON
3377,2025-03-05 09:25:00+05:30,321.5,322.9,320.2,321.7,160551,BIOCON
3378,2025-03-05 09:30:00+05:30,321.7,322.2,320.15,320.55,81002,BIOCON
3379,2025-03-05 09:35:00+05:30,320.6,321.05,320.0,320.1,68248,BIOCON
3380,2025-03-05 09:40:00+05:30,320.2,320.4,319.0,320.25,89297,BIOCON
3381,2025-03-05 09:45:00+05:30,320.25,320.65,319.35,320.55,43848,BIOCON
3382,2025-03-05 09:50:00+05:30,320.8,320.85,319.25,320.25,56349,BIOCON
3383,2025-03-05 09:55:00+05:30,320.25,320.4,319.2,319.55,126845,BIOCON
3384,2025-03-05 10:00:00+05:30,319.55,320.0,319.1,319.4,25207,BIOCON
3385,2025-03-05 10:05:00+05:30,319.45,319.85,319.25,319.6,22602,BIOCON
3386,2025-03-05 10:10:00+05:30,319.6,319.6,317.85,318.25,67862,BIOCON
3387,2025-03-05 10:15:00+05:30,318.4,318.55,317.55,317.55,57628,BIOCON
3388,2025-03-05 10:20:00+05:30,317.75,317.75,317.2,317.55,44549,BIOCON
3389,2025-03-05 10:25:00+05:30,317.6,317.95,317.3,317.65,37221,BIOCON
3390,2025-03-05 10:30:00+05:30,317.7,318.7,317.5,318.6,37827,BIOCON
3391,2025-03-05 10:35:00+05:30,318.6,319.65,317.55,319.2,64403,BIOCON
3392,2025-03-05 10:40:00+05:30,319.25,320.0,319.0,319.35,49168,BIOCON
3393,2025-03-05 10:45:00+05:30,319.25,319.55,318.1,318.7,60455,BIOCON
3394,2025-03-05 10:50:00+05:30,318.8,318.8,317.75,318.15,38997,BIOCON
3395,2025-03-05 10:55:00+05:30,318.25,318.6,317.95,318.2,20478,BIOCON
3396,2025-03-05 11:00:00+05:30,318.2,319.45,318.2,319.25,30662,BIOCON
3397,2025-03-05 11:05:00+05:30,319.3,319.4,318.25,319.0,22380,BIOCON
3398,2025-03-05 11:10:00+05:30,318.8,319.0,318.2,318.4,9240,BIOCON
3399,2025-03-05 11:15:00+05:30,318.4,318.95,318.25,318.5,12964,BIOCON
3400,2025-03-05 11:20:00+05:30,318.6,318.9,318.35,318.6,8670,BIOCON
3401,2025-03-05 11:25:00+05:30,318.5,318.85,318.4,318.8,5590,BIOCON
3402,2025-03-05 11:30:00+05:30,318.75,318.95,318.4,318.75,13775,BIOCON
3403,2025-03-05 11:35:00+05:30,318.6,319.15,318.4,318.95,22723,BIOCON
3404,2025-03-05 11:40:00+05:30,318.7,319.9,318.6,319.1,33435,BIOCON
3405,2025-03-05 11:45:00+05:30,319.2,319.85,319.15,319.65,21953,BIOCON
3406,2025-03-05 11:50:00+05:30,319.4,319.9,319.15,319.35,17029,BIOCON
3407,2025-03-05 11:55:00+05:30,319.35,319.4,318.0,318.25,22554,BIOCON
3408,2025-03-05 12:00:00+05:30,318.15,319.15,318.0,318.9,19287,BIOCON
3409,2025-03-05 12:05:00+05:30,318.9,319.1,318.55,318.6,9407,BIOCON
3410,2025-03-05 12:10:00+05:30,318.65,320.35,318.45,320.25,51049,BIOCON
3411,2025-03-05 12:15:00+05:30,320.15,320.65,320.0,320.25,46967,BIOCON
3412,2025-03-05 12:20:00+05:30,320.25,320.3,319.55,320.0,40271,BIOCON
3413,2025-03-05 12:25:00+05:30,320.0,320.3,319.95,320.3,9669,BIOCON
3414,2025-03-05 12:30:00+05:30,320.3,320.65,320.0,320.1,16775,BIOCON
3415,2025-03-05 12:35:00+05:30,320.15,320.3,319.85,320.3,14081,BIOCON
3416,2025-03-05 12:40:00+05:30,320.2,320.3,319.9,320.0,16234,BIOCON
3417,2025-03-05 12:45:00+05:30,320.0,321.35,319.7,320.9,114131,BIOCON
3418,2025-03-05 12:50:00+05:30,320.75,321.5,320.15,320.85,77665,BIOCON
3419,2025-03-05 12:55:00+05:30,320.9,321.15,319.8,320.25,12587,BIOCON
3420,2025-03-05 13:00:00+05:30,320.25,321.0,320.0,320.05,28453,BIOCON
3421,2025-03-05 13:05:00+05:30,320.35,320.4,319.6,320.2,30619,BIOCON
3422,2025-03-05 13:10:00+05:30,320.2,320.35,320.0,320.25,18267,BIOCON
3423,2025-03-05 13:15:00+05:30,320.2,320.75,320.0,320.5,14538,BIOCON
3424,2025-03-05 13:20:00+05:30,320.45,320.55,320.0,320.35,40119,BIOCON
3425,2025-03-05 13:25:00+05:30,320.25,320.5,320.05,320.2,12445,BIOCON
3426,2025-03-05 13:30:00+05:30,320.3,320.3,320.0,320.0,13788,BIOCON
3427,2025-03-05 13:35:00+05:30,320.05,320.7,320.0,320.05,15910,BIOCON
3428,2025-03-05 13:40:00+05:30,320.0,320.35,319.95,320.0,18656,BIOCON
3429,2025-03-05 13:45:00+05:30,320.05,320.2,319.8,320.0,25303,BIOCON
3430,2025-03-05 13:50:00+05:30,320.0,320.3,320.0,320.0,8947,BIOCON
3431,2025-03-05 13:55:00+05:30,320.0,321.2,320.0,320.9,34481,BIOCON
3432,2025-03-05 14:00:00+05:30,320.65,322.7,320.6,322.6,43043,BIOCON
3433,2025-03-05 14:05:00+05:30,322.5,325.35,322.25,324.8,846918,BIOCON
3434,2025-03-05 14:10:00+05:30,324.75,325.95,324.15,325.1,247257,BIOCON
3435,2025-03-05 14:15:00+05:30,325.1,325.1,323.1,323.1,85073,BIOCON
3436,2025-03-05 14:20:00+05:30,323.35,323.45,322.45,322.45,35968,BIOCON
3437,2025-03-05 14:25:00+05:30,322.45,323.85,322.45,323.55,25993,BIOCON
3438,2025-03-05 14:30:00+05:30,323.7,324.6,323.55,324.1,42077,BIOCON
3439,2025-03-05 14:35:00+05:30,324.0,325.8,323.75,324.8,330902,BIOCON
3440,2025-03-05 14:40:00+05:30,324.55,324.85,324.15,324.45,20230,BIOCON
3441,2025-03-05 14:45:00+05:30,324.65,325.0,324.2,324.25,38984,BIOCON
3442,2025-03-05 14:50:00+05:30,324.4,325.55,323.75,325.45,218358,BIOCON
3443,2025-03-05 14:55:00+05:30,325.3,325.4,325.0,325.3,47784,BIOCON
3444,2025-03-05 15:00:00+05:30,325.3,325.95,324.75,324.85,87060,BIOCON
3445,2025-03-05 15:05:00+05:30,325.1,325.45,324.55,325.2,75231,BIOCON
3446,2025-03-05 15:10:00+05:30,325.2,325.3,324.4,324.85,71494,BIOCON
3447,2025-03-05 15:15:00+05:30,324.8,325.15,324.6,324.85,96117,BIOCON
3448,2025-03-05 15:20:00+05:30,324.9,325.0,324.35,324.55,66659,BIOCON
3449,2025-03-05 15:25:00+05:30,324.6,324.75,323.8,324.5,65038,BIOCON
3450,2025-03-06 09:15:00+05:30,326.85,330.5,326.6,328.7,130936,BIOCON
3451,2025-03-06 09:20:00+05:30,329.0,329.35,327.45,328.5,68832,BIOCON
3452,2025-03-06 09:25:00+05:30,328.35,329.55,328.0,328.1,36297,BIOCON
3453,2025-03-06 09:30:00+05:30,328.2,328.85,326.65,327.5,55067,BIOCON
3454,2025-03-06 09:35:00+05:30,327.55,329.35,327.55,329.0,61897,BIOCON
3455,2025-03-06 09:40:00+05:30,328.8,329.5,328.3,328.6,41412,BIOCON
3456,2025-03-06 09:45:00+05:30,328.75,328.75,327.4,327.65,27278,BIOCON
3457,2025-03-06 09:50:00+05:30,327.65,327.7,325.7,326.95,58034,BIOCON
3458,2025-03-06 09:55:00+05:30,326.95,327.4,326.2,326.6,27779,BIOCON
3459,2025-03-06 10:00:00+05:30,326.6,326.75,325.6,326.25,33005,BIOCON
3460,2025-03-06 10:05:00+05:30,326.05,327.65,326.05,326.95,23891,BIOCON
3461,2025-03-06 10:10:00+05:30,326.65,327.95,326.45,327.7,63039,BIOCON
3462,2025-03-06 10:15:00+05:30,327.85,327.95,327.1,327.1,26639,BIOCON
3463,2025-03-06 10:20:00+05:30,327.1,327.3,326.3,326.7,9955,BIOCON
3464,2025-03-06 10:25:00+05:30,326.55,327.0,326.3,326.65,13182,BIOCON
3465,2025-03-06 10:30:00+05:30,326.85,327.65,325.9,327.65,26311,BIOCON
3466,2025-03-06 10:35:00+05:30,327.5,328.75,326.4,326.85,192428,BIOCON
3467,2025-03-06 10:40:00+05:30,326.85,327.0,326.3,326.75,35945,BIOCON
3468,2025-03-06 10:45:00+05:30,326.75,326.75,325.75,325.8,18831,BIOCON
3469,2025-03-06 10:50:00+05:30,325.9,325.95,324.45,324.8,49849,BIOCON
3470,2025-03-06 10:55:00+05:30,324.6,325.05,324.45,324.95,44350,BIOCON
3471,2025-03-06 11:00:00+05:30,324.8,325.05,324.3,324.35,24223,BIOCON
3472,2025-03-06 11:05:00+05:30,324.6,326.35,324.3,325.8,110881,BIOCON
3473,2025-03-06 11:10:00+05:30,325.85,328.5,325.65,328.4,262386,BIOCON
3474,2025-03-06 11:15:00+05:30,328.45,329.4,328.05,328.75,211852,BIOCON
3475,2025-03-06 11:20:00+05:30,328.9,328.9,327.85,328.25,49921,BIOCON
3476,2025-03-06 11:25:00+05:30,328.05,328.4,326.45,327.35,162730,BIOCON
3477,2025-03-06 11:30:00+05:30,327.45,329.15,327.0,329.15,119801,BIOCON
3478,2025-03-06 11:35:00+05:30,329.0,330.3,328.8,329.65,78642,BIOCON
3479,2025-03-06 11:40:00+05:30,329.55,330.15,328.75,329.2,76964,BIOCON
3480,2025-03-06 11:45:00+05:30,329.0,329.6,328.75,329.05,39240,BIOCON
3481,2025-03-06 11:50:00+05:30,329.05,329.2,328.35,328.45,10797,BIOCON
3482,2025-03-06 11:55:00+05:30,328.45,329.25,328.35,329.25,8758,BIOCON
3483,2025-03-06 12:00:00+05:30,329.25,329.8,329.15,329.2,8307,BIOCON
3484,2025-03-06 12:05:00+05:30,329.2,329.45,328.35,328.4,2463,BIOCON
3485,2025-03-06 12:10:00+05:30,328.55,328.65,328.05,328.4,5257,BIOCON
3486,2025-03-06 12:15:00+05:30,328.65,329.0,328.2,328.85,17757,BIOCON
3487,2025-03-06 12:20:00+05:30,329.05,329.2,328.8,328.8,4726,BIOCON
3488,2025-03-06 12:25:00+05:30,329.1,329.5,328.8,328.8,9340,BIOCON
3489,2025-03-06 12:30:00+05:30,328.8,329.3,328.65,328.8,7417,BIOCON
3490,2025-03-06 12:35:00+05:30,328.8,329.2,328.8,329.0,4607,BIOCON
3491,2025-03-06 12:40:00+05:30,329.0,329.5,328.4,328.4,12059,BIOCON
3492,2025-03-06 12:45:00+05:30,328.5,328.6,328.1,328.25,6152,BIOCON
3493,2025-03-06 12:50:00+05:30,328.25,328.95,328.0,328.2,24788,BIOCON
3494,2025-03-06 12:55:00+05:30,328.0,328.3,327.75,328.0,51633,BIOCON
3495,2025-03-06 13:00:00+05:30,328.0,329.0,328.0,328.85,9976,BIOCON
3496,2025-03-06 13:05:00+05:30,328.85,329.0,328.45,328.6,5591,BIOCON
3497,2025-03-06 13:10:00+05:30,328.7,328.75,328.35,328.6,1995,BIOCON
3498,2025-03-06 13:15:00+05:30,328.4,328.65,328.15,328.65,9148,BIOCON
3499,2025-03-06 13:20:00+05:30,328.6,328.75,328.15,328.65,7929,BIOCON
3500,2025-03-06 13:25:00+05:30,328.65,328.75,328.1,328.55,2714,BIOCON
3501,2025-03-06 13:30:00+05:30,328.3,328.9,328.3,328.7,5982,BIOCON
3502,2025-03-06 13:35:00+05:30,328.7,330.5,328.65,330.3,71910,BIOCON
3503,2025-03-06 13:40:00+05:30,330.5,330.5,329.75,330.05,40281,BIOCON
3504,2025-03-06 13:45:00+05:30,330.05,330.45,329.7,330.45,22589,BIOCON
3505,2025-03-06 13:50:00+05:30,330.3,330.45,330.0,330.0,6666,BIOCON
3506,2025-03-06 13:55:00+05:30,330.0,330.35,330.0,330.0,27541,BIOCON
3507,2025-03-06 14:00:00+05:30,330.0,331.45,329.95,331.35,36220,BIOCON
3508,2025-03-06 14:05:00+05:30,331.3,331.3,330.35,330.6,11559,BIOCON
3509,2025-03-06 14:10:00+05:30,330.6,331.1,330.55,330.8,16031,BIOCON
3510,2025-03-06 14:15:00+05:30,331.1,332.35,331.1,331.7,57206,BIOCON
3511,2025-03-06 14:20:00+05:30,331.7,331.85,331.15,331.15,20103,BIOCON
3512,2025-03-06 14:25:00+05:30,331.25,331.35,330.8,330.8,9121,BIOCON
3513,2025-03-06 14:30:00+05:30,330.95,331.3,330.45,330.95,19995,BIOCON
3514,2025-03-06 14:35:00+05:30,330.95,331.4,330.8,331.4,17024,BIOCON
3515,2025-03-06 14:40:00+05:30,331.45,331.95,331.3,331.95,14277,BIOCON
3516,2025-03-06 14:45:00+05:30,331.75,334.4,331.5,333.85,75513,BIOCON
3517,2025-03-06 14:50:00+05:30,333.7,334.05,333.0,333.15,30176,BIOCON
3518,2025-03-06 14:55:00+05:30,333.15,334.4,333.05,334.25,59308,BIOCON
3519,2025-03-06 15:00:00+05:30,334.2,334.65,333.5,334.2,64865,BIOCON
3520,2025-03-06 15:05:00+05:30,334.2,334.3,333.25,333.5,30133,BIOCON
3521,2025-03-06 15:10:00+05:30,333.55,333.65,333.2,333.35,27635,BIOCON
3522,2025-03-06 15:15:00+05:30,333.35,333.4,332.3,332.6,54040,BIOCON
3523,2025-03-06 15:20:00+05:30,332.6,332.7,331.15,331.4,33746,BIOCON
3524,2025-03-06 15:25:00+05:30,331.2,331.4,330.5,331.0,32102,BIOCON
3525,2025-03-07 09:15:00+05:30,335.8,338.5,334.55,336.4,499406,BIOCON
3526,2025-03-07 09:20:00+05:30,336.6,338.9,335.35,336.0,298957,BIOCON
3527,2025-03-07 09:25:00+05:30,336.0,337.25,335.0,336.95,209378,BIOCON
3528,2025-03-07 09:30:00+05:30,336.9,337.5,335.55,336.9,142371,BIOCON
3529,2025-03-07 09:35:00+05:30,336.9,337.15,336.0,336.55,41444,BIOCON
3530,2025-03-07 09:40:00+05:30,336.75,337.75,336.55,337.35,101829,BIOCON
3531,2025-03-07 09:45:00+05:30,337.35,337.5,336.05,336.4,73140,BIOCON
3532,2025-03-07 09:50:00+05:30,336.25,336.85,336.05,336.7,41324,BIOCON
3533,2025-03-07 09:55:00+05:30,336.75,336.9,336.05,336.05,21760,BIOCON
3534,2025-03-07 10:00:00+05:30,336.25,336.6,335.5,335.6,137032,BIOCON
3535,2025-03-07 10:05:00+05:30,335.5,335.95,335.05,335.35,79419,BIOCON
3536,2025-03-07 10:10:00+05:30,335.35,335.5,334.25,335.45,64223,BIOCON
3537,2025-03-07 10:15:00+05:30,335.45,336.45,335.2,336.3,41364,BIOCON
3538,2025-03-07 10:20:00+05:30,336.35,336.95,336.0,336.0,100733,BIOCON
3539,2025-03-07 10:25:00+05:30,336.0,336.6,335.65,336.4,31974,BIOCON
3540,2025-03-07 10:30:00+05:30,336.35,336.6,335.5,335.65,11797,BIOCON
3541,2025-03-07 10:35:00+05:30,335.65,335.75,335.5,335.7,7140,BIOCON
3542,2025-03-07 10:40:00+05:30,335.7,335.75,335.4,335.7,14618,BIOCON
3543,2025-03-07 10:45:00+05:30,335.7,336.5,335.1,336.45,38609,BIOCON
3544,2025-03-07 10:50:00+05:30,336.2,336.35,334.7,335.5,37415,BIOCON
3545,2025-03-07 10:55:00+05:30,335.35,336.25,335.35,336.0,14986,BIOCON
3546,2025-03-07 11:00:00+05:30,335.9,336.25,335.75,336.2,5843,BIOCON
3547,2025-03-07 11:05:00+05:30,336.2,336.2,335.65,335.95,5443,BIOCON
3548,2025-03-07 11:10:00+05:30,335.95,336.0,335.45,336.0,6207,BIOCON
3549,2025-03-07 11:15:00+05:30,335.75,336.15,335.75,335.95,14055,BIOCON
3550,2025-03-07 11:20:00+05:30,335.95,336.1,335.0,335.25,43417,BIOCON
3551,2025-03-07 11:25:00+05:30,335.25,335.6,335.0,335.2,19275,BIOCON
3552,2025-03-07 11:30:00+05:30,335.15,335.5,335.0,335.5,16639,BIOCON
3553,2025-03-07 11:35:00+05:30,335.5,335.9,334.7,335.55,23763,BIOCON
3554,2025-03-07 11:40:00+05:30,335.55,335.65,335.2,335.6,4757,BIOCON
3555,2025-03-07 11:45:00+05:30,335.6,335.65,334.9,335.1,25582,BIOCON
3556,2025-03-07 11:50:00+05:30,335.1,335.25,335.0,335.15,5231,BIOCON
3557,2025-03-07 11:55:00+05:30,335.0,335.45,335.0,335.15,10983,BIOCON
3558,2025-03-07 12:00:00+05:30,335.15,335.35,334.55,335.05,88332,BIOCON
3559,2025-03-07 12:05:00+05:30,335.05,335.4,334.75,335.15,34630,BIOCON
3560,2025-03-07 12:10:00+05:30,335.0,335.75,334.5,335.25,175246,BIOCON
3561,2025-03-07 12:15:00+05:30,335.2,335.3,334.9,335.05,17708,BIOCON
3562,2025-03-07 12:20:00+05:30,335.0,335.25,334.95,335.05,49028,BIOCON
3563,2025-03-07 12:25:00+05:30,335.05,335.6,335.0,335.4,26484,BIOCON
3564,2025-03-07 12:30:00+05:30,335.5,336.05,335.5,335.8,31153,BIOCON
3565,2025-03-07 12:35:00+05:30,335.8,335.85,335.35,335.45,17738,BIOCON
3566,2025-03-07 12:40:00+05:30,335.25,335.45,335.15,335.4,4153,BIOCON
3567,2025-03-07 12:45:00+05:30,335.4,335.45,335.1,335.3,2654,BIOCON
3568,2025-03-07 12:50:00+05:30,335.3,335.35,334.9,335.1,34674,BIOCON
3569,2025-03-07 12:55:00+05:30,335.1,335.95,335.0,335.65,14805,BIOCON
3570,2025-03-07 13:00:00+05:30,335.65,335.65,335.15,335.55,7315,BIOCON
3571,2025-03-07 13:05:00+05:30,335.55,335.8,335.4,335.7,12041,BIOCON
3572,2025-03-07 13:10:00+05:30,335.7,335.8,335.0,335.15,15356,BIOCON
3573,2025-03-07 13:15:00+05:30,335.1,335.5,335.0,335.15,15800,BIOCON
3574,2025-03-07 13:20:00+05:30,335.15,335.45,335.0,335.45,10939,BIOCON
3575,2025-03-07 13:25:00+05:30,335.15,335.25,335.0,335.15,7498,BIOCON
3576,2025-03-07 13:30:00+05:30,335.15,335.15,335.0,335.15,4056,BIOCON
3577,2025-03-07 13:35:00+05:30,335.15,335.3,335.0,335.3,12233,BIOCON
3578,2025-03-07 13:40:00+05:30,335.15,335.75,335.0,335.45,16923,BIOCON
3579,2025-03-07 13:45:00+05:30,335.35,335.45,335.0,335.2,5791,BIOCON
3580,2025-03-07 13:50:00+05:30,335.2,335.2,334.6,334.95,84098,BIOCON
3581,2025-03-07 13:55:00+05:30,335.0,335.2,333.1,333.3,140751,BIOCON
3582,2025-03-07 14:00:00+05:30,333.25,333.45,332.5,333.35,46331,BIOCON
3583,2025-03-07 14:05:00+05:30,333.35,334.25,333.0,333.95,29676,BIOCON
3584,2025-03-07 14:10:00+05:30,333.95,334.2,333.7,334.15,7078,BIOCON
3585,2025-03-07 14:15:00+05:30,334.15,334.5,334.0,334.4,5209,BIOCON
3586,2025-03-07 14:20:00+05:30,334.35,335.0,334.2,334.65,26924,BIOCON
3587,2025-03-07 14:25:00+05:30,334.6,335.0,334.45,334.8,6118,BIOCON
3588,2025-03-07 14:30:00+05:30,334.8,335.2,334.4,335.2,38146,BIOCON
3589,2025-03-07 14:35:00+05:30,335.2,335.4,334.75,335.2,31807,BIOCON
3590,2025-03-07 14:40:00+05:30,335.2,335.8,335.1,335.65,40391,BIOCON
3591,2025-03-07 14:45:00+05:30,335.65,336.0,335.4,335.75,57124,BIOCON
3592,2025-03-07 14:50:00+05:30,335.7,335.8,335.2,335.7,41032,BIOCON
3593,2025-03-07 14:55:00+05:30,335.65,335.9,335.5,335.9,27251,BIOCON
3594,2025-03-07 15:00:00+05:30,335.9,335.9,334.0,334.45,41396,BIOCON
3595,2025-03-07 15:05:00+05:30,334.45,335.15,333.8,335.1,118380,BIOCON
3596,2025-03-07 15:10:00+05:30,335.2,335.5,334.0,334.15,78058,BIOCON
3597,2025-03-07 15:15:00+05:30,334.15,334.2,332.5,332.85,125913,BIOCON
3598,2025-03-07 15:20:00+05:30,332.8,333.0,332.35,332.35,47080,BIOCON
3599,2025-03-07 15:25:00+05:30,332.4,332.7,331.9,332.4,75958,BIOCON
3600,2025-03-10 09:15:00+05:30,335.0,337.1,331.05,334.45,222479,BIOCON
3601,2025-03-10 09:20:00+05:30,334.25,334.75,333.05,333.3,99529,BIOCON
3602,2025-03-10 09:25:00+05:30,333.15,333.4,331.5,332.5,39251,BIOCON
3603,2025-03-10 09:30:00+05:30,332.35,333.4,331.1,332.45,52777,BIOCON
3604,2025-03-10 09:35:00+05:30,332.15,333.55,332.05,332.2,56855,BIOCON
3605,2025-03-10 09:40:00+05:30,332.5,334.45,332.35,332.75,21224,BIOCON
3606,2025-03-10 09:45:00+05:30,332.75,334.0,332.75,333.85,19202,BIOCON
3607,2025-03-10 09:50:00+05:30,333.85,335.3,333.75,335.2,27640,BIOCON
3608,2025-03-10 09:55:00+05:30,335.15,335.4,333.55,333.55,25225,BIOCON
3609,2025-03-10 10:00:00+05:30,333.6,333.8,332.5,332.9,16971,BIOCON
3610,2025-03-10 10:05:00+05:30,332.95,335.0,332.9,334.3,38851,BIOCON
3611,2025-03-10 10:10:00+05:30,334.3,334.4,333.55,333.95,8101,BIOCON
3612,2025-03-10 10:15:00+05:30,333.95,333.95,333.45,333.6,5102,BIOCON
3613,2025-03-10 10:20:00+05:30,333.6,334.0,333.45,333.55,5830,BIOCON
3614,2025-03-10 10:25:00+05:30,333.55,333.55,333.0,333.25,9997,BIOCON
3615,2025-03-10 10:30:00+05:30,333.4,333.9,333.05,333.5,8412,BIOCON
3616,2025-03-10 10:35:00+05:30,333.3,333.65,333.0,333.25,7023,BIOCON
3617,2025-03-10 10:40:00+05:30,333.3,333.4,332.9,333.35,4753,BIOCON
3618,2025-03-10 10:45:00+05:30,333.15,333.8,333.0,333.8,4097,BIOCON
3619,2025-03-10 10:50:00+05:30,333.8,333.8,333.1,333.2,2344,BIOCON
3620,2025-03-10 10:55:00+05:30,333.1,333.4,333.0,333.25,3581,BIOCON
3621,2025-03-10 11:00:00+05:30,333.25,333.25,332.5,332.65,11267,BIOCON
3622,2025-03-10 11:05:00+05:30,332.8,332.8,332.05,332.05,10434,BIOCON
3623,2025-03-10 11:10:00+05:30,332.35,332.45,331.55,331.65,16693,BIOCON
3624,2025-03-10 11:15:00+05:30,331.65,332.4,331.65,332.4,15511,BIOCON
3625,2025-03-10 11:20:00+05:30,332.35,332.6,331.85,332.0,12682,BIOCON
3626,2025-03-10 11:25:00+05:30,332.0,332.5,332.0,332.35,12951,BIOCON
3627,2025-03-10 11:30:00+05:30,332.5,332.6,331.65,331.95,11915,BIOCON
3628,2025-03-10 11:35:00+05:30,331.65,332.15,331.6,332.0,16524,BIOCON
3629,2025-03-10 11:40:00+05:30,332.1,332.25,332.1,332.1,11081,BIOCON
3630,2025-03-10 11:45:00+05:30,332.1,332.2,331.8,331.8,5419,BIOCON
3631,2025-03-10 11:50:00+05:30,331.85,331.85,331.3,331.5,16230,BIOCON
3632,2025-03-10 11:55:00+05:30,331.65,331.65,331.3,331.4,3541,BIOCON
3633,2025-03-10 12:00:00+05:30,331.45,331.45,330.5,330.6,14832,BIOCON
3634,2025-03-10 12:05:00+05:30,330.5,331.1,330.45,330.5,19642,BIOCON
3635,2025-03-10 12:10:00+05:30,330.7,330.95,330.4,330.55,11229,BIOCON
3636,2025-03-10 12:15:00+05:30,330.5,330.55,329.45,330.05,36852,BIOCON
3637,2025-03-10 12:20:00+05:30,330.0,330.15,329.4,329.65,51021,BIOCON
3638,2025-03-10 12:25:00+05:30,329.45,331.0,329.4,330.4,47156,BIOCON
3639,2025-03-10 12:30:00+05:30,330.6,330.6,330.05,330.1,2976,BIOCON
3640,2025-03-10 12:35:00+05:30,330.1,330.4,330.1,330.15,4453,BIOCON
3641,2025-03-10 12:40:00+05:30,330.3,330.45,330.15,330.4,5232,BIOCON
3642,2025-03-10 12:45:00+05:30,330.15,330.85,330.15,330.6,2230,BIOCON
3643,2025-03-10 12:50:00+05:30,330.45,330.65,330.35,330.65,2017,BIOCON
3644,2025-03-10 12:55:00+05:30,330.6,330.9,330.6,330.85,1618,BIOCON
3645,2025-03-10 13:00:00+05:30,330.85,330.85,330.45,330.5,6042,BIOCON
3646,2025-03-10 13:05:00+05:30,330.5,332.15,330.5,331.75,19912,BIOCON
3647,2025-03-10 13:10:00+05:30,331.65,332.05,331.25,331.25,9345,BIOCON
3648,2025-03-10 13:15:00+05:30,331.25,331.35,330.65,330.8,4706,BIOCON
3649,2025-03-10 13:20:00+05:30,330.8,330.9,330.5,330.6,3350,BIOCON
3650,2025-03-10 13:25:00+05:30,330.5,330.95,330.35,330.6,5786,BIOCON
3651,2025-03-10 13:30:00+05:30,330.55,330.85,330.25,330.25,35522,BIOCON
3652,2025-03-10 13:35:00+05:30,330.5,330.8,330.05,330.8,15984,BIOCON
3653,2025-03-10 13:40:00+05:30,330.65,330.8,330.4,330.5,4495,BIOCON
3654,2025-03-10 13:45:00+05:30,330.5,330.5,330.0,330.35,31756,BIOCON
3655,2025-03-10 13:50:00+05:30,330.1,330.45,330.0,330.1,4670,BIOCON
3656,2025-03-10 13:55:00+05:30,330.35,330.5,330.0,330.5,3700,BIOCON
3657,2025-03-10 14:00:00+05:30,330.5,330.7,330.0,330.0,9150,BIOCON
3658,2025-03-10 14:05:00+05:30,330.15,330.45,329.7,329.95,6484,BIOCON
3659,2025-03-10 14:10:00+05:30,330.0,330.3,329.1,329.4,11775,BIOCON
3660,2025-03-10 14:15:00+05:30,329.4,329.85,328.65,328.65,15737,BIOCON
3661,2025-03-10 14:20:00+05:30,328.6,328.95,328.0,328.25,15068,BIOCON
3662,2025-03-10 14:25:00+05:30,328.25,329.2,327.75,328.0,49202,BIOCON
3663,2025-03-10 14:30:00+05:30,328.15,328.65,328.0,328.5,26139,BIOCON
3664,2025-03-10 14:35:00+05:30,328.7,328.9,328.5,328.65,8655,BIOCON
3665,2025-03-10 14:40:00+05:30,328.65,328.7,328.2,328.65,12065,BIOCON
3666,2025-03-10 14:45:00+05:30,328.95,329.0,328.3,328.5,16203,BIOCON
3667,2025-03-10 14:50:00+05:30,328.75,328.8,328.2,328.6,5735,BIOCON
3668,2025-03-10 14:55:00+05:30,328.8,329.15,328.35,329.0,60460,BIOCON
3669,2025-03-10 15:00:00+05:30,328.8,329.4,328.65,328.65,31106,BIOCON
3670,2025-03-10 15:05:00+05:30,328.7,328.85,328.1,328.5,28647,BIOCON
3671,2025-03-10 15:10:00+05:30,328.5,328.9,328.25,328.4,45000,BIOCON
3672,2025-03-10 15:15:00+05:30,328.45,328.5,327.8,328.0,215948,BIOCON
3673,2025-03-10 15:20:00+05:30,328.1,328.55,328.0,328.2,64943,BIOCON
3674,2025-03-10 15:25:00+05:30,328.25,328.4,326.5,327.05,152439,BIOCON
3675,2025-03-11 09:15:00+05:30,325.2,328.95,322.95,326.0,150119,BIOCON
3676,2025-03-11 09:20:00+05:30,326.05,328.65,324.45,328.1,118290,BIOCON
3677,2025-03-11 09:25:00+05:30,328.15,328.15,325.15,325.3,51380,BIOCON
3678,2025-03-11 09:30:00+05:30,325.35,326.6,323.4,325.15,44815,BIOCON
3679,2025-03-11 09:35:00+05:30,325.0,325.0,323.5,324.3,24093,BIOCON
3680,2025-03-11 09:40:00+05:30,324.3,325.25,323.5,325.25,61939,BIOCON
3681,2025-03-11 09:45:00+05:30,325.25,326.0,324.5,325.3,27154,BIOCON
3682,2025-03-11 09:50:00+05:30,325.55,325.8,324.7,324.95,7229,BIOCON
3683,2025-03-11 09:55:00+05:30,324.55,325.6,324.2,325.35,20919,BIOCON
3684,2025-03-11 10:00:00+05:30,325.45,326.8,325.35,325.55,28829,BIOCON
3685,2025-03-11 10:05:00+05:30,325.45,326.0,325.05,325.85,10125,BIOCON
3686,2025-03-11 10:10:00+05:30,325.75,327.1,325.6,327.0,24202,BIOCON
3687,2025-03-11 10:15:00+05:30,327.0,327.0,325.75,326.35,45133,BIOCON
3688,2025-03-11 10:20:00+05:30,326.2,326.55,325.8,326.3,8221,BIOCON
3689,2025-03-11 10:25:00+05:30,326.2,327.8,326.0,326.3,41006,BIOCON
3690,2025-03-11 10:30:00+05:30,326.55,326.6,325.2,325.3,14424,BIOCON
3691,2025-03-11 10:35:00+05:30,325.5,326.6,325.25,326.3,22342,BIOCON
3692,2025-03-11 10:40:00+05:30,326.3,327.0,326.3,326.85,15228,BIOCON
3693,2025-03-11 10:45:00+05:30,326.85,326.95,326.7,326.95,3241,BIOCON
3694,2025-03-11 10:50:00+05:30,326.7,328.45,326.5,328.35,28576,BIOCON
3695,2025-03-11 10:55:00+05:30,328.35,330.25,328.35,329.35,63859,BIOCON
3696,2025-03-11 11:00:00+05:30,329.5,330.7,329.5,330.7,10629,BIOCON
3697,2025-03-11 11:05:00+05:30,330.75,331.2,329.45,329.8,20192,BIOCON
3698,2025-03-11 11:10:00+05:30,329.75,329.8,328.1,328.2,12929,BIOCON
3699,2025-03-11 11:15:00+05:30,328.2,328.7,327.7,328.05,9739,BIOCON
3700,2025-03-11 11:20:00+05:30,328.0,328.05,327.2,327.65,9801,BIOCON
3701,2025-03-11 11:25:00+05:30,327.2,327.65,327.1,327.3,9599,BIOCON
3702,2025-03-11 11:30:00+05:30,327.0,327.6,326.7,327.4,12421,BIOCON
3703,2025-03-11 11:35:00+05:30,327.2,327.75,327.2,327.6,6152,BIOCON
3704,2025-03-11 11:40:00+05:30,327.5,327.75,327.1,327.6,4547,BIOCON
3705,2025-03-11 11:45:00+05:30,327.55,327.9,327.35,327.8,6912,BIOCON
3706,2025-03-11 11:50:00+05:30,327.8,328.5,327.7,328.3,13280,BIOCON
3707,2025-03-11 11:55:00+05:30,328.45,328.9,328.25,328.9,7705,BIOCON
3708,2025-03-11 12:00:00+05:30,328.7,329.95,328.7,329.45,26335,BIOCON
3709,2025-03-11 12:05:00+05:30,329.45,329.95,328.7,328.7,12144,BIOCON
3710,2025-03-11 12:10:00+05:30,328.95,328.95,328.3,328.55,7139,BIOCON
3711,2025-03-11 12:15:00+05:30,328.55,328.75,327.85,327.9,8743,BIOCON
3712,2025-03-11 12:20:00+05:30,327.9,327.9,327.4,327.55,6898,BIOCON
3713,2025-03-11 12:25:00+05:30,327.45,327.95,327.1,327.7,9530,BIOCON
3714,2025-03-11 12:30:00+05:30,327.7,327.75,327.2,327.5,9675,BIOCON
3715,2025-03-11 12:35:00+05:30,327.55,328.3,327.5,328.1,8308,BIOCON
3716,2025-03-11 12:40:00+05:30,328.35,328.6,327.9,328.0,5119,BIOCON
3717,2025-03-11 12:45:00+05:30,328.0,328.0,327.7,327.75,3788,BIOCON
3718,2025-03-11 12:50:00+05:30,327.45,327.95,327.35,327.65,12097,BIOCON
3719,2025-03-11 12:55:00+05:30,327.65,327.85,327.6,327.6,1769,BIOCON
3720,2025-03-11 13:00:00+05:30,327.4,327.5,326.45,326.8,51620,BIOCON
3721,2025-03-11 13:05:00+05:30,326.85,327.15,326.45,327.15,6532,BIOCON
3722,2025-03-11 13:10:00+05:30,327.2,327.2,326.5,326.6,3853,BIOCON
3723,2025-03-11 13:15:00+05:30,326.5,327.0,326.0,326.8,29213,BIOCON
3724,2025-03-11 13:20:00+05:30,326.8,327.55,326.8,327.45,10161,BIOCON
3725,2025-03-11 13:25:00+05:30,327.35,327.65,326.9,327.5,14090,BIOCON
3726,2025-03-11 13:30:00+05:30,327.75,327.75,326.95,327.1,9979,BIOCON
3727,2025-03-11 13:35:00+05:30,327.1,327.6,327.0,327.6,2203,BIOCON
3728,2025-03-11 13:40:00+05:30,327.4,328.4,327.35,328.1,6905,BIOCON
3729,2025-03-11 13:45:00+05:30,328.3,328.7,328.0,328.35,5934,BIOCON
3730,2025-03-11 13:50:00+05:30,328.3,329.15,328.3,329.15,11687,BIOCON
3731,2025-03-11 13:55:00+05:30,329.15,329.35,328.5,328.9,19061,BIOCON
3732,2025-03-11 14:00:00+05:30,328.9,329.0,328.2,328.45,7027,BIOCON
3733,2025-03-11 14:05:00+05:30,328.25,328.8,328.25,328.5,6502,BIOCON
3734,2025-03-11 14:10:00+05:30,328.5,329.05,328.5,329.05,7015,BIOCON
3735,2025-03-11 14:15:00+05:30,328.85,329.25,328.85,329.1,3313,BIOCON
3736,2025-03-11 14:20:00+05:30,329.1,329.55,329.0,329.15,30569,BIOCON
3737,2025-03-11 14:25:00+05:30,329.15,329.7,329.05,329.25,4674,BIOCON
3738,2025-03-11 14:30:00+05:30,329.25,329.65,328.8,329.15,15786,BIOCON
3739,2025-03-11 14:35:00+05:30,329.15,329.5,329.1,329.3,11965,BIOCON
3740,2025-03-11 14:40:00+05:30,329.2,329.5,328.95,328.95,8201,BIOCON
3741,2025-03-11 14:45:00+05:30,328.95,329.3,328.9,328.9,5994,BIOCON
3742,2025-03-11 14:50:00+05:30,328.9,328.9,328.45,328.6,5967,BIOCON
3743,2025-03-11 14:55:00+05:30,328.6,329.0,328.4,329.0,7014,BIOCON
3744,2025-03-11 15:00:00+05:30,329.0,329.25,328.8,329.25,22956,BIOCON
3745,2025-03-11 15:05:00+05:30,329.05,329.05,328.2,328.4,13042,BIOCON
3746,2025-03-11 15:10:00+05:30,328.4,329.15,328.25,328.9,32036,BIOCON
3747,2025-03-11 15:15:00+05:30,328.85,329.1,328.75,329.1,34541,BIOCON
3748,2025-03-11 15:20:00+05:30,328.95,329.3,328.5,329.15,36313,BIOCON
3749,2025-03-11 15:25:00+05:30,329.3,330.4,329.0,330.0,18434,BIOCON
3750,2025-03-12 09:15:00+05:30,328.15,330.9,327.25,328.15,67313,BIOCON
3751,2025-03-12 09:20:00+05:30,328.15,328.4,326.55,327.4,46717,BIOCON
3752,2025-03-12 09:25:00+05:30,327.05,327.5,326.5,327.2,17829,BIOCON
3753,2025-03-12 09:30:00+05:30,326.85,328.0,326.75,328.0,13054,BIOCON
3754,2025-03-12 09:35:00+05:30,328.0,328.5,327.55,328.4,27024,BIOCON
3755,2025-03-12 09:40:00+05:30,328.3,328.8,328.05,328.25,17198,BIOCON
3756,2025-03-12 09:45:00+05:30,328.15,329.3,327.85,328.85,14670,BIOCON
3757,2025-03-12 09:50:00+05:30,328.85,329.55,328.7,329.25,16448,BIOCON
3758,2025-03-12 09:55:00+05:30,329.5,329.5,328.15,328.4,33925,BIOCON
3759,2025-03-12 10:00:00+05:30,328.9,328.9,326.35,326.6,32514,BIOCON
3760,2025-03-12 10:05:00+05:30,326.35,326.75,325.6,326.2,12266,BIOCON
3761,2025-03-12 10:10:00+05:30,326.0,326.05,325.1,325.25,24342,BIOCON
3762,2025-03-12 10:15:00+05:30,325.2,325.7,324.45,325.5,14484,BIOCON
3763,2025-03-12 10:20:00+05:30,325.4,325.65,324.9,324.9,10862,BIOCON
3764,2025-03-12 10:25:00+05:30,324.9,326.0,324.05,326.0,23421,BIOCON
3765,2025-03-12 10:30:00+05:30,326.0,327.0,326.0,326.6,19914,BIOCON
3766,2025-03-12 10:35:00+05:30,326.8,326.8,326.0,326.25,36063,BIOCON
3767,2025-03-12 10:40:00+05:30,326.25,326.75,325.85,326.7,3759,BIOCON
3768,2025-03-12 10:45:00+05:30,326.55,326.65,325.2,325.4,14857,BIOCON
3769,2025-03-12 10:50:00+05:30,325.85,325.85,324.55,325.1,10217,BIOCON
3770,2025-03-12 10:55:00+05:30,324.9,325.2,324.55,325.1,15672,BIOCON
3771,2025-03-12 11:00:00+05:30,325.45,325.5,324.75,324.75,2589,BIOCON
3772,2025-03-12 11:05:00+05:30,324.8,325.45,324.8,325.25,1411,BIOCON
3773,2025-03-12 11:10:00+05:30,325.25,325.4,324.95,325.0,14232,BIOCON
3774,2025-03-12 11:15:00+05:30,324.85,325.05,324.6,325.05,6450,BIOCON
3775,2025-03-12 11:20:00+05:30,325.05,325.3,324.8,324.9,1861,BIOCON
3776,2025-03-12 11:25:00+05:30,324.9,325.25,323.9,325.1,22244,BIOCON
3777,2025-03-12 11:30:00+05:30,325.1,325.5,325.0,325.25,16739,BIOCON
3778,2025-03-12 11:35:00+05:30,325.0,325.4,324.8,325.05,41140,BIOCON
3779,2025-03-12 11:40:00+05:30,325.0,325.1,324.25,324.55,78970,BIOCON
3780,2025-03-12 11:45:00+05:30,324.35,324.4,324.05,324.15,4431,BIOCON
3781,2025-03-12 11:50:00+05:30,324.15,324.45,323.4,324.0,14924,BIOCON
3782,2025-03-12 11:55:00+05:30,324.0,324.1,323.9,324.1,42271,BIOCON
3783,2025-03-12 12:00:00+05:30,324.1,324.2,323.85,324.15,26718,BIOCON
3784,2025-03-12 12:05:00+05:30,324.0,324.75,324.0,324.35,21282,BIOCON
3785,2025-03-12 12:10:00+05:30,324.25,324.3,323.95,324.15,3475,BIOCON
3786,2025-03-12 12:15:00+05:30,324.4,324.55,323.75,324.2,18566,BIOCON
3787,2025-03-12 12:20:00+05:30,324.0,324.45,324.0,324.25,5797,BIOCON
3788,2025-03-12 12:25:00+05:30,324.0,324.2,323.85,324.1,28548,BIOCON
3789,2025-03-12 12:30:00+05:30,324.2,324.75,324.1,324.55,7588,BIOCON
3790,2025-03-12 12:35:00+05:30,324.65,324.65,323.85,324.0,12670,BIOCON
3791,2025-03-12 12:40:00+05:30,324.0,324.15,323.95,324.15,27708,BIOCON
3792,2025-03-12 12:45:00+05:30,323.95,324.3,323.9,324.0,47855,BIOCON
3793,2025-03-12 12:50:00+05:30,324.0,324.35,324.0,324.1,23276,BIOCON
3794,2025-03-12 12:55:00+05:30,324.1,324.35,323.9,324.0,6463,BIOCON
3795,2025-03-12 13:00:00+05:30,324.1,324.75,324.0,324.75,4761,BIOCON
3796,2025-03-12 13:05:00+05:30,324.6,324.8,324.0,324.75,36319,BIOCON
3797,2025-03-12 13:10:00+05:30,324.6,324.7,324.0,324.35,12522,BIOCON
3798,2025-03-12 13:15:00+05:30,324.55,325.2,324.5,324.5,10571,BIOCON
3799,2025-03-12 13:20:00+05:30,324.65,324.95,324.4,324.85,21729,BIOCON
3800,2025-03-12 13:25:00+05:30,324.75,324.85,324.4,324.4,24237,BIOCON
3801,2025-03-12 13:30:00+05:30,324.5,324.9,324.4,324.45,20638,BIOCON
3802,2025-03-12 13:35:00+05:30,324.4,324.4,324.0,324.0,26374,BIOCON
3803,2025-03-12 13:40:00+05:30,324.0,324.25,323.9,324.1,13319,BIOCON
3804,2025-03-12 13:45:00+05:30,324.1,324.4,324.0,324.15,8818,BIOCON
3805,2025-03-12 13:50:00+05:30,324.35,324.5,323.8,324.0,22877,BIOCON
3806,2025-03-12 13:55:00+05:30,324.05,324.3,323.9,324.0,18752,BIOCON
3807,2025-03-12 14:00:00+05:30,324.0,324.5,324.0,324.25,7203,BIOCON
3808,2025-03-12 14:05:00+05:30,324.45,324.45,324.05,324.15,10253,BIOCON
3809,2025-03-12 14:10:00+05:30,324.15,324.4,324.0,324.1,11748,BIOCON
3810,2025-03-12 14:15:00+05:30,324.15,325.1,324.15,324.8,12825,BIOCON
3811,2025-03-12 14:20:00+05:30,324.85,325.5,324.85,325.5,23243,BIOCON
3812,2025-03-12 14:25:00+05:30,326.35,326.35,325.35,325.6,29615,BIOCON
3813,2025-03-12 14:30:00+05:30,325.9,326.0,325.4,325.5,11477,BIOCON
3814,2025-03-12 14:35:00+05:30,325.7,325.7,324.6,324.95,25248,BIOCON
3815,2025-03-12 14:40:00+05:30,324.8,325.3,324.35,324.4,21866,BIOCON
3816,2025-03-12 14:45:00+05:30,324.3,324.45,323.8,324.0,27029,BIOCON
3817,2025-03-12 14:50:00+05:30,324.2,324.3,323.85,323.85,38627,BIOCON
3818,2025-03-12 14:55:00+05:30,323.8,324.85,323.8,324.85,45408,BIOCON
3819,2025-03-12 15:00:00+05:30,324.9,325.55,324.4,325.3,40598,BIOCON
3820,2025-03-12 15:05:00+05:30,325.6,325.75,325.05,325.55,48224,BIOCON
3821,2025-03-12 15:10:00+05:30,325.6,325.75,325.0,325.05,42617,BIOCON
3822,2025-03-12 15:15:00+05:30,325.0,325.2,324.7,325.1,95610,BIOCON
3823,2025-03-12 15:20:00+05:30,325.0,325.4,325.0,325.25,47496,BIOCON
3824,2025-03-12 15:25:00+05:30,325.0,325.4,324.85,325.0,59956,BIOCON
3825,2025-03-13 09:15:00+05:30,326.0,326.5,323.1,323.35,93015,BIOCON
3826,2025-03-13 09:20:00+05:30,323.1,323.85,322.15,323.45,46505,BIOCON
3827,2025-03-13 09:25:00+05:30,323.75,323.8,322.05,322.2,29820,BIOCON
3828,2025-03-13 09:30:00+05:30,322.15,323.25,322.15,322.45,16738,BIOCON
3829,2025-03-13 09:35:00+05:30,322.65,323.25,322.45,323.15,9604,BIOCON
3830,2025-03-13 09:40:00+05:30,323.2,323.2,321.5,321.65,28903,BIOCON
3831,2025-03-13 09:45:00+05:30,322.1,322.75,322.0,322.15,11968,BIOCON
3832,2025-03-13 09:50:00+05:30,322.25,322.25,321.5,322.2,13209,BIOCON
3833,2025-03-13 09:55:00+05:30,322.0,322.9,322.0,322.55,9940,BIOCON
3834,2025-03-13 10:00:00+05:30,322.7,323.45,322.6,323.4,32160,BIOCON
3835,2025-03-13 10:05:00+05:30,323.4,323.75,323.1,323.1,13934,BIOCON
3836,2025-03-13 10:10:00+05:30,323.45,323.7,322.6,323.7,51797,BIOCON
3837,2025-03-13 10:15:00+05:30,323.5,324.65,323.4,324.15,20065,BIOCON
3838,2025-03-13 10:20:00+05:30,324.2,325.25,324.15,324.75,18746,BIOCON
3839,2025-03-13 10:25:00+05:30,325.3,325.35,324.9,325.15,24295,BIOCON
3840,2025-03-13 10:30:00+05:30,324.95,325.15,324.25,324.35,9900,BIOCON
3841,2025-03-13 10:35:00+05:30,324.5,324.5,323.5,323.65,8805,BIOCON
3842,2025-03-13 10:40:00+05:30,323.7,323.7,323.0,323.2,12300,BIOCON
3843,2025-03-13 10:45:00+05:30,323.25,323.5,323.0,323.15,14782,BIOCON
3844,2025-03-13 10:50:00+05:30,323.1,323.5,323.0,323.3,45516,BIOCON
3845,2025-03-13 10:55:00+05:30,323.25,323.25,323.0,323.0,60587,BIOCON
3846,2025-03-13 11:00:00+05:30,323.0,323.5,323.0,323.5,55701,BIOCON
3847,2025-03-13 11:05:00+05:30,323.4,324.25,323.4,324.2,6242,BIOCON
3848,2025-03-13 11:10:00+05:30,324.2,324.6,323.95,324.5,13916,BIOCON
3849,2025-03-13 11:15:00+05:30,324.35,324.35,323.8,324.15,4062,BIOCON
3850,2025-03-13 11:20:00+05:30,324.0,324.3,323.75,324.0,3399,BIOCON
3851,2025-03-13 11:25:00+05:30,324.25,324.25,323.45,323.5,2034,BIOCON
3852,2025-03-13 11:30:00+05:30,323.5,323.85,323.25,323.85,5071,BIOCON
3853,2025-03-13 11:35:00+05:30,323.85,324.0,323.1,323.1,5396,BIOCON
3854,2025-03-13 11:40:00+05:30,323.1,323.5,323.1,323.3,3233,BIOCON
3855,2025-03-13 11:45:00+05:30,323.4,323.5,323.05,323.05,7826,BIOCON
3856,2025-03-13 11:50:00+05:30,323.0,323.2,323.0,323.1,7092,BIOCON
3857,2025-03-13 11:55:00+05:30,323.0,323.15,323.0,323.0,22763,BIOCON
3858,2025-03-13 12:00:00+05:30,323.15,323.15,323.0,323.0,4095,BIOCON
3859,2025-03-13 12:05:00+05:30,323.0,323.15,323.0,323.05,1689,BIOCON
3860,2025-03-13 12:10:00+05:30,323.05,323.75,323.05,323.6,5775,BIOCON
3861,2025-03-13 12:15:00+05:30,323.6,324.15,323.6,323.65,11963,BIOCON
3862,2025-03-13 12:20:00+05:30,323.65,323.85,323.5,323.55,4175,BIOCON
3863,2025-03-13 12:25:00+05:30,323.55,323.65,323.5,323.5,696,BIOCON
3864,2025-03-13 12:30:00+05:30,323.5,323.7,323.5,323.6,1033,BIOCON
3865,2025-03-13 12:35:00+05:30,323.7,323.7,323.4,323.4,1562,BIOCON
3866,2025-03-13 12:40:00+05:30,323.35,324.05,323.35,324.0,2975,BIOCON
3867,2025-03-13 12:45:00+05:30,323.8,324.4,323.75,324.3,6238,BIOCON
3868,2025-03-13 12:50:00+05:30,324.15,324.3,324.0,324.0,1212,BIOCON
3869,2025-03-13 12:55:00+05:30,324.0,324.15,323.9,324.05,1001,BIOCON
3870,2025-03-13 13:00:00+05:30,324.1,324.2,323.95,324.1,1036,BIOCON
3871,2025-03-13 13:05:00+05:30,324.1,324.1,323.5,323.5,2044,BIOCON
3872,2025-03-13 13:10:00+05:30,323.5,323.75,323.35,323.4,4333,BIOCON
3873,2025-03-13 13:15:00+05:30,323.4,323.4,323.1,323.1,4750,BIOCON
3874,2025-03-13 13:20:00+05:30,323.3,323.5,323.1,323.2,4147,BIOCON
3875,2025-03-13 13:25:00+05:30,323.2,323.5,323.05,323.05,7666,BIOCON
3876,2025-03-13 13:30:00+05:30,323.15,323.7,323.0,323.25,5221,BIOCON
3877,2025-03-13 13:35:00+05:30,323.2,323.7,323.2,323.45,4298,BIOCON
3878,2025-03-13 13:40:00+05:30,323.65,323.7,323.2,323.2,3395,BIOCON
3879,2025-03-13 13:45:00+05:30,323.2,323.4,323.05,323.15,2741,BIOCON
3880,2025-03-13 13:50:00+05:30,323.4,323.6,323.1,323.25,5616,BIOCON
3881,2025-03-13 13:55:00+05:30,323.3,323.6,323.3,323.3,5328,BIOCON
3882,2025-03-13 14:00:00+05:30,323.55,323.55,323.2,323.25,4744,BIOCON
3883,2025-03-13 14:05:00+05:30,323.25,323.55,323.05,323.4,12754,BIOCON
3884,2025-03-13 14:10:00+05:30,323.4,323.6,323.15,323.6,13357,BIOCON
3885,2025-03-13 14:15:00+05:30,323.6,323.6,323.05,323.05,7335,BIOCON
3886,2025-03-13 14:20:00+05:30,323.0,323.3,323.0,323.2,47965,BIOCON
3887,2025-03-13 14:25:00+05:30,323.2,323.55,323.1,323.5,17039,BIOCON
3888,2025-03-13 14:30:00+05:30,323.5,323.8,323.25,323.5,14935,BIOCON
3889,2025-03-13 14:35:00+05:30,323.7,323.75,323.25,323.7,10124,BIOCON
3890,2025-03-13 14:40:00+05:30,323.7,323.85,323.4,323.45,11110,BIOCON
3891,2025-03-13 14:45:00+05:30,323.45,323.55,322.85,323.25,24680,BIOCON
3892,2025-03-13 14:50:00+05:30,323.0,323.25,323.0,323.0,25154,BIOCON
3893,2025-03-13 14:55:00+05:30,323.1,323.15,323.0,323.15,24459,BIOCON
3894,2025-03-13 15:00:00+05:30,323.1,323.2,323.0,323.15,73948,BIOCON
3895,2025-03-13 15:05:00+05:30,323.0,323.55,323.0,323.4,35371,BIOCON
3896,2025-03-13 15:10:00+05:30,323.45,323.5,323.15,323.15,24384,BIOCON
3897,2025-03-13 15:15:00+05:30,323.15,323.55,323.0,323.25,41395,BIOCON
3898,2025-03-13 15:20:00+05:30,323.3,323.6,323.0,323.0,75054,BIOCON
3899,2025-03-13 15:25:00+05:30,323.05,323.1,322.55,323.05,168175,BIOCON
3900,2025-03-17 09:15:00+05:30,324.8,324.8,323.55,323.85,27660,BIOCON
3901,2025-03-17 09:20:00+05:30,323.85,326.3,323.8,325.7,27394,BIOCON
3902,2025-03-17 09:25:00+05:30,325.7,328.0,325.7,327.7,50518,BIOCON
3903,2025-03-17 09:30:00+05:30,327.6,328.7,327.55,328.0,25294,BIOCON
3904,2025-03-17 09:35:00+05:30,328.05,328.3,326.5,327.65,27990,BIOCON
3905,2025-03-17 09:40:00+05:30,327.6,328.8,326.65,328.65,19412,BIOCON
3906,2025-03-17 09:45:00+05:30,328.65,329.4,328.05,329.0,37322,BIOCON
3907,2025-03-17 09:50:00+05:30,328.9,329.2,328.1,328.1,17592,BIOCON
3908,2025-03-17 09:55:00+05:30,328.2,329.9,327.85,328.15,41465,BIOCON
3909,2025-03-17 10:00:00+05:30,328.0,328.2,327.3,327.9,14490,BIOCON
3910,2025-03-17 10:05:00+05:30,327.9,328.65,327.0,327.0,14884,BIOCON
3911,2025-03-17 10:10:00+05:30,327.0,327.7,326.8,327.7,12183,BIOCON
3912,2025-03-17 10:15:00+05:30,327.25,329.6,327.25,329.55,94773,BIOCON
3913,2025-03-17 10:20:00+05:30,329.5,329.6,328.0,328.35,30142,BIOCON
3914,2025-03-17 10:25:00+05:30,328.15,328.65,327.85,328.45,11778,BIOCON
3915,2025-03-17 10:30:00+05:30,328.2,328.75,328.0,328.0,9269,BIOCON
3916,2025-03-17 10:35:00+05:30,328.0,328.2,327.8,328.0,28919,BIOCON
3917,2025-03-17 10:40:00+05:30,328.15,328.2,327.0,328.0,47638,BIOCON
3918,2025-03-17 10:45:00+05:30,328.0,328.7,328.0,328.1,5060,BIOCON
3919,2025-03-17 10:50:00+05:30,328.1,330.35,328.05,330.05,132448,BIOCON
3920,2025-03-17 10:55:00+05:30,330.0,330.85,329.8,330.0,28874,BIOCON
3921,2025-03-17 11:00:00+05:30,330.0,331.3,330.0,331.2,40180,BIOCON
3922,2025-03-17 11:05:00+05:30,331.3,331.85,331.0,331.6,38152,BIOCON
3923,2025-03-17 11:10:00+05:30,331.55,331.95,331.45,331.5,18077,BIOCON
3924,2025-03-17 11:15:00+05:30,331.5,331.7,331.35,331.4,15198,BIOCON
3925,2025-03-17 11:20:00+05:30,331.6,332.0,331.0,331.3,38695,BIOCON
3926,2025-03-17 11:25:00+05:30,331.3,331.5,331.1,331.1,19675,BIOCON
3927,2025-03-17 11:30:00+05:30,331.25,331.45,331.0,331.0,9380,BIOCON
3928,2025-03-17 11:35:00+05:30,331.0,331.7,331.0,331.35,11276,BIOCON
3929,2025-03-17 11:40:00+05:30,331.35,331.9,331.1,331.85,7456,BIOCON
3930,2025-03-17 11:45:00+05:30,331.9,332.4,331.7,332.4,16390,BIOCON
3931,2025-03-17 11:50:00+05:30,332.4,332.7,332.05,332.1,23931,BIOCON
3932,2025-03-17 11:55:00+05:30,332.05,332.5,331.5,332.15,13660,BIOCON
3933,2025-03-17 12:00:00+05:30,332.3,332.85,331.95,332.15,13616,BIOCON
3934,2025-03-17 12:05:00+05:30,332.0,333.3,331.85,333.0,55768,BIOCON
3935,2025-03-17 12:10:00+05:30,333.05,333.4,332.9,333.25,24879,BIOCON
3936,2025-03-17 12:15:00+05:30,333.25,333.3,331.35,331.4,77259,BIOCON
3937,2025-03-17 12:20:00+05:30,331.35,331.6,330.45,330.7,35116,BIOCON
3938,2025-03-17 12:25:00+05:30,330.65,331.15,330.6,331.15,12941,BIOCON
3939,2025-03-17 12:30:00+05:30,331.05,331.45,330.75,331.0,27065,BIOCON
3940,2025-03-17 12:35:00+05:30,331.0,331.5,330.85,331.2,12728,BIOCON
3941,2025-03-17 12:40:00+05:30,331.35,331.65,331.05,331.55,11525,BIOCON
3942,2025-03-17 12:45:00+05:30,331.55,331.6,331.15,331.15,4888,BIOCON
3943,2025-03-17 12:50:00+05:30,331.25,331.45,331.15,331.4,3322,BIOCON
3944,2025-03-17 12:55:00+05:30,331.3,331.8,331.25,331.45,9747,BIOCON
3945,2025-03-17 13:00:00+05:30,331.5,331.7,331.2,331.5,7764,BIOCON
3946,2025-03-17 13:05:00+05:30,331.55,331.65,330.8,331.25,20346,BIOCON
3947,2025-03-17 13:10:00+05:30,331.15,331.5,330.9,331.3,26283,BIOCON
3948,2025-03-17 13:15:00+05:30,331.3,331.8,331.25,331.8,6552,BIOCON
3949,2025-03-17 13:20:00+05:30,331.75,332.0,330.85,331.25,21295,BIOCON
3950,2025-03-17 13:25:00+05:30,331.3,332.95,331.2,332.0,29724,BIOCON
3951,2025-03-17 13:30:00+05:30,332.2,332.35,332.0,332.1,3234,BIOCON
3952,2025-03-17 13:35:00+05:30,332.0,332.45,331.9,332.25,16261,BIOCON
3953,2025-03-17 13:40:00+05:30,332.25,332.35,331.8,332.05,12061,BIOCON
3954,2025-03-17 13:45:00+05:30,332.05,332.25,331.25,331.45,83520,BIOCON
3955,2025-03-17 13:50:00+05:30,331.25,331.85,330.85,331.3,15033,BIOCON
3956,2025-03-17 13:55:00+05:30,331.35,331.55,331.05,331.15,6120,BIOCON
3957,2025-03-17 14:00:00+05:30,331.2,331.45,331.05,331.15,5750,BIOCON
3958,2025-03-17 14:05:00+05:30,331.05,331.55,330.65,331.45,19793,BIOCON
3959,2025-03-17 14:10:00+05:30,331.4,331.6,331.35,331.5,3614,BIOCON
3960,2025-03-17 14:15:00+05:30,331.45,331.5,331.05,331.1,5081,BIOCON
3961,2025-03-17 14:20:00+05:30,331.1,331.3,331.0,331.05,9305,BIOCON
3962,2025-03-17 14:25:00+05:30,331.05,331.3,330.65,331.3,42549,BIOCON
3963,2025-03-17 14:30:00+05:30,331.05,331.25,330.95,331.1,12419,BIOCON
3964,2025-03-17 14:35:00+05:30,331.1,332.15,331.1,332.1,24061,BIOCON
3965,2025-03-17 14:40:00+05:30,332.1,333.2,332.0,333.0,235265,BIOCON
3966,2025-03-17 14:45:00+05:30,333.0,333.15,332.8,333.0,81627,BIOCON
3967,2025-03-17 14:50:00+05:30,333.1,333.6,332.8,333.3,33289,BIOCON
3968,2025-03-17 14:55:00+05:30,333.4,333.5,332.5,333.0,124987,BIOCON
3969,2025-03-17 15:00:00+05:30,333.0,333.15,332.8,333.0,54204,BIOCON
3970,2025-03-17 15:05:00+05:30,333.15,333.2,333.0,333.1,27191,BIOCON
3971,2025-03-17 15:10:00+05:30,333.2,333.5,333.05,333.1,37420,BIOCON
3972,2025-03-17 15:15:00+05:30,333.2,333.9,332.9,333.2,115490,BIOCON
3973,2025-03-17 15:20:00+05:30,333.35,333.65,333.0,333.1,72304,BIOCON
3974,2025-03-17 15:25:00+05:30,333.25,333.5,332.95,333.5,39161,BIOCON
3975,2025-03-18 09:15:00+05:30,334.9,336.2,333.7,334.5,154484,BIOCON
3976,2025-03-18 09:20:00+05:30,334.75,335.4,334.15,334.95,42070,BIOCON
3977,2025-03-18 09:25:00+05:30,334.7,335.4,334.45,334.45,24365,BIOCON
3978,2025-03-18 09:30:00+05:30,334.55,335.05,333.9,334.75,25936,BIOCON
3979,2025-03-18 09:35:00+05:30,334.7,336.0,334.3,335.85,81429,BIOCON
3980,2025-03-18 09:40:00+05:30,335.85,336.1,335.15,335.2,42573,BIOCON
3981,2025-03-18 09:45:00+05:30,335.35,335.35,334.45,334.7,22634,BIOCON
3982,2025-03-18 09:50:00+05:30,334.85,335.7,334.7,335.6,27884,BIOCON
3983,2025-03-18 09:55:00+05:30,335.55,336.1,335.35,335.8,22439,BIOCON
3984,2025-03-18 10:00:00+05:30,335.8,335.9,335.45,335.6,18905,BIOCON
3985,2025-03-18 10:05:00+05:30,335.65,335.65,335.05,335.65,22587,BIOCON
3986,2025-03-18 10:10:00+05:30,335.65,335.85,335.45,335.85,11753,BIOCON
3987,2025-03-18 10:15:00+05:30,335.85,336.3,335.5,336.0,22995,BIOCON
3988,2025-03-18 10:20:00+05:30,336.0,336.0,335.25,335.4,14529,BIOCON
3989,2025-03-18 10:25:00+05:30,335.4,335.55,335.2,335.5,5390,BIOCON
3990,2025-03-18 10:30:00+05:30,335.5,335.5,334.8,335.1,21963,BIOCON
3991,2025-03-18 10:35:00+05:30,335.05,335.1,334.5,334.95,17123,BIOCON
3992,2025-03-18 10:40:00+05:30,335.0,335.5,334.6,335.3,8642,BIOCON
3993,2025-03-18 10:45:00+05:30,335.3,335.6,335.15,335.5,5848,BIOCON
3994,2025-03-18 10:50:00+05:30,335.5,337.0,335.1,336.6,48309,BIOCON
3995,2025-03-18 10:55:00+05:30,336.7,337.0,336.05,336.5,21699,BIOCON
3996,2025-03-18 11:00:00+05:30,336.3,336.75,336.25,336.25,5568,BIOCON
3997,2025-03-18 11:05:00+05:30,336.35,336.5,336.15,336.35,7221,BIOCON
3998,2025-03-18 11:10:00+05:30,336.35,336.4,336.0,336.35,8749,BIOCON
3999,2025-03-18 11:15:00+05:30,336.35,336.7,336.1,336.65,5481,BIOCON
4000,2025-03-18 11:20:00+05:30,336.5,336.65,336.15,336.65,12706,BIOCON
4001,2025-03-18 11:25:00+05:30,336.6,336.65,336.15,336.4,4762,BIOCON
4002,2025-03-18 11:30:00+05:30,336.25,336.4,335.1,335.3,15169,BIOCON
4003,2025-03-18 11:35:00+05:30,335.3,335.5,335.1,335.35,6769,BIOCON
4004,2025-03-18 11:40:00+05:30,335.35,335.65,335.15,335.4,8110,BIOCON
4005,2025-03-18 11:45:00+05:30,335.4,335.45,335.15,335.35,3050,BIOCON
4006,2025-03-18 11:50:00+05:30,335.2,335.35,335.15,335.15,1763,BIOCON
4007,2025-03-18 11:55:00+05:30,335.15,335.15,334.35,334.6,23332,BIOCON
4008,2025-03-18 12:00:00+05:30,334.6,335.25,334.6,335.2,13089,BIOCON
4009,2025-03-18 12:05:00+05:30,335.0,335.05,334.55,335.0,7637,BIOCON
4010,2025-03-18 12:10:00+05:30,334.8,335.3,334.7,335.05,12898,BIOCON
4011,2025-03-18 12:15:00+05:30,335.05,337.8,335.05,336.95,67594,BIOCON
4012,2025-03-18 12:20:00+05:30,336.65,337.8,336.2,337.35,73341,BIOCON
4013,2025-03-18 12:25:00+05:30,337.35,337.65,336.45,336.5,14332,BIOCON
4014,2025-03-18 12:30:00+05:30,336.5,336.6,336.05,336.1,6392,BIOCON
4015,2025-03-18 12:35:00+05:30,336.1,336.2,335.8,335.95,3627,BIOCON
4016,2025-03-18 12:40:00+05:30,335.95,335.95,335.05,335.3,4957,BIOCON
4017,2025-03-18 12:45:00+05:30,335.3,335.3,334.65,334.85,33495,BIOCON
4018,2025-03-18 12:50:00+05:30,334.7,335.55,334.7,335.3,37991,BIOCON
4019,2025-03-18 12:55:00+05:30,335.25,336.0,335.2,336.0,6038,BIOCON
4020,2025-03-18 13:00:00+05:30,335.9,335.95,335.3,335.3,8720,BIOCON
4021,2025-03-18 13:05:00+05:30,335.35,335.85,335.2,335.7,13405,BIOCON
4022,2025-03-18 13:10:00+05:30,335.7,336.25,335.6,336.2,6582,BIOCON
4023,2025-03-18 13:15:00+05:30,336.2,336.55,336.2,336.2,4214,BIOCON
4024,2025-03-18 13:20:00+05:30,336.3,336.3,336.0,336.3,8590,BIOCON
4025,2025-03-18 13:25:00+05:30,336.4,336.7,336.25,336.3,7607,BIOCON
4026,2025-03-18 13:30:00+05:30,336.4,336.55,335.75,335.9,5607,BIOCON
4027,2025-03-18 13:35:00+05:30,335.85,336.25,335.8,336.15,6177,BIOCON
4028,2025-03-18 13:40:00+05:30,336.15,336.55,336.0,336.1,12958,BIOCON
4029,2025-03-18 13:45:00+05:30,336.1,336.7,335.9,336.45,14876,BIOCON
4030,2025-03-18 13:50:00+05:30,336.6,336.85,336.45,336.75,10442,BIOCON
4031,2025-03-18 13:55:00+05:30,336.8,336.8,336.45,336.8,19815,BIOCON
4032,2025-03-18 14:00:00+05:30,336.7,337.1,336.65,336.85,15749,BIOCON
4033,2025-03-18 14:05:00+05:30,337.0,337.05,336.6,336.95,9423,BIOCON
4034,2025-03-18 14:10:00+05:30,336.95,337.05,336.8,337.0,10568,BIOCON
4035,2025-03-18 14:15:00+05:30,337.0,337.1,336.4,336.9,18935,BIOCON
4036,2025-03-18 14:20:00+05:30,336.9,337.3,336.75,337.3,17865,BIOCON
4037,2025-03-18 14:25:00+05:30,337.25,337.4,337.05,337.15,13018,BIOCON
4038,2025-03-18 14:30:00+05:30,337.35,337.65,337.05,337.35,16660,BIOCON
4039,2025-03-18 14:35:00+05:30,337.45,337.55,336.65,336.95,11880,BIOCON
4040,2025-03-18 14:40:00+05:30,336.95,336.95,336.65,336.95,10585,BIOCON
4041,2025-03-18 14:45:00+05:30,336.95,336.95,336.2,336.55,15223,BIOCON
4042,2025-03-18 14:50:00+05:30,336.45,336.6,335.9,336.0,14353,BIOCON
4043,2025-03-18 14:55:00+05:30,336.2,336.45,335.7,336.25,20731,BIOCON
4044,2025-03-18 15:00:00+05:30,336.45,336.45,335.9,336.3,11227,BIOCON
4045,2025-03-18 15:05:00+05:30,336.1,336.5,336.0,336.35,20515,BIOCON
4046,2025-03-18 15:10:00+05:30,336.35,336.35,335.8,335.95,28501,BIOCON
4047,2025-03-18 15:15:00+05:30,335.95,336.0,335.3,335.7,52100,BIOCON
4048,2025-03-18 15:20:00+05:30,335.5,336.85,335.2,336.75,94810,BIOCON
4049,2025-03-18 15:25:00+05:30,336.8,338.0,336.35,337.0,98747,BIOCON
4050,2025-03-19 09:15:00+05:30,338.7,338.7,336.35,337.45,85705,BIOCON
4051,2025-03-19 09:20:00+05:30,337.3,337.3,334.75,334.9,43495,BIOCON
4052,2025-03-19 09:25:00+05:30,334.9,336.0,334.05,335.85,51363,BIOCON
4053,2025-03-19 09:30:00+05:30,335.85,337.7,335.75,337.0,33127,BIOCON
4054,2025-03-19 09:35:00+05:30,337.0,337.5,336.35,336.5,21754,BIOCON
4055,2025-03-19 09:40:00+05:30,336.75,337.45,336.55,337.15,10867,BIOCON
4056,2025-03-19 09:45:00+05:30,336.95,339.8,336.5,339.2,78734,BIOCON
4057,2025-03-19 09:50:00+05:30,339.25,340.0,338.7,338.7,129023,BIOCON
4058,2025-03-19 09:55:00+05:30,338.75,339.75,338.75,339.5,21356,BIOCON
4059,2025-03-19 10:00:00+05:30,339.5,339.55,338.25,338.65,46324,BIOCON
4060,2025-03-19 10:05:00+05:30,338.6,338.95,338.25,338.6,14218,BIOCON
4061,2025-03-19 10:10:00+05:30,338.55,338.85,338.3,338.5,8861,BIOCON
4062,2025-03-19 10:15:00+05:30,338.5,339.45,338.5,339.1,21404,BIOCON
4063,2025-03-19 10:20:00+05:30,339.1,339.45,338.7,339.45,19098,BIOCON
4064,2025-03-19 10:25:00+05:30,339.45,339.75,339.1,339.5,13473,BIOCON
4065,2025-03-19 10:30:00+05:30,339.45,339.65,339.25,339.5,10304,BIOCON
4066,2025-03-19 10:35:00+05:30,339.45,339.75,339.25,339.55,16117,BIOCON
4067,2025-03-19 10:40:00+05:30,339.7,340.35,339.2,339.2,49249,BIOCON
4068,2025-03-19 10:45:00+05:30,339.2,339.4,338.6,338.8,14800,BIOCON
4069,2025-03-19 10:50:00+05:30,338.75,338.9,338.35,338.7,14938,BIOCON
4070,2025-03-19 10:55:00+05:30,338.7,338.9,338.4,338.8,4857,BIOCON
4071,2025-03-19 11:00:00+05:30,338.8,339.05,338.1,338.8,14257,BIOCON
4072,2025-03-19 11:05:00+05:30,338.85,339.0,338.6,338.9,6287,BIOCON
4073,2025-03-19 11:10:00+05:30,338.9,338.9,338.5,338.7,4760,BIOCON
4074,2025-03-19 11:15:00+05:30,338.7,338.9,338.5,338.65,6819,BIOCON
4075,2025-03-19 11:20:00+05:30,338.8,339.15,338.5,338.5,7158,BIOCON
4076,2025-03-19 11:25:00+05:30,338.7,338.75,338.2,338.5,5057,BIOCON
4077,2025-03-19 11:30:00+05:30,338.25,338.65,338.2,338.35,9451,BIOCON
4078,2025-03-19 11:35:00+05:30,338.4,338.65,338.15,338.25,2996,BIOCON
4079,2025-03-19 11:40:00+05:30,338.5,338.7,338.1,338.1,2625,BIOCON
4080,2025-03-19 11:45:00+05:30,338.1,338.3,337.6,338.05,16695,BIOCON
4081,2025-03-19 11:50:00+05:30,338.0,338.3,337.85,338.2,8859,BIOCON
4082,2025-03-19 11:55:00+05:30,338.3,338.9,338.2,338.8,4425,BIOCON
4083,2025-03-19 12:00:00+05:30,338.8,338.8,338.5,338.65,3626,BIOCON
4084,2025-03-19 12:05:00+05:30,338.5,338.65,337.85,337.95,8214,BIOCON
4085,2025-03-19 12:10:00+05:30,337.9,338.8,337.75,338.45,10888,BIOCON
4086,2025-03-19 12:15:00+05:30,338.6,339.35,338.6,339.3,9835,BIOCON
4087,2025-03-19 12:20:00+05:30,339.3,339.35,338.85,338.95,9195,BIOCON
4088,2025-03-19 12:25:00+05:30,338.9,339.2,338.7,338.7,3997,BIOCON
4089,2025-03-19 12:30:00+05:30,338.9,339.4,338.75,339.3,7405,BIOCON
4090,2025-03-19 12:35:00+05:30,339.35,339.5,339.1,339.4,4828,BIOCON
4091,2025-03-19 12:40:00+05:30,339.4,341.15,339.25,341.0,91073,BIOCON
4092,2025-03-19 12:45:00+05:30,341.05,342.4,340.8,341.4,62811,BIOCON
4093,2025-03-19 12:50:00+05:30,341.5,341.65,341.15,341.4,5282,BIOCON
4094,2025-03-19 12:55:00+05:30,341.4,342.0,341.1,341.9,22227,BIOCON
4095,2025-03-19 13:00:00+05:30,341.9,342.0,341.7,341.75,7621,BIOCON
4096,2025-03-19 13:05:00+05:30,341.9,341.9,341.0,341.0,14050,BIOCON
4097,2025-03-19 13:10:00+05:30,341.2,341.65,340.95,341.55,21908,BIOCON
4098,2025-03-19 13:15:00+05:30,341.5,342.0,341.2,341.7,22642,BIOCON
4099,2025-03-19 13:20:00+05:30,341.85,342.0,341.7,341.85,6651,BIOCON
4100,2025-03-19 13:25:00+05:30,341.85,341.9,341.45,341.8,9722,BIOCON
4101,2025-03-19 13:30:00+05:30,341.8,342.65,341.55,342.15,25465,BIOCON
4102,2025-03-19 13:35:00+05:30,342.35,342.8,342.15,342.6,15186,BIOCON
4103,2025-03-19 13:40:00+05:30,342.7,342.75,342.2,342.4,8633,BIOCON
4104,2025-03-19 13:45:00+05:30,342.5,342.7,342.05,342.6,22456,BIOCON
4105,2025-03-19 13:50:00+05:30,342.6,343.0,342.45,342.9,24250,BIOCON
4106,2025-03-19 13:55:00+05:30,342.9,342.95,342.5,342.6,15371,BIOCON
4107,2025-03-19 14:00:00+05:30,342.6,343.2,342.5,343.2,24982,BIOCON
4108,2025-03-19 14:05:00+05:30,343.2,343.2,342.7,342.85,11959,BIOCON
4109,2025-03-19 14:10:00+05:30,342.85,342.85,342.15,342.2,6884,BIOCON
4110,2025-03-19 14:15:00+05:30,342.25,342.7,342.0,342.55,21726,BIOCON
4111,2025-03-19 14:20:00+05:30,342.55,342.65,342.4,342.6,5241,BIOCON
4112,2025-03-19 14:25:00+05:30,342.6,342.7,342.35,342.7,17509,BIOCON
4113,2025-03-19 14:30:00+05:30,342.7,342.7,342.2,342.5,12095,BIOCON
4114,2025-03-19 14:35:00+05:30,342.4,342.7,342.4,342.65,14511,BIOCON
4115,2025-03-19 14:40:00+05:30,342.6,342.7,342.5,342.6,12770,BIOCON
4116,2025-03-19 14:45:00+05:30,342.6,342.6,342.15,342.5,15487,BIOCON
4117,2025-03-19 14:50:00+05:30,342.5,342.55,342.35,342.4,14492,BIOCON
4118,2025-03-19 14:55:00+05:30,342.4,342.55,341.7,341.85,18040,BIOCON
4119,2025-03-19 15:00:00+05:30,341.8,342.55,341.55,342.5,47755,BIOCON
4120,2025-03-19 15:05:00+05:30,342.55,342.55,341.85,342.1,36760,BIOCON
4121,2025-03-19 15:10:00+05:30,342.25,342.35,341.85,342.1,44529,BIOCON
4122,2025-03-19 15:15:00+05:30,342.3,342.3,341.75,341.85,50542,BIOCON
4123,2025-03-19 15:20:00+05:30,342.05,342.1,341.35,341.4,48935,BIOCON
4124,2025-03-19 15:25:00+05:30,341.4,341.6,341.0,341.2,41098,BIOCON
4125,2025-03-20 09:15:00+05:30,344.6,344.6,342.0,343.75,60977,BIOCON
4126,2025-03-20 09:20:00+05:30,343.65,343.8,341.9,342.25,28851,BIOCON
4127,2025-03-20 09:25:00+05:30,342.4,343.45,342.0,342.95,36961,BIOCON
4128,2025-03-20 09:30:00+05:30,343.0,343.95,342.7,343.95,13904,BIOCON
4129,2025-03-20 09:35:00+05:30,343.9,344.0,342.2,342.75,26012,BIOCON
4130,2025-03-20 09:40:00+05:30,342.55,342.9,342.05,342.1,13141,BIOCON
4131,2025-03-20 09:45:00+05:30,342.3,342.35,340.3,340.5,45373,BIOCON
4132,2025-03-20 09:50:00+05:30,340.5,340.8,340.05,340.2,17799,BIOCON
4133,2025-03-20 09:55:00+05:30,340.05,340.35,339.55,339.95,35254,BIOCON
4134,2025-03-20 10:00:00+05:30,339.95,340.5,339.65,339.75,12823,BIOCON
4135,2025-03-20 10:05:00+05:30,339.75,339.95,338.35,338.7,22662,BIOCON
4136,2025-03-20 10:10:00+05:30,338.6,339.35,338.4,339.0,15036,BIOCON
4137,2025-03-20 10:15:00+05:30,338.9,340.2,338.75,339.9,8618,BIOCON
4138,2025-03-20 10:20:00+05:30,339.9,339.95,339.45,339.85,9520,BIOCON
4139,2025-03-20 10:25:00+05:30,339.9,340.75,339.65,340.6,6860,BIOCON
4140,2025-03-20 10:30:00+05:30,340.7,340.8,340.05,340.4,9153,BIOCON
4141,2025-03-20 10:35:00+05:30,340.4,340.55,340.2,340.35,6290,BIOCON
4142,2025-03-20 10:40:00+05:30,340.3,340.55,339.95,340.2,11057,BIOCON
4143,2025-03-20 10:45:00+05:30,340.0,340.55,340.0,340.55,4704,BIOCON
4144,2025-03-20 10:50:00+05:30,340.3,340.45,339.8,340.1,6261,BIOCON
4145,2025-03-20 10:55:00+05:30,340.1,341.3,340.05,341.2,11423,BIOCON
4146,2025-03-20 11:00:00+05:30,341.2,341.8,341.0,341.25,6372,BIOCON
4147,2025-03-20 11:05:00+05:30,341.25,341.95,341.15,341.9,9401,BIOCON
4148,2025-03-20 11:10:00+05:30,341.9,342.05,341.55,341.9,8390,BIOCON
4149,2025-03-20 11:15:00+05:30,341.95,342.2,341.55,341.55,8173,BIOCON
4150,2025-03-20 11:20:00+05:30,341.65,342.15,341.35,342.15,5937,BIOCON
4151,2025-03-20 11:25:00+05:30,341.95,342.2,341.8,342.0,2886,BIOCON
4152,2025-03-20 11:30:00+05:30,341.85,342.2,341.8,342.15,4624,BIOCON
4153,2025-03-20 11:35:00+05:30,342.15,342.5,342.0,342.25,6989,BIOCON
4154,2025-03-20 11:40:00+05:30,342.2,342.4,341.9,342.2,7233,BIOCON
4155,2025-03-20 11:45:00+05:30,342.15,342.4,342.05,342.25,5376,BIOCON
4156,2025-03-20 11:50:00+05:30,342.1,342.35,342.0,342.05,6715,BIOCON
4157,2025-03-20 11:55:00+05:30,342.05,342.7,342.05,342.4,6591,BIOCON
4158,2025-03-20 12:00:00+05:30,342.4,342.65,342.2,342.2,3915,BIOCON
4159,2025-03-20 12:05:00+05:30,342.45,342.65,342.1,342.5,1435,BIOCON
4160,2025-03-20 12:10:00+05:30,342.6,342.7,342.3,342.5,8974,BIOCON
4161,2025-03-20 12:15:00+05:30,342.7,342.8,342.4,342.6,6420,BIOCON
4162,2025-03-20 12:20:00+05:30,342.8,342.9,342.3,342.35,10848,BIOCON
4163,2025-03-20 12:25:00+05:30,342.35,342.35,340.95,341.4,32400,BIOCON
4164,2025-03-20 12:30:00+05:30,341.4,341.65,341.35,341.35,4593,BIOCON
4165,2025-03-20 12:35:00+05:30,341.45,342.0,341.35,341.9,10327,BIOCON
4166,2025-03-20 12:40:00+05:30,342.0,342.25,341.9,342.1,2187,BIOCON
4167,2025-03-20 12:45:00+05:30,342.0,342.1,341.8,341.9,5701,BIOCON
4168,2025-03-20 12:50:00+05:30,342.1,342.25,341.9,342.15,2755,BIOCON
4169,2025-03-20 12:55:00+05:30,342.05,342.1,341.4,341.65,8422,BIOCON
4170,2025-03-20 13:00:00+05:30,341.65,341.65,341.35,341.35,5120,BIOCON
4171,2025-03-20 13:05:00+05:30,341.35,341.95,341.3,341.7,3324,BIOCON
4172,2025-03-20 13:10:00+05:30,341.5,342.0,341.45,341.7,3213,BIOCON
4173,2025-03-20 13:15:00+05:30,341.7,341.95,341.4,341.6,2335,BIOCON
4174,2025-03-20 13:20:00+05:30,341.8,342.0,341.6,341.95,1320,BIOCON
4175,2025-03-20 13:25:00+05:30,341.95,341.95,341.45,341.45,3170,BIOCON
4176,2025-03-20 13:30:00+05:30,341.45,341.45,341.2,341.2,3879,BIOCON
4177,2025-03-20 13:35:00+05:30,341.2,341.4,341.2,341.2,1144,BIOCON
4178,2025-03-20 13:40:00+05:30,341.2,342.1,341.2,341.9,34589,BIOCON
4179,2025-03-20 13:45:00+05:30,342.15,343.5,342.1,343.5,12190,BIOCON
4180,2025-03-20 13:50:00+05:30,343.35,343.5,342.8,343.2,7076,BIOCON
4181,2025-03-20 13:55:00+05:30,343.3,343.4,342.5,342.5,9695,BIOCON
4182,2025-03-20 14:00:00+05:30,342.7,342.7,342.0,342.2,6862,BIOCON
4183,2025-03-20 14:05:00+05:30,342.2,342.35,342.0,342.25,1989,BIOCON
4184,2025-03-20 14:10:00+05:30,342.25,342.4,342.05,342.3,6530,BIOCON
4185,2025-03-20 14:15:00+05:30,342.05,342.3,341.15,341.55,17478,BIOCON
4186,2025-03-20 14:20:00+05:30,341.55,341.9,341.25,341.55,14834,BIOCON
4187,2025-03-20 14:25:00+05:30,342.0,342.15,341.55,341.7,11797,BIOCON
4188,2025-03-20 14:30:00+05:30,341.95,342.1,341.65,341.7,12629,BIOCON
4189,2025-03-20 14:35:00+05:30,341.75,342.0,341.35,341.75,20598,BIOCON
4190,2025-03-20 14:40:00+05:30,341.45,341.8,341.35,341.6,11967,BIOCON
4191,2025-03-20 14:45:00+05:30,341.6,341.8,341.05,341.25,15385,BIOCON
4192,2025-03-20 14:50:00+05:30,341.35,341.8,341.25,341.45,12211,BIOCON
4193,2025-03-20 14:55:00+05:30,341.45,341.7,341.3,341.65,19303,BIOCON
4194,2025-03-20 15:00:00+05:30,341.7,341.85,341.1,341.4,24468,BIOCON
4195,2025-03-20 15:05:00+05:30,341.4,341.4,341.05,341.25,17793,BIOCON
4196,2025-03-20 15:10:00+05:30,341.3,341.35,340.85,340.95,23474,BIOCON
4197,2025-03-20 15:15:00+05:30,341.0,341.15,340.8,341.1,42845,BIOCON
4198,2025-03-20 15:20:00+05:30,341.1,341.3,340.8,341.2,34867,BIOCON
4199,2025-03-20 15:25:00+05:30,341.15,341.45,340.8,341.1,42549,BIOCON
4200,2025-03-21 09:15:00+05:30,341.1,344.2,340.2,341.35,60955,BIOCON
4201,2025-03-21 09:20:00+05:30,341.3,341.85,340.9,341.65,23410,BIOCON
4202,2025-03-21 09:25:00+05:30,341.5,343.85,341.1,343.6,33070,BIOCON
4203,2025-03-21 09:30:00+05:30,343.65,344.9,343.1,344.9,34994,BIOCON
4204,2025-03-21 09:35:00+05:30,344.9,345.5,344.3,345.05,42742,BIOCON
4205,2025-03-21 09:40:00+05:30,345.2,345.9,345.15,345.25,32453,BIOCON
4206,2025-03-21 09:45:00+05:30,345.2,345.25,344.45,344.55,14476,BIOCON
4207,2025-03-21 09:50:00+05:30,344.55,344.85,344.3,344.5,7758,BIOCON
4208,2025-03-21 09:55:00+05:30,344.3,344.4,343.65,343.75,18363,BIOCON
4209,2025-03-21 10:00:00+05:30,344.0,344.0,342.9,343.3,17335,BIOCON
4210,2025-03-21 10:05:00+05:30,343.35,343.8,343.25,343.8,8167,BIOCON
4211,2025-03-21 10:10:00+05:30,343.8,343.8,343.05,343.15,5357,BIOCON
4212,2025-03-21 10:15:00+05:30,343.15,344.0,342.95,343.85,25989,BIOCON
4213,2025-03-21 10:20:00+05:30,344.0,344.6,343.95,344.4,12203,BIOCON
4214,2025-03-21 10:25:00+05:30,344.25,344.8,344.0,344.65,11370,BIOCON
4215,2025-03-21 10:30:00+05:30,344.65,344.8,344.35,344.45,9944,BIOCON
4216,2025-03-21 10:35:00+05:30,344.7,344.7,344.2,344.45,13402,BIOCON
4217,2025-03-21 10:40:00+05:30,344.45,344.7,344.25,344.3,5290,BIOCON
4218,2025-03-21 10:45:00+05:30,344.2,344.65,344.2,344.3,3962,BIOCON
4219,2025-03-21 10:50:00+05:30,344.4,344.55,344.0,344.0,9291,BIOCON
4220,2025-03-21 10:55:00+05:30,344.0,344.65,343.85,344.4,5635,BIOCON
4221,2025-03-21 11:00:00+05:30,344.4,344.65,344.25,344.6,14477,BIOCON
4222,2025-03-21 11:05:00+05:30,344.6,344.75,344.3,344.5,4110,BIOCON
4223,2025-03-21 11:10:00+05:30,344.6,344.6,343.35,343.75,9902,BIOCON
4224,2025-03-21 11:15:00+05:30,343.65,344.0,343.4,343.85,6704,BIOCON
4225,2025-03-21 11:20:00+05:30,343.9,344.65,343.2,343.6,33559,BIOCON
4226,2025-03-21 11:25:00+05:30,343.45,344.25,343.25,344.2,17175,BIOCON
4227,2025-03-21 11:30:00+05:30,344.1,345.2,344.0,344.5,29006,BIOCON
4228,2025-03-21 11:35:00+05:30,344.5,345.0,344.2,344.75,19633,BIOCON
4229,2025-03-21 11:40:00+05:30,344.7,344.7,343.4,343.7,32755,BIOCON
4230,2025-03-21 11:45:00+05:30,343.4,344.25,343.05,344.25,23550,BIOCON
4231,2025-03-21 11:50:00+05:30,344.0,344.9,344.0,344.5,33934,BIOCON
4232,2025-03-21 11:55:00+05:30,344.5,345.6,344.5,345.15,18766,BIOCON
4233,2025-03-21 12:00:00+05:30,345.0,345.45,344.85,345.3,6988,BIOCON
4234,2025-03-21 12:05:00+05:30,345.25,345.3,344.6,344.6,5120,BIOCON
4235,2025-03-21 12:10:00+05:30,344.75,345.1,344.6,344.85,2963,BIOCON
4236,2025-03-21 12:15:00+05:30,345.1,345.45,344.85,345.4,6513,BIOCON
4237,2025-03-21 12:20:00+05:30,345.45,346.4,345.4,346.0,30691,BIOCON
4238,2025-03-21 12:25:00+05:30,345.95,346.1,345.3,345.3,8437,BIOCON
4239,2025-03-21 12:30:00+05:30,345.3,345.85,345.25,345.8,5019,BIOCON
4240,2025-03-21 12:35:00+05:30,345.8,345.8,345.3,345.6,4975,BIOCON
4241,2025-03-21 12:40:00+05:30,345.6,345.8,345.4,345.65,3130,BIOCON
4242,2025-03-21 12:45:00+05:30,345.6,345.7,345.3,345.6,5686,BIOCON
4243,2025-03-21 12:50:00+05:30,345.3,345.7,345.3,345.7,1091,BIOCON
4244,2025-03-21 12:55:00+05:30,345.65,346.05,345.65,345.75,14006,BIOCON
4245,2025-03-21 13:00:00+05:30,345.8,345.9,345.35,345.35,7171,BIOCON
4246,2025-03-21 13:05:00+05:30,345.35,345.45,345.0,345.15,4392,BIOCON
4247,2025-03-21 13:10:00+05:30,345.25,345.5,344.75,344.9,5058,BIOCON
4248,2025-03-21 13:15:00+05:30,345.05,345.05,344.3,344.35,9037,BIOCON
4249,2025-03-21 13:20:00+05:30,344.4,344.85,344.4,344.45,2725,BIOCON
4250,2025-03-21 13:25:00+05:30,344.45,344.75,344.45,344.45,3328,BIOCON
4251,2025-03-21 13:30:00+05:30,344.45,344.5,344.0,344.0,6438,BIOCON
4252,2025-03-21 13:35:00+05:30,344.2,344.2,343.3,343.5,12180,BIOCON
4253,2025-03-21 13:40:00+05:30,343.3,343.5,343.0,343.3,4588,BIOCON
4254,2025-03-21 13:45:00+05:30,343.35,344.0,342.85,343.2,11694,BIOCON
4255,2025-03-21 13:50:00+05:30,343.15,343.25,342.55,342.55,9392,BIOCON
4256,2025-03-21 13:55:00+05:30,342.55,344.0,342.2,344.0,19513,BIOCON
4257,2025-03-21 14:00:00+05:30,344.1,344.65,343.85,344.6,12688,BIOCON
4258,2025-03-21 14:05:00+05:30,344.6,345.4,344.6,345.05,22233,BIOCON
4259,2025-03-21 14:10:00+05:30,345.05,345.3,344.55,344.9,15383,BIOCON
4260,2025-03-21 14:15:00+05:30,344.8,345.9,344.45,345.7,25488,BIOCON
4261,2025-03-21 14:20:00+05:30,345.75,345.95,345.3,345.5,15117,BIOCON
4262,2025-03-21 14:25:00+05:30,345.6,345.85,345.5,345.75,10263,BIOCON
4263,2025-03-21 14:30:00+05:30,345.9,345.95,345.25,345.25,13489,BIOCON
4264,2025-03-21 14:35:00+05:30,345.5,345.5,345.0,345.15,12639,BIOCON
4265,2025-03-21 14:40:00+05:30,345.15,345.15,344.55,344.85,15563,BIOCON
4266,2025-03-21 14:45:00+05:30,344.85,344.85,344.25,344.35,16078,BIOCON
4267,2025-03-21 14:50:00+05:30,344.4,344.4,344.15,344.3,13798,BIOCON
4268,2025-03-21 14:55:00+05:30,344.25,344.3,343.8,344.0,35971,BIOCON
4269,2025-03-21 15:00:00+05:30,344.0,344.0,343.35,343.8,72909,BIOCON
4270,2025-03-21 15:05:00+05:30,343.85,344.25,343.75,344.15,62401,BIOCON
4271,2025-03-21 15:10:00+05:30,344.15,344.35,343.75,344.1,67660,BIOCON
4272,2025-03-21 15:15:00+05:30,344.05,344.45,343.8,344.3,87279,BIOCON
4273,2025-03-21 15:20:00+05:30,344.3,344.7,343.95,344.35,53228,BIOCON
4274,2025-03-21 15:25:00+05:30,344.4,345.0,344.15,344.95,69370,BIOCON
4275,2025-03-24 09:15:00+05:30,348.0,349.35,345.5,347.2,87809,BIOCON
4276,2025-03-24 09:20:00+05:30,347.2,349.1,346.95,348.6,29318,BIOCON
4277,2025-03-24 09:25:00+05:30,348.6,348.85,347.7,348.85,27676,BIOCON
4278,2025-03-24 09:30:00+05:30,348.5,348.65,346.6,347.5,24520,BIOCON
4279,2025-03-24 09:35:00+05:30,347.3,347.7,345.1,345.2,28741,BIOCON
4280,2025-03-24 09:40:00+05:30,345.45,346.75,345.05,346.5,31217,BIOCON
4281,2025-03-24 09:45:00+05:30,346.75,347.0,346.1,346.45,15255,BIOCON
4282,2025-03-24 09:50:00+05:30,346.5,347.2,346.25,347.15,14548,BIOCON
4283,2025-03-24 09:55:00+05:30,347.0,347.4,346.4,347.0,18731,BIOCON
4284,2025-03-24 10:00:00+05:30,346.7,347.9,346.35,347.55,25041,BIOCON
4285,2025-03-24 10:05:00+05:30,347.55,348.15,347.1,348.0,11556,BIOCON
4286,2025-03-24 10:10:00+05:30,348.0,348.5,347.45,347.95,11523,BIOCON
4287,2025-03-24 10:15:00+05:30,347.65,348.2,346.6,347.6,34463,BIOCON
4288,2025-03-24 10:20:00+05:30,347.85,348.0,347.5,347.95,7668,BIOCON
4289,2025-03-24 10:25:00+05:30,347.7,348.25,347.6,348.2,8766,BIOCON
4290,2025-03-24 10:30:00+05:30,348.1,348.2,347.6,347.75,5005,BIOCON
4291,2025-03-24 10:35:00+05:30,347.75,348.05,347.6,347.6,5312,BIOCON
4292,2025-03-24 10:40:00+05:30,347.65,348.3,347.45,348.1,16531,BIOCON
4293,2025-03-24 10:45:00+05:30,348.0,348.1,347.65,348.0,2466,BIOCON
4294,2025-03-24 10:50:00+05:30,348.15,348.4,347.9,348.1,5029,BIOCON
4295,2025-03-24 10:55:00+05:30,348.3,348.3,348.1,348.25,1722,BIOCON
4296,2025-03-24 11:00:00+05:30,348.25,348.5,347.9,348.5,9223,BIOCON
4297,2025-03-24 11:05:00+05:30,348.5,348.5,347.55,347.55,5223,BIOCON
4298,2025-03-24 11:10:00+05:30,347.55,347.9,346.85,347.2,22614,BIOCON
4299,2025-03-24 11:15:00+05:30,347.45,347.7,347.0,347.6,13047,BIOCON
4300,2025-03-24 11:20:00+05:30,347.65,348.5,347.45,348.4,4986,BIOCON
4301,2025-03-24 11:25:00+05:30,348.4,349.5,348.2,349.45,26271,BIOCON
4302,2025-03-24 11:30:00+05:30,349.4,351.8,349.3,351.35,67242,BIOCON
4303,2025-03-24 11:35:00+05:30,351.45,351.7,350.55,351.0,31770,BIOCON
4304,2025-03-24 11:40:00+05:30,351.1,351.4,350.1,350.3,18020,BIOCON
4305,2025-03-24 11:45:00+05:30,350.4,351.0,350.1,350.95,15091,BIOCON
4306,2025-03-24 11:50:00+05:30,350.9,350.9,349.85,350.25,32211,BIOCON
4307,2025-03-24 11:55:00+05:30,350.25,350.75,349.7,350.4,8999,BIOCON
4308,2025-03-24 12:00:00+05:30,350.55,350.65,350.05,350.2,10994,BIOCON
4309,2025-03-24 12:05:00+05:30,350.2,350.8,350.05,350.75,4761,BIOCON
4310,2025-03-24 12:10:00+05:30,350.75,351.3,350.75,350.8,9453,BIOCON
4311,2025-03-24 12:15:00+05:30,351.0,351.05,350.55,350.75,10379,BIOCON
4312,2025-03-24 12:20:00+05:30,350.8,350.9,350.15,350.9,18635,BIOCON
4313,2025-03-24 12:25:00+05:30,350.65,350.9,350.05,350.75,12602,BIOCON
4314,2025-03-24 12:30:00+05:30,350.4,351.0,350.1,350.25,10329,BIOCON
4315,2025-03-24 12:35:00+05:30,350.5,350.55,349.5,349.8,4987,BIOCON
4316,2025-03-24 12:40:00+05:30,349.8,349.8,349.05,349.4,8021,BIOCON
4317,2025-03-24 12:45:00+05:30,349.6,350.15,349.3,350.1,6645,BIOCON
4318,2025-03-24 12:50:00+05:30,349.8,350.25,349.8,350.25,3493,BIOCON
4319,2025-03-24 12:55:00+05:30,350.25,350.3,349.8,350.0,3173,BIOCON
4320,2025-03-24 13:00:00+05:30,350.0,350.15,349.8,350.0,2254,BIOCON
4321,2025-03-24 13:05:00+05:30,349.8,350.0,349.65,349.65,3047,BIOCON
4322,2025-03-24 13:10:00+05:30,349.8,349.95,349.6,349.75,5752,BIOCON
4323,2025-03-24 13:15:00+05:30,349.95,349.95,349.2,349.25,12702,BIOCON
4324,2025-03-24 13:20:00+05:30,349.3,349.55,349.25,349.35,11101,BIOCON
4325,2025-03-24 13:25:00+05:30,349.25,349.6,349.25,349.3,13580,BIOCON
4326,2025-03-24 13:30:00+05:30,349.4,349.5,349.1,349.2,6827,BIOCON
4327,2025-03-24 13:35:00+05:30,349.2,349.2,348.5,349.0,19953,BIOCON
4328,2025-03-24 13:40:00+05:30,349.0,349.45,349.0,349.0,4458,BIOCON
4329,2025-03-24 13:45:00+05:30,349.15,349.15,348.55,348.7,7285,BIOCON
4330,2025-03-24 13:50:00+05:30,348.9,349.55,348.65,349.55,4178,BIOCON
4331,2025-03-24 13:55:00+05:30,349.5,349.75,349.3,349.75,3043,BIOCON
4332,2025-03-24 14:00:00+05:30,349.75,349.9,349.45,349.7,4486,BIOCON
4333,2025-03-24 14:05:00+05:30,349.65,350.45,349.65,350.0,5117,BIOCON
4334,2025-03-24 14:10:00+05:30,350.3,350.45,349.9,350.1,4683,BIOCON
4335,2025-03-24 14:15:00+05:30,349.95,350.2,349.85,349.9,3533,BIOCON
4336,2025-03-24 14:20:00+05:30,349.9,350.2,349.75,349.75,3152,BIOCON
4337,2025-03-24 14:25:00+05:30,350.0,350.0,349.5,349.5,4479,BIOCON
4338,2025-03-24 14:30:00+05:30,349.75,349.75,349.0,349.0,4233,BIOCON
4339,2025-03-24 14:35:00+05:30,349.0,349.75,349.0,349.45,7558,BIOCON
4340,2025-03-24 14:40:00+05:30,349.7,349.7,349.15,349.25,5830,BIOCON
4341,2025-03-24 14:45:00+05:30,349.2,349.35,348.85,349.0,10840,BIOCON
4342,2025-03-24 14:50:00+05:30,349.25,350.95,349.25,350.5,33089,BIOCON
4343,2025-03-24 14:55:00+05:30,350.8,350.9,350.2,350.4,15969,BIOCON
4344,2025-03-24 15:00:00+05:30,350.4,350.4,349.0,349.7,19418,BIOCON
4345,2025-03-24 15:05:00+05:30,349.7,349.95,349.3,349.7,18937,BIOCON
4346,2025-03-24 15:10:00+05:30,349.8,349.9,348.6,348.95,17551,BIOCON
4347,2025-03-24 15:15:00+05:30,348.95,349.4,348.5,349.25,38148,BIOCON
4348,2025-03-24 15:20:00+05:30,349.25,349.8,348.9,349.6,40789,BIOCON
4349,2025-03-24 15:25:00+05:30,349.55,349.7,349.0,349.5,45583,BIOCON
4350,2025-03-25 09:15:00+05:30,350.0,351.3,347.55,348.05,59655,BIOCON
4351,2025-03-25 09:20:00+05:30,348.05,348.45,346.45,346.6,38400,BIOCON
4352,2025-03-25 09:25:00+05:30,346.6,346.85,345.1,345.5,42925,BIOCON
4353,2025-03-25 09:30:00+05:30,345.45,346.55,345.4,346.4,16497,BIOCON
4354,2025-03-25 09:35:00+05:30,346.2,348.45,346.1,348.2,26745,BIOCON
4355,2025-03-25 09:40:00+05:30,348.15,349.0,347.9,348.9,18972,BIOCON
4356,2025-03-25 09:45:00+05:30,348.6,349.45,348.35,349.2,42343,BIOCON
4357,2025-03-25 09:50:00+05:30,349.45,350.9,349.2,350.9,35945,BIOCON
4358,2025-03-25 09:55:00+05:30,350.9,354.75,350.9,353.7,143111,BIOCON
4359,2025-03-25 10:00:00+05:30,353.95,354.3,352.25,352.35,69974,BIOCON
4360,2025-03-25 10:05:00+05:30,352.35,353.3,352.1,352.5,43856,BIOCON
4361,2025-03-25 10:10:00+05:30,352.5,352.5,350.4,350.4,34847,BIOCON
4362,2025-03-25 10:15:00+05:30,350.3,351.55,349.85,350.65,44166,BIOCON
4363,2025-03-25 10:20:00+05:30,350.85,352.15,350.85,351.35,22497,BIOCON
4364,2025-03-25 10:25:00+05:30,351.35,352.0,350.95,351.7,16012,BIOCON
4365,2025-03-25 10:30:00+05:30,351.95,351.95,351.15,351.5,14959,BIOCON
4366,2025-03-25 10:35:00+05:30,351.5,351.5,349.9,350.1,20659,BIOCON
4367,2025-03-25 10:40:00+05:30,350.3,350.95,349.1,350.25,20865,BIOCON
4368,2025-03-25 10:45:00+05:30,350.35,351.0,350.0,350.8,12691,BIOCON
4369,2025-03-25 10:50:00+05:30,350.75,351.2,350.45,350.95,15527,BIOCON
4370,2025-03-25 10:55:00+05:30,350.75,350.75,349.05,350.1,24143,BIOCON
4371,2025-03-25 11:00:00+05:30,350.05,350.45,349.35,349.65,25234,BIOCON
4372,2025-03-25 11:05:00+05:30,350.15,350.2,349.05,349.05,6909,BIOCON
4373,2025-03-25 11:10:00+05:30,349.15,349.6,348.65,349.3,17750,BIOCON
4374,2025-03-25 11:15:00+05:30,349.05,349.15,348.1,348.5,28616,BIOCON
4375,2025-03-25 11:20:00+05:30,348.4,348.5,347.4,347.4,35121,BIOCON
4376,2025-03-25 11:25:00+05:30,347.45,347.85,346.8,347.0,12463,BIOCON
4377,2025-03-25 11:30:00+05:30,347.0,347.3,346.5,347.1,25858,BIOCON
4378,2025-03-25 11:35:00+05:30,347.0,347.35,346.15,346.45,15166,BIOCON
4379,2025-03-25 11:40:00+05:30,346.1,346.45,345.3,345.75,25023,BIOCON
4380,2025-03-25 11:45:00+05:30,346.0,346.5,345.8,346.05,10887,BIOCON
4381,2025-03-25 11:50:00+05:30,346.0,346.6,345.65,346.45,13486,BIOCON
4382,2025-03-25 11:55:00+05:30,346.35,347.8,346.15,347.8,14318,BIOCON
4383,2025-03-25 12:00:00+05:30,347.8,347.95,347.15,347.65,10163,BIOCON
4384,2025-03-25 12:05:00+05:30,347.4,348.35,347.25,348.15,9230,BIOCON
4385,2025-03-25 12:10:00+05:30,348.0,348.2,347.45,347.65,10736,BIOCON
4386,2025-03-25 12:15:00+05:30,347.65,348.0,346.7,347.1,12685,BIOCON
4387,2025-03-25 12:20:00+05:30,347.1,347.8,346.9,347.65,9679,BIOCON
4388,2025-03-25 12:25:00+05:30,347.8,347.8,347.05,347.2,17364,BIOCON
4389,2025-03-25 12:30:00+05:30,347.3,347.75,347.3,347.7,2214,BIOCON
4390,2025-03-25 12:35:00+05:30,347.35,347.65,346.95,347.4,6796,BIOCON
4391,2025-03-25 12:40:00+05:30,347.7,347.75,347.3,347.45,7056,BIOCON
4392,2025-03-25 12:45:00+05:30,347.65,348.15,347.55,347.95,5698,BIOCON
4393,2025-03-25 12:50:00+05:30,347.95,348.1,347.35,347.35,4437,BIOCON
4394,2025-03-25 12:55:00+05:30,347.4,347.7,347.35,347.45,1507,BIOCON
4395,2025-03-25 13:00:00+05:30,347.65,348.75,347.65,348.2,16832,BIOCON
4396,2025-03-25 13:05:00+05:30,348.2,349.0,347.9,348.15,8980,BIOCON
4397,2025-03-25 13:10:00+05:30,348.2,348.55,348.0,348.25,2146,BIOCON
4398,2025-03-25 13:15:00+05:30,348.25,348.25,347.3,347.45,4081,BIOCON
4399,2025-03-25 13:20:00+05:30,347.6,348.0,347.3,347.55,3594,BIOCON
4400,2025-03-25 13:25:00+05:30,347.55,347.9,347.05,347.05,6889,BIOCON
4401,2025-03-25 13:30:00+05:30,347.0,348.0,346.95,347.65,10461,BIOCON
4402,2025-03-25 13:35:00+05:30,347.6,348.8,347.35,348.75,15267,BIOCON
4403,2025-03-25 13:40:00+05:30,348.75,350.5,348.75,350.05,44210,BIOCON
4404,2025-03-25 13:45:00+05:30,350.25,350.5,349.65,350.4,10969,BIOCON
4405,2025-03-25 13:50:00+05:30,350.45,351.0,350.25,351.0,13184,BIOCON
4406,2025-03-25 13:55:00+05:30,351.0,351.55,350.9,351.2,13336,BIOCON
4407,2025-03-25 14:00:00+05:30,351.3,351.5,350.6,350.8,6255,BIOCON
4408,2025-03-25 14:05:00+05:30,350.75,351.35,350.5,350.75,10606,BIOCON
4409,2025-03-25 14:10:00+05:30,350.75,351.05,350.55,350.55,8295,BIOCON
4410,2025-03-25 14:15:00+05:30,350.7,351.0,349.85,350.05,21213,BIOCON
4411,2025-03-25 14:20:00+05:30,350.25,350.4,349.55,349.7,13712,BIOCON
4412,2025-03-25 14:25:00+05:30,349.55,349.85,349.05,349.2,5850,BIOCON
4413,2025-03-25 14:30:00+05:30,349.1,349.6,348.75,349.6,8527,BIOCON
4414,2025-03-25 14:35:00+05:30,349.45,349.8,349.05,349.6,13643,BIOCON
4415,2025-03-25 14:40:00+05:30,349.8,350.0,349.3,349.5,12997,BIOCON
4416,2025-03-25 14:45:00+05:30,349.5,350.15,349.45,349.65,12572,BIOCON
4417,2025-03-25 14:50:00+05:30,349.95,350.2,347.85,348.0,37033,BIOCON
4418,2025-03-25 14:55:00+05:30,348.35,349.35,347.6,348.8,23036,BIOCON
4419,2025-03-25 15:00:00+05:30,348.75,349.2,348.25,348.5,22174,BIOCON
4420,2025-03-25 15:05:00+05:30,348.55,349.35,348.5,349.1,15554,BIOCON
4421,2025-03-25 15:10:00+05:30,349.2,349.2,348.0,348.05,29873,BIOCON
4422,2025-03-25 15:15:00+05:30,348.1,348.25,347.6,347.75,28194,BIOCON
4423,2025-03-25 15:20:00+05:30,347.7,347.95,347.55,347.55,28383,BIOCON
4424,2025-03-25 15:25:00+05:30,347.55,348.0,347.0,347.5,40317,BIOCON
4425,2025-03-26 09:15:00+05:30,348.0,350.35,346.2,348.15,76742,BIOCON
4426,2025-03-26 09:20:00+05:30,348.3,349.3,348.0,348.7,18834,BIOCON
4427,2025-03-26 09:25:00+05:30,348.5,350.55,348.5,349.8,17377,BIOCON
4428,2025-03-26 09:30:00+05:30,349.75,350.1,348.45,349.1,19693,BIOCON
4429,2025-03-26 09:35:00+05:30,348.7,349.55,348.0,348.0,23626,BIOCON
4430,2025-03-26 09:40:00+05:30,348.25,348.25,346.4,346.4,54290,BIOCON
4431,2025-03-26 09:45:00+05:30,346.4,347.3,345.8,346.85,23049,BIOCON
4432,2025-03-26 09:50:00+05:30,346.55,347.55,346.55,347.05,5523,BIOCON
4433,2025-03-26 09:55:00+05:30,347.3,347.7,347.05,347.7,7492,BIOCON
4434,2025-03-26 10:00:00+05:30,347.7,348.15,347.1,347.75,14893,BIOCON
4435,2025-03-26 10:05:00+05:30,347.6,348.55,347.15,348.4,11690,BIOCON
4436,2025-03-26 10:10:00+05:30,348.4,349.5,348.4,349.05,6249,BIOCON
4437,2025-03-26 10:15:00+05:30,349.05,350.25,349.0,350.15,11915,BIOCON
4438,2025-03-26 10:20:00+05:30,350.1,350.15,349.0,349.05,11213,BIOCON
4439,2025-03-26 10:25:00+05:30,349.4,349.8,349.25,349.45,7383,BIOCON
4440,2025-03-26 10:30:00+05:30,349.2,349.7,349.0,349.3,2454,BIOCON
4441,2025-03-26 10:35:00+05:30,349.35,349.7,349.3,349.45,5329,BIOCON
4442,2025-03-26 10:40:00+05:30,349.45,349.75,348.95,348.95,8026,BIOCON
4443,2025-03-26 10:45:00+05:30,349.35,349.55,348.85,349.55,3383,BIOCON
4444,2025-03-26 10:50:00+05:30,349.35,349.85,349.2,349.55,7620,BIOCON
4445,2025-03-26 10:55:00+05:30,349.5,350.45,349.35,350.2,15667,BIOCON
4446,2025-03-26 11:00:00+05:30,349.9,350.2,349.1,349.7,5809,BIOCON
4447,2025-03-26 11:05:00+05:30,349.7,349.75,349.1,349.75,8399,BIOCON
4448,2025-03-26 11:10:00+05:30,349.9,349.9,349.0,349.45,12615,BIOCON
4449,2025-03-26 11:15:00+05:30,349.6,350.25,349.5,349.9,8069,BIOCON
4450,2025-03-26 11:20:00+05:30,350.0,350.05,349.6,349.65,5776,BIOCON
4451,2025-03-26 11:25:00+05:30,349.65,350.95,349.6,350.8,12334,BIOCON
4452,2025-03-26 11:30:00+05:30,350.6,352.5,350.6,351.45,72291,BIOCON
4453,2025-03-26 11:35:00+05:30,351.5,351.6,350.65,351.05,11242,BIOCON
4454,2025-03-26 11:40:00+05:30,350.95,351.4,350.95,351.0,4150,BIOCON
4455,2025-03-26 11:45:00+05:30,351.0,351.5,350.6,351.25,29563,BIOCON
4456,2025-03-26 11:50:00+05:30,351.25,351.45,351.05,351.3,7799,BIOCON
4457,2025-03-26 11:55:00+05:30,351.3,351.4,349.7,349.7,30703,BIOCON
4458,2025-03-26 12:00:00+05:30,349.75,350.75,349.75,350.65,8669,BIOCON
4459,2025-03-26 12:05:00+05:30,350.8,351.9,350.65,351.55,19861,BIOCON
4460,2025-03-26 12:10:00+05:30,351.55,352.6,351.1,352.45,34035,BIOCON
4461,2025-03-26 12:15:00+05:30,352.45,352.6,351.8,352.35,16620,BIOCON
4462,2025-03-26 12:20:00+05:30,352.15,352.45,352.0,352.2,6757,BIOCON
4463,2025-03-26 12:25:00+05:30,352.25,352.3,351.85,352.0,8170,BIOCON
4464,2025-03-26 12:30:00+05:30,351.65,351.9,351.5,351.55,3276,BIOCON
4465,2025-03-26 12:35:00+05:30,351.55,351.75,351.5,351.5,4567,BIOCON
4466,2025-03-26 12:40:00+05:30,351.5,351.75,351.5,351.75,2264,BIOCON
4467,2025-03-26 12:45:00+05:30,351.75,351.95,351.5,351.95,1868,BIOCON
4468,2025-03-26 12:50:00+05:30,351.95,352.0,351.5,351.5,1752,BIOCON
4469,2025-03-26 12:55:00+05:30,351.5,351.7,351.5,351.5,8285,BIOCON
4470,2025-03-26 13:00:00+05:30,351.4,351.4,350.1,350.75,32535,BIOCON
4471,2025-03-26 13:05:00+05:30,350.8,351.4,350.45,351.4,48328,BIOCON
4472,2025-03-26 13:10:00+05:30,351.4,351.65,351.0,351.3,19032,BIOCON
4473,2025-03-26 13:15:00+05:30,351.3,351.4,350.65,351.05,25642,BIOCON
4474,2025-03-26 13:20:00+05:30,351.15,351.5,351.05,351.05,11343,BIOCON
4475,2025-03-26 13:25:00+05:30,351.1,351.65,351.1,351.5,8738,BIOCON
4476,2025-03-26 13:30:00+05:30,351.5,351.7,350.75,351.0,11004,BIOCON
4477,2025-03-26 13:35:00+05:30,351.0,351.15,350.85,350.85,14612,BIOCON
4478,2025-03-26 13:40:00+05:30,350.85,351.0,350.5,350.55,16797,BIOCON
4479,2025-03-26 13:45:00+05:30,350.6,350.7,350.0,350.45,17108,BIOCON
4480,2025-03-26 13:50:00+05:30,350.5,351.5,350.5,351.5,15138,BIOCON
4481,2025-03-26 13:55:00+05:30,351.55,351.9,351.35,351.55,13685,BIOCON
4482,2025-03-26 14:00:00+05:30,351.55,351.75,351.35,351.75,10163,BIOCON
4483,2025-03-26 14:05:00+05:30,351.7,352.3,351.7,352.0,37724,BIOCON
4484,2025-03-26 14:10:00+05:30,352.0,352.2,351.75,352.1,27058,BIOCON
4485,2025-03-26 14:15:00+05:30,352.0,352.15,351.1,351.1,21925,BIOCON
4486,2025-03-26 14:20:00+05:30,351.05,351.55,350.7,350.9,24400,BIOCON
4487,2025-03-26 14:25:00+05:30,350.8,351.0,350.65,350.85,15258,BIOCON
4488,2025-03-26 14:30:00+05:30,350.85,351.0,349.8,349.8,22115,BIOCON
4489,2025-03-26 14:35:00+05:30,349.75,350.4,349.4,350.3,22786,BIOCON
4490,2025-03-26 14:40:00+05:30,350.2,350.45,349.85,350.15,15195,BIOCON
4491,2025-03-26 14:45:00+05:30,350.0,350.5,349.9,350.15,13141,BIOCON
4492,2025-03-26 14:50:00+05:30,350.1,350.35,349.4,349.55,15424,BIOCON
4493,2025-03-26 14:55:00+05:30,349.4,349.85,348.25,348.85,45533,BIOCON
4494,2025-03-26 15:00:00+05:30,349.05,349.05,348.0,348.55,36838,BIOCON
4495,2025-03-26 15:05:00+05:30,348.45,349.0,348.25,349.0,46741,BIOCON
4496,2025-03-26 15:10:00+05:30,348.85,349.4,348.65,349.05,39817,BIOCON
4497,2025-03-26 15:15:00+05:30,349.25,349.25,347.65,347.95,39460,BIOCON
4498,2025-03-26 15:20:00+05:30,347.85,348.0,347.7,348.0,28674,BIOCON
4499,2025-03-26 15:25:00+05:30,348.0,349.0,347.55,349.0,50465,BIOCON
4500,2025-03-27 09:15:00+05:30,348.5,349.25,344.45,347.8,74330,BIOCON
4501,2025-03-27 09:20:00+05:30,347.4,348.9,346.75,348.9,45620,BIOCON
4502,2025-03-27 09:25:00+05:30,348.75,350.25,348.5,349.05,23824,BIOCON
4503,2025-03-27 09:30:00+05:30,349.25,350.25,348.15,349.4,22836,BIOCON
4504,2025-03-27 09:35:00+05:30,349.2,349.65,348.35,349.35,9194,BIOCON
4505,2025-03-27 09:40:00+05:30,349.2,349.65,349.0,349.25,5033,BIOCON
4506,2025-03-27 09:45:00+05:30,349.05,349.8,348.55,349.8,13521,BIOCON
4507,2025-03-27 09:50:00+05:30,349.8,350.0,349.35,349.9,12141,BIOCON
4508,2025-03-27 09:55:00+05:30,349.8,350.0,349.3,349.7,7332,BIOCON
4509,2025-03-27 10:00:00+05:30,349.95,350.0,349.5,349.8,5932,BIOCON
4510,2025-03-27 10:05:00+05:30,349.5,350.0,349.3,349.85,8131,BIOCON
4511,2025-03-27 10:10:00+05:30,349.85,349.85,348.95,349.0,15396,BIOCON
4512,2025-03-27 10:15:00+05:30,349.35,349.35,348.15,348.15,16383,BIOCON
4513,2025-03-27 10:20:00+05:30,348.25,348.5,347.8,348.0,11320,BIOCON
4514,2025-03-27 10:25:00+05:30,347.95,348.05,347.35,347.95,12060,BIOCON
4515,2025-03-27 10:30:00+05:30,347.95,348.0,347.15,347.35,12126,BIOCON
4516,2025-03-27 10:35:00+05:30,347.25,347.35,346.85,347.2,24431,BIOCON
4517,2025-03-27 10:40:00+05:30,347.15,347.2,346.6,346.85,25582,BIOCON
4518,2025-03-27 10:45:00+05:30,346.6,347.0,346.1,346.1,6392,BIOCON
4519,2025-03-27 10:50:00+05:30,346.1,346.45,345.65,345.95,20478,BIOCON
4520,2025-03-27 10:55:00+05:30,345.85,346.35,345.5,345.9,6950,BIOCON
4521,2025-03-27 11:00:00+05:30,345.9,346.05,345.55,345.95,6538,BIOCON
4522,2025-03-27 11:05:00+05:30,345.95,346.0,345.5,345.9,11816,BIOCON
4523,2025-03-27 11:10:00+05:30,345.8,346.55,345.55,346.25,16323,BIOCON
4524,2025-03-27 11:15:00+05:30,346.3,347.3,346.3,346.55,12251,BIOCON
4525,2025-03-27 11:20:00+05:30,346.55,347.0,346.15,346.2,3443,BIOCON
4526,2025-03-27 11:25:00+05:30,346.45,346.5,346.05,346.1,4359,BIOCON
4527,2025-03-27 11:30:00+05:30,346.3,346.4,345.8,346.3,6967,BIOCON
4528,2025-03-27 11:35:00+05:30,346.05,346.8,346.05,346.15,21621,BIOCON
4529,2025-03-27 11:40:00+05:30,346.3,346.6,345.8,346.6,9035,BIOCON
4530,2025-03-27 11:45:00+05:30,346.6,347.0,346.55,346.8,6732,BIOCON
4531,2025-03-27 11:50:00+05:30,346.8,347.0,346.4,346.4,7624,BIOCON
4532,2025-03-27 11:55:00+05:30,346.4,346.7,346.05,346.1,2171,BIOCON
4533,2025-03-27 12:00:00+05:30,346.25,346.25,345.6,345.65,2798,BIOCON
4534,2025-03-27 12:05:00+05:30,345.65,345.9,345.3,345.6,15208,BIOCON
4535,2025-03-27 12:10:00+05:30,345.5,345.7,345.1,345.7,6798,BIOCON
4536,2025-03-27 12:15:00+05:30,345.75,346.25,345.45,345.7,2717,BIOCON
4537,2025-03-27 12:20:00+05:30,345.55,345.95,345.35,345.9,3775,BIOCON
4538,2025-03-27 12:25:00+05:30,345.75,346.1,345.55,345.75,2995,BIOCON
4539,2025-03-27 12:30:00+05:30,345.95,346.0,345.75,345.75,1362,BIOCON
4540,2025-03-27 12:35:00+05:30,345.75,346.1,345.6,345.8,2682,BIOCON
4541,2025-03-27 12:40:00+05:30,345.6,345.85,345.55,345.8,4097,BIOCON
4542,2025-03-27 12:45:00+05:30,345.7,345.8,345.0,345.5,14535,BIOCON
4543,2025-03-27 12:50:00+05:30,345.4,345.4,344.95,344.95,4297,BIOCON
4544,2025-03-27 12:55:00+05:30,344.95,345.1,344.5,344.5,12927,BIOCON
4545,2025-03-27 13:00:00+05:30,344.85,345.0,344.65,344.75,1483,BIOCON
4546,2025-03-27 13:05:00+05:30,344.75,344.8,344.3,344.8,12061,BIOCON
4547,2025-03-27 13:10:00+05:30,344.7,344.85,344.25,344.25,8470,BIOCON
4548,2025-03-27 13:15:00+05:30,344.25,344.25,343.55,343.6,25872,BIOCON
4549,2025-03-27 13:20:00+05:30,343.55,344.05,343.3,344.05,39698,BIOCON
4550,2025-03-27 13:25:00+05:30,344.05,344.95,343.7,344.95,18696,BIOCON
4551,2025-03-27 13:30:00+05:30,344.95,345.3,344.3,344.85,16403,BIOCON
4552,2025-03-27 13:35:00+05:30,344.85,345.15,344.35,344.45,6692,BIOCON
4553,2025-03-27 13:40:00+05:30,344.5,344.7,343.0,344.5,67341,BIOCON
4554,2025-03-27 13:45:00+05:30,344.6,344.95,343.55,344.0,39176,BIOCON
4555,2025-03-27 13:50:00+05:30,344.05,344.15,344.0,344.0,3009,BIOCON
4556,2025-03-27 13:55:00+05:30,344.0,344.75,343.9,344.45,18287,BIOCON
4557,2025-03-27 14:00:00+05:30,344.65,344.7,343.95,344.3,4956,BIOCON
4558,2025-03-27 14:05:00+05:30,344.1,344.35,343.35,343.65,16249,BIOCON
4559,2025-03-27 14:10:00+05:30,343.45,343.65,343.2,343.3,13648,BIOCON
4560,2025-03-27 14:15:00+05:30,343.25,343.5,342.65,343.35,27606,BIOCON
4561,2025-03-27 14:20:00+05:30,343.3,343.35,342.6,342.75,13846,BIOCON
4562,2025-03-27 14:25:00+05:30,342.8,343.05,342.5,343.05,18807,BIOCON
4563,2025-03-27 14:30:00+05:30,342.95,343.5,342.8,343.25,22072,BIOCON
4564,2025-03-27 14:35:00+05:30,343.25,343.65,342.85,343.25,13479,BIOCON
4565,2025-03-27 14:40:00+05:30,343.15,343.65,343.15,343.35,8997,BIOCON
4566,2025-03-27 14:45:00+05:30,343.35,344.25,343.35,344.0,18667,BIOCON
4567,2025-03-27 14:50:00+05:30,343.95,344.1,343.05,343.55,21334,BIOCON
4568,2025-03-27 14:55:00+05:30,343.65,344.0,343.5,343.6,11452,BIOCON
4569,2025-03-27 15:00:00+05:30,343.8,345.35,343.6,345.3,56057,BIOCON
4570,2025-03-27 15:05:00+05:30,345.35,346.3,344.7,345.45,73536,BIOCON
4571,2025-03-27 15:10:00+05:30,345.4,345.95,344.95,345.75,45109,BIOCON
4572,2025-03-27 15:15:00+05:30,345.6,346.0,345.15,345.8,70292,BIOCON
4573,2025-03-27 15:20:00+05:30,345.55,346.05,345.35,345.75,48718,BIOCON
4574,2025-03-27 15:25:00+05:30,345.75,348.0,343.75,343.75,58023,BIOCON
4575,2025-03-28 09:15:00+05:30,344.95,349.3,344.5,349.1,80455,BIOCON
4576,2025-03-28 09:20:00+05:30,349.15,349.15,347.75,348.2,39392,BIOCON
4577,2025-03-28 09:25:00+05:30,347.75,348.3,344.2,345.65,30962,BIOCON
4578,2025-03-28 09:30:00+05:30,345.55,345.8,342.0,342.55,62649,BIOCON
4579,2025-03-28 09:35:00+05:30,342.55,343.3,340.75,341.65,99540,BIOCON
4580,2025-03-28 09:40:00+05:30,341.5,343.0,341.1,342.5,42511,BIOCON
4581,2025-03-28 09:45:00+05:30,342.2,342.75,342.0,342.3,9122,BIOCON
4582,2025-03-28 09:50:00+05:30,342.45,344.4,342.0,343.45,45824,BIOCON
4583,2025-03-28 09:55:00+05:30,343.45,344.25,342.8,343.0,21636,BIOCON
4584,2025-03-28 10:00:00+05:30,342.75,343.25,342.05,342.9,13235,BIOCON
4585,2025-03-28 10:05:00+05:30,342.7,343.35,342.5,343.0,8518,BIOCON
4586,2025-03-28 10:10:00+05:30,343.0,343.0,340.1,340.65,49804,BIOCON
4587,2025-03-28 10:15:00+05:30,340.85,341.3,340.1,340.65,54151,BIOCON
4588,2025-03-28 10:20:00+05:30,340.65,341.05,340.3,341.0,11157,BIOCON
4589,2025-03-28 10:25:00+05:30,340.8,341.5,340.8,341.05,18404,BIOCON
4590,2025-03-28 10:30:00+05:30,341.3,341.55,340.3,341.15,24441,BIOCON
4591,2025-03-28 10:35:00+05:30,341.25,341.4,340.8,341.05,7510,BIOCON
4592,2025-03-28 10:40:00+05:30,341.05,342.7,341.0,341.9,50060,BIOCON
4593,2025-03-28 10:45:00+05:30,341.75,343.35,341.6,342.5,89252,BIOCON
4594,2025-03-28 10:50:00+05:30,342.65,343.4,342.15,342.95,11079,BIOCON
4595,2025-03-28 10:55:00+05:30,342.9,343.7,342.9,343.15,27217,BIOCON
4596,2025-03-28 11:00:00+05:30,343.2,343.5,342.4,342.4,12888,BIOCON
4597,2025-03-28 11:05:00+05:30,342.35,342.7,342.0,342.0,10101,BIOCON
4598,2025-03-28 11:10:00+05:30,342.0,342.1,340.5,340.55,15005,BIOCON
4599,2025-03-28 11:15:00+05:30,340.5,341.05,340.3,340.65,17102,BIOCON
4600,2025-03-28 11:20:00+05:30,340.7,341.65,340.25,340.25,13781,BIOCON
4601,2025-03-28 11:25:00+05:30,340.3,340.55,339.35,339.65,27401,BIOCON
4602,2025-03-28 11:30:00+05:30,339.65,340.55,339.65,339.75,18895,BIOCON
4603,2025-03-28 11:35:00+05:30,339.85,340.45,339.6,340.1,17662,BIOCON
4604,2025-03-28 11:40:00+05:30,340.0,342.6,339.6,342.0,70990,BIOCON
4605,2025-03-28 11:45:00+05:30,342.0,342.25,341.6,341.95,11524,BIOCON
4606,2025-03-28 11:50:00+05:30,342.05,342.95,341.45,342.05,27378,BIOCON
4607,2025-03-28 11:55:00+05:30,342.05,342.35,341.3,341.7,44975,BIOCON
4608,2025-03-28 12:00:00+05:30,341.9,342.2,341.35,341.5,2305,BIOCON
4609,2025-03-28 12:05:00+05:30,341.55,341.7,341.05,341.15,5835,BIOCON
4610,2025-03-28 12:10:00+05:30,341.1,341.55,341.0,341.0,10165,BIOCON
4611,2025-03-28 12:15:00+05:30,341.0,341.2,340.7,341.05,87505,BIOCON
4612,2025-03-28 12:20:00+05:30,341.05,341.1,340.0,340.45,43070,BIOCON
4613,2025-03-28 12:25:00+05:30,340.45,341.65,340.4,341.2,22198,BIOCON
4614,2025-03-28 12:30:00+05:30,341.2,341.25,340.45,341.0,84553,BIOCON
4615,2025-03-28 12:35:00+05:30,341.0,341.75,340.5,341.4,39342,BIOCON
4616,2025-03-28 12:40:00+05:30,341.4,341.7,341.1,341.3,4759,BIOCON
4617,2025-03-28 12:45:00+05:30,341.3,341.8,341.3,341.5,9423,BIOCON
4618,2025-03-28 12:50:00+05:30,341.5,341.8,341.4,341.45,1939,BIOCON
4619,2025-03-28 12:55:00+05:30,341.45,341.75,341.0,341.15,6447,BIOCON
4620,2025-03-28 13:00:00+05:30,341.0,341.25,340.05,340.25,64084,BIOCON
4621,2025-03-28 13:05:00+05:30,340.25,340.45,339.6,340.4,13426,BIOCON
4622,2025-03-28 13:10:00+05:30,340.15,340.35,339.85,340.05,2861,BIOCON
4623,2025-03-28 13:15:00+05:30,340.3,340.35,339.7,339.7,19012,BIOCON
4624,2025-03-28 13:20:00+05:30,339.7,340.7,339.55,340.45,7622,BIOCON
4625,2025-03-28 13:25:00+05:30,340.45,341.0,340.45,340.5,17636,BIOCON
4626,2025-03-28 13:30:00+05:30,340.45,341.55,340.35,341.15,17140,BIOCON
4627,2025-03-28 13:35:00+05:30,341.2,341.5,340.85,341.0,27829,BIOCON
4628,2025-03-28 13:40:00+05:30,341.0,341.2,340.95,341.15,24205,BIOCON
4629,2025-03-28 13:45:00+05:30,341.0,341.15,340.8,341.0,41725,BIOCON
4630,2025-03-28 13:50:00+05:30,341.1,341.15,340.7,341.15,49034,BIOCON
4631,2025-03-28 13:55:00+05:30,341.0,341.6,340.9,341.3,13403,BIOCON
4632,2025-03-28 14:00:00+05:30,341.25,341.3,341.0,341.0,7081,BIOCON
4633,2025-03-28 14:05:00+05:30,341.0,341.3,340.6,341.3,32999,BIOCON
4634,2025-03-28 14:10:00+05:30,341.15,341.9,341.15,341.85,14597,BIOCON
4635,2025-03-28 14:15:00+05:30,341.7,343.15,341.7,342.8,71149,BIOCON
4636,2025-03-28 14:20:00+05:30,342.7,343.0,342.1,342.8,9473,BIOCON
4637,2025-03-28 14:25:00+05:30,342.8,343.2,342.7,343.0,20161,BIOCON
4638,2025-03-28 14:30:00+05:30,343.0,343.35,342.55,342.7,19995,BIOCON
4639,2025-03-28 14:35:00+05:30,342.85,343.25,342.7,343.1,26112,BIOCON
4640,2025-03-28 14:40:00+05:30,343.1,344.5,342.85,343.9,52721,BIOCON
4641,2025-03-28 14:45:00+05:30,344.1,344.35,343.4,343.75,13164,BIOCON
4642,2025-03-28 14:50:00+05:30,343.75,344.35,343.5,344.35,25520,BIOCON
4643,2025-03-28 14:55:00+05:30,344.2,344.35,343.5,343.75,25047,BIOCON
4644,2025-03-28 15:00:00+05:30,343.55,343.9,341.95,342.4,34261,BIOCON
4645,2025-03-28 15:05:00+05:30,342.2,342.55,341.35,342.15,77368,BIOCON
4646,2025-03-28 15:10:00+05:30,342.15,342.65,341.7,342.5,19306,BIOCON
4647,2025-03-28 15:15:00+05:30,342.5,342.5,341.1,341.45,49838,BIOCON
4648,2025-03-28 15:20:00+05:30,341.7,342.0,341.0,341.4,73608,BIOCON
4649,2025-03-28 15:25:00+05:30,341.4,341.95,340.75,340.9,64549,BIOCON
4650,2025-04-01 09:15:00+05:30,338.5,345.35,338.4,342.2,76955,BIOCON
4651,2025-04-01 09:20:00+05:30,342.0,345.05,341.35,343.25,55081,BIOCON
4652,2025-04-01 09:25:00+05:30,343.1,344.45,342.15,344.3,24911,BIOCON
4653,2025-04-01 09:30:00+05:30,344.05,347.0,343.9,346.2,43896,BIOCON
4654,2025-04-01 09:35:00+05:30,346.45,348.35,346.25,347.8,30991,BIOCON
4655,2025-04-01 09:40:00+05:30,347.6,348.55,347.0,348.1,19820,BIOCON
4656,2025-04-01 09:45:00+05:30,347.85,348.0,347.0,347.4,10782,BIOCON
4657,2025-04-01 09:50:00+05:30,347.65,347.85,346.95,347.25,17883,BIOCON
4658,2025-04-01 09:55:00+05:30,347.35,347.35,345.2,345.6,41403,BIOCON
4659,2025-04-01 10:00:00+05:30,345.65,346.55,345.05,345.9,19348,BIOCON
4660,2025-04-01 10:05:00+05:30,345.65,346.45,345.55,346.0,8391,BIOCON
4661,2025-04-01 10:10:00+05:30,346.0,346.3,345.35,345.7,7489,BIOCON
4662,2025-04-01 10:15:00+05:30,345.65,346.8,345.4,346.6,15589,BIOCON
4663,2025-04-01 10:20:00+05:30,346.45,347.3,346.05,346.1,18733,BIOCON
4664,2025-04-01 10:25:00+05:30,346.2,346.2,344.3,344.5,30103,BIOCON
4665,2025-04-01 10:30:00+05:30,344.65,344.95,343.8,344.0,23546,BIOCON
4666,2025-04-01 10:35:00+05:30,344.0,345.0,343.3,344.5,46836,BIOCON
4667,2025-04-01 10:40:00+05:30,344.5,344.75,343.45,343.5,19028,BIOCON
4668,2025-04-01 10:45:00+05:30,343.5,343.75,342.85,343.45,20443,BIOCON
4669,2025-04-01 10:50:00+05:30,343.55,343.7,343.1,343.3,10135,BIOCON
4670,2025-04-01 10:55:00+05:30,343.35,343.45,342.45,342.5,17246,BIOCON
4671,2025-04-01 11:00:00+05:30,342.5,342.9,342.4,342.6,6557,BIOCON
4672,2025-04-01 11:05:00+05:30,342.6,342.9,342.45,342.75,3523,BIOCON
4673,2025-04-01 11:10:00+05:30,342.75,343.0,342.5,342.75,7164,BIOCON
4674,2025-04-01 11:15:00+05:30,342.75,344.95,342.7,344.25,36693,BIOCON
4675,2025-04-01 11:20:00+05:30,344.5,344.95,344.0,344.05,7902,BIOCON
4676,2025-04-01 11:25:00+05:30,344.5,345.0,343.5,343.85,16374,BIOCON
4677,2025-04-01 11:30:00+05:30,344.0,344.0,342.35,342.4,13376,BIOCON
4678,2025-04-01 11:35:00+05:30,342.35,342.55,341.5,341.8,11750,BIOCON
4679,2025-04-01 11:40:00+05:30,341.8,341.8,340.75,341.25,14986,BIOCON
4680,2025-04-01 11:45:00+05:30,340.95,341.4,340.85,341.35,6502,BIOCON
4681,2025-04-01 11:50:00+05:30,341.05,341.4,340.7,340.7,11567,BIOCON
4682,2025-04-01 11:55:00+05:30,340.7,341.05,339.75,340.2,20647,BIOCON
4683,2025-04-01 12:00:00+05:30,340.1,340.25,339.7,339.75,3595,BIOCON
4684,2025-04-01 12:05:00+05:30,339.75,340.2,339.6,339.85,3704,BIOCON
4685,2025-04-01 12:10:00+05:30,340.0,340.95,339.8,340.75,5144,BIOCON
4686,2025-04-01 12:15:00+05:30,340.7,341.55,340.55,341.25,21641,BIOCON
4687,2025-04-01 12:20:00+05:30,341.35,341.75,341.0,341.0,32449,BIOCON
4688,2025-04-01 12:25:00+05:30,341.0,341.4,341.0,341.0,1557,BIOCON
4689,2025-04-01 12:30:00+05:30,341.2,341.4,340.95,341.3,4855,BIOCON
4690,2025-04-01 12:35:00+05:30,341.3,341.7,341.0,341.25,12411,BIOCON
4691,2025-04-01 12:40:00+05:30,341.15,342.0,341.15,341.55,8124,BIOCON
4692,2025-04-01 12:45:00+05:30,341.65,341.65,341.3,341.4,491,BIOCON
4693,2025-04-01 12:50:00+05:30,341.3,341.5,340.45,340.6,7802,BIOCON
4694,2025-04-01 12:55:00+05:30,340.6,340.65,340.25,340.6,1362,BIOCON
4695,2025-04-01 13:00:00+05:30,340.6,340.6,340.1,340.3,1833,BIOCON
4696,2025-04-01 13:05:00+05:30,340.3,340.55,340.1,340.5,3175,BIOCON
4697,2025-04-01 13:10:00+05:30,340.45,341.85,340.35,341.55,11529,BIOCON
4698,2025-04-01 13:15:00+05:30,341.4,341.65,340.45,340.7,6331,BIOCON
4699,2025-04-01 13:20:00+05:30,340.9,341.25,340.7,340.95,6296,BIOCON
4700,2025-04-01 13:25:00+05:30,340.7,340.7,340.05,340.45,8993,BIOCON
4701,2025-04-01 13:30:00+05:30,340.05,340.95,340.05,340.8,2273,BIOCON
4702,2025-04-01 13:35:00+05:30,340.85,341.55,340.65,341.15,3223,BIOCON
4703,2025-04-01 13:40:00+05:30,341.0,341.2,340.85,340.9,1682,BIOCON
4704,2025-04-01 13:45:00+05:30,340.95,341.05,340.6,340.6,2707,BIOCON
4705,2025-04-01 13:50:00+05:30,340.55,341.0,340.5,340.7,2987,BIOCON
4706,2025-04-01 13:55:00+05:30,340.9,340.95,340.05,340.15,4513,BIOCON
4707,2025-04-01 14:00:00+05:30,340.1,340.8,340.1,340.8,5732,BIOCON
4708,2025-04-01 14:05:00+05:30,340.75,340.95,339.75,339.75,15835,BIOCON
4709,2025-04-01 14:10:00+05:30,339.8,339.85,339.2,339.5,4167,BIOCON
4710,2025-04-01 14:15:00+05:30,339.2,339.3,338.2,338.6,18433,BIOCON
4711,2025-04-01 14:20:00+05:30,338.6,339.2,338.6,338.85,3347,BIOCON
4712,2025-04-01 14:25:00+05:30,338.85,339.25,338.75,338.95,5688,BIOCON
4713,2025-04-01 14:30:00+05:30,339.15,339.5,338.8,339.45,4029,BIOCON
4714,2025-04-01 14:35:00+05:30,339.45,339.5,339.0,339.35,2496,BIOCON
4715,2025-04-01 14:40:00+05:30,339.35,339.7,338.85,339.05,6797,BIOCON
4716,2025-04-01 14:45:00+05:30,339.3,339.4,338.8,339.25,2964,BIOCON
4717,2025-04-01 14:50:00+05:30,339.1,339.8,339.0,339.1,5967,BIOCON
4718,2025-04-01 14:55:00+05:30,339.25,339.45,338.85,339.2,6540,BIOCON
4719,2025-04-01 15:00:00+05:30,339.5,339.95,339.0,339.0,10440,BIOCON
4720,2025-04-01 15:05:00+05:30,339.05,339.45,339.0,339.4,3996,BIOCON
4721,2025-04-01 15:10:00+05:30,339.45,339.95,338.7,338.95,17894,BIOCON
4722,2025-04-01 15:15:00+05:30,338.95,339.4,338.6,339.2,30422,BIOCON
4723,2025-04-01 15:20:00+05:30,339.2,339.2,338.55,338.8,22589,BIOCON
4724,2025-04-01 15:25:00+05:30,338.65,339.9,338.5,338.55,23766,BIOCON
4725,2025-04-02 09:15:00+05:30,337.85,339.95,335.8,336.0,82619,BIOCON
4726,2025-04-02 09:20:00+05:30,336.0,336.5,334.85,336.2,33665,BIOCON
4727,2025-04-02 09:25:00+05:30,336.0,338.8,336.0,338.45,39915,BIOCON
4728,2025-04-02 09:30:00+05:30,338.3,340.95,338.05,340.5,50556,BIOCON
4729,2025-04-02 09:35:00+05:30,340.6,341.4,338.65,338.8,26957,BIOCON
4730,2025-04-02 09:40:00+05:30,338.8,339.65,338.4,338.6,16931,BIOCON
4731,2025-04-02 09:45:00+05:30,338.5,338.55,337.05,337.4,20792,BIOCON
4732,2025-04-02 09:50:00+05:30,337.4,337.6,336.55,337.05,15338,BIOCON
4733,2025-04-02 09:55:00+05:30,337.05,338.5,336.95,338.2,24416,BIOCON
4734,2025-04-02 10:00:00+05:30,338.15,338.5,337.3,337.7,8613,BIOCON
4735,2025-04-02 10:05:00+05:30,337.75,338.0,337.35,337.9,7110,BIOCON
4736,2025-04-02 10:10:00+05:30,337.75,338.15,337.15,337.5,10867,BIOCON
4737,2025-04-02 10:15:00+05:30,337.45,338.45,337.15,338.0,9138,BIOCON
4738,2025-04-02 10:20:00+05:30,338.0,338.05,337.5,337.7,4375,BIOCON
4739,2025-04-02 10:25:00+05:30,337.7,337.85,336.05,336.95,17497,BIOCON
4740,2025-04-02 10:30:00+05:30,336.95,337.4,336.75,337.4,4039,BIOCON
4741,2025-04-02 10:35:00+05:30,337.4,337.65,336.8,337.55,3973,BIOCON
4742,2025-04-02 10:40:00+05:30,337.45,338.55,337.45,337.95,10622,BIOCON
4743,2025-04-02 10:45:00+05:30,337.7,339.0,337.7,338.4,8567,BIOCON
4744,2025-04-02 10:50:00+05:30,338.5,339.75,338.5,339.45,10668,BIOCON
4745,2025-04-02 10:55:00+05:30,339.45,339.5,338.65,339.0,10807,BIOCON
4746,2025-04-02 11:00:00+05:30,339.0,340.0,339.0,339.55,9004,BIOCON
4747,2025-04-02 11:05:00+05:30,339.55,339.8,339.0,339.3,3566,BIOCON
4748,2025-04-02 11:10:00+05:30,339.55,339.8,339.05,339.25,2846,BIOCON
4749,2025-04-02 11:15:00+05:30,339.3,339.35,338.25,338.7,10816,BIOCON
4750,2025-04-02 11:20:00+05:30,338.85,339.35,338.8,339.35,1917,BIOCON
4751,2025-04-02 11:25:00+05:30,339.45,339.7,338.7,338.95,5572,BIOCON
4752,2025-04-02 11:30:00+05:30,338.85,339.45,338.7,339.45,3016,BIOCON
4753,2025-04-02 11:35:00+05:30,339.35,339.5,339.0,339.0,1550,BIOCON
4754,2025-04-02 11:40:00+05:30,339.0,339.05,337.65,337.7,6697,BIOCON
4755,2025-04-02 11:45:00+05:30,337.9,338.55,337.7,338.3,3220,BIOCON
4756,2025-04-02 11:50:00+05:30,338.1,338.45,337.85,337.85,3486,BIOCON
4757,2025-04-02 11:55:00+05:30,337.85,339.0,337.85,338.75,4023,BIOCON
4758,2025-04-02 12:00:00+05:30,338.75,339.0,338.35,338.7,7442,BIOCON
4759,2025-04-02 12:05:00+05:30,338.4,338.8,338.1,338.3,7055,BIOCON
4760,2025-04-02 12:10:00+05:30,338.4,340.4,338.2,340.0,17305,BIOCON
4761,2025-04-02 12:15:00+05:30,340.0,341.5,339.7,341.3,17725,BIOCON
4762,2025-04-02 12:20:00+05:30,341.3,341.3,340.6,340.85,5721,BIOCON
4763,2025-04-02 12:25:00+05:30,340.95,342.65,340.95,342.45,29224,BIOCON
4764,2025-04-02 12:30:00+05:30,342.3,342.8,342.15,342.15,12726,BIOCON
4765,2025-04-02 12:35:00+05:30,342.15,342.2,341.55,341.9,5069,BIOCON
4766,2025-04-02 12:40:00+05:30,341.8,341.9,341.45,341.75,3294,BIOCON
4767,2025-04-02 12:45:00+05:30,341.75,342.35,341.5,341.85,4355,BIOCON
4768,2025-04-02 12:50:00+05:30,341.85,341.9,340.45,340.7,9102,BIOCON
4769,2025-04-02 12:55:00+05:30,340.75,340.75,340.0,340.6,3241,BIOCON
4770,2025-04-02 13:00:00+05:30,340.4,340.8,340.4,340.75,1668,BIOCON
4771,2025-04-02 13:05:00+05:30,340.75,341.3,340.75,341.05,9404,BIOCON
4772,2025-04-02 13:10:00+05:30,341.25,341.3,341.0,341.05,1330,BIOCON
4773,2025-04-02 13:15:00+05:30,341.25,341.4,340.8,341.2,2951,BIOCON
4774,2025-04-02 13:20:00+05:30,341.2,341.2,340.55,340.7,4736,BIOCON
4775,2025-04-02 13:25:00+05:30,340.7,341.5,340.7,340.95,13317,BIOCON
4776,2025-04-02 13:30:00+05:30,341.15,341.15,340.45,340.55,1719,BIOCON
4777,2025-04-02 13:35:00+05:30,340.7,341.0,340.25,340.45,1195,BIOCON
4778,2025-04-02 13:40:00+05:30,340.45,340.85,340.05,340.35,2639,BIOCON
4779,2025-04-02 13:45:00+05:30,340.35,340.5,340.1,340.4,2337,BIOCON
4780,2025-04-02 13:50:00+05:30,340.4,341.75,340.15,340.8,17266,BIOCON
4781,2025-04-02 13:55:00+05:30,340.8,341.5,340.6,341.5,4504,BIOCON
4782,2025-04-02 14:00:00+05:30,341.25,342.5,341.2,342.0,9618,BIOCON
4783,2025-04-02 14:05:00+05:30,342.15,342.4,341.95,342.35,5453,BIOCON
4784,2025-04-02 14:10:00+05:30,342.35,342.4,341.9,342.3,3362,BIOCON
4785,2025-04-02 14:15:00+05:30,342.3,342.9,342.05,342.9,6479,BIOCON
4786,2025-04-02 14:20:00+05:30,342.9,344.5,342.8,343.95,20249,BIOCON
4787,2025-04-02 14:25:00+05:30,343.95,344.35,343.55,344.05,12615,BIOCON
4788,2025-04-02 14:30:00+05:30,344.2,344.35,343.6,344.0,7425,BIOCON
4789,2025-04-02 14:35:00+05:30,344.0,344.0,342.7,343.15,8849,BIOCON
4790,2025-04-02 14:40:00+05:30,343.3,343.55,342.85,343.15,10235,BIOCON
4791,2025-04-02 14:45:00+05:30,343.15,343.15,342.85,343.1,3703,BIOCON
4792,2025-04-02 14:50:00+05:30,343.1,343.1,342.3,342.6,11222,BIOCON
4793,2025-04-02 14:55:00+05:30,342.35,342.7,342.0,342.7,9928,BIOCON
4794,2025-04-02 15:00:00+05:30,342.65,343.95,342.65,343.5,22428,BIOCON
4795,2025-04-02 15:05:00+05:30,343.5,343.5,341.3,342.35,45536,BIOCON
4796,2025-04-02 15:10:00+05:30,342.25,342.35,341.0,341.15,19416,BIOCON
4797,2025-04-02 15:15:00+05:30,341.1,341.35,340.85,341.3,20700,BIOCON
4798,2025-04-02 15:20:00+05:30,341.25,342.1,341.1,341.75,29179,BIOCON
4799,2025-04-02 15:25:00+05:30,341.75,343.9,341.55,342.3,26837,BIOCON
4800,2025-04-03 09:15:00+05:30,349.0,352.8,348.0,352.5,428900,BIOCON
4801,2025-04-03 09:20:00+05:30,352.6,357.4,352.5,354.75,747572,BIOCON
4802,2025-04-03 09:25:00+05:30,355.0,355.95,354.25,355.55,128269,BIOCON
4803,2025-04-03 09:30:00+05:30,355.75,356.75,353.65,354.05,171062,BIOCON
4804,2025-04-03 09:35:00+05:30,354.3,355.3,352.75,353.9,126267,BIOCON
4805,2025-04-03 09:40:00+05:30,353.7,354.5,352.05,352.4,89163,BIOCON
4806,2025-04-03 09:45:00+05:30,352.25,352.5,349.3,349.8,133399,BIOCON
4807,2025-04-03 09:50:00+05:30,349.6,350.85,349.15,349.95,66193,BIOCON
4808,2025-04-03 09:55:00+05:30,349.95,350.0,348.65,348.85,51846,BIOCON
4809,2025-04-03 10:00:00+05:30,348.9,350.0,348.7,350.0,39917,BIOCON
4810,2025-04-03 10:05:00+05:30,350.15,350.15,348.05,348.1,93882,BIOCON
4811,2025-04-03 10:10:00+05:30,348.0,348.15,347.15,348.0,86414,BIOCON
4812,2025-04-03 10:15:00+05:30,347.7,348.9,347.7,348.75,29397,BIOCON
4813,2025-04-03 10:20:00+05:30,348.65,349.65,348.2,348.4,39199,BIOCON
4814,2025-04-03 10:25:00+05:30,348.4,348.65,348.0,348.4,22651,BIOCON
4815,2025-04-03 10:30:00+05:30,348.25,349.0,347.05,348.7,46266,BIOCON
4816,2025-04-03 10:35:00+05:30,348.7,349.1,348.25,348.7,22629,BIOCON
4817,2025-04-03 10:40:00+05:30,348.7,349.2,348.45,349.2,12646,BIOCON
4818,2025-04-03 10:45:00+05:30,349.2,349.2,346.7,347.4,30022,BIOCON
4819,2025-04-03 10:50:00+05:30,347.3,347.8,347.0,347.35,33392,BIOCON
4820,2025-04-03 10:55:00+05:30,347.25,347.4,346.4,347.15,30502,BIOCON
4821,2025-04-03 11:00:00+05:30,347.15,347.4,346.55,346.85,19069,BIOCON
4822,2025-04-03 11:05:00+05:30,346.9,347.7,346.5,347.55,21638,BIOCON
4823,2025-04-03 11:10:00+05:30,347.55,347.65,346.8,347.05,7973,BIOCON
4824,2025-04-03 11:15:00+05:30,347.0,347.1,345.5,345.85,37409,BIOCON
4825,2025-04-03 11:20:00+05:30,345.85,346.45,345.55,346.45,29794,BIOCON
4826,2025-04-03 11:25:00+05:30,346.45,346.7,345.9,346.7,9255,BIOCON
4827,2025-04-03 11:30:00+05:30,346.7,346.9,346.3,346.9,6337,BIOCON
4828,2025-04-03 11:35:00+05:30,346.9,347.8,346.9,347.6,14020,BIOCON
4829,2025-04-03 11:40:00+05:30,347.5,347.75,347.25,347.4,15727,BIOCON
4830,2025-04-03 11:45:00+05:30,347.4,347.75,347.35,347.75,3816,BIOCON
4831,2025-04-03 11:50:00+05:30,347.75,347.75,347.25,347.7,5879,BIOCON
4832,2025-04-03 11:55:00+05:30,347.75,348.4,347.75,348.25,9501,BIOCON
4833,2025-04-03 12:00:00+05:30,348.25,348.35,348.1,348.25,4016,BIOCON
4834,2025-04-03 12:05:00+05:30,348.1,348.1,347.15,347.8,15797,BIOCON
4835,2025-04-03 12:10:00+05:30,347.8,347.8,347.35,347.55,3018,BIOCON
4836,2025-04-03 12:15:00+05:30,347.55,347.55,347.15,347.2,2005,BIOCON
4837,2025-04-03 12:20:00+05:30,347.2,347.35,346.75,346.8,6381,BIOCON
4838,2025-04-03 12:25:00+05:30,346.85,347.0,346.3,346.95,10703,BIOCON
4839,2025-04-03 12:30:00+05:30,346.9,346.95,346.3,346.4,10090,BIOCON
4840,2025-04-03 12:35:00+05:30,346.4,346.7,346.35,346.7,3801,BIOCON
4841,2025-04-03 12:40:00+05:30,346.7,346.95,346.25,346.25,4216,BIOCON
4842,2025-04-03 12:45:00+05:30,346.25,346.5,345.05,345.15,29169,BIOCON
4843,2025-04-03 12:50:00+05:30,345.25,346.25,345.2,345.8,5719,BIOCON
4844,2025-04-03 12:55:00+05:30,346.0,346.4,345.6,346.0,22328,BIOCON
4845,2025-04-03 13:00:00+05:30,346.0,346.0,345.45,345.7,9741,BIOCON
4846,2025-04-03 13:05:00+05:30,345.7,346.2,345.0,345.1,31255,BIOCON
4847,2025-04-03 13:10:00+05:30,345.0,345.3,344.2,345.3,62062,BIOCON
4848,2025-04-03 13:15:00+05:30,345.05,345.7,344.8,345.3,9519,BIOCON
4849,2025-04-03 13:20:00+05:30,345.3,345.35,345.0,345.35,3343,BIOCON
4850,2025-04-03 13:25:00+05:30,345.35,346.35,345.2,346.15,17523,BIOCON
4851,2025-04-03 13:30:00+05:30,346.15,346.2,345.7,346.2,19186,BIOCON
4852,2025-04-03 13:35:00+05:30,346.2,346.5,346.0,346.45,6848,BIOCON
4853,2025-04-03 13:40:00+05:30,346.45,346.5,345.55,345.95,8408,BIOCON
4854,2025-04-03 13:45:00+05:30,345.95,346.5,345.8,346.3,21052,BIOCON
4855,2025-04-03 13:50:00+05:30,346.2,346.6,346.0,346.05,7950,BIOCON
4856,2025-04-03 13:55:00+05:30,346.35,346.9,346.0,346.2,11702,BIOCON
4857,2025-04-03 14:00:00+05:30,346.45,346.85,346.25,346.75,5406,BIOCON
4858,2025-04-03 14:05:00+05:30,346.75,347.35,346.45,347.25,40677,BIOCON
4859,2025-04-03 14:10:00+05:30,347.25,348.2,346.7,346.75,42162,BIOCON
4860,2025-04-03 14:15:00+05:30,346.8,347.05,346.25,347.05,10360,BIOCON
4861,2025-04-03 14:20:00+05:30,347.05,347.2,346.45,346.8,7564,BIOCON
4862,2025-04-03 14:25:00+05:30,346.85,346.85,346.0,346.25,5081,BIOCON
4863,2025-04-03 14:30:00+05:30,346.25,346.5,345.4,346.0,16048,BIOCON
4864,2025-04-03 14:35:00+05:30,345.95,346.1,345.6,346.05,12226,BIOCON
4865,2025-04-03 14:40:00+05:30,345.8,346.0,344.95,345.65,18366,BIOCON
4866,2025-04-03 14:45:00+05:30,345.85,345.85,345.2,345.6,20107,BIOCON
4867,2025-04-03 14:50:00+05:30,345.6,346.0,345.6,345.95,18064,BIOCON
4868,2025-04-03 14:55:00+05:30,345.75,345.95,345.05,345.2,22896,BIOCON
4869,2025-04-03 15:00:00+05:30,345.4,345.8,345.0,345.45,46388,BIOCON
4870,2025-04-03 15:05:00+05:30,345.5,345.95,345.35,345.85,49107,BIOCON
4871,2025-04-03 15:10:00+05:30,345.85,346.25,345.25,346.15,113356,BIOCON
4872,2025-04-03 15:15:00+05:30,346.15,346.15,345.25,345.3,96014,BIOCON
4873,2025-04-03 15:20:00+05:30,345.6,346.1,345.6,345.8,47917,BIOCON
4874,2025-04-03 15:25:00+05:30,345.8,346.2,345.65,345.9,58260,BIOCON
4875,2025-04-04 09:15:00+05:30,342.55,343.2,338.1,339.7,272549,BIOCON
4876,2025-04-04 09:20:00+05:30,339.7,340.0,337.3,338.45,67070,BIOCON
4877,2025-04-04 09:25:00+05:30,338.25,338.25,335.45,337.0,70983,BIOCON
4878,2025-04-04 09:30:00+05:30,336.95,338.35,335.9,338.0,42711,BIOCON
4879,2025-04-04 09:35:00+05:30,338.15,339.4,337.55,338.35,32497,BIOCON
4880,2025-04-04 09:40:00+05:30,338.45,338.7,333.35,333.95,124385,BIOCON
4881,2025-04-04 09:45:00+05:30,333.85,334.05,329.05,329.35,162458,BIOCON
4882,2025-04-04 09:50:00+05:30,329.25,329.25,325.5,325.8,270158,BIOCON
4883,2025-04-04 09:55:00+05:30,325.7,327.9,325.64,326.0,103489,BIOCON
4884,2025-04-04 10:00:00+05:30,325.85,326.64,325.1,325.5,59071,BIOCON
4885,2025-04-04 10:05:00+05:30,325.5,327.39,325.35,326.45,35642,BIOCON
4886,2025-04-04 10:10:00+05:30,326.39,326.89,324.64,324.7,55357,BIOCON
4887,2025-04-04 10:15:00+05:30,324.95,325.64,323.5,323.5,51570,BIOCON
4888,2025-04-04 10:20:00+05:30,323.7,324.1,322.14,322.39,69913,BIOCON
4889,2025-04-04 10:25:00+05:30,322.39,323.89,321.3,321.7,73655,BIOCON
4890,2025-04-04 10:30:00+05:30,321.5,323.55,321.35,322.75,61086,BIOCON
4891,2025-04-04 10:35:00+05:30,322.8,326.95,322.8,326.25,69295,BIOCON
4892,2025-04-04 10:40:00+05:30,326.39,326.8,325.35,325.95,48722,BIOCON
4893,2025-04-04 10:45:00+05:30,325.95,327.7,325.85,326.39,35935,BIOCON
4894,2025-04-04 10:50:00+05:30,326.39,327.9,326.39,327.3,23045,BIOCON
4895,2025-04-04 10:55:00+05:30,327.45,327.45,326.0,327.3,16763,BIOCON
4896,2025-04-04 11:00:00+05:30,327.1,327.95,326.64,327.39,34056,BIOCON
4897,2025-04-04 11:05:00+05:30,327.45,327.8,326.95,327.7,28525,BIOCON
4898,2025-04-04 11:10:00+05:30,327.7,328.55,326.89,328.45,231733,BIOCON
4899,2025-04-04 11:15:00+05:30,328.4,328.6,328.0,328.3,20498,BIOCON
4900,2025-04-04 11:20:00+05:30,328.05,328.55,327.95,328.3,18704,BIOCON
4901,2025-04-04 11:25:00+05:30,328.3,329.15,327.95,329.1,16796,BIOCON
4902,2025-04-04 11:30:00+05:30,329.1,329.3,328.5,328.65,18147,BIOCON
4903,2025-04-04 11:35:00+05:30,328.65,328.65,328.0,328.0,18599,BIOCON
4904,2025-04-04 11:40:00+05:30,328.1,328.5,327.85,328.35,22722,BIOCON
4905,2025-04-04 11:45:00+05:30,328.3,329.4,328.0,329.05,121011,BIOCON
4906,2025-04-04 11:50:00+05:30,329.0,329.45,328.65,329.0,116201,BIOCON
4907,2025-04-04 11:55:00+05:30,329.05,329.1,327.55,328.75,172549,BIOCON
4908,2025-04-04 12:00:00+05:30,328.7,328.8,327.85,327.95,13878,BIOCON
4909,2025-04-04 12:05:00+05:30,328.0,329.2,327.7,329.1,42565,BIOCON
4910,2025-04-04 12:10:00+05:30,329.05,329.85,328.8,329.25,21004,BIOCON
4911,2025-04-04 12:15:00+05:30,329.25,329.9,329.0,329.8,14863,BIOCON
4912,2025-04-04 12:20:00+05:30,329.8,329.8,329.0,329.45,15595,BIOCON
4913,2025-04-04 12:25:00+05:30,329.3,329.8,328.9,328.95,20517,BIOCON
4914,2025-04-04 12:30:00+05:30,329.0,329.5,328.85,329.2,14890,BIOCON
4915,2025-04-04 12:35:00+05:30,329.15,329.2,328.15,328.85,28850,BIOCON
4916,2025-04-04 12:40:00+05:30,328.85,329.35,328.85,329.15,7220,BIOCON
4917,2025-04-04 12:45:00+05:30,329.15,329.2,328.55,328.6,19149,BIOCON
4918,2025-04-04 12:50:00+05:30,328.7,329.0,328.4,328.6,11693,BIOCON
4919,2025-04-04 12:55:00+05:30,328.8,329.9,328.6,329.55,17424,BIOCON
4920,2025-04-04 13:00:00+05:30,329.55,329.6,329.0,329.0,7524,BIOCON
4921,2025-04-04 13:05:00+05:30,329.2,329.25,328.45,329.25,25205,BIOCON
4922,2025-04-04 13:10:00+05:30,329.25,329.3,328.4,328.5,19693,BIOCON
4923,2025-04-04 13:15:00+05:30,328.75,329.3,328.3,329.1,24010,BIOCON
4924,2025-04-04 13:20:00+05:30,329.15,329.5,328.65,329.0,21667,BIOCON
4925,2025-04-04 13:25:00+05:30,329.0,329.0,328.5,328.65,15503,BIOCON
4926,2025-04-04 13:30:00+05:30,328.7,328.7,328.1,328.25,21798,BIOCON
4927,2025-04-04 13:35:00+05:30,328.1,328.45,327.25,327.25,23506,BIOCON
4928,2025-04-04 13:40:00+05:30,327.25,327.3,325.05,325.64,42846,BIOCON
4929,2025-04-04 13:45:00+05:30,325.45,325.6,325.0,325.1,28484,BIOCON
4930,2025-04-04 13:50:00+05:30,325.1,326.55,325.1,326.1,17800,BIOCON
4931,2025-04-04 13:55:00+05:30,326.0,326.35,325.85,326.05,12087,BIOCON
4932,2025-04-04 14:00:00+05:30,326.3,326.8,325.7,326.14,22165,BIOCON
4933,2025-04-04 14:05:00+05:30,326.2,326.8,326.14,326.8,10671,BIOCON
4934,2025-04-04 14:10:00+05:30,326.8,327.5,326.7,327.35,30873,BIOCON
4935,2025-04-04 14:15:00+05:30,327.35,327.64,327.0,327.14,17407,BIOCON
4936,2025-04-04 14:20:00+05:30,327.0,327.1,326.05,326.55,13434,BIOCON
4937,2025-04-04 14:25:00+05:30,326.55,326.75,325.95,326.6,12861,BIOCON
4938,2025-04-04 14:30:00+05:30,326.75,327.05,326.1,326.64,33907,BIOCON
4939,2025-04-04 14:35:00+05:30,326.64,326.7,325.0,325.85,44775,BIOCON
4940,2025-04-04 14:40:00+05:30,325.64,325.85,325.0,325.25,19383,BIOCON
4941,2025-04-04 14:45:00+05:30,325.2,326.05,325.14,325.45,19015,BIOCON
4942,2025-04-04 14:50:00+05:30,325.64,326.95,325.45,326.25,41710,BIOCON
4943,2025-04-04 14:55:00+05:30,326.35,326.7,326.0,326.45,34418,BIOCON
4944,2025-04-04 15:00:00+05:30,326.45,327.45,326.39,327.05,49705,BIOCON
4945,2025-04-04 15:05:00+05:30,327.05,328.1,327.0,327.9,29132,BIOCON
4946,2025-04-04 15:10:00+05:30,327.95,328.1,327.2,327.75,50616,BIOCON
4947,2025-04-04 15:15:00+05:30,327.75,328.4,327.35,328.3,102178,BIOCON
4948,2025-04-04 15:20:00+05:30,328.3,328.6,327.95,328.15,68654,BIOCON
4949,2025-04-04 15:25:00+05:30,328.35,328.65,328.0,328.0,59201,BIOCON
4950,2025-04-07 09:15:00+05:30,299.1,311.75,299.0,305.5,269066,BIOCON
4951,2025-04-07 09:20:00+05:30,305.55,310.45,304.45,308.45,109240,BIOCON
4952,2025-04-07 09:25:00+05:30,308.6,310.25,308.25,309.7,79055,BIOCON
4953,2025-04-07 09:30:00+05:30,309.75,311.75,309.3,310.35,65931,BIOCON
4954,2025-04-07 09:35:00+05:30,310.35,310.95,308.1,308.1,69809,BIOCON
4955,2025-04-07 09:40:00+05:30,308.25,308.55,306.7,308.1,40335,BIOCON
4956,2025-04-07 09:45:00+05:30,308.1,308.64,307.0,307.7,36207,BIOCON
4957,2025-04-07 09:50:00+05:30,307.64,307.8,306.5,307.25,47579,BIOCON
4958,2025-04-07 09:55:00+05:30,307.25,309.0,307.1,308.25,26217,BIOCON
4959,2025-04-07 10:00:00+05:30,308.3,309.3,306.89,307.3,34781,BIOCON
4960,2025-04-07 10:05:00+05:30,307.35,308.39,306.7,306.89,19196,BIOCON
4961,2025-04-07 10:10:00+05:30,306.89,307.25,305.39,306.35,40495,BIOCON
4962,2025-04-07 10:15:00+05:30,306.64,306.64,303.5,304.2,46623,BIOCON
4963,2025-04-07 10:20:00+05:30,304.25,306.0,304.14,305.14,14038,BIOCON
4964,2025-04-07 10:25:00+05:30,305.14,307.25,304.89,306.8,11376,BIOCON
4965,2025-04-07 10:30:00+05:30,306.85,307.0,304.95,305.0,37038,BIOCON
4966,2025-04-07 10:35:00+05:30,305.2,305.85,304.2,305.35,42620,BIOCON
4967,2025-04-07 10:40:00+05:30,305.5,307.95,304.75,307.55,64121,BIOCON
4968,2025-04-07 10:45:00+05:30,307.6,308.6,306.85,308.25,53386,BIOCON
4969,2025-04-07 10:50:00+05:30,308.5,309.85,308.25,308.6,31575,BIOCON
4970,2025-04-07 10:55:00+05:30,308.8,309.2,307.25,307.39,17462,BIOCON
4971,2025-04-07 11:00:00+05:30,307.75,308.25,307.3,307.6,20551,BIOCON
4972,2025-04-07 11:05:00+05:30,307.64,308.5,307.45,307.89,70577,BIOCON
4973,2025-04-07 11:10:00+05:30,307.89,308.7,306.8,308.3,26915,BIOCON
4974,2025-04-07 11:15:00+05:30,308.3,308.95,308.3,308.5,12042,BIOCON
4975,2025-04-07 11:20:00+05:30,308.5,308.7,307.2,307.25,12344,BIOCON
4976,2025-04-07 11:25:00+05:30,307.45,307.95,307.14,307.64,24449,BIOCON
4977,2025-04-07 11:30:00+05:30,307.95,308.8,307.64,308.35,10652,BIOCON
4978,2025-04-07 11:35:00+05:30,308.6,309.3,308.25,308.45,18735,BIOCON
4979,2025-04-07 11:40:00+05:30,308.7,308.8,306.14,306.64,20067,BIOCON
4980,2025-04-07 11:45:00+05:30,306.6,307.39,305.6,307.14,14766,BIOCON
4981,2025-04-07 11:50:00+05:30,307.3,307.3,306.0,306.5,16923,BIOCON
4982,2025-04-07 11:55:00+05:30,306.5,306.75,305.7,306.1,14217,BIOCON
4983,2025-04-07 12:00:00+05:30,306.35,306.39,305.6,305.64,2962,BIOCON
4984,2025-04-07 12:05:00+05:30,305.64,305.95,305.0,305.1,8504,BIOCON
4985,2025-04-07 12:10:00+05:30,305.1,305.2,303.75,304.3,26440,BIOCON
4986,2025-04-07 12:15:00+05:30,304.3,304.35,303.1,303.25,26679,BIOCON
4987,2025-04-07 12:20:00+05:30,303.35,304.0,303.1,303.1,13215,BIOCON
4988,2025-04-07 12:25:00+05:30,303.1,303.6,302.64,303.25,12608,BIOCON
4989,2025-04-07 12:30:00+05:30,303.25,303.75,302.05,302.6,16398,BIOCON
4990,2025-04-07 12:35:00+05:30,302.75,303.55,302.39,303.3,11631,BIOCON
4991,2025-04-07 12:40:00+05:30,303.45,304.14,302.45,304.05,38744,BIOCON
4992,2025-04-07 12:45:00+05:30,303.8,304.35,303.6,303.89,15651,BIOCON
4993,2025-04-07 12:50:00+05:30,304.1,304.45,303.0,303.1,28695,BIOCON
4994,2025-04-07 12:55:00+05:30,303.3,303.3,302.3,302.55,8716,BIOCON
4995,2025-04-07 13:00:00+05:30,302.35,302.5,300.6,300.75,37790,BIOCON
4996,2025-04-07 13:05:00+05:30,300.75,301.55,300.75,301.05,15781,BIOCON
4997,2025-04-07 13:10:00+05:30,301.1,301.39,300.5,301.14,25923,BIOCON
4998,2025-04-07 13:15:00+05:30,301.25,301.25,300.7,300.7,10426,BIOCON
4999,2025-04-07 13:20:00+05:30,300.7,301.39,300.25,301.39,19224,BIOCON
5000,2025-04-07 13:25:00+05:30,301.39,302.8,301.2,302.14,28151,BIOCON
5001,2025-04-07 13:30:00+05:30,302.2,303.25,302.0,302.7,22920,BIOCON
5002,2025-04-07 13:35:00+05:30,302.75,304.0,302.55,303.75,59499,BIOCON
5003,2025-04-07 13:40:00+05:30,303.75,305.0,303.45,304.5,50421,BIOCON
5004,2025-04-07 13:45:00+05:30,304.5,305.45,303.8,304.35,27120,BIOCON
5005,2025-04-07 13:50:00+05:30,304.35,304.7,304.05,304.55,10943,BIOCON
5006,2025-04-07 13:55:00+05:30,304.55,304.64,303.35,304.3,29722,BIOCON
5007,2025-04-07 14:00:00+05:30,304.3,304.3,303.0,303.8,26453,BIOCON
5008,2025-04-07 14:05:00+05:30,303.8,304.3,303.7,304.3,6318,BIOCON
5009,2025-04-07 14:10:00+05:30,304.3,304.39,303.5,303.6,11216,BIOCON
5010,2025-04-07 14:15:00+05:30,303.8,304.1,303.35,303.89,18495,BIOCON
5011,2025-04-07 14:20:00+05:30,304.05,305.39,303.5,305.1,35216,BIOCON
5012,2025-04-07 14:25:00+05:30,305.2,305.2,304.5,305.2,25611,BIOCON
5013,2025-04-07 14:30:00+05:30,305.05,306.05,305.0,305.55,64255,BIOCON
5014,2025-04-07 14:35:00+05:30,305.6,305.64,305.0,305.25,9648,BIOCON
5015,2025-04-07 14:40:00+05:30,305.35,305.45,304.8,305.14,12800,BIOCON
5016,2025-04-07 14:45:00+05:30,305.0,305.55,305.0,305.05,15071,BIOCON
5017,2025-04-07 14:50:00+05:30,305.05,305.85,305.05,305.55,16327,BIOCON
5018,2025-04-07 14:55:00+05:30,305.64,306.35,305.45,306.14,28484,BIOCON
5019,2025-04-07 15:00:00+05:30,306.14,307.39,306.0,306.5,41826,BIOCON
5020,2025-04-07 15:05:00+05:30,306.75,307.75,306.14,307.6,75779,BIOCON
5021,2025-04-07 15:10:00+05:30,307.75,307.75,306.45,306.75,18584,BIOCON
5022,2025-04-07 15:15:00+05:30,306.8,307.0,306.25,306.85,41640,BIOCON
5023,2025-04-07 15:20:00+05:30,306.85,309.75,306.3,309.45,92307,BIOCON
5024,2025-04-07 15:25:00+05:30,309.55,309.95,306.89,308.14,138080,BIOCON
5025,2025-04-08 09:15:00+05:30,312.05,324.0,312.05,314.3,109821,BIOCON
5026,2025-04-08 09:20:00+05:30,314.3,315.5,313.3,313.3,43805,BIOCON
5027,2025-04-08 09:25:00+05:30,313.39,315.85,313.3,315.45,48442,BIOCON
5028,2025-04-08 09:30:00+05:30,315.5,315.7,313.3,313.6,33136,BIOCON
5029,2025-04-08 09:35:00+05:30,313.6,313.85,312.0,312.45,44583,BIOCON
5030,2025-04-08 09:40:00+05:30,312.45,312.85,309.7,310.14,53688,BIOCON
5031,2025-04-08 09:45:00+05:30,310.1,311.14,309.6,309.95,34579,BIOCON
5032,2025-04-08 09:50:00+05:30,309.95,310.39,308.8,309.3,31884,BIOCON
5033,2025-04-08 09:55:00+05:30,309.14,309.6,308.5,309.3,27421,BIOCON
5034,2025-04-08 10:00:00+05:30,309.3,309.8,308.89,309.25,21153,BIOCON
5035,2025-04-08 10:05:00+05:30,308.95,309.89,308.85,309.25,26954,BIOCON
5036,2025-04-08 10:10:00+05:30,309.2,311.5,308.95,310.85,34894,BIOCON
5037,2025-04-08 10:15:00+05:30,310.8,311.5,310.39,310.95,25697,BIOCON
5038,2025-04-08 10:20:00+05:30,311.1,312.05,310.3,312.05,33102,BIOCON
5039,2025-04-08 10:25:00+05:30,312.1,313.2,311.89,313.05,49060,BIOCON
5040,2025-04-08 10:30:00+05:30,313.2,314.5,312.2,312.5,64523,BIOCON
5041,2025-04-08 10:35:00+05:30,312.5,312.5,310.35,310.35,31754,BIOCON
5042,2025-04-08 10:40:00+05:30,310.7,311.39,310.1,310.25,17934,BIOCON
5043,2025-04-08 10:45:00+05:30,310.25,310.6,309.14,309.6,22529,BIOCON
5044,2025-04-08 10:50:00+05:30,309.64,310.89,309.3,310.89,25077,BIOCON
5045,2025-04-08 10:55:00+05:30,310.95,313.7,310.3,313.35,69503,BIOCON
5046,2025-04-08 11:00:00+05:30,313.2,314.1,312.95,313.25,28996,BIOCON
5047,2025-04-08 11:05:00+05:30,313.3,316.8,313.3,316.55,59432,BIOCON
5048,2025-04-08 11:10:00+05:30,316.7,316.7,315.0,315.0,40416,BIOCON
5049,2025-04-08 11:15:00+05:30,315.0,316.8,314.75,316.25,45016,BIOCON
5050,2025-04-08 11:20:00+05:30,316.39,316.95,316.05,316.8,30306,BIOCON
5051,2025-04-08 11:25:00+05:30,316.8,317.0,315.85,315.89,30528,BIOCON
5052,2025-04-08 11:30:00+05:30,316.25,316.3,315.05,316.3,21836,BIOCON
5053,2025-04-08 11:35:00+05:30,316.3,316.64,315.5,316.35,27506,BIOCON
5054,2025-04-08 11:40:00+05:30,316.3,316.39,315.6,315.89,26052,BIOCON
5055,2025-04-08 11:45:00+05:30,316.0,316.25,315.39,315.8,21229,BIOCON
5056,2025-04-08 11:50:00+05:30,315.8,315.8,314.7,315.5,23508,BIOCON
5057,2025-04-08 11:55:00+05:30,315.6,315.85,315.0,315.3,16485,BIOCON
5058,2025-04-08 12:00:00+05:30,315.45,317.35,315.45,317.25,37556,BIOCON
5059,2025-04-08 12:05:00+05:30,317.25,318.6,317.25,318.39,38994,BIOCON
5060,2025-04-08 12:10:00+05:30,318.39,319.64,318.39,319.5,26113,BIOCON
5061,2025-04-08 12:15:00+05:30,319.35,319.6,318.5,318.7,11185,BIOCON
5062,2025-04-08 12:20:00+05:30,318.6,320.25,318.2,320.25,87897,BIOCON
5063,2025-04-08 12:25:00+05:30,320.25,321.75,319.85,321.7,98162,BIOCON
5064,2025-04-08 12:30:00+05:30,321.7,322.95,321.39,322.85,44911,BIOCON
5065,2025-04-08 12:35:00+05:30,322.64,324.35,322.64,324.2,125476,BIOCON
5066,2025-04-08 12:40:00+05:30,324.05,324.8,322.85,324.5,122458,BIOCON
5067,2025-04-08 12:45:00+05:30,324.5,324.95,323.75,324.95,75608,BIOCON
5068,2025-04-08 12:50:00+05:30,324.95,326.0,324.8,326.0,120302,BIOCON
5069,2025-04-08 12:55:00+05:30,325.75,327.39,325.75,326.7,189724,BIOCON
5070,2025-04-08 13:00:00+05:30,326.7,327.3,325.25,327.0,164250,BIOCON
5071,2025-04-08 13:05:00+05:30,326.89,327.0,326.05,326.6,80432,BIOCON
5072,2025-04-08 13:10:00+05:30,326.64,326.64,325.55,325.7,90003,BIOCON
5073,2025-04-08 13:15:00+05:30,325.85,326.05,325.3,325.75,46910,BIOCON
5074,2025-04-08 13:20:00+05:30,325.75,325.89,324.14,325.39,117056,BIOCON
5075,2025-04-08 13:25:00+05:30,325.39,325.75,325.0,325.05,25097,BIOCON
5076,2025-04-08 13:30:00+05:30,325.14,325.39,324.39,324.55,38009,BIOCON
5077,2025-04-08 13:35:00+05:30,324.6,325.6,324.1,324.7,55330,BIOCON
5078,2025-04-08 13:40:00+05:30,324.85,325.25,324.3,324.75,43876,BIOCON
5079,2025-04-08 13:45:00+05:30,324.64,324.8,323.6,323.8,56616,BIOCON
5080,2025-04-08 13:50:00+05:30,323.85,324.05,322.35,322.95,87697,BIOCON
5081,2025-04-08 13:55:00+05:30,323.0,323.25,320.5,321.25,118397,BIOCON
5082,2025-04-08 14:00:00+05:30,321.2,322.3,319.64,319.85,77602,BIOCON
5083,2025-04-08 14:05:00+05:30,319.85,321.14,319.75,319.95,277742,BIOCON
5084,2025-04-08 14:10:00+05:30,320.0,320.39,319.45,320.0,42290,BIOCON
5085,2025-04-08 14:15:00+05:30,320.1,321.2,319.75,320.95,84849,BIOCON
5086,2025-04-08 14:20:00+05:30,320.95,323.25,320.6,323.2,65564,BIOCON
5087,2025-04-08 14:25:00+05:30,323.25,323.85,323.0,323.75,29758,BIOCON
5088,2025-04-08 14:30:00+05:30,323.64,324.14,323.0,323.7,34039,BIOCON
5089,2025-04-08 14:35:00+05:30,323.64,323.75,323.1,323.1,15766,BIOCON
5090,2025-04-08 14:40:00+05:30,323.35,323.64,323.0,323.0,30751,BIOCON
5091,2025-04-08 14:45:00+05:30,323.1,323.14,321.89,322.2,30982,BIOCON
5092,2025-04-08 14:50:00+05:30,322.2,322.7,321.95,322.35,24258,BIOCON
5093,2025-04-08 14:55:00+05:30,322.14,322.35,321.5,321.85,17002,BIOCON
5094,2025-04-08 15:00:00+05:30,321.85,322.25,321.35,321.35,17091,BIOCON
5095,2025-04-08 15:05:00+05:30,321.5,322.45,321.35,322.25,32747,BIOCON
5096,2025-04-08 15:10:00+05:30,322.1,322.35,321.8,321.8,22269,BIOCON
5097,2025-04-08 15:15:00+05:30,321.95,322.7,321.64,322.6,61455,BIOCON
5098,2025-04-08 15:20:00+05:30,322.6,322.8,322.3,322.75,33688,BIOCON
5099,2025-04-08 15:25:00+05:30,322.7,323.25,322.14,322.14,60603,BIOCON
5100,2025-04-09 09:15:00+05:30,315.64,316.1,311.1,313.05,213054,BIOCON
5101,2025-04-09 09:20:00+05:30,313.14,314.85,312.85,313.0,51847,BIOCON
5102,2025-04-09 09:25:00+05:30,312.8,312.8,310.35,311.3,85369,BIOCON
5103,2025-04-09 09:30:00+05:30,311.39,311.39,309.8,310.89,56094,BIOCON
5104,2025-04-09 09:35:00+05:30,310.85,311.55,309.14,309.6,85002,BIOCON
5105,2025-04-09 09:40:00+05:30,309.55,311.39,309.2,311.35,47162,BIOCON
5106,2025-04-09 09:45:00+05:30,311.1,311.45,309.89,310.3,58201,BIOCON
5107,2025-04-09 09:50:00+05:30,310.45,310.55,309.85,310.0,44095,BIOCON
5108,2025-04-09 09:55:00+05:30,310.0,310.25,308.95,310.0,110131,BIOCON
5109,2025-04-09 10:00:00+05:30,310.0,310.1,308.64,309.5,92668,BIOCON
5110,2025-04-09 10:05:00+05:30,309.55,309.55,308.2,308.89,84820,BIOCON
5111,2025-04-09 10:10:00+05:30,308.6,308.8,306.64,307.75,167319,BIOCON
5112,2025-04-09 10:15:00+05:30,307.7,310.2,307.3,309.45,121531,BIOCON
5113,2025-04-09 10:20:00+05:30,309.45,310.3,309.25,310.14,68398,BIOCON
5114,2025-04-09 10:25:00+05:30,310.14,310.5,309.25,309.55,30750,BIOCON
5115,2025-04-09 10:30:00+05:30,309.39,310.3,309.1,310.0,54242,BIOCON
5116,2025-04-09 10:35:00+05:30,310.0,310.0,309.35,309.45,13073,BIOCON
5117,2025-04-09 10:40:00+05:30,309.3,309.45,308.5,308.8,28369,BIOCON
5118,2025-04-09 10:45:00+05:30,308.8,309.35,308.75,309.2,27228,BIOCON
5119,2025-04-09 10:50:00+05:30,309.2,309.45,308.0,308.5,54152,BIOCON
5120,2025-04-09 10:55:00+05:30,308.39,308.7,307.85,307.85,22418,BIOCON
5121,2025-04-09 11:00:00+05:30,307.85,307.85,305.85,306.3,102402,BIOCON
5122,2025-04-09 11:05:00+05:30,306.45,306.5,305.25,305.7,80206,BIOCON
5123,2025-04-09 11:10:00+05:30,305.75,306.2,305.1,306.0,50424,BIOCON
5124,2025-04-09 11:15:00+05:30,306.05,306.35,305.8,305.95,37847,BIOCON
5125,2025-04-09 11:20:00+05:30,305.95,306.8,305.95,306.2,19825,BIOCON
5126,2025-04-09 11:25:00+05:30,306.35,306.89,306.14,306.85,11534,BIOCON
5127,2025-04-09 11:30:00+05:30,306.85,308.8,306.85,308.25,61557,BIOCON
5128,2025-04-09 11:35:00+05:30,308.25,309.6,307.7,309.6,40839,BIOCON
5129,2025-04-09 11:40:00+05:30,309.55,309.75,308.45,308.8,43883,BIOCON
5130,2025-04-09 11:45:00+05:30,308.89,309.39,308.39,308.5,86657,BIOCON
5131,2025-04-09 11:50:00+05:30,308.6,308.85,307.8,308.25,54200,BIOCON
5132,2025-04-09 11:55:00+05:30,308.25,308.5,307.35,307.39,19850,BIOCON
5133,2025-04-09 12:00:00+05:30,307.45,307.45,306.35,307.14,78237,BIOCON
5134,2025-04-09 12:05:00+05:30,307.25,307.89,307.14,307.75,31510,BIOCON
5135,2025-04-09 12:10:00+05:30,307.64,307.95,307.2,307.85,30371,BIOCON
5136,2025-04-09 12:15:00+05:30,307.89,307.95,307.55,307.64,9388,BIOCON
5137,2025-04-09 12:20:00+05:30,307.6,307.7,307.05,307.05,15253,BIOCON
5138,2025-04-09 12:25:00+05:30,307.0,307.35,307.0,307.25,10119,BIOCON
5139,2025-04-09 12:30:00+05:30,307.1,308.64,307.0,308.55,34234,BIOCON
5140,2025-04-09 12:35:00+05:30,308.6,309.2,308.0,308.45,36741,BIOCON
5141,2025-04-09 12:40:00+05:30,308.45,308.64,308.1,308.6,13781,BIOCON
5142,2025-04-09 12:45:00+05:30,308.55,310.85,308.55,310.45,70844,BIOCON
5143,2025-04-09 12:50:00+05:30,310.6,310.6,309.8,309.8,29646,BIOCON
5144,2025-04-09 12:55:00+05:30,309.8,309.89,309.25,309.55,21677,BIOCON
5145,2025-04-09 13:00:00+05:30,309.39,309.89,309.0,309.8,16659,BIOCON
5146,2025-04-09 13:05:00+05:30,309.8,310.1,309.6,310.1,14758,BIOCON
5147,2025-04-09 13:10:00+05:30,310.1,310.6,309.95,310.14,33755,BIOCON
5148,2025-04-09 13:15:00+05:30,310.0,310.45,309.55,309.8,16842,BIOCON
5149,2025-04-09 13:20:00+05:30,309.8,309.8,308.2,308.45,27111,BIOCON
5150,2025-04-09 13:25:00+05:30,308.5,308.89,308.35,308.75,11638,BIOCON
5151,2025-04-09 13:30:00+05:30,308.7,308.85,307.8,308.14,34065,BIOCON
5152,2025-04-09 13:35:00+05:30,308.14,308.5,307.6,307.89,18524,BIOCON
5153,2025-04-09 13:40:00+05:30,307.75,308.1,307.55,307.8,18155,BIOCON
5154,2025-04-09 13:45:00+05:30,307.8,307.8,307.39,307.64,13280,BIOCON
5155,2025-04-09 13:50:00+05:30,307.64,307.64,307.2,307.5,23505,BIOCON
5156,2025-04-09 13:55:00+05:30,307.35,308.25,307.35,308.14,19711,BIOCON
5157,2025-04-09 14:00:00+05:30,308.14,308.5,307.8,308.2,16601,BIOCON
5158,2025-04-09 14:05:00+05:30,308.0,308.25,308.0,308.2,7627,BIOCON
5159,2025-04-09 14:10:00+05:30,308.0,308.0,307.14,307.25,22049,BIOCON
5160,2025-04-09 14:15:00+05:30,307.25,307.5,307.1,307.25,19649,BIOCON
5161,2025-04-09 14:20:00+05:30,307.39,307.5,307.0,307.25,11731,BIOCON
5162,2025-04-09 14:25:00+05:30,307.25,307.45,306.64,306.75,36658,BIOCON
5163,2025-04-09 14:30:00+05:30,306.8,307.1,306.45,306.85,18984,BIOCON
5164,2025-04-09 14:35:00+05:30,306.85,307.35,306.6,307.35,13299,BIOCON
5165,2025-04-09 14:40:00+05:30,307.35,307.5,306.85,307.25,22790,BIOCON
5166,2025-04-09 14:45:00+05:30,307.14,307.3,307.0,307.25,16492,BIOCON
5167,2025-04-09 14:50:00+05:30,307.25,307.8,306.5,306.7,46018,BIOCON
5168,2025-04-09 14:55:00+05:30,306.7,306.89,306.45,306.64,32694,BIOCON
5169,2025-04-09 15:00:00+05:30,306.7,307.5,306.39,307.3,52407,BIOCON
5170,2025-04-09 15:05:00+05:30,307.3,307.3,306.6,307.14,32563,BIOCON
5171,2025-04-09 15:10:00+05:30,307.14,307.5,306.7,306.8,35977,BIOCON
5172,2025-04-09 15:15:00+05:30,306.8,307.0,306.3,306.39,137678,BIOCON
5173,2025-04-09 15:20:00+05:30,306.55,306.55,305.05,305.14,95866,BIOCON
5174,2025-04-09 15:25:00+05:30,305.3,306.0,305.0,305.6,103918,BIOCON
5175,2025-04-11 09:15:00+05:30,320.0,323.0,315.1,315.64,597771,BIOCON
5176,2025-04-11 09:20:00+05:30,315.6,317.45,315.39,317.05,146387,BIOCON
5177,2025-04-11 09:25:00+05:30,317.2,318.0,315.8,316.05,104863,BIOCON
5178,2025-04-11 09:30:00+05:30,316.05,317.39,315.1,317.2,120151,BIOCON
5179,2025-04-11 09:35:00+05:30,316.95,317.95,316.95,317.7,72075,BIOCON
5180,2025-04-11 09:40:00+05:30,317.5,317.7,316.3,316.6,45121,BIOCON
5181,2025-04-11 09:45:00+05:30,316.6,316.85,315.8,316.0,66712,BIOCON
5182,2025-04-11 09:50:00+05:30,316.2,316.25,315.39,315.45,57697,BIOCON
5183,2025-04-11 09:55:00+05:30,315.45,315.64,313.6,314.45,192000,BIOCON
5184,2025-04-11 10:00:00+05:30,314.35,315.6,314.3,315.5,54571,BIOCON
5185,2025-04-11 10:05:00+05:30,315.5,315.8,314.64,314.89,32315,BIOCON
5186,2025-04-11 10:10:00+05:30,314.64,315.0,314.55,314.85,15147,BIOCON
5187,2025-04-11 10:15:00+05:30,314.85,315.39,314.6,314.75,17443,BIOCON
5188,2025-04-11 10:20:00+05:30,314.75,314.85,313.8,314.1,54689,BIOCON
5189,2025-04-11 10:25:00+05:30,314.25,315.39,314.0,315.25,28669,BIOCON
5190,2025-04-11 10:30:00+05:30,315.39,317.25,315.39,316.55,64232,BIOCON
5191,2025-04-11 10:35:00+05:30,316.7,316.75,315.55,315.8,27926,BIOCON
5192,2025-04-11 10:40:00+05:30,315.7,316.0,315.45,315.95,31377,BIOCON
5193,2025-04-11 10:45:00+05:30,315.95,316.25,315.25,316.14,28537,BIOCON
5194,2025-04-11 10:50:00+05:30,316.14,316.64,315.55,315.89,19549,BIOCON
5195,2025-04-11 10:55:00+05:30,316.0,316.55,315.89,316.35,12615,BIOCON
5196,2025-04-11 11:00:00+05:30,316.55,316.89,316.35,316.8,23156,BIOCON
5197,2025-04-11 11:05:00+05:30,316.8,317.2,316.55,316.8,33303,BIOCON
5198,2025-04-11 11:10:00+05:30,316.75,316.85,316.35,316.39,8912,BIOCON
5199,2025-04-11 11:15:00+05:30,316.55,316.6,315.8,316.05,13803,BIOCON
5200,2025-04-11 11:20:00+05:30,316.1,316.25,315.95,316.2,9586,BIOCON
5201,2025-04-11 11:25:00+05:30,316.25,316.35,316.0,316.0,7962,BIOCON
5202,2025-04-11 11:30:00+05:30,316.25,316.5,316.0,316.25,8136,BIOCON
5203,2025-04-11 11:35:00+05:30,316.25,317.14,316.05,317.05,26723,BIOCON
5204,2025-04-11 11:40:00+05:30,317.14,317.8,317.0,317.0,50017,BIOCON
5205,2025-04-11 11:45:00+05:30,317.0,317.8,317.0,317.7,42503,BIOCON
5206,2025-04-11 11:50:00+05:30,317.55,317.55,316.55,316.6,17933,BIOCON
5207,2025-04-11 11:55:00+05:30,316.8,316.85,316.6,316.64,3796,BIOCON
5208,2025-04-11 12:00:00+05:30,316.85,316.85,316.64,316.64,6302,BIOCON
5209,2025-04-11 12:05:00+05:30,316.85,317.64,316.8,317.45,12433,BIOCON
5210,2025-04-11 12:10:00+05:30,317.45,317.75,317.05,317.05,20687,BIOCON
5211,2025-04-11 12:15:00+05:30,317.14,317.75,317.05,317.6,13132,BIOCON
5212,2025-04-11 12:20:00+05:30,317.55,317.64,317.3,317.5,7872,BIOCON
5213,2025-04-11 12:25:00+05:30,317.55,318.5,317.39,317.75,52419,BIOCON
5214,2025-04-11 12:30:00+05:30,317.55,318.0,317.35,317.89,19947,BIOCON
5215,2025-04-11 12:35:00+05:30,317.89,318.05,317.14,317.25,38936,BIOCON
5216,2025-04-11 12:40:00+05:30,317.45,317.89,317.25,317.64,6296,BIOCON
5217,2025-04-11 12:45:00+05:30,317.64,318.75,317.6,318.1,27046,BIOCON
5218,2025-04-11 12:50:00+05:30,318.1,318.3,317.64,317.64,28274,BIOCON
5219,2025-04-11 12:55:00+05:30,317.64,318.1,317.5,317.55,11526,BIOCON
5220,2025-04-11 13:00:00+05:30,317.55,317.89,317.1,317.35,23257,BIOCON
5221,2025-04-11 13:05:00+05:30,317.5,317.5,317.1,317.5,5561,BIOCON
5222,2025-04-11 13:10:00+05:30,317.5,317.75,317.39,317.7,8960,BIOCON
5223,2025-04-11 13:15:00+05:30,317.7,317.7,316.5,316.5,11675,BIOCON
5224,2025-04-11 13:20:00+05:30,316.6,316.64,316.5,316.64,6646,BIOCON
5225,2025-04-11 13:25:00+05:30,316.64,316.64,316.0,316.1,14315,BIOCON
5226,2025-04-11 13:30:00+05:30,316.1,316.1,315.3,315.45,38383,BIOCON
5227,2025-04-11 13:35:00+05:30,315.5,316.39,315.45,316.39,5032,BIOCON
5228,2025-04-11 13:40:00+05:30,316.3,316.39,316.0,316.35,6478,BIOCON
5229,2025-04-11 13:45:00+05:30,316.2,316.2,315.7,315.89,7834,BIOCON
5230,2025-04-11 13:50:00+05:30,315.89,315.95,315.3,315.39,22531,BIOCON
5231,2025-04-11 13:55:00+05:30,315.39,316.39,315.0,316.25,25831,BIOCON
5232,2025-04-11 14:00:00+05:30,316.39,316.45,315.8,316.0,15428,BIOCON
5233,2025-04-11 14:05:00+05:30,316.0,316.25,315.45,316.1,15529,BIOCON
5234,2025-04-11 14:10:00+05:30,316.05,316.1,315.6,315.8,13070,BIOCON
5235,2025-04-11 14:15:00+05:30,315.75,316.0,315.35,315.6,9642,BIOCON
5236,2025-04-11 14:20:00+05:30,315.8,315.8,315.35,315.5,6061,BIOCON
5237,2025-04-11 14:25:00+05:30,315.5,315.89,315.2,315.35,16825,BIOCON
5238,2025-04-11 14:30:00+05:30,315.35,315.89,315.35,315.64,6889,BIOCON
5239,2025-04-11 14:35:00+05:30,315.85,315.85,315.14,315.55,10159,BIOCON
5240,2025-04-11 14:40:00+05:30,315.3,316.89,315.25,316.89,32784,BIOCON
5241,2025-04-11 14:45:00+05:30,316.85,316.89,316.7,316.7,16560,BIOCON
5242,2025-04-11 14:50:00+05:30,316.85,316.85,315.89,316.45,37587,BIOCON
5243,2025-04-11 14:55:00+05:30,316.39,317.2,316.25,317.05,27138,BIOCON
5244,2025-04-11 15:00:00+05:30,317.05,317.14,316.0,316.25,61938,BIOCON
5245,2025-04-11 15:05:00+05:30,316.35,316.6,315.75,316.55,59240,BIOCON
5246,2025-04-11 15:10:00+05:30,316.6,316.8,316.39,316.55,40186,BIOCON
5247,2025-04-11 15:15:00+05:30,316.6,316.85,316.25,316.35,79632,BIOCON
5248,2025-04-11 15:20:00+05:30,316.45,316.5,316.05,316.25,64578,BIOCON
5249,2025-04-11 15:25:00+05:30,316.14,318.5,316.05,317.0,86817,BIOCON
5250,2025-04-15 09:15:00+05:30,321.0,321.5,319.7,321.05,84527,BIOCON
5251,2025-04-15 09:20:00+05:30,321.14,326.25,321.05,325.64,159650,BIOCON
5252,2025-04-15 09:25:00+05:30,325.5,326.3,323.85,324.55,103507,BIOCON
5253,2025-04-15 09:30:00+05:30,324.5,325.5,324.45,324.85,28130,BIOCON
5254,2025-04-15 09:35:00+05:30,324.89,327.0,324.6,326.85,48952,BIOCON
5255,2025-04-15 09:40:00+05:30,326.89,326.95,326.0,326.1,31699,BIOCON
5256,2025-04-15 09:45:00+05:30,326.25,326.6,326.05,326.2,20849,BIOCON
5257,2025-04-15 09:50:00+05:30,326.2,326.85,326.0,326.6,25125,BIOCON
5258,2025-04-15 09:55:00+05:30,326.75,326.75,326.1,326.6,7979,BIOCON
5259,2025-04-15 10:00:00+05:30,326.64,327.0,326.1,326.14,20365,BIOCON
5260,2025-04-15 10:05:00+05:30,326.39,326.89,326.0,326.55,16088,BIOCON
5261,2025-04-15 10:10:00+05:30,326.5,327.35,326.2,326.8,26549,BIOCON
5262,2025-04-15 10:15:00+05:30,326.75,326.95,326.2,326.5,13723,BIOCON
5263,2025-04-15 10:20:00+05:30,326.5,326.75,326.1,326.1,6337,BIOCON
5264,2025-04-15 10:25:00+05:30,326.25,326.6,326.0,326.45,12153,BIOCON
5265,2025-04-15 10:30:00+05:30,326.6,326.64,326.2,326.39,8364,BIOCON
5266,2025-04-15 10:35:00+05:30,326.39,326.39,326.0,326.14,4347,BIOCON
5267,2025-04-15 10:40:00+05:30,326.25,326.8,326.05,326.75,7278,BIOCON
5268,2025-04-15 10:45:00+05:30,326.75,327.05,326.6,327.0,13173,BIOCON
5269,2025-04-15 10:50:00+05:30,326.85,327.14,326.05,326.89,31100,BIOCON
5270,2025-04-15 10:55:00+05:30,326.89,327.14,326.64,327.05,7258,BIOCON
5271,2025-04-15 11:00:00+05:30,327.05,327.75,326.8,327.7,18061,BIOCON
5272,2025-04-15 11:05:00+05:30,327.7,327.75,327.05,327.14,12947,BIOCON
5273,2025-04-15 11:10:00+05:30,327.39,328.55,327.0,328.55,26926,BIOCON
5274,2025-04-15 11:15:00+05:30,328.3,329.2,328.05,328.55,109980,BIOCON
5275,2025-04-15 11:20:00+05:30,328.35,328.65,328.05,328.3,29579,BIOCON
5276,2025-04-15 11:25:00+05:30,328.5,328.95,328.1,328.95,33470,BIOCON
5277,2025-04-15 11:30:00+05:30,328.9,329.25,328.85,329.25,16958,BIOCON
5278,2025-04-15 11:35:00+05:30,329.25,329.55,328.6,328.8,35902,BIOCON
5279,2025-04-15 11:40:00+05:30,328.8,329.0,328.1,328.3,25243,BIOCON
5280,2025-04-15 11:45:00+05:30,328.3,328.4,327.7,328.1,24522,BIOCON
5281,2025-04-15 11:50:00+05:30,328.25,328.8,328.1,328.55,25662,BIOCON
5282,2025-04-15 11:55:00+05:30,328.5,328.55,327.95,328.4,26346,BIOCON
5283,2025-04-15 12:00:00+05:30,328.4,328.65,328.2,328.6,8094,BIOCON
5284,2025-04-15 12:05:00+05:30,328.6,328.8,327.95,328.3,38158,BIOCON
5285,2025-04-15 12:10:00+05:30,328.3,328.35,327.95,328.35,10413,BIOCON
5286,2025-04-15 12:15:00+05:30,328.2,328.65,328.2,328.6,34220,BIOCON
5287,2025-04-15 12:20:00+05:30,328.6,328.6,328.15,328.3,9340,BIOCON
5288,2025-04-15 12:25:00+05:30,328.3,328.6,328.3,328.6,6479,BIOCON
5289,2025-04-15 12:30:00+05:30,328.6,329.0,328.4,329.0,32642,BIOCON
5290,2025-04-15 12:35:00+05:30,329.0,329.25,328.75,329.15,12801,BIOCON
5291,2025-04-15 12:40:00+05:30,329.15,329.6,328.85,329.55,27217,BIOCON
5292,2025-04-15 12:45:00+05:30,329.55,329.55,329.05,329.3,13973,BIOCON
5293,2025-04-15 12:50:00+05:30,329.3,329.45,328.75,328.9,12124,BIOCON
5294,2025-04-15 12:55:00+05:30,328.9,329.35,328.8,329.3,22827,BIOCON
5295,2025-04-15 13:00:00+05:30,329.3,329.35,329.05,329.3,6695,BIOCON
5296,2025-04-15 13:05:00+05:30,329.3,329.3,329.0,329.15,7536,BIOCON
5297,2025-04-15 13:10:00+05:30,329.15,329.2,328.9,329.15,14810,BIOCON
5298,2025-04-15 13:15:00+05:30,329.15,329.3,328.95,329.2,15007,BIOCON
5299,2025-04-15 13:20:00+05:30,329.2,329.3,329.1,329.2,15380,BIOCON
5300,2025-04-15 13:25:00+05:30,329.2,329.2,328.1,328.25,37345,BIOCON
5301,2025-04-15 13:30:00+05:30,328.5,328.65,328.05,328.25,15138,BIOCON
5302,2025-04-15 13:35:00+05:30,328.25,328.35,328.0,328.35,16031,BIOCON
5303,2025-04-15 13:40:00+05:30,328.35,328.4,328.1,328.35,7182,BIOCON
5304,2025-04-15 13:45:00+05:30,328.35,328.75,328.0,328.35,9704,BIOCON
5305,2025-04-15 13:50:00+05:30,328.3,328.7,328.0,328.6,215065,BIOCON
5306,2025-04-15 13:55:00+05:30,328.6,328.7,328.3,328.6,6475,BIOCON
5307,2025-04-15 14:00:00+05:30,328.6,328.95,328.3,328.7,25121,BIOCON
5308,2025-04-15 14:05:00+05:30,328.65,329.3,327.95,328.85,335280,BIOCON
5309,2025-04-15 14:10:00+05:30,328.85,330.65,328.8,330.1,73868,BIOCON
5310,2025-04-15 14:15:00+05:30,330.3,330.3,329.65,329.85,28940,BIOCON
5311,2025-04-15 14:20:00+05:30,330.0,330.2,329.2,329.25,25928,BIOCON
5312,2025-04-15 14:25:00+05:30,329.4,330.0,328.85,328.9,26951,BIOCON
5313,2025-04-15 14:30:00+05:30,329.0,329.0,328.4,328.8,23609,BIOCON
5314,2025-04-15 14:35:00+05:30,328.8,329.35,328.55,329.3,17001,BIOCON
5315,2025-04-15 14:40:00+05:30,329.3,329.35,329.05,329.3,17167,BIOCON
5316,2025-04-15 14:45:00+05:30,329.3,329.35,328.7,329.1,22651,BIOCON
5317,2025-04-15 14:50:00+05:30,329.1,329.4,328.8,329.2,25423,BIOCON
5318,2025-04-15 14:55:00+05:30,329.2,329.4,329.0,329.35,21337,BIOCON
5319,2025-04-15 15:00:00+05:30,329.15,329.5,329.05,329.45,30961,BIOCON
5320,2025-04-15 15:05:00+05:30,329.5,329.5,329.1,329.25,45367,BIOCON
5321,2025-04-15 15:10:00+05:30,329.15,329.45,329.1,329.15,28473,BIOCON
5322,2025-04-15 15:15:00+05:30,329.15,329.25,328.45,329.1,638970,BIOCON
5323,2025-04-15 15:20:00+05:30,329.0,330.1,328.9,330.1,83788,BIOCON
5324,2025-04-15 15:25:00+05:30,330.0,330.25,329.45,329.45,79324,BIOCON
5325,2025-04-16 09:15:00+05:30,329.05,330.35,328.5,328.55,77235,BIOCON
5326,2025-04-16 09:20:00+05:30,328.55,330.0,328.25,329.6,18710,BIOCON
5327,2025-04-16 09:25:00+05:30,329.6,330.75,329.5,330.35,41456,BIOCON
5328,2025-04-16 09:30:00+05:30,330.25,331.2,329.75,330.35,30383,BIOCON
5329,2025-04-16 09:35:00+05:30,330.15,330.95,330.15,330.55,16661,BIOCON
5330,2025-04-16 09:40:00+05:30,330.6,330.8,330.0,330.3,15346,BIOCON
5331,2025-04-16 09:45:00+05:30,330.5,330.7,330.05,330.1,7541,BIOCON
5332,2025-04-16 09:50:00+05:30,330.25,330.4,329.75,330.25,13774,BIOCON
5333,2025-04-16 09:55:00+05:30,330.25,330.25,329.85,330.15,9059,BIOCON
5334,2025-04-16 10:00:00+05:30,330.15,330.85,330.1,330.15,7387,BIOCON
5335,2025-04-16 10:05:00+05:30,330.35,330.45,330.1,330.4,10410,BIOCON
5336,2025-04-16 10:10:00+05:30,330.4,330.4,330.0,330.3,22593,BIOCON
5337,2025-04-16 10:15:00+05:30,330.3,330.3,328.6,328.85,29335,BIOCON
5338,2025-04-16 10:20:00+05:30,328.9,329.2,328.6,328.6,16658,BIOCON
5339,2025-04-16 10:25:00+05:30,328.6,329.35,327.45,329.1,57899,BIOCON
5340,2025-04-16 10:30:00+05:30,329.1,329.25,328.4,328.65,15784,BIOCON
5341,2025-04-16 10:35:00+05:30,328.4,328.9,328.4,328.75,3842,BIOCON
5342,2025-04-16 10:40:00+05:30,329.0,329.65,328.9,329.35,7017,BIOCON
5343,2025-04-16 10:45:00+05:30,329.5,329.95,329.45,329.9,6926,BIOCON
5344,2025-04-16 10:50:00+05:30,329.95,330.0,329.8,329.8,6853,BIOCON
5345,2025-04-16 10:55:00+05:30,329.95,331.7,329.95,330.55,51820,BIOCON
5346,2025-04-16 11:00:00+05:30,330.5,330.65,329.65,330.2,7476,BIOCON
5347,2025-04-16 11:05:00+05:30,330.25,330.7,329.9,330.35,8126,BIOCON
5348,2025-04-16 11:10:00+05:30,330.35,330.7,330.3,330.6,4875,BIOCON
5349,2025-04-16 11:15:00+05:30,330.6,330.6,330.15,330.2,5414,BIOCON
5350,2025-04-16 11:20:00+05:30,330.4,330.45,329.8,330.1,5625,BIOCON
5351,2025-04-16 11:25:00+05:30,330.3,330.3,329.45,329.45,16675,BIOCON
5352,2025-04-16 11:30:00+05:30,329.45,329.7,329.05,329.05,7231,BIOCON
5353,2025-04-16 11:35:00+05:30,329.25,329.25,328.0,328.35,41212,BIOCON
5354,2025-04-16 11:40:00+05:30,328.35,329.2,327.55,329.2,23432,BIOCON
5355,2025-04-16 11:45:00+05:30,329.2,329.7,329.0,329.2,14520,BIOCON
5356,2025-04-16 11:50:00+05:30,329.3,329.6,328.95,329.35,14209,BIOCON
5357,2025-04-16 11:55:00+05:30,329.35,330.0,329.35,329.6,8498,BIOCON
5358,2025-04-16 12:00:00+05:30,329.6,329.65,328.45,328.95,36442,BIOCON
5359,2025-04-16 12:05:00+05:30,328.95,329.8,328.65,329.55,8239,BIOCON
5360,2025-04-16 12:10:00+05:30,329.7,329.75,329.35,329.55,7138,BIOCON
5361,2025-04-16 12:15:00+05:30,329.55,329.9,329.4,329.85,8411,BIOCON
5362,2025-04-16 12:20:00+05:30,329.85,330.25,329.7,330.15,8873,BIOCON
5363,2025-04-16 12:25:00+05:30,330.15,330.2,329.4,329.5,11302,BIOCON
5364,2025-04-16 12:30:00+05:30,329.55,329.75,329.0,329.4,9194,BIOCON
5365,2025-04-16 12:35:00+05:30,329.45,329.65,328.5,328.65,13732,BIOCON
5366,2025-04-16 12:40:00+05:30,328.75,329.4,328.75,329.3,15954,BIOCON
5367,2025-04-16 12:45:00+05:30,329.25,329.4,328.6,329.15,18056,BIOCON
5368,2025-04-16 12:50:00+05:30,329.2,329.25,328.5,328.9,10642,BIOCON
5369,2025-04-16 12:55:00+05:30,329.0,329.1,328.05,328.55,17275,BIOCON
5370,2025-04-16 13:00:00+05:30,328.55,329.15,328.45,329.15,10818,BIOCON
5371,2025-04-16 13:05:00+05:30,328.9,329.1,328.4,328.8,21514,BIOCON
5372,2025-04-16 13:10:00+05:30,328.8,329.5,328.5,329.35,9838,BIOCON
5373,2025-04-16 13:15:00+05:30,329.4,329.45,328.7,328.7,9253,BIOCON
5374,2025-04-16 13:20:00+05:30,329.0,329.0,327.95,328.5,26690,BIOCON
5375,2025-04-16 13:25:00+05:30,328.25,328.5,327.64,327.85,15026,BIOCON
5376,2025-04-16 13:30:00+05:30,328.05,328.4,327.85,327.95,19553,BIOCON
5377,2025-04-16 13:35:00+05:30,328.0,328.35,327.64,327.95,14599,BIOCON
5378,2025-04-16 13:40:00+05:30,327.95,328.35,327.9,328.1,9134,BIOCON
5379,2025-04-16 13:45:00+05:30,328.1,328.3,327.7,328.1,11430,BIOCON
5380,2025-04-16 13:50:00+05:30,328.15,328.65,328.0,328.65,7486,BIOCON
5381,2025-04-16 13:55:00+05:30,328.65,329.4,328.55,329.15,13444,BIOCON
5382,2025-04-16 14:00:00+05:30,329.2,329.6,329.05,329.35,27673,BIOCON
5383,2025-04-16 14:05:00+05:30,329.35,329.6,329.0,329.4,16102,BIOCON
5384,2025-04-16 14:10:00+05:30,329.4,329.6,328.95,329.6,22506,BIOCON
5385,2025-04-16 14:15:00+05:30,329.6,329.6,329.45,329.55,7774,BIOCON
5386,2025-04-16 14:20:00+05:30,329.55,329.95,329.45,329.65,9642,BIOCON
5387,2025-04-16 14:25:00+05:30,329.7,329.85,329.45,329.7,6541,BIOCON
5388,2025-04-16 14:30:00+05:30,329.7,329.75,329.05,329.15,10456,BIOCON
5389,2025-04-16 14:35:00+05:30,329.05,329.2,328.6,329.2,7912,BIOCON
5390,2025-04-16 14:40:00+05:30,329.0,329.2,328.85,329.05,5248,BIOCON
5391,2025-04-16 14:45:00+05:30,329.05,329.05,328.35,328.8,13581,BIOCON
5392,2025-04-16 14:50:00+05:30,328.8,329.15,328.8,329.1,4159,BIOCON
5393,2025-04-16 14:55:00+05:30,329.05,329.15,328.8,328.9,6873,BIOCON
5394,2025-04-16 15:00:00+05:30,329.05,329.5,328.95,329.25,8592,BIOCON
5395,2025-04-16 15:05:00+05:30,329.25,329.25,329.05,329.2,10515,BIOCON
5396,2025-04-16 15:10:00+05:30,329.2,329.45,329.0,329.25,21570,BIOCON
5397,2025-04-16 15:15:00+05:30,329.25,329.35,328.8,329.15,24950,BIOCON
5398,2025-04-16 15:20:00+05:30,329.15,329.25,328.75,329.15,40493,BIOCON
5399,2025-04-16 15:25:00+05:30,329.1,329.5,328.95,329.25,47410,BIOCON
5400,2025-04-17 09:15:00+05:30,329.1,332.5,327.55,331.25,49313,BIOCON
5401,2025-04-17 09:20:00+05:30,331.6,331.8,329.15,329.5,29605,BIOCON
5402,2025-04-17 09:25:00+05:30,329.7,330.5,329.2,329.6,23736,BIOCON
5403,2025-04-17 09:30:00+05:30,329.7,330.2,328.2,328.6,29306,BIOCON
5404,2025-04-17 09:35:00+05:30,328.6,329.25,328.45,328.9,10768,BIOCON
5405,2025-04-17 09:40:00+05:30,328.95,330.0,328.25,329.6,28360,BIOCON
5406,2025-04-17 09:45:00+05:30,329.5,331.6,329.5,331.15,63339,BIOCON
5407,2025-04-17 09:50:00+05:30,331.15,331.2,329.6,329.8,11415,BIOCON
5408,2025-04-17 09:55:00+05:30,329.65,329.65,329.0,329.35,5543,BIOCON
5409,2025-04-17 10:00:00+05:30,329.25,329.65,328.65,329.3,13976,BIOCON
5410,2025-04-17 10:05:00+05:30,329.2,329.7,328.5,328.55,8520,BIOCON
5411,2025-04-17 10:10:00+05:30,328.55,329.25,328.4,329.05,7678,BIOCON
5412,2025-04-17 10:15:00+05:30,329.15,330.0,328.95,329.45,7710,BIOCON
5413,2025-04-17 10:20:00+05:30,329.6,330.55,329.4,330.3,5787,BIOCON
5414,2025-04-17 10:25:00+05:30,330.45,331.3,330.45,331.0,18892,BIOCON
5415,2025-04-17 10:30:00+05:30,331.0,331.55,330.9,331.3,14679,BIOCON
5416,2025-04-17 10:35:00+05:30,331.3,331.9,330.95,331.65,27727,BIOCON
5417,2025-04-17 10:40:00+05:30,331.8,332.35,331.55,331.8,31828,BIOCON
5418,2025-04-17 10:45:00+05:30,331.85,332.0,331.4,331.65,7052,BIOCON
5419,2025-04-17 10:50:00+05:30,331.35,331.55,331.0,331.4,8886,BIOCON
5420,2025-04-17 10:55:00+05:30,331.25,331.5,331.1,331.15,1724,BIOCON
5421,2025-04-17 11:00:00+05:30,331.0,331.85,331.0,331.45,13291,BIOCON
5422,2025-04-17 11:05:00+05:30,331.25,331.75,331.2,331.45,10816,BIOCON
5423,2025-04-17 11:10:00+05:30,331.7,331.7,331.25,331.45,796,BIOCON
5424,2025-04-17 11:15:00+05:30,331.5,332.05,331.4,331.75,22239,BIOCON
5425,2025-04-17 11:20:00+05:30,331.6,331.75,331.25,331.7,14870,BIOCON
5426,2025-04-17 11:25:00+05:30,331.7,331.75,331.25,331.5,19455,BIOCON
5427,2025-04-17 11:30:00+05:30,331.7,331.95,331.5,331.65,10670,BIOCON
5428,2025-04-17 11:35:00+05:30,331.65,332.0,331.4,331.8,20288,BIOCON
5429,2025-04-17 11:40:00+05:30,331.95,332.4,331.95,332.25,21163,BIOCON
5430,2025-04-17 11:45:00+05:30,332.25,332.35,331.7,332.0,3920,BIOCON
5431,2025-04-17 11:50:00+05:30,332.0,332.05,331.6,331.6,4259,BIOCON
5432,2025-04-17 11:55:00+05:30,331.55,331.6,331.2,331.5,6146,BIOCON
5433,2025-04-17 12:00:00+05:30,331.5,331.55,331.2,331.5,5848,BIOCON
5434,2025-04-17 12:05:00+05:30,331.5,331.5,331.25,331.45,4264,BIOCON
5435,2025-04-17 12:10:00+05:30,331.45,331.6,331.4,331.45,2744,BIOCON
5436,2025-04-17 12:15:00+05:30,331.4,331.8,331.35,331.5,8655,BIOCON
5437,2025-04-17 12:20:00+05:30,331.5,331.75,331.35,331.75,3458,BIOCON
5438,2025-04-17 12:25:00+05:30,331.5,331.75,331.4,331.55,3030,BIOCON
5439,2025-04-17 12:30:00+05:30,331.6,333.0,331.6,332.65,28655,BIOCON
5440,2025-04-17 12:35:00+05:30,332.55,332.75,331.75,332.2,8450,BIOCON
5441,2025-04-17 12:40:00+05:30,332.2,332.7,332.2,332.7,4107,BIOCON
5442,2025-04-17 12:45:00+05:30,332.5,332.8,332.35,332.7,7248,BIOCON
5443,2025-04-17 12:50:00+05:30,332.55,332.75,332.1,332.1,9433,BIOCON
5444,2025-04-17 12:55:00+05:30,332.2,332.25,331.6,331.85,7349,BIOCON
5445,2025-04-17 13:00:00+05:30,331.85,331.85,331.3,331.7,5389,BIOCON
5446,2025-04-17 13:05:00+05:30,331.7,331.8,331.55,331.8,2547,BIOCON
5447,2025-04-17 13:10:00+05:30,331.6,331.8,331.5,331.65,2797,BIOCON
5448,2025-04-17 13:15:00+05:30,331.65,331.65,331.3,331.3,1431,BIOCON
5449,2025-04-17 13:20:00+05:30,331.3,331.5,330.75,331.15,19283,BIOCON
5450,2025-04-17 13:25:00+05:30,331.15,331.5,330.95,331.2,4341,BIOCON
5451,2025-04-17 13:30:00+05:30,331.2,331.25,330.65,330.65,7748,BIOCON
5452,2025-04-17 13:35:00+05:30,330.65,330.85,330.4,330.7,10026,BIOCON
5453,2025-04-17 13:40:00+05:30,330.65,330.75,330.2,330.5,7910,BIOCON
5454,2025-04-17 13:45:00+05:30,330.65,331.6,330.45,331.6,7203,BIOCON
5455,2025-04-17 13:50:00+05:30,331.4,331.7,331.0,331.7,7982,BIOCON
5456,2025-04-17 13:55:00+05:30,331.7,331.95,331.45,331.9,5093,BIOCON
5457,2025-04-17 14:00:00+05:30,331.85,332.35,331.05,331.05,26247,BIOCON
5458,2025-04-17 14:05:00+05:30,331.1,331.65,331.0,331.55,2810,BIOCON
5459,2025-04-17 14:10:00+05:30,331.6,332.15,331.35,331.8,8370,BIOCON
5460,2025-04-17 14:15:00+05:30,331.85,332.0,331.5,331.9,7112,BIOCON
5461,2025-04-17 14:20:00+05:30,331.75,332.0,331.5,331.65,5577,BIOCON
5462,2025-04-17 14:25:00+05:30,331.65,331.8,331.45,331.75,3829,BIOCON
5463,2025-04-17 14:30:00+05:30,331.6,332.35,331.55,332.2,7345,BIOCON
5464,2025-04-17 14:35:00+05:30,332.2,332.4,331.95,332.4,15925,BIOCON
5465,2025-04-17 14:40:00+05:30,332.4,332.8,332.1,332.3,13992,BIOCON
5466,2025-04-17 14:45:00+05:30,332.1,332.5,331.75,332.15,13083,BIOCON
5467,2025-04-17 14:50:00+05:30,332.15,332.25,331.9,332.2,5401,BIOCON
5468,2025-04-17 14:55:00+05:30,332.2,332.3,331.75,332.1,6471,BIOCON
5469,2025-04-17 15:00:00+05:30,332.0,332.2,331.3,331.45,10680,BIOCON
5470,2025-04-17 15:05:00+05:30,331.4,331.75,331.35,331.4,6374,BIOCON
5471,2025-04-17 15:10:00+05:30,331.4,331.55,331.25,331.45,13294,BIOCON
5472,2025-04-17 15:15:00+05:30,331.45,331.65,331.15,331.35,32201,BIOCON
5473,2025-04-17 15:20:00+05:30,331.2,331.35,331.0,331.2,17784,BIOCON
5474,2025-04-17 15:25:00+05:30,331.2,331.45,330.3,330.35,32055,BIOCON
5475,2025-04-21 09:15:00+05:30,335.8,335.8,330.4,330.45,112175,BIOCON
5476,2025-04-21 09:20:00+05:30,330.7,330.8,329.5,330.6,50939,BIOCON
5477,2025-04-21 09:25:00+05:30,330.5,330.5,329.2,330.1,31736,BIOCON
5478,2025-04-21 09:30:00+05:30,330.2,330.3,329.4,330.3,25375,BIOCON
5479,2025-04-21 09:35:00+05:30,330.3,331.45,330.2,331.3,37456,BIOCON
5480,2025-04-21 09:40:00+05:30,331.3,331.5,330.65,331.35,25160,BIOCON
5481,2025-04-21 09:45:00+05:30,331.5,331.75,331.15,331.25,24043,BIOCON
5482,2025-04-21 09:50:00+05:30,331.25,332.35,331.15,332.35,14429,BIOCON
5483,2025-04-21 09:55:00+05:30,332.3,332.9,332.1,332.7,24102,BIOCON
5484,2025-04-21 10:00:00+05:30,332.85,332.9,332.4,332.75,17308,BIOCON
5485,2025-04-21 10:05:00+05:30,332.75,332.85,332.4,332.4,11292,BIOCON
5486,2025-04-21 10:10:00+05:30,332.6,332.8,332.15,332.2,13382,BIOCON
5487,2025-04-21 10:15:00+05:30,332.05,332.5,332.0,332.15,7188,BIOCON
5488,2025-04-21 10:20:00+05:30,332.3,332.55,332.1,332.4,6302,BIOCON
5489,2025-04-21 10:25:00+05:30,332.4,332.65,332.3,332.65,5369,BIOCON
5490,2025-04-21 10:30:00+05:30,332.5,333.0,332.35,332.95,8855,BIOCON
5491,2025-04-21 10:35:00+05:30,332.9,333.75,332.3,332.45,38976,BIOCON
5492,2025-04-21 10:40:00+05:30,332.4,333.0,332.2,332.25,12040,BIOCON
5493,2025-04-21 10:45:00+05:30,332.25,332.45,331.7,332.2,31633,BIOCON
5494,2025-04-21 10:50:00+05:30,332.2,332.55,331.95,332.4,68982,BIOCON
5495,2025-04-21 10:55:00+05:30,332.25,332.4,332.0,332.15,3995,BIOCON
5496,2025-04-21 11:00:00+05:30,332.15,332.85,332.1,332.7,15355,BIOCON
5497,2025-04-21 11:05:00+05:30,332.7,332.85,332.0,332.25,20175,BIOCON
5498,2025-04-21 11:10:00+05:30,332.25,332.65,332.25,332.4,11453,BIOCON
5499,2025-04-21 11:15:00+05:30,332.4,332.85,332.35,332.6,6952,BIOCON
5500,2025-04-21 11:20:00+05:30,332.75,332.95,332.45,332.75,7743,BIOCON
5501,2025-04-21 11:25:00+05:30,332.85,332.9,332.4,332.5,11426,BIOCON
5502,2025-04-21 11:30:00+05:30,332.65,332.9,332.1,332.3,16237,BIOCON
5503,2025-04-21 11:35:00+05:30,332.3,332.35,332.0,332.3,7223,BIOCON
5504,2025-04-21 11:40:00+05:30,332.25,333.15,332.05,332.65,25613,BIOCON
5505,2025-04-21 11:45:00+05:30,332.8,333.4,332.45,333.3,12417,BIOCON
5506,2025-04-21 11:50:00+05:30,333.3,333.4,332.5,332.9,17826,BIOCON
5507,2025-04-21 11:55:00+05:30,332.95,333.0,332.2,332.55,9912,BIOCON
5508,2025-04-21 12:00:00+05:30,332.65,332.75,332.25,332.55,8215,BIOCON
5509,2025-04-21 12:05:00+05:30,332.55,332.8,332.45,332.55,5368,BIOCON
5510,2025-04-21 12:10:00+05:30,332.95,333.3,332.8,332.85,14175,BIOCON
5511,2025-04-21 12:15:00+05:30,332.9,333.4,332.9,333.3,4364,BIOCON
5512,2025-04-21 12:20:00+05:30,333.25,334.6,333.15,334.45,53178,BIOCON
5513,2025-04-21 12:25:00+05:30,334.45,334.9,334.05,334.15,36862,BIOCON
5514,2025-04-21 12:30:00+05:30,334.2,334.5,333.95,334.15,15244,BIOCON
5515,2025-04-21 12:35:00+05:30,334.25,334.5,334.05,334.45,4157,BIOCON
5516,2025-04-21 12:40:00+05:30,334.5,334.5,333.7,333.7,10109,BIOCON
5517,2025-04-21 12:45:00+05:30,333.7,333.95,332.95,333.45,64822,BIOCON
5518,2025-04-21 12:50:00+05:30,333.45,333.95,333.05,333.75,29049,BIOCON
5519,2025-04-21 12:55:00+05:30,333.75,334.3,333.3,333.5,18309,BIOCON
5520,2025-04-21 13:00:00+05:30,333.5,333.9,333.35,333.45,7015,BIOCON
5521,2025-04-21 13:05:00+05:30,333.45,333.6,332.1,332.5,30075,BIOCON
5522,2025-04-21 13:10:00+05:30,332.7,332.85,331.65,331.65,51360,BIOCON
5523,2025-04-21 13:15:00+05:30,331.75,332.0,331.4,331.55,30535,BIOCON
5524,2025-04-21 13:20:00+05:30,331.7,332.0,331.0,331.65,24774,BIOCON
5525,2025-04-21 13:25:00+05:30,331.7,332.15,331.4,331.9,17917,BIOCON
5526,2025-04-21 13:30:00+05:30,331.9,332.2,331.5,331.65,19829,BIOCON
5527,2025-04-21 13:35:00+05:30,331.85,332.0,331.5,331.75,13254,BIOCON
5528,2025-04-21 13:40:00+05:30,331.75,331.95,331.2,331.2,12296,BIOCON
5529,2025-04-21 13:45:00+05:30,331.4,331.45,330.55,331.35,12192,BIOCON
5530,2025-04-21 13:50:00+05:30,331.35,331.95,331.35,331.5,7774,BIOCON
5531,2025-04-21 13:55:00+05:30,331.75,332.0,331.4,331.85,6258,BIOCON
5532,2025-04-21 14:00:00+05:30,332.0,332.0,331.8,332.0,31167,BIOCON
5533,2025-04-21 14:05:00+05:30,332.0,332.5,331.65,332.4,33327,BIOCON
5534,2025-04-21 14:10:00+05:30,332.5,332.75,332.25,332.55,17313,BIOCON
5535,2025-04-21 14:15:00+05:30,332.55,332.9,332.3,332.35,19581,BIOCON
5536,2025-04-21 14:20:00+05:30,332.6,332.95,332.35,332.65,9668,BIOCON
5537,2025-04-21 14:25:00+05:30,332.9,333.1,332.65,332.7,16110,BIOCON
5538,2025-04-21 14:30:00+05:30,332.9,333.3,332.65,332.7,16190,BIOCON
5539,2025-04-21 14:35:00+05:30,332.65,332.9,332.4,332.5,10804,BIOCON
5540,2025-04-21 14:40:00+05:30,332.75,333.45,332.5,333.3,6720,BIOCON
5541,2025-04-21 14:45:00+05:30,333.3,333.75,333.1,333.4,12643,BIOCON
5542,2025-04-21 14:50:00+05:30,333.2,333.4,332.1,332.35,16207,BIOCON
5543,2025-04-21 14:55:00+05:30,332.55,332.75,332.35,332.5,12857,BIOCON
5544,2025-04-21 15:00:00+05:30,332.7,332.7,331.85,331.9,21616,BIOCON
5545,2025-04-21 15:05:00+05:30,332.0,332.0,331.6,331.9,87123,BIOCON
5546,2025-04-21 15:10:00+05:30,332.0,332.0,331.7,332.0,85771,BIOCON
5547,2025-04-21 15:15:00+05:30,332.0,332.0,331.7,331.95,133794,BIOCON
5548,2025-04-21 15:20:00+05:30,331.95,332.0,331.7,331.95,57795,BIOCON
5549,2025-04-21 15:25:00+05:30,331.75,332.0,331.7,331.7,39768,BIOCON
5550,2025-04-22 09:15:00+05:30,332.45,333.25,328.5,328.55,48164,BIOCON
5551,2025-04-22 09:20:00+05:30,328.6,330.35,328.4,329.0,43200,BIOCON
5552,2025-04-22 09:25:00+05:30,329.05,329.05,327.7,328.5,46261,BIOCON
5553,2025-04-22 09:30:00+05:30,328.45,329.65,328.25,329.65,44286,BIOCON
5554,2025-04-22 09:35:00+05:30,329.4,329.55,328.7,329.3,32102,BIOCON
5555,2025-04-22 09:40:00+05:30,329.3,329.4,328.75,329.3,20916,BIOCON
5556,2025-04-22 09:45:00+05:30,329.35,329.4,329.0,329.3,13651,BIOCON
5557,2025-04-22 09:50:00+05:30,329.3,329.75,328.8,329.0,25153,BIOCON
5558,2025-04-22 09:55:00+05:30,329.0,330.0,328.55,329.5,23903,BIOCON
5559,2025-04-22 10:00:00+05:30,329.7,330.45,329.55,330.4,14486,BIOCON
5560,2025-04-22 10:05:00+05:30,330.45,330.45,330.0,330.1,15766,BIOCON
5561,2025-04-22 10:10:00+05:30,330.25,330.75,330.1,330.15,20377,BIOCON
5562,2025-04-22 10:15:00+05:30,330.25,330.5,330.2,330.2,5592,BIOCON
5563,2025-04-22 10:20:00+05:30,330.25,330.3,329.8,330.2,21426,BIOCON
5564,2025-04-22 10:25:00+05:30,330.05,330.45,330.05,330.3,4278,BIOCON
5565,2025-04-22 10:30:00+05:30,330.2,330.65,330.0,330.6,9177,BIOCON
5566,2025-04-22 10:35:00+05:30,330.6,330.95,330.6,330.95,10802,BIOCON
5567,2025-04-22 10:40:00+05:30,330.9,331.35,330.75,331.2,20466,BIOCON
5568,2025-04-22 10:45:00+05:30,331.2,332.0,331.15,332.0,24148,BIOCON
5569,2025-04-22 10:50:00+05:30,332.0,332.4,331.4,331.85,33519,BIOCON
5570,2025-04-22 10:55:00+05:30,331.95,332.75,331.8,332.45,13114,BIOCON
5571,2025-04-22 11:00:00+05:30,332.4,332.4,331.6,331.6,17814,BIOCON
5572,2025-04-22 11:05:00+05:30,331.5,331.7,330.1,330.25,30215,BIOCON
5573,2025-04-22 11:10:00+05:30,330.25,330.7,330.1,330.45,17743,BIOCON
5574,2025-04-22 11:15:00+05:30,330.2,330.45,329.8,330.15,17072,BIOCON
5575,2025-04-22 11:20:00+05:30,330.35,330.55,329.6,329.8,34637,BIOCON
5576,2025-04-22 11:25:00+05:30,329.6,329.7,328.8,328.8,26412,BIOCON
5577,2025-04-22 11:30:00+05:30,328.7,329.4,328.3,328.85,22898,BIOCON
5578,2025-04-22 11:35:00+05:30,328.8,329.5,328.5,329.5,13843,BIOCON
5579,2025-04-22 11:40:00+05:30,329.2,329.4,329.0,329.15,10063,BIOCON
5580,2025-04-22 11:45:00+05:30,329.0,329.55,329.0,329.55,16032,BIOCON
5581,2025-04-22 11:50:00+05:30,329.5,329.85,329.3,329.8,21865,BIOCON
5582,2025-04-22 11:55:00+05:30,329.8,330.0,329.6,329.85,16932,BIOCON
5583,2025-04-22 12:00:00+05:30,329.75,330.25,329.6,330.1,22670,BIOCON
5584,2025-04-22 12:05:00+05:30,329.8,330.8,329.6,330.55,39221,BIOCON
5585,2025-04-22 12:10:00+05:30,330.6,331.55,330.5,331.5,58387,BIOCON
5586,2025-04-22 12:15:00+05:30,331.35,333.5,331.35,333.5,102522,BIOCON
5587,2025-04-22 12:20:00+05:30,333.45,334.85,333.05,334.65,81733,BIOCON
5588,2025-04-22 12:25:00+05:30,334.6,336.4,334.5,336.2,149538,BIOCON
5589,2025-04-22 12:30:00+05:30,336.35,336.5,335.05,335.05,63973,BIOCON
5590,2025-04-22 12:35:00+05:30,335.0,335.05,333.1,333.65,44230,BIOCON
5591,2025-04-22 12:40:00+05:30,333.6,334.1,333.3,333.9,16213,BIOCON
5592,2025-04-22 12:45:00+05:30,333.9,333.95,333.5,333.85,16304,BIOCON
5593,2025-04-22 12:50:00+05:30,333.65,335.0,333.4,334.9,41476,BIOCON
5594,2025-04-22 12:55:00+05:30,334.85,335.45,334.7,334.75,25668,BIOCON
5595,2025-04-22 13:00:00+05:30,334.75,334.9,333.8,334.1,19060,BIOCON
5596,2025-04-22 13:05:00+05:30,334.0,334.9,333.8,334.2,23824,BIOCON
5597,2025-04-22 13:10:00+05:30,334.2,335.25,334.2,335.0,26801,BIOCON
5598,2025-04-22 13:15:00+05:30,335.0,335.5,334.65,335.25,22109,BIOCON
5599,2025-04-22 13:20:00+05:30,335.2,335.65,334.9,335.05,16378,BIOCON
5600,2025-04-22 13:25:00+05:30,335.0,335.5,334.9,335.05,27221,BIOCON
5601,2025-04-22 13:30:00+05:30,335.05,335.35,335.0,335.15,18477,BIOCON
5602,2025-04-22 13:35:00+05:30,335.05,335.35,334.0,335.1,39548,BIOCON
5603,2025-04-22 13:40:00+05:30,334.8,335.9,334.3,335.5,40726,BIOCON
5604,2025-04-22 13:45:00+05:30,335.75,335.75,335.05,335.05,12326,BIOCON
5605,2025-04-22 13:50:00+05:30,335.05,335.35,335.0,335.0,21022,BIOCON
5606,2025-04-22 13:55:00+05:30,334.9,335.4,334.8,335.4,14780,BIOCON
5607,2025-04-22 14:00:00+05:30,335.35,335.55,334.65,335.5,22886,BIOCON
5608,2025-04-22 14:05:00+05:30,335.5,335.6,335.2,335.5,18083,BIOCON
5609,2025-04-22 14:10:00+05:30,335.45,335.8,335.05,335.8,17753,BIOCON
5610,2025-04-22 14:15:00+05:30,335.75,336.2,335.7,336.2,33428,BIOCON
5611,2025-04-22 14:20:00+05:30,336.15,336.25,335.9,336.25,17194,BIOCON
5612,2025-04-22 14:25:00+05:30,336.2,336.25,335.85,335.9,18828,BIOCON
5613,2025-04-22 14:30:00+05:30,335.85,337.1,335.75,337.0,55724,BIOCON
5614,2025-04-22 14:35:00+05:30,337.0,337.25,336.15,336.5,31538,BIOCON
5615,2025-04-22 14:40:00+05:30,336.5,337.05,336.2,336.25,28511,BIOCON
5616,2025-04-22 14:45:00+05:30,336.25,336.85,335.6,335.95,51990,BIOCON
5617,2025-04-22 14:50:00+05:30,335.6,335.95,335.6,335.7,14045,BIOCON
5618,2025-04-22 14:55:00+05:30,335.75,335.9,334.8,335.25,80310,BIOCON
5619,2025-04-22 15:00:00+05:30,335.25,335.5,334.95,334.95,22913,BIOCON
5620,2025-04-22 15:05:00+05:30,334.95,334.95,334.05,334.65,32354,BIOCON
5621,2025-04-22 15:10:00+05:30,334.45,334.5,333.9,334.0,30130,BIOCON
5622,2025-04-22 15:15:00+05:30,333.95,334.05,333.2,333.4,75426,BIOCON
5623,2025-04-22 15:20:00+05:30,333.4,333.95,333.3,333.6,67294,BIOCON
5624,2025-04-22 15:25:00+05:30,333.55,334.0,333.25,333.8,56431,BIOCON
5625,2025-04-23 09:15:00+05:30,336.15,336.7,334.8,336.35,140614,BIOCON
5626,2025-04-23 09:20:00+05:30,336.4,338.0,336.15,337.05,76588,BIOCON
5627,2025-04-23 09:25:00+05:30,337.0,337.55,336.8,336.95,21630,BIOCON
5628,2025-04-23 09:30:00+05:30,336.95,337.15,335.9,336.85,44539,BIOCON
5629,2025-04-23 09:35:00+05:30,336.95,337.25,335.35,335.75,47928,BIOCON
5630,2025-04-23 09:40:00+05:30,335.6,338.65,335.25,338.5,67690,BIOCON
5631,2025-04-23 09:45:00+05:30,338.5,339.5,338.5,339.1,66185,BIOCON
5632,2025-04-23 09:50:00+05:30,339.3,339.3,337.8,338.55,37434,BIOCON
5633,2025-04-23 09:55:00+05:30,338.75,339.45,338.05,338.1,54930,BIOCON
5634,2025-04-23 10:00:00+05:30,338.15,338.6,337.15,337.15,23109,BIOCON
5635,2025-04-23 10:05:00+05:30,337.15,337.4,335.5,335.8,46008,BIOCON
5636,2025-04-23 10:10:00+05:30,335.85,335.95,334.0,334.25,57290,BIOCON
5637,2025-04-23 10:15:00+05:30,334.1,334.9,333.8,334.05,36293,BIOCON
5638,2025-04-23 10:20:00+05:30,334.3,334.55,333.1,334.0,73563,BIOCON
5639,2025-04-23 10:25:00+05:30,334.0,335.75,333.7,335.6,38017,BIOCON
5640,2025-04-23 10:30:00+05:30,335.55,335.65,333.9,334.05,30168,BIOCON
5641,2025-04-23 10:35:00+05:30,333.9,334.95,333.6,334.8,19566,BIOCON
5642,2025-04-23 10:40:00+05:30,334.8,335.5,333.7,333.8,57277,BIOCON
5643,2025-04-23 10:45:00+05:30,333.8,335.25,333.1,335.0,183552,BIOCON
5644,2025-04-23 10:50:00+05:30,335.05,335.4,333.75,333.8,32596,BIOCON
5645,2025-04-23 10:55:00+05:30,333.8,335.45,333.6,335.25,25050,BIOCON
5646,2025-04-23 11:00:00+05:30,335.25,335.9,335.1,335.6,27324,BIOCON
5647,2025-04-23 11:05:00+05:30,335.75,336.2,335.4,336.0,29731,BIOCON
5648,2025-04-23 11:10:00+05:30,336.0,336.25,335.75,335.75,22982,BIOCON
5649,2025-04-23 11:15:00+05:30,335.75,336.35,335.75,336.15,9991,BIOCON
5650,2025-04-23 11:20:00+05:30,336.15,336.4,335.6,335.6,13724,BIOCON
5651,2025-04-23 11:25:00+05:30,335.6,336.1,335.55,335.55,3564,BIOCON
5652,2025-04-23 11:30:00+05:30,335.85,335.85,335.1,335.35,11467,BIOCON
5653,2025-04-23 11:35:00+05:30,335.35,335.8,335.25,335.25,1400,BIOCON
5654,2025-04-23 11:40:00+05:30,335.3,336.75,335.3,336.45,11041,BIOCON
5655,2025-04-23 11:45:00+05:30,336.5,337.1,336.3,336.7,19686,BIOCON
5656,2025-04-23 11:50:00+05:30,336.65,337.1,336.55,336.9,18948,BIOCON
5657,2025-04-23 11:55:00+05:30,336.9,336.95,336.05,336.05,8640,BIOCON
5658,2025-04-23 12:00:00+05:30,336.05,336.9,336.0,336.5,9556,BIOCON
5659,2025-04-23 12:05:00+05:30,336.5,336.95,336.2,336.6,10639,BIOCON
5660,2025-04-23 12:10:00+05:30,336.25,336.7,336.15,336.6,5209,BIOCON
5661,2025-04-23 12:15:00+05:30,336.8,336.9,336.3,336.3,10150,BIOCON
5662,2025-04-23 12:20:00+05:30,336.3,336.5,336.0,336.1,12853,BIOCON
5663,2025-04-23 12:25:00+05:30,336.2,336.4,335.5,335.5,8117,BIOCON
5664,2025-04-23 12:30:00+05:30,335.7,335.9,335.45,335.6,5880,BIOCON
5665,2025-04-23 12:35:00+05:30,335.75,335.9,335.5,335.7,4378,BIOCON
5666,2025-04-23 12:40:00+05:30,335.7,336.4,335.65,336.05,6339,BIOCON
5667,2025-04-23 12:45:00+05:30,336.05,336.8,336.05,336.55,9671,BIOCON
5668,2025-04-23 12:50:00+05:30,336.7,337.0,336.3,336.4,16682,BIOCON
5669,2025-04-23 12:55:00+05:30,336.4,336.75,336.1,336.3,15051,BIOCON
5670,2025-04-23 13:00:00+05:30,336.3,336.85,336.3,336.7,1758,BIOCON
5671,2025-04-23 13:05:00+05:30,336.7,336.9,336.4,336.75,6809,BIOCON
5672,2025-04-23 13:10:00+05:30,336.55,336.8,336.4,336.7,6563,BIOCON
5673,2025-04-23 13:15:00+05:30,336.55,336.9,336.3,336.3,5602,BIOCON
5674,2025-04-23 13:20:00+05:30,336.3,336.85,336.3,336.6,7185,BIOCON
5675,2025-04-23 13:25:00+05:30,336.55,338.35,336.5,338.15,43709,BIOCON
5676,2025-04-23 13:30:00+05:30,338.15,338.15,337.0,337.0,15133,BIOCON
5677,2025-04-23 13:35:00+05:30,337.0,337.55,337.0,337.25,6403,BIOCON
5678,2025-04-23 13:40:00+05:30,337.25,337.5,337.0,337.5,6879,BIOCON
5679,2025-04-23 13:45:00+05:30,337.2,337.75,337.1,337.65,11024,BIOCON
5680,2025-04-23 13:50:00+05:30,337.7,338.35,337.7,338.1,13905,BIOCON
5681,2025-04-23 13:55:00+05:30,338.0,338.2,337.55,337.85,8853,BIOCON
5682,2025-04-23 14:00:00+05:30,337.85,338.25,337.8,338.0,8075,BIOCON
5683,2025-04-23 14:05:00+05:30,337.8,338.1,337.5,338.1,7417,BIOCON
5684,2025-04-23 14:10:00+05:30,337.9,338.45,337.9,338.15,9322,BIOCON
5685,2025-04-23 14:15:00+05:30,338.15,338.25,337.8,337.8,2880,BIOCON
5686,2025-04-23 14:20:00+05:30,337.9,338.0,335.65,335.9,145640,BIOCON
5687,2025-04-23 14:25:00+05:30,335.9,336.0,335.7,335.7,9074,BIOCON
5688,2025-04-23 14:30:00+05:30,335.7,335.95,335.35,335.75,22237,BIOCON
5689,2025-04-23 14:35:00+05:30,335.75,336.0,335.7,335.8,21752,BIOCON
5690,2025-04-23 14:40:00+05:30,335.95,336.85,335.35,335.55,94358,BIOCON
5691,2025-04-23 14:45:00+05:30,335.7,336.0,335.5,335.5,13372,BIOCON
5692,2025-04-23 14:50:00+05:30,335.5,335.95,335.4,335.75,13692,BIOCON
5693,2025-04-23 14:55:00+05:30,335.95,336.7,335.7,336.1,34705,BIOCON
5694,2025-04-23 15:00:00+05:30,336.3,336.5,336.1,336.5,40939,BIOCON
5695,2025-04-23 15:05:00+05:30,336.5,336.9,336.2,336.65,104059,BIOCON
5696,2025-04-23 15:10:00+05:30,336.5,336.8,336.2,336.2,103396,BIOCON
5697,2025-04-23 15:15:00+05:30,336.2,336.35,335.7,335.85,64211,BIOCON
5698,2025-04-23 15:20:00+05:30,335.9,335.95,335.0,335.15,186590,BIOCON
5699,2025-04-23 15:25:00+05:30,335.1,335.5,334.9,335.5,193823,BIOCON
5700,2025-04-24 09:15:00+05:30,334.0,335.0,326.2,328.05,353323,BIOCON
5701,2025-04-24 09:20:00+05:30,328.1,330.5,327.8,328.7,127901,BIOCON
5702,2025-04-24 09:25:00+05:30,328.8,329.85,327.7,327.8,166585,BIOCON
5703,2025-04-24 09:30:00+05:30,328.15,328.55,327.8,328.35,207398,BIOCON
5704,2025-04-24 09:35:00+05:30,328.45,328.6,327.35,327.9,205453,BIOCON
5705,2025-04-24 09:40:00+05:30,327.9,328.3,327.14,327.55,91301,BIOCON
5706,2025-04-24 09:45:00+05:30,327.6,327.85,327.0,327.75,56905,BIOCON
5707,2025-04-24 09:50:00+05:30,327.75,328.4,327.5,328.0,112426,BIOCON
5708,2025-04-24 09:55:00+05:30,328.0,328.05,327.39,327.64,45226,BIOCON
5709,2025-04-24 10:00:00+05:30,327.64,328.0,327.35,328.0,72223,BIOCON
5710,2025-04-24 10:05:00+05:30,328.0,328.25,327.7,328.0,42475,BIOCON
5711,2025-04-24 10:10:00+05:30,327.95,328.25,327.64,327.9,51693,BIOCON
5712,2025-04-24 10:15:00+05:30,328.0,328.9,327.75,327.95,335012,BIOCON
5713,2025-04-24 10:20:00+05:30,328.0,330.8,327.8,330.55,301220,BIOCON
5714,2025-04-24 10:25:00+05:30,330.8,332.15,329.85,332.0,221283,BIOCON
5715,2025-04-24 10:30:00+05:30,332.0,332.0,331.05,331.1,76195,BIOCON
5716,2025-04-24 10:35:00+05:30,331.2,331.2,330.5,331.0,38506,BIOCON
5717,2025-04-24 10:40:00+05:30,330.75,331.2,328.95,329.5,86766,BIOCON
5718,2025-04-24 10:45:00+05:30,329.4,330.3,329.4,329.8,20297,BIOCON
5719,2025-04-24 10:50:00+05:30,329.75,330.0,329.0,329.2,26808,BIOCON
5720,2025-04-24 10:55:00+05:30,329.35,329.4,328.25,328.55,43966,BIOCON
5721,2025-04-24 11:00:00+05:30,328.5,328.9,328.15,328.45,49430,BIOCON
5722,2025-04-24 11:05:00+05:30,328.4,328.5,327.64,328.15,54375,BIOCON
5723,2025-04-24 11:10:00+05:30,328.05,328.45,328.0,328.15,21190,BIOCON
5724,2025-04-24 11:15:00+05:30,328.1,328.5,327.8,327.95,47174,BIOCON
5725,2025-04-24 11:20:00+05:30,327.9,328.1,327.14,327.35,65240,BIOCON
5726,2025-04-24 11:25:00+05:30,327.35,327.95,327.35,327.5,43306,BIOCON
5727,2025-04-24 11:30:00+05:30,327.5,328.1,327.3,327.7,35595,BIOCON
5728,2025-04-24 11:35:00+05:30,327.6,327.9,327.55,327.75,16801,BIOCON
5729,2025-04-24 11:40:00+05:30,327.75,327.95,327.5,327.75,26390,BIOCON
5730,2025-04-24 11:45:00+05:30,327.55,328.2,327.55,328.0,30540,BIOCON
5731,2025-04-24 11:50:00+05:30,327.8,328.45,327.8,327.95,47028,BIOCON
5732,2025-04-24 11:55:00+05:30,327.85,327.95,327.45,327.5,48382,BIOCON
5733,2025-04-24 12:00:00+05:30,327.5,327.7,327.0,327.45,72420,BIOCON
5734,2025-04-24 12:05:00+05:30,327.45,327.85,327.3,327.75,16667,BIOCON
5735,2025-04-24 12:10:00+05:30,327.6,327.8,327.35,327.6,17588,BIOCON
5736,2025-04-24 12:15:00+05:30,327.39,327.5,326.7,326.8,58918,BIOCON
5737,2025-04-24 12:20:00+05:30,327.0,327.3,326.7,327.0,38904,BIOCON
5738,2025-04-24 12:25:00+05:30,327.0,327.64,326.89,327.64,14688,BIOCON
5739,2025-04-24 12:30:00+05:30,327.64,327.9,327.5,327.9,10252,BIOCON
5740,2025-04-24 12:35:00+05:30,327.9,328.0,327.3,327.5,23973,BIOCON
5741,2025-04-24 12:40:00+05:30,327.5,327.5,327.25,327.3,7092,BIOCON
5742,2025-04-24 12:45:00+05:30,327.5,327.55,327.25,327.55,5725,BIOCON
5743,2025-04-24 12:50:00+05:30,327.55,327.55,327.0,327.35,13171,BIOCON
5744,2025-04-24 12:55:00+05:30,327.35,327.5,327.05,327.5,8764,BIOCON
5745,2025-04-24 13:00:00+05:30,327.5,327.5,327.14,327.35,7151,BIOCON
5746,2025-04-24 13:05:00+05:30,327.35,327.39,326.95,326.95,25595,BIOCON
5747,2025-04-24 13:10:00+05:30,327.1,327.2,326.5,327.2,33678,BIOCON
5748,2025-04-24 13:15:00+05:30,327.2,327.5,327.0,327.05,14081,BIOCON
5749,2025-04-24 13:20:00+05:30,327.2,327.25,326.8,327.25,15620,BIOCON
5750,2025-04-24 13:25:00+05:30,327.25,327.39,327.1,327.39,4094,BIOCON
5751,2025-04-24 13:30:00+05:30,327.39,327.45,326.8,327.2,18683,BIOCON
5752,2025-04-24 13:35:00+05:30,327.2,327.3,326.85,327.05,6663,BIOCON
5753,2025-04-24 13:40:00+05:30,327.25,327.39,327.0,327.25,7792,BIOCON
5754,2025-04-24 13:45:00+05:30,327.39,327.5,327.2,327.39,10156,BIOCON
5755,2025-04-24 13:50:00+05:30,327.39,327.5,326.85,327.25,16686,BIOCON
5756,2025-04-24 13:55:00+05:30,327.1,327.25,326.7,326.89,10665,BIOCON
5757,2025-04-24 14:00:00+05:30,326.89,327.05,326.8,327.0,15087,BIOCON
5758,2025-04-24 14:05:00+05:30,327.0,327.05,326.55,326.89,19567,BIOCON
5759,2025-04-24 14:10:00+05:30,326.89,327.0,326.55,326.95,20611,BIOCON
5760,2025-04-24 14:15:00+05:30,326.95,327.0,326.75,327.0,6684,BIOCON
5761,2025-04-24 14:20:00+05:30,326.85,327.14,326.7,327.14,12747,BIOCON
5762,2025-04-24 14:25:00+05:30,327.0,327.45,326.75,327.1,42660,BIOCON
5763,2025-04-24 14:30:00+05:30,327.14,327.5,327.1,327.25,9244,BIOCON
5764,2025-04-24 14:35:00+05:30,327.25,327.95,327.25,327.5,39955,BIOCON
5765,2025-04-24 14:40:00+05:30,327.5,327.5,327.1,327.14,19038,BIOCON
5766,2025-04-24 14:45:00+05:30,327.2,327.45,327.05,327.1,12746,BIOCON
5767,2025-04-24 14:50:00+05:30,327.1,327.3,326.7,326.89,37641,BIOCON
5768,2025-04-24 14:55:00+05:30,326.89,327.5,326.85,327.2,49402,BIOCON
5769,2025-04-24 15:00:00+05:30,327.2,327.39,326.75,327.2,42710,BIOCON
5770,2025-04-24 15:05:00+05:30,327.25,327.25,326.85,327.0,64373,BIOCON
5771,2025-04-24 15:10:00+05:30,327.2,327.25,326.39,327.05,112785,BIOCON
5772,2025-04-24 15:15:00+05:30,327.0,328.25,326.35,326.45,261856,BIOCON
5773,2025-04-24 15:20:00+05:30,326.39,326.95,325.3,326.0,206487,BIOCON
5774,2025-04-24 15:25:00+05:30,326.0,326.25,325.05,325.75,103392,BIOCON
5775,2025-04-25 09:15:00+05:30,326.75,328.4,325.3,325.3,110924,BIOCON
5776,2025-04-25 09:20:00+05:30,325.35,325.35,324.0,324.14,88144,BIOCON
5777,2025-04-25 09:25:00+05:30,324.35,325.3,323.75,324.3,45949,BIOCON
5778,2025-04-25 09:30:00+05:30,324.3,324.6,323.14,323.14,66859,BIOCON
5779,2025-04-25 09:35:00+05:30,323.2,323.3,320.75,322.0,103249,BIOCON
5780,2025-04-25 09:40:00+05:30,322.0,322.85,319.5,319.75,108781,BIOCON
5781,2025-04-25 09:45:00+05:30,319.75,321.0,319.14,319.25,80078,BIOCON
5782,2025-04-25 09:50:00+05:30,319.39,319.7,318.3,318.64,57214,BIOCON
5783,2025-04-25 09:55:00+05:30,318.6,318.6,317.1,317.5,79754,BIOCON
5784,2025-04-25 10:00:00+05:30,317.3,317.3,315.3,315.6,126194,BIOCON
5785,2025-04-25 10:05:00+05:30,315.6,317.2,315.25,315.3,148039,BIOCON
5786,2025-04-25 10:10:00+05:30,315.5,317.25,315.0,316.39,166374,BIOCON
5787,2025-04-25 10:15:00+05:30,316.55,316.64,315.1,315.6,63944,BIOCON
5788,2025-04-25 10:20:00+05:30,315.5,315.5,313.64,313.85,65462,BIOCON
5789,2025-04-25 10:25:00+05:30,313.64,313.95,312.0,312.0,116817,BIOCON
5790,2025-04-25 10:30:00+05:30,312.14,313.2,311.3,311.39,91814,BIOCON
5791,2025-04-25 10:35:00+05:30,311.35,311.95,311.1,311.64,44019,BIOCON
5792,2025-04-25 10:40:00+05:30,311.7,312.89,311.7,312.2,55291,BIOCON
5793,2025-04-25 10:45:00+05:30,312.1,312.7,311.5,311.95,32229,BIOCON
5794,2025-04-25 10:50:00+05:30,312.0,312.0,310.14,310.39,105086,BIOCON
5795,2025-04-25 10:55:00+05:30,310.14,310.8,309.64,310.64,111504,BIOCON
5796,2025-04-25 11:00:00+05:30,310.64,310.64,309.05,309.35,44971,BIOCON
5797,2025-04-25 11:05:00+05:30,309.35,310.89,309.25,310.5,48289,BIOCON
5798,2025-04-25 11:10:00+05:30,310.45,310.75,309.89,310.75,56887,BIOCON
5799,2025-04-25 11:15:00+05:30,310.7,310.75,309.0,309.25,38536,BIOCON
5800,2025-04-25 11:20:00+05:30,309.25,310.3,308.45,310.14,58806,BIOCON
5801,2025-04-25 11:25:00+05:30,310.14,311.55,309.5,311.55,57484,BIOCON
5802,2025-04-25 11:30:00+05:30,311.5,312.3,310.45,310.75,93270,BIOCON
5803,2025-04-25 11:35:00+05:30,310.7,312.1,310.5,311.95,37084,BIOCON
5804,2025-04-25 11:40:00+05:30,311.95,312.1,311.25,311.3,21329,BIOCON
5805,2025-04-25 11:45:00+05:30,311.3,311.64,310.6,310.89,13125,BIOCON
5806,2025-04-25 11:50:00+05:30,310.8,311.35,310.14,311.05,36676,BIOCON
5807,2025-04-25 11:55:00+05:30,311.14,312.3,311.0,311.14,101577,BIOCON
5808,2025-04-25 12:00:00+05:30,311.3,312.64,311.3,312.64,49600,BIOCON
5809,2025-04-25 12:05:00+05:30,312.6,313.05,312.14,313.05,31260,BIOCON
5810,2025-04-25 12:10:00+05:30,312.89,313.64,312.55,313.05,40002,BIOCON
5811,2025-04-25 12:15:00+05:30,313.1,313.6,313.0,313.1,22562,BIOCON
5812,2025-04-25 12:20:00+05:30,313.05,313.39,312.7,313.05,21052,BIOCON
5813,2025-04-25 12:25:00+05:30,313.1,313.25,312.5,312.85,10596,BIOCON
5814,2025-04-25 12:30:00+05:30,312.8,313.25,312.55,313.0,6932,BIOCON
5815,2025-04-25 12:35:00+05:30,312.89,313.3,312.6,312.95,16011,BIOCON
5816,2025-04-25 12:40:00+05:30,313.0,313.14,312.1,312.5,33594,BIOCON
5817,2025-04-25 12:45:00+05:30,312.3,313.0,312.3,312.8,10259,BIOCON
5818,2025-04-25 12:50:00+05:30,312.89,313.39,312.75,313.35,13218,BIOCON
5819,2025-04-25 12:55:00+05:30,313.25,313.89,313.14,313.7,27366,BIOCON
5820,2025-04-25 13:00:00+05:30,313.75,314.1,313.3,313.6,25872,BIOCON
5821,2025-04-25 13:05:00+05:30,313.64,314.05,313.5,313.7,14151,BIOCON
5822,2025-04-25 13:10:00+05:30,313.6,314.45,313.55,313.95,79566,BIOCON
5823,2025-04-25 13:15:00+05:30,314.0,314.35,313.89,314.14,26377,BIOCON
5824,2025-04-25 13:20:00+05:30,314.14,314.25,314.0,314.1,17234,BIOCON
5825,2025-04-25 13:25:00+05:30,314.1,314.3,313.35,313.5,34942,BIOCON
5826,2025-04-25 13:30:00+05:30,313.55,314.25,313.39,314.25,17826,BIOCON
5827,2025-04-25 13:35:00+05:30,314.05,314.39,313.05,313.2,25625,BIOCON
5828,2025-04-25 13:40:00+05:30,313.2,313.95,313.2,313.75,15903,BIOCON
5829,2025-04-25 13:45:00+05:30,313.7,314.14,313.55,314.14,21850,BIOCON
5830,2025-04-25 13:50:00+05:30,314.1,314.39,313.6,314.0,13391,BIOCON
5831,2025-04-25 13:55:00+05:30,313.85,314.3,313.8,314.05,37115,BIOCON
5832,2025-04-25 14:00:00+05:30,314.05,314.25,313.5,313.6,26433,BIOCON
5833,2025-04-25 14:05:00+05:30,313.6,313.85,312.5,312.5,38820,BIOCON
5834,2025-04-25 14:10:00+05:30,312.5,313.5,312.14,313.39,61324,BIOCON
5835,2025-04-25 14:15:00+05:30,313.45,314.2,313.35,313.85,38897,BIOCON
5836,2025-04-25 14:20:00+05:30,313.8,313.85,313.6,313.8,17908,BIOCON
5837,2025-04-25 14:25:00+05:30,313.8,313.85,313.0,313.45,10345,BIOCON
5838,2025-04-25 14:30:00+05:30,313.5,313.5,312.5,312.85,53810,BIOCON
5839,2025-04-25 14:35:00+05:30,312.75,312.95,311.8,312.8,42800,BIOCON
5840,2025-04-25 14:40:00+05:30,312.7,313.39,312.39,313.2,47465,BIOCON
5841,2025-04-25 14:45:00+05:30,313.2,313.2,312.1,312.6,37783,BIOCON
5842,2025-04-25 14:50:00+05:30,312.7,312.89,312.1,312.45,25708,BIOCON
5843,2025-04-25 14:55:00+05:30,312.39,312.75,312.05,312.14,11914,BIOCON
5844,2025-04-25 15:00:00+05:30,312.14,312.5,312.0,312.25,52847,BIOCON
5845,2025-04-25 15:05:00+05:30,312.25,312.39,311.55,311.95,95713,BIOCON
5846,2025-04-25 15:10:00+05:30,312.2,312.55,311.6,312.05,69050,BIOCON
5847,2025-04-25 15:15:00+05:30,312.1,312.5,311.64,312.0,160429,BIOCON
5848,2025-04-25 15:20:00+05:30,312.0,312.25,309.85,311.89,319444,BIOCON
5849,2025-04-25 15:25:00+05:30,312.0,312.2,310.85,312.0,123268,BIOCON
5850,2025-04-28 09:15:00+05:30,314.85,318.35,313.0,317.75,183206,BIOCON
5851,2025-04-28 09:20:00+05:30,317.95,318.25,315.39,316.3,72570,BIOCON
5852,2025-04-28 09:25:00+05:30,316.45,318.8,316.35,318.1,94510,BIOCON
5853,2025-04-28 09:30:00+05:30,318.25,319.6,317.7,318.85,87605,BIOCON
5854,2025-04-28 09:35:00+05:30,319.0,319.5,318.35,318.55,47308,BIOCON
5855,2025-04-28 09:40:00+05:30,318.5,318.64,317.2,317.39,35131,BIOCON
5856,2025-04-28 09:45:00+05:30,317.3,317.75,316.3,316.8,84756,BIOCON
5857,2025-04-28 09:50:00+05:30,316.8,317.6,316.25,317.39,22182,BIOCON
5858,2025-04-28 09:55:00+05:30,317.6,318.14,316.85,317.0,33871,BIOCON
5859,2025-04-28 10:00:00+05:30,317.0,317.7,316.39,317.5,34481,BIOCON
5860,2025-04-28 10:05:00+05:30,317.39,319.1,317.25,319.05,36645,BIOCON
5861,2025-04-28 10:10:00+05:30,319.05,319.75,318.05,318.85,49565,BIOCON
5862,2025-04-28 10:15:00+05:30,318.7,318.7,318.14,318.45,8794,BIOCON
5863,2025-04-28 10:20:00+05:30,318.45,319.0,318.1,318.64,21493,BIOCON
5864,2025-04-28 10:25:00+05:30,318.64,318.89,317.1,317.1,34670,BIOCON
5865,2025-04-28 10:30:00+05:30,317.14,317.89,317.1,317.3,7914,BIOCON
5866,2025-04-28 10:35:00+05:30,317.3,318.0,316.75,317.6,20554,BIOCON
5867,2025-04-28 10:40:00+05:30,317.6,317.6,317.14,317.35,7939,BIOCON
5868,2025-04-28 10:45:00+05:30,317.35,317.6,317.14,317.3,4476,BIOCON
5869,2025-04-28 10:50:00+05:30,317.35,318.05,317.05,317.85,11956,BIOCON
5870,2025-04-28 10:55:00+05:30,317.85,318.1,317.7,317.7,9226,BIOCON
5871,2025-04-28 11:00:00+05:30,317.8,317.95,317.55,317.6,15803,BIOCON
5872,2025-04-28 11:05:00+05:30,317.6,319.64,317.25,319.25,54138,BIOCON
5873,2025-04-28 11:10:00+05:30,319.2,319.2,317.55,317.6,15257,BIOCON
5874,2025-04-28 11:15:00+05:30,317.64,318.55,317.35,318.0,15374,BIOCON
5875,2025-04-28 11:20:00+05:30,318.0,319.0,318.0,318.75,9760,BIOCON
5876,2025-04-28 11:25:00+05:30,318.75,319.2,318.3,319.2,42203,BIOCON
5877,2025-04-28 11:30:00+05:30,319.2,320.2,318.85,320.0,48853,BIOCON
5878,2025-04-28 11:35:00+05:30,320.0,320.25,319.25,319.3,39644,BIOCON
5879,2025-04-28 11:40:00+05:30,319.3,320.14,319.25,320.14,22904,BIOCON
5880,2025-04-28 11:45:00+05:30,320.0,320.2,319.89,320.0,13466,BIOCON
5881,2025-04-28 11:50:00+05:30,320.0,320.14,319.85,320.1,12564,BIOCON
5882,2025-04-28 11:55:00+05:30,320.1,320.75,319.89,320.55,41605,BIOCON
5883,2025-04-28 12:00:00+05:30,320.55,320.64,319.64,320.0,37339,BIOCON
5884,2025-04-28 12:05:00+05:30,320.05,320.1,319.75,320.0,24260,BIOCON
5885,2025-04-28 12:10:00+05:30,320.0,320.2,319.89,320.0,9709,BIOCON
5886,2025-04-28 12:15:00+05:30,320.0,320.95,319.95,320.85,25727,BIOCON
5887,2025-04-28 12:20:00+05:30,320.85,321.55,320.55,321.3,61920,BIOCON
5888,2025-04-28 12:25:00+05:30,321.39,321.6,320.8,321.14,24026,BIOCON
5889,2025-04-28 12:30:00+05:30,321.2,321.45,320.7,320.85,23171,BIOCON
5890,2025-04-28 12:35:00+05:30,320.85,322.3,320.85,321.95,48317,BIOCON
5891,2025-04-28 12:40:00+05:30,321.95,322.35,321.89,322.05,34171,BIOCON
5892,2025-04-28 12:45:00+05:30,322.05,322.45,321.85,322.0,46672,BIOCON
5893,2025-04-28 12:50:00+05:30,322.0,322.45,321.55,321.6,20829,BIOCON
5894,2025-04-28 12:55:00+05:30,321.6,321.85,321.55,321.7,11917,BIOCON
5895,2025-04-28 13:00:00+05:30,321.7,322.0,321.0,321.2,13005,BIOCON
5896,2025-04-28 13:05:00+05:30,321.25,321.39,320.5,320.6,18843,BIOCON
5897,2025-04-28 13:10:00+05:30,320.6,321.05,320.5,320.55,26457,BIOCON
5898,2025-04-28 13:15:00+05:30,320.5,320.8,320.14,320.14,17834,BIOCON
5899,2025-04-28 13:20:00+05:30,320.14,320.75,319.89,320.5,38008,BIOCON
5900,2025-04-28 13:25:00+05:30,320.5,320.89,320.14,320.64,29853,BIOCON
5901,2025-04-28 13:30:00+05:30,320.55,320.7,320.0,320.5,17486,BIOCON
5902,2025-04-28 13:35:00+05:30,320.39,320.85,320.05,320.25,7819,BIOCON
5903,2025-04-28 13:40:00+05:30,320.5,321.89,320.2,321.35,34190,BIOCON
5904,2025-04-28 13:45:00+05:30,321.39,321.8,321.3,321.3,14620,BIOCON
5905,2025-04-28 13:50:00+05:30,321.2,321.45,320.1,320.25,18381,BIOCON
5906,2025-04-28 13:55:00+05:30,320.25,320.5,320.2,320.2,5983,BIOCON
5907,2025-04-28 14:00:00+05:30,320.2,320.7,320.2,320.5,5716,BIOCON
5908,2025-04-28 14:05:00+05:30,320.5,320.6,320.2,320.2,8257,BIOCON
5909,2025-04-28 14:10:00+05:30,320.2,320.75,320.2,320.6,9340,BIOCON
5910,2025-04-28 14:15:00+05:30,320.55,320.55,319.89,320.0,20423,BIOCON
5911,2025-04-28 14:20:00+05:30,320.0,320.3,319.75,320.0,29359,BIOCON
5912,2025-04-28 14:25:00+05:30,320.0,320.14,319.7,320.05,70477,BIOCON
5913,2025-04-28 14:30:00+05:30,320.0,320.5,319.89,320.1,18856,BIOCON
5914,2025-04-28 14:35:00+05:30,320.1,320.45,320.0,320.0,20455,BIOCON
5915,2025-04-28 14:40:00+05:30,320.0,320.2,319.35,320.0,112413,BIOCON
5916,2025-04-28 14:45:00+05:30,320.1,320.5,319.95,320.25,17661,BIOCON
5917,2025-04-28 14:50:00+05:30,320.45,321.14,320.3,320.95,18557,BIOCON
5918,2025-04-28 14:55:00+05:30,320.95,321.14,320.64,321.0,9965,BIOCON
5919,2025-04-28 15:00:00+05:30,321.05,321.45,320.35,320.75,39616,BIOCON
5920,2025-04-28 15:05:00+05:30,320.85,320.89,320.0,320.5,34857,BIOCON
5921,2025-04-28 15:10:00+05:30,320.55,321.1,320.39,320.64,30075,BIOCON
5922,2025-04-28 15:15:00+05:30,320.8,321.14,320.75,321.14,42943,BIOCON
5923,2025-04-28 15:20:00+05:30,321.05,321.64,320.35,320.6,63857,BIOCON
5924,2025-04-28 15:25:00+05:30,320.55,321.0,320.0,320.89,23637,BIOCON
5925,2025-04-29 09:15:00+05:30,321.0,323.2,318.0,322.3,78751,BIOCON
5926,2025-04-29 09:20:00+05:30,322.2,323.2,322.14,323.1,25194,BIOCON
5927,2025-04-29 09:25:00+05:30,323.1,323.85,322.1,322.25,23045,BIOCON
5928,2025-04-29 09:30:00+05:30,322.1,322.2,320.5,322.0,47452,BIOCON
5929,2025-04-29 09:35:00+05:30,322.0,322.0,319.85,320.2,34363,BIOCON
5930,2025-04-29 09:40:00+05:30,320.2,320.2,317.2,317.95,78657,BIOCON
5931,2025-04-29 09:45:00+05:30,317.95,319.0,317.2,317.89,35785,BIOCON
5932,2025-04-29 09:50:00+05:30,317.89,318.6,316.7,318.55,24738,BIOCON
5933,2025-04-29 09:55:00+05:30,318.64,319.95,318.5,319.35,20022,BIOCON
5934,2025-04-29 10:00:00+05:30,319.55,319.64,318.39,318.85,11317,BIOCON
5935,2025-04-29 10:05:00+05:30,318.75,318.8,318.1,318.39,9052,BIOCON
5936,2025-04-29 10:10:00+05:30,318.39,319.1,318.1,318.5,9443,BIOCON
5937,2025-04-29 10:15:00+05:30,318.6,318.7,318.2,318.35,11696,BIOCON
5938,2025-04-29 10:20:00+05:30,318.39,318.7,318.1,318.39,5616,BIOCON
5939,2025-04-29 10:25:00+05:30,318.55,319.25,318.2,318.35,6844,BIOCON
5940,2025-04-29 10:30:00+05:30,318.35,318.35,317.5,317.95,25166,BIOCON
5941,2025-04-29 10:35:00+05:30,318.0,318.14,317.75,318.14,5597,BIOCON
5942,2025-04-29 10:40:00+05:30,318.14,318.35,317.89,318.14,4006,BIOCON
5943,2025-04-29 10:45:00+05:30,318.14,319.14,317.89,318.8,23762,BIOCON
5944,2025-04-29 10:50:00+05:30,319.0,319.5,318.6,318.8,15559,BIOCON
5945,2025-04-29 10:55:00+05:30,318.6,318.75,318.39,318.5,1644,BIOCON
5946,2025-04-29 11:00:00+05:30,318.7,318.7,318.14,318.6,2242,BIOCON
5947,2025-04-29 11:05:00+05:30,318.89,320.0,318.89,320.0,23033,BIOCON
5948,2025-04-29 11:10:00+05:30,320.0,320.25,319.25,319.5,17880,BIOCON
5949,2025-04-29 11:15:00+05:30,319.3,319.35,318.8,319.0,9077,BIOCON
5950,2025-04-29 11:20:00+05:30,319.0,319.5,319.0,319.5,1662,BIOCON
5951,2025-04-29 11:25:00+05:30,319.5,319.8,319.2,319.2,2624,BIOCON
5952,2025-04-29 11:30:00+05:30,319.25,319.3,318.5,319.3,6819,BIOCON
5953,2025-04-29 11:35:00+05:30,319.25,319.8,319.14,319.55,7452,BIOCON
5954,2025-04-29 11:40:00+05:30,319.55,319.55,318.55,319.0,10097,BIOCON
5955,2025-04-29 11:45:00+05:30,319.0,319.05,318.35,318.55,5713,BIOCON
5956,2025-04-29 11:50:00+05:30,318.55,318.55,318.0,318.14,4929,BIOCON
5957,2025-04-29 11:55:00+05:30,318.0,318.14,317.55,317.89,7385,BIOCON
5958,2025-04-29 12:00:00+05:30,317.89,319.35,317.55,318.25,19249,BIOCON
5959,2025-04-29 12:05:00+05:30,318.25,318.5,317.95,318.3,8029,BIOCON
5960,2025-04-29 12:10:00+05:30,318.3,318.7,318.0,318.5,2057,BIOCON
5961,2025-04-29 12:15:00+05:30,318.7,318.7,318.2,318.5,3730,BIOCON
5962,2025-04-29 12:20:00+05:30,318.5,318.5,317.35,317.35,3653,BIOCON
5963,2025-04-29 12:25:00+05:30,317.6,317.8,317.3,317.3,4883,BIOCON
5964,2025-04-29 12:30:00+05:30,317.3,318.1,317.3,318.1,3420,BIOCON
5965,2025-04-29 12:35:00+05:30,318.1,318.25,317.89,318.0,2137,BIOCON
5966,2025-04-29 12:40:00+05:30,318.0,318.45,318.0,318.35,5643,BIOCON
5967,2025-04-29 12:45:00+05:30,318.25,318.25,317.85,317.95,3228,BIOCON
5968,2025-04-29 12:50:00+05:30,317.89,318.64,317.85,318.45,8072,BIOCON
5969,2025-04-29 12:55:00+05:30,318.45,318.45,317.8,318.05,7386,BIOCON
5970,2025-04-29 13:00:00+05:30,318.05,318.3,317.95,318.3,3500,BIOCON
5971,2025-04-29 13:05:00+05:30,318.2,318.3,317.7,318.0,2264,BIOCON
5972,2025-04-29 13:10:00+05:30,318.0,318.05,317.75,318.05,3026,BIOCON
5973,2025-04-29 13:15:00+05:30,318.05,318.05,317.45,317.95,5042,BIOCON
5974,2025-04-29 13:20:00+05:30,317.85,318.0,317.6,317.95,2433,BIOCON
5975,2025-04-29 13:25:00+05:30,317.95,318.25,317.75,318.14,4852,BIOCON
5976,2025-04-29 13:30:00+05:30,318.25,319.89,317.95,319.8,47968,BIOCON
5977,2025-04-29 13:35:00+05:30,319.75,319.75,319.0,319.25,6231,BIOCON
5978,2025-04-29 13:40:00+05:30,319.05,319.5,319.0,319.5,26637,BIOCON
5979,2025-04-29 13:45:00+05:30,319.55,320.89,319.39,320.7,17775,BIOCON
5980,2025-04-29 13:50:00+05:30,320.7,320.7,319.45,319.45,7613,BIOCON
5981,2025-04-29 13:55:00+05:30,319.55,320.55,319.5,320.45,12413,BIOCON
5982,2025-04-29 14:00:00+05:30,320.25,320.6,320.05,320.14,10259,BIOCON
5983,2025-04-29 14:05:00+05:30,320.14,320.64,320.14,320.45,6558,BIOCON
5984,2025-04-29 14:10:00+05:30,320.45,320.85,320.3,320.39,4488,BIOCON
5985,2025-04-29 14:15:00+05:30,320.39,321.39,320.14,320.5,27930,BIOCON
5986,2025-04-29 14:20:00+05:30,320.5,321.2,320.25,320.45,25223,BIOCON
5987,2025-04-29 14:25:00+05:30,320.45,320.8,319.5,319.5,30317,BIOCON
5988,2025-04-29 14:30:00+05:30,319.7,319.7,319.05,319.39,6492,BIOCON
5989,2025-04-29 14:35:00+05:30,319.25,319.35,318.35,318.7,28635,BIOCON
5990,2025-04-29 14:40:00+05:30,318.64,320.14,318.5,319.85,21525,BIOCON
5991,2025-04-29 14:45:00+05:30,319.64,319.64,318.6,319.14,17030,BIOCON
5992,2025-04-29 14:50:00+05:30,319.14,319.8,318.95,319.25,20329,BIOCON
5993,2025-04-29 14:55:00+05:30,319.2,319.25,318.05,318.3,25543,BIOCON
5994,2025-04-29 15:00:00+05:30,318.3,318.7,318.2,318.35,17279,BIOCON
5995,2025-04-29 15:05:00+05:30,318.35,318.85,318.3,318.85,20940,BIOCON
5996,2025-04-29 15:10:00+05:30,318.89,319.05,318.64,318.7,11953,BIOCON
5997,2025-04-29 15:15:00+05:30,318.64,318.75,318.35,318.7,34075,BIOCON
5998,2025-04-29 15:20:00+05:30,318.64,319.85,318.3,319.45,58773,BIOCON
5999,2025-04-29 15:25:00+05:30,319.45,320.3,318.85,320.3,38309,BIOCON
6000,2025-04-30 09:15:00+05:30,319.45,319.6,317.0,318.89,100677,BIOCON
6001,2025-04-30 09:20:00+05:30,318.8,321.3,318.45,320.35,95571,BIOCON
6002,2025-04-30 09:25:00+05:30,320.25,320.89,318.75,320.75,61498,BIOCON
6003,2025-04-30 09:30:00+05:30,320.64,323.39,320.64,322.5,113656,BIOCON
6004,2025-04-30 09:35:00+05:30,322.35,322.75,321.7,322.55,40546,BIOCON
6005,2025-04-30 09:40:00+05:30,322.5,322.55,321.7,322.05,28799,BIOCON
6006,2025-04-30 09:45:00+05:30,322.2,322.89,322.0,322.85,28542,BIOCON
6007,2025-04-30 09:50:00+05:30,322.85,323.95,322.3,323.55,101247,BIOCON
6008,2025-04-30 09:55:00+05:30,323.45,323.5,321.5,321.89,24771,BIOCON
6009,2025-04-30 10:00:00+05:30,321.95,322.5,321.64,322.3,14567,BIOCON
6010,2025-04-30 10:05:00+05:30,322.3,322.89,321.89,322.8,20914,BIOCON
6011,2025-04-30 10:10:00+05:30,322.89,323.1,322.45,322.75,27465,BIOCON
6012,2025-04-30 10:15:00+05:30,322.55,323.5,322.55,323.45,24694,BIOCON
6013,2025-04-30 10:20:00+05:30,323.45,323.55,323.0,323.35,20680,BIOCON
6014,2025-04-30 10:25:00+05:30,323.25,323.45,322.5,322.5,12717,BIOCON
6015,2025-04-30 10:30:00+05:30,322.6,322.6,321.85,321.85,21362,BIOCON
6016,2025-04-30 10:35:00+05:30,321.89,322.0,321.14,322.0,36468,BIOCON
6017,2025-04-30 10:40:00+05:30,322.0,322.39,321.8,321.89,10854,BIOCON
6018,2025-04-30 10:45:00+05:30,322.0,323.45,321.89,323.2,17498,BIOCON
6019,2025-04-30 10:50:00+05:30,323.2,323.89,323.0,323.89,25284,BIOCON
6020,2025-04-30 10:55:00+05:30,323.89,323.95,323.45,323.45,13791,BIOCON
6021,2025-04-30 11:00:00+05:30,323.45,323.8,323.45,323.8,9334,BIOCON
6022,2025-04-30 11:05:00+05:30,323.75,324.05,323.0,323.45,23025,BIOCON
6023,2025-04-30 11:10:00+05:30,323.35,323.75,323.3,323.39,11040,BIOCON
6024,2025-04-30 11:15:00+05:30,323.35,323.75,323.0,323.7,12658,BIOCON
6025,2025-04-30 11:20:00+05:30,323.7,323.7,322.75,323.1,11511,BIOCON
6026,2025-04-30 11:25:00+05:30,323.25,323.39,322.75,323.25,21140,BIOCON
6027,2025-04-30 11:30:00+05:30,323.25,323.25,322.85,323.2,10080,BIOCON
6028,2025-04-30 11:35:00+05:30,323.14,323.55,323.0,323.1,16060,BIOCON
6029,2025-04-30 11:40:00+05:30,323.1,323.14,322.85,323.1,14456,BIOCON
6030,2025-04-30 11:45:00+05:30,323.1,323.25,322.75,323.25,70359,BIOCON
6031,2025-04-30 11:50:00+05:30,323.25,323.8,323.1,323.5,10692,BIOCON
6032,2025-04-30 11:55:00+05:30,323.5,323.8,323.45,323.7,11570,BIOCON
6033,2025-04-30 12:00:00+05:30,323.7,324.45,323.7,324.39,31494,BIOCON
6034,2025-04-30 12:05:00+05:30,324.35,324.45,323.89,324.39,21386,BIOCON
6035,2025-04-30 12:10:00+05:30,324.2,325.0,324.1,324.6,59999,BIOCON
6036,2025-04-30 12:15:00+05:30,324.6,325.0,324.45,324.7,19222,BIOCON
6037,2025-04-30 12:20:00+05:30,324.6,325.0,324.2,324.75,20406,BIOCON
6038,2025-04-30 12:25:00+05:30,324.89,325.0,324.45,324.7,12464,BIOCON
6039,2025-04-30 12:30:00+05:30,324.64,324.75,323.05,323.05,40572,BIOCON
6040,2025-04-30 12:35:00+05:30,323.1,323.75,322.75,323.55,25948,BIOCON
6041,2025-04-30 12:40:00+05:30,323.55,325.1,323.5,325.1,56064,BIOCON
6042,2025-04-30 12:45:00+05:30,325.0,325.1,324.55,325.05,70038,BIOCON
6043,2025-04-30 12:50:00+05:30,325.05,325.2,325.0,325.1,15573,BIOCON
6044,2025-04-30 12:55:00+05:30,325.05,325.2,324.89,325.0,30538,BIOCON
6045,2025-04-30 13:00:00+05:30,325.0,325.1,324.6,324.89,156059,BIOCON
6046,2025-04-30 13:05:00+05:30,325.0,325.05,324.39,324.45,177241,BIOCON
6047,2025-04-30 13:10:00+05:30,324.45,324.5,324.1,324.1,18335,BIOCON
6048,2025-04-30 13:15:00+05:30,324.1,324.1,323.64,323.75,18411,BIOCON
6049,2025-04-30 13:20:00+05:30,323.64,323.75,323.39,323.5,19060,BIOCON
6050,2025-04-30 13:25:00+05:30,323.45,323.8,323.45,323.64,14820,BIOCON
6051,2025-04-30 13:30:00+05:30,323.64,324.05,323.64,324.05,14105,BIOCON
6052,2025-04-30 13:35:00+05:30,324.1,324.45,324.0,324.45,8770,BIOCON
6053,2025-04-30 13:40:00+05:30,324.45,324.45,324.3,324.45,11870,BIOCON
6054,2025-04-30 13:45:00+05:30,324.45,324.45,324.25,324.25,9420,BIOCON
6055,2025-04-30 13:50:00+05:30,324.25,324.3,324.0,324.05,9704,BIOCON
6056,2025-04-30 13:55:00+05:30,324.05,324.05,323.5,323.6,16769,BIOCON
6057,2025-04-30 14:00:00+05:30,323.6,323.7,323.05,323.3,53358,BIOCON
6058,2025-04-30 14:05:00+05:30,323.2,323.2,322.14,322.35,33147,BIOCON
6059,2025-04-30 14:10:00+05:30,322.35,322.45,321.55,322.05,27726,BIOCON
6060,2025-04-30 14:15:00+05:30,322.25,322.25,321.75,321.8,13848,BIOCON
6061,2025-04-30 14:20:00+05:30,321.8,322.3,321.64,321.64,21183,BIOCON
6062,2025-04-30 14:25:00+05:30,321.64,321.75,321.39,321.64,23822,BIOCON
6063,2025-04-30 14:30:00+05:30,321.89,321.89,321.5,321.64,13106,BIOCON
6064,2025-04-30 14:35:00+05:30,321.5,322.1,321.35,322.1,21318,BIOCON
6065,2025-04-30 14:40:00+05:30,322.1,322.5,322.0,322.05,16652,BIOCON
6066,2025-04-30 14:45:00+05:30,322.05,322.6,322.05,322.5,16620,BIOCON
6067,2025-04-30 14:50:00+05:30,322.5,322.8,322.3,322.64,19746,BIOCON
6068,2025-04-30 14:55:00+05:30,322.64,322.75,322.2,322.75,28163,BIOCON
6069,2025-04-30 15:00:00+05:30,322.7,323.64,322.35,322.35,58856,BIOCON
6070,2025-04-30 15:05:00+05:30,322.39,322.5,321.8,322.05,60301,BIOCON
6071,2025-04-30 15:10:00+05:30,322.45,322.5,321.8,321.95,34955,BIOCON
6072,2025-04-30 15:15:00+05:30,321.89,322.0,321.45,321.6,72045,BIOCON
6073,2025-04-30 15:20:00+05:30,321.55,322.0,321.25,321.3,81122,BIOCON
6074,2025-04-30 15:25:00+05:30,321.25,321.45,319.2,320.0,92959,BIOCON
6075,2025-05-02 09:15:00+05:30,321.8,324.25,320.85,322.89,77304,BIOCON
6076,2025-05-02 09:20:00+05:30,322.89,322.89,320.85,321.55,43540,BIOCON
6077,2025-05-02 09:25:00+05:30,321.6,322.75,320.8,321.0,36528,BIOCON
6078,2025-05-02 09:30:00+05:30,321.0,321.45,320.35,321.0,25515,BIOCON
6079,2025-05-02 09:35:00+05:30,321.0,322.2,320.95,322.14,20197,BIOCON
6080,2025-05-02 09:40:00+05:30,322.14,322.75,321.8,321.8,19366,BIOCON
6081,2025-05-02 09:45:00+05:30,321.8,322.85,321.8,322.55,11770,BIOCON
6082,2025-05-02 09:50:00+05:30,322.45,322.89,322.25,322.89,15263,BIOCON
6083,2025-05-02 09:55:00+05:30,322.75,323.3,322.39,322.95,57416,BIOCON
6084,2025-05-02 10:00:00+05:30,322.75,324.0,322.75,323.2,231242,BIOCON
6085,2025-05-02 10:05:00+05:30,323.05,323.2,322.6,322.8,16176,BIOCON
6086,2025-05-02 10:10:00+05:30,322.95,323.55,322.8,323.0,19964,BIOCON
6087,2025-05-02 10:15:00+05:30,323.1,323.85,323.1,323.6,11603,BIOCON
6088,2025-05-02 10:20:00+05:30,323.6,323.85,323.45,323.64,11333,BIOCON
6089,2025-05-02 10:25:00+05:30,323.75,323.89,323.1,323.35,10518,BIOCON
6090,2025-05-02 10:30:00+05:30,323.35,323.89,322.85,323.89,25416,BIOCON
6091,2025-05-02 10:35:00+05:30,323.89,324.0,323.3,323.89,19215,BIOCON
6092,2025-05-02 10:40:00+05:30,323.89,324.5,323.8,324.0,24028,BIOCON
6093,2025-05-02 10:45:00+05:30,323.89,323.95,323.3,323.7,20845,BIOCON
6094,2025-05-02 10:50:00+05:30,323.64,323.7,322.39,322.5,14517,BIOCON
6095,2025-05-02 10:55:00+05:30,322.6,322.85,321.75,322.55,11736,BIOCON
6096,2025-05-02 11:00:00+05:30,322.75,322.89,322.14,322.2,4905,BIOCON
6097,2025-05-02 11:05:00+05:30,322.3,323.1,322.2,322.35,9000,BIOCON
6098,2025-05-02 11:10:00+05:30,322.45,322.8,322.1,322.2,9839,BIOCON
6099,2025-05-02 11:15:00+05:30,322.2,322.64,321.95,321.95,9098,BIOCON
6100,2025-05-02 11:20:00+05:30,321.95,322.14,320.75,320.85,22065,BIOCON
6101,2025-05-02 11:25:00+05:30,321.0,321.85,320.75,321.85,17294,BIOCON
6102,2025-05-02 11:30:00+05:30,321.85,321.85,319.85,320.1,27478,BIOCON
6103,2025-05-02 11:35:00+05:30,320.1,320.89,320.0,320.6,11662,BIOCON
6104,2025-05-02 11:40:00+05:30,320.55,320.7,319.8,319.95,15101,BIOCON
6105,2025-05-02 11:45:00+05:30,319.95,320.05,319.35,319.39,10867,BIOCON
6106,2025-05-02 11:50:00+05:30,319.55,319.89,319.1,319.89,11427,BIOCON
6107,2025-05-02 11:55:00+05:30,319.89,320.45,319.8,320.05,6435,BIOCON
6108,2025-05-02 12:00:00+05:30,320.05,320.05,319.2,319.75,12246,BIOCON
6109,2025-05-02 12:05:00+05:30,319.6,319.7,319.0,319.25,4920,BIOCON
6110,2025-05-02 12:10:00+05:30,319.45,319.6,319.3,319.3,3672,BIOCON
6111,2025-05-02 12:15:00+05:30,319.3,319.35,318.25,318.5,21629,BIOCON
6112,2025-05-02 12:20:00+05:30,318.35,318.95,318.35,318.8,14853,BIOCON
6113,2025-05-02 12:25:00+05:30,318.8,319.39,318.25,318.5,19990,BIOCON
6114,2025-05-02 12:30:00+05:30,318.5,319.0,318.35,318.89,6619,BIOCON
6115,2025-05-02 12:35:00+05:30,318.89,319.39,318.75,319.3,11018,BIOCON
6116,2025-05-02 12:40:00+05:30,319.3,319.35,318.7,319.3,5025,BIOCON
6117,2025-05-02 12:45:00+05:30,319.3,320.35,319.25,319.95,6421,BIOCON
6118,2025-05-02 12:50:00+05:30,319.95,320.3,319.55,319.7,6993,BIOCON
6119,2025-05-02 12:55:00+05:30,319.7,319.89,319.55,319.8,4278,BIOCON
6120,2025-05-02 13:00:00+05:30,319.64,319.85,319.0,319.25,11588,BIOCON
6121,2025-05-02 13:05:00+05:30,319.39,319.89,319.39,319.64,5262,BIOCON
6122,2025-05-02 13:10:00+05:30,319.6,319.6,318.95,319.2,13572,BIOCON
6123,2025-05-02 13:15:00+05:30,319.3,319.89,319.3,319.89,11131,BIOCON
6124,2025-05-02 13:20:00+05:30,319.89,320.3,319.8,320.3,7975,BIOCON
6125,2025-05-02 13:25:00+05:30,320.3,320.55,320.05,320.2,7521,BIOCON
6126,2025-05-02 13:30:00+05:30,320.14,320.85,320.1,320.3,9345,BIOCON
6127,2025-05-02 13:35:00+05:30,320.45,320.75,320.1,320.75,6242,BIOCON
6128,2025-05-02 13:40:00+05:30,320.75,320.8,320.0,320.3,7072,BIOCON
6129,2025-05-02 13:45:00+05:30,320.3,320.45,320.1,320.35,3454,BIOCON
6130,2025-05-02 13:50:00+05:30,320.35,320.5,320.14,320.5,4708,BIOCON
6131,2025-05-02 13:55:00+05:30,320.45,320.6,320.05,320.2,5249,BIOCON
6132,2025-05-02 14:00:00+05:30,320.05,320.39,319.7,320.39,6139,BIOCON
6133,2025-05-02 14:05:00+05:30,320.2,320.35,320.1,320.25,9499,BIOCON
6134,2025-05-02 14:10:00+05:30,320.3,320.5,319.5,319.5,6572,BIOCON
6135,2025-05-02 14:15:00+05:30,319.5,319.95,319.1,319.25,10904,BIOCON
6136,2025-05-02 14:20:00+05:30,319.1,319.35,318.85,319.1,10018,BIOCON
6137,2025-05-02 14:25:00+05:30,319.0,319.05,318.25,318.25,14093,BIOCON
6138,2025-05-02 14:30:00+05:30,318.25,318.39,318.0,318.05,13892,BIOCON
6139,2025-05-02 14:35:00+05:30,318.1,318.3,317.8,318.3,11875,BIOCON
6140,2025-05-02 14:40:00+05:30,318.14,318.64,318.1,318.55,5279,BIOCON
6141,2025-05-02 14:45:00+05:30,318.45,319.39,318.3,319.39,13356,BIOCON
6142,2025-05-02 14:50:00+05:30,319.35,319.85,319.1,319.25,7862,BIOCON
6143,2025-05-02 14:55:00+05:30,319.3,319.64,319.3,319.55,6552,BIOCON
6144,2025-05-02 15:00:00+05:30,319.45,319.75,319.2,319.35,26768,BIOCON
6145,2025-05-02 15:05:00+05:30,319.25,319.6,318.95,319.3,16914,BIOCON
6146,2025-05-02 15:10:00+05:30,319.3,319.39,319.2,319.3,7084,BIOCON
6147,2025-05-02 15:15:00+05:30,319.3,319.39,318.8,319.0,31956,BIOCON
6148,2025-05-02 15:20:00+05:30,319.0,319.0,318.3,318.85,40271,BIOCON
6149,2025-05-02 15:25:00+05:30,318.8,318.95,317.89,318.39,43987,BIOCON
6150,2025-05-05 09:15:00+05:30,322.0,326.2,322.0,325.5,177707,BIOCON
6151,2025-05-05 09:20:00+05:30,325.7,327.64,325.2,326.55,163279,BIOCON
6152,2025-05-05 09:25:00+05:30,326.5,328.5,326.5,327.6,123470,BIOCON
6153,2025-05-05 09:30:00+05:30,327.55,329.6,327.05,328.7,130235,BIOCON
6154,2025-05-05 09:35:00+05:30,328.45,330.55,328.45,330.55,156831,BIOCON
6155,2025-05-05 09:40:00+05:30,330.45,331.2,329.15,329.6,164498,BIOCON
6156,2025-05-05 09:45:00+05:30,329.55,331.3,329.55,331.25,86426,BIOCON
6157,2025-05-05 09:50:00+05:30,331.05,332.35,331.0,331.9,163189,BIOCON
6158,2025-05-05 09:55:00+05:30,331.8,332.85,331.55,332.85,94388,BIOCON
6159,2025-05-05 10:00:00+05:30,332.8,333.0,332.0,332.05,89588,BIOCON
6160,2025-05-05 10:05:00+05:30,332.05,333.55,331.85,333.5,145601,BIOCON
6161,2025-05-05 10:10:00+05:30,333.45,333.45,332.35,333.05,98866,BIOCON
6162,2025-05-05 10:15:00+05:30,333.1,334.0,333.05,334.0,142653,BIOCON
6163,2025-05-05 10:20:00+05:30,333.8,334.8,333.8,334.4,140166,BIOCON
6164,2025-05-05 10:25:00+05:30,334.4,334.6,333.05,334.0,108827,BIOCON
6165,2025-05-05 10:30:00+05:30,333.9,334.85,333.8,334.5,75003,BIOCON
6166,2025-05-05 10:35:00+05:30,334.65,334.7,333.35,333.5,45649,BIOCON
6167,2025-05-05 10:40:00+05:30,333.7,333.9,333.35,333.75,40792,BIOCON
6168,2025-05-05 10:45:00+05:30,333.55,333.75,332.4,332.5,64623,BIOCON
6169,2025-05-05 10:50:00+05:30,332.5,332.65,331.8,332.05,65603,BIOCON
6170,2025-05-05 10:55:00+05:30,332.1,333.0,332.0,332.75,35246,BIOCON
6171,2025-05-05 11:00:00+05:30,332.75,333.95,332.5,333.45,56613,BIOCON
6172,2025-05-05 11:05:00+05:30,333.25,334.0,333.25,333.5,22639,BIOCON
6173,2025-05-05 11:10:00+05:30,333.45,333.5,332.6,333.15,23625,BIOCON
6174,2025-05-05 11:15:00+05:30,333.15,333.5,333.0,333.2,16063,BIOCON
6175,2025-05-05 11:20:00+05:30,333.05,333.45,333.0,333.05,9425,BIOCON
6176,2025-05-05 11:25:00+05:30,333.05,333.05,332.55,332.8,22288,BIOCON
6177,2025-05-05 11:30:00+05:30,332.65,333.5,332.6,333.4,50077,BIOCON
6178,2025-05-05 11:35:00+05:30,333.25,333.5,332.65,332.8,38374,BIOCON
6179,2025-05-05 11:40:00+05:30,333.0,333.0,332.3,332.6,21051,BIOCON
6180,2025-05-05 11:45:00+05:30,332.55,332.55,332.0,332.05,28030,BIOCON
6181,2025-05-05 11:50:00+05:30,332.0,332.9,331.95,332.45,27295,BIOCON
6182,2025-05-05 11:55:00+05:30,332.25,333.0,332.2,332.7,19748,BIOCON
6183,2025-05-05 12:00:00+05:30,332.7,333.5,332.55,333.0,31132,BIOCON
6184,2025-05-05 12:05:00+05:30,333.0,333.6,332.7,333.5,24848,BIOCON
6185,2025-05-05 12:10:00+05:30,333.3,333.6,332.75,333.0,22818,BIOCON
6186,2025-05-05 12:15:00+05:30,333.15,333.45,333.0,333.05,13638,BIOCON
6187,2025-05-05 12:20:00+05:30,333.2,333.2,332.05,332.1,22333,BIOCON
6188,2025-05-05 12:25:00+05:30,332.1,333.4,332.0,333.05,34552,BIOCON
6189,2025-05-05 12:30:00+05:30,332.95,333.05,332.55,332.75,15892,BIOCON
6190,2025-05-05 12:35:00+05:30,332.75,333.0,332.2,332.25,14170,BIOCON
6191,2025-05-05 12:40:00+05:30,332.25,332.55,332.1,332.1,7089,BIOCON
6192,2025-05-05 12:45:00+05:30,332.1,332.4,331.85,331.9,24510,BIOCON
6193,2025-05-05 12:50:00+05:30,331.9,332.3,331.5,332.15,61978,BIOCON
6194,2025-05-05 12:55:00+05:30,332.15,333.3,332.0,333.1,25483,BIOCON
6195,2025-05-05 13:00:00+05:30,333.1,333.65,332.8,333.4,35835,BIOCON
6196,2025-05-05 13:05:00+05:30,333.3,333.95,332.8,333.5,53814,BIOCON
6197,2025-05-05 13:10:00+05:30,333.55,333.85,333.3,333.65,25202,BIOCON
6198,2025-05-05 13:15:00+05:30,333.55,334.6,333.45,334.55,108002,BIOCON
6199,2025-05-05 13:20:00+05:30,334.4,335.0,333.9,334.6,97444,BIOCON
6200,2025-05-05 13:25:00+05:30,334.6,335.0,334.15,334.5,62065,BIOCON
6201,2025-05-05 13:30:00+05:30,334.55,335.85,334.5,335.45,135214,BIOCON
6202,2025-05-05 13:35:00+05:30,335.45,335.5,334.5,335.2,55183,BIOCON
6203,2025-05-05 13:40:00+05:30,335.2,335.5,334.9,334.95,37499,BIOCON
6204,2025-05-05 13:45:00+05:30,334.95,335.3,334.75,334.8,38820,BIOCON
6205,2025-05-05 13:50:00+05:30,335.0,335.85,334.75,335.1,48706,BIOCON
6206,2025-05-05 13:55:00+05:30,335.35,335.6,335.1,335.35,19125,BIOCON
6207,2025-05-05 14:00:00+05:30,335.35,336.0,335.3,336.0,58237,BIOCON
6208,2025-05-05 14:05:00+05:30,335.95,336.0,335.55,335.75,37888,BIOCON
6209,2025-05-05 14:10:00+05:30,335.6,336.0,335.6,335.65,27381,BIOCON
6210,2025-05-05 14:15:00+05:30,335.65,336.8,335.35,335.75,77949,BIOCON
6211,2025-05-05 14:20:00+05:30,335.6,335.85,335.05,335.65,32902,BIOCON
6212,2025-05-05 14:25:00+05:30,335.55,335.7,335.3,335.55,14209,BIOCON
6213,2025-05-05 14:30:00+05:30,335.55,336.4,335.55,336.0,46165,BIOCON
6214,2025-05-05 14:35:00+05:30,336.0,336.0,335.85,335.9,7946,BIOCON
6215,2025-05-05 14:40:00+05:30,336.0,336.3,335.9,336.0,21024,BIOCON
6216,2025-05-05 14:45:00+05:30,336.05,336.7,336.0,336.5,39676,BIOCON
6217,2025-05-05 14:50:00+05:30,336.55,336.6,336.0,336.35,58786,BIOCON
6218,2025-05-05 14:55:00+05:30,336.4,336.75,336.15,336.35,69024,BIOCON
6219,2025-05-05 15:00:00+05:30,336.35,336.4,335.85,335.95,58100,BIOCON
6220,2025-05-05 15:05:00+05:30,335.95,336.2,335.65,336.2,65145,BIOCON
6221,2025-05-05 15:10:00+05:30,336.15,336.15,335.7,335.85,53223,BIOCON
6222,2025-05-05 15:15:00+05:30,335.85,336.1,335.45,335.7,152760,BIOCON
6223,2025-05-05 15:20:00+05:30,335.75,336.3,335.5,335.75,130337,BIOCON
6224,2025-05-05 15:25:00+05:30,335.75,336.3,335.5,336.15,60576,BIOCON
6225,2025-05-06 09:15:00+05:30,334.8,337.85,332.05,337.1,216693,BIOCON
6226,2025-05-06 09:20:00+05:30,337.0,340.6,336.25,337.5,526305,BIOCON
6227,2025-05-06 09:25:00+05:30,337.5,339.75,336.05,337.55,206610,BIOCON
6228,2025-05-06 09:30:00+05:30,337.55,340.0,335.7,339.1,224720,BIOCON
6229,2025-05-06 09:35:00+05:30,339.3,340.4,338.75,340.0,182186,BIOCON
6230,2025-05-06 09:40:00+05:30,340.1,340.4,339.15,339.4,201957,BIOCON
6231,2025-05-06 09:45:00+05:30,339.6,339.95,338.5,338.75,79156,BIOCON
6232,2025-05-06 09:50:00+05:30,338.55,338.8,336.1,336.1,77804,BIOCON
6233,2025-05-06 09:55:00+05:30,336.1,337.5,336.0,336.7,46664,BIOCON
6234,2025-05-06 10:00:00+05:30,336.65,338.9,336.55,338.9,68105,BIOCON
6235,2025-05-06 10:05:00+05:30,338.7,341.9,338.55,340.9,562594,BIOCON
6236,2025-05-06 10:10:00+05:30,341.0,342.0,340.2,341.45,158517,BIOCON
6237,2025-05-06 10:15:00+05:30,341.35,341.35,340.05,340.75,84042,BIOCON
6238,2025-05-06 10:20:00+05:30,340.75,341.95,340.3,340.5,147502,BIOCON
6239,2025-05-06 10:25:00+05:30,340.5,342.9,340.5,342.45,174635,BIOCON
6240,2025-05-06 10:30:00+05:30,342.5,344.45,341.8,344.0,249803,BIOCON
6241,2025-05-06 10:35:00+05:30,344.1,344.55,343.05,344.35,166414,BIOCON
6242,2025-05-06 10:40:00+05:30,344.25,344.9,343.6,344.85,129143,BIOCON
6243,2025-05-06 10:45:00+05:30,344.75,345.5,343.6,343.65,220431,BIOCON
6244,2025-05-06 10:50:00+05:30,343.75,345.0,342.85,343.0,154509,BIOCON
6245,2025-05-06 10:55:00+05:30,343.25,344.6,342.9,344.3,88924,BIOCON
6246,2025-05-06 11:00:00+05:30,344.35,344.45,342.65,342.85,81725,BIOCON
6247,2025-05-06 11:05:00+05:30,343.0,344.2,342.5,343.5,85913,BIOCON
6248,2025-05-06 11:10:00+05:30,343.45,343.65,342.75,342.8,31314,BIOCON
6249,2025-05-06 11:15:00+05:30,342.8,343.25,342.3,342.35,44837,BIOCON
6250,2025-05-06 11:20:00+05:30,342.45,343.0,342.3,342.55,43520,BIOCON
6251,2025-05-06 11:25:00+05:30,342.5,342.8,341.6,341.7,65859,BIOCON
6252,2025-05-06 11:30:00+05:30,341.7,342.3,341.6,342.0,50534,BIOCON
6253,2025-05-06 11:35:00+05:30,341.95,342.3,341.65,341.65,20874,BIOCON
6254,2025-05-06 11:40:00+05:30,341.7,341.95,340.65,341.0,82086,BIOCON
6255,2025-05-06 11:45:00+05:30,340.9,341.4,340.7,341.15,24451,BIOCON
6256,2025-05-06 11:50:00+05:30,341.15,342.3,340.95,342.3,62794,BIOCON
6257,2025-05-06 11:55:00+05:30,342.3,342.8,341.05,341.3,115407,BIOCON
6258,2025-05-06 12:00:00+05:30,341.3,341.35,340.85,341.1,29514,BIOCON
6259,2025-05-06 12:05:00+05:30,341.0,341.05,340.5,340.7,37543,BIOCON
6260,2025-05-06 12:10:00+05:30,340.8,342.95,340.65,342.95,286548,BIOCON
6261,2025-05-06 12:15:00+05:30,343.0,344.85,342.75,344.25,149769,BIOCON
6262,2025-05-06 12:20:00+05:30,344.35,344.8,343.6,344.0,130689,BIOCON
6263,2025-05-06 12:25:00+05:30,344.15,344.3,343.25,343.3,48001,BIOCON
6264,2025-05-06 12:30:00+05:30,343.3,343.35,342.7,342.75,32982,BIOCON
6265,2025-05-06 12:35:00+05:30,342.75,343.0,342.45,342.55,25792,BIOCON
6266,2025-05-06 12:40:00+05:30,342.55,344.05,342.5,343.55,57498,BIOCON
6267,2025-05-06 12:45:00+05:30,343.45,343.65,342.6,342.9,22372,BIOCON
6268,2025-05-06 12:50:00+05:30,342.9,343.35,342.85,342.9,11005,BIOCON
6269,2025-05-06 12:55:00+05:30,343.1,343.3,342.5,342.75,18326,BIOCON
6270,2025-05-06 13:00:00+05:30,342.55,342.85,342.2,342.65,19264,BIOCON
6271,2025-05-06 13:05:00+05:30,342.45,342.9,342.15,342.25,20525,BIOCON
6272,2025-05-06 13:10:00+05:30,342.25,342.55,341.35,341.55,27001,BIOCON
6273,2025-05-06 13:15:00+05:30,341.55,342.45,341.45,342.4,31811,BIOCON
6274,2025-05-06 13:20:00+05:30,342.4,342.95,341.9,342.85,38281,BIOCON
6275,2025-05-06 13:25:00+05:30,342.8,342.85,341.4,341.4,26817,BIOCON
6276,2025-05-06 13:30:00+05:30,341.5,341.75,340.25,340.7,72189,BIOCON
6277,2025-05-06 13:35:00+05:30,340.7,342.4,340.55,342.2,42890,BIOCON
6278,2025-05-06 13:40:00+05:30,342.3,342.3,341.7,341.8,8485,BIOCON
6279,2025-05-06 13:45:00+05:30,341.8,342.1,341.6,341.6,17931,BIOCON
6280,2025-05-06 13:50:00+05:30,341.7,341.75,341.0,341.5,20856,BIOCON
6281,2025-05-06 13:55:00+05:30,341.5,342.95,341.25,342.0,49856,BIOCON
6282,2025-05-06 14:00:00+05:30,342.1,342.2,341.3,341.85,19054,BIOCON
6283,2025-05-06 14:05:00+05:30,341.85,341.85,340.7,340.85,40980,BIOCON
6284,2025-05-06 14:10:00+05:30,340.85,340.95,340.2,340.5,66676,BIOCON
6285,2025-05-06 14:15:00+05:30,340.25,340.8,340.25,340.35,39620,BIOCON
6286,2025-05-06 14:20:00+05:30,340.45,340.5,339.8,339.8,54413,BIOCON
6287,2025-05-06 14:25:00+05:30,339.8,340.7,339.75,340.3,39151,BIOCON
6288,2025-05-06 14:30:00+05:30,340.3,340.45,340.0,340.05,24106,BIOCON
6289,2025-05-06 14:35:00+05:30,340.3,340.65,340.1,340.4,14409,BIOCON
6290,2025-05-06 14:40:00+05:30,340.4,341.35,340.1,340.85,38559,BIOCON
6291,2025-05-06 14:45:00+05:30,340.9,340.95,340.05,340.3,48581,BIOCON
6292,2025-05-06 14:50:00+05:30,340.35,342.2,340.3,340.85,62780,BIOCON
6293,2025-05-06 14:55:00+05:30,340.75,341.7,340.6,341.7,71171,BIOCON
6294,2025-05-06 15:00:00+05:30,341.7,342.4,341.5,341.75,67518,BIOCON
6295,2025-05-06 15:05:00+05:30,341.75,342.4,341.25,342.4,60636,BIOCON
6296,2025-05-06 15:10:00+05:30,342.35,343.0,341.75,341.95,93969,BIOCON
6297,2025-05-06 15:15:00+05:30,341.8,342.1,340.7,341.0,120187,BIOCON
6298,2025-05-06 15:20:00+05:30,341.0,341.15,340.65,340.85,124118,BIOCON
6299,2025-05-06 15:25:00+05:30,340.75,341.75,340.65,341.0,123240,BIOCON
6300,2025-05-07 09:15:00+05:30,336.1,341.75,336.1,341.3,672392,BIOCON
6301,2025-05-07 09:20:00+05:30,341.1,344.0,340.15,340.85,219376,BIOCON
6302,2025-05-07 09:25:00+05:30,341.1,344.45,341.1,343.85,100604,BIOCON
6303,2025-05-07 09:30:00+05:30,343.85,344.9,343.6,344.7,80514,BIOCON
6304,2025-05-07 09:35:00+05:30,344.5,345.45,344.05,344.9,108378,BIOCON
6305,2025-05-07 09:40:00+05:30,345.0,345.15,341.0,341.2,146105,BIOCON
6306,2025-05-07 09:45:00+05:30,341.15,342.85,341.1,342.15,169077,BIOCON
6307,2025-05-07 09:50:00+05:30,342.1,342.35,340.35,340.4,89047,BIOCON
6308,2025-05-07 09:55:00+05:30,340.55,343.75,339.95,342.85,145226,BIOCON
6309,2025-05-07 10:00:00+05:30,342.95,344.65,342.65,343.75,119610,BIOCON
6310,2025-05-07 10:05:00+05:30,343.8,344.65,342.6,342.6,60678,BIOCON
6311,2025-05-07 10:10:00+05:30,342.85,343.2,341.6,342.0,61513,BIOCON
6312,2025-05-07 10:15:00+05:30,342.0,342.3,341.55,341.6,43543,BIOCON
6313,2025-05-07 10:20:00+05:30,341.8,344.1,341.75,343.8,49048,BIOCON
6314,2025-05-07 10:25:00+05:30,343.8,344.7,343.55,344.3,102729,BIOCON
6315,2025-05-07 10:30:00+05:30,344.3,346.75,344.0,346.65,241270,BIOCON
6316,2025-05-07 10:35:00+05:30,346.5,348.85,345.6,348.05,260009,BIOCON
6317,2025-05-07 10:40:00+05:30,347.85,348.5,346.85,346.85,119006,BIOCON
6318,2025-05-07 10:45:00+05:30,346.85,348.75,346.3,348.3,92328,BIOCON
6319,2025-05-07 10:50:00+05:30,348.15,348.3,346.15,346.15,55612,BIOCON
6320,2025-05-07 10:55:00+05:30,346.2,346.3,345.1,345.3,49749,BIOCON
6321,2025-05-07 11:00:00+05:30,345.4,346.5,344.65,345.5,42514,BIOCON
6322,2025-05-07 11:05:00+05:30,345.65,346.35,345.25,346.35,36859,BIOCON
6323,2025-05-07 11:10:00+05:30,346.2,346.3,345.65,346.1,20769,BIOCON
6324,2025-05-07 11:15:00+05:30,346.1,346.9,346.0,346.6,25454,BIOCON
6325,2025-05-07 11:20:00+05:30,346.65,347.0,345.75,346.1,47549,BIOCON
6326,2025-05-07 11:25:00+05:30,346.15,346.65,345.85,346.1,12766,BIOCON
6327,2025-05-07 11:30:00+05:30,346.0,346.65,345.75,346.35,18299,BIOCON
6328,2025-05-07 11:35:00+05:30,346.4,346.5,345.5,345.65,25253,BIOCON
6329,2025-05-07 11:40:00+05:30,345.75,345.95,345.5,345.55,15266,BIOCON
6330,2025-05-07 11:45:00+05:30,345.6,345.6,344.05,344.4,47898,BIOCON
6331,2025-05-07 11:50:00+05:30,344.4,344.6,343.6,344.5,79215,BIOCON
6332,2025-05-07 11:55:00+05:30,344.5,344.55,343.1,343.1,33135,BIOCON
6333,2025-05-07 12:00:00+05:30,343.15,343.4,342.45,343.1,28250,BIOCON
6334,2025-05-07 12:05:00+05:30,343.15,343.35,342.9,343.2,13519,BIOCON
6335,2025-05-07 12:10:00+05:30,343.15,343.5,342.3,342.4,32265,BIOCON
6336,2025-05-07 12:15:00+05:30,342.45,343.15,342.35,342.75,22614,BIOCON
6337,2025-05-07 12:20:00+05:30,342.9,342.95,342.5,342.6,15655,BIOCON
6338,2025-05-07 12:25:00+05:30,342.6,343.45,342.5,342.9,22145,BIOCON
6339,2025-05-07 12:30:00+05:30,342.95,343.9,342.75,343.85,18723,BIOCON
6340,2025-05-07 12:35:00+05:30,343.8,344.5,343.05,343.65,53902,BIOCON
6341,2025-05-07 12:40:00+05:30,343.65,345.55,343.6,345.0,57775,BIOCON
6342,2025-05-07 12:45:00+05:30,345.05,346.4,344.95,346.0,61257,BIOCON
6343,2025-05-07 12:50:00+05:30,346.05,346.05,345.5,345.5,21887,BIOCON
6344,2025-05-07 12:55:00+05:30,345.5,345.55,344.65,344.75,22034,BIOCON
6345,2025-05-07 13:00:00+05:30,344.8,345.25,344.5,344.9,18451,BIOCON
6346,2025-05-07 13:05:00+05:30,344.9,344.9,344.05,344.4,18192,BIOCON
6347,2025-05-07 13:10:00+05:30,344.4,344.85,344.25,344.55,16337,BIOCON
6348,2025-05-07 13:15:00+05:30,344.5,345.0,344.4,344.6,29268,BIOCON
6349,2025-05-07 13:20:00+05:30,344.7,345.3,344.5,344.7,91914,BIOCON
6350,2025-05-07 13:25:00+05:30,344.7,345.05,344.1,344.15,33280,BIOCON
6351,2025-05-07 13:30:00+05:30,344.2,344.5,343.8,343.8,14197,BIOCON
6352,2025-05-07 13:35:00+05:30,343.8,343.85,342.8,343.5,33178,BIOCON
6353,2025-05-07 13:40:00+05:30,343.5,344.3,343.35,344.3,22755,BIOCON
6354,2025-05-07 13:45:00+05:30,344.35,345.0,343.45,343.65,38443,BIOCON
6355,2025-05-07 13:50:00+05:30,343.75,344.0,343.3,343.4,22295,BIOCON
6356,2025-05-07 13:55:00+05:30,343.45,344.1,343.05,343.55,35804,BIOCON
6357,2025-05-07 14:00:00+05:30,343.6,344.95,343.55,344.8,19868,BIOCON
6358,2025-05-07 14:05:00+05:30,344.8,345.0,344.4,344.9,20319,BIOCON
6359,2025-05-07 14:10:00+05:30,344.95,345.8,344.8,344.9,71457,BIOCON
6360,2025-05-07 14:15:00+05:30,344.95,346.35,344.9,345.5,85660,BIOCON
6361,2025-05-07 14:20:00+05:30,345.5,345.8,344.9,345.3,32595,BIOCON
6362,2025-05-07 14:25:00+05:30,345.2,345.85,344.9,345.2,89241,BIOCON
6363,2025-05-07 14:30:00+05:30,345.2,346.7,345.2,346.7,62240,BIOCON
6364,2025-05-07 14:35:00+05:30,346.6,346.6,345.55,345.55,44128,BIOCON
6365,2025-05-07 14:40:00+05:30,345.55,345.9,344.8,345.0,21567,BIOCON
6366,2025-05-07 14:45:00+05:30,345.0,345.55,344.75,345.35,22895,BIOCON
6367,2025-05-07 14:50:00+05:30,345.4,345.6,344.65,344.85,34466,BIOCON
6368,2025-05-07 14:55:00+05:30,344.85,345.6,344.8,345.55,27911,BIOCON
6369,2025-05-07 15:00:00+05:30,345.35,346.2,345.35,345.9,113643,BIOCON
6370,2025-05-07 15:05:00+05:30,345.95,346.65,345.65,346.5,88093,BIOCON
6371,2025-05-07 15:10:00+05:30,346.5,346.7,346.0,346.15,71496,BIOCON
6372,2025-05-07 15:15:00+05:30,346.15,347.0,346.0,346.65,121756,BIOCON
6373,2025-05-07 15:20:00+05:30,346.7,347.45,346.35,347.2,146668,BIOCON
6374,2025-05-07 15:25:00+05:30,347.15,347.35,346.0,346.1,83632,BIOCON
6375,2025-05-08 09:15:00+05:30,346.0,350.0,345.15,348.05,184278,BIOCON
6376,2025-05-08 09:20:00+05:30,347.85,349.2,346.15,347.45,117271,BIOCON
6377,2025-05-08 09:25:00+05:30,347.45,347.9,346.55,346.9,27496,BIOCON
6378,2025-05-08 09:30:00+05:30,346.95,347.65,346.5,347.45,28148,BIOCON
6379,2025-05-08 09:35:00+05:30,347.25,348.15,346.2,346.4,34793,BIOCON
6380,2025-05-08 09:40:00+05:30,346.4,346.65,344.7,345.1,43643,BIOCON
6381,2025-05-08 09:45:00+05:30,345.05,345.95,344.55,345.0,23635,BIOCON
6382,2025-05-08 09:50:00+05:30,345.15,345.9,344.8,345.4,17576,BIOCON
6383,2025-05-08 09:55:00+05:30,345.4,345.8,345.25,345.8,19527,BIOCON
6384,2025-05-08 10:00:00+05:30,345.8,346.55,345.6,346.1,30837,BIOCON
6385,2025-05-08 10:05:00+05:30,346.05,347.2,345.9,347.0,12088,BIOCON
6386,2025-05-08 10:10:00+05:30,346.85,347.4,346.1,346.35,15287,BIOCON
6387,2025-05-08 10:15:00+05:30,346.35,347.45,346.3,346.6,20913,BIOCON
6388,2025-05-08 10:20:00+05:30,346.6,347.25,346.25,346.85,12372,BIOCON
6389,2025-05-08 10:25:00+05:30,346.8,347.25,346.6,346.6,20484,BIOCON
6390,2025-05-08 10:30:00+05:30,346.55,347.1,346.3,347.1,22259,BIOCON
6391,2025-05-08 10:35:00+05:30,347.1,347.2,345.75,345.75,15788,BIOCON
6392,2025-05-08 10:40:00+05:30,345.65,345.8,345.3,345.4,11338,BIOCON
6393,2025-05-08 10:45:00+05:30,345.45,345.7,345.05,345.2,25249,BIOCON
6394,2025-05-08 10:50:00+05:30,345.35,346.6,345.2,346.45,12206,BIOCON
6395,2025-05-08 10:55:00+05:30,346.45,347.4,346.25,346.9,29047,BIOCON
6396,2025-05-08 11:00:00+05:30,346.85,346.85,346.3,346.75,14333,BIOCON
6397,2025-05-08 11:05:00+05:30,346.9,346.95,346.3,346.3,7478,BIOCON
6398,2025-05-08 11:10:00+05:30,346.3,346.65,346.3,346.65,6803,BIOCON
6399,2025-05-08 11:15:00+05:30,346.55,347.0,346.55,346.95,3455,BIOCON
6400,2025-05-08 11:20:00+05:30,346.8,346.9,346.4,346.7,4729,BIOCON
6401,2025-05-08 11:25:00+05:30,346.7,346.85,346.35,346.75,11224,BIOCON
6402,2025-05-08 11:30:00+05:30,346.75,347.1,346.3,346.3,12286,BIOCON
6403,2025-05-08 11:35:00+05:30,346.3,347.0,345.7,346.35,48409,BIOCON
6404,2025-05-08 11:40:00+05:30,346.25,346.95,346.25,346.5,4063,BIOCON
6405,2025-05-08 11:45:00+05:30,346.5,346.7,345.95,345.95,8686,BIOCON
6406,2025-05-08 11:50:00+05:30,346.0,346.6,345.85,346.3,8604,BIOCON
6407,2025-05-08 11:55:00+05:30,346.45,346.55,346.0,346.2,6989,BIOCON
6408,2025-05-08 12:00:00+05:30,346.5,346.6,345.95,346.0,3442,BIOCON
6409,2025-05-08 12:05:00+05:30,346.0,346.8,346.0,346.5,10818,BIOCON
6410,2025-05-08 12:10:00+05:30,346.4,346.4,345.3,345.4,10500,BIOCON
6411,2025-05-08 12:15:00+05:30,345.3,345.5,344.85,345.15,32578,BIOCON
6412,2025-05-08 12:20:00+05:30,345.2,345.35,344.55,344.75,26871,BIOCON
6413,2025-05-08 12:25:00+05:30,344.75,344.75,343.25,344.2,48519,BIOCON
6414,2025-05-08 12:30:00+05:30,344.2,345.2,342.65,344.0,66172,BIOCON
6415,2025-05-08 12:35:00+05:30,344.0,344.05,342.95,342.95,39941,BIOCON
6416,2025-05-08 12:40:00+05:30,343.0,343.4,342.85,343.0,28306,BIOCON
6417,2025-05-08 12:45:00+05:30,343.25,343.3,341.7,343.25,43927,BIOCON
6418,2025-05-08 12:50:00+05:30,343.25,343.45,342.1,342.65,18297,BIOCON
6419,2025-05-08 12:55:00+05:30,342.7,343.15,342.45,343.15,12038,BIOCON
6420,2025-05-08 13:00:00+05:30,343.15,343.3,342.6,343.05,14874,BIOCON
6421,2025-05-08 13:05:00+05:30,343.15,343.15,342.0,342.25,16844,BIOCON
6422,2025-05-08 13:10:00+05:30,342.25,342.6,341.7,342.45,16223,BIOCON
6423,2025-05-08 13:15:00+05:30,342.45,342.7,341.85,342.35,15196,BIOCON
6424,2025-05-08 13:20:00+05:30,342.35,342.35,341.3,341.35,32330,BIOCON
6425,2025-05-08 13:25:00+05:30,341.5,342.3,341.1,341.85,14980,BIOCON
6426,2025-05-08 13:30:00+05:30,341.85,341.95,340.1,340.6,60304,BIOCON
6427,2025-05-08 13:35:00+05:30,340.65,340.85,339.4,339.6,63617,BIOCON
6428,2025-05-08 13:40:00+05:30,339.65,340.15,339.45,339.9,21008,BIOCON
6429,2025-05-08 13:45:00+05:30,339.85,340.9,339.2,340.5,47423,BIOCON
6430,2025-05-08 13:50:00+05:30,340.45,340.5,339.65,339.9,19536,BIOCON
6431,2025-05-08 13:55:00+05:30,339.7,340.1,339.45,339.7,18374,BIOCON
6432,2025-05-08 14:00:00+05:30,339.55,339.75,339.2,339.2,13716,BIOCON
6433,2025-05-08 14:05:00+05:30,339.35,339.9,339.15,339.55,18114,BIOCON
6434,2025-05-08 14:10:00+05:30,339.7,339.7,338.25,338.75,26252,BIOCON
6435,2025-05-08 14:15:00+05:30,338.7,339.8,338.5,338.7,36349,BIOCON
6436,2025-05-08 14:20:00+05:30,338.65,339.0,338.1,338.75,28982,BIOCON
6437,2025-05-08 14:25:00+05:30,338.6,338.7,337.55,338.25,28084,BIOCON
6438,2025-05-08 14:30:00+05:30,338.3,338.4,337.5,337.75,38191,BIOCON
6439,2025-05-08 14:35:00+05:30,337.65,339.0,337.6,338.1,31006,BIOCON
6440,2025-05-08 14:40:00+05:30,338.0,338.25,336.5,337.2,71630,BIOCON
6441,2025-05-08 14:45:00+05:30,337.2,337.5,335.55,335.7,64433,BIOCON
6442,2025-05-08 14:50:00+05:30,335.85,336.7,334.65,334.65,101164,BIOCON
6443,2025-05-08 14:55:00+05:30,334.9,336.1,334.55,335.4,75227,BIOCON
6444,2025-05-08 15:00:00+05:30,335.4,335.65,333.6,334.05,105982,BIOCON
6445,2025-05-08 15:05:00+05:30,334.3,336.95,334.05,336.55,62128,BIOCON
6446,2025-05-08 15:10:00+05:30,336.6,336.6,335.2,335.5,43480,BIOCON
6447,2025-05-08 15:15:00+05:30,335.4,335.7,334.45,334.75,67056,BIOCON
6448,2025-05-08 15:20:00+05:30,334.8,335.0,333.2,334.05,103154,BIOCON
6449,2025-05-08 15:25:00+05:30,334.2,334.2,332.35,333.5,88709,BIOCON
6450,2025-05-09 09:15:00+05:30,333.5,340.8,328.0,335.05,1252212,BIOCON
6451,2025-05-09 09:20:00+05:30,335.3,337.5,333.05,336.85,576438,BIOCON
6452,2025-05-09 09:25:00+05:30,336.9,338.55,334.05,336.65,327863,BIOCON
6453,2025-05-09 09:30:00+05:30,336.5,338.5,334.5,334.5,326698,BIOCON
6454,2025-05-09 09:35:00+05:30,334.45,337.85,334.15,337.45,150494,BIOCON
6455,2025-05-09 09:40:00+05:30,337.45,338.2,336.0,336.9,137495,BIOCON
6456,2025-05-09 09:45:00+05:30,336.85,337.05,333.15,333.45,187439,BIOCON
6457,2025-05-09 09:50:00+05:30,333.4,333.7,332.2,332.45,153855,BIOCON
6458,2025-05-09 09:55:00+05:30,332.5,332.55,330.6,330.8,150034,BIOCON
6459,2025-05-09 10:00:00+05:30,330.7,330.9,329.1,329.8,100876,BIOCON
6460,2025-05-09 10:05:00+05:30,329.6,332.4,329.6,331.25,93126,BIOCON
6461,2025-05-09 10:10:00+05:30,331.25,333.6,330.8,333.5,58403,BIOCON
6462,2025-05-09 10:15:00+05:30,333.6,334.9,333.0,333.35,102073,BIOCON
6463,2025-05-09 10:20:00+05:30,333.5,333.65,332.05,332.45,41160,BIOCON
6464,2025-05-09 10:25:00+05:30,332.45,332.5,331.2,331.2,37010,BIOCON
6465,2025-05-09 10:30:00+05:30,331.2,331.2,330.05,330.2,49766,BIOCON
6466,2025-05-09 10:35:00+05:30,330.2,330.8,328.7,328.7,109617,BIOCON
6467,2025-05-09 10:40:00+05:30,328.8,329.7,328.8,329.05,46895,BIOCON
6468,2025-05-09 10:45:00+05:30,329.0,329.65,328.85,329.45,19288,BIOCON
6469,2025-05-09 10:50:00+05:30,329.4,329.75,328.65,328.7,35871,BIOCON
6470,2025-05-09 10:55:00+05:30,328.65,329.25,328.6,329.1,26379,BIOCON
6471,2025-05-09 11:00:00+05:30,329.15,330.55,329.15,330.55,26139,BIOCON
6472,2025-05-09 11:05:00+05:30,330.55,330.65,328.85,328.85,37266,BIOCON
6473,2025-05-09 11:10:00+05:30,328.85,329.9,328.55,329.4,40998,BIOCON
6474,2025-05-09 11:15:00+05:30,329.4,329.55,328.85,329.35,18230,BIOCON
6475,2025-05-09 11:20:00+05:30,329.3,329.6,328.3,329.55,36817,BIOCON
6476,2025-05-09 11:25:00+05:30,329.65,331.35,329.55,331.15,78834,BIOCON
6477,2025-05-09 11:30:00+05:30,331.15,332.9,330.95,331.55,83601,BIOCON
6478,2025-05-09 11:35:00+05:30,331.55,331.7,330.65,330.9,18543,BIOCON
6479,2025-05-09 11:40:00+05:30,330.8,332.85,330.75,331.55,42525,BIOCON
6480,2025-05-09 11:45:00+05:30,331.55,332.0,331.0,331.35,16787,BIOCON
6481,2025-05-09 11:50:00+05:30,331.3,332.0,330.85,331.6,15438,BIOCON
6482,2025-05-09 11:55:00+05:30,331.5,332.3,331.35,332.05,18882,BIOCON
6483,2025-05-09 12:00:00+05:30,332.05,332.35,331.5,331.5,25105,BIOCON
6484,2025-05-09 12:05:00+05:30,331.65,332.15,331.3,332.1,17714,BIOCON
6485,2025-05-09 12:10:00+05:30,332.2,333.45,331.7,333.4,53644,BIOCON
6486,2025-05-09 12:15:00+05:30,333.4,333.6,332.4,332.7,29472,BIOCON
6487,2025-05-09 12:20:00+05:30,332.7,332.7,331.0,331.95,35634,BIOCON
6488,2025-05-09 12:25:00+05:30,331.9,332.85,331.65,332.4,24201,BIOCON
6489,2025-05-09 12:30:00+05:30,332.55,332.55,331.3,331.55,28270,BIOCON
6490,2025-05-09 12:35:00+05:30,331.3,331.9,331.05,331.65,19480,BIOCON
6491,2025-05-09 12:40:00+05:30,331.55,332.0,330.8,330.8,16729,BIOCON
6492,2025-05-09 12:45:00+05:30,330.8,331.75,330.75,331.7,19429,BIOCON
6493,2025-05-09 12:50:00+05:30,331.8,332.3,331.65,332.25,14260,BIOCON
6494,2025-05-09 12:55:00+05:30,332.3,332.35,331.3,331.65,11253,BIOCON
6495,2025-05-09 13:00:00+05:30,331.7,332.0,330.65,331.0,24724,BIOCON
6496,2025-05-09 13:05:00+05:30,331.0,331.0,329.7,330.25,37826,BIOCON
6497,2025-05-09 13:10:00+05:30,330.25,331.0,330.1,330.55,24770,BIOCON
6498,2025-05-09 13:15:00+05:30,330.6,331.35,330.5,330.9,22146,BIOCON
6499,2025-05-09 13:20:00+05:30,330.95,330.95,329.4,329.45,29839,BIOCON
6500,2025-05-09 13:25:00+05:30,329.55,330.25,329.2,329.55,29182,BIOCON
6501,2025-05-09 13:30:00+05:30,329.25,330.6,329.2,329.85,20013,BIOCON
6502,2025-05-09 13:35:00+05:30,329.85,330.2,329.6,329.7,17433,BIOCON
6503,2025-05-09 13:40:00+05:30,329.7,330.05,329.25,329.9,22544,BIOCON
6504,2025-05-09 13:45:00+05:30,330.0,330.4,329.65,329.65,15155,BIOCON
6505,2025-05-09 13:50:00+05:30,329.85,330.7,329.6,330.5,12718,BIOCON
6506,2025-05-09 13:55:00+05:30,330.5,330.55,329.5,329.6,22587,BIOCON
6507,2025-05-09 14:00:00+05:30,329.65,330.7,329.35,330.25,25782,BIOCON
6508,2025-05-09 14:05:00+05:30,330.1,330.4,329.8,330.3,14776,BIOCON
6509,2025-05-09 14:10:00+05:30,330.1,330.65,330.1,330.3,11129,BIOCON
6510,2025-05-09 14:15:00+05:30,330.3,331.15,330.25,330.35,24216,BIOCON
6511,2025-05-09 14:20:00+05:30,330.55,330.65,329.1,329.4,34623,BIOCON
6512,2025-05-09 14:25:00+05:30,329.15,329.4,328.6,328.65,23502,BIOCON
6513,2025-05-09 14:30:00+05:30,328.75,329.15,328.3,328.8,53665,BIOCON
6514,2025-05-09 14:35:00+05:30,328.8,329.35,328.55,329.35,23432,BIOCON
6515,2025-05-09 14:40:00+05:30,329.35,329.45,328.5,328.65,33058,BIOCON
6516,2025-05-09 14:45:00+05:30,328.6,329.0,328.45,328.95,28073,BIOCON
6517,2025-05-09 14:50:00+05:30,328.95,329.95,328.75,329.2,69129,BIOCON
6518,2025-05-09 14:55:00+05:30,329.05,329.25,328.55,328.75,27634,BIOCON
6519,2025-05-09 15:00:00+05:30,328.9,329.4,328.65,328.9,39570,BIOCON
6520,2025-05-09 15:05:00+05:30,328.9,330.0,328.65,329.55,96235,BIOCON
6521,2025-05-09 15:10:00+05:30,329.75,329.85,328.45,329.5,132613,BIOCON
6522,2025-05-09 15:15:00+05:30,329.5,330.9,329.3,330.3,234999,BIOCON
6523,2025-05-09 15:20:00+05:30,330.45,330.65,330.0,330.55,144169,BIOCON
6524,2025-05-09 15:25:00+05:30,330.6,331.1,330.35,330.9,118880,BIOCON
6525,2025-05-12 09:15:00+05:30,335.0,336.3,323.1,325.2,857798,BIOCON
6526,2025-05-12 09:20:00+05:30,325.39,327.14,322.2,322.5,354420,BIOCON
6527,2025-05-12 09:25:00+05:30,322.5,322.5,318.39,319.39,498567,BIOCON
6528,2025-05-12 09:30:00+05:30,319.1,320.85,317.89,320.5,399754,BIOCON
6529,2025-05-12 09:35:00+05:30,320.75,322.45,320.14,320.3,306251,BIOCON
6530,2025-05-12 09:40:00+05:30,320.5,321.5,320.35,321.39,144120,BIOCON
6531,2025-05-12 09:45:00+05:30,321.39,321.85,320.05,321.55,194239,BIOCON
6532,2025-05-12 09:50:00+05:30,321.55,323.2,321.55,322.8,219778,BIOCON
6533,2025-05-12 09:55:00+05:30,322.8,323.95,321.7,323.95,207459,BIOCON
6534,2025-05-12 10:00:00+05:30,323.95,325.2,323.7,324.64,187798,BIOCON
6535,2025-05-12 10:05:00+05:30,324.85,327.9,324.64,327.75,216760,BIOCON
6536,2025-05-12 10:10:00+05:30,327.75,328.25,326.2,326.5,189095,BIOCON
6537,2025-05-12 10:15:00+05:30,326.5,328.75,326.35,328.35,145641,BIOCON
6538,2025-05-12 10:20:00+05:30,328.45,329.5,328.3,329.5,132803,BIOCON
6539,2025-05-12 10:25:00+05:30,329.5,329.5,328.25,329.1,109791,BIOCON
6540,2025-05-12 10:30:00+05:30,329.15,330.6,329.0,329.6,246257,BIOCON
6541,2025-05-12 10:35:00+05:30,329.6,330.0,328.15,328.55,107380,BIOCON
6542,2025-05-12 10:40:00+05:30,328.45,330.5,328.35,330.35,91937,BIOCON
6543,2025-05-12 10:45:00+05:30,330.4,330.45,329.9,330.2,45743,BIOCON
6544,2025-05-12 10:50:00+05:30,330.05,330.2,328.95,329.0,47765,BIOCON
6545,2025-05-12 10:55:00+05:30,329.15,329.3,328.5,328.55,31541,BIOCON
6546,2025-05-12 11:00:00+05:30,328.55,329.0,328.5,328.8,26320,BIOCON
6547,2025-05-12 11:05:00+05:30,328.75,329.15,327.8,329.0,64538,BIOCON
6548,2025-05-12 11:10:00+05:30,329.0,329.0,327.5,327.85,48683,BIOCON
6549,2025-05-12 11:15:00+05:30,327.9,328.2,327.75,327.75,31310,BIOCON
6550,2025-05-12 11:20:00+05:30,327.9,328.1,327.5,327.8,57285,BIOCON
6551,2025-05-12 11:25:00+05:30,327.7,328.0,327.5,327.5,29614,BIOCON
6552,2025-05-12 11:30:00+05:30,327.5,327.64,326.64,327.1,51770,BIOCON
6553,2025-05-12 11:35:00+05:30,327.05,327.39,326.35,326.35,40496,BIOCON
6554,2025-05-12 11:40:00+05:30,326.35,326.5,325.6,326.1,44596,BIOCON
6555,2025-05-12 11:45:00+05:30,326.2,326.35,325.7,326.0,32600,BIOCON
6556,2025-05-12 11:50:00+05:30,326.0,326.45,325.8,326.45,36732,BIOCON
6557,2025-05-12 11:55:00+05:30,326.25,326.95,326.05,326.1,43533,BIOCON
6558,2025-05-12 12:00:00+05:30,326.39,326.39,325.8,326.1,23901,BIOCON
6559,2025-05-12 12:05:00+05:30,325.95,326.14,325.8,325.85,28681,BIOCON
6560,2025-05-12 12:10:00+05:30,325.8,325.95,325.5,325.95,57502,BIOCON
6561,2025-05-12 12:15:00+05:30,325.95,326.2,324.7,325.1,68641,BIOCON
6562,2025-05-12 12:20:00+05:30,325.0,325.64,324.89,325.35,37498,BIOCON
6563,2025-05-12 12:25:00+05:30,325.2,325.6,325.05,325.5,26844,BIOCON
6564,2025-05-12 12:30:00+05:30,325.5,327.3,325.5,327.05,61907,BIOCON
6565,2025-05-12 12:35:00+05:30,327.14,327.14,326.55,326.75,42747,BIOCON
6566,2025-05-12 12:40:00+05:30,326.7,326.8,326.3,326.35,31968,BIOCON
6567,2025-05-12 12:45:00+05:30,326.35,326.8,326.35,326.39,25405,BIOCON
6568,2025-05-12 12:50:00+05:30,326.45,326.45,325.89,326.14,31964,BIOCON
6569,2025-05-12 12:55:00+05:30,326.2,327.0,326.2,326.85,23774,BIOCON
6570,2025-05-12 13:00:00+05:30,326.85,327.0,326.14,326.35,19001,BIOCON
6571,2025-05-12 13:05:00+05:30,326.35,326.89,326.3,326.75,16944,BIOCON
6572,2025-05-12 13:10:00+05:30,326.55,326.8,326.2,326.25,23494,BIOCON
6573,2025-05-12 13:15:00+05:30,326.3,326.6,326.05,326.25,19876,BIOCON
6574,2025-05-12 13:20:00+05:30,326.3,326.45,326.0,326.3,18339,BIOCON
6575,2025-05-12 13:25:00+05:30,326.14,326.39,325.89,326.25,36672,BIOCON
6576,2025-05-12 13:30:00+05:30,326.25,326.7,326.1,326.55,20387,BIOCON
6577,2025-05-12 13:35:00+05:30,326.55,326.95,326.5,326.8,37128,BIOCON
6578,2025-05-12 13:40:00+05:30,326.8,327.75,326.8,327.14,69715,BIOCON
6579,2025-05-12 13:45:00+05:30,327.35,327.55,327.0,327.14,23425,BIOCON
6580,2025-05-12 13:50:00+05:30,327.35,327.45,326.25,327.1,47842,BIOCON
6581,2025-05-12 13:55:00+05:30,327.1,327.8,326.85,327.39,64951,BIOCON
6582,2025-05-12 14:00:00+05:30,327.45,327.8,327.1,327.14,25777,BIOCON
6583,2025-05-12 14:05:00+05:30,327.14,327.7,327.0,327.1,28370,BIOCON
6584,2025-05-12 14:10:00+05:30,327.1,328.3,326.95,328.15,98484,BIOCON
6585,2025-05-12 14:15:00+05:30,328.3,328.75,327.45,328.2,95324,BIOCON
6586,2025-05-12 14:20:00+05:30,328.2,328.5,327.95,328.15,39733,BIOCON
6587,2025-05-12 14:25:00+05:30,328.2,328.5,327.8,328.5,67267,BIOCON
6588,2025-05-12 14:30:00+05:30,328.5,328.65,327.8,328.1,33806,BIOCON
6589,2025-05-12 14:35:00+05:30,328.0,328.35,327.6,327.8,34731,BIOCON
6590,2025-05-12 14:40:00+05:30,327.75,327.8,327.0,327.3,31990,BIOCON
6591,2025-05-12 14:45:00+05:30,327.3,327.8,327.2,327.39,29049,BIOCON
6592,2025-05-12 14:50:00+05:30,327.45,328.45,327.25,328.1,66704,BIOCON
6593,2025-05-12 14:55:00+05:30,328.1,329.0,328.0,329.0,63049,BIOCON
6594,2025-05-12 15:00:00+05:30,328.95,329.2,328.4,328.85,77243,BIOCON
6595,2025-05-12 15:05:00+05:30,328.85,328.9,328.0,328.3,71370,BIOCON
6596,2025-05-12 15:10:00+05:30,328.25,328.35,327.64,328.2,106247,BIOCON
6597,2025-05-12 15:15:00+05:30,328.2,328.85,327.9,328.15,170833,BIOCON
6598,2025-05-12 15:20:00+05:30,328.35,328.5,326.75,328.15,301220,BIOCON
6599,2025-05-12 15:25:00+05:30,328.3,328.45,327.5,328.2,122069,BIOCON
6600,2025-05-13 09:15:00+05:30,330.8,336.7,330.4,335.2,534011,BIOCON
6601,2025-05-13 09:20:00+05:30,335.45,336.4,333.45,335.7,192629,BIOCON
6602,2025-05-13 09:25:00+05:30,335.65,337.5,334.25,336.35,261268,BIOCON
6603,2025-05-13 09:30:00+05:30,336.35,337.0,334.1,336.9,216726,BIOCON
6604,2025-05-13 09:35:00+05:30,337.0,337.2,334.55,334.95,115023,BIOCON
6605,2025-05-13 09:40:00+05:30,334.95,335.7,334.1,335.7,81496,BIOCON
6606,2025-05-13 09:45:00+05:30,335.7,336.3,334.55,334.9,83033,BIOCON
6607,2025-05-13 09:50:00+05:30,334.85,335.8,334.65,335.5,55004,BIOCON
6608,2025-05-13 09:55:00+05:30,335.65,335.7,334.25,334.25,31273,BIOCON
6609,2025-05-13 10:00:00+05:30,334.2,335.3,334.2,334.7,66767,BIOCON
6610,2025-05-13 10:05:00+05:30,334.75,335.1,334.3,334.6,51890,BIOCON
6611,2025-05-13 10:10:00+05:30,334.65,334.95,333.7,334.5,78736,BIOCON
6612,2025-05-13 10:15:00+05:30,334.4,335.05,334.2,334.45,33020,BIOCON
6613,2025-05-13 10:20:00+05:30,334.45,334.7,334.0,334.15,20399,BIOCON
6614,2025-05-13 10:25:00+05:30,334.1,334.1,333.4,333.65,37682,BIOCON
6615,2025-05-13 10:30:00+05:30,333.6,334.4,333.4,334.1,25206,BIOCON
6616,2025-05-13 10:35:00+05:30,333.9,334.5,333.8,334.45,84290,BIOCON
6617,2025-05-13 10:40:00+05:30,334.4,334.6,333.7,334.15,23491,BIOCON
6618,2025-05-13 10:45:00+05:30,334.0,334.5,333.9,334.2,23389,BIOCON
6619,2025-05-13 10:50:00+05:30,334.05,334.25,333.5,333.85,34909,BIOCON
6620,2025-05-13 10:55:00+05:30,333.6,334.1,333.6,333.95,18463,BIOCON
6621,2025-05-13 11:00:00+05:30,334.0,334.15,333.6,333.7,17378,BIOCON
6622,2025-05-13 11:05:00+05:30,333.7,333.8,333.4,333.4,21467,BIOCON
6623,2025-05-13 11:10:00+05:30,333.4,333.55,332.75,333.05,37985,BIOCON
6624,2025-05-13 11:15:00+05:30,333.25,333.75,332.95,333.45,32607,BIOCON
6625,2025-05-13 11:20:00+05:30,333.3,333.35,332.3,332.5,31730,BIOCON
6626,2025-05-13 11:25:00+05:30,332.3,332.75,332.1,332.4,29001,BIOCON
6627,2025-05-13 11:30:00+05:30,332.3,332.8,332.15,332.25,33343,BIOCON
6628,2025-05-13 11:35:00+05:30,332.25,333.2,332.2,332.5,50405,BIOCON
6629,2025-05-13 11:40:00+05:30,332.5,332.9,331.55,331.85,42502,BIOCON
6630,2025-05-13 11:45:00+05:30,331.6,332.25,331.6,331.85,48981,BIOCON
6631,2025-05-13 11:50:00+05:30,331.85,332.1,331.5,331.95,35554,BIOCON
6632,2025-05-13 11:55:00+05:30,331.95,332.65,331.85,332.35,23563,BIOCON
6633,2025-05-13 12:00:00+05:30,332.5,332.55,332.0,332.15,20295,BIOCON
6634,2025-05-13 12:05:00+05:30,332.0,332.65,332.0,332.05,34422,BIOCON
6635,2025-05-13 12:10:00+05:30,332.0,332.05,331.25,331.8,52762,BIOCON
6636,2025-05-13 12:15:00+05:30,331.75,332.05,331.6,331.6,30385,BIOCON
6637,2025-05-13 12:20:00+05:30,331.65,331.65,331.15,331.45,29730,BIOCON
6638,2025-05-13 12:25:00+05:30,331.35,331.45,331.0,331.2,38008,BIOCON
6639,2025-05-13 12:30:00+05:30,331.05,331.05,330.3,330.4,42601,BIOCON
6640,2025-05-13 12:35:00+05:30,330.45,331.0,330.15,330.25,58663,BIOCON
6641,2025-05-13 12:40:00+05:30,330.25,330.35,330.05,330.05,20724,BIOCON
6642,2025-05-13 12:45:00+05:30,330.05,330.15,328.8,329.4,95433,BIOCON
6643,2025-05-13 12:50:00+05:30,329.4,329.5,329.15,329.25,22469,BIOCON
6644,2025-05-13 12:55:00+05:30,329.15,329.5,329.0,329.1,23414,BIOCON
6645,2025-05-13 13:00:00+05:30,329.2,330.25,329.1,330.1,29519,BIOCON
6646,2025-05-13 13:05:00+05:30,330.0,330.35,329.9,330.05,23432,BIOCON
6647,2025-05-13 13:10:00+05:30,330.0,330.35,329.8,329.95,29211,BIOCON
6648,2025-05-13 13:15:00+05:30,329.95,330.1,329.3,329.45,23732,BIOCON
6649,2025-05-13 13:20:00+05:30,329.5,329.6,329.3,329.6,20754,BIOCON
6650,2025-05-13 13:25:00+05:30,329.55,329.95,329.2,329.55,26523,BIOCON
6651,2025-05-13 13:30:00+05:30,329.5,329.85,329.1,329.75,25509,BIOCON
6652,2025-05-13 13:35:00+05:30,329.55,330.0,329.25,329.8,27748,BIOCON
6653,2025-05-13 13:40:00+05:30,329.55,330.35,329.55,330.05,25038,BIOCON
6654,2025-05-13 13:45:00+05:30,330.0,330.8,329.85,330.75,31967,BIOCON
6655,2025-05-13 13:50:00+05:30,330.75,330.8,330.0,330.35,16819,BIOCON
6656,2025-05-13 13:55:00+05:30,330.2,330.95,330.2,330.35,45284,BIOCON
6657,2025-05-13 14:00:00+05:30,330.3,330.6,330.1,330.25,33896,BIOCON
6658,2025-05-13 14:05:00+05:30,330.25,330.7,330.05,330.3,17599,BIOCON
6659,2025-05-13 14:10:00+05:30,330.3,331.7,330.3,330.7,53515,BIOCON
6660,2025-05-13 14:15:00+05:30,330.7,330.7,329.65,329.8,30126,BIOCON
6661,2025-05-13 14:20:00+05:30,329.9,330.3,329.5,329.8,99182,BIOCON
6662,2025-05-13 14:25:00+05:30,329.8,330.0,329.6,329.6,21514,BIOCON
6663,2025-05-13 14:30:00+05:30,329.6,330.0,329.5,329.55,51870,BIOCON
6664,2025-05-13 14:35:00+05:30,329.5,329.8,329.3,329.65,32430,BIOCON
6665,2025-05-13 14:40:00+05:30,329.65,330.0,329.55,329.7,49275,BIOCON
6666,2025-05-13 14:45:00+05:30,329.65,330.55,329.6,329.8,178607,BIOCON
6667,2025-05-13 14:50:00+05:30,329.6,329.95,329.35,329.65,37720,BIOCON
6668,2025-05-13 14:55:00+05:30,329.5,329.75,329.05,329.05,32413,BIOCON
6669,2025-05-13 15:00:00+05:30,329.25,329.4,329.0,329.1,57790,BIOCON
6670,2025-05-13 15:05:00+05:30,329.2,330.1,329.0,329.9,130706,BIOCON
6671,2025-05-13 15:10:00+05:30,329.9,330.65,329.8,329.8,79127,BIOCON
6672,2025-05-13 15:15:00+05:30,329.95,330.6,329.8,330.2,147964,BIOCON
6673,2025-05-13 15:20:00+05:30,330.2,330.3,329.5,329.7,77403,BIOCON
6674,2025-05-13 15:25:00+05:30,329.5,330.7,329.5,330.2,85821,BIOCON
6675,2025-05-14 09:15:00+05:30,333.4,333.4,329.55,331.55,178499,BIOCON
6676,2025-05-14 09:20:00+05:30,331.35,334.25,331.25,333.35,96905,BIOCON
6677,2025-05-14 09:25:00+05:30,333.35,334.85,332.95,333.85,112649,BIOCON
6678,2025-05-14 09:30:00+05:30,333.9,335.6,333.5,333.6,89145,BIOCON
6679,2025-05-14 09:35:00+05:30,333.7,334.65,333.15,334.05,70135,BIOCON
6680,2025-05-14 09:40:00+05:30,333.85,334.65,333.8,334.2,23620,BIOCON
6681,2025-05-14 09:45:00+05:30,334.2,336.0,334.2,334.4,92990,BIOCON
6682,2025-05-14 09:50:00+05:30,334.4,335.4,333.8,334.85,127216,BIOCON
6683,2025-05-14 09:55:00+05:30,334.75,335.35,334.5,334.9,77854,BIOCON
6684,2025-05-14 10:00:00+05:30,334.9,336.8,334.9,336.8,112974,BIOCON
6685,2025-05-14 10:05:00+05:30,336.8,337.0,336.1,336.9,58085,BIOCON
6686,2025-05-14 10:10:00+05:30,336.8,337.6,336.8,337.1,61798,BIOCON
6687,2025-05-14 10:15:00+05:30,337.15,337.4,336.7,337.1,50322,BIOCON
6688,2025-05-14 10:20:00+05:30,337.25,337.45,336.65,337.2,33930,BIOCON
6689,2025-05-14 10:25:00+05:30,337.1,337.35,336.95,336.95,22462,BIOCON
6690,2025-05-14 10:30:00+05:30,337.0,337.6,336.8,337.35,29817,BIOCON
6691,2025-05-14 10:35:00+05:30,337.35,337.45,337.05,337.2,15732,BIOCON
6692,2025-05-14 10:40:00+05:30,337.15,338.7,337.15,338.45,91714,BIOCON
6693,2025-05-14 10:45:00+05:30,338.45,338.7,337.25,338.5,66244,BIOCON
6694,2025-05-14 10:50:00+05:30,338.55,338.95,337.55,337.6,102038,BIOCON
6695,2025-05-14 10:55:00+05:30,337.6,337.85,337.1,337.1,27516,BIOCON
6696,2025-05-14 11:00:00+05:30,337.1,337.8,337.05,337.8,12612,BIOCON
6697,2025-05-14 11:05:00+05:30,337.8,338.05,337.65,337.9,29948,BIOCON
6698,2025-05-14 11:10:00+05:30,337.95,338.3,337.7,337.85,39200,BIOCON
6699,2025-05-14 11:15:00+05:30,337.95,338.3,337.85,338.0,26402,BIOCON
6700,2025-05-14 11:20:00+05:30,337.95,338.3,337.95,338.2,14415,BIOCON
6701,2025-05-14 11:25:00+05:30,338.2,338.7,338.15,338.5,25048,BIOCON
6702,2025-05-14 11:30:00+05:30,338.7,339.4,338.4,338.6,55638,BIOCON
6703,2025-05-14 11:35:00+05:30,338.75,338.95,338.0,338.05,13303,BIOCON
6704,2025-05-14 11:40:00+05:30,338.15,338.4,337.65,337.65,14283,BIOCON
6705,2025-05-14 11:45:00+05:30,337.65,337.85,336.55,336.95,45980,BIOCON
6706,2025-05-14 11:50:00+05:30,337.0,337.15,336.7,336.85,34208,BIOCON
6707,2025-05-14 11:55:00+05:30,336.75,337.3,336.55,337.15,18511,BIOCON
6708,2025-05-14 12:00:00+05:30,337.2,337.95,337.2,337.8,13247,BIOCON
6709,2025-05-14 12:05:00+05:30,337.9,338.8,337.65,338.6,49470,BIOCON
6710,2025-05-14 12:10:00+05:30,338.45,338.95,338.45,338.55,24475,BIOCON
6711,2025-05-14 12:15:00+05:30,338.6,338.75,338.3,338.45,13441,BIOCON
6712,2025-05-14 12:20:00+05:30,338.35,338.8,338.35,338.6,16713,BIOCON
6713,2025-05-14 12:25:00+05:30,338.8,339.0,338.5,338.6,16137,BIOCON
6714,2025-05-14 12:30:00+05:30,338.6,338.8,338.3,338.3,14804,BIOCON
6715,2025-05-14 12:35:00+05:30,338.25,338.3,337.25,337.4,15139,BIOCON
6716,2025-05-14 12:40:00+05:30,337.45,337.75,337.25,337.5,10551,BIOCON
6717,2025-05-14 12:45:00+05:30,337.5,337.75,337.35,337.35,20325,BIOCON
6718,2025-05-14 12:50:00+05:30,337.3,337.3,336.6,336.7,26319,BIOCON
6719,2025-05-14 12:55:00+05:30,336.7,337.45,336.65,337.45,8588,BIOCON
6720,2025-05-14 13:00:00+05:30,337.45,338.6,337.25,338.5,31456,BIOCON
6721,2025-05-14 13:05:00+05:30,338.4,339.5,338.4,339.45,50855,BIOCON
6722,2025-05-14 13:10:00+05:30,339.5,339.55,338.85,339.35,31934,BIOCON
6723,2025-05-14 13:15:00+05:30,339.35,339.35,338.25,338.7,21410,BIOCON
6724,2025-05-14 13:20:00+05:30,338.7,339.0,338.0,339.0,21913,BIOCON
6725,2025-05-14 13:25:00+05:30,338.95,339.5,338.8,339.4,15455,BIOCON
6726,2025-05-14 13:30:00+05:30,339.35,339.95,339.3,339.8,42621,BIOCON
6727,2025-05-14 13:35:00+05:30,339.8,339.85,339.3,339.4,13375,BIOCON
6728,2025-05-14 13:40:00+05:30,339.3,339.6,338.9,338.9,18903,BIOCON
6729,2025-05-14 13:45:00+05:30,339.0,339.25,338.75,339.0,15629,BIOCON
6730,2025-05-14 13:50:00+05:30,339.0,339.5,338.9,339.4,21756,BIOCON
6731,2025-05-14 13:55:00+05:30,339.4,339.5,339.3,339.5,15435,BIOCON
6732,2025-05-14 14:00:00+05:30,339.5,339.65,339.0,339.0,31721,BIOCON
6733,2025-05-14 14:05:00+05:30,339.1,339.15,338.7,339.0,27245,BIOCON
6734,2025-05-14 14:10:00+05:30,339.0,339.2,338.5,338.65,53778,BIOCON
6735,2025-05-14 14:15:00+05:30,338.7,339.4,338.5,339.3,27022,BIOCON
6736,2025-05-14 14:20:00+05:30,339.35,339.5,339.0,339.1,24048,BIOCON
6737,2025-05-14 14:25:00+05:30,339.1,339.5,338.6,339.25,23422,BIOCON
6738,2025-05-14 14:30:00+05:30,339.15,339.3,338.35,338.4,21242,BIOCON
6739,2025-05-14 14:35:00+05:30,338.6,339.0,338.35,338.4,17424,BIOCON
6740,2025-05-14 14:40:00+05:30,338.4,339.1,338.1,338.35,53727,BIOCON
6741,2025-05-14 14:45:00+05:30,338.35,338.45,337.7,337.85,40763,BIOCON
6742,2025-05-14 14:50:00+05:30,337.7,337.85,337.0,337.6,56194,BIOCON
6743,2025-05-14 14:55:00+05:30,337.8,338.0,337.0,337.4,58264,BIOCON
6744,2025-05-14 15:00:00+05:30,337.5,337.85,336.7,337.6,67664,BIOCON
6745,2025-05-14 15:05:00+05:30,337.65,338.45,337.6,338.4,35372,BIOCON
6746,2025-05-14 15:10:00+05:30,338.4,338.45,337.5,338.25,80213,BIOCON
6747,2025-05-14 15:15:00+05:30,338.25,338.75,338.0,338.5,77465,BIOCON
6748,2025-05-14 15:20:00+05:30,338.5,338.95,338.45,338.95,56335,BIOCON
6749,2025-05-14 15:25:00+05:30,338.9,338.95,338.0,338.25,87543,BIOCON
6750,2025-05-15 09:15:00+05:30,339.0,341.75,335.1,335.1,192253,BIOCON
6751,2025-05-15 09:20:00+05:30,335.1,337.8,335.0,336.7,122701,BIOCON
6752,2025-05-15 09:25:00+05:30,336.75,337.2,336.0,337.05,59745,BIOCON
6753,2025-05-15 09:30:00+05:30,337.05,337.7,336.6,336.95,84715,BIOCON
6754,2025-05-15 09:35:00+05:30,336.8,336.8,335.8,336.1,68414,BIOCON
6755,2025-05-15 09:40:00+05:30,336.1,336.35,335.1,335.3,41617,BIOCON
6756,2025-05-15 09:45:00+05:30,335.1,336.4,334.4,336.3,117621,BIOCON
6757,2025-05-15 09:50:00+05:30,336.3,337.8,335.45,336.75,109216,BIOCON
6758,2025-05-15 09:55:00+05:30,336.75,336.95,336.0,336.1,29988,BIOCON
6759,2025-05-15 10:00:00+05:30,336.1,336.6,335.6,335.7,42741,BIOCON
6760,2025-05-15 10:05:00+05:30,335.9,336.0,335.0,335.0,28417,BIOCON
6761,2025-05-15 10:10:00+05:30,335.0,335.4,334.7,335.05,33783,BIOCON
6762,2025-05-15 10:15:00+05:30,335.05,335.55,334.85,335.1,35473,BIOCON
6763,2025-05-15 10:20:00+05:30,334.85,335.15,334.55,335.05,80547,BIOCON
6764,2025-05-15 10:25:00+05:30,335.05,335.15,334.3,334.45,29079,BIOCON
6765,2025-05-15 10:30:00+05:30,334.45,335.2,334.3,335.1,45317,BIOCON
6766,2025-05-15 10:35:00+05:30,335.1,336.9,335.1,336.25,179361,BIOCON
6767,2025-05-15 10:40:00+05:30,336.25,336.4,335.2,335.4,35958,BIOCON
6768,2025-05-15 10:45:00+05:30,335.35,335.4,335.0,335.3,20309,BIOCON
6769,2025-05-15 10:50:00+05:30,335.2,335.55,334.85,335.0,23275,BIOCON
6770,2025-05-15 10:55:00+05:30,335.1,336.2,334.9,336.05,20612,BIOCON
6771,2025-05-15 11:00:00+05:30,336.05,336.05,335.2,335.3,11929,BIOCON
6772,2025-05-15 11:05:00+05:30,335.3,335.4,334.75,335.05,19904,BIOCON
6773,2025-05-15 11:10:00+05:30,334.85,335.2,334.7,334.95,15064,BIOCON
6774,2025-05-15 11:15:00+05:30,335.1,335.8,335.1,335.35,17056,BIOCON
6775,2025-05-15 11:20:00+05:30,335.35,335.75,334.7,335.25,22682,BIOCON
6776,2025-05-15 11:25:00+05:30,335.2,335.25,334.95,334.95,13102,BIOCON
6777,2025-05-15 11:30:00+05:30,334.9,335.05,334.55,335.0,22057,BIOCON
6778,2025-05-15 11:35:00+05:30,335.0,335.0,334.5,334.55,18857,BIOCON
6779,2025-05-15 11:40:00+05:30,334.75,335.55,334.5,335.4,33842,BIOCON
6780,2025-05-15 11:45:00+05:30,335.35,335.65,335.0,335.5,14427,BIOCON
6781,2025-05-15 11:50:00+05:30,335.5,335.6,335.2,335.45,10083,BIOCON
6782,2025-05-15 11:55:00+05:30,335.45,335.65,335.05,335.2,20151,BIOCON
6783,2025-05-15 12:00:00+05:30,335.4,335.6,335.1,335.6,12506,BIOCON
6784,2025-05-15 12:05:00+05:30,335.45,335.85,335.45,335.6,18241,BIOCON
6785,2025-05-15 12:10:00+05:30,335.75,336.0,335.2,335.4,28530,BIOCON
6786,2025-05-15 12:15:00+05:30,335.45,335.95,335.2,335.2,20993,BIOCON
6787,2025-05-15 12:20:00+05:30,335.2,335.35,334.85,334.9,19138,BIOCON
6788,2025-05-15 12:25:00+05:30,334.8,335.1,334.6,334.65,17965,BIOCON
6789,2025-05-15 12:30:00+05:30,334.6,335.25,334.6,335.05,18726,BIOCON
6790,2025-05-15 12:35:00+05:30,334.85,335.25,334.8,335.0,11714,BIOCON
6791,2025-05-15 12:40:00+05:30,335.0,335.2,334.75,334.8,18397,BIOCON
6792,2025-05-15 12:45:00+05:30,334.8,335.0,334.7,334.7,17794,BIOCON
6793,2025-05-15 12:50:00+05:30,334.95,334.95,334.45,334.55,14680,BIOCON
6794,2025-05-15 12:55:00+05:30,334.75,334.8,334.05,334.4,20373,BIOCON
6795,2025-05-15 13:00:00+05:30,334.35,334.8,334.05,334.35,25989,BIOCON
6796,2025-05-15 13:05:00+05:30,334.5,335.1,334.25,334.85,27181,BIOCON
6797,2025-05-15 13:10:00+05:30,334.7,335.5,334.7,335.4,19981,BIOCON
6798,2025-05-15 13:15:00+05:30,335.4,335.7,335.15,335.35,36946,BIOCON
6799,2025-05-15 13:20:00+05:30,335.15,335.5,334.9,335.5,28333,BIOCON
6800,2025-05-15 13:25:00+05:30,335.4,335.4,334.85,335.2,12685,BIOCON
6801,2025-05-15 13:30:00+05:30,335.0,336.0,335.0,335.75,40267,BIOCON
6802,2025-05-15 13:35:00+05:30,336.0,336.0,335.4,336.0,28239,BIOCON
6803,2025-05-15 13:40:00+05:30,336.0,336.9,335.8,336.6,52690,BIOCON
6804,2025-05-15 13:45:00+05:30,336.75,337.75,336.7,336.9,89070,BIOCON
6805,2025-05-15 13:50:00+05:30,336.9,337.1,336.6,336.95,23744,BIOCON
6806,2025-05-15 13:55:00+05:30,336.95,337.8,336.75,337.1,47644,BIOCON
6807,2025-05-15 14:00:00+05:30,337.35,337.5,336.55,336.85,31245,BIOCON
6808,2025-05-15 14:05:00+05:30,336.6,337.0,336.5,336.65,20580,BIOCON
6809,2025-05-15 14:10:00+05:30,336.85,337.2,336.55,337.2,21297,BIOCON
6810,2025-05-15 14:15:00+05:30,337.1,337.6,337.1,337.45,34219,BIOCON
6811,2025-05-15 14:20:00+05:30,337.5,337.95,337.3,337.45,45368,BIOCON
6812,2025-05-15 14:25:00+05:30,337.65,337.95,337.45,337.95,24246,BIOCON
6813,2025-05-15 14:30:00+05:30,337.9,338.0,337.4,337.65,31524,BIOCON
6814,2025-05-15 14:35:00+05:30,337.65,338.0,337.5,337.75,41999,BIOCON
6815,2025-05-15 14:40:00+05:30,337.75,338.4,337.55,338.0,47936,BIOCON
6816,2025-05-15 14:45:00+05:30,338.0,338.2,337.85,338.05,22034,BIOCON
6817,2025-05-15 14:50:00+05:30,338.05,338.4,337.85,338.1,67956,BIOCON
6818,2025-05-15 14:55:00+05:30,338.15,338.25,337.6,337.9,45261,BIOCON
6819,2025-05-15 15:00:00+05:30,337.9,338.3,337.75,338.3,51055,BIOCON
6820,2025-05-15 15:05:00+05:30,338.3,338.4,338.2,338.4,57068,BIOCON
6821,2025-05-15 15:10:00+05:30,338.35,338.7,338.25,338.7,84942,BIOCON
6822,2025-05-15 15:15:00+05:30,338.7,339.15,338.55,338.55,113383,BIOCON
6823,2025-05-15 15:20:00+05:30,338.7,339.0,338.55,338.85,87745,BIOCON
6824,2025-05-15 15:25:00+05:30,338.85,338.9,337.6,337.75,76243,BIOCON
6825,2025-05-16 09:15:00+05:30,342.0,343.45,340.0,341.1,203537,BIOCON
6826,2025-05-16 09:20:00+05:30,341.1,341.75,340.4,340.9,49397,BIOCON
6827,2025-05-16 09:25:00+05:30,340.6,341.5,340.0,341.35,45632,BIOCON
6828,2025-05-16 09:30:00+05:30,341.25,342.25,340.9,341.0,42983,BIOCON
6829,2025-05-16 09:35:00+05:30,340.85,341.6,340.6,341.2,23218,BIOCON
6830,2025-05-16 09:40:00+05:30,341.2,341.7,341.0,341.25,31652,BIOCON
6831,2025-05-16 09:45:00+05:30,341.3,342.1,341.3,341.85,26655,BIOCON
6832,2025-05-16 09:50:00+05:30,341.85,341.9,340.05,340.25,35159,BIOCON
6833,2025-05-16 09:55:00+05:30,340.3,340.9,340.0,340.0,70990,BIOCON
6834,2025-05-16 10:00:00+05:30,340.2,341.0,340.0,340.6,20817,BIOCON
6835,2025-05-16 10:05:00+05:30,340.6,341.0,340.1,340.35,22835,BIOCON
6836,2025-05-16 10:10:00+05:30,340.15,340.35,339.5,339.9,71385,BIOCON
6837,2025-05-16 10:15:00+05:30,340.0,340.7,339.7,340.5,12325,BIOCON
6838,2025-05-16 10:20:00+05:30,340.7,341.8,339.85,341.55,84950,BIOCON
6839,2025-05-16 10:25:00+05:30,341.55,344.4,341.5,342.5,136162,BIOCON
6840,2025-05-16 10:30:00+05:30,342.5,342.95,341.25,341.5,35649,BIOCON
6841,2025-05-16 10:35:00+05:30,341.4,341.45,340.65,340.75,15350,BIOCON
6842,2025-05-16 10:40:00+05:30,340.95,341.85,340.85,341.5,19328,BIOCON
6843,2025-05-16 10:45:00+05:30,341.65,341.85,341.45,341.5,13549,BIOCON
6844,2025-05-16 10:50:00+05:30,341.75,342.55,341.7,342.0,20471,BIOCON
6845,2025-05-16 10:55:00+05:30,342.0,342.2,341.5,341.5,7665,BIOCON
6846,2025-05-16 11:00:00+05:30,341.5,341.85,341.15,341.75,12332,BIOCON
6847,2025-05-16 11:05:00+05:30,341.5,341.75,341.0,341.0,11113,BIOCON
6848,2025-05-16 11:10:00+05:30,341.05,341.65,341.0,341.4,20489,BIOCON
6849,2025-05-16 11:15:00+05:30,341.45,341.9,341.3,341.65,4932,BIOCON
6850,2025-05-16 11:20:00+05:30,341.75,341.9,341.35,341.35,5426,BIOCON
6851,2025-05-16 11:25:00+05:30,341.6,341.6,341.2,341.2,5069,BIOCON
6852,2025-05-16 11:30:00+05:30,341.5,341.9,341.2,341.65,5836,BIOCON
6853,2025-05-16 11:35:00+05:30,341.65,342.0,341.45,341.75,7605,BIOCON
6854,2025-05-16 11:40:00+05:30,341.45,342.0,341.35,342.0,18195,BIOCON
6855,2025-05-16 11:45:00+05:30,341.7,342.5,341.7,342.5,13614,BIOCON
6856,2025-05-16 11:50:00+05:30,342.5,343.0,342.5,342.7,15069,BIOCON
6857,2025-05-16 11:55:00+05:30,342.7,342.75,342.1,342.3,10439,BIOCON
6858,2025-05-16 12:00:00+05:30,342.1,342.65,342.1,342.65,5598,BIOCON
6859,2025-05-16 12:05:00+05:30,342.65,342.65,341.0,341.35,26193,BIOCON
6860,2025-05-16 12:10:00+05:30,341.1,341.4,340.6,340.6,26837,BIOCON
6861,2025-05-16 12:15:00+05:30,340.55,341.35,340.5,340.9,15012,BIOCON
6862,2025-05-16 12:20:00+05:30,340.95,341.2,340.9,341.0,2955,BIOCON
6863,2025-05-16 12:25:00+05:30,341.1,341.35,341.0,341.1,10292,BIOCON
6864,2025-05-16 12:30:00+05:30,341.25,341.5,341.1,341.3,8448,BIOCON
6865,2025-05-16 12:35:00+05:30,341.45,341.5,341.05,341.2,17464,BIOCON
6866,2025-05-16 12:40:00+05:30,341.2,341.5,341.15,341.35,4196,BIOCON
6867,2025-05-16 12:45:00+05:30,341.35,341.5,340.75,340.8,12990,BIOCON
6868,2025-05-16 12:50:00+05:30,341.0,341.1,340.75,340.8,2944,BIOCON
6869,2025-05-16 12:55:00+05:30,341.0,341.2,340.5,340.65,17650,BIOCON
6870,2025-05-16 13:00:00+05:30,340.9,341.0,340.65,340.8,2600,BIOCON
6871,2025-05-16 13:05:00+05:30,341.0,341.0,340.65,340.8,7431,BIOCON
6872,2025-05-16 13:10:00+05:30,341.0,341.0,340.0,340.25,47247,BIOCON
6873,2025-05-16 13:15:00+05:30,340.25,340.25,339.35,339.9,25934,BIOCON
6874,2025-05-16 13:20:00+05:30,339.65,340.0,339.6,340.0,6650,BIOCON
6875,2025-05-16 13:25:00+05:30,339.95,340.35,339.55,339.55,13692,BIOCON
6876,2025-05-16 13:30:00+05:30,339.85,340.0,339.5,339.9,17554,BIOCON
6877,2025-05-16 13:35:00+05:30,339.7,340.2,339.5,339.65,34264,BIOCON
6878,2025-05-16 13:40:00+05:30,339.65,340.0,339.65,339.8,6649,BIOCON
6879,2025-05-16 13:45:00+05:30,339.8,339.9,339.65,339.7,5201,BIOCON
6880,2025-05-16 13:50:00+05:30,339.9,339.9,339.65,339.7,6606,BIOCON
6881,2025-05-16 13:55:00+05:30,339.7,339.9,339.5,339.65,8071,BIOCON
6882,2025-05-16 14:00:00+05:30,339.6,339.9,339.55,339.7,4125,BIOCON
6883,2025-05-16 14:05:00+05:30,339.7,340.05,339.7,339.95,7676,BIOCON
6884,2025-05-16 14:10:00+05:30,339.95,340.0,339.8,339.95,9346,BIOCON
6885,2025-05-16 14:15:00+05:30,339.8,339.95,339.8,339.95,5039,BIOCON
6886,2025-05-16 14:20:00+05:30,339.9,340.0,339.75,339.75,9848,BIOCON
6887,2025-05-16 14:25:00+05:30,339.85,339.85,339.5,339.5,13216,BIOCON
6888,2025-05-16 14:30:00+05:30,339.65,339.65,339.05,339.2,25393,BIOCON
6889,2025-05-16 14:35:00+05:30,339.35,339.8,339.2,339.65,10020,BIOCON
6890,2025-05-16 14:40:00+05:30,339.5,339.7,339.2,339.25,9499,BIOCON
6891,2025-05-16 14:45:00+05:30,339.2,340.0,339.1,339.75,34667,BIOCON
6892,2025-05-16 14:50:00+05:30,339.7,340.0,339.65,339.8,19227,BIOCON
6893,2025-05-16 14:55:00+05:30,339.85,340.0,339.7,339.95,9574,BIOCON
6894,2025-05-16 15:00:00+05:30,339.95,340.05,339.55,339.75,24876,BIOCON
6895,2025-05-16 15:05:00+05:30,339.8,340.05,339.6,340.05,29424,BIOCON
6896,2025-05-16 15:10:00+05:30,340.0,340.0,339.5,339.5,52319,BIOCON
6897,2025-05-16 15:15:00+05:30,339.6,339.65,339.05,339.2,95790,BIOCON
6898,2025-05-16 15:20:00+05:30,339.25,339.55,338.9,339.0,77402,BIOCON
6899,2025-05-16 15:25:00+05:30,339.0,339.4,338.6,338.85,98454,BIOCON
6900,2025-05-19 09:15:00+05:30,339.85,341.4,339.15,341.2,56348,BIOCON
6901,2025-05-19 09:20:00+05:30,341.35,342.5,340.7,341.65,44348,BIOCON
6902,2025-05-19 09:25:00+05:30,341.8,341.85,340.5,340.8,17009,BIOCON
6903,2025-05-19 09:30:00+05:30,340.9,342.0,340.9,341.9,17769,BIOCON
6904,2025-05-19 09:35:00+05:30,341.85,341.85,339.5,339.5,35077,BIOCON
6905,2025-05-19 09:40:00+05:30,339.65,340.05,338.7,339.65,28387,BIOCON
6906,2025-05-19 09:45:00+05:30,339.5,340.4,338.5,340.25,21833,BIOCON
6907,2025-05-19 09:50:00+05:30,340.15,341.5,340.05,341.5,13796,BIOCON
6908,2025-05-19 09:55:00+05:30,341.25,343.9,341.2,343.65,56356,BIOCON
6909,2025-05-19 10:00:00+05:30,343.85,344.8,343.4,343.8,88591,BIOCON
6910,2025-05-19 10:05:00+05:30,343.85,344.2,343.3,343.9,35964,BIOCON
6911,2025-05-19 10:10:00+05:30,343.8,343.9,342.7,343.5,32806,BIOCON
6912,2025-05-19 10:15:00+05:30,343.4,343.6,342.9,343.0,14252,BIOCON
6913,2025-05-19 10:20:00+05:30,343.25,343.25,342.75,342.8,7148,BIOCON
6914,2025-05-19 10:25:00+05:30,343.0,343.0,342.3,342.8,15751,BIOCON
6915,2025-05-19 10:30:00+05:30,342.8,342.95,342.25,342.45,25117,BIOCON
6916,2025-05-19 10:35:00+05:30,342.25,343.0,342.25,342.4,9192,BIOCON
6917,2025-05-19 10:40:00+05:30,342.4,342.65,342.25,342.3,2583,BIOCON
6918,2025-05-19 10:45:00+05:30,342.3,342.85,342.0,342.45,21097,BIOCON
6919,2025-05-19 10:50:00+05:30,342.6,342.95,342.4,342.8,6449,BIOCON
6920,2025-05-19 10:55:00+05:30,342.95,343.55,342.5,343.1,28456,BIOCON
6921,2025-05-19 11:00:00+05:30,343.25,343.45,343.05,343.2,7307,BIOCON
6922,2025-05-19 11:05:00+05:30,343.2,343.35,342.65,342.95,15916,BIOCON
6923,2025-05-19 11:10:00+05:30,342.7,343.45,342.45,343.4,23979,BIOCON
6924,2025-05-19 11:15:00+05:30,343.5,343.9,343.35,343.7,9289,BIOCON
6925,2025-05-19 11:20:00+05:30,343.5,343.65,343.0,343.25,3596,BIOCON
6926,2025-05-19 11:25:00+05:30,343.25,343.4,342.85,342.85,5192,BIOCON
6927,2025-05-19 11:30:00+05:30,343.1,343.1,342.55,342.7,1582,BIOCON
6928,2025-05-19 11:35:00+05:30,342.65,343.0,342.6,342.95,2079,BIOCON
6929,2025-05-19 11:40:00+05:30,342.9,343.0,342.5,342.85,4991,BIOCON
6930,2025-05-19 11:45:00+05:30,342.85,343.25,342.6,343.25,3846,BIOCON
6931,2025-05-19 11:50:00+05:30,343.25,343.6,343.05,343.3,3197,BIOCON
6932,2025-05-19 11:55:00+05:30,343.5,343.55,343.1,343.1,4030,BIOCON
6933,2025-05-19 12:00:00+05:30,343.3,343.35,342.5,342.5,4746,BIOCON
6934,2025-05-19 12:05:00+05:30,342.7,343.25,342.3,343.25,22554,BIOCON
6935,2025-05-19 12:10:00+05:30,343.25,343.3,342.85,343.0,4305,BIOCON
6936,2025-05-19 12:15:00+05:30,343.2,343.25,342.65,343.0,12412,BIOCON
6937,2025-05-19 12:20:00+05:30,343.0,343.75,343.0,343.75,9934,BIOCON
6938,2025-05-19 12:25:00+05:30,343.7,344.2,343.45,343.8,20828,BIOCON
6939,2025-05-19 12:30:00+05:30,343.8,343.8,343.5,343.7,3905,BIOCON
6940,2025-05-19 12:35:00+05:30,343.7,343.7,343.1,343.1,4757,BIOCON
6941,2025-05-19 12:40:00+05:30,343.2,343.8,343.2,343.8,3401,BIOCON
6942,2025-05-19 12:45:00+05:30,343.8,344.15,343.6,344.15,11835,BIOCON
6943,2025-05-19 12:50:00+05:30,344.1,344.25,344.0,344.05,7333,BIOCON
6944,2025-05-19 12:55:00+05:30,344.05,344.25,344.05,344.25,14712,BIOCON
6945,2025-05-19 13:00:00+05:30,344.25,344.25,343.75,344.1,10745,BIOCON
6946,2025-05-19 13:05:00+05:30,344.1,344.2,343.75,343.85,6771,BIOCON
6947,2025-05-19 13:10:00+05:30,343.85,345.0,343.8,344.85,36412,BIOCON
6948,2025-05-19 13:15:00+05:30,344.85,345.15,344.3,344.8,44965,BIOCON
6949,2025-05-19 13:20:00+05:30,344.95,344.95,344.2,344.5,9107,BIOCON
6950,2025-05-19 13:25:00+05:30,344.5,344.8,343.9,344.1,14949,BIOCON
6951,2025-05-19 13:30:00+05:30,344.0,344.5,344.0,344.35,7492,BIOCON
6952,2025-05-19 13:35:00+05:30,344.15,344.55,344.0,344.2,7575,BIOCON
6953,2025-05-19 13:40:00+05:30,344.2,344.25,343.75,344.1,4929,BIOCON
6954,2025-05-19 13:45:00+05:30,344.1,344.15,343.45,343.75,8694,BIOCON
6955,2025-05-19 13:50:00+05:30,343.75,344.0,343.35,343.65,7235,BIOCON
6956,2025-05-19 13:55:00+05:30,343.65,343.95,343.65,343.65,7541,BIOCON
6957,2025-05-19 14:00:00+05:30,343.7,343.9,342.75,343.0,8315,BIOCON
6958,2025-05-19 14:05:00+05:30,342.75,343.2,342.5,342.95,18436,BIOCON
6959,2025-05-19 14:10:00+05:30,343.0,343.0,342.2,342.8,10363,BIOCON
6960,2025-05-19 14:15:00+05:30,342.7,343.3,342.4,343.25,16870,BIOCON
6961,2025-05-19 14:20:00+05:30,343.25,343.35,343.0,343.15,10245,BIOCON
6962,2025-05-19 14:25:00+05:30,343.15,343.15,342.8,342.9,7258,BIOCON
6963,2025-05-19 14:30:00+05:30,342.9,343.1,342.75,343.1,4533,BIOCON
6964,2025-05-19 14:35:00+05:30,342.95,343.15,342.75,342.9,5295,BIOCON
6965,2025-05-19 14:40:00+05:30,342.9,343.5,342.9,343.05,12209,BIOCON
6966,2025-05-19 14:45:00+05:30,343.25,343.3,341.65,342.3,27625,BIOCON
6967,2025-05-19 14:50:00+05:30,342.05,342.45,341.4,341.7,20783,BIOCON
6968,2025-05-19 14:55:00+05:30,341.55,341.9,341.55,341.75,7603,BIOCON
6969,2025-05-19 15:00:00+05:30,341.75,342.25,341.6,341.9,39320,BIOCON
6970,2025-05-19 15:05:00+05:30,341.9,342.05,341.55,341.75,11614,BIOCON
6971,2025-05-19 15:10:00+05:30,341.7,342.1,341.45,341.65,40683,BIOCON
6972,2025-05-19 15:15:00+05:30,341.75,342.0,341.0,341.65,64612,BIOCON
6973,2025-05-19 15:20:00+05:30,341.65,341.7,341.35,341.4,39063,BIOCON
6974,2025-05-19 15:25:00+05:30,341.35,342.0,341.0,341.85,51803,BIOCON
6975,2025-05-20 09:15:00+05:30,342.1,344.2,337.6,338.5,170577,BIOCON
6976,2025-05-20 09:20:00+05:30,338.65,338.65,336.3,337.15,126569,BIOCON
6977,2025-05-20 09:25:00+05:30,337.0,338.2,336.8,337.35,54947,BIOCON
6978,2025-05-20 09:30:00+05:30,337.25,338.9,336.55,338.35,101134,BIOCON
6979,2025-05-20 09:35:00+05:30,338.35,339.4,337.95,339.05,44534,BIOCON
6980,2025-05-20 09:40:00+05:30,339.15,339.5,338.3,338.75,55548,BIOCON
6981,2025-05-20 09:45:00+05:30,339.0,339.0,337.25,338.3,37571,BIOCON
6982,2025-05-20 09:50:00+05:30,338.05,338.95,337.6,338.6,19068,BIOCON
6983,2025-05-20 09:55:00+05:30,338.6,339.8,338.25,339.3,52844,BIOCON
6984,2025-05-20 10:00:00+05:30,339.25,339.8,338.65,339.5,24906,BIOCON
6985,2025-05-20 10:05:00+05:30,339.5,340.0,339.2,339.75,36679,BIOCON
6986,2025-05-20 10:10:00+05:30,339.65,339.95,339.4,339.8,12064,BIOCON
6987,2025-05-20 10:15:00+05:30,339.6,340.0,339.2,339.9,72318,BIOCON
6988,2025-05-20 10:20:00+05:30,339.7,340.0,339.6,339.85,11410,BIOCON
6989,2025-05-20 10:25:00+05:30,339.85,340.5,339.6,340.1,24530,BIOCON
6990,2025-05-20 10:30:00+05:30,340.2,340.3,340.0,340.0,8601,BIOCON
6991,2025-05-20 10:35:00+05:30,340.2,340.55,340.0,340.25,28760,BIOCON
6992,2025-05-20 10:40:00+05:30,340.25,340.5,339.4,339.85,17309,BIOCON
6993,2025-05-20 10:45:00+05:30,339.8,340.65,339.7,340.3,19631,BIOCON
6994,2025-05-20 10:50:00+05:30,340.3,340.5,339.65,340.0,7507,BIOCON
6995,2025-05-20 10:55:00+05:30,339.75,340.05,339.75,339.95,2688,BIOCON
6996,2025-05-20 11:00:00+05:30,339.95,339.95,339.55,339.75,2681,BIOCON
6997,2025-05-20 11:05:00+05:30,339.75,340.1,339.3,339.55,10180,BIOCON
6998,2025-05-20 11:10:00+05:30,339.55,339.55,338.8,339.1,11496,BIOCON
6999,2025-05-20 11:15:00+05:30,339.1,339.45,338.55,338.8,12174,BIOCON
7000,2025-05-20 11:20:00+05:30,338.55,338.8,338.0,338.0,15843,BIOCON
7001,2025-05-20 11:25:00+05:30,338.0,338.5,338.0,338.15,7963,BIOCON
7002,2025-05-20 11:30:00+05:30,338.2,338.2,337.6,337.85,12520,BIOCON
7003,2025-05-20 11:35:00+05:30,337.85,337.9,337.35,337.75,15563,BIOCON
7004,2025-05-20 11:40:00+05:30,337.6,337.7,337.25,337.45,12159,BIOCON
7005,2025-05-20 11:45:00+05:30,337.45,337.7,337.0,337.15,21222,BIOCON
7006,2025-05-20 11:50:00+05:30,337.15,337.2,336.05,336.45,46443,BIOCON
7007,2025-05-20 11:55:00+05:30,336.45,337.15,336.25,337.15,10975,BIOCON
7008,2025-05-20 12:00:00+05:30,337.15,337.25,336.95,337.25,3767,BIOCON
7009,2025-05-20 12:05:00+05:30,337.25,337.65,336.9,337.65,5193,BIOCON
7010,2025-05-20 12:10:00+05:30,337.65,337.7,337.25,337.5,5613,BIOCON
7011,2025-05-20 12:15:00+05:30,337.5,337.7,337.25,337.7,5217,BIOCON
7012,2025-05-20 12:20:00+05:30,337.7,337.9,336.25,336.5,43215,BIOCON
7013,2025-05-20 12:25:00+05:30,336.5,337.2,336.1,337.0,24305,BIOCON
7014,2025-05-20 12:30:00+05:30,337.0,337.2,336.45,336.7,8506,BIOCON
7015,2025-05-20 12:35:00+05:30,336.7,336.9,336.5,336.85,3317,BIOCON
7016,2025-05-20 12:40:00+05:30,336.85,336.85,336.45,336.8,9576,BIOCON
7017,2025-05-20 12:45:00+05:30,336.8,336.85,336.15,336.3,10251,BIOCON
7018,2025-05-20 12:50:00+05:30,336.3,336.6,335.5,335.7,36854,BIOCON
7019,2025-05-20 12:55:00+05:30,335.7,336.15,335.5,335.8,16288,BIOCON
7020,2025-05-20 13:00:00+05:30,335.8,336.15,335.55,335.75,7003,BIOCON
7021,2025-05-20 13:05:00+05:30,335.8,336.8,335.65,336.45,7429,BIOCON
7022,2025-05-20 13:10:00+05:30,336.45,336.9,336.15,336.25,16862,BIOCON
7023,2025-05-20 13:15:00+05:30,336.5,336.6,335.75,336.0,3260,BIOCON
7024,2025-05-20 13:20:00+05:30,335.8,336.75,335.8,336.7,12479,BIOCON
7025,2025-05-20 13:25:00+05:30,336.75,337.0,336.3,336.9,14695,BIOCON
7026,2025-05-20 13:30:00+05:30,336.9,337.2,336.4,336.65,7970,BIOCON
7027,2025-05-20 13:35:00+05:30,336.65,336.65,335.9,336.1,12117,BIOCON
7028,2025-05-20 13:40:00+05:30,336.1,336.1,335.6,335.9,12891,BIOCON
7029,2025-05-20 13:45:00+05:30,335.85,336.0,335.75,335.95,15775,BIOCON
7030,2025-05-20 13:50:00+05:30,335.95,335.95,335.55,335.65,5861,BIOCON
7031,2025-05-20 13:55:00+05:30,335.7,335.8,335.5,335.8,18775,BIOCON
7032,2025-05-20 14:00:00+05:30,335.8,335.8,335.15,335.35,13410,BIOCON
7033,2025-05-20 14:05:00+05:30,335.35,335.35,334.55,334.7,22338,BIOCON
7034,2025-05-20 14:10:00+05:30,334.7,334.75,333.5,334.6,32877,BIOCON
7035,2025-05-20 14:15:00+05:30,334.65,334.65,334.0,334.4,24723,BIOCON
7036,2025-05-20 14:20:00+05:30,334.4,334.4,333.35,333.4,22622,BIOCON
7037,2025-05-20 14:25:00+05:30,333.4,333.95,333.1,333.3,29214,BIOCON
7038,2025-05-20 14:30:00+05:30,333.45,334.1,333.15,334.1,25913,BIOCON
7039,2025-05-20 14:35:00+05:30,334.1,334.4,333.75,334.15,23477,BIOCON
7040,2025-05-20 14:40:00+05:30,334.15,334.15,331.7,332.1,53208,BIOCON
7041,2025-05-20 14:45:00+05:30,332.25,333.8,332.0,333.35,11605,BIOCON
7042,2025-05-20 14:50:00+05:30,333.6,333.95,332.85,333.0,26533,BIOCON
7043,2025-05-20 14:55:00+05:30,333.0,333.0,331.7,332.0,35504,BIOCON
7044,2025-05-20 15:00:00+05:30,332.0,333.0,331.95,332.1,56581,BIOCON
7045,2025-05-20 15:05:00+05:30,332.1,332.8,331.55,332.8,72419,BIOCON
7046,2025-05-20 15:10:00+05:30,332.8,333.65,332.45,333.1,69945,BIOCON
7047,2025-05-20 15:15:00+05:30,333.1,333.1,332.25,332.35,63221,BIOCON
7048,2025-05-20 15:20:00+05:30,332.35,332.65,332.05,332.6,69436,BIOCON
7049,2025-05-20 15:25:00+05:30,332.6,333.45,332.6,333.0,41640,BIOCON
7050,2025-05-21 09:15:00+05:30,334.5,336.0,333.35,335.0,123292,BIOCON
7051,2025-05-21 09:20:00+05:30,335.0,337.5,335.0,337.0,102798,BIOCON
7052,2025-05-21 09:25:00+05:30,337.05,337.45,336.25,336.95,75706,BIOCON
7053,2025-05-21 09:30:00+05:30,336.95,338.8,336.55,338.7,230241,BIOCON
7054,2025-05-21 09:35:00+05:30,338.5,339.2,338.1,338.65,91593,BIOCON
7055,2025-05-21 09:40:00+05:30,338.75,338.9,337.65,337.65,43891,BIOCON
7056,2025-05-21 09:45:00+05:30,337.7,338.35,337.65,338.2,20861,BIOCON
7057,2025-05-21 09:50:00+05:30,338.15,338.3,337.35,337.45,31894,BIOCON
7058,2025-05-21 09:55:00+05:30,337.7,338.15,337.25,337.4,18494,BIOCON
7059,2025-05-21 10:00:00+05:30,337.5,338.1,337.25,337.9,25776,BIOCON
7060,2025-05-21 10:05:00+05:30,338.0,338.15,337.5,337.9,8856,BIOCON
7061,2025-05-21 10:10:00+05:30,337.9,339.5,337.8,339.5,38649,BIOCON
7062,2025-05-21 10:15:00+05:30,339.45,340.3,339.4,339.45,80682,BIOCON
7063,2025-05-21 10:20:00+05:30,339.45,340.3,339.45,340.1,35640,BIOCON
7064,2025-05-21 10:25:00+05:30,340.15,340.4,339.25,339.7,25460,BIOCON
7065,2025-05-21 10:30:00+05:30,339.7,339.95,339.4,339.75,18684,BIOCON
7066,2025-05-21 10:35:00+05:30,339.75,339.9,339.15,339.15,16653,BIOCON
7067,2025-05-21 10:40:00+05:30,339.15,339.75,338.95,339.5,33039,BIOCON
7068,2025-05-21 10:45:00+05:30,339.5,339.75,339.4,339.75,9933,BIOCON
7069,2025-05-21 10:50:00+05:30,339.75,339.85,339.05,339.1,22905,BIOCON
7070,2025-05-21 10:55:00+05:30,339.1,339.65,339.1,339.6,8311,BIOCON
7071,2025-05-21 11:00:00+05:30,339.4,340.05,339.1,339.15,29397,BIOCON
7072,2025-05-21 11:05:00+05:30,339.15,339.55,338.5,339.55,21054,BIOCON
7073,2025-05-21 11:10:00+05:30,339.55,340.2,339.4,339.85,19163,BIOCON
7074,2025-05-21 11:15:00+05:30,339.85,340.3,339.7,340.2,20118,BIOCON
7075,2025-05-21 11:20:00+05:30,340.05,340.8,339.5,340.25,40376,BIOCON
7076,2025-05-21 11:25:00+05:30,340.25,340.3,339.45,339.85,39090,BIOCON
7077,2025-05-21 11:30:00+05:30,339.85,340.2,339.0,339.0,35499,BIOCON
7078,2025-05-21 11:35:00+05:30,339.0,339.35,338.55,339.25,33897,BIOCON
7079,2025-05-21 11:40:00+05:30,339.05,340.2,339.0,339.6,20918,BIOCON
7080,2025-05-21 11:45:00+05:30,339.65,340.2,339.1,339.3,18912,BIOCON
7081,2025-05-21 11:50:00+05:30,339.35,340.0,339.35,339.6,9637,BIOCON
7082,2025-05-21 11:55:00+05:30,339.95,339.95,339.6,339.6,5753,BIOCON
7083,2025-05-21 12:00:00+05:30,339.6,339.8,338.45,338.5,15358,BIOCON
7084,2025-05-21 12:05:00+05:30,338.6,339.2,338.35,339.0,21458,BIOCON
7085,2025-05-21 12:10:00+05:30,339.1,339.1,338.25,338.45,15210,BIOCON
7086,2025-05-21 12:15:00+05:30,338.5,338.55,337.5,337.95,38658,BIOCON
7087,2025-05-21 12:20:00+05:30,337.95,339.0,337.95,338.85,16908,BIOCON
7088,2025-05-21 12:25:00+05:30,338.8,338.85,338.35,338.6,12692,BIOCON
7089,2025-05-21 12:30:00+05:30,338.45,339.0,338.45,338.8,13636,BIOCON
7090,2025-05-21 12:35:00+05:30,338.8,339.6,338.8,339.25,26719,BIOCON
7091,2025-05-21 12:40:00+05:30,339.4,339.65,339.15,339.45,10640,BIOCON
7092,2025-05-21 12:45:00+05:30,339.25,339.4,338.8,338.8,8122,BIOCON
7093,2025-05-21 12:50:00+05:30,338.8,339.15,338.65,338.65,4974,BIOCON
7094,2025-05-21 12:55:00+05:30,338.7,339.75,338.7,339.4,17390,BIOCON
7095,2025-05-21 13:00:00+05:30,339.55,339.7,339.15,339.65,2684,BIOCON
7096,2025-05-21 13:05:00+05:30,339.65,339.85,339.1,339.5,13538,BIOCON
7097,2025-05-21 13:10:00+05:30,339.5,339.85,339.35,339.85,6846,BIOCON
7098,2025-05-21 13:15:00+05:30,339.7,340.3,339.7,340.2,21193,BIOCON
7099,2025-05-21 13:20:00+05:30,340.2,340.4,339.6,339.95,23188,BIOCON
7100,2025-05-21 13:25:00+05:30,339.9,340.1,339.25,339.25,7009,BIOCON
7101,2025-05-21 13:30:00+05:30,339.25,339.6,339.0,339.6,18147,BIOCON
7102,2025-05-21 13:35:00+05:30,339.5,339.85,339.2,339.5,18976,BIOCON
7103,2025-05-21 13:40:00+05:30,339.45,339.75,339.35,339.5,8734,BIOCON
7104,2025-05-21 13:45:00+05:30,339.5,339.7,339.35,339.6,6082,BIOCON
7105,2025-05-21 13:50:00+05:30,339.65,339.7,338.7,338.7,10648,BIOCON
7106,2025-05-21 13:55:00+05:30,338.7,339.4,338.7,339.15,17583,BIOCON
7107,2025-05-21 14:00:00+05:30,339.2,339.35,338.8,338.8,7355,BIOCON
7108,2025-05-21 14:05:00+05:30,339.0,339.4,338.95,339.35,4768,BIOCON
7109,2025-05-21 14:10:00+05:30,339.35,339.6,339.1,339.4,10058,BIOCON
7110,2025-05-21 14:15:00+05:30,339.4,340.0,339.4,339.9,18670,BIOCON
7111,2025-05-21 14:20:00+05:30,339.9,340.35,339.85,340.05,20168,BIOCON
7112,2025-05-21 14:25:00+05:30,340.2,340.45,340.05,340.25,10068,BIOCON
7113,2025-05-21 14:30:00+05:30,340.15,340.45,339.85,339.85,20335,BIOCON
7114,2025-05-21 14:35:00+05:30,340.0,340.25,339.7,339.95,26599,BIOCON
7115,2025-05-21 14:40:00+05:30,340.1,340.25,339.5,339.55,9151,BIOCON
7116,2025-05-21 14:45:00+05:30,339.6,340.35,339.6,340.25,17660,BIOCON
7117,2025-05-21 14:50:00+05:30,340.3,340.3,339.75,340.0,8503,BIOCON
7118,2025-05-21 14:55:00+05:30,340.0,340.25,339.65,339.75,17595,BIOCON
7119,2025-05-21 15:00:00+05:30,339.9,340.45,339.85,340.35,38255,BIOCON
7120,2025-05-21 15:05:00+05:30,340.35,340.65,340.35,340.65,31797,BIOCON
7121,2025-05-21 15:10:00+05:30,340.6,341.2,340.6,340.85,90163,BIOCON
7122,2025-05-21 15:15:00+05:30,340.9,341.1,340.75,340.95,82669,BIOCON
7123,2025-05-21 15:20:00+05:30,340.9,340.95,340.0,340.0,68811,BIOCON
7124,2025-05-21 15:25:00+05:30,340.0,340.8,339.7,340.4,65833,BIOCON
7125,2025-05-22 09:15:00+05:30,340.6,340.6,334.45,336.4,161121,BIOCON
7126,2025-05-22 09:20:00+05:30,336.25,337.2,335.3,336.0,46593,BIOCON
7127,2025-05-22 09:25:00+05:30,336.0,336.7,335.25,335.85,28075,BIOCON
7128,2025-05-22 09:30:00+05:30,335.7,335.85,335.0,335.5,29456,BIOCON
7129,2025-05-22 09:35:00+05:30,335.65,337.1,335.2,336.4,32848,BIOCON
7130,2025-05-22 09:40:00+05:30,336.2,336.9,336.2,336.55,14524,BIOCON
7131,2025-05-22 09:45:00+05:30,336.45,336.45,335.25,335.7,19412,BIOCON
7132,2025-05-22 09:50:00+05:30,335.7,335.85,334.7,335.0,72391,BIOCON
7133,2025-05-22 09:55:00+05:30,335.0,335.8,334.8,335.8,24896,BIOCON
7134,2025-05-22 10:00:00+05:30,335.65,335.65,334.8,335.1,37592,BIOCON
7135,2025-05-22 10:05:00+05:30,335.1,335.1,334.0,334.55,65033,BIOCON
7136,2025-05-22 10:10:00+05:30,334.55,335.45,334.55,335.45,16948,BIOCON
7137,2025-05-22 10:15:00+05:30,335.5,335.65,335.3,335.45,6335,BIOCON
7138,2025-05-22 10:20:00+05:30,335.5,335.65,335.2,335.65,9235,BIOCON
7139,2025-05-22 10:25:00+05:30,335.55,335.65,335.2,335.5,6855,BIOCON
7140,2025-05-22 10:30:00+05:30,335.5,335.5,335.0,335.0,24612,BIOCON
7141,2025-05-22 10:35:00+05:30,335.0,335.5,335.0,335.1,7615,BIOCON
7142,2025-05-22 10:40:00+05:30,335.0,335.5,335.0,335.35,11311,BIOCON
7143,2025-05-22 10:45:00+05:30,335.35,335.4,335.05,335.35,18004,BIOCON
7144,2025-05-22 10:50:00+05:30,335.35,335.35,335.0,335.0,9766,BIOCON
7145,2025-05-22 10:55:00+05:30,334.9,335.1,334.0,335.1,38063,BIOCON
7146,2025-05-22 11:00:00+05:30,335.0,335.15,334.1,334.35,15933,BIOCON
7147,2025-05-22 11:05:00+05:30,334.35,334.75,334.2,334.65,9379,BIOCON
7148,2025-05-22 11:10:00+05:30,334.5,334.7,334.0,334.0,37780,BIOCON
7149,2025-05-22 11:15:00+05:30,334.0,334.35,333.75,334.15,15922,BIOCON
7150,2025-05-22 11:20:00+05:30,334.15,334.35,334.0,334.2,4852,BIOCON
7151,2025-05-22 11:25:00+05:30,334.15,334.35,334.1,334.2,4278,BIOCON
7152,2025-05-22 11:30:00+05:30,334.2,334.3,333.6,333.95,30152,BIOCON
7153,2025-05-22 11:35:00+05:30,333.95,333.95,333.5,333.9,8807,BIOCON
7154,2025-05-22 11:40:00+05:30,333.7,333.9,333.2,333.65,28170,BIOCON
7155,2025-05-22 11:45:00+05:30,333.6,334.0,333.5,333.75,9942,BIOCON
7156,2025-05-22 11:50:00+05:30,333.75,333.95,333.3,333.95,6342,BIOCON
7157,2025-05-22 11:55:00+05:30,333.95,333.95,333.55,333.7,4168,BIOCON
7158,2025-05-22 12:00:00+05:30,333.95,334.0,333.65,333.95,12907,BIOCON
7159,2025-05-22 12:05:00+05:30,333.95,334.1,333.4,333.6,25302,BIOCON
7160,2025-05-22 12:10:00+05:30,333.6,333.85,333.2,333.85,17024,BIOCON
7161,2025-05-22 12:15:00+05:30,333.85,333.85,333.6,333.85,10899,BIOCON
7162,2025-05-22 12:20:00+05:30,333.75,333.85,333.3,333.55,13262,BIOCON
7163,2025-05-22 12:25:00+05:30,333.55,333.55,332.6,333.35,40458,BIOCON
7164,2025-05-22 12:30:00+05:30,333.35,333.35,332.65,333.0,20888,BIOCON
7165,2025-05-22 12:35:00+05:30,333.0,333.3,333.0,333.15,5804,BIOCON
7166,2025-05-22 12:40:00+05:30,333.15,333.25,332.7,332.85,10150,BIOCON
7167,2025-05-22 12:45:00+05:30,332.85,332.85,332.3,332.45,17428,BIOCON
7168,2025-05-22 12:50:00+05:30,332.45,332.65,332.1,332.3,21613,BIOCON
7169,2025-05-22 12:55:00+05:30,332.35,332.6,332.15,332.55,7728,BIOCON
7170,2025-05-22 13:00:00+05:30,332.5,332.75,332.4,332.75,10914,BIOCON
7171,2025-05-22 13:05:00+05:30,332.75,333.4,332.7,332.95,30251,BIOCON
7172,2025-05-22 13:10:00+05:30,333.0,333.75,332.8,333.65,15238,BIOCON
7173,2025-05-22 13:15:00+05:30,333.65,333.85,333.3,333.85,11494,BIOCON
7174,2025-05-22 13:20:00+05:30,333.85,334.25,333.5,334.0,20934,BIOCON
7175,2025-05-22 13:25:00+05:30,334.0,334.2,333.8,334.2,16197,BIOCON
7176,2025-05-22 13:30:00+05:30,334.05,334.55,333.0,333.0,48508,BIOCON
7177,2025-05-22 13:35:00+05:30,333.0,333.45,332.6,333.2,35543,BIOCON
7178,2025-05-22 13:40:00+05:30,333.0,333.2,332.4,333.0,26064,BIOCON
7179,2025-05-22 13:45:00+05:30,333.0,333.5,332.55,333.45,18653,BIOCON
7180,2025-05-22 13:50:00+05:30,333.45,333.5,332.5,332.85,20841,BIOCON
7181,2025-05-22 13:55:00+05:30,332.85,332.95,331.4,331.95,56132,BIOCON
7182,2025-05-22 14:00:00+05:30,332.0,332.45,331.65,332.0,39552,BIOCON
7183,2025-05-22 14:05:00+05:30,332.0,332.0,331.1,331.4,48944,BIOCON
7184,2025-05-22 14:10:00+05:30,331.4,331.7,330.6,330.95,74856,BIOCON
7185,2025-05-22 14:15:00+05:30,330.95,331.0,330.15,330.55,37411,BIOCON
7186,2025-05-22 14:20:00+05:30,330.55,330.8,330.25,330.7,24008,BIOCON
7187,2025-05-22 14:25:00+05:30,330.7,331.0,330.55,331.0,16858,BIOCON
7188,2025-05-22 14:30:00+05:30,331.0,331.0,330.6,331.0,19214,BIOCON
7189,2025-05-22 14:35:00+05:30,331.0,331.05,330.55,330.9,21625,BIOCON
7190,2025-05-22 14:40:00+05:30,330.9,332.4,330.75,332.2,61693,BIOCON
7191,2025-05-22 14:45:00+05:30,332.1,332.25,331.5,332.2,17110,BIOCON
7192,2025-05-22 14:50:00+05:30,332.2,332.5,331.75,332.2,39929,BIOCON
7193,2025-05-22 14:55:00+05:30,332.2,332.85,332.0,332.85,26036,BIOCON
7194,2025-05-22 15:00:00+05:30,332.75,333.1,332.5,332.85,53244,BIOCON
7195,2025-05-22 15:05:00+05:30,332.9,333.0,332.05,333.0,75441,BIOCON
7196,2025-05-22 15:10:00+05:30,333.0,333.2,332.85,333.15,39942,BIOCON
7197,2025-05-22 15:15:00+05:30,333.1,333.55,332.85,333.55,65495,BIOCON
7198,2025-05-22 15:20:00+05:30,333.4,333.7,333.0,333.7,67217,BIOCON
7199,2025-05-22 15:25:00+05:30,333.65,333.95,332.2,333.45,59947,BIOCON
7200,2025-05-23 09:15:00+05:30,335.0,335.8,331.05,331.45,85411,BIOCON
7201,2025-05-23 09:20:00+05:30,331.45,332.9,331.05,332.7,29639,BIOCON
7202,2025-05-23 09:25:00+05:30,332.7,332.7,331.65,332.15,30134,BIOCON
7203,2025-05-23 09:30:00+05:30,332.45,334.15,332.15,333.3,65693,BIOCON
7204,2025-05-23 09:35:00+05:30,333.55,333.6,332.25,332.8,43026,BIOCON
7205,2025-05-23 09:40:00+05:30,332.8,333.4,332.55,333.35,12161,BIOCON
7206,2025-05-23 09:45:00+05:30,333.25,333.3,332.5,332.75,14363,BIOCON
7207,2025-05-23 09:50:00+05:30,332.55,332.85,332.0,332.4,24010,BIOCON
7208,2025-05-23 09:55:00+05:30,332.4,332.45,331.3,331.95,19716,BIOCON
7209,2025-05-23 10:00:00+05:30,332.0,332.4,331.7,332.0,14844,BIOCON
7210,2025-05-23 10:05:00+05:30,332.0,332.15,331.7,331.85,6709,BIOCON
7211,2025-05-23 10:10:00+05:30,331.85,332.05,331.15,331.85,22480,BIOCON
7212,2025-05-23 10:15:00+05:30,331.7,331.8,330.45,330.6,31030,BIOCON
7213,2025-05-23 10:20:00+05:30,330.6,330.6,329.2,329.4,77475,BIOCON
7214,2025-05-23 10:25:00+05:30,329.4,330.2,329.35,330.0,53843,BIOCON
7215,2025-05-23 10:30:00+05:30,329.95,329.95,329.5,329.8,7554,BIOCON
7216,2025-05-23 10:35:00+05:30,329.8,330.35,329.55,330.3,11184,BIOCON
7217,2025-05-23 10:40:00+05:30,330.15,330.65,330.0,330.35,26635,BIOCON
7218,2025-05-23 10:45:00+05:30,330.35,331.0,329.85,330.65,38091,BIOCON
7219,2025-05-23 10:50:00+05:30,330.65,330.95,330.05,330.9,21419,BIOCON
7220,2025-05-23 10:55:00+05:30,330.75,331.05,330.5,330.55,11528,BIOCON
7221,2025-05-23 11:00:00+05:30,330.55,330.8,329.6,329.8,31648,BIOCON
7222,2025-05-23 11:05:00+05:30,329.7,330.0,329.5,329.75,11500,BIOCON
7223,2025-05-23 11:10:00+05:30,329.55,330.0,329.45,329.85,23070,BIOCON
7224,2025-05-23 11:15:00+05:30,329.85,330.0,329.6,329.65,20932,BIOCON
7225,2025-05-23 11:20:00+05:30,329.65,330.0,329.65,329.75,14045,BIOCON
7226,2025-05-23 11:25:00+05:30,330.0,330.0,329.7,329.75,15468,BIOCON
7227,2025-05-23 11:30:00+05:30,329.8,330.0,329.75,329.9,8972,BIOCON
7228,2025-05-23 11:35:00+05:30,329.9,330.0,329.7,330.0,7675,BIOCON
7229,2025-05-23 11:40:00+05:30,329.8,330.0,329.6,329.75,12471,BIOCON
7230,2025-05-23 11:45:00+05:30,329.75,330.0,329.6,329.6,10902,BIOCON
7231,2025-05-23 11:50:00+05:30,329.7,330.0,329.6,329.8,28786,BIOCON
7232,2025-05-23 11:55:00+05:30,329.8,330.0,329.75,329.9,17883,BIOCON
7233,2025-05-23 12:00:00+05:30,330.0,330.0,329.85,330.0,26358,BIOCON
7234,2025-05-23 12:05:00+05:30,330.0,330.35,329.85,329.95,82932,BIOCON
7235,2025-05-23 12:10:00+05:30,329.95,330.15,329.85,329.85,45473,BIOCON
7236,2025-05-23 12:15:00+05:30,329.85,330.15,329.65,329.65,21910,BIOCON
7237,2025-05-23 12:20:00+05:30,329.65,329.8,329.0,329.4,77736,BIOCON
7238,2025-05-23 12:25:00+05:30,329.3,329.7,329.3,329.6,9703,BIOCON
7239,2025-05-23 12:30:00+05:30,329.6,330.0,329.35,329.7,29988,BIOCON
7240,2025-05-23 12:35:00+05:30,329.7,330.0,329.4,329.5,16040,BIOCON
7241,2025-05-23 12:40:00+05:30,329.7,329.85,329.4,329.55,15285,BIOCON
7242,2025-05-23 12:45:00+05:30,329.55,329.8,329.45,329.55,5533,BIOCON
7243,2025-05-23 12:50:00+05:30,329.75,329.8,329.55,329.55,11473,BIOCON
7244,2025-05-23 12:55:00+05:30,329.75,330.0,329.55,329.75,12109,BIOCON
7245,2025-05-23 13:00:00+05:30,329.8,330.65,329.75,330.0,105316,BIOCON
7246,2025-05-23 13:05:00+05:30,330.0,330.1,329.85,329.85,12892,BIOCON
7247,2025-05-23 13:10:00+05:30,329.85,330.05,329.8,329.85,9767,BIOCON
7248,2025-05-23 13:15:00+05:30,329.85,331.75,329.8,331.75,111678,BIOCON
7249,2025-05-23 13:20:00+05:30,331.7,332.1,331.45,331.6,79564,BIOCON
7250,2025-05-23 13:25:00+05:30,331.6,331.75,331.2,331.45,14846,BIOCON
7251,2025-05-23 13:30:00+05:30,331.4,331.5,331.2,331.35,7837,BIOCON
7252,2025-05-23 13:35:00+05:30,331.35,331.9,331.25,331.5,31713,BIOCON
7253,2025-05-23 13:40:00+05:30,331.5,331.65,331.0,331.25,22477,BIOCON
7254,2025-05-23 13:45:00+05:30,331.3,331.65,330.8,331.15,28047,BIOCON
7255,2025-05-23 13:50:00+05:30,331.15,331.7,331.05,331.45,15478,BIOCON
7256,2025-05-23 13:55:00+05:30,331.5,331.6,331.15,331.3,12697,BIOCON
7257,2025-05-23 14:00:00+05:30,331.3,331.55,331.15,331.2,6672,BIOCON
7258,2025-05-23 14:05:00+05:30,331.2,331.5,331.1,331.5,11078,BIOCON
7259,2025-05-23 14:10:00+05:30,331.55,331.65,331.35,331.6,11895,BIOCON
7260,2025-05-23 14:15:00+05:30,331.65,331.65,331.05,331.3,16610,BIOCON
7261,2025-05-23 14:20:00+05:30,331.45,331.45,331.05,331.35,12196,BIOCON
7262,2025-05-23 14:25:00+05:30,331.45,332.6,331.1,332.45,38537,BIOCON
7263,2025-05-23 14:30:00+05:30,332.55,332.6,332.15,332.3,19890,BIOCON
7264,2025-05-23 14:35:00+05:30,332.3,332.35,332.0,332.0,10443,BIOCON
7265,2025-05-23 14:40:00+05:30,331.95,332.0,331.55,331.8,7252,BIOCON
7266,2025-05-23 14:45:00+05:30,331.85,331.9,331.45,331.7,9476,BIOCON
7267,2025-05-23 14:50:00+05:30,331.45,331.7,331.25,331.25,8882,BIOCON
7268,2025-05-23 14:55:00+05:30,331.4,331.6,331.3,331.3,8521,BIOCON
7269,2025-05-23 15:00:00+05:30,331.5,331.6,330.5,330.95,27837,BIOCON
7270,2025-05-23 15:05:00+05:30,330.8,331.55,330.7,330.75,25906,BIOCON
7271,2025-05-23 15:10:00+05:30,330.75,330.85,330.6,330.8,30305,BIOCON
7272,2025-05-23 15:15:00+05:30,330.6,330.8,330.35,330.65,47979,BIOCON
7273,2025-05-23 15:20:00+05:30,330.7,330.75,330.4,330.5,30351,BIOCON
7274,2025-05-23 15:25:00+05:30,330.45,331.7,330.3,331.0,68719,BIOCON
7275,2025-05-26 09:15:00+05:30,332.1,334.4,332.0,334.2,111870,BIOCON
7276,2025-05-26 09:20:00+05:30,334.2,334.45,333.0,333.0,32217,BIOCON
7277,2025-05-26 09:25:00+05:30,333.05,333.45,332.45,333.4,25514,BIOCON
7278,2025-05-26 09:30:00+05:30,333.4,333.6,332.65,332.85,34892,BIOCON
7279,2025-05-26 09:35:00+05:30,332.85,333.2,332.25,332.65,61796,BIOCON
7280,2025-05-26 09:40:00+05:30,332.75,332.75,331.75,331.8,29941,BIOCON
7281,2025-05-26 09:45:00+05:30,331.8,332.45,331.8,332.1,13315,BIOCON
7282,2025-05-26 09:50:00+05:30,331.95,332.35,331.8,332.0,12779,BIOCON
7283,2025-05-26 09:55:00+05:30,332.0,332.4,331.65,332.4,18278,BIOCON
7284,2025-05-26 10:00:00+05:30,332.15,332.55,332.15,332.25,6662,BIOCON
7285,2025-05-26 10:05:00+05:30,332.25,333.5,332.2,333.4,23239,BIOCON
7286,2025-05-26 10:10:00+05:30,333.2,334.6,333.2,334.4,107106,BIOCON
7287,2025-05-26 10:15:00+05:30,334.4,335.3,334.0,334.5,70453,BIOCON
7288,2025-05-26 10:20:00+05:30,334.5,334.75,333.8,334.15,31444,BIOCON
7289,2025-05-26 10:25:00+05:30,334.0,334.6,333.0,334.3,26151,BIOCON
7290,2025-05-26 10:30:00+05:30,334.2,334.25,333.8,334.05,13395,BIOCON
7291,2025-05-26 10:35:00+05:30,334.05,334.2,333.3,333.6,12640,BIOCON
7292,2025-05-26 10:40:00+05:30,333.6,333.95,333.35,333.7,18330,BIOCON
7293,2025-05-26 10:45:00+05:30,333.7,333.9,333.45,333.65,7294,BIOCON
7294,2025-05-26 10:50:00+05:30,333.65,333.85,333.55,333.6,3601,BIOCON
7295,2025-05-26 10:55:00+05:30,333.75,334.3,333.6,333.95,23518,BIOCON
7296,2025-05-26 11:00:00+05:30,333.95,334.25,333.75,334.05,8600,BIOCON
7297,2025-05-26 11:05:00+05:30,334.05,334.4,334.0,334.2,6527,BIOCON
7298,2025-05-26 11:10:00+05:30,334.05,334.2,333.3,333.7,15619,BIOCON
7299,2025-05-26 11:15:00+05:30,333.75,333.9,333.2,333.45,9701,BIOCON
7300,2025-05-26 11:20:00+05:30,333.2,334.2,333.2,333.65,17059,BIOCON
7301,2025-05-26 11:25:00+05:30,333.65,333.85,333.35,333.75,7582,BIOCON
7302,2025-05-26 11:30:00+05:30,333.75,333.85,333.5,333.6,3412,BIOCON
7303,2025-05-26 11:35:00+05:30,333.6,333.95,333.5,333.55,7040,BIOCON
7304,2025-05-26 11:40:00+05:30,333.55,333.7,333.1,333.1,9637,BIOCON
7305,2025-05-26 11:45:00+05:30,333.1,333.15,332.7,333.0,14549,BIOCON
7306,2025-05-26 11:50:00+05:30,333.0,333.1,332.8,332.85,4256,BIOCON
7307,2025-05-26 11:55:00+05:30,332.85,333.3,332.7,333.3,9424,BIOCON
7308,2025-05-26 12:00:00+05:30,333.1,333.3,332.25,332.45,42191,BIOCON
7309,2025-05-26 12:05:00+05:30,332.45,332.85,332.25,332.75,11392,BIOCON
7310,2025-05-26 12:10:00+05:30,332.75,332.8,332.3,332.3,4577,BIOCON
7311,2025-05-26 12:15:00+05:30,332.3,332.3,331.5,331.6,37950,BIOCON
7312,2025-05-26 12:20:00+05:30,331.65,331.85,331.5,331.6,10412,BIOCON
7313,2025-05-26 12:25:00+05:30,331.6,331.8,331.5,331.6,6281,BIOCON
7314,2025-05-26 12:30:00+05:30,331.8,331.95,331.6,331.8,5694,BIOCON
7315,2025-05-26 12:35:00+05:30,331.8,332.0,331.7,332.0,8255,BIOCON
7316,2025-05-26 12:40:00+05:30,331.9,332.0,331.65,331.85,4404,BIOCON
7317,2025-05-26 12:45:00+05:30,331.95,331.95,331.4,331.55,32396,BIOCON
7318,2025-05-26 12:50:00+05:30,331.8,331.95,331.75,331.85,4435,BIOCON
7319,2025-05-26 12:55:00+05:30,331.75,331.9,331.15,331.5,24560,BIOCON
7320,2025-05-26 13:00:00+05:30,331.5,331.85,331.5,331.7,6498,BIOCON
7321,2025-05-26 13:05:00+05:30,331.85,332.35,331.85,332.3,5751,BIOCON
7322,2025-05-26 13:10:00+05:30,332.3,332.35,332.0,332.2,7138,BIOCON
7323,2025-05-26 13:15:00+05:30,332.15,332.25,332.0,332.25,2454,BIOCON
7324,2025-05-26 13:20:00+05:30,332.25,332.35,331.9,331.95,6796,BIOCON
7325,2025-05-26 13:25:00+05:30,331.95,332.05,331.35,331.5,12673,BIOCON
7326,2025-05-26 13:30:00+05:30,331.5,331.95,331.3,331.85,9151,BIOCON
7327,2025-05-26 13:35:00+05:30,331.85,332.2,331.85,332.15,6200,BIOCON
7328,2025-05-26 13:40:00+05:30,332.2,332.2,331.85,332.15,11045,BIOCON
7329,2025-05-26 13:45:00+05:30,332.15,332.4,331.9,332.15,6222,BIOCON
7330,2025-05-26 13:50:00+05:30,332.35,332.45,332.2,332.45,5298,BIOCON
7331,2025-05-26 13:55:00+05:30,332.45,332.45,332.15,332.3,5855,BIOCON
7332,2025-05-26 14:00:00+05:30,332.45,332.7,332.2,332.7,9422,BIOCON
7333,2025-05-26 14:05:00+05:30,332.7,332.7,332.4,332.55,5665,BIOCON
7334,2025-05-26 14:10:00+05:30,332.55,332.65,332.25,332.65,4626,BIOCON
7335,2025-05-26 14:15:00+05:30,332.65,332.7,332.15,332.6,6349,BIOCON
7336,2025-05-26 14:20:00+05:30,332.6,332.65,332.35,332.55,3434,BIOCON
7337,2025-05-26 14:25:00+05:30,332.55,332.55,332.0,332.3,7942,BIOCON
7338,2025-05-26 14:30:00+05:30,332.3,332.7,332.2,332.65,10341,BIOCON
7339,2025-05-26 14:35:00+05:30,332.65,332.7,332.3,332.5,13735,BIOCON
7340,2025-05-26 14:40:00+05:30,332.4,332.6,332.25,332.5,2750,BIOCON
7341,2025-05-26 14:45:00+05:30,332.5,332.6,331.95,332.15,10571,BIOCON
7342,2025-05-26 14:50:00+05:30,332.15,332.4,332.0,332.3,7501,BIOCON
7343,2025-05-26 14:55:00+05:30,332.3,332.6,332.1,332.6,22857,BIOCON
7344,2025-05-26 15:00:00+05:30,332.5,332.7,332.3,332.55,22571,BIOCON
7345,2025-05-26 15:05:00+05:30,332.55,332.7,332.1,332.4,23504,BIOCON
7346,2025-05-26 15:10:00+05:30,332.4,332.75,332.35,332.6,24601,BIOCON
7347,2025-05-26 15:15:00+05:30,332.6,332.75,332.25,332.4,38123,BIOCON
7348,2025-05-26 15:20:00+05:30,332.4,332.4,332.0,332.35,49340,BIOCON
7349,2025-05-26 15:25:00+05:30,332.35,332.5,331.85,332.35,20679,BIOCON
7350,2025-05-27 09:15:00+05:30,333.95,334.35,332.0,334.35,65321,BIOCON
7351,2025-05-27 09:20:00+05:30,334.15,334.55,333.3,333.3,36541,BIOCON
7352,2025-05-27 09:25:00+05:30,333.35,333.4,332.75,332.75,23940,BIOCON
7353,2025-05-27 09:30:00+05:30,332.7,333.25,330.05,330.85,209903,BIOCON
7354,2025-05-27 09:35:00+05:30,330.95,331.35,330.15,330.8,79595,BIOCON
7355,2025-05-27 09:40:00+05:30,331.0,333.0,330.95,332.55,52641,BIOCON
7356,2025-05-27 09:45:00+05:30,332.75,333.45,332.15,332.4,20871,BIOCON
7357,2025-05-27 09:50:00+05:30,332.55,332.55,332.0,332.0,10543,BIOCON
7358,2025-05-27 09:55:00+05:30,332.25,332.25,331.5,331.65,6688,BIOCON
7359,2025-05-27 10:00:00+05:30,331.65,331.65,331.1,331.5,11305,BIOCON
7360,2025-05-27 10:05:00+05:30,331.65,332.5,331.5,331.85,33895,BIOCON
7361,2025-05-27 10:10:00+05:30,332.0,333.4,330.9,333.15,59841,BIOCON
7362,2025-05-27 10:15:00+05:30,333.45,334.15,333.05,333.7,144959,BIOCON
7363,2025-05-27 10:20:00+05:30,333.5,333.85,332.7,333.25,88671,BIOCON
7364,2025-05-27 10:25:00+05:30,333.5,334.8,332.75,333.1,163426,BIOCON
7365,2025-05-27 10:30:00+05:30,333.15,333.6,332.95,333.3,60492,BIOCON
7366,2025-05-27 10:35:00+05:30,333.3,334.05,333.3,334.05,10092,BIOCON
7367,2025-05-27 10:40:00+05:30,334.2,334.4,333.6,333.9,17398,BIOCON
7368,2025-05-27 10:45:00+05:30,333.9,334.1,333.75,333.8,4701,BIOCON
7369,2025-05-27 10:50:00+05:30,333.85,334.0,333.7,333.7,3883,BIOCON
7370,2025-05-27 10:55:00+05:30,333.7,333.75,333.1,333.7,9533,BIOCON
7371,2025-05-27 11:00:00+05:30,333.7,333.9,333.35,333.6,7818,BIOCON
7372,2025-05-27 11:05:00+05:30,333.4,333.8,333.05,333.8,2161,BIOCON
7373,2025-05-27 11:10:00+05:30,333.8,334.1,333.65,333.9,8842,BIOCON
7374,2025-05-27 11:15:00+05:30,333.9,333.95,333.7,333.9,3947,BIOCON
7375,2025-05-27 11:20:00+05:30,333.9,334.15,333.8,334.1,7407,BIOCON
7376,2025-05-27 11:25:00+05:30,334.1,334.25,333.8,334.1,9402,BIOCON
7377,2025-05-27 11:30:00+05:30,334.1,334.2,333.7,334.1,13754,BIOCON
7378,2025-05-27 11:35:00+05:30,334.1,334.15,333.7,333.7,5262,BIOCON
7379,2025-05-27 11:40:00+05:30,333.7,334.0,333.6,333.8,4677,BIOCON
7380,2025-05-27 11:45:00+05:30,334.0,334.8,334.0,334.25,21089,BIOCON
7381,2025-05-27 11:50:00+05:30,334.3,334.3,334.1,334.15,5036,BIOCON
7382,2025-05-27 11:55:00+05:30,334.3,334.65,334.15,334.5,7340,BIOCON
7383,2025-05-27 12:00:00+05:30,334.4,335.3,334.4,335.15,35224,BIOCON
7384,2025-05-27 12:05:00+05:30,335.15,335.25,334.75,334.75,8670,BIOCON
7385,2025-05-27 12:10:00+05:30,334.75,335.3,334.75,335.15,6797,BIOCON
7386,2025-05-27 12:15:00+05:30,335.15,335.5,334.65,334.85,10384,BIOCON
7387,2025-05-27 12:20:00+05:30,334.8,334.85,334.6,334.75,2920,BIOCON
7388,2025-05-27 12:25:00+05:30,334.7,334.85,334.15,334.65,10635,BIOCON
7389,2025-05-27 12:30:00+05:30,334.8,334.8,334.15,334.4,12458,BIOCON
7390,2025-05-27 12:35:00+05:30,334.5,334.9,334.4,334.9,5593,BIOCON
7391,2025-05-27 12:40:00+05:30,334.85,334.95,334.6,334.9,4783,BIOCON
7392,2025-05-27 12:45:00+05:30,334.9,334.95,334.6,334.7,3666,BIOCON
7393,2025-05-27 12:50:00+05:30,334.7,334.7,334.4,334.5,3047,BIOCON
7394,2025-05-27 12:55:00+05:30,334.65,334.65,334.2,334.2,2864,BIOCON
7395,2025-05-27 13:00:00+05:30,334.35,334.35,334.2,334.35,5420,BIOCON
7396,2025-05-27 13:05:00+05:30,334.35,334.35,334.0,334.35,4729,BIOCON
7397,2025-05-27 13:10:00+05:30,334.35,334.6,334.35,334.45,3916,BIOCON
7398,2025-05-27 13:15:00+05:30,334.45,334.5,334.35,334.35,2553,BIOCON
7399,2025-05-27 13:20:00+05:30,334.5,334.55,334.25,334.25,2968,BIOCON
7400,2025-05-27 13:25:00+05:30,334.25,334.55,334.1,334.4,4566,BIOCON
7401,2025-05-27 13:30:00+05:30,334.5,334.5,334.2,334.2,3135,BIOCON
7402,2025-05-27 13:35:00+05:30,334.2,334.3,334.05,334.3,2570,BIOCON
7403,2025-05-27 13:40:00+05:30,334.3,334.6,334.05,334.6,4630,BIOCON
7404,2025-05-27 13:45:00+05:30,334.65,334.9,334.45,334.55,5866,BIOCON
7405,2025-05-27 13:50:00+05:30,334.55,334.8,334.4,334.45,3800,BIOCON
7406,2025-05-27 13:55:00+05:30,334.45,334.7,334.35,334.35,7103,BIOCON
7407,2025-05-27 14:00:00+05:30,334.4,334.6,334.15,334.3,5433,BIOCON
7408,2025-05-27 14:05:00+05:30,334.45,334.8,334.45,334.6,6170,BIOCON
7409,2025-05-27 14:10:00+05:30,334.6,334.75,334.4,334.4,2690,BIOCON
7410,2025-05-27 14:15:00+05:30,334.5,334.6,334.25,334.25,6346,BIOCON
7411,2025-05-27 14:20:00+05:30,334.45,334.65,334.25,334.5,8946,BIOCON
7412,2025-05-27 14:25:00+05:30,334.65,334.95,334.55,334.9,12835,BIOCON
7413,2025-05-27 14:30:00+05:30,334.85,334.95,334.65,334.9,5982,BIOCON
7414,2025-05-27 14:35:00+05:30,334.9,335.3,334.8,335.1,26861,BIOCON
7415,2025-05-27 14:40:00+05:30,335.15,335.5,334.9,334.9,14381,BIOCON
7416,2025-05-27 14:45:00+05:30,335.0,335.3,334.8,335.0,7730,BIOCON
7417,2025-05-27 14:50:00+05:30,335.05,335.8,334.9,335.1,39348,BIOCON
7418,2025-05-27 14:55:00+05:30,335.15,335.15,334.7,334.95,11103,BIOCON
7419,2025-05-27 15:00:00+05:30,334.85,335.05,334.55,334.75,15241,BIOCON
7420,2025-05-27 15:05:00+05:30,334.75,335.75,334.6,335.5,50784,BIOCON
7421,2025-05-27 15:10:00+05:30,335.55,335.55,335.0,335.15,16592,BIOCON
7422,2025-05-27 15:15:00+05:30,335.15,335.2,334.85,335.2,30459,BIOCON
7423,2025-05-27 15:20:00+05:30,335.15,335.2,334.6,334.8,36169,BIOCON
7424,2025-05-27 15:25:00+05:30,334.75,335.0,334.5,334.95,48736,BIOCON
7425,2025-05-28 09:15:00+05:30,336.0,338.25,335.1,337.1,224316,BIOCON
7426,2025-05-28 09:20:00+05:30,336.9,337.75,336.25,336.95,49127,BIOCON
7427,2025-05-28 09:25:00+05:30,337.0,337.3,336.1,337.0,32139,BIOCON
7428,2025-05-28 09:30:00+05:30,337.0,337.2,336.5,336.8,20094,BIOCON
7429,2025-05-28 09:35:00+05:30,336.95,337.2,336.4,336.8,22781,BIOCON
7430,2025-05-28 09:40:00+05:30,336.75,337.1,336.55,336.85,15407,BIOCON
7431,2025-05-28 09:45:00+05:30,336.7,337.4,336.7,337.1,19148,BIOCON
7432,2025-05-28 09:50:00+05:30,337.15,337.3,336.5,336.55,15123,BIOCON
7433,2025-05-28 09:55:00+05:30,336.65,336.65,336.1,336.4,12376,BIOCON
7434,2025-05-28 10:00:00+05:30,336.45,336.95,335.8,336.95,14731,BIOCON
7435,2025-05-28 10:05:00+05:30,336.95,337.1,336.8,337.1,8870,BIOCON
7436,2025-05-28 10:10:00+05:30,337.1,337.1,336.65,337.0,6847,BIOCON
7437,2025-05-28 10:15:00+05:30,336.95,337.0,336.15,336.95,7653,BIOCON
7438,2025-05-28 10:20:00+05:30,336.95,337.0,336.45,336.6,5856,BIOCON
7439,2025-05-28 10:25:00+05:30,336.5,336.85,336.45,336.7,3555,BIOCON
7440,2025-05-28 10:30:00+05:30,336.7,337.2,336.65,337.0,18490,BIOCON
7441,2025-05-28 10:35:00+05:30,337.0,337.4,336.9,337.25,6874,BIOCON
7442,2025-05-28 10:40:00+05:30,337.4,337.8,336.9,336.95,16760,BIOCON
7443,2025-05-28 10:45:00+05:30,337.15,337.2,336.0,336.4,19830,BIOCON
7444,2025-05-28 10:50:00+05:30,336.4,336.85,336.3,336.5,5517,BIOCON
7445,2025-05-28 10:55:00+05:30,336.55,336.9,336.35,336.65,9503,BIOCON
7446,2025-05-28 11:00:00+05:30,336.5,337.45,336.25,337.35,15629,BIOCON
7447,2025-05-28 11:05:00+05:30,337.35,337.35,337.0,337.15,6791,BIOCON
7448,2025-05-28 11:10:00+05:30,337.0,337.05,336.55,336.7,5462,BIOCON
7449,2025-05-28 11:15:00+05:30,336.75,337.25,336.75,336.75,3383,BIOCON
7450,2025-05-28 11:20:00+05:30,336.75,336.9,336.1,336.3,9499,BIOCON
7451,2025-05-28 11:25:00+05:30,336.1,336.65,336.0,336.5,15216,BIOCON
7452,2025-05-28 11:30:00+05:30,336.45,336.5,335.85,336.15,8542,BIOCON
7453,2025-05-28 11:35:00+05:30,336.15,336.3,336.0,336.15,3425,BIOCON
7454,2025-05-28 11:40:00+05:30,336.2,336.3,336.0,336.25,3540,BIOCON
7455,2025-05-28 11:45:00+05:30,336.2,336.2,335.6,335.8,8324,BIOCON
7456,2025-05-28 11:50:00+05:30,335.8,336.15,335.55,335.9,7677,BIOCON
7457,2025-05-28 11:55:00+05:30,336.0,336.2,335.7,336.2,5915,BIOCON
7458,2025-05-28 12:00:00+05:30,336.2,336.2,335.5,335.85,8169,BIOCON
7459,2025-05-28 12:05:00+05:30,336.0,336.2,335.5,335.55,6122,BIOCON
7460,2025-05-28 12:10:00+05:30,335.55,336.0,335.5,335.85,2138,BIOCON
7461,2025-05-28 12:15:00+05:30,335.85,335.95,335.75,335.75,1654,BIOCON
7462,2025-05-28 12:20:00+05:30,335.75,335.95,335.5,335.5,14154,BIOCON
7463,2025-05-28 12:25:00+05:30,335.55,335.8,335.5,335.8,2979,BIOCON
7464,2025-05-28 12:30:00+05:30,335.7,335.8,335.2,335.5,15433,BIOCON
7465,2025-05-28 12:35:00+05:30,335.5,335.75,335.35,335.75,2823,BIOCON
7466,2025-05-28 12:40:00+05:30,335.65,335.7,335.5,335.5,1699,BIOCON
7467,2025-05-28 12:45:00+05:30,335.6,335.7,335.5,335.55,2220,BIOCON
7468,2025-05-28 12:50:00+05:30,335.55,336.1,335.55,335.95,3576,BIOCON
7469,2025-05-28 12:55:00+05:30,335.95,336.1,335.5,335.6,8205,BIOCON
7470,2025-05-28 13:00:00+05:30,335.55,335.9,335.55,335.6,1697,BIOCON
7471,2025-05-28 13:05:00+05:30,335.6,335.8,335.45,335.6,2303,BIOCON
7472,2025-05-28 13:10:00+05:30,335.55,335.55,334.65,334.95,21304,BIOCON
7473,2025-05-28 13:15:00+05:30,334.95,334.95,334.4,334.4,10296,BIOCON
7474,2025-05-28 13:20:00+05:30,334.4,334.6,334.0,334.45,26975,BIOCON
7475,2025-05-28 13:25:00+05:30,334.25,334.85,334.1,334.55,6692,BIOCON
7476,2025-05-28 13:30:00+05:30,334.8,334.8,334.15,334.45,11979,BIOCON
7477,2025-05-28 13:35:00+05:30,334.45,334.6,334.1,334.3,7882,BIOCON
7478,2025-05-28 13:40:00+05:30,334.3,334.35,334.0,334.3,12789,BIOCON
7479,2025-05-28 13:45:00+05:30,334.15,334.35,333.65,333.9,13674,BIOCON
7480,2025-05-28 13:50:00+05:30,333.9,334.25,333.75,334.0,6141,BIOCON
7481,2025-05-28 13:55:00+05:30,333.9,334.25,333.8,334.2,4942,BIOCON
7482,2025-05-28 14:00:00+05:30,334.2,334.4,334.15,334.35,3029,BIOCON
7483,2025-05-28 14:05:00+05:30,334.35,334.4,333.95,334.15,3372,BIOCON
7484,2025-05-28 14:10:00+05:30,334.0,334.25,334.0,334.25,4632,BIOCON
7485,2025-05-28 14:15:00+05:30,334.25,334.25,333.7,334.0,6065,BIOCON
7486,2025-05-28 14:20:00+05:30,334.0,334.05,333.75,334.0,2596,BIOCON
7487,2025-05-28 14:25:00+05:30,334.0,334.0,333.25,333.7,21115,BIOCON
7488,2025-05-28 14:30:00+05:30,333.7,333.9,333.5,333.85,6453,BIOCON
7489,2025-05-28 14:35:00+05:30,333.65,334.0,333.6,333.95,5023,BIOCON
7490,2025-05-28 14:40:00+05:30,333.9,334.0,333.6,333.95,3745,BIOCON
7491,2025-05-28 14:45:00+05:30,333.95,334.1,333.65,334.1,8191,BIOCON
7492,2025-05-28 14:50:00+05:30,334.1,334.35,334.0,334.3,5770,BIOCON
7493,2025-05-28 14:55:00+05:30,334.3,334.65,334.1,334.35,6883,BIOCON
7494,2025-05-28 15:00:00+05:30,334.35,334.5,333.8,333.8,34711,BIOCON
7495,2025-05-28 15:05:00+05:30,334.0,334.5,333.85,334.45,23449,BIOCON
7496,2025-05-28 15:10:00+05:30,334.5,334.9,334.2,334.65,49377,BIOCON
7497,2025-05-28 15:15:00+05:30,334.7,334.75,334.0,334.2,56227,BIOCON
7498,2025-05-28 15:20:00+05:30,334.25,334.6,333.8,334.35,41192,BIOCON
7499,2025-05-28 15:25:00+05:30,334.3,334.6,334.0,334.05,35574,BIOCON
7500,2025-05-29 09:15:00+05:30,336.0,336.45,334.85,335.25,71949,BIOCON
7501,2025-05-29 09:20:00+05:30,335.2,336.45,335.15,335.15,50935,BIOCON
7502,2025-05-29 09:25:00+05:30,335.15,335.9,335.15,335.7,20494,BIOCON
7503,2025-05-29 09:30:00+05:30,335.7,336.2,335.2,335.5,36988,BIOCON
7504,2025-05-29 09:35:00+05:30,335.35,335.75,334.5,334.9,24799,BIOCON
7505,2025-05-29 09:40:00+05:30,334.9,335.15,334.75,334.85,14772,BIOCON
7506,2025-05-29 09:45:00+05:30,334.9,334.9,333.75,334.15,31129,BIOCON
7507,2025-05-29 09:50:00+05:30,334.25,334.5,333.75,333.85,14209,BIOCON
7508,2025-05-29 09:55:00+05:30,333.9,334.55,333.85,334.3,9202,BIOCON
7509,2025-05-29 10:00:00+05:30,334.3,334.4,334.0,334.2,6298,BIOCON
7510,2025-05-29 10:05:00+05:30,334.2,334.35,334.0,334.1,7285,BIOCON
7511,2025-05-29 10:10:00+05:30,334.2,334.3,333.95,334.25,9276,BIOCON
7512,2025-05-29 10:15:00+05:30,334.25,334.5,334.05,334.1,5968,BIOCON
7513,2025-05-29 10:20:00+05:30,334.2,334.2,333.9,334.0,3371,BIOCON
7514,2025-05-29 10:25:00+05:30,333.95,334.0,333.35,333.5,15093,BIOCON
7515,2025-05-29 10:30:00+05:30,333.35,333.6,333.0,333.05,11669,BIOCON
7516,2025-05-29 10:35:00+05:30,333.05,333.45,332.7,332.7,13121,BIOCON
7517,2025-05-29 10:40:00+05:30,332.85,333.2,332.75,333.1,5437,BIOCON
7518,2025-05-29 10:45:00+05:30,333.1,333.7,332.75,333.55,10142,BIOCON
7519,2025-05-29 10:50:00+05:30,333.45,333.85,333.45,333.85,4727,BIOCON
7520,2025-05-29 10:55:00+05:30,333.75,334.2,333.7,334.0,5408,BIOCON
7521,2025-05-29 11:00:00+05:30,333.8,334.2,333.35,333.5,3589,BIOCON
7522,2025-05-29 11:05:00+05:30,333.35,333.75,333.0,333.5,10698,BIOCON
7523,2025-05-29 11:10:00+05:30,333.45,333.45,332.55,332.85,61861,BIOCON
7524,2025-05-29 11:15:00+05:30,332.85,333.3,332.55,333.05,10205,BIOCON
7525,2025-05-29 11:20:00+05:30,333.15,333.35,333.0,333.15,5295,BIOCON
7526,2025-05-29 11:25:00+05:30,333.2,333.5,333.15,333.5,1590,BIOCON
7527,2025-05-29 11:30:00+05:30,333.55,333.6,333.3,333.6,2978,BIOCON
7528,2025-05-29 11:35:00+05:30,333.6,333.7,333.45,333.6,1921,BIOCON
7529,2025-05-29 11:40:00+05:30,333.7,333.95,333.6,333.65,5161,BIOCON
7530,2025-05-29 11:45:00+05:30,333.75,333.75,333.35,333.5,5648,BIOCON
7531,2025-05-29 11:50:00+05:30,333.5,333.7,333.5,333.55,572,BIOCON
7532,2025-05-29 11:55:00+05:30,333.55,333.7,333.55,333.65,4936,BIOCON
7533,2025-05-29 12:00:00+05:30,333.55,333.8,333.5,333.8,6128,BIOCON
7534,2025-05-29 12:05:00+05:30,333.75,334.45,333.7,334.0,64673,BIOCON
7535,2025-05-29 12:10:00+05:30,334.0,334.05,333.8,333.95,1120,BIOCON
7536,2025-05-29 12:15:00+05:30,334.1,334.6,334.0,334.1,10652,BIOCON
7537,2025-05-29 12:20:00+05:30,334.15,334.3,333.6,333.65,8634,BIOCON
7538,2025-05-29 12:25:00+05:30,333.65,334.05,333.55,333.55,5465,BIOCON
7539,2025-05-29 12:30:00+05:30,333.75,334.35,333.55,333.9,7694,BIOCON
7540,2025-05-29 12:35:00+05:30,334.15,334.2,333.4,333.4,6661,BIOCON
7541,2025-05-29 12:40:00+05:30,333.4,333.5,333.25,333.3,3263,BIOCON
7542,2025-05-29 12:45:00+05:30,333.25,334.0,333.25,333.4,7497,BIOCON
7543,2025-05-29 12:50:00+05:30,333.4,333.5,333.2,333.25,2566,BIOCON
7544,2025-05-29 12:55:00+05:30,333.25,334.45,333.25,334.25,6914,BIOCON
7545,2025-05-29 13:00:00+05:30,334.25,335.5,334.05,335.3,28385,BIOCON
7546,2025-05-29 13:05:00+05:30,335.5,336.15,335.4,335.7,27060,BIOCON
7547,2025-05-29 13:10:00+05:30,335.7,337.45,335.55,336.25,71135,BIOCON
7548,2025-05-29 13:15:00+05:30,336.4,336.4,335.8,335.95,15073,BIOCON
7549,2025-05-29 13:20:00+05:30,335.8,336.15,335.75,335.8,7654,BIOCON
7550,2025-05-29 13:25:00+05:30,335.8,335.95,335.15,335.55,9660,BIOCON
7551,2025-05-29 13:30:00+05:30,335.3,335.7,335.3,335.6,4808,BIOCON
7552,2025-05-29 13:35:00+05:30,335.55,335.65,335.05,335.25,5490,BIOCON
7553,2025-05-29 13:40:00+05:30,335.1,335.5,335.05,335.5,3543,BIOCON
7554,2025-05-29 13:45:00+05:30,335.25,335.5,334.95,335.1,6694,BIOCON
7555,2025-05-29 13:50:00+05:30,335.05,335.35,335.0,335.35,4295,BIOCON
7556,2025-05-29 13:55:00+05:30,335.15,335.4,335.05,335.25,4225,BIOCON
7557,2025-05-29 14:00:00+05:30,335.05,335.3,334.25,334.4,16176,BIOCON
7558,2025-05-29 14:05:00+05:30,334.3,334.8,334.25,334.7,8826,BIOCON
7559,2025-05-29 14:10:00+05:30,334.6,334.7,334.3,334.35,5065,BIOCON
7560,2025-05-29 14:15:00+05:30,334.3,334.8,334.05,334.8,13540,BIOCON
7561,2025-05-29 14:20:00+05:30,334.6,335.5,334.6,335.5,11805,BIOCON
7562,2025-05-29 14:25:00+05:30,335.4,335.6,335.25,335.45,7426,BIOCON
7563,2025-05-29 14:30:00+05:30,335.25,335.45,334.9,335.0,19533,BIOCON
7564,2025-05-29 14:35:00+05:30,334.9,335.35,334.75,335.25,8285,BIOCON
7565,2025-05-29 14:40:00+05:30,335.0,335.5,335.0,335.35,7906,BIOCON
7566,2025-05-29 14:45:00+05:30,335.25,335.5,335.05,335.4,14522,BIOCON
7567,2025-05-29 14:50:00+05:30,335.2,335.5,335.2,335.5,12766,BIOCON
7568,2025-05-29 14:55:00+05:30,335.35,336.0,335.35,335.9,11696,BIOCON
7569,2025-05-29 15:00:00+05:30,335.95,336.0,335.0,335.65,32948,BIOCON
7570,2025-05-29 15:05:00+05:30,335.6,335.75,335.3,335.7,13195,BIOCON
7571,2025-05-29 15:10:00+05:30,335.7,335.75,335.1,335.25,28620,BIOCON
7572,2025-05-29 15:15:00+05:30,335.2,335.7,335.0,335.7,28997,BIOCON
7573,2025-05-29 15:20:00+05:30,335.7,335.95,335.65,335.8,23889,BIOCON
7574,2025-05-29 15:25:00+05:30,335.8,335.9,335.5,335.5,31466,BIOCON
7575,2025-05-30 09:15:00+05:30,335.05,337.6,334.9,336.6,87743,BIOCON
7576,2025-05-30 09:20:00+05:30,336.7,336.8,335.5,336.45,31615,BIOCON
7577,2025-05-30 09:25:00+05:30,336.25,336.25,335.0,335.4,19338,BIOCON
7578,2025-05-30 09:30:00+05:30,335.55,335.55,334.25,334.55,28074,BIOCON
7579,2025-05-30 09:35:00+05:30,334.5,335.0,334.05,334.7,26214,BIOCON
7580,2025-05-30 09:40:00+05:30,334.8,335.0,334.4,334.5,12773,BIOCON
7581,2025-05-30 09:45:00+05:30,334.5,334.5,333.5,334.0,60939,BIOCON
7582,2025-05-30 09:50:00+05:30,334.0,334.6,333.95,334.25,24856,BIOCON
7583,2025-05-30 09:55:00+05:30,334.1,334.35,333.7,333.7,10241,BIOCON
7584,2025-05-30 10:00:00+05:30,333.85,333.95,333.15,333.55,30848,BIOCON
7585,2025-05-30 10:05:00+05:30,333.5,333.9,333.1,333.2,20382,BIOCON
7586,2025-05-30 10:10:00+05:30,333.2,333.45,332.8,333.2,19937,BIOCON
7587,2025-05-30 10:15:00+05:30,333.2,333.2,332.35,332.55,36925,BIOCON
7588,2025-05-30 10:20:00+05:30,332.55,333.05,332.35,332.55,26280,BIOCON
7589,2025-05-30 10:25:00+05:30,332.4,333.15,332.4,332.8,13053,BIOCON
7590,2025-05-30 10:30:00+05:30,333.0,333.0,332.15,332.2,27919,BIOCON
7591,2025-05-30 10:35:00+05:30,332.35,332.35,331.4,332.05,33727,BIOCON
7592,2025-05-30 10:40:00+05:30,332.1,332.6,331.8,332.45,15999,BIOCON
7593,2025-05-30 10:45:00+05:30,332.45,332.45,331.7,331.9,10008,BIOCON
7594,2025-05-30 10:50:00+05:30,331.8,332.35,331.6,332.1,5289,BIOCON
7595,2025-05-30 10:55:00+05:30,332.0,332.55,331.9,332.35,5590,BIOCON
7596,2025-05-30 11:00:00+05:30,332.45,332.95,332.35,332.55,11054,BIOCON
7597,2025-05-30 11:05:00+05:30,332.45,332.85,332.45,332.5,4973,BIOCON
7598,2025-05-30 11:10:00+05:30,332.5,332.55,332.25,332.45,3756,BIOCON
7599,2025-05-30 11:15:00+05:30,332.5,332.55,332.1,332.45,8667,BIOCON
7600,2025-05-30 11:20:00+05:30,332.5,332.65,332.3,332.65,1740,BIOCON
7601,2025-05-30 11:25:00+05:30,332.5,332.8,332.5,332.7,6097,BIOCON
7602,2025-05-30 11:30:00+05:30,332.7,333.9,332.6,333.8,24181,BIOCON
7603,2025-05-30 11:35:00+05:30,333.8,333.9,333.4,333.85,15927,BIOCON
7604,2025-05-30 11:40:00+05:30,333.6,334.95,333.6,334.7,28997,BIOCON
7605,2025-05-30 11:45:00+05:30,334.65,334.7,334.0,334.05,14443,BIOCON
7606,2025-05-30 11:50:00+05:30,334.3,334.9,334.15,334.5,13872,BIOCON
7607,2025-05-30 11:55:00+05:30,334.5,335.4,334.5,334.75,41115,BIOCON
7608,2025-05-30 12:00:00+05:30,334.75,334.95,333.9,334.1,6623,BIOCON
7609,2025-05-30 12:05:00+05:30,333.9,334.4,333.85,334.35,9822,BIOCON
7610,2025-05-30 12:10:00+05:30,334.2,334.35,333.8,334.0,3258,BIOCON
7611,2025-05-30 12:15:00+05:30,334.0,334.55,333.75,334.45,5048,BIOCON
7612,2025-05-30 12:20:00+05:30,334.3,334.5,334.0,334.0,6058,BIOCON
7613,2025-05-30 12:25:00+05:30,333.85,334.35,333.8,334.25,3221,BIOCON
7614,2025-05-30 12:30:00+05:30,334.25,334.25,333.45,333.8,12838,BIOCON
7615,2025-05-30 12:35:00+05:30,333.9,334.2,333.5,333.65,10205,BIOCON
7616,2025-05-30 12:40:00+05:30,333.6,333.85,333.45,333.45,8543,BIOCON
7617,2025-05-30 12:45:00+05:30,333.45,334.5,333.45,334.0,6764,BIOCON
7618,2025-05-30 12:50:00+05:30,334.0,334.5,334.0,334.2,4826,BIOCON
7619,2025-05-30 12:55:00+05:30,334.3,334.4,334.15,334.15,1490,BIOCON
7620,2025-05-30 13:00:00+05:30,334.15,334.3,334.0,334.0,3111,BIOCON
7621,2025-05-30 13:05:00+05:30,334.0,334.35,333.5,333.9,16683,BIOCON
7622,2025-05-30 13:10:00+05:30,333.9,334.15,333.55,333.6,7635,BIOCON
7623,2025-05-30 13:15:00+05:30,333.6,334.05,333.6,334.05,1967,BIOCON
7624,2025-05-30 13:20:00+05:30,333.9,333.9,333.55,333.55,2566,BIOCON
7625,2025-05-30 13:25:00+05:30,333.5,334.75,333.5,334.55,6604,BIOCON
7626,2025-05-30 13:30:00+05:30,334.75,335.45,334.65,334.7,31041,BIOCON
7627,2025-05-30 13:35:00+05:30,334.8,335.3,334.7,335.05,6679,BIOCON
7628,2025-05-30 13:40:00+05:30,335.0,335.25,334.8,335.0,4192,BIOCON
7629,2025-05-30 13:45:00+05:30,334.8,335.0,334.6,334.75,6819,BIOCON
7630,2025-05-30 13:50:00+05:30,334.6,335.0,334.5,335.0,5969,BIOCON
7631,2025-05-30 13:55:00+05:30,334.95,335.3,334.8,334.8,12434,BIOCON
7632,2025-05-30 14:00:00+05:30,335.05,335.25,334.5,335.1,10408,BIOCON
7633,2025-05-30 14:05:00+05:30,334.9,335.1,334.65,334.8,12756,BIOCON
7634,2025-05-30 14:10:00+05:30,335.0,335.05,334.75,334.95,6749,BIOCON
7635,2025-05-30 14:15:00+05:30,334.7,336.15,334.7,335.95,33029,BIOCON
7636,2025-05-30 14:20:00+05:30,336.0,336.3,335.6,336.25,39153,BIOCON
7637,2025-05-30 14:25:00+05:30,336.25,336.25,334.95,335.2,15208,BIOCON
7638,2025-05-30 14:30:00+05:30,335.2,335.45,335.0,335.2,6962,BIOCON
7639,2025-05-30 14:35:00+05:30,335.2,335.75,334.95,335.6,14551,BIOCON
7640,2025-05-30 14:40:00+05:30,335.75,335.95,335.6,335.85,14763,BIOCON
7641,2025-05-30 14:45:00+05:30,335.85,335.9,335.45,335.65,5782,BIOCON
7642,2025-05-30 14:50:00+05:30,335.9,336.05,335.65,336.0,22535,BIOCON
7643,2025-05-30 14:55:00+05:30,336.05,336.3,336.0,336.25,17192,BIOCON
7644,2025-05-30 15:00:00+05:30,336.25,336.8,335.45,335.45,141836,BIOCON
7645,2025-05-30 15:05:00+05:30,335.6,336.75,335.5,336.45,120853,BIOCON
7646,2025-05-30 15:10:00+05:30,336.45,336.55,335.45,335.55,148020,BIOCON
7647,2025-05-30 15:15:00+05:30,335.55,335.8,335.1,335.6,126325,BIOCON
7648,2025-05-30 15:20:00+05:30,335.6,335.8,335.45,335.65,105778,BIOCON
7649,2025-05-30 15:25:00+05:30,335.65,336.0,334.0,334.45,131098,BIOCON
7650,2025-06-02 09:15:00+05:30,335.85,335.85,332.25,333.75,39699,BIOCON
7651,2025-06-02 09:20:00+05:30,333.55,333.85,332.35,332.8,28354,BIOCON
7652,2025-06-02 09:25:00+05:30,332.5,333.4,332.3,332.95,44895,BIOCON
7653,2025-06-02 09:30:00+05:30,332.95,333.8,332.4,333.6,19399,BIOCON
7654,2025-06-02 09:35:00+05:30,333.7,334.1,333.6,334.1,22372,BIOCON
7655,2025-06-02 09:40:00+05:30,334.15,335.3,334.15,334.9,31165,BIOCON
7656,2025-06-02 09:45:00+05:30,335.1,335.8,335.0,335.4,14739,BIOCON
7657,2025-06-02 09:50:00+05:30,335.25,337.0,334.95,336.55,80795,BIOCON
7658,2025-06-02 09:55:00+05:30,336.75,336.75,335.85,335.85,14181,BIOCON
7659,2025-06-02 10:00:00+05:30,336.0,336.95,335.85,336.75,18910,BIOCON
7660,2025-06-02 10:05:00+05:30,336.75,336.8,336.2,336.7,5558,BIOCON
7661,2025-06-02 10:10:00+05:30,336.7,336.7,335.0,335.35,15404,BIOCON
7662,2025-06-02 10:15:00+05:30,335.2,335.3,334.1,334.4,21427,BIOCON
7663,2025-06-02 10:20:00+05:30,334.4,334.6,333.5,333.75,29208,BIOCON
7664,2025-06-02 10:25:00+05:30,333.5,334.4,333.2,334.15,24872,BIOCON
7665,2025-06-02 10:30:00+05:30,334.15,334.4,333.9,334.15,10322,BIOCON
7666,2025-06-02 10:35:00+05:30,334.2,334.3,333.5,333.75,6372,BIOCON
7667,2025-06-02 10:40:00+05:30,333.75,334.2,333.75,334.2,9170,BIOCON
7668,2025-06-02 10:45:00+05:30,334.05,334.35,333.5,333.55,20177,BIOCON
7669,2025-06-02 10:50:00+05:30,333.5,333.7,333.2,333.2,32044,BIOCON
7670,2025-06-02 10:55:00+05:30,333.2,333.7,333.2,333.3,9116,BIOCON
7671,2025-06-02 11:00:00+05:30,333.3,333.5,333.2,333.45,10188,BIOCON
7672,2025-06-02 11:05:00+05:30,333.25,333.85,333.25,333.8,7846,BIOCON
7673,2025-06-02 11:10:00+05:30,333.55,333.8,333.25,333.45,6614,BIOCON
7674,2025-06-02 11:15:00+05:30,333.4,333.55,332.45,332.8,26383,BIOCON
7675,2025-06-02 11:20:00+05:30,333.0,333.55,332.25,332.7,40138,BIOCON
7676,2025-06-02 11:25:00+05:30,332.55,332.8,332.35,332.45,8107,BIOCON
7677,2025-06-02 11:30:00+05:30,332.45,332.55,332.25,332.5,6810,BIOCON
7678,2025-06-02 11:35:00+05:30,332.5,332.75,332.25,332.6,19184,BIOCON
7679,2025-06-02 11:40:00+05:30,332.6,332.85,332.4,332.4,16198,BIOCON
7680,2025-06-02 11:45:00+05:30,332.4,332.85,332.35,332.65,6484,BIOCON
7681,2025-06-02 11:50:00+05:30,332.6,332.85,332.25,332.5,11520,BIOCON
7682,2025-06-02 11:55:00+05:30,332.4,332.55,331.15,331.3,58783,BIOCON
7683,2025-06-02 12:00:00+05:30,331.3,331.45,330.6,331.1,34829,BIOCON
7684,2025-06-02 12:05:00+05:30,331.1,331.8,331.1,331.5,8817,BIOCON
7685,2025-06-02 12:10:00+05:30,331.65,332.85,331.65,332.4,13547,BIOCON
7686,2025-06-02 12:15:00+05:30,332.6,332.7,332.4,332.6,1207,BIOCON
7687,2025-06-02 12:20:00+05:30,332.55,333.5,332.4,333.0,30781,BIOCON
7688,2025-06-02 12:25:00+05:30,332.85,333.2,332.85,332.85,5475,BIOCON
7689,2025-06-02 12:30:00+05:30,332.95,333.35,332.85,333.25,4817,BIOCON
7690,2025-06-02 12:35:00+05:30,333.25,333.45,333.0,333.45,13406,BIOCON
7691,2025-06-02 12:40:00+05:30,333.25,333.5,333.1,333.2,2403,BIOCON
7692,2025-06-02 12:45:00+05:30,333.3,333.45,333.15,333.4,3756,BIOCON
7693,2025-06-02 12:50:00+05:30,333.4,333.4,333.1,333.4,4282,BIOCON
7694,2025-06-02 12:55:00+05:30,333.4,333.5,333.0,333.15,9556,BIOCON
7695,2025-06-02 13:00:00+05:30,333.2,333.45,333.0,333.45,9664,BIOCON
7696,2025-06-02 13:05:00+05:30,333.4,334.15,333.2,333.9,15702,BIOCON
7697,2025-06-02 13:10:00+05:30,333.8,334.15,333.55,334.0,7848,BIOCON
7698,2025-06-02 13:15:00+05:30,334.0,334.2,333.75,334.2,7038,BIOCON
7699,2025-06-02 13:20:00+05:30,334.2,334.2,334.0,334.15,2712,BIOCON
7700,2025-06-02 13:25:00+05:30,334.15,334.25,334.0,334.1,6974,BIOCON
7701,2025-06-02 13:30:00+05:30,334.2,334.45,334.1,334.2,10365,BIOCON
7702,2025-06-02 13:35:00+05:30,334.2,334.5,333.9,334.5,16040,BIOCON
7703,2025-06-02 13:40:00+05:30,334.4,334.5,334.25,334.5,6563,BIOCON
7704,2025-06-02 13:45:00+05:30,334.5,334.6,333.95,334.2,8870,BIOCON
7705,2025-06-02 13:50:00+05:30,334.15,334.3,334.0,334.25,2284,BIOCON
7706,2025-06-02 13:55:00+05:30,334.25,334.25,333.65,333.8,5112,BIOCON
7707,2025-06-02 14:00:00+05:30,333.65,333.95,333.6,333.9,3782,BIOCON
7708,2025-06-02 14:05:00+05:30,333.9,333.95,333.4,333.7,6791,BIOCON
7709,2025-06-02 14:10:00+05:30,333.75,333.95,333.45,333.9,2694,BIOCON
7710,2025-06-02 14:15:00+05:30,333.7,333.8,333.5,333.7,5348,BIOCON
7711,2025-06-02 14:20:00+05:30,333.45,333.9,333.2,333.45,2950,BIOCON
7712,2025-06-02 14:25:00+05:30,333.3,333.95,333.2,333.75,8274,BIOCON
7713,2025-06-02 14:30:00+05:30,333.8,333.9,333.1,333.3,11021,BIOCON
7714,2025-06-02 14:35:00+05:30,333.3,333.55,332.9,333.3,16432,BIOCON
7715,2025-06-02 14:40:00+05:30,333.3,333.55,333.05,333.4,1759,BIOCON
7716,2025-06-02 14:45:00+05:30,333.4,333.7,333.2,333.7,15082,BIOCON
7717,2025-06-02 14:50:00+05:30,333.7,334.0,333.55,333.6,12393,BIOCON
7718,2025-06-02 14:55:00+05:30,333.85,333.95,333.5,333.9,8093,BIOCON
7719,2025-06-02 15:00:00+05:30,333.9,334.4,333.9,334.3,25284,BIOCON
7720,2025-06-02 15:05:00+05:30,334.3,334.3,333.85,334.1,8667,BIOCON
7721,2025-06-02 15:10:00+05:30,334.2,334.55,334.1,334.3,20240,BIOCON
7722,2025-06-02 15:15:00+05:30,334.3,334.35,334.1,334.25,17570,BIOCON
7723,2025-06-02 15:20:00+05:30,334.2,334.25,333.65,333.85,26157,BIOCON
7724,2025-06-02 15:25:00+05:30,333.7,334.0,333.3,333.45,33717,BIOCON
7725,2025-06-03 09:15:00+05:30,340.0,340.0,334.45,336.45,575258,BIOCON
7726,2025-06-03 09:20:00+05:30,336.15,337.9,336.15,336.6,172885,BIOCON
7727,2025-06-03 09:25:00+05:30,336.9,337.05,335.2,336.15,90658,BIOCON
7728,2025-06-03 09:30:00+05:30,336.05,336.55,335.65,336.4,62202,BIOCON
7729,2025-06-03 09:35:00+05:30,336.25,336.9,335.9,336.05,64865,BIOCON
7730,2025-06-03 09:40:00+05:30,336.1,336.45,335.55,335.75,59422,BIOCON
7731,2025-06-03 09:45:00+05:30,335.75,335.85,335.05,335.8,62818,BIOCON
7732,2025-06-03 09:50:00+05:30,335.8,337.5,335.65,336.4,91323,BIOCON
7733,2025-06-03 09:55:00+05:30,336.25,336.7,336.05,336.15,18448,BIOCON
7734,2025-06-03 10:00:00+05:30,336.3,336.5,335.75,336.5,18375,BIOCON
7735,2025-06-03 10:05:00+05:30,336.45,336.5,335.4,336.3,33625,BIOCON
7736,2025-06-03 10:10:00+05:30,336.35,337.0,335.6,336.35,37306,BIOCON
7737,2025-06-03 10:15:00+05:30,336.55,336.55,335.8,336.2,24888,BIOCON
7738,2025-06-03 10:20:00+05:30,336.2,336.5,335.35,335.6,40252,BIOCON
7739,2025-06-03 10:25:00+05:30,335.55,335.9,335.15,335.4,36462,BIOCON
7740,2025-06-03 10:30:00+05:30,335.2,335.7,335.0,335.65,27699,BIOCON
7741,2025-06-03 10:35:00+05:30,335.65,335.65,335.0,335.4,13150,BIOCON
7742,2025-06-03 10:40:00+05:30,335.45,335.85,335.05,335.8,12844,BIOCON
7743,2025-06-03 10:45:00+05:30,335.8,336.0,335.6,335.95,9118,BIOCON
7744,2025-06-03 10:50:00+05:30,335.95,336.0,335.65,336.0,18329,BIOCON
7745,2025-06-03 10:55:00+05:30,336.0,336.65,335.6,336.65,41484,BIOCON
7746,2025-06-03 11:00:00+05:30,336.7,337.0,336.3,336.3,35865,BIOCON
7747,2025-06-03 11:05:00+05:30,336.3,336.45,335.75,335.85,16424,BIOCON
7748,2025-06-03 11:10:00+05:30,335.8,335.9,335.4,335.45,25862,BIOCON
7749,2025-06-03 11:15:00+05:30,335.4,335.7,335.0,335.55,24246,BIOCON
7750,2025-06-03 11:20:00+05:30,335.55,335.7,335.25,335.35,7985,BIOCON
7751,2025-06-03 11:25:00+05:30,335.35,336.8,335.25,336.45,39418,BIOCON
7752,2025-06-03 11:30:00+05:30,336.6,338.35,336.25,338.15,121079,BIOCON
7753,2025-06-03 11:35:00+05:30,338.15,338.5,337.2,337.5,79075,BIOCON
7754,2025-06-03 11:40:00+05:30,337.5,337.8,337.05,337.6,39140,BIOCON
7755,2025-06-03 11:45:00+05:30,337.6,338.0,337.35,338.0,24353,BIOCON
7756,2025-06-03 11:50:00+05:30,337.9,338.0,337.45,337.7,18641,BIOCON
7757,2025-06-03 11:55:00+05:30,337.7,338.2,337.55,337.7,33159,BIOCON
7758,2025-06-03 12:00:00+05:30,337.85,337.9,337.3,337.75,22269,BIOCON
7759,2025-06-03 12:05:00+05:30,337.75,338.25,337.05,337.5,44015,BIOCON
7760,2025-06-03 12:10:00+05:30,337.5,338.8,337.4,338.7,68811,BIOCON
7761,2025-06-03 12:15:00+05:30,338.65,338.65,337.35,337.8,42551,BIOCON
7762,2025-06-03 12:20:00+05:30,337.85,337.9,336.9,337.1,34272,BIOCON
7763,2025-06-03 12:25:00+05:30,337.1,337.5,336.85,337.4,32001,BIOCON
7764,2025-06-03 12:30:00+05:30,337.4,337.5,337.15,337.2,5992,BIOCON
7765,2025-06-03 12:35:00+05:30,337.2,337.85,337.05,337.85,8130,BIOCON
7766,2025-06-03 12:40:00+05:30,337.85,338.5,337.65,338.45,26399,BIOCON
7767,2025-06-03 12:45:00+05:30,338.45,338.9,338.2,338.5,50390,BIOCON
7768,2025-06-03 12:50:00+05:30,338.55,338.55,337.5,338.0,31634,BIOCON
7769,2025-06-03 12:55:00+05:30,338.0,338.3,337.1,337.4,31763,BIOCON
7770,2025-06-03 13:00:00+05:30,337.4,337.5,336.6,337.0,42165,BIOCON
7771,2025-06-03 13:05:00+05:30,337.25,337.6,336.5,337.3,21385,BIOCON
7772,2025-06-03 13:10:00+05:30,337.3,337.4,336.7,337.15,7045,BIOCON
7773,2025-06-03 13:15:00+05:30,337.15,337.15,336.5,336.7,7408,BIOCON
7774,2025-06-03 13:20:00+05:30,336.55,337.0,336.5,336.75,8154,BIOCON
7775,2025-06-03 13:25:00+05:30,336.7,337.0,336.5,337.0,8603,BIOCON
7776,2025-06-03 13:30:00+05:30,337.0,337.45,336.9,337.3,8443,BIOCON
7777,2025-06-03 13:35:00+05:30,337.2,337.25,336.8,337.15,6801,BIOCON
7778,2025-06-03 13:40:00+05:30,337.15,337.2,336.7,337.0,13455,BIOCON
7779,2025-06-03 13:45:00+05:30,337.0,337.0,336.5,336.65,5106,BIOCON
7780,2025-06-03 13:50:00+05:30,336.65,336.75,336.5,336.65,5744,BIOCON
7781,2025-06-03 13:55:00+05:30,336.65,336.65,336.2,336.5,17701,BIOCON
7782,2025-06-03 14:00:00+05:30,336.45,336.65,336.3,336.5,8900,BIOCON
7783,2025-06-03 14:05:00+05:30,336.5,336.95,336.35,336.85,10437,BIOCON
7784,2025-06-03 14:10:00+05:30,336.85,337.0,336.45,336.85,10564,BIOCON
7785,2025-06-03 14:15:00+05:30,336.85,337.25,336.55,337.1,12273,BIOCON
7786,2025-06-03 14:20:00+05:30,337.0,337.2,336.7,336.85,6268,BIOCON
7787,2025-06-03 14:25:00+05:30,336.85,337.0,336.6,336.85,11456,BIOCON
7788,2025-06-03 14:30:00+05:30,336.85,337.0,336.65,337.0,4289,BIOCON
7789,2025-06-03 14:35:00+05:30,336.95,337.05,336.75,336.95,7042,BIOCON
7790,2025-06-03 14:40:00+05:30,336.95,336.95,336.55,336.95,13949,BIOCON
7791,2025-06-03 14:45:00+05:30,336.75,337.8,336.75,337.5,62347,BIOCON
7792,2025-06-03 14:50:00+05:30,337.65,337.95,337.45,337.6,27879,BIOCON
7793,2025-06-03 14:55:00+05:30,337.6,337.85,337.1,337.3,32835,BIOCON
7794,2025-06-03 15:00:00+05:30,337.25,337.9,336.6,337.2,60554,BIOCON
7795,2025-06-03 15:05:00+05:30,337.2,337.7,336.85,337.7,37428,BIOCON
7796,2025-06-03 15:10:00+05:30,337.7,337.95,337.5,337.6,41550,BIOCON
7797,2025-06-03 15:15:00+05:30,337.6,337.95,336.7,337.1,99551,BIOCON
7798,2025-06-03 15:20:00+05:30,337.1,337.15,336.7,336.95,69972,BIOCON
7799,2025-06-03 15:25:00+05:30,336.85,337.05,336.4,336.85,66850,BIOCON
7800,2025-06-04 09:15:00+05:30,338.5,338.5,335.65,336.55,89065,BIOCON
7801,2025-06-04 09:20:00+05:30,336.5,337.35,336.25,336.75,29283,BIOCON
7802,2025-06-04 09:25:00+05:30,336.95,337.3,335.55,335.75,36884,BIOCON
7803,2025-06-04 09:30:00+05:30,335.75,336.1,334.25,334.75,54843,BIOCON
7804,2025-06-04 09:35:00+05:30,334.75,335.0,333.35,334.3,63399,BIOCON
7805,2025-06-04 09:40:00+05:30,334.1,334.45,333.55,333.6,20919,BIOCON
7806,2025-06-04 09:45:00+05:30,333.6,334.35,333.4,333.55,34123,BIOCON
7807,2025-06-04 09:50:00+05:30,333.55,333.75,333.1,333.35,21196,BIOCON
7808,2025-06-04 09:55:00+05:30,333.4,334.3,333.35,334.3,15224,BIOCON
7809,2025-06-04 10:00:00+05:30,334.3,334.7,334.05,334.2,11573,BIOCON
7810,2025-06-04 10:05:00+05:30,334.2,335.25,334.1,334.6,8811,BIOCON
7811,2025-06-04 10:10:00+05:30,334.55,334.85,334.35,334.55,7093,BIOCON
7812,2025-06-04 10:15:00+05:30,334.5,334.5,333.5,334.2,18928,BIOCON
7813,2025-06-04 10:20:00+05:30,334.4,334.9,334.25,334.9,2271,BIOCON
7814,2025-06-04 10:25:00+05:30,334.9,334.95,334.6,334.6,4792,BIOCON
7815,2025-06-04 10:30:00+05:30,334.7,335.4,334.7,335.35,11798,BIOCON
7816,2025-06-04 10:35:00+05:30,335.4,335.65,335.1,335.6,12918,BIOCON
7817,2025-06-04 10:40:00+05:30,335.65,336.25,335.65,335.75,10558,BIOCON
7818,2025-06-04 10:45:00+05:30,335.9,336.15,335.75,335.8,17168,BIOCON
7819,2025-06-04 10:50:00+05:30,335.8,336.05,335.8,335.85,5364,BIOCON
7820,2025-06-04 10:55:00+05:30,335.85,336.05,335.55,336.05,7457,BIOCON
7821,2025-06-04 11:00:00+05:30,336.05,336.05,335.35,335.4,9382,BIOCON
7822,2025-06-04 11:05:00+05:30,335.4,336.0,335.4,336.0,3543,BIOCON
7823,2025-06-04 11:10:00+05:30,335.95,336.0,335.5,335.65,5109,BIOCON
7824,2025-06-04 11:15:00+05:30,335.6,335.85,334.9,335.5,23292,BIOCON
7825,2025-06-04 11:20:00+05:30,335.3,335.55,335.05,335.3,3168,BIOCON
7826,2025-06-04 11:25:00+05:30,335.3,335.6,335.2,335.35,1597,BIOCON
7827,2025-06-04 11:30:00+05:30,335.2,335.35,335.05,335.05,4270,BIOCON
7828,2025-06-04 11:35:00+05:30,335.1,335.3,335.1,335.25,1766,BIOCON
7829,2025-06-04 11:40:00+05:30,335.3,335.35,335.05,335.15,3435,BIOCON
7830,2025-06-04 11:45:00+05:30,335.15,335.3,335.0,335.0,2067,BIOCON
7831,2025-06-04 11:50:00+05:30,335.15,335.2,334.6,335.2,10470,BIOCON
7832,2025-06-04 11:55:00+05:30,335.35,335.35,335.05,335.15,585,BIOCON
7833,2025-06-04 12:00:00+05:30,335.25,335.25,335.0,335.0,2451,BIOCON
7834,2025-06-04 12:05:00+05:30,335.2,335.35,335.05,335.05,1355,BIOCON
7835,2025-06-04 12:10:00+05:30,335.15,335.7,335.15,335.25,8893,BIOCON
7836,2025-06-04 12:15:00+05:30,335.45,335.5,335.0,335.0,2661,BIOCON
7837,2025-06-04 12:20:00+05:30,335.1,335.45,335.1,335.45,1707,BIOCON
7838,2025-06-04 12:25:00+05:30,335.35,335.35,334.7,334.7,1819,BIOCON
7839,2025-06-04 12:30:00+05:30,334.75,334.85,334.15,334.5,13707,BIOCON
7840,2025-06-04 12:35:00+05:30,334.75,335.05,334.25,334.7,3013,BIOCON
7841,2025-06-04 12:40:00+05:30,334.65,335.05,334.55,335.05,1706,BIOCON
7842,2025-06-04 12:45:00+05:30,335.0,335.0,334.6,334.65,5099,BIOCON
7843,2025-06-04 12:50:00+05:30,334.8,334.8,334.45,334.5,3143,BIOCON
7844,2025-06-04 12:55:00+05:30,334.5,334.65,334.3,334.35,3928,BIOCON
7845,2025-06-04 13:00:00+05:30,334.35,334.7,334.35,334.45,4682,BIOCON
7846,2025-06-04 13:05:00+05:30,334.7,334.9,334.45,334.9,2890,BIOCON
7847,2025-06-04 13:10:00+05:30,334.7,334.95,334.65,334.65,979,BIOCON
7848,2025-06-04 13:15:00+05:30,334.7,334.95,334.65,334.65,4411,BIOCON
7849,2025-06-04 13:20:00+05:30,334.65,334.85,334.5,334.75,2295,BIOCON
7850,2025-06-04 13:25:00+05:30,334.75,335.0,334.75,335.0,1875,BIOCON
7851,2025-06-04 13:30:00+05:30,334.95,335.3,334.85,334.9,4915,BIOCON
7852,2025-06-04 13:35:00+05:30,335.25,335.25,334.95,335.1,4989,BIOCON
7853,2025-06-04 13:40:00+05:30,335.1,335.35,334.95,335.15,8029,BIOCON
7854,2025-06-04 13:45:00+05:30,335.25,335.4,335.15,335.2,5968,BIOCON
7855,2025-06-04 13:50:00+05:30,335.35,335.4,335.0,335.2,2522,BIOCON
7856,2025-06-04 13:55:00+05:30,335.3,335.55,335.15,335.55,3874,BIOCON
7857,2025-06-04 14:00:00+05:30,335.6,335.75,335.35,335.75,4105,BIOCON
7858,2025-06-04 14:05:00+05:30,335.75,335.8,335.3,335.7,4260,BIOCON
7859,2025-06-04 14:10:00+05:30,335.75,335.8,335.45,335.5,6258,BIOCON
7860,2025-06-04 14:15:00+05:30,335.5,335.7,335.5,335.7,4611,BIOCON
7861,2025-06-04 14:20:00+05:30,335.7,335.7,335.55,335.6,4701,BIOCON
7862,2025-06-04 14:25:00+05:30,335.7,335.7,335.3,335.4,2736,BIOCON
7863,2025-06-04 14:30:00+05:30,335.4,335.55,335.3,335.55,4308,BIOCON
7864,2025-06-04 14:35:00+05:30,335.5,335.6,335.35,335.55,3654,BIOCON
7865,2025-06-04 14:40:00+05:30,335.55,336.0,335.35,335.95,23462,BIOCON
7866,2025-06-04 14:45:00+05:30,335.95,335.95,335.6,335.6,3994,BIOCON
7867,2025-06-04 14:50:00+05:30,335.65,335.75,335.35,335.75,3010,BIOCON
7868,2025-06-04 14:55:00+05:30,335.65,335.75,335.4,335.7,9752,BIOCON
7869,2025-06-04 15:00:00+05:30,335.7,336.35,335.65,336.35,16413,BIOCON
7870,2025-06-04 15:05:00+05:30,336.25,336.5,335.75,336.25,41337,BIOCON
7871,2025-06-04 15:10:00+05:30,336.25,336.6,336.0,336.45,30589,BIOCON
7872,2025-06-04 15:15:00+05:30,336.4,336.75,336.35,336.7,28143,BIOCON
7873,2025-06-04 15:20:00+05:30,336.7,337.0,336.3,336.4,37174,BIOCON
7874,2025-06-04 15:25:00+05:30,336.4,336.85,336.25,336.7,23811,BIOCON
7875,2025-06-05 09:15:00+05:30,335.1,337.3,332.75,335.9,368176,BIOCON
7876,2025-06-05 09:20:00+05:30,335.95,338.5,335.9,338.0,128453,BIOCON
7877,2025-06-05 09:25:00+05:30,338.0,338.0,333.5,334.0,110228,BIOCON
7878,2025-06-05 09:30:00+05:30,334.1,334.25,331.7,333.3,167229,BIOCON
7879,2025-06-05 09:35:00+05:30,333.25,334.0,333.05,333.55,43132,BIOCON
7880,2025-06-05 09:40:00+05:30,333.6,333.6,332.6,333.3,48050,BIOCON
7881,2025-06-05 09:45:00+05:30,333.1,333.9,332.85,333.6,21571,BIOCON
7882,2025-06-05 09:50:00+05:30,333.65,333.9,333.3,333.45,25065,BIOCON
7883,2025-06-05 09:55:00+05:30,333.45,333.75,333.3,333.7,9089,BIOCON
7884,2025-06-05 10:00:00+05:30,333.7,334.2,333.35,333.95,20963,BIOCON
7885,2025-06-05 10:05:00+05:30,333.75,334.0,333.75,333.75,10560,BIOCON
7886,2025-06-05 10:10:00+05:30,333.75,334.65,333.65,334.4,24688,BIOCON
7887,2025-06-05 10:15:00+05:30,334.25,334.6,333.5,333.75,16884,BIOCON
7888,2025-06-05 10:20:00+05:30,333.7,334.3,333.55,334.15,5549,BIOCON
7889,2025-06-05 10:25:00+05:30,334.15,334.5,333.85,333.95,16341,BIOCON
7890,2025-06-05 10:30:00+05:30,333.95,334.5,333.8,333.9,9223,BIOCON
7891,2025-06-05 10:35:00+05:30,334.0,334.5,333.4,334.5,17019,BIOCON
7892,2025-06-05 10:40:00+05:30,334.45,334.5,334.0,334.0,7079,BIOCON
7893,2025-06-05 10:45:00+05:30,334.3,335.0,334.1,334.9,25610,BIOCON
7894,2025-06-05 10:50:00+05:30,334.65,334.75,333.45,333.7,12873,BIOCON
7895,2025-06-05 10:55:00+05:30,333.7,334.2,331.75,332.0,304585,BIOCON
7896,2025-06-05 11:00:00+05:30,332.0,332.7,331.5,331.75,201488,BIOCON
7897,2025-06-05 11:05:00+05:30,331.8,331.85,331.1,331.35,40272,BIOCON
7898,2025-06-05 11:10:00+05:30,331.45,332.0,331.45,331.9,22118,BIOCON
7899,2025-06-05 11:15:00+05:30,331.9,332.0,331.85,332.0,17912,BIOCON
7900,2025-06-05 11:20:00+05:30,332.0,332.0,331.7,331.8,27414,BIOCON
7901,2025-06-05 11:25:00+05:30,331.75,332.1,330.85,331.7,286773,BIOCON
7902,2025-06-05 11:30:00+05:30,331.7,331.8,331.25,331.35,44945,BIOCON
7903,2025-06-05 11:35:00+05:30,331.35,331.65,331.1,331.2,39858,BIOCON
7904,2025-06-05 11:40:00+05:30,331.2,331.65,331.1,331.45,59926,BIOCON
7905,2025-06-05 11:45:00+05:30,331.45,331.5,331.1,331.2,30042,BIOCON
7906,2025-06-05 11:50:00+05:30,331.2,331.55,331.0,331.55,34931,BIOCON
7907,2025-06-05 11:55:00+05:30,331.55,331.55,331.25,331.4,14031,BIOCON
7908,2025-06-05 12:00:00+05:30,331.4,331.5,330.8,331.35,48468,BIOCON
7909,2025-06-05 12:05:00+05:30,331.35,331.45,331.1,331.3,26172,BIOCON
7910,2025-06-05 12:10:00+05:30,331.3,331.45,331.15,331.15,16734,BIOCON
7911,2025-06-05 12:15:00+05:30,331.3,331.5,331.15,331.45,16541,BIOCON
7912,2025-06-05 12:20:00+05:30,331.45,331.5,331.35,331.45,8500,BIOCON
7913,2025-06-05 12:25:00+05:30,331.45,331.8,331.35,331.8,20132,BIOCON
7914,2025-06-05 12:30:00+05:30,331.8,331.9,331.65,331.75,11257,BIOCON
7915,2025-06-05 12:35:00+05:30,331.8,332.25,331.75,332.0,38425,BIOCON
7916,2025-06-05 12:40:00+05:30,332.0,332.15,331.9,331.95,23785,BIOCON
7917,2025-06-05 12:45:00+05:30,332.0,332.3,331.95,332.1,24056,BIOCON
7918,2025-06-05 12:50:00+05:30,332.05,332.1,331.75,331.85,7736,BIOCON
7919,2025-06-05 12:55:00+05:30,331.8,331.85,331.45,331.55,22310,BIOCON
7920,2025-06-05 13:00:00+05:30,331.55,331.65,331.5,331.65,26556,BIOCON
7921,2025-06-05 13:05:00+05:30,331.6,332.0,331.55,331.7,22415,BIOCON
7922,2025-06-05 13:10:00+05:30,331.7,331.75,331.55,331.6,10037,BIOCON
7923,2025-06-05 13:15:00+05:30,331.6,332.65,331.55,332.1,46808,BIOCON
7924,2025-06-05 13:20:00+05:30,332.1,332.4,332.0,332.4,30015,BIOCON
7925,2025-06-05 13:25:00+05:30,332.35,332.6,332.25,332.5,31288,BIOCON
7926,2025-06-05 13:30:00+05:30,332.5,332.55,331.8,331.9,69640,BIOCON
7927,2025-06-05 13:35:00+05:30,331.9,331.9,331.55,331.65,26051,BIOCON
7928,2025-06-05 13:40:00+05:30,331.6,332.2,330.85,331.05,62520,BIOCON
7929,2025-06-05 13:45:00+05:30,330.9,331.25,330.85,331.25,15127,BIOCON
7930,2025-06-05 13:50:00+05:30,331.5,331.5,330.9,330.95,24299,BIOCON
7931,2025-06-05 13:55:00+05:30,330.9,331.0,330.55,330.65,38787,BIOCON
7932,2025-06-05 14:00:00+05:30,330.7,330.9,330.15,330.7,64250,BIOCON
7933,2025-06-05 14:05:00+05:30,330.7,331.05,330.7,330.9,12730,BIOCON
7934,2025-06-05 14:10:00+05:30,330.9,330.95,330.5,330.7,31095,BIOCON
7935,2025-06-05 14:15:00+05:30,330.7,330.7,330.45,330.7,13054,BIOCON
7936,2025-06-05 14:20:00+05:30,330.65,330.65,329.5,330.0,75016,BIOCON
7937,2025-06-05 14:25:00+05:30,329.95,330.7,329.75,330.4,24739,BIOCON
7938,2025-06-05 14:30:00+05:30,330.35,330.5,329.85,330.4,13098,BIOCON
7939,2025-06-05 14:35:00+05:30,330.4,330.65,330.1,330.5,17388,BIOCON
7940,2025-06-05 14:40:00+05:30,330.5,330.5,330.2,330.4,12578,BIOCON
7941,2025-06-05 14:45:00+05:30,330.35,330.5,329.9,330.0,40235,BIOCON
7942,2025-06-05 14:50:00+05:30,330.0,330.0,329.75,329.95,20636,BIOCON
7943,2025-06-05 14:55:00+05:30,329.95,330.9,329.9,330.7,185459,BIOCON
7944,2025-06-05 15:00:00+05:30,330.7,330.95,330.3,330.75,39250,BIOCON
7945,2025-06-05 15:05:00+05:30,330.75,330.9,330.4,330.65,37817,BIOCON
7946,2025-06-05 15:10:00+05:30,330.65,330.75,330.1,330.3,75413,BIOCON
7947,2025-06-05 15:15:00+05:30,330.2,331.0,330.05,330.85,196134,BIOCON
7948,2025-06-05 15:20:00+05:30,330.85,331.0,330.55,330.8,55096,BIOCON
7949,2025-06-05 15:25:00+05:30,330.75,330.9,330.5,330.6,92701,BIOCON
7950,2025-06-06 09:15:00+05:30,331.95,332.2,330.65,331.6,89872,BIOCON
7951,2025-06-06 09:20:00+05:30,331.55,331.7,330.55,331.0,51263,BIOCON
7952,2025-06-06 09:25:00+05:30,331.0,331.15,328.55,328.85,89850,BIOCON
7953,2025-06-06 09:30:00+05:30,328.85,329.6,328.3,329.05,32626,BIOCON
7954,2025-06-06 09:35:00+05:30,329.1,329.25,328.3,328.9,24656,BIOCON
7955,2025-06-06 09:40:00+05:30,328.8,328.95,328.1,328.35,33641,BIOCON
7956,2025-06-06 09:45:00+05:30,328.4,328.95,328.35,328.75,13993,BIOCON
7957,2025-06-06 09:50:00+05:30,328.75,328.95,328.4,328.4,12011,BIOCON
7958,2025-06-06 09:55:00+05:30,328.55,328.85,328.35,328.8,9101,BIOCON
7959,2025-06-06 10:00:00+05:30,328.8,328.8,327.6,328.0,54182,BIOCON
7960,2025-06-06 10:05:00+05:30,328.0,329.4,327.75,329.0,41478,BIOCON
7961,2025-06-06 10:10:00+05:30,329.2,329.2,328.35,328.65,13636,BIOCON
7962,2025-06-06 10:15:00+05:30,328.5,328.75,328.35,328.55,7188,BIOCON
7963,2025-06-06 10:20:00+05:30,328.7,329.5,328.7,329.4,18564,BIOCON
7964,2025-06-06 10:25:00+05:30,329.25,329.6,329.0,329.1,33835,BIOCON
7965,2025-06-06 10:30:00+05:30,329.1,329.4,329.05,329.35,6393,BIOCON
7966,2025-06-06 10:35:00+05:30,329.25,329.55,329.1,329.35,14260,BIOCON
7967,2025-06-06 10:40:00+05:30,329.5,329.85,329.35,329.35,9582,BIOCON
7968,2025-06-06 10:45:00+05:30,329.35,329.55,329.25,329.3,11940,BIOCON
7969,2025-06-06 10:50:00+05:30,329.3,329.4,329.0,329.2,17655,BIOCON
7970,2025-06-06 10:55:00+05:30,329.1,329.3,329.0,329.25,13011,BIOCON
7971,2025-06-06 11:00:00+05:30,329.25,329.6,329.2,329.45,11021,BIOCON
7972,2025-06-06 11:05:00+05:30,329.45,329.7,329.25,329.6,21638,BIOCON
7973,2025-06-06 11:10:00+05:30,329.55,329.65,329.25,329.5,9889,BIOCON
7974,2025-06-06 11:15:00+05:30,329.5,330.35,329.25,329.6,32199,BIOCON
7975,2025-06-06 11:20:00+05:30,329.4,329.65,329.2,329.5,13297,BIOCON
7976,2025-06-06 11:25:00+05:30,329.5,329.6,329.2,329.45,7773,BIOCON
7977,2025-06-06 11:30:00+05:30,329.45,329.65,329.3,329.5,11698,BIOCON
7978,2025-06-06 11:35:00+05:30,329.5,329.65,329.4,329.55,2271,BIOCON
7979,2025-06-06 11:40:00+05:30,329.55,329.95,329.55,329.7,5983,BIOCON
7980,2025-06-06 11:45:00+05:30,329.7,329.95,329.65,329.7,4820,BIOCON
7981,2025-06-06 11:50:00+05:30,329.8,330.55,329.8,330.15,18410,BIOCON
7982,2025-06-06 11:55:00+05:30,330.0,330.35,330.0,330.15,4521,BIOCON
7983,2025-06-06 12:00:00+05:30,330.15,330.2,329.7,329.8,9867,BIOCON
7984,2025-06-06 12:05:00+05:30,329.8,330.0,329.7,329.85,6445,BIOCON
7985,2025-06-06 12:10:00+05:30,329.85,329.85,329.3,329.45,8125,BIOCON
7986,2025-06-06 12:15:00+05:30,329.35,329.45,329.2,329.35,2180,BIOCON
7987,2025-06-06 12:20:00+05:30,329.35,329.35,329.15,329.2,4443,BIOCON
7988,2025-06-06 12:25:00+05:30,329.2,329.5,329.1,329.3,12003,BIOCON
7989,2025-06-06 12:30:00+05:30,329.3,329.8,329.25,329.7,8386,BIOCON
7990,2025-06-06 12:35:00+05:30,329.55,329.8,329.4,329.6,1870,BIOCON
7991,2025-06-06 12:40:00+05:30,329.6,329.95,329.55,329.75,3208,BIOCON
7992,2025-06-06 12:45:00+05:30,329.95,330.1,329.7,330.0,8130,BIOCON
7993,2025-06-06 12:50:00+05:30,330.0,330.1,329.85,330.0,10626,BIOCON
7994,2025-06-06 12:55:00+05:30,330.0,330.0,329.85,329.85,12025,BIOCON
7995,2025-06-06 13:00:00+05:30,329.95,330.6,329.85,330.6,18274,BIOCON
7996,2025-06-06 13:05:00+05:30,330.5,331.3,330.5,330.65,19894,BIOCON
7997,2025-06-06 13:10:00+05:30,330.65,331.2,330.6,331.1,13015,BIOCON
7998,2025-06-06 13:15:00+05:30,331.15,331.15,330.75,330.8,11462,BIOCON
7999,2025-06-06 13:20:00+05:30,330.75,330.95,330.7,330.95,7053,BIOCON
8000,2025-06-06 13:25:00+05:30,330.95,331.0,330.6,330.8,4883,BIOCON
8001,2025-06-06 13:30:00+05:30,330.65,330.85,330.25,330.25,13836,BIOCON
8002,2025-06-06 13:35:00+05:30,330.45,330.45,329.3,330.0,24728,BIOCON
8003,2025-06-06 13:40:00+05:30,329.9,330.2,329.8,329.95,2545,BIOCON
8004,2025-06-06 13:45:00+05:30,329.8,330.35,329.8,329.95,6067,BIOCON
8005,2025-06-06 13:50:00+05:30,329.85,330.15,329.6,329.8,5628,BIOCON
8006,2025-06-06 13:55:00+05:30,329.75,330.15,329.6,330.15,6860,BIOCON
8007,2025-06-06 14:00:00+05:30,330.1,330.3,330.0,330.3,3289,BIOCON
8008,2025-06-06 14:05:00+05:30,330.25,330.65,330.2,330.65,4218,BIOCON
8009,2025-06-06 14:10:00+05:30,330.6,330.8,330.2,330.35,16072,BIOCON
8010,2025-06-06 14:15:00+05:30,330.35,330.7,330.35,330.65,3689,BIOCON
8011,2025-06-06 14:20:00+05:30,330.7,330.7,330.3,330.5,3868,BIOCON
8012,2025-06-06 14:25:00+05:30,330.45,330.6,330.3,330.5,3620,BIOCON
8013,2025-06-06 14:30:00+05:30,330.5,330.65,330.35,330.45,11936,BIOCON
8014,2025-06-06 14:35:00+05:30,330.45,330.7,330.3,330.65,9823,BIOCON
8015,2025-06-06 14:40:00+05:30,330.7,330.7,330.35,330.45,1693,BIOCON
8016,2025-06-06 14:45:00+05:30,330.4,330.45,330.05,330.25,4851,BIOCON
8017,2025-06-06 14:50:00+05:30,330.3,330.7,330.1,330.3,16417,BIOCON
8018,2025-06-06 14:55:00+05:30,330.4,330.5,330.1,330.2,4866,BIOCON
8019,2025-06-06 15:00:00+05:30,330.3,330.45,330.1,330.2,11770,BIOCON
8020,2025-06-06 15:05:00+05:30,330.1,330.5,329.6,330.5,69015,BIOCON
8021,2025-06-06 15:10:00+05:30,330.3,330.5,330.1,330.15,23378,BIOCON
8022,2025-06-06 15:15:00+05:30,330.15,330.55,330.05,330.15,41553,BIOCON
8023,2025-06-06 15:20:00+05:30,330.15,330.15,329.75,329.8,27240,BIOCON
8024,2025-06-06 15:25:00+05:30,329.85,330.4,329.5,329.7,26752,BIOCON
8025,2025-06-09 09:15:00+05:30,332.9,333.5,330.9,332.65,103188,BIOCON
8026,2025-06-09 09:20:00+05:30,332.65,334.25,332.65,333.2,51070,BIOCON
8027,2025-06-09 09:25:00+05:30,333.15,333.8,332.9,333.35,27710,BIOCON
8028,2025-06-09 09:30:00+05:30,333.25,333.8,333.1,333.15,24807,BIOCON
8029,2025-06-09 09:35:00+05:30,333.2,333.75,333.1,333.35,12139,BIOCON
8030,2025-06-09 09:40:00+05:30,333.35,333.5,332.65,333.45,15672,BIOCON
8031,2025-06-09 09:45:00+05:30,333.45,333.55,332.5,333.0,15477,BIOCON
8032,2025-06-09 09:50:00+05:30,332.75,333.0,332.35,332.75,16895,BIOCON
8033,2025-06-09 09:55:00+05:30,332.75,333.15,332.7,333.0,8887,BIOCON
8034,2025-06-09 10:00:00+05:30,333.05,333.9,332.9,333.3,24165,BIOCON
8035,2025-06-09 10:05:00+05:30,333.35,333.9,333.2,333.25,29255,BIOCON
8036,2025-06-09 10:10:00+05:30,333.25,333.4,332.7,332.75,40729,BIOCON
8037,2025-06-09 10:15:00+05:30,332.7,332.95,332.5,332.65,7441,BIOCON
8038,2025-06-09 10:20:00+05:30,332.5,333.05,332.35,332.8,13554,BIOCON
8039,2025-06-09 10:25:00+05:30,332.9,334.55,332.85,334.55,37534,BIOCON
8040,2025-06-09 10:30:00+05:30,334.6,335.3,334.35,334.65,71115,BIOCON
8041,2025-06-09 10:35:00+05:30,334.6,334.7,334.25,334.4,12570,BIOCON
8042,2025-06-09 10:40:00+05:30,334.5,334.5,333.75,333.8,15393,BIOCON
8043,2025-06-09 10:45:00+05:30,333.85,334.0,333.6,333.6,13123,BIOCON
8044,2025-06-09 10:50:00+05:30,333.75,334.35,333.6,334.0,13067,BIOCON
8045,2025-06-09 10:55:00+05:30,334.15,334.6,334.0,334.25,10984,BIOCON
8046,2025-06-09 11:00:00+05:30,334.45,334.45,334.1,334.4,3649,BIOCON
8047,2025-06-09 11:05:00+05:30,334.25,334.4,333.85,333.9,4042,BIOCON
8048,2025-06-09 11:10:00+05:30,333.9,334.05,333.8,333.8,3553,BIOCON
8049,2025-06-09 11:15:00+05:30,334.0,334.3,333.8,334.2,9869,BIOCON
8050,2025-06-09 11:20:00+05:30,334.05,334.25,334.0,334.15,2793,BIOCON
8051,2025-06-09 11:25:00+05:30,334.3,334.3,334.1,334.2,3500,BIOCON
8052,2025-06-09 11:30:00+05:30,334.2,334.3,333.85,334.0,20754,BIOCON
8053,2025-06-09 11:35:00+05:30,334.0,334.15,333.9,334.05,2840,BIOCON
8054,2025-06-09 11:40:00+05:30,334.15,334.15,333.8,334.0,7396,BIOCON
8055,2025-06-09 11:45:00+05:30,334.0,334.1,333.8,334.05,8014,BIOCON
8056,2025-06-09 11:50:00+05:30,334.05,334.55,333.9,334.3,119235,BIOCON
8057,2025-06-09 11:55:00+05:30,334.3,335.7,334.2,335.65,66112,BIOCON
8058,2025-06-09 12:00:00+05:30,335.7,336.1,334.2,334.3,75097,BIOCON
8059,2025-06-09 12:05:00+05:30,334.3,334.3,333.95,334.1,21973,BIOCON
8060,2025-06-09 12:10:00+05:30,334.0,334.2,333.85,333.85,7013,BIOCON
8061,2025-06-09 12:15:00+05:30,334.05,334.3,333.7,333.75,9372,BIOCON
8062,2025-06-09 12:20:00+05:30,333.75,334.0,333.5,333.65,6380,BIOCON
8063,2025-06-09 12:25:00+05:30,333.7,333.9,333.65,333.8,8711,BIOCON
8064,2025-06-09 12:30:00+05:30,333.8,335.1,333.65,334.6,210578,BIOCON
8065,2025-06-09 12:35:00+05:30,334.5,341.5,334.0,340.15,695488,BIOCON
8066,2025-06-09 12:40:00+05:30,340.4,341.85,338.65,340.85,255447,BIOCON
8067,2025-06-09 12:45:00+05:30,341.0,341.7,339.2,341.2,134612,BIOCON
8068,2025-06-09 12:50:00+05:30,341.2,341.4,339.7,340.2,101595,BIOCON
8069,2025-06-09 12:55:00+05:30,340.2,340.5,339.8,339.95,80361,BIOCON
8070,2025-06-09 13:00:00+05:30,339.85,340.0,338.6,338.6,74655,BIOCON
8071,2025-06-09 13:05:00+05:30,338.6,339.3,338.55,339.0,30497,BIOCON
8072,2025-06-09 13:10:00+05:30,339.0,339.05,338.55,338.65,14178,BIOCON
8073,2025-06-09 13:15:00+05:30,338.8,339.0,337.2,337.9,37547,BIOCON
8074,2025-06-09 13:20:00+05:30,337.7,337.9,337.5,337.65,11867,BIOCON
8075,2025-06-09 13:25:00+05:30,337.65,338.35,337.6,338.2,18178,BIOCON
8076,2025-06-09 13:30:00+05:30,338.2,338.25,337.8,338.0,9619,BIOCON
8077,2025-06-09 13:35:00+05:30,337.85,339.3,337.75,338.7,32760,BIOCON
8078,2025-06-09 13:40:00+05:30,338.65,339.6,338.4,338.9,27479,BIOCON
8079,2025-06-09 13:45:00+05:30,339.0,339.0,338.35,338.65,13659,BIOCON
8080,2025-06-09 13:50:00+05:30,338.5,338.9,338.15,338.85,28038,BIOCON
8081,2025-06-09 13:55:00+05:30,338.85,339.0,338.5,339.0,9593,BIOCON
8082,2025-06-09 14:00:00+05:30,339.0,339.8,339.0,339.3,20363,BIOCON
8083,2025-06-09 14:05:00+05:30,339.45,339.45,338.6,338.95,6759,BIOCON
8084,2025-06-09 14:10:00+05:30,338.8,339.0,338.35,338.55,9723,BIOCON
8085,2025-06-09 14:15:00+05:30,338.5,339.05,338.5,338.8,13368,BIOCON
8086,2025-06-09 14:20:00+05:30,338.85,338.85,338.4,338.5,16521,BIOCON
8087,2025-06-09 14:25:00+05:30,338.55,338.95,338.5,338.85,7467,BIOCON
8088,2025-06-09 14:30:00+05:30,338.6,338.9,338.6,338.9,6444,BIOCON
8089,2025-06-09 14:35:00+05:30,338.7,338.9,338.4,338.5,5111,BIOCON
8090,2025-06-09 14:40:00+05:30,338.5,339.0,338.2,338.95,19265,BIOCON
8091,2025-06-09 14:45:00+05:30,338.9,338.95,338.55,338.7,4121,BIOCON
8092,2025-06-09 14:50:00+05:30,338.7,338.75,338.25,338.55,43390,BIOCON
8093,2025-06-09 14:55:00+05:30,338.5,338.75,338.3,338.55,41170,BIOCON
8094,2025-06-09 15:00:00+05:30,338.55,338.55,338.2,338.3,25487,BIOCON
8095,2025-06-09 15:05:00+05:30,338.3,338.5,338.0,338.5,43843,BIOCON
8096,2025-06-09 15:10:00+05:30,338.3,338.5,338.0,338.35,39847,BIOCON
8097,2025-06-09 15:15:00+05:30,338.4,338.7,338.0,338.35,89307,BIOCON
8098,2025-06-09 15:20:00+05:30,338.1,338.5,338.0,338.05,89422,BIOCON
8099,2025-06-09 15:25:00+05:30,338.05,338.15,337.4,337.7,110116,BIOCON
8100,2025-06-10 09:15:00+05:30,339.8,341.65,339.55,341.5,114410,BIOCON
8101,2025-06-10 09:20:00+05:30,341.5,343.9,341.15,343.6,182235,BIOCON
8102,2025-06-10 09:25:00+05:30,343.5,343.5,341.55,342.05,71570,BIOCON
8103,2025-06-10 09:30:00+05:30,342.2,345.0,341.45,344.35,405123,BIOCON
8104,2025-06-10 09:35:00+05:30,344.45,346.45,343.5,346.0,314244,BIOCON
8105,2025-06-10 09:40:00+05:30,345.95,348.15,345.65,346.85,503443,BIOCON
8106,2025-06-10 09:45:00+05:30,346.85,347.9,345.1,345.15,439665,BIOCON
8107,2025-06-10 09:50:00+05:30,345.15,345.45,344.05,344.5,224649,BIOCON
8108,2025-06-10 09:55:00+05:30,344.5,345.9,344.3,345.25,134158,BIOCON
8109,2025-06-10 10:00:00+05:30,345.4,346.4,345.05,346.3,192501,BIOCON
8110,2025-06-10 10:05:00+05:30,346.4,347.25,346.2,346.75,223338,BIOCON
8111,2025-06-10 10:10:00+05:30,346.75,347.7,346.0,346.8,115446,BIOCON
8112,2025-06-10 10:15:00+05:30,346.8,347.4,346.2,346.3,92875,BIOCON
8113,2025-06-10 10:20:00+05:30,346.3,346.55,344.6,344.6,127299,BIOCON
8114,2025-06-10 10:25:00+05:30,344.7,346.2,344.25,345.4,72768,BIOCON
8115,2025-06-10 10:30:00+05:30,345.4,345.85,344.7,345.15,31372,BIOCON
8116,2025-06-10 10:35:00+05:30,345.15,345.65,345.05,345.2,26251,BIOCON
8117,2025-06-10 10:40:00+05:30,345.2,345.75,344.7,345.25,53112,BIOCON
8118,2025-06-10 10:45:00+05:30,345.4,345.5,344.9,345.25,137736,BIOCON
8119,2025-06-10 10:50:00+05:30,345.25,345.3,344.5,344.8,66400,BIOCON
8120,2025-06-10 10:55:00+05:30,344.65,344.85,344.35,344.5,30401,BIOCON
8121,2025-06-10 11:00:00+05:30,344.5,345.0,344.25,344.95,18137,BIOCON
8122,2025-06-10 11:05:00+05:30,344.8,344.8,344.3,344.8,19752,BIOCON
8123,2025-06-10 11:10:00+05:30,344.8,345.15,344.5,344.9,32000,BIOCON
8124,2025-06-10 11:15:00+05:30,344.9,344.9,344.0,344.0,38656,BIOCON
8125,2025-06-10 11:20:00+05:30,344.1,344.15,342.65,343.7,69765,BIOCON
8126,2025-06-10 11:25:00+05:30,343.5,343.65,343.2,343.5,22070,BIOCON
8127,2025-06-10 11:30:00+05:30,343.5,343.6,340.1,340.45,130311,BIOCON
8128,2025-06-10 11:35:00+05:30,340.75,341.9,340.5,341.65,56274,BIOCON
8129,2025-06-10 11:40:00+05:30,341.65,342.0,341.5,342.0,33528,BIOCON
8130,2025-06-10 11:45:00+05:30,342.0,342.6,340.1,341.6,129653,BIOCON
8131,2025-06-10 11:50:00+05:30,341.5,342.0,341.5,342.0,6265,BIOCON
8132,2025-06-10 11:55:00+05:30,342.0,342.4,341.95,342.3,22721,BIOCON
8133,2025-06-10 12:00:00+05:30,342.35,342.4,341.45,341.95,39304,BIOCON
8134,2025-06-10 12:05:00+05:30,341.7,341.9,341.5,341.65,42251,BIOCON
8135,2025-06-10 12:10:00+05:30,341.85,342.25,341.45,342.2,18904,BIOCON
8136,2025-06-10 12:15:00+05:30,342.1,342.15,341.75,341.8,20147,BIOCON
8137,2025-06-10 12:20:00+05:30,341.8,343.4,341.75,343.1,80974,BIOCON
8138,2025-06-10 12:25:00+05:30,343.1,343.1,342.2,342.35,17639,BIOCON
8139,2025-06-10 12:30:00+05:30,342.35,342.6,342.05,342.45,10928,BIOCON
8140,2025-06-10 12:35:00+05:30,342.5,342.55,342.15,342.3,14453,BIOCON
8141,2025-06-10 12:40:00+05:30,342.3,343.2,342.15,343.0,41492,BIOCON
8142,2025-06-10 12:45:00+05:30,342.95,343.5,342.95,343.35,44424,BIOCON
8143,2025-06-10 12:50:00+05:30,343.35,343.35,343.15,343.25,13492,BIOCON
8144,2025-06-10 12:55:00+05:30,343.2,343.25,343.15,343.2,5049,BIOCON
8145,2025-06-10 13:00:00+05:30,343.15,343.3,343.0,343.15,21936,BIOCON
8146,2025-06-10 13:05:00+05:30,343.05,343.2,343.0,343.1,6245,BIOCON
8147,2025-06-10 13:10:00+05:30,343.1,343.1,342.6,342.95,33722,BIOCON
8148,2025-06-10 13:15:00+05:30,342.75,343.2,342.75,343.05,16628,BIOCON
8149,2025-06-10 13:20:00+05:30,343.0,343.15,342.85,343.15,9803,BIOCON
8150,2025-06-10 13:25:00+05:30,343.1,343.4,343.1,343.4,10751,BIOCON
8151,2025-06-10 13:30:00+05:30,343.3,343.5,343.25,343.3,18365,BIOCON
8152,2025-06-10 13:35:00+05:30,343.25,343.65,343.2,343.55,9661,BIOCON
8153,2025-06-10 13:40:00+05:30,343.55,344.25,343.3,343.45,31262,BIOCON
8154,2025-06-10 13:45:00+05:30,343.3,343.5,343.2,343.3,10172,BIOCON
8155,2025-06-10 13:50:00+05:30,343.2,343.35,343.0,343.2,18233,BIOCON
8156,2025-06-10 13:55:00+05:30,343.15,343.2,343.0,343.05,12738,BIOCON
8157,2025-06-10 14:00:00+05:30,343.0,343.2,342.75,343.05,30113,BIOCON
8158,2025-06-10 14:05:00+05:30,343.05,343.1,341.85,342.45,109062,BIOCON
8159,2025-06-10 14:10:00+05:30,342.3,342.95,341.65,342.1,90453,BIOCON
8160,2025-06-10 14:15:00+05:30,341.95,342.2,341.25,341.85,71761,BIOCON
8161,2025-06-10 14:20:00+05:30,341.75,342.1,341.75,341.9,11855,BIOCON
8162,2025-06-10 14:25:00+05:30,341.85,341.9,341.55,341.55,11738,BIOCON
8163,2025-06-10 14:30:00+05:30,341.5,341.7,341.5,341.5,27598,BIOCON
8164,2025-06-10 14:35:00+05:30,341.5,342.2,341.5,342.0,21803,BIOCON
8165,2025-06-10 14:40:00+05:30,342.0,342.15,341.6,341.85,25952,BIOCON
8166,2025-06-10 14:45:00+05:30,341.65,342.0,341.1,341.45,37607,BIOCON
8167,2025-06-10 14:50:00+05:30,341.4,341.6,341.2,341.4,18571,BIOCON
8168,2025-06-10 14:55:00+05:30,341.35,341.45,340.9,341.25,46268,BIOCON
8169,2025-06-10 15:00:00+05:30,341.25,341.25,340.4,340.85,85408,BIOCON
8170,2025-06-10 15:05:00+05:30,340.8,342.0,340.7,341.45,96010,BIOCON
8171,2025-06-10 15:10:00+05:30,341.4,341.6,340.8,340.9,82516,BIOCON
8172,2025-06-10 15:15:00+05:30,340.9,341.5,340.6,341.25,266838,BIOCON
8173,2025-06-10 15:20:00+05:30,341.25,341.65,340.6,341.3,105128,BIOCON
8174,2025-06-10 15:25:00+05:30,341.2,342.1,340.95,341.9,241610,BIOCON
8175,2025-06-11 09:15:00+05:30,341.2,342.85,338.1,339.1,165716,BIOCON
8176,2025-06-11 09:20:00+05:30,339.15,339.75,338.5,338.8,63662,BIOCON
8177,2025-06-11 09:25:00+05:30,339.1,339.55,338.7,339.1,62494,BIOCON
8178,2025-06-11 09:30:00+05:30,339.1,340.7,339.05,340.3,81608,BIOCON
8179,2025-06-11 09:35:00+05:30,340.15,341.1,340.1,341.1,47900,BIOCON
8180,2025-06-11 09:40:00+05:30,341.1,341.4,340.2,341.4,53368,BIOCON
8181,2025-06-11 09:45:00+05:30,341.3,341.7,340.9,341.15,61933,BIOCON
8182,2025-06-11 09:50:00+05:30,341.3,341.35,340.8,340.9,19293,BIOCON
8183,2025-06-11 09:55:00+05:30,340.85,341.05,340.45,340.85,16718,BIOCON
8184,2025-06-11 10:00:00+05:30,340.9,341.3,340.7,341.15,11248,BIOCON
8185,2025-06-11 10:05:00+05:30,341.3,341.5,341.1,341.35,17511,BIOCON
8186,2025-06-11 10:10:00+05:30,341.45,341.7,341.0,341.0,16715,BIOCON
8187,2025-06-11 10:15:00+05:30,341.0,341.6,341.0,341.45,15241,BIOCON
8188,2025-06-11 10:20:00+05:30,341.4,342.15,341.35,341.85,43739,BIOCON
8189,2025-06-11 10:25:00+05:30,342.0,342.4,341.75,342.0,52499,BIOCON
8190,2025-06-11 10:30:00+05:30,342.15,343.5,341.95,343.2,45703,BIOCON
8191,2025-06-11 10:35:00+05:30,343.15,343.4,342.65,343.05,29737,BIOCON
8192,2025-06-11 10:40:00+05:30,343.05,343.05,342.05,342.45,15187,BIOCON
8193,2025-06-11 10:45:00+05:30,342.3,343.0,342.25,342.8,21433,BIOCON
8194,2025-06-11 10:50:00+05:30,342.8,342.95,342.45,342.55,14715,BIOCON
8195,2025-06-11 10:55:00+05:30,342.7,344.2,342.7,344.15,87968,BIOCON
8196,2025-06-11 11:00:00+05:30,344.15,345.3,344.0,345.25,104246,BIOCON
8197,2025-06-11 11:05:00+05:30,345.25,345.8,345.1,345.5,78850,BIOCON
8198,2025-06-11 11:10:00+05:30,345.3,346.5,345.3,345.95,79244,BIOCON
8199,2025-06-11 11:15:00+05:30,346.0,346.2,345.7,345.85,137533,BIOCON
8200,2025-06-11 11:20:00+05:30,346.0,346.55,345.85,345.9,34666,BIOCON
8201,2025-06-11 11:25:00+05:30,345.9,346.45,345.5,345.7,63096,BIOCON
8202,2025-06-11 11:30:00+05:30,345.7,346.65,345.6,346.4,59283,BIOCON
8203,2025-06-11 11:35:00+05:30,346.5,347.45,346.45,347.45,63664,BIOCON
8204,2025-06-11 11:40:00+05:30,347.2,348.65,346.85,348.65,198572,BIOCON
8205,2025-06-11 11:45:00+05:30,348.5,351.5,348.1,349.45,441108,BIOCON
8206,2025-06-11 11:50:00+05:30,349.3,349.95,348.6,349.85,311045,BIOCON
8207,2025-06-11 11:55:00+05:30,349.9,353.2,349.6,352.5,493511,BIOCON
8208,2025-06-11 12:00:00+05:30,352.5,353.1,351.5,352.6,186208,BIOCON
8209,2025-06-11 12:05:00+05:30,352.8,353.9,351.65,351.8,294617,BIOCON
8210,2025-06-11 12:10:00+05:30,351.8,353.8,351.7,353.25,155560,BIOCON
8211,2025-06-11 12:15:00+05:30,353.45,353.7,352.3,353.4,198099,BIOCON
8212,2025-06-11 12:20:00+05:30,353.4,354.7,352.55,354.15,229501,BIOCON
8213,2025-06-11 12:25:00+05:30,354.0,354.7,354.0,354.25,130682,BIOCON
8214,2025-06-11 12:30:00+05:30,354.45,354.45,352.85,353.4,333358,BIOCON
8215,2025-06-11 12:35:00+05:30,353.15,354.0,353.0,353.0,92900,BIOCON
8216,2025-06-11 12:40:00+05:30,353.15,353.85,353.0,353.25,91825,BIOCON
8217,2025-06-11 12:45:00+05:30,353.25,353.85,353.05,353.05,53345,BIOCON
8218,2025-06-11 12:50:00+05:30,353.2,353.45,352.95,353.0,107834,BIOCON
8219,2025-06-11 12:55:00+05:30,353.0,353.5,352.8,352.9,50009,BIOCON
8220,2025-06-11 13:00:00+05:30,352.9,353.4,352.8,352.8,31125,BIOCON
8221,2025-06-11 13:05:00+05:30,352.8,352.85,352.0,352.2,154690,BIOCON
8222,2025-06-11 13:10:00+05:30,352.05,352.4,352.0,352.2,80978,BIOCON
8223,2025-06-11 13:15:00+05:30,352.2,352.35,351.2,351.2,140330,BIOCON
8224,2025-06-11 13:20:00+05:30,351.2,351.65,350.85,351.5,73146,BIOCON
8225,2025-06-11 13:25:00+05:30,351.35,351.65,350.0,350.5,98951,BIOCON
8226,2025-06-11 13:30:00+05:30,350.5,350.75,350.0,350.35,83159,BIOCON
8227,2025-06-11 13:35:00+05:30,350.5,350.95,350.15,350.85,39974,BIOCON
8228,2025-06-11 13:40:00+05:30,350.9,351.15,349.55,349.6,126287,BIOCON
8229,2025-06-11 13:45:00+05:30,349.75,350.25,349.5,349.65,66783,BIOCON
8230,2025-06-11 13:50:00+05:30,349.65,350.3,349.5,349.55,63161,BIOCON
8231,2025-06-11 13:55:00+05:30,349.55,351.0,349.5,350.75,67557,BIOCON
8232,2025-06-11 14:00:00+05:30,350.75,350.75,349.85,349.85,36657,BIOCON
8233,2025-06-11 14:05:00+05:30,349.85,350.3,349.5,349.85,57609,BIOCON
8234,2025-06-11 14:10:00+05:30,350.0,351.0,349.6,351.0,62816,BIOCON
8235,2025-06-11 14:15:00+05:30,351.0,351.7,350.95,351.4,71927,BIOCON
8236,2025-06-11 14:20:00+05:30,351.4,352.75,351.25,351.85,128266,BIOCON
8237,2025-06-11 14:25:00+05:30,351.85,351.85,351.35,351.5,17363,BIOCON
8238,2025-06-11 14:30:00+05:30,351.65,353.0,351.3,352.8,55281,BIOCON
8239,2025-06-11 14:35:00+05:30,352.8,353.45,352.6,353.25,87228,BIOCON
8240,2025-06-11 14:40:00+05:30,353.25,353.3,352.6,352.6,54166,BIOCON
8241,2025-06-11 14:45:00+05:30,352.6,353.45,352.5,353.45,50117,BIOCON
8242,2025-06-11 14:50:00+05:30,353.4,354.3,353.2,354.1,229641,BIOCON
8243,2025-06-11 14:55:00+05:30,354.2,355.6,354.1,354.4,434699,BIOCON
8244,2025-06-11 15:00:00+05:30,354.45,354.45,353.4,354.0,166633,BIOCON
8245,2025-06-11 15:05:00+05:30,354.1,354.6,353.55,354.25,73708,BIOCON
8246,2025-06-11 15:10:00+05:30,354.05,355.0,353.75,354.5,118228,BIOCON
8247,2025-06-11 15:15:00+05:30,354.65,354.9,353.9,354.0,220058,BIOCON
8248,2025-06-11 15:20:00+05:30,354.0,356.0,353.6,354.95,239234,BIOCON
8249,2025-06-11 15:25:00+05:30,354.8,355.15,354.35,355.0,257653,BIOCON
8250,2025-06-12 09:15:00+05:30,355.0,357.55,352.7,355.4,591089,BIOCON
8251,2025-06-12 09:20:00+05:30,355.15,357.35,354.2,356.65,257401,BIOCON
8252,2025-06-12 09:25:00+05:30,356.65,357.75,355.55,355.9,169475,BIOCON
8253,2025-06-12 09:30:00+05:30,356.0,357.5,355.7,356.0,133405,BIOCON
8254,2025-06-12 09:35:00+05:30,356.15,356.4,355.3,355.65,81834,BIOCON
8255,2025-06-12 09:40:00+05:30,355.7,356.5,354.0,354.35,114075,BIOCON
8256,2025-06-12 09:45:00+05:30,354.45,355.25,354.0,354.65,62836,BIOCON
8257,2025-06-12 09:50:00+05:30,354.7,355.95,354.5,355.7,60101,BIOCON
8258,2025-06-12 09:55:00+05:30,355.7,355.85,354.6,354.9,61214,BIOCON
8259,2025-06-12 10:00:00+05:30,355.0,355.3,353.9,354.1,61103,BIOCON
8260,2025-06-12 10:05:00+05:30,354.1,356.25,353.9,355.85,68163,BIOCON
8261,2025-06-12 10:10:00+05:30,356.1,356.7,355.5,356.6,68462,BIOCON
8262,2025-06-12 10:15:00+05:30,356.35,356.6,355.6,355.7,36444,BIOCON
8263,2025-06-12 10:20:00+05:30,355.55,355.65,353.55,354.7,67216,BIOCON
8264,2025-06-12 10:25:00+05:30,354.65,354.7,354.0,354.35,40946,BIOCON
8265,2025-06-12 10:30:00+05:30,354.55,355.15,354.0,354.05,65487,BIOCON
8266,2025-06-12 10:35:00+05:30,354.05,354.75,354.0,354.45,14431,BIOCON
8267,2025-06-12 10:40:00+05:30,354.45,354.45,353.35,353.9,77286,BIOCON
8268,2025-06-12 10:45:00+05:30,353.9,355.2,353.85,354.9,24214,BIOCON
8269,2025-06-12 10:50:00+05:30,354.7,354.95,354.0,354.15,18129,BIOCON
8270,2025-06-12 10:55:00+05:30,354.15,354.25,353.65,353.7,21886,BIOCON
8271,2025-06-12 11:00:00+05:30,353.85,354.2,353.65,354.1,20623,BIOCON
8272,2025-06-12 11:05:00+05:30,354.15,354.15,353.5,353.95,42583,BIOCON
8273,2025-06-12 11:10:00+05:30,353.95,354.0,353.55,353.7,21010,BIOCON
8274,2025-06-12 11:15:00+05:30,353.65,353.8,352.05,353.4,104341,BIOCON
8275,2025-06-12 11:20:00+05:30,353.4,355.2,353.15,354.55,42820,BIOCON
8276,2025-06-12 11:25:00+05:30,354.55,354.55,353.85,354.0,24939,BIOCON
8277,2025-06-12 11:30:00+05:30,354.05,354.2,353.85,353.9,16192,BIOCON
8278,2025-06-12 11:35:00+05:30,354.0,354.25,353.55,353.75,11868,BIOCON
8279,2025-06-12 11:40:00+05:30,353.75,353.95,352.95,353.7,42334,BIOCON
8280,2025-06-12 11:45:00+05:30,353.75,353.85,353.0,353.25,26513,BIOCON
8281,2025-06-12 11:50:00+05:30,353.45,354.0,353.1,353.45,13787,BIOCON
8282,2025-06-12 11:55:00+05:30,353.65,353.65,353.05,353.35,10828,BIOCON
8283,2025-06-12 12:00:00+05:30,353.35,353.35,352.65,352.8,19381,BIOCON
8284,2025-06-12 12:05:00+05:30,352.85,353.2,352.65,353.2,10877,BIOCON
8285,2025-06-12 12:10:00+05:30,353.2,353.3,352.75,352.75,15204,BIOCON
8286,2025-06-12 12:15:00+05:30,352.75,353.0,352.45,352.5,13580,BIOCON
8287,2025-06-12 12:20:00+05:30,352.7,352.95,352.4,352.6,10296,BIOCON
8288,2025-06-12 12:25:00+05:30,352.6,353.65,352.45,353.45,18702,BIOCON
8289,2025-06-12 12:30:00+05:30,353.2,353.7,353.2,353.5,9372,BIOCON
8290,2025-06-12 12:35:00+05:30,353.5,353.95,353.4,353.4,17048,BIOCON
8291,2025-06-12 12:40:00+05:30,353.55,354.4,353.4,354.2,27182,BIOCON
8292,2025-06-12 12:45:00+05:30,354.1,355.15,353.9,354.65,30898,BIOCON
8293,2025-06-12 12:50:00+05:30,354.75,354.85,354.0,354.5,18335,BIOCON
8294,2025-06-12 12:55:00+05:30,354.5,355.4,354.0,354.1,58011,BIOCON
8295,2025-06-12 13:00:00+05:30,354.1,355.45,354.0,355.0,70585,BIOCON
8296,2025-06-12 13:05:00+05:30,355.05,356.45,355.05,355.8,66147,BIOCON
8297,2025-06-12 13:10:00+05:30,355.8,355.8,355.0,355.2,25516,BIOCON
8298,2025-06-12 13:15:00+05:30,355.2,355.3,354.6,355.0,21492,BIOCON
8299,2025-06-12 13:20:00+05:30,355.0,355.0,354.4,354.65,32957,BIOCON
8300,2025-06-12 13:25:00+05:30,354.65,355.0,353.7,353.75,38580,BIOCON
8301,2025-06-12 13:30:00+05:30,353.75,354.35,353.35,354.05,38855,BIOCON
8302,2025-06-12 13:35:00+05:30,354.05,354.1,352.7,352.75,69557,BIOCON
8303,2025-06-12 13:40:00+05:30,352.8,353.05,351.3,351.35,51931,BIOCON
8304,2025-06-12 13:45:00+05:30,351.5,352.0,351.3,351.55,31551,BIOCON
8305,2025-06-12 13:50:00+05:30,351.45,351.75,350.75,351.6,36756,BIOCON
8306,2025-06-12 13:55:00+05:30,351.6,352.3,351.4,351.8,31566,BIOCON
8307,2025-06-12 14:00:00+05:30,351.6,351.8,350.1,350.6,42402,BIOCON
8308,2025-06-12 14:05:00+05:30,350.5,350.85,349.5,350.3,94818,BIOCON
8309,2025-06-12 14:10:00+05:30,350.05,351.1,350.05,350.4,37818,BIOCON
8310,2025-06-12 14:15:00+05:30,350.4,351.85,350.25,351.1,31908,BIOCON
8311,2025-06-12 14:20:00+05:30,351.2,353.3,351.15,352.7,79277,BIOCON
8312,2025-06-12 14:25:00+05:30,352.7,352.8,352.0,352.2,49569,BIOCON
8313,2025-06-12 14:30:00+05:30,352.05,353.5,352.05,353.5,37125,BIOCON
8314,2025-06-12 14:35:00+05:30,353.2,354.45,352.85,353.6,219513,BIOCON
8315,2025-06-12 14:40:00+05:30,353.75,354.3,353.6,353.85,24457,BIOCON
8316,2025-06-12 14:45:00+05:30,353.85,354.2,353.5,353.75,16360,BIOCON
8317,2025-06-12 14:50:00+05:30,353.7,354.5,353.7,354.0,29644,BIOCON
8318,2025-06-12 14:55:00+05:30,354.0,354.05,353.2,353.7,30481,BIOCON
8319,2025-06-12 15:00:00+05:30,353.7,353.95,352.7,352.7,24462,BIOCON
8320,2025-06-12 15:05:00+05:30,352.75,353.2,352.7,353.0,35422,BIOCON
8321,2025-06-12 15:10:00+05:30,353.15,353.4,352.55,352.75,46615,BIOCON
8322,2025-06-12 15:15:00+05:30,352.8,352.95,351.85,351.85,86889,BIOCON
8323,2025-06-12 15:20:00+05:30,352.0,352.4,351.55,351.6,68497,BIOCON
8324,2025-06-12 15:25:00+05:30,351.6,351.75,351.0,351.2,73106,BIOCON
8325,2025-06-13 09:15:00+05:30,347.95,350.95,345.0,349.65,326843,BIOCON
8326,2025-06-13 09:20:00+05:30,349.35,349.35,347.35,349.05,129844,BIOCON
8327,2025-06-13 09:25:00+05:30,349.05,350.2,347.5,350.1,141350,BIOCON
8328,2025-06-13 09:30:00+05:30,349.8,350.15,348.05,348.7,51237,BIOCON
8329,2025-06-13 09:35:00+05:30,348.7,351.5,348.6,351.25,89892,BIOCON
8330,2025-06-13 09:40:00+05:30,351.3,351.5,350.4,350.6,70453,BIOCON
8331,2025-06-13 09:45:00+05:30,350.75,350.9,348.55,349.2,44000,BIOCON
8332,2025-06-13 09:50:00+05:30,349.35,351.45,349.3,351.35,44600,BIOCON
8333,2025-06-13 09:55:00+05:30,351.35,352.5,350.75,352.3,59323,BIOCON
8334,2025-06-13 10:00:00+05:30,352.3,353.6,351.8,352.8,95182,BIOCON
8335,2025-06-13 10:05:00+05:30,352.65,353.4,351.6,352.15,63998,BIOCON
8336,2025-06-13 10:10:00+05:30,352.0,354.7,351.8,354.45,62491,BIOCON
8337,2025-06-13 10:15:00+05:30,354.6,357.05,354.5,355.55,254110,BIOCON
8338,2025-06-13 10:20:00+05:30,355.55,356.8,355.3,355.6,110541,BIOCON
8339,2025-06-13 10:25:00+05:30,355.6,355.8,354.25,355.75,105721,BIOCON
8340,2025-06-13 10:30:00+05:30,355.8,356.3,354.75,355.8,72430,BIOCON
8341,2025-06-13 10:35:00+05:30,355.8,355.95,355.0,355.25,38915,BIOCON
8342,2025-06-13 10:40:00+05:30,355.15,355.75,355.0,355.15,35527,BIOCON
8343,2025-06-13 10:45:00+05:30,355.2,355.8,355.15,355.4,36859,BIOCON
8344,2025-06-13 10:50:00+05:30,355.4,356.2,355.0,356.0,138363,BIOCON
8345,2025-06-13 10:55:00+05:30,356.0,356.65,355.0,355.45,74196,BIOCON
8346,2025-06-13 11:00:00+05:30,355.55,355.7,355.25,355.5,17060,BIOCON
8347,2025-06-13 11:05:00+05:30,355.55,355.8,354.75,354.75,201308,BIOCON
8348,2025-06-13 11:10:00+05:30,354.75,354.75,353.0,353.25,105360,BIOCON
8349,2025-06-13 11:15:00+05:30,353.4,354.35,353.3,354.2,22898,BIOCON
8350,2025-06-13 11:20:00+05:30,354.4,355.0,354.25,354.65,29350,BIOCON
8351,2025-06-13 11:25:00+05:30,354.65,355.6,354.65,355.15,28957,BIOCON
8352,2025-06-13 11:30:00+05:30,355.25,355.25,354.3,354.3,122960,BIOCON
8353,2025-06-13 11:35:00+05:30,354.45,354.65,354.05,354.45,12649,BIOCON
8354,2025-06-13 11:40:00+05:30,354.6,354.75,354.35,354.4,15487,BIOCON
8355,2025-06-13 11:45:00+05:30,354.4,354.6,353.85,353.9,20596,BIOCON
8356,2025-06-13 11:50:00+05:30,354.1,354.15,353.3,353.45,43020,BIOCON
8357,2025-06-13 11:55:00+05:30,353.75,353.75,352.1,353.1,56611,BIOCON
8358,2025-06-13 12:00:00+05:30,353.25,353.8,352.8,353.6,38639,BIOCON
8359,2025-06-13 12:05:00+05:30,353.7,353.7,350.55,350.65,128794,BIOCON
8360,2025-06-13 12:10:00+05:30,350.65,351.2,350.1,350.5,151344,BIOCON
8361,2025-06-13 12:15:00+05:30,350.35,350.85,350.35,350.55,32717,BIOCON
8362,2025-06-13 12:20:00+05:30,350.55,350.55,349.0,349.05,91750,BIOCON
8363,2025-06-13 12:25:00+05:30,349.2,349.85,348.4,349.3,89763,BIOCON
8364,2025-06-13 12:30:00+05:30,349.2,350.4,348.25,349.8,183892,BIOCON
8365,2025-06-13 12:35:00+05:30,349.35,350.3,349.1,349.35,145502,BIOCON
8366,2025-06-13 12:40:00+05:30,349.5,349.8,349.2,349.7,18964,BIOCON
8367,2025-06-13 12:45:00+05:30,349.6,349.9,349.0,349.2,26166,BIOCON
8368,2025-06-13 12:50:00+05:30,349.05,349.4,348.35,349.4,33697,BIOCON
8369,2025-06-13 12:55:00+05:30,349.25,350.15,349.1,349.85,174278,BIOCON
8370,2025-06-13 13:00:00+05:30,349.65,349.9,349.1,349.3,24992,BIOCON
8371,2025-06-13 13:05:00+05:30,349.3,349.75,348.75,349.2,30970,BIOCON
8372,2025-06-13 13:10:00+05:30,349.2,350.45,349.05,350.05,30345,BIOCON
8373,2025-06-13 13:15:00+05:30,350.2,350.6,350.0,350.4,53572,BIOCON
8374,2025-06-13 13:20:00+05:30,350.4,351.4,350.35,351.4,65378,BIOCON
8375,2025-06-13 13:25:00+05:30,351.3,351.4,350.6,351.25,72609,BIOCON
8376,2025-06-13 13:30:00+05:30,351.25,352.0,351.05,351.8,43115,BIOCON
8377,2025-06-13 13:35:00+05:30,351.8,353.5,351.8,353.3,156605,BIOCON
8378,2025-06-13 13:40:00+05:30,353.3,353.55,353.0,353.35,37193,BIOCON
8379,2025-06-13 13:45:00+05:30,353.35,354.3,353.25,354.25,50281,BIOCON
8380,2025-06-13 13:50:00+05:30,354.2,354.3,353.0,353.1,66960,BIOCON
8381,2025-06-13 13:55:00+05:30,353.1,353.35,353.0,353.25,63308,BIOCON
8382,2025-06-13 14:00:00+05:30,353.3,353.35,352.4,353.0,111234,BIOCON
8383,2025-06-13 14:05:00+05:30,353.0,353.75,353.0,353.5,36037,BIOCON
8384,2025-06-13 14:10:00+05:30,353.5,353.75,353.5,353.65,17398,BIOCON
8385,2025-06-13 14:15:00+05:30,353.5,353.75,353.05,353.2,50224,BIOCON
8386,2025-06-13 14:20:00+05:30,353.05,353.75,353.0,353.6,33888,BIOCON
8387,2025-06-13 14:25:00+05:30,353.45,354.6,353.45,354.05,61447,BIOCON
8388,2025-06-13 14:30:00+05:30,354.05,354.5,354.0,354.3,63050,BIOCON
8389,2025-06-13 14:35:00+05:30,354.3,354.5,353.5,354.5,71507,BIOCON
8390,2025-06-13 14:40:00+05:30,354.3,354.5,353.0,353.0,52938,BIOCON
8391,2025-06-13 14:45:00+05:30,353.0,353.45,352.95,353.0,151355,BIOCON
8392,2025-06-13 14:50:00+05:30,353.0,353.2,352.55,353.0,70432,BIOCON
8393,2025-06-13 14:55:00+05:30,353.0,353.2,352.15,352.95,100257,BIOCON
8394,2025-06-13 15:00:00+05:30,352.95,354.4,352.75,354.25,118822,BIOCON
8395,2025-06-13 15:05:00+05:30,354.25,355.0,353.7,354.15,261084,BIOCON
8396,2025-06-13 15:10:00+05:30,354.15,354.6,353.8,354.4,154288,BIOCON
8397,2025-06-13 15:15:00+05:30,354.4,355.05,353.85,354.05,471548,BIOCON
8398,2025-06-13 15:20:00+05:30,354.0,357.0,354.0,356.55,760086,BIOCON
8399,2025-06-13 15:25:00+05:30,356.6,357.9,356.45,356.5,887056,BIOCON
8400,2025-06-16 09:15:00+05:30,358.3,359.05,352.7,354.3,264056,BIOCON
8401,2025-06-16 09:20:00+05:30,354.1,354.6,353.25,353.25,68488,BIOCON
8402,2025-06-16 09:25:00+05:30,353.35,354.6,352.25,352.8,72094,BIOCON
8403,2025-06-16 09:30:00+05:30,352.7,353.75,351.9,352.05,68499,BIOCON
8404,2025-06-16 09:35:00+05:30,352.05,352.25,350.85,350.85,88015,BIOCON
8405,2025-06-16 09:40:00+05:30,351.0,351.55,350.6,350.65,37339,BIOCON
8406,2025-06-16 09:45:00+05:30,350.65,351.05,349.25,349.95,53454,BIOCON
8407,2025-06-16 09:50:00+05:30,349.7,351.9,349.5,351.05,33354,BIOCON
8408,2025-06-16 09:55:00+05:30,351.05,352.15,350.95,351.65,19224,BIOCON
8409,2025-06-16 10:00:00+05:30,351.9,351.95,350.0,350.9,27802,BIOCON
8410,2025-06-16 10:05:00+05:30,350.85,351.85,350.75,351.4,39247,BIOCON
8411,2025-06-16 10:10:00+05:30,351.4,351.65,350.65,350.85,39326,BIOCON
8412,2025-06-16 10:15:00+05:30,350.7,351.5,350.3,351.25,25116,BIOCON
8413,2025-06-16 10:20:00+05:30,351.25,351.6,351.15,351.6,11381,BIOCON
8414,2025-06-16 10:25:00+05:30,351.45,352.65,351.45,352.25,34799,BIOCON
8415,2025-06-16 10:30:00+05:30,352.25,352.25,350.5,350.8,64428,BIOCON
8416,2025-06-16 10:35:00+05:30,350.8,350.8,348.25,349.45,96346,BIOCON
8417,2025-06-16 10:40:00+05:30,349.5,350.0,349.1,349.1,34279,BIOCON
8418,2025-06-16 10:45:00+05:30,349.1,350.65,349.1,349.5,83055,BIOCON
8419,2025-06-16 10:50:00+05:30,349.5,349.9,349.0,349.85,40063,BIOCON
8420,2025-06-16 10:55:00+05:30,349.7,350.2,349.5,349.8,23756,BIOCON
8421,2025-06-16 11:00:00+05:30,350.0,351.2,350.0,350.35,20851,BIOCON
8422,2025-06-16 11:05:00+05:30,350.35,351.9,350.3,351.8,21984,BIOCON
8423,2025-06-16 11:10:00+05:30,351.65,351.65,350.65,350.9,16552,BIOCON
8424,2025-06-16 11:15:00+05:30,350.9,351.8,350.8,351.25,18425,BIOCON
8425,2025-06-16 11:20:00+05:30,351.25,351.25,349.1,349.1,29572,BIOCON
8426,2025-06-16 11:25:00+05:30,349.1,350.5,349.05,350.5,34406,BIOCON
8427,2025-06-16 11:30:00+05:30,350.45,351.2,350.3,350.95,21057,BIOCON
8428,2025-06-16 11:35:00+05:30,351.05,353.15,351.0,352.85,60160,BIOCON
8429,2025-06-16 11:40:00+05:30,352.85,353.8,352.75,353.2,47549,BIOCON
8430,2025-06-16 11:45:00+05:30,353.2,354.0,352.95,353.7,36125,BIOCON
8431,2025-06-16 11:50:00+05:30,353.7,353.8,352.75,353.0,28273,BIOCON
8432,2025-06-16 11:55:00+05:30,353.0,354.65,352.55,354.5,38134,BIOCON
8433,2025-06-16 12:00:00+05:30,354.35,354.55,353.3,353.4,32720,BIOCON
8434,2025-06-16 12:05:00+05:30,353.4,354.2,353.4,353.8,24409,BIOCON
8435,2025-06-16 12:10:00+05:30,353.8,354.2,353.45,353.95,6115,BIOCON
8436,2025-06-16 12:15:00+05:30,354.0,354.2,353.7,353.8,12001,BIOCON
8437,2025-06-16 12:20:00+05:30,353.8,354.0,353.65,353.85,8987,BIOCON
8438,2025-06-16 12:25:00+05:30,353.85,354.1,353.65,353.95,20929,BIOCON
8439,2025-06-16 12:30:00+05:30,353.8,354.55,353.8,354.4,18167,BIOCON
8440,2025-06-16 12:35:00+05:30,354.55,354.6,354.3,354.55,13206,BIOCON
8441,2025-06-16 12:40:00+05:30,354.5,354.55,354.25,354.45,5751,BIOCON
8442,2025-06-16 12:45:00+05:30,354.4,354.6,354.25,354.55,14628,BIOCON
8443,2025-06-16 12:50:00+05:30,354.55,354.65,353.7,353.75,14885,BIOCON
8444,2025-06-16 12:55:00+05:30,353.75,353.95,353.65,353.85,7489,BIOCON
8445,2025-06-16 13:00:00+05:30,353.85,354.2,353.75,354.2,9041,BIOCON
8446,2025-06-16 13:05:00+05:30,354.15,355.0,353.7,354.45,143592,BIOCON
8447,2025-06-16 13:10:00+05:30,354.6,355.85,354.35,355.3,58869,BIOCON
8448,2025-06-16 13:15:00+05:30,355.2,355.4,354.8,355.1,39737,BIOCON
8449,2025-06-16 13:20:00+05:30,355.05,355.4,354.9,355.0,33742,BIOCON
8450,2025-06-16 13:25:00+05:30,355.0,356.3,355.0,356.15,83732,BIOCON
8451,2025-06-16 13:30:00+05:30,356.1,356.5,355.8,356.0,42957,BIOCON
8452,2025-06-16 13:35:00+05:30,356.05,356.5,356.0,356.3,19609,BIOCON
8453,2025-06-16 13:40:00+05:30,356.3,356.75,356.25,356.6,15439,BIOCON
8454,2025-06-16 13:45:00+05:30,356.55,356.75,356.4,356.45,10271,BIOCON
8455,2025-06-16 13:50:00+05:30,356.6,358.0,354.4,355.6,239693,BIOCON
8456,2025-06-16 13:55:00+05:30,355.8,355.85,354.05,354.1,121083,BIOCON
8457,2025-06-16 14:00:00+05:30,354.1,355.1,352.7,354.85,180709,BIOCON
8458,2025-06-16 14:05:00+05:30,354.75,355.2,354.3,354.3,29252,BIOCON
8459,2025-06-16 14:10:00+05:30,354.3,355.7,354.1,355.5,37477,BIOCON
8460,2025-06-16 14:15:00+05:30,355.5,357.4,355.15,357.15,138311,BIOCON
8461,2025-06-16 14:20:00+05:30,357.15,357.45,356.15,356.25,90979,BIOCON
8462,2025-06-16 14:25:00+05:30,356.25,356.55,355.4,355.55,39185,BIOCON
8463,2025-06-16 14:30:00+05:30,355.75,356.3,355.55,356.15,28621,BIOCON
8464,2025-06-16 14:35:00+05:30,356.0,356.3,355.6,355.65,22550,BIOCON
8465,2025-06-16 14:40:00+05:30,355.6,356.65,355.6,356.5,21902,BIOCON
8466,2025-06-16 14:45:00+05:30,356.45,357.0,356.2,356.25,56073,BIOCON
8467,2025-06-16 14:50:00+05:30,356.25,356.25,355.0,355.75,53821,BIOCON
8468,2025-06-16 14:55:00+05:30,355.6,356.95,355.5,356.85,31030,BIOCON
8469,2025-06-16 15:00:00+05:30,356.8,356.95,356.3,356.5,28759,BIOCON
8470,2025-06-16 15:05:00+05:30,356.45,356.6,356.25,356.6,35653,BIOCON
8471,2025-06-16 15:10:00+05:30,356.6,357.4,356.55,357.25,80685,BIOCON
8472,2025-06-16 15:15:00+05:30,357.25,358.35,357.1,357.6,151590,BIOCON
8473,2025-06-16 15:20:00+05:30,357.6,357.7,356.85,357.0,59362,BIOCON
8474,2025-06-16 15:25:00+05:30,356.95,358.0,356.75,356.95,121736,BIOCON
8475,2025-06-17 09:15:00+05:30,355.0,361.9,355.0,357.35,1221341,BIOCON
8476,2025-06-17 09:20:00+05:30,357.45,357.85,354.6,355.35,466261,BIOCON
8477,2025-06-17 09:25:00+05:30,355.5,355.5,353.5,355.15,287322,BIOCON
8478,2025-06-17 09:30:00+05:30,355.25,357.0,353.6,356.0,426464,BIOCON
8479,2025-06-17 09:35:00+05:30,356.15,358.9,356.0,358.55,395458,BIOCON
8480,2025-06-17 09:40:00+05:30,358.7,361.85,358.0,360.55,632425,BIOCON
8481,2025-06-17 09:45:00+05:30,360.4,360.8,359.7,360.35,260205,BIOCON
8482,2025-06-17 09:50:00+05:30,360.15,360.7,359.5,360.5,170238,BIOCON
8483,2025-06-17 09:55:00+05:30,360.4,360.4,357.65,358.2,200358,BIOCON
8484,2025-06-17 10:00:00+05:30,358.25,358.85,357.35,358.25,104588,BIOCON
8485,2025-06-17 10:05:00+05:30,358.0,358.8,357.35,357.6,75792,BIOCON
8486,2025-06-17 10:10:00+05:30,357.6,358.35,357.5,358.0,78287,BIOCON
8487,2025-06-17 10:15:00+05:30,358.0,360.45,357.85,360.3,222306,BIOCON
8488,2025-06-17 10:20:00+05:30,360.45,361.75,360.3,361.65,332131,BIOCON
8489,2025-06-17 10:25:00+05:30,361.7,362.45,361.1,362.3,275063,BIOCON
8490,2025-06-17 10:30:00+05:30,362.3,362.75,361.55,362.55,184958,BIOCON
8491,2025-06-17 10:35:00+05:30,362.65,363.5,362.05,363.1,351369,BIOCON
8492,2025-06-17 10:40:00+05:30,363.1,364.65,363.0,363.85,372635,BIOCON
8493,2025-06-17 10:45:00+05:30,363.65,363.9,362.3,362.45,205484,BIOCON
8494,2025-06-17 10:50:00+05:30,362.5,363.25,361.8,363.2,175320,BIOCON
8495,2025-06-17 10:55:00+05:30,363.2,363.25,362.1,362.3,90338,BIOCON
8496,2025-06-17 11:00:00+05:30,362.3,362.3,360.75,361.0,144996,BIOCON
8497,2025-06-17 11:05:00+05:30,360.9,361.5,360.05,360.45,78545,BIOCON
8498,2025-06-17 11:10:00+05:30,360.55,360.6,359.65,360.0,160324,BIOCON
8499,2025-06-17 11:15:00+05:30,360.0,361.6,359.95,361.0,117643,BIOCON
8500,2025-06-17 11:20:00+05:30,360.9,361.0,360.6,360.75,28781,BIOCON
8501,2025-06-17 11:25:00+05:30,360.8,361.9,360.2,361.8,71697,BIOCON
8502,2025-06-17 11:30:00+05:30,361.8,362.5,361.5,362.1,50806,BIOCON
8503,2025-06-17 11:35:00+05:30,362.1,362.1,361.5,361.5,23374,BIOCON
8504,2025-06-17 11:40:00+05:30,361.5,361.9,361.15,361.3,53446,BIOCON
8505,2025-06-17 11:45:00+05:30,361.55,361.55,361.0,361.55,34023,BIOCON
8506,2025-06-17 11:50:00+05:30,361.4,362.1,360.8,362.1,49837,BIOCON
8507,2025-06-17 11:55:00+05:30,362.0,362.1,360.95,361.6,40500,BIOCON
8508,2025-06-17 12:00:00+05:30,361.6,361.85,361.4,361.5,32420,BIOCON
8509,2025-06-17 12:05:00+05:30,361.5,361.5,361.15,361.3,24765,BIOCON
8510,2025-06-17 12:10:00+05:30,361.5,361.7,361.2,361.5,26392,BIOCON
8511,2025-06-17 12:15:00+05:30,361.3,362.25,361.15,362.25,39611,BIOCON
8512,2025-06-17 12:20:00+05:30,362.25,362.5,361.8,362.4,61370,BIOCON
8513,2025-06-17 12:25:00+05:30,362.35,362.5,360.5,360.6,107161,BIOCON
8514,2025-06-17 12:30:00+05:30,360.8,360.9,358.2,358.65,197471,BIOCON
8515,2025-06-17 12:35:00+05:30,358.5,359.5,358.5,359.2,97412,BIOCON
8516,2025-06-17 12:40:00+05:30,359.2,359.25,357.75,358.0,131385,BIOCON
8517,2025-06-17 12:45:00+05:30,357.8,358.05,357.3,357.5,107815,BIOCON
8518,2025-06-17 12:50:00+05:30,357.45,357.7,356.6,356.8,153213,BIOCON
8519,2025-06-17 12:55:00+05:30,356.9,358.5,356.75,357.7,107466,BIOCON
8520,2025-06-17 13:00:00+05:30,357.5,358.25,357.15,357.6,107503,BIOCON
8521,2025-06-17 13:05:00+05:30,357.45,357.85,357.15,357.5,75977,BIOCON
8522,2025-06-17 13:10:00+05:30,357.55,358.35,357.4,358.25,68326,BIOCON
8523,2025-06-17 13:15:00+05:30,358.25,358.35,357.0,357.15,57223,BIOCON
8524,2025-06-17 13:20:00+05:30,357.15,357.3,356.6,357.15,70447,BIOCON
8525,2025-06-17 13:25:00+05:30,357.2,357.5,357.05,357.15,29284,BIOCON
8526,2025-06-17 13:30:00+05:30,357.1,357.3,356.3,357.2,75155,BIOCON
8527,2025-06-17 13:35:00+05:30,357.0,357.9,356.7,357.9,37333,BIOCON
8528,2025-06-17 13:40:00+05:30,357.9,358.5,357.45,357.8,60979,BIOCON
8529,2025-06-17 13:45:00+05:30,357.7,357.7,356.75,357.2,34593,BIOCON
8530,2025-06-17 13:50:00+05:30,357.0,357.3,356.6,357.1,16711,BIOCON
8531,2025-06-17 13:55:00+05:30,357.2,357.4,356.85,357.1,15959,BIOCON
8532,2025-06-17 14:00:00+05:30,357.0,357.0,356.2,356.9,40536,BIOCON
8533,2025-06-17 14:05:00+05:30,356.9,357.55,356.45,357.55,26083,BIOCON
8534,2025-06-17 14:10:00+05:30,357.55,357.85,356.85,357.1,30845,BIOCON
8535,2025-06-17 14:15:00+05:30,357.05,357.05,356.6,356.9,17553,BIOCON
8536,2025-06-17 14:20:00+05:30,356.9,357.1,355.7,356.25,57632,BIOCON
8537,2025-06-17 14:25:00+05:30,356.4,356.45,354.3,354.5,163913,BIOCON
8538,2025-06-17 14:30:00+05:30,354.5,354.5,352.4,352.8,254750,BIOCON
8539,2025-06-17 14:35:00+05:30,352.8,352.8,350.4,351.65,281905,BIOCON
8540,2025-06-17 14:40:00+05:30,351.65,352.9,349.85,352.85,516051,BIOCON
8541,2025-06-17 14:45:00+05:30,352.85,354.6,352.7,353.35,136419,BIOCON
8542,2025-06-17 14:50:00+05:30,353.35,353.95,352.75,353.2,133933,BIOCON
8543,2025-06-17 14:55:00+05:30,353.2,353.55,352.4,353.0,76691,BIOCON
8544,2025-06-17 15:00:00+05:30,353.0,353.55,352.95,353.2,53008,BIOCON
8545,2025-06-17 15:05:00+05:30,353.2,354.0,353.2,353.85,62214,BIOCON
8546,2025-06-17 15:10:00+05:30,353.95,354.9,352.65,352.65,125027,BIOCON
8547,2025-06-17 15:15:00+05:30,352.8,353.1,352.0,352.1,245389,BIOCON
8548,2025-06-17 15:20:00+05:30,352.15,352.35,351.55,351.65,180493,BIOCON
8549,2025-06-17 15:25:00+05:30,351.6,352.1,351.55,352.1,115661,BIOCON
8550,2025-06-18 09:15:00+05:30,352.0,352.0,345.4,346.95,407370,BIOCON
8551,2025-06-18 09:20:00+05:30,346.9,348.4,345.8,347.95,471023,BIOCON
8552,2025-06-18 09:25:00+05:30,348.2,350.95,347.5,349.6,387327,BIOCON
8553,2025-06-18 09:30:00+05:30,349.85,350.7,348.85,348.9,194195,BIOCON
8554,2025-06-18 09:35:00+05:30,348.9,350.0,348.4,348.4,94870,BIOCON
8555,2025-06-18 09:40:00+05:30,348.4,349.75,348.4,348.65,61178,BIOCON
8556,2025-06-18 09:45:00+05:30,348.8,350.75,348.55,350.5,222835,BIOCON
8557,2025-06-18 09:50:00+05:30,350.45,352.0,350.45,351.15,239333,BIOCON
8558,2025-06-18 09:55:00+05:30,351.2,351.45,350.55,350.7,79813,BIOCON
8559,2025-06-18 10:00:00+05:30,350.7,350.75,349.05,349.75,47198,BIOCON
8560,2025-06-18 10:05:00+05:30,349.75,350.55,349.6,350.35,50355,BIOCON
8561,2025-06-18 10:10:00+05:30,350.35,350.55,349.25,349.35,50399,BIOCON
8562,2025-06-18 10:15:00+05:30,349.4,350.55,349.1,350.55,70869,BIOCON
8563,2025-06-18 10:20:00+05:30,350.45,350.85,349.8,349.8,26622,BIOCON
8564,2025-06-18 10:25:00+05:30,349.7,349.75,348.8,349.5,41757,BIOCON
8565,2025-06-18 10:30:00+05:30,349.5,349.55,347.05,347.7,114989,BIOCON
8566,2025-06-18 10:35:00+05:30,347.7,347.9,347.2,347.4,69751,BIOCON
8567,2025-06-18 10:40:00+05:30,347.4,347.8,346.55,347.3,123154,BIOCON
8568,2025-06-18 10:45:00+05:30,347.3,347.65,346.75,347.0,54800,BIOCON
8569,2025-06-18 10:50:00+05:30,347.0,347.3,346.0,346.0,58351,BIOCON
8570,2025-06-18 10:55:00+05:30,346.0,346.75,345.15,346.55,167157,BIOCON
8571,2025-06-18 11:00:00+05:30,346.65,347.45,346.15,347.45,36416,BIOCON
8572,2025-06-18 11:05:00+05:30,347.5,347.6,347.05,347.5,42394,BIOCON
8573,2025-06-18 11:10:00+05:30,347.6,348.1,347.4,347.7,38397,BIOCON
8574,2025-06-18 11:15:00+05:30,347.7,347.7,346.55,347.0,61498,BIOCON
8575,2025-06-18 11:20:00+05:30,347.0,347.3,345.55,345.75,59217,BIOCON
8576,2025-06-18 11:25:00+05:30,345.65,346.4,344.45,345.55,215475,BIOCON
8577,2025-06-18 11:30:00+05:30,345.55,345.75,344.15,344.5,124151,BIOCON
8578,2025-06-18 11:35:00+05:30,344.6,345.95,344.3,345.85,81559,BIOCON
8579,2025-06-18 11:40:00+05:30,345.9,346.85,345.45,346.55,79790,BIOCON
8580,2025-06-18 11:45:00+05:30,346.6,346.7,345.2,345.5,30978,BIOCON
8581,2025-06-18 11:50:00+05:30,345.5,345.5,344.6,344.85,53731,BIOCON
8582,2025-06-18 11:55:00+05:30,345.0,345.05,344.5,344.75,72131,BIOCON
8583,2025-06-18 12:00:00+05:30,344.95,345.35,344.35,345.0,73179,BIOCON
8584,2025-06-18 12:05:00+05:30,344.95,345.8,344.6,345.3,63290,BIOCON
8585,2025-06-18 12:10:00+05:30,345.35,345.5,344.7,344.9,24481,BIOCON
8586,2025-06-18 12:15:00+05:30,344.95,345.0,343.75,344.1,93145,BIOCON
8587,2025-06-18 12:20:00+05:30,344.1,344.6,343.8,344.45,82553,BIOCON
8588,2025-06-18 12:25:00+05:30,344.45,345.7,344.4,344.5,185825,BIOCON
8589,2025-06-18 12:30:00+05:30,344.5,345.25,344.1,344.15,60703,BIOCON
8590,2025-06-18 12:35:00+05:30,344.15,344.4,343.55,343.7,43586,BIOCON
8591,2025-06-18 12:40:00+05:30,343.8,343.85,341.3,341.6,165215,BIOCON
8592,2025-06-18 12:45:00+05:30,341.5,343.3,341.5,343.0,92376,BIOCON
8593,2025-06-18 12:50:00+05:30,342.9,343.0,342.15,342.7,88798,BIOCON
8594,2025-06-18 12:55:00+05:30,342.65,344.5,342.45,344.15,263434,BIOCON
8595,2025-06-18 13:00:00+05:30,344.1,344.25,343.0,343.45,155558,BIOCON
8596,2025-06-18 13:05:00+05:30,343.5,343.55,342.85,343.25,37100,BIOCON
8597,2025-06-18 13:10:00+05:30,343.3,344.55,343.05,343.95,143955,BIOCON
8598,2025-06-18 13:15:00+05:30,344.05,344.05,342.9,343.1,48405,BIOCON
8599,2025-06-18 13:20:00+05:30,343.1,343.4,342.55,343.25,43961,BIOCON
8600,2025-06-18 13:25:00+05:30,343.25,343.25,342.55,343.05,31421,BIOCON
8601,2025-06-18 13:30:00+05:30,343.0,343.2,341.5,341.8,79937,BIOCON
8602,2025-06-18 13:35:00+05:30,342.0,343.05,341.8,342.7,99964,BIOCON
8603,2025-06-18 13:40:00+05:30,342.7,342.95,342.25,342.25,59221,BIOCON
8604,2025-06-18 13:45:00+05:30,342.25,342.6,341.75,342.0,139760,BIOCON
8605,2025-06-18 13:50:00+05:30,342.1,342.65,341.85,342.35,316990,BIOCON
8606,2025-06-18 13:55:00+05:30,342.35,342.35,341.25,341.9,122343,BIOCON
8607,2025-06-18 14:00:00+05:30,341.9,341.95,341.05,341.5,216854,BIOCON
8608,2025-06-18 14:05:00+05:30,341.6,341.7,341.0,341.4,132177,BIOCON
8609,2025-06-18 14:10:00+05:30,341.3,341.4,340.65,341.2,340572,BIOCON
8610,2025-06-18 14:15:00+05:30,341.15,341.4,340.7,341.0,226468,BIOCON
8611,2025-06-18 14:20:00+05:30,341.15,341.25,340.1,340.3,154537,BIOCON
8612,2025-06-18 14:25:00+05:30,340.3,341.2,340.2,341.15,132727,BIOCON
8613,2025-06-18 14:30:00+05:30,341.05,341.9,341.05,341.45,88404,BIOCON
8614,2025-06-18 14:35:00+05:30,341.45,341.85,340.85,340.85,47607,BIOCON
8615,2025-06-18 14:40:00+05:30,340.85,341.4,340.85,341.3,24317,BIOCON
8616,2025-06-18 14:45:00+05:30,341.3,341.75,341.05,341.55,64392,BIOCON
8617,2025-06-18 14:50:00+05:30,341.55,341.65,341.25,341.5,33846,BIOCON
8618,2025-06-18 14:55:00+05:30,341.5,341.7,341.2,341.55,36012,BIOCON
8619,2025-06-18 15:00:00+05:30,341.7,342.1,340.9,341.5,148163,BIOCON
8620,2025-06-18 15:05:00+05:30,341.5,342.4,341.45,342.4,292714,BIOCON
8621,2025-06-18 15:10:00+05:30,342.4,342.5,342.0,342.15,111704,BIOCON
8622,2025-06-18 15:15:00+05:30,342.15,342.5,342.0,342.4,241439,BIOCON
8623,2025-06-18 15:20:00+05:30,342.3,342.7,342.0,342.5,123369,BIOCON
8624,2025-06-18 15:25:00+05:30,342.45,342.7,342.0,342.7,114222,BIOCON
8625,2025-06-19 09:15:00+05:30,343.0,346.9,343.0,345.3,388799,BIOCON
8626,2025-06-19 09:20:00+05:30,345.15,345.4,344.0,344.65,227136,BIOCON
8627,2025-06-19 09:25:00+05:30,344.8,344.85,343.05,343.1,126242,BIOCON
8628,2025-06-19 09:30:00+05:30,343.35,346.05,343.35,344.75,455330,BIOCON
8629,2025-06-19 09:35:00+05:30,344.75,344.9,343.9,344.85,74960,BIOCON
8630,2025-06-19 09:40:00+05:30,344.85,345.95,344.65,345.8,92687,BIOCON
8631,2025-06-19 09:45:00+05:30,345.8,348.9,345.8,348.9,559426,BIOCON
8632,2025-06-19 09:50:00+05:30,348.8,348.9,346.55,347.3,225924,BIOCON
8633,2025-06-19 09:55:00+05:30,347.4,347.55,345.45,346.4,167129,BIOCON
8634,2025-06-19 10:00:00+05:30,346.4,346.5,345.0,345.25,62232,BIOCON
8635,2025-06-19 10:05:00+05:30,345.25,345.95,345.15,345.75,40057,BIOCON
8636,2025-06-19 10:10:00+05:30,345.75,346.6,345.7,346.25,126720,BIOCON
8637,2025-06-19 10:15:00+05:30,346.3,347.6,345.3,347.35,162266,BIOCON
8638,2025-06-19 10:20:00+05:30,347.4,349.3,347.1,348.9,395650,BIOCON
8639,2025-06-19 10:25:00+05:30,348.9,350.5,348.0,349.95,516498,BIOCON
8640,2025-06-19 10:30:00+05:30,349.9,349.9,346.55,348.35,418447,BIOCON
8641,2025-06-19 10:35:00+05:30,348.35,349.95,348.1,349.1,192490,BIOCON
8642,2025-06-19 10:40:00+05:30,349.1,349.6,348.45,349.5,98385,BIOCON
8643,2025-06-19 10:45:00+05:30,349.5,349.6,348.85,349.15,82149,BIOCON
8644,2025-06-19 10:50:00+05:30,349.25,349.45,348.5,348.7,69326,BIOCON
8645,2025-06-19 10:55:00+05:30,348.8,349.8,348.75,349.3,128497,BIOCON
8646,2025-06-19 11:00:00+05:30,349.6,350.35,349.0,349.65,187202,BIOCON
8647,2025-06-19 11:05:00+05:30,349.75,350.2,349.0,349.1,108474,BIOCON
8648,2025-06-19 11:10:00+05:30,349.2,349.95,348.9,349.65,49712,BIOCON
8649,2025-06-19 11:15:00+05:30,349.8,350.2,349.55,349.75,45352,BIOCON
8650,2025-06-19 11:20:00+05:30,349.85,350.2,349.7,350.2,69505,BIOCON
8651,2025-06-19 11:25:00+05:30,350.15,350.8,350.0,350.7,102955,BIOCON
8652,2025-06-19 11:30:00+05:30,350.75,350.8,350.05,350.5,100737,BIOCON
8653,2025-06-19 11:35:00+05:30,350.5,350.55,349.3,350.0,191903,BIOCON
8654,2025-06-19 11:40:00+05:30,350.1,350.9,349.95,350.45,76032,BIOCON
8655,2025-06-19 11:45:00+05:30,350.7,350.9,349.85,350.0,61347,BIOCON
8656,2025-06-19 11:50:00+05:30,349.85,350.5,349.85,350.4,46200,BIOCON
8657,2025-06-19 11:55:00+05:30,350.4,350.95,350.25,350.7,80110,BIOCON
8658,2025-06-19 12:00:00+05:30,350.7,350.9,350.1,350.3,85976,BIOCON
8659,2025-06-19 12:05:00+05:30,350.25,350.6,350.25,350.3,39559,BIOCON
8660,2025-06-19 12:10:00+05:30,350.35,350.4,349.6,350.2,93145,BIOCON
8661,2025-06-19 12:15:00+05:30,350.2,350.2,349.85,350.05,48563,BIOCON
8662,2025-06-19 12:20:00+05:30,350.05,350.1,348.65,349.45,124331,BIOCON
8663,2025-06-19 12:25:00+05:30,349.45,349.85,348.6,349.2,102012,BIOCON
8664,2025-06-19 12:30:00+05:30,349.1,349.65,349.0,349.35,38037,BIOCON
8665,2025-06-19 12:35:00+05:30,349.35,349.5,348.1,348.3,85411,BIOCON
8666,2025-06-19 12:40:00+05:30,348.5,349.2,348.25,348.95,84698,BIOCON
8667,2025-06-19 12:45:00+05:30,349.1,349.1,347.3,347.7,143624,BIOCON
8668,2025-06-19 12:50:00+05:30,347.45,348.25,347.4,348.05,82192,BIOCON
8669,2025-06-19 12:55:00+05:30,348.25,348.4,347.4,347.6,61179,BIOCON
8670,2025-06-19 13:00:00+05:30,347.8,347.9,347.0,347.1,75737,BIOCON
8671,2025-06-19 13:05:00+05:30,347.0,349.2,346.8,348.65,122782,BIOCON
8672,2025-06-19 13:10:00+05:30,348.65,349.0,347.0,347.2,112111,BIOCON
8673,2025-06-19 13:15:00+05:30,347.3,348.45,347.1,347.6,100155,BIOCON
8674,2025-06-19 13:20:00+05:30,347.5,347.5,346.5,347.25,119209,BIOCON
8675,2025-06-19 13:25:00+05:30,347.1,347.4,347.05,347.15,30052,BIOCON
8676,2025-06-19 13:30:00+05:30,347.15,347.4,346.3,347.25,90742,BIOCON
8677,2025-06-19 13:35:00+05:30,347.1,347.2,346.2,346.95,55086,BIOCON
8678,2025-06-19 13:40:00+05:30,346.95,347.25,346.45,346.7,47448,BIOCON
8679,2025-06-19 13:45:00+05:30,346.9,347.5,346.5,347.25,42079,BIOCON
8680,2025-06-19 13:50:00+05:30,347.15,348.2,347.15,348.2,67092,BIOCON
8681,2025-06-19 13:55:00+05:30,348.15,348.5,347.65,348.0,86061,BIOCON
8682,2025-06-19 14:00:00+05:30,348.0,348.45,347.75,348.1,52371,BIOCON
8683,2025-06-19 14:05:00+05:30,348.05,348.5,348.05,348.3,31348,BIOCON
8684,2025-06-19 14:10:00+05:30,348.45,348.5,347.95,348.35,27598,BIOCON
8685,2025-06-19 14:15:00+05:30,348.5,349.0,348.35,348.95,33692,BIOCON
8686,2025-06-19 14:20:00+05:30,348.95,349.2,348.5,348.5,48207,BIOCON
8687,2025-06-19 14:25:00+05:30,348.7,348.85,348.1,348.5,60084,BIOCON
8688,2025-06-19 14:30:00+05:30,348.45,348.6,348.15,348.2,21843,BIOCON
8689,2025-06-19 14:35:00+05:30,348.3,349.0,348.25,348.8,45537,BIOCON
8690,2025-06-19 14:40:00+05:30,349.0,349.15,348.4,348.6,48992,BIOCON
8691,2025-06-19 14:45:00+05:30,348.5,349.85,348.5,349.8,65405,BIOCON
8692,2025-06-19 14:50:00+05:30,349.8,350.0,348.95,349.8,128271,BIOCON
8693,2025-06-19 14:55:00+05:30,349.8,349.8,348.7,349.15,35691,BIOCON
8694,2025-06-19 15:00:00+05:30,349.15,349.65,348.4,349.5,78544,BIOCON
8695,2025-06-19 15:05:00+05:30,349.5,349.75,349.0,349.6,125626,BIOCON
8696,2025-06-19 15:10:00+05:30,349.6,350.0,348.35,348.6,113486,BIOCON
8697,2025-06-19 15:15:00+05:30,348.7,348.95,347.85,348.25,114322,BIOCON
8698,2025-06-19 15:20:00+05:30,348.25,349.0,347.7,348.2,162216,BIOCON
8699,2025-06-19 15:25:00+05:30,348.35,348.35,346.3,347.0,115081,BIOCON
8700,2025-06-20 09:15:00+05:30,348.05,352.3,345.2,345.35,309078,BIOCON
8701,2025-06-20 09:20:00+05:30,345.35,346.35,344.85,345.6,132626,BIOCON
8702,2025-06-20 09:25:00+05:30,345.35,346.55,345.3,346.25,53502,BIOCON
8703,2025-06-20 09:30:00+05:30,346.25,346.75,345.25,346.1,52152,BIOCON
8704,2025-06-20 09:35:00+05:30,346.2,347.3,345.85,346.35,46708,BIOCON
8705,2025-06-20 09:40:00+05:30,346.35,346.4,344.55,346.05,58659,BIOCON
8706,2025-06-20 09:45:00+05:30,346.05,346.55,345.8,346.3,45999,BIOCON
8707,2025-06-20 09:50:00+05:30,346.3,346.5,345.15,345.75,32430,BIOCON
8708,2025-06-20 09:55:00+05:30,345.75,345.9,345.3,345.7,14465,BIOCON
8709,2025-06-20 10:00:00+05:30,345.6,345.85,345.35,345.65,23604,BIOCON
8710,2025-06-20 10:05:00+05:30,345.45,346.3,345.45,346.3,29085,BIOCON
8711,2025-06-20 10:10:00+05:30,346.3,348.95,346.0,348.55,145881,BIOCON
8712,2025-06-20 10:15:00+05:30,348.6,349.0,347.7,348.7,121400,BIOCON
8713,2025-06-20 10:20:00+05:30,348.75,349.5,346.7,348.65,113817,BIOCON
8714,2025-06-20 10:25:00+05:30,348.8,349.3,348.7,349.1,17673,BIOCON
8715,2025-06-20 10:30:00+05:30,349.1,349.45,348.9,349.2,21478,BIOCON
8716,2025-06-20 10:35:00+05:30,349.25,349.3,348.5,348.95,22702,BIOCON
8717,2025-06-20 10:40:00+05:30,349.05,349.15,348.6,349.0,12884,BIOCON
8718,2025-06-20 10:45:00+05:30,349.0,349.75,348.35,349.0,51459,BIOCON
8719,2025-06-20 10:50:00+05:30,349.1,349.7,348.0,348.35,52170,BIOCON
8720,2025-06-20 10:55:00+05:30,348.25,348.6,347.65,348.2,23753,BIOCON
8721,2025-06-20 11:00:00+05:30,348.2,348.55,347.75,348.35,16109,BIOCON
8722,2025-06-20 11:05:00+05:30,348.65,349.4,348.4,348.7,30727,BIOCON
8723,2025-06-20 11:10:00+05:30,348.75,348.8,348.25,348.55,6057,BIOCON
8724,2025-06-20 11:15:00+05:30,348.55,348.8,348.25,348.35,8095,BIOCON
8725,2025-06-20 11:20:00+05:30,348.35,348.6,348.2,348.6,4587,BIOCON
8726,2025-06-20 11:25:00+05:30,348.6,348.9,348.3,348.3,9496,BIOCON
8727,2025-06-20 11:30:00+05:30,348.4,348.5,348.2,348.2,5032,BIOCON
8728,2025-06-20 11:35:00+05:30,348.2,348.35,347.65,347.8,15209,BIOCON
8729,2025-06-20 11:40:00+05:30,347.8,347.85,347.5,347.55,7258,BIOCON
8730,2025-06-20 11:45:00+05:30,347.5,348.1,347.5,348.05,16992,BIOCON
8731,2025-06-20 11:50:00+05:30,348.05,348.2,347.7,347.95,6876,BIOCON
8732,2025-06-20 11:55:00+05:30,347.85,348.2,347.6,348.0,20413,BIOCON
8733,2025-06-20 12:00:00+05:30,348.0,348.2,347.9,348.2,12978,BIOCON
8734,2025-06-20 12:05:00+05:30,348.2,348.25,348.0,348.2,3301,BIOCON
8735,2025-06-20 12:10:00+05:30,348.25,350.0,348.25,349.2,191689,BIOCON
8736,2025-06-20 12:15:00+05:30,349.2,349.85,348.9,349.6,68769,BIOCON
8737,2025-06-20 12:20:00+05:30,349.5,349.5,348.95,349.2,23092,BIOCON
8738,2025-06-20 12:25:00+05:30,349.15,350.35,349.05,349.7,77759,BIOCON
8739,2025-06-20 12:30:00+05:30,349.65,350.7,349.4,349.95,124199,BIOCON
8740,2025-06-20 12:35:00+05:30,349.95,350.25,349.55,350.2,41077,BIOCON
8741,2025-06-20 12:40:00+05:30,350.15,350.85,349.95,350.8,42021,BIOCON
8742,2025-06-20 12:45:00+05:30,350.8,351.4,350.4,350.9,84849,BIOCON
8743,2025-06-20 12:50:00+05:30,350.95,351.65,350.85,351.3,71122,BIOCON
8744,2025-06-20 12:55:00+05:30,351.3,351.75,351.1,351.4,51314,BIOCON
8745,2025-06-20 13:00:00+05:30,351.4,351.45,351.0,351.1,22162,BIOCON
8746,2025-06-20 13:05:00+05:30,351.1,351.25,350.95,351.05,27148,BIOCON
8747,2025-06-20 13:10:00+05:30,351.2,351.3,350.55,351.3,54792,BIOCON
8748,2025-06-20 13:15:00+05:30,351.15,351.3,351.0,351.2,11023,BIOCON
8749,2025-06-20 13:20:00+05:30,351.15,351.5,351.0,351.05,11908,BIOCON
8750,2025-06-20 13:25:00+05:30,351.1,351.25,351.0,351.15,16991,BIOCON
8751,2025-06-20 13:30:00+05:30,351.1,351.2,351.0,351.0,4579,BIOCON
8752,2025-06-20 13:35:00+05:30,351.0,351.15,351.0,351.1,17826,BIOCON
8753,2025-06-20 13:40:00+05:30,351.05,351.9,351.0,351.9,34395,BIOCON
8754,2025-06-20 13:45:00+05:30,351.9,352.3,351.0,351.25,113319,BIOCON
8755,2025-06-20 13:50:00+05:30,351.25,351.6,350.9,351.35,27365,BIOCON
8756,2025-06-20 13:55:00+05:30,351.35,351.35,350.75,351.05,22515,BIOCON
8757,2025-06-20 14:00:00+05:30,351.05,351.4,351.0,351.2,9533,BIOCON
8758,2025-06-20 14:05:00+05:30,351.2,352.25,350.95,352.05,83010,BIOCON
8759,2025-06-20 14:10:00+05:30,352.0,352.55,351.7,352.25,76722,BIOCON
8760,2025-06-20 14:15:00+05:30,352.15,352.25,351.65,352.0,55014,BIOCON
8761,2025-06-20 14:20:00+05:30,352.0,352.25,351.95,352.15,28943,BIOCON
8762,2025-06-20 14:25:00+05:30,352.2,352.3,352.0,352.2,8134,BIOCON
8763,2025-06-20 14:30:00+05:30,352.2,352.5,352.15,352.3,10533,BIOCON
8764,2025-06-20 14:35:00+05:30,352.35,352.9,352.15,352.2,49407,BIOCON
8765,2025-06-20 14:40:00+05:30,352.25,352.7,352.25,352.5,53642,BIOCON
8766,2025-06-20 14:45:00+05:30,352.6,352.75,352.2,352.55,24196,BIOCON
8767,2025-06-20 14:50:00+05:30,352.55,352.6,352.0,352.45,31155,BIOCON
8768,2025-06-20 14:55:00+05:30,352.35,352.45,351.6,351.95,28899,BIOCON
8769,2025-06-20 15:00:00+05:30,351.95,352.35,350.6,351.1,115288,BIOCON
8770,2025-06-20 15:05:00+05:30,351.15,351.75,351.0,351.5,46500,BIOCON
8771,2025-06-20 15:10:00+05:30,351.45,351.7,350.85,351.4,62959,BIOCON
8772,2025-06-20 15:15:00+05:30,351.5,351.9,350.9,351.6,95916,BIOCON
8773,2025-06-20 15:20:00+05:30,351.7,351.9,350.95,351.35,81693,BIOCON
8774,2025-06-20 15:25:00+05:30,351.4,351.55,350.0,350.65,77972,BIOCON
8775,2025-06-23 09:15:00+05:30,347.95,353.6,347.85,351.1,513752,BIOCON
8776,2025-06-23 09:20:00+05:30,351.1,351.85,350.3,351.55,87448,BIOCON
8777,2025-06-23 09:25:00+05:30,351.55,352.05,350.9,352.05,74195,BIOCON
8778,2025-06-23 09:30:00+05:30,351.95,352.8,351.05,351.1,61449,BIOCON
8779,2025-06-23 09:35:00+05:30,351.05,351.85,350.9,351.0,52673,BIOCON
8780,2025-06-23 09:40:00+05:30,351.1,351.75,350.7,351.05,46597,BIOCON
8781,2025-06-23 09:45:00+05:30,351.35,352.2,351.0,352.1,22131,BIOCON
8782,2025-06-23 09:50:00+05:30,352.1,353.2,352.1,352.3,63387,BIOCON
8783,2025-06-23 09:55:00+05:30,352.3,352.45,351.7,352.25,30370,BIOCON
8784,2025-06-23 10:00:00+05:30,352.2,352.6,352.0,352.35,12719,BIOCON
8785,2025-06-23 10:05:00+05:30,352.25,352.65,352.25,352.35,12482,BIOCON
8786,2025-06-23 10:10:00+05:30,352.45,352.5,352.0,352.0,12222,BIOCON
8787,2025-06-23 10:15:00+05:30,352.1,352.8,351.4,352.0,52062,BIOCON
8788,2025-06-23 10:20:00+05:30,352.0,352.55,351.15,351.85,48404,BIOCON
8789,2025-06-23 10:25:00+05:30,351.75,351.85,350.45,350.65,98261,BIOCON
8790,2025-06-23 10:30:00+05:30,350.7,351.6,350.65,350.95,51307,BIOCON
8791,2025-06-23 10:35:00+05:30,350.9,351.1,350.75,351.0,19805,BIOCON
8792,2025-06-23 10:40:00+05:30,350.95,351.1,350.4,351.0,45925,BIOCON
8793,2025-06-23 10:45:00+05:30,351.0,351.0,350.8,350.85,38321,BIOCON
8794,2025-06-23 10:50:00+05:30,350.9,351.0,350.4,350.8,30523,BIOCON
8795,2025-06-23 10:55:00+05:30,350.65,351.25,350.65,351.25,29686,BIOCON
8796,2025-06-23 11:00:00+05:30,351.2,351.6,351.15,351.35,21794,BIOCON
8797,2025-06-23 11:05:00+05:30,351.35,351.5,351.05,351.4,19428,BIOCON
8798,2025-06-23 11:10:00+05:30,351.4,351.6,351.35,351.45,13855,BIOCON
8799,2025-06-23 11:15:00+05:30,351.5,351.6,351.35,351.45,20471,BIOCON
8800,2025-06-23 11:20:00+05:30,351.5,351.6,351.3,351.4,16444,BIOCON
8801,2025-06-23 11:25:00+05:30,351.5,353.5,351.45,353.05,120908,BIOCON
8802,2025-06-23 11:30:00+05:30,353.1,353.4,352.85,353.3,35333,BIOCON
8803,2025-06-23 11:35:00+05:30,353.35,353.45,352.8,352.8,22534,BIOCON
8804,2025-06-23 11:40:00+05:30,353.05,353.25,352.75,353.0,16820,BIOCON
8805,2025-06-23 11:45:00+05:30,353.0,353.4,352.55,353.25,43129,BIOCON
8806,2025-06-23 11:50:00+05:30,353.1,353.25,352.3,352.45,23090,BIOCON
8807,2025-06-23 11:55:00+05:30,352.5,353.1,352.5,353.0,16501,BIOCON
8808,2025-06-23 12:00:00+05:30,353.0,353.2,352.65,353.0,11795,BIOCON
8809,2025-06-23 12:05:00+05:30,353.0,353.15,352.9,353.1,11615,BIOCON
8810,2025-06-23 12:10:00+05:30,353.1,353.2,352.85,353.1,12912,BIOCON
8811,2025-06-23 12:15:00+05:30,353.0,353.45,352.6,353.15,27984,BIOCON
8812,2025-06-23 12:20:00+05:30,353.35,353.6,353.0,353.05,84264,BIOCON
8813,2025-06-23 12:25:00+05:30,353.05,353.5,353.0,353.5,49232,BIOCON
8814,2025-06-23 12:30:00+05:30,353.5,353.6,353.1,353.25,45027,BIOCON
8815,2025-06-23 12:35:00+05:30,353.25,353.6,353.1,353.2,56124,BIOCON
8816,2025-06-23 12:40:00+05:30,353.15,354.7,353.15,354.1,182804,BIOCON
8817,2025-06-23 12:45:00+05:30,354.1,354.7,354.05,354.35,49666,BIOCON
8818,2025-06-23 12:50:00+05:30,354.2,354.2,353.55,353.75,35834,BIOCON
8819,2025-06-23 12:55:00+05:30,353.8,354.45,353.75,354.25,24302,BIOCON
8820,2025-06-23 13:00:00+05:30,354.3,354.7,354.25,354.55,23131,BIOCON
8821,2025-06-23 13:05:00+05:30,354.55,354.6,353.7,354.0,50247,BIOCON
8822,2025-06-23 13:10:00+05:30,353.95,354.15,353.85,354.15,14751,BIOCON
8823,2025-06-23 13:15:00+05:30,354.15,354.3,353.7,354.0,23356,BIOCON
8824,2025-06-23 13:20:00+05:30,354.1,354.35,353.85,354.05,37863,BIOCON
8825,2025-06-23 13:25:00+05:30,354.05,354.1,353.55,353.95,23624,BIOCON
8826,2025-06-23 13:30:00+05:30,353.95,354.25,353.85,354.1,29910,BIOCON
8827,2025-06-23 13:35:00+05:30,353.9,354.3,353.8,354.15,28903,BIOCON
8828,2025-06-23 13:40:00+05:30,354.15,354.45,353.9,354.4,50805,BIOCON
8829,2025-06-23 13:45:00+05:30,354.4,354.55,354.0,354.0,25302,BIOCON
8830,2025-06-23 13:50:00+05:30,354.0,354.45,353.6,354.2,30395,BIOCON
8831,2025-06-23 13:55:00+05:30,354.35,355.0,354.2,354.45,123553,BIOCON
8832,2025-06-23 14:00:00+05:30,354.5,355.45,354.45,355.4,152883,BIOCON
8833,2025-06-23 14:05:00+05:30,355.25,355.75,354.85,355.35,73366,BIOCON
8834,2025-06-23 14:10:00+05:30,355.35,355.35,354.4,354.55,81748,BIOCON
8835,2025-06-23 14:15:00+05:30,354.6,354.65,353.55,353.95,71342,BIOCON
8836,2025-06-23 14:20:00+05:30,354.0,354.3,353.1,353.5,55676,BIOCON
8837,2025-06-23 14:25:00+05:30,353.5,353.5,353.1,353.4,18168,BIOCON
8838,2025-06-23 14:30:00+05:30,353.45,353.8,353.35,353.5,18243,BIOCON
8839,2025-06-23 14:35:00+05:30,353.45,353.65,353.3,353.3,12119,BIOCON
8840,2025-06-23 14:40:00+05:30,353.35,353.35,352.55,352.75,52024,BIOCON
8841,2025-06-23 14:45:00+05:30,352.8,353.3,352.65,353.25,58479,BIOCON
8842,2025-06-23 14:50:00+05:30,353.25,353.5,352.8,353.3,34692,BIOCON
8843,2025-06-23 14:55:00+05:30,353.3,353.65,352.85,353.35,45451,BIOCON
8844,2025-06-23 15:00:00+05:30,353.4,353.45,352.8,352.8,28465,BIOCON
8845,2025-06-23 15:05:00+05:30,352.8,352.8,352.1,352.25,53937,BIOCON
8846,2025-06-23 15:10:00+05:30,352.3,352.45,351.6,351.8,75800,BIOCON
8847,2025-06-23 15:15:00+05:30,351.8,351.85,351.1,351.3,160680,BIOCON
8848,2025-06-23 15:20:00+05:30,351.3,352.0,350.65,351.85,158122,BIOCON
8849,2025-06-23 15:25:00+05:30,351.8,353.85,351.2,351.65,496421,BIOCON
8850,2025-06-24 09:15:00+05:30,350.0,351.5,346.1,346.6,853571,BIOCON
8851,2025-06-24 09:20:00+05:30,346.6,347.65,346.15,346.6,300389,BIOCON
8852,2025-06-24 09:25:00+05:30,346.3,346.75,345.65,346.15,282573,BIOCON
8853,2025-06-24 09:30:00+05:30,346.15,347.0,345.8,346.75,140488,BIOCON
8854,2025-06-24 09:35:00+05:30,346.75,348.45,346.65,348.05,143051,BIOCON
8855,2025-06-24 09:40:00+05:30,348.0,349.7,348.0,349.0,239104,BIOCON
8856,2025-06-24 09:45:00+05:30,349.0,349.8,348.6,349.4,257452,BIOCON
8857,2025-06-24 09:50:00+05:30,349.4,349.55,348.7,349.1,117780,BIOCON
8858,2025-06-24 09:55:00+05:30,349.05,349.4,348.8,349.1,102679,BIOCON
8859,2025-06-24 10:00:00+05:30,349.1,350.15,349.1,349.95,175857,BIOCON
8860,2025-06-24 10:05:00+05:30,349.95,350.15,349.0,349.7,101430,BIOCON
8861,2025-06-24 10:10:00+05:30,349.75,350.35,349.4,350.25,91593,BIOCON
8862,2025-06-24 10:15:00+05:30,350.25,350.45,349.0,349.4,126283,BIOCON
8863,2025-06-24 10:20:00+05:30,349.4,349.65,349.0,349.4,61845,BIOCON
8864,2025-06-24 10:25:00+05:30,349.4,349.65,348.0,348.1,156090,BIOCON
8865,2025-06-24 10:30:00+05:30,348.1,348.55,347.3,347.6,121227,BIOCON
8866,2025-06-24 10:35:00+05:30,347.6,348.35,347.4,347.85,82009,BIOCON
8867,2025-06-24 10:40:00+05:30,347.85,349.0,347.75,348.85,100749,BIOCON
8868,2025-06-24 10:45:00+05:30,348.85,348.85,347.8,348.1,130743,BIOCON
8869,2025-06-24 10:50:00+05:30,348.15,348.75,347.45,347.45,118641,BIOCON
8870,2025-06-24 10:55:00+05:30,347.45,349.15,347.4,347.8,167362,BIOCON
8871,2025-06-24 11:00:00+05:30,347.8,348.2,346.55,347.7,206076,BIOCON
8872,2025-06-24 11:05:00+05:30,347.7,348.35,347.6,347.8,96510,BIOCON
8873,2025-06-24 11:10:00+05:30,347.8,348.4,347.5,348.05,128659,BIOCON
8874,2025-06-24 11:15:00+05:30,348.05,348.45,347.5,347.6,106966,BIOCON
8875,2025-06-24 11:20:00+05:30,347.75,348.5,347.6,347.95,98332,BIOCON
8876,2025-06-24 11:25:00+05:30,348.0,348.15,347.0,347.65,165472,BIOCON
8877,2025-06-24 11:30:00+05:30,347.65,348.5,347.6,347.8,193812,BIOCON
8878,2025-06-24 11:35:00+05:30,347.8,348.75,347.3,347.85,161472,BIOCON
8879,2025-06-24 11:40:00+05:30,347.85,348.5,347.8,347.9,94768,BIOCON
8880,2025-06-24 11:45:00+05:30,347.9,348.25,347.3,347.65,89710,BIOCON
8881,2025-06-24 11:50:00+05:30,347.65,348.75,347.6,348.4,179708,BIOCON
8882,2025-06-24 11:55:00+05:30,348.4,348.55,347.35,348.0,190051,BIOCON
8883,2025-06-24 12:00:00+05:30,348.05,348.85,348.0,348.8,149894,BIOCON
8884,2025-06-24 12:05:00+05:30,348.8,349.8,348.8,349.45,245091,BIOCON
8885,2025-06-24 12:10:00+05:30,349.45,350.0,349.15,349.95,338186,BIOCON
8886,2025-06-24 12:15:00+05:30,349.9,350.0,348.95,349.9,116910,BIOCON
8887,2025-06-24 12:20:00+05:30,349.85,350.0,349.4,349.6,106756,BIOCON
8888,2025-06-24 12:25:00+05:30,349.6,351.05,349.6,350.95,335779,BIOCON
8889,2025-06-24 12:30:00+05:30,350.9,350.95,350.8,350.8,105148,BIOCON
8890,2025-06-24 12:35:00+05:30,350.8,350.9,349.55,349.55,136371,BIOCON
8891,2025-06-24 12:40:00+05:30,349.55,349.7,348.75,349.2,146386,BIOCON
8892,2025-06-24 12:45:00+05:30,349.2,350.3,349.2,349.65,141627,BIOCON
8893,2025-06-24 12:50:00+05:30,349.65,350.0,349.6,349.8,119311,BIOCON
8894,2025-06-24 12:55:00+05:30,349.8,349.9,349.0,349.25,405182,BIOCON
8895,2025-06-24 13:00:00+05:30,349.25,349.3,348.8,349.0,103791,BIOCON
8896,2025-06-24 13:05:00+05:30,349.0,349.05,348.7,348.95,72807,BIOCON
8897,2025-06-24 13:10:00+05:30,348.95,349.75,348.9,349.5,181030,BIOCON
8898,2025-06-24 13:15:00+05:30,349.45,349.7,349.3,349.55,98171,BIOCON
8899,2025-06-24 13:20:00+05:30,349.5,349.6,348.7,348.7,125946,BIOCON
8900,2025-06-24 13:25:00+05:30,348.75,348.9,348.4,348.4,140914,BIOCON
8901,2025-06-24 13:30:00+05:30,348.4,348.5,348.05,348.15,103445,BIOCON
8902,2025-06-24 13:35:00+05:30,348.1,348.45,347.5,347.6,116686,BIOCON
8903,2025-06-24 13:40:00+05:30,347.6,348.8,347.6,348.45,93506,BIOCON
8904,2025-06-24 13:45:00+05:30,348.45,349.05,348.45,348.7,78269,BIOCON
8905,2025-06-24 13:50:00+05:30,348.7,349.45,348.65,349.35,64825,BIOCON
8906,2025-06-24 13:55:00+05:30,349.35,349.5,348.8,349.05,82116,BIOCON
8907,2025-06-24 14:00:00+05:30,349.05,349.3,349.0,349.05,72968,BIOCON
8908,2025-06-24 14:05:00+05:30,349.05,349.1,348.35,348.85,114283,BIOCON
8909,2025-06-24 14:10:00+05:30,348.85,349.35,348.7,349.05,69573,BIOCON
8910,2025-06-24 14:15:00+05:30,349.0,349.9,349.0,349.75,128214,BIOCON
8911,2025-06-24 14:20:00+05:30,349.7,350.1,349.7,350.1,137520,BIOCON
8912,2025-06-24 14:25:00+05:30,350.1,350.3,349.3,350.0,156593,BIOCON
8913,2025-06-24 14:30:00+05:30,350.0,350.3,349.85,350.05,119327,BIOCON
8914,2025-06-24 14:35:00+05:30,350.05,350.2,350.0,350.0,76461,BIOCON
8915,2025-06-24 14:40:00+05:30,350.0,350.4,350.0,350.15,129644,BIOCON
8916,2025-06-24 14:45:00+05:30,350.15,350.5,349.8,350.1,159724,BIOCON
8917,2025-06-24 14:50:00+05:30,350.15,350.3,349.85,350.05,117029,BIOCON
8918,2025-06-24 14:55:00+05:30,350.05,350.4,350.0,350.15,104721,BIOCON
8919,2025-06-24 15:00:00+05:30,350.15,350.45,350.05,350.35,137470,BIOCON
8920,2025-06-24 15:05:00+05:30,350.35,350.5,349.45,349.75,193112,BIOCON
8921,2025-06-24 15:10:00+05:30,349.7,350.0,348.7,348.85,315865,BIOCON
8922,2025-06-24 15:15:00+05:30,348.85,349.2,348.5,348.5,224457,BIOCON
8923,2025-06-24 15:20:00+05:30,348.5,349.0,348.5,348.75,218818,BIOCON
8924,2025-06-24 15:25:00+05:30,348.8,349.3,348.6,348.9,518369,BIOCON
8925,2025-06-25 09:15:00+05:30,350.35,350.35,343.05,344.15,704259,BIOCON
8926,2025-06-25 09:20:00+05:30,344.2,346.95,344.0,346.2,413866,BIOCON
8927,2025-06-25 09:25:00+05:30,346.2,348.85,346.2,348.05,373196,BIOCON
8928,2025-06-25 09:30:00+05:30,348.05,350.2,347.6,349.35,364429,BIOCON
8929,2025-06-25 09:35:00+05:30,349.3,351.3,348.8,350.85,302267,BIOCON
8930,2025-06-25 09:40:00+05:30,350.7,352.3,350.55,351.9,387471,BIOCON
8931,2025-06-25 09:45:00+05:30,351.9,354.95,351.9,354.55,602294,BIOCON
8932,2025-06-25 09:50:00+05:30,354.6,355.45,353.1,354.0,528501,BIOCON
8933,2025-06-25 09:55:00+05:30,353.85,354.0,352.1,352.65,224473,BIOCON
8934,2025-06-25 10:00:00+05:30,352.6,352.65,351.55,352.25,257591,BIOCON
8935,2025-06-25 10:05:00+05:30,352.3,353.3,351.75,353.0,1006433,BIOCON
8936,2025-06-25 10:10:00+05:30,352.9,353.0,351.05,351.85,367708,BIOCON
8937,2025-06-25 10:15:00+05:30,351.85,352.65,351.25,351.45,289616,BIOCON
8938,2025-06-25 10:20:00+05:30,351.45,351.7,349.7,351.15,222972,BIOCON
8939,2025-06-25 10:25:00+05:30,351.2,351.65,349.8,350.0,194119,BIOCON
8940,2025-06-25 10:30:00+05:30,350.0,350.6,349.1,349.8,125116,BIOCON
8941,2025-06-25 10:35:00+05:30,349.8,350.9,349.7,350.1,228970,BIOCON
8942,2025-06-25 10:40:00+05:30,350.1,350.9,349.75,350.15,210789,BIOCON
8943,2025-06-25 10:45:00+05:30,349.9,351.25,349.7,351.1,397210,BIOCON
8944,2025-06-25 10:50:00+05:30,351.3,352.3,351.0,351.5,196914,BIOCON
8945,2025-06-25 10:55:00+05:30,351.45,352.0,350.8,351.2,192898,BIOCON
8946,2025-06-25 11:00:00+05:30,351.0,351.35,349.7,350.2,210054,BIOCON
8947,2025-06-25 11:05:00+05:30,350.05,350.95,349.8,350.05,231588,BIOCON
8948,2025-06-25 11:10:00+05:30,350.0,350.85,349.3,349.7,202290,BIOCON
8949,2025-06-25 11:15:00+05:30,349.7,349.95,349.35,349.5,78302,BIOCON
8950,2025-06-25 11:20:00+05:30,349.55,349.9,349.3,349.6,77416,BIOCON
8951,2025-06-25 11:25:00+05:30,349.65,349.85,349.2,349.75,93271,BIOCON
8952,2025-06-25 11:30:00+05:30,349.75,350.45,349.55,350.0,134307,BIOCON
8953,2025-06-25 11:35:00+05:30,350.0,350.0,349.6,349.85,79560,BIOCON
8954,2025-06-25 11:40:00+05:30,349.85,350.0,349.2,349.25,97208,BIOCON
8955,2025-06-25 11:45:00+05:30,349.2,349.45,348.65,349.0,108002,BIOCON
8956,2025-06-25 11:50:00+05:30,348.8,348.85,348.45,348.65,71138,BIOCON
8957,2025-06-25 11:55:00+05:30,348.65,349.2,348.6,348.6,58266,BIOCON
8958,2025-06-25 12:00:00+05:30,348.6,349.05,348.5,348.75,58745,BIOCON
8959,2025-06-25 12:05:00+05:30,348.65,348.75,348.4,348.6,53910,BIOCON
8960,2025-06-25 12:10:00+05:30,348.55,348.65,348.0,348.35,76037,BIOCON
8961,2025-06-25 12:15:00+05:30,348.35,349.0,347.9,348.0,124041,BIOCON
8962,2025-06-25 12:20:00+05:30,348.0,349.5,348.0,349.1,89526,BIOCON
8963,2025-06-25 12:25:00+05:30,348.9,349.45,347.65,347.7,127803,BIOCON
8964,2025-06-25 12:30:00+05:30,347.65,348.7,347.55,348.55,125816,BIOCON
8965,2025-06-25 12:35:00+05:30,348.5,348.75,347.75,348.2,183705,BIOCON
8966,2025-06-25 12:40:00+05:30,348.0,348.95,348.0,348.8,166955,BIOCON
8967,2025-06-25 12:45:00+05:30,348.8,349.15,348.5,348.75,63409,BIOCON
8968,2025-06-25 12:50:00+05:30,348.65,348.8,348.0,348.35,72373,BIOCON
8969,2025-06-25 12:55:00+05:30,348.3,348.65,348.1,348.35,80533,BIOCON
8970,2025-06-25 13:00:00+05:30,348.25,348.3,347.95,348.1,43579,BIOCON
8971,2025-06-25 13:05:00+05:30,348.1,349.4,347.8,349.3,132565,BIOCON
8972,2025-06-25 13:10:00+05:30,349.25,349.7,349.2,349.5,80176,BIOCON
8973,2025-06-25 13:15:00+05:30,349.35,349.7,349.35,349.4,67292,BIOCON
8974,2025-06-25 13:20:00+05:30,349.35,350.0,349.35,349.85,124864,BIOCON
8975,2025-06-25 13:25:00+05:30,349.8,350.0,349.45,350.0,53436,BIOCON
8976,2025-06-25 13:30:00+05:30,350.0,350.0,349.65,349.85,68379,BIOCON
8977,2025-06-25 13:35:00+05:30,349.85,350.5,349.7,350.45,55734,BIOCON
8978,2025-06-25 13:40:00+05:30,350.4,351.35,350.4,351.05,169863,BIOCON
8979,2025-06-25 13:45:00+05:30,351.1,351.3,350.2,351.0,266805,BIOCON
8980,2025-06-25 13:50:00+05:30,350.8,351.3,350.65,350.95,144069,BIOCON
8981,2025-06-25 13:55:00+05:30,350.75,351.0,350.3,350.75,80493,BIOCON
8982,2025-06-25 14:00:00+05:30,350.55,351.3,350.55,351.25,81564,BIOCON
8983,2025-06-25 14:05:00+05:30,351.1,352.0,351.1,351.75,109550,BIOCON
8984,2025-06-25 14:10:00+05:30,351.6,351.8,351.3,351.55,54282,BIOCON
8985,2025-06-25 14:15:00+05:30,351.4,351.75,350.9,351.1,73156,BIOCON
8986,2025-06-25 14:20:00+05:30,351.1,351.25,351.05,351.1,68309,BIOCON
8987,2025-06-25 14:25:00+05:30,351.05,351.25,350.8,351.2,102975,BIOCON
8988,2025-06-25 14:30:00+05:30,351.15,351.9,351.0,351.4,96565,BIOCON
8989,2025-06-25 14:35:00+05:30,351.35,351.65,350.0,350.95,191906,BIOCON
8990,2025-06-25 14:40:00+05:30,350.95,351.7,350.95,351.55,49850,BIOCON
8991,2025-06-25 14:45:00+05:30,351.4,351.7,350.7,351.1,97567,BIOCON
8992,2025-06-25 14:50:00+05:30,351.1,351.5,351.05,351.45,61608,BIOCON
8993,2025-06-25 14:55:00+05:30,351.45,352.4,351.3,351.7,197853,BIOCON
8994,2025-06-25 15:00:00+05:30,351.7,351.8,351.2,351.55,151885,BIOCON
8995,2025-06-25 15:05:00+05:30,351.4,351.75,351.0,351.55,130541,BIOCON
8996,2025-06-25 15:10:00+05:30,351.55,351.75,351.4,351.75,63382,BIOCON
8997,2025-06-25 15:15:00+05:30,351.75,351.9,351.45,351.9,141070,BIOCON
8998,2025-06-25 15:20:00+05:30,351.85,352.35,351.8,352.25,184459,BIOCON
8999,2025-06-25 15:25:00+05:30,352.25,352.3,350.3,351.4,674601,BIOCON
9000,2025-06-26 09:15:00+05:30,353.55,353.9,351.1,351.85,403774,BIOCON
9001,2025-06-26 09:20:00+05:30,351.65,353.05,351.5,352.45,439637,BIOCON
9002,2025-06-26 09:25:00+05:30,352.4,352.6,351.0,351.35,229890,BIOCON
9003,2025-06-26 09:30:00+05:30,351.4,352.0,351.35,351.8,129656,BIOCON
9004,2025-06-26 09:35:00+05:30,351.75,351.85,351.0,351.0,69010,BIOCON
9005,2025-06-26 09:40:00+05:30,351.05,352.45,350.3,351.95,594347,BIOCON
9006,2025-06-26 09:45:00+05:30,351.9,355.25,351.8,354.55,1281781,BIOCON
9007,2025-06-26 09:50:00+05:30,354.55,355.5,353.85,354.95,235317,BIOCON
9008,2025-06-26 09:55:00+05:30,354.95,354.95,352.55,352.75,150070,BIOCON
9009,2025-06-26 10:00:00+05:30,352.75,355.2,352.0,354.15,224803,BIOCON
9010,2025-06-26 10:05:00+05:30,354.3,354.35,353.3,353.65,93801,BIOCON
9011,2025-06-26 10:10:00+05:30,353.65,354.3,353.15,353.55,104740,BIOCON
9012,2025-06-26 10:15:00+05:30,353.55,354.2,353.15,353.35,66473,BIOCON
9013,2025-06-26 10:20:00+05:30,353.35,354.25,353.05,354.0,125236,BIOCON
9014,2025-06-26 10:25:00+05:30,354.0,354.7,353.65,353.8,160152,BIOCON
9015,2025-06-26 10:30:00+05:30,353.8,354.45,353.3,354.15,103036,BIOCON
9016,2025-06-26 10:35:00+05:30,354.15,357.0,353.95,356.95,394002,BIOCON
9017,2025-06-26 10:40:00+05:30,356.95,357.0,355.8,356.0,202883,BIOCON
9018,2025-06-26 10:45:00+05:30,355.95,355.95,355.1,355.2,103463,BIOCON
9019,2025-06-26 10:50:00+05:30,355.35,356.15,355.05,355.55,109019,BIOCON
9020,2025-06-26 10:55:00+05:30,355.65,355.7,354.55,354.8,56130,BIOCON
9021,2025-06-26 11:00:00+05:30,354.8,355.35,353.5,354.65,119087,BIOCON
9022,2025-06-26 11:05:00+05:30,354.7,355.65,354.45,354.8,44760,BIOCON
9023,2025-06-26 11:10:00+05:30,354.9,355.1,352.7,353.65,252841,BIOCON
9024,2025-06-26 11:15:00+05:30,353.6,353.65,352.1,352.15,192646,BIOCON
9025,2025-06-26 11:20:00+05:30,352.15,352.7,351.5,352.3,210133,BIOCON
9026,2025-06-26 11:25:00+05:30,352.3,353.35,352.0,352.95,138568,BIOCON
9027,2025-06-26 11:30:00+05:30,353.05,353.95,352.7,353.8,108437,BIOCON
9028,2025-06-26 11:35:00+05:30,353.8,353.95,353.45,353.45,22588,BIOCON
9029,2025-06-26 11:40:00+05:30,353.45,353.9,353.1,353.1,35218,BIOCON
9030,2025-06-26 11:45:00+05:30,353.1,353.3,353.1,353.1,8843,BIOCON
9031,2025-06-26 11:50:00+05:30,353.15,353.4,352.85,353.05,24368,BIOCON
9032,2025-06-26 11:55:00+05:30,353.15,353.25,352.0,352.05,79398,BIOCON
9033,2025-06-26 12:00:00+05:30,352.2,352.25,351.0,351.0,143591,BIOCON
9034,2025-06-26 12:05:00+05:30,351.05,351.5,350.6,350.75,106943,BIOCON
9035,2025-06-26 12:10:00+05:30,350.65,351.95,350.55,351.75,68067,BIOCON
9036,2025-06-26 12:15:00+05:30,351.7,352.0,351.0,351.35,106181,BIOCON
9037,2025-06-26 12:20:00+05:30,351.35,351.55,350.5,350.6,155546,BIOCON
9038,2025-06-26 12:25:00+05:30,350.8,351.4,350.45,351.0,88591,BIOCON
9039,2025-06-26 12:30:00+05:30,351.0,352.15,350.95,351.95,264301,BIOCON
9040,2025-06-26 12:35:00+05:30,351.95,352.45,350.95,350.95,233897,BIOCON
9041,2025-06-26 12:40:00+05:30,351.0,351.5,350.1,350.35,174773,BIOCON
9042,2025-06-26 12:45:00+05:30,350.5,351.05,350.15,350.25,121068,BIOCON
9043,2025-06-26 12:50:00+05:30,350.4,350.4,349.65,349.9,127373,BIOCON
9044,2025-06-26 12:55:00+05:30,349.7,350.4,349.7,349.8,76313,BIOCON
9045,2025-06-26 13:00:00+05:30,349.8,350.0,349.8,350.0,154606,BIOCON
9046,2025-06-26 13:05:00+05:30,349.9,350.8,349.55,349.9,121886,BIOCON
9047,2025-06-26 13:10:00+05:30,350.0,350.25,349.6,349.9,62463,BIOCON
9048,2025-06-26 13:15:00+05:30,350.0,350.85,350.0,350.7,82552,BIOCON
9049,2025-06-26 13:20:00+05:30,350.7,350.95,350.15,350.65,80243,BIOCON
9050,2025-06-26 13:25:00+05:30,350.75,350.9,350.25,350.3,47607,BIOCON
9051,2025-06-26 13:30:00+05:30,350.3,350.7,350.15,350.5,51396,BIOCON
9052,2025-06-26 13:35:00+05:30,350.5,350.65,350.05,350.15,38531,BIOCON
9053,2025-06-26 13:40:00+05:30,350.15,350.45,350.0,350.1,35504,BIOCON
9054,2025-06-26 13:45:00+05:30,350.15,350.8,350.0,350.5,94625,BIOCON
9055,2025-06-26 13:50:00+05:30,350.4,350.65,349.9,350.0,87217,BIOCON
9056,2025-06-26 13:55:00+05:30,350.0,350.25,349.45,349.65,239307,BIOCON
9057,2025-06-26 14:00:00+05:30,349.6,350.0,349.5,349.7,57172,BIOCON
9058,2025-06-26 14:05:00+05:30,349.85,350.45,349.7,350.0,94288,BIOCON
9059,2025-06-26 14:10:00+05:30,350.0,350.7,350.0,350.25,198355,BIOCON
9060,2025-06-26 14:15:00+05:30,350.25,350.65,350.2,350.45,58624,BIOCON
9061,2025-06-26 14:20:00+05:30,350.5,350.7,350.3,350.5,62548,BIOCON
9062,2025-06-26 14:25:00+05:30,350.5,350.85,350.5,350.55,70143,BIOCON
9063,2025-06-26 14:30:00+05:30,350.55,351.2,350.4,351.05,118667,BIOCON
9064,2025-06-26 14:35:00+05:30,351.05,351.1,350.4,350.6,90147,BIOCON
9065,2025-06-26 14:40:00+05:30,350.55,350.8,350.35,350.75,47994,BIOCON
9066,2025-06-26 14:45:00+05:30,350.8,351.05,350.5,350.9,100378,BIOCON
9067,2025-06-26 14:50:00+05:30,350.85,351.05,350.6,350.95,88152,BIOCON
9068,2025-06-26 14:55:00+05:30,350.95,351.45,350.65,351.3,80731,BIOCON
9069,2025-06-26 15:00:00+05:30,351.3,351.55,350.15,351.3,267665,BIOCON
9070,2025-06-26 15:05:00+05:30,351.3,351.85,350.8,350.85,420942,BIOCON
9071,2025-06-26 15:10:00+05:30,350.85,351.0,350.25,350.6,244674,BIOCON
9072,2025-06-26 15:15:00+05:30,350.6,350.6,349.9,350.2,428192,BIOCON
9073,2025-06-26 15:20:00+05:30,350.35,350.9,349.8,349.95,606157,BIOCON
9074,2025-06-26 15:25:00+05:30,349.95,350.65,349.7,349.7,445010,BIOCON
9075,2025-06-27 09:15:00+05:30,352.0,353.2,350.0,353.0,166139,BIOCON
9076,2025-06-27 09:20:00+05:30,353.2,353.65,352.2,353.25,82137,BIOCON
9077,2025-06-27 09:25:00+05:30,353.4,354.2,352.85,352.85,62386,BIOCON
9078,2025-06-27 09:30:00+05:30,352.8,353.15,352.0,352.85,35720,BIOCON
9079,2025-06-27 09:35:00+05:30,352.7,353.35,352.4,352.9,46152,BIOCON
9080,2025-06-27 09:40:00+05:30,352.9,352.95,352.15,352.55,21758,BIOCON
9081,2025-06-27 09:45:00+05:30,352.5,353.15,352.1,352.55,32016,BIOCON
9082,2025-06-27 09:50:00+05:30,352.6,353.2,352.5,353.2,21480,BIOCON
9083,2025-06-27 09:55:00+05:30,353.25,353.3,352.4,352.9,27648,BIOCON
9084,2025-06-27 10:00:00+05:30,352.9,353.0,352.2,352.6,12902,BIOCON
9085,2025-06-27 10:05:00+05:30,352.75,352.8,352.35,352.7,12945,BIOCON
9086,2025-06-27 10:10:00+05:30,352.55,353.0,352.3,353.0,22691,BIOCON
9087,2025-06-27 10:15:00+05:30,353.0,353.8,352.6,353.55,40590,BIOCON
9088,2025-06-27 10:20:00+05:30,353.55,353.85,353.0,353.45,32380,BIOCON
9089,2025-06-27 10:25:00+05:30,353.4,353.4,352.75,352.8,27708,BIOCON
9090,2025-06-27 10:30:00+05:30,352.8,353.2,352.75,352.85,16239,BIOCON
9091,2025-06-27 10:35:00+05:30,352.85,353.6,352.8,353.0,61533,BIOCON
9092,2025-06-27 10:40:00+05:30,353.0,353.15,352.8,353.05,15482,BIOCON
9093,2025-06-27 10:45:00+05:30,353.15,353.6,353.0,353.35,31753,BIOCON
9094,2025-06-27 10:50:00+05:30,353.4,353.4,352.85,353.15,31940,BIOCON
9095,2025-06-27 10:55:00+05:30,353.2,353.35,352.6,352.85,45565,BIOCON
9096,2025-06-27 11:00:00+05:30,352.75,353.4,352.75,353.2,35632,BIOCON
9097,2025-06-27 11:05:00+05:30,353.15,353.5,352.6,353.0,69600,BIOCON
9098,2025-06-27 11:10:00+05:30,353.05,353.75,353.05,353.65,44389,BIOCON
9099,2025-06-27 11:15:00+05:30,353.65,353.65,352.75,352.95,58692,BIOCON
9100,2025-06-27 11:20:00+05:30,352.95,354.9,352.95,354.2,250307,BIOCON
9101,2025-06-27 11:25:00+05:30,354.05,355.2,354.05,355.0,141266,BIOCON
9102,2025-06-27 11:30:00+05:30,355.0,355.55,354.4,354.45,190124,BIOCON
9103,2025-06-27 11:35:00+05:30,354.4,355.0,354.4,354.8,39118,BIOCON
9104,2025-06-27 11:40:00+05:30,354.85,355.15,354.55,354.85,29506,BIOCON
9105,2025-06-27 11:45:00+05:30,354.9,355.2,354.65,354.95,21083,BIOCON
9106,2025-06-27 11:50:00+05:30,354.95,355.25,354.1,354.3,49908,BIOCON
9107,2025-06-27 11:55:00+05:30,354.3,354.35,353.75,354.25,43233,BIOCON
9108,2025-06-27 12:00:00+05:30,354.25,354.55,353.8,354.2,36750,BIOCON
9109,2025-06-27 12:05:00+05:30,354.2,354.2,353.8,353.9,25596,BIOCON
9110,2025-06-27 12:10:00+05:30,353.9,354.0,353.1,353.4,26305,BIOCON
9111,2025-06-27 12:15:00+05:30,353.25,353.25,352.2,352.35,53478,BIOCON
9112,2025-06-27 12:20:00+05:30,352.35,352.5,351.6,351.75,34917,BIOCON
9113,2025-06-27 12:25:00+05:30,351.75,352.25,351.65,352.2,17090,BIOCON
9114,2025-06-27 12:30:00+05:30,352.45,352.6,352.25,352.4,13775,BIOCON
9115,2025-06-27 12:35:00+05:30,352.4,352.6,352.3,352.55,21283,BIOCON
9116,2025-06-27 12:40:00+05:30,352.5,352.9,352.15,352.45,30571,BIOCON
9117,2025-06-27 12:45:00+05:30,352.35,352.5,352.15,352.2,15679,BIOCON
9118,2025-06-27 12:50:00+05:30,352.3,352.35,352.0,352.1,12965,BIOCON
9119,2025-06-27 12:55:00+05:30,352.05,352.5,351.9,352.1,35256,BIOCON
9120,2025-06-27 13:00:00+05:30,352.0,352.3,351.9,352.0,20800,BIOCON
9121,2025-06-27 13:05:00+05:30,352.0,352.15,351.35,351.45,48259,BIOCON
9122,2025-06-27 13:10:00+05:30,351.45,351.5,351.0,351.1,32525,BIOCON
9123,2025-06-27 13:15:00+05:30,351.1,351.35,350.85,350.95,22536,BIOCON
9124,2025-06-27 13:20:00+05:30,350.95,351.25,350.7,351.2,33365,BIOCON
9125,2025-06-27 13:25:00+05:30,351.1,351.45,351.0,351.35,40137,BIOCON
9126,2025-06-27 13:30:00+05:30,351.25,351.85,351.2,351.55,19751,BIOCON
9127,2025-06-27 13:35:00+05:30,351.55,351.75,351.4,351.7,18174,BIOCON
9128,2025-06-27 13:40:00+05:30,351.65,351.7,351.5,351.6,16247,BIOCON
9129,2025-06-27 13:45:00+05:30,351.65,352.3,351.6,352.1,30895,BIOCON
9130,2025-06-27 13:50:00+05:30,352.05,352.5,352.05,352.35,21599,BIOCON
9131,2025-06-27 13:55:00+05:30,352.3,352.3,352.1,352.2,11230,BIOCON
9132,2025-06-27 14:00:00+05:30,352.15,352.3,352.05,352.25,15984,BIOCON
9133,2025-06-27 14:05:00+05:30,352.2,352.8,352.2,352.75,38452,BIOCON
9134,2025-06-27 14:10:00+05:30,352.75,352.85,352.75,352.8,14290,BIOCON
9135,2025-06-27 14:15:00+05:30,352.85,353.75,352.8,353.3,46387,BIOCON
9136,2025-06-27 14:20:00+05:30,353.35,353.5,352.9,353.1,39012,BIOCON
9137,2025-06-27 14:25:00+05:30,353.15,353.8,352.8,353.65,46338,BIOCON
9138,2025-06-27 14:30:00+05:30,353.7,354.1,353.55,353.85,34680,BIOCON
9139,2025-06-27 14:35:00+05:30,353.8,354.0,353.75,354.0,29509,BIOCON
9140,2025-06-27 14:40:00+05:30,353.95,354.55,353.65,354.4,64555,BIOCON
9141,2025-06-27 14:45:00+05:30,354.4,354.7,354.05,354.35,66972,BIOCON
9142,2025-06-27 14:50:00+05:30,354.35,354.7,354.15,354.6,75958,BIOCON
9143,2025-06-27 14:55:00+05:30,354.55,354.6,353.2,353.65,89116,BIOCON
9144,2025-06-27 15:00:00+05:30,353.7,354.75,353.35,354.4,273015,BIOCON
9145,2025-06-27 15:05:00+05:30,354.4,354.7,353.85,354.2,249432,BIOCON
9146,2025-06-27 15:10:00+05:30,354.2,354.65,353.9,354.5,284937,BIOCON
9147,2025-06-27 15:15:00+05:30,354.5,355.0,354.15,354.4,408740,BIOCON
9148,2025-06-27 15:20:00+05:30,354.2,354.6,353.75,354.4,226082,BIOCON
9149,2025-06-27 15:25:00+05:30,354.4,354.65,353.6,354.25,133550,BIOCON
9150,2025-06-30 09:15:00+05:30,355.0,356.6,353.4,355.35,124981,BIOCON
9151,2025-06-30 09:20:00+05:30,355.5,356.0,355.05,355.15,87627,BIOCON
9152,2025-06-30 09:25:00+05:30,355.15,355.85,354.55,354.55,51897,BIOCON
9153,2025-06-30 09:30:00+05:30,354.55,354.55,353.6,353.65,34820,BIOCON
9154,2025-06-30 09:35:00+05:30,353.65,354.05,353.25,353.8,19048,BIOCON
9155,2025-06-30 09:40:00+05:30,353.8,354.4,353.3,353.7,43651,BIOCON
9156,2025-06-30 09:45:00+05:30,353.6,354.15,352.1,352.25,55164,BIOCON
9157,2025-06-30 09:50:00+05:30,352.3,352.95,352.2,352.5,14890,BIOCON
9158,2025-06-30 09:55:00+05:30,352.5,352.55,351.75,351.95,28440,BIOCON
9159,2025-06-30 10:00:00+05:30,351.95,351.95,351.3,351.9,36903,BIOCON
9160,2025-06-30 10:05:00+05:30,351.85,351.9,350.4,350.6,91264,BIOCON
9161,2025-06-30 10:10:00+05:30,350.75,351.4,350.5,351.05,19292,BIOCON
9162,2025-06-30 10:15:00+05:30,351.0,351.6,350.95,351.15,33403,BIOCON
9163,2025-06-30 10:20:00+05:30,351.15,351.3,350.35,350.35,29485,BIOCON
9164,2025-06-30 10:25:00+05:30,350.4,350.55,349.55,349.9,83913,BIOCON
9165,2025-06-30 10:30:00+05:30,350.0,350.55,349.8,350.3,13921,BIOCON
9166,2025-06-30 10:35:00+05:30,350.35,350.75,350.25,350.35,8457,BIOCON
9167,2025-06-30 10:40:00+05:30,350.25,350.45,350.0,350.4,15338,BIOCON
9168,2025-06-30 10:45:00+05:30,350.15,350.45,349.55,349.8,33860,BIOCON
9169,2025-06-30 10:50:00+05:30,349.65,350.85,349.65,350.55,23656,BIOCON
9170,2025-06-30 10:55:00+05:30,350.75,351.15,350.6,350.9,12261,BIOCON
9171,2025-06-30 11:00:00+05:30,351.0,351.1,350.6,350.8,13594,BIOCON
9172,2025-06-30 11:05:00+05:30,350.8,350.8,350.25,350.7,32208,BIOCON
9173,2025-06-30 11:10:00+05:30,350.6,351.45,350.6,351.0,37447,BIOCON
9174,2025-06-30 11:15:00+05:30,350.95,351.15,350.05,350.25,27930,BIOCON
9175,2025-06-30 11:20:00+05:30,350.25,351.0,350.25,351.0,7442,BIOCON
9176,2025-06-30 11:25:00+05:30,350.9,351.5,350.8,351.2,12123,BIOCON
9177,2025-06-30 11:30:00+05:30,351.3,351.3,351.0,351.3,6459,BIOCON
9178,2025-06-30 11:35:00+05:30,351.2,351.35,351.05,351.1,9745,BIOCON
9179,2025-06-30 11:40:00+05:30,351.1,351.55,351.1,351.35,6544,BIOCON
9180,2025-06-30 11:45:00+05:30,351.35,351.55,351.1,351.3,14211,BIOCON
9181,2025-06-30 11:50:00+05:30,351.25,351.3,350.6,350.7,13641,BIOCON
9182,2025-06-30 11:55:00+05:30,350.6,350.8,350.55,350.55,6625,BIOCON
9183,2025-06-30 12:00:00+05:30,350.55,350.7,350.2,350.2,12068,BIOCON
9184,2025-06-30 12:05:00+05:30,350.2,350.7,350.05,350.65,17443,BIOCON
9185,2025-06-30 12:10:00+05:30,350.65,350.8,350.45,350.7,2675,BIOCON
9186,2025-06-30 12:15:00+05:30,350.65,350.8,350.65,350.8,5072,BIOCON
9187,2025-06-30 12:20:00+05:30,350.8,350.95,350.65,350.75,8952,BIOCON
9188,2025-06-30 12:25:00+05:30,350.95,351.0,350.5,350.6,6840,BIOCON
9189,2025-06-30 12:30:00+05:30,350.6,350.7,350.1,350.4,7324,BIOCON
9190,2025-06-30 12:35:00+05:30,350.4,351.35,350.1,351.25,56965,BIOCON
9191,2025-06-30 12:40:00+05:30,351.25,352.35,351.15,352.15,56129,BIOCON
9192,2025-06-30 12:45:00+05:30,352.0,352.15,351.75,351.75,8584,BIOCON
9193,2025-06-30 12:50:00+05:30,351.8,352.0,351.65,351.7,9866,BIOCON
9194,2025-06-30 12:55:00+05:30,351.7,351.85,351.15,351.2,13582,BIOCON
9195,2025-06-30 13:00:00+05:30,351.35,351.35,351.0,351.0,8130,BIOCON
9196,2025-06-30 13:05:00+05:30,351.1,351.3,351.0,351.0,6747,BIOCON
9197,2025-06-30 13:10:00+05:30,351.0,351.3,351.0,351.1,7487,BIOCON
9198,2025-06-30 13:15:00+05:30,351.2,352.0,351.0,352.0,21331,BIOCON
9199,2025-06-30 13:20:00+05:30,351.95,352.0,351.7,351.7,6266,BIOCON
9200,2025-06-30 13:25:00+05:30,351.7,351.95,351.7,351.7,5221,BIOCON
9201,2025-06-30 13:30:00+05:30,351.65,352.35,351.65,352.0,18175,BIOCON
9202,2025-06-30 13:35:00+05:30,352.15,353.8,352.0,353.75,123913,BIOCON
9203,2025-06-30 13:40:00+05:30,353.55,354.05,353.15,353.65,44433,BIOCON
9204,2025-06-30 13:45:00+05:30,353.75,354.0,353.05,353.05,32008,BIOCON
9205,2025-06-30 13:50:00+05:30,353.0,355.45,352.55,355.0,104658,BIOCON
9206,2025-06-30 13:55:00+05:30,354.95,354.95,353.8,354.2,16974,BIOCON
9207,2025-06-30 14:00:00+05:30,354.2,354.35,354.0,354.15,12164,BIOCON
9208,2025-06-30 14:05:00+05:30,354.3,354.5,353.95,354.2,22441,BIOCON
9209,2025-06-30 14:10:00+05:30,354.05,354.7,353.3,354.3,90565,BIOCON
9210,2025-06-30 14:15:00+05:30,354.25,354.45,353.7,353.75,21804,BIOCON
9211,2025-06-30 14:20:00+05:30,353.75,355.6,353.65,355.15,73575,BIOCON
9212,2025-06-30 14:25:00+05:30,355.25,355.65,354.85,354.9,29277,BIOCON
9213,2025-06-30 14:30:00+05:30,354.9,355.85,354.8,355.5,50330,BIOCON
9214,2025-06-30 14:35:00+05:30,355.65,356.0,355.25,355.65,55775,BIOCON
9215,2025-06-30 14:40:00+05:30,355.65,356.35,355.3,356.3,54934,BIOCON
9216,2025-06-30 14:45:00+05:30,356.3,356.3,355.8,356.2,34829,BIOCON
9217,2025-06-30 14:50:00+05:30,356.05,356.2,355.55,355.75,23084,BIOCON
9218,2025-06-30 14:55:00+05:30,355.6,356.0,355.5,355.95,22900,BIOCON
9219,2025-06-30 15:00:00+05:30,355.95,356.35,355.65,356.15,83799,BIOCON
9220,2025-06-30 15:05:00+05:30,356.05,356.15,355.4,355.5,67798,BIOCON
9221,2025-06-30 15:10:00+05:30,355.5,355.75,354.9,355.0,83641,BIOCON
9222,2025-06-30 15:15:00+05:30,355.0,355.8,354.9,355.8,81377,BIOCON
9223,2025-06-30 15:20:00+05:30,355.8,356.0,355.55,355.8,102664,BIOCON
9224,2025-06-30 15:25:00+05:30,355.8,356.5,355.65,356.5,73219,BIOCON
9225,2025-07-01 09:15:00+05:30,356.0,359.2,355.8,357.95,175441,BIOCON
9226,2025-07-01 09:20:00+05:30,357.85,358.5,357.05,357.6,58436,BIOCON
9227,2025-07-01 09:25:00+05:30,357.55,358.0,357.3,357.75,28330,BIOCON
9228,2025-07-01 09:30:00+05:30,357.6,359.35,357.6,358.6,80887,BIOCON
9229,2025-07-01 09:35:00+05:30,358.65,359.5,358.15,359.5,94859,BIOCON
9230,2025-07-01 09:40:00+05:30,359.5,359.9,358.35,358.75,234098,BIOCON
9231,2025-07-01 09:45:00+05:30,358.45,359.35,357.7,357.95,103971,BIOCON
9232,2025-07-01 09:50:00+05:30,357.9,358.15,357.0,357.2,87085,BIOCON
9233,2025-07-01 09:55:00+05:30,357.2,358.95,356.55,358.65,144176,BIOCON
9234,2025-07-01 10:00:00+05:30,358.45,359.0,358.05,358.2,48550,BIOCON
9235,2025-07-01 10:05:00+05:30,358.4,358.4,357.5,357.65,30359,BIOCON
9236,2025-07-01 10:10:00+05:30,357.65,358.05,356.1,356.4,89381,BIOCON
9237,2025-07-01 10:15:00+05:30,356.1,357.05,355.75,356.25,65366,BIOCON
9238,2025-07-01 10:20:00+05:30,356.2,356.7,355.55,356.3,48356,BIOCON
9239,2025-07-01 10:25:00+05:30,356.3,356.45,355.75,356.25,19559,BIOCON
9240,2025-07-01 10:30:00+05:30,356.35,356.5,355.75,356.25,23737,BIOCON
9241,2025-07-01 10:35:00+05:30,356.25,356.4,356.0,356.3,12946,BIOCON
9242,2025-07-01 10:40:00+05:30,356.15,356.25,355.6,356.1,18959,BIOCON
9243,2025-07-01 10:45:00+05:30,356.0,356.2,355.25,355.35,29163,BIOCON
9244,2025-07-01 10:50:00+05:30,355.35,355.8,354.65,355.0,55162,BIOCON
9245,2025-07-01 10:55:00+05:30,355.1,355.35,354.8,355.15,25362,BIOCON
9246,2025-07-01 11:00:00+05:30,355.15,355.6,354.8,354.95,45638,BIOCON
9247,2025-07-01 11:05:00+05:30,354.95,356.0,354.9,355.9,37854,BIOCON
9248,2025-07-01 11:10:00+05:30,355.9,356.05,355.5,355.8,27207,BIOCON
9249,2025-07-01 11:15:00+05:30,355.85,356.15,354.75,354.75,43844,BIOCON
9250,2025-07-01 11:20:00+05:30,354.7,355.0,354.55,354.75,23115,BIOCON
9251,2025-07-01 11:25:00+05:30,354.6,355.7,354.6,355.3,21314,BIOCON
9252,2025-07-01 11:30:00+05:30,355.35,355.35,354.1,354.1,42094,BIOCON
9253,2025-07-01 11:35:00+05:30,354.25,354.4,354.0,354.0,17372,BIOCON
9254,2025-07-01 11:40:00+05:30,354.0,355.55,354.0,355.4,86501,BIOCON
9255,2025-07-01 11:45:00+05:30,355.2,356.0,354.85,355.55,23688,BIOCON
9256,2025-07-01 11:50:00+05:30,355.55,357.0,355.3,356.65,73725,BIOCON
9257,2025-07-01 11:55:00+05:30,356.7,357.45,356.6,357.3,53653,BIOCON
9258,2025-07-01 12:00:00+05:30,357.2,357.3,356.3,356.75,19228,BIOCON
9259,2025-07-01 12:05:00+05:30,356.75,358.0,356.5,357.65,50206,BIOCON
9260,2025-07-01 12:10:00+05:30,357.65,358.5,357.55,357.75,51555,BIOCON
9261,2025-07-01 12:15:00+05:30,357.95,358.5,357.5,357.8,33994,BIOCON
9262,2025-07-01 12:20:00+05:30,357.8,359.25,357.8,358.85,76353,BIOCON
9263,2025-07-01 12:25:00+05:30,358.85,358.85,357.75,358.15,23180,BIOCON
9264,2025-07-01 12:30:00+05:30,357.95,358.15,357.45,357.6,24955,BIOCON
9265,2025-07-01 12:35:00+05:30,357.6,358.0,357.25,358.0,17645,BIOCON
9266,2025-07-01 12:40:00+05:30,357.95,358.3,357.6,358.0,35627,BIOCON
9267,2025-07-01 12:45:00+05:30,358.0,358.4,358.0,358.35,21364,BIOCON
9268,2025-07-01 12:50:00+05:30,358.35,358.7,358.0,358.05,157148,BIOCON
9269,2025-07-01 12:55:00+05:30,358.2,359.2,358.15,358.8,42316,BIOCON
9270,2025-07-01 13:00:00+05:30,358.85,358.85,358.1,358.1,64965,BIOCON
9271,2025-07-01 13:05:00+05:30,358.15,358.45,357.4,357.75,38283,BIOCON
9272,2025-07-01 13:10:00+05:30,357.75,358.25,357.45,358.25,25690,BIOCON
9273,2025-07-01 13:15:00+05:30,358.2,358.4,357.7,357.8,39640,BIOCON
9274,2025-07-01 13:20:00+05:30,357.8,358.7,357.65,358.25,60272,BIOCON
9275,2025-07-01 13:25:00+05:30,358.2,358.5,357.95,358.35,23386,BIOCON
9276,2025-07-01 13:30:00+05:30,358.35,358.7,358.3,358.4,17493,BIOCON
9277,2025-07-01 13:35:00+05:30,358.4,358.7,357.9,358.6,24565,BIOCON
9278,2025-07-01 13:40:00+05:30,358.55,358.7,358.5,358.55,16481,BIOCON
9279,2025-07-01 13:45:00+05:30,358.5,360.0,358.5,359.8,162565,BIOCON
9280,2025-07-01 13:50:00+05:30,359.8,360.5,359.5,359.85,120089,BIOCON
9281,2025-07-01 13:55:00+05:30,359.85,360.25,359.7,360.15,62594,BIOCON
9282,2025-07-01 14:00:00+05:30,360.1,360.95,360.1,360.7,116131,BIOCON
9283,2025-07-01 14:05:00+05:30,360.7,361.3,360.4,361.2,104812,BIOCON
9284,2025-07-01 14:10:00+05:30,361.05,362.55,360.95,362.35,203609,BIOCON
9285,2025-07-01 14:15:00+05:30,362.4,363.45,361.7,361.75,148594,BIOCON
9286,2025-07-01 14:20:00+05:30,361.75,362.5,361.65,362.0,106225,BIOCON
9287,2025-07-01 14:25:00+05:30,362.0,362.4,361.85,362.1,51944,BIOCON
9288,2025-07-01 14:30:00+05:30,362.1,362.5,361.7,361.9,73990,BIOCON
9289,2025-07-01 14:35:00+05:30,361.9,362.4,361.5,361.95,83672,BIOCON
9290,2025-07-01 14:40:00+05:30,361.85,362.55,361.55,361.75,160701,BIOCON
9291,2025-07-01 14:45:00+05:30,361.7,361.85,360.8,361.55,78506,BIOCON
9292,2025-07-01 14:50:00+05:30,361.6,362.25,361.4,361.9,122882,BIOCON
9293,2025-07-01 14:55:00+05:30,361.9,362.8,361.9,362.5,118401,BIOCON
9294,2025-07-01 15:00:00+05:30,362.65,362.75,361.75,361.9,76923,BIOCON
9295,2025-07-01 15:05:00+05:30,361.9,362.45,361.85,362.3,80747,BIOCON
9296,2025-07-01 15:10:00+05:30,362.3,362.9,362.05,362.6,126612,BIOCON
9297,2025-07-01 15:15:00+05:30,362.65,362.95,362.6,362.7,145229,BIOCON
9298,2025-07-01 15:20:00+05:30,362.7,363.0,362.05,362.05,145740,BIOCON
9299,2025-07-01 15:25:00+05:30,362.05,362.9,362.0,362.5,165476,BIOCON
9300,2025-07-02 09:15:00+05:30,363.2,366.55,362.5,365.5,378000,BIOCON
9301,2025-07-02 09:20:00+05:30,365.45,367.35,364.5,367.15,403125,BIOCON
9302,2025-07-02 09:25:00+05:30,367.15,367.35,365.8,366.25,130463,BIOCON
9303,2025-07-02 09:30:00+05:30,366.3,367.1,365.4,367.05,180838,BIOCON
9304,2025-07-02 09:35:00+05:30,367.05,367.95,366.45,366.85,164263,BIOCON
9305,2025-07-02 09:40:00+05:30,367.0,367.2,365.6,366.15,81494,BIOCON
9306,2025-07-02 09:45:00+05:30,366.0,366.75,365.25,366.25,106398,BIOCON
9307,2025-07-02 09:50:00+05:30,366.25,367.0,365.4,365.75,147733,BIOCON
9308,2025-07-02 09:55:00+05:30,365.75,365.9,364.15,365.65,103392,BIOCON
9309,2025-07-02 10:00:00+05:30,365.5,365.9,364.8,364.85,96638,BIOCON
9310,2025-07-02 10:05:00+05:30,364.85,366.0,364.0,365.7,99379,BIOCON
9311,2025-07-02 10:10:00+05:30,365.8,365.9,364.4,364.9,45557,BIOCON
9312,2025-07-02 10:15:00+05:30,364.85,364.85,364.15,364.35,34154,BIOCON
9313,2025-07-02 10:20:00+05:30,364.4,365.9,364.35,365.45,84540,BIOCON
9314,2025-07-02 10:25:00+05:30,365.2,367.0,365.2,366.8,69166,BIOCON
9315,2025-07-02 10:30:00+05:30,366.8,367.0,365.7,366.1,59354,BIOCON
9316,2025-07-02 10:35:00+05:30,366.1,366.2,363.5,363.55,70844,BIOCON
9317,2025-07-02 10:40:00+05:30,363.75,363.9,363.05,363.55,54902,BIOCON
9318,2025-07-02 10:45:00+05:30,363.55,363.85,362.8,363.0,45906,BIOCON
9319,2025-07-02 10:50:00+05:30,363.0,363.5,362.5,363.2,52823,BIOCON
9320,2025-07-02 10:55:00+05:30,363.1,364.3,363.05,363.95,51568,BIOCON
9321,2025-07-02 11:00:00+05:30,363.95,364.3,363.3,364.1,47559,BIOCON
9322,2025-07-02 11:05:00+05:30,364.1,365.45,364.05,365.45,43227,BIOCON
9323,2025-07-02 11:10:00+05:30,365.45,365.85,364.85,365.7,47532,BIOCON
9324,2025-07-02 11:15:00+05:30,365.7,366.3,365.1,366.25,63785,BIOCON
9325,2025-07-02 11:20:00+05:30,366.05,369.8,365.85,369.2,364015,BIOCON
9326,2025-07-02 11:25:00+05:30,369.2,369.75,367.85,368.1,245006,BIOCON
9327,2025-07-02 11:30:00+05:30,368.2,369.95,368.2,369.9,199331,BIOCON
9328,2025-07-02 11:35:00+05:30,369.75,369.95,368.95,369.2,106623,BIOCON
9329,2025-07-02 11:40:00+05:30,369.3,369.45,368.85,369.25,74864,BIOCON
9330,2025-07-02 11:45:00+05:30,369.3,369.65,368.9,369.0,55775,BIOCON
9331,2025-07-02 11:50:00+05:30,369.0,369.45,368.8,369.05,54494,BIOCON
9332,2025-07-02 11:55:00+05:30,369.05,369.8,368.85,369.1,75377,BIOCON
9333,2025-07-02 12:00:00+05:30,369.1,370.4,369.0,369.85,143934,BIOCON
9334,2025-07-02 12:05:00+05:30,369.95,370.95,369.55,370.0,127071,BIOCON
9335,2025-07-02 12:10:00+05:30,370.0,371.35,369.85,371.15,192101,BIOCON
9336,2025-07-02 12:15:00+05:30,370.95,371.35,370.8,371.0,63415,BIOCON
9337,2025-07-02 12:20:00+05:30,370.95,371.8,370.5,371.8,109639,BIOCON
9338,2025-07-02 12:25:00+05:30,371.75,372.2,371.0,371.05,178089,BIOCON
9339,2025-07-02 12:30:00+05:30,371.4,371.65,370.6,371.4,82115,BIOCON
9340,2025-07-02 12:35:00+05:30,371.4,371.75,371.0,371.2,76606,BIOCON
9341,2025-07-02 12:40:00+05:30,371.05,371.2,370.05,370.55,66274,BIOCON
9342,2025-07-02 12:45:00+05:30,370.5,370.6,370.35,370.4,42423,BIOCON
9343,2025-07-02 12:50:00+05:30,370.4,370.5,369.35,369.7,80222,BIOCON
9344,2025-07-02 12:55:00+05:30,369.7,370.5,369.4,369.6,48330,BIOCON
9345,2025-07-02 13:00:00+05:30,369.6,370.5,369.25,369.5,165184,BIOCON
9346,2025-07-02 13:05:00+05:30,369.35,369.45,368.6,368.75,62565,BIOCON
9347,2025-07-02 13:10:00+05:30,368.75,368.9,368.1,368.5,74111,BIOCON
9348,2025-07-02 13:15:00+05:30,368.35,368.85,368.2,368.45,49279,BIOCON
9349,2025-07-02 13:20:00+05:30,368.3,368.6,367.45,367.95,48563,BIOCON
9350,2025-07-02 13:25:00+05:30,367.9,367.95,367.35,367.4,33449,BIOCON
9351,2025-07-02 13:30:00+05:30,367.5,368.1,367.0,368.0,76443,BIOCON
9352,2025-07-02 13:35:00+05:30,368.1,369.3,368.0,369.05,71290,BIOCON
9353,2025-07-02 13:40:00+05:30,369.2,369.2,368.05,368.25,36427,BIOCON
9354,2025-07-02 13:45:00+05:30,368.25,368.45,367.55,368.0,28090,BIOCON
9355,2025-07-02 13:50:00+05:30,368.05,368.6,368.0,368.3,68734,BIOCON
9356,2025-07-02 13:55:00+05:30,368.45,368.5,367.35,368.0,38129,BIOCON
9357,2025-07-02 14:00:00+05:30,367.9,368.1,367.0,367.2,53135,BIOCON
9358,2025-07-02 14:05:00+05:30,367.2,367.9,367.2,367.7,23666,BIOCON
9359,2025-07-02 14:10:00+05:30,367.95,368.4,367.6,368.05,60443,BIOCON
9360,2025-07-02 14:15:00+05:30,368.05,368.25,367.55,367.6,16148,BIOCON
9361,2025-07-02 14:20:00+05:30,367.75,367.85,366.8,367.05,46938,BIOCON
9362,2025-07-02 14:25:00+05:30,367.2,368.25,366.9,368.15,28062,BIOCON
9363,2025-07-02 14:30:00+05:30,368.15,368.5,367.95,368.15,52809,BIOCON
9364,2025-07-02 14:35:00+05:30,368.15,368.25,367.35,367.5,17292,BIOCON
9365,2025-07-02 14:40:00+05:30,367.5,367.65,367.15,367.3,18504,BIOCON
9366,2025-07-02 14:45:00+05:30,367.25,367.8,367.15,367.55,34550,BIOCON
9367,2025-07-02 14:50:00+05:30,367.6,367.65,367.0,367.2,66453,BIOCON
9368,2025-07-02 14:55:00+05:30,367.2,367.5,367.15,367.5,25032,BIOCON
9369,2025-07-02 15:00:00+05:30,367.45,368.65,367.45,368.15,144175,BIOCON
9370,2025-07-02 15:05:00+05:30,368.1,368.85,368.05,368.7,74670,BIOCON
9371,2025-07-02 15:10:00+05:30,368.7,369.15,368.65,369.0,120095,BIOCON
9372,2025-07-02 15:15:00+05:30,369.1,369.15,368.0,368.95,156536,BIOCON
9373,2025-07-02 15:20:00+05:30,368.8,368.95,368.25,368.5,141906,BIOCON
9374,2025-07-02 15:25:00+05:30,368.4,369.45,367.9,369.2,505691,BIOCON
9375,2025-07-03 09:15:00+05:30,372.2,372.55,369.5,369.65,342575,BIOCON
9376,2025-07-03 09:20:00+05:30,369.65,370.2,368.9,369.05,110534,BIOCON
9377,2025-07-03 09:25:00+05:30,369.0,369.95,368.3,368.5,105828,BIOCON
9378,2025-07-03 09:30:00+05:30,368.5,368.95,368.35,368.55,47022,BIOCON
9379,2025-07-03 09:35:00+05:30,368.55,368.7,367.55,367.9,66018,BIOCON
9380,2025-07-03 09:40:00+05:30,367.6,367.95,367.35,367.9,45273,BIOCON
9381,2025-07-03 09:45:00+05:30,367.8,368.5,367.1,367.9,82142,BIOCON
9382,2025-07-03 09:50:00+05:30,367.75,368.65,367.5,368.1,54791,BIOCON
9383,2025-07-03 09:55:00+05:30,368.1,369.65,368.05,369.6,71475,BIOCON
9384,2025-07-03 10:00:00+05:30,369.4,369.4,368.4,368.5,50206,BIOCON
9385,2025-07-03 10:05:00+05:30,368.5,368.8,368.3,368.75,23888,BIOCON
9386,2025-07-03 10:10:00+05:30,368.75,369.95,368.65,369.65,52373,BIOCON
9387,2025-07-03 10:15:00+05:30,369.85,370.0,369.4,369.8,45718,BIOCON
9388,2025-07-03 10:20:00+05:30,369.9,370.6,369.75,370.25,78280,BIOCON
9389,2025-07-03 10:25:00+05:30,370.0,370.2,369.3,369.9,54549,BIOCON
9390,2025-07-03 10:30:00+05:30,369.9,370.0,369.15,369.15,30430,BIOCON
9391,2025-07-03 10:35:00+05:30,369.2,369.25,368.35,368.5,25860,BIOCON
9392,2025-07-03 10:40:00+05:30,368.3,368.5,367.7,368.2,44612,BIOCON
9393,2025-07-03 10:45:00+05:30,368.15,368.4,368.0,368.3,18348,BIOCON
9394,2025-07-03 10:50:00+05:30,368.2,368.35,368.15,368.35,11324,BIOCON
9395,2025-07-03 10:55:00+05:30,368.25,368.45,367.9,368.25,21477,BIOCON
9396,2025-07-03 11:00:00+05:30,368.2,369.3,368.2,369.15,22364,BIOCON
9397,2025-07-03 11:05:00+05:30,369.0,371.7,368.9,371.25,99948,BIOCON
9398,2025-07-03 11:10:00+05:30,371.25,371.45,370.55,370.55,30497,BIOCON
9399,2025-07-03 11:15:00+05:30,370.55,371.5,370.35,371.35,88820,BIOCON
9400,2025-07-03 11:20:00+05:30,371.5,372.05,371.5,371.5,96247,BIOCON
9401,2025-07-03 11:25:00+05:30,371.5,371.65,371.0,371.0,100101,BIOCON
9402,2025-07-03 11:30:00+05:30,371.0,373.05,370.6,372.5,165233,BIOCON
9403,2025-07-03 11:35:00+05:30,372.5,373.2,372.25,372.5,120720,BIOCON
9404,2025-07-03 11:40:00+05:30,372.35,372.5,371.5,371.65,22743,BIOCON
9405,2025-07-03 11:45:00+05:30,371.6,371.6,370.2,370.55,37438,BIOCON
9406,2025-07-03 11:50:00+05:30,370.55,371.0,370.05,370.65,25330,BIOCON
9407,2025-07-03 11:55:00+05:30,370.6,371.75,370.55,371.35,24826,BIOCON
9408,2025-07-03 12:00:00+05:30,371.15,371.4,370.55,370.65,18425,BIOCON
9409,2025-07-03 12:05:00+05:30,370.65,371.55,370.6,371.45,24352,BIOCON
9410,2025-07-03 12:10:00+05:30,371.25,373.5,371.2,373.5,80033,BIOCON
9411,2025-07-03 12:15:00+05:30,373.5,374.25,373.0,373.2,139991,BIOCON
9412,2025-07-03 12:20:00+05:30,373.15,373.35,372.55,372.65,34634,BIOCON
9413,2025-07-03 12:25:00+05:30,372.65,373.0,372.55,373.0,28746,BIOCON
9414,2025-07-03 12:30:00+05:30,373.0,373.2,372.7,372.9,21336,BIOCON
9415,2025-07-03 12:35:00+05:30,372.7,372.9,372.25,372.5,33518,BIOCON
9416,2025-07-03 12:40:00+05:30,372.65,372.75,372.3,372.55,21289,BIOCON
9417,2025-07-03 12:45:00+05:30,372.45,373.0,372.45,372.95,31030,BIOCON
9418,2025-07-03 12:50:00+05:30,372.95,373.15,372.8,373.0,27182,BIOCON
9419,2025-07-03 12:55:00+05:30,373.05,373.55,372.65,373.35,51119,BIOCON
9420,2025-07-03 13:00:00+05:30,373.35,373.5,373.0,373.05,13234,BIOCON
9421,2025-07-03 13:05:00+05:30,373.05,373.1,372.65,373.0,23313,BIOCON
9422,2025-07-03 13:10:00+05:30,373.0,373.4,372.85,373.25,22604,BIOCON
9423,2025-07-03 13:15:00+05:30,373.2,373.3,372.7,373.1,23040,BIOCON
9424,2025-07-03 13:20:00+05:30,373.05,373.15,372.85,373.05,18665,BIOCON
9425,2025-07-03 13:25:00+05:30,373.05,373.5,372.1,373.5,75997,BIOCON
9426,2025-07-03 13:30:00+05:30,373.5,375.35,373.45,375.0,615658,BIOCON
9427,2025-07-03 13:35:00+05:30,375.0,375.05,373.35,374.3,281034,BIOCON
9428,2025-07-03 13:40:00+05:30,374.2,374.85,374.2,374.65,48412,BIOCON
9429,2025-07-03 13:45:00+05:30,374.65,375.05,374.4,375.0,55961,BIOCON
9430,2025-07-03 13:50:00+05:30,375.0,375.3,374.35,375.0,51015,BIOCON
9431,2025-07-03 13:55:00+05:30,375.0,375.1,374.7,374.95,36173,BIOCON
9432,2025-07-03 14:00:00+05:30,374.95,375.25,374.6,375.0,79380,BIOCON
9433,2025-07-03 14:05:00+05:30,375.0,376.3,374.8,376.1,140113,BIOCON
9434,2025-07-03 14:10:00+05:30,376.0,376.15,375.45,375.45,35717,BIOCON
9435,2025-07-03 14:15:00+05:30,375.6,375.65,375.0,375.05,34599,BIOCON
9436,2025-07-03 14:20:00+05:30,375.05,375.4,374.85,375.0,42275,BIOCON
9437,2025-07-03 14:25:00+05:30,375.0,375.1,374.65,374.65,157594,BIOCON
9438,2025-07-03 14:30:00+05:30,374.65,375.5,374.65,375.0,70064,BIOCON
9439,2025-07-03 14:35:00+05:30,375.0,375.55,374.85,375.1,99650,BIOCON
9440,2025-07-03 14:40:00+05:30,375.0,375.4,375.0,375.3,19963,BIOCON
9441,2025-07-03 14:45:00+05:30,375.3,375.65,375.0,375.05,30446,BIOCON
9442,2025-07-03 14:50:00+05:30,375.15,375.25,374.55,374.9,56742,BIOCON
9443,2025-07-03 14:55:00+05:30,374.95,375.15,374.45,374.7,76035,BIOCON
9444,2025-07-03 15:00:00+05:30,374.7,375.0,374.45,374.5,75984,BIOCON
9445,2025-07-03 15:05:00+05:30,374.5,375.0,373.95,374.2,136132,BIOCON
9446,2025-07-03 15:10:00+05:30,374.2,374.4,373.5,374.05,153561,BIOCON
9447,2025-07-03 15:15:00+05:30,374.05,375.1,373.6,374.45,265407,BIOCON
9448,2025-07-03 15:20:00+05:30,374.45,374.9,374.25,374.55,156978,BIOCON
9449,2025-07-03 15:25:00+05:30,374.65,375.15,374.0,374.55,220016,BIOCON
9450,2025-07-04 09:15:00+05:30,374.45,376.0,372.7,375.7,124956,BIOCON
9451,2025-07-04 09:20:00+05:30,375.7,376.0,374.5,374.9,210301,BIOCON
9452,2025-07-04 09:25:00+05:30,374.9,375.2,374.0,374.8,93696,BIOCON
9453,2025-07-04 09:30:00+05:30,374.95,375.95,374.6,375.65,251007,BIOCON
9454,2025-07-04 09:35:00+05:30,375.65,377.5,375.65,376.65,131272,BIOCON
9455,2025-07-04 09:40:00+05:30,376.75,378.05,376.0,377.65,186761,BIOCON
9456,2025-07-04 09:45:00+05:30,377.9,378.95,377.2,378.9,222351,BIOCON
9457,2025-07-04 09:50:00+05:30,378.8,379.4,378.05,378.25,147585,BIOCON
9458,2025-07-04 09:55:00+05:30,378.4,378.7,378.1,378.25,69444,BIOCON
9459,2025-07-04 10:00:00+05:30,378.45,378.9,378.15,378.2,64450,BIOCON
9460,2025-07-04 10:05:00+05:30,378.4,378.45,377.6,377.75,151778,BIOCON
9461,2025-07-04 10:10:00+05:30,377.85,378.2,377.7,377.85,41751,BIOCON
9462,2025-07-04 10:15:00+05:30,377.85,378.5,377.0,378.0,76990,BIOCON
9463,2025-07-04 10:20:00+05:30,378.0,378.25,377.4,378.0,31044,BIOCON
9464,2025-07-04 10:25:00+05:30,377.9,378.4,377.6,377.9,25497,BIOCON
9465,2025-07-04 10:30:00+05:30,377.9,377.95,376.75,377.5,123577,BIOCON
9466,2025-07-04 10:35:00+05:30,377.5,377.95,377.15,377.95,46768,BIOCON
9467,2025-07-04 10:40:00+05:30,377.95,377.95,376.65,377.1,72995,BIOCON
9468,2025-07-04 10:45:00+05:30,377.1,377.5,376.5,376.65,56567,BIOCON
9469,2025-07-04 10:50:00+05:30,376.6,376.9,376.35,376.9,37291,BIOCON
9470,2025-07-04 10:55:00+05:30,376.75,377.5,376.6,377.15,152791,BIOCON
9471,2025-07-04 11:00:00+05:30,377.15,377.35,375.5,375.75,73211,BIOCON
9472,2025-07-04 11:05:00+05:30,375.75,376.75,375.2,376.7,79688,BIOCON
9473,2025-07-04 11:10:00+05:30,376.7,377.05,376.5,377.05,44802,BIOCON
9474,2025-07-04 11:15:00+05:30,377.05,378.15,376.6,377.95,51392,BIOCON
9475,2025-07-04 11:20:00+05:30,377.95,378.0,377.3,377.85,23326,BIOCON
9476,2025-07-04 11:25:00+05:30,377.85,378.2,377.65,377.95,32324,BIOCON
9477,2025-07-04 11:30:00+05:30,377.95,378.45,377.8,378.05,47121,BIOCON
9478,2025-07-04 11:35:00+05:30,378.0,378.25,376.4,376.65,39332,BIOCON
9479,2025-07-04 11:40:00+05:30,376.7,376.8,375.75,376.35,40193,BIOCON
9480,2025-07-04 11:45:00+05:30,376.35,376.35,375.35,376.25,78548,BIOCON
9481,2025-07-04 11:50:00+05:30,376.25,376.35,375.8,375.95,38563,BIOCON
9482,2025-07-04 11:55:00+05:30,375.95,376.35,375.7,376.15,17474,BIOCON
9483,2025-07-04 12:00:00+05:30,376.2,376.5,375.3,376.5,67878,BIOCON
9484,2025-07-04 12:05:00+05:30,376.25,377.25,376.25,376.65,70065,BIOCON
9485,2025-07-04 12:10:00+05:30,376.8,376.95,376.6,376.85,13260,BIOCON
9486,2025-07-04 12:15:00+05:30,376.8,377.3,376.55,377.0,20221,BIOCON
9487,2025-07-04 12:20:00+05:30,377.0,377.45,376.95,377.1,14569,BIOCON
9488,2025-07-04 12:25:00+05:30,377.1,377.9,377.0,377.65,28463,BIOCON
9489,2025-07-04 12:30:00+05:30,377.65,378.4,377.55,377.7,59423,BIOCON
9490,2025-07-04 12:35:00+05:30,377.55,378.1,377.15,378.1,48923,BIOCON
9491,2025-07-04 12:40:00+05:30,378.0,378.1,376.35,376.55,28610,BIOCON
9492,2025-07-04 12:45:00+05:30,376.4,376.55,375.75,375.8,21634,BIOCON
9493,2025-07-04 12:50:00+05:30,375.85,376.2,375.8,376.0,45407,BIOCON
9494,2025-07-04 12:55:00+05:30,375.9,375.95,375.7,375.75,21445,BIOCON
9495,2025-07-04 13:00:00+05:30,375.9,376.5,375.75,376.5,11651,BIOCON
9496,2025-07-04 13:05:00+05:30,376.3,376.45,376.1,376.4,17360,BIOCON
9497,2025-07-04 13:10:00+05:30,376.25,377.5,376.2,377.3,54845,BIOCON
9498,2025-07-04 13:15:00+05:30,377.35,377.9,377.2,377.65,41473,BIOCON
9499,2025-07-04 13:20:00+05:30,377.65,377.65,377.2,377.4,15670,BIOCON
9500,2025-07-04 13:25:00+05:30,377.45,377.5,376.65,377.0,64937,BIOCON
9501,2025-07-04 13:30:00+05:30,376.95,377.0,376.65,376.7,13824,BIOCON
9502,2025-07-04 13:35:00+05:30,376.85,377.65,376.75,377.55,51389,BIOCON
9503,2025-07-04 13:40:00+05:30,377.4,377.4,377.0,377.1,11595,BIOCON
9504,2025-07-04 13:45:00+05:30,377.1,377.2,377.0,377.0,28660,BIOCON
9505,2025-07-04 13:50:00+05:30,377.15,377.45,376.9,377.25,14347,BIOCON
9506,2025-07-04 13:55:00+05:30,377.3,379.3,377.3,379.3,195212,BIOCON
9507,2025-07-04 14:00:00+05:30,379.25,380.15,378.45,380.0,459468,BIOCON
9508,2025-07-04 14:05:00+05:30,380.1,380.1,379.25,379.5,91470,BIOCON
9509,2025-07-04 14:10:00+05:30,379.35,380.3,379.35,380.0,437948,BIOCON
9510,2025-07-04 14:15:00+05:30,380.05,380.05,379.6,380.0,82871,BIOCON
9511,2025-07-04 14:20:00+05:30,379.95,380.0,378.8,379.0,73642,BIOCON
9512,2025-07-04 14:25:00+05:30,378.95,379.15,378.3,378.9,85883,BIOCON
9513,2025-07-04 14:30:00+05:30,379.0,379.1,378.45,378.85,60267,BIOCON
9514,2025-07-04 14:35:00+05:30,378.85,380.05,378.75,380.0,89817,BIOCON
9515,2025-07-04 14:40:00+05:30,380.0,380.3,379.6,380.1,84721,BIOCON
9516,2025-07-04 14:45:00+05:30,380.1,380.2,380.0,380.05,42952,BIOCON
9517,2025-07-04 14:50:00+05:30,380.05,380.2,380.0,380.0,132721,BIOCON
9518,2025-07-04 14:55:00+05:30,380.0,380.25,379.15,380.0,215002,BIOCON
9519,2025-07-04 15:00:00+05:30,380.15,380.5,380.05,380.35,45970,BIOCON
9520,2025-07-04 15:05:00+05:30,380.3,381.0,380.0,380.75,141220,BIOCON
9521,2025-07-04 15:10:00+05:30,380.7,380.95,379.65,379.7,209369,BIOCON
9522,2025-07-04 15:15:00+05:30,379.65,380.35,379.2,379.8,287964,BIOCON
9523,2025-07-04 15:20:00+05:30,379.85,380.05,379.25,379.8,233509,BIOCON
9524,2025-07-04 15:25:00+05:30,379.65,381.0,379.4,380.2,163320,BIOCON
9525,2025-07-07 09:15:00+05:30,381.95,382.0,379.05,379.2,175890,BIOCON
9526,2025-07-07 09:20:00+05:30,379.2,380.05,378.6,378.8,64826,BIOCON
9527,2025-07-07 09:25:00+05:30,379.0,379.15,377.35,377.85,56431,BIOCON
9528,2025-07-07 09:30:00+05:30,377.7,378.75,377.0,377.4,60894,BIOCON
9529,2025-07-07 09:35:00+05:30,377.4,378.25,376.65,377.0,47804,BIOCON
9530,2025-07-07 09:40:00+05:30,377.0,377.0,375.85,375.85,69951,BIOCON
9531,2025-07-07 09:45:00+05:30,375.85,376.7,375.35,375.75,72267,BIOCON
9532,2025-07-07 09:50:00+05:30,375.7,376.3,375.3,376.2,25436,BIOCON
9533,2025-07-07 09:55:00+05:30,376.05,376.5,375.75,376.05,36128,BIOCON
9534,2025-07-07 10:00:00+05:30,376.05,376.9,375.8,376.7,27422,BIOCON
9535,2025-07-07 10:05:00+05:30,376.7,376.7,375.0,375.0,65916,BIOCON
9536,2025-07-07 10:10:00+05:30,375.05,375.25,374.7,374.7,37129,BIOCON
9537,2025-07-07 10:15:00+05:30,374.85,375.5,374.5,375.1,19977,BIOCON
9538,2025-07-07 10:20:00+05:30,375.2,375.9,374.8,375.15,22688,BIOCON
9539,2025-07-07 10:25:00+05:30,375.4,375.95,375.15,375.45,15459,BIOCON
9540,2025-07-07 10:30:00+05:30,375.45,376.25,375.4,375.5,44990,BIOCON
9541,2025-07-07 10:35:00+05:30,375.55,375.6,374.95,375.2,23751,BIOCON
9542,2025-07-07 10:40:00+05:30,375.25,376.05,375.05,375.5,18327,BIOCON
9543,2025-07-07 10:45:00+05:30,375.45,375.95,375.2,375.4,14251,BIOCON
9544,2025-07-07 10:50:00+05:30,375.3,376.35,375.0,375.85,47387,BIOCON
9545,2025-07-07 10:55:00+05:30,375.7,376.15,375.5,375.8,4026,BIOCON
9546,2025-07-07 11:00:00+05:30,375.85,376.2,375.7,375.7,10581,BIOCON
9547,2025-07-07 11:05:00+05:30,375.7,375.85,375.5,375.8,7234,BIOCON
9548,2025-07-07 11:10:00+05:30,375.75,376.9,375.75,376.8,48726,BIOCON
9549,2025-07-07 11:15:00+05:30,376.7,377.15,376.3,377.0,38878,BIOCON
9550,2025-07-07 11:20:00+05:30,376.9,377.15,376.25,376.6,26343,BIOCON
9551,2025-07-07 11:25:00+05:30,376.6,376.9,376.6,376.65,5400,BIOCON
9552,2025-07-07 11:30:00+05:30,376.6,377.2,376.5,377.2,13177,BIOCON
9553,2025-07-07 11:35:00+05:30,377.25,377.3,374.85,375.55,107616,BIOCON
9554,2025-07-07 11:40:00+05:30,375.35,375.7,375.0,375.0,13464,BIOCON
9555,2025-07-07 11:45:00+05:30,375.0,375.0,373.6,373.9,49634,BIOCON
9556,2025-07-07 11:50:00+05:30,373.9,374.55,373.9,374.0,16767,BIOCON
9557,2025-07-07 11:55:00+05:30,374.05,374.15,373.9,374.0,18951,BIOCON
9558,2025-07-07 12:00:00+05:30,373.95,374.0,373.45,373.85,23211,BIOCON
9559,2025-07-07 12:05:00+05:30,373.8,374.6,373.75,374.6,18419,BIOCON
9560,2025-07-07 12:10:00+05:30,374.5,374.55,374.05,374.25,11575,BIOCON
9561,2025-07-07 12:15:00+05:30,374.15,375.2,374.1,374.25,25672,BIOCON
9562,2025-07-07 12:20:00+05:30,374.2,374.5,373.9,374.5,16388,BIOCON
9563,2025-07-07 12:25:00+05:30,374.4,375.25,374.4,374.85,26443,BIOCON
9564,2025-07-07 12:30:00+05:30,374.7,375.0,373.5,373.6,34026,BIOCON
9565,2025-07-07 12:35:00+05:30,373.7,374.0,373.55,373.65,8191,BIOCON
9566,2025-07-07 12:40:00+05:30,373.9,373.95,373.6,373.9,9799,BIOCON
9567,2025-07-07 12:45:00+05:30,373.75,373.95,373.5,373.6,18456,BIOCON
9568,2025-07-07 12:50:00+05:30,373.55,373.65,372.9,373.45,23530,BIOCON
9569,2025-07-07 12:55:00+05:30,373.55,373.65,372.9,372.95,15962,BIOCON
9570,2025-07-07 13:00:00+05:30,373.0,373.3,372.85,373.15,9897,BIOCON
9571,2025-07-07 13:05:00+05:30,373.35,373.65,373.05,373.45,12304,BIOCON
9572,2025-07-07 13:10:00+05:30,373.6,374.55,373.35,374.0,30248,BIOCON
9573,2025-07-07 13:15:00+05:30,374.0,374.1,373.85,373.9,5944,BIOCON
9574,2025-07-07 13:20:00+05:30,373.8,373.85,373.55,373.65,7243,BIOCON
9575,2025-07-07 13:25:00+05:30,373.8,373.85,373.15,373.25,9848,BIOCON
9576,2025-07-07 13:30:00+05:30,373.3,373.3,372.35,372.7,29041,BIOCON
9577,2025-07-07 13:35:00+05:30,372.7,372.9,372.5,372.75,7170,BIOCON
9578,2025-07-07 13:40:00+05:30,372.55,372.75,372.25,372.3,7536,BIOCON
9579,2025-07-07 13:45:00+05:30,372.25,372.65,372.25,372.65,6919,BIOCON
9580,2025-07-07 13:50:00+05:30,372.65,372.8,372.35,372.4,9856,BIOCON
9581,2025-07-07 13:55:00+05:30,372.4,372.65,372.25,372.25,11400,BIOCON
9582,2025-07-07 14:00:00+05:30,372.25,372.45,372.25,372.3,5567,BIOCON
9583,2025-07-07 14:05:00+05:30,372.25,372.75,372.2,372.4,8197,BIOCON
9584,2025-07-07 14:10:00+05:30,372.55,372.75,372.3,372.5,6414,BIOCON
9585,2025-07-07 14:15:00+05:30,372.5,372.6,372.3,372.55,4888,BIOCON
9586,2025-07-07 14:20:00+05:30,372.6,373.1,372.3,372.85,15741,BIOCON
9587,2025-07-07 14:25:00+05:30,372.85,373.0,372.6,372.75,12561,BIOCON
9588,2025-07-07 14:30:00+05:30,372.75,372.75,372.4,372.55,11125,BIOCON
9589,2025-07-07 14:35:00+05:30,372.5,373.45,372.4,372.75,44270,BIOCON
9590,2025-07-07 14:40:00+05:30,372.8,372.8,372.35,372.55,4737,BIOCON
9591,2025-07-07 14:45:00+05:30,372.55,372.7,372.35,372.55,12072,BIOCON
9592,2025-07-07 14:50:00+05:30,372.45,372.7,371.8,372.25,645921,BIOCON
9593,2025-07-07 14:55:00+05:30,372.25,372.25,371.65,372.0,95930,BIOCON
9594,2025-07-07 15:00:00+05:30,372.0,372.8,371.9,372.5,413149,BIOCON
9595,2025-07-07 15:05:00+05:30,372.5,372.75,372.1,372.7,37305,BIOCON
9596,2025-07-07 15:10:00+05:30,372.65,372.85,372.2,372.35,52504,BIOCON
9597,2025-07-07 15:15:00+05:30,372.35,372.35,371.65,371.65,63310,BIOCON
9598,2025-07-07 15:20:00+05:30,371.8,371.9,371.45,371.85,111602,BIOCON
9599,2025-07-07 15:25:00+05:30,371.8,372.9,371.7,372.45,75301,BIOCON
9600,2025-07-08 09:15:00+05:30,372.45,373.7,371.65,373.3,89225,BIOCON
9601,2025-07-08 09:20:00+05:30,373.25,373.95,372.75,372.9,51679,BIOCON
9602,2025-07-08 09:25:00+05:30,372.9,372.9,371.7,371.7,37842,BIOCON
9603,2025-07-08 09:30:00+05:30,371.8,372.25,369.6,370.45,60419,BIOCON
9604,2025-07-08 09:35:00+05:30,370.45,371.8,369.85,371.5,29502,BIOCON
9605,2025-07-08 09:40:00+05:30,371.75,371.9,370.95,371.25,13893,BIOCON
9606,2025-07-08 09:45:00+05:30,371.25,371.4,370.8,370.85,6632,BIOCON
9607,2025-07-08 09:50:00+05:30,370.85,370.95,370.5,370.65,22119,BIOCON
9608,2025-07-08 09:55:00+05:30,370.5,371.7,370.5,371.1,51288,BIOCON
9609,2025-07-08 10:00:00+05:30,371.25,371.25,370.5,370.75,21537,BIOCON
9610,2025-07-08 10:05:00+05:30,370.55,370.8,370.0,370.25,58293,BIOCON
9611,2025-07-08 10:10:00+05:30,370.5,370.65,370.15,370.35,14673,BIOCON
9612,2025-07-08 10:15:00+05:30,370.2,370.35,369.25,369.65,26022,BIOCON
9613,2025-07-08 10:20:00+05:30,369.65,369.7,369.2,369.25,14586,BIOCON
9614,2025-07-08 10:25:00+05:30,369.35,369.7,369.25,369.25,9085,BIOCON
9615,2025-07-08 10:30:00+05:30,369.3,369.4,368.65,368.95,25638,BIOCON
9616,2025-07-08 10:35:00+05:30,368.95,369.15,368.6,368.75,10011,BIOCON
9617,2025-07-08 10:40:00+05:30,368.7,369.0,368.65,368.85,19088,BIOCON
9618,2025-07-08 10:45:00+05:30,368.85,368.85,368.05,368.15,20864,BIOCON
9619,2025-07-08 10:50:00+05:30,368.35,368.85,368.0,368.55,41691,BIOCON
9620,2025-07-08 10:55:00+05:30,368.55,369.25,368.55,368.75,14215,BIOCON
9621,2025-07-08 11:00:00+05:30,368.75,368.9,368.2,368.2,16599,BIOCON
9622,2025-07-08 11:05:00+05:30,368.2,368.2,367.35,367.4,66943,BIOCON
9623,2025-07-08 11:10:00+05:30,367.4,368.2,367.1,368.0,84918,BIOCON
9624,2025-07-08 11:15:00+05:30,367.85,368.35,367.55,367.65,43858,BIOCON
9625,2025-07-08 11:20:00+05:30,367.65,367.75,367.4,367.5,9083,BIOCON
9626,2025-07-08 11:25:00+05:30,367.5,367.5,366.75,367.25,51212,BIOCON
9627,2025-07-08 11:30:00+05:30,367.3,367.5,367.0,367.2,18211,BIOCON
9628,2025-07-08 11:35:00+05:30,367.2,367.4,367.0,367.0,17488,BIOCON
9629,2025-07-08 11:40:00+05:30,367.05,367.2,366.8,366.85,9810,BIOCON
9630,2025-07-08 11:45:00+05:30,366.95,367.1,366.55,366.85,26645,BIOCON
9631,2025-07-08 11:50:00+05:30,366.75,367.4,366.75,367.25,26357,BIOCON
9632,2025-07-08 11:55:00+05:30,367.2,367.7,367.05,367.7,27238,BIOCON
9633,2025-07-08 12:00:00+05:30,367.5,367.6,367.1,367.2,24248,BIOCON
9634,2025-07-08 12:05:00+05:30,367.15,367.55,367.15,367.3,7725,BIOCON
9635,2025-07-08 12:10:00+05:30,367.3,368.45,367.15,367.7,34506,BIOCON
9636,2025-07-08 12:15:00+05:30,367.65,367.85,367.4,367.4,13131,BIOCON
9637,2025-07-08 12:20:00+05:30,367.4,367.45,366.9,367.35,31274,BIOCON
9638,2025-07-08 12:25:00+05:30,367.35,368.0,367.15,367.75,40368,BIOCON
9639,2025-07-08 12:30:00+05:30,367.8,369.4,367.75,369.0,84048,BIOCON
9640,2025-07-08 12:35:00+05:30,369.0,369.75,368.95,369.75,25526,BIOCON
9641,2025-07-08 12:40:00+05:30,369.7,369.7,368.85,369.35,27628,BIOCON
9642,2025-07-08 12:45:00+05:30,369.3,369.6,369.15,369.45,6803,BIOCON
9643,2025-07-08 12:50:00+05:30,369.4,369.8,369.3,369.7,9975,BIOCON
9644,2025-07-08 12:55:00+05:30,369.65,369.8,369.4,369.65,13691,BIOCON
9645,2025-07-08 13:00:00+05:30,369.65,370.0,369.3,369.7,17497,BIOCON
9646,2025-07-08 13:05:00+05:30,369.8,369.85,369.25,369.35,13281,BIOCON
9647,2025-07-08 13:10:00+05:30,369.35,369.4,368.65,368.7,45375,BIOCON
9648,2025-07-08 13:15:00+05:30,368.7,369.0,368.7,368.9,4732,BIOCON
9649,2025-07-08 13:20:00+05:30,368.9,369.3,368.75,368.75,12124,BIOCON
9650,2025-07-08 13:25:00+05:30,368.75,368.9,368.35,368.5,15697,BIOCON
9651,2025-07-08 13:30:00+05:30,368.45,368.75,368.4,368.4,12863,BIOCON
9652,2025-07-08 13:35:00+05:30,368.4,368.6,368.0,368.2,15415,BIOCON
9653,2025-07-08 13:40:00+05:30,368.2,368.45,368.0,368.45,5058,BIOCON
9654,2025-07-08 13:45:00+05:30,368.45,368.9,368.45,368.85,13846,BIOCON
9655,2025-07-08 13:50:00+05:30,368.65,369.55,368.6,369.2,18983,BIOCON
9656,2025-07-08 13:55:00+05:30,369.0,370.25,369.0,369.75,319086,BIOCON
9657,2025-07-08 14:00:00+05:30,369.85,369.85,368.2,368.9,61170,BIOCON
9658,2025-07-08 14:05:00+05:30,368.65,369.0,368.4,368.6,58818,BIOCON
9659,2025-07-08 14:10:00+05:30,368.7,368.85,367.8,368.6,22927,BIOCON
9660,2025-07-08 14:15:00+05:30,368.65,369.0,368.4,369.0,9280,BIOCON
9661,2025-07-08 14:20:00+05:30,369.0,369.0,368.7,368.95,8436,BIOCON
9662,2025-07-08 14:25:00+05:30,368.85,369.0,368.7,368.95,12692,BIOCON
9663,2025-07-08 14:30:00+05:30,368.9,369.0,368.55,368.85,11627,BIOCON
9664,2025-07-08 14:35:00+05:30,368.85,368.95,368.65,368.95,9343,BIOCON
9665,2025-07-08 14:40:00+05:30,368.9,368.9,368.4,368.6,17429,BIOCON
9666,2025-07-08 14:45:00+05:30,368.55,368.8,368.25,368.5,17023,BIOCON
9667,2025-07-08 14:50:00+05:30,368.5,368.65,368.35,368.55,4564,BIOCON
9668,2025-07-08 14:55:00+05:30,368.55,369.2,368.4,368.95,48520,BIOCON
9669,2025-07-08 15:00:00+05:30,369.0,370.0,368.85,369.65,66937,BIOCON
9670,2025-07-08 15:05:00+05:30,369.65,370.4,369.65,370.3,96189,BIOCON
9671,2025-07-08 15:10:00+05:30,370.3,370.35,368.95,369.3,76464,BIOCON
9672,2025-07-08 15:15:00+05:30,369.4,369.45,368.8,369.3,46212,BIOCON
9673,2025-07-08 15:20:00+05:30,369.3,369.35,368.75,368.75,39956,BIOCON
9674,2025-07-08 15:25:00+05:30,368.75,369.15,368.1,368.9,61457,BIOCON
9675,2025-07-09 09:15:00+05:30,369.0,374.7,369.0,373.35,193395,BIOCON
9676,2025-07-09 09:20:00+05:30,373.35,373.8,372.6,373.3,80184,BIOCON
9677,2025-07-09 09:25:00+05:30,373.25,374.2,372.8,373.6,93254,BIOCON
9678,2025-07-09 09:30:00+05:30,373.6,375.9,373.6,375.7,114185,BIOCON
9679,2025-07-09 09:35:00+05:30,375.35,376.5,374.8,375.1,116988,BIOCON
9680,2025-07-09 09:40:00+05:30,375.1,376.7,374.85,375.8,71188,BIOCON
9681,2025-07-09 09:45:00+05:30,375.85,377.7,375.8,376.9,108405,BIOCON
9682,2025-07-09 09:50:00+05:30,376.95,376.95,375.8,375.8,37921,BIOCON
9683,2025-07-09 09:55:00+05:30,375.8,377.1,375.75,377.1,89473,BIOCON
9684,2025-07-09 10:00:00+05:30,376.95,377.1,376.05,376.35,65388,BIOCON
9685,2025-07-09 10:05:00+05:30,376.35,379.3,376.1,377.9,290190,BIOCON
9686,2025-07-09 10:10:00+05:30,378.0,378.75,377.9,378.3,72759,BIOCON
9687,2025-07-09 10:15:00+05:30,378.5,379.35,377.65,377.65,113969,BIOCON
9688,2025-07-09 10:20:00+05:30,377.6,378.15,377.35,377.5,52540,BIOCON
9689,2025-07-09 10:25:00+05:30,377.5,378.4,377.35,378.25,68647,BIOCON
9690,2025-07-09 10:30:00+05:30,378.2,378.8,377.5,378.4,58832,BIOCON
9691,2025-07-09 10:35:00+05:30,378.5,379.15,378.0,378.1,83286,BIOCON
9692,2025-07-09 10:40:00+05:30,378.25,378.3,377.65,377.95,27209,BIOCON
9693,2025-07-09 10:45:00+05:30,378.0,378.3,377.85,378.1,35494,BIOCON
9694,2025-07-09 10:50:00+05:30,378.1,378.3,377.7,377.7,88255,BIOCON
9695,2025-07-09 10:55:00+05:30,377.85,377.9,377.55,377.7,19832,BIOCON
9696,2025-07-09 11:00:00+05:30,377.7,378.0,377.25,377.25,16674,BIOCON
9697,2025-07-09 11:05:00+05:30,377.25,377.25,376.35,376.75,50036,BIOCON
9698,2025-07-09 11:10:00+05:30,376.85,377.2,376.2,376.4,36964,BIOCON
9699,2025-07-09 11:15:00+05:30,376.25,376.5,375.65,376.0,72335,BIOCON
9700,2025-07-09 11:20:00+05:30,375.85,376.15,375.8,375.85,170290,BIOCON
9701,2025-07-09 11:25:00+05:30,375.85,376.0,375.3,375.55,57143,BIOCON
9702,2025-07-09 11:30:00+05:30,375.7,377.9,375.5,377.0,111191,BIOCON
9703,2025-07-09 11:35:00+05:30,377.0,377.4,376.55,376.6,29170,BIOCON
9704,2025-07-09 11:40:00+05:30,376.7,376.95,376.2,376.6,25928,BIOCON
9705,2025-07-09 11:45:00+05:30,376.45,376.6,376.1,376.3,21003,BIOCON
9706,2025-07-09 11:50:00+05:30,376.3,377.0,376.2,376.35,15734,BIOCON
9707,2025-07-09 11:55:00+05:30,376.45,376.45,375.7,375.8,73358,BIOCON
9708,2025-07-09 12:00:00+05:30,375.8,376.0,375.3,375.35,17115,BIOCON
9709,2025-07-09 12:05:00+05:30,375.4,375.9,375.1,375.45,19664,BIOCON
9710,2025-07-09 12:10:00+05:30,375.6,376.0,375.25,375.75,22731,BIOCON
9711,2025-07-09 12:15:00+05:30,375.7,377.0,375.7,376.15,144893,BIOCON
9712,2025-07-09 12:20:00+05:30,376.15,376.4,376.0,376.05,10789,BIOCON
9713,2025-07-09 12:25:00+05:30,376.0,376.05,375.25,375.8,67750,BIOCON
9714,2025-07-09 12:30:00+05:30,375.8,375.8,375.3,375.3,7200,BIOCON
9715,2025-07-09 12:35:00+05:30,375.3,375.6,375.2,375.6,9704,BIOCON
9716,2025-07-09 12:40:00+05:30,375.6,376.0,375.6,375.7,6403,BIOCON
9717,2025-07-09 12:45:00+05:30,375.9,375.9,375.45,375.75,12412,BIOCON
9718,2025-07-09 12:50:00+05:30,375.8,375.9,375.5,375.75,7077,BIOCON
9719,2025-07-09 12:55:00+05:30,375.65,375.8,375.0,375.05,68578,BIOCON
9720,2025-07-09 13:00:00+05:30,375.05,376.0,375.0,375.2,21874,BIOCON
9721,2025-07-09 13:05:00+05:30,375.3,375.45,374.6,374.75,12363,BIOCON
9722,2025-07-09 13:10:00+05:30,374.95,375.3,374.8,375.0,21301,BIOCON
9723,2025-07-09 13:15:00+05:30,375.0,375.2,374.8,374.9,15157,BIOCON
9724,2025-07-09 13:20:00+05:30,374.9,375.2,374.8,374.9,9361,BIOCON
9725,2025-07-09 13:25:00+05:30,375.0,375.25,374.6,375.0,19174,BIOCON
9726,2025-07-09 13:30:00+05:30,374.95,375.1,374.75,374.9,17987,BIOCON
9727,2025-07-09 13:35:00+05:30,374.9,374.9,374.5,374.75,8009,BIOCON
9728,2025-07-09 13:40:00+05:30,374.85,374.85,374.35,374.5,10718,BIOCON
9729,2025-07-09 13:45:00+05:30,374.55,374.75,374.25,374.75,14668,BIOCON
9730,2025-07-09 13:50:00+05:30,374.75,374.75,373.55,373.7,65785,BIOCON
9731,2025-07-09 13:55:00+05:30,373.65,374.05,373.55,373.75,27970,BIOCON
9732,2025-07-09 14:00:00+05:30,373.65,373.85,372.85,372.85,35191,BIOCON
9733,2025-07-09 14:05:00+05:30,372.85,373.3,372.75,373.2,20600,BIOCON
9734,2025-07-09 14:10:00+05:30,373.3,373.35,372.75,373.3,26569,BIOCON
9735,2025-07-09 14:15:00+05:30,373.3,373.35,372.75,372.8,16020,BIOCON
9736,2025-07-09 14:20:00+05:30,372.8,372.9,372.55,372.6,22328,BIOCON
9737,2025-07-09 14:25:00+05:30,372.6,372.7,372.0,372.05,28985,BIOCON
9738,2025-07-09 14:30:00+05:30,372.2,372.4,371.7,371.7,51622,BIOCON
9739,2025-07-09 14:35:00+05:30,371.75,373.0,371.55,372.8,63022,BIOCON
9740,2025-07-09 14:40:00+05:30,373.0,373.8,372.75,373.5,37622,BIOCON
9741,2025-07-09 14:45:00+05:30,373.55,373.55,372.45,372.55,33534,BIOCON
9742,2025-07-09 14:50:00+05:30,372.6,373.45,372.5,372.75,29875,BIOCON
9743,2025-07-09 14:55:00+05:30,372.8,373.15,372.65,372.75,24293,BIOCON
9744,2025-07-09 15:00:00+05:30,372.75,373.55,372.55,373.05,80356,BIOCON
9745,2025-07-09 15:05:00+05:30,373.15,373.55,373.0,373.15,59877,BIOCON
9746,2025-07-09 15:10:00+05:30,373.15,373.5,372.55,373.3,87792,BIOCON
9747,2025-07-09 15:15:00+05:30,373.3,374.0,373.1,373.55,103354,BIOCON
9748,2025-07-09 15:20:00+05:30,373.75,374.25,373.6,373.7,154136,BIOCON
9749,2025-07-09 15:25:00+05:30,373.75,374.5,373.7,374.35,94592,BIOCON
9750,2025-07-10 09:15:00+05:30,375.0,375.5,373.1,375.25,136236,BIOCON
9751,2025-07-10 09:20:00+05:30,375.2,376.85,375.05,376.75,155378,BIOCON
9752,2025-07-10 09:25:00+05:30,376.7,377.1,374.55,374.55,109487,BIOCON
9753,2025-07-10 09:30:00+05:30,374.75,375.6,374.3,374.5,48279,BIOCON
9754,2025-07-10 09:35:00+05:30,374.5,374.7,373.65,374.7,35253,BIOCON
9755,2025-07-10 09:40:00+05:30,374.65,375.35,374.6,374.8,17713,BIOCON
9756,2025-07-10 09:45:00+05:30,374.65,375.0,374.4,374.5,7310,BIOCON
9757,2025-07-10 09:50:00+05:30,374.45,374.65,373.7,374.2,34621,BIOCON
9758,2025-07-10 09:55:00+05:30,374.35,374.7,373.9,374.3,11400,BIOCON
9759,2025-07-10 10:00:00+05:30,374.25,374.35,373.7,374.3,10490,BIOCON
9760,2025-07-10 10:05:00+05:30,374.05,374.7,373.65,374.25,19371,BIOCON
9761,2025-07-10 10:10:00+05:30,374.25,374.5,373.85,374.05,5429,BIOCON
9762,2025-07-10 10:15:00+05:30,374.05,374.15,373.75,374.1,6284,BIOCON
9763,2025-07-10 10:20:00+05:30,374.05,374.2,373.8,374.1,28616,BIOCON
9764,2025-07-10 10:25:00+05:30,373.95,374.25,373.7,373.8,10381,BIOCON
9765,2025-07-10 10:30:00+05:30,373.75,373.75,372.25,372.35,57738,BIOCON
9766,2025-07-10 10:35:00+05:30,372.45,373.05,372.15,372.7,15652,BIOCON
9767,2025-07-10 10:40:00+05:30,372.7,372.95,372.5,372.65,4420,BIOCON
9768,2025-07-10 10:45:00+05:30,372.65,372.8,371.7,371.7,16124,BIOCON
9769,2025-07-10 10:50:00+05:30,371.7,372.25,371.15,371.45,27672,BIOCON
9770,2025-07-10 10:55:00+05:30,371.5,371.7,371.25,371.4,11243,BIOCON
9771,2025-07-10 11:00:00+05:30,371.45,371.7,370.35,370.7,44293,BIOCON
9772,2025-07-10 11:05:00+05:30,370.7,371.05,370.35,370.35,5497,BIOCON
9773,2025-07-10 11:10:00+05:30,370.5,371.3,370.25,371.0,11855,BIOCON
9774,2025-07-10 11:15:00+05:30,371.05,371.25,371.0,371.0,5771,BIOCON
9775,2025-07-10 11:20:00+05:30,371.0,371.1,370.4,370.5,4261,BIOCON
9776,2025-07-10 11:25:00+05:30,370.5,370.9,370.05,370.9,37316,BIOCON
9777,2025-07-10 11:30:00+05:30,370.75,371.0,370.3,370.35,4820,BIOCON
9778,2025-07-10 11:35:00+05:30,370.5,370.6,370.1,370.5,7193,BIOCON
9779,2025-07-10 11:40:00+05:30,370.5,370.7,370.0,370.3,6824,BIOCON
9780,2025-07-10 11:45:00+05:30,370.35,370.6,370.05,370.35,6472,BIOCON
9781,2025-07-10 11:50:00+05:30,370.5,370.7,370.2,370.7,8655,BIOCON
9782,2025-07-10 11:55:00+05:30,370.5,370.7,370.4,370.45,3377,BIOCON
9783,2025-07-10 12:00:00+05:30,370.45,370.6,370.0,370.1,7578,BIOCON
9784,2025-07-10 12:05:00+05:30,370.1,370.35,370.1,370.1,2777,BIOCON
9785,2025-07-10 12:10:00+05:30,370.1,370.65,370.0,370.4,30391,BIOCON
9786,2025-07-10 12:15:00+05:30,370.5,370.5,370.2,370.25,4239,BIOCON
9787,2025-07-10 12:20:00+05:30,370.2,370.7,370.15,370.7,5382,BIOCON
9788,2025-07-10 12:25:00+05:30,370.7,370.75,370.5,370.65,26330,BIOCON
9789,2025-07-10 12:30:00+05:30,370.5,370.75,370.5,370.65,2241,BIOCON
9790,2025-07-10 12:35:00+05:30,370.65,371.5,370.5,370.75,184017,BIOCON
9791,2025-07-10 12:40:00+05:30,370.75,371.0,370.55,370.85,4934,BIOCON
9792,2025-07-10 12:45:00+05:30,370.65,370.65,370.2,370.25,8712,BIOCON
9793,2025-07-10 12:50:00+05:30,370.25,371.95,370.2,371.7,43044,BIOCON
9794,2025-07-10 12:55:00+05:30,371.55,372.75,370.9,372.4,43638,BIOCON
9795,2025-07-10 13:00:00+05:30,372.45,372.75,371.95,371.95,17063,BIOCON
9796,2025-07-10 13:05:00+05:30,372.1,372.2,371.95,371.95,4576,BIOCON
9797,2025-07-10 13:10:00+05:30,371.95,372.35,371.75,372.05,9042,BIOCON
9798,2025-07-10 13:15:00+05:30,372.1,372.35,371.9,372.15,9750,BIOCON
9799,2025-07-10 13:20:00+05:30,371.95,372.4,371.8,371.8,8226,BIOCON
9800,2025-07-10 13:25:00+05:30,371.9,372.05,371.6,371.8,6311,BIOCON
9801,2025-07-10 13:30:00+05:30,371.8,372.05,371.7,371.95,6940,BIOCON
9802,2025-07-10 13:35:00+05:30,371.7,372.05,371.7,371.8,12017,BIOCON
9803,2025-07-10 13:40:00+05:30,371.75,371.95,371.6,371.7,7457,BIOCON
9804,2025-07-10 13:45:00+05:30,371.7,371.8,371.45,371.7,12708,BIOCON
9805,2025-07-10 13:50:00+05:30,371.6,372.0,371.45,371.95,20660,BIOCON
9806,2025-07-10 13:55:00+05:30,371.8,372.0,371.65,371.9,6977,BIOCON
9807,2025-07-10 14:00:00+05:30,371.75,371.95,371.55,371.9,6656,BIOCON
9808,2025-07-10 14:05:00+05:30,371.8,372.6,371.65,372.1,33988,BIOCON
9809,2025-07-10 14:10:00+05:30,372.05,372.3,371.65,371.8,6380,BIOCON
9810,2025-07-10 14:15:00+05:30,371.85,372.05,371.65,371.9,8629,BIOCON
9811,2025-07-10 14:20:00+05:30,371.7,372.25,371.65,372.05,18290,BIOCON
9812,2025-07-10 14:25:00+05:30,371.95,372.3,371.95,372.3,10659,BIOCON
9813,2025-07-10 14:30:00+05:30,372.1,372.9,372.1,372.75,16560,BIOCON
9814,2025-07-10 14:35:00+05:30,372.75,373.8,372.75,373.45,31210,BIOCON
9815,2025-07-10 14:40:00+05:30,373.25,373.5,373.25,373.5,20497,BIOCON
9816,2025-07-10 14:45:00+05:30,373.5,373.65,372.85,372.85,45532,BIOCON
9817,2025-07-10 14:50:00+05:30,372.8,372.8,372.4,372.6,9006,BIOCON
9818,2025-07-10 14:55:00+05:30,372.65,372.75,372.2,372.2,7133,BIOCON
9819,2025-07-10 15:00:00+05:30,372.2,372.45,371.95,372.3,19288,BIOCON
9820,2025-07-10 15:05:00+05:30,372.3,372.75,372.25,372.65,9646,BIOCON
9821,2025-07-10 15:10:00+05:30,372.65,372.85,372.35,372.6,64661,BIOCON
9822,2025-07-10 15:15:00+05:30,372.55,372.75,372.25,372.3,37845,BIOCON
9823,2025-07-10 15:20:00+05:30,372.25,372.65,371.95,372.2,66211,BIOCON
9824,2025-07-10 15:25:00+05:30,372.2,372.35,371.75,372.0,45095,BIOCON
9825,2025-07-11 09:15:00+05:30,372.9,375.6,372.9,374.85,113600,BIOCON
9826,2025-07-11 09:20:00+05:30,374.9,376.1,374.75,375.7,51946,BIOCON
9827,2025-07-11 09:25:00+05:30,375.8,376.0,374.1,374.1,25856,BIOCON
9828,2025-07-11 09:30:00+05:30,374.1,374.3,373.4,373.55,26643,BIOCON
9829,2025-07-11 09:35:00+05:30,373.55,374.35,373.55,373.95,14252,BIOCON
9830,2025-07-11 09:40:00+05:30,373.9,374.75,373.9,374.35,18991,BIOCON
9831,2025-07-11 09:45:00+05:30,374.25,375.55,373.8,375.0,52237,BIOCON
9832,2025-07-11 09:50:00+05:30,375.0,375.3,373.8,375.1,55647,BIOCON
9833,2025-07-11 09:55:00+05:30,375.15,375.3,374.8,375.0,6066,BIOCON
9834,2025-07-11 10:00:00+05:30,375.0,376.4,374.55,375.7,109957,BIOCON
9835,2025-07-11 10:05:00+05:30,375.55,377.2,375.45,377.2,99704,BIOCON
9836,2025-07-11 10:10:00+05:30,377.1,377.4,376.3,376.8,43636,BIOCON
9837,2025-07-11 10:15:00+05:30,376.8,376.8,376.15,376.3,23691,BIOCON
9838,2025-07-11 10:20:00+05:30,376.35,376.5,375.85,376.05,34233,BIOCON
9839,2025-07-11 10:25:00+05:30,376.25,376.5,375.8,375.95,14957,BIOCON
9840,2025-07-11 10:30:00+05:30,376.2,376.2,375.65,375.85,20705,BIOCON
9841,2025-07-11 10:35:00+05:30,375.85,376.15,375.15,375.45,44030,BIOCON
9842,2025-07-11 10:40:00+05:30,375.3,375.4,375.05,375.3,13112,BIOCON
9843,2025-07-11 10:45:00+05:30,375.25,375.25,373.75,374.75,70510,BIOCON
9844,2025-07-11 10:50:00+05:30,374.7,374.9,374.15,374.65,28919,BIOCON
9845,2025-07-11 10:55:00+05:30,374.6,375.0,373.3,373.35,43664,BIOCON
9846,2025-07-11 11:00:00+05:30,373.45,373.5,372.4,372.55,34805,BIOCON
9847,2025-07-11 11:05:00+05:30,372.45,372.85,372.2,372.2,20465,BIOCON
9848,2025-07-11 11:10:00+05:30,372.2,373.35,372.2,372.9,14760,BIOCON
9849,2025-07-11 11:15:00+05:30,372.85,373.75,372.85,373.5,30060,BIOCON
9850,2025-07-11 11:20:00+05:30,373.45,373.85,373.0,373.1,43947,BIOCON
9851,2025-07-11 11:25:00+05:30,373.05,373.8,372.7,373.8,25163,BIOCON
9852,2025-07-11 11:30:00+05:30,373.8,374.5,373.7,374.45,18518,BIOCON
9853,2025-07-11 11:35:00+05:30,374.45,375.2,374.4,375.0,58257,BIOCON
9854,2025-07-11 11:40:00+05:30,375.0,375.4,374.75,374.9,20847,BIOCON
9855,2025-07-11 11:45:00+05:30,374.85,375.9,374.4,374.8,54633,BIOCON
9856,2025-07-11 11:50:00+05:30,374.8,375.8,374.7,375.45,12023,BIOCON
9857,2025-07-11 11:55:00+05:30,375.3,375.45,373.5,373.5,19636,BIOCON
9858,2025-07-11 12:00:00+05:30,373.5,373.95,373.0,373.35,15578,BIOCON
9859,2025-07-11 12:05:00+05:30,373.25,373.65,373.0,373.4,171897,BIOCON
9860,2025-07-11 12:10:00+05:30,373.55,373.55,372.55,373.35,12421,BIOCON
9861,2025-07-11 12:15:00+05:30,373.4,373.45,372.85,372.9,6488,BIOCON
9862,2025-07-11 12:20:00+05:30,372.85,373.4,372.85,373.0,23230,BIOCON
9863,2025-07-11 12:25:00+05:30,373.0,373.95,372.85,373.85,69842,BIOCON
9864,2025-07-11 12:30:00+05:30,373.9,375.4,373.9,375.25,29149,BIOCON
9865,2025-07-11 12:35:00+05:30,375.2,375.4,375.1,375.3,8713,BIOCON
9866,2025-07-11 12:40:00+05:30,375.15,375.15,374.9,375.05,10338,BIOCON
9867,2025-07-11 12:45:00+05:30,375.0,375.15,374.45,374.7,16638,BIOCON
9868,2025-07-11 12:50:00+05:30,374.65,374.95,374.4,374.5,13440,BIOCON
9869,2025-07-11 12:55:00+05:30,374.8,374.8,374.4,374.45,15855,BIOCON
9870,2025-07-11 13:00:00+05:30,374.4,374.7,374.1,374.7,17231,BIOCON
9871,2025-07-11 13:05:00+05:30,374.6,374.65,374.1,374.3,12900,BIOCON
9872,2025-07-11 13:10:00+05:30,374.15,374.8,374.1,374.7,17024,BIOCON
9873,2025-07-11 13:15:00+05:30,374.7,374.85,374.4,374.8,14072,BIOCON
9874,2025-07-11 13:20:00+05:30,374.8,374.8,374.45,374.5,15596,BIOCON
9875,2025-07-11 13:25:00+05:30,374.5,374.85,374.3,374.5,21542,BIOCON
9876,2025-07-11 13:30:00+05:30,374.55,374.8,374.4,374.55,12044,BIOCON
9877,2025-07-11 13:35:00+05:30,374.55,375.5,374.5,375.0,58721,BIOCON
9878,2025-07-11 13:40:00+05:30,375.0,375.05,374.6,375.0,40286,BIOCON
9879,2025-07-11 13:45:00+05:30,375.0,375.25,374.7,375.0,46303,BIOCON
9880,2025-07-11 13:50:00+05:30,375.05,375.8,374.85,375.45,59396,BIOCON
9881,2025-07-11 13:55:00+05:30,375.5,375.85,374.75,374.95,58680,BIOCON
9882,2025-07-11 14:00:00+05:30,375.05,375.55,375.0,375.25,33112,BIOCON
9883,2025-07-11 14:05:00+05:30,375.3,375.55,374.95,375.35,41879,BIOCON
9884,2025-07-11 14:10:00+05:30,375.4,375.75,375.1,375.1,34362,BIOCON
9885,2025-07-11 14:15:00+05:30,375.35,375.35,374.7,375.1,70780,BIOCON
9886,2025-07-11 14:20:00+05:30,375.0,375.15,374.55,375.0,44189,BIOCON
9887,2025-07-11 14:25:00+05:30,375.0,376.15,374.8,375.45,79821,BIOCON
9888,2025-07-11 14:30:00+05:30,375.45,375.7,375.1,375.55,43980,BIOCON
9889,2025-07-11 14:35:00+05:30,375.55,375.65,375.15,375.5,44626,BIOCON
9890,2025-07-11 14:40:00+05:30,375.3,375.6,375.1,375.3,47921,BIOCON
9891,2025-07-11 14:45:00+05:30,375.35,375.5,374.95,375.05,57032,BIOCON
9892,2025-07-11 14:50:00+05:30,375.0,375.2,374.5,375.0,65444,BIOCON
9893,2025-07-11 14:55:00+05:30,375.0,375.5,374.95,375.1,59373,BIOCON
9894,2025-07-11 15:00:00+05:30,375.1,375.25,374.7,375.0,47118,BIOCON
9895,2025-07-11 15:05:00+05:30,375.0,375.25,374.4,374.9,51578,BIOCON
9896,2025-07-11 15:10:00+05:30,375.0,375.2,374.3,374.45,74020,BIOCON
9897,2025-07-11 15:15:00+05:30,374.55,374.8,373.15,373.15,107056,BIOCON
9898,2025-07-11 15:20:00+05:30,373.4,373.85,372.9,373.1,54303,BIOCON
9899,2025-07-11 15:25:00+05:30,373.1,375.55,372.65,373.35,102791,BIOCON
9900,2025-07-14 09:15:00+05:30,372.85,372.85,369.3,371.05,62971,BIOCON
9901,2025-07-14 09:20:00+05:30,371.2,371.4,369.7,369.75,20616,BIOCON
9902,2025-07-14 09:25:00+05:30,369.8,370.4,369.0,369.9,52675,BIOCON
9903,2025-07-14 09:30:00+05:30,369.65,371.0,369.65,370.45,44311,BIOCON
9904,2025-07-14 09:35:00+05:30,370.2,370.95,370.15,370.9,21620,BIOCON
9905,2025-07-14 09:40:00+05:30,370.9,371.7,370.7,371.7,12253,BIOCON
9906,2025-07-14 09:45:00+05:30,371.7,371.9,370.95,371.65,22836,BIOCON
9907,2025-07-14 09:50:00+05:30,371.65,374.45,371.1,373.6,83208,BIOCON
9908,2025-07-14 09:55:00+05:30,373.85,373.95,373.3,373.3,14756,BIOCON
9909,2025-07-14 10:00:00+05:30,373.5,373.5,372.8,372.8,17742,BIOCON
9910,2025-07-14 10:05:00+05:30,372.8,373.15,372.35,372.7,27668,BIOCON
9911,2025-07-14 10:10:00+05:30,372.8,373.0,372.0,372.75,58079,BIOCON
9912,2025-07-14 10:15:00+05:30,372.6,373.25,372.4,373.0,21474,BIOCON
9913,2025-07-14 10:20:00+05:30,373.0,373.6,372.85,372.85,13929,BIOCON
9914,2025-07-14 10:25:00+05:30,373.1,375.0,373.1,374.9,48833,BIOCON
9915,2025-07-14 10:30:00+05:30,374.9,375.25,373.35,373.4,35690,BIOCON
9916,2025-07-14 10:35:00+05:30,373.7,373.7,373.05,373.35,4611,BIOCON
9917,2025-07-14 10:40:00+05:30,373.25,373.25,371.7,371.8,61217,BIOCON
9918,2025-07-14 10:45:00+05:30,371.8,372.55,371.7,372.45,20761,BIOCON
9919,2025-07-14 10:50:00+05:30,372.45,373.05,372.45,372.65,7817,BIOCON
9920,2025-07-14 10:55:00+05:30,372.75,373.0,371.75,371.75,37318,BIOCON
9921,2025-07-14 11:00:00+05:30,371.75,372.1,371.7,371.75,14599,BIOCON
9922,2025-07-14 11:05:00+05:30,371.75,371.9,371.1,371.35,26857,BIOCON
9923,2025-07-14 11:10:00+05:30,371.5,371.5,370.8,370.9,18818,BIOCON
9924,2025-07-14 11:15:00+05:30,370.9,371.65,370.9,371.5,26550,BIOCON
9925,2025-07-14 11:20:00+05:30,371.4,371.5,370.6,371.5,36390,BIOCON
9926,2025-07-14 11:25:00+05:30,371.5,372.25,371.45,371.8,38036,BIOCON
9927,2025-07-14 11:30:00+05:30,371.8,372.05,371.5,371.55,9356,BIOCON
9928,2025-07-14 11:35:00+05:30,371.5,372.7,371.45,372.2,24696,BIOCON
9929,2025-07-14 11:40:00+05:30,372.05,372.3,371.75,372.0,3957,BIOCON
9930,2025-07-14 11:45:00+05:30,372.0,372.25,372.0,372.25,1295,BIOCON
9931,2025-07-14 11:50:00+05:30,372.45,372.45,372.0,372.2,1995,BIOCON
9932,2025-07-14 11:55:00+05:30,372.2,372.3,372.0,372.3,3850,BIOCON
9933,2025-07-14 12:00:00+05:30,372.35,372.45,372.2,372.4,543,BIOCON
9934,2025-07-14 12:05:00+05:30,372.5,372.85,372.25,372.65,4672,BIOCON
9935,2025-07-14 12:10:00+05:30,372.85,373.3,372.65,373.15,19430,BIOCON
9936,2025-07-14 12:15:00+05:30,373.3,374.0,373.3,373.85,6395,BIOCON
9937,2025-07-14 12:20:00+05:30,374.0,374.2,373.85,374.1,9571,BIOCON
9938,2025-07-14 12:25:00+05:30,374.1,376.95,374.0,376.95,190557,BIOCON
9939,2025-07-14 12:30:00+05:30,376.95,378.45,376.15,378.1,235168,BIOCON
9940,2025-07-14 12:35:00+05:30,378.1,378.7,377.75,378.5,89385,BIOCON
9941,2025-07-14 12:40:00+05:30,378.5,379.2,378.3,379.0,83057,BIOCON
9942,2025-07-14 12:45:00+05:30,379.0,379.65,378.9,379.65,79773,BIOCON
9943,2025-07-14 12:50:00+05:30,379.7,379.9,379.0,379.65,41774,BIOCON
9944,2025-07-14 12:55:00+05:30,379.65,380.65,379.5,380.25,175868,BIOCON
9945,2025-07-14 13:00:00+05:30,380.1,380.85,380.1,380.65,643622,BIOCON
9946,2025-07-14 13:05:00+05:30,380.5,381.25,380.0,380.1,73166,BIOCON
9947,2025-07-14 13:10:00+05:30,380.2,380.2,379.05,379.65,123097,BIOCON
9948,2025-07-14 13:15:00+05:30,379.65,380.0,379.5,379.55,16123,BIOCON
9949,2025-07-14 13:20:00+05:30,379.7,380.2,379.5,379.9,29841,BIOCON
9950,2025-07-14 13:25:00+05:30,380.0,380.0,378.75,379.3,71176,BIOCON
9951,2025-07-14 13:30:00+05:30,379.2,380.0,379.1,379.75,32707,BIOCON
9952,2025-07-14 13:35:00+05:30,379.75,380.5,379.35,380.45,250465,BIOCON
9953,2025-07-14 13:40:00+05:30,380.45,380.75,379.85,380.1,180835,BIOCON
9954,2025-07-14 13:45:00+05:30,380.1,380.5,379.75,380.05,104782,BIOCON
9955,2025-07-14 13:50:00+05:30,380.05,380.35,379.7,380.05,359449,BIOCON
9956,2025-07-14 13:55:00+05:30,380.0,380.1,378.4,379.15,44958,BIOCON
9957,2025-07-14 14:00:00+05:30,379.0,379.3,378.6,378.75,38412,BIOCON
9958,2025-07-14 14:05:00+05:30,378.7,379.0,378.3,379.0,60444,BIOCON
9959,2025-07-14 14:10:00+05:30,378.95,379.6,378.9,379.0,38323,BIOCON
9960,2025-07-14 14:15:00+05:30,378.9,379.45,378.65,379.35,37972,BIOCON
9961,2025-07-14 14:20:00+05:30,379.3,380.35,379.05,380.05,45438,BIOCON
9962,2025-07-14 14:25:00+05:30,379.85,380.2,379.25,379.7,91177,BIOCON
9963,2025-07-14 14:30:00+05:30,379.95,380.0,379.5,379.6,52089,BIOCON
9964,2025-07-14 14:35:00+05:30,379.6,379.8,379.0,379.0,60260,BIOCON
9965,2025-07-14 14:40:00+05:30,379.2,379.5,378.85,378.85,55540,BIOCON
9966,2025-07-14 14:45:00+05:30,378.85,379.2,378.25,378.4,80687,BIOCON
9967,2025-07-14 14:50:00+05:30,378.2,379.5,378.0,379.4,61683,BIOCON
9968,2025-07-14 14:55:00+05:30,379.4,380.05,379.05,379.9,117310,BIOCON
9969,2025-07-14 15:00:00+05:30,379.9,380.0,378.65,378.7,93595,BIOCON
9970,2025-07-14 15:05:00+05:30,378.7,379.8,378.0,378.75,234324,BIOCON
9971,2025-07-14 15:10:00+05:30,378.75,378.9,378.1,378.15,115501,BIOCON
9972,2025-07-14 15:15:00+05:30,378.35,378.45,377.65,377.95,97701,BIOCON
9973,2025-07-14 15:20:00+05:30,378.05,380.4,377.85,379.1,397690,BIOCON
9974,2025-07-14 15:25:00+05:30,379.45,380.05,378.35,379.0,205875,BIOCON
9975,2025-07-15 09:15:00+05:30,380.9,384.4,380.75,384.15,300004,BIOCON
9976,2025-07-15 09:20:00+05:30,384.15,385.8,383.25,385.35,281639,BIOCON
9977,2025-07-15 09:25:00+05:30,385.45,385.6,384.6,385.0,163810,BIOCON
9978,2025-07-15 09:30:00+05:30,384.85,385.2,384.05,384.05,103637,BIOCON
9979,2025-07-15 09:35:00+05:30,384.2,384.35,383.85,383.85,57726,BIOCON
9980,2025-07-15 09:40:00+05:30,384.0,385.25,383.05,384.7,87429,BIOCON
9981,2025-07-15 09:45:00+05:30,384.7,385.25,384.05,385.0,66105,BIOCON
9982,2025-07-15 09:50:00+05:30,385.0,385.5,383.15,383.35,110490,BIOCON
9983,2025-07-15 09:55:00+05:30,383.2,384.6,383.05,383.85,58750,BIOCON
9984,2025-07-15 10:00:00+05:30,383.85,384.65,383.65,384.65,28775,BIOCON
9985,2025-07-15 10:05:00+05:30,384.7,384.8,384.0,384.1,24681,BIOCON
9986,2025-07-15 10:10:00+05:30,384.0,384.95,383.85,384.9,51315,BIOCON
9987,2025-07-15 10:15:00+05:30,384.95,385.0,382.85,383.95,107213,BIOCON
9988,2025-07-15 10:20:00+05:30,384.05,385.1,383.95,384.6,199681,BIOCON
9989,2025-07-15 10:25:00+05:30,384.55,385.3,384.2,385.15,41677,BIOCON
9990,2025-07-15 10:30:00+05:30,385.15,385.15,384.7,385.05,32249,BIOCON
9991,2025-07-15 10:35:00+05:30,384.9,385.25,384.4,384.65,41285,BIOCON
9992,2025-07-15 10:40:00+05:30,384.65,384.8,383.5,383.65,33119,BIOCON
9993,2025-07-15 10:45:00+05:30,383.85,384.3,383.5,384.25,10551,BIOCON
9994,2025-07-15 10:50:00+05:30,384.1,384.85,383.35,384.4,83960,BIOCON
9995,2025-07-15 10:55:00+05:30,384.45,385.15,384.4,384.9,25996,BIOCON
9996,2025-07-15 11:00:00+05:30,384.95,386.25,384.9,385.05,239469,BIOCON
9997,2025-07-15 11:05:00+05:30,385.25,385.6,385.0,385.25,27503,BIOCON
9998,2025-07-15 11:10:00+05:30,385.45,386.45,385.2,386.15,251766,BIOCON
9999,2025-07-15 11:15:00+05:30,386.1,387.2,385.9,386.75,252919,BIOCON
10000,2025-07-15 11:20:00+05:30,386.95,387.0,386.15,386.6,355449,BIOCON
10001,2025-07-15 11:25:00+05:30,386.6,386.9,385.75,385.9,51282,BIOCON
10002,2025-07-15 11:30:00+05:30,385.85,386.3,385.25,386.05,57396,BIOCON
10003,2025-07-15 11:35:00+05:30,386.05,386.95,385.8,386.65,30215,BIOCON
10004,2025-07-15 11:40:00+05:30,386.65,389.3,386.55,389.0,235729,BIOCON
10005,2025-07-15 11:45:00+05:30,389.0,390.7,388.85,389.0,252780,BIOCON
10006,2025-07-15 11:50:00+05:30,389.0,389.9,388.95,389.25,89855,BIOCON
10007,2025-07-15 11:55:00+05:30,389.2,389.75,388.65,389.45,123785,BIOCON
10008,2025-07-15 12:00:00+05:30,389.4,391.0,389.05,390.55,295452,BIOCON
10009,2025-07-15 12:05:00+05:30,390.55,390.95,389.8,390.3,255260,BIOCON
10010,2025-07-15 12:10:00+05:30,390.3,390.55,390.0,390.1,100357,BIOCON
10011,2025-07-15 12:15:00+05:30,390.1,390.5,389.55,390.1,136538,BIOCON
10012,2025-07-15 12:20:00+05:30,390.0,390.4,389.35,389.4,72958,BIOCON
10013,2025-07-15 12:25:00+05:30,389.4,390.85,389.4,390.15,70318,BIOCON
10014,2025-07-15 12:30:00+05:30,390.2,391.2,390.0,390.5,120026,BIOCON
10015,2025-07-15 12:35:00+05:30,390.5,390.75,389.6,389.9,67117,BIOCON
10016,2025-07-15 12:40:00+05:30,389.9,390.2,389.65,389.9,29585,BIOCON
10017,2025-07-15 12:45:00+05:30,389.9,390.7,389.85,390.0,71846,BIOCON
10018,2025-07-15 12:50:00+05:30,390.0,390.45,389.8,390.0,31646,BIOCON
10019,2025-07-15 12:55:00+05:30,389.8,390.95,389.8,390.0,27197,BIOCON
10020,2025-07-15 13:00:00+05:30,390.15,390.9,390.0,390.1,25875,BIOCON
10021,2025-07-15 13:05:00+05:30,390.25,390.4,389.95,390.05,32505,BIOCON
10022,2025-07-15 13:10:00+05:30,390.05,391.0,389.9,390.35,79942,BIOCON
10023,2025-07-15 13:15:00+05:30,390.35,391.0,390.1,390.8,37891,BIOCON
10024,2025-07-15 13:20:00+05:30,390.8,391.15,390.3,390.7,102820,BIOCON
10025,2025-07-15 13:25:00+05:30,390.8,391.2,390.15,390.95,106722,BIOCON
10026,2025-07-15 13:30:00+05:30,390.8,391.5,390.1,390.7,82820,BIOCON
10027,2025-07-15 13:35:00+05:30,390.5,390.95,390.4,390.6,54016,BIOCON
10028,2025-07-15 13:40:00+05:30,390.6,390.95,390.45,390.7,42804,BIOCON
10029,2025-07-15 13:45:00+05:30,390.5,390.65,390.0,390.1,38082,BIOCON
10030,2025-07-15 13:50:00+05:30,390.1,390.4,389.0,389.45,72456,BIOCON
10031,2025-07-15 13:55:00+05:30,389.6,390.0,389.4,389.85,31304,BIOCON
10032,2025-07-15 14:00:00+05:30,389.9,390.25,388.75,388.95,59764,BIOCON
10033,2025-07-15 14:05:00+05:30,389.0,389.2,387.85,388.3,109999,BIOCON
10034,2025-07-15 14:10:00+05:30,388.2,388.8,387.95,388.15,44821,BIOCON
10035,2025-07-15 14:15:00+05:30,388.05,388.6,388.0,388.4,28588,BIOCON
10036,2025-07-15 14:20:00+05:30,388.4,388.55,388.25,388.5,12797,BIOCON
10037,2025-07-15 14:25:00+05:30,388.45,389.55,388.2,389.35,51229,BIOCON
10038,2025-07-15 14:30:00+05:30,389.3,390.3,389.3,389.9,73751,BIOCON
10039,2025-07-15 14:35:00+05:30,389.8,389.9,389.2,389.35,33367,BIOCON
10040,2025-07-15 14:40:00+05:30,389.3,389.75,388.75,389.75,43181,BIOCON
10041,2025-07-15 14:45:00+05:30,389.7,390.0,389.3,389.95,66137,BIOCON
10042,2025-07-15 14:50:00+05:30,389.95,390.0,389.45,389.65,85577,BIOCON
10043,2025-07-15 14:55:00+05:30,389.7,389.85,388.5,389.45,123922,BIOCON
10044,2025-07-15 15:00:00+05:30,389.65,390.0,389.45,389.8,111507,BIOCON
10045,2025-07-15 15:05:00+05:30,389.85,390.4,389.55,390.4,108595,BIOCON
10046,2025-07-15 15:10:00+05:30,390.35,390.5,389.85,390.0,131019,BIOCON
10047,2025-07-15 15:15:00+05:30,389.95,390.7,389.85,390.7,143152,BIOCON
10048,2025-07-15 15:20:00+05:30,390.7,391.2,389.95,391.15,503625,BIOCON
10049,2025-07-15 15:25:00+05:30,391.1,391.15,389.4,390.0,249672,BIOCON
10050,2025-07-16 09:15:00+05:30,399.5,405.9,399.0,405.1,4579705,BIOCON
10051,2025-07-16 09:20:00+05:30,405.0,405.05,400.4,401.95,1596654,BIOCON
10052,2025-07-16 09:25:00+05:30,401.95,402.3,397.1,398.05,1060360,BIOCON
10053,2025-07-16 09:30:00+05:30,398.25,398.4,395.7,396.0,628410,BIOCON
10054,2025-07-16 09:35:00+05:30,395.95,396.55,393.25,394.0,617090,BIOCON
10055,2025-07-16 09:40:00+05:30,394.0,396.2,393.2,395.6,589802,BIOCON
10056,2025-07-16 09:45:00+05:30,395.6,395.8,393.8,394.35,329323,BIOCON
10057,2025-07-16 09:50:00+05:30,394.35,397.15,394.3,397.15,227168,BIOCON
10058,2025-07-16 09:55:00+05:30,397.1,397.7,396.0,397.15,241627,BIOCON
10059,2025-07-16 10:00:00+05:30,397.0,399.0,396.5,399.0,370362,BIOCON
10060,2025-07-16 10:05:00+05:30,398.9,398.95,396.35,396.9,239896,BIOCON
10061,2025-07-16 10:10:00+05:30,396.9,397.0,395.2,395.85,329703,BIOCON
10062,2025-07-16 10:15:00+05:30,396.0,396.05,395.0,395.3,148949,BIOCON
10063,2025-07-16 10:20:00+05:30,395.5,396.7,394.8,396.05,319633,BIOCON
10064,2025-07-16 10:25:00+05:30,396.0,396.05,395.1,395.7,114950,BIOCON
10065,2025-07-16 10:30:00+05:30,395.75,395.8,395.0,395.4,82097,BIOCON
10066,2025-07-16 10:35:00+05:30,395.35,397.4,394.65,396.1,168412,BIOCON
10067,2025-07-16 10:40:00+05:30,396.25,396.9,395.2,395.4,158720,BIOCON
10068,2025-07-16 10:45:00+05:30,395.4,396.65,395.0,396.3,76770,BIOCON
10069,2025-07-16 10:50:00+05:30,396.3,396.6,395.8,396.45,43760,BIOCON
10070,2025-07-16 10:55:00+05:30,396.45,396.6,396.05,396.6,34684,BIOCON
10071,2025-07-16 11:00:00+05:30,396.5,396.55,395.4,396.3,71764,BIOCON
10072,2025-07-16 11:05:00+05:30,396.3,396.3,395.0,395.5,152127,BIOCON
10073,2025-07-16 11:10:00+05:30,395.5,396.1,395.4,395.85,55571,BIOCON
10074,2025-07-16 11:15:00+05:30,395.85,396.0,395.4,395.6,48000,BIOCON
10075,2025-07-16 11:20:00+05:30,395.6,396.0,395.4,396.0,72023,BIOCON
10076,2025-07-16 11:25:00+05:30,396.0,397.2,395.7,397.0,254813,BIOCON
10077,2025-07-16 11:30:00+05:30,397.0,397.75,396.3,396.65,137655,BIOCON
10078,2025-07-16 11:35:00+05:30,396.65,398.0,396.45,397.8,106929,BIOCON
10079,2025-07-16 11:40:00+05:30,397.8,398.15,396.7,396.95,156784,BIOCON
10080,2025-07-16 11:45:00+05:30,396.9,398.8,396.45,397.4,324479,BIOCON
10081,2025-07-16 11:50:00+05:30,397.4,397.7,396.9,396.95,69103,BIOCON
10082,2025-07-16 11:55:00+05:30,396.95,397.0,396.55,396.65,47748,BIOCON
10083,2025-07-16 12:00:00+05:30,396.7,396.7,395.1,396.0,232042,BIOCON
10084,2025-07-16 12:05:00+05:30,396.1,396.6,395.75,395.95,57968,BIOCON
10085,2025-07-16 12:10:00+05:30,395.8,395.8,395.05,395.45,67705,BIOCON
10086,2025-07-16 12:15:00+05:30,395.45,395.55,395.1,395.25,30813,BIOCON
10087,2025-07-16 12:20:00+05:30,395.25,395.4,394.1,394.35,111733,BIOCON
10088,2025-07-16 12:25:00+05:30,394.35,394.65,393.7,394.3,125048,BIOCON
10089,2025-07-16 12:30:00+05:30,394.3,394.45,393.5,393.8,118506,BIOCON
10090,2025-07-16 12:35:00+05:30,393.75,394.35,393.7,394.35,50726,BIOCON
10091,2025-07-16 12:40:00+05:30,394.35,394.9,393.8,394.25,80037,BIOCON
10092,2025-07-16 12:45:00+05:30,394.25,394.35,393.75,394.0,63407,BIOCON
10093,2025-07-16 12:50:00+05:30,394.0,394.2,393.75,393.95,46078,BIOCON
10094,2025-07-16 12:55:00+05:30,394.0,395.0,393.95,394.65,99887,BIOCON
10095,2025-07-16 13:00:00+05:30,394.6,394.65,394.15,394.35,15596,BIOCON
10096,2025-07-16 13:05:00+05:30,394.35,394.95,394.2,394.6,87882,BIOCON
10097,2025-07-16 13:10:00+05:30,394.6,394.8,393.3,394.15,137188,BIOCON
10098,2025-07-16 13:15:00+05:30,394.25,394.7,394.25,394.45,30959,BIOCON
10099,2025-07-16 13:20:00+05:30,394.45,394.55,394.1,394.1,20511,BIOCON
10100,2025-07-16 13:25:00+05:30,394.35,394.85,394.0,394.65,60079,BIOCON
10101,2025-07-16 13:30:00+05:30,394.65,394.75,394.25,394.45,22651,BIOCON
10102,2025-07-16 13:35:00+05:30,394.5,394.5,394.05,394.45,17705,BIOCON
10103,2025-07-16 13:40:00+05:30,394.45,394.85,394.25,394.85,16975,BIOCON
10104,2025-07-16 13:45:00+05:30,394.85,394.9,394.5,394.65,13660,BIOCON
10105,2025-07-16 13:50:00+05:30,394.65,395.0,394.5,394.65,36577,BIOCON
10106,2025-07-16 13:55:00+05:30,394.65,394.7,394.2,394.55,36817,BIOCON
10107,2025-07-16 14:00:00+05:30,394.55,394.8,394.25,394.8,22954,BIOCON
10108,2025-07-16 14:05:00+05:30,394.8,394.9,394.45,394.9,31481,BIOCON
10109,2025-07-16 14:10:00+05:30,394.9,395.0,394.55,395.0,30098,BIOCON
10110,2025-07-16 14:15:00+05:30,395.0,395.65,394.95,395.25,72164,BIOCON
10111,2025-07-16 14:20:00+05:30,395.25,395.25,394.2,394.75,48476,BIOCON
10112,2025-07-16 14:25:00+05:30,394.85,394.9,394.05,394.05,39392,BIOCON
10113,2025-07-16 14:30:00+05:30,394.2,394.45,393.7,394.45,111820,BIOCON
10114,2025-07-16 14:35:00+05:30,394.45,394.5,393.9,394.0,48213,BIOCON
10115,2025-07-16 14:40:00+05:30,394.05,394.15,393.85,394.05,65770,BIOCON
10116,2025-07-16 14:45:00+05:30,394.05,394.35,393.55,394.15,132704,BIOCON
10117,2025-07-16 14:50:00+05:30,394.2,394.2,393.9,393.95,55101,BIOCON
10118,2025-07-16 14:55:00+05:30,393.95,395.0,393.9,394.7,128685,BIOCON
10119,2025-07-16 15:00:00+05:30,394.7,395.5,394.25,394.25,175804,BIOCON
10120,2025-07-16 15:05:00+05:30,394.25,395.5,394.2,395.15,217268,BIOCON
10121,2025-07-16 15:10:00+05:30,395.15,395.3,394.45,394.9,272803,BIOCON
10122,2025-07-16 15:15:00+05:30,394.9,395.2,393.9,394.2,454604,BIOCON
10123,2025-07-16 15:20:00+05:30,394.25,394.65,393.65,394.3,338746,BIOCON
10124,2025-07-16 15:25:00+05:30,394.25,395.05,394.0,394.95,203831,BIOCON
10125,2025-07-17 09:15:00+05:30,396.25,396.85,394.7,396.6,190678,BIOCON
10126,2025-07-17 09:20:00+05:30,396.3,397.5,396.1,396.55,99713,BIOCON
10127,2025-07-17 09:25:00+05:30,396.4,398.35,396.25,397.85,79650,BIOCON
10128,2025-07-17 09:30:00+05:30,397.85,398.8,397.05,397.15,73530,BIOCON
10129,2025-07-17 09:35:00+05:30,397.35,398.5,396.85,397.1,112300,BIOCON
10130,2025-07-17 09:40:00+05:30,397.05,397.45,396.25,396.7,42750,BIOCON
10131,2025-07-17 09:45:00+05:30,396.75,397.0,396.35,396.35,32392,BIOCON
10132,2025-07-17 09:50:00+05:30,396.35,397.5,396.35,397.2,25035,BIOCON
10133,2025-07-17 09:55:00+05:30,397.15,397.35,396.75,397.15,11401,BIOCON
10134,2025-07-17 10:00:00+05:30,397.1,397.15,396.4,396.85,19695,BIOCON
10135,2025-07-17 10:05:00+05:30,396.7,397.15,396.25,396.3,21571,BIOCON
10136,2025-07-17 10:10:00+05:30,396.3,396.65,396.3,396.55,12284,BIOCON
10137,2025-07-17 10:15:00+05:30,396.4,396.75,396.05,396.5,12600,BIOCON
10138,2025-07-17 10:20:00+05:30,396.35,397.0,396.3,396.5,21729,BIOCON
10139,2025-07-17 10:25:00+05:30,396.5,396.85,396.2,396.3,12455,BIOCON
10140,2025-07-17 10:30:00+05:30,396.3,396.9,395.55,396.3,40322,BIOCON
10141,2025-07-17 10:35:00+05:30,396.25,396.65,396.0,396.35,6245,BIOCON
10142,2025-07-17 10:40:00+05:30,396.35,396.55,395.6,395.6,14746,BIOCON
10143,2025-07-17 10:45:00+05:30,395.65,395.9,395.6,395.65,6389,BIOCON
10144,2025-07-17 10:50:00+05:30,395.65,396.35,395.65,395.95,14797,BIOCON
10145,2025-07-17 10:55:00+05:30,395.95,396.35,395.75,396.1,23804,BIOCON
10146,2025-07-17 11:00:00+05:30,396.1,396.35,395.4,395.5,27221,BIOCON
10147,2025-07-17 11:05:00+05:30,395.4,395.75,395.4,395.45,14788,BIOCON
10148,2025-07-17 11:10:00+05:30,395.45,395.85,395.1,395.35,40361,BIOCON
10149,2025-07-17 11:15:00+05:30,395.35,395.8,395.35,395.4,9443,BIOCON
10150,2025-07-17 11:20:00+05:30,395.4,395.75,395.35,395.55,8260,BIOCON
10151,2025-07-17 11:25:00+05:30,395.55,395.65,395.3,395.35,9523,BIOCON
10152,2025-07-17 11:30:00+05:30,395.35,395.6,394.8,395.05,29222,BIOCON
10153,2025-07-17 11:35:00+05:30,394.9,395.5,394.9,395.3,8926,BIOCON
10154,2025-07-17 11:40:00+05:30,395.3,395.35,394.4,394.55,28756,BIOCON
10155,2025-07-17 11:45:00+05:30,394.55,395.0,394.4,394.7,15278,BIOCON
10156,2025-07-17 11:50:00+05:30,394.7,395.1,394.6,394.6,16776,BIOCON
10157,2025-07-17 11:55:00+05:30,394.6,394.8,394.05,394.7,656011,BIOCON
10158,2025-07-17 12:00:00+05:30,394.7,394.9,393.8,394.0,32350,BIOCON
10159,2025-07-17 12:05:00+05:30,394.0,394.1,393.5,393.5,26409,BIOCON
10160,2025-07-17 12:10:00+05:30,393.5,393.65,393.2,393.45,36706,BIOCON
10161,2025-07-17 12:15:00+05:30,393.65,393.75,393.25,393.4,11153,BIOCON
10162,2025-07-17 12:20:00+05:30,393.6,393.8,393.3,393.45,12707,BIOCON
10163,2025-07-17 12:25:00+05:30,393.45,393.75,392.65,392.65,43505,BIOCON
10164,2025-07-17 12:30:00+05:30,392.75,393.0,392.65,392.9,10585,BIOCON
10165,2025-07-17 12:35:00+05:30,392.9,393.15,392.75,393.05,19844,BIOCON
10166,2025-07-17 12:40:00+05:30,393.0,393.45,393.0,393.3,9008,BIOCON
10167,2025-07-17 12:45:00+05:30,393.3,394.25,392.85,393.8,1000031,BIOCON
10168,2025-07-17 12:50:00+05:30,393.65,395.35,393.6,394.75,99050,BIOCON
10169,2025-07-17 12:55:00+05:30,395.0,397.15,394.9,396.2,145807,BIOCON
10170,2025-07-17 13:00:00+05:30,396.2,397.8,395.75,397.2,88154,BIOCON
10171,2025-07-17 13:05:00+05:30,397.05,397.5,396.25,396.25,41536,BIOCON
10172,2025-07-17 13:10:00+05:30,396.3,396.7,395.95,396.15,24988,BIOCON
10173,2025-07-17 13:15:00+05:30,396.1,396.35,396.0,396.1,10184,BIOCON
10174,2025-07-17 13:20:00+05:30,396.1,396.4,395.8,396.2,19459,BIOCON
10175,2025-07-17 13:25:00+05:30,396.05,396.4,395.65,396.1,28815,BIOCON
10176,2025-07-17 13:30:00+05:30,396.1,396.5,396.0,396.15,28594,BIOCON
10177,2025-07-17 13:35:00+05:30,396.15,396.4,395.85,396.05,10232,BIOCON
10178,2025-07-17 13:40:00+05:30,396.15,396.2,395.65,395.95,15473,BIOCON
10179,2025-07-17 13:45:00+05:30,396.0,396.35,395.7,395.7,17105,BIOCON
10180,2025-07-17 13:50:00+05:30,395.85,396.1,395.4,396.0,13328,BIOCON
10181,2025-07-17 13:55:00+05:30,396.0,396.2,395.65,396.1,11919,BIOCON
10182,2025-07-17 14:00:00+05:30,396.0,396.2,395.8,396.0,7777,BIOCON
10183,2025-07-17 14:05:00+05:30,396.0,396.3,395.8,396.25,12066,BIOCON
10184,2025-07-17 14:10:00+05:30,396.3,396.35,396.0,396.2,9106,BIOCON
10185,2025-07-17 14:15:00+05:30,396.2,396.3,395.8,396.15,11308,BIOCON
10186,2025-07-17 14:20:00+05:30,396.1,396.15,395.55,395.95,22297,BIOCON
10187,2025-07-17 14:25:00+05:30,395.95,396.35,395.9,396.25,27439,BIOCON
10188,2025-07-17 14:30:00+05:30,396.25,396.45,395.8,396.0,38757,BIOCON
10189,2025-07-17 14:35:00+05:30,396.15,396.4,395.85,396.2,50152,BIOCON
10190,2025-07-17 14:40:00+05:30,396.0,396.2,395.85,396.0,14352,BIOCON
10191,2025-07-17 14:45:00+05:30,395.95,396.05,395.6,395.8,22388,BIOCON
10192,2025-07-17 14:50:00+05:30,395.75,396.15,395.6,396.15,21681,BIOCON
10193,2025-07-17 14:55:00+05:30,396.0,396.2,395.85,396.0,18720,BIOCON
10194,2025-07-17 15:00:00+05:30,396.15,396.45,395.85,396.4,33989,BIOCON
10195,2025-07-17 15:05:00+05:30,396.4,397.65,396.3,397.3,91069,BIOCON
10196,2025-07-17 15:10:00+05:30,397.3,397.45,396.6,397.0,83233,BIOCON
10197,2025-07-17 15:15:00+05:30,396.95,397.7,396.55,396.95,165642,BIOCON
10198,2025-07-17 15:20:00+05:30,396.9,397.1,396.6,396.75,56404,BIOCON
10199,2025-07-17 15:25:00+05:30,396.85,397.6,396.45,396.8,68762,BIOCON
10200,2025-07-18 09:15:00+05:30,397.2,398.9,396.35,398.5,110496,BIOCON
10201,2025-07-18 09:20:00+05:30,398.5,399.0,397.55,398.8,85862,BIOCON
10202,2025-07-18 09:25:00+05:30,398.8,398.95,397.45,398.3,47413,BIOCON
10203,2025-07-18 09:30:00+05:30,398.2,401.9,398.2,401.25,299494,BIOCON
10204,2025-07-18 09:35:00+05:30,401.45,401.5,400.3,400.5,148471,BIOCON
10205,2025-07-18 09:40:00+05:30,400.5,400.75,399.7,400.0,45366,BIOCON
10206,2025-07-18 09:45:00+05:30,399.75,400.75,399.5,400.45,27148,BIOCON
10207,2025-07-18 09:50:00+05:30,400.5,401.15,399.55,399.55,63980,BIOCON
10208,2025-07-18 09:55:00+05:30,399.55,400.2,399.5,400.0,29769,BIOCON
10209,2025-07-18 10:00:00+05:30,400.0,400.3,399.65,400.1,31261,BIOCON
10210,2025-07-18 10:05:00+05:30,400.1,400.35,399.8,399.9,22901,BIOCON
10211,2025-07-18 10:10:00+05:30,399.85,400.15,398.45,399.05,104985,BIOCON
10212,2025-07-18 10:15:00+05:30,399.1,399.15,398.0,399.0,70703,BIOCON
10213,2025-07-18 10:20:00+05:30,399.0,399.55,398.5,399.1,36291,BIOCON
10214,2025-07-18 10:25:00+05:30,399.25,399.6,398.3,398.3,32464,BIOCON
10215,2025-07-18 10:30:00+05:30,398.4,399.0,398.0,398.6,23150,BIOCON
10216,2025-07-18 10:35:00+05:30,398.8,399.7,398.4,399.35,21033,BIOCON
10217,2025-07-18 10:40:00+05:30,399.55,399.8,399.15,399.4,33237,BIOCON
10218,2025-07-18 10:45:00+05:30,399.45,399.55,399.0,399.3,19119,BIOCON
10219,2025-07-18 10:50:00+05:30,399.35,399.5,399.0,399.1,9678,BIOCON
10220,2025-07-18 10:55:00+05:30,399.15,399.6,399.0,399.4,19320,BIOCON
10221,2025-07-18 11:00:00+05:30,399.15,399.7,399.0,399.5,26537,BIOCON
10222,2025-07-18 11:05:00+05:30,399.6,399.8,399.4,399.5,7587,BIOCON
10223,2025-07-18 11:10:00+05:30,399.55,401.35,399.4,400.7,150404,BIOCON
10224,2025-07-18 11:15:00+05:30,400.75,402.2,400.75,401.4,171548,BIOCON
10225,2025-07-18 11:20:00+05:30,401.4,402.05,401.25,401.65,85743,BIOCON
10226,2025-07-18 11:25:00+05:30,401.8,404.9,401.65,404.9,360792,BIOCON
10227,2025-07-18 11:30:00+05:30,404.8,406.0,404.7,404.95,446605,BIOCON
10228,2025-07-18 11:35:00+05:30,405.0,405.2,403.5,404.3,160283,BIOCON
10229,2025-07-18 11:40:00+05:30,404.3,404.4,403.15,403.2,69833,BIOCON
10230,2025-07-18 11:45:00+05:30,403.35,404.7,403.2,403.95,70799,BIOCON
10231,2025-07-18 11:50:00+05:30,403.95,404.3,403.2,403.35,52830,BIOCON
10232,2025-07-18 11:55:00+05:30,403.35,403.5,401.75,401.95,120641,BIOCON
10233,2025-07-18 12:00:00+05:30,401.9,402.6,401.8,402.15,251765,BIOCON
10234,2025-07-18 12:05:00+05:30,402.1,403.45,401.85,403.25,403339,BIOCON
10235,2025-07-18 12:10:00+05:30,403.15,403.5,403.0,403.3,39243,BIOCON
10236,2025-07-18 12:15:00+05:30,403.25,403.4,402.65,402.85,42319,BIOCON
10237,2025-07-18 12:20:00+05:30,402.75,402.85,401.65,402.0,66591,BIOCON
10238,2025-07-18 12:25:00+05:30,402.0,402.1,401.3,401.6,56490,BIOCON
10239,2025-07-18 12:30:00+05:30,401.6,402.0,401.4,401.75,16048,BIOCON
10240,2025-07-18 12:35:00+05:30,401.8,402.2,401.7,401.75,40861,BIOCON
10241,2025-07-18 12:40:00+05:30,401.8,401.8,400.55,400.55,45377,BIOCON
10242,2025-07-18 12:45:00+05:30,400.6,400.8,399.1,399.2,123238,BIOCON
10243,2025-07-18 12:50:00+05:30,399.4,399.45,399.1,399.2,58049,BIOCON
10244,2025-07-18 12:55:00+05:30,399.2,400.45,399.2,399.9,84127,BIOCON
10245,2025-07-18 13:00:00+05:30,399.95,400.8,399.8,399.85,96811,BIOCON
10246,2025-07-18 13:05:00+05:30,399.8,400.15,399.65,400.0,15853,BIOCON
10247,2025-07-18 13:10:00+05:30,400.05,400.1,399.8,399.95,32660,BIOCON
10248,2025-07-18 13:15:00+05:30,399.95,400.1,399.5,399.85,13319,BIOCON
10249,2025-07-18 13:20:00+05:30,399.75,400.05,399.5,400.0,26378,BIOCON
10250,2025-07-18 13:25:00+05:30,400.05,400.2,399.4,400.1,23783,BIOCON
10251,2025-07-18 13:30:00+05:30,400.15,400.9,399.8,399.8,51116,BIOCON
10252,2025-07-18 13:35:00+05:30,399.9,400.0,399.8,400.0,25112,BIOCON
10253,2025-07-18 13:40:00+05:30,400.0,401.0,399.9,401.0,150863,BIOCON
10254,2025-07-18 13:45:00+05:30,401.0,401.2,400.25,400.45,56124,BIOCON
10255,2025-07-18 13:50:00+05:30,400.5,400.5,400.05,400.25,61288,BIOCON
10256,2025-07-18 13:55:00+05:30,400.3,401.35,400.05,401.05,141439,BIOCON
10257,2025-07-18 14:00:00+05:30,401.1,401.3,400.8,401.15,25338,BIOCON
10258,2025-07-18 14:05:00+05:30,401.15,401.2,399.85,400.05,67750,BIOCON
10259,2025-07-18 14:10:00+05:30,400.05,400.2,399.7,400.0,31463,BIOCON
10260,2025-07-18 14:15:00+05:30,400.1,400.15,399.5,399.75,24036,BIOCON
10261,2025-07-18 14:20:00+05:30,399.75,400.0,399.5,399.95,12934,BIOCON
10262,2025-07-18 14:25:00+05:30,399.95,400.0,399.35,399.95,21313,BIOCON
10263,2025-07-18 14:30:00+05:30,400.0,400.0,399.8,400.0,41591,BIOCON
10264,2025-07-18 14:35:00+05:30,400.0,400.35,400.0,400.05,35759,BIOCON
10265,2025-07-18 14:40:00+05:30,400.05,400.6,399.9,400.25,47107,BIOCON
10266,2025-07-18 14:45:00+05:30,400.25,400.25,400.0,400.15,33316,BIOCON
10267,2025-07-18 14:50:00+05:30,400.05,400.5,400.05,400.1,28018,BIOCON
10268,2025-07-18 14:55:00+05:30,400.2,400.35,399.8,399.85,50953,BIOCON
10269,2025-07-18 15:00:00+05:30,400.0,400.0,398.9,399.35,145985,BIOCON
10270,2025-07-18 15:05:00+05:30,399.45,399.55,399.15,399.15,70249,BIOCON
10271,2025-07-18 15:10:00+05:30,399.2,399.45,398.6,399.15,95245,BIOCON
10272,2025-07-18 15:15:00+05:30,399.15,399.2,398.2,398.4,196494,BIOCON
10273,2025-07-18 15:20:00+05:30,398.45,398.7,397.95,398.2,223022,BIOCON
10274,2025-07-18 15:25:00+05:30,398.15,398.95,398.0,398.9,148837,BIOCON
10275,2025-07-21 09:15:00+05:30,399.85,399.85,395.0,395.9,122575,BIOCON
10276,2025-07-21 09:20:00+05:30,396.0,396.5,394.8,394.8,55062,BIOCON
10277,2025-07-21 09:25:00+05:30,395.0,396.7,394.25,396.1,46664,BIOCON
10278,2025-07-21 09:30:00+05:30,396.3,396.8,395.2,395.25,32932,BIOCON
10279,2025-07-21 09:35:00+05:30,395.25,396.45,395.25,396.0,23702,BIOCON
10280,2025-07-21 09:40:00+05:30,395.85,396.45,395.7,396.3,20966,BIOCON
10281,2025-07-21 09:45:00+05:30,396.3,396.3,395.45,395.85,19070,BIOCON
10282,2025-07-21 09:50:00+05:30,395.9,396.4,395.65,396.15,31907,BIOCON
10283,2025-07-21 09:55:00+05:30,396.15,396.3,395.6,396.0,20413,BIOCON
10284,2025-07-21 10:00:00+05:30,396.15,397.0,396.0,396.55,27848,BIOCON
10285,2025-07-21 10:05:00+05:30,396.55,396.95,396.3,396.85,8394,BIOCON
10286,2025-07-21 10:10:00+05:30,396.85,397.8,396.7,397.65,36171,BIOCON
10287,2025-07-21 10:15:00+05:30,397.45,398.55,397.0,398.5,44171,BIOCON
10288,2025-07-21 10:20:00+05:30,398.5,399.0,398.05,398.35,30298,BIOCON
10289,2025-07-21 10:25:00+05:30,398.35,398.6,398.1,398.6,11097,BIOCON
10290,2025-07-21 10:30:00+05:30,398.55,399.6,398.5,399.25,33660,BIOCON
10291,2025-07-21 10:35:00+05:30,399.4,399.4,398.75,399.05,37430,BIOCON
10292,2025-07-21 10:40:00+05:30,399.05,399.3,398.4,398.55,13146,BIOCON
10293,2025-07-21 10:45:00+05:30,398.7,399.15,398.35,399.0,22022,BIOCON
10294,2025-07-21 10:50:00+05:30,399.0,399.25,398.55,399.0,43875,BIOCON
10295,2025-07-21 10:55:00+05:30,399.0,399.5,399.0,399.35,12986,BIOCON
10296,2025-07-21 11:00:00+05:30,399.35,399.45,399.05,399.4,8971,BIOCON
10297,2025-07-21 11:05:00+05:30,399.4,399.8,399.1,399.55,18799,BIOCON
10298,2025-07-21 11:10:00+05:30,399.55,399.55,399.1,399.5,14688,BIOCON
10299,2025-07-21 11:15:00+05:30,399.5,399.55,398.75,399.3,22603,BIOCON
10300,2025-07-21 11:20:00+05:30,399.3,399.3,398.0,398.0,27974,BIOCON
10301,2025-07-21 11:25:00+05:30,398.2,398.2,397.3,397.55,34110,BIOCON
10302,2025-07-21 11:30:00+05:30,397.75,397.9,396.85,396.95,16853,BIOCON
10303,2025-07-21 11:35:00+05:30,397.2,397.3,396.75,396.75,5409,BIOCON
10304,2025-07-21 11:40:00+05:30,396.95,397.0,396.55,396.65,9442,BIOCON
10305,2025-07-21 11:45:00+05:30,396.6,397.15,396.55,396.8,14210,BIOCON
10306,2025-07-21 11:50:00+05:30,396.65,396.8,396.05,396.7,20587,BIOCON
10307,2025-07-21 11:55:00+05:30,396.7,397.3,396.7,396.8,6045,BIOCON
10308,2025-07-21 12:00:00+05:30,397.0,397.1,396.1,396.2,16451,BIOCON
10309,2025-07-21 12:05:00+05:30,396.4,396.65,396.05,396.35,17880,BIOCON
10310,2025-07-21 12:10:00+05:30,396.35,396.95,396.35,396.7,32178,BIOCON
10311,2025-07-21 12:15:00+05:30,396.5,396.75,396.3,396.4,15046,BIOCON
10312,2025-07-21 12:20:00+05:30,396.4,397.0,396.3,396.4,38030,BIOCON
10313,2025-07-21 12:25:00+05:30,396.55,396.55,396.15,396.4,22740,BIOCON
10314,2025-07-21 12:30:00+05:30,396.4,396.5,396.15,396.5,13195,BIOCON
10315,2025-07-21 12:35:00+05:30,396.5,396.85,396.25,396.75,23295,BIOCON
10316,2025-07-21 12:40:00+05:30,396.8,397.0,396.5,396.7,22553,BIOCON
10317,2025-07-21 12:45:00+05:30,396.7,396.85,396.25,396.5,19297,BIOCON
10318,2025-07-21 12:50:00+05:30,396.5,396.5,395.85,396.0,16468,BIOCON
10319,2025-07-21 12:55:00+05:30,396.0,396.15,395.4,395.6,35748,BIOCON
10320,2025-07-21 13:00:00+05:30,395.6,395.85,395.15,395.5,31215,BIOCON
10321,2025-07-21 13:05:00+05:30,395.25,395.8,395.25,395.55,17136,BIOCON
10322,2025-07-21 13:10:00+05:30,395.7,395.75,395.3,395.65,19438,BIOCON
10323,2025-07-21 13:15:00+05:30,395.65,395.75,395.3,395.6,26987,BIOCON
10324,2025-07-21 13:20:00+05:30,395.6,395.9,395.35,395.65,30864,BIOCON
10325,2025-07-21 13:25:00+05:30,395.65,395.8,395.35,395.7,14441,BIOCON
10326,2025-07-21 13:30:00+05:30,395.7,395.8,395.35,395.7,14132,BIOCON
10327,2025-07-21 13:35:00+05:30,395.7,395.75,394.7,394.95,44803,BIOCON
10328,2025-07-21 13:40:00+05:30,394.95,394.95,394.55,394.75,17147,BIOCON
10329,2025-07-21 13:45:00+05:30,394.75,394.85,394.5,394.55,31746,BIOCON
10330,2025-07-21 13:50:00+05:30,394.5,394.6,394.05,394.6,63094,BIOCON
10331,2025-07-21 13:55:00+05:30,394.5,394.95,394.45,394.75,14566,BIOCON
10332,2025-07-21 14:00:00+05:30,394.75,395.0,394.6,395.0,26660,BIOCON
10333,2025-07-21 14:05:00+05:30,395.0,395.0,394.55,394.9,19755,BIOCON
10334,2025-07-21 14:10:00+05:30,394.9,395.0,394.65,394.9,13984,BIOCON
10335,2025-07-21 14:15:00+05:30,394.9,395.0,394.3,394.65,19900,BIOCON
10336,2025-07-21 14:20:00+05:30,394.65,394.65,394.0,394.2,35908,BIOCON
10337,2025-07-21 14:25:00+05:30,394.0,395.45,393.5,395.45,374199,BIOCON
10338,2025-07-21 14:30:00+05:30,395.25,396.0,394.8,395.15,54187,BIOCON
10339,2025-07-21 14:35:00+05:30,395.15,395.55,394.75,395.1,45686,BIOCON
10340,2025-07-21 14:40:00+05:30,395.1,395.5,395.1,395.4,35243,BIOCON
10341,2025-07-21 14:45:00+05:30,395.4,395.85,395.25,395.7,18147,BIOCON
10342,2025-07-21 14:50:00+05:30,395.7,395.8,395.05,395.25,29145,BIOCON
10343,2025-07-21 14:55:00+05:30,395.2,395.25,394.75,394.9,33433,BIOCON
10344,2025-07-21 15:00:00+05:30,395.0,395.6,394.6,394.65,37250,BIOCON
10345,2025-07-21 15:05:00+05:30,394.8,395.0,394.3,394.9,37014,BIOCON
10346,2025-07-21 15:10:00+05:30,394.7,394.95,394.2,394.55,39517,BIOCON
10347,2025-07-21 15:15:00+05:30,394.55,394.7,394.05,394.45,52875,BIOCON
10348,2025-07-21 15:20:00+05:30,394.4,395.0,394.35,394.6,53886,BIOCON
10349,2025-07-21 15:25:00+05:30,394.6,395.0,394.2,395.0,84602,BIOCON
10350,2025-07-22 09:15:00+05:30,394.05,394.75,393.2,393.5,54721,BIOCON
10351,2025-07-22 09:20:00+05:30,393.35,393.5,392.15,392.5,49541,BIOCON
10352,2025-07-22 09:25:00+05:30,392.5,392.5,391.15,391.15,32447,BIOCON
10353,2025-07-22 09:30:00+05:30,391.1,391.15,389.7,389.85,98297,BIOCON
10354,2025-07-22 09:35:00+05:30,390.0,390.6,389.15,390.25,40279,BIOCON
10355,2025-07-22 09:40:00+05:30,390.35,390.4,389.2,389.3,64342,BIOCON
10356,2025-07-22 09:45:00+05:30,389.3,389.55,388.5,388.9,105333,BIOCON
10357,2025-07-22 09:50:00+05:30,388.75,391.5,388.3,390.75,77531,BIOCON
10358,2025-07-22 09:55:00+05:30,391.0,391.0,389.75,390.0,32860,BIOCON
10359,2025-07-22 10:00:00+05:30,389.9,389.9,388.85,389.0,24354,BIOCON
10360,2025-07-22 10:05:00+05:30,389.0,389.35,388.65,388.7,22007,BIOCON
10361,2025-07-22 10:10:00+05:30,388.7,390.9,388.65,390.15,46629,BIOCON
10362,2025-07-22 10:15:00+05:30,390.1,391.5,389.85,391.4,51705,BIOCON
10363,2025-07-22 10:20:00+05:30,391.45,391.95,390.55,390.7,29767,BIOCON
10364,2025-07-22 10:25:00+05:30,390.65,390.65,390.1,390.15,10014,BIOCON
10365,2025-07-22 10:30:00+05:30,390.2,390.8,390.15,390.5,14523,BIOCON
10366,2025-07-22 10:35:00+05:30,390.5,390.9,389.6,390.85,22532,BIOCON
10367,2025-07-22 10:40:00+05:30,390.85,391.05,390.1,390.3,17400,BIOCON
10368,2025-07-22 10:45:00+05:30,390.3,391.6,390.1,391.25,34092,BIOCON
10369,2025-07-22 10:50:00+05:30,391.25,392.25,391.25,392.0,40583,BIOCON
10370,2025-07-22 10:55:00+05:30,392.05,392.2,391.2,392.0,35423,BIOCON
10371,2025-07-22 11:00:00+05:30,392.0,392.0,390.9,391.1,15643,BIOCON
10372,2025-07-22 11:05:00+05:30,390.9,391.4,390.25,390.4,19635,BIOCON
10373,2025-07-22 11:10:00+05:30,390.35,391.0,390.15,390.8,16849,BIOCON
10374,2025-07-22 11:15:00+05:30,390.8,390.95,390.5,390.6,5284,BIOCON
10375,2025-07-22 11:20:00+05:30,390.6,391.0,390.45,390.85,4174,BIOCON
10376,2025-07-22 11:25:00+05:30,390.8,391.05,390.45,390.6,5454,BIOCON
10377,2025-07-22 11:30:00+05:30,390.5,391.0,390.45,390.7,5994,BIOCON
10378,2025-07-22 11:35:00+05:30,390.55,391.15,390.55,390.85,11458,BIOCON
10379,2025-07-22 11:40:00+05:30,390.8,391.05,390.65,390.95,6462,BIOCON
10380,2025-07-22 11:45:00+05:30,390.95,391.2,390.8,391.0,7677,BIOCON
10381,2025-07-22 11:50:00+05:30,390.8,391.1,390.65,390.85,9916,BIOCON
10382,2025-07-22 11:55:00+05:30,390.85,391.2,390.7,390.95,9738,BIOCON
10383,2025-07-22 12:00:00+05:30,390.9,391.55,390.75,391.15,21424,BIOCON
10384,2025-07-22 12:05:00+05:30,390.95,391.25,390.9,391.15,3738,BIOCON
10385,2025-07-22 12:10:00+05:30,391.0,391.6,391.0,391.55,4459,BIOCON
10386,2025-07-22 12:15:00+05:30,391.55,391.9,391.5,391.85,15012,BIOCON
10387,2025-07-22 12:20:00+05:30,391.85,392.0,391.55,391.8,7162,BIOCON
10388,2025-07-22 12:25:00+05:30,391.7,392.0,391.6,391.8,9808,BIOCON
10389,2025-07-22 12:30:00+05:30,391.8,392.0,391.55,391.7,11076,BIOCON
10390,2025-07-22 12:35:00+05:30,391.7,392.1,391.6,391.8,18950,BIOCON
10391,2025-07-22 12:40:00+05:30,391.9,392.25,391.7,391.85,10903,BIOCON
10392,2025-07-22 12:45:00+05:30,391.85,392.05,391.5,391.7,10337,BIOCON
10393,2025-07-22 12:50:00+05:30,391.65,392.0,391.5,391.95,12754,BIOCON
10394,2025-07-22 12:55:00+05:30,392.0,392.0,391.75,391.9,9186,BIOCON
10395,2025-07-22 13:00:00+05:30,391.9,392.1,391.5,391.7,19420,BIOCON
10396,2025-07-22 13:05:00+05:30,391.8,391.9,391.5,391.7,6004,BIOCON
10397,2025-07-22 13:10:00+05:30,391.6,391.9,391.5,391.7,9821,BIOCON
10398,2025-07-22 13:15:00+05:30,391.7,391.7,389.85,390.65,113435,BIOCON
10399,2025-07-22 13:20:00+05:30,390.65,390.9,390.35,390.5,12215,BIOCON
10400,2025-07-22 13:25:00+05:30,390.5,390.7,390.5,390.5,4845,BIOCON
10401,2025-07-22 13:30:00+05:30,390.5,390.7,390.15,390.2,5932,BIOCON
10402,2025-07-22 13:35:00+05:30,390.2,390.3,389.9,389.9,17945,BIOCON
10403,2025-07-22 13:40:00+05:30,389.9,390.3,389.45,389.55,37836,BIOCON
10404,2025-07-22 13:45:00+05:30,389.55,390.05,389.0,389.5,78504,BIOCON
10405,2025-07-22 13:50:00+05:30,389.45,389.6,389.05,389.25,41544,BIOCON
10406,2025-07-22 13:55:00+05:30,389.25,389.6,389.2,389.25,30734,BIOCON
10407,2025-07-22 14:00:00+05:30,389.3,389.7,389.0,389.0,100765,BIOCON
10408,2025-07-22 14:05:00+05:30,389.05,389.25,388.85,388.9,17819,BIOCON
10409,2025-07-22 14:10:00+05:30,389.0,389.1,388.9,388.9,14874,BIOCON
10410,2025-07-22 14:15:00+05:30,389.0,389.0,388.6,388.9,31033,BIOCON
10411,2025-07-22 14:20:00+05:30,388.9,388.9,388.3,388.35,14449,BIOCON
10412,2025-07-22 14:25:00+05:30,388.35,388.35,387.65,387.75,30136,BIOCON
10413,2025-07-22 14:30:00+05:30,387.75,387.95,386.95,387.15,110009,BIOCON
10414,2025-07-22 14:35:00+05:30,387.15,388.1,387.05,387.65,39380,BIOCON
10415,2025-07-22 14:40:00+05:30,387.65,388.2,387.5,388.0,29295,BIOCON
10416,2025-07-22 14:45:00+05:30,388.0,388.95,387.8,388.7,31787,BIOCON
10417,2025-07-22 14:50:00+05:30,388.7,389.15,388.0,388.15,45824,BIOCON
10418,2025-07-22 14:55:00+05:30,388.15,388.4,387.8,387.8,22869,BIOCON
10419,2025-07-22 15:00:00+05:30,387.85,388.0,386.7,386.9,84174,BIOCON
10420,2025-07-22 15:05:00+05:30,386.9,387.75,386.85,387.45,69935,BIOCON
10421,2025-07-22 15:10:00+05:30,387.45,387.6,387.05,387.25,37970,BIOCON
10422,2025-07-22 15:15:00+05:30,387.3,387.65,387.0,387.65,64328,BIOCON
10423,2025-07-22 15:20:00+05:30,387.8,387.85,387.25,387.4,42768,BIOCON
10424,2025-07-22 15:25:00+05:30,387.35,387.5,386.3,387.15,62559,BIOCON
10425,2025-07-23 09:15:00+05:30,384.6,388.85,384.6,387.65,182219,BIOCON
10426,2025-07-23 09:20:00+05:30,387.8,388.5,387.5,388.05,59374,BIOCON
10427,2025-07-23 09:25:00+05:30,388.05,388.5,387.55,387.75,59979,BIOCON
10428,2025-07-23 09:30:00+05:30,387.85,390.8,387.85,390.75,100562,BIOCON
10429,2025-07-23 09:35:00+05:30,390.55,390.75,389.65,390.05,28546,BIOCON
10430,2025-07-23 09:40:00+05:30,390.05,390.15,389.4,389.55,26414,BIOCON
10431,2025-07-23 09:45:00+05:30,389.5,389.5,388.85,389.5,32392,BIOCON
10432,2025-07-23 09:50:00+05:30,389.5,389.95,389.25,389.75,17531,BIOCON
10433,2025-07-23 09:55:00+05:30,389.85,390.9,389.65,390.6,37068,BIOCON
10434,2025-07-23 10:00:00+05:30,390.65,390.75,389.0,389.45,19722,BIOCON
10435,2025-07-23 10:05:00+05:30,389.45,390.3,389.45,389.95,18535,BIOCON
10436,2025-07-23 10:10:00+05:30,389.95,392.45,389.7,392.2,126688,BIOCON
10437,2025-07-23 10:15:00+05:30,392.3,392.35,391.9,392.1,36714,BIOCON
10438,2025-07-23 10:20:00+05:30,392.1,393.35,392.0,393.1,77922,BIOCON
10439,2025-07-23 10:25:00+05:30,393.15,393.35,392.5,393.1,92086,BIOCON
10440,2025-07-23 10:30:00+05:30,393.1,393.2,392.8,393.0,60597,BIOCON
10441,2025-07-23 10:35:00+05:30,393.0,393.3,392.6,393.1,62709,BIOCON
10442,2025-07-23 10:40:00+05:30,393.1,394.45,393.0,394.1,133484,BIOCON
10443,2025-07-23 10:45:00+05:30,394.1,394.35,393.55,393.7,44393,BIOCON
10444,2025-07-23 10:50:00+05:30,393.75,393.85,393.15,393.8,73972,BIOCON
10445,2025-07-23 10:55:00+05:30,393.75,393.9,393.35,393.5,19623,BIOCON
10446,2025-07-23 11:00:00+05:30,393.5,394.0,393.35,393.75,9982,BIOCON
10447,2025-07-23 11:05:00+05:30,393.65,394.15,393.5,394.0,21712,BIOCON
10448,2025-07-23 11:10:00+05:30,394.05,394.25,393.55,393.7,51890,BIOCON
10449,2025-07-23 11:15:00+05:30,393.7,394.3,393.55,394.25,17749,BIOCON
10450,2025-07-23 11:20:00+05:30,394.2,394.2,393.55,393.75,17299,BIOCON
10451,2025-07-23 11:25:00+05:30,393.75,395.2,393.6,395.05,142355,BIOCON
10452,2025-07-23 11:30:00+05:30,395.0,395.05,394.5,394.95,51169,BIOCON
10453,2025-07-23 11:35:00+05:30,394.95,394.95,394.5,394.65,18189,BIOCON
10454,2025-07-23 11:40:00+05:30,394.6,394.75,394.5,394.7,7913,BIOCON
10455,2025-07-23 11:45:00+05:30,394.7,395.8,394.65,395.7,82993,BIOCON
10456,2025-07-23 11:50:00+05:30,395.75,396.2,395.55,395.8,92237,BIOCON
10457,2025-07-23 11:55:00+05:30,395.8,396.1,395.4,395.8,74071,BIOCON
10458,2025-07-23 12:00:00+05:30,395.8,396.0,394.9,395.6,42552,BIOCON
10459,2025-07-23 12:05:00+05:30,395.6,395.6,395.0,395.25,13654,BIOCON
10460,2025-07-23 12:10:00+05:30,395.2,395.4,394.95,395.0,17423,BIOCON
10461,2025-07-23 12:15:00+05:30,394.9,395.05,394.45,394.85,53671,BIOCON
10462,2025-07-23 12:20:00+05:30,394.85,395.25,394.55,395.15,21411,BIOCON
10463,2025-07-23 12:25:00+05:30,395.15,395.65,394.9,395.5,24326,BIOCON
10464,2025-07-23 12:30:00+05:30,395.5,395.5,395.1,395.35,8848,BIOCON
10465,2025-07-23 12:35:00+05:30,395.35,395.5,395.0,395.3,21809,BIOCON
10466,2025-07-23 12:40:00+05:30,395.3,396.4,395.05,396.2,58155,BIOCON
10467,2025-07-23 12:45:00+05:30,396.35,397.3,396.25,397.0,92691,BIOCON
10468,2025-07-23 12:50:00+05:30,397.0,398.4,397.0,397.1,156943,BIOCON
10469,2025-07-23 12:55:00+05:30,397.3,398.0,396.85,397.55,69702,BIOCON
10470,2025-07-23 13:00:00+05:30,397.55,397.65,396.85,397.5,28775,BIOCON
10471,2025-07-23 13:05:00+05:30,397.45,397.8,397.1,397.3,46845,BIOCON
10472,2025-07-23 13:10:00+05:30,397.4,397.4,396.5,396.7,44198,BIOCON
10473,2025-07-23 13:15:00+05:30,396.7,397.1,396.5,397.0,33297,BIOCON
10474,2025-07-23 13:20:00+05:30,397.0,397.65,396.85,397.05,60543,BIOCON
10475,2025-07-23 13:25:00+05:30,397.05,397.2,396.9,397.0,24600,BIOCON
10476,2025-07-23 13:30:00+05:30,396.9,397.05,396.55,396.65,19309,BIOCON
10477,2025-07-23 13:35:00+05:30,396.8,396.85,396.35,396.35,20371,BIOCON
10478,2025-07-23 13:40:00+05:30,396.6,396.6,395.65,395.7,26396,BIOCON
10479,2025-07-23 13:45:00+05:30,395.7,396.2,395.65,396.0,26813,BIOCON
10480,2025-07-23 13:50:00+05:30,396.0,396.25,395.8,396.15,15443,BIOCON
10481,2025-07-23 13:55:00+05:30,396.15,396.25,395.8,395.9,31781,BIOCON
10482,2025-07-23 14:00:00+05:30,395.9,396.0,395.55,395.7,30448,BIOCON
10483,2025-07-23 14:05:00+05:30,395.7,395.85,395.55,395.7,10945,BIOCON
10484,2025-07-23 14:10:00+05:30,395.7,396.05,395.55,395.85,17137,BIOCON
10485,2025-07-23 14:15:00+05:30,395.85,396.6,395.8,396.5,30951,BIOCON
10486,2025-07-23 14:20:00+05:30,396.5,396.9,396.3,396.6,22065,BIOCON
10487,2025-07-23 14:25:00+05:30,396.6,396.6,396.15,396.3,16293,BIOCON
10488,2025-07-23 14:30:00+05:30,396.3,396.6,396.15,396.5,22510,BIOCON
10489,2025-07-23 14:35:00+05:30,396.5,396.8,396.4,396.7,43683,BIOCON
10490,2025-07-23 14:40:00+05:30,396.7,397.3,396.5,397.0,41429,BIOCON
10491,2025-07-23 14:45:00+05:30,397.0,397.15,396.6,396.95,36869,BIOCON
10492,2025-07-23 14:50:00+05:30,396.95,396.95,396.4,396.75,23432,BIOCON
10493,2025-07-23 14:55:00+05:30,396.75,397.25,396.7,397.0,53941,BIOCON
10494,2025-07-23 15:00:00+05:30,397.05,397.5,396.6,396.7,63161,BIOCON
10495,2025-07-23 15:05:00+05:30,396.7,396.95,396.5,396.75,55940,BIOCON
10496,2025-07-23 15:10:00+05:30,396.85,396.95,396.1,396.7,72888,BIOCON
10497,2025-07-23 15:15:00+05:30,396.75,397.3,396.4,397.05,110314,BIOCON
10498,2025-07-23 15:20:00+05:30,397.1,397.55,396.85,396.95,147338,BIOCON
10499,2025-07-23 15:25:00+05:30,397.0,397.5,396.7,397.0,77872,BIOCON
10500,2025-07-24 09:15:00+05:30,396.8,403.35,396.1,402.65,288620,BIOCON
10501,2025-07-24 09:20:00+05:30,402.7,402.95,401.05,402.5,113613,BIOCON
10502,2025-07-24 09:25:00+05:30,402.5,404.0,401.4,403.55,279833,BIOCON
10503,2025-07-24 09:30:00+05:30,403.55,404.0,402.6,402.7,142417,BIOCON
10504,2025-07-24 09:35:00+05:30,402.7,403.75,402.1,403.25,91447,BIOCON
10505,2025-07-24 09:40:00+05:30,403.25,404.5,402.3,403.85,138228,BIOCON
10506,2025-07-24 09:45:00+05:30,403.85,404.25,403.05,404.15,113913,BIOCON
10507,2025-07-24 09:50:00+05:30,404.0,404.15,402.85,403.25,97330,BIOCON
10508,2025-07-24 09:55:00+05:30,403.4,403.5,402.65,403.4,58362,BIOCON
10509,2025-07-24 10:00:00+05:30,403.4,403.4,402.25,402.75,62852,BIOCON
10510,2025-07-24 10:05:00+05:30,402.8,403.0,402.4,402.75,46676,BIOCON
10511,2025-07-24 10:10:00+05:30,402.6,402.8,401.3,401.35,66488,BIOCON
10512,2025-07-24 10:15:00+05:30,401.3,401.5,400.6,401.2,92229,BIOCON
10513,2025-07-24 10:20:00+05:30,401.15,401.8,401.0,401.25,39344,BIOCON
10514,2025-07-24 10:25:00+05:30,401.15,401.4,400.8,401.15,32358,BIOCON
10515,2025-07-24 10:30:00+05:30,401.0,401.5,400.85,401.35,23268,BIOCON
10516,2025-07-24 10:35:00+05:30,401.35,401.6,401.05,401.55,16078,BIOCON
10517,2025-07-24 10:40:00+05:30,401.55,403.0,401.45,402.85,59413,BIOCON
10518,2025-07-24 10:45:00+05:30,402.85,403.0,402.15,402.15,36877,BIOCON
10519,2025-07-24 10:50:00+05:30,402.2,402.2,401.3,401.85,22307,BIOCON
10520,2025-07-24 10:55:00+05:30,401.75,402.4,401.15,401.45,38168,BIOCON
10521,2025-07-24 11:00:00+05:30,401.3,401.3,399.65,399.85,126994,BIOCON
10522,2025-07-24 11:05:00+05:30,399.95,400.1,399.6,399.7,42096,BIOCON
10523,2025-07-24 11:10:00+05:30,399.75,400.0,399.05,399.75,44422,BIOCON
10524,2025-07-24 11:15:00+05:30,399.6,399.85,399.05,399.25,23616,BIOCON
10525,2025-07-24 11:20:00+05:30,399.2,399.25,397.85,398.5,62723,BIOCON
10526,2025-07-24 11:25:00+05:30,398.6,398.6,398.2,398.5,17729,BIOCON
10527,2025-07-24 11:30:00+05:30,398.4,398.85,398.35,398.55,18286,BIOCON
10528,2025-07-24 11:35:00+05:30,398.6,398.75,398.1,398.3,17381,BIOCON
10529,2025-07-24 11:40:00+05:30,398.2,398.5,397.65,398.5,31340,BIOCON
10530,2025-07-24 11:45:00+05:30,398.55,399.25,398.25,399.15,19384,BIOCON
10531,2025-07-24 11:50:00+05:30,399.25,399.6,398.95,398.95,18790,BIOCON
10532,2025-07-24 11:55:00+05:30,399.05,399.1,398.65,398.85,8613,BIOCON
10533,2025-07-24 12:00:00+05:30,398.85,398.9,398.0,398.1,14610,BIOCON
10534,2025-07-24 12:05:00+05:30,398.0,398.35,397.6,398.2,17261,BIOCON
10535,2025-07-24 12:10:00+05:30,398.1,398.7,398.0,398.7,17221,BIOCON
10536,2025-07-24 12:15:00+05:30,398.65,398.7,398.5,398.7,8336,BIOCON
10537,2025-07-24 12:20:00+05:30,398.7,399.4,398.55,399.3,20431,BIOCON
10538,2025-07-24 12:25:00+05:30,399.15,399.25,398.55,398.7,16212,BIOCON
10539,2025-07-24 12:30:00+05:30,398.65,398.85,397.4,397.4,50782,BIOCON
10540,2025-07-24 12:35:00+05:30,397.4,397.8,397.35,397.65,15700,BIOCON
10541,2025-07-24 12:40:00+05:30,397.65,397.95,397.25,397.85,15369,BIOCON
10542,2025-07-24 12:45:00+05:30,398.0,398.15,397.85,398.1,8017,BIOCON
10543,2025-07-24 12:50:00+05:30,398.0,398.1,397.5,397.6,8178,BIOCON
10544,2025-07-24 12:55:00+05:30,397.6,397.85,397.1,397.15,8969,BIOCON
10545,2025-07-24 13:00:00+05:30,397.15,397.85,397.1,397.65,5145,BIOCON
10546,2025-07-24 13:05:00+05:30,397.75,397.95,397.35,397.55,11231,BIOCON
10547,2025-07-24 13:10:00+05:30,397.5,397.6,397.05,397.6,6731,BIOCON
10548,2025-07-24 13:15:00+05:30,397.45,397.85,397.45,397.85,6027,BIOCON
10549,2025-07-24 13:20:00+05:30,397.9,398.4,397.9,398.15,9780,BIOCON
10550,2025-07-24 13:25:00+05:30,398.15,398.25,397.7,398.2,17850,BIOCON
10551,2025-07-24 13:30:00+05:30,398.05,398.45,398.05,398.3,8592,BIOCON
10552,2025-07-24 13:35:00+05:30,398.4,398.4,398.0,398.0,6479,BIOCON
10553,2025-07-24 13:40:00+05:30,398.15,398.2,397.9,398.15,7256,BIOCON
10554,2025-07-24 13:45:00+05:30,398.1,398.65,398.05,398.6,9160,BIOCON
10555,2025-07-24 13:50:00+05:30,398.45,399.1,398.45,398.7,15036,BIOCON
10556,2025-07-24 13:55:00+05:30,398.55,398.85,398.05,398.3,21372,BIOCON
10557,2025-07-24 14:00:00+05:30,398.3,398.7,398.15,398.4,6543,BIOCON
10558,2025-07-24 14:05:00+05:30,398.4,398.7,398.15,398.35,18467,BIOCON
10559,2025-07-24 14:10:00+05:30,398.35,398.7,398.3,398.6,6438,BIOCON
10560,2025-07-24 14:15:00+05:30,398.65,398.8,398.25,398.45,18791,BIOCON
10561,2025-07-24 14:20:00+05:30,398.55,398.75,397.85,397.9,11892,BIOCON
10562,2025-07-24 14:25:00+05:30,397.85,398.3,397.7,398.15,11908,BIOCON
10563,2025-07-24 14:30:00+05:30,398.15,398.65,398.0,398.4,13149,BIOCON
10564,2025-07-24 14:35:00+05:30,398.55,398.8,398.3,398.7,11478,BIOCON
10565,2025-07-24 14:40:00+05:30,398.65,398.8,397.75,397.85,16193,BIOCON
10566,2025-07-24 14:45:00+05:30,397.85,397.9,397.3,397.55,18551,BIOCON
10567,2025-07-24 14:50:00+05:30,397.45,397.6,397.0,397.15,16325,BIOCON
10568,2025-07-24 14:55:00+05:30,397.15,397.3,396.85,396.95,22474,BIOCON
10569,2025-07-24 15:00:00+05:30,397.0,397.9,396.95,397.8,50572,BIOCON
10570,2025-07-24 15:05:00+05:30,397.9,398.0,397.8,397.85,39446,BIOCON
10571,2025-07-24 15:10:00+05:30,397.85,398.0,397.3,397.6,49818,BIOCON
10572,2025-07-24 15:15:00+05:30,397.6,397.65,397.0,397.55,82670,BIOCON
10573,2025-07-24 15:20:00+05:30,397.5,398.0,397.2,398.0,66315,BIOCON
10574,2025-07-24 15:25:00+05:30,397.95,398.0,397.5,397.8,63831,BIOCON
10575,2025-07-25 09:15:00+05:30,395.0,397.6,395.0,397.05,64855,BIOCON
10576,2025-07-25 09:20:00+05:30,397.25,399.6,397.25,399.3,71882,BIOCON
10577,2025-07-25 09:25:00+05:30,399.5,399.6,398.5,398.85,28351,BIOCON
10578,2025-07-25 09:30:00+05:30,398.8,399.75,398.6,398.6,77090,BIOCON
10579,2025-07-25 09:35:00+05:30,398.6,398.6,397.45,398.35,41238,BIOCON
10580,2025-07-25 09:40:00+05:30,398.3,398.3,397.25,397.55,26147,BIOCON
10581,2025-07-25 09:45:00+05:30,397.5,398.2,397.05,397.05,19481,BIOCON
10582,2025-07-25 09:50:00+05:30,397.15,397.2,396.4,396.8,23751,BIOCON
10583,2025-07-25 09:55:00+05:30,396.8,397.6,396.8,397.15,13909,BIOCON
10584,2025-07-25 10:00:00+05:30,397.1,397.65,396.85,397.3,22509,BIOCON
10585,2025-07-25 10:05:00+05:30,397.3,397.45,397.1,397.2,6455,BIOCON
10586,2025-07-25 10:10:00+05:30,397.1,397.2,395.7,396.05,70785,BIOCON
10587,2025-07-25 10:15:00+05:30,396.05,396.05,393.8,394.1,96751,BIOCON
10588,2025-07-25 10:20:00+05:30,394.1,394.4,393.8,394.05,21109,BIOCON
10589,2025-07-25 10:25:00+05:30,394.05,395.35,393.75,394.85,38331,BIOCON
10590,2025-07-25 10:30:00+05:30,394.85,396.0,394.65,395.65,52978,BIOCON
10591,2025-07-25 10:35:00+05:30,395.6,395.65,394.25,394.25,19359,BIOCON
10592,2025-07-25 10:40:00+05:30,394.35,395.65,394.25,395.4,25200,BIOCON
10593,2025-07-25 10:45:00+05:30,395.5,395.7,394.85,395.45,15161,BIOCON
10594,2025-07-25 10:50:00+05:30,395.65,395.65,395.0,395.0,16229,BIOCON
10595,2025-07-25 10:55:00+05:30,395.0,396.4,394.75,396.25,38405,BIOCON
10596,2025-07-25 11:00:00+05:30,396.3,396.95,396.05,396.5,44162,BIOCON
10597,2025-07-25 11:05:00+05:30,396.4,396.5,396.2,396.35,3181,BIOCON
10598,2025-07-25 11:10:00+05:30,396.35,396.35,394.95,394.95,15383,BIOCON
10599,2025-07-25 11:15:00+05:30,394.8,395.0,394.2,394.8,28709,BIOCON
10600,2025-07-25 11:20:00+05:30,394.9,395.4,394.8,395.15,10297,BIOCON
10601,2025-07-25 11:25:00+05:30,395.2,395.4,394.85,395.15,15204,BIOCON
10602,2025-07-25 11:30:00+05:30,395.15,395.85,395.15,395.5,18354,BIOCON
10603,2025-07-25 11:35:00+05:30,395.5,396.05,395.35,395.7,15659,BIOCON
10604,2025-07-25 11:40:00+05:30,395.6,395.95,395.15,395.8,35091,BIOCON
10605,2025-07-25 11:45:00+05:30,395.8,395.95,394.4,394.5,14859,BIOCON
10606,2025-07-25 11:50:00+05:30,394.7,395.35,394.55,395.0,13226,BIOCON
10607,2025-07-25 11:55:00+05:30,395.0,395.4,394.95,395.35,12561,BIOCON
10608,2025-07-25 12:00:00+05:30,395.15,395.35,394.45,394.5,18576,BIOCON
10609,2025-07-25 12:05:00+05:30,394.75,395.1,394.7,395.0,5269,BIOCON
10610,2025-07-25 12:10:00+05:30,395.0,395.3,394.35,394.35,14764,BIOCON
10611,2025-07-25 12:15:00+05:30,394.3,394.45,393.9,393.9,24827,BIOCON
10612,2025-07-25 12:20:00+05:30,393.85,394.15,393.25,394.15,31057,BIOCON
10613,2025-07-25 12:25:00+05:30,393.85,393.85,393.35,393.5,7588,BIOCON
10614,2025-07-25 12:30:00+05:30,393.4,393.8,393.4,393.65,6952,BIOCON
10615,2025-07-25 12:35:00+05:30,393.65,393.85,393.45,393.75,16854,BIOCON
10616,2025-07-25 12:40:00+05:30,393.7,393.75,392.4,392.7,26242,BIOCON
10617,2025-07-25 12:45:00+05:30,392.7,393.2,392.55,393.2,10725,BIOCON
10618,2025-07-25 12:50:00+05:30,393.15,393.3,393.0,393.0,12227,BIOCON
10619,2025-07-25 12:55:00+05:30,393.0,393.05,392.7,392.75,9822,BIOCON
10620,2025-07-25 13:00:00+05:30,392.8,392.85,392.2,392.2,13020,BIOCON
10621,2025-07-25 13:05:00+05:30,392.2,393.0,392.2,392.9,6912,BIOCON
10622,2025-07-25 13:10:00+05:30,392.8,393.3,392.7,393.0,6515,BIOCON
10623,2025-07-25 13:15:00+05:30,393.0,393.2,392.6,392.8,20611,BIOCON
10624,2025-07-25 13:20:00+05:30,392.8,394.7,392.5,394.4,187281,BIOCON
10625,2025-07-25 13:25:00+05:30,394.3,394.4,393.25,393.25,14074,BIOCON
10626,2025-07-25 13:30:00+05:30,393.3,393.75,392.8,392.85,15263,BIOCON
10627,2025-07-25 13:35:00+05:30,392.85,393.55,392.4,393.55,21409,BIOCON
10628,2025-07-25 13:40:00+05:30,393.5,394.35,393.4,393.85,29640,BIOCON
10629,2025-07-25 13:45:00+05:30,393.9,394.05,393.45,393.8,14091,BIOCON
10630,2025-07-25 13:50:00+05:30,393.7,394.3,393.7,393.85,24744,BIOCON
10631,2025-07-25 13:55:00+05:30,393.85,393.85,393.4,393.7,8070,BIOCON
10632,2025-07-25 14:00:00+05:30,393.55,395.35,393.5,395.35,43125,BIOCON
10633,2025-07-25 14:05:00+05:30,395.35,395.95,394.9,395.75,39668,BIOCON
10634,2025-07-25 14:10:00+05:30,395.75,395.8,395.35,395.5,20932,BIOCON
10635,2025-07-25 14:15:00+05:30,395.55,396.7,395.4,396.55,48918,BIOCON
10636,2025-07-25 14:20:00+05:30,396.6,396.85,395.6,396.05,22693,BIOCON
10637,2025-07-25 14:25:00+05:30,396.0,396.0,394.1,395.3,48477,BIOCON
10638,2025-07-25 14:30:00+05:30,395.1,395.3,394.8,394.9,5065,BIOCON
10639,2025-07-25 14:35:00+05:30,394.8,395.75,394.7,395.4,16867,BIOCON
10640,2025-07-25 14:40:00+05:30,395.55,396.4,395.0,395.4,30156,BIOCON
10641,2025-07-25 14:45:00+05:30,395.4,395.55,394.8,394.85,7594,BIOCON
10642,2025-07-25 14:50:00+05:30,394.75,395.15,394.75,395.1,10415,BIOCON
10643,2025-07-25 14:55:00+05:30,395.1,395.6,395.1,395.45,10121,BIOCON
10644,2025-07-25 15:00:00+05:30,395.45,395.45,393.45,393.85,54725,BIOCON
10645,2025-07-25 15:05:00+05:30,393.85,394.95,393.75,394.65,39776,BIOCON
10646,2025-07-25 15:10:00+05:30,394.7,394.9,394.1,394.7,24137,BIOCON
10647,2025-07-25 15:15:00+05:30,394.6,395.0,393.5,393.6,54792,BIOCON
10648,2025-07-25 15:20:00+05:30,393.5,394.45,393.5,394.15,40116,BIOCON
10649,2025-07-25 15:25:00+05:30,394.15,394.85,393.8,394.15,40364,BIOCON
10650,2025-07-28 09:15:00+05:30,394.1,398.25,392.2,397.95,109353,BIOCON
10651,2025-07-28 09:20:00+05:30,397.9,398.75,397.25,397.45,98775,BIOCON
10652,2025-07-28 09:25:00+05:30,397.35,398.8,397.35,397.8,129946,BIOCON
10653,2025-07-28 09:30:00+05:30,397.8,399.4,397.8,398.8,215812,BIOCON
10654,2025-07-28 09:35:00+05:30,398.8,398.8,397.5,398.0,45585,BIOCON
10655,2025-07-28 09:40:00+05:30,398.0,398.95,397.85,397.85,64566,BIOCON
10656,2025-07-28 09:45:00+05:30,397.95,399.25,397.7,398.7,125099,BIOCON
10657,2025-07-28 09:50:00+05:30,398.85,399.95,398.8,399.55,75035,BIOCON
10658,2025-07-28 09:55:00+05:30,399.55,399.75,398.8,399.0,35597,BIOCON
10659,2025-07-28 10:00:00+05:30,399.0,399.45,398.85,399.25,19820,BIOCON
10660,2025-07-28 10:05:00+05:30,399.3,400.6,399.25,400.45,107623,BIOCON
10661,2025-07-28 10:10:00+05:30,400.35,400.6,399.25,399.45,49630,BIOCON
10662,2025-07-28 10:15:00+05:30,399.6,400.6,399.6,399.7,86610,BIOCON
10663,2025-07-28 10:20:00+05:30,399.7,402.25,399.6,402.25,257093,BIOCON
10664,2025-07-28 10:25:00+05:30,402.15,403.2,401.7,401.75,266912,BIOCON
10665,2025-07-28 10:30:00+05:30,401.6,402.3,400.5,401.0,112753,BIOCON
10666,2025-07-28 10:35:00+05:30,400.95,400.95,399.35,399.35,65329,BIOCON
10667,2025-07-28 10:40:00+05:30,399.55,399.6,398.5,399.2,29543,BIOCON
10668,2025-07-28 10:45:00+05:30,399.2,399.2,397.15,397.4,91137,BIOCON
10669,2025-07-28 10:50:00+05:30,397.6,399.25,397.05,399.0,38479,BIOCON
10670,2025-07-28 10:55:00+05:30,398.95,399.1,397.0,397.1,25907,BIOCON
10671,2025-07-28 11:00:00+05:30,397.2,397.2,391.95,392.0,169373,BIOCON
10672,2025-07-28 11:05:00+05:30,392.0,393.5,388.9,393.0,147124,BIOCON
10673,2025-07-28 11:10:00+05:30,393.05,394.65,393.0,393.45,77533,BIOCON
10674,2025-07-28 11:15:00+05:30,393.55,394.4,393.45,393.85,14280,BIOCON
10675,2025-07-28 11:20:00+05:30,393.85,394.0,392.5,393.0,21207,BIOCON
10676,2025-07-28 11:25:00+05:30,392.9,393.6,392.85,393.3,7979,BIOCON
10677,2025-07-28 11:30:00+05:30,393.3,394.2,393.1,393.9,17545,BIOCON
10678,2025-07-28 11:35:00+05:30,393.9,393.95,392.2,392.2,21794,BIOCON
10679,2025-07-28 11:40:00+05:30,392.5,392.85,390.6,391.0,57926,BIOCON
10680,2025-07-28 11:45:00+05:30,391.0,391.6,389.7,391.5,81398,BIOCON
10681,2025-07-28 11:50:00+05:30,391.5,391.75,390.2,390.95,25215,BIOCON
10682,2025-07-28 11:55:00+05:30,390.95,391.65,390.8,391.2,16137,BIOCON
10683,2025-07-28 12:00:00+05:30,391.15,391.15,390.2,390.2,15033,BIOCON
10684,2025-07-28 12:05:00+05:30,390.25,390.6,389.85,390.2,16601,BIOCON
10685,2025-07-28 12:10:00+05:30,390.2,390.25,389.4,389.95,17897,BIOCON
10686,2025-07-28 12:15:00+05:30,389.9,389.95,389.55,389.85,12399,BIOCON
10687,2025-07-28 12:20:00+05:30,389.65,390.1,388.65,389.35,34878,BIOCON
10688,2025-07-28 12:25:00+05:30,389.55,390.8,389.35,390.6,18170,BIOCON
10689,2025-07-28 12:30:00+05:30,390.45,391.2,390.25,391.2,28062,BIOCON
10690,2025-07-28 12:35:00+05:30,391.2,392.0,391.05,391.7,15498,BIOCON
10691,2025-07-28 12:40:00+05:30,391.6,392.6,391.5,392.1,10436,BIOCON
10692,2025-07-28 12:45:00+05:30,392.1,392.1,391.1,391.3,12025,BIOCON
10693,2025-07-28 12:50:00+05:30,391.1,391.45,390.95,391.3,8616,BIOCON
10694,2025-07-28 12:55:00+05:30,391.3,391.3,390.25,390.25,21511,BIOCON
10695,2025-07-28 13:00:00+05:30,390.25,390.5,389.8,390.0,22875,BIOCON
10696,2025-07-28 13:05:00+05:30,389.85,391.6,389.85,391.3,41132,BIOCON
10697,2025-07-28 13:10:00+05:30,391.3,391.35,390.3,390.3,8118,BIOCON
10698,2025-07-28 13:15:00+05:30,390.3,390.3,389.45,389.5,22108,BIOCON
10699,2025-07-28 13:20:00+05:30,389.5,390.5,389.35,389.7,18475,BIOCON
10700,2025-07-28 13:25:00+05:30,389.7,390.0,389.15,389.3,8715,BIOCON
10701,2025-07-28 13:30:00+05:30,389.3,389.65,389.0,389.0,10208,BIOCON
10702,2025-07-28 13:35:00+05:30,389.0,389.25,388.75,389.1,21528,BIOCON
10703,2025-07-28 13:40:00+05:30,389.1,389.7,388.9,388.9,5501,BIOCON
10704,2025-07-28 13:45:00+05:30,388.9,388.95,388.0,388.7,35367,BIOCON
10705,2025-07-28 13:50:00+05:30,388.7,389.15,388.35,389.05,9076,BIOCON
10706,2025-07-28 13:55:00+05:30,389.05,389.2,388.7,388.7,4695,BIOCON
10707,2025-07-28 14:00:00+05:30,388.7,388.95,388.4,388.4,9536,BIOCON
10708,2025-07-28 14:05:00+05:30,388.4,389.05,388.0,388.55,16193,BIOCON
10709,2025-07-28 14:10:00+05:30,388.65,388.95,388.0,388.25,16226,BIOCON
10710,2025-07-28 14:15:00+05:30,388.45,388.65,388.05,388.05,7601,BIOCON
10711,2025-07-28 14:20:00+05:30,388.05,388.25,387.35,387.7,33533,BIOCON
10712,2025-07-28 14:25:00+05:30,387.9,388.2,387.35,387.35,8957,BIOCON
10713,2025-07-28 14:30:00+05:30,387.5,387.65,386.55,387.05,18641,BIOCON
10714,2025-07-28 14:35:00+05:30,387.15,388.5,387.05,388.45,19626,BIOCON
10715,2025-07-28 14:40:00+05:30,388.45,389.45,388.2,389.1,18511,BIOCON
10716,2025-07-28 14:45:00+05:30,389.1,389.75,388.5,388.5,14255,BIOCON
10717,2025-07-28 14:50:00+05:30,388.5,388.95,387.95,388.65,9866,BIOCON
10718,2025-07-28 14:55:00+05:30,388.65,389.1,388.6,388.75,11035,BIOCON
10719,2025-07-28 15:00:00+05:30,388.9,388.9,387.35,387.7,43659,BIOCON
10720,2025-07-28 15:05:00+05:30,387.8,388.2,387.05,387.55,84191,BIOCON
10721,2025-07-28 15:10:00+05:30,387.6,387.95,387.35,387.65,56725,BIOCON
10722,2025-07-28 15:15:00+05:30,387.85,387.85,387.0,387.35,80772,BIOCON
10723,2025-07-28 15:20:00+05:30,387.25,387.4,386.9,387.1,60269,BIOCON
10724,2025-07-28 15:25:00+05:30,387.1,388.25,386.55,388.05,61111,BIOCON
10725,2025-07-29 09:15:00+05:30,387.45,390.35,386.0,390.05,69421,BIOCON
10726,2025-07-29 09:20:00+05:30,389.85,390.0,388.3,388.65,28670,BIOCON
10727,2025-07-29 09:25:00+05:30,388.65,390.0,388.6,389.7,57349,BIOCON
10728,2025-07-29 09:30:00+05:30,389.9,389.95,389.35,389.5,15371,BIOCON
10729,2025-07-29 09:35:00+05:30,389.5,390.0,389.35,389.8,39269,BIOCON
10730,2025-07-29 09:40:00+05:30,389.7,391.45,389.7,391.25,36143,BIOCON
10731,2025-07-29 09:45:00+05:30,391.45,392.5,391.45,391.85,32767,BIOCON
10732,2025-07-29 09:50:00+05:30,392.0,393.0,391.85,393.0,35774,BIOCON
10733,2025-07-29 09:55:00+05:30,393.1,393.5,392.5,392.6,29233,BIOCON
10734,2025-07-29 10:00:00+05:30,392.6,394.3,392.5,393.1,29859,BIOCON
10735,2025-07-29 10:05:00+05:30,393.25,393.5,392.95,393.2,17231,BIOCON
10736,2025-07-29 10:10:00+05:30,393.15,393.15,391.55,391.9,31258,BIOCON
10737,2025-07-29 10:15:00+05:30,391.95,392.7,391.95,392.2,38976,BIOCON
10738,2025-07-29 10:20:00+05:30,392.4,392.7,392.35,392.6,18986,BIOCON
10739,2025-07-29 10:25:00+05:30,392.6,392.7,391.55,392.2,41296,BIOCON
10740,2025-07-29 10:30:00+05:30,392.3,393.9,392.3,393.9,83303,BIOCON
10741,2025-07-29 10:35:00+05:30,393.9,395.05,393.6,394.1,186526,BIOCON
10742,2025-07-29 10:40:00+05:30,394.2,394.75,394.05,394.5,27297,BIOCON
10743,2025-07-29 10:45:00+05:30,394.4,394.5,393.55,393.75,30637,BIOCON
10744,2025-07-29 10:50:00+05:30,393.9,394.5,392.15,393.65,57242,BIOCON
10745,2025-07-29 10:55:00+05:30,393.65,393.7,392.9,393.3,31777,BIOCON
10746,2025-07-29 11:00:00+05:30,393.35,393.45,392.6,393.25,47408,BIOCON
10747,2025-07-29 11:05:00+05:30,393.25,393.3,392.7,392.7,14802,BIOCON
10748,2025-07-29 11:10:00+05:30,392.7,393.95,392.7,393.7,51616,BIOCON
10749,2025-07-29 11:15:00+05:30,393.85,394.7,393.6,393.6,80998,BIOCON
10750,2025-07-29 11:20:00+05:30,393.6,393.65,392.2,393.0,171686,BIOCON
10751,2025-07-29 11:25:00+05:30,393.0,393.45,392.9,393.45,14556,BIOCON
10752,2025-07-29 11:30:00+05:30,393.45,394.15,393.25,393.95,31534,BIOCON
10753,2025-07-29 11:35:00+05:30,393.95,394.15,393.6,393.9,20351,BIOCON
10754,2025-07-29 11:40:00+05:30,393.9,394.1,393.25,393.5,76541,BIOCON
10755,2025-07-29 11:45:00+05:30,393.45,393.75,393.25,393.25,19611,BIOCON
10756,2025-07-29 11:50:00+05:30,393.25,393.3,393.05,393.15,17338,BIOCON
10757,2025-07-29 11:55:00+05:30,393.15,393.2,392.85,393.05,41388,BIOCON
10758,2025-07-29 12:00:00+05:30,393.15,393.3,392.75,393.15,17854,BIOCON
10759,2025-07-29 12:05:00+05:30,393.1,393.85,392.4,393.8,46083,BIOCON
10760,2025-07-29 12:10:00+05:30,393.8,394.45,393.75,394.35,29055,BIOCON
10761,2025-07-29 12:15:00+05:30,394.35,395.4,394.35,395.25,47592,BIOCON
10762,2025-07-29 12:20:00+05:30,395.25,395.8,394.55,394.65,56476,BIOCON
10763,2025-07-29 12:25:00+05:30,394.6,397.2,394.2,395.5,1166664,BIOCON
10764,2025-07-29 12:30:00+05:30,395.45,396.7,395.4,395.65,101798,BIOCON
10765,2025-07-29 12:35:00+05:30,395.65,395.95,395.25,395.5,128980,BIOCON
10766,2025-07-29 12:40:00+05:30,395.6,396.65,395.45,396.3,124774,BIOCON
10767,2025-07-29 12:45:00+05:30,396.1,396.4,395.9,396.1,107549,BIOCON
10768,2025-07-29 12:50:00+05:30,396.1,396.3,395.85,396.0,87349,BIOCON
10769,2025-07-29 12:55:00+05:30,396.0,397.35,395.95,397.15,94181,BIOCON
10770,2025-07-29 13:00:00+05:30,397.15,397.6,396.7,396.8,59103,BIOCON
10771,2025-07-29 13:05:00+05:30,396.7,397.9,396.65,397.9,41553,BIOCON
10772,2025-07-29 13:10:00+05:30,397.8,397.95,396.9,397.0,77945,BIOCON
10773,2025-07-29 13:15:00+05:30,396.95,397.65,396.65,396.95,74468,BIOCON
10774,2025-07-29 13:20:00+05:30,397.0,397.5,396.9,397.0,133261,BIOCON
10775,2025-07-29 13:25:00+05:30,397.2,397.95,396.95,397.5,108129,BIOCON
10776,2025-07-29 13:30:00+05:30,397.45,397.75,397.4,397.4,42474,BIOCON
10777,2025-07-29 13:35:00+05:30,397.5,397.5,397.0,397.5,40424,BIOCON
10778,2025-07-29 13:40:00+05:30,397.4,397.6,396.7,397.0,55885,BIOCON
10779,2025-07-29 13:45:00+05:30,397.0,397.0,396.4,397.0,48135,BIOCON
10780,2025-07-29 13:50:00+05:30,397.0,397.15,396.95,396.95,88537,BIOCON
10781,2025-07-29 13:55:00+05:30,397.0,397.5,396.85,396.95,46003,BIOCON
10782,2025-07-29 14:00:00+05:30,396.95,397.8,396.95,397.45,60104,BIOCON
10783,2025-07-29 14:05:00+05:30,397.45,397.6,397.25,397.6,20745,BIOCON
10784,2025-07-29 14:10:00+05:30,397.55,397.6,397.15,397.2,35560,BIOCON
10785,2025-07-29 14:15:00+05:30,397.2,397.5,397.1,397.5,44154,BIOCON
10786,2025-07-29 14:20:00+05:30,397.3,397.5,396.95,397.0,33058,BIOCON
10787,2025-07-29 14:25:00+05:30,397.05,397.25,396.85,397.0,44475,BIOCON
10788,2025-07-29 14:30:00+05:30,397.2,398.25,396.95,398.0,84304,BIOCON
10789,2025-07-29 14:35:00+05:30,398.2,398.3,397.7,398.2,44082,BIOCON
10790,2025-07-29 14:40:00+05:30,398.1,398.3,397.9,397.95,49357,BIOCON
10791,2025-07-29 14:45:00+05:30,397.9,398.25,397.8,398.0,27837,BIOCON
10792,2025-07-29 14:50:00+05:30,398.0,398.0,397.4,397.95,34842,BIOCON
10793,2025-07-29 14:55:00+05:30,397.95,398.2,397.4,397.9,49286,BIOCON
10794,2025-07-29 15:00:00+05:30,397.95,399.1,397.55,398.7,124082,BIOCON
10795,2025-07-29 15:05:00+05:30,398.85,398.85,398.45,398.5,49074,BIOCON
10796,2025-07-29 15:10:00+05:30,398.5,398.5,397.95,398.35,106574,BIOCON
10797,2025-07-29 15:15:00+05:30,398.35,398.5,398.05,398.1,137680,BIOCON
10798,2025-07-29 15:20:00+05:30,398.1,398.1,397.6,397.8,120543,BIOCON
10799,2025-07-29 15:25:00+05:30,397.75,398.15,397.05,397.95,109903,BIOCON
10800,2025-07-30 09:15:00+05:30,400.0,401.0,397.6,400.5,214879,BIOCON
10801,2025-07-30 09:20:00+05:30,400.65,400.65,398.3,399.6,172542,BIOCON
10802,2025-07-30 09:25:00+05:30,399.6,399.7,398.05,398.75,39565,BIOCON
10803,2025-07-30 09:30:00+05:30,398.65,399.0,398.0,398.6,22569,BIOCON
10804,2025-07-30 09:35:00+05:30,398.6,400.0,398.4,399.9,38968,BIOCON
10805,2025-07-30 09:40:00+05:30,399.9,400.3,399.5,400.05,207067,BIOCON
10806,2025-07-30 09:45:00+05:30,399.95,400.25,398.85,399.25,66685,BIOCON
10807,2025-07-30 09:50:00+05:30,399.15,400.55,399.15,400.1,237633,BIOCON
10808,2025-07-30 09:55:00+05:30,400.1,401.45,399.95,401.0,662082,BIOCON
10809,2025-07-30 10:00:00+05:30,401.0,403.0,400.9,402.8,751491,BIOCON
10810,2025-07-30 10:05:00+05:30,402.8,403.0,399.95,400.15,399874,BIOCON
10811,2025-07-30 10:10:00+05:30,400.15,400.25,398.55,398.75,79986,BIOCON
10812,2025-07-30 10:15:00+05:30,398.75,400.1,398.35,400.0,43347,BIOCON
10813,2025-07-30 10:20:00+05:30,400.0,400.05,398.35,398.75,47097,BIOCON
10814,2025-07-30 10:25:00+05:30,398.75,398.8,397.65,397.75,38076,BIOCON
10815,2025-07-30 10:30:00+05:30,397.75,397.85,397.2,397.65,25657,BIOCON
10816,2025-07-30 10:35:00+05:30,397.6,397.65,396.8,397.0,30525,BIOCON
10817,2025-07-30 10:40:00+05:30,397.1,397.15,396.6,396.8,28112,BIOCON
10818,2025-07-30 10:45:00+05:30,396.75,397.25,395.95,396.95,38240,BIOCON
10819,2025-07-30 10:50:00+05:30,396.95,398.0,396.95,397.6,39417,BIOCON
10820,2025-07-30 10:55:00+05:30,397.75,398.0,397.55,397.8,14980,BIOCON
10821,2025-07-30 11:00:00+05:30,397.9,398.9,397.85,398.75,23844,BIOCON
10822,2025-07-30 11:05:00+05:30,398.8,399.1,398.45,398.65,21756,BIOCON
10823,2025-07-30 11:10:00+05:30,398.85,399.25,398.65,399.0,19801,BIOCON
10824,2025-07-30 11:15:00+05:30,399.0,399.05,398.65,398.9,7187,BIOCON
10825,2025-07-30 11:20:00+05:30,398.9,398.95,397.8,398.0,15767,BIOCON
10826,2025-07-30 11:25:00+05:30,398.0,398.5,397.9,398.35,13763,BIOCON
10827,2025-07-30 11:30:00+05:30,398.35,398.85,398.3,398.85,7801,BIOCON
10828,2025-07-30 11:35:00+05:30,398.8,399.2,398.6,399.2,11958,BIOCON
10829,2025-07-30 11:40:00+05:30,399.1,399.1,398.65,398.95,7191,BIOCON
10830,2025-07-30 11:45:00+05:30,398.95,398.95,397.95,398.5,14006,BIOCON
10831,2025-07-30 11:50:00+05:30,398.5,398.5,398.3,398.45,5173,BIOCON
10832,2025-07-30 11:55:00+05:30,398.45,398.65,398.3,398.45,7187,BIOCON
10833,2025-07-30 12:00:00+05:30,398.45,398.55,397.65,397.65,12798,BIOCON
10834,2025-07-30 12:05:00+05:30,397.8,397.85,395.95,396.0,376134,BIOCON
10835,2025-07-30 12:10:00+05:30,396.0,397.85,395.95,397.75,53215,BIOCON
10836,2025-07-30 12:15:00+05:30,397.75,397.95,397.6,397.85,7614,BIOCON
10837,2025-07-30 12:20:00+05:30,397.8,397.9,397.05,397.4,27885,BIOCON
10838,2025-07-30 12:25:00+05:30,397.4,397.4,396.5,396.65,9805,BIOCON
10839,2025-07-30 12:30:00+05:30,396.6,396.8,395.55,395.85,17481,BIOCON
10840,2025-07-30 12:35:00+05:30,395.8,395.85,394.4,395.0,42654,BIOCON
10841,2025-07-30 12:40:00+05:30,395.0,395.4,394.8,395.3,20091,BIOCON
10842,2025-07-30 12:45:00+05:30,395.35,395.45,394.65,394.85,8424,BIOCON
10843,2025-07-30 12:50:00+05:30,394.85,395.15,394.7,395.1,8996,BIOCON
10844,2025-07-30 12:55:00+05:30,395.15,395.15,394.7,394.95,14716,BIOCON
10845,2025-07-30 13:00:00+05:30,394.95,395.15,394.5,395.15,29556,BIOCON
10846,2025-07-30 13:05:00+05:30,395.2,396.8,395.15,396.6,30609,BIOCON
10847,2025-07-30 13:10:00+05:30,396.65,396.75,395.85,396.4,12397,BIOCON
10848,2025-07-30 13:15:00+05:30,396.4,396.55,396.3,396.4,5822,BIOCON
10849,2025-07-30 13:20:00+05:30,396.3,396.3,395.7,395.85,9385,BIOCON
10850,2025-07-30 13:25:00+05:30,395.85,396.05,395.7,395.9,10212,BIOCON
10851,2025-07-30 13:30:00+05:30,395.85,396.8,395.4,396.55,17786,BIOCON
10852,2025-07-30 13:35:00+05:30,396.75,397.0,396.5,396.85,16656,BIOCON
10853,2025-07-30 13:40:00+05:30,396.9,397.0,396.6,396.85,21694,BIOCON
10854,2025-07-30 13:45:00+05:30,397.0,397.65,396.55,397.0,52423,BIOCON
10855,2025-07-30 13:50:00+05:30,397.0,397.0,396.85,397.0,17258,BIOCON
10856,2025-07-30 13:55:00+05:30,396.9,397.05,396.85,397.0,19944,BIOCON
10857,2025-07-30 14:00:00+05:30,396.9,397.1,396.85,397.0,14370,BIOCON
10858,2025-07-30 14:05:00+05:30,397.0,398.0,396.55,397.5,50734,BIOCON
10859,2025-07-30 14:10:00+05:30,397.5,397.7,397.35,397.6,31218,BIOCON
10860,2025-07-30 14:15:00+05:30,397.6,397.65,396.9,397.35,34027,BIOCON
10861,2025-07-30 14:20:00+05:30,397.4,397.4,396.75,397.05,27734,BIOCON
10862,2025-07-30 14:25:00+05:30,396.95,397.2,396.8,397.1,35310,BIOCON
10863,2025-07-30 14:30:00+05:30,397.15,397.7,396.9,397.05,268377,BIOCON
10864,2025-07-30 14:35:00+05:30,397.05,397.15,396.75,397.1,46830,BIOCON
10865,2025-07-30 14:40:00+05:30,397.1,398.85,396.9,398.45,511473,BIOCON
10866,2025-07-30 14:45:00+05:30,398.45,398.75,397.4,397.75,43219,BIOCON
10867,2025-07-30 14:50:00+05:30,397.75,398.05,396.95,398.05,37828,BIOCON
10868,2025-07-30 14:55:00+05:30,398.05,398.45,396.95,397.7,30098,BIOCON
10869,2025-07-30 15:00:00+05:30,397.7,398.85,396.65,398.75,134268,BIOCON
10870,2025-07-30 15:05:00+05:30,398.75,398.9,397.45,397.5,133937,BIOCON
10871,2025-07-30 15:10:00+05:30,397.5,398.0,396.9,397.45,114710,BIOCON
10872,2025-07-30 15:15:00+05:30,397.45,397.55,396.75,397.1,127376,BIOCON
10873,2025-07-30 15:20:00+05:30,397.1,397.1,396.3,396.3,186462,BIOCON
10874,2025-07-30 15:25:00+05:30,396.35,396.6,395.15,395.5,107357,BIOCON
10875,2025-07-31 09:15:00+05:30,388.0,394.0,384.8,393.55,270399,BIOCON
10876,2025-07-31 09:20:00+05:30,393.6,394.9,393.6,394.0,56869,BIOCON
10877,2025-07-31 09:25:00+05:30,394.0,394.5,393.4,393.65,26897,BIOCON
10878,2025-07-31 09:30:00+05:30,393.5,394.1,392.85,393.95,36468,BIOCON
10879,2025-07-31 09:35:00+05:30,393.75,393.75,392.0,392.0,27439,BIOCON
10880,2025-07-31 09:40:00+05:30,392.0,394.1,391.65,393.4,78667,BIOCON
10881,2025-07-31 09:45:00+05:30,393.4,393.8,392.4,392.9,38091,BIOCON
10882,2025-07-31 09:50:00+05:30,393.0,393.1,392.0,392.05,18504,BIOCON
10883,2025-07-31 09:55:00+05:30,392.05,392.2,391.15,391.4,39608,BIOCON
10884,2025-07-31 10:00:00+05:30,391.25,391.25,390.15,390.25,43199,BIOCON
10885,2025-07-31 10:05:00+05:30,390.2,390.5,389.7,389.85,37648,BIOCON
10886,2025-07-31 10:10:00+05:30,390.0,390.3,389.75,390.3,20227,BIOCON
10887,2025-07-31 10:15:00+05:30,390.35,390.35,389.55,389.95,16081,BIOCON
10888,2025-07-31 10:20:00+05:30,389.8,391.0,389.0,390.5,35317,BIOCON
10889,2025-07-31 10:25:00+05:30,390.7,390.75,389.8,390.0,22009,BIOCON
10890,2025-07-31 10:30:00+05:30,390.0,390.05,389.3,389.7,18290,BIOCON
10891,2025-07-31 10:35:00+05:30,389.7,389.7,389.1,389.4,19208,BIOCON
10892,2025-07-31 10:40:00+05:30,389.55,389.8,389.3,389.3,17862,BIOCON
10893,2025-07-31 10:45:00+05:30,389.3,389.75,389.0,389.0,11205,BIOCON
10894,2025-07-31 10:50:00+05:30,389.1,389.5,388.6,389.3,27029,BIOCON
10895,2025-07-31 10:55:00+05:30,389.4,389.65,388.65,388.85,28525,BIOCON
10896,2025-07-31 11:00:00+05:30,388.85,389.55,388.85,389.05,31549,BIOCON
10897,2025-07-31 11:05:00+05:30,389.05,391.7,388.6,391.0,536187,BIOCON
10898,2025-07-31 11:10:00+05:30,390.9,390.95,390.0,390.0,24330,BIOCON
10899,2025-07-31 11:15:00+05:30,390.0,390.55,389.6,389.8,19737,BIOCON
10900,2025-07-31 11:20:00+05:30,389.75,390.4,389.5,390.4,28229,BIOCON
10901,2025-07-31 11:25:00+05:30,390.4,391.0,389.95,390.2,40368,BIOCON
10902,2025-07-31 11:30:00+05:30,390.2,391.05,390.2,390.55,10243,BIOCON
10903,2025-07-31 11:35:00+05:30,390.65,392.0,390.65,392.0,28460,BIOCON
10904,2025-07-31 11:40:00+05:30,391.9,394.2,391.9,393.75,123008,BIOCON
10905,2025-07-31 11:45:00+05:30,393.75,394.35,393.15,394.15,37409,BIOCON
10906,2025-07-31 11:50:00+05:30,394.05,395.65,394.0,395.3,103856,BIOCON
10907,2025-07-31 11:55:00+05:30,395.4,396.1,394.5,394.55,79187,BIOCON
10908,2025-07-31 12:00:00+05:30,394.75,394.9,394.0,394.4,26828,BIOCON
10909,2025-07-31 12:05:00+05:30,394.3,394.3,393.05,393.35,12224,BIOCON
10910,2025-07-31 12:10:00+05:30,393.2,394.25,393.05,394.25,8919,BIOCON
10911,2025-07-31 12:15:00+05:30,394.25,394.3,393.7,394.05,9765,BIOCON
10912,2025-07-31 12:20:00+05:30,393.9,394.55,393.65,394.45,11571,BIOCON
10913,2025-07-31 12:25:00+05:30,394.45,394.75,393.95,393.95,5845,BIOCON
10914,2025-07-31 12:30:00+05:30,394.0,394.7,394.0,394.65,9473,BIOCON
10915,2025-07-31 12:35:00+05:30,394.5,394.65,394.1,394.5,13592,BIOCON
10916,2025-07-31 12:40:00+05:30,394.55,395.1,394.55,394.75,23315,BIOCON
10917,2025-07-31 12:45:00+05:30,394.75,394.75,393.9,394.05,6707,BIOCON
10918,2025-07-31 12:50:00+05:30,394.1,394.6,394.0,394.4,14502,BIOCON
10919,2025-07-31 12:55:00+05:30,394.4,394.8,394.35,394.65,5814,BIOCON
10920,2025-07-31 13:00:00+05:30,394.7,394.7,393.6,393.7,19671,BIOCON
10921,2025-07-31 13:05:00+05:30,393.6,394.15,393.6,394.05,7199,BIOCON
10922,2025-07-31 13:10:00+05:30,394.0,394.3,393.75,393.95,20119,BIOCON
10923,2025-07-31 13:15:00+05:30,394.05,394.45,393.7,394.2,10165,BIOCON
10924,2025-07-31 13:20:00+05:30,394.15,394.5,393.95,393.95,13391,BIOCON
10925,2025-07-31 13:25:00+05:30,393.85,394.15,393.6,394.0,12453,BIOCON
10926,2025-07-31 13:30:00+05:30,394.05,394.5,393.85,394.1,9517,BIOCON
10927,2025-07-31 13:35:00+05:30,394.15,394.35,394.0,394.0,10562,BIOCON
10928,2025-07-31 13:40:00+05:30,394.0,394.25,393.7,394.0,7075,BIOCON
10929,2025-07-31 13:45:00+05:30,394.0,394.8,393.9,394.65,11495,BIOCON
10930,2025-07-31 13:50:00+05:30,394.65,394.65,393.7,393.9,15484,BIOCON
10931,2025-07-31 13:55:00+05:30,393.75,393.95,393.55,393.55,7261,BIOCON
10932,2025-07-31 14:00:00+05:30,393.55,393.6,393.3,393.35,12748,BIOCON
10933,2025-07-31 14:05:00+05:30,393.45,393.95,393.25,393.85,8940,BIOCON
10934,2025-07-31 14:10:00+05:30,394.0,394.8,393.85,394.65,15915,BIOCON
10935,2025-07-31 14:15:00+05:30,394.75,395.0,394.3,394.7,13278,BIOCON
10936,2025-07-31 14:20:00+05:30,394.7,395.3,394.45,395.25,21083,BIOCON
10937,2025-07-31 14:25:00+05:30,395.25,395.25,394.05,394.05,13513,BIOCON
10938,2025-07-31 14:30:00+05:30,394.15,394.95,393.95,394.3,45438,BIOCON
10939,2025-07-31 14:35:00+05:30,394.3,394.55,393.65,393.85,34781,BIOCON
10940,2025-07-31 14:40:00+05:30,393.85,393.9,392.7,393.45,19066,BIOCON
10941,2025-07-31 14:45:00+05:30,393.2,393.55,393.15,393.2,16790,BIOCON
10942,2025-07-31 14:50:00+05:30,393.2,393.25,392.55,392.55,12112,BIOCON
10943,2025-07-31 14:55:00+05:30,392.55,393.1,392.25,392.85,23039,BIOCON
10944,2025-07-31 15:00:00+05:30,393.0,393.0,391.9,392.45,62699,BIOCON
10945,2025-07-31 15:05:00+05:30,392.45,392.7,391.85,392.05,98186,BIOCON
10946,2025-07-31 15:10:00+05:30,392.0,392.0,390.65,390.9,90191,BIOCON
10947,2025-07-31 15:15:00+05:30,390.9,390.95,390.2,390.85,67050,BIOCON
10948,2025-07-31 15:20:00+05:30,390.75,391.5,390.55,390.8,74354,BIOCON
10949,2025-07-31 15:25:00+05:30,390.8,391.5,390.1,390.8,58930,BIOCON
10950,2025-08-01 09:15:00+05:30,391.5,392.85,388.3,389.0,68466,BIOCON
10951,2025-08-01 09:20:00+05:30,388.95,389.2,385.65,385.65,76969,BIOCON
10952,2025-08-01 09:25:00+05:30,385.65,386.4,384.5,385.0,57392,BIOCON
10953,2025-08-01 09:30:00+05:30,384.8,386.65,384.1,385.85,55585,BIOCON
10954,2025-08-01 09:35:00+05:30,385.8,387.35,385.75,386.55,85380,BIOCON
10955,2025-08-01 09:40:00+05:30,386.5,387.4,386.3,386.65,41270,BIOCON
10956,2025-08-01 09:45:00+05:30,386.65,386.65,385.25,385.6,48270,BIOCON
10957,2025-08-01 09:50:00+05:30,385.5,387.3,385.5,386.25,36527,BIOCON
10958,2025-08-01 09:55:00+05:30,386.2,387.55,386.1,387.15,35328,BIOCON
10959,2025-08-01 10:00:00+05:30,387.1,388.85,386.55,387.95,111499,BIOCON
10960,2025-08-01 10:05:00+05:30,387.95,388.0,386.65,387.45,22976,BIOCON
10961,2025-08-01 10:10:00+05:30,387.45,388.2,387.45,387.65,31804,BIOCON
10962,2025-08-01 10:15:00+05:30,387.6,387.75,387.1,387.3,18772,BIOCON
10963,2025-08-01 10:20:00+05:30,387.25,387.95,387.1,387.8,18255,BIOCON
10964,2025-08-01 10:25:00+05:30,387.75,387.8,386.75,387.2,16493,BIOCON
10965,2025-08-01 10:30:00+05:30,387.2,387.25,385.7,386.05,169721,BIOCON
10966,2025-08-01 10:35:00+05:30,386.05,386.55,385.05,385.4,38972,BIOCON
10967,2025-08-01 10:40:00+05:30,385.3,387.2,384.7,386.75,138603,BIOCON
10968,2025-08-01 10:45:00+05:30,386.8,386.9,386.05,386.6,32659,BIOCON
10969,2025-08-01 10:50:00+05:30,386.5,387.3,386.2,386.8,35182,BIOCON
10970,2025-08-01 10:55:00+05:30,386.8,387.2,386.7,387.1,27036,BIOCON
10971,2025-08-01 11:00:00+05:30,387.1,388.7,387.05,388.2,45972,BIOCON
10972,2025-08-01 11:05:00+05:30,388.2,388.65,387.5,387.7,37729,BIOCON
10973,2025-08-01 11:10:00+05:30,387.5,388.35,387.25,387.55,28946,BIOCON
10974,2025-08-01 11:15:00+05:30,387.5,388.75,387.45,388.55,10939,BIOCON
10975,2025-08-01 11:20:00+05:30,388.55,388.8,387.95,388.4,14136,BIOCON
10976,2025-08-01 11:25:00+05:30,388.35,388.45,388.0,388.4,8526,BIOCON
10977,2025-08-01 11:30:00+05:30,388.35,388.8,387.7,388.5,45500,BIOCON
10978,2025-08-01 11:35:00+05:30,388.4,389.65,388.0,388.1,120679,BIOCON
10979,2025-08-01 11:40:00+05:30,388.1,388.25,387.25,387.5,28642,BIOCON
10980,2025-08-01 11:45:00+05:30,387.4,387.6,387.0,387.35,30195,BIOCON
10981,2025-08-01 11:50:00+05:30,387.4,388.75,387.25,388.45,34966,BIOCON
10982,2025-08-01 11:55:00+05:30,388.45,388.5,387.25,387.35,50469,BIOCON
10983,2025-08-01 12:00:00+05:30,387.4,387.55,386.4,386.55,40095,BIOCON
10984,2025-08-01 12:05:00+05:30,386.6,387.0,386.5,387.0,17465,BIOCON
10985,2025-08-01 12:10:00+05:30,386.85,387.05,386.45,386.5,8164,BIOCON
10986,2025-08-01 12:15:00+05:30,386.45,386.85,386.2,386.5,12399,BIOCON
10987,2025-08-01 12:20:00+05:30,386.55,386.9,386.5,386.8,4204,BIOCON
10988,2025-08-01 12:25:00+05:30,386.75,386.95,386.0,386.5,12081,BIOCON
10989,2025-08-01 12:30:00+05:30,386.4,387.25,386.05,386.65,29101,BIOCON
10990,2025-08-01 12:35:00+05:30,386.65,386.65,386.0,386.0,7884,BIOCON
10991,2025-08-01 12:40:00+05:30,386.0,386.1,385.2,385.7,15585,BIOCON
10992,2025-08-01 12:45:00+05:30,385.6,385.75,385.45,385.55,5387,BIOCON
10993,2025-08-01 12:50:00+05:30,385.5,385.75,385.25,385.75,3556,BIOCON
10994,2025-08-01 12:55:00+05:30,385.65,385.65,385.4,385.6,4453,BIOCON
10995,2025-08-01 13:00:00+05:30,385.5,385.6,384.7,384.8,31372,BIOCON
10996,2025-08-01 13:05:00+05:30,384.8,385.8,384.8,385.45,51233,BIOCON
10997,2025-08-01 13:10:00+05:30,385.4,386.6,384.85,386.35,227955,BIOCON
10998,2025-08-01 13:15:00+05:30,386.3,386.3,385.0,385.0,22304,BIOCON
10999,2025-08-01 13:20:00+05:30,385.0,385.5,384.75,385.05,12459,BIOCON
11000,2025-08-01 13:25:00+05:30,385.05,385.7,385.0,385.15,24814,BIOCON
11001,2025-08-01 13:30:00+05:30,385.15,386.2,385.1,386.0,33620,BIOCON
11002,2025-08-01 13:35:00+05:30,386.05,386.7,385.3,385.45,26138,BIOCON
11003,2025-08-01 13:40:00+05:30,385.5,386.0,385.2,385.75,11957,BIOCON
11004,2025-08-01 13:45:00+05:30,385.75,386.05,385.5,385.55,20427,BIOCON
11005,2025-08-01 13:50:00+05:30,385.55,386.0,385.55,385.8,31966,BIOCON
11006,2025-08-01 13:55:00+05:30,385.75,385.8,385.1,385.3,18363,BIOCON
11007,2025-08-01 14:00:00+05:30,385.25,385.85,385.25,385.4,17843,BIOCON
11008,2025-08-01 14:05:00+05:30,385.35,385.8,385.0,385.5,43463,BIOCON
11009,2025-08-01 14:10:00+05:30,385.55,386.55,385.55,385.7,17991,BIOCON
11010,2025-08-01 14:15:00+05:30,385.7,386.45,385.65,385.85,36753,BIOCON
11011,2025-08-01 14:20:00+05:30,385.75,386.05,384.55,384.75,34680,BIOCON
11012,2025-08-01 14:25:00+05:30,384.75,384.85,384.4,384.7,9606,BIOCON
11013,2025-08-01 14:30:00+05:30,384.7,385.1,384.6,384.6,24115,BIOCON
11014,2025-08-01 14:35:00+05:30,384.6,384.9,383.05,383.8,139812,BIOCON
11015,2025-08-01 14:40:00+05:30,383.8,384.85,383.6,384.35,39682,BIOCON
11016,2025-08-01 14:45:00+05:30,384.3,385.0,384.2,384.9,11555,BIOCON
11017,2025-08-01 14:50:00+05:30,384.85,385.8,384.85,385.0,33282,BIOCON
11018,2025-08-01 14:55:00+05:30,384.95,385.4,384.5,384.65,21761,BIOCON
11019,2025-08-01 15:00:00+05:30,384.6,385.3,384.1,384.95,57438,BIOCON
11020,2025-08-01 15:05:00+05:30,384.9,385.0,383.95,383.95,50487,BIOCON
11021,2025-08-01 15:10:00+05:30,384.05,384.25,382.4,382.75,59375,BIOCON
11022,2025-08-01 15:15:00+05:30,382.7,382.75,381.8,382.4,83319,BIOCON
11023,2025-08-01 15:20:00+05:30,382.35,382.85,382.0,382.2,64023,BIOCON
11024,2025-08-01 15:25:00+05:30,382.25,383.9,382.2,383.3,98835,BIOCON
11025,2025-08-04 09:15:00+05:30,383.1,386.6,382.6,386.05,97166,BIOCON
11026,2025-08-04 09:20:00+05:30,385.95,386.25,384.1,385.0,26025,BIOCON
11027,2025-08-04 09:25:00+05:30,385.0,385.6,384.05,384.45,18325,BIOCON
11028,2025-08-04 09:30:00+05:30,384.45,385.1,384.1,384.75,11855,BIOCON
11029,2025-08-04 09:35:00+05:30,384.7,384.95,382.9,383.4,33031,BIOCON
11030,2025-08-04 09:40:00+05:30,383.2,383.7,381.7,381.8,34973,BIOCON
11031,2025-08-04 09:45:00+05:30,381.8,383.15,381.1,383.15,27917,BIOCON
11032,2025-08-04 09:50:00+05:30,383.15,383.95,373.05,378.2,3695660,BIOCON
11033,2025-08-04 09:55:00+05:30,378.25,380.9,378.0,379.15,850522,BIOCON
11034,2025-08-04 10:00:00+05:30,379.05,379.75,377.9,379.45,363206,BIOCON
11035,2025-08-04 10:05:00+05:30,379.5,380.0,378.8,379.4,190137,BIOCON
11036,2025-08-04 10:10:00+05:30,379.2,379.45,378.05,378.95,137077,BIOCON
11037,2025-08-04 10:15:00+05:30,379.25,379.65,378.3,378.65,82715,BIOCON
11038,2025-08-04 10:20:00+05:30,378.65,379.1,377.75,378.6,93626,BIOCON
11039,2025-08-04 10:25:00+05:30,378.6,378.7,376.6,377.2,161167,BIOCON
11040,2025-08-04 10:30:00+05:30,377.25,378.35,376.45,378.15,92860,BIOCON
11041,2025-08-04 10:35:00+05:30,377.9,378.7,377.35,377.8,34086,BIOCON
11042,2025-08-04 10:40:00+05:30,377.75,378.7,377.2,378.3,63823,BIOCON
11043,2025-08-04 10:45:00+05:30,378.0,378.4,377.1,377.35,51120,BIOCON
11044,2025-08-04 10:50:00+05:30,377.25,377.65,376.75,377.0,66944,BIOCON
11045,2025-08-04 10:55:00+05:30,377.2,377.45,376.6,377.2,48565,BIOCON
11046,2025-08-04 11:00:00+05:30,377.05,378.0,377.0,377.05,36630,BIOCON
11047,2025-08-04 11:05:00+05:30,377.0,377.15,376.0,376.25,49866,BIOCON
11048,2025-08-04 11:10:00+05:30,376.25,377.1,376.2,376.45,39983,BIOCON
11049,2025-08-04 11:15:00+05:30,376.6,376.95,376.3,376.85,21226,BIOCON
11050,2025-08-04 11:20:00+05:30,376.7,377.3,376.65,377.0,34910,BIOCON
11051,2025-08-04 11:25:00+05:30,376.85,377.2,376.35,376.5,23656,BIOCON
11052,2025-08-04 11:30:00+05:30,376.5,376.5,375.1,375.25,118070,BIOCON
11053,2025-08-04 11:35:00+05:30,375.45,375.65,374.65,375.0,65089,BIOCON
11054,2025-08-04 11:40:00+05:30,375.05,375.15,374.3,374.45,41293,BIOCON
11055,2025-08-04 11:45:00+05:30,374.55,375.55,374.4,375.55,57853,BIOCON
11056,2025-08-04 11:50:00+05:30,375.45,379.95,375.2,379.95,150820,BIOCON
11057,2025-08-04 11:55:00+05:30,379.6,380.9,379.35,380.9,66427,BIOCON
11058,2025-08-04 12:00:00+05:30,380.9,382.3,380.75,382.3,104887,BIOCON
11059,2025-08-04 12:05:00+05:30,381.95,383.0,381.65,382.15,69039,BIOCON
11060,2025-08-04 12:10:00+05:30,381.95,382.2,381.3,382.0,36765,BIOCON
11061,2025-08-04 12:15:00+05:30,382.0,382.6,381.75,382.5,40127,BIOCON
11062,2025-08-04 12:20:00+05:30,382.45,383.55,381.95,383.1,39486,BIOCON
11063,2025-08-04 12:25:00+05:30,383.1,383.8,383.05,383.4,28683,BIOCON
11064,2025-08-04 12:30:00+05:30,383.4,384.25,381.9,381.9,53889,BIOCON
11065,2025-08-04 12:35:00+05:30,382.05,383.5,382.0,383.2,39499,BIOCON
11066,2025-08-04 12:40:00+05:30,383.2,383.4,382.8,383.1,14069,BIOCON
11067,2025-08-04 12:45:00+05:30,383.1,383.8,382.9,383.65,8339,BIOCON
11068,2025-08-04 12:50:00+05:30,383.75,384.6,383.65,384.25,36322,BIOCON
11069,2025-08-04 12:55:00+05:30,384.2,384.25,383.75,383.75,10618,BIOCON
11070,2025-08-04 13:00:00+05:30,383.75,384.25,383.65,383.85,16560,BIOCON
11071,2025-08-04 13:05:00+05:30,383.85,384.15,383.6,384.15,12141,BIOCON
11072,2025-08-04 13:10:00+05:30,384.1,384.35,383.55,383.55,12105,BIOCON
11073,2025-08-04 13:15:00+05:30,383.75,384.8,383.55,384.0,34364,BIOCON
11074,2025-08-04 13:20:00+05:30,383.8,384.8,383.8,384.3,14801,BIOCON
11075,2025-08-04 13:25:00+05:30,384.25,384.3,383.1,383.2,29684,BIOCON
11076,2025-08-04 13:30:00+05:30,383.2,383.6,382.95,383.25,10287,BIOCON
11077,2025-08-04 13:35:00+05:30,383.3,383.4,383.05,383.25,4575,BIOCON
11078,2025-08-04 13:40:00+05:30,383.25,384.0,383.1,383.5,18270,BIOCON
11079,2025-08-04 13:45:00+05:30,383.6,384.55,383.6,384.0,12616,BIOCON
11080,2025-08-04 13:50:00+05:30,384.0,384.1,383.2,384.1,44379,BIOCON
11081,2025-08-04 13:55:00+05:30,384.15,384.4,383.35,383.9,27102,BIOCON
11082,2025-08-04 14:00:00+05:30,383.85,384.3,383.55,383.95,14852,BIOCON
11083,2025-08-04 14:05:00+05:30,383.75,384.2,383.75,383.95,3460,BIOCON
11084,2025-08-04 14:10:00+05:30,383.95,384.05,383.8,384.0,13555,BIOCON
11085,2025-08-04 14:15:00+05:30,384.0,384.3,383.75,383.75,11302,BIOCON
11086,2025-08-04 14:20:00+05:30,383.95,384.45,383.75,384.1,10871,BIOCON
11087,2025-08-04 14:25:00+05:30,384.0,384.1,383.5,383.85,17322,BIOCON
11088,2025-08-04 14:30:00+05:30,383.8,384.4,383.45,384.05,11401,BIOCON
11089,2025-08-04 14:35:00+05:30,384.15,385.55,383.65,383.8,92717,BIOCON
11090,2025-08-04 14:40:00+05:30,384.0,384.5,383.65,383.65,19975,BIOCON
11091,2025-08-04 14:45:00+05:30,383.7,384.55,383.45,383.7,19386,BIOCON
11092,2025-08-04 14:50:00+05:30,383.6,383.75,383.3,383.4,15792,BIOCON
11093,2025-08-04 14:55:00+05:30,383.5,383.75,383.15,383.45,28498,BIOCON
11094,2025-08-04 15:00:00+05:30,383.5,383.55,382.45,383.25,54998,BIOCON
11095,2025-08-04 15:05:00+05:30,383.2,383.7,382.9,383.25,61335,BIOCON
11096,2025-08-04 15:10:00+05:30,383.2,383.5,382.15,382.5,156697,BIOCON
11097,2025-08-04 15:15:00+05:30,382.5,382.75,381.55,382.25,92871,BIOCON
11098,2025-08-04 15:20:00+05:30,381.8,382.4,381.5,382.1,109648,BIOCON
11099,2025-08-04 15:25:00+05:30,381.95,382.25,380.5,381.45,90643,BIOCON
11100,2025-08-05 09:15:00+05:30,383.0,386.8,382.0,385.6,152259,BIOCON
11101,2025-08-05 09:20:00+05:30,385.6,385.6,382.1,382.55,115884,BIOCON
11102,2025-08-05 09:25:00+05:30,382.4,382.5,380.3,381.4,96313,BIOCON
11103,2025-08-05 09:30:00+05:30,381.3,381.4,378.9,379.45,81557,BIOCON
11104,2025-08-05 09:35:00+05:30,379.35,379.55,376.8,376.8,74389,BIOCON
11105,2025-08-05 09:40:00+05:30,376.8,377.15,375.75,375.75,39004,BIOCON
11106,2025-08-05 09:45:00+05:30,375.75,376.65,375.15,376.65,56531,BIOCON
11107,2025-08-05 09:50:00+05:30,376.65,376.7,374.45,374.7,95158,BIOCON
11108,2025-08-05 09:55:00+05:30,374.7,375.75,374.65,375.15,24355,BIOCON
11109,2025-08-05 10:00:00+05:30,375.15,375.3,374.2,374.75,25888,BIOCON
11110,2025-08-05 10:05:00+05:30,374.75,375.45,374.65,375.45,25698,BIOCON
11111,2025-08-05 10:10:00+05:30,375.25,375.6,374.25,374.7,36976,BIOCON
11112,2025-08-05 10:15:00+05:30,374.55,375.2,374.0,375.15,16745,BIOCON
11113,2025-08-05 10:20:00+05:30,375.05,375.3,374.7,375.3,14129,BIOCON
11114,2025-08-05 10:25:00+05:30,375.15,375.3,374.0,374.15,18647,BIOCON
11115,2025-08-05 10:30:00+05:30,374.1,374.4,373.3,374.2,40520,BIOCON
11116,2025-08-05 10:35:00+05:30,374.1,376.95,373.75,376.65,60001,BIOCON
11117,2025-08-05 10:40:00+05:30,376.5,377.8,376.1,377.5,43660,BIOCON
11118,2025-08-05 10:45:00+05:30,377.5,377.5,376.5,377.3,30391,BIOCON
11119,2025-08-05 10:50:00+05:30,377.0,377.5,376.9,377.0,6328,BIOCON
11120,2025-08-05 10:55:00+05:30,377.0,377.0,376.05,376.15,21044,BIOCON
11121,2025-08-05 11:00:00+05:30,376.2,376.4,375.65,376.4,18893,BIOCON
11122,2025-08-05 11:05:00+05:30,376.3,376.5,375.5,375.8,13363,BIOCON
11123,2025-08-05 11:10:00+05:30,375.7,377.2,375.7,377.0,30450,BIOCON
11124,2025-08-05 11:15:00+05:30,377.15,377.3,376.8,376.95,13746,BIOCON
11125,2025-08-05 11:20:00+05:30,376.95,377.55,376.95,377.2,17180,BIOCON
11126,2025-08-05 11:25:00+05:30,377.4,377.45,376.85,376.85,10210,BIOCON
11127,2025-08-05 11:30:00+05:30,376.95,376.95,375.9,376.1,9548,BIOCON
11128,2025-08-05 11:35:00+05:30,376.1,376.55,376.05,376.2,6041,BIOCON
11129,2025-08-05 11:40:00+05:30,376.2,376.35,375.55,376.0,8193,BIOCON
11130,2025-08-05 11:45:00+05:30,376.0,376.5,375.9,376.25,7051,BIOCON
11131,2025-08-05 11:50:00+05:30,376.2,376.5,374.7,375.35,39110,BIOCON
11132,2025-08-05 11:55:00+05:30,375.2,375.4,374.8,375.0,16446,BIOCON
11133,2025-08-05 12:00:00+05:30,375.05,375.05,374.05,374.3,35761,BIOCON
11134,2025-08-05 12:05:00+05:30,374.2,374.5,373.6,374.1,40208,BIOCON
11135,2025-08-05 12:10:00+05:30,374.05,375.35,374.0,375.15,11878,BIOCON
11136,2025-08-05 12:15:00+05:30,375.15,375.65,375.0,375.05,17583,BIOCON
11137,2025-08-05 12:20:00+05:30,375.05,375.1,374.35,374.45,15175,BIOCON
11138,2025-08-05 12:25:00+05:30,374.45,374.7,374.15,374.3,20614,BIOCON
11139,2025-08-05 12:30:00+05:30,374.3,374.9,373.95,374.2,13253,BIOCON
11140,2025-08-05 12:35:00+05:30,374.4,374.5,374.1,374.25,8439,BIOCON
11141,2025-08-05 12:40:00+05:30,374.25,374.5,371.65,372.2,146783,BIOCON
11142,2025-08-05 12:45:00+05:30,372.2,373.05,372.05,372.45,53986,BIOCON
11143,2025-08-05 12:50:00+05:30,372.45,372.8,371.9,372.45,62406,BIOCON
11144,2025-08-05 12:55:00+05:30,372.6,373.0,372.35,372.6,28666,BIOCON
11145,2025-08-05 13:00:00+05:30,372.75,372.75,371.55,372.0,38475,BIOCON
11146,2025-08-05 13:05:00+05:30,372.1,372.65,372.0,372.6,12148,BIOCON
11147,2025-08-05 13:10:00+05:30,372.55,373.0,372.0,372.65,47902,BIOCON
11148,2025-08-05 13:15:00+05:30,372.75,372.9,372.4,372.85,7615,BIOCON
11149,2025-08-05 13:20:00+05:30,372.85,372.9,372.05,372.3,10981,BIOCON
11150,2025-08-05 13:25:00+05:30,372.25,372.7,372.0,372.55,22950,BIOCON
11151,2025-08-05 13:30:00+05:30,372.55,372.6,371.85,372.6,28473,BIOCON
11152,2025-08-05 13:35:00+05:30,372.55,372.85,372.3,372.6,24552,BIOCON
11153,2025-08-05 13:40:00+05:30,372.65,373.0,372.3,372.7,29377,BIOCON
11154,2025-08-05 13:45:00+05:30,372.85,372.9,372.6,372.6,7747,BIOCON
11155,2025-08-05 13:50:00+05:30,372.7,373.6,372.65,373.6,28558,BIOCON
11156,2025-08-05 13:55:00+05:30,373.55,373.85,372.05,372.3,101286,BIOCON
11157,2025-08-05 14:00:00+05:30,372.3,372.5,371.55,371.85,38932,BIOCON
11158,2025-08-05 14:05:00+05:30,371.95,372.0,370.8,371.5,53695,BIOCON
11159,2025-08-05 14:10:00+05:30,371.4,372.1,371.3,372.0,15245,BIOCON
11160,2025-08-05 14:15:00+05:30,372.0,372.15,371.55,371.9,22096,BIOCON
11161,2025-08-05 14:20:00+05:30,371.85,372.1,371.35,371.65,18358,BIOCON
11162,2025-08-05 14:25:00+05:30,371.65,372.05,371.4,371.85,17818,BIOCON
11163,2025-08-05 14:30:00+05:30,371.85,372.05,371.4,371.85,17928,BIOCON
11164,2025-08-05 14:35:00+05:30,371.8,372.3,371.5,371.95,24009,BIOCON
11165,2025-08-05 14:40:00+05:30,371.9,372.2,371.5,372.05,27256,BIOCON
11166,2025-08-05 14:45:00+05:30,372.05,372.2,371.35,371.75,30315,BIOCON
11167,2025-08-05 14:50:00+05:30,371.65,371.8,370.95,371.0,56868,BIOCON
11168,2025-08-05 14:55:00+05:30,371.0,371.75,370.9,371.45,27124,BIOCON
11169,2025-08-05 15:00:00+05:30,371.45,372.3,370.65,371.65,109773,BIOCON
11170,2025-08-05 15:05:00+05:30,371.65,372.75,371.45,372.55,162389,BIOCON
11171,2025-08-05 15:10:00+05:30,372.5,373.3,372.1,372.95,82313,BIOCON
11172,2025-08-05 15:15:00+05:30,372.95,373.25,372.65,373.25,107094,BIOCON
11173,2025-08-05 15:20:00+05:30,373.15,373.25,372.6,372.75,75849,BIOCON
11174,2025-08-05 15:25:00+05:30,372.7,373.0,372.25,373.0,126698,BIOCON
11175,2025-08-06 09:15:00+05:30,372.0,372.9,369.65,370.2,214778,BIOCON
11176,2025-08-06 09:20:00+05:30,370.2,370.8,368.85,369.05,84965,BIOCON
11177,2025-08-06 09:25:00+05:30,369.0,369.8,368.6,368.75,34558,BIOCON
11178,2025-08-06 09:30:00+05:30,368.7,369.6,368.2,369.3,63271,BIOCON
11179,2025-08-06 09:35:00+05:30,369.45,369.45,368.2,368.3,22274,BIOCON
11180,2025-08-06 09:40:00+05:30,368.45,368.75,367.8,367.95,25533,BIOCON
11181,2025-08-06 09:45:00+05:30,367.9,367.9,366.4,367.1,95900,BIOCON
11182,2025-08-06 09:50:00+05:30,367.1,367.7,366.8,367.55,28127,BIOCON
11183,2025-08-06 09:55:00+05:30,367.65,367.75,366.85,367.3,16066,BIOCON
11184,2025-08-06 10:00:00+05:30,367.3,367.5,366.2,366.35,20082,BIOCON
11185,2025-08-06 10:05:00+05:30,366.5,366.55,365.75,366.25,33079,BIOCON
11186,2025-08-06 10:10:00+05:30,366.25,366.3,364.95,366.05,93717,BIOCON
11187,2025-08-06 10:15:00+05:30,365.9,367.1,365.45,367.0,33541,BIOCON
11188,2025-08-06 10:20:00+05:30,367.2,367.65,366.9,367.5,34066,BIOCON
11189,2025-08-06 10:25:00+05:30,367.4,367.65,366.35,366.4,33163,BIOCON
11190,2025-08-06 10:30:00+05:30,366.3,366.4,365.75,366.2,22436,BIOCON
11191,2025-08-06 10:35:00+05:30,366.0,366.1,365.0,365.4,50923,BIOCON
11192,2025-08-06 10:40:00+05:30,365.5,365.85,364.6,364.85,46762,BIOCON
11193,2025-08-06 10:45:00+05:30,365.0,365.0,364.35,364.75,63470,BIOCON
11194,2025-08-06 10:50:00+05:30,364.75,365.15,364.45,364.9,13161,BIOCON
11195,2025-08-06 10:55:00+05:30,364.8,364.85,364.5,364.75,11396,BIOCON
11196,2025-08-06 11:00:00+05:30,364.75,364.95,364.5,364.65,16388,BIOCON
11197,2025-08-06 11:05:00+05:30,364.65,364.7,363.95,364.05,23902,BIOCON
11198,2025-08-06 11:10:00+05:30,364.05,364.4,363.8,364.4,15699,BIOCON
11199,2025-08-06 11:15:00+05:30,364.4,364.85,363.6,363.85,67213,BIOCON
11200,2025-08-06 11:20:00+05:30,363.9,363.95,363.25,363.5,16921,BIOCON
11201,2025-08-06 11:25:00+05:30,363.5,364.55,363.0,364.35,34043,BIOCON
11202,2025-08-06 11:30:00+05:30,364.35,364.35,363.2,363.55,17420,BIOCON
11203,2025-08-06 11:35:00+05:30,363.55,363.6,363.0,363.45,18246,BIOCON
11204,2025-08-06 11:40:00+05:30,363.5,363.65,363.15,363.5,17877,BIOCON
11205,2025-08-06 11:45:00+05:30,363.5,364.0,363.4,364.0,12976,BIOCON
11206,2025-08-06 11:50:00+05:30,363.75,364.4,363.6,364.2,10277,BIOCON
11207,2025-08-06 11:55:00+05:30,364.15,364.3,362.55,363.35,56915,BIOCON
11208,2025-08-06 12:00:00+05:30,363.45,363.8,363.0,363.8,22618,BIOCON
11209,2025-08-06 12:05:00+05:30,363.8,363.95,363.1,363.6,29873,BIOCON
11210,2025-08-06 12:10:00+05:30,363.65,363.75,363.05,363.65,14625,BIOCON
11211,2025-08-06 12:15:00+05:30,363.65,363.75,363.1,363.75,13356,BIOCON
11212,2025-08-06 12:20:00+05:30,363.75,364.45,363.65,364.0,26856,BIOCON
11213,2025-08-06 12:25:00+05:30,364.0,364.9,364.0,364.6,24179,BIOCON
11214,2025-08-06 12:30:00+05:30,364.65,365.9,364.65,365.6,23365,BIOCON
11215,2025-08-06 12:35:00+05:30,365.55,365.7,364.35,364.6,19494,BIOCON
11216,2025-08-06 12:40:00+05:30,364.55,364.65,363.95,364.3,7436,BIOCON
11217,2025-08-06 12:45:00+05:30,364.2,364.6,364.1,364.2,10363,BIOCON
11218,2025-08-06 12:50:00+05:30,364.2,364.25,363.05,363.75,32752,BIOCON
11219,2025-08-06 12:55:00+05:30,363.75,364.4,363.55,364.4,16426,BIOCON
11220,2025-08-06 13:00:00+05:30,364.45,364.8,364.3,364.45,11367,BIOCON
11221,2025-08-06 13:05:00+05:30,364.5,364.65,363.5,364.4,68939,BIOCON
11222,2025-08-06 13:10:00+05:30,364.25,364.5,363.7,364.3,21352,BIOCON
11223,2025-08-06 13:15:00+05:30,364.3,364.85,364.2,364.75,15689,BIOCON
11224,2025-08-06 13:20:00+05:30,364.75,364.8,364.2,364.4,6918,BIOCON
11225,2025-08-06 13:25:00+05:30,364.3,364.85,364.2,364.85,10922,BIOCON
11226,2025-08-06 13:30:00+05:30,364.85,365.2,364.5,365.2,20010,BIOCON
11227,2025-08-06 13:35:00+05:30,365.1,365.3,363.35,363.7,44954,BIOCON
11228,2025-08-06 13:40:00+05:30,363.7,364.15,363.55,364.15,11322,BIOCON
11229,2025-08-06 13:45:00+05:30,363.85,364.05,363.2,363.45,12737,BIOCON
11230,2025-08-06 13:50:00+05:30,363.45,363.8,362.85,363.8,24612,BIOCON
11231,2025-08-06 13:55:00+05:30,363.75,364.15,363.7,363.95,10874,BIOCON
11232,2025-08-06 14:00:00+05:30,363.95,364.0,363.5,363.5,16054,BIOCON
11233,2025-08-06 14:05:00+05:30,363.5,363.75,363.4,363.7,11233,BIOCON
11234,2025-08-06 14:10:00+05:30,363.55,363.7,362.85,363.3,40146,BIOCON
11235,2025-08-06 14:15:00+05:30,363.3,363.5,362.55,362.75,41897,BIOCON
11236,2025-08-06 14:20:00+05:30,362.8,362.95,362.65,362.9,6596,BIOCON
11237,2025-08-06 14:25:00+05:30,362.95,362.95,362.0,362.6,47491,BIOCON
11238,2025-08-06 14:30:00+05:30,362.6,362.6,361.2,361.85,68001,BIOCON
11239,2025-08-06 14:35:00+05:30,361.85,362.35,361.45,362.15,49351,BIOCON
11240,2025-08-06 14:40:00+05:30,362.05,362.9,360.65,361.0,252908,BIOCON
11241,2025-08-06 14:45:00+05:30,360.95,361.1,360.5,360.7,68646,BIOCON
11242,2025-08-06 14:50:00+05:30,360.7,360.85,359.4,360.0,195592,BIOCON
11243,2025-08-06 14:55:00+05:30,360.0,361.7,359.95,361.4,252165,BIOCON
11244,2025-08-06 15:00:00+05:30,361.3,361.4,359.9,360.65,777003,BIOCON
11245,2025-08-06 15:05:00+05:30,360.65,361.65,360.65,361.15,113642,BIOCON
11246,2025-08-06 15:10:00+05:30,361.1,361.35,360.5,361.15,117601,BIOCON
11247,2025-08-06 15:15:00+05:30,361.15,361.25,360.45,360.9,92373,BIOCON
11248,2025-08-06 15:20:00+05:30,360.9,361.3,360.55,360.8,91864,BIOCON
11249,2025-08-06 15:25:00+05:30,360.8,361.35,360.3,360.5,77071,BIOCON
11250,2025-08-07 09:15:00+05:30,358.8,363.4,356.65,361.2,177611,BIOCON
11251,2025-08-07 09:20:00+05:30,361.15,362.2,360.5,361.55,63920,BIOCON
11252,2025-08-07 09:25:00+05:30,361.8,363.5,361.4,363.0,73625,BIOCON
11253,2025-08-07 09:30:00+05:30,363.25,364.6,362.35,363.9,56088,BIOCON
11254,2025-08-07 09:35:00+05:30,363.7,364.7,363.15,363.95,54311,BIOCON
11255,2025-08-07 09:40:00+05:30,363.8,364.2,362.55,363.0,38820,BIOCON
11256,2025-08-07 09:45:00+05:30,363.0,363.8,362.7,363.5,35843,BIOCON
11257,2025-08-07 09:50:00+05:30,363.45,364.45,363.05,363.4,34619,BIOCON
11258,2025-08-07 09:55:00+05:30,363.25,363.55,361.9,362.1,25062,BIOCON
11259,2025-08-07 10:00:00+05:30,362.1,363.15,362.05,362.65,22975,BIOCON
11260,2025-08-07 10:05:00+05:30,362.55,362.55,360.5,360.6,26896,BIOCON
11261,2025-08-07 10:10:00+05:30,360.75,361.75,360.35,361.45,29315,BIOCON
11262,2025-08-07 10:15:00+05:30,361.55,362.05,361.4,361.85,16221,BIOCON
11263,2025-08-07 10:20:00+05:30,361.7,361.7,360.8,361.6,12082,BIOCON
11264,2025-08-07 10:25:00+05:30,361.5,361.6,360.0,360.05,24626,BIOCON
11265,2025-08-07 10:30:00+05:30,360.3,360.5,359.25,360.4,49007,BIOCON
11266,2025-08-07 10:35:00+05:30,360.35,361.05,359.55,359.75,23236,BIOCON
11267,2025-08-07 10:40:00+05:30,359.85,360.2,359.05,360.1,22979,BIOCON
11268,2025-08-07 10:45:00+05:30,360.15,360.15,359.05,359.4,19825,BIOCON
11269,2025-08-07 10:50:00+05:30,359.6,360.75,359.4,359.6,19670,BIOCON
11270,2025-08-07 10:55:00+05:30,359.5,360.2,359.4,359.7,7221,BIOCON
11271,2025-08-07 11:00:00+05:30,359.85,359.9,359.05,359.3,21654,BIOCON
11272,2025-08-07 11:05:00+05:30,359.4,359.5,358.8,359.05,11195,BIOCON
11273,2025-08-07 11:10:00+05:30,359.15,359.2,358.3,358.6,20570,BIOCON
11274,2025-08-07 11:15:00+05:30,358.6,359.0,358.4,358.85,7949,BIOCON
11275,2025-08-07 11:20:00+05:30,358.85,358.9,358.05,358.1,12242,BIOCON
11276,2025-08-07 11:25:00+05:30,358.25,358.25,357.65,358.0,5876,BIOCON
11277,2025-08-07 11:30:00+05:30,357.9,357.95,356.6,356.9,24308,BIOCON
11278,2025-08-07 11:35:00+05:30,357.0,357.4,356.7,357.2,11916,BIOCON
11279,2025-08-07 11:40:00+05:30,357.2,357.45,356.55,356.9,9364,BIOCON
11280,2025-08-07 11:45:00+05:30,356.9,356.9,356.25,356.4,18649,BIOCON
11281,2025-08-07 11:50:00+05:30,356.4,357.15,355.9,357.1,59312,BIOCON
11282,2025-08-07 11:55:00+05:30,357.0,357.8,356.65,357.2,14493,BIOCON
11283,2025-08-07 12:00:00+05:30,357.15,358.4,357.05,358.05,12908,BIOCON
11284,2025-08-07 12:05:00+05:30,358.05,358.1,357.25,357.5,5312,BIOCON
11285,2025-08-07 12:10:00+05:30,357.3,358.85,357.3,358.65,6516,BIOCON
11286,2025-08-07 12:15:00+05:30,358.65,358.85,358.0,358.25,13460,BIOCON
11287,2025-08-07 12:20:00+05:30,358.25,358.25,358.0,358.15,15734,BIOCON
11288,2025-08-07 12:25:00+05:30,358.15,358.3,357.9,358.0,11594,BIOCON
11289,2025-08-07 12:30:00+05:30,358.0,358.45,357.65,358.15,15144,BIOCON
11290,2025-08-07 12:35:00+05:30,358.2,358.6,357.75,358.55,7559,BIOCON
11291,2025-08-07 12:40:00+05:30,358.5,359.9,358.5,359.1,23978,BIOCON
11292,2025-08-07 12:45:00+05:30,359.0,359.1,358.75,359.0,4840,BIOCON
11293,2025-08-07 12:50:00+05:30,358.95,359.15,358.0,359.1,16964,BIOCON
11294,2025-08-07 12:55:00+05:30,359.05,359.5,358.7,359.35,11209,BIOCON
11295,2025-08-07 13:00:00+05:30,359.35,359.4,359.0,359.15,5745,BIOCON
11296,2025-08-07 13:05:00+05:30,359.15,359.2,357.85,358.15,12388,BIOCON
11297,2025-08-07 13:10:00+05:30,358.05,358.35,357.7,357.9,6656,BIOCON
11298,2025-08-07 13:15:00+05:30,357.8,358.0,357.5,357.75,15237,BIOCON
11299,2025-08-07 13:20:00+05:30,357.65,357.7,355.95,356.25,85878,BIOCON
11300,2025-08-07 13:25:00+05:30,356.15,356.8,356.05,356.5,11569,BIOCON
11301,2025-08-07 13:30:00+05:30,356.4,356.55,355.55,356.0,18850,BIOCON
11302,2025-08-07 13:35:00+05:30,355.9,356.2,355.65,356.15,13450,BIOCON
11303,2025-08-07 13:40:00+05:30,356.05,357.2,356.05,357.0,13133,BIOCON
11304,2025-08-07 13:45:00+05:30,356.9,357.5,356.8,357.1,10215,BIOCON
11305,2025-08-07 13:50:00+05:30,357.0,357.25,356.8,357.0,10393,BIOCON
11306,2025-08-07 13:55:00+05:30,356.95,357.3,356.75,357.2,11746,BIOCON
11307,2025-08-07 14:00:00+05:30,357.0,357.4,356.8,357.25,6076,BIOCON
11308,2025-08-07 14:05:00+05:30,357.4,358.0,357.1,357.85,4924,BIOCON
11309,2025-08-07 14:10:00+05:30,357.7,359.65,357.55,358.9,37305,BIOCON
11310,2025-08-07 14:15:00+05:30,359.0,361.5,358.9,360.65,50906,BIOCON
11311,2025-08-07 14:20:00+05:30,360.8,362.35,360.3,360.6,50386,BIOCON
11312,2025-08-07 14:25:00+05:30,360.65,360.95,360.15,360.9,28812,BIOCON
11313,2025-08-07 14:30:00+05:30,360.9,361.6,360.85,361.45,19298,BIOCON
11314,2025-08-07 14:35:00+05:30,361.35,361.7,361.2,361.3,11339,BIOCON
11315,2025-08-07 14:40:00+05:30,361.35,362.05,360.95,361.8,11326,BIOCON
11316,2025-08-07 14:45:00+05:30,361.9,362.25,361.65,362.25,32652,BIOCON
11317,2025-08-07 14:50:00+05:30,362.1,363.3,362.1,362.85,31356,BIOCON
11318,2025-08-07 14:55:00+05:30,362.9,363.0,362.0,362.9,24763,BIOCON
11319,2025-08-07 15:00:00+05:30,362.9,363.6,362.65,363.35,50340,BIOCON
11320,2025-08-07 15:05:00+05:30,363.4,364.0,363.35,363.75,59200,BIOCON
11321,2025-08-07 15:10:00+05:30,363.75,364.2,363.15,364.1,56413,BIOCON
11322,2025-08-07 15:15:00+05:30,364.15,364.65,363.65,364.1,76301,BIOCON
11323,2025-08-07 15:20:00+05:30,364.1,365.1,364.1,364.9,99840,BIOCON
11324,2025-08-07 15:25:00+05:30,364.9,366.3,363.7,365.4,81642,BIOCON
11325,2025-08-08 09:15:00+05:30,358.95,363.6,358.25,359.35,437959,BIOCON
11326,2025-08-08 09:20:00+05:30,359.55,360.8,358.65,360.0,232551,BIOCON
11327,2025-08-08 09:25:00+05:30,360.0,363.7,359.6,361.0,417147,BIOCON
11328,2025-08-08 09:30:00+05:30,360.95,363.95,360.8,363.0,130063,BIOCON
11329,2025-08-08 09:35:00+05:30,363.0,365.25,362.2,365.0,164772,BIOCON
11330,2025-08-08 09:40:00+05:30,365.0,365.8,362.95,365.55,244714,BIOCON
11331,2025-08-08 09:45:00+05:30,365.55,365.55,362.0,362.65,94223,BIOCON
11332,2025-08-08 09:50:00+05:30,362.65,362.85,361.85,361.9,42237,BIOCON
11333,2025-08-08 09:55:00+05:30,361.9,362.1,359.6,359.7,78014,BIOCON
11334,2025-08-08 10:00:00+05:30,359.8,360.55,358.6,359.15,72760,BIOCON
11335,2025-08-08 10:05:00+05:30,359.0,360.0,357.75,359.65,113988,BIOCON
11336,2025-08-08 10:10:00+05:30,359.6,359.85,359.0,359.1,18758,BIOCON
11337,2025-08-08 10:15:00+05:30,359.0,359.3,358.35,358.95,32405,BIOCON
11338,2025-08-08 10:20:00+05:30,358.9,358.95,358.0,358.85,33770,BIOCON
11339,2025-08-08 10:25:00+05:30,358.85,358.85,357.55,358.15,41647,BIOCON
11340,2025-08-08 10:30:00+05:30,357.9,358.2,356.75,356.75,43564,BIOCON
11341,2025-08-08 10:35:00+05:30,356.8,357.05,355.6,355.75,64224,BIOCON
11342,2025-08-08 10:40:00+05:30,355.65,356.0,354.15,354.6,71292,BIOCON
11343,2025-08-08 10:45:00+05:30,354.6,354.95,353.75,354.15,49685,BIOCON
11344,2025-08-08 10:50:00+05:30,354.1,355.05,353.85,355.0,39805,BIOCON
11345,2025-08-08 10:55:00+05:30,354.95,355.0,354.2,354.5,32305,BIOCON
11346,2025-08-08 11:00:00+05:30,354.4,354.6,353.3,353.55,52238,BIOCON
11347,2025-08-08 11:05:00+05:30,353.55,354.05,353.5,353.7,26179,BIOCON
11348,2025-08-08 11:10:00+05:30,353.7,353.95,352.35,353.0,52037,BIOCON
11349,2025-08-08 11:15:00+05:30,353.0,353.0,351.75,352.15,66647,BIOCON
11350,2025-08-08 11:20:00+05:30,352.05,353.05,351.15,351.5,71253,BIOCON
11351,2025-08-08 11:25:00+05:30,351.5,351.7,350.1,350.5,88156,BIOCON
11352,2025-08-08 11:30:00+05:30,350.5,350.75,349.0,350.0,183276,BIOCON
11353,2025-08-08 11:35:00+05:30,349.95,350.45,348.45,349.1,427914,BIOCON
11354,2025-08-08 11:40:00+05:30,349.1,350.0,348.75,349.6,88169,BIOCON
11355,2025-08-08 11:45:00+05:30,349.6,351.4,349.3,350.35,219746,BIOCON
11356,2025-08-08 11:50:00+05:30,350.55,351.65,350.35,351.55,63453,BIOCON
11357,2025-08-08 11:55:00+05:30,351.35,351.65,349.5,350.25,84595,BIOCON
11358,2025-08-08 12:00:00+05:30,350.1,350.3,348.6,348.8,37161,BIOCON
11359,2025-08-08 12:05:00+05:30,348.8,350.8,348.2,350.2,80658,BIOCON
11360,2025-08-08 12:10:00+05:30,350.35,352.6,350.3,351.8,112054,BIOCON
11361,2025-08-08 12:15:00+05:30,351.7,351.95,350.95,351.5,24873,BIOCON
11362,2025-08-08 12:20:00+05:30,351.5,352.25,351.5,351.85,29649,BIOCON
11363,2025-08-08 12:25:00+05:30,351.85,352.5,351.5,352.45,67726,BIOCON
11364,2025-08-08 12:30:00+05:30,352.4,352.4,352.0,352.2,8999,BIOCON
11365,2025-08-08 12:35:00+05:30,352.1,352.3,351.65,351.8,14161,BIOCON
11366,2025-08-08 12:40:00+05:30,351.65,352.2,351.55,352.0,21111,BIOCON
11367,2025-08-08 12:45:00+05:30,352.0,352.8,351.5,352.5,26205,BIOCON
11368,2025-08-08 12:50:00+05:30,352.5,353.25,352.35,353.2,34724,BIOCON
11369,2025-08-08 12:55:00+05:30,353.2,353.9,352.7,353.2,85967,BIOCON
11370,2025-08-08 13:00:00+05:30,353.1,353.15,351.3,352.35,78415,BIOCON
11371,2025-08-08 13:05:00+05:30,352.2,352.95,352.0,352.7,24552,BIOCON
11372,2025-08-08 13:10:00+05:30,352.5,352.7,352.1,352.3,13161,BIOCON
11373,2025-08-08 13:15:00+05:30,352.45,352.65,352.0,352.25,10813,BIOCON
11374,2025-08-08 13:20:00+05:30,352.2,352.5,352.05,352.35,4007,BIOCON
11375,2025-08-08 13:25:00+05:30,352.3,352.35,351.6,351.75,12766,BIOCON
11376,2025-08-08 13:30:00+05:30,351.6,352.0,351.3,351.9,26584,BIOCON
11377,2025-08-08 13:35:00+05:30,351.7,352.0,351.7,351.9,5348,BIOCON
11378,2025-08-08 13:40:00+05:30,351.9,352.3,351.7,351.9,10535,BIOCON
11379,2025-08-08 13:45:00+05:30,351.95,352.05,351.2,351.35,23499,BIOCON
11380,2025-08-08 13:50:00+05:30,351.2,351.35,350.8,350.95,32133,BIOCON
11381,2025-08-08 13:55:00+05:30,350.95,350.95,350.1,350.3,33120,BIOCON
11382,2025-08-08 14:00:00+05:30,350.3,351.1,350.15,350.3,34920,BIOCON
11383,2025-08-08 14:05:00+05:30,350.25,350.5,349.4,349.85,32169,BIOCON
11384,2025-08-08 14:10:00+05:30,349.85,350.0,349.0,349.05,32367,BIOCON
11385,2025-08-08 14:15:00+05:30,349.0,349.8,348.8,349.45,32728,BIOCON
11386,2025-08-08 14:20:00+05:30,349.35,349.5,348.9,349.0,11650,BIOCON
11387,2025-08-08 14:25:00+05:30,348.9,349.0,347.7,348.0,52912,BIOCON
11388,2025-08-08 14:30:00+05:30,348.0,348.3,347.4,348.15,55494,BIOCON
11389,2025-08-08 14:35:00+05:30,348.15,348.45,347.7,347.85,19695,BIOCON
11390,2025-08-08 14:40:00+05:30,347.8,348.4,347.0,347.35,31671,BIOCON
11391,2025-08-08 14:45:00+05:30,347.25,347.45,346.0,346.9,80232,BIOCON
11392,2025-08-08 14:50:00+05:30,346.9,346.95,344.4,345.2,133426,BIOCON
11393,2025-08-08 14:55:00+05:30,345.1,345.6,344.15,344.5,79909,BIOCON
11394,2025-08-08 15:00:00+05:30,344.5,345.05,344.0,344.6,86493,BIOCON
11395,2025-08-08 15:05:00+05:30,344.8,345.15,344.05,344.25,71320,BIOCON
11396,2025-08-08 15:10:00+05:30,344.1,344.3,343.0,343.5,94814,BIOCON
11397,2025-08-08 15:15:00+05:30,343.35,343.7,342.55,342.75,99907,BIOCON
11398,2025-08-08 15:20:00+05:30,342.75,343.05,342.2,342.35,119565,BIOCON
11399,2025-08-08 15:25:00+05:30,342.3,342.45,341.2,341.75,70933,BIOCON
11400,2025-08-11 09:15:00+05:30,342.6,342.65,335.4,335.5,306278,BIOCON
11401,2025-08-11 09:20:00+05:30,335.45,336.7,333.15,335.25,276182,BIOCON
11402,2025-08-11 09:25:00+05:30,335.4,336.35,334.45,335.5,219571,BIOCON
11403,2025-08-11 09:30:00+05:30,335.7,336.0,333.05,333.65,159743,BIOCON
11404,2025-08-11 09:35:00+05:30,333.6,334.4,332.5,333.35,234570,BIOCON
11405,2025-08-11 09:40:00+05:30,333.35,333.7,331.7,333.1,195281,BIOCON
11406,2025-08-11 09:45:00+05:30,333.3,333.6,331.35,331.55,138083,BIOCON
11407,2025-08-11 09:50:00+05:30,331.85,332.55,331.0,332.25,132263,BIOCON
11408,2025-08-11 09:55:00+05:30,332.4,334.25,331.9,334.2,96641,BIOCON
11409,2025-08-11 10:00:00+05:30,334.15,336.0,334.0,335.8,123191,BIOCON
11410,2025-08-11 10:05:00+05:30,335.75,337.45,335.6,337.1,258924,BIOCON
11411,2025-08-11 10:10:00+05:30,337.1,339.4,336.0,339.25,188830,BIOCON
11412,2025-08-11 10:15:00+05:30,339.0,340.5,338.8,339.6,207435,BIOCON
11413,2025-08-11 10:20:00+05:30,339.5,340.05,338.3,339.95,92517,BIOCON
11414,2025-08-11 10:25:00+05:30,339.95,340.55,339.45,340.3,74680,BIOCON
11415,2025-08-11 10:30:00+05:30,340.3,340.95,339.05,339.5,92294,BIOCON
11416,2025-08-11 10:35:00+05:30,339.5,339.95,339.25,339.95,61481,BIOCON
11417,2025-08-11 10:40:00+05:30,339.9,340.4,339.55,339.9,39786,BIOCON
11418,2025-08-11 10:45:00+05:30,339.9,340.15,339.3,339.6,15804,BIOCON
11419,2025-08-11 10:50:00+05:30,339.55,340.45,339.45,340.2,25698,BIOCON
11420,2025-08-11 10:55:00+05:30,340.2,340.2,339.5,339.85,37045,BIOCON
11421,2025-08-11 11:00:00+05:30,339.85,340.8,339.7,340.2,39221,BIOCON
11422,2025-08-11 11:05:00+05:30,340.35,341.3,340.25,341.1,216782,BIOCON
11423,2025-08-11 11:10:00+05:30,341.0,341.2,340.4,340.45,41514,BIOCON
11424,2025-08-11 11:15:00+05:30,340.55,341.0,339.75,340.9,62646,BIOCON
11425,2025-08-11 11:20:00+05:30,340.9,341.05,340.5,340.7,44979,BIOCON
11426,2025-08-11 11:25:00+05:30,340.7,340.95,340.55,340.6,23436,BIOCON
11427,2025-08-11 11:30:00+05:30,340.6,340.65,340.0,340.1,27425,BIOCON
11428,2025-08-11 11:35:00+05:30,340.25,340.4,339.45,339.65,39898,BIOCON
11429,2025-08-11 11:40:00+05:30,339.7,339.85,339.15,339.4,66370,BIOCON
11430,2025-08-11 11:45:00+05:30,339.35,339.6,338.85,339.2,34273,BIOCON
11431,2025-08-11 11:50:00+05:30,339.15,339.2,338.4,338.85,21856,BIOCON
11432,2025-08-11 11:55:00+05:30,338.8,339.65,338.65,339.5,24400,BIOCON
11433,2025-08-11 12:00:00+05:30,339.55,339.9,339.15,339.45,33449,BIOCON
11434,2025-08-11 12:05:00+05:30,339.4,339.45,338.5,338.75,23630,BIOCON
11435,2025-08-11 12:10:00+05:30,338.85,338.9,338.3,338.6,38081,BIOCON
11436,2025-08-11 12:15:00+05:30,338.55,338.85,338.3,338.5,28199,BIOCON
11437,2025-08-11 12:20:00+05:30,338.6,338.6,337.85,338.45,38292,BIOCON
11438,2025-08-11 12:25:00+05:30,338.5,338.7,338.15,338.4,18064,BIOCON
11439,2025-08-11 12:30:00+05:30,338.35,338.4,337.65,337.7,15795,BIOCON
11440,2025-08-11 12:35:00+05:30,337.8,338.0,337.5,337.95,14323,BIOCON
11441,2025-08-11 12:40:00+05:30,337.95,338.4,337.5,338.25,15834,BIOCON
11442,2025-08-11 12:45:00+05:30,338.05,338.35,337.7,337.9,14601,BIOCON
11443,2025-08-11 12:50:00+05:30,337.9,339.1,337.75,338.95,23173,BIOCON
11444,2025-08-11 12:55:00+05:30,338.95,338.95,338.05,338.7,16688,BIOCON
11445,2025-08-11 13:00:00+05:30,338.85,339.15,338.15,338.2,16642,BIOCON
11446,2025-08-11 13:05:00+05:30,338.25,339.55,338.2,339.3,15968,BIOCON
11447,2025-08-11 13:10:00+05:30,339.45,339.8,338.9,339.35,39155,BIOCON
11448,2025-08-11 13:15:00+05:30,339.25,340.05,339.25,339.9,21501,BIOCON
11449,2025-08-11 13:20:00+05:30,339.9,340.05,339.6,339.7,20513,BIOCON
11450,2025-08-11 13:25:00+05:30,339.7,340.45,339.65,340.05,25502,BIOCON
11451,2025-08-11 13:30:00+05:30,340.25,340.25,339.55,339.75,12268,BIOCON
11452,2025-08-11 13:35:00+05:30,339.75,340.1,339.6,339.9,15232,BIOCON
11453,2025-08-11 13:40:00+05:30,339.95,340.2,339.8,339.95,13422,BIOCON
11454,2025-08-11 13:45:00+05:30,339.95,340.15,339.85,340.05,16095,BIOCON
11455,2025-08-11 13:50:00+05:30,340.1,340.25,339.85,340.0,22494,BIOCON
11456,2025-08-11 13:55:00+05:30,340.0,340.1,339.85,339.9,16051,BIOCON
11457,2025-08-11 14:00:00+05:30,340.05,340.6,339.95,340.5,14689,BIOCON
11458,2025-08-11 14:05:00+05:30,340.35,340.75,340.3,340.45,22509,BIOCON
11459,2025-08-11 14:10:00+05:30,340.5,340.5,339.5,340.15,47035,BIOCON
11460,2025-08-11 14:15:00+05:30,340.1,340.6,340.1,340.3,13562,BIOCON
11461,2025-08-11 14:20:00+05:30,340.4,340.4,339.85,340.05,15866,BIOCON
11462,2025-08-11 14:25:00+05:30,340.05,340.25,340.0,340.1,26939,BIOCON
11463,2025-08-11 14:30:00+05:30,340.1,341.4,340.1,341.35,26198,BIOCON
11464,2025-08-11 14:35:00+05:30,341.4,341.7,340.95,341.1,35105,BIOCON
11465,2025-08-11 14:40:00+05:30,341.1,341.25,340.4,341.0,60747,BIOCON
11466,2025-08-11 14:45:00+05:30,340.85,342.35,340.85,342.15,53899,BIOCON
11467,2025-08-11 14:50:00+05:30,342.15,342.2,341.75,342.1,15905,BIOCON
11468,2025-08-11 14:55:00+05:30,342.0,342.25,341.85,342.1,58007,BIOCON
11469,2025-08-11 15:00:00+05:30,342.1,342.65,341.95,342.6,44748,BIOCON
11470,2025-08-11 15:05:00+05:30,342.6,342.7,342.25,342.25,36572,BIOCON
11471,2025-08-11 15:10:00+05:30,342.3,342.55,341.9,342.0,80646,BIOCON
11472,2025-08-11 15:15:00+05:30,342.0,342.85,341.8,341.95,146591,BIOCON
11473,2025-08-11 15:20:00+05:30,341.95,342.3,341.55,341.85,120638,BIOCON
11474,2025-08-11 15:25:00+05:30,341.9,342.2,341.65,341.65,89519,BIOCON
11475,2025-08-12 09:15:00+05:30,342.1,343.6,341.1,342.55,102869,BIOCON
11476,2025-08-12 09:20:00+05:30,342.75,343.5,342.0,343.0,39105,BIOCON
11477,2025-08-12 09:25:00+05:30,342.95,343.35,342.6,343.15,24549,BIOCON
11478,2025-08-12 09:30:00+05:30,343.0,343.4,342.55,342.6,32262,BIOCON
11479,2025-08-12 09:35:00+05:30,342.6,342.7,341.1,341.35,37477,BIOCON
11480,2025-08-12 09:40:00+05:30,341.35,341.45,340.1,340.65,42902,BIOCON
11481,2025-08-12 09:45:00+05:30,340.6,341.0,340.3,340.6,26945,BIOCON
11482,2025-08-12 09:50:00+05:30,340.6,344.85,340.6,344.1,114991,BIOCON
11483,2025-08-12 09:55:00+05:30,344.1,346.25,344.0,346.1,342809,BIOCON
11484,2025-08-12 10:00:00+05:30,346.0,347.45,345.7,347.05,117865,BIOCON
11485,2025-08-12 10:05:00+05:30,347.0,347.2,345.75,346.05,88692,BIOCON
11486,2025-08-12 10:10:00+05:30,346.0,346.15,345.75,346.0,72679,BIOCON
11487,2025-08-12 10:15:00+05:30,346.05,348.0,346.0,347.7,322077,BIOCON
11488,2025-08-12 10:20:00+05:30,347.7,348.3,347.45,348.15,204122,BIOCON
11489,2025-08-12 10:25:00+05:30,348.15,348.25,346.0,346.0,129339,BIOCON
11490,2025-08-12 10:30:00+05:30,346.0,346.95,345.1,346.5,197353,BIOCON
11491,2025-08-12 10:35:00+05:30,346.5,347.8,346.5,347.35,76070,BIOCON
11492,2025-08-12 10:40:00+05:30,347.4,348.3,347.2,347.55,63617,BIOCON
11493,2025-08-12 10:45:00+05:30,347.75,348.0,347.35,347.75,47731,BIOCON
11494,2025-08-12 10:50:00+05:30,347.75,347.8,346.55,346.85,39291,BIOCON
11495,2025-08-12 10:55:00+05:30,347.0,348.5,347.0,348.05,198571,BIOCON
11496,2025-08-12 11:00:00+05:30,348.15,349.65,347.75,347.75,281208,BIOCON
11497,2025-08-12 11:05:00+05:30,347.75,349.85,347.55,348.85,177930,BIOCON
11498,2025-08-12 11:10:00+05:30,348.85,350.5,348.45,350.3,174091,BIOCON
11499,2025-08-12 11:15:00+05:30,350.2,351.55,350.0,351.1,134512,BIOCON
11500,2025-08-12 11:20:00+05:30,351.2,355.5,351.2,354.6,292420,BIOCON
11501,2025-08-12 11:25:00+05:30,354.6,354.6,353.3,354.0,123459,BIOCON
11502,2025-08-12 11:30:00+05:30,353.9,354.0,352.8,353.15,82434,BIOCON
11503,2025-08-12 11:35:00+05:30,353.05,355.45,352.6,354.45,204670,BIOCON
11504,2025-08-12 11:40:00+05:30,354.2,355.2,354.2,354.8,91982,BIOCON
11505,2025-08-12 11:45:00+05:30,354.65,355.2,353.9,354.45,60712,BIOCON
11506,2025-08-12 11:50:00+05:30,354.2,355.4,353.85,354.75,86949,BIOCON
11507,2025-08-12 11:55:00+05:30,354.75,355.25,353.95,354.4,148057,BIOCON
11508,2025-08-12 12:00:00+05:30,354.4,354.5,354.1,354.25,34950,BIOCON
11509,2025-08-12 12:05:00+05:30,354.15,354.3,353.6,353.7,49658,BIOCON
11510,2025-08-12 12:10:00+05:30,353.7,355.4,353.65,355.3,72441,BIOCON
11511,2025-08-12 12:15:00+05:30,355.25,355.5,355.0,355.25,72342,BIOCON
11512,2025-08-12 12:20:00+05:30,355.1,356.3,355.1,355.9,87559,BIOCON
11513,2025-08-12 12:25:00+05:30,355.7,355.9,354.2,354.9,75817,BIOCON
11514,2025-08-12 12:30:00+05:30,354.75,355.8,354.3,355.6,65615,BIOCON
11515,2025-08-12 12:35:00+05:30,355.2,355.8,355.2,355.55,61527,BIOCON
11516,2025-08-12 12:40:00+05:30,355.55,355.65,355.3,355.6,38585,BIOCON
11517,2025-08-12 12:45:00+05:30,355.5,355.6,355.25,355.4,81667,BIOCON
11518,2025-08-12 12:50:00+05:30,355.25,355.9,355.05,355.75,65414,BIOCON
11519,2025-08-12 12:55:00+05:30,355.65,356.05,355.15,355.7,72791,BIOCON
11520,2025-08-12 13:00:00+05:30,355.55,357.5,355.4,356.75,111164,BIOCON
11521,2025-08-12 13:05:00+05:30,356.6,357.4,356.35,357.3,66650,BIOCON
11522,2025-08-12 13:10:00+05:30,357.25,357.45,356.75,356.9,73646,BIOCON
11523,2025-08-12 13:15:00+05:30,356.75,356.95,356.25,356.65,50689,BIOCON
11524,2025-08-12 13:20:00+05:30,356.8,356.8,356.35,356.55,52005,BIOCON
11525,2025-08-12 13:25:00+05:30,356.65,356.7,355.55,356.0,62693,BIOCON
11526,2025-08-12 13:30:00+05:30,356.0,356.8,355.85,355.9,58167,BIOCON
11527,2025-08-12 13:35:00+05:30,356.0,356.6,355.85,356.4,52632,BIOCON
11528,2025-08-12 13:40:00+05:30,356.55,356.55,355.75,356.0,41908,BIOCON
11529,2025-08-12 13:45:00+05:30,356.0,357.0,355.9,356.75,79943,BIOCON
11530,2025-08-12 13:50:00+05:30,356.95,356.95,356.6,356.85,47122,BIOCON
11531,2025-08-12 13:55:00+05:30,356.9,357.0,356.55,356.6,33189,BIOCON
11532,2025-08-12 14:00:00+05:30,356.7,356.75,355.6,355.8,48032,BIOCON
11533,2025-08-12 14:05:00+05:30,355.85,356.0,354.95,355.15,79665,BIOCON
11534,2025-08-12 14:10:00+05:30,355.15,355.3,354.8,355.15,116280,BIOCON
11535,2025-08-12 14:15:00+05:30,355.15,355.15,353.95,354.1,75807,BIOCON
11536,2025-08-12 14:20:00+05:30,354.15,354.45,353.7,354.3,102923,BIOCON
11537,2025-08-12 14:25:00+05:30,354.3,354.8,354.05,354.8,59599,BIOCON
11538,2025-08-12 14:30:00+05:30,354.8,354.8,354.2,354.45,47887,BIOCON
11539,2025-08-12 14:35:00+05:30,354.5,355.3,354.25,355.15,47300,BIOCON
11540,2025-08-12 14:40:00+05:30,355.2,356.0,354.8,355.7,67202,BIOCON
11541,2025-08-12 14:45:00+05:30,355.7,356.05,355.55,355.7,91302,BIOCON
11542,2025-08-12 14:50:00+05:30,355.8,355.8,354.75,355.0,58607,BIOCON
11543,2025-08-12 14:55:00+05:30,355.15,356.0,355.0,356.0,59850,BIOCON
11544,2025-08-12 15:00:00+05:30,356.0,356.2,355.15,355.65,80959,BIOCON
11545,2025-08-12 15:05:00+05:30,355.65,355.65,355.15,355.4,42348,BIOCON
11546,2025-08-12 15:10:00+05:30,355.5,355.5,355.0,355.4,70804,BIOCON
11547,2025-08-12 15:15:00+05:30,355.45,355.45,354.4,354.7,153501,BIOCON
11548,2025-08-12 15:20:00+05:30,354.7,355.0,353.85,354.25,93002,BIOCON
11549,2025-08-12 15:25:00+05:30,354.25,355.0,354.0,354.05,73224,BIOCON
11550,2025-08-13 09:15:00+05:30,355.45,356.9,354.0,356.5,111022,BIOCON
11551,2025-08-13 09:20:00+05:30,356.75,356.9,355.45,356.4,38605,BIOCON
11552,2025-08-13 09:25:00+05:30,356.35,356.6,355.7,355.95,31970,BIOCON
11553,2025-08-13 09:30:00+05:30,355.75,356.35,355.15,355.95,32670,BIOCON
11554,2025-08-13 09:35:00+05:30,355.95,356.85,355.95,356.25,20181,BIOCON
11555,2025-08-13 09:40:00+05:30,356.25,356.45,355.8,355.95,26234,BIOCON
11556,2025-08-13 09:45:00+05:30,356.1,356.55,356.1,356.2,5828,BIOCON
11557,2025-08-13 09:50:00+05:30,356.3,356.3,355.5,356.0,25390,BIOCON
11558,2025-08-13 09:55:00+05:30,356.0,356.0,355.45,355.65,9131,BIOCON
11559,2025-08-13 10:00:00+05:30,355.65,355.7,355.05,355.4,25768,BIOCON
11560,2025-08-13 10:05:00+05:30,355.45,356.0,355.0,355.55,30845,BIOCON
11561,2025-08-13 10:10:00+05:30,355.65,355.9,354.75,355.85,19776,BIOCON
11562,2025-08-13 10:15:00+05:30,355.9,356.9,355.65,355.75,31852,BIOCON
11563,2025-08-13 10:20:00+05:30,355.7,356.0,355.3,355.85,13303,BIOCON
11564,2025-08-13 10:25:00+05:30,355.85,356.0,355.55,355.55,5762,BIOCON
11565,2025-08-13 10:30:00+05:30,355.55,355.75,354.7,354.95,13678,BIOCON
11566,2025-08-13 10:35:00+05:30,354.85,354.95,354.2,354.7,16751,BIOCON
11567,2025-08-13 10:40:00+05:30,354.65,354.7,354.05,354.4,13869,BIOCON
11568,2025-08-13 10:45:00+05:30,354.4,354.4,354.0,354.35,9001,BIOCON
11569,2025-08-13 10:50:00+05:30,354.35,354.8,354.25,354.6,6054,BIOCON
11570,2025-08-13 10:55:00+05:30,354.5,354.6,354.0,354.3,10647,BIOCON
11571,2025-08-13 11:00:00+05:30,354.3,357.15,354.3,357.1,136824,BIOCON
11572,2025-08-13 11:05:00+05:30,357.15,357.6,356.85,357.15,44834,BIOCON
11573,2025-08-13 11:10:00+05:30,357.1,357.4,356.9,357.25,27789,BIOCON
11574,2025-08-13 11:15:00+05:30,357.25,358.4,357.05,358.0,34497,BIOCON
11575,2025-08-13 11:20:00+05:30,357.8,358.15,357.1,357.45,48504,BIOCON
11576,2025-08-13 11:25:00+05:30,357.45,357.65,357.0,357.4,17899,BIOCON
11577,2025-08-13 11:30:00+05:30,357.25,357.45,357.05,357.1,13011,BIOCON
11578,2025-08-13 11:35:00+05:30,357.1,357.25,356.85,357.15,19633,BIOCON
11579,2025-08-13 11:40:00+05:30,357.15,357.15,356.95,357.0,15938,BIOCON
11580,2025-08-13 11:45:00+05:30,357.05,357.65,357.0,357.65,10886,BIOCON
11581,2025-08-13 11:50:00+05:30,357.7,357.7,357.1,357.35,8973,BIOCON
11582,2025-08-13 11:55:00+05:30,357.5,357.5,356.75,357.0,50177,BIOCON
11583,2025-08-13 12:00:00+05:30,357.05,358.4,356.65,358.4,164020,BIOCON
11584,2025-08-13 12:05:00+05:30,358.4,358.85,358.15,358.4,38368,BIOCON
11585,2025-08-13 12:10:00+05:30,358.55,358.9,358.25,358.55,59075,BIOCON
11586,2025-08-13 12:15:00+05:30,358.55,359.5,358.55,359.15,58695,BIOCON
11587,2025-08-13 12:20:00+05:30,359.2,359.8,358.85,359.6,55847,BIOCON
11588,2025-08-13 12:25:00+05:30,359.6,360.2,359.3,360.1,35520,BIOCON
11589,2025-08-13 12:30:00+05:30,360.1,360.4,360.0,360.3,53430,BIOCON
11590,2025-08-13 12:35:00+05:30,360.3,360.8,360.15,360.2,34539,BIOCON
11591,2025-08-13 12:40:00+05:30,360.35,360.85,360.2,360.7,111739,BIOCON
11592,2025-08-13 12:45:00+05:30,360.6,360.75,360.1,360.4,25870,BIOCON
11593,2025-08-13 12:50:00+05:30,360.4,360.4,360.1,360.2,8152,BIOCON
11594,2025-08-13 12:55:00+05:30,360.15,360.45,360.0,360.2,25040,BIOCON
11595,2025-08-13 13:00:00+05:30,360.1,360.25,360.0,360.1,17882,BIOCON
11596,2025-08-13 13:05:00+05:30,360.1,360.25,360.0,360.1,29287,BIOCON
11597,2025-08-13 13:10:00+05:30,360.0,360.1,359.45,359.65,35695,BIOCON
11598,2025-08-13 13:15:00+05:30,359.55,360.0,359.45,359.8,13145,BIOCON
11599,2025-08-13 13:20:00+05:30,359.8,360.45,359.3,360.15,56545,BIOCON
11600,2025-08-13 13:25:00+05:30,360.0,360.45,359.15,360.05,36481,BIOCON
11601,2025-08-13 13:30:00+05:30,360.0,360.15,359.95,360.1,3230,BIOCON
11602,2025-08-13 13:35:00+05:30,360.1,361.0,360.05,360.65,35999,BIOCON
11603,2025-08-13 13:40:00+05:30,360.7,360.75,360.6,360.7,3712,BIOCON
11604,2025-08-13 13:45:00+05:30,360.7,360.7,360.5,360.55,3244,BIOCON
11605,2025-08-13 13:50:00+05:30,360.5,360.65,360.25,360.6,9081,BIOCON
11606,2025-08-13 13:55:00+05:30,360.6,360.7,360.3,360.4,4795,BIOCON
11607,2025-08-13 14:00:00+05:30,360.3,360.45,360.0,360.1,9857,BIOCON
11608,2025-08-13 14:05:00+05:30,360.1,360.35,360.1,360.3,5898,BIOCON
11609,2025-08-13 14:10:00+05:30,360.3,360.4,360.15,360.15,8904,BIOCON
11610,2025-08-13 14:15:00+05:30,360.3,360.5,360.25,360.5,7203,BIOCON
11611,2025-08-13 14:20:00+05:30,360.5,360.6,360.1,360.2,27459,BIOCON
11612,2025-08-13 14:25:00+05:30,360.1,360.25,360.0,360.15,5918,BIOCON
11613,2025-08-13 14:30:00+05:30,360.05,360.6,360.05,360.5,10590,BIOCON
11614,2025-08-13 14:35:00+05:30,360.4,361.25,360.4,360.95,27631,BIOCON
11615,2025-08-13 14:40:00+05:30,360.9,360.95,360.3,360.4,16813,BIOCON
11616,2025-08-13 14:45:00+05:30,360.3,360.45,360.05,360.3,14159,BIOCON
11617,2025-08-13 14:50:00+05:30,360.25,360.35,359.7,360.0,34466,BIOCON
11618,2025-08-13 14:55:00+05:30,360.0,360.6,360.0,360.3,23585,BIOCON
11619,2025-08-13 15:00:00+05:30,360.45,360.5,360.0,360.05,80324,BIOCON
11620,2025-08-13 15:05:00+05:30,360.1,360.45,360.0,360.45,32285,BIOCON
11621,2025-08-13 15:10:00+05:30,360.45,360.8,360.3,360.7,27642,BIOCON
11622,2025-08-13 15:15:00+05:30,360.65,360.75,360.0,360.25,66656,BIOCON
11623,2025-08-13 15:20:00+05:30,360.1,360.25,360.0,360.25,45653,BIOCON
11624,2025-08-13 15:25:00+05:30,360.15,361.9,359.6,361.8,85639,BIOCON
11625,2025-08-14 09:15:00+05:30,361.0,367.5,361.0,367.2,176985,BIOCON
11626,2025-08-14 09:20:00+05:30,367.15,367.5,365.8,366.85,149393,BIOCON
11627,2025-08-14 09:25:00+05:30,366.85,368.0,365.9,367.0,149812,BIOCON
11628,2025-08-14 09:30:00+05:30,367.05,367.85,365.35,365.5,110777,BIOCON
11629,2025-08-14 09:35:00+05:30,365.5,367.45,364.85,366.1,139949,BIOCON
11630,2025-08-14 09:40:00+05:30,366.2,366.2,363.55,364.15,99233,BIOCON
11631,2025-08-14 09:45:00+05:30,364.35,365.0,363.3,363.95,68010,BIOCON
11632,2025-08-14 09:50:00+05:30,364.2,364.35,363.25,363.5,40810,BIOCON
11633,2025-08-14 09:55:00+05:30,363.35,363.45,362.0,362.15,48709,BIOCON
11634,2025-08-14 10:00:00+05:30,362.2,362.2,360.5,360.65,65128,BIOCON
11635,2025-08-14 10:05:00+05:30,360.8,361.55,360.55,360.9,26272,BIOCON
11636,2025-08-14 10:10:00+05:30,361.0,361.15,360.3,360.85,34282,BIOCON
11637,2025-08-14 10:15:00+05:30,360.85,361.75,360.8,361.75,12956,BIOCON
11638,2025-08-14 10:20:00+05:30,361.75,362.8,361.4,361.9,41407,BIOCON
11639,2025-08-14 10:25:00+05:30,361.95,362.4,361.7,361.95,12013,BIOCON
11640,2025-08-14 10:30:00+05:30,361.8,361.9,361.3,361.3,11843,BIOCON
11641,2025-08-14 10:35:00+05:30,361.35,361.65,361.2,361.5,5407,BIOCON
11642,2025-08-14 10:40:00+05:30,361.45,361.65,361.05,361.25,13545,BIOCON
11643,2025-08-14 10:45:00+05:30,361.2,361.75,361.05,361.75,5690,BIOCON
11644,2025-08-14 10:50:00+05:30,361.75,362.1,361.35,361.4,17486,BIOCON
11645,2025-08-14 10:55:00+05:30,361.55,361.65,360.5,360.75,56126,BIOCON
11646,2025-08-14 11:00:00+05:30,360.7,361.15,359.9,360.45,24274,BIOCON
11647,2025-08-14 11:05:00+05:30,360.4,360.4,359.65,360.05,18977,BIOCON
11648,2025-08-14 11:10:00+05:30,360.0,360.3,359.25,359.35,24399,BIOCON
11649,2025-08-14 11:15:00+05:30,359.3,360.1,359.05,360.0,14481,BIOCON
11650,2025-08-14 11:20:00+05:30,359.95,360.15,359.25,359.4,28357,BIOCON
11651,2025-08-14 11:25:00+05:30,359.25,359.35,358.5,359.1,20168,BIOCON
11652,2025-08-14 11:30:00+05:30,359.1,359.6,358.75,359.35,6796,BIOCON
11653,2025-08-14 11:35:00+05:30,359.3,359.8,359.25,359.7,9002,BIOCON
11654,2025-08-14 11:40:00+05:30,359.7,359.75,359.1,359.15,4160,BIOCON
11655,2025-08-14 11:45:00+05:30,359.15,359.25,358.65,358.85,9601,BIOCON
11656,2025-08-14 11:50:00+05:30,358.85,359.2,358.75,359.2,3845,BIOCON
11657,2025-08-14 11:55:00+05:30,359.15,359.45,358.9,359.0,4650,BIOCON
11658,2025-08-14 12:00:00+05:30,359.0,359.4,358.75,358.95,7914,BIOCON
11659,2025-08-14 12:05:00+05:30,358.95,359.0,358.5,358.85,12049,BIOCON
11660,2025-08-14 12:10:00+05:30,358.85,359.25,358.65,358.8,11532,BIOCON
11661,2025-08-14 12:15:00+05:30,358.8,359.0,358.7,358.7,5544,BIOCON
11662,2025-08-14 12:20:00+05:30,358.9,358.9,358.6,358.6,4077,BIOCON
11663,2025-08-14 12:25:00+05:30,358.6,359.0,358.15,358.9,26469,BIOCON
11664,2025-08-14 12:30:00+05:30,359.0,359.1,358.75,358.75,3471,BIOCON
11665,2025-08-14 12:35:00+05:30,358.9,358.9,358.6,358.7,3097,BIOCON
11666,2025-08-14 12:40:00+05:30,358.7,358.7,358.2,358.65,4144,BIOCON
11667,2025-08-14 12:45:00+05:30,358.6,358.65,358.3,358.55,3616,BIOCON
11668,2025-08-14 12:50:00+05:30,358.45,358.8,358.45,358.8,4078,BIOCON
11669,2025-08-14 12:55:00+05:30,358.75,359.3,358.75,358.8,8529,BIOCON
11670,2025-08-14 13:00:00+05:30,358.8,359.15,358.5,359.15,9815,BIOCON
11671,2025-08-14 13:05:00+05:30,359.0,360.3,358.85,359.95,36201,BIOCON
11672,2025-08-14 13:10:00+05:30,359.95,360.0,359.4,359.6,15317,BIOCON
11673,2025-08-14 13:15:00+05:30,359.6,359.8,359.45,359.5,4687,BIOCON
11674,2025-08-14 13:20:00+05:30,359.5,359.65,359.05,359.05,2503,BIOCON
11675,2025-08-14 13:25:00+05:30,359.05,359.35,358.6,359.05,9751,BIOCON
11676,2025-08-14 13:30:00+05:30,358.8,359.4,358.75,359.2,3563,BIOCON
11677,2025-08-14 13:35:00+05:30,359.2,359.95,359.2,359.95,3671,BIOCON
11678,2025-08-14 13:40:00+05:30,359.8,360.75,359.6,360.3,24212,BIOCON
11679,2025-08-14 13:45:00+05:30,360.4,360.7,360.3,360.35,3707,BIOCON
11680,2025-08-14 13:50:00+05:30,360.4,361.8,360.0,361.4,67827,BIOCON
11681,2025-08-14 13:55:00+05:30,361.4,361.95,361.25,361.45,16261,BIOCON
11682,2025-08-14 14:00:00+05:30,361.45,361.8,360.45,360.65,16108,BIOCON
11683,2025-08-14 14:05:00+05:30,360.6,361.25,360.45,361.0,5229,BIOCON
11684,2025-08-14 14:10:00+05:30,361.0,361.25,360.7,360.8,6920,BIOCON
11685,2025-08-14 14:15:00+05:30,360.8,360.95,360.2,360.25,8602,BIOCON
11686,2025-08-14 14:20:00+05:30,360.4,360.6,360.1,360.25,7822,BIOCON
11687,2025-08-14 14:25:00+05:30,360.25,360.25,359.65,360.05,32371,BIOCON
11688,2025-08-14 14:30:00+05:30,360.05,360.3,359.45,360.2,9007,BIOCON
11689,2025-08-14 14:35:00+05:30,360.2,360.6,360.15,360.3,5435,BIOCON
11690,2025-08-14 14:40:00+05:30,360.3,360.55,360.3,360.4,5263,BIOCON
11691,2025-08-14 14:45:00+05:30,360.3,360.7,360.3,360.7,7765,BIOCON
11692,2025-08-14 14:50:00+05:30,360.7,360.7,360.15,360.55,8701,BIOCON
11693,2025-08-14 14:55:00+05:30,360.55,360.6,359.9,360.1,7145,BIOCON
11694,2025-08-14 15:00:00+05:30,360.25,360.4,359.05,359.3,75819,BIOCON
11695,2025-08-14 15:05:00+05:30,359.3,359.75,358.4,359.4,182663,BIOCON
11696,2025-08-14 15:10:00+05:30,359.45,359.95,359.2,359.6,65932,BIOCON
11697,2025-08-14 15:15:00+05:30,359.6,359.9,358.85,359.55,142258,BIOCON
11698,2025-08-14 15:20:00+05:30,359.55,359.6,358.85,359.2,115751,BIOCON
11699,2025-08-14 15:25:00+05:30,359.2,359.75,358.75,359.1,75244,BIOCON
11700,2025-08-18 09:15:00+05:30,363.0,363.0,359.9,361.6,120979,BIOCON
11701,2025-08-18 09:20:00+05:30,361.65,362.95,361.6,361.65,84672,BIOCON
11702,2025-08-18 09:25:00+05:30,361.35,362.25,361.1,362.2,27420,BIOCON
11703,2025-08-18 09:30:00+05:30,362.25,362.25,361.7,362.25,23802,BIOCON
11704,2025-08-18 09:35:00+05:30,362.05,362.7,361.95,362.5,23852,BIOCON
11705,2025-08-18 09:40:00+05:30,362.55,363.4,362.25,363.4,35074,BIOCON
11706,2025-08-18 09:45:00+05:30,363.4,364.0,363.1,363.95,17202,BIOCON
11707,2025-08-18 09:50:00+05:30,363.95,364.0,363.0,363.35,32128,BIOCON
11708,2025-08-18 09:55:00+05:30,363.35,363.55,362.9,363.2,31596,BIOCON
11709,2025-08-18 10:00:00+05:30,363.2,364.0,363.05,363.85,27681,BIOCON
11710,2025-08-18 10:05:00+05:30,363.95,364.0,363.7,363.85,13557,BIOCON
11711,2025-08-18 10:10:00+05:30,363.8,364.15,363.6,363.7,16990,BIOCON
11712,2025-08-18 10:15:00+05:30,363.65,363.95,363.6,363.95,6330,BIOCON
11713,2025-08-18 10:20:00+05:30,363.8,363.9,363.15,363.45,23525,BIOCON
11714,2025-08-18 10:25:00+05:30,363.45,363.9,363.35,363.75,9258,BIOCON
11715,2025-08-18 10:30:00+05:30,363.75,363.85,363.5,363.6,8207,BIOCON
11716,2025-08-18 10:35:00+05:30,363.65,364.2,363.6,363.9,20798,BIOCON
11717,2025-08-18 10:40:00+05:30,363.9,364.1,363.5,363.65,13003,BIOCON
11718,2025-08-18 10:45:00+05:30,363.65,364.1,363.3,364.0,12375,BIOCON
11719,2025-08-18 10:50:00+05:30,364.0,364.05,363.35,363.35,9707,BIOCON
11720,2025-08-18 10:55:00+05:30,363.4,363.6,363.25,363.45,12810,BIOCON
11721,2025-08-18 11:00:00+05:30,363.45,363.6,363.4,363.6,6387,BIOCON
11722,2025-08-18 11:05:00+05:30,363.6,363.7,363.3,363.7,8954,BIOCON
11723,2025-08-18 11:10:00+05:30,363.7,363.75,363.25,363.45,7563,BIOCON
11724,2025-08-18 11:15:00+05:30,363.45,363.45,362.65,362.65,19056,BIOCON
11725,2025-08-18 11:20:00+05:30,362.75,362.85,362.25,362.5,24089,BIOCON
11726,2025-08-18 11:25:00+05:30,362.4,362.6,362.0,362.0,28929,BIOCON
11727,2025-08-18 11:30:00+05:30,362.15,362.35,360.35,360.65,85547,BIOCON
11728,2025-08-18 11:35:00+05:30,360.7,361.3,360.7,361.0,34973,BIOCON
11729,2025-08-18 11:40:00+05:30,361.0,361.2,360.8,361.1,23973,BIOCON
11730,2025-08-18 11:45:00+05:30,361.25,361.95,361.0,361.05,27574,BIOCON
11731,2025-08-18 11:50:00+05:30,361.3,361.3,361.0,361.25,29826,BIOCON
11732,2025-08-18 11:55:00+05:30,361.2,361.55,361.2,361.55,5955,BIOCON
11733,2025-08-18 12:00:00+05:30,361.4,361.65,361.4,361.55,4674,BIOCON
11734,2025-08-18 12:05:00+05:30,361.55,361.6,361.3,361.4,8185,BIOCON
11735,2025-08-18 12:10:00+05:30,361.5,362.75,361.15,362.75,36728,BIOCON
11736,2025-08-18 12:15:00+05:30,362.75,363.9,362.65,363.5,80107,BIOCON
11737,2025-08-18 12:20:00+05:30,363.5,364.0,363.45,364.0,27985,BIOCON
11738,2025-08-18 12:25:00+05:30,364.0,365.9,363.5,365.4,177849,BIOCON
11739,2025-08-18 12:30:00+05:30,365.4,365.75,364.8,365.65,32571,BIOCON
11740,2025-08-18 12:35:00+05:30,365.65,366.35,365.3,365.8,63802,BIOCON
11741,2025-08-18 12:40:00+05:30,365.9,366.35,365.7,366.25,33373,BIOCON
11742,2025-08-18 12:45:00+05:30,366.2,366.3,365.55,365.9,35721,BIOCON
11743,2025-08-18 12:50:00+05:30,365.95,366.25,365.75,365.9,30796,BIOCON
11744,2025-08-18 12:55:00+05:30,365.9,366.1,365.8,366.0,26677,BIOCON
11745,2025-08-18 13:00:00+05:30,365.9,366.2,365.65,366.1,35080,BIOCON
11746,2025-08-18 13:05:00+05:30,366.1,366.1,365.35,365.55,42453,BIOCON
11747,2025-08-18 13:10:00+05:30,365.55,365.55,364.4,364.45,36082,BIOCON
11748,2025-08-18 13:15:00+05:30,364.35,364.5,363.4,364.5,25626,BIOCON
11749,2025-08-18 13:20:00+05:30,364.65,364.7,363.65,364.0,19656,BIOCON
11750,2025-08-18 13:25:00+05:30,364.0,364.25,363.9,364.1,5811,BIOCON
11751,2025-08-18 13:30:00+05:30,364.2,364.3,364.0,364.1,9878,BIOCON
11752,2025-08-18 13:35:00+05:30,364.1,364.4,364.05,364.3,7642,BIOCON
11753,2025-08-18 13:40:00+05:30,364.2,364.5,364.1,364.15,5165,BIOCON
11754,2025-08-18 13:45:00+05:30,364.15,364.45,364.15,364.25,7399,BIOCON
11755,2025-08-18 13:50:00+05:30,364.25,364.25,364.15,364.15,3767,BIOCON
11756,2025-08-18 13:55:00+05:30,364.2,364.3,364.0,364.3,18716,BIOCON
11757,2025-08-18 14:00:00+05:30,364.3,365.2,364.0,365.15,33444,BIOCON
11758,2025-08-18 14:05:00+05:30,365.15,365.45,365.0,365.15,43431,BIOCON
11759,2025-08-18 14:10:00+05:30,365.1,365.25,364.85,365.1,28577,BIOCON
11760,2025-08-18 14:15:00+05:30,365.0,365.3,365.0,365.05,18707,BIOCON
11761,2025-08-18 14:20:00+05:30,365.05,365.2,365.0,365.2,5392,BIOCON
11762,2025-08-18 14:25:00+05:30,365.2,365.3,365.15,365.25,1908,BIOCON
11763,2025-08-18 14:30:00+05:30,365.3,365.55,365.05,365.1,26831,BIOCON
11764,2025-08-18 14:35:00+05:30,365.1,365.3,365.0,365.05,8626,BIOCON
11765,2025-08-18 14:40:00+05:30,365.05,365.35,365.0,365.35,6934,BIOCON
11766,2025-08-18 14:45:00+05:30,365.3,365.7,365.15,365.65,21646,BIOCON
11767,2025-08-18 14:50:00+05:30,365.65,365.65,364.85,365.45,20516,BIOCON
11768,2025-08-18 14:55:00+05:30,365.5,365.6,365.15,365.4,13264,BIOCON
11769,2025-08-18 15:00:00+05:30,365.4,365.4,364.85,365.1,71647,BIOCON
11770,2025-08-18 15:05:00+05:30,365.1,365.1,364.0,364.2,39553,BIOCON
11771,2025-08-18 15:10:00+05:30,364.2,364.5,364.0,364.25,30669,BIOCON
11772,2025-08-18 15:15:00+05:30,364.35,364.35,363.7,363.95,42033,BIOCON
11773,2025-08-18 15:20:00+05:30,363.9,364.0,363.5,363.9,49955,BIOCON
11774,2025-08-18 15:25:00+05:30,363.8,364.0,363.4,363.9,30842,BIOCON
11775,2025-08-19 09:15:00+05:30,366.5,366.5,362.4,365.2,50593,BIOCON
11776,2025-08-19 09:20:00+05:30,365.45,365.55,364.15,364.3,12924,BIOCON
11777,2025-08-19 09:25:00+05:30,364.3,364.35,363.05,363.05,26635,BIOCON
11778,2025-08-19 09:30:00+05:30,363.15,363.15,362.15,362.35,34792,BIOCON
11779,2025-08-19 09:35:00+05:30,362.3,362.45,361.65,361.85,25707,BIOCON
11780,2025-08-19 09:40:00+05:30,361.8,362.25,361.5,361.8,20171,BIOCON
11781,2025-08-19 09:45:00+05:30,361.8,362.55,361.8,362.55,4449,BIOCON
11782,2025-08-19 09:50:00+05:30,362.55,363.5,362.55,363.3,13967,BIOCON
11783,2025-08-19 09:55:00+05:30,363.3,363.3,362.75,363.25,20038,BIOCON
11784,2025-08-19 10:00:00+05:30,363.15,364.55,363.15,364.25,29052,BIOCON
11785,2025-08-19 10:05:00+05:30,364.45,365.4,364.3,365.25,31279,BIOCON
11786,2025-08-19 10:10:00+05:30,365.25,365.35,364.9,365.25,5204,BIOCON
11787,2025-08-19 10:15:00+05:30,365.3,365.6,365.05,365.15,4942,BIOCON
11788,2025-08-19 10:20:00+05:30,365.15,365.5,365.15,365.2,15413,BIOCON
11789,2025-08-19 10:25:00+05:30,365.2,365.35,364.65,364.8,10262,BIOCON
11790,2025-08-19 10:30:00+05:30,364.95,365.45,364.8,365.4,4707,BIOCON
11791,2025-08-19 10:35:00+05:30,365.4,365.8,365.1,365.25,7537,BIOCON
11792,2025-08-19 10:40:00+05:30,365.35,365.5,365.1,365.25,7377,BIOCON
11793,2025-08-19 10:45:00+05:30,365.4,366.25,365.25,366.1,13523,BIOCON
11794,2025-08-19 10:50:00+05:30,366.15,366.15,364.95,364.95,12671,BIOCON
11795,2025-08-19 10:55:00+05:30,365.1,365.2,364.6,364.8,5790,BIOCON
11796,2025-08-19 11:00:00+05:30,364.75,365.4,364.75,365.0,6268,BIOCON
11797,2025-08-19 11:05:00+05:30,365.1,365.1,364.45,364.85,8391,BIOCON
11798,2025-08-19 11:10:00+05:30,365.05,365.05,364.7,364.7,1685,BIOCON
11799,2025-08-19 11:15:00+05:30,364.95,365.0,363.65,363.8,19995,BIOCON
11800,2025-08-19 11:20:00+05:30,363.9,364.75,363.9,364.7,10239,BIOCON
11801,2025-08-19 11:25:00+05:30,364.7,364.85,364.2,364.65,9640,BIOCON
11802,2025-08-19 11:30:00+05:30,364.8,364.9,364.55,364.6,2901,BIOCON
11803,2025-08-19 11:35:00+05:30,364.6,365.75,364.35,364.35,57180,BIOCON
11804,2025-08-19 11:40:00+05:30,364.5,364.5,363.05,363.25,26436,BIOCON
11805,2025-08-19 11:45:00+05:30,363.45,364.1,363.4,363.9,12405,BIOCON
11806,2025-08-19 11:50:00+05:30,363.75,364.2,363.75,364.0,2741,BIOCON
11807,2025-08-19 11:55:00+05:30,364.15,364.15,363.7,363.9,6709,BIOCON
11808,2025-08-19 12:00:00+05:30,363.9,364.05,363.5,363.75,6347,BIOCON
11809,2025-08-19 12:05:00+05:30,363.6,363.7,363.3,363.4,4624,BIOCON
11810,2025-08-19 12:10:00+05:30,363.4,363.4,362.5,362.7,29789,BIOCON
11811,2025-08-19 12:15:00+05:30,362.55,362.95,362.55,362.75,9181,BIOCON
11812,2025-08-19 12:20:00+05:30,362.75,363.95,362.6,363.8,10251,BIOCON
11813,2025-08-19 12:25:00+05:30,363.8,363.9,363.35,363.35,6249,BIOCON
11814,2025-08-19 12:30:00+05:30,363.3,364.35,363.3,363.85,22048,BIOCON
11815,2025-08-19 12:35:00+05:30,363.9,364.35,363.9,364.2,2892,BIOCON
11816,2025-08-19 12:40:00+05:30,364.2,364.2,363.85,364.0,3120,BIOCON
11817,2025-08-19 12:45:00+05:30,364.0,364.2,363.65,363.9,12818,BIOCON
11818,2025-08-19 12:50:00+05:30,363.9,363.9,363.7,363.9,4348,BIOCON
11819,2025-08-19 12:55:00+05:30,363.75,363.9,363.75,363.85,953,BIOCON
11820,2025-08-19 13:00:00+05:30,363.85,363.9,363.7,363.7,652,BIOCON
11821,2025-08-19 13:05:00+05:30,363.7,363.9,363.6,363.9,3146,BIOCON
11822,2025-08-19 13:10:00+05:30,363.9,364.1,363.8,363.95,3655,BIOCON
11823,2025-08-19 13:15:00+05:30,363.95,364.4,363.8,364.1,3053,BIOCON
11824,2025-08-19 13:20:00+05:30,364.1,364.2,363.95,364.15,890,BIOCON
11825,2025-08-19 13:25:00+05:30,364.15,364.3,364.0,364.3,2352,BIOCON
11826,2025-08-19 13:30:00+05:30,364.3,364.5,364.1,364.3,5539,BIOCON
11827,2025-08-19 13:35:00+05:30,364.25,364.5,364.25,364.35,4886,BIOCON
11828,2025-08-19 13:40:00+05:30,364.35,364.4,364.05,364.35,25610,BIOCON
11829,2025-08-19 13:45:00+05:30,364.35,364.85,364.3,364.7,5221,BIOCON
11830,2025-08-19 13:50:00+05:30,364.7,364.7,364.25,364.5,1800,BIOCON
11831,2025-08-19 13:55:00+05:30,364.4,364.45,363.65,363.95,24233,BIOCON
11832,2025-08-19 14:00:00+05:30,364.0,364.2,363.75,363.75,2630,BIOCON
11833,2025-08-19 14:05:00+05:30,363.85,363.95,363.2,363.25,9368,BIOCON
11834,2025-08-19 14:10:00+05:30,363.45,364.1,363.4,363.8,6295,BIOCON
11835,2025-08-19 14:15:00+05:30,363.75,364.2,363.45,364.1,6669,BIOCON
11836,2025-08-19 14:20:00+05:30,364.1,364.2,363.75,364.1,3730,BIOCON
11837,2025-08-19 14:25:00+05:30,364.1,364.5,364.1,364.15,6252,BIOCON
11838,2025-08-19 14:30:00+05:30,364.15,364.35,363.7,364.0,10416,BIOCON
11839,2025-08-19 14:35:00+05:30,364.0,364.45,363.8,364.45,6743,BIOCON
11840,2025-08-19 14:40:00+05:30,364.4,364.55,364.15,364.5,6663,BIOCON
11841,2025-08-19 14:45:00+05:30,364.5,364.55,363.45,363.8,28659,BIOCON
11842,2025-08-19 14:50:00+05:30,363.95,364.0,363.55,363.6,10073,BIOCON
11843,2025-08-19 14:55:00+05:30,363.6,364.0,363.5,364.0,13119,BIOCON
11844,2025-08-19 15:00:00+05:30,364.0,364.5,363.95,364.5,62218,BIOCON
11845,2025-08-19 15:05:00+05:30,364.5,364.55,364.0,364.4,16858,BIOCON
11846,2025-08-19 15:10:00+05:30,364.3,364.3,363.8,363.95,21426,BIOCON
11847,2025-08-19 15:15:00+05:30,363.95,364.15,363.75,364.1,18155,BIOCON
11848,2025-08-19 15:20:00+05:30,364.15,364.15,363.45,363.6,23126,BIOCON
11849,2025-08-19 15:25:00+05:30,363.5,363.9,363.05,363.2,56963,BIOCON
11850,2025-08-20 09:15:00+05:30,363.85,365.05,361.5,362.15,53422,BIOCON
11851,2025-08-20 09:20:00+05:30,362.15,362.4,361.0,361.45,42779,BIOCON
11852,2025-08-20 09:25:00+05:30,361.2,361.5,360.8,360.85,20092,BIOCON
11853,2025-08-20 09:30:00+05:30,360.85,360.95,359.65,360.3,26714,BIOCON
11854,2025-08-20 09:35:00+05:30,360.25,360.7,359.9,359.9,21086,BIOCON
11855,2025-08-20 09:40:00+05:30,359.95,360.05,359.05,359.5,40784,BIOCON
11856,2025-08-20 09:45:00+05:30,359.5,360.4,359.3,360.35,25109,BIOCON
11857,2025-08-20 09:50:00+05:30,360.35,360.75,359.3,359.35,21820,BIOCON
11858,2025-08-20 09:55:00+05:30,359.6,359.6,358.5,359.1,40415,BIOCON
11859,2025-08-20 10:00:00+05:30,359.1,359.2,358.3,359.0,23767,BIOCON
11860,2025-08-20 10:05:00+05:30,358.75,359.65,358.4,359.25,25867,BIOCON
11861,2025-08-20 10:10:00+05:30,359.25,359.45,359.05,359.45,6586,BIOCON
11862,2025-08-20 10:15:00+05:30,359.4,359.4,358.95,359.3,8607,BIOCON
11863,2025-08-20 10:20:00+05:30,359.3,359.45,359.0,359.35,9628,BIOCON
11864,2025-08-20 10:25:00+05:30,359.25,359.45,359.1,359.25,8540,BIOCON
11865,2025-08-20 10:30:00+05:30,359.25,359.95,359.1,359.95,18355,BIOCON
11866,2025-08-20 10:35:00+05:30,359.85,361.85,359.85,361.4,38318,BIOCON
11867,2025-08-20 10:40:00+05:30,361.4,361.45,360.6,360.7,13418,BIOCON
11868,2025-08-20 10:45:00+05:30,360.7,361.05,360.2,360.2,10361,BIOCON
11869,2025-08-20 10:50:00+05:30,360.35,361.1,360.0,360.65,21976,BIOCON
11870,2025-08-20 10:55:00+05:30,360.6,361.0,360.6,360.8,7605,BIOCON
11871,2025-08-20 11:00:00+05:30,360.8,360.85,360.1,360.5,4059,BIOCON
11872,2025-08-20 11:05:00+05:30,360.35,360.85,360.2,360.85,7469,BIOCON
11873,2025-08-20 11:10:00+05:30,360.75,361.35,360.6,361.25,9956,BIOCON
11874,2025-08-20 11:15:00+05:30,361.25,361.45,360.85,360.85,16467,BIOCON
11875,2025-08-20 11:20:00+05:30,360.8,361.2,360.65,361.15,2435,BIOCON
11876,2025-08-20 11:25:00+05:30,361.05,361.35,360.85,361.3,4438,BIOCON
11877,2025-08-20 11:30:00+05:30,361.3,361.75,361.15,361.5,11511,BIOCON
11878,2025-08-20 11:35:00+05:30,361.45,361.5,360.55,360.7,16241,BIOCON
11879,2025-08-20 11:40:00+05:30,360.65,361.3,360.45,360.45,9057,BIOCON
11880,2025-08-20 11:45:00+05:30,360.55,360.75,360.15,360.4,8153,BIOCON
11881,2025-08-20 11:50:00+05:30,360.4,360.45,360.05,360.45,10195,BIOCON
11882,2025-08-20 11:55:00+05:30,360.05,360.2,359.7,359.9,11073,BIOCON
11883,2025-08-20 12:00:00+05:30,359.95,360.0,359.6,359.9,8050,BIOCON
11884,2025-08-20 12:05:00+05:30,359.9,359.95,359.55,359.65,5208,BIOCON
11885,2025-08-20 12:10:00+05:30,359.7,359.75,359.35,359.65,6523,BIOCON
11886,2025-08-20 12:15:00+05:30,359.55,360.0,359.55,360.0,3187,BIOCON
11887,2025-08-20 12:20:00+05:30,359.9,360.9,359.85,360.85,18972,BIOCON
11888,2025-08-20 12:25:00+05:30,360.85,360.85,360.2,360.8,11657,BIOCON
11889,2025-08-20 12:30:00+05:30,360.8,361.35,360.7,360.9,13197,BIOCON
11890,2025-08-20 12:35:00+05:30,361.0,361.05,360.65,360.65,4884,BIOCON
11891,2025-08-20 12:40:00+05:30,360.65,360.7,360.3,360.45,3285,BIOCON
11892,2025-08-20 12:45:00+05:30,360.65,360.65,360.45,360.65,695,BIOCON
11893,2025-08-20 12:50:00+05:30,360.6,360.95,360.45,360.7,3980,BIOCON
11894,2025-08-20 12:55:00+05:30,360.7,361.05,360.65,360.85,5335,BIOCON
11895,2025-08-20 13:00:00+05:30,361.0,361.35,360.75,361.2,13588,BIOCON
11896,2025-08-20 13:05:00+05:30,361.2,361.35,361.05,361.05,8788,BIOCON
11897,2025-08-20 13:10:00+05:30,361.05,361.05,360.7,360.75,5194,BIOCON
11898,2025-08-20 13:15:00+05:30,360.9,360.95,360.65,360.9,2628,BIOCON
11899,2025-08-20 13:20:00+05:30,360.85,360.95,360.05,360.05,3930,BIOCON
11900,2025-08-20 13:25:00+05:30,360.05,360.25,359.75,360.0,4405,BIOCON
11901,2025-08-20 13:30:00+05:30,359.85,360.35,359.85,359.85,7047,BIOCON
11902,2025-08-20 13:35:00+05:30,359.85,360.3,359.85,360.15,12442,BIOCON
11903,2025-08-20 13:40:00+05:30,360.2,360.55,360.1,360.5,1889,BIOCON
11904,2025-08-20 13:45:00+05:30,360.5,360.7,360.45,360.45,3768,BIOCON
11905,2025-08-20 13:50:00+05:30,360.45,360.55,360.45,360.45,494,BIOCON
11906,2025-08-20 13:55:00+05:30,360.55,360.55,360.45,360.55,1158,BIOCON
11907,2025-08-20 14:00:00+05:30,360.5,360.7,360.35,360.35,7438,BIOCON
11908,2025-08-20 14:05:00+05:30,360.35,360.45,359.9,359.9,8887,BIOCON
11909,2025-08-20 14:10:00+05:30,359.9,360.1,359.75,359.85,6181,BIOCON
11910,2025-08-20 14:15:00+05:30,359.85,359.9,359.6,359.9,4092,BIOCON
11911,2025-08-20 14:20:00+05:30,359.75,360.0,359.75,359.85,3528,BIOCON
11912,2025-08-20 14:25:00+05:30,359.95,360.0,359.5,359.55,11680,BIOCON
11913,2025-08-20 14:30:00+05:30,359.55,359.8,359.55,359.75,2814,BIOCON
11914,2025-08-20 14:35:00+05:30,359.65,360.0,359.5,359.95,3714,BIOCON
11915,2025-08-20 14:40:00+05:30,359.95,360.15,359.8,360.15,4520,BIOCON
11916,2025-08-20 14:45:00+05:30,360.0,360.15,359.5,359.75,9367,BIOCON
11917,2025-08-20 14:50:00+05:30,359.75,359.85,359.55,359.65,4660,BIOCON
11918,2025-08-20 14:55:00+05:30,359.65,359.8,359.2,359.55,17327,BIOCON
11919,2025-08-20 15:00:00+05:30,359.75,359.75,359.05,359.25,11233,BIOCON
11920,2025-08-20 15:05:00+05:30,359.35,359.65,359.2,359.45,22376,BIOCON
11921,2025-08-20 15:10:00+05:30,359.5,359.85,359.4,359.65,20294,BIOCON
11922,2025-08-20 15:15:00+05:30,359.6,359.65,359.05,359.5,37742,BIOCON
11923,2025-08-20 15:20:00+05:30,359.5,359.55,359.25,359.35,31148,BIOCON
11924,2025-08-20 15:25:00+05:30,359.35,360.05,359.15,359.95,44739,BIOCON
11925,2025-08-21 09:15:00+05:30,360.0,360.95,358.4,359.0,51413,BIOCON
11926,2025-08-21 09:20:00+05:30,359.0,359.0,356.75,357.1,82814,BIOCON
11927,2025-08-21 09:25:00+05:30,357.0,357.15,355.85,356.8,45802,BIOCON
11928,2025-08-21 09:30:00+05:30,356.5,357.05,355.85,356.35,24717,BIOCON
11929,2025-08-21 09:35:00+05:30,356.25,356.6,355.85,355.9,21773,BIOCON
11930,2025-08-21 09:40:00+05:30,355.9,355.9,354.8,354.95,36613,BIOCON
11931,2025-08-21 09:45:00+05:30,354.95,356.4,354.95,356.2,13741,BIOCON
11932,2025-08-21 09:50:00+05:30,356.1,356.65,355.9,356.1,14768,BIOCON
11933,2025-08-21 09:55:00+05:30,356.25,356.7,356.05,356.65,14506,BIOCON
11934,2025-08-21 10:00:00+05:30,356.7,357.0,356.6,356.75,6935,BIOCON
11935,2025-08-21 10:05:00+05:30,356.7,357.6,356.6,357.1,22134,BIOCON
11936,2025-08-21 10:10:00+05:30,357.1,357.3,356.95,357.1,7510,BIOCON
11937,2025-08-21 10:15:00+05:30,357.1,357.5,356.5,356.55,13053,BIOCON
11938,2025-08-21 10:20:00+05:30,356.55,356.95,356.35,356.85,6669,BIOCON
11939,2025-08-21 10:25:00+05:30,356.95,357.25,356.85,357.2,5996,BIOCON
11940,2025-08-21 10:30:00+05:30,357.0,357.45,356.8,357.15,7384,BIOCON
11941,2025-08-21 10:35:00+05:30,357.0,357.3,356.8,357.3,8788,BIOCON
11942,2025-08-21 10:40:00+05:30,357.3,357.45,357.1,357.1,7781,BIOCON
11943,2025-08-21 10:45:00+05:30,357.1,360.35,357.1,360.25,70164,BIOCON
11944,2025-08-21 10:50:00+05:30,360.15,361.45,360.0,360.2,68863,BIOCON
11945,2025-08-21 10:55:00+05:30,360.15,360.85,358.25,359.15,528063,BIOCON
11946,2025-08-21 11:00:00+05:30,359.25,361.0,359.15,360.65,122789,BIOCON
11947,2025-08-21 11:05:00+05:30,360.65,360.9,359.75,360.5,30588,BIOCON
11948,2025-08-21 11:10:00+05:30,360.45,360.6,360.3,360.5,16384,BIOCON
11949,2025-08-21 11:15:00+05:30,360.5,360.6,360.35,360.55,7249,BIOCON
11950,2025-08-21 11:20:00+05:30,360.55,360.6,359.35,360.0,31622,BIOCON
11951,2025-08-21 11:25:00+05:30,360.0,360.0,359.5,359.75,9166,BIOCON
11952,2025-08-21 11:30:00+05:30,359.65,359.8,359.1,359.7,14407,BIOCON
11953,2025-08-21 11:35:00+05:30,359.55,360.35,358.0,360.35,242679,BIOCON
11954,2025-08-21 11:40:00+05:30,360.2,360.6,360.15,360.55,7045,BIOCON
11955,2025-08-21 11:45:00+05:30,360.45,360.85,360.4,360.85,4975,BIOCON
11956,2025-08-21 11:50:00+05:30,360.85,360.95,360.5,360.6,15707,BIOCON
11957,2025-08-21 11:55:00+05:30,360.6,360.6,359.35,359.9,17053,BIOCON
11958,2025-08-21 12:00:00+05:30,359.9,359.9,359.1,359.4,12052,BIOCON
11959,2025-08-21 12:05:00+05:30,359.45,359.9,359.3,359.8,3209,BIOCON
11960,2025-08-21 12:10:00+05:30,359.8,359.8,359.2,359.35,5416,BIOCON
11961,2025-08-21 12:15:00+05:30,359.3,359.65,358.9,359.2,21729,BIOCON
11962,2025-08-21 12:20:00+05:30,359.2,359.4,358.7,358.8,14914,BIOCON
11963,2025-08-21 12:25:00+05:30,358.8,358.95,358.05,358.4,20455,BIOCON
11964,2025-08-21 12:30:00+05:30,358.45,359.1,358.25,358.6,20821,BIOCON
11965,2025-08-21 12:35:00+05:30,358.6,359.0,358.5,358.8,6845,BIOCON
11966,2025-08-21 12:40:00+05:30,358.85,359.15,358.8,359.05,5093,BIOCON
11967,2025-08-21 12:45:00+05:30,359.15,359.15,358.55,358.95,7151,BIOCON
11968,2025-08-21 12:50:00+05:30,358.95,359.0,358.75,359.0,3215,BIOCON
11969,2025-08-21 12:55:00+05:30,359.0,359.3,358.9,359.25,2599,BIOCON
11970,2025-08-21 13:00:00+05:30,359.25,359.3,358.95,359.1,2379,BIOCON
11971,2025-08-21 13:05:00+05:30,359.1,359.3,358.85,358.9,7961,BIOCON
11972,2025-08-21 13:10:00+05:30,358.8,359.0,358.5,358.65,6000,BIOCON
11973,2025-08-21 13:15:00+05:30,358.55,358.65,358.2,358.3,2898,BIOCON
11974,2025-08-21 13:20:00+05:30,358.35,358.35,357.75,357.9,13513,BIOCON
11975,2025-08-21 13:25:00+05:30,357.9,358.3,357.75,357.9,11760,BIOCON
11976,2025-08-21 13:30:00+05:30,357.9,358.15,357.45,357.7,13515,BIOCON
11977,2025-08-21 13:35:00+05:30,357.55,357.7,357.3,357.4,6199,BIOCON
11978,2025-08-21 13:40:00+05:30,357.3,358.45,357.2,358.45,38808,BIOCON
11979,2025-08-21 13:45:00+05:30,358.3,358.8,358.25,358.8,4840,BIOCON
11980,2025-08-21 13:50:00+05:30,358.65,358.8,358.4,358.6,11581,BIOCON
11981,2025-08-21 13:55:00+05:30,358.45,358.8,358.4,358.75,2423,BIOCON
11982,2025-08-21 14:00:00+05:30,358.75,358.9,358.4,358.7,9569,BIOCON
11983,2025-08-21 14:05:00+05:30,358.5,359.1,358.45,358.95,7581,BIOCON
11984,2025-08-21 14:10:00+05:30,359.0,359.55,358.75,359.3,7515,BIOCON
11985,2025-08-21 14:15:00+05:30,359.3,359.7,359.25,359.55,10490,BIOCON
11986,2025-08-21 14:20:00+05:30,359.5,359.65,359.35,359.35,9155,BIOCON
11987,2025-08-21 14:25:00+05:30,359.5,359.55,359.3,359.45,5934,BIOCON
11988,2025-08-21 14:30:00+05:30,359.45,359.55,359.3,359.35,7819,BIOCON
11989,2025-08-21 14:35:00+05:30,359.5,359.55,358.95,358.95,4090,BIOCON
11990,2025-08-21 14:40:00+05:30,358.9,358.9,358.4,358.55,17074,BIOCON
11991,2025-08-21 14:45:00+05:30,358.55,358.65,358.5,358.55,3608,BIOCON
11992,2025-08-21 14:50:00+05:30,358.5,358.65,358.3,358.55,30450,BIOCON
11993,2025-08-21 14:55:00+05:30,358.55,358.65,358.05,358.5,119785,BIOCON
11994,2025-08-21 15:00:00+05:30,358.65,358.65,357.9,357.9,19951,BIOCON
11995,2025-08-21 15:05:00+05:30,358.0,358.35,357.8,357.8,19794,BIOCON
11996,2025-08-21 15:10:00+05:30,357.8,358.3,357.55,358.1,24884,BIOCON
11997,2025-08-21 15:15:00+05:30,358.15,358.2,357.3,357.6,41695,BIOCON
11998,2025-08-21 15:20:00+05:30,357.6,357.9,357.25,357.65,36485,BIOCON
11999,2025-08-21 15:25:00+05:30,357.65,358.0,357.05,357.8,57072,BIOCON
12000,2025-08-22 09:15:00+05:30,356.35,361.5,356.35,361.2,92220,BIOCON
12001,2025-08-22 09:20:00+05:30,361.0,361.25,359.7,359.85,22050,BIOCON
12002,2025-08-22 09:25:00+05:30,359.95,360.0,358.6,358.8,18251,BIOCON
12003,2025-08-22 09:30:00+05:30,358.8,359.95,358.1,358.75,94849,BIOCON
12004,2025-08-22 09:35:00+05:30,358.85,359.5,358.25,359.3,12166,BIOCON
12005,2025-08-22 09:40:00+05:30,359.5,359.7,358.75,359.2,14376,BIOCON
12006,2025-08-22 09:45:00+05:30,359.4,359.9,359.25,359.8,8824,BIOCON
12007,2025-08-22 09:50:00+05:30,359.6,360.0,357.75,358.5,31573,BIOCON
12008,2025-08-22 09:55:00+05:30,358.6,358.6,357.75,358.0,8822,BIOCON
12009,2025-08-22 10:00:00+05:30,358.0,358.1,357.7,357.85,15774,BIOCON
12010,2025-08-22 10:05:00+05:30,357.7,358.9,357.65,358.7,7870,BIOCON
12011,2025-08-22 10:10:00+05:30,358.6,358.65,358.45,358.65,1633,BIOCON
12012,2025-08-22 10:15:00+05:30,358.55,358.65,357.75,357.75,10757,BIOCON
12013,2025-08-22 10:20:00+05:30,357.75,358.4,357.5,357.85,9549,BIOCON
12014,2025-08-22 10:25:00+05:30,357.85,359.25,357.85,359.25,7870,BIOCON
12015,2025-08-22 10:30:00+05:30,359.25,359.3,358.35,358.4,6224,BIOCON
12016,2025-08-22 10:35:00+05:30,358.4,358.5,358.15,358.15,7154,BIOCON
12017,2025-08-22 10:40:00+05:30,358.15,358.25,357.3,357.65,14554,BIOCON
12018,2025-08-22 10:45:00+05:30,357.65,358.6,357.35,358.3,9844,BIOCON
12019,2025-08-22 10:50:00+05:30,358.4,358.9,358.3,358.45,4231,BIOCON
12020,2025-08-22 10:55:00+05:30,358.6,358.6,358.35,358.4,1098,BIOCON
12021,2025-08-22 11:00:00+05:30,358.4,358.85,358.1,358.65,12687,BIOCON
12022,2025-08-22 11:05:00+05:30,358.7,359.55,358.7,358.9,11003,BIOCON
12023,2025-08-22 11:10:00+05:30,358.95,359.0,358.65,358.65,3470,BIOCON
12024,2025-08-22 11:15:00+05:30,358.65,358.7,358.2,358.3,1414,BIOCON
12025,2025-08-22 11:20:00+05:30,358.5,358.55,358.35,358.55,2184,BIOCON
12026,2025-08-22 11:25:00+05:30,358.55,358.8,358.4,358.75,5247,BIOCON
12027,2025-08-22 11:30:00+05:30,358.8,359.45,358.75,359.0,7694,BIOCON
12028,2025-08-22 11:35:00+05:30,359.0,359.4,359.0,359.4,1226,BIOCON
12029,2025-08-22 11:40:00+05:30,359.3,359.5,359.3,359.3,3417,BIOCON
12030,2025-08-22 11:45:00+05:30,359.45,359.95,359.45,359.9,9487,BIOCON
12031,2025-08-22 11:50:00+05:30,359.8,359.9,359.6,359.8,4270,BIOCON
12032,2025-08-22 11:55:00+05:30,359.8,359.85,359.6,359.8,4367,BIOCON
12033,2025-08-22 12:00:00+05:30,359.9,359.9,359.35,359.45,4179,BIOCON
12034,2025-08-22 12:05:00+05:30,359.35,359.55,359.15,359.25,5648,BIOCON
12035,2025-08-22 12:10:00+05:30,359.45,359.45,358.3,358.7,9799,BIOCON
12036,2025-08-22 12:15:00+05:30,358.8,358.8,358.1,358.15,5870,BIOCON
12037,2025-08-22 12:20:00+05:30,358.15,358.45,358.1,358.2,3606,BIOCON
12038,2025-08-22 12:25:00+05:30,358.2,358.8,358.2,358.75,1125,BIOCON
12039,2025-08-22 12:30:00+05:30,358.9,359.15,358.35,358.35,4035,BIOCON
12040,2025-08-22 12:35:00+05:30,358.4,358.8,358.2,358.2,4131,BIOCON
12041,2025-08-22 12:40:00+05:30,358.2,358.6,358.05,358.4,2069,BIOCON
12042,2025-08-22 12:45:00+05:30,358.4,358.5,358.2,358.2,1376,BIOCON
12043,2025-08-22 12:50:00+05:30,358.3,358.5,358.2,358.4,2201,BIOCON
12044,2025-08-22 12:55:00+05:30,358.4,359.0,358.4,358.6,9259,BIOCON
12045,2025-08-22 13:00:00+05:30,358.7,359.0,358.6,358.9,4116,BIOCON
12046,2025-08-22 13:05:00+05:30,358.85,359.05,358.75,359.0,2952,BIOCON
12047,2025-08-22 13:10:00+05:30,359.0,359.25,358.85,359.2,5582,BIOCON
12048,2025-08-22 13:15:00+05:30,359.2,359.45,359.15,359.3,3444,BIOCON
12049,2025-08-22 13:20:00+05:30,359.35,359.7,359.15,359.7,7064,BIOCON
12050,2025-08-22 13:25:00+05:30,359.55,359.9,359.55,359.8,4164,BIOCON
12051,2025-08-22 13:30:00+05:30,359.85,359.9,359.75,359.85,3567,BIOCON
12052,2025-08-22 13:35:00+05:30,359.9,360.1,359.9,360.05,6824,BIOCON
12053,2025-08-22 13:40:00+05:30,360.1,360.3,359.85,360.05,7840,BIOCON
12054,2025-08-22 13:45:00+05:30,360.05,360.1,359.65,359.9,3864,BIOCON
12055,2025-08-22 13:50:00+05:30,359.9,360.4,359.8,360.05,11076,BIOCON
12056,2025-08-22 13:55:00+05:30,360.15,360.75,360.15,360.25,5748,BIOCON
12057,2025-08-22 14:00:00+05:30,360.35,360.55,359.8,359.85,7223,BIOCON
12058,2025-08-22 14:05:00+05:30,359.75,359.95,359.3,359.4,8308,BIOCON
12059,2025-08-22 14:10:00+05:30,359.45,359.7,359.05,359.5,11561,BIOCON
12060,2025-08-22 14:15:00+05:30,359.5,359.65,359.35,359.35,5686,BIOCON
12061,2025-08-22 14:20:00+05:30,359.35,359.65,359.0,359.05,9972,BIOCON
12062,2025-08-22 14:25:00+05:30,359.05,359.2,358.8,358.95,9515,BIOCON
12063,2025-08-22 14:30:00+05:30,359.0,359.45,359.0,359.25,17467,BIOCON
12064,2025-08-22 14:35:00+05:30,359.25,359.95,359.05,359.8,8841,BIOCON
12065,2025-08-22 14:40:00+05:30,359.9,360.45,359.45,360.45,15942,BIOCON
12066,2025-08-22 14:45:00+05:30,360.3,360.45,359.9,360.3,27713,BIOCON
12067,2025-08-22 14:50:00+05:30,360.3,360.65,360.3,360.45,9826,BIOCON
12068,2025-08-22 14:55:00+05:30,360.45,360.65,360.0,360.0,54066,BIOCON
12069,2025-08-22 15:00:00+05:30,360.05,360.05,358.85,359.05,67702,BIOCON
12070,2025-08-22 15:05:00+05:30,359.05,359.8,358.95,359.4,29147,BIOCON
12071,2025-08-22 15:10:00+05:30,359.35,359.7,359.2,359.4,34885,BIOCON
12072,2025-08-22 15:15:00+05:30,359.6,359.6,359.05,359.25,26222,BIOCON
12073,2025-08-22 15:20:00+05:30,359.35,359.75,359.2,359.35,59918,BIOCON
12074,2025-08-22 15:25:00+05:30,359.3,359.7,358.65,358.65,32892,BIOCON
12075,2025-08-25 09:15:00+05:30,361.15,362.6,358.65,359.0,73910,BIOCON
12076,2025-08-25 09:20:00+05:30,358.8,359.9,358.2,359.9,46421,BIOCON
12077,2025-08-25 09:25:00+05:30,359.65,359.7,358.8,359.2,20254,BIOCON
12078,2025-08-25 09:30:00+05:30,359.2,359.85,358.7,358.9,35649,BIOCON
12079,2025-08-25 09:35:00+05:30,359.0,360.3,359.0,360.0,12989,BIOCON
12080,2025-08-25 09:40:00+05:30,359.8,361.0,359.8,360.7,28973,BIOCON
12081,2025-08-25 09:45:00+05:30,360.7,362.05,360.65,361.9,26923,BIOCON
12082,2025-08-25 09:50:00+05:30,361.9,363.0,361.25,362.65,36305,BIOCON
12083,2025-08-25 09:55:00+05:30,362.65,363.2,362.05,363.2,18964,BIOCON
12084,2025-08-25 10:00:00+05:30,363.15,363.7,362.25,362.45,17231,BIOCON
12085,2025-08-25 10:05:00+05:30,362.25,362.4,361.65,362.05,11036,BIOCON
12086,2025-08-25 10:10:00+05:30,361.95,362.35,361.05,361.4,22009,BIOCON
12087,2025-08-25 10:15:00+05:30,361.4,361.7,361.1,361.65,12968,BIOCON
12088,2025-08-25 10:20:00+05:30,361.75,362.3,361.5,362.25,6990,BIOCON
12089,2025-08-25 10:25:00+05:30,362.25,362.9,362.25,362.8,6079,BIOCON
12090,2025-08-25 10:30:00+05:30,362.8,363.35,362.65,362.9,18286,BIOCON
12091,2025-08-25 10:35:00+05:30,362.8,363.35,362.6,363.0,15081,BIOCON
12092,2025-08-25 10:40:00+05:30,363.1,363.35,363.0,363.2,6682,BIOCON
12093,2025-08-25 10:45:00+05:30,363.2,363.2,362.1,362.2,20473,BIOCON
12094,2025-08-25 10:50:00+05:30,362.2,362.75,362.1,362.75,6615,BIOCON
12095,2025-08-25 10:55:00+05:30,362.6,362.75,362.2,362.4,4331,BIOCON
12096,2025-08-25 11:00:00+05:30,362.3,362.6,361.85,362.1,8260,BIOCON
12097,2025-08-25 11:05:00+05:30,362.2,362.45,362.1,362.3,2799,BIOCON
12098,2025-08-25 11:10:00+05:30,362.5,362.65,362.45,362.65,4557,BIOCON
12099,2025-08-25 11:15:00+05:30,362.65,362.65,362.1,362.35,3163,BIOCON
12100,2025-08-25 11:20:00+05:30,362.3,362.3,361.5,361.75,6654,BIOCON
12101,2025-08-25 11:25:00+05:30,361.75,361.85,361.5,361.55,6470,BIOCON
12102,2025-08-25 11:30:00+05:30,361.55,361.55,361.15,361.2,5810,BIOCON
12103,2025-08-25 11:35:00+05:30,361.2,361.45,361.05,361.45,5738,BIOCON
12104,2025-08-25 11:40:00+05:30,361.1,361.45,361.1,361.15,4818,BIOCON
12105,2025-08-25 11:45:00+05:30,361.45,361.6,361.35,361.5,3609,BIOCON
12106,2025-08-25 11:50:00+05:30,361.45,361.65,361.3,361.5,2870,BIOCON
12107,2025-08-25 11:55:00+05:30,361.5,361.8,361.45,361.8,4902,BIOCON
12108,2025-08-25 12:00:00+05:30,361.65,361.8,360.95,361.0,8890,BIOCON
12109,2025-08-25 12:05:00+05:30,361.15,361.15,361.05,361.15,2707,BIOCON
12110,2025-08-25 12:10:00+05:30,361.15,361.15,360.5,360.55,13552,BIOCON
12111,2025-08-25 12:15:00+05:30,360.8,361.25,360.5,361.05,23892,BIOCON
12112,2025-08-25 12:20:00+05:30,361.0,361.1,360.8,360.9,7719,BIOCON
12113,2025-08-25 12:25:00+05:30,360.8,361.0,360.8,361.0,2657,BIOCON
12114,2025-08-25 12:30:00+05:30,361.0,361.0,360.55,360.55,5142,BIOCON
12115,2025-08-25 12:35:00+05:30,360.6,360.8,360.3,360.35,5329,BIOCON
12116,2025-08-25 12:40:00+05:30,360.4,360.7,360.4,360.6,1908,BIOCON
12117,2025-08-25 12:45:00+05:30,360.6,360.8,360.4,360.8,3419,BIOCON
12118,2025-08-25 12:50:00+05:30,360.8,361.4,360.15,361.15,22229,BIOCON
12119,2025-08-25 12:55:00+05:30,361.3,361.7,361.3,361.3,13612,BIOCON
12120,2025-08-25 13:00:00+05:30,361.3,361.7,361.3,361.7,2083,BIOCON
12121,2025-08-25 13:05:00+05:30,361.65,361.65,361.0,361.0,6075,BIOCON
12122,2025-08-25 13:10:00+05:30,361.2,361.75,361.1,361.55,876,BIOCON
12123,2025-08-25 13:15:00+05:30,361.75,362.35,361.6,361.9,18201,BIOCON
12124,2025-08-25 13:20:00+05:30,361.9,361.9,361.55,361.8,5185,BIOCON
12125,2025-08-25 13:25:00+05:30,361.65,361.85,361.45,361.45,2132,BIOCON
12126,2025-08-25 13:30:00+05:30,361.45,361.7,361.4,361.55,3387,BIOCON
12127,2025-08-25 13:35:00+05:30,361.7,361.75,361.2,361.2,2314,BIOCON
12128,2025-08-25 13:40:00+05:30,361.2,361.35,360.8,361.1,4352,BIOCON
12129,2025-08-25 13:45:00+05:30,361.05,361.3,360.85,361.3,6098,BIOCON
12130,2025-08-25 13:50:00+05:30,361.2,361.3,361.05,361.05,5112,BIOCON
12131,2025-08-25 13:55:00+05:30,361.1,361.65,360.95,361.6,6678,BIOCON
12132,2025-08-25 14:00:00+05:30,361.45,361.7,361.3,361.4,1752,BIOCON
12133,2025-08-25 14:05:00+05:30,361.45,361.55,361.3,361.3,2534,BIOCON
12134,2025-08-25 14:10:00+05:30,361.3,361.55,361.1,361.25,1876,BIOCON
12135,2025-08-25 14:15:00+05:30,361.25,361.45,361.0,361.35,3592,BIOCON
12136,2025-08-25 14:20:00+05:30,361.1,361.25,360.85,360.85,5026,BIOCON
12137,2025-08-25 14:25:00+05:30,360.85,361.0,360.15,360.65,7944,BIOCON
12138,2025-08-25 14:30:00+05:30,360.8,361.15,360.65,361.15,2279,BIOCON
12139,2025-08-25 14:35:00+05:30,361.1,361.25,360.4,360.8,7573,BIOCON
12140,2025-08-25 14:40:00+05:30,360.8,361.05,360.8,360.95,2732,BIOCON
12141,2025-08-25 14:45:00+05:30,360.95,361.25,360.8,361.25,13792,BIOCON
12142,2025-08-25 14:50:00+05:30,361.0,361.2,360.85,360.9,6484,BIOCON
12143,2025-08-25 14:55:00+05:30,360.9,361.1,360.55,360.65,5039,BIOCON
12144,2025-08-25 15:00:00+05:30,360.8,360.8,359.75,360.15,30523,BIOCON
12145,2025-08-25 15:05:00+05:30,360.15,360.35,359.9,360.0,16967,BIOCON
12146,2025-08-25 15:10:00+05:30,360.0,360.45,359.5,359.65,21124,BIOCON
12147,2025-08-25 15:15:00+05:30,359.65,359.75,359.2,359.3,20879,BIOCON
12148,2025-08-25 15:20:00+05:30,359.45,360.3,359.3,360.3,70049,BIOCON
12149,2025-08-25 15:25:00+05:30,360.3,360.8,360.1,360.25,30873,BIOCON
12150,2025-08-26 09:15:00+05:30,358.95,360.8,356.05,356.25,68334,BIOCON
12151,2025-08-26 09:20:00+05:30,356.25,357.3,355.6,357.15,52280,BIOCON
12152,2025-08-26 09:25:00+05:30,357.0,357.8,356.4,357.1,120016,BIOCON
12153,2025-08-26 09:30:00+05:30,357.05,357.3,356.65,357.0,134946,BIOCON
12154,2025-08-26 09:35:00+05:30,357.0,357.05,356.4,356.9,206946,BIOCON
12155,2025-08-26 09:40:00+05:30,356.9,357.15,356.55,357.0,150378,BIOCON
12156,2025-08-26 09:45:00+05:30,357.0,357.5,356.7,357.15,37418,BIOCON
12157,2025-08-26 09:50:00+05:30,357.2,357.5,357.0,357.2,18746,BIOCON
12158,2025-08-26 09:55:00+05:30,357.2,360.15,357.2,359.8,100597,BIOCON
12159,2025-08-26 10:00:00+05:30,360.05,360.1,357.95,359.0,90041,BIOCON
12160,2025-08-26 10:05:00+05:30,358.85,359.45,358.75,359.2,13690,BIOCON
12161,2025-08-26 10:10:00+05:30,359.2,359.4,359.0,359.2,7506,BIOCON
12162,2025-08-26 10:15:00+05:30,359.0,359.45,358.95,359.35,31337,BIOCON
12163,2025-08-26 10:20:00+05:30,359.35,359.8,358.6,359.55,96399,BIOCON
12164,2025-08-26 10:25:00+05:30,359.55,359.95,359.4,359.8,87186,BIOCON
12165,2025-08-26 10:30:00+05:30,359.9,360.35,359.85,359.85,55684,BIOCON
12166,2025-08-26 10:35:00+05:30,359.95,360.0,359.55,359.9,34944,BIOCON
12167,2025-08-26 10:40:00+05:30,360.0,360.15,359.25,359.55,74665,BIOCON
12168,2025-08-26 10:45:00+05:30,359.55,360.45,359.45,359.95,53995,BIOCON
12169,2025-08-26 10:50:00+05:30,359.95,360.05,359.65,360.05,34498,BIOCON
12170,2025-08-26 10:55:00+05:30,360.05,360.35,359.9,360.2,33147,BIOCON
12171,2025-08-26 11:00:00+05:30,360.35,361.45,360.15,361.45,64272,BIOCON
12172,2025-08-26 11:05:00+05:30,361.45,361.45,360.0,360.55,50773,BIOCON
12173,2025-08-26 11:10:00+05:30,360.55,360.7,360.0,360.2,50585,BIOCON
12174,2025-08-26 11:15:00+05:30,360.2,360.6,360.0,360.6,20960,BIOCON
12175,2025-08-26 11:20:00+05:30,360.55,360.8,360.4,360.6,11502,BIOCON
12176,2025-08-26 11:25:00+05:30,360.7,361.4,360.6,361.1,22850,BIOCON
12177,2025-08-26 11:30:00+05:30,361.15,361.7,361.05,361.7,50213,BIOCON
12178,2025-08-26 11:35:00+05:30,361.7,362.1,360.5,360.8,114650,BIOCON
12179,2025-08-26 11:40:00+05:30,360.85,361.0,360.35,360.4,8170,BIOCON
12180,2025-08-26 11:45:00+05:30,360.4,360.7,360.05,360.2,14719,BIOCON
12181,2025-08-26 11:50:00+05:30,360.05,360.2,360.0,360.1,17561,BIOCON
12182,2025-08-26 11:55:00+05:30,360.15,361.15,360.0,360.9,31601,BIOCON
12183,2025-08-26 12:00:00+05:30,361.1,361.3,360.6,360.6,23205,BIOCON
12184,2025-08-26 12:05:00+05:30,360.6,360.9,360.5,360.7,14269,BIOCON
12185,2025-08-26 12:10:00+05:30,360.55,360.8,360.05,360.4,20104,BIOCON
12186,2025-08-26 12:15:00+05:30,360.3,361.0,360.0,361.0,56779,BIOCON
12187,2025-08-26 12:20:00+05:30,361.0,361.25,360.8,360.9,14605,BIOCON
12188,2025-08-26 12:25:00+05:30,360.9,361.0,360.35,360.45,15113,BIOCON
12189,2025-08-26 12:30:00+05:30,360.4,360.7,360.35,360.55,5402,BIOCON
12190,2025-08-26 12:35:00+05:30,360.35,360.65,360.3,360.6,6111,BIOCON
12191,2025-08-26 12:40:00+05:30,360.4,361.0,360.0,360.35,20904,BIOCON
12192,2025-08-26 12:45:00+05:30,360.2,360.85,360.0,360.8,19790,BIOCON
12193,2025-08-26 12:50:00+05:30,360.8,360.95,360.5,360.95,10795,BIOCON
12194,2025-08-26 12:55:00+05:30,360.95,361.0,360.15,360.55,44140,BIOCON
12195,2025-08-26 13:00:00+05:30,360.55,360.65,360.3,360.5,7547,BIOCON
12196,2025-08-26 13:05:00+05:30,360.55,360.55,360.0,360.35,31215,BIOCON
12197,2025-08-26 13:10:00+05:30,360.35,360.5,360.1,360.5,7015,BIOCON
12198,2025-08-26 13:15:00+05:30,360.5,361.0,360.25,361.0,16606,BIOCON
12199,2025-08-26 13:20:00+05:30,361.0,361.0,360.45,360.75,21975,BIOCON
12200,2025-08-26 13:25:00+05:30,360.75,361.35,360.55,361.35,14252,BIOCON
12201,2025-08-26 13:30:00+05:30,361.35,361.85,361.25,361.75,17567,BIOCON
12202,2025-08-26 13:35:00+05:30,361.75,361.85,361.6,361.8,8937,BIOCON
12203,2025-08-26 13:40:00+05:30,361.8,362.25,361.65,362.05,48811,BIOCON
12204,2025-08-26 13:45:00+05:30,362.1,362.35,361.9,362.35,31338,BIOCON
12205,2025-08-26 13:50:00+05:30,362.2,362.3,362.05,362.15,10465,BIOCON
12206,2025-08-26 13:55:00+05:30,362.25,363.0,362.15,362.95,25368,BIOCON
12207,2025-08-26 14:00:00+05:30,362.85,363.3,362.8,362.9,34383,BIOCON
12208,2025-08-26 14:05:00+05:30,363.0,363.0,362.75,362.8,13434,BIOCON
12209,2025-08-26 14:10:00+05:30,362.9,363.0,362.35,362.45,16920,BIOCON
12210,2025-08-26 14:15:00+05:30,362.55,362.55,362.3,362.3,21244,BIOCON
12211,2025-08-26 14:20:00+05:30,362.35,362.6,362.1,362.55,17456,BIOCON
12212,2025-08-26 14:25:00+05:30,362.55,362.55,361.8,362.05,38563,BIOCON
12213,2025-08-26 14:30:00+05:30,362.1,362.35,361.6,362.0,46474,BIOCON
12214,2025-08-26 14:35:00+05:30,362.1,362.1,361.8,362.05,29798,BIOCON
12215,2025-08-26 14:40:00+05:30,362.0,362.05,361.95,362.0,10682,BIOCON
12216,2025-08-26 14:45:00+05:30,362.05,362.05,361.8,362.0,41813,BIOCON
12217,2025-08-26 14:50:00+05:30,362.05,362.05,359.45,359.95,356743,BIOCON
12218,2025-08-26 14:55:00+05:30,360.0,360.55,359.75,359.8,356743,BIOCON
12219,2025-08-26 15:00:00+05:30,359.8,360.0,358.85,359.35,96054,BIOCON
12220,2025-08-26 15:05:00+05:30,359.45,359.45,358.7,358.85,67034,BIOCON
12221,2025-08-26 15:10:00+05:30,358.85,359.15,358.8,358.85,100042,BIOCON
12222,2025-08-26 15:15:00+05:30,358.9,358.95,357.8,357.95,159082,BIOCON
12223,2025-08-26 15:20:00+05:30,357.95,358.2,356.95,357.55,267169,BIOCON
12224,2025-08-26 15:25:00+05:30,357.55,358.3,357.0,357.05,89216,BIOCON
12225,2025-08-28 09:15:00+05:30,361.0,362.65,359.05,361.25,186727,BIOCON
12226,2025-08-28 09:20:00+05:30,361.25,361.45,357.6,357.75,136038,BIOCON
12227,2025-08-28 09:25:00+05:30,357.85,357.85,356.7,357.35,47054,BIOCON
12228,2025-08-28 09:30:00+05:30,357.35,359.95,357.15,359.9,58820,BIOCON
12229,2025-08-28 09:35:00+05:30,359.9,360.3,359.0,359.7,48933,BIOCON
12230,2025-08-28 09:40:00+05:30,359.7,360.75,359.65,360.2,60752,BIOCON
12231,2025-08-28 09:45:00+05:30,360.1,360.15,357.8,358.75,73171,BIOCON
12232,2025-08-28 09:50:00+05:30,358.75,359.95,358.7,359.3,79172,BIOCON
12233,2025-08-28 09:55:00+05:30,359.45,359.45,358.1,358.75,32797,BIOCON
12234,2025-08-28 10:00:00+05:30,358.75,359.2,358.4,358.6,26329,BIOCON
12235,2025-08-28 10:05:00+05:30,358.6,359.0,358.3,358.55,20866,BIOCON
12236,2025-08-28 10:10:00+05:30,358.4,358.85,357.6,358.25,19899,BIOCON
12237,2025-08-28 10:15:00+05:30,358.4,359.6,358.25,359.0,21104,BIOCON
12238,2025-08-28 10:20:00+05:30,359.0,360.5,359.0,360.3,89874,BIOCON
12239,2025-08-28 10:25:00+05:30,360.35,360.35,360.0,360.2,16395,BIOCON
12240,2025-08-28 10:30:00+05:30,360.25,361.25,360.05,360.85,47691,BIOCON
12241,2025-08-28 10:35:00+05:30,360.8,360.95,360.5,360.6,9944,BIOCON
12242,2025-08-28 10:40:00+05:30,360.55,360.6,360.0,360.2,10816,BIOCON
12243,2025-08-28 10:45:00+05:30,360.2,360.4,360.0,360.1,20857,BIOCON
12244,2025-08-28 10:50:00+05:30,360.05,360.15,359.65,360.15,17218,BIOCON
12245,2025-08-28 10:55:00+05:30,360.1,360.9,360.1,360.65,13482,BIOCON
12246,2025-08-28 11:00:00+05:30,360.7,360.9,360.1,360.1,10370,BIOCON
12247,2025-08-28 11:05:00+05:30,360.1,360.6,359.25,360.55,85156,BIOCON
12248,2025-08-28 11:10:00+05:30,360.55,361.05,360.45,360.9,78415,BIOCON
12249,2025-08-28 11:15:00+05:30,360.85,360.9,360.6,360.7,10704,BIOCON
12250,2025-08-28 11:20:00+05:30,360.85,360.9,360.55,360.65,8456,BIOCON
12251,2025-08-28 11:25:00+05:30,360.65,360.9,359.75,359.85,29789,BIOCON
12252,2025-08-28 11:30:00+05:30,360.05,360.25,359.5,359.55,13252,BIOCON
12253,2025-08-28 11:35:00+05:30,359.5,360.4,359.5,359.85,43861,BIOCON
12254,2025-08-28 11:40:00+05:30,359.8,361.0,359.8,360.3,94473,BIOCON
12255,2025-08-28 11:45:00+05:30,360.35,360.35,359.95,360.2,11382,BIOCON
12256,2025-08-28 11:50:00+05:30,360.2,360.2,359.95,359.95,6874,BIOCON
12257,2025-08-28 11:55:00+05:30,359.9,359.95,359.25,359.75,30554,BIOCON
12258,2025-08-28 12:00:00+05:30,359.7,360.25,359.6,360.1,23117,BIOCON
12259,2025-08-28 12:05:00+05:30,360.1,360.25,359.85,360.25,19607,BIOCON
12260,2025-08-28 12:10:00+05:30,360.25,360.6,360.05,360.3,12034,BIOCON
12261,2025-08-28 12:15:00+05:30,360.35,360.55,360.0,360.1,9726,BIOCON
12262,2025-08-28 12:20:00+05:30,360.15,360.15,359.45,359.45,7799,BIOCON
12263,2025-08-28 12:25:00+05:30,359.7,359.7,359.35,359.5,10807,BIOCON
12264,2025-08-28 12:30:00+05:30,359.45,359.5,358.95,359.15,25342,BIOCON
12265,2025-08-28 12:35:00+05:30,359.25,359.25,358.25,358.55,62032,BIOCON
12266,2025-08-28 12:40:00+05:30,358.35,358.55,358.1,358.1,10517,BIOCON
12267,2025-08-28 12:45:00+05:30,358.1,358.5,358.1,358.35,6765,BIOCON
12268,2025-08-28 12:50:00+05:30,358.25,358.45,358.15,358.2,11047,BIOCON
12269,2025-08-28 12:55:00+05:30,358.2,358.35,357.7,357.9,16402,BIOCON
12270,2025-08-28 13:00:00+05:30,357.85,357.9,357.2,357.5,15298,BIOCON
12271,2025-08-28 13:05:00+05:30,357.4,357.55,357.3,357.5,6400,BIOCON
12272,2025-08-28 13:10:00+05:30,357.45,357.55,356.5,356.75,23800,BIOCON
12273,2025-08-28 13:15:00+05:30,356.7,357.3,356.7,356.7,6824,BIOCON
12274,2025-08-28 13:20:00+05:30,356.8,356.85,356.25,356.25,11833,BIOCON
12275,2025-08-28 13:25:00+05:30,356.3,356.5,356.1,356.2,9353,BIOCON
12276,2025-08-28 13:30:00+05:30,356.25,356.45,356.1,356.2,13347,BIOCON
12277,2025-08-28 13:35:00+05:30,356.25,356.65,356.2,356.2,21342,BIOCON
12278,2025-08-28 13:40:00+05:30,356.25,356.4,355.6,355.85,26862,BIOCON
12279,2025-08-28 13:45:00+05:30,355.9,356.0,355.65,355.9,7041,BIOCON
12280,2025-08-28 13:50:00+05:30,356.0,356.0,355.6,355.6,9876,BIOCON
12281,2025-08-28 13:55:00+05:30,355.6,356.0,355.35,355.45,20360,BIOCON
12282,2025-08-28 14:00:00+05:30,355.4,355.5,354.75,354.75,32232,BIOCON
12283,2025-08-28 14:05:00+05:30,354.75,355.75,354.65,355.75,15961,BIOCON
12284,2025-08-28 14:10:00+05:30,355.75,356.35,355.7,355.95,19921,BIOCON
12285,2025-08-28 14:15:00+05:30,355.9,356.2,355.6,355.6,9878,BIOCON
12286,2025-08-28 14:20:00+05:30,355.6,356.1,355.55,355.85,9869,BIOCON
12287,2025-08-28 14:25:00+05:30,355.9,356.0,355.3,355.6,14143,BIOCON
12288,2025-08-28 14:30:00+05:30,355.55,355.6,354.35,354.65,41750,BIOCON
12289,2025-08-28 14:35:00+05:30,354.95,355.45,354.8,355.2,15376,BIOCON
12290,2025-08-28 14:40:00+05:30,355.2,355.4,355.1,355.2,10172,BIOCON
12291,2025-08-28 14:45:00+05:30,355.2,355.2,354.4,354.6,40346,BIOCON
12292,2025-08-28 14:50:00+05:30,354.55,354.8,354.4,354.65,9339,BIOCON
12293,2025-08-28 14:55:00+05:30,354.7,354.75,354.1,354.1,45804,BIOCON
12294,2025-08-28 15:00:00+05:30,354.2,354.75,353.55,353.8,55836,BIOCON
12295,2025-08-28 15:05:00+05:30,353.85,354.55,353.35,353.5,68087,BIOCON
12296,2025-08-28 15:10:00+05:30,353.55,353.85,353.45,353.5,51452,BIOCON
12297,2025-08-28 15:15:00+05:30,353.5,353.6,352.15,352.65,95558,BIOCON
12298,2025-08-28 15:20:00+05:30,352.55,353.4,352.3,353.3,71475,BIOCON
12299,2025-08-28 15:25:00+05:30,353.25,353.35,350.9,352.0,53206,BIOCON
12300,2025-08-29 09:15:00+05:30,353.25,356.05,351.9,355.3,78603,BIOCON
12301,2025-08-29 09:20:00+05:30,355.05,356.1,355.05,355.95,36789,BIOCON
12302,2025-08-29 09:25:00+05:30,356.0,356.0,355.25,355.35,13802,BIOCON
12303,2025-08-29 09:30:00+05:30,355.3,355.8,354.6,354.85,17401,BIOCON
12304,2025-08-29 09:35:00+05:30,354.7,355.25,353.7,355.25,28614,BIOCON
12305,2025-08-29 09:40:00+05:30,355.0,355.25,353.8,354.0,18416,BIOCON
12306,2025-08-29 09:45:00+05:30,353.85,354.0,351.75,352.25,52897,BIOCON
12307,2025-08-29 09:50:00+05:30,352.3,352.9,351.85,351.85,15532,BIOCON
12308,2025-08-29 09:55:00+05:30,351.75,352.45,350.95,351.6,42980,BIOCON
12309,2025-08-29 10:00:00+05:30,351.6,351.7,350.8,351.2,23611,BIOCON
12310,2025-08-29 10:05:00+05:30,351.2,351.55,350.55,350.65,21766,BIOCON
12311,2025-08-29 10:10:00+05:30,350.75,350.85,350.1,350.3,30645,BIOCON
12312,2025-08-29 10:15:00+05:30,350.3,350.3,349.65,349.95,17556,BIOCON
12313,2025-08-29 10:20:00+05:30,350.0,350.4,349.8,350.0,78409,BIOCON
12314,2025-08-29 10:25:00+05:30,349.95,350.0,349.35,349.55,24817,BIOCON
12315,2025-08-29 10:30:00+05:30,349.6,350.0,349.5,350.0,6238,BIOCON
12316,2025-08-29 10:35:00+05:30,350.0,351.3,349.85,351.05,75837,BIOCON
12317,2025-08-29 10:40:00+05:30,351.05,353.0,351.05,352.75,61871,BIOCON
12318,2025-08-29 10:45:00+05:30,352.7,353.0,352.25,352.4,21361,BIOCON
12319,2025-08-29 10:50:00+05:30,352.3,352.5,351.4,351.4,49419,BIOCON
12320,2025-08-29 10:55:00+05:30,351.4,351.6,350.75,351.05,58274,BIOCON
12321,2025-08-29 11:00:00+05:30,351.15,351.4,350.8,351.05,77356,BIOCON
12322,2025-08-29 11:05:00+05:30,351.05,351.7,350.65,351.65,49087,BIOCON
12323,2025-08-29 11:10:00+05:30,351.65,353.2,351.55,353.2,32366,BIOCON
12324,2025-08-29 11:15:00+05:30,353.2,353.35,352.3,352.35,13640,BIOCON
12325,2025-08-29 11:20:00+05:30,352.35,352.45,351.5,352.15,9238,BIOCON
12326,2025-08-29 11:25:00+05:30,352.15,352.95,352.05,352.8,12855,BIOCON
12327,2025-08-29 11:30:00+05:30,352.9,352.95,352.7,352.9,5102,BIOCON
12328,2025-08-29 11:35:00+05:30,352.85,352.95,352.65,352.9,8004,BIOCON
12329,2025-08-29 11:40:00+05:30,352.9,353.45,352.7,353.2,10620,BIOCON
12330,2025-08-29 11:45:00+05:30,353.2,353.4,352.1,352.2,13187,BIOCON
12331,2025-08-29 11:50:00+05:30,352.4,352.5,352.0,352.25,6894,BIOCON
12332,2025-08-29 11:55:00+05:30,352.25,352.75,352.0,352.0,9306,BIOCON
12333,2025-08-29 12:00:00+05:30,352.1,352.1,351.65,351.7,3671,BIOCON
12334,2025-08-29 12:05:00+05:30,351.7,352.0,351.4,351.95,5595,BIOCON
12335,2025-08-29 12:10:00+05:30,352.0,352.55,351.9,352.4,14902,BIOCON
12336,2025-08-29 12:15:00+05:30,352.4,352.65,352.35,352.4,6966,BIOCON
12337,2025-08-29 12:20:00+05:30,352.45,352.55,352.25,352.25,7886,BIOCON
12338,2025-08-29 12:25:00+05:30,352.3,352.45,351.75,351.8,11602,BIOCON
12339,2025-08-29 12:30:00+05:30,351.8,352.5,351.6,351.8,38880,BIOCON
12340,2025-08-29 12:35:00+05:30,351.8,352.4,351.8,351.95,5495,BIOCON
12341,2025-08-29 12:40:00+05:30,352.0,352.45,351.95,352.2,6531,BIOCON
12342,2025-08-29 12:45:00+05:30,352.2,352.35,351.6,351.9,5714,BIOCON
12343,2025-08-29 12:50:00+05:30,351.95,352.0,351.85,351.85,5680,BIOCON
12344,2025-08-29 12:55:00+05:30,351.9,351.95,351.25,351.3,16568,BIOCON
12345,2025-08-29 13:00:00+05:30,351.3,351.3,350.75,350.9,17313,BIOCON
12346,2025-08-29 13:05:00+05:30,350.9,351.2,350.45,350.45,23807,BIOCON
12347,2025-08-29 13:10:00+05:30,350.45,350.7,350.05,350.15,15822,BIOCON
12348,2025-08-29 13:15:00+05:30,350.15,350.9,350.15,350.8,5726,BIOCON
12349,2025-08-29 13:20:00+05:30,350.8,351.25,350.7,350.95,8835,BIOCON
12350,2025-08-29 13:25:00+05:30,350.95,351.05,350.7,350.85,6946,BIOCON
12351,2025-08-29 13:30:00+05:30,350.9,351.25,350.9,351.2,8457,BIOCON
12352,2025-08-29 13:35:00+05:30,351.2,351.25,350.8,351.0,13246,BIOCON
12353,2025-08-29 13:40:00+05:30,351.0,351.6,351.0,351.0,39724,BIOCON
12354,2025-08-29 13:45:00+05:30,351.0,351.5,350.65,351.35,7722,BIOCON
12355,2025-08-29 13:50:00+05:30,351.35,351.5,350.65,350.75,11083,BIOCON
12356,2025-08-29 13:55:00+05:30,350.75,351.05,350.15,350.2,9319,BIOCON
12357,2025-08-29 14:00:00+05:30,350.3,350.3,349.5,349.75,23276,BIOCON
12358,2025-08-29 14:05:00+05:30,349.75,350.55,349.75,350.25,8588,BIOCON
12359,2025-08-29 14:10:00+05:30,350.25,350.9,350.25,350.75,4867,BIOCON
12360,2025-08-29 14:15:00+05:30,350.75,350.75,349.95,350.35,39999,BIOCON
12361,2025-08-29 14:20:00+05:30,350.25,350.4,350.0,350.1,9397,BIOCON
12362,2025-08-29 14:25:00+05:30,350.1,350.15,349.55,349.7,6004,BIOCON
12363,2025-08-29 14:30:00+05:30,349.7,350.15,349.65,350.1,11292,BIOCON
12364,2025-08-29 14:35:00+05:30,350.1,350.25,349.8,349.95,7064,BIOCON
12365,2025-08-29 14:40:00+05:30,349.8,349.9,349.55,349.6,7273,BIOCON
12366,2025-08-29 14:45:00+05:30,349.55,349.8,349.5,349.65,12099,BIOCON
12367,2025-08-29 14:50:00+05:30,349.65,349.8,349.1,349.2,19062,BIOCON
12368,2025-08-29 14:55:00+05:30,349.2,349.8,349.2,349.8,8804,BIOCON
12369,2025-08-29 15:00:00+05:30,349.8,349.8,348.45,348.9,49448,BIOCON
12370,2025-08-29 15:05:00+05:30,348.9,349.15,348.4,348.55,32344,BIOCON
12371,2025-08-29 15:10:00+05:30,348.55,348.95,347.7,347.9,57289,BIOCON
12372,2025-08-29 15:15:00+05:30,347.9,348.15,347.8,348.0,45267,BIOCON
12373,2025-08-29 15:20:00+05:30,348.1,348.4,347.8,348.15,66182,BIOCON
12374,2025-08-29 15:25:00+05:30,348.2,348.7,347.15,347.35,81750,BIOCON
12375,2025-09-01 09:15:00+05:30,349.0,350.1,348.45,349.55,39979,BIOCON
12376,2025-09-01 09:20:00+05:30,349.45,351.25,349.15,351.2,23013,BIOCON
12377,2025-09-01 09:25:00+05:30,351.1,351.3,350.6,350.9,14358,BIOCON
12378,2025-09-01 09:30:00+05:30,350.85,351.15,350.45,350.95,14314,BIOCON
12379,2025-09-01 09:35:00+05:30,350.9,351.45,350.9,350.9,8143,BIOCON
12380,2025-09-01 09:40:00+05:30,350.9,351.85,350.8,351.85,5579,BIOCON
12381,2025-09-01 09:45:00+05:30,351.85,352.6,351.85,352.55,35287,BIOCON
12382,2025-09-01 09:50:00+05:30,352.55,353.25,352.0,352.0,31767,BIOCON
12383,2025-09-01 09:55:00+05:30,352.0,352.0,351.5,351.55,12171,BIOCON
12384,2025-09-01 10:00:00+05:30,351.55,351.75,350.55,351.5,45061,BIOCON
12385,2025-09-01 10:05:00+05:30,351.5,351.5,350.55,350.6,14122,BIOCON
12386,2025-09-01 10:10:00+05:30,350.6,351.25,350.5,350.95,16698,BIOCON
12387,2025-09-01 10:15:00+05:30,350.95,351.4,350.15,350.4,21203,BIOCON
12388,2025-09-01 10:20:00+05:30,350.4,350.6,349.95,350.5,14234,BIOCON
12389,2025-09-01 10:25:00+05:30,350.45,350.55,350.35,350.55,6273,BIOCON
12390,2025-09-01 10:30:00+05:30,350.5,350.55,350.3,350.45,3511,BIOCON
12391,2025-09-01 10:35:00+05:30,350.4,350.45,350.2,350.25,4131,BIOCON
12392,2025-09-01 10:40:00+05:30,350.25,350.55,350.2,350.5,12203,BIOCON
12393,2025-09-01 10:45:00+05:30,350.45,350.45,349.35,349.5,20044,BIOCON
12394,2025-09-01 10:50:00+05:30,349.4,349.4,348.4,348.4,22411,BIOCON
12395,2025-09-01 10:55:00+05:30,348.4,349.45,348.35,349.4,9374,BIOCON
12396,2025-09-01 11:00:00+05:30,349.35,349.65,349.15,349.15,10316,BIOCON
12397,2025-09-01 11:05:00+05:30,349.15,349.2,348.5,349.05,26815,BIOCON
12398,2025-09-01 11:10:00+05:30,349.0,349.35,349.0,349.25,7001,BIOCON
12399,2025-09-01 11:15:00+05:30,349.3,349.3,348.7,348.7,7011,BIOCON
12400,2025-09-01 11:20:00+05:30,348.7,349.2,348.55,349.0,29348,BIOCON
12401,2025-09-01 11:25:00+05:30,349.0,349.05,348.6,348.85,8992,BIOCON
12402,2025-09-01 11:30:00+05:30,348.85,349.0,348.7,348.75,6371,BIOCON
12403,2025-09-01 11:35:00+05:30,348.75,348.8,348.55,348.65,7688,BIOCON
12404,2025-09-01 11:40:00+05:30,348.6,348.8,348.3,348.3,17158,BIOCON
12405,2025-09-01 11:45:00+05:30,348.3,348.45,347.5,347.6,35447,BIOCON
12406,2025-09-01 11:50:00+05:30,347.55,347.95,347.1,347.4,14942,BIOCON
12407,2025-09-01 11:55:00+05:30,347.25,347.35,346.8,346.8,14767,BIOCON
12408,2025-09-01 12:00:00+05:30,346.8,347.85,346.8,347.5,18221,BIOCON
12409,2025-09-01 12:05:00+05:30,347.5,347.75,347.5,347.5,8900,BIOCON
12410,2025-09-01 12:10:00+05:30,347.5,347.75,347.1,347.1,50895,BIOCON
12411,2025-09-01 12:15:00+05:30,347.2,347.2,346.8,346.8,9172,BIOCON
12412,2025-09-01 12:20:00+05:30,346.8,347.35,346.8,347.1,5845,BIOCON
12413,2025-09-01 12:25:00+05:30,347.1,347.4,346.85,347.15,9128,BIOCON
12414,2025-09-01 12:30:00+05:30,347.2,347.4,346.8,347.4,25806,BIOCON
12415,2025-09-01 12:35:00+05:30,347.55,349.25,347.55,348.85,22156,BIOCON
12416,2025-09-01 12:40:00+05:30,348.85,349.5,348.75,349.1,10141,BIOCON
12417,2025-09-01 12:45:00+05:30,349.2,349.2,348.4,348.4,31425,BIOCON
12418,2025-09-01 12:50:00+05:30,348.5,348.75,348.15,348.55,8391,BIOCON
12419,2025-09-01 12:55:00+05:30,348.55,348.75,348.45,348.5,7573,BIOCON
12420,2025-09-01 13:00:00+05:30,348.65,348.8,348.35,348.6,13989,BIOCON
12421,2025-09-01 13:05:00+05:30,348.55,349.0,348.2,348.9,27979,BIOCON
12422,2025-09-01 13:10:00+05:30,348.8,349.5,348.7,349.4,10413,BIOCON
12423,2025-09-01 13:15:00+05:30,349.4,349.45,349.0,349.0,3793,BIOCON
12424,2025-09-01 13:20:00+05:30,349.2,349.35,348.65,348.95,6754,BIOCON
12425,2025-09-01 13:25:00+05:30,348.9,349.9,348.8,349.5,98836,BIOCON
12426,2025-09-01 13:30:00+05:30,349.6,349.9,349.5,349.7,6068,BIOCON
12427,2025-09-01 13:35:00+05:30,349.7,352.3,349.55,352.0,130988,BIOCON
12428,2025-09-01 13:40:00+05:30,352.0,352.2,351.75,352.0,60445,BIOCON
12429,2025-09-01 13:45:00+05:30,352.0,352.25,351.7,352.1,45662,BIOCON
12430,2025-09-01 13:50:00+05:30,352.15,352.75,352.0,352.5,27674,BIOCON
12431,2025-09-01 13:55:00+05:30,352.6,352.8,352.5,352.7,6914,BIOCON
12432,2025-09-01 14:00:00+05:30,352.7,352.95,352.45,352.75,16506,BIOCON
12433,2025-09-01 14:05:00+05:30,352.95,353.25,352.75,353.25,13829,BIOCON
12434,2025-09-01 14:10:00+05:30,353.1,353.25,353.0,353.1,10270,BIOCON
12435,2025-09-01 14:15:00+05:30,353.1,353.15,352.35,352.5,24204,BIOCON
12436,2025-09-01 14:20:00+05:30,352.5,352.9,352.3,352.45,15596,BIOCON
12437,2025-09-01 14:25:00+05:30,352.6,352.6,352.15,352.15,7270,BIOCON
12438,2025-09-01 14:30:00+05:30,352.2,352.6,352.2,352.5,8496,BIOCON
12439,2025-09-01 14:35:00+05:30,352.4,352.5,352.2,352.4,5133,BIOCON
12440,2025-09-01 14:40:00+05:30,352.45,353.0,352.4,353.0,17863,BIOCON
12441,2025-09-01 14:45:00+05:30,352.95,353.4,352.3,352.45,36780,BIOCON
12442,2025-09-01 14:50:00+05:30,352.5,352.65,352.35,352.6,10693,BIOCON
12443,2025-09-01 14:55:00+05:30,352.6,353.0,352.25,353.0,21589,BIOCON
12444,2025-09-01 15:00:00+05:30,352.95,353.1,352.2,352.65,26147,BIOCON
12445,2025-09-01 15:05:00+05:30,352.65,352.95,352.3,352.75,24034,BIOCON
12446,2025-09-01 15:10:00+05:30,352.7,352.8,352.25,352.7,32863,BIOCON
12447,2025-09-01 15:15:00+05:30,352.7,352.85,352.4,352.75,34916,BIOCON
12448,2025-09-01 15:20:00+05:30,352.75,353.0,352.1,352.4,47563,BIOCON
12449,2025-09-01 15:25:00+05:30,352.4,352.85,352.0,352.0,33329,BIOCON
12450,2025-09-02 09:15:00+05:30,353.4,354.1,351.2,351.25,52191,BIOCON
12451,2025-09-02 09:20:00+05:30,351.55,351.9,351.0,351.0,23336,BIOCON
12452,2025-09-02 09:25:00+05:30,351.0,351.95,349.7,350.15,79033,BIOCON
12453,2025-09-02 09:30:00+05:30,350.4,351.2,350.0,351.15,25999,BIOCON
12454,2025-09-02 09:35:00+05:30,351.2,351.3,350.75,351.15,11888,BIOCON
12455,2025-09-02 09:40:00+05:30,351.15,351.9,351.15,351.8,28649,BIOCON
12456,2025-09-02 09:45:00+05:30,351.65,352.3,351.65,352.2,15950,BIOCON
12457,2025-09-02 09:50:00+05:30,352.2,352.3,351.2,351.25,38231,BIOCON
12458,2025-09-02 09:55:00+05:30,351.5,351.9,351.35,351.9,3935,BIOCON
12459,2025-09-02 10:00:00+05:30,352.0,352.15,351.8,352.1,14941,BIOCON
12460,2025-09-02 10:05:00+05:30,352.2,352.2,351.85,352.0,3647,BIOCON
12461,2025-09-02 10:10:00+05:30,352.0,352.15,351.6,351.85,14198,BIOCON
12462,2025-09-02 10:15:00+05:30,352.1,352.4,351.85,352.25,2227,BIOCON
12463,2025-09-02 10:20:00+05:30,352.3,353.25,352.3,352.85,17840,BIOCON
12464,2025-09-02 10:25:00+05:30,353.05,353.1,352.8,353.0,5353,BIOCON
12465,2025-09-02 10:30:00+05:30,353.0,353.85,353.0,353.35,17295,BIOCON
12466,2025-09-02 10:35:00+05:30,353.5,353.5,352.8,353.0,7206,BIOCON
12467,2025-09-02 10:40:00+05:30,353.0,353.0,352.25,352.3,4867,BIOCON
12468,2025-09-02 10:45:00+05:30,352.35,352.45,352.1,352.25,8411,BIOCON
12469,2025-09-02 10:50:00+05:30,352.2,352.35,351.9,352.0,11687,BIOCON
12470,2025-09-02 10:55:00+05:30,352.0,352.0,351.2,351.8,12747,BIOCON
12471,2025-09-02 11:00:00+05:30,351.75,352.0,351.5,351.6,6169,BIOCON
12472,2025-09-02 11:05:00+05:30,351.5,351.6,351.25,351.4,7019,BIOCON
12473,2025-09-02 11:10:00+05:30,351.55,351.7,351.3,351.3,10524,BIOCON
12474,2025-09-02 11:15:00+05:30,351.3,351.5,351.15,351.15,3959,BIOCON
12475,2025-09-02 11:20:00+05:30,351.15,351.35,351.1,351.1,6396,BIOCON
12476,2025-09-02 11:25:00+05:30,351.1,351.3,350.6,350.85,10672,BIOCON
12477,2025-09-02 11:30:00+05:30,350.85,352.0,350.85,351.95,26127,BIOCON
12478,2025-09-02 11:35:00+05:30,351.8,352.6,351.6,352.05,414901,BIOCON
12479,2025-09-02 11:40:00+05:30,352.05,352.15,351.35,351.9,23967,BIOCON
12480,2025-09-02 11:45:00+05:30,351.9,352.2,351.25,351.3,13635,BIOCON
12481,2025-09-02 11:50:00+05:30,351.3,351.6,351.0,351.1,7073,BIOCON
12482,2025-09-02 11:55:00+05:30,351.1,351.8,351.1,351.55,6687,BIOCON
12483,2025-09-02 12:00:00+05:30,351.55,351.75,351.45,351.45,3217,BIOCON
12484,2025-09-02 12:05:00+05:30,351.5,351.8,351.5,351.5,3445,BIOCON
12485,2025-09-02 12:10:00+05:30,351.5,351.8,351.05,351.35,5759,BIOCON
12486,2025-09-02 12:15:00+05:30,351.35,351.9,351.25,351.25,7043,BIOCON
12487,2025-09-02 12:20:00+05:30,351.25,351.35,351.05,351.1,12947,BIOCON
12488,2025-09-02 12:25:00+05:30,351.1,351.7,351.1,351.6,4332,BIOCON
12489,2025-09-02 12:30:00+05:30,351.6,351.85,351.1,351.15,10192,BIOCON
12490,2025-09-02 12:35:00+05:30,351.15,351.35,351.0,351.15,15119,BIOCON
12491,2025-09-02 12:40:00+05:30,351.15,351.25,351.0,351.15,3239,BIOCON
12492,2025-09-02 12:45:00+05:30,351.15,351.35,351.0,351.1,3543,BIOCON
12493,2025-09-02 12:50:00+05:30,351.1,351.3,351.0,351.05,4067,BIOCON
12494,2025-09-02 12:55:00+05:30,351.05,351.3,350.9,351.0,8983,BIOCON
12495,2025-09-02 13:00:00+05:30,351.15,351.3,350.95,351.05,6073,BIOCON
12496,2025-09-02 13:05:00+05:30,351.05,351.45,351.0,351.25,3687,BIOCON
12497,2025-09-02 13:10:00+05:30,351.25,351.4,351.0,351.05,9349,BIOCON
12498,2025-09-02 13:15:00+05:30,351.2,351.2,350.85,351.05,11786,BIOCON
12499,2025-09-02 13:20:00+05:30,351.05,351.1,349.7,349.75,37973,BIOCON
12500,2025-09-02 13:25:00+05:30,349.9,349.95,349.5,349.55,7138,BIOCON
12501,2025-09-02 13:30:00+05:30,349.6,350.6,349.3,350.6,39195,BIOCON
12502,2025-09-02 13:35:00+05:30,350.9,353.1,350.9,352.6,159701,BIOCON
12503,2025-09-02 13:40:00+05:30,352.6,352.6,351.9,352.0,39978,BIOCON
12504,2025-09-02 13:45:00+05:30,352.1,352.4,351.9,352.2,41468,BIOCON
12505,2025-09-02 13:50:00+05:30,352.35,352.5,352.05,352.05,11638,BIOCON
12506,2025-09-02 13:55:00+05:30,352.05,352.2,351.85,352.0,55228,BIOCON
12507,2025-09-02 14:00:00+05:30,352.0,352.3,351.95,352.2,48764,BIOCON
12508,2025-09-02 14:05:00+05:30,352.25,352.95,351.8,352.85,36295,BIOCON
12509,2025-09-02 14:10:00+05:30,352.8,353.6,352.75,353.25,49255,BIOCON
12510,2025-09-02 14:15:00+05:30,353.25,353.45,352.75,352.95,10940,BIOCON
12511,2025-09-02 14:20:00+05:30,352.95,353.4,352.7,352.8,25649,BIOCON
12512,2025-09-02 14:25:00+05:30,352.8,353.25,352.4,352.9,22826,BIOCON
12513,2025-09-02 14:30:00+05:30,352.75,352.95,352.65,352.95,6787,BIOCON
12514,2025-09-02 14:35:00+05:30,352.95,354.7,352.8,354.7,51903,BIOCON
12515,2025-09-02 14:40:00+05:30,354.7,355.1,354.45,355.0,43739,BIOCON
12516,2025-09-02 14:45:00+05:30,355.05,355.8,354.95,355.45,39315,BIOCON
12517,2025-09-02 14:50:00+05:30,355.45,355.55,355.05,355.3,24142,BIOCON
12518,2025-09-02 14:55:00+05:30,355.3,356.1,355.1,355.25,72813,BIOCON
12519,2025-09-02 15:00:00+05:30,355.25,356.0,355.15,355.5,168858,BIOCON
12520,2025-09-02 15:05:00+05:30,355.5,356.95,355.5,356.45,283727,BIOCON
12521,2025-09-02 15:10:00+05:30,356.45,357.0,355.75,356.15,242628,BIOCON
12522,2025-09-02 15:15:00+05:30,356.2,356.35,355.1,355.9,238395,BIOCON
12523,2025-09-02 15:20:00+05:30,355.85,356.4,355.45,355.95,201784,BIOCON
12524,2025-09-02 15:25:00+05:30,356.0,356.0,353.9,354.3,39539,BIOCON
12525,2025-09-03 09:15:00+05:30,355.5,356.4,354.35,355.2,59531,BIOCON
12526,2025-09-03 09:20:00+05:30,355.3,355.45,353.85,354.0,28878,BIOCON
12527,2025-09-03 09:25:00+05:30,354.1,355.2,353.85,354.75,13796,BIOCON
12528,2025-09-03 09:30:00+05:30,354.85,355.6,354.3,355.6,27921,BIOCON
12529,2025-09-03 09:35:00+05:30,355.5,356.05,354.75,354.85,24425,BIOCON
12530,2025-09-03 09:40:00+05:30,354.85,355.55,354.5,355.55,28741,BIOCON
12531,2025-09-03 09:45:00+05:30,355.85,356.3,355.55,355.55,38634,BIOCON
12532,2025-09-03 09:50:00+05:30,355.6,356.9,355.25,356.55,16484,BIOCON
12533,2025-09-03 09:55:00+05:30,356.6,357.5,356.6,357.4,28622,BIOCON
12534,2025-09-03 10:00:00+05:30,357.45,358.5,357.4,358.5,44588,BIOCON
12535,2025-09-03 10:05:00+05:30,358.5,358.7,358.05,358.25,23981,BIOCON
12536,2025-09-03 10:10:00+05:30,358.2,358.3,357.45,357.8,20993,BIOCON
12537,2025-09-03 10:15:00+05:30,357.55,357.95,357.4,357.95,7827,BIOCON
12538,2025-09-03 10:20:00+05:30,357.9,357.9,357.05,357.25,11930,BIOCON
12539,2025-09-03 10:25:00+05:30,357.25,357.4,356.85,357.1,11147,BIOCON
12540,2025-09-03 10:30:00+05:30,357.0,357.45,357.0,357.3,3095,BIOCON
12541,2025-09-03 10:35:00+05:30,357.3,357.45,356.45,356.45,12477,BIOCON
12542,2025-09-03 10:40:00+05:30,356.5,356.55,356.05,356.3,10361,BIOCON
12543,2025-09-03 10:45:00+05:30,356.3,356.8,355.8,356.8,11255,BIOCON
12544,2025-09-03 10:50:00+05:30,356.5,356.65,356.2,356.45,3406,BIOCON
12545,2025-09-03 10:55:00+05:30,356.3,356.9,356.3,356.85,7748,BIOCON
12546,2025-09-03 11:00:00+05:30,356.7,358.9,356.7,358.8,42068,BIOCON
12547,2025-09-03 11:05:00+05:30,358.9,360.6,358.75,360.05,205214,BIOCON
12548,2025-09-03 11:10:00+05:30,360.15,362.0,360.0,361.85,151554,BIOCON
12549,2025-09-03 11:15:00+05:30,361.85,363.3,361.75,363.05,142494,BIOCON
12550,2025-09-03 11:20:00+05:30,363.0,363.5,362.85,363.1,48410,BIOCON
12551,2025-09-03 11:25:00+05:30,363.15,363.3,362.25,362.55,66198,BIOCON
12552,2025-09-03 11:30:00+05:30,362.7,362.8,361.85,362.65,17807,BIOCON
12553,2025-09-03 11:35:00+05:30,362.7,362.85,362.15,362.8,19662,BIOCON
12554,2025-09-03 11:40:00+05:30,362.85,362.95,362.7,362.75,9497,BIOCON
12555,2025-09-03 11:45:00+05:30,362.75,362.95,362.4,362.7,10287,BIOCON
12556,2025-09-03 11:50:00+05:30,362.7,362.8,362.4,362.45,11576,BIOCON
12557,2025-09-03 11:55:00+05:30,362.45,362.65,362.3,362.35,20589,BIOCON
12558,2025-09-03 12:00:00+05:30,362.3,362.3,361.6,361.75,12357,BIOCON
12559,2025-09-03 12:05:00+05:30,361.75,362.5,361.75,362.5,92908,BIOCON
12560,2025-09-03 12:10:00+05:30,362.5,362.5,362.0,362.1,11741,BIOCON
12561,2025-09-03 12:15:00+05:30,362.1,362.35,361.4,361.65,20204,BIOCON
12562,2025-09-03 12:20:00+05:30,361.7,361.7,361.35,361.6,12158,BIOCON
12563,2025-09-03 12:25:00+05:30,361.6,361.6,361.2,361.25,13256,BIOCON
12564,2025-09-03 12:30:00+05:30,361.25,361.5,361.2,361.25,5723,BIOCON
12565,2025-09-03 12:35:00+05:30,361.45,361.5,361.25,361.35,5643,BIOCON
12566,2025-09-03 12:40:00+05:30,361.35,361.5,361.25,361.45,13543,BIOCON
12567,2025-09-03 12:45:00+05:30,361.5,361.5,361.1,361.1,16486,BIOCON
12568,2025-09-03 12:50:00+05:30,361.2,361.2,360.55,360.55,14959,BIOCON
12569,2025-09-03 12:55:00+05:30,360.7,360.75,360.05,360.25,15794,BIOCON
12570,2025-09-03 13:00:00+05:30,360.25,360.6,359.6,360.6,74123,BIOCON
12571,2025-09-03 13:05:00+05:30,360.6,361.4,360.55,361.05,12213,BIOCON
12572,2025-09-03 13:10:00+05:30,361.05,361.35,360.75,361.3,16741,BIOCON
12573,2025-09-03 13:15:00+05:30,361.3,361.75,361.2,361.75,5125,BIOCON
12574,2025-09-03 13:20:00+05:30,361.75,362.05,361.45,361.45,15061,BIOCON
12575,2025-09-03 13:25:00+05:30,361.5,361.5,360.5,360.7,20767,BIOCON
12576,2025-09-03 13:30:00+05:30,360.7,360.9,360.5,360.8,8804,BIOCON
12577,2025-09-03 13:35:00+05:30,360.75,360.75,360.05,360.5,15146,BIOCON
12578,2025-09-03 13:40:00+05:30,360.5,360.9,360.15,360.85,14823,BIOCON
12579,2025-09-03 13:45:00+05:30,360.8,360.9,360.8,360.85,7395,BIOCON
12580,2025-09-03 13:50:00+05:30,360.85,360.9,360.1,360.5,19277,BIOCON
12581,2025-09-03 13:55:00+05:30,360.6,360.65,360.3,360.6,6840,BIOCON
12582,2025-09-03 14:00:00+05:30,360.6,360.9,360.5,360.9,5350,BIOCON
12583,2025-09-03 14:05:00+05:30,360.9,361.2,360.05,361.2,35007,BIOCON
12584,2025-09-03 14:10:00+05:30,361.2,363.0,361.2,361.9,129052,BIOCON
12585,2025-09-03 14:15:00+05:30,362.1,362.5,361.95,362.25,12001,BIOCON
12586,2025-09-03 14:20:00+05:30,362.25,362.65,361.85,361.95,28832,BIOCON
12587,2025-09-03 14:25:00+05:30,362.0,362.35,361.55,362.05,19490,BIOCON
12588,2025-09-03 14:30:00+05:30,362.05,362.35,361.35,361.85,13289,BIOCON
12589,2025-09-03 14:35:00+05:30,361.95,362.0,360.6,361.0,51911,BIOCON
12590,2025-09-03 14:40:00+05:30,361.0,361.0,360.6,360.95,16692,BIOCON
12591,2025-09-03 14:45:00+05:30,360.95,361.15,360.8,361.1,13347,BIOCON
12592,2025-09-03 14:50:00+05:30,361.05,362.3,360.75,362.2,52538,BIOCON
12593,2025-09-03 14:55:00+05:30,362.2,362.65,361.6,362.0,91169,BIOCON
12594,2025-09-03 15:00:00+05:30,361.95,362.5,361.05,361.8,116332,BIOCON
12595,2025-09-03 15:05:00+05:30,361.8,362.0,361.45,361.7,84994,BIOCON
12596,2025-09-03 15:10:00+05:30,361.7,361.75,361.25,361.55,86367,BIOCON
12597,2025-09-03 15:15:00+05:30,361.5,361.75,361.1,361.4,121620,BIOCON
12598,2025-09-03 15:20:00+05:30,361.4,361.5,361.25,361.4,59111,BIOCON
12599,2025-09-03 15:25:00+05:30,361.25,361.4,360.2,360.95,62722,BIOCON
12600,2025-09-04 09:15:00+05:30,364.5,364.55,360.75,360.95,66200,BIOCON
12601,2025-09-04 09:20:00+05:30,360.7,360.8,359.55,360.25,29600,BIOCON
12602,2025-09-04 09:25:00+05:30,360.4,360.5,359.85,360.4,15607,BIOCON
12603,2025-09-04 09:30:00+05:30,360.4,361.5,360.1,360.8,24259,BIOCON
12604,2025-09-04 09:35:00+05:30,360.8,361.45,360.8,361.2,15450,BIOCON
12605,2025-09-04 09:40:00+05:30,361.2,361.4,360.45,360.6,16890,BIOCON
12606,2025-09-04 09:45:00+05:30,360.6,361.4,360.6,361.4,20078,BIOCON
12607,2025-09-04 09:50:00+05:30,361.4,362.6,361.4,362.45,16966,BIOCON
12608,2025-09-04 09:55:00+05:30,362.45,362.6,361.9,362.4,17205,BIOCON
12609,2025-09-04 10:00:00+05:30,362.45,362.45,361.6,362.05,20652,BIOCON
12610,2025-09-04 10:05:00+05:30,362.3,362.3,360.9,361.0,24939,BIOCON
12611,2025-09-04 10:10:00+05:30,361.0,361.3,360.6,360.75,11572,BIOCON
12612,2025-09-04 10:15:00+05:30,360.75,361.85,360.3,361.4,6965,BIOCON
12613,2025-09-04 10:20:00+05:30,361.4,361.85,361.35,361.65,3433,BIOCON
12614,2025-09-04 10:25:00+05:30,361.85,361.9,360.7,360.8,18660,BIOCON
12615,2025-09-04 10:30:00+05:30,360.8,361.25,360.8,361.15,1679,BIOCON
12616,2025-09-04 10:35:00+05:30,361.1,361.1,360.3,360.85,10211,BIOCON
12617,2025-09-04 10:40:00+05:30,360.7,360.75,360.05,360.2,11391,BIOCON
12618,2025-09-04 10:45:00+05:30,360.2,361.0,360.1,361.0,4811,BIOCON
12619,2025-09-04 10:50:00+05:30,361.0,361.3,360.3,360.4,27264,BIOCON
12620,2025-09-04 10:55:00+05:30,360.4,361.4,360.15,360.6,19057,BIOCON
12621,2025-09-04 11:00:00+05:30,360.8,361.2,359.85,360.35,45758,BIOCON
12622,2025-09-04 11:05:00+05:30,360.35,360.35,359.45,359.85,6462,BIOCON
12623,2025-09-04 11:10:00+05:30,359.85,360.0,359.65,359.75,1456,BIOCON
12624,2025-09-04 11:15:00+05:30,359.75,359.75,359.45,359.45,4078,BIOCON
12625,2025-09-04 11:20:00+05:30,359.45,359.45,358.55,358.7,35362,BIOCON
12626,2025-09-04 11:25:00+05:30,358.7,359.3,358.7,359.3,3816,BIOCON
12627,2025-09-04 11:30:00+05:30,359.3,359.85,359.3,359.55,10505,BIOCON
12628,2025-09-04 11:35:00+05:30,359.5,359.5,358.9,358.9,10613,BIOCON
12629,2025-09-04 11:40:00+05:30,358.9,359.5,358.85,359.4,19061,BIOCON
12630,2025-09-04 11:45:00+05:30,359.3,359.95,359.3,359.45,13729,BIOCON
12631,2025-09-04 11:50:00+05:30,359.4,359.4,358.95,358.95,11823,BIOCON
12632,2025-09-04 11:55:00+05:30,359.0,359.1,358.75,358.75,3102,BIOCON
12633,2025-09-04 12:00:00+05:30,358.8,358.8,357.9,358.0,32725,BIOCON
12634,2025-09-04 12:05:00+05:30,357.95,358.55,357.95,358.4,3506,BIOCON
12635,2025-09-04 12:10:00+05:30,358.25,358.4,357.6,357.65,3734,BIOCON
12636,2025-09-04 12:15:00+05:30,357.75,358.15,357.5,357.55,10956,BIOCON
12637,2025-09-04 12:20:00+05:30,357.7,358.75,357.5,358.2,15282,BIOCON
12638,2025-09-04 12:25:00+05:30,358.2,358.65,357.75,358.6,7237,BIOCON
12639,2025-09-04 12:30:00+05:30,358.75,359.45,358.6,359.35,2383,BIOCON
12640,2025-09-04 12:35:00+05:30,359.45,359.7,359.35,359.4,7204,BIOCON
12641,2025-09-04 12:40:00+05:30,359.55,359.75,359.4,359.6,6489,BIOCON
12642,2025-09-04 12:45:00+05:30,359.7,360.1,359.6,360.05,6117,BIOCON
12643,2025-09-04 12:50:00+05:30,359.95,360.0,359.7,359.75,3818,BIOCON
12644,2025-09-04 12:55:00+05:30,359.75,360.2,359.75,359.95,6908,BIOCON
12645,2025-09-04 13:00:00+05:30,359.95,360.0,359.15,359.4,12279,BIOCON
12646,2025-09-04 13:05:00+05:30,359.45,359.55,358.3,358.3,10771,BIOCON
12647,2025-09-04 13:10:00+05:30,358.4,358.55,358.2,358.2,8192,BIOCON
12648,2025-09-04 13:15:00+05:30,358.2,358.4,357.6,357.7,8139,BIOCON
12649,2025-09-04 13:20:00+05:30,357.7,358.2,357.6,357.9,11297,BIOCON
12650,2025-09-04 13:25:00+05:30,357.95,358.2,357.8,357.9,5772,BIOCON
12651,2025-09-04 13:30:00+05:30,357.9,358.35,357.9,357.9,6824,BIOCON
12652,2025-09-04 13:35:00+05:30,357.9,358.15,357.6,357.75,12197,BIOCON
12653,2025-09-04 13:40:00+05:30,357.9,358.2,357.05,357.15,29275,BIOCON
12654,2025-09-04 13:45:00+05:30,357.1,357.3,356.6,357.0,18671,BIOCON
12655,2025-09-04 13:50:00+05:30,357.2,357.7,356.9,357.5,9232,BIOCON
12656,2025-09-04 13:55:00+05:30,357.5,357.8,357.0,357.0,22765,BIOCON
12657,2025-09-04 14:00:00+05:30,357.0,357.5,357.0,357.5,10690,BIOCON
12658,2025-09-04 14:05:00+05:30,357.5,357.7,357.0,357.0,7569,BIOCON
12659,2025-09-04 14:10:00+05:30,357.2,357.35,356.8,357.15,7148,BIOCON
12660,2025-09-04 14:15:00+05:30,357.0,357.2,356.65,356.65,9256,BIOCON
12661,2025-09-04 14:20:00+05:30,356.75,357.0,355.95,356.05,37617,BIOCON
12662,2025-09-04 14:25:00+05:30,356.1,356.1,355.0,355.9,53275,BIOCON
12663,2025-09-04 14:30:00+05:30,355.95,357.7,355.8,357.3,13680,BIOCON
12664,2025-09-04 14:35:00+05:30,357.45,357.9,357.05,357.2,22778,BIOCON
12665,2025-09-04 14:40:00+05:30,357.2,358.0,357.0,357.9,22296,BIOCON
12666,2025-09-04 14:45:00+05:30,357.85,358.0,357.3,357.6,12010,BIOCON
12667,2025-09-04 14:50:00+05:30,357.55,357.7,356.75,356.95,6742,BIOCON
12668,2025-09-04 14:55:00+05:30,357.0,357.5,356.8,356.8,6150,BIOCON
12669,2025-09-04 15:00:00+05:30,356.9,357.35,356.5,356.7,21409,BIOCON
12670,2025-09-04 15:05:00+05:30,356.7,356.95,356.4,356.65,23554,BIOCON
12671,2025-09-04 15:10:00+05:30,356.6,356.95,355.95,356.35,25004,BIOCON
12672,2025-09-04 15:15:00+05:30,356.3,356.6,355.85,356.55,33936,BIOCON
12673,2025-09-04 15:20:00+05:30,356.6,357.95,356.6,357.75,56600,BIOCON
12674,2025-09-04 15:25:00+05:30,357.75,357.85,357.0,357.5,23319,BIOCON
12675,2025-09-05 09:15:00+05:30,354.0,358.4,354.0,357.75,193950,BIOCON
12676,2025-09-05 09:20:00+05:30,357.75,359.3,357.4,357.6,73101,BIOCON
12677,2025-09-05 09:25:00+05:30,357.55,362.15,357.45,362.15,161438,BIOCON
12678,2025-09-05 09:30:00+05:30,362.0,362.95,361.75,362.25,115492,BIOCON
12679,2025-09-05 09:35:00+05:30,362.3,362.95,362.05,362.4,60638,BIOCON
12680,2025-09-05 09:40:00+05:30,362.3,362.35,361.2,362.0,54673,BIOCON
12681,2025-09-05 09:45:00+05:30,362.15,363.5,361.85,363.25,60092,BIOCON
12682,2025-09-05 09:50:00+05:30,363.3,363.6,363.05,363.2,31648,BIOCON
12683,2025-09-05 09:55:00+05:30,363.1,363.4,362.6,363.3,26375,BIOCON
12684,2025-09-05 10:00:00+05:30,363.35,364.45,363.35,364.45,64240,BIOCON
12685,2025-09-05 10:05:00+05:30,364.35,364.8,364.1,364.15,53020,BIOCON
12686,2025-09-05 10:10:00+05:30,364.25,364.35,361.5,361.8,76280,BIOCON
12687,2025-09-05 10:15:00+05:30,361.8,361.95,360.7,361.55,50358,BIOCON
12688,2025-09-05 10:20:00+05:30,361.55,362.7,361.1,362.65,35138,BIOCON
12689,2025-09-05 10:25:00+05:30,362.65,362.7,362.05,362.1,26810,BIOCON
12690,2025-09-05 10:30:00+05:30,362.15,362.55,361.4,361.9,26637,BIOCON
12691,2025-09-05 10:35:00+05:30,361.95,362.2,361.65,361.95,16656,BIOCON
12692,2025-09-05 10:40:00+05:30,362.0,362.45,361.3,361.6,29709,BIOCON
12693,2025-09-05 10:45:00+05:30,361.8,361.8,360.35,360.65,32415,BIOCON
12694,2025-09-05 10:50:00+05:30,360.5,360.65,360.2,360.35,21026,BIOCON
12695,2025-09-05 10:55:00+05:30,360.35,361.3,360.25,360.85,31296,BIOCON
12696,2025-09-05 11:00:00+05:30,361.0,362.0,360.65,361.85,24067,BIOCON
12697,2025-09-05 11:05:00+05:30,361.85,363.5,361.6,362.75,43220,BIOCON
12698,2025-09-05 11:10:00+05:30,362.75,363.3,362.65,363.0,10448,BIOCON
12699,2025-09-05 11:15:00+05:30,363.1,363.2,362.15,362.5,14857,BIOCON
12700,2025-09-05 11:20:00+05:30,362.6,362.95,362.05,362.25,8269,BIOCON
12701,2025-09-05 11:25:00+05:30,362.3,363.15,362.05,362.95,10261,BIOCON
12702,2025-09-05 11:30:00+05:30,363.0,363.5,362.85,363.4,12562,BIOCON
12703,2025-09-05 11:35:00+05:30,363.35,363.4,362.85,363.2,20396,BIOCON
12704,2025-09-05 11:40:00+05:30,363.25,363.25,362.45,362.6,9211,BIOCON
12705,2025-09-05 11:45:00+05:30,362.6,362.6,361.65,362.0,11017,BIOCON
12706,2025-09-05 11:50:00+05:30,362.1,362.5,362.0,362.3,6296,BIOCON
12707,2025-09-05 11:55:00+05:30,362.35,362.5,361.8,362.3,15375,BIOCON
12708,2025-09-05 12:00:00+05:30,362.4,362.5,361.2,361.25,12075,BIOCON
12709,2025-09-05 12:05:00+05:30,361.25,362.0,361.25,361.9,2570,BIOCON
12710,2025-09-05 12:10:00+05:30,361.95,362.0,361.3,361.35,6438,BIOCON
12711,2025-09-05 12:15:00+05:30,361.4,361.6,360.75,360.85,20511,BIOCON
12712,2025-09-05 12:20:00+05:30,361.0,361.3,360.65,360.8,7610,BIOCON
12713,2025-09-05 12:25:00+05:30,360.85,361.05,360.65,360.8,7836,BIOCON
12714,2025-09-05 12:30:00+05:30,360.85,361.35,360.75,360.85,11845,BIOCON
12715,2025-09-05 12:35:00+05:30,360.9,361.5,360.7,361.4,9767,BIOCON
12716,2025-09-05 12:40:00+05:30,361.35,361.5,361.05,361.05,7979,BIOCON
12717,2025-09-05 12:45:00+05:30,361.1,361.2,360.4,360.7,25656,BIOCON
12718,2025-09-05 12:50:00+05:30,360.7,361.0,360.5,360.95,5256,BIOCON
12719,2025-09-05 12:55:00+05:30,361.0,361.05,360.5,360.85,15316,BIOCON
12720,2025-09-05 13:00:00+05:30,360.95,361.15,360.6,360.65,23821,BIOCON
12721,2025-09-05 13:05:00+05:30,360.75,361.15,360.65,360.75,10646,BIOCON
12722,2025-09-05 13:10:00+05:30,360.8,361.85,360.75,361.55,19407,BIOCON
12723,2025-09-05 13:15:00+05:30,361.6,362.0,361.4,361.85,20898,BIOCON
12724,2025-09-05 13:20:00+05:30,361.95,362.0,361.5,361.5,3597,BIOCON
12725,2025-09-05 13:25:00+05:30,361.65,361.95,361.45,361.7,26593,BIOCON
12726,2025-09-05 13:30:00+05:30,361.8,361.95,361.6,361.75,12551,BIOCON
12727,2025-09-05 13:35:00+05:30,361.8,362.15,361.65,361.65,18657,BIOCON
12728,2025-09-05 13:40:00+05:30,361.75,362.0,361.55,361.75,5866,BIOCON
12729,2025-09-05 13:45:00+05:30,361.7,362.1,361.65,361.9,10263,BIOCON
12730,2025-09-05 13:50:00+05:30,361.95,363.0,361.8,362.75,95424,BIOCON
12731,2025-09-05 13:55:00+05:30,362.75,363.9,362.75,363.6,23239,BIOCON
12732,2025-09-05 14:00:00+05:30,363.75,364.2,363.55,363.95,24650,BIOCON
12733,2025-09-05 14:05:00+05:30,363.95,363.95,363.25,363.75,12305,BIOCON
12734,2025-09-05 14:10:00+05:30,363.7,363.9,363.3,363.75,13034,BIOCON
12735,2025-09-05 14:15:00+05:30,363.9,364.4,363.8,364.25,13788,BIOCON
12736,2025-09-05 14:20:00+05:30,364.25,364.35,363.9,364.0,11294,BIOCON
12737,2025-09-05 14:25:00+05:30,364.1,364.3,363.6,364.3,16070,BIOCON
12738,2025-09-05 14:30:00+05:30,364.25,364.5,364.0,364.3,12173,BIOCON
12739,2025-09-05 14:35:00+05:30,364.2,364.45,363.6,363.95,17589,BIOCON
12740,2025-09-05 14:40:00+05:30,363.9,364.0,363.5,363.55,10147,BIOCON
12741,2025-09-05 14:45:00+05:30,363.65,363.7,363.3,363.6,8354,BIOCON
12742,2025-09-05 14:50:00+05:30,363.6,363.7,363.3,363.45,11597,BIOCON
12743,2025-09-05 14:55:00+05:30,363.4,363.65,363.2,363.2,25269,BIOCON
12744,2025-09-05 15:00:00+05:30,363.4,363.45,362.9,363.35,58461,BIOCON
12745,2025-09-05 15:05:00+05:30,363.3,364.2,363.1,364.2,61306,BIOCON
12746,2025-09-05 15:10:00+05:30,364.1,364.25,363.8,364.15,57160,BIOCON
12747,2025-09-05 15:15:00+05:30,364.1,364.25,363.5,364.15,94715,BIOCON
12748,2025-09-05 15:20:00+05:30,364.15,364.2,363.65,364.1,70046,BIOCON
12749,2025-09-05 15:25:00+05:30,364.1,364.1,362.6,363.4,50220,BIOCON
12750,2025-09-08 09:15:00+05:30,364.0,365.0,362.8,363.0,53731,BIOCON
12751,2025-09-08 09:20:00+05:30,363.05,363.55,362.7,363.55,16471,BIOCON
12752,2025-09-08 09:25:00+05:30,363.5,364.4,362.5,364.15,10900,BIOCON
12753,2025-09-08 09:30:00+05:30,364.0,366.45,363.95,366.35,54343,BIOCON
12754,2025-09-08 09:35:00+05:30,366.3,367.0,366.25,366.75,28872,BIOCON
12755,2025-09-08 09:40:00+05:30,366.9,367.75,366.25,367.2,35177,BIOCON
12756,2025-09-08 09:45:00+05:30,367.0,367.85,366.4,366.8,29698,BIOCON
12757,2025-09-08 09:50:00+05:30,366.8,366.95,366.05,366.25,26921,BIOCON
12758,2025-09-08 09:55:00+05:30,366.2,366.75,365.55,365.95,50922,BIOCON
12759,2025-09-08 10:00:00+05:30,365.95,366.5,365.85,365.85,12261,BIOCON
12760,2025-09-08 10:05:00+05:30,365.95,366.0,365.75,365.85,12181,BIOCON
12761,2025-09-08 10:10:00+05:30,365.85,366.55,365.7,366.45,7690,BIOCON
12762,2025-09-08 10:15:00+05:30,366.45,367.3,366.3,367.15,18337,BIOCON
12763,2025-09-08 10:20:00+05:30,367.15,367.2,366.45,366.7,9984,BIOCON
12764,2025-09-08 10:25:00+05:30,366.7,367.1,366.5,366.9,9680,BIOCON
12765,2025-09-08 10:30:00+05:30,366.75,367.0,366.3,366.6,8767,BIOCON
12766,2025-09-08 10:35:00+05:30,366.55,366.55,366.15,366.15,6448,BIOCON
12767,2025-09-08 10:40:00+05:30,366.15,366.55,366.1,366.5,5074,BIOCON
12768,2025-09-08 10:45:00+05:30,366.4,366.7,366.4,366.5,5165,BIOCON
12769,2025-09-08 10:50:00+05:30,366.5,366.65,366.0,366.3,11169,BIOCON
12770,2025-09-08 10:55:00+05:30,366.3,366.45,366.0,366.1,6810,BIOCON
12771,2025-09-08 11:00:00+05:30,366.2,366.7,365.5,365.8,19124,BIOCON
12772,2025-09-08 11:05:00+05:30,365.8,366.3,365.8,366.3,3440,BIOCON
12773,2025-09-08 11:10:00+05:30,366.3,366.45,366.0,366.1,9990,BIOCON
12774,2025-09-08 11:15:00+05:30,366.1,366.25,366.05,366.1,2245,BIOCON
12775,2025-09-08 11:20:00+05:30,366.3,366.5,366.1,366.25,9848,BIOCON
12776,2025-09-08 11:25:00+05:30,366.1,366.7,366.0,366.65,4428,BIOCON
12777,2025-09-08 11:30:00+05:30,366.65,366.65,366.15,366.15,4262,BIOCON
12778,2025-09-08 11:35:00+05:30,366.15,366.55,366.15,366.4,2983,BIOCON
12779,2025-09-08 11:40:00+05:30,366.4,366.65,366.2,366.6,8587,BIOCON
12780,2025-09-08 11:45:00+05:30,366.45,366.6,366.05,366.05,3662,BIOCON
12781,2025-09-08 11:50:00+05:30,366.15,366.2,366.05,366.1,2546,BIOCON
12782,2025-09-08 11:55:00+05:30,366.05,366.2,365.5,365.65,7690,BIOCON
12783,2025-09-08 12:00:00+05:30,365.8,366.0,365.65,365.85,5086,BIOCON
12784,2025-09-08 12:05:00+05:30,365.9,365.9,365.0,365.25,20345,BIOCON
12785,2025-09-08 12:10:00+05:30,365.25,365.25,364.8,364.8,6973,BIOCON
12786,2025-09-08 12:15:00+05:30,364.8,364.95,364.65,364.75,9100,BIOCON
12787,2025-09-08 12:20:00+05:30,364.75,365.2,364.65,365.2,9571,BIOCON
12788,2025-09-08 12:25:00+05:30,365.2,365.75,364.7,365.5,8268,BIOCON
12789,2025-09-08 12:30:00+05:30,365.5,365.5,365.25,365.5,3334,BIOCON
12790,2025-09-08 12:35:00+05:30,365.5,366.2,365.5,366.2,5334,BIOCON
12791,2025-09-08 12:40:00+05:30,366.2,366.35,366.05,366.15,5972,BIOCON
12792,2025-09-08 12:45:00+05:30,366.15,366.95,366.15,366.75,20233,BIOCON
12793,2025-09-08 12:50:00+05:30,366.75,366.8,365.65,366.0,57369,BIOCON
12794,2025-09-08 12:55:00+05:30,365.9,365.95,365.6,365.75,2362,BIOCON
12795,2025-09-08 13:00:00+05:30,365.75,365.75,365.6,365.75,7469,BIOCON
12796,2025-09-08 13:05:00+05:30,365.9,366.0,365.4,365.9,14214,BIOCON
12797,2025-09-08 13:10:00+05:30,365.9,366.15,365.15,366.0,21703,BIOCON
12798,2025-09-08 13:15:00+05:30,365.95,366.05,365.45,365.85,6454,BIOCON
12799,2025-09-08 13:20:00+05:30,365.9,366.0,365.65,365.65,1634,BIOCON
12800,2025-09-08 13:25:00+05:30,365.75,365.8,365.0,365.4,6672,BIOCON
12801,2025-09-08 13:30:00+05:30,365.4,365.9,365.25,365.6,4583,BIOCON
12802,2025-09-08 13:35:00+05:30,365.6,365.95,365.55,365.95,1224,BIOCON
12803,2025-09-08 13:40:00+05:30,365.85,366.0,365.35,365.95,7419,BIOCON
12804,2025-09-08 13:45:00+05:30,365.95,366.0,364.85,365.25,47597,BIOCON
12805,2025-09-08 13:50:00+05:30,365.25,365.65,365.15,365.5,9410,BIOCON
12806,2025-09-08 13:55:00+05:30,365.5,365.9,365.4,365.5,6524,BIOCON
12807,2025-09-08 14:00:00+05:30,365.5,365.65,364.7,365.1,14714,BIOCON
12808,2025-09-08 14:05:00+05:30,365.0,365.05,364.5,365.05,8558,BIOCON
12809,2025-09-08 14:10:00+05:30,364.95,365.2,364.85,365.05,4608,BIOCON
12810,2025-09-08 14:15:00+05:30,365.2,365.5,365.2,365.5,2457,BIOCON
12811,2025-09-08 14:20:00+05:30,365.5,365.5,364.8,365.0,3995,BIOCON
12812,2025-09-08 14:25:00+05:30,365.0,365.85,364.9,365.75,5056,BIOCON
12813,2025-09-08 14:30:00+05:30,365.75,366.65,365.15,366.65,51029,BIOCON
12814,2025-09-08 14:35:00+05:30,366.6,367.5,366.4,367.3,108130,BIOCON
12815,2025-09-08 14:40:00+05:30,367.3,367.5,366.3,366.3,113595,BIOCON
12816,2025-09-08 14:45:00+05:30,366.3,366.5,365.45,365.45,22458,BIOCON
12817,2025-09-08 14:50:00+05:30,365.4,365.65,365.15,365.5,17700,BIOCON
12818,2025-09-08 14:55:00+05:30,365.4,365.5,364.95,364.95,18203,BIOCON
12819,2025-09-08 15:00:00+05:30,365.0,365.0,364.0,364.5,30341,BIOCON
12820,2025-09-08 15:05:00+05:30,364.5,364.75,364.25,364.4,25740,BIOCON
12821,2025-09-08 15:10:00+05:30,364.45,364.6,364.15,364.45,21185,BIOCON
12822,2025-09-08 15:15:00+05:30,364.45,364.6,364.2,364.55,25584,BIOCON
12823,2025-09-08 15:20:00+05:30,364.55,364.6,363.7,363.75,36885,BIOCON
12824,2025-09-08 15:25:00+05:30,363.75,365.5,363.15,363.25,49442,BIOCON
12825,2025-09-09 09:15:00+05:30,364.15,364.65,363.35,363.55,37974,BIOCON
12826,2025-09-09 09:20:00+05:30,363.6,364.45,363.35,363.7,21461,BIOCON
12827,2025-09-09 09:25:00+05:30,363.7,363.7,362.6,363.35,14375,BIOCON
12828,2025-09-09 09:30:00+05:30,363.4,363.5,361.3,361.95,21994,BIOCON
12829,2025-09-09 09:35:00+05:30,361.7,362.75,361.5,362.4,11474,BIOCON
12830,2025-09-09 09:40:00+05:30,362.3,363.35,362.1,363.35,10396,BIOCON
12831,2025-09-09 09:45:00+05:30,363.3,363.35,362.95,363.25,7834,BIOCON
12832,2025-09-09 09:50:00+05:30,363.25,363.5,362.8,363.25,6380,BIOCON
12833,2025-09-09 09:55:00+05:30,363.15,363.15,362.45,362.65,9586,BIOCON
12834,2025-09-09 10:00:00+05:30,362.6,363.9,362.55,363.4,11494,BIOCON
12835,2025-09-09 10:05:00+05:30,363.5,363.75,363.45,363.65,8254,BIOCON
12836,2025-09-09 10:10:00+05:30,363.8,364.45,363.65,364.1,7561,BIOCON
12837,2025-09-09 10:15:00+05:30,364.1,364.55,363.8,364.2,16258,BIOCON
12838,2025-09-09 10:20:00+05:30,364.15,365.65,364.1,365.4,30520,BIOCON
12839,2025-09-09 10:25:00+05:30,365.5,365.5,365.1,365.4,11712,BIOCON
12840,2025-09-09 10:30:00+05:30,365.4,365.8,365.0,365.8,21739,BIOCON
12841,2025-09-09 10:35:00+05:30,365.8,365.95,365.25,365.3,10191,BIOCON
12842,2025-09-09 10:40:00+05:30,365.25,365.4,365.0,365.35,13936,BIOCON
12843,2025-09-09 10:45:00+05:30,365.35,365.6,365.05,365.2,6035,BIOCON
12844,2025-09-09 10:50:00+05:30,365.35,365.45,364.75,364.85,7832,BIOCON
12845,2025-09-09 10:55:00+05:30,364.75,365.7,364.6,365.7,22528,BIOCON
12846,2025-09-09 11:00:00+05:30,365.7,366.0,365.55,365.9,7028,BIOCON
12847,2025-09-09 11:05:00+05:30,365.9,366.05,365.7,365.8,12260,BIOCON
12848,2025-09-09 11:10:00+05:30,366.0,366.0,365.8,366.0,2986,BIOCON
12849,2025-09-09 11:15:00+05:30,365.9,366.15,365.75,366.15,10476,BIOCON
12850,2025-09-09 11:20:00+05:30,366.0,366.55,366.0,366.0,18314,BIOCON
12851,2025-09-09 11:25:00+05:30,366.05,366.35,365.85,366.0,4976,BIOCON
12852,2025-09-09 11:30:00+05:30,365.95,365.95,365.5,365.95,3220,BIOCON
12853,2025-09-09 11:35:00+05:30,365.9,366.05,365.8,366.0,4401,BIOCON
12854,2025-09-09 11:40:00+05:30,365.95,366.2,365.65,365.85,9602,BIOCON
12855,2025-09-09 11:45:00+05:30,365.75,365.85,365.3,365.6,7997,BIOCON
12856,2025-09-09 11:50:00+05:30,365.45,365.9,365.35,365.85,2586,BIOCON
12857,2025-09-09 11:55:00+05:30,365.85,365.85,365.55,365.55,1395,BIOCON
12858,2025-09-09 12:00:00+05:30,365.5,365.55,365.1,365.35,10672,BIOCON
12859,2025-09-09 12:05:00+05:30,365.5,365.5,364.95,365.1,3424,BIOCON
12860,2025-09-09 12:10:00+05:30,365.1,365.2,364.95,365.2,1291,BIOCON
12861,2025-09-09 12:15:00+05:30,365.2,365.25,364.95,365.2,1760,BIOCON
12862,2025-09-09 12:20:00+05:30,365.2,365.5,365.0,365.15,5442,BIOCON
12863,2025-09-09 12:25:00+05:30,365.4,365.45,365.1,365.4,3206,BIOCON
12864,2025-09-09 12:30:00+05:30,365.3,365.35,364.9,365.1,5848,BIOCON
12865,2025-09-09 12:35:00+05:30,365.1,365.6,364.95,365.4,11931,BIOCON
12866,2025-09-09 12:40:00+05:30,365.5,365.9,365.35,365.8,3627,BIOCON
12867,2025-09-09 12:45:00+05:30,365.75,365.95,365.6,365.9,4174,BIOCON
12868,2025-09-09 12:50:00+05:30,365.7,366.35,365.6,366.05,12932,BIOCON
12869,2025-09-09 12:55:00+05:30,365.9,366.15,365.75,366.05,5102,BIOCON
12870,2025-09-09 13:00:00+05:30,366.0,366.15,365.9,366.0,3700,BIOCON
12871,2025-09-09 13:05:00+05:30,366.0,366.0,365.8,365.9,3856,BIOCON
12872,2025-09-09 13:10:00+05:30,366.0,366.0,365.85,366.0,3739,BIOCON
12873,2025-09-09 13:15:00+05:30,366.0,366.0,365.3,365.3,7567,BIOCON
12874,2025-09-09 13:20:00+05:30,365.6,366.0,365.6,365.95,4050,BIOCON
12875,2025-09-09 13:25:00+05:30,366.0,366.0,365.8,365.95,1908,BIOCON
12876,2025-09-09 13:30:00+05:30,365.85,365.95,365.5,365.8,4242,BIOCON
12877,2025-09-09 13:35:00+05:30,365.8,366.0,365.45,366.0,6759,BIOCON
12878,2025-09-09 13:40:00+05:30,366.0,366.0,365.45,365.7,3416,BIOCON
12879,2025-09-09 13:45:00+05:30,365.65,365.7,365.45,365.65,5178,BIOCON
12880,2025-09-09 13:50:00+05:30,365.55,365.85,365.5,365.8,5240,BIOCON
12881,2025-09-09 13:55:00+05:30,365.8,365.9,365.15,365.5,18585,BIOCON
12882,2025-09-09 14:00:00+05:30,365.4,365.55,365.0,365.5,10797,BIOCON
12883,2025-09-09 14:05:00+05:30,365.55,365.6,365.15,365.6,4815,BIOCON
12884,2025-09-09 14:10:00+05:30,365.55,365.75,365.3,365.7,3033,BIOCON
12885,2025-09-09 14:15:00+05:30,365.7,365.7,365.1,365.35,5105,BIOCON
12886,2025-09-09 14:20:00+05:30,365.1,365.35,365.1,365.35,5540,BIOCON
12887,2025-09-09 14:25:00+05:30,365.35,365.5,365.1,365.5,7966,BIOCON
12888,2025-09-09 14:30:00+05:30,365.45,365.6,365.2,365.4,4769,BIOCON
12889,2025-09-09 14:35:00+05:30,365.4,365.4,364.45,365.15,19733,BIOCON
12890,2025-09-09 14:40:00+05:30,365.1,365.2,364.95,365.15,3437,BIOCON
12891,2025-09-09 14:45:00+05:30,365.0,365.25,364.35,364.6,17634,BIOCON
12892,2025-09-09 14:50:00+05:30,364.6,364.75,363.6,363.9,13245,BIOCON
12893,2025-09-09 14:55:00+05:30,363.9,364.5,363.7,364.4,31458,BIOCON
12894,2025-09-09 15:00:00+05:30,364.3,364.7,364.15,364.7,20209,BIOCON
12895,2025-09-09 15:05:00+05:30,364.6,364.7,364.2,364.25,26776,BIOCON
12896,2025-09-09 15:10:00+05:30,364.3,364.75,364.25,364.55,28348,BIOCON
12897,2025-09-09 15:15:00+05:30,364.55,364.85,364.4,364.7,28076,BIOCON
12898,2025-09-09 15:20:00+05:30,364.7,364.75,364.5,364.65,21917,BIOCON
12899,2025-09-09 15:25:00+05:30,364.65,364.8,364.35,364.35,33378,BIOCON
12900,2025-09-10 09:15:00+05:30,366.0,368.1,364.85,366.1,90799,BIOCON
12901,2025-09-10 09:20:00+05:30,366.6,366.9,365.6,365.95,30764,BIOCON
12902,2025-09-10 09:25:00+05:30,366.05,366.25,365.6,366.25,15334,BIOCON
12903,2025-09-10 09:30:00+05:30,366.25,366.95,366.2,366.6,12233,BIOCON
12904,2025-09-10 09:35:00+05:30,366.6,366.8,366.05,366.7,27137,BIOCON
12905,2025-09-10 09:40:00+05:30,366.55,367.75,366.4,367.1,21274,BIOCON
12906,2025-09-10 09:45:00+05:30,367.2,367.4,366.6,366.9,18228,BIOCON
12907,2025-09-10 09:50:00+05:30,366.9,366.95,366.0,366.0,33573,BIOCON
12908,2025-09-10 09:55:00+05:30,366.1,366.4,365.95,366.2,10248,BIOCON
12909,2025-09-10 10:00:00+05:30,366.15,366.8,366.05,366.65,25776,BIOCON
12910,2025-09-10 10:05:00+05:30,366.8,367.9,366.65,367.7,19277,BIOCON
12911,2025-09-10 10:10:00+05:30,367.6,369.5,367.3,369.3,63762,BIOCON
12912,2025-09-10 10:15:00+05:30,369.3,370.8,368.9,370.45,110795,BIOCON
12913,2025-09-10 10:20:00+05:30,370.8,370.8,369.0,369.2,41468,BIOCON
12914,2025-09-10 10:25:00+05:30,369.4,369.65,368.5,368.95,27865,BIOCON
12915,2025-09-10 10:30:00+05:30,368.65,369.0,368.5,368.55,14068,BIOCON
12916,2025-09-10 10:35:00+05:30,368.55,368.55,368.2,368.5,13137,BIOCON
12917,2025-09-10 10:40:00+05:30,368.5,368.85,368.3,368.3,21580,BIOCON
12918,2025-09-10 10:45:00+05:30,368.4,368.5,368.2,368.4,9447,BIOCON
12919,2025-09-10 10:50:00+05:30,368.2,368.5,367.05,368.3,40941,BIOCON
12920,2025-09-10 10:55:00+05:30,368.3,368.95,368.3,368.75,8250,BIOCON
12921,2025-09-10 11:00:00+05:30,368.95,369.0,368.4,368.4,4509,BIOCON
12922,2025-09-10 11:05:00+05:30,368.5,368.55,367.9,368.1,7882,BIOCON
12923,2025-09-10 11:10:00+05:30,367.8,368.05,367.4,367.5,8849,BIOCON
12924,2025-09-10 11:15:00+05:30,367.4,367.8,367.0,367.15,22987,BIOCON
12925,2025-09-10 11:20:00+05:30,367.15,367.25,366.3,367.1,31860,BIOCON
12926,2025-09-10 11:25:00+05:30,367.0,367.1,366.6,366.6,8725,BIOCON
12927,2025-09-10 11:30:00+05:30,366.7,366.9,366.6,366.9,4988,BIOCON
12928,2025-09-10 11:35:00+05:30,366.85,366.9,366.3,366.5,14392,BIOCON
12929,2025-09-10 11:40:00+05:30,366.45,366.75,365.9,365.9,24489,BIOCON
12930,2025-09-10 11:45:00+05:30,366.0,366.05,365.35,365.65,28899,BIOCON
12931,2025-09-10 11:50:00+05:30,365.65,366.0,365.55,366.0,7161,BIOCON
12932,2025-09-10 11:55:00+05:30,366.0,367.45,365.95,367.15,33783,BIOCON
12933,2025-09-10 12:00:00+05:30,367.3,367.3,366.1,366.35,25530,BIOCON
12934,2025-09-10 12:05:00+05:30,366.35,367.15,366.35,367.15,12614,BIOCON
12935,2025-09-10 12:10:00+05:30,367.0,367.35,366.85,367.2,7271,BIOCON
12936,2025-09-10 12:15:00+05:30,367.2,367.35,366.9,367.25,11126,BIOCON
12937,2025-09-10 12:20:00+05:30,367.25,367.85,366.85,367.35,20626,BIOCON
12938,2025-09-10 12:25:00+05:30,367.35,367.4,366.7,367.1,5491,BIOCON
12939,2025-09-10 12:30:00+05:30,367.1,367.15,366.3,366.35,24532,BIOCON
12940,2025-09-10 12:35:00+05:30,366.35,366.55,366.0,366.15,11492,BIOCON
12941,2025-09-10 12:40:00+05:30,366.15,366.25,366.05,366.2,6752,BIOCON
12942,2025-09-10 12:45:00+05:30,366.2,366.2,365.35,365.95,27934,BIOCON
12943,2025-09-10 12:50:00+05:30,365.85,366.4,365.65,365.7,11791,BIOCON
12944,2025-09-10 12:55:00+05:30,365.7,366.05,365.35,365.9,12082,BIOCON
12945,2025-09-10 13:00:00+05:30,365.85,365.9,365.4,365.65,12031,BIOCON
12946,2025-09-10 13:05:00+05:30,365.65,366.0,365.4,365.75,16437,BIOCON
12947,2025-09-10 13:10:00+05:30,365.75,365.8,364.6,364.85,37679,BIOCON
12948,2025-09-10 13:15:00+05:30,364.9,365.0,363.75,364.1,44618,BIOCON
12949,2025-09-10 13:20:00+05:30,363.9,364.05,363.3,363.6,26383,BIOCON
12950,2025-09-10 13:25:00+05:30,363.6,363.85,363.25,363.5,16535,BIOCON
12951,2025-09-10 13:30:00+05:30,363.4,363.5,363.15,363.2,12723,BIOCON
12952,2025-09-10 13:35:00+05:30,363.2,363.5,363.0,363.5,20630,BIOCON
12953,2025-09-10 13:40:00+05:30,363.5,364.35,363.5,363.85,21376,BIOCON
12954,2025-09-10 13:45:00+05:30,363.85,364.15,363.75,363.9,10987,BIOCON
12955,2025-09-10 13:50:00+05:30,363.85,364.3,363.7,363.9,15131,BIOCON
12956,2025-09-10 13:55:00+05:30,363.9,364.2,363.7,364.05,11516,BIOCON
12957,2025-09-10 14:00:00+05:30,364.15,364.15,363.65,363.65,13415,BIOCON
12958,2025-09-10 14:05:00+05:30,363.65,364.3,363.65,363.9,17548,BIOCON
12959,2025-09-10 14:10:00+05:30,363.9,364.05,363.65,363.65,16817,BIOCON
12960,2025-09-10 14:15:00+05:30,363.65,363.9,363.15,363.15,37275,BIOCON
12961,2025-09-10 14:20:00+05:30,363.2,363.5,363.1,363.1,10551,BIOCON
12962,2025-09-10 14:25:00+05:30,363.1,363.5,363.0,363.3,25176,BIOCON
12963,2025-09-10 14:30:00+05:30,363.5,363.65,363.1,363.6,17969,BIOCON
12964,2025-09-10 14:35:00+05:30,363.65,364.2,363.55,363.9,18397,BIOCON
12965,2025-09-10 14:40:00+05:30,363.9,364.0,363.5,363.5,14260,BIOCON
12966,2025-09-10 14:45:00+05:30,363.45,364.15,363.45,363.6,22813,BIOCON
12967,2025-09-10 14:50:00+05:30,363.6,364.0,363.5,363.5,22478,BIOCON
12968,2025-09-10 14:55:00+05:30,363.55,363.8,363.45,363.45,14217,BIOCON
12969,2025-09-10 15:00:00+05:30,363.65,363.95,363.35,363.35,16508,BIOCON
12970,2025-09-10 15:05:00+05:30,363.5,364.55,363.35,364.0,48849,BIOCON
12971,2025-09-10 15:10:00+05:30,364.15,364.45,363.75,363.95,21853,BIOCON
12972,2025-09-10 15:15:00+05:30,364.0,364.4,363.85,364.2,36080,BIOCON
12973,2025-09-10 15:20:00+05:30,364.25,364.8,364.1,364.65,43305,BIOCON
12974,2025-09-10 15:25:00+05:30,364.8,365.2,364.45,364.6,32052,BIOCON
12975,2025-09-11 09:15:00+05:30,364.2,368.95,364.2,368.2,133430,BIOCON
12976,2025-09-11 09:20:00+05:30,368.2,369.25,367.5,368.25,58621,BIOCON
12977,2025-09-11 09:25:00+05:30,368.25,368.35,366.5,366.5,31452,BIOCON
12978,2025-09-11 09:30:00+05:30,366.5,366.6,365.6,366.35,39831,BIOCON
12979,2025-09-11 09:35:00+05:30,366.4,366.8,365.5,366.45,33554,BIOCON
12980,2025-09-11 09:40:00+05:30,366.45,366.7,365.7,366.7,16454,BIOCON
12981,2025-09-11 09:45:00+05:30,366.7,366.95,366.15,366.8,13528,BIOCON
12982,2025-09-11 09:50:00+05:30,366.8,367.8,366.7,367.55,19596,BIOCON
12983,2025-09-11 09:55:00+05:30,367.3,367.55,367.05,367.3,11111,BIOCON
12984,2025-09-11 10:00:00+05:30,367.3,367.4,365.5,365.65,49034,BIOCON
12985,2025-09-11 10:05:00+05:30,365.7,365.9,365.1,365.65,47890,BIOCON
12986,2025-09-11 10:10:00+05:30,365.85,366.15,365.35,365.95,9468,BIOCON
12987,2025-09-11 10:15:00+05:30,366.0,366.2,365.55,365.7,17904,BIOCON
12988,2025-09-11 10:20:00+05:30,365.7,366.0,365.55,365.9,17257,BIOCON
12989,2025-09-11 10:25:00+05:30,365.9,365.9,365.75,365.9,4744,BIOCON
12990,2025-09-11 10:30:00+05:30,365.9,366.0,365.5,365.6,14715,BIOCON
12991,2025-09-11 10:35:00+05:30,365.6,366.15,365.5,365.85,6973,BIOCON
12992,2025-09-11 10:40:00+05:30,365.85,366.15,365.75,365.85,6191,BIOCON
12993,2025-09-11 10:45:00+05:30,365.85,365.9,365.45,365.8,6963,BIOCON
12994,2025-09-11 10:50:00+05:30,365.8,366.05,365.6,365.75,9165,BIOCON
12995,2025-09-11 10:55:00+05:30,365.7,365.75,365.3,365.3,4888,BIOCON
12996,2025-09-11 11:00:00+05:30,365.4,365.5,365.1,365.35,7759,BIOCON
12997,2025-09-11 11:05:00+05:30,365.25,365.7,365.25,365.5,4133,BIOCON
12998,2025-09-11 11:10:00+05:30,365.5,366.15,365.5,366.15,13804,BIOCON
12999,2025-09-11 11:15:00+05:30,366.15,366.3,365.95,366.25,5786,BIOCON
13000,2025-09-11 11:20:00+05:30,366.1,366.25,366.1,366.15,4137,BIOCON
13001,2025-09-11 11:25:00+05:30,366.15,366.3,365.8,365.8,14404,BIOCON
13002,2025-09-11 11:30:00+05:30,365.8,365.9,365.35,365.5,7958,BIOCON
13003,2025-09-11 11:35:00+05:30,365.4,365.5,364.6,364.75,23062,BIOCON
13004,2025-09-11 11:40:00+05:30,364.75,364.75,363.2,363.4,54308,BIOCON
13005,2025-09-11 11:45:00+05:30,363.35,364.1,363.35,363.85,10433,BIOCON
13006,2025-09-11 11:50:00+05:30,363.85,364.1,363.6,363.6,11046,BIOCON
13007,2025-09-11 11:55:00+05:30,363.85,364.15,363.65,364.05,12457,BIOCON
13008,2025-09-11 12:00:00+05:30,364.05,364.35,364.0,364.2,13331,BIOCON
13009,2025-09-11 12:05:00+05:30,364.2,364.35,364.0,364.2,26082,BIOCON
13010,2025-09-11 12:10:00+05:30,364.15,364.35,363.95,363.95,4761,BIOCON
13011,2025-09-11 12:15:00+05:30,364.1,364.15,363.6,363.85,6056,BIOCON
13012,2025-09-11 12:20:00+05:30,363.85,364.2,363.7,364.2,9219,BIOCON
13013,2025-09-11 12:25:00+05:30,364.2,364.2,364.0,364.05,5584,BIOCON
13014,2025-09-11 12:30:00+05:30,364.2,364.2,364.05,364.15,10904,BIOCON
13015,2025-09-11 12:35:00+05:30,364.15,364.2,363.35,363.45,11787,BIOCON
13016,2025-09-11 12:40:00+05:30,363.55,363.7,363.1,363.5,17579,BIOCON
13017,2025-09-11 12:45:00+05:30,363.4,363.5,363.0,363.15,9454,BIOCON
13018,2025-09-11 12:50:00+05:30,363.35,363.5,363.15,363.45,4647,BIOCON
13019,2025-09-11 12:55:00+05:30,363.45,363.85,363.3,363.5,7785,BIOCON
13020,2025-09-11 13:00:00+05:30,363.5,363.5,363.1,363.45,4096,BIOCON
13021,2025-09-11 13:05:00+05:30,363.5,363.5,363.15,363.4,18215,BIOCON
13022,2025-09-11 13:10:00+05:30,363.35,363.4,363.0,363.4,24844,BIOCON
13023,2025-09-11 13:15:00+05:30,363.3,363.4,363.25,363.3,2788,BIOCON
13024,2025-09-11 13:20:00+05:30,363.3,363.3,363.05,363.05,6277,BIOCON
13025,2025-09-11 13:25:00+05:30,363.1,363.3,363.05,363.3,3622,BIOCON
13026,2025-09-11 13:30:00+05:30,363.3,363.85,363.25,363.5,6809,BIOCON
13027,2025-09-11 13:35:00+05:30,363.5,363.8,363.2,363.45,8161,BIOCON
13028,2025-09-11 13:40:00+05:30,363.4,363.75,363.3,363.7,4568,BIOCON
13029,2025-09-11 13:45:00+05:30,363.55,363.85,363.55,363.85,8946,BIOCON
13030,2025-09-11 13:50:00+05:30,363.75,364.25,363.6,363.8,12621,BIOCON
13031,2025-09-11 13:55:00+05:30,363.95,364.0,363.5,363.9,7647,BIOCON
13032,2025-09-11 14:00:00+05:30,363.8,363.9,363.55,363.85,5235,BIOCON
13033,2025-09-11 14:05:00+05:30,363.85,363.85,362.55,362.7,35843,BIOCON
13034,2025-09-11 14:10:00+05:30,362.65,363.35,362.6,363.2,28116,BIOCON
13035,2025-09-11 14:15:00+05:30,363.15,364.9,362.95,364.75,78053,BIOCON
13036,2025-09-11 14:20:00+05:30,364.6,365.1,364.3,365.0,36669,BIOCON
13037,2025-09-11 14:25:00+05:30,365.1,365.55,364.95,365.15,43546,BIOCON
13038,2025-09-11 14:30:00+05:30,365.15,365.15,364.4,364.8,46796,BIOCON
13039,2025-09-11 14:35:00+05:30,364.7,364.95,364.15,364.9,40971,BIOCON
13040,2025-09-11 14:40:00+05:30,364.85,364.95,364.35,364.55,37082,BIOCON
13041,2025-09-11 14:45:00+05:30,364.55,364.85,364.15,364.4,54175,BIOCON
13042,2025-09-11 14:50:00+05:30,364.45,364.75,364.3,364.55,32995,BIOCON
13043,2025-09-11 14:55:00+05:30,364.55,364.75,364.15,364.45,40556,BIOCON
13044,2025-09-11 15:00:00+05:30,364.45,364.45,363.65,364.4,53876,BIOCON
13045,2025-09-11 15:05:00+05:30,364.4,364.5,363.95,364.35,45504,BIOCON
13046,2025-09-11 15:10:00+05:30,364.4,364.6,363.7,364.4,64120,BIOCON
13047,2025-09-11 15:15:00+05:30,364.4,364.5,363.65,363.8,74247,BIOCON
13048,2025-09-11 15:20:00+05:30,363.75,363.95,363.4,363.8,37989,BIOCON
13049,2025-09-11 15:25:00+05:30,363.75,364.5,363.05,363.05,41977,BIOCON
13050,2025-09-12 09:15:00+05:30,364.05,365.4,363.2,364.05,69394,BIOCON
13051,2025-09-12 09:20:00+05:30,364.05,364.1,363.5,363.65,20781,BIOCON
13052,2025-09-12 09:25:00+05:30,363.65,365.5,363.5,365.15,15617,BIOCON
13053,2025-09-12 09:30:00+05:30,365.35,365.85,365.15,365.7,25048,BIOCON
13054,2025-09-12 09:35:00+05:30,365.75,366.2,365.6,366.0,22796,BIOCON
13055,2025-09-12 09:40:00+05:30,366.0,366.2,365.1,365.1,12130,BIOCON
13056,2025-09-12 09:45:00+05:30,365.05,366.3,365.05,366.0,25623,BIOCON
13057,2025-09-12 09:50:00+05:30,365.95,366.05,365.05,365.25,20259,BIOCON
13058,2025-09-12 09:55:00+05:30,365.25,365.25,364.55,365.0,24017,BIOCON
13059,2025-09-12 10:00:00+05:30,365.0,365.9,365.0,365.85,8431,BIOCON
13060,2025-09-12 10:05:00+05:30,365.85,366.25,365.8,366.0,16154,BIOCON
13061,2025-09-12 10:10:00+05:30,366.0,366.3,365.75,366.3,14194,BIOCON
13062,2025-09-12 10:15:00+05:30,366.35,366.35,365.85,366.0,7281,BIOCON
13063,2025-09-12 10:20:00+05:30,366.0,366.25,365.7,365.85,7930,BIOCON
13064,2025-09-12 10:25:00+05:30,365.85,366.05,365.85,365.95,2667,BIOCON
13065,2025-09-12 10:30:00+05:30,365.95,366.15,365.75,365.95,6717,BIOCON
13066,2025-09-12 10:35:00+05:30,365.8,366.05,365.8,366.0,2018,BIOCON
13067,2025-09-12 10:40:00+05:30,366.0,366.15,365.95,366.05,6187,BIOCON
13068,2025-09-12 10:45:00+05:30,366.1,366.15,365.6,366.1,59904,BIOCON
13069,2025-09-12 10:50:00+05:30,366.1,366.8,365.9,366.7,20423,BIOCON
13070,2025-09-12 10:55:00+05:30,366.6,366.6,365.1,365.25,13596,BIOCON
13071,2025-09-12 11:00:00+05:30,365.25,365.5,364.8,365.5,16624,BIOCON
13072,2025-09-12 11:05:00+05:30,365.35,365.65,365.35,365.45,4796,BIOCON
13073,2025-09-12 11:10:00+05:30,365.45,365.65,365.45,365.5,5550,BIOCON
13074,2025-09-12 11:15:00+05:30,365.5,365.8,365.2,365.7,11679,BIOCON
13075,2025-09-12 11:20:00+05:30,365.75,365.85,365.5,365.85,3913,BIOCON
13076,2025-09-12 11:25:00+05:30,365.6,366.0,365.6,365.9,7509,BIOCON
13077,2025-09-12 11:30:00+05:30,365.9,366.0,365.55,365.85,17453,BIOCON
13078,2025-09-12 11:35:00+05:30,365.85,366.25,365.85,366.25,12098,BIOCON
13079,2025-09-12 11:40:00+05:30,366.3,366.6,366.2,366.25,8194,BIOCON
13080,2025-09-12 11:45:00+05:30,366.25,366.25,365.5,365.95,10611,BIOCON
13081,2025-09-12 11:50:00+05:30,365.95,366.0,365.7,365.8,3524,BIOCON
13082,2025-09-12 11:55:00+05:30,365.8,365.9,365.5,365.7,5018,BIOCON
13083,2025-09-12 12:00:00+05:30,365.6,365.7,365.6,365.7,993,BIOCON
13084,2025-09-12 12:05:00+05:30,365.7,365.7,365.05,365.25,8091,BIOCON
13085,2025-09-12 12:10:00+05:30,365.25,365.25,364.9,365.15,4853,BIOCON
13086,2025-09-12 12:15:00+05:30,365.15,365.3,365.0,365.25,744,BIOCON
13087,2025-09-12 12:20:00+05:30,365.25,365.3,364.45,365.25,25279,BIOCON
13088,2025-09-12 12:25:00+05:30,365.2,365.5,365.2,365.45,1968,BIOCON
13089,2025-09-12 12:30:00+05:30,365.45,365.9,365.25,365.85,4770,BIOCON
13090,2025-09-12 12:35:00+05:30,365.85,366.0,365.75,366.0,4997,BIOCON
13091,2025-09-12 12:40:00+05:30,366.0,366.1,365.9,366.05,16163,BIOCON
13092,2025-09-12 12:45:00+05:30,366.05,366.05,365.75,365.8,5110,BIOCON
13093,2025-09-12 12:50:00+05:30,365.8,365.85,365.1,365.1,5516,BIOCON
13094,2025-09-12 12:55:00+05:30,365.25,365.5,365.05,365.35,8681,BIOCON
13095,2025-09-12 13:00:00+05:30,365.35,365.35,365.1,365.15,3428,BIOCON
13096,2025-09-12 13:05:00+05:30,365.3,365.35,364.85,365.3,10891,BIOCON
13097,2025-09-12 13:10:00+05:30,365.2,365.35,365.1,365.35,5802,BIOCON
13098,2025-09-12 13:15:00+05:30,365.2,365.35,365.1,365.2,5085,BIOCON
13099,2025-09-12 13:20:00+05:30,365.2,365.9,365.2,365.9,15155,BIOCON
13100,2025-09-12 13:25:00+05:30,365.9,366.0,365.75,366.0,16582,BIOCON
13101,2025-09-12 13:30:00+05:30,366.0,366.0,365.85,366.0,9248,BIOCON
13102,2025-09-12 13:35:00+05:30,366.0,366.05,365.8,366.0,9805,BIOCON
13103,2025-09-12 13:40:00+05:30,366.0,366.0,365.45,365.65,15428,BIOCON
13104,2025-09-12 13:45:00+05:30,365.55,365.75,365.2,365.5,13967,BIOCON
13105,2025-09-12 13:50:00+05:30,365.5,366.05,365.35,366.05,26563,BIOCON
13106,2025-09-12 13:55:00+05:30,366.0,366.05,365.9,366.0,6569,BIOCON
13107,2025-09-12 14:00:00+05:30,366.0,366.0,365.1,365.8,25689,BIOCON
13108,2025-09-12 14:05:00+05:30,365.8,365.85,365.4,365.85,12644,BIOCON
13109,2025-09-12 14:10:00+05:30,365.8,365.85,365.5,365.65,13699,BIOCON
13110,2025-09-12 14:15:00+05:30,365.55,365.65,364.9,364.9,32825,BIOCON
13111,2025-09-12 14:20:00+05:30,365.1,365.6,364.85,365.35,12956,BIOCON
13112,2025-09-12 14:25:00+05:30,365.35,365.75,365.3,365.55,17346,BIOCON
13113,2025-09-12 14:30:00+05:30,365.35,365.55,364.85,365.4,18888,BIOCON
13114,2025-09-12 14:35:00+05:30,365.35,365.35,364.6,365.1,46148,BIOCON
13115,2025-09-12 14:40:00+05:30,364.95,365.35,364.6,364.85,19883,BIOCON
13116,2025-09-12 14:45:00+05:30,364.65,364.85,364.45,364.65,28286,BIOCON
13117,2025-09-12 14:50:00+05:30,364.85,364.85,364.4,364.7,12541,BIOCON
13118,2025-09-12 14:55:00+05:30,364.5,364.7,364.1,364.4,16189,BIOCON
13119,2025-09-12 15:00:00+05:30,364.45,365.25,364.4,365.15,22960,BIOCON
13120,2025-09-12 15:05:00+05:30,365.15,365.4,365.1,365.3,24533,BIOCON
13121,2025-09-12 15:10:00+05:30,365.3,365.5,365.1,365.35,39142,BIOCON
13122,2025-09-12 15:15:00+05:30,365.35,365.65,365.05,365.35,35210,BIOCON
13123,2025-09-12 15:20:00+05:30,365.3,365.45,364.95,365.2,43314,BIOCON
13124,2025-09-12 15:25:00+05:30,365.2,365.25,364.6,364.8,33302,BIOCON
