,timestamp,open,high,low,close,volume,ticker
0,2025-01-01 09:15:00+05:30,901.15,903.75,893.45,895.45,95982,JSWSTEEL
1,2025-01-01 09:30:00+05:30,895.45,895.75,892.05,892.55,57639,JSWSTEEL
2,2025-01-01 09:45:00+05:30,892.55,897.35,890.7,896.55,80507,JSWSTEEL
3,2025-01-01 10:00:00+05:30,896.9,899.15,895.15,897.75,80336,JSWSTEEL
4,2025-01-01 10:15:00+05:30,897.45,901.85,896.4,900.55,60219,JSWSTEEL
5,2025-01-01 10:30:00+05:30,900.7,902.0,899.15,900.5,35554,JSWSTEEL
6,2025-01-01 10:45:00+05:30,900.6,905.45,900.35,905.45,64882,JSWSTEEL
7,2025-01-01 11:00:00+05:30,905.45,908.5,905.2,906.25,76412,JSWSTEEL
8,2025-01-01 11:15:00+05:30,906.35,908.9,906.0,907.45,27102,JSWSTEEL
9,2025-01-01 11:30:00+05:30,907.45,908.35,904.05,905.95,31504,JSWSTEEL
10,2025-01-01 11:45:00+05:30,905.95,906.0,902.35,903.2,21977,JSWSTEEL
11,2025-01-01 12:00:00+05:30,903.0,904.5,902.05,903.6,19158,JSWSTEEL
12,2025-01-01 12:15:00+05:30,903.6,908.0,903.2,906.05,29202,JSWSTEEL
13,2025-01-01 12:30:00+05:30,906.0,907.65,904.95,906.65,23568,JSWSTEEL
14,2025-01-01 12:45:00+05:30,906.8,907.45,904.35,905.25,19790,JSWSTEEL
15,2025-01-01 13:00:00+05:30,905.25,905.95,904.55,905.15,6504,JSWSTEEL
16,2025-01-01 13:15:00+05:30,905.15,905.95,904.05,905.0,9664,JSWSTEEL
17,2025-01-01 13:30:00+05:30,905.0,905.35,903.2,904.15,8046,JSWSTEEL
18,2025-01-01 13:45:00+05:30,904.75,906.7,904.5,906.55,22416,JSWSTEEL
19,2025-01-01 14:00:00+05:30,906.7,910.0,906.45,907.0,47687,JSWSTEEL
20,2025-01-01 14:15:00+05:30,907.2,907.8,906.0,906.75,25053,JSWSTEEL
21,2025-01-01 14:30:00+05:30,906.7,907.6,906.05,906.65,18988,JSWSTEEL
22,2025-01-01 14:45:00+05:30,906.65,907.2,905.4,906.15,30688,JSWSTEEL
23,2025-01-01 15:00:00+05:30,906.15,906.55,904.2,905.2,57460,JSWSTEEL
24,2025-01-01 15:15:00+05:30,905.2,906.85,903.85,906.85,68420,JSWSTEEL
25,2025-01-02 09:15:00+05:30,909.5,910.1,902.9,903.95,76380,JSWSTEEL
26,2025-01-02 09:30:00+05:30,903.85,906.45,903.15,906.2,38951,JSWSTEEL
27,2025-01-02 09:45:00+05:30,906.15,906.45,901.5,903.95,37463,JSWSTEEL
28,2025-01-02 10:00:00+05:30,903.95,905.5,901.8,902.2,26080,JSWSTEEL
29,2025-01-02 10:15:00+05:30,902.25,904.55,901.45,902.2,27831,JSWSTEEL
30,2025-01-02 10:30:00+05:30,902.2,904.0,901.55,903.7,17196,JSWSTEEL
31,2025-01-02 10:45:00+05:30,903.8,906.4,903.5,905.45,61649,JSWSTEEL
32,2025-01-02 11:00:00+05:30,905.9,906.9,904.2,906.0,33311,JSWSTEEL
33,2025-01-02 11:15:00+05:30,905.75,906.4,904.0,905.05,23688,JSWSTEEL
34,2025-01-02 11:30:00+05:30,905.15,905.35,902.95,904.2,37871,JSWSTEEL
35,2025-01-02 11:45:00+05:30,904.1,905.6,903.55,904.95,31155,JSWSTEEL
36,2025-01-02 12:00:00+05:30,905.0,906.4,904.7,905.05,18928,JSWSTEEL
37,2025-01-02 12:15:00+05:30,905.05,908.9,904.65,908.2,102807,JSWSTEEL
38,2025-01-02 12:30:00+05:30,908.2,910.9,908.0,909.7,224773,JSWSTEEL
39,2025-01-02 12:45:00+05:30,909.75,910.3,907.85,909.0,73725,JSWSTEEL
40,2025-01-02 13:00:00+05:30,909.0,912.0,908.05,911.75,47792,JSWSTEEL
41,2025-01-02 13:15:00+05:30,911.75,914.05,911.15,912.85,238998,JSWSTEEL
42,2025-01-02 13:30:00+05:30,912.85,915.55,912.25,913.8,61495,JSWSTEEL
43,2025-01-02 13:45:00+05:30,913.8,915.7,913.55,914.0,65994,JSWSTEEL
44,2025-01-02 14:00:00+05:30,914.2,914.75,913.5,914.25,26474,JSWSTEEL
45,2025-01-02 14:15:00+05:30,914.25,915.35,913.75,914.1,26476,JSWSTEEL
46,2025-01-02 14:30:00+05:30,914.1,915.3,913.6,913.9,67413,JSWSTEEL
47,2025-01-02 14:45:00+05:30,913.95,915.25,913.75,914.35,28311,JSWSTEEL
48,2025-01-02 15:00:00+05:30,914.35,914.95,911.5,911.6,129911,JSWSTEEL
49,2025-01-02 15:15:00+05:30,911.6,912.5,910.0,911.5,108837,JSWSTEEL
50,2025-01-03 09:15:00+05:30,914.0,920.5,908.5,916.25,327252,JSWSTEEL
51,2025-01-03 09:30:00+05:30,916.25,918.5,915.1,916.0,83868,JSWSTEEL
52,2025-01-03 09:45:00+05:30,915.65,921.85,915.3,920.45,629145,JSWSTEEL
53,2025-01-03 10:00:00+05:30,920.1,921.8,918.0,919.8,119528,JSWSTEEL
54,2025-01-03 10:15:00+05:30,919.55,920.9,918.1,920.6,36354,JSWSTEEL
55,2025-01-03 10:30:00+05:30,920.6,921.45,919.65,920.15,50019,JSWSTEEL
56,2025-01-03 10:45:00+05:30,920.35,920.5,917.0,917.8,49100,JSWSTEEL
57,2025-01-03 11:00:00+05:30,918.15,919.85,917.5,918.5,32921,JSWSTEEL
58,2025-01-03 11:15:00+05:30,918.55,923.2,918.35,922.7,96023,JSWSTEEL
59,2025-01-03 11:30:00+05:30,922.75,923.2,921.0,921.35,173376,JSWSTEEL
60,2025-01-03 11:45:00+05:30,921.75,924.7,921.35,923.5,327447,JSWSTEEL
61,2025-01-03 12:00:00+05:30,923.5,923.95,919.55,921.1,61071,JSWSTEEL
62,2025-01-03 12:15:00+05:30,921.1,922.05,919.9,919.9,69120,JSWSTEEL
63,2025-01-03 12:30:00+05:30,920.2,920.4,917.7,920.05,25195,JSWSTEEL
64,2025-01-03 12:45:00+05:30,920.25,922.0,918.0,918.7,46033,JSWSTEEL
65,2025-01-03 13:00:00+05:30,918.6,920.15,918.1,918.95,30301,JSWSTEEL
66,2025-01-03 13:15:00+05:30,918.95,921.3,917.6,920.55,72523,JSWSTEEL
67,2025-01-03 13:30:00+05:30,920.75,920.75,918.6,919.25,18617,JSWSTEEL
68,2025-01-03 13:45:00+05:30,919.6,920.25,917.0,917.3,29118,JSWSTEEL
69,2025-01-03 14:00:00+05:30,917.3,918.25,916.05,917.2,45284,JSWSTEEL
70,2025-01-03 14:15:00+05:30,917.15,917.7,915.4,917.25,39274,JSWSTEEL
71,2025-01-03 14:30:00+05:30,917.15,918.95,915.85,917.1,61854,JSWSTEEL
72,2025-01-03 14:45:00+05:30,917.1,918.3,916.25,917.25,48093,JSWSTEEL
73,2025-01-03 15:00:00+05:30,917.45,917.6,914.55,915.65,109710,JSWSTEEL
74,2025-01-03 15:15:00+05:30,915.6,916.0,912.2,913.0,107028,JSWSTEEL
75,2025-01-06 09:15:00+05:30,915.05,919.85,909.05,910.1,47795,JSWSTEEL
76,2025-01-06 09:30:00+05:30,910.1,911.15,906.3,906.3,38778,JSWSTEEL
77,2025-01-06 09:45:00+05:30,906.8,908.85,905.75,907.15,32603,JSWSTEEL
78,2025-01-06 10:00:00+05:30,907.3,909.15,907.0,908.2,26206,JSWSTEEL
79,2025-01-06 10:15:00+05:30,908.25,910.95,908.0,908.55,23584,JSWSTEEL
80,2025-01-06 10:30:00+05:30,908.55,912.15,907.1,910.05,81358,JSWSTEEL
81,2025-01-06 10:45:00+05:30,910.05,911.05,905.3,905.9,31346,JSWSTEEL
82,2025-01-06 11:00:00+05:30,905.75,906.0,902.2,903.4,37415,JSWSTEEL
83,2025-01-06 11:15:00+05:30,903.35,907.45,901.1,906.25,53883,JSWSTEEL
84,2025-01-06 11:30:00+05:30,906.4,909.0,904.2,904.6,78666,JSWSTEEL
85,2025-01-06 11:45:00+05:30,904.6,905.15,900.05,900.1,48963,JSWSTEEL
86,2025-01-06 12:00:00+05:30,900.3,907.95,900.15,905.4,133352,JSWSTEEL
87,2025-01-06 12:15:00+05:30,905.4,909.4,904.2,904.2,35719,JSWSTEEL
88,2025-01-06 12:30:00+05:30,904.65,907.85,904.2,906.6,21934,JSWSTEEL
89,2025-01-06 12:45:00+05:30,906.6,907.85,905.8,907.7,15648,JSWSTEEL
90,2025-01-06 13:00:00+05:30,907.35,908.7,905.15,905.85,28801,JSWSTEEL
91,2025-01-06 13:15:00+05:30,905.55,906.0,904.05,904.45,19118,JSWSTEEL
92,2025-01-06 13:30:00+05:30,904.4,904.4,901.95,903.45,53015,JSWSTEEL
93,2025-01-06 13:45:00+05:30,903.15,904.9,900.2,902.85,26281,JSWSTEEL
94,2025-01-06 14:00:00+05:30,903.15,905.35,902.5,903.5,16948,JSWSTEEL
95,2025-01-06 14:15:00+05:30,903.5,905.95,903.0,903.65,19496,JSWSTEEL
96,2025-01-06 14:30:00+05:30,903.65,903.9,898.4,899.5,56829,JSWSTEEL
97,2025-01-06 14:45:00+05:30,899.55,904.2,899.35,903.7,37383,JSWSTEEL
98,2025-01-06 15:00:00+05:30,903.7,904.0,899.75,899.95,59570,JSWSTEEL
99,2025-01-06 15:15:00+05:30,899.95,902.35,897.9,902.25,78110,JSWSTEEL
100,2025-01-07 09:15:00+05:30,901.55,910.7,899.2,903.95,84667,JSWSTEEL
101,2025-01-07 09:30:00+05:30,904.35,912.0,903.95,911.5,38889,JSWSTEEL
102,2025-01-07 09:45:00+05:30,911.5,911.5,904.5,906.4,31821,JSWSTEEL
103,2025-01-07 10:00:00+05:30,906.4,908.95,905.45,908.8,15215,JSWSTEEL
104,2025-01-07 10:15:00+05:30,908.9,910.9,907.35,910.7,16391,JSWSTEEL
105,2025-01-07 10:30:00+05:30,910.7,910.9,908.1,909.4,10960,JSWSTEEL
106,2025-01-07 10:45:00+05:30,909.45,910.8,907.35,908.0,14412,JSWSTEEL
107,2025-01-07 11:00:00+05:30,908.0,908.5,906.15,907.3,6618,JSWSTEEL
108,2025-01-07 11:15:00+05:30,907.3,910.45,906.55,909.9,12811,JSWSTEEL
109,2025-01-07 11:30:00+05:30,910.2,912.15,909.45,910.2,18524,JSWSTEEL
110,2025-01-07 11:45:00+05:30,910.2,910.9,908.5,908.9,12613,JSWSTEEL
111,2025-01-07 12:00:00+05:30,908.65,910.15,907.95,908.2,10380,JSWSTEEL
112,2025-01-07 12:15:00+05:30,908.55,909.5,907.3,908.1,7344,JSWSTEEL
113,2025-01-07 12:30:00+05:30,908.2,909.95,908.0,909.65,10066,JSWSTEEL
114,2025-01-07 12:45:00+05:30,909.75,910.9,908.6,908.9,11518,JSWSTEEL
115,2025-01-07 13:00:00+05:30,909.25,909.8,908.1,908.6,14982,JSWSTEEL
116,2025-01-07 13:15:00+05:30,908.85,910.05,908.35,909.45,11931,JSWSTEEL
117,2025-01-07 13:30:00+05:30,909.4,913.45,909.0,911.0,39150,JSWSTEEL
118,2025-01-07 13:45:00+05:30,911.1,913.7,910.0,910.45,38352,JSWSTEEL
119,2025-01-07 14:00:00+05:30,910.1,911.85,909.0,911.55,26260,JSWSTEEL
120,2025-01-07 14:15:00+05:30,911.55,912.5,910.0,910.0,40840,JSWSTEEL
121,2025-01-07 14:30:00+05:30,910.05,911.95,909.5,910.0,36759,JSWSTEEL
122,2025-01-07 14:45:00+05:30,910.35,911.6,909.55,911.55,29505,JSWSTEEL
123,2025-01-07 15:00:00+05:30,911.45,913.2,910.2,912.35,73190,JSWSTEEL
124,2025-01-07 15:15:00+05:30,912.35,912.75,909.1,910.7,72875,JSWSTEEL
125,2025-01-08 09:15:00+05:30,910.0,911.95,903.65,906.35,58058,JSWSTEEL
126,2025-01-08 09:30:00+05:30,906.3,909.4,905.0,907.9,36193,JSWSTEEL
127,2025-01-08 09:45:00+05:30,907.85,909.45,907.0,908.65,12796,JSWSTEEL
128,2025-01-08 10:00:00+05:30,908.45,908.65,905.25,907.05,10190,JSWSTEEL
129,2025-01-08 10:15:00+05:30,906.9,907.8,903.55,905.2,26355,JSWSTEEL
130,2025-01-08 10:30:00+05:30,905.45,905.55,901.8,902.3,16240,JSWSTEEL
131,2025-01-08 10:45:00+05:30,902.3,902.65,901.5,902.6,8525,JSWSTEEL
132,2025-01-08 11:00:00+05:30,902.6,902.6,900.55,902.05,14483,JSWSTEEL
133,2025-01-08 11:15:00+05:30,902.05,902.25,899.1,900.7,27114,JSWSTEEL
134,2025-01-08 11:30:00+05:30,900.75,900.95,898.55,899.1,11061,JSWSTEEL
135,2025-01-08 11:45:00+05:30,899.0,899.3,898.0,898.15,9856,JSWSTEEL
136,2025-01-08 12:00:00+05:30,898.05,898.9,897.0,898.05,20950,JSWSTEEL
137,2025-01-08 12:15:00+05:30,897.95,899.7,897.15,898.15,13320,JSWSTEEL
138,2025-01-08 12:30:00+05:30,898.4,898.75,895.15,896.85,27307,JSWSTEEL
139,2025-01-08 12:45:00+05:30,896.85,898.45,896.3,897.95,18312,JSWSTEEL
140,2025-01-08 13:00:00+05:30,898.0,898.15,896.1,896.95,13128,JSWSTEEL
141,2025-01-08 13:15:00+05:30,896.85,898.15,895.55,897.5,22610,JSWSTEEL
142,2025-01-08 13:30:00+05:30,897.45,899.2,896.15,898.0,21839,JSWSTEEL
143,2025-01-08 13:45:00+05:30,898.2,902.9,897.85,902.0,86224,JSWSTEEL
144,2025-01-08 14:00:00+05:30,902.1,905.4,900.95,904.85,66119,JSWSTEEL
145,2025-01-08 14:15:00+05:30,904.75,909.15,904.7,905.8,47622,JSWSTEEL
146,2025-01-08 14:30:00+05:30,905.75,905.8,901.65,904.7,38474,JSWSTEEL
147,2025-01-08 14:45:00+05:30,904.9,906.85,902.0,902.1,17081,JSWSTEEL
148,2025-01-08 15:00:00+05:30,902.5,903.55,900.3,902.75,60250,JSWSTEEL
149,2025-01-08 15:15:00+05:30,902.75,903.55,900.0,900.0,58441,JSWSTEEL
150,2025-01-09 09:15:00+05:30,901.0,908.95,900.6,901.3,83930,JSWSTEEL
151,2025-01-09 09:30:00+05:30,901.0,903.35,900.1,902.7,36373,JSWSTEEL
152,2025-01-09 09:45:00+05:30,902.7,904.15,901.0,902.55,27681,JSWSTEEL
153,2025-01-09 10:00:00+05:30,902.75,903.0,899.65,901.35,88931,JSWSTEEL
154,2025-01-09 10:15:00+05:30,901.35,901.35,897.35,897.7,114132,JSWSTEEL
155,2025-01-09 10:30:00+05:30,897.75,899.95,896.5,898.8,26925,JSWSTEEL
156,2025-01-09 10:45:00+05:30,898.4,900.2,895.5,897.25,61079,JSWSTEEL
157,2025-01-09 11:00:00+05:30,897.3,898.45,895.1,895.4,54582,JSWSTEEL
158,2025-01-09 11:15:00+05:30,895.3,896.5,894.5,896.35,15879,JSWSTEEL
159,2025-01-09 11:30:00+05:30,896.3,897.3,895.65,896.55,12728,JSWSTEEL
160,2025-01-09 11:45:00+05:30,896.25,899.9,896.25,899.0,29332,JSWSTEEL
161,2025-01-09 12:00:00+05:30,898.9,901.65,898.55,901.35,24127,JSWSTEEL
162,2025-01-09 12:15:00+05:30,901.35,903.95,900.5,900.5,44990,JSWSTEEL
163,2025-01-09 12:30:00+05:30,900.5,902.05,899.7,900.1,19674,JSWSTEEL
164,2025-01-09 12:45:00+05:30,900.15,901.55,899.25,901.1,23842,JSWSTEEL
165,2025-01-09 13:00:00+05:30,901.05,902.5,899.3,900.25,23102,JSWSTEEL
166,2025-01-09 13:15:00+05:30,900.3,900.95,899.05,899.5,16502,JSWSTEEL
167,2025-01-09 13:30:00+05:30,899.5,900.0,895.85,896.1,99805,JSWSTEEL
168,2025-01-09 13:45:00+05:30,896.4,897.1,892.5,893.2,140071,JSWSTEEL
169,2025-01-09 14:00:00+05:30,893.25,893.85,891.45,892.5,54185,JSWSTEEL
170,2025-01-09 14:15:00+05:30,892.35,894.0,891.7,893.15,30222,JSWSTEEL
171,2025-01-09 14:30:00+05:30,893.15,894.05,890.8,891.95,74068,JSWSTEEL
172,2025-01-09 14:45:00+05:30,891.75,892.8,890.6,891.15,73186,JSWSTEEL
173,2025-01-09 15:00:00+05:30,890.75,893.3,890.2,891.15,141411,JSWSTEEL
174,2025-01-09 15:15:00+05:30,891.1,892.95,888.8,892.45,137251,JSWSTEEL
175,2025-01-10 09:15:00+05:30,890.95,896.05,887.35,887.7,114168,JSWSTEEL
176,2025-01-10 09:30:00+05:30,887.4,888.25,884.3,885.85,59800,JSWSTEEL
177,2025-01-10 09:45:00+05:30,885.85,885.85,880.6,881.7,145799,JSWSTEEL
178,2025-01-10 10:00:00+05:30,881.7,887.5,880.25,887.5,109461,JSWSTEEL
179,2025-01-10 10:15:00+05:30,887.5,891.7,886.0,889.45,60495,JSWSTEEL
180,2025-01-10 10:30:00+05:30,889.45,891.95,887.1,890.85,43763,JSWSTEEL
181,2025-01-10 10:45:00+05:30,890.85,893.9,890.2,892.85,47957,JSWSTEEL
182,2025-01-10 11:00:00+05:30,892.85,895.85,892.8,895.5,43892,JSWSTEEL
183,2025-01-10 11:15:00+05:30,895.5,897.95,893.25,896.0,47367,JSWSTEEL
184,2025-01-10 11:30:00+05:30,896.25,899.25,894.5,895.25,52629,JSWSTEEL
185,2025-01-10 11:45:00+05:30,895.05,897.8,894.15,897.4,11802,JSWSTEEL
186,2025-01-10 12:00:00+05:30,897.35,898.7,895.45,898.15,16610,JSWSTEEL
187,2025-01-10 12:15:00+05:30,898.4,902.3,898.2,900.7,56562,JSWSTEEL
188,2025-01-10 12:30:00+05:30,900.65,900.9,897.6,900.4,38266,JSWSTEEL
189,2025-01-10 12:45:00+05:30,900.4,901.95,899.6,900.05,41282,JSWSTEEL
190,2025-01-10 13:00:00+05:30,900.3,901.0,898.9,900.95,20392,JSWSTEEL
191,2025-01-10 13:15:00+05:30,900.95,903.4,900.0,900.0,37399,JSWSTEEL
192,2025-01-10 13:30:00+05:30,900.4,900.5,897.1,898.95,29214,JSWSTEEL
193,2025-01-10 13:45:00+05:30,899.0,900.0,898.15,899.5,19198,JSWSTEEL
194,2025-01-10 14:00:00+05:30,899.7,899.9,896.4,896.95,22399,JSWSTEEL
195,2025-01-10 14:15:00+05:30,896.95,900.0,895.85,899.85,42202,JSWSTEEL
196,2025-01-10 14:30:00+05:30,899.65,900.9,897.25,899.35,84579,JSWSTEEL
197,2025-01-10 14:45:00+05:30,899.8,899.9,897.9,898.2,72053,JSWSTEEL
198,2025-01-10 15:00:00+05:30,898.3,900.6,897.8,898.65,110832,JSWSTEEL
199,2025-01-10 15:15:00+05:30,898.65,908.0,897.0,897.0,282235,JSWSTEEL
200,2025-01-13 09:15:00+05:30,895.95,895.95,887.65,891.95,83315,JSWSTEEL
201,2025-01-13 09:30:00+05:30,891.9,893.95,889.3,891.2,20161,JSWSTEEL
202,2025-01-13 09:45:00+05:30,891.3,892.95,887.75,892.55,38071,JSWSTEEL
203,2025-01-13 10:00:00+05:30,893.0,894.0,890.55,893.0,28343,JSWSTEEL
204,2025-01-13 10:15:00+05:30,893.05,895.0,892.0,894.65,19808,JSWSTEEL
205,2025-01-13 10:30:00+05:30,895.0,898.7,894.5,897.45,50342,JSWSTEEL
206,2025-01-13 10:45:00+05:30,897.45,898.4,893.85,894.25,16489,JSWSTEEL
207,2025-01-13 11:00:00+05:30,894.2,895.0,892.6,893.55,27385,JSWSTEEL
208,2025-01-13 11:15:00+05:30,893.5,894.45,891.1,891.5,20873,JSWSTEEL
209,2025-01-13 11:30:00+05:30,891.5,891.5,889.8,891.4,29997,JSWSTEEL
210,2025-01-13 11:45:00+05:30,891.35,891.95,889.3,890.15,21003,JSWSTEEL
211,2025-01-13 12:00:00+05:30,890.15,892.35,889.6,891.0,17746,JSWSTEEL
212,2025-01-13 12:15:00+05:30,891.05,891.95,888.25,890.9,31607,JSWSTEEL
213,2025-01-13 12:30:00+05:30,891.2,891.8,888.15,889.05,40720,JSWSTEEL
214,2025-01-13 12:45:00+05:30,889.5,890.75,888.8,889.5,12080,JSWSTEEL
215,2025-01-13 13:00:00+05:30,889.75,891.4,889.05,890.35,31464,JSWSTEEL
216,2025-01-13 13:15:00+05:30,890.45,892.05,888.2,890.35,180188,JSWSTEEL
217,2025-01-13 13:30:00+05:30,890.35,891.35,889.7,890.8,19168,JSWSTEEL
218,2025-01-13 13:45:00+05:30,890.8,891.4,887.8,888.3,144073,JSWSTEEL
219,2025-01-13 14:00:00+05:30,888.3,889.75,886.4,887.6,25798,JSWSTEEL
220,2025-01-13 14:15:00+05:30,887.5,888.15,885.0,886.4,53695,JSWSTEEL
221,2025-01-13 14:30:00+05:30,886.4,886.55,881.0,882.05,118257,JSWSTEEL
222,2025-01-13 14:45:00+05:30,882.55,884.85,881.25,882.65,43755,JSWSTEEL
223,2025-01-13 15:00:00+05:30,882.65,885.45,880.0,884.2,177649,JSWSTEEL
224,2025-01-13 15:15:00+05:30,884.45,887.4,884.0,884.8,162486,JSWSTEEL
225,2025-01-14 09:15:00+05:30,882.5,904.9,882.5,900.05,195628,JSWSTEEL
226,2025-01-14 09:30:00+05:30,900.5,903.1,897.1,899.75,86528,JSWSTEEL
227,2025-01-14 09:45:00+05:30,899.45,901.8,897.6,901.25,48309,JSWSTEEL
228,2025-01-14 10:00:00+05:30,901.2,901.2,897.5,897.5,45185,JSWSTEEL
229,2025-01-14 10:15:00+05:30,897.9,898.0,894.0,895.75,45993,JSWSTEEL
230,2025-01-14 10:30:00+05:30,895.75,900.5,895.05,900.35,37845,JSWSTEEL
231,2025-01-14 10:45:00+05:30,900.35,903.0,900.35,902.05,48350,JSWSTEEL
232,2025-01-14 11:00:00+05:30,901.85,906.4,901.3,905.5,159594,JSWSTEEL
233,2025-01-14 11:15:00+05:30,905.5,908.35,904.05,905.0,140229,JSWSTEEL
234,2025-01-14 11:30:00+05:30,905.0,905.2,902.45,903.0,39979,JSWSTEEL
235,2025-01-14 11:45:00+05:30,902.95,903.5,902.0,903.0,34632,JSWSTEEL
236,2025-01-14 12:00:00+05:30,903.0,905.0,902.0,903.5,37071,JSWSTEEL
237,2025-01-14 12:15:00+05:30,903.5,906.0,902.3,904.0,125989,JSWSTEEL
238,2025-01-14 12:30:00+05:30,904.0,909.3,902.35,908.7,166886,JSWSTEEL
239,2025-01-14 12:45:00+05:30,908.7,911.3,907.65,908.75,86101,JSWSTEEL
240,2025-01-14 13:00:00+05:30,908.75,909.15,905.65,907.4,53357,JSWSTEEL
241,2025-01-14 13:15:00+05:30,907.4,908.25,905.7,907.1,39706,JSWSTEEL
242,2025-01-14 13:30:00+05:30,907.05,908.0,905.95,907.0,54520,JSWSTEEL
243,2025-01-14 13:45:00+05:30,907.0,907.15,903.8,904.35,47624,JSWSTEEL
244,2025-01-14 14:00:00+05:30,904.35,904.45,901.05,901.6,65357,JSWSTEEL
245,2025-01-14 14:15:00+05:30,901.55,905.75,900.0,904.75,67545,JSWSTEEL
246,2025-01-14 14:30:00+05:30,904.75,906.7,903.8,906.45,43340,JSWSTEEL
247,2025-01-14 14:45:00+05:30,906.45,906.45,904.15,904.85,30637,JSWSTEEL
248,2025-01-14 15:00:00+05:30,904.5,907.2,904.45,906.45,71551,JSWSTEEL
249,2025-01-14 15:15:00+05:30,906.0,907.15,904.0,904.25,167871,JSWSTEEL
250,2025-01-15 09:15:00+05:30,910.0,910.0,903.05,904.2,69763,JSWSTEEL
251,2025-01-15 09:30:00+05:30,903.85,908.85,903.05,907.65,75297,JSWSTEEL
252,2025-01-15 09:45:00+05:30,907.5,908.5,906.0,907.65,54435,JSWSTEEL
253,2025-01-15 10:00:00+05:30,907.65,910.75,907.0,909.25,38117,JSWSTEEL
254,2025-01-15 10:15:00+05:30,909.0,910.9,908.0,909.75,40959,JSWSTEEL
255,2025-01-15 10:30:00+05:30,909.95,911.55,909.25,911.45,160791,JSWSTEEL
256,2025-01-15 10:45:00+05:30,911.45,912.7,911.0,912.25,43239,JSWSTEEL
257,2025-01-15 11:00:00+05:30,912.25,912.5,909.9,911.15,35076,JSWSTEEL
258,2025-01-15 11:15:00+05:30,910.9,911.25,909.1,909.65,24351,JSWSTEEL
259,2025-01-15 11:30:00+05:30,909.5,909.65,907.4,908.45,40616,JSWSTEEL
260,2025-01-15 11:45:00+05:30,908.35,911.3,907.95,908.95,28026,JSWSTEEL
261,2025-01-15 12:00:00+05:30,908.95,909.8,907.4,908.45,33321,JSWSTEEL
262,2025-01-15 12:15:00+05:30,908.2,909.3,905.55,908.45,39897,JSWSTEEL
263,2025-01-15 12:30:00+05:30,908.4,909.85,907.25,909.1,40157,JSWSTEEL
264,2025-01-15 12:45:00+05:30,909.0,909.35,907.2,907.2,27494,JSWSTEEL
265,2025-01-15 13:00:00+05:30,907.1,907.5,906.25,906.7,35187,JSWSTEEL
266,2025-01-15 13:15:00+05:30,906.4,906.95,904.0,905.3,89958,JSWSTEEL
267,2025-01-15 13:30:00+05:30,905.25,907.3,904.5,906.9,36468,JSWSTEEL
268,2025-01-15 13:45:00+05:30,906.8,908.0,905.65,907.1,36379,JSWSTEEL
269,2025-01-15 14:00:00+05:30,907.1,907.6,902.85,903.35,105670,JSWSTEEL
270,2025-01-15 14:15:00+05:30,903.35,904.65,901.7,902.9,41158,JSWSTEEL
271,2025-01-15 14:30:00+05:30,902.9,905.95,901.5,905.25,55456,JSWSTEEL
272,2025-01-15 14:45:00+05:30,905.5,905.8,903.3,904.05,27542,JSWSTEEL
273,2025-01-15 15:00:00+05:30,904.3,906.95,903.1,903.4,183214,JSWSTEEL
274,2025-01-15 15:15:00+05:30,903.4,909.0,902.8,907.35,216935,JSWSTEEL
275,2025-01-16 09:15:00+05:30,910.0,913.8,907.15,913.1,99113,JSWSTEEL
276,2025-01-16 09:30:00+05:30,913.45,914.4,910.0,911.75,44117,JSWSTEEL
277,2025-01-16 09:45:00+05:30,911.8,914.0,909.15,909.3,42868,JSWSTEEL
278,2025-01-16 10:00:00+05:30,909.35,909.85,908.55,909.5,31654,JSWSTEEL
279,2025-01-16 10:15:00+05:30,909.5,909.5,904.95,905.5,137600,JSWSTEEL
280,2025-01-16 10:30:00+05:30,905.55,907.0,903.1,903.15,112420,JSWSTEEL
281,2025-01-16 10:45:00+05:30,903.1,904.3,902.4,904.3,47516,JSWSTEEL
282,2025-01-16 11:00:00+05:30,904.3,904.8,900.1,900.4,171968,JSWSTEEL
283,2025-01-16 11:15:00+05:30,900.25,906.45,900.1,906.45,140368,JSWSTEEL
284,2025-01-16 11:30:00+05:30,906.45,907.7,903.15,903.5,61013,JSWSTEEL
285,2025-01-16 11:45:00+05:30,903.5,904.05,903.1,903.1,26789,JSWSTEEL
286,2025-01-16 12:00:00+05:30,903.15,903.45,902.35,902.5,23803,JSWSTEEL
287,2025-01-16 12:15:00+05:30,902.55,903.2,901.2,901.95,38022,JSWSTEEL
288,2025-01-16 12:30:00+05:30,901.9,902.25,900.7,901.15,26494,JSWSTEEL
289,2025-01-16 12:45:00+05:30,901.05,902.8,900.9,902.6,34485,JSWSTEEL
290,2025-01-16 13:00:00+05:30,902.6,902.95,901.1,902.6,48247,JSWSTEEL
291,2025-01-16 13:15:00+05:30,902.45,905.65,902.05,904.6,60629,JSWSTEEL
292,2025-01-16 13:30:00+05:30,904.6,906.9,904.05,906.15,59338,JSWSTEEL
293,2025-01-16 13:45:00+05:30,906.2,907.4,905.5,906.95,56850,JSWSTEEL
294,2025-01-16 14:00:00+05:30,906.95,908.2,906.15,907.95,47191,JSWSTEEL
295,2025-01-16 14:15:00+05:30,907.75,908.2,905.6,907.0,82414,JSWSTEEL
296,2025-01-16 14:30:00+05:30,907.0,908.25,905.6,907.7,61404,JSWSTEEL
297,2025-01-16 14:45:00+05:30,907.7,908.0,906.0,907.05,49429,JSWSTEEL
298,2025-01-16 15:00:00+05:30,906.95,908.4,905.65,906.55,243729,JSWSTEEL
299,2025-01-16 15:15:00+05:30,906.55,909.7,905.5,909.7,197174,JSWSTEEL
300,2025-01-17 09:15:00+05:30,906.8,912.45,905.25,911.65,78454,JSWSTEEL
301,2025-01-17 09:30:00+05:30,911.65,916.75,911.55,913.0,128590,JSWSTEEL
302,2025-01-17 09:45:00+05:30,913.1,916.0,912.0,914.75,85627,JSWSTEEL
303,2025-01-17 10:00:00+05:30,914.5,917.5,913.65,913.65,42020,JSWSTEEL
304,2025-01-17 10:15:00+05:30,913.65,914.95,912.0,914.95,24989,JSWSTEEL
305,2025-01-17 10:30:00+05:30,914.95,915.2,912.25,912.9,37127,JSWSTEEL
306,2025-01-17 10:45:00+05:30,912.75,912.95,907.3,907.95,51236,JSWSTEEL
307,2025-01-17 11:00:00+05:30,907.95,909.15,907.05,908.3,28757,JSWSTEEL
308,2025-01-17 11:15:00+05:30,908.5,909.55,908.0,909.45,13425,JSWSTEEL
309,2025-01-17 11:30:00+05:30,909.3,910.4,908.0,908.1,19624,JSWSTEEL
310,2025-01-17 11:45:00+05:30,908.1,908.2,906.85,907.35,11304,JSWSTEEL
311,2025-01-17 12:00:00+05:30,907.2,909.9,907.2,908.35,17877,JSWSTEEL
312,2025-01-17 12:15:00+05:30,908.4,914.95,908.4,912.15,56299,JSWSTEEL
313,2025-01-17 12:30:00+05:30,912.15,912.4,910.25,910.95,14294,JSWSTEEL
314,2025-01-17 12:45:00+05:30,911.45,912.0,910.0,911.1,15663,JSWSTEEL
315,2025-01-17 13:00:00+05:30,911.1,911.75,909.65,910.35,14755,JSWSTEEL
316,2025-01-17 13:15:00+05:30,910.0,910.35,908.15,909.1,11447,JSWSTEEL
317,2025-01-17 13:30:00+05:30,908.75,910.85,908.05,910.1,15027,JSWSTEEL
318,2025-01-17 13:45:00+05:30,909.7,912.1,909.65,910.85,15134,JSWSTEEL
319,2025-01-17 14:00:00+05:30,910.85,911.3,909.2,910.65,13214,JSWSTEEL
320,2025-01-17 14:15:00+05:30,910.65,912.1,910.3,911.6,16842,JSWSTEEL
321,2025-01-17 14:30:00+05:30,911.75,913.95,911.75,913.75,25526,JSWSTEEL
322,2025-01-17 14:45:00+05:30,913.45,913.85,912.6,912.75,27550,JSWSTEEL
323,2025-01-17 15:00:00+05:30,913.15,913.15,907.65,908.05,52942,JSWSTEEL
324,2025-01-17 15:15:00+05:30,908.05,910.05,906.9,909.95,92634,JSWSTEEL
325,2025-01-20 09:15:00+05:30,908.6,909.05,901.3,902.3,60008,JSWSTEEL
326,2025-01-20 09:30:00+05:30,902.15,907.35,900.5,905.75,52567,JSWSTEEL
327,2025-01-20 09:45:00+05:30,906.15,907.5,905.8,906.75,13565,JSWSTEEL
328,2025-01-20 10:00:00+05:30,906.7,909.8,906.4,909.75,49231,JSWSTEEL
329,2025-01-20 10:15:00+05:30,909.75,912.0,907.5,911.3,41386,JSWSTEEL
330,2025-01-20 10:30:00+05:30,911.6,914.8,911.6,913.05,88776,JSWSTEEL
331,2025-01-20 10:45:00+05:30,913.15,916.7,913.0,916.45,36039,JSWSTEEL
332,2025-01-20 11:00:00+05:30,916.5,919.75,915.6,919.5,89516,JSWSTEEL
333,2025-01-20 11:15:00+05:30,919.2,922.15,919.2,922.15,72445,JSWSTEEL
334,2025-01-20 11:30:00+05:30,922.15,925.65,921.9,922.4,70752,JSWSTEEL
335,2025-01-20 11:45:00+05:30,922.3,922.7,920.6,922.1,73650,JSWSTEEL
336,2025-01-20 12:00:00+05:30,922.0,922.85,917.5,917.95,41949,JSWSTEEL
337,2025-01-20 12:15:00+05:30,917.6,919.3,917.1,917.3,35947,JSWSTEEL
338,2025-01-20 12:30:00+05:30,917.3,918.95,916.75,918.0,21232,JSWSTEEL
339,2025-01-20 12:45:00+05:30,918.0,919.6,917.65,919.5,17607,JSWSTEEL
340,2025-01-20 13:00:00+05:30,919.5,922.0,917.3,921.35,37136,JSWSTEEL
341,2025-01-20 13:15:00+05:30,921.0,921.85,916.85,917.05,42624,JSWSTEEL
342,2025-01-20 13:30:00+05:30,917.05,918.15,915.9,918.15,20372,JSWSTEEL
343,2025-01-20 13:45:00+05:30,918.15,918.45,917.15,917.75,15155,JSWSTEEL
344,2025-01-20 14:00:00+05:30,917.75,918.75,916.5,918.65,12986,JSWSTEEL
345,2025-01-20 14:15:00+05:30,918.75,918.9,916.0,916.0,32867,JSWSTEEL
346,2025-01-20 14:30:00+05:30,916.15,919.1,914.8,918.7,35591,JSWSTEEL
347,2025-01-20 14:45:00+05:30,918.7,918.95,917.1,918.15,19394,JSWSTEEL
348,2025-01-20 15:00:00+05:30,918.15,920.0,917.55,919.5,76406,JSWSTEEL
349,2025-01-20 15:15:00+05:30,919.5,922.0,917.8,922.0,239368,JSWSTEEL
350,2025-01-21 09:15:00+05:30,925.0,928.0,921.5,925.7,140112,JSWSTEEL
351,2025-01-21 09:30:00+05:30,925.8,933.0,924.6,931.85,135399,JSWSTEEL
352,2025-01-21 09:45:00+05:30,931.75,933.0,926.25,926.7,107636,JSWSTEEL
353,2025-01-21 10:00:00+05:30,926.6,926.7,923.05,925.0,54091,JSWSTEEL
354,2025-01-21 10:15:00+05:30,925.0,925.3,919.55,922.25,79100,JSWSTEEL
355,2025-01-21 10:30:00+05:30,922.25,924.85,921.9,923.4,51410,JSWSTEEL
356,2025-01-21 10:45:00+05:30,923.8,924.4,921.85,922.75,34119,JSWSTEEL
357,2025-01-21 11:00:00+05:30,922.7,923.85,921.05,923.45,36488,JSWSTEEL
358,2025-01-21 11:15:00+05:30,923.55,924.55,921.05,921.5,24266,JSWSTEEL
359,2025-01-21 11:30:00+05:30,921.5,924.15,921.0,924.0,18445,JSWSTEEL
360,2025-01-21 11:45:00+05:30,924.15,928.85,924.05,928.6,70333,JSWSTEEL
361,2025-01-21 12:00:00+05:30,928.6,929.4,926.6,927.35,40105,JSWSTEEL
362,2025-01-21 12:15:00+05:30,927.35,927.35,923.9,924.45,38960,JSWSTEEL
363,2025-01-21 12:30:00+05:30,924.45,926.95,923.95,926.2,39338,JSWSTEEL
364,2025-01-21 12:45:00+05:30,925.7,928.0,923.95,927.15,17295,JSWSTEEL
365,2025-01-21 13:00:00+05:30,927.1,928.9,926.55,927.0,25982,JSWSTEEL
366,2025-01-21 13:15:00+05:30,926.8,928.0,922.5,927.5,29308,JSWSTEEL
367,2025-01-21 13:30:00+05:30,927.5,928.75,925.05,928.4,26028,JSWSTEEL
368,2025-01-21 13:45:00+05:30,928.35,931.0,928.0,931.0,53977,JSWSTEEL
369,2025-01-21 14:00:00+05:30,930.9,932.5,928.8,931.7,70604,JSWSTEEL
370,2025-01-21 14:15:00+05:30,931.6,932.0,930.0,931.55,43016,JSWSTEEL
371,2025-01-21 14:30:00+05:30,931.2,931.9,927.9,929.55,70658,JSWSTEEL
372,2025-01-21 14:45:00+05:30,929.15,929.8,926.4,926.4,78107,JSWSTEEL
373,2025-01-21 15:00:00+05:30,926.45,929.6,926.3,928.2,79188,JSWSTEEL
374,2025-01-21 15:15:00+05:30,928.2,928.6,924.1,924.1,109378,JSWSTEEL
375,2025-01-22 09:15:00+05:30,932.0,932.0,924.2,927.4,117976,JSWSTEEL
376,2025-01-22 09:30:00+05:30,927.45,930.95,925.15,927.6,69838,JSWSTEEL
377,2025-01-22 09:45:00+05:30,927.35,929.0,923.55,924.5,86382,JSWSTEEL
378,2025-01-22 10:00:00+05:30,924.5,926.3,922.5,925.55,34326,JSWSTEEL
379,2025-01-22 10:15:00+05:30,925.75,928.5,924.55,927.35,18761,JSWSTEEL
380,2025-01-22 10:30:00+05:30,927.3,927.85,924.8,926.8,31131,JSWSTEEL
381,2025-01-22 10:45:00+05:30,927.0,927.3,922.05,922.85,26324,JSWSTEEL
382,2025-01-22 11:00:00+05:30,922.8,924.6,922.0,922.2,15918,JSWSTEEL
383,2025-01-22 11:15:00+05:30,922.2,922.55,917.5,918.35,60177,JSWSTEEL
384,2025-01-22 11:30:00+05:30,918.3,919.1,915.6,915.95,39210,JSWSTEEL
385,2025-01-22 11:45:00+05:30,915.9,919.6,915.0,915.75,61968,JSWSTEEL
386,2025-01-22 12:00:00+05:30,915.75,916.35,913.3,915.35,37070,JSWSTEEL
387,2025-01-22 12:15:00+05:30,915.1,915.55,911.05,913.4,45809,JSWSTEEL
388,2025-01-22 12:30:00+05:30,913.35,917.05,913.0,914.2,38886,JSWSTEEL
389,2025-01-22 12:45:00+05:30,914.5,914.9,912.9,914.9,14459,JSWSTEEL
390,2025-01-22 13:00:00+05:30,914.9,914.9,911.0,913.9,31874,JSWSTEEL
391,2025-01-22 13:15:00+05:30,913.9,913.9,909.05,910.7,21845,JSWSTEEL
392,2025-01-22 13:30:00+05:30,910.35,911.25,907.15,909.8,53740,JSWSTEEL
393,2025-01-22 13:45:00+05:30,909.45,912.45,909.25,911.6,16970,JSWSTEEL
394,2025-01-22 14:00:00+05:30,911.65,913.45,910.45,911.8,26350,JSWSTEEL
395,2025-01-22 14:15:00+05:30,911.8,915.1,910.9,913.5,23524,JSWSTEEL
396,2025-01-22 14:30:00+05:30,913.5,916.7,912.95,916.15,16475,JSWSTEEL
397,2025-01-22 14:45:00+05:30,915.9,919.95,914.8,919.7,31458,JSWSTEEL
398,2025-01-22 15:00:00+05:30,919.7,920.8,917.5,920.75,79526,JSWSTEEL
399,2025-01-22 15:15:00+05:30,920.75,920.75,917.0,917.6,76842,JSWSTEEL
400,2025-01-23 09:15:00+05:30,919.05,919.95,912.8,916.9,41788,JSWSTEEL
401,2025-01-23 09:30:00+05:30,917.15,922.85,915.35,921.95,66195,JSWSTEEL
402,2025-01-23 09:45:00+05:30,921.6,924.0,921.05,921.5,126984,JSWSTEEL
403,2025-01-23 10:00:00+05:30,921.5,923.95,920.0,922.3,43176,JSWSTEEL
404,2025-01-23 10:15:00+05:30,922.3,929.9,921.05,929.6,134822,JSWSTEEL
405,2025-01-23 10:30:00+05:30,929.3,930.6,928.85,930.25,35362,JSWSTEEL
406,2025-01-23 10:45:00+05:30,930.2,931.7,927.0,928.5,42397,JSWSTEEL
407,2025-01-23 11:00:00+05:30,928.65,929.35,927.2,928.55,18758,JSWSTEEL
408,2025-01-23 11:15:00+05:30,928.55,928.7,927.0,928.4,13888,JSWSTEEL
409,2025-01-23 11:30:00+05:30,927.95,928.8,926.1,926.3,30845,JSWSTEEL
410,2025-01-23 11:45:00+05:30,926.3,928.85,926.2,928.7,19124,JSWSTEEL
411,2025-01-23 12:00:00+05:30,928.75,929.65,928.05,928.55,15258,JSWSTEEL
412,2025-01-23 12:15:00+05:30,928.55,929.95,927.55,928.85,19367,JSWSTEEL
413,2025-01-23 12:30:00+05:30,928.85,930.7,928.3,929.1,29036,JSWSTEEL
414,2025-01-23 12:45:00+05:30,929.15,929.3,927.85,928.65,15139,JSWSTEEL
415,2025-01-23 13:00:00+05:30,928.65,935.0,928.1,933.0,117192,JSWSTEEL
416,2025-01-23 13:15:00+05:30,933.0,936.55,932.45,935.6,75400,JSWSTEEL
417,2025-01-23 13:30:00+05:30,935.6,936.0,934.5,935.6,25308,JSWSTEEL
418,2025-01-23 13:45:00+05:30,935.6,936.55,933.8,935.9,56763,JSWSTEEL
419,2025-01-23 14:00:00+05:30,935.9,937.35,934.2,936.65,46510,JSWSTEEL
420,2025-01-23 14:15:00+05:30,936.65,937.0,933.3,934.75,42695,JSWSTEEL
421,2025-01-23 14:30:00+05:30,934.8,935.95,933.25,933.65,32019,JSWSTEEL
422,2025-01-23 14:45:00+05:30,933.85,934.1,930.4,932.1,52183,JSWSTEEL
423,2025-01-23 15:00:00+05:30,932.15,932.6,928.7,929.4,87223,JSWSTEEL
424,2025-01-23 15:15:00+05:30,929.45,933.75,927.95,929.05,78870,JSWSTEEL
425,2025-01-24 09:15:00+05:30,930.0,943.65,930.0,940.0,252514,JSWSTEEL
426,2025-01-24 09:30:00+05:30,940.5,945.5,938.6,938.75,264048,JSWSTEEL
427,2025-01-24 09:45:00+05:30,938.75,939.7,931.0,931.55,195314,JSWSTEEL
428,2025-01-24 10:00:00+05:30,931.6,933.7,929.65,932.45,92286,JSWSTEEL
429,2025-01-24 10:15:00+05:30,932.2,934.85,927.25,932.05,92762,JSWSTEEL
430,2025-01-24 10:30:00+05:30,932.05,939.3,931.5,937.65,129624,JSWSTEEL
431,2025-01-24 10:45:00+05:30,937.65,941.05,937.2,940.1,167888,JSWSTEEL
432,2025-01-24 11:00:00+05:30,940.15,949.4,939.7,946.4,265296,JSWSTEEL
433,2025-01-24 11:15:00+05:30,946.4,948.5,944.75,947.95,114452,JSWSTEEL
434,2025-01-24 11:30:00+05:30,947.9,950.9,946.3,950.15,159091,JSWSTEEL
435,2025-01-24 11:45:00+05:30,950.25,953.0,948.35,948.5,281503,JSWSTEEL
436,2025-01-24 12:00:00+05:30,948.5,950.15,946.0,946.65,146012,JSWSTEEL
437,2025-01-24 12:15:00+05:30,946.35,946.8,944.1,945.9,90585,JSWSTEEL
438,2025-01-24 12:30:00+05:30,945.75,946.05,941.55,942.35,230410,JSWSTEEL
439,2025-01-24 12:45:00+05:30,942.0,946.1,941.35,944.8,103242,JSWSTEEL
440,2025-01-24 13:00:00+05:30,944.6,944.65,940.0,943.7,92030,JSWSTEEL
441,2025-01-24 13:15:00+05:30,943.3,943.4,938.6,940.3,43649,JSWSTEEL
442,2025-01-24 13:30:00+05:30,940.35,940.4,934.3,935.4,83336,JSWSTEEL
443,2025-01-24 13:45:00+05:30,935.4,937.7,934.25,935.6,50634,JSWSTEEL
444,2025-01-24 14:00:00+05:30,935.45,937.3,932.0,932.55,68755,JSWSTEEL
445,2025-01-24 14:15:00+05:30,932.5,934.9,930.35,932.75,49247,JSWSTEEL
446,2025-01-24 14:30:00+05:30,933.15,934.05,926.15,927.9,132584,JSWSTEEL
447,2025-01-24 14:45:00+05:30,927.95,928.45,925.15,928.3,221782,JSWSTEEL
448,2025-01-24 15:00:00+05:30,928.3,932.95,928.05,932.8,100606,JSWSTEEL
449,2025-01-24 15:15:00+05:30,932.85,936.5,929.65,931.95,108367,JSWSTEEL
450,2025-01-27 09:15:00+05:30,901.1,927.0,901.1,908.35,581465,JSWSTEEL
451,2025-01-27 09:30:00+05:30,908.0,916.7,903.45,910.7,376951,JSWSTEEL
452,2025-01-27 09:45:00+05:30,910.75,915.0,905.75,914.9,532418,JSWSTEEL
453,2025-01-27 10:00:00+05:30,914.85,919.95,913.2,917.45,165207,JSWSTEEL
454,2025-01-27 10:15:00+05:30,917.4,919.1,915.0,915.3,82682,JSWSTEEL
455,2025-01-27 10:30:00+05:30,915.3,917.55,913.85,916.7,58449,JSWSTEEL
456,2025-01-27 10:45:00+05:30,917.0,920.8,913.0,913.0,77910,JSWSTEEL
457,2025-01-27 11:00:00+05:30,913.4,913.95,909.85,911.4,152820,JSWSTEEL
458,2025-01-27 11:15:00+05:30,911.35,915.8,910.75,912.2,241580,JSWSTEEL
459,2025-01-27 11:30:00+05:30,912.2,913.5,910.75,911.9,231637,JSWSTEEL
460,2025-01-27 11:45:00+05:30,911.9,917.9,910.65,914.6,202633,JSWSTEEL
461,2025-01-27 12:00:00+05:30,914.85,915.35,911.5,913.1,66800,JSWSTEEL
462,2025-01-27 12:15:00+05:30,912.7,915.9,911.7,914.95,41547,JSWSTEEL
463,2025-01-27 12:30:00+05:30,914.95,915.55,912.1,912.6,39007,JSWSTEEL
464,2025-01-27 12:45:00+05:30,912.5,915.0,912.1,914.6,13992,JSWSTEEL
465,2025-01-27 13:00:00+05:30,914.6,916.2,913.7,915.8,55795,JSWSTEEL
466,2025-01-27 13:15:00+05:30,915.8,918.9,915.65,916.75,55267,JSWSTEEL
467,2025-01-27 13:30:00+05:30,916.95,919.8,916.4,919.75,43033,JSWSTEEL
468,2025-01-27 13:45:00+05:30,919.45,921.85,918.3,919.8,74001,JSWSTEEL
469,2025-01-27 14:00:00+05:30,919.7,922.3,919.0,919.0,77514,JSWSTEEL
470,2025-01-27 14:15:00+05:30,918.65,919.3,915.95,916.45,35464,JSWSTEEL
471,2025-01-27 14:30:00+05:30,916.45,916.85,912.4,913.2,45401,JSWSTEEL
472,2025-01-27 14:45:00+05:30,912.9,916.45,912.0,915.65,66093,JSWSTEEL
473,2025-01-27 15:00:00+05:30,915.5,919.25,915.0,917.95,170277,JSWSTEEL
474,2025-01-27 15:15:00+05:30,917.8,922.8,916.6,916.6,401200,JSWSTEEL
475,2025-01-28 09:15:00+05:30,923.4,925.6,915.05,917.5,116493,JSWSTEEL
476,2025-01-28 09:30:00+05:30,917.5,918.05,912.5,913.05,55235,JSWSTEEL
477,2025-01-28 09:45:00+05:30,913.05,916.95,909.25,912.45,36228,JSWSTEEL
478,2025-01-28 10:00:00+05:30,912.45,914.4,906.6,907.15,47312,JSWSTEEL
479,2025-01-28 10:15:00+05:30,907.4,907.7,904.5,906.65,29461,JSWSTEEL
480,2025-01-28 10:30:00+05:30,906.9,909.95,904.8,909.25,21940,JSWSTEEL
481,2025-01-28 10:45:00+05:30,909.0,911.95,908.0,911.0,35207,JSWSTEEL
482,2025-01-28 11:00:00+05:30,911.3,913.55,910.5,911.8,34881,JSWSTEEL
483,2025-01-28 11:15:00+05:30,911.7,914.0,911.35,913.9,39879,JSWSTEEL
484,2025-01-28 11:30:00+05:30,913.5,916.7,913.45,915.5,23751,JSWSTEEL
485,2025-01-28 11:45:00+05:30,915.8,917.45,915.05,917.15,16734,JSWSTEEL
486,2025-01-28 12:00:00+05:30,917.0,919.2,916.55,917.3,25903,JSWSTEEL
487,2025-01-28 12:15:00+05:30,916.85,918.5,915.0,916.1,40488,JSWSTEEL
488,2025-01-28 12:30:00+05:30,916.15,916.35,912.1,912.35,58363,JSWSTEEL
489,2025-01-28 12:45:00+05:30,912.4,915.35,912.3,914.25,16054,JSWSTEEL
490,2025-01-28 13:00:00+05:30,914.3,914.8,913.0,913.15,15208,JSWSTEEL
491,2025-01-28 13:15:00+05:30,913.5,914.3,908.1,908.15,31724,JSWSTEEL
492,2025-01-28 13:30:00+05:30,908.1,909.6,907.0,907.05,22118,JSWSTEEL
493,2025-01-28 13:45:00+05:30,907.0,912.4,906.65,911.5,30092,JSWSTEEL
494,2025-01-28 14:00:00+05:30,911.8,914.6,911.25,913.9,81204,JSWSTEEL
495,2025-01-28 14:15:00+05:30,914.0,917.9,913.0,917.6,53311,JSWSTEEL
496,2025-01-28 14:30:00+05:30,917.5,923.2,917.1,921.25,68952,JSWSTEEL
497,2025-01-28 14:45:00+05:30,921.25,924.8,914.95,915.65,58202,JSWSTEEL
498,2025-01-28 15:00:00+05:30,915.45,917.45,912.35,917.05,71690,JSWSTEEL
499,2025-01-28 15:15:00+05:30,917.25,919.0,913.55,913.55,69429,JSWSTEEL
500,2025-01-29 09:15:00+05:30,913.6,915.5,908.0,909.15,100274,JSWSTEEL
501,2025-01-29 09:30:00+05:30,909.5,918.85,909.2,918.0,99747,JSWSTEEL
502,2025-01-29 09:45:00+05:30,918.0,921.6,917.95,921.2,54173,JSWSTEEL
503,2025-01-29 10:00:00+05:30,921.2,925.0,920.35,923.15,49601,JSWSTEEL
504,2025-01-29 10:15:00+05:30,923.15,928.7,920.7,928.0,86367,JSWSTEEL
505,2025-01-29 10:30:00+05:30,928.0,932.8,927.4,928.65,89282,JSWSTEEL
506,2025-01-29 10:45:00+05:30,929.0,932.9,928.35,932.55,41973,JSWSTEEL
507,2025-01-29 11:00:00+05:30,932.15,933.9,931.1,931.55,29177,JSWSTEEL
508,2025-01-29 11:15:00+05:30,931.35,932.25,928.1,930.7,44893,JSWSTEEL
509,2025-01-29 11:30:00+05:30,931.1,933.55,930.35,933.45,38097,JSWSTEEL
510,2025-01-29 11:45:00+05:30,933.45,936.25,933.0,935.55,69935,JSWSTEEL
511,2025-01-29 12:00:00+05:30,935.8,941.05,935.5,939.05,126675,JSWSTEEL
512,2025-01-29 12:15:00+05:30,939.05,940.9,938.0,938.5,31350,JSWSTEEL
513,2025-01-29 12:30:00+05:30,938.7,938.7,935.0,936.2,34789,JSWSTEEL
514,2025-01-29 12:45:00+05:30,936.2,936.25,933.6,934.2,17896,JSWSTEEL
515,2025-01-29 13:00:00+05:30,934.0,934.85,931.9,933.7,24778,JSWSTEEL
516,2025-01-29 13:15:00+05:30,933.7,939.0,933.25,938.9,40050,JSWSTEEL
517,2025-01-29 13:30:00+05:30,938.9,939.4,935.6,935.7,48783,JSWSTEEL
518,2025-01-29 13:45:00+05:30,935.85,937.55,935.3,936.55,24217,JSWSTEEL
519,2025-01-29 14:00:00+05:30,936.55,938.0,935.1,937.4,20396,JSWSTEEL
520,2025-01-29 14:15:00+05:30,937.4,937.4,932.95,933.55,22070,JSWSTEEL
521,2025-01-29 14:30:00+05:30,933.7,935.55,931.6,935.55,49193,JSWSTEEL
522,2025-01-29 14:45:00+05:30,935.25,936.85,934.75,935.5,19958,JSWSTEEL
523,2025-01-29 15:00:00+05:30,935.5,940.0,935.25,939.45,55526,JSWSTEEL
524,2025-01-29 15:15:00+05:30,939.45,939.6,936.8,937.15,77890,JSWSTEEL
525,2025-01-30 09:15:00+05:30,937.9,947.4,936.2,944.35,90374,JSWSTEEL
526,2025-01-30 09:30:00+05:30,943.8,951.0,943.7,950.4,85027,JSWSTEEL
527,2025-01-30 09:45:00+05:30,950.0,953.95,949.75,953.95,77198,JSWSTEEL
528,2025-01-30 10:00:00+05:30,953.55,955.5,952.2,954.25,88487,JSWSTEEL
529,2025-01-30 10:15:00+05:30,954.0,955.35,953.05,954.5,75352,JSWSTEEL
530,2025-01-30 10:30:00+05:30,954.5,956.0,950.7,952.4,94911,JSWSTEEL
531,2025-01-30 10:45:00+05:30,952.0,952.2,948.7,948.8,52310,JSWSTEEL
532,2025-01-30 11:00:00+05:30,948.8,951.85,946.85,951.65,53201,JSWSTEEL
533,2025-01-30 11:15:00+05:30,951.5,952.4,947.25,948.85,73942,JSWSTEEL
534,2025-01-30 11:30:00+05:30,948.95,952.0,948.4,951.0,42510,JSWSTEEL
535,2025-01-30 11:45:00+05:30,951.3,953.95,950.5,952.15,45026,JSWSTEEL
536,2025-01-30 12:00:00+05:30,952.5,953.85,951.2,951.2,21050,JSWSTEEL
537,2025-01-30 12:15:00+05:30,951.2,952.75,949.9,950.8,30481,JSWSTEEL
538,2025-01-30 12:30:00+05:30,950.8,951.3,948.9,949.25,31400,JSWSTEEL
539,2025-01-30 12:45:00+05:30,949.25,951.75,948.8,950.0,24812,JSWSTEEL
540,2025-01-30 13:00:00+05:30,950.0,950.65,948.0,948.3,25769,JSWSTEEL
541,2025-01-30 13:15:00+05:30,948.3,948.3,945.05,947.0,63779,JSWSTEEL
542,2025-01-30 13:30:00+05:30,947.0,948.8,946.65,947.0,52804,JSWSTEEL
543,2025-01-30 13:45:00+05:30,947.3,948.05,944.1,945.0,50078,JSWSTEEL
544,2025-01-30 14:00:00+05:30,945.0,950.2,944.6,948.0,126272,JSWSTEEL
545,2025-01-30 14:15:00+05:30,947.85,949.65,946.3,947.0,61872,JSWSTEEL
546,2025-01-30 14:30:00+05:30,946.5,950.9,946.0,949.0,142107,JSWSTEEL
547,2025-01-30 14:45:00+05:30,949.6,950.9,946.15,947.95,128227,JSWSTEEL
548,2025-01-30 15:00:00+05:30,947.95,952.6,946.15,950.55,289190,JSWSTEEL
549,2025-01-30 15:15:00+05:30,950.75,954.95,950.0,954.5,192076,JSWSTEEL
550,2025-01-31 09:15:00+05:30,949.75,952.9,942.0,950.3,116068,JSWSTEEL
551,2025-01-31 09:30:00+05:30,950.3,954.95,945.6,954.45,68956,JSWSTEEL
552,2025-01-31 09:45:00+05:30,954.45,958.85,952.9,957.6,88971,JSWSTEEL
553,2025-01-31 10:00:00+05:30,957.25,959.9,950.7,950.95,57123,JSWSTEEL
554,2025-01-31 10:15:00+05:30,950.9,953.85,945.6,945.95,58412,JSWSTEEL
555,2025-01-31 10:30:00+05:30,945.95,948.55,943.4,944.75,41563,JSWSTEEL
556,2025-01-31 10:45:00+05:30,944.5,951.7,944.35,950.15,50243,JSWSTEEL
557,2025-01-31 11:00:00+05:30,950.25,954.15,949.2,950.25,55189,JSWSTEEL
558,2025-01-31 11:15:00+05:30,950.35,954.6,950.35,950.5,47784,JSWSTEEL
559,2025-01-31 11:30:00+05:30,950.6,951.5,949.0,949.65,110276,JSWSTEEL
560,2025-01-31 11:45:00+05:30,949.95,953.25,949.0,949.5,82688,JSWSTEEL
561,2025-01-31 12:00:00+05:30,949.55,952.0,948.55,949.5,62668,JSWSTEEL
562,2025-01-31 12:15:00+05:30,949.5,951.35,949.05,949.9,21543,JSWSTEEL
563,2025-01-31 12:30:00+05:30,950.0,952.95,949.05,950.4,38959,JSWSTEEL
564,2025-01-31 12:45:00+05:30,950.45,951.9,949.85,950.5,220576,JSWSTEEL
565,2025-01-31 13:00:00+05:30,950.5,950.65,947.55,949.0,27657,JSWSTEEL
566,2025-01-31 13:15:00+05:30,949.0,951.8,948.25,950.8,141965,JSWSTEEL
567,2025-01-31 13:30:00+05:30,950.9,951.5,949.3,950.5,144010,JSWSTEEL
568,2025-01-31 13:45:00+05:30,950.5,950.5,945.0,945.9,40106,JSWSTEEL
569,2025-01-31 14:00:00+05:30,945.9,946.5,941.05,942.45,42023,JSWSTEEL
570,2025-01-31 14:15:00+05:30,942.45,944.45,940.65,942.75,51320,JSWSTEEL
571,2025-01-31 14:30:00+05:30,942.7,946.3,940.55,945.0,129163,JSWSTEEL
572,2025-01-31 14:45:00+05:30,945.0,946.25,943.65,946.2,23999,JSWSTEEL
573,2025-01-31 15:00:00+05:30,946.2,947.35,944.25,945.1,135868,JSWSTEEL
574,2025-01-31 15:15:00+05:30,945.2,946.0,943.0,944.7,177066,JSWSTEEL
575,2025-02-01 09:15:00+05:30,947.85,950.6,941.35,947.7,32092,JSWSTEEL
576,2025-02-01 09:30:00+05:30,948.0,949.75,945.25,947.85,26697,JSWSTEEL
577,2025-02-01 09:45:00+05:30,948.4,949.5,944.4,944.9,18373,JSWSTEEL
578,2025-02-01 10:00:00+05:30,944.7,950.0,944.5,947.45,42734,JSWSTEEL
579,2025-02-01 10:15:00+05:30,947.6,948.65,947.05,947.8,6240,JSWSTEEL
580,2025-02-01 10:30:00+05:30,947.4,952.0,947.15,951.4,33272,JSWSTEEL
581,2025-02-01 10:45:00+05:30,951.45,951.6,947.5,950.25,51999,JSWSTEEL
582,2025-02-01 11:00:00+05:30,950.2,951.75,947.3,951.5,71323,JSWSTEEL
583,2025-02-01 11:15:00+05:30,951.5,951.95,950.4,951.05,14729,JSWSTEEL
584,2025-02-01 11:30:00+05:30,951.05,955.2,951.0,954.65,49040,JSWSTEEL
585,2025-02-01 11:45:00+05:30,954.55,954.7,944.15,951.0,94339,JSWSTEEL
586,2025-02-01 12:00:00+05:30,951.0,952.35,943.55,943.65,146983,JSWSTEEL
587,2025-02-01 12:15:00+05:30,943.65,947.0,935.85,937.8,179116,JSWSTEEL
588,2025-02-01 12:30:00+05:30,938.45,938.45,922.0,924.35,135973,JSWSTEEL
589,2025-02-01 12:45:00+05:30,924.55,926.6,920.8,923.65,43142,JSWSTEEL
590,2025-02-01 13:00:00+05:30,924.0,925.2,916.45,919.0,47672,JSWSTEEL
591,2025-02-01 13:15:00+05:30,919.0,927.0,911.65,926.3,76008,JSWSTEEL
592,2025-02-01 13:30:00+05:30,926.0,931.45,922.25,927.5,44368,JSWSTEEL
593,2025-02-01 13:45:00+05:30,927.35,932.0,924.45,930.35,38609,JSWSTEEL
594,2025-02-01 14:00:00+05:30,930.55,934.7,926.55,932.55,26618,JSWSTEEL
595,2025-02-01 14:15:00+05:30,932.5,932.9,929.25,930.5,19872,JSWSTEEL
596,2025-02-01 14:30:00+05:30,930.5,937.6,930.05,935.95,34009,JSWSTEEL
597,2025-02-01 14:45:00+05:30,935.95,939.45,935.9,936.2,16023,JSWSTEEL
598,2025-02-01 15:00:00+05:30,936.95,938.0,932.3,932.3,34256,JSWSTEEL
599,2025-02-01 15:15:00+05:30,932.35,934.9,931.0,934.0,55144,JSWSTEEL
600,2025-02-03 09:15:00+05:30,915.0,925.6,914.0,925.0,106635,JSWSTEEL
601,2025-02-03 09:30:00+05:30,925.0,927.5,916.75,917.35,105282,JSWSTEEL
602,2025-02-03 09:45:00+05:30,917.0,922.45,914.05,920.55,68987,JSWSTEEL
603,2025-02-03 10:00:00+05:30,920.95,927.95,919.15,925.85,30076,JSWSTEEL
604,2025-02-03 10:15:00+05:30,925.85,926.0,921.15,925.0,46476,JSWSTEEL
605,2025-02-03 10:30:00+05:30,925.05,929.7,924.8,928.0,42146,JSWSTEEL
606,2025-02-03 10:45:00+05:30,928.0,928.2,924.8,926.5,26351,JSWSTEEL
607,2025-02-03 11:00:00+05:30,926.85,928.85,924.2,925.75,75027,JSWSTEEL
608,2025-02-03 11:15:00+05:30,925.75,929.5,925.4,926.85,16952,JSWSTEEL
609,2025-02-03 11:30:00+05:30,927.4,929.65,925.0,925.65,24660,JSWSTEEL
610,2025-02-03 11:45:00+05:30,925.55,927.45,925.0,927.45,25433,JSWSTEEL
611,2025-02-03 12:00:00+05:30,927.5,928.15,925.1,926.2,27256,JSWSTEEL
612,2025-02-03 12:15:00+05:30,926.25,926.9,924.5,925.2,27003,JSWSTEEL
613,2025-02-03 12:30:00+05:30,925.2,925.9,920.1,921.0,47582,JSWSTEEL
614,2025-02-03 12:45:00+05:30,920.8,924.85,920.55,922.9,73767,JSWSTEEL
615,2025-02-03 13:00:00+05:30,922.3,926.75,921.55,926.15,27139,JSWSTEEL
616,2025-02-03 13:15:00+05:30,926.0,928.55,925.4,927.3,29785,JSWSTEEL
617,2025-02-03 13:30:00+05:30,927.3,931.5,926.0,930.75,27313,JSWSTEEL
618,2025-02-03 13:45:00+05:30,930.3,931.35,927.1,928.2,25092,JSWSTEEL
619,2025-02-03 14:00:00+05:30,928.15,930.05,927.6,928.7,18868,JSWSTEEL
620,2025-02-03 14:15:00+05:30,928.8,929.65,927.2,928.05,23697,JSWSTEEL
621,2025-02-03 14:30:00+05:30,928.0,929.7,926.6,928.4,25954,JSWSTEEL
622,2025-02-03 14:45:00+05:30,928.35,928.9,926.75,928.9,29018,JSWSTEEL
623,2025-02-03 15:00:00+05:30,928.9,937.45,928.55,934.4,84175,JSWSTEEL
624,2025-02-03 15:15:00+05:30,934.65,936.2,931.95,932.55,88338,JSWSTEEL
625,2025-02-04 09:15:00+05:30,936.35,949.45,935.6,940.9,206586,JSWSTEEL
626,2025-02-04 09:30:00+05:30,940.95,941.95,936.5,937.9,52059,JSWSTEEL
627,2025-02-04 09:45:00+05:30,937.8,942.3,936.0,939.6,62871,JSWSTEEL
628,2025-02-04 10:00:00+05:30,939.6,940.5,937.5,937.5,25401,JSWSTEEL
629,2025-02-04 10:15:00+05:30,937.5,939.9,936.75,937.45,31340,JSWSTEEL
630,2025-02-04 10:30:00+05:30,937.7,938.45,934.3,935.4,36228,JSWSTEEL
631,2025-02-04 10:45:00+05:30,935.55,940.5,935.0,938.7,58187,JSWSTEEL
632,2025-02-04 11:00:00+05:30,938.55,941.35,938.0,938.95,91868,JSWSTEEL
633,2025-02-04 11:15:00+05:30,939.2,940.65,937.75,940.1,39682,JSWSTEEL
634,2025-02-04 11:30:00+05:30,940.1,941.9,940.0,940.0,28777,JSWSTEEL
635,2025-02-04 11:45:00+05:30,940.0,941.25,939.4,940.0,40729,JSWSTEEL
636,2025-02-04 12:00:00+05:30,940.0,942.9,939.8,941.85,24006,JSWSTEEL
637,2025-02-04 12:15:00+05:30,941.85,943.0,939.7,940.0,29431,JSWSTEEL
638,2025-02-04 12:30:00+05:30,940.0,941.7,940.0,940.05,22609,JSWSTEEL
639,2025-02-04 12:45:00+05:30,940.05,943.0,940.0,942.5,20136,JSWSTEEL
640,2025-02-04 13:00:00+05:30,942.35,946.4,942.0,945.1,61897,JSWSTEEL
641,2025-02-04 13:15:00+05:30,944.7,946.45,944.15,945.35,37726,JSWSTEEL
642,2025-02-04 13:30:00+05:30,945.1,945.6,943.45,944.05,25630,JSWSTEEL
643,2025-02-04 13:45:00+05:30,943.7,945.0,942.8,944.35,28322,JSWSTEEL
644,2025-02-04 14:00:00+05:30,944.4,946.0,943.0,943.35,32689,JSWSTEEL
645,2025-02-04 14:15:00+05:30,943.0,943.6,941.5,943.4,59782,JSWSTEEL
646,2025-02-04 14:30:00+05:30,942.8,944.55,942.8,943.0,22710,JSWSTEEL
647,2025-02-04 14:45:00+05:30,943.0,944.75,942.95,944.2,48612,JSWSTEEL
648,2025-02-04 15:00:00+05:30,944.35,944.95,943.05,944.1,69059,JSWSTEEL
649,2025-02-04 15:15:00+05:30,944.05,946.5,941.5,941.5,104930,JSWSTEEL
650,2025-02-05 09:15:00+05:30,941.1,947.95,941.1,945.25,97269,JSWSTEEL
651,2025-02-05 09:30:00+05:30,945.1,953.0,944.0,951.65,113904,JSWSTEEL
652,2025-02-05 09:45:00+05:30,952.0,952.35,947.55,949.7,75847,JSWSTEEL
653,2025-02-05 10:00:00+05:30,950.4,950.75,948.0,949.0,43480,JSWSTEEL
654,2025-02-05 10:15:00+05:30,949.4,952.4,949.0,951.8,58521,JSWSTEEL
655,2025-02-05 10:30:00+05:30,951.8,952.75,949.6,950.15,23397,JSWSTEEL
656,2025-02-05 10:45:00+05:30,950.15,954.8,949.9,950.65,68951,JSWSTEEL
657,2025-02-05 11:00:00+05:30,951.0,952.75,949.7,950.05,35337,JSWSTEEL
658,2025-02-05 11:15:00+05:30,950.45,953.0,949.2,951.75,69115,JSWSTEEL
659,2025-02-05 11:30:00+05:30,952.1,954.8,951.3,951.6,33779,JSWSTEEL
660,2025-02-05 11:45:00+05:30,951.85,952.35,950.35,950.45,19909,JSWSTEEL
661,2025-02-05 12:00:00+05:30,950.95,951.5,950.0,950.25,23978,JSWSTEEL
662,2025-02-05 12:15:00+05:30,950.4,952.0,950.0,950.3,32425,JSWSTEEL
663,2025-02-05 12:30:00+05:30,950.3,951.2,949.6,950.25,23158,JSWSTEEL
664,2025-02-05 12:45:00+05:30,950.4,950.85,949.75,950.45,17879,JSWSTEEL
665,2025-02-05 13:00:00+05:30,950.2,951.8,949.05,951.35,27412,JSWSTEEL
666,2025-02-05 13:15:00+05:30,951.4,954.0,951.4,952.35,27649,JSWSTEEL
667,2025-02-05 13:30:00+05:30,952.7,953.25,951.5,951.65,23844,JSWSTEEL
668,2025-02-05 13:45:00+05:30,951.9,953.9,951.55,953.7,19581,JSWSTEEL
669,2025-02-05 14:00:00+05:30,953.65,954.5,950.75,951.0,27358,JSWSTEEL
670,2025-02-05 14:15:00+05:30,951.1,951.25,950.0,950.35,22131,JSWSTEEL
671,2025-02-05 14:30:00+05:30,950.4,952.0,949.35,950.15,32199,JSWSTEEL
672,2025-02-05 14:45:00+05:30,950.2,951.3,950.0,950.6,27955,JSWSTEEL
673,2025-02-05 15:00:00+05:30,950.6,950.7,948.55,950.05,142410,JSWSTEEL
674,2025-02-05 15:15:00+05:30,950.05,951.2,948.7,950.0,121284,JSWSTEEL
675,2025-02-06 09:15:00+05:30,950.55,954.9,946.55,950.25,124599,JSWSTEEL
676,2025-02-06 09:30:00+05:30,950.3,952.2,950.0,950.5,76913,JSWSTEEL
677,2025-02-06 09:45:00+05:30,950.1,952.95,950.0,951.25,96694,JSWSTEEL
678,2025-02-06 10:00:00+05:30,951.8,952.7,951.0,951.0,110325,JSWSTEEL
679,2025-02-06 10:15:00+05:30,951.05,952.2,951.0,951.25,54799,JSWSTEEL
680,2025-02-06 10:30:00+05:30,951.05,956.35,951.0,955.0,60834,JSWSTEEL
681,2025-02-06 10:45:00+05:30,955.25,956.55,954.0,954.15,155508,JSWSTEEL
682,2025-02-06 11:00:00+05:30,954.15,954.6,953.0,954.0,173291,JSWSTEEL
683,2025-02-06 11:15:00+05:30,954.0,954.3,951.05,951.4,151340,JSWSTEEL
684,2025-02-06 11:30:00+05:30,951.4,953.55,951.0,953.0,42123,JSWSTEEL
685,2025-02-06 11:45:00+05:30,953.0,954.4,952.5,952.5,65171,JSWSTEEL
686,2025-02-06 12:00:00+05:30,952.7,953.15,952.0,952.05,174797,JSWSTEEL
687,2025-02-06 12:15:00+05:30,952.0,952.6,947.45,947.75,244112,JSWSTEEL
688,2025-02-06 12:30:00+05:30,947.75,949.25,945.45,948.0,193891,JSWSTEEL
689,2025-02-06 12:45:00+05:30,947.5,948.0,946.0,946.25,77986,JSWSTEEL
690,2025-02-06 13:00:00+05:30,946.3,947.4,945.05,945.65,79929,JSWSTEEL
691,2025-02-06 13:15:00+05:30,946.05,946.3,944.0,944.4,103711,JSWSTEEL
692,2025-02-06 13:30:00+05:30,944.4,944.8,942.0,942.5,108510,JSWSTEEL
693,2025-02-06 13:45:00+05:30,942.5,944.75,942.0,943.85,77551,JSWSTEEL
694,2025-02-06 14:00:00+05:30,943.5,944.9,942.0,943.55,126017,JSWSTEEL
695,2025-02-06 14:15:00+05:30,943.5,944.85,942.65,943.9,102690,JSWSTEEL
696,2025-02-06 14:30:00+05:30,943.9,946.8,943.05,945.35,77531,JSWSTEEL
697,2025-02-06 14:45:00+05:30,945.4,946.9,945.05,946.45,67877,JSWSTEEL
698,2025-02-06 15:00:00+05:30,946.45,951.6,945.9,948.15,304959,JSWSTEEL
699,2025-02-06 15:15:00+05:30,948.25,950.0,946.7,947.25,208569,JSWSTEEL
700,2025-02-07 09:15:00+05:30,950.95,961.0,947.8,960.75,196417,JSWSTEEL
701,2025-02-07 09:30:00+05:30,960.75,966.6,959.7,965.7,258082,JSWSTEEL
702,2025-02-07 09:45:00+05:30,965.7,965.95,959.0,960.0,108893,JSWSTEEL
703,2025-02-07 10:00:00+05:30,959.95,964.15,959.55,961.25,85862,JSWSTEEL
704,2025-02-07 10:15:00+05:30,961.25,961.8,956.05,957.75,82516,JSWSTEEL
705,2025-02-07 10:30:00+05:30,958.0,967.0,956.7,966.6,99047,JSWSTEEL
706,2025-02-07 10:45:00+05:30,966.35,971.8,966.0,971.5,192421,JSWSTEEL
707,2025-02-07 11:00:00+05:30,971.2,974.45,970.0,973.75,137432,JSWSTEEL
708,2025-02-07 11:15:00+05:30,973.95,975.95,971.05,972.15,122441,JSWSTEEL
709,2025-02-07 11:30:00+05:30,972.2,973.45,970.0,972.2,90325,JSWSTEEL
710,2025-02-07 11:45:00+05:30,972.2,974.8,970.65,973.9,98945,JSWSTEEL
711,2025-02-07 12:00:00+05:30,974.35,975.9,970.6,971.0,100717,JSWSTEEL
712,2025-02-07 12:15:00+05:30,970.8,974.5,970.6,974.1,44011,JSWSTEEL
713,2025-02-07 12:30:00+05:30,974.1,978.5,974.05,978.3,119644,JSWSTEEL
714,2025-02-07 12:45:00+05:30,978.3,978.5,973.05,975.15,91560,JSWSTEEL
715,2025-02-07 13:00:00+05:30,975.05,977.5,974.85,976.15,37280,JSWSTEEL
716,2025-02-07 13:15:00+05:30,976.15,978.8,976.15,978.0,47275,JSWSTEEL
717,2025-02-07 13:30:00+05:30,978.0,979.75,977.35,979.3,77162,JSWSTEEL
718,2025-02-07 13:45:00+05:30,979.3,979.9,973.05,975.5,125270,JSWSTEEL
719,2025-02-07 14:00:00+05:30,975.5,977.45,972.1,972.25,61586,JSWSTEEL
720,2025-02-07 14:15:00+05:30,972.25,973.1,971.0,973.0,46254,JSWSTEEL
721,2025-02-07 14:30:00+05:30,973.0,976.0,972.35,973.4,67839,JSWSTEEL
722,2025-02-07 14:45:00+05:30,973.35,977.55,972.25,977.0,77007,JSWSTEEL
723,2025-02-07 15:00:00+05:30,977.0,983.35,976.5,982.9,194380,JSWSTEEL
724,2025-02-07 15:15:00+05:30,982.9,985.0,978.55,980.2,282980,JSWSTEEL
725,2025-02-10 09:15:00+05:30,974.0,974.0,950.85,963.5,374598,JSWSTEEL
726,2025-02-10 09:30:00+05:30,963.45,963.9,953.0,953.5,186260,JSWSTEEL
727,2025-02-10 09:45:00+05:30,953.45,956.85,950.3,952.2,104836,JSWSTEEL
728,2025-02-10 10:00:00+05:30,952.2,953.6,948.45,950.75,96005,JSWSTEEL
729,2025-02-10 10:15:00+05:30,950.7,951.85,948.55,949.75,37619,JSWSTEEL
730,2025-02-10 10:30:00+05:30,949.75,955.95,948.25,954.7,68276,JSWSTEEL
731,2025-02-10 10:45:00+05:30,954.7,955.55,953.85,954.9,42736,JSWSTEEL
732,2025-02-10 11:00:00+05:30,954.85,956.6,954.0,955.5,30645,JSWSTEEL
733,2025-02-10 11:15:00+05:30,955.85,957.95,954.75,957.5,51461,JSWSTEEL
734,2025-02-10 11:30:00+05:30,957.3,957.7,954.85,955.25,39372,JSWSTEEL
735,2025-02-10 11:45:00+05:30,955.05,956.95,955.05,955.7,26804,JSWSTEEL
736,2025-02-10 12:00:00+05:30,955.65,957.7,955.0,957.5,29071,JSWSTEEL
737,2025-02-10 12:15:00+05:30,957.15,958.5,956.1,957.25,42458,JSWSTEEL
738,2025-02-10 12:30:00+05:30,957.25,961.0,956.9,961.0,47262,JSWSTEEL
739,2025-02-10 12:45:00+05:30,961.0,962.0,959.25,960.9,39600,JSWSTEEL
740,2025-02-10 13:00:00+05:30,960.9,961.0,958.5,960.55,26931,JSWSTEEL
741,2025-02-10 13:15:00+05:30,960.55,960.55,958.0,959.4,27540,JSWSTEEL
742,2025-02-10 13:30:00+05:30,959.4,959.75,956.6,957.95,28726,JSWSTEEL
743,2025-02-10 13:45:00+05:30,958.0,958.45,957.05,957.35,28581,JSWSTEEL
744,2025-02-10 14:00:00+05:30,957.35,957.55,955.45,956.05,24918,JSWSTEEL
745,2025-02-10 14:15:00+05:30,956.45,957.25,955.05,955.9,19399,JSWSTEEL
746,2025-02-10 14:30:00+05:30,956.0,960.65,955.45,958.5,66740,JSWSTEEL
747,2025-02-10 14:45:00+05:30,958.45,960.75,958.2,960.3,28323,JSWSTEEL
748,2025-02-10 15:00:00+05:30,960.3,961.65,958.0,958.75,88324,JSWSTEEL
749,2025-02-10 15:15:00+05:30,958.7,960.75,957.6,959.65,103614,JSWSTEEL
750,2025-02-11 09:15:00+05:30,950.05,967.2,948.55,959.5,215444,JSWSTEEL
751,2025-02-11 09:30:00+05:30,959.45,967.5,958.45,965.9,148698,JSWSTEEL
752,2025-02-11 09:45:00+05:30,966.05,966.05,961.75,962.5,61346,JSWSTEEL
753,2025-02-11 10:00:00+05:30,962.2,963.7,958.7,962.4,77114,JSWSTEEL
754,2025-02-11 10:15:00+05:30,962.4,962.65,959.35,960.25,40363,JSWSTEEL
755,2025-02-11 10:30:00+05:30,959.95,963.45,958.8,959.55,44137,JSWSTEEL
756,2025-02-11 10:45:00+05:30,959.55,964.0,959.55,964.0,56339,JSWSTEEL
757,2025-02-11 11:00:00+05:30,964.0,965.0,962.3,962.45,55209,JSWSTEEL
758,2025-02-11 11:15:00+05:30,962.45,964.2,961.6,962.5,42636,JSWSTEEL
759,2025-02-11 11:30:00+05:30,962.5,966.65,960.55,965.6,88154,JSWSTEEL
760,2025-02-11 11:45:00+05:30,965.35,965.8,961.4,961.4,76190,JSWSTEEL
761,2025-02-11 12:00:00+05:30,961.75,965.7,961.05,964.15,178408,JSWSTEEL
762,2025-02-11 12:15:00+05:30,964.15,965.0,961.0,961.8,165741,JSWSTEEL
763,2025-02-11 12:30:00+05:30,961.85,963.35,960.9,961.35,125482,JSWSTEEL
764,2025-02-11 12:45:00+05:30,961.3,961.95,958.15,959.15,53569,JSWSTEEL
765,2025-02-11 13:00:00+05:30,959.15,959.15,952.0,952.5,118615,JSWSTEEL
766,2025-02-11 13:15:00+05:30,952.5,955.85,952.05,952.6,38827,JSWSTEEL
767,2025-02-11 13:30:00+05:30,952.6,956.75,951.85,956.0,72194,JSWSTEEL
768,2025-02-11 13:45:00+05:30,956.0,956.35,954.05,954.2,91321,JSWSTEEL
769,2025-02-11 14:00:00+05:30,954.1,954.75,949.85,953.45,65645,JSWSTEEL
770,2025-02-11 14:15:00+05:30,953.35,954.0,951.0,952.35,34484,JSWSTEEL
771,2025-02-11 14:30:00+05:30,952.35,954.2,949.95,952.7,48838,JSWSTEEL
772,2025-02-11 14:45:00+05:30,952.4,957.3,951.8,954.55,264056,JSWSTEEL
773,2025-02-11 15:00:00+05:30,954.85,956.35,953.5,955.0,110663,JSWSTEEL
774,2025-02-11 15:15:00+05:30,955.0,957.0,950.75,951.15,259542,JSWSTEEL
775,2025-02-12 09:15:00+05:30,952.9,962.95,950.45,955.8,321897,JSWSTEEL
776,2025-02-12 09:30:00+05:30,955.8,956.5,946.55,950.45,106180,JSWSTEEL
777,2025-02-12 09:45:00+05:30,950.05,952.0,941.95,943.85,449677,JSWSTEEL
778,2025-02-12 10:00:00+05:30,943.85,946.8,941.85,943.2,88864,JSWSTEEL
779,2025-02-12 10:15:00+05:30,943.2,944.9,938.35,938.75,382403,JSWSTEEL
780,2025-02-12 10:30:00+05:30,939.0,948.75,938.1,943.05,125146,JSWSTEEL
781,2025-02-12 10:45:00+05:30,943.05,948.15,943.05,946.3,90385,JSWSTEEL
782,2025-02-12 11:00:00+05:30,946.0,947.75,942.8,944.7,140233,JSWSTEEL
783,2025-02-12 11:15:00+05:30,944.7,950.95,942.7,950.25,152455,JSWSTEEL
784,2025-02-12 11:30:00+05:30,950.4,955.9,949.05,955.9,167278,JSWSTEEL
785,2025-02-12 11:45:00+05:30,955.7,959.1,955.0,956.95,59608,JSWSTEEL
786,2025-02-12 12:00:00+05:30,956.95,959.6,955.3,958.65,39450,JSWSTEEL
787,2025-02-12 12:15:00+05:30,958.95,961.0,957.95,960.5,68505,JSWSTEEL
788,2025-02-12 12:30:00+05:30,960.5,962.35,955.65,956.5,39721,JSWSTEEL
789,2025-02-12 12:45:00+05:30,956.55,959.95,955.9,957.1,26271,JSWSTEEL
790,2025-02-12 13:00:00+05:30,957.5,959.1,955.5,957.2,54080,JSWSTEEL
791,2025-02-12 13:15:00+05:30,957.3,958.65,955.65,956.75,59135,JSWSTEEL
792,2025-02-12 13:30:00+05:30,957.0,958.85,954.2,956.6,22880,JSWSTEEL
793,2025-02-12 13:45:00+05:30,956.3,956.55,951.75,952.25,28689,JSWSTEEL
794,2025-02-12 14:00:00+05:30,952.25,953.95,951.05,952.75,28099,JSWSTEEL
795,2025-02-12 14:15:00+05:30,952.75,954.6,951.75,952.85,20543,JSWSTEEL
796,2025-02-12 14:30:00+05:30,952.5,954.95,951.05,953.25,109182,JSWSTEEL
797,2025-02-12 14:45:00+05:30,953.55,953.8,951.15,952.65,18871,JSWSTEEL
798,2025-02-12 15:00:00+05:30,952.65,958.7,952.4,957.4,97148,JSWSTEEL
799,2025-02-12 15:15:00+05:30,957.25,958.15,954.5,956.2,68941,JSWSTEEL
800,2025-02-13 09:15:00+05:30,954.0,964.75,953.25,960.0,75573,JSWSTEEL
801,2025-02-13 09:30:00+05:30,959.8,973.0,959.6,972.4,113204,JSWSTEEL
802,2025-02-13 09:45:00+05:30,972.5,975.0,971.9,973.15,56948,JSWSTEEL
803,2025-02-13 10:00:00+05:30,973.8,979.4,973.25,976.85,98473,JSWSTEEL
804,2025-02-13 10:15:00+05:30,977.0,978.4,974.4,975.2,31330,JSWSTEEL
805,2025-02-13 10:30:00+05:30,975.35,977.85,974.1,975.25,37499,JSWSTEEL
806,2025-02-13 10:45:00+05:30,975.25,977.7,974.55,976.95,22868,JSWSTEEL
807,2025-02-13 11:00:00+05:30,976.95,980.0,976.95,977.4,51248,JSWSTEEL
808,2025-02-13 11:15:00+05:30,977.4,978.55,975.4,976.8,34962,JSWSTEEL
809,2025-02-13 11:30:00+05:30,977.15,979.0,976.85,978.2,35460,JSWSTEEL
810,2025-02-13 11:45:00+05:30,978.15,979.2,976.5,979.0,47541,JSWSTEEL
811,2025-02-13 12:00:00+05:30,979.0,984.0,978.35,981.05,98422,JSWSTEEL
812,2025-02-13 12:15:00+05:30,981.35,984.0,980.35,981.45,49814,JSWSTEEL
813,2025-02-13 12:30:00+05:30,981.45,982.1,978.15,979.0,42675,JSWSTEEL
814,2025-02-13 12:45:00+05:30,979.0,979.35,972.95,977.3,78802,JSWSTEEL
815,2025-02-13 13:00:00+05:30,977.4,978.85,976.25,977.9,23626,JSWSTEEL
816,2025-02-13 13:15:00+05:30,977.9,978.95,973.8,973.8,55480,JSWSTEEL
817,2025-02-13 13:30:00+05:30,974.0,974.5,970.0,971.85,83550,JSWSTEEL
818,2025-02-13 13:45:00+05:30,972.25,973.25,970.45,972.25,43727,JSWSTEEL
819,2025-02-13 14:00:00+05:30,972.45,974.8,970.3,972.35,31765,JSWSTEEL
820,2025-02-13 14:15:00+05:30,972.15,973.0,970.45,973.0,32362,JSWSTEEL
821,2025-02-13 14:30:00+05:30,973.0,973.0,969.6,972.05,37780,JSWSTEEL
822,2025-02-13 14:45:00+05:30,972.05,972.9,970.85,972.0,32808,JSWSTEEL
823,2025-02-13 15:00:00+05:30,971.8,972.65,968.05,969.55,102041,JSWSTEEL
824,2025-02-13 15:15:00+05:30,969.5,971.25,968.05,970.4,95874,JSWSTEEL
825,2025-02-14 09:15:00+05:30,972.9,983.7,970.55,974.6,305113,JSWSTEEL
826,2025-02-14 09:30:00+05:30,975.1,978.0,971.0,974.4,157159,JSWSTEEL
827,2025-02-14 09:45:00+05:30,974.5,976.4,970.9,974.4,113447,JSWSTEEL
828,2025-02-14 10:00:00+05:30,974.4,974.85,971.1,971.65,69381,JSWSTEEL
829,2025-02-14 10:15:00+05:30,971.65,974.3,970.65,971.85,57133,JSWSTEEL
830,2025-02-14 10:30:00+05:30,971.85,973.45,968.2,968.8,92330,JSWSTEEL
831,2025-02-14 10:45:00+05:30,968.95,971.2,966.65,969.85,135042,JSWSTEEL
832,2025-02-14 11:00:00+05:30,969.85,970.3,965.05,968.6,158690,JSWSTEEL
833,2025-02-14 11:15:00+05:30,968.45,969.15,966.05,967.0,78716,JSWSTEEL
834,2025-02-14 11:30:00+05:30,967.0,970.95,965.9,970.8,86173,JSWSTEEL
835,2025-02-14 11:45:00+05:30,970.8,975.1,970.65,973.35,143638,JSWSTEEL
836,2025-02-14 12:00:00+05:30,973.35,973.5,969.35,970.7,237507,JSWSTEEL
837,2025-02-14 12:15:00+05:30,971.15,971.45,967.55,969.0,79138,JSWSTEEL
838,2025-02-14 12:30:00+05:30,968.9,969.45,964.6,964.95,43012,JSWSTEEL
839,2025-02-14 12:45:00+05:30,964.95,966.0,961.65,962.75,38956,JSWSTEEL
840,2025-02-14 13:00:00+05:30,962.75,963.5,960.85,961.3,33525,JSWSTEEL
841,2025-02-14 13:15:00+05:30,961.3,963.9,960.9,962.0,51810,JSWSTEEL
842,2025-02-14 13:30:00+05:30,961.85,961.85,955.65,957.25,112881,JSWSTEEL
843,2025-02-14 13:45:00+05:30,957.1,957.85,954.8,956.25,58191,JSWSTEEL
844,2025-02-14 14:00:00+05:30,956.2,957.25,954.25,955.2,38583,JSWSTEEL
845,2025-02-14 14:15:00+05:30,955.65,960.55,955.05,960.55,82199,JSWSTEEL
846,2025-02-14 14:30:00+05:30,960.6,968.15,960.0,967.7,102499,JSWSTEEL
847,2025-02-14 14:45:00+05:30,967.5,967.95,963.1,965.7,72522,JSWSTEEL
848,2025-02-14 15:00:00+05:30,965.7,967.0,964.0,965.1,131777,JSWSTEEL
849,2025-02-14 15:15:00+05:30,965.15,965.35,961.5,962.85,209964,JSWSTEEL
850,2025-02-17 09:15:00+05:30,964.6,970.9,954.1,966.45,143618,JSWSTEEL
851,2025-02-17 09:30:00+05:30,966.5,967.2,961.8,963.9,57231,JSWSTEEL
852,2025-02-17 09:45:00+05:30,964.05,966.8,959.9,961.85,59883,JSWSTEEL
853,2025-02-17 10:00:00+05:30,961.35,961.9,956.8,958.55,63562,JSWSTEEL
854,2025-02-17 10:15:00+05:30,958.8,963.9,958.0,963.3,43984,JSWSTEEL
855,2025-02-17 10:30:00+05:30,963.3,967.45,962.3,966.9,47176,JSWSTEEL
856,2025-02-17 10:45:00+05:30,967.35,970.0,966.4,967.25,42945,JSWSTEEL
857,2025-02-17 11:00:00+05:30,967.25,968.0,961.45,961.95,46804,JSWSTEEL
858,2025-02-17 11:15:00+05:30,961.95,963.1,959.55,962.3,34285,JSWSTEEL
859,2025-02-17 11:30:00+05:30,962.3,965.95,962.1,965.45,29945,JSWSTEEL
860,2025-02-17 11:45:00+05:30,965.45,966.0,963.7,965.3,26859,JSWSTEEL
861,2025-02-17 12:00:00+05:30,965.3,966.85,961.6,961.8,39166,JSWSTEEL
862,2025-02-17 12:15:00+05:30,961.8,965.35,960.35,965.0,38917,JSWSTEEL
863,2025-02-17 12:30:00+05:30,965.0,965.5,962.65,965.15,33552,JSWSTEEL
864,2025-02-17 12:45:00+05:30,964.75,968.0,963.35,967.8,43559,JSWSTEEL
865,2025-02-17 13:00:00+05:30,967.8,968.45,964.85,965.2,46747,JSWSTEEL
866,2025-02-17 13:15:00+05:30,965.15,966.8,964.15,965.8,35235,JSWSTEEL
867,2025-02-17 13:30:00+05:30,965.8,967.85,964.55,966.95,44338,JSWSTEEL
868,2025-02-17 13:45:00+05:30,967.0,968.2,965.2,966.4,44343,JSWSTEEL
869,2025-02-17 14:00:00+05:30,966.45,968.85,965.8,967.55,39767,JSWSTEEL
870,2025-02-17 14:15:00+05:30,967.05,969.15,967.0,967.85,37257,JSWSTEEL
871,2025-02-17 14:30:00+05:30,967.9,969.0,966.6,968.55,41168,JSWSTEEL
872,2025-02-17 14:45:00+05:30,968.4,972.5,967.55,971.35,54143,JSWSTEEL
873,2025-02-17 15:00:00+05:30,971.35,974.55,971.3,974.2,86905,JSWSTEEL
874,2025-02-17 15:15:00+05:30,974.2,975.0,972.4,973.8,136040,JSWSTEEL
875,2025-02-18 09:15:00+05:30,975.0,975.0,962.8,966.8,99987,JSWSTEEL
876,2025-02-18 09:30:00+05:30,966.5,969.45,963.35,966.15,66878,JSWSTEEL
877,2025-02-18 09:45:00+05:30,966.35,970.5,965.65,968.45,44242,JSWSTEEL
878,2025-02-18 10:00:00+05:30,968.45,972.45,968.45,970.85,44252,JSWSTEEL
879,2025-02-18 10:15:00+05:30,970.25,971.95,967.05,968.65,40735,JSWSTEEL
880,2025-02-18 10:30:00+05:30,968.6,971.1,967.95,970.8,29935,JSWSTEEL
881,2025-02-18 10:45:00+05:30,970.8,973.85,969.8,971.9,47607,JSWSTEEL
882,2025-02-18 11:00:00+05:30,971.6,973.0,969.05,969.5,45418,JSWSTEEL
883,2025-02-18 11:15:00+05:30,970.0,971.15,968.2,968.8,36024,JSWSTEEL
884,2025-02-18 11:30:00+05:30,969.05,971.95,967.45,969.6,125139,JSWSTEEL
885,2025-02-18 11:45:00+05:30,969.9,971.9,966.55,968.0,66162,JSWSTEEL
886,2025-02-18 12:00:00+05:30,967.7,970.7,967.0,969.9,99224,JSWSTEEL
887,2025-02-18 12:15:00+05:30,969.9,971.5,968.25,968.35,60491,JSWSTEEL
888,2025-02-18 12:30:00+05:30,968.5,970.75,968.3,970.25,31478,JSWSTEEL
889,2025-02-18 12:45:00+05:30,969.9,971.0,968.05,968.85,23365,JSWSTEEL
890,2025-02-18 13:00:00+05:30,968.85,972.5,967.6,972.15,48260,JSWSTEEL
891,2025-02-18 13:15:00+05:30,972.2,974.7,972.0,974.05,49149,JSWSTEEL
892,2025-02-18 13:30:00+05:30,974.05,978.85,973.1,978.05,89056,JSWSTEEL
893,2025-02-18 13:45:00+05:30,978.05,979.8,974.95,979.3,132849,JSWSTEEL
894,2025-02-18 14:00:00+05:30,979.15,981.0,977.6,980.0,106506,JSWSTEEL
895,2025-02-18 14:15:00+05:30,980.0,981.2,978.95,980.3,92477,JSWSTEEL
896,2025-02-18 14:30:00+05:30,980.35,981.0,978.5,980.0,62918,JSWSTEEL
897,2025-02-18 14:45:00+05:30,979.95,980.85,978.6,979.95,63116,JSWSTEEL
898,2025-02-18 15:00:00+05:30,979.95,980.85,978.7,979.2,126885,JSWSTEEL
899,2025-02-18 15:15:00+05:30,979.15,979.35,975.35,975.6,166218,JSWSTEEL
900,2025-02-19 09:15:00+05:30,975.6,982.75,975.6,978.9,230043,JSWSTEEL
901,2025-02-19 09:30:00+05:30,978.9,981.0,976.7,980.0,78508,JSWSTEEL
902,2025-02-19 09:45:00+05:30,980.35,984.6,979.6,983.8,91347,JSWSTEEL
903,2025-02-19 10:00:00+05:30,983.8,985.0,982.25,984.35,61779,JSWSTEEL
904,2025-02-19 10:15:00+05:30,984.05,989.15,984.05,987.0,74063,JSWSTEEL
905,2025-02-19 10:30:00+05:30,986.75,989.9,986.75,987.55,59907,JSWSTEEL
906,2025-02-19 10:45:00+05:30,987.6,988.7,979.25,980.15,141994,JSWSTEEL
907,2025-02-19 11:00:00+05:30,980.15,980.85,977.35,979.9,48495,JSWSTEEL
908,2025-02-19 11:15:00+05:30,980.0,980.0,977.55,979.7,31317,JSWSTEEL
909,2025-02-19 11:30:00+05:30,979.65,980.6,978.75,978.95,47878,JSWSTEEL
910,2025-02-19 11:45:00+05:30,978.95,979.95,978.3,979.65,13238,JSWSTEEL
911,2025-02-19 12:00:00+05:30,979.65,980.4,978.85,979.15,31328,JSWSTEEL
912,2025-02-19 12:15:00+05:30,978.95,979.7,977.5,977.6,15416,JSWSTEEL
913,2025-02-19 12:30:00+05:30,977.55,978.0,973.55,974.0,37444,JSWSTEEL
914,2025-02-19 12:45:00+05:30,974.2,975.25,973.7,974.75,14005,JSWSTEEL
915,2025-02-19 13:00:00+05:30,974.55,975.0,971.75,972.95,21972,JSWSTEEL
916,2025-02-19 13:15:00+05:30,972.55,975.85,971.1,975.2,33122,JSWSTEEL
917,2025-02-19 13:30:00+05:30,975.2,977.4,973.25,975.35,80806,JSWSTEEL
918,2025-02-19 13:45:00+05:30,975.35,975.8,972.7,973.7,24647,JSWSTEEL
919,2025-02-19 14:00:00+05:30,973.7,975.9,973.65,975.75,10626,JSWSTEEL
920,2025-02-19 14:15:00+05:30,975.75,977.4,971.25,973.4,102411,JSWSTEEL
921,2025-02-19 14:30:00+05:30,973.4,976.4,973.1,975.05,62044,JSWSTEEL
922,2025-02-19 14:45:00+05:30,975.1,977.65,975.05,976.85,68726,JSWSTEEL
923,2025-02-19 15:00:00+05:30,976.75,977.9,976.5,976.8,90307,JSWSTEEL
924,2025-02-19 15:15:00+05:30,977.2,978.0,974.35,977.7,109433,JSWSTEEL
925,2025-02-20 09:15:00+05:30,977.0,984.5,975.0,981.7,136967,JSWSTEEL
926,2025-02-20 09:30:00+05:30,981.7,984.6,980.75,983.5,62387,JSWSTEEL
927,2025-02-20 09:45:00+05:30,983.8,984.15,980.0,982.5,51111,JSWSTEEL
928,2025-02-20 10:00:00+05:30,982.5,984.0,979.25,979.9,37598,JSWSTEEL
929,2025-02-20 10:15:00+05:30,979.9,982.65,979.5,981.9,88385,JSWSTEEL
930,2025-02-20 10:30:00+05:30,981.9,983.9,981.4,981.95,27928,JSWSTEEL
931,2025-02-20 10:45:00+05:30,982.25,983.0,980.2,982.5,13944,JSWSTEEL
932,2025-02-20 11:00:00+05:30,982.45,984.3,982.35,984.3,23299,JSWSTEEL
933,2025-02-20 11:15:00+05:30,984.25,984.85,982.55,983.75,25861,JSWSTEEL
934,2025-02-20 11:30:00+05:30,983.7,984.45,982.05,983.6,16281,JSWSTEEL
935,2025-02-20 11:45:00+05:30,984.1,984.15,982.3,983.35,14089,JSWSTEEL
936,2025-02-20 12:00:00+05:30,983.35,983.6,981.15,982.45,27241,JSWSTEEL
937,2025-02-20 12:15:00+05:30,982.55,984.7,981.65,983.8,20167,JSWSTEEL
938,2025-02-20 12:30:00+05:30,983.8,983.9,982.0,982.35,22366,JSWSTEEL
939,2025-02-20 12:45:00+05:30,982.2,983.05,981.9,982.15,13406,JSWSTEEL
940,2025-02-20 13:00:00+05:30,982.45,982.6,979.15,980.5,36238,JSWSTEEL
941,2025-02-20 13:15:00+05:30,980.8,982.0,980.5,981.65,13177,JSWSTEEL
942,2025-02-20 13:30:00+05:30,981.55,983.4,981.25,983.4,22104,JSWSTEEL
943,2025-02-20 13:45:00+05:30,983.5,987.65,983.45,986.5,181737,JSWSTEEL
944,2025-02-20 14:00:00+05:30,986.65,987.65,984.2,985.45,81111,JSWSTEEL
945,2025-02-20 14:15:00+05:30,985.45,985.5,983.95,985.35,24419,JSWSTEEL
946,2025-02-20 14:30:00+05:30,985.4,985.45,983.05,983.95,27404,JSWSTEEL
947,2025-02-20 14:45:00+05:30,983.95,984.95,982.8,983.7,46402,JSWSTEEL
948,2025-02-20 15:00:00+05:30,983.7,984.0,980.35,981.75,118040,JSWSTEEL
949,2025-02-20 15:15:00+05:30,981.75,983.0,979.85,980.0,340447,JSWSTEEL
950,2025-02-21 09:15:00+05:30,979.1,988.2,979.1,986.6,68788,JSWSTEEL
951,2025-02-21 09:30:00+05:30,986.55,988.95,985.0,985.45,46151,JSWSTEEL
952,2025-02-21 09:45:00+05:30,985.35,987.1,981.0,981.25,68554,JSWSTEEL
953,2025-02-21 10:00:00+05:30,981.65,982.7,976.45,977.4,47482,JSWSTEEL
954,2025-02-21 10:15:00+05:30,977.4,980.9,975.55,978.95,55648,JSWSTEEL
955,2025-02-21 10:30:00+05:30,979.15,981.9,978.0,981.75,27231,JSWSTEEL
956,2025-02-21 10:45:00+05:30,981.45,982.0,978.15,980.6,28891,JSWSTEEL
957,2025-02-21 11:00:00+05:30,980.35,983.25,977.55,983.2,60899,JSWSTEEL
958,2025-02-21 11:15:00+05:30,983.2,983.2,980.0,981.1,14947,JSWSTEEL
959,2025-02-21 11:30:00+05:30,981.1,989.95,980.9,987.95,105411,JSWSTEEL
960,2025-02-21 11:45:00+05:30,988.65,989.95,984.15,985.05,61215,JSWSTEEL
961,2025-02-21 12:00:00+05:30,985.05,986.75,983.2,984.25,20542,JSWSTEEL
962,2025-02-21 12:15:00+05:30,984.3,986.95,983.7,986.75,16838,JSWSTEEL
963,2025-02-21 12:30:00+05:30,986.7,989.0,985.45,987.35,86728,JSWSTEEL
964,2025-02-21 12:45:00+05:30,987.5,988.9,986.5,988.25,50891,JSWSTEEL
965,2025-02-21 13:00:00+05:30,988.05,990.95,983.95,984.85,137932,JSWSTEEL
966,2025-02-21 13:15:00+05:30,984.9,985.95,982.3,982.9,113575,JSWSTEEL
967,2025-02-21 13:30:00+05:30,982.5,985.05,979.85,980.75,110285,JSWSTEEL
968,2025-02-21 13:45:00+05:30,980.9,982.8,979.15,981.7,50346,JSWSTEEL
969,2025-02-21 14:00:00+05:30,981.75,983.5,980.6,981.8,59197,JSWSTEEL
970,2025-02-21 14:15:00+05:30,981.85,983.75,980.4,981.1,49356,JSWSTEEL
971,2025-02-21 14:30:00+05:30,981.1,982.4,979.5,980.9,37855,JSWSTEEL
972,2025-02-21 14:45:00+05:30,980.6,981.8,979.45,979.45,40449,JSWSTEEL
973,2025-02-21 15:00:00+05:30,979.5,983.5,979.45,983.45,67594,JSWSTEEL
974,2025-02-21 15:15:00+05:30,983.45,983.5,979.0,979.75,171541,JSWSTEEL
975,2025-02-24 09:15:00+05:30,971.0,981.7,970.05,980.6,73062,JSWSTEEL
976,2025-02-24 09:30:00+05:30,980.5,984.9,978.0,978.9,70978,JSWSTEEL
977,2025-02-24 09:45:00+05:30,978.9,978.9,973.25,975.75,86561,JSWSTEEL
978,2025-02-24 10:00:00+05:30,976.0,976.7,973.5,974.1,40539,JSWSTEEL
979,2025-02-24 10:15:00+05:30,974.45,975.7,971.0,971.85,54223,JSWSTEEL
980,2025-02-24 10:30:00+05:30,971.85,972.05,967.8,969.65,87251,JSWSTEEL
981,2025-02-24 10:45:00+05:30,969.65,970.65,968.5,968.6,98536,JSWSTEEL
982,2025-02-24 11:00:00+05:30,968.9,971.4,968.6,970.65,255591,JSWSTEEL
983,2025-02-24 11:15:00+05:30,970.65,972.85,968.65,969.8,63015,JSWSTEEL
984,2025-02-24 11:30:00+05:30,969.8,969.85,965.05,967.0,56481,JSWSTEEL
985,2025-02-24 11:45:00+05:30,967.0,968.3,965.05,967.4,50456,JSWSTEEL
986,2025-02-24 12:00:00+05:30,967.4,968.0,963.0,964.75,54779,JSWSTEEL
987,2025-02-24 12:15:00+05:30,964.4,965.45,962.5,963.6,32569,JSWSTEEL
988,2025-02-24 12:30:00+05:30,963.6,964.7,962.25,962.95,51660,JSWSTEEL
989,2025-02-24 12:45:00+05:30,962.95,964.5,961.55,963.15,39076,JSWSTEEL
990,2025-02-24 13:00:00+05:30,963.15,965.75,963.0,964.55,37720,JSWSTEEL
991,2025-02-24 13:15:00+05:30,964.2,964.65,962.4,963.7,32744,JSWSTEEL
992,2025-02-24 13:30:00+05:30,963.7,964.5,960.0,960.15,51826,JSWSTEEL
993,2025-02-24 13:45:00+05:30,960.05,960.75,958.3,959.85,51402,JSWSTEEL
994,2025-02-24 14:00:00+05:30,959.85,960.05,958.1,958.6,46212,JSWSTEEL
995,2025-02-24 14:15:00+05:30,958.6,960.3,957.75,958.55,45490,JSWSTEEL
996,2025-02-24 14:30:00+05:30,958.85,966.0,958.65,965.4,86634,JSWSTEEL
997,2025-02-24 14:45:00+05:30,965.95,967.4,964.85,965.95,75280,JSWSTEEL
998,2025-02-24 15:00:00+05:30,966.1,968.1,965.0,966.6,165825,JSWSTEEL
999,2025-02-24 15:15:00+05:30,966.65,968.4,966.35,968.2,187965,JSWSTEEL
1000,2025-02-25 09:15:00+05:30,967.0,968.05,961.3,964.2,72976,JSWSTEEL
1001,2025-02-25 09:30:00+05:30,963.85,972.05,963.3,969.8,73200,JSWSTEEL
1002,2025-02-25 09:45:00+05:30,969.3,973.45,968.5,969.8,61312,JSWSTEEL
1003,2025-02-25 10:00:00+05:30,969.55,970.35,964.45,966.0,38764,JSWSTEEL
1004,2025-02-25 10:15:00+05:30,966.0,968.45,965.5,966.15,30887,JSWSTEEL
1005,2025-02-25 10:30:00+05:30,966.55,969.15,965.1,967.35,33492,JSWSTEEL
1006,2025-02-25 10:45:00+05:30,967.35,968.1,965.5,966.6,17110,JSWSTEEL
1007,2025-02-25 11:00:00+05:30,966.3,966.65,964.95,965.95,21596,JSWSTEEL
1008,2025-02-25 11:15:00+05:30,965.85,965.9,962.2,962.55,35460,JSWSTEEL
1009,2025-02-25 11:30:00+05:30,962.55,965.2,961.5,964.2,26503,JSWSTEEL
1010,2025-02-25 11:45:00+05:30,964.55,965.0,962.35,962.45,18786,JSWSTEEL
1011,2025-02-25 12:00:00+05:30,962.45,962.7,960.6,961.0,24197,JSWSTEEL
1012,2025-02-25 12:15:00+05:30,961.2,962.25,960.05,961.45,15193,JSWSTEEL
1013,2025-02-25 12:30:00+05:30,961.25,961.9,960.0,960.0,17754,JSWSTEEL
1014,2025-02-25 12:45:00+05:30,960.0,963.2,959.55,960.0,33919,JSWSTEEL
1015,2025-02-25 13:00:00+05:30,960.1,962.9,959.25,961.6,27197,JSWSTEEL
1016,2025-02-25 13:15:00+05:30,961.6,961.7,958.65,958.8,22230,JSWSTEEL
1017,2025-02-25 13:30:00+05:30,958.95,960.45,958.1,958.2,116471,JSWSTEEL
1018,2025-02-25 13:45:00+05:30,958.4,959.25,958.0,959.25,33748,JSWSTEEL
1019,2025-02-25 14:00:00+05:30,959.05,960.9,958.15,958.35,58477,JSWSTEEL
1020,2025-02-25 14:15:00+05:30,958.35,959.9,958.3,959.0,32752,JSWSTEEL
1021,2025-02-25 14:30:00+05:30,959.1,961.05,958.65,960.7,29571,JSWSTEEL
1022,2025-02-25 14:45:00+05:30,960.7,961.4,959.5,959.65,27523,JSWSTEEL
1023,2025-02-25 15:00:00+05:30,959.65,960.2,958.2,959.8,92657,JSWSTEEL
1024,2025-02-25 15:15:00+05:30,959.8,962.3,957.5,958.0,132382,JSWSTEEL
1025,2025-02-27 09:15:00+05:30,958.75,978.5,958.7,975.2,242142,JSWSTEEL
1026,2025-02-27 09:30:00+05:30,975.25,981.0,971.05,971.5,279818,JSWSTEEL
1027,2025-02-27 09:45:00+05:30,971.05,973.0,965.9,966.4,122101,JSWSTEEL
1028,2025-02-27 10:00:00+05:30,966.3,969.95,966.05,969.0,62094,JSWSTEEL
1029,2025-02-27 10:15:00+05:30,968.6,972.4,968.6,970.55,66588,JSWSTEEL
1030,2025-02-27 10:30:00+05:30,970.25,972.1,968.9,970.85,66666,JSWSTEEL
1031,2025-02-27 10:45:00+05:30,970.55,972.9,970.55,971.55,43645,JSWSTEEL
1032,2025-02-27 11:00:00+05:30,971.55,972.0,968.65,968.95,33130,JSWSTEEL
1033,2025-02-27 11:15:00+05:30,968.95,970.2,967.4,967.7,35364,JSWSTEEL
1034,2025-02-27 11:30:00+05:30,967.7,967.8,965.8,966.0,28381,JSWSTEEL
1035,2025-02-27 11:45:00+05:30,965.95,967.4,964.8,965.75,38053,JSWSTEEL
1036,2025-02-27 12:00:00+05:30,965.75,966.25,963.8,965.6,30659,JSWSTEEL
1037,2025-02-27 12:15:00+05:30,965.6,965.75,963.3,963.9,29415,JSWSTEEL
1038,2025-02-27 12:30:00+05:30,963.9,964.25,962.05,962.5,38487,JSWSTEEL
1039,2025-02-27 12:45:00+05:30,962.5,966.55,962.2,966.0,34954,JSWSTEEL
1040,2025-02-27 13:00:00+05:30,966.05,969.5,965.75,967.4,52409,JSWSTEEL
1041,2025-02-27 13:15:00+05:30,967.4,967.95,964.3,965.35,28239,JSWSTEEL
1042,2025-02-27 13:30:00+05:30,965.35,970.0,965.2,969.35,52706,JSWSTEEL
1043,2025-02-27 13:45:00+05:30,969.35,970.85,967.95,969.5,78709,JSWSTEEL
1044,2025-02-27 14:00:00+05:30,969.5,969.9,967.35,969.85,49570,JSWSTEEL
1045,2025-02-27 14:15:00+05:30,969.85,972.95,969.6,972.0,101001,JSWSTEEL
1046,2025-02-27 14:30:00+05:30,972.0,975.85,971.9,974.2,84622,JSWSTEEL
1047,2025-02-27 14:45:00+05:30,974.2,974.5,972.05,973.0,71145,JSWSTEEL
1048,2025-02-27 15:00:00+05:30,973.05,975.95,973.05,975.45,154590,JSWSTEEL
1049,2025-02-27 15:15:00+05:30,975.45,977.5,972.0,972.0,223293,JSWSTEEL
1050,2025-02-28 09:15:00+05:30,968.1,968.6,951.25,962.95,169181,JSWSTEEL
1051,2025-02-28 09:30:00+05:30,963.05,964.0,959.55,962.85,61400,JSWSTEEL
1052,2025-02-28 09:45:00+05:30,962.5,967.35,960.75,960.95,62203,JSWSTEEL
1053,2025-02-28 10:00:00+05:30,961.35,963.25,960.2,962.05,27033,JSWSTEEL
1054,2025-02-28 10:15:00+05:30,962.6,963.9,961.05,962.95,23192,JSWSTEEL
1055,2025-02-28 10:30:00+05:30,962.9,963.5,960.25,961.15,22286,JSWSTEEL
1056,2025-02-28 10:45:00+05:30,961.6,962.75,957.4,958.45,36783,JSWSTEEL
1057,2025-02-28 11:00:00+05:30,958.5,958.5,955.0,955.0,33827,JSWSTEEL
1058,2025-02-28 11:15:00+05:30,955.25,958.2,955.0,956.25,35291,JSWSTEEL
1059,2025-02-28 11:30:00+05:30,956.6,957.45,954.6,956.15,23836,JSWSTEEL
1060,2025-02-28 11:45:00+05:30,956.0,959.95,955.6,958.95,38989,JSWSTEEL
1061,2025-02-28 12:00:00+05:30,958.95,958.95,951.5,952.5,77026,JSWSTEEL
1062,2025-02-28 12:15:00+05:30,952.5,956.05,951.95,954.6,32965,JSWSTEEL
1063,2025-02-28 12:30:00+05:30,955.0,955.1,948.5,949.0,53053,JSWSTEEL
1064,2025-02-28 12:45:00+05:30,948.8,949.8,945.75,946.2,54450,JSWSTEEL
1065,2025-02-28 13:00:00+05:30,946.2,948.25,945.0,945.55,51170,JSWSTEEL
1066,2025-02-28 13:15:00+05:30,946.15,947.05,944.25,944.6,93391,JSWSTEEL
1067,2025-02-28 13:30:00+05:30,945.05,945.4,942.4,943.2,82388,JSWSTEEL
1068,2025-02-28 13:45:00+05:30,943.5,946.7,942.3,943.05,111767,JSWSTEEL
1069,2025-02-28 14:00:00+05:30,943.05,944.95,940.55,944.95,126129,JSWSTEEL
1070,2025-02-28 14:15:00+05:30,945.3,948.65,944.9,948.0,102836,JSWSTEEL
1071,2025-02-28 14:30:00+05:30,948.05,952.05,946.25,952.05,100392,JSWSTEEL
1072,2025-02-28 14:45:00+05:30,952.05,957.95,952.0,957.95,106440,JSWSTEEL
1073,2025-02-28 15:00:00+05:30,957.65,958.7,949.15,950.1,549624,JSWSTEEL
1074,2025-02-28 15:15:00+05:30,950.05,954.9,948.0,954.0,475794,JSWSTEEL
1075,2025-03-03 09:15:00+05:30,959.0,968.6,955.05,961.0,162458,JSWSTEEL
1076,2025-03-03 09:30:00+05:30,960.95,965.0,959.75,961.9,72465,JSWSTEEL
1077,2025-03-03 09:45:00+05:30,961.9,963.95,956.2,960.2,60122,JSWSTEEL
1078,2025-03-03 10:00:00+05:30,959.95,960.0,956.85,958.25,38741,JSWSTEEL
1079,2025-03-03 10:15:00+05:30,958.25,962.65,956.8,962.1,39713,JSWSTEEL
1080,2025-03-03 10:30:00+05:30,962.1,962.1,959.0,959.5,27597,JSWSTEEL
1081,2025-03-03 10:45:00+05:30,959.65,962.0,955.35,956.0,50132,JSWSTEEL
1082,2025-03-03 11:00:00+05:30,956.0,957.15,953.0,956.75,53206,JSWSTEEL
1083,2025-03-03 11:15:00+05:30,956.65,959.2,954.95,957.65,38613,JSWSTEEL
1084,2025-03-03 11:30:00+05:30,957.7,958.3,955.2,956.45,22684,JSWSTEEL
1085,2025-03-03 11:45:00+05:30,956.15,958.5,955.05,955.9,29467,JSWSTEEL
1086,2025-03-03 12:00:00+05:30,955.9,959.65,954.85,958.9,37872,JSWSTEEL
1087,2025-03-03 12:15:00+05:30,959.0,964.3,956.55,963.8,55233,JSWSTEEL
1088,2025-03-03 12:30:00+05:30,964.0,970.6,963.55,969.65,69407,JSWSTEEL
1089,2025-03-03 12:45:00+05:30,969.8,973.2,969.5,971.9,71421,JSWSTEEL
1090,2025-03-03 13:00:00+05:30,972.0,977.0,970.55,976.7,82649,JSWSTEEL
1091,2025-03-03 13:15:00+05:30,976.8,977.7,973.35,974.2,46855,JSWSTEEL
1092,2025-03-03 13:30:00+05:30,974.0,975.95,972.6,975.35,42889,JSWSTEEL
1093,2025-03-03 13:45:00+05:30,975.35,976.0,973.0,973.3,31989,JSWSTEEL
1094,2025-03-03 14:00:00+05:30,973.75,975.8,972.35,974.25,48685,JSWSTEEL
1095,2025-03-03 14:15:00+05:30,974.7,976.8,973.1,975.95,66102,JSWSTEEL
1096,2025-03-03 14:30:00+05:30,976.4,977.95,974.75,976.7,72646,JSWSTEEL
1097,2025-03-03 14:45:00+05:30,977.0,981.55,976.25,976.75,127834,JSWSTEEL
1098,2025-03-03 15:00:00+05:30,976.75,978.0,975.5,976.25,165958,JSWSTEEL
1099,2025-03-03 15:15:00+05:30,976.55,978.95,973.35,976.15,227154,JSWSTEEL
1100,2025-03-04 09:15:00+05:30,960.0,974.2,959.95,972.75,102559,JSWSTEEL
1101,2025-03-04 09:30:00+05:30,972.75,972.9,969.3,969.5,48529,JSWSTEEL
1102,2025-03-04 09:45:00+05:30,969.85,972.5,967.95,971.65,42957,JSWSTEEL
1103,2025-03-04 10:00:00+05:30,971.8,972.95,969.9,971.0,34298,JSWSTEEL
1104,2025-03-04 10:15:00+05:30,971.0,977.1,970.85,973.95,57975,JSWSTEEL
1105,2025-03-04 10:30:00+05:30,973.95,976.85,973.1,974.25,37772,JSWSTEEL
1106,2025-03-04 10:45:00+05:30,974.15,974.75,972.1,974.0,18087,JSWSTEEL
1107,2025-03-04 11:00:00+05:30,974.0,978.1,973.7,975.05,31745,JSWSTEEL
1108,2025-03-04 11:15:00+05:30,975.3,975.35,972.6,972.6,20492,JSWSTEEL
1109,2025-03-04 11:30:00+05:30,973.3,974.25,970.8,971.55,26609,JSWSTEEL
1110,2025-03-04 11:45:00+05:30,971.5,971.5,969.8,970.9,14795,JSWSTEEL
1111,2025-03-04 12:00:00+05:30,971.1,971.4,969.8,971.3,11577,JSWSTEEL
1112,2025-03-04 12:15:00+05:30,971.3,972.95,970.1,972.35,10995,JSWSTEEL
1113,2025-03-04 12:30:00+05:30,972.35,972.4,970.1,970.5,9442,JSWSTEEL
1114,2025-03-04 12:45:00+05:30,970.5,971.05,968.65,969.0,21913,JSWSTEEL
1115,2025-03-04 13:00:00+05:30,969.0,972.55,967.7,971.45,53675,JSWSTEEL
1116,2025-03-04 13:15:00+05:30,971.0,972.5,970.0,970.75,23443,JSWSTEEL
1117,2025-03-04 13:30:00+05:30,970.35,971.5,968.2,970.2,38120,JSWSTEEL
1118,2025-03-04 13:45:00+05:30,969.75,972.0,969.2,972.0,16358,JSWSTEEL
1119,2025-03-04 14:00:00+05:30,971.7,975.4,971.5,974.25,25298,JSWSTEEL
1120,2025-03-04 14:15:00+05:30,973.75,975.9,973.3,973.35,35333,JSWSTEEL
1121,2025-03-04 14:30:00+05:30,973.3,976.0,972.45,975.5,26205,JSWSTEEL
1122,2025-03-04 14:45:00+05:30,975.1,977.6,974.4,976.5,37759,JSWSTEEL
1123,2025-03-04 15:00:00+05:30,976.15,976.6,973.2,974.45,145401,JSWSTEEL
1124,2025-03-04 15:15:00+05:30,974.65,976.9,972.6,976.5,180027,JSWSTEEL
1125,2025-03-05 09:15:00+05:30,975.0,980.9,970.9,976.65,102695,JSWSTEEL
1126,2025-03-05 09:30:00+05:30,976.2,983.95,976.05,983.2,77841,JSWSTEEL
1127,2025-03-05 09:45:00+05:30,983.45,990.2,983.4,989.35,145628,JSWSTEEL
1128,2025-03-05 10:00:00+05:30,989.45,990.2,985.1,987.55,109134,JSWSTEEL
1129,2025-03-05 10:15:00+05:30,987.55,997.05,985.25,996.0,157269,JSWSTEEL
1130,2025-03-05 10:30:00+05:30,996.0,998.4,993.8,998.4,219063,JSWSTEEL
1131,2025-03-05 10:45:00+05:30,998.45,999.0,995.6,998.0,79354,JSWSTEEL
1132,2025-03-05 11:00:00+05:30,997.9,999.0,994.4,995.05,74108,JSWSTEEL
1133,2025-03-05 11:15:00+05:30,995.05,996.75,994.2,996.25,28665,JSWSTEEL
1134,2025-03-05 11:30:00+05:30,996.25,998.65,995.35,998.4,38732,JSWSTEEL
1135,2025-03-05 11:45:00+05:30,997.95,999.0,994.85,995.0,49803,JSWSTEEL
1136,2025-03-05 12:00:00+05:30,994.85,999.0,994.15,998.6,53522,JSWSTEEL
1137,2025-03-05 12:15:00+05:30,998.6,999.0,996.3,997.15,51208,JSWSTEEL
1138,2025-03-05 12:30:00+05:30,997.65,998.9,996.65,996.7,55691,JSWSTEEL
1139,2025-03-05 12:45:00+05:30,996.7,998.8,996.0,997.6,57364,JSWSTEEL
1140,2025-03-05 13:00:00+05:30,997.6,997.9,992.15,993.2,82508,JSWSTEEL
1141,2025-03-05 13:15:00+05:30,993.2,994.25,992.8,994.05,37304,JSWSTEEL
1142,2025-03-05 13:30:00+05:30,993.85,997.1,992.85,996.5,47474,JSWSTEEL
1143,2025-03-05 13:45:00+05:30,996.35,996.8,993.55,996.05,47861,JSWSTEEL
1144,2025-03-05 14:00:00+05:30,996.05,999.7,995.9,999.4,149541,JSWSTEEL
1145,2025-03-05 14:15:00+05:30,999.5,999.95,997.05,998.85,90561,JSWSTEEL
1146,2025-03-05 14:30:00+05:30,999.25,999.45,997.1,997.35,61421,JSWSTEEL
1147,2025-03-05 14:45:00+05:30,997.75,999.8,996.55,999.45,177172,JSWSTEEL
1148,2025-03-05 15:00:00+05:30,999.55,1002.0,998.1,1000.45,179607,JSWSTEEL
1149,2025-03-05 15:15:00+05:30,1000.65,1008.0,999.35,1008.0,294149,JSWSTEEL
1150,2025-03-06 09:15:00+05:30,1013.0,1013.0,1001.1,1003.25,207694,JSWSTEEL
1151,2025-03-06 09:30:00+05:30,1003.6,1005.25,999.25,1002.4,166855,JSWSTEEL
1152,2025-03-06 09:45:00+05:30,1002.45,1004.2,997.1,1002.7,117317,JSWSTEEL
1153,2025-03-06 10:00:00+05:30,1002.55,1006.9,1001.3,1003.05,63787,JSWSTEEL
1154,2025-03-06 10:15:00+05:30,1003.05,1004.35,1000.45,1002.55,39210,JSWSTEEL
1155,2025-03-06 10:30:00+05:30,1002.8,1007.0,1002.3,1004.35,56842,JSWSTEEL
1156,2025-03-06 10:45:00+05:30,1004.35,1005.0,1002.7,1003.35,22130,JSWSTEEL
1157,2025-03-06 11:00:00+05:30,1003.45,1008.95,1002.6,1008.8,53917,JSWSTEEL
1158,2025-03-06 11:15:00+05:30,1008.8,1008.85,1001.55,1002.55,37240,JSWSTEEL
1159,2025-03-06 11:30:00+05:30,1002.5,1006.85,1001.6,1006.3,36286,JSWSTEEL
1160,2025-03-06 11:45:00+05:30,1006.4,1013.7,1006.3,1013.35,86327,JSWSTEEL
1161,2025-03-06 12:00:00+05:30,1013.4,1013.5,1008.75,1009.15,82050,JSWSTEEL
1162,2025-03-06 12:15:00+05:30,1009.3,1012.0,1008.95,1010.2,42373,JSWSTEEL
1163,2025-03-06 12:30:00+05:30,1010.6,1013.5,1010.25,1012.8,60610,JSWSTEEL
1164,2025-03-06 12:45:00+05:30,1012.8,1013.35,1011.0,1011.3,49860,JSWSTEEL
1165,2025-03-06 13:00:00+05:30,1011.25,1014.0,1010.4,1012.0,66316,JSWSTEEL
1166,2025-03-06 13:15:00+05:30,1012.4,1012.95,1008.95,1010.9,64849,JSWSTEEL
1167,2025-03-06 13:30:00+05:30,1010.9,1012.95,1010.4,1012.25,48178,JSWSTEEL
1168,2025-03-06 13:45:00+05:30,1012.3,1013.8,1011.1,1012.0,81866,JSWSTEEL
1169,2025-03-06 14:00:00+05:30,1012.25,1016.2,1011.9,1012.25,168494,JSWSTEEL
1170,2025-03-06 14:15:00+05:30,1012.25,1012.7,1009.15,1011.4,97375,JSWSTEEL
1171,2025-03-06 14:30:00+05:30,1011.4,1014.15,1011.25,1013.3,87304,JSWSTEEL
1172,2025-03-06 14:45:00+05:30,1013.3,1013.5,1008.2,1011.05,109409,JSWSTEEL
1173,2025-03-06 15:00:00+05:30,1011.3,1013.0,1009.8,1011.95,193908,JSWSTEEL
1174,2025-03-06 15:15:00+05:30,1011.95,1012.15,1007.0,1007.0,155909,JSWSTEEL
1175,2025-03-07 09:15:00+05:30,1011.0,1020.4,1005.55,1016.4,134976,JSWSTEEL
1176,2025-03-07 09:30:00+05:30,1016.45,1017.45,1013.45,1014.3,40986,JSWSTEEL
1177,2025-03-07 09:45:00+05:30,1014.35,1015.95,1011.95,1015.05,22672,JSWSTEEL
1178,2025-03-07 10:00:00+05:30,1015.15,1018.65,1015.15,1018.6,27448,JSWSTEEL
1179,2025-03-07 10:15:00+05:30,1018.15,1018.8,1012.2,1013.6,22377,JSWSTEEL
1180,2025-03-07 10:30:00+05:30,1013.7,1015.5,1013.55,1014.6,25935,JSWSTEEL
1181,2025-03-07 10:45:00+05:30,1014.6,1015.65,1013.0,1013.85,14177,JSWSTEEL
1182,2025-03-07 11:00:00+05:30,1014.15,1015.95,1013.5,1015.25,11079,JSWSTEEL
1183,2025-03-07 11:15:00+05:30,1015.25,1016.95,1015.1,1015.6,15248,JSWSTEEL
1184,2025-03-07 11:30:00+05:30,1015.6,1015.85,1014.0,1014.75,9463,JSWSTEEL
1185,2025-03-07 11:45:00+05:30,1014.75,1014.85,1012.55,1013.5,17154,JSWSTEEL
1186,2025-03-07 12:00:00+05:30,1013.5,1013.5,1009.1,1009.3,34714,JSWSTEEL
1187,2025-03-07 12:15:00+05:30,1009.2,1012.45,1008.0,1011.4,19868,JSWSTEEL
1188,2025-03-07 12:30:00+05:30,1011.75,1013.5,1011.2,1012.9,16551,JSWSTEEL
1189,2025-03-07 12:45:00+05:30,1012.75,1012.9,1009.85,1011.55,12237,JSWSTEEL
1190,2025-03-07 13:00:00+05:30,1011.75,1012.8,1010.7,1011.25,23250,JSWSTEEL
1191,2025-03-07 13:15:00+05:30,1011.5,1012.9,1011.05,1011.3,9391,JSWSTEEL
1192,2025-03-07 13:30:00+05:30,1011.65,1013.0,1011.0,1012.35,10300,JSWSTEEL
1193,2025-03-07 13:45:00+05:30,1012.35,1012.65,1008.9,1009.65,12766,JSWSTEEL
1194,2025-03-07 14:00:00+05:30,1009.6,1010.9,1009.25,1009.6,10112,JSWSTEEL
1195,2025-03-07 14:15:00+05:30,1009.95,1012.9,1009.6,1012.05,13841,JSWSTEEL
1196,2025-03-07 14:30:00+05:30,1011.85,1014.5,1010.9,1013.35,42745,JSWSTEEL
1197,2025-03-07 14:45:00+05:30,1013.6,1015.95,1012.35,1014.2,48565,JSWSTEEL
1198,2025-03-07 15:00:00+05:30,1014.45,1014.45,1011.0,1011.35,65731,JSWSTEEL
1199,2025-03-07 15:15:00+05:30,1011.35,1011.5,1008.35,1008.35,95210,JSWSTEEL
1200,2025-03-10 09:15:00+05:30,1011.15,1022.15,1010.25,1015.85,203463,JSWSTEEL
1201,2025-03-10 09:30:00+05:30,1015.75,1023.0,1015.5,1023.0,99189,JSWSTEEL
1202,2025-03-10 09:45:00+05:30,1023.0,1027.7,1022.15,1025.95,116073,JSWSTEEL
1203,2025-03-10 10:00:00+05:30,1025.95,1028.45,1025.35,1027.0,68724,JSWSTEEL
1204,2025-03-10 10:15:00+05:30,1026.9,1030.85,1026.25,1029.9,85668,JSWSTEEL
1205,2025-03-10 10:30:00+05:30,1029.75,1032.0,1027.3,1029.45,75356,JSWSTEEL
1206,2025-03-10 10:45:00+05:30,1029.2,1030.65,1028.4,1029.95,32013,JSWSTEEL
1207,2025-03-10 11:00:00+05:30,1029.95,1030.7,1026.05,1026.25,52561,JSWSTEEL
1208,2025-03-10 11:15:00+05:30,1026.3,1029.5,1024.8,1028.85,41152,JSWSTEEL
1209,2025-03-10 11:30:00+05:30,1028.9,1032.75,1028.5,1031.9,69557,JSWSTEEL
1210,2025-03-10 11:45:00+05:30,1031.5,1032.2,1030.0,1030.2,47458,JSWSTEEL
1211,2025-03-10 12:00:00+05:30,1030.1,1030.35,1026.45,1027.0,110726,JSWSTEEL
1212,2025-03-10 12:15:00+05:30,1026.65,1026.85,1023.05,1023.9,61215,JSWSTEEL
1213,2025-03-10 12:30:00+05:30,1023.9,1025.35,1023.3,1024.55,35109,JSWSTEEL
1214,2025-03-10 12:45:00+05:30,1024.1,1024.95,1022.95,1024.6,41276,JSWSTEEL
1215,2025-03-10 13:00:00+05:30,1024.6,1025.35,1023.15,1024.25,42122,JSWSTEEL
1216,2025-03-10 13:15:00+05:30,1024.05,1026.45,1023.1,1023.85,101432,JSWSTEEL
1217,2025-03-10 13:30:00+05:30,1023.85,1024.1,1021.5,1021.7,35133,JSWSTEEL
1218,2025-03-10 13:45:00+05:30,1021.4,1021.4,1019.2,1019.95,52132,JSWSTEEL
1219,2025-03-10 14:00:00+05:30,1020.0,1020.3,1018.4,1018.4,32042,JSWSTEEL
1220,2025-03-10 14:15:00+05:30,1018.4,1018.8,1013.8,1013.8,66907,JSWSTEEL
1221,2025-03-10 14:30:00+05:30,1013.55,1015.6,1012.15,1013.0,56249,JSWSTEEL
1222,2025-03-10 14:45:00+05:30,1012.55,1013.85,1010.85,1013.0,72514,JSWSTEEL
1223,2025-03-10 15:00:00+05:30,1013.4,1015.85,1012.5,1012.8,119188,JSWSTEEL
1224,2025-03-10 15:15:00+05:30,1012.55,1014.3,1010.5,1010.5,133680,JSWSTEEL
1225,2025-03-11 09:15:00+05:30,1003.85,1012.7,1001.45,1008.5,193183,JSWSTEEL
1226,2025-03-11 09:30:00+05:30,1008.35,1012.3,1005.0,1008.7,90511,JSWSTEEL
1227,2025-03-11 09:45:00+05:30,1008.85,1012.0,1007.7,1011.15,63124,JSWSTEEL
1228,2025-03-11 10:00:00+05:30,1011.5,1013.35,1007.4,1013.0,48039,JSWSTEEL
1229,2025-03-11 10:15:00+05:30,1013.35,1016.4,1011.95,1013.5,60884,JSWSTEEL
1230,2025-03-11 10:30:00+05:30,1013.5,1015.0,1011.7,1014.55,38424,JSWSTEEL
1231,2025-03-11 10:45:00+05:30,1014.65,1016.0,1012.4,1015.9,72676,JSWSTEEL
1232,2025-03-11 11:00:00+05:30,1015.9,1017.5,1014.85,1015.4,42444,JSWSTEEL
1233,2025-03-11 11:15:00+05:30,1015.4,1015.85,1012.55,1012.7,66682,JSWSTEEL
1234,2025-03-11 11:30:00+05:30,1012.65,1014.15,1011.65,1013.0,33571,JSWSTEEL
1235,2025-03-11 11:45:00+05:30,1013.0,1014.0,1012.35,1013.35,25621,JSWSTEEL
1236,2025-03-11 12:00:00+05:30,1013.4,1015.45,1012.75,1015.45,28705,JSWSTEEL
1237,2025-03-11 12:15:00+05:30,1015.4,1015.4,1014.15,1014.95,31382,JSWSTEEL
1238,2025-03-11 12:30:00+05:30,1014.65,1017.0,1014.5,1015.75,28993,JSWSTEEL
1239,2025-03-11 12:45:00+05:30,1015.8,1016.55,1014.65,1015.2,29614,JSWSTEEL
1240,2025-03-11 13:00:00+05:30,1015.1,1015.4,1012.75,1014.6,34731,JSWSTEEL
1241,2025-03-11 13:15:00+05:30,1014.55,1017.8,1014.2,1016.6,41456,JSWSTEEL
1242,2025-03-11 13:30:00+05:30,1016.65,1019.5,1014.5,1019.1,36144,JSWSTEEL
1243,2025-03-11 13:45:00+05:30,1019.1,1021.0,1018.7,1019.85,52220,JSWSTEEL
1244,2025-03-11 14:00:00+05:30,1020.15,1020.15,1017.55,1018.2,39436,JSWSTEEL
1245,2025-03-11 14:15:00+05:30,1018.7,1019.75,1017.9,1019.2,30814,JSWSTEEL
1246,2025-03-11 14:30:00+05:30,1019.3,1020.0,1018.25,1018.5,76843,JSWSTEEL
1247,2025-03-11 14:45:00+05:30,1018.55,1019.75,1017.8,1019.05,67315,JSWSTEEL
1248,2025-03-11 15:00:00+05:30,1019.3,1020.55,1018.1,1018.65,185917,JSWSTEEL
1249,2025-03-11 15:15:00+05:30,1018.3,1018.85,1015.0,1018.75,158372,JSWSTEEL
1250,2025-03-12 09:15:00+05:30,1024.7,1024.95,1013.1,1014.15,48640,JSWSTEEL
1251,2025-03-12 09:30:00+05:30,1013.8,1015.75,1011.6,1012.5,29931,JSWSTEEL
1252,2025-03-12 09:45:00+05:30,1012.5,1012.5,1007.0,1007.3,52594,JSWSTEEL
1253,2025-03-12 10:00:00+05:30,1007.35,1009.4,1005.25,1008.15,37683,JSWSTEEL
1254,2025-03-12 10:15:00+05:30,1008.15,1009.15,1007.05,1007.65,30514,JSWSTEEL
1255,2025-03-12 10:30:00+05:30,1007.65,1007.85,1005.8,1007.1,19118,JSWSTEEL
1256,2025-03-12 10:45:00+05:30,1007.4,1007.85,1002.65,1002.65,29532,JSWSTEEL
1257,2025-03-12 11:00:00+05:30,1003.25,1003.45,999.6,1000.0,37295,JSWSTEEL
1258,2025-03-12 11:15:00+05:30,999.6,1001.5,998.05,999.25,86755,JSWSTEEL
1259,2025-03-12 11:30:00+05:30,999.25,1002.45,999.2,1001.7,43856,JSWSTEEL
1260,2025-03-12 11:45:00+05:30,1001.95,1003.35,999.25,999.75,67890,JSWSTEEL
1261,2025-03-12 12:00:00+05:30,999.75,1000.15,996.95,997.4,19899,JSWSTEEL
1262,2025-03-12 12:15:00+05:30,996.8,997.6,994.1,996.35,61913,JSWSTEEL
1263,2025-03-12 12:30:00+05:30,996.2,999.3,996.15,997.35,51040,JSWSTEEL
1264,2025-03-12 12:45:00+05:30,997.35,1000.1,996.65,998.85,15970,JSWSTEEL
1265,2025-03-12 13:00:00+05:30,998.85,1002.95,998.1,1002.95,135035,JSWSTEEL
1266,2025-03-12 13:15:00+05:30,1002.65,1005.3,1002.55,1004.25,41088,JSWSTEEL
1267,2025-03-12 13:30:00+05:30,1004.15,1005.3,1001.0,1001.35,46429,JSWSTEEL
1268,2025-03-12 13:45:00+05:30,1001.35,1002.0,1001.0,1001.8,41660,JSWSTEEL
1269,2025-03-12 14:00:00+05:30,1001.8,1003.25,1001.45,1003.1,30315,JSWSTEEL
1270,2025-03-12 14:15:00+05:30,1003.05,1005.9,1002.65,1005.65,58295,JSWSTEEL
1271,2025-03-12 14:30:00+05:30,1005.55,1006.45,1005.4,1005.55,41167,JSWSTEEL
1272,2025-03-12 14:45:00+05:30,1005.5,1007.95,1005.5,1007.6,35355,JSWSTEEL
1273,2025-03-12 15:00:00+05:30,1007.7,1012.4,1007.7,1011.2,93838,JSWSTEEL
1274,2025-03-12 15:15:00+05:30,1010.8,1011.2,1009.15,1011.2,98011,JSWSTEEL
1275,2025-03-13 09:15:00+05:30,1014.9,1016.45,1009.45,1013.1,98751,JSWSTEEL
1276,2025-03-13 09:30:00+05:30,1012.85,1016.1,1011.9,1013.1,61584,JSWSTEEL
1277,2025-03-13 09:45:00+05:30,1013.15,1015.8,1011.2,1014.65,51290,JSWSTEEL
1278,2025-03-13 10:00:00+05:30,1014.75,1015.65,1011.2,1011.25,45826,JSWSTEEL
1279,2025-03-13 10:15:00+05:30,1011.75,1015.95,1011.75,1014.75,55500,JSWSTEEL
1280,2025-03-13 10:30:00+05:30,1015.0,1015.0,1012.1,1013.4,69554,JSWSTEEL
1281,2025-03-13 10:45:00+05:30,1013.4,1014.1,1007.65,1008.6,65849,JSWSTEEL
1282,2025-03-13 11:00:00+05:30,1008.45,1010.2,1007.25,1008.15,42874,JSWSTEEL
1283,2025-03-13 11:15:00+05:30,1008.15,1008.4,1006.1,1006.1,31997,JSWSTEEL
1284,2025-03-13 11:30:00+05:30,1006.4,1007.1,1002.45,1004.1,40920,JSWSTEEL
1285,2025-03-13 11:45:00+05:30,1004.4,1004.6,1002.0,1004.1,47281,JSWSTEEL
1286,2025-03-13 12:00:00+05:30,1004.45,1005.5,1003.95,1005.4,46413,JSWSTEEL
1287,2025-03-13 12:15:00+05:30,1005.2,1005.7,1002.15,1003.2,34835,JSWSTEEL
1288,2025-03-13 12:30:00+05:30,1003.0,1004.45,1002.5,1004.45,18144,JSWSTEEL
1289,2025-03-13 12:45:00+05:30,1004.45,1005.0,1004.0,1005.0,29643,JSWSTEEL
1290,2025-03-13 13:00:00+05:30,1005.0,1006.0,1002.95,1003.35,32807,JSWSTEEL
1291,2025-03-13 13:15:00+05:30,1003.3,1004.15,1002.0,1002.1,22163,JSWSTEEL
1292,2025-03-13 13:30:00+05:30,1002.1,1005.0,1002.1,1004.65,37267,JSWSTEEL
1293,2025-03-13 13:45:00+05:30,1004.65,1005.0,1003.7,1004.8,15987,JSWSTEEL
1294,2025-03-13 14:00:00+05:30,1004.65,1005.0,1003.3,1004.7,26001,JSWSTEEL
1295,2025-03-13 14:15:00+05:30,1005.0,1005.0,1003.45,1004.15,27933,JSWSTEEL
1296,2025-03-13 14:30:00+05:30,1004.25,1004.9,1003.2,1004.4,30804,JSWSTEEL
1297,2025-03-13 14:45:00+05:30,1004.35,1005.45,1002.2,1002.7,104184,JSWSTEEL
1298,2025-03-13 15:00:00+05:30,1002.7,1002.7,998.8,1001.35,72037,JSWSTEEL
1299,2025-03-13 15:15:00+05:30,1001.5,1003.15,999.0,999.0,104403,JSWSTEEL
1300,2025-03-17 09:15:00+05:30,1007.55,1013.45,1002.6,1012.5,104447,JSWSTEEL
1301,2025-03-17 09:30:00+05:30,1012.45,1015.45,1011.0,1014.0,62466,JSWSTEEL
1302,2025-03-17 09:45:00+05:30,1013.6,1014.0,1008.9,1009.1,48291,JSWSTEEL
1303,2025-03-17 10:00:00+05:30,1009.25,1010.35,1006.0,1006.4,17939,JSWSTEEL
1304,2025-03-17 10:15:00+05:30,1006.4,1006.55,1003.8,1005.1,33753,JSWSTEEL
1305,2025-03-17 10:30:00+05:30,1005.2,1005.65,1003.1,1003.35,20945,JSWSTEEL
1306,2025-03-17 10:45:00+05:30,1003.4,1004.95,1003.0,1004.65,17904,JSWSTEEL
1307,2025-03-17 11:00:00+05:30,1004.85,1005.85,1003.1,1003.55,25274,JSWSTEEL
1308,2025-03-17 11:15:00+05:30,1003.55,1006.2,1003.55,1005.9,20858,JSWSTEEL
1309,2025-03-17 11:30:00+05:30,1006.0,1006.8,1005.0,1005.65,17879,JSWSTEEL
1310,2025-03-17 11:45:00+05:30,1005.6,1005.7,1003.0,1004.1,24502,JSWSTEEL
1311,2025-03-17 12:00:00+05:30,1004.3,1005.75,1004.15,1004.9,12069,JSWSTEEL
1312,2025-03-17 12:15:00+05:30,1005.0,1005.0,1001.75,1003.4,18634,JSWSTEEL
1313,2025-03-17 12:30:00+05:30,1003.4,1004.15,1001.3,1004.15,27064,JSWSTEEL
1314,2025-03-17 12:45:00+05:30,1003.7,1003.8,1001.75,1003.05,14664,JSWSTEEL
1315,2025-03-17 13:00:00+05:30,1002.7,1004.15,1001.5,1001.6,30750,JSWSTEEL
1316,2025-03-17 13:15:00+05:30,1001.8,1004.95,1000.15,1004.5,129337,JSWSTEEL
1317,2025-03-17 13:30:00+05:30,1004.5,1006.8,1002.8,1006.15,47879,JSWSTEEL
1318,2025-03-17 13:45:00+05:30,1006.15,1007.5,1004.7,1007.3,37977,JSWSTEEL
1319,2025-03-17 14:00:00+05:30,1007.1,1007.95,1004.2,1005.2,322253,JSWSTEEL
1320,2025-03-17 14:15:00+05:30,1005.05,1005.65,1001.5,1002.85,117693,JSWSTEEL
1321,2025-03-17 14:30:00+05:30,1002.85,1003.4,1001.55,1002.4,68585,JSWSTEEL
1322,2025-03-17 14:45:00+05:30,1002.4,1005.35,1002.4,1004.9,65052,JSWSTEEL
1323,2025-03-17 15:00:00+05:30,1004.9,1005.75,1004.35,1005.0,115871,JSWSTEEL
1324,2025-03-17 15:15:00+05:30,1005.0,1008.85,1004.8,1006.75,117172,JSWSTEEL
1325,2025-03-18 09:15:00+05:30,1014.9,1014.9,1003.45,1003.8,119661,JSWSTEEL
1326,2025-03-18 09:30:00+05:30,1003.55,1010.8,1002.55,1010.4,53777,JSWSTEEL
1327,2025-03-18 09:45:00+05:30,1010.05,1011.95,1008.5,1009.7,34988,JSWSTEEL
1328,2025-03-18 10:00:00+05:30,1009.5,1011.0,1009.1,1010.1,11110,JSWSTEEL
1329,2025-03-18 10:15:00+05:30,1009.95,1011.85,1009.35,1011.85,13849,JSWSTEEL
1330,2025-03-18 10:30:00+05:30,1011.8,1016.5,1011.4,1015.25,48517,JSWSTEEL
1331,2025-03-18 10:45:00+05:30,1015.5,1019.0,1015.35,1017.4,65640,JSWSTEEL
1332,2025-03-18 11:00:00+05:30,1017.75,1018.1,1015.3,1016.5,18348,JSWSTEEL
1333,2025-03-18 11:15:00+05:30,1016.5,1017.45,1015.9,1017.35,12717,JSWSTEEL
1334,2025-03-18 11:30:00+05:30,1017.35,1019.95,1016.85,1018.85,43649,JSWSTEEL
1335,2025-03-18 11:45:00+05:30,1019.05,1019.65,1018.05,1018.5,13739,JSWSTEEL
1336,2025-03-18 12:00:00+05:30,1018.5,1018.65,1015.45,1016.9,22740,JSWSTEEL
1337,2025-03-18 12:15:00+05:30,1016.75,1017.35,1015.4,1015.4,19354,JSWSTEEL
1338,2025-03-18 12:30:00+05:30,1015.4,1015.5,1013.0,1013.85,48840,JSWSTEEL
1339,2025-03-18 12:45:00+05:30,1014.0,1018.3,1013.15,1017.9,25766,JSWSTEEL
1340,2025-03-18 13:00:00+05:30,1017.9,1019.7,1017.4,1018.25,50374,JSWSTEEL
1341,2025-03-18 13:15:00+05:30,1018.7,1019.6,1018.0,1018.6,32089,JSWSTEEL
1342,2025-03-18 13:30:00+05:30,1018.95,1019.7,1018.2,1019.0,46172,JSWSTEEL
1343,2025-03-18 13:45:00+05:30,1019.35,1020.0,1018.55,1019.55,35670,JSWSTEEL
1344,2025-03-18 14:00:00+05:30,1019.8,1020.65,1018.0,1018.6,30488,JSWSTEEL
1345,2025-03-18 14:15:00+05:30,1018.7,1019.0,1017.0,1017.3,28826,JSWSTEEL
1346,2025-03-18 14:30:00+05:30,1017.3,1018.6,1017.2,1018.3,41503,JSWSTEEL
1347,2025-03-18 14:45:00+05:30,1018.35,1019.05,1017.55,1018.05,44595,JSWSTEEL
1348,2025-03-18 15:00:00+05:30,1018.35,1019.85,1017.1,1019.85,72574,JSWSTEEL
1349,2025-03-18 15:15:00+05:30,1019.8,1019.9,1015.0,1016.5,131775,JSWSTEEL
1350,2025-03-19 09:15:00+05:30,1036.0,1047.0,1024.0,1036.75,821983,JSWSTEEL
1351,2025-03-19 09:30:00+05:30,1036.5,1036.7,1027.55,1028.0,209428,JSWSTEEL
1352,2025-03-19 09:45:00+05:30,1028.0,1031.05,1026.0,1030.1,134365,JSWSTEEL
1353,2025-03-19 10:00:00+05:30,1030.45,1033.55,1030.1,1032.95,90705,JSWSTEEL
1354,2025-03-19 10:15:00+05:30,1032.95,1034.3,1030.9,1032.0,51357,JSWSTEEL
1355,2025-03-19 10:30:00+05:30,1032.3,1033.0,1029.1,1031.5,45046,JSWSTEEL
1356,2025-03-19 10:45:00+05:30,1031.5,1035.6,1029.1,1034.9,96610,JSWSTEEL
1357,2025-03-19 11:00:00+05:30,1035.25,1037.5,1034.25,1036.35,219670,JSWSTEEL
1358,2025-03-19 11:15:00+05:30,1035.9,1036.35,1033.55,1034.1,67610,JSWSTEEL
1359,2025-03-19 11:30:00+05:30,1033.75,1034.55,1032.5,1033.9,36102,JSWSTEEL
1360,2025-03-19 11:45:00+05:30,1033.9,1034.15,1031.75,1032.15,28250,JSWSTEEL
1361,2025-03-19 12:00:00+05:30,1032.3,1032.9,1029.6,1030.1,37441,JSWSTEEL
1362,2025-03-19 12:15:00+05:30,1030.05,1032.7,1029.1,1030.6,36555,JSWSTEEL
1363,2025-03-19 12:30:00+05:30,1030.75,1031.05,1029.0,1029.15,33970,JSWSTEEL
1364,2025-03-19 12:45:00+05:30,1029.35,1031.8,1028.35,1030.05,43630,JSWSTEEL
1365,2025-03-19 13:00:00+05:30,1030.05,1030.6,1028.3,1029.85,32137,JSWSTEEL
1366,2025-03-19 13:15:00+05:30,1029.85,1030.95,1029.3,1030.2,31290,JSWSTEEL
1367,2025-03-19 13:30:00+05:30,1030.2,1031.55,1029.5,1030.9,29416,JSWSTEEL
1368,2025-03-19 13:45:00+05:30,1030.9,1031.6,1029.6,1031.0,39293,JSWSTEEL
1369,2025-03-19 14:00:00+05:30,1031.0,1032.15,1029.3,1029.4,35348,JSWSTEEL
1370,2025-03-19 14:15:00+05:30,1029.85,1030.5,1028.8,1029.85,29344,JSWSTEEL
1371,2025-03-19 14:30:00+05:30,1029.85,1031.45,1028.6,1031.05,44044,JSWSTEEL
1372,2025-03-19 14:45:00+05:30,1031.1,1033.55,1030.2,1032.75,67743,JSWSTEEL
1373,2025-03-19 15:00:00+05:30,1032.85,1034.95,1032.4,1034.6,141440,JSWSTEEL
1374,2025-03-19 15:15:00+05:30,1034.65,1035.0,1026.75,1031.0,209495,JSWSTEEL
1375,2025-03-20 09:15:00+05:30,1038.0,1038.0,1027.3,1031.85,129880,JSWSTEEL
1376,2025-03-20 09:30:00+05:30,1032.0,1032.5,1027.4,1027.5,48527,JSWSTEEL
1377,2025-03-20 09:45:00+05:30,1027.7,1031.5,1027.2,1031.05,43102,JSWSTEEL
1378,2025-03-20 10:00:00+05:30,1031.4,1032.6,1028.3,1030.7,38117,JSWSTEEL
1379,2025-03-20 10:15:00+05:30,1030.7,1036.8,1029.85,1036.0,65448,JSWSTEEL
1380,2025-03-20 10:30:00+05:30,1036.0,1037.0,1033.85,1034.05,50796,JSWSTEEL
1381,2025-03-20 10:45:00+05:30,1034.25,1037.0,1034.1,1037.0,23487,JSWSTEEL
1382,2025-03-20 11:00:00+05:30,1037.0,1039.4,1035.85,1038.85,46820,JSWSTEEL
1383,2025-03-20 11:15:00+05:30,1038.9,1039.55,1034.95,1037.3,92064,JSWSTEEL
1384,2025-03-20 11:30:00+05:30,1037.45,1039.8,1036.85,1039.65,21572,JSWSTEEL
1385,2025-03-20 11:45:00+05:30,1039.7,1043.0,1039.7,1042.8,70912,JSWSTEEL
1386,2025-03-20 12:00:00+05:30,1042.8,1044.8,1042.45,1044.75,37322,JSWSTEEL
1387,2025-03-20 12:15:00+05:30,1044.9,1045.8,1042.3,1045.8,43560,JSWSTEEL
1388,2025-03-20 12:30:00+05:30,1045.7,1046.95,1044.5,1046.75,47342,JSWSTEEL
1389,2025-03-20 12:45:00+05:30,1046.75,1049.55,1046.55,1049.15,92381,JSWSTEEL
1390,2025-03-20 13:00:00+05:30,1048.6,1051.6,1047.35,1051.45,151018,JSWSTEEL
1391,2025-03-20 13:15:00+05:30,1051.45,1052.8,1048.95,1051.45,116674,JSWSTEEL
1392,2025-03-20 13:30:00+05:30,1051.6,1051.75,1049.6,1051.3,55529,JSWSTEEL
1393,2025-03-20 13:45:00+05:30,1051.3,1051.45,1049.45,1050.6,65654,JSWSTEEL
1394,2025-03-20 14:00:00+05:30,1050.55,1051.7,1048.25,1048.9,79792,JSWSTEEL
1395,2025-03-20 14:15:00+05:30,1048.35,1051.45,1048.35,1050.05,97123,JSWSTEEL
1396,2025-03-20 14:30:00+05:30,1050.65,1050.95,1049.05,1049.85,95772,JSWSTEEL
1397,2025-03-20 14:45:00+05:30,1049.85,1051.4,1049.0,1050.15,174566,JSWSTEEL
1398,2025-03-20 15:00:00+05:30,1050.15,1051.0,1048.45,1050.35,278642,JSWSTEEL
1399,2025-03-20 15:15:00+05:30,1050.35,1051.6,1047.45,1049.1,333929,JSWSTEEL
1400,2025-03-21 09:15:00+05:30,1052.0,1055.55,1047.7,1055.55,116847,JSWSTEEL
1401,2025-03-21 09:30:00+05:30,1055.55,1059.75,1054.85,1058.6,107905,JSWSTEEL
1402,2025-03-21 09:45:00+05:30,1059.0,1060.9,1057.25,1057.5,103856,JSWSTEEL
1403,2025-03-21 10:00:00+05:30,1057.5,1059.25,1056.15,1056.55,52450,JSWSTEEL
1404,2025-03-21 10:15:00+05:30,1056.7,1059.2,1056.45,1058.5,61611,JSWSTEEL
1405,2025-03-21 10:30:00+05:30,1058.5,1061.95,1057.85,1061.25,64744,JSWSTEEL
1406,2025-03-21 10:45:00+05:30,1061.25,1062.55,1060.0,1060.9,69712,JSWSTEEL
1407,2025-03-21 11:00:00+05:30,1060.6,1060.65,1056.8,1057.05,107072,JSWSTEEL
1408,2025-03-21 11:15:00+05:30,1056.85,1058.0,1055.3,1056.75,61849,JSWSTEEL
1409,2025-03-21 11:30:00+05:30,1056.75,1058.85,1056.3,1057.15,82231,JSWSTEEL
1410,2025-03-21 11:45:00+05:30,1057.15,1058.0,1055.45,1057.1,75806,JSWSTEEL
1411,2025-03-21 12:00:00+05:30,1057.1,1057.65,1055.75,1057.05,117119,JSWSTEEL
1412,2025-03-21 12:15:00+05:30,1057.1,1057.1,1054.45,1055.2,57691,JSWSTEEL
1413,2025-03-21 12:30:00+05:30,1055.1,1056.4,1053.5,1055.8,100830,JSWSTEEL
1414,2025-03-21 12:45:00+05:30,1055.85,1059.3,1055.25,1058.95,63754,JSWSTEEL
1415,2025-03-21 13:00:00+05:30,1059.4,1060.0,1056.45,1057.25,61489,JSWSTEEL
1416,2025-03-21 13:15:00+05:30,1057.65,1057.85,1055.65,1056.05,79121,JSWSTEEL
1417,2025-03-21 13:30:00+05:30,1056.05,1056.25,1053.05,1054.05,124766,JSWSTEEL
1418,2025-03-21 13:45:00+05:30,1054.25,1055.65,1052.8,1055.35,112920,JSWSTEEL
1419,2025-03-21 14:00:00+05:30,1055.55,1058.9,1054.8,1057.3,83427,JSWSTEEL
1420,2025-03-21 14:15:00+05:30,1057.3,1060.45,1056.95,1059.95,67687,JSWSTEEL
1421,2025-03-21 14:30:00+05:30,1059.95,1061.5,1058.55,1060.15,106696,JSWSTEEL
1422,2025-03-21 14:45:00+05:30,1060.9,1062.0,1059.9,1060.95,43815,JSWSTEEL
1423,2025-03-21 15:00:00+05:30,1061.0,1061.0,1055.6,1058.5,339836,JSWSTEEL
1424,2025-03-21 15:15:00+05:30,1058.5,1060.95,1057.0,1060.45,363162,JSWSTEEL
1425,2025-03-24 09:15:00+05:30,1063.0,1072.0,1059.0,1070.8,251607,JSWSTEEL
1426,2025-03-24 09:30:00+05:30,1070.6,1070.6,1058.5,1062.85,147377,JSWSTEEL
1427,2025-03-24 09:45:00+05:30,1063.0,1068.4,1062.0,1067.6,94430,JSWSTEEL
1428,2025-03-24 10:00:00+05:30,1067.55,1070.45,1064.85,1066.5,76359,JSWSTEEL
1429,2025-03-24 10:15:00+05:30,1066.5,1068.45,1063.55,1066.4,69283,JSWSTEEL
1430,2025-03-24 10:30:00+05:30,1066.4,1070.0,1066.0,1067.05,64722,JSWSTEEL
1431,2025-03-24 10:45:00+05:30,1067.0,1069.85,1064.4,1067.35,97629,JSWSTEEL
1432,2025-03-24 11:00:00+05:30,1067.75,1068.0,1062.0,1063.0,70235,JSWSTEEL
1433,2025-03-24 11:15:00+05:30,1063.0,1063.35,1059.2,1059.95,100438,JSWSTEEL
1434,2025-03-24 11:30:00+05:30,1060.35,1061.3,1057.1,1057.65,65906,JSWSTEEL
1435,2025-03-24 11:45:00+05:30,1057.65,1059.55,1056.5,1059.0,66509,JSWSTEEL
1436,2025-03-24 12:00:00+05:30,1059.0,1061.95,1058.95,1059.8,86918,JSWSTEEL
1437,2025-03-24 12:15:00+05:30,1059.8,1061.4,1059.05,1060.2,62689,JSWSTEEL
1438,2025-03-24 12:30:00+05:30,1060.2,1060.75,1058.3,1059.9,47922,JSWSTEEL
1439,2025-03-24 12:45:00+05:30,1059.6,1061.45,1059.05,1060.05,61043,JSWSTEEL
1440,2025-03-24 13:00:00+05:30,1060.05,1063.0,1059.95,1061.95,47026,JSWSTEEL
1441,2025-03-24 13:15:00+05:30,1062.3,1064.45,1062.05,1063.6,46802,JSWSTEEL
1442,2025-03-24 13:30:00+05:30,1063.6,1066.0,1061.8,1061.8,63278,JSWSTEEL
1443,2025-03-24 13:45:00+05:30,1061.7,1065.1,1060.1,1064.45,167343,JSWSTEEL
1444,2025-03-24 14:00:00+05:30,1064.4,1065.4,1063.15,1064.95,52165,JSWSTEEL
1445,2025-03-24 14:15:00+05:30,1064.95,1065.2,1063.1,1064.7,70525,JSWSTEEL
1446,2025-03-24 14:30:00+05:30,1065.0,1065.25,1061.05,1062.5,88222,JSWSTEEL
1447,2025-03-24 14:45:00+05:30,1062.5,1062.9,1060.4,1061.9,59242,JSWSTEEL
1448,2025-03-24 15:00:00+05:30,1061.5,1063.45,1059.05,1060.8,144407,JSWSTEEL
1449,2025-03-24 15:15:00+05:30,1060.8,1062.35,1060.0,1061.55,159476,JSWSTEEL
1450,2025-03-25 09:15:00+05:30,1061.35,1063.55,1052.0,1056.7,134776,JSWSTEEL
1451,2025-03-25 09:30:00+05:30,1057.25,1066.55,1056.35,1065.0,136040,JSWSTEEL
1452,2025-03-25 09:45:00+05:30,1064.8,1067.7,1063.65,1066.75,69467,JSWSTEEL
1453,2025-03-25 10:00:00+05:30,1066.75,1067.0,1061.9,1062.75,46329,JSWSTEEL
1454,2025-03-25 10:15:00+05:30,1062.7,1067.85,1062.3,1067.75,63476,JSWSTEEL
1455,2025-03-25 10:30:00+05:30,1067.35,1067.9,1057.3,1060.85,152735,JSWSTEEL
1456,2025-03-25 10:45:00+05:30,1060.8,1060.8,1055.4,1058.15,62870,JSWSTEEL
1457,2025-03-25 11:00:00+05:30,1058.2,1060.5,1057.05,1059.9,19913,JSWSTEEL
1458,2025-03-25 11:15:00+05:30,1059.75,1061.75,1057.05,1057.65,20906,JSWSTEEL
1459,2025-03-25 11:30:00+05:30,1057.65,1060.0,1056.0,1056.4,20427,JSWSTEEL
1460,2025-03-25 11:45:00+05:30,1056.4,1061.9,1056.0,1061.9,28804,JSWSTEEL
1461,2025-03-25 12:00:00+05:30,1062.0,1063.1,1059.2,1062.8,26486,JSWSTEEL
1462,2025-03-25 12:15:00+05:30,1062.65,1064.4,1061.15,1064.15,25164,JSWSTEEL
1463,2025-03-25 12:30:00+05:30,1064.45,1066.7,1063.25,1063.85,32544,JSWSTEEL
1464,2025-03-25 12:45:00+05:30,1063.85,1065.0,1062.2,1062.65,26209,JSWSTEEL
1465,2025-03-25 13:00:00+05:30,1062.8,1065.2,1061.05,1064.45,32361,JSWSTEEL
1466,2025-03-25 13:15:00+05:30,1064.8,1064.85,1062.2,1063.3,31541,JSWSTEEL
1467,2025-03-25 13:30:00+05:30,1063.8,1064.0,1061.95,1063.2,48069,JSWSTEEL
1468,2025-03-25 13:45:00+05:30,1063.6,1074.9,1063.2,1072.5,131841,JSWSTEEL
1469,2025-03-25 14:00:00+05:30,1072.75,1074.5,1069.6,1071.9,68881,JSWSTEEL
1470,2025-03-25 14:15:00+05:30,1071.9,1072.5,1066.25,1066.25,57941,JSWSTEEL
1471,2025-03-25 14:30:00+05:30,1066.3,1067.25,1064.75,1064.75,43108,JSWSTEEL
1472,2025-03-25 14:45:00+05:30,1064.75,1066.0,1064.0,1064.95,43150,JSWSTEEL
1473,2025-03-25 15:00:00+05:30,1065.0,1065.4,1061.3,1061.3,133329,JSWSTEEL
1474,2025-03-25 15:15:00+05:30,1061.3,1061.35,1056.5,1059.8,111892,JSWSTEEL
1475,2025-03-26 09:15:00+05:30,1068.05,1068.05,1055.0,1060.7,130118,JSWSTEEL
1476,2025-03-26 09:30:00+05:30,1060.35,1061.75,1057.5,1058.35,59901,JSWSTEEL
1477,2025-03-26 09:45:00+05:30,1058.9,1061.9,1057.0,1058.6,45623,JSWSTEEL
1478,2025-03-26 10:00:00+05:30,1058.95,1059.0,1055.75,1058.0,48170,JSWSTEEL
1479,2025-03-26 10:15:00+05:30,1058.0,1058.5,1056.75,1058.0,24285,JSWSTEEL
1480,2025-03-26 10:30:00+05:30,1058.0,1061.85,1057.6,1059.8,52476,JSWSTEEL
1481,2025-03-26 10:45:00+05:30,1059.8,1061.8,1059.45,1060.5,35250,JSWSTEEL
1482,2025-03-26 11:00:00+05:30,1060.15,1060.5,1057.05,1058.0,26049,JSWSTEEL
1483,2025-03-26 11:15:00+05:30,1057.95,1060.85,1057.0,1060.1,25739,JSWSTEEL
1484,2025-03-26 11:30:00+05:30,1059.95,1060.0,1058.0,1058.9,11214,JSWSTEEL
1485,2025-03-26 11:45:00+05:30,1058.6,1059.55,1056.25,1056.65,59852,JSWSTEEL
1486,2025-03-26 12:00:00+05:30,1056.25,1056.65,1052.2,1054.6,77296,JSWSTEEL
1487,2025-03-26 12:15:00+05:30,1054.6,1057.6,1053.85,1057.25,36010,JSWSTEEL
1488,2025-03-26 12:30:00+05:30,1057.25,1058.7,1057.05,1058.0,39631,JSWSTEEL
1489,2025-03-26 12:45:00+05:30,1058.0,1058.5,1055.65,1056.85,31527,JSWSTEEL
1490,2025-03-26 13:00:00+05:30,1056.85,1057.6,1055.2,1055.8,38670,JSWSTEEL
1491,2025-03-26 13:15:00+05:30,1055.8,1058.25,1054.45,1056.55,53455,JSWSTEEL
1492,2025-03-26 13:30:00+05:30,1056.55,1056.9,1055.0,1055.65,62733,JSWSTEEL
1493,2025-03-26 13:45:00+05:30,1055.65,1055.75,1054.0,1055.1,36510,JSWSTEEL
1494,2025-03-26 14:00:00+05:30,1055.4,1057.25,1055.1,1056.25,24360,JSWSTEEL
1495,2025-03-26 14:15:00+05:30,1056.4,1058.1,1055.5,1057.85,45289,JSWSTEEL
1496,2025-03-26 14:30:00+05:30,1057.85,1058.0,1056.25,1057.65,31487,JSWSTEEL
1497,2025-03-26 14:45:00+05:30,1057.65,1059.65,1055.2,1057.25,73448,JSWSTEEL
1498,2025-03-26 15:00:00+05:30,1057.4,1057.95,1055.15,1057.35,82693,JSWSTEEL
1499,2025-03-26 15:15:00+05:30,1057.35,1057.45,1053.0,1053.0,98502,JSWSTEEL
1500,2025-03-27 09:15:00+05:30,1051.95,1062.6,1050.0,1060.35,138347,JSWSTEEL
1501,2025-03-27 09:30:00+05:30,1060.0,1063.1,1059.05,1061.8,57730,JSWSTEEL
1502,2025-03-27 09:45:00+05:30,1061.55,1062.5,1060.0,1062.5,28458,JSWSTEEL
1503,2025-03-27 10:00:00+05:30,1062.5,1064.0,1060.9,1063.3,47430,JSWSTEEL
1504,2025-03-27 10:15:00+05:30,1062.8,1064.8,1060.75,1064.75,67499,JSWSTEEL
1505,2025-03-27 10:30:00+05:30,1064.8,1065.0,1062.1,1062.8,36425,JSWSTEEL
1506,2025-03-27 10:45:00+05:30,1062.8,1063.6,1060.85,1062.15,50437,JSWSTEEL
1507,2025-03-27 11:00:00+05:30,1062.15,1063.6,1061.7,1063.1,35409,JSWSTEEL
1508,2025-03-27 11:15:00+05:30,1062.65,1063.9,1059.35,1060.35,31717,JSWSTEEL
1509,2025-03-27 11:30:00+05:30,1060.4,1063.4,1059.95,1062.5,39337,JSWSTEEL
1510,2025-03-27 11:45:00+05:30,1062.5,1068.0,1062.4,1064.85,51968,JSWSTEEL
1511,2025-03-27 12:00:00+05:30,1064.85,1065.25,1061.15,1061.3,42842,JSWSTEEL
1512,2025-03-27 12:15:00+05:30,1061.2,1062.0,1059.45,1059.7,77952,JSWSTEEL
1513,2025-03-27 12:30:00+05:30,1059.7,1064.6,1059.7,1064.0,29316,JSWSTEEL
1514,2025-03-27 12:45:00+05:30,1064.05,1066.95,1063.95,1066.5,32296,JSWSTEEL
1515,2025-03-27 13:00:00+05:30,1066.4,1069.0,1064.9,1065.65,69443,JSWSTEEL
1516,2025-03-27 13:15:00+05:30,1065.25,1066.15,1062.65,1063.35,40513,JSWSTEEL
1517,2025-03-27 13:30:00+05:30,1062.95,1064.35,1062.0,1062.6,32738,JSWSTEEL
1518,2025-03-27 13:45:00+05:30,1062.1,1064.15,1061.5,1062.65,25354,JSWSTEEL
1519,2025-03-27 14:00:00+05:30,1062.65,1064.95,1062.1,1064.35,33968,JSWSTEEL
1520,2025-03-27 14:15:00+05:30,1064.35,1065.3,1063.3,1064.4,35090,JSWSTEEL
1521,2025-03-27 14:30:00+05:30,1064.3,1065.15,1063.5,1064.5,103272,JSWSTEEL
1522,2025-03-27 14:45:00+05:30,1064.5,1064.75,1059.95,1060.5,88648,JSWSTEEL
1523,2025-03-27 15:00:00+05:30,1060.75,1064.8,1057.65,1060.65,743383,JSWSTEEL
1524,2025-03-27 15:15:00+05:30,1060.65,1065.0,1058.25,1060.95,572968,JSWSTEEL
1525,2025-03-28 09:15:00+05:30,1059.75,1065.1,1057.0,1060.75,41757,JSWSTEEL
1526,2025-03-28 09:30:00+05:30,1061.2,1062.0,1057.1,1057.1,25818,JSWSTEEL
1527,2025-03-28 09:45:00+05:30,1057.1,1059.85,1056.75,1058.65,27812,JSWSTEEL
1528,2025-03-28 10:00:00+05:30,1058.6,1059.25,1056.15,1056.5,13294,JSWSTEEL
1529,2025-03-28 10:15:00+05:30,1056.15,1059.75,1055.6,1059.4,21011,JSWSTEEL
1530,2025-03-28 10:30:00+05:30,1059.4,1063.0,1059.1,1062.05,25441,JSWSTEEL
1531,2025-03-28 10:45:00+05:30,1062.05,1065.4,1062.0,1063.7,33049,JSWSTEEL
1532,2025-03-28 11:00:00+05:30,1063.7,1065.0,1062.6,1062.6,11341,JSWSTEEL
1533,2025-03-28 11:15:00+05:30,1062.6,1064.9,1062.0,1063.05,13167,JSWSTEEL
1534,2025-03-28 11:30:00+05:30,1063.05,1065.8,1062.45,1064.05,18365,JSWSTEEL
1535,2025-03-28 11:45:00+05:30,1064.0,1065.8,1063.75,1065.5,10762,JSWSTEEL
1536,2025-03-28 12:00:00+05:30,1065.2,1068.2,1065.2,1067.25,29261,JSWSTEEL
1537,2025-03-28 12:15:00+05:30,1067.6,1067.65,1063.1,1063.65,17347,JSWSTEEL
1538,2025-03-28 12:30:00+05:30,1063.65,1064.1,1059.5,1060.75,21374,JSWSTEEL
1539,2025-03-28 12:45:00+05:30,1060.75,1062.9,1060.7,1062.4,14252,JSWSTEEL
1540,2025-03-28 13:00:00+05:30,1062.9,1062.9,1057.0,1058.4,18263,JSWSTEEL
1541,2025-03-28 13:15:00+05:30,1058.1,1058.85,1056.15,1057.75,10910,JSWSTEEL
1542,2025-03-28 13:30:00+05:30,1057.6,1060.95,1057.35,1057.5,29101,JSWSTEEL
1543,2025-03-28 13:45:00+05:30,1057.85,1058.45,1053.95,1057.55,30295,JSWSTEEL
1544,2025-03-28 14:00:00+05:30,1057.9,1057.9,1054.55,1057.85,38705,JSWSTEEL
1545,2025-03-28 14:15:00+05:30,1057.85,1062.9,1056.9,1062.45,57768,JSWSTEEL
1546,2025-03-28 14:30:00+05:30,1062.85,1064.05,1059.9,1062.95,86138,JSWSTEEL
1547,2025-03-28 14:45:00+05:30,1062.65,1064.8,1061.9,1063.7,108809,JSWSTEEL
1548,2025-03-28 15:00:00+05:30,1063.7,1064.35,1061.55,1063.6,492028,JSWSTEEL
1549,2025-03-28 15:15:00+05:30,1063.5,1063.95,1060.0,1060.0,476172,JSWSTEEL
1550,2025-04-01 09:15:00+05:30,1063.0,1063.0,1053.35,1061.25,131552,JSWSTEEL
1551,2025-04-01 09:30:00+05:30,1061.25,1069.4,1060.45,1066.75,89612,JSWSTEEL
1552,2025-04-01 09:45:00+05:30,1066.75,1069.55,1066.0,1068.0,54651,JSWSTEEL
1553,2025-04-01 10:00:00+05:30,1068.0,1068.85,1065.0,1067.7,59856,JSWSTEEL
1554,2025-04-01 10:15:00+05:30,1067.8,1070.45,1064.85,1065.3,61432,JSWSTEEL
1555,2025-04-01 10:30:00+05:30,1065.85,1067.05,1063.0,1064.5,44082,JSWSTEEL
1556,2025-04-01 10:45:00+05:30,1064.35,1065.25,1060.55,1060.95,40515,JSWSTEEL
1557,2025-04-01 11:00:00+05:30,1060.95,1061.65,1059.3,1060.0,36729,JSWSTEEL
1558,2025-04-01 11:15:00+05:30,1060.0,1064.15,1059.05,1062.5,64119,JSWSTEEL
1559,2025-04-01 11:30:00+05:30,1062.75,1063.05,1060.35,1061.5,21373,JSWSTEEL
1560,2025-04-01 11:45:00+05:30,1061.3,1061.5,1056.25,1056.8,35869,JSWSTEEL
1561,2025-04-01 12:00:00+05:30,1056.8,1060.0,1056.55,1059.5,14181,JSWSTEEL
1562,2025-04-01 12:15:00+05:30,1059.25,1061.7,1059.0,1059.85,19567,JSWSTEEL
1563,2025-04-01 12:30:00+05:30,1059.8,1063.4,1059.5,1062.6,26992,JSWSTEEL
1564,2025-04-01 12:45:00+05:30,1062.4,1062.75,1059.0,1059.4,16876,JSWSTEEL
1565,2025-04-01 13:00:00+05:30,1059.45,1060.0,1057.65,1060.0,18217,JSWSTEEL
1566,2025-04-01 13:15:00+05:30,1060.0,1060.0,1058.55,1059.65,11294,JSWSTEEL
1567,2025-04-01 13:30:00+05:30,1059.95,1060.1,1058.85,1059.9,14203,JSWSTEEL
1568,2025-04-01 13:45:00+05:30,1059.95,1063.05,1057.45,1058.5,30799,JSWSTEEL
1569,2025-04-01 14:00:00+05:30,1058.55,1061.0,1058.2,1058.75,124834,JSWSTEEL
1570,2025-04-01 14:15:00+05:30,1058.7,1059.8,1057.55,1058.35,39808,JSWSTEEL
1571,2025-04-01 14:30:00+05:30,1058.45,1059.9,1057.05,1057.75,138033,JSWSTEEL
1572,2025-04-01 14:45:00+05:30,1057.75,1058.15,1055.15,1055.75,142064,JSWSTEEL
1573,2025-04-01 15:00:00+05:30,1055.8,1057.75,1054.95,1057.2,347419,JSWSTEEL
1574,2025-04-01 15:15:00+05:30,1057.25,1060.0,1055.2,1060.0,187716,JSWSTEEL
1575,2025-04-02 09:15:00+05:30,1058.09,1066.34,1049.09,1054.0,67067,JSWSTEEL
1576,2025-04-02 09:30:00+05:30,1054.15,1058.0,1052.55,1052.55,29852,JSWSTEEL
1577,2025-04-02 09:45:00+05:30,1052.65,1053.15,1046.25,1051.5,42270,JSWSTEEL
1578,2025-04-02 10:00:00+05:30,1051.9,1055.9,1050.5,1054.9,26103,JSWSTEEL
1579,2025-04-02 10:15:00+05:30,1055.05,1058.7,1052.59,1054.55,33267,JSWSTEEL
1580,2025-04-02 10:30:00+05:30,1054.7,1057.3,1051.65,1054.34,26352,JSWSTEEL
1581,2025-04-02 10:45:00+05:30,1054.5,1058.0,1053.65,1055.15,18775,JSWSTEEL
1582,2025-04-02 11:00:00+05:30,1055.34,1056.3,1053.4,1053.84,15402,JSWSTEEL
1583,2025-04-02 11:15:00+05:30,1054.25,1054.4,1052.0,1052.65,19989,JSWSTEEL
1584,2025-04-02 11:30:00+05:30,1052.4,1055.3,1051.0,1051.2,21878,JSWSTEEL
1585,2025-04-02 11:45:00+05:30,1051.34,1053.34,1050.4,1051.2,47109,JSWSTEEL
1586,2025-04-02 12:00:00+05:30,1051.55,1057.25,1050.15,1055.4,47457,JSWSTEEL
1587,2025-04-02 12:15:00+05:30,1055.25,1057.3,1054.3,1055.55,27082,JSWSTEEL
1588,2025-04-02 12:30:00+05:30,1055.8,1057.4,1053.8,1054.25,22027,JSWSTEEL
1589,2025-04-02 12:45:00+05:30,1054.25,1055.15,1050.9,1051.75,41519,JSWSTEEL
1590,2025-04-02 13:00:00+05:30,1051.75,1054.95,1051.3,1054.84,23239,JSWSTEEL
1591,2025-04-02 13:15:00+05:30,1054.65,1055.65,1054.34,1054.75,19469,JSWSTEEL
1592,2025-04-02 13:30:00+05:30,1055.0,1056.4,1054.25,1054.75,14395,JSWSTEEL
1593,2025-04-02 13:45:00+05:30,1054.75,1055.55,1053.05,1053.05,12943,JSWSTEEL
1594,2025-04-02 14:00:00+05:30,1053.55,1053.55,1052.05,1052.09,13196,JSWSTEEL
1595,2025-04-02 14:15:00+05:30,1052.09,1055.3,1052.05,1055.15,31645,JSWSTEEL
1596,2025-04-02 14:30:00+05:30,1055.3,1056.7,1054.05,1055.34,30072,JSWSTEEL
1597,2025-04-02 14:45:00+05:30,1055.34,1055.95,1053.9,1054.55,36812,JSWSTEEL
1598,2025-04-02 15:00:00+05:30,1054.95,1059.2,1054.8,1056.5,70487,JSWSTEEL
1599,2025-04-02 15:15:00+05:30,1056.5,1057.75,1054.09,1055.4,139641,JSWSTEEL
1600,2025-04-03 09:15:00+05:30,1045.0,1054.45,1045.0,1051.8,258375,JSWSTEEL
1601,2025-04-03 09:30:00+05:30,1051.8,1053.84,1048.3,1049.59,113788,JSWSTEEL
1602,2025-04-03 09:45:00+05:30,1049.84,1049.84,1042.5,1043.45,135597,JSWSTEEL
1603,2025-04-03 10:00:00+05:30,1043.45,1044.7,1041.55,1044.45,77576,JSWSTEEL
1604,2025-04-03 10:15:00+05:30,1044.25,1050.0,1042.75,1049.5,63219,JSWSTEEL
1605,2025-04-03 10:30:00+05:30,1049.3,1050.7,1047.15,1047.25,57976,JSWSTEEL
1606,2025-04-03 10:45:00+05:30,1047.34,1050.0,1045.8,1049.95,37008,JSWSTEEL
1607,2025-04-03 11:00:00+05:30,1049.7,1051.95,1048.0,1049.9,65220,JSWSTEEL
1608,2025-04-03 11:15:00+05:30,1049.9,1050.65,1046.84,1049.4,50238,JSWSTEEL
1609,2025-04-03 11:30:00+05:30,1049.45,1052.7,1048.7,1052.5,36553,JSWSTEEL
1610,2025-04-03 11:45:00+05:30,1052.45,1055.8,1051.4,1054.5,64189,JSWSTEEL
1611,2025-04-03 12:00:00+05:30,1054.09,1055.5,1051.59,1051.59,45062,JSWSTEEL
1612,2025-04-03 12:15:00+05:30,1051.59,1052.75,1051.0,1051.8,36386,JSWSTEEL
1613,2025-04-03 12:30:00+05:30,1051.9,1054.95,1051.0,1051.0,43697,JSWSTEEL
1614,2025-04-03 12:45:00+05:30,1051.25,1053.0,1051.0,1051.09,28935,JSWSTEEL
1615,2025-04-03 13:00:00+05:30,1051.34,1051.34,1047.65,1048.3,39007,JSWSTEEL
1616,2025-04-03 13:15:00+05:30,1048.4,1049.8,1047.45,1049.25,34754,JSWSTEEL
1617,2025-04-03 13:30:00+05:30,1049.34,1049.5,1046.5,1046.75,34557,JSWSTEEL
1618,2025-04-03 13:45:00+05:30,1047.15,1048.55,1046.0,1046.45,43014,JSWSTEEL
1619,2025-04-03 14:00:00+05:30,1046.45,1048.0,1045.8,1046.34,60011,JSWSTEEL
1620,2025-04-03 14:15:00+05:30,1046.45,1047.95,1045.15,1046.0,62640,JSWSTEEL
1621,2025-04-03 14:30:00+05:30,1046.05,1046.65,1044.45,1045.45,50962,JSWSTEEL
1622,2025-04-03 14:45:00+05:30,1045.5,1045.9,1043.34,1045.3,47474,JSWSTEEL
1623,2025-04-03 15:00:00+05:30,1045.3,1046.05,1043.4,1044.3,65086,JSWSTEEL
1624,2025-04-03 15:15:00+05:30,1044.25,1045.65,1042.09,1043.05,55416,JSWSTEEL
1625,2025-04-04 09:15:00+05:30,1032.3,1038.95,1015.0,1016.8,178360,JSWSTEEL
1626,2025-04-04 09:30:00+05:30,1016.85,1021.8,1013.1,1014.6,137214,JSWSTEEL
1627,2025-04-04 09:45:00+05:30,1014.3,1017.5,1011.5,1011.5,78943,JSWSTEEL
1628,2025-04-04 10:00:00+05:30,1011.85,1013.75,1006.25,1008.2,113442,JSWSTEEL
1629,2025-04-04 10:15:00+05:30,1008.25,1011.25,1005.0,1005.2,101033,JSWSTEEL
1630,2025-04-04 10:30:00+05:30,1005.2,1010.5,1002.9,1008.65,107303,JSWSTEEL
1631,2025-04-04 10:45:00+05:30,1008.65,1010.75,1004.45,1005.95,111582,JSWSTEEL
1632,2025-04-04 11:00:00+05:30,1006.05,1006.9,1002.0,1002.5,112782,JSWSTEEL
1633,2025-04-04 11:15:00+05:30,1002.5,1003.8,1000.5,1003.55,131473,JSWSTEEL
1634,2025-04-04 11:30:00+05:30,1003.4,1004.95,997.85,1000.35,79025,JSWSTEEL
1635,2025-04-04 11:45:00+05:30,1000.0,1008.7,998.9,1008.35,171532,JSWSTEEL
1636,2025-04-04 12:00:00+05:30,1008.35,1016.95,1008.0,1016.25,329572,JSWSTEEL
1637,2025-04-04 12:15:00+05:30,1016.7,1018.0,1014.75,1017.0,134103,JSWSTEEL
1638,2025-04-04 12:30:00+05:30,1016.7,1020.4,1014.9,1018.05,143843,JSWSTEEL
1639,2025-04-04 12:45:00+05:30,1018.05,1018.95,1013.8,1015.0,114829,JSWSTEEL
1640,2025-04-04 13:00:00+05:30,1015.05,1016.2,1008.7,1009.9,102182,JSWSTEEL
1641,2025-04-04 13:15:00+05:30,1009.85,1011.0,1008.9,1010.45,70555,JSWSTEEL
1642,2025-04-04 13:30:00+05:30,1010.45,1011.0,1005.1,1006.25,94639,JSWSTEEL
1643,2025-04-04 13:45:00+05:30,1006.25,1006.45,1002.25,1003.75,158990,JSWSTEEL
1644,2025-04-04 14:00:00+05:30,1003.75,1006.5,1001.45,1005.35,180106,JSWSTEEL
1645,2025-04-04 14:15:00+05:30,1005.5,1007.45,1005.0,1006.9,153555,JSWSTEEL
1646,2025-04-04 14:30:00+05:30,1006.9,1007.7,1004.8,1006.35,179439,JSWSTEEL
1647,2025-04-04 14:45:00+05:30,1006.35,1007.45,1002.15,1003.9,261777,JSWSTEEL
1648,2025-04-04 15:00:00+05:30,1003.9,1006.7,1003.35,1005.1,289450,JSWSTEEL
1649,2025-04-04 15:15:00+05:30,1004.95,1013.45,1004.2,1008.35,281940,JSWSTEEL
1650,2025-04-07 09:15:00+05:30,906.0,959.0,905.2,945.1,728448,JSWSTEEL
1651,2025-04-07 09:30:00+05:30,945.5,959.0,939.95,943.6,604770,JSWSTEEL
1652,2025-04-07 09:45:00+05:30,943.6,945.0,935.2,935.7,193100,JSWSTEEL
1653,2025-04-07 10:00:00+05:30,935.15,940.85,930.05,930.65,130295,JSWSTEEL
1654,2025-04-07 10:15:00+05:30,930.65,931.3,921.9,929.45,159395,JSWSTEEL
1655,2025-04-07 10:30:00+05:30,929.4,929.8,921.05,926.55,159831,JSWSTEEL
1656,2025-04-07 10:45:00+05:30,926.25,934.45,922.35,931.5,211910,JSWSTEEL
1657,2025-04-07 11:00:00+05:30,931.8,936.5,928.55,929.5,133744,JSWSTEEL
1658,2025-04-07 11:15:00+05:30,929.35,932.3,926.85,930.1,63290,JSWSTEEL
1659,2025-04-07 11:30:00+05:30,930.15,932.85,924.7,926.15,67632,JSWSTEEL
1660,2025-04-07 11:45:00+05:30,926.4,926.4,921.0,921.75,77152,JSWSTEEL
1661,2025-04-07 12:00:00+05:30,921.75,921.9,915.0,915.75,74246,JSWSTEEL
1662,2025-04-07 12:15:00+05:30,915.65,917.5,913.5,914.3,109527,JSWSTEEL
1663,2025-04-07 12:30:00+05:30,914.1,916.1,909.4,914.3,164337,JSWSTEEL
1664,2025-04-07 12:45:00+05:30,914.25,915.65,907.55,909.65,111369,JSWSTEEL
1665,2025-04-07 13:00:00+05:30,909.55,914.95,908.5,912.45,202556,JSWSTEEL
1666,2025-04-07 13:15:00+05:30,912.4,918.0,910.25,915.8,119350,JSWSTEEL
1667,2025-04-07 13:30:00+05:30,915.6,921.1,914.45,920.5,115567,JSWSTEEL
1668,2025-04-07 13:45:00+05:30,920.7,922.75,919.0,922.5,119012,JSWSTEEL
1669,2025-04-07 14:00:00+05:30,922.5,925.0,920.1,922.65,140527,JSWSTEEL
1670,2025-04-07 14:15:00+05:30,922.5,925.5,922.4,925.05,106906,JSWSTEEL
1671,2025-04-07 14:30:00+05:30,925.0,927.7,922.85,923.7,133687,JSWSTEEL
1672,2025-04-07 14:45:00+05:30,924.2,926.6,922.5,925.35,144438,JSWSTEEL
1673,2025-04-07 15:00:00+05:30,925.0,933.7,924.65,932.1,266093,JSWSTEEL
1674,2025-04-07 15:15:00+05:30,932.1,936.45,927.9,930.0,241058,JSWSTEEL
1675,2025-04-08 09:15:00+05:30,949.35,970.45,949.35,961.6,235277,JSWSTEEL
1676,2025-04-08 09:30:00+05:30,961.6,961.6,951.55,955.8,83929,JSWSTEEL
1677,2025-04-08 09:45:00+05:30,955.2,956.75,948.0,948.3,108947,JSWSTEEL
1678,2025-04-08 10:00:00+05:30,948.35,949.4,943.3,944.1,53588,JSWSTEEL
1679,2025-04-08 10:15:00+05:30,943.95,949.4,943.05,947.75,60678,JSWSTEEL
1680,2025-04-08 10:30:00+05:30,947.4,947.75,938.05,938.65,117860,JSWSTEEL
1681,2025-04-08 10:45:00+05:30,938.7,942.95,933.8,939.5,81763,JSWSTEEL
1682,2025-04-08 11:00:00+05:30,939.5,944.7,939.4,942.65,48466,JSWSTEEL
1683,2025-04-08 11:15:00+05:30,942.7,943.5,938.1,939.85,27269,JSWSTEEL
1684,2025-04-08 11:30:00+05:30,939.45,940.9,935.4,936.45,18728,JSWSTEEL
1685,2025-04-08 11:45:00+05:30,936.1,939.25,934.0,938.95,29585,JSWSTEEL
1686,2025-04-08 12:00:00+05:30,938.95,947.65,937.05,947.4,55711,JSWSTEEL
1687,2025-04-08 12:15:00+05:30,947.4,951.55,945.25,951.4,42966,JSWSTEEL
1688,2025-04-08 12:30:00+05:30,950.9,953.95,949.35,952.2,31722,JSWSTEEL
1689,2025-04-08 12:45:00+05:30,952.1,955.7,950.8,955.35,32431,JSWSTEEL
1690,2025-04-08 13:00:00+05:30,955.4,955.7,952.3,955.55,16714,JSWSTEEL
1691,2025-04-08 13:15:00+05:30,955.55,959.0,955.55,958.05,46979,JSWSTEEL
1692,2025-04-08 13:30:00+05:30,958.05,958.7,954.05,954.9,27939,JSWSTEEL
1693,2025-04-08 13:45:00+05:30,955.15,956.7,953.45,956.7,30028,JSWSTEEL
1694,2025-04-08 14:00:00+05:30,956.9,958.45,955.25,957.95,21588,JSWSTEEL
1695,2025-04-08 14:15:00+05:30,957.95,960.75,957.15,960.05,34866,JSWSTEEL
1696,2025-04-08 14:30:00+05:30,960.2,960.25,957.05,958.1,24387,JSWSTEEL
1697,2025-04-08 14:45:00+05:30,958.1,958.9,956.3,958.45,45194,JSWSTEEL
1698,2025-04-08 15:00:00+05:30,958.15,958.45,951.75,954.15,189897,JSWSTEEL
1699,2025-04-08 15:15:00+05:30,954.1,956.5,953.25,956.2,249198,JSWSTEEL
1700,2025-04-09 09:15:00+05:30,945.15,951.35,941.1,945.65,172160,JSWSTEEL
1701,2025-04-09 09:30:00+05:30,945.65,948.85,941.8,948.45,99823,JSWSTEEL
1702,2025-04-09 09:45:00+05:30,948.85,949.5,943.0,943.55,80518,JSWSTEEL
1703,2025-04-09 10:00:00+05:30,943.9,948.55,941.55,942.15,91834,JSWSTEEL
1704,2025-04-09 10:15:00+05:30,942.1,946.9,941.7,944.6,38184,JSWSTEEL
1705,2025-04-09 10:30:00+05:30,944.6,944.9,941.75,944.0,17856,JSWSTEEL
1706,2025-04-09 10:45:00+05:30,943.7,946.85,943.05,944.35,18749,JSWSTEEL
1707,2025-04-09 11:00:00+05:30,944.35,945.05,942.45,944.3,35242,JSWSTEEL
1708,2025-04-09 11:15:00+05:30,944.3,947.8,943.25,946.75,34864,JSWSTEEL
1709,2025-04-09 11:30:00+05:30,946.75,953.4,946.65,952.0,50964,JSWSTEEL
1710,2025-04-09 11:45:00+05:30,952.0,952.2,946.3,946.5,34529,JSWSTEEL
1711,2025-04-09 12:00:00+05:30,946.5,948.6,945.75,948.1,28458,JSWSTEEL
1712,2025-04-09 12:15:00+05:30,948.05,948.05,945.0,945.55,50667,JSWSTEEL
1713,2025-04-09 12:30:00+05:30,945.7,949.15,944.7,945.9,121066,JSWSTEEL
1714,2025-04-09 12:45:00+05:30,945.65,947.35,941.0,943.4,121945,JSWSTEEL
1715,2025-04-09 13:00:00+05:30,943.35,943.5,941.8,942.5,26156,JSWSTEEL
1716,2025-04-09 13:15:00+05:30,942.5,943.0,938.05,940.7,131073,JSWSTEEL
1717,2025-04-09 13:30:00+05:30,940.7,944.4,940.2,944.15,91566,JSWSTEEL
1718,2025-04-09 13:45:00+05:30,943.7,945.7,942.35,943.3,57126,JSWSTEEL
1719,2025-04-09 14:00:00+05:30,943.3,945.5,943.15,943.55,48583,JSWSTEEL
1720,2025-04-09 14:15:00+05:30,943.3,944.4,941.1,943.6,36886,JSWSTEEL
1721,2025-04-09 14:30:00+05:30,943.5,946.0,943.2,944.45,53182,JSWSTEEL
1722,2025-04-09 14:45:00+05:30,944.45,944.9,941.95,943.5,45214,JSWSTEEL
1723,2025-04-09 15:00:00+05:30,943.5,946.7,942.0,946.05,161279,JSWSTEEL
1724,2025-04-09 15:15:00+05:30,946.05,950.0,945.95,950.0,124523,JSWSTEEL
1725,2025-04-11 09:15:00+05:30,972.45,981.75,968.35,976.45,314708,JSWSTEEL
1726,2025-04-11 09:30:00+05:30,976.5,990.55,976.5,990.5,290578,JSWSTEEL
1727,2025-04-11 09:45:00+05:30,990.5,993.5,983.1,985.25,319521,JSWSTEEL
1728,2025-04-11 10:00:00+05:30,985.0,988.5,982.25,983.35,166945,JSWSTEEL
1729,2025-04-11 10:15:00+05:30,983.75,986.5,980.0,980.6,184022,JSWSTEEL
1730,2025-04-11 10:30:00+05:30,980.55,984.65,980.1,982.8,117909,JSWSTEEL
1731,2025-04-11 10:45:00+05:30,982.65,987.85,981.5,987.35,79373,JSWSTEEL
1732,2025-04-11 11:00:00+05:30,987.3,989.0,984.8,986.9,75348,JSWSTEEL
1733,2025-04-11 11:15:00+05:30,986.6,991.75,985.5,990.25,96279,JSWSTEEL
1734,2025-04-11 11:30:00+05:30,990.05,993.8,989.8,991.25,118456,JSWSTEEL
1735,2025-04-11 11:45:00+05:30,991.4,992.0,988.35,989.55,101281,JSWSTEEL
1736,2025-04-11 12:00:00+05:30,989.4,994.65,989.3,994.65,100069,JSWSTEEL
1737,2025-04-11 12:15:00+05:30,994.45,997.0,993.2,995.1,123184,JSWSTEEL
1738,2025-04-11 12:30:00+05:30,995.05,996.9,991.8,994.35,127567,JSWSTEEL
1739,2025-04-11 12:45:00+05:30,994.35,995.2,991.45,991.75,70589,JSWSTEEL
1740,2025-04-11 13:00:00+05:30,991.6,995.25,991.4,993.75,78396,JSWSTEEL
1741,2025-04-11 13:15:00+05:30,993.4,995.15,991.9,993.65,73187,JSWSTEEL
1742,2025-04-11 13:30:00+05:30,993.5,994.3,990.3,992.8,96437,JSWSTEEL
1743,2025-04-11 13:45:00+05:30,992.8,992.8,989.55,990.3,108245,JSWSTEEL
1744,2025-04-11 14:00:00+05:30,990.25,990.25,985.25,986.95,148995,JSWSTEEL
1745,2025-04-11 14:15:00+05:30,987.2,987.5,985.0,985.55,107466,JSWSTEEL
1746,2025-04-11 14:30:00+05:30,985.5,989.4,985.4,989.4,119881,JSWSTEEL
1747,2025-04-11 14:45:00+05:30,989.4,991.7,988.65,990.0,129125,JSWSTEEL
1748,2025-04-11 15:00:00+05:30,990.0,991.75,989.45,990.7,220790,JSWSTEEL
1749,2025-04-11 15:15:00+05:30,990.7,993.0,988.7,992.7,270460,JSWSTEEL
1750,2025-04-15 09:15:00+05:30,1010.0,1010.0,1003.1,1005.9,167549,JSWSTEEL
1751,2025-04-15 09:30:00+05:30,1005.9,1009.6,1005.1,1007.4,71144,JSWSTEEL
1752,2025-04-15 09:45:00+05:30,1007.5,1012.7,1004.2,1012.3,69536,JSWSTEEL
1753,2025-04-15 10:00:00+05:30,1012.0,1015.7,1010.1,1010.9,61941,JSWSTEEL
1754,2025-04-15 10:15:00+05:30,1010.9,1014.5,1010.5,1011.0,38345,JSWSTEEL
1755,2025-04-15 10:30:00+05:30,1011.1,1011.7,1009.1,1010.7,23793,JSWSTEEL
1756,2025-04-15 10:45:00+05:30,1010.7,1011.5,1006.7,1007.8,26127,JSWSTEEL
1757,2025-04-15 11:00:00+05:30,1007.8,1007.8,1003.7,1004.5,23038,JSWSTEEL
1758,2025-04-15 11:15:00+05:30,1004.5,1006.6,1003.7,1005.5,41359,JSWSTEEL
1759,2025-04-15 11:30:00+05:30,1005.6,1005.9,1003.0,1003.0,30904,JSWSTEEL
1760,2025-04-15 11:45:00+05:30,1003.0,1005.2,1002.2,1005.2,30345,JSWSTEEL
1761,2025-04-15 12:00:00+05:30,1005.1,1007.4,1004.1,1006.7,26329,JSWSTEEL
1762,2025-04-15 12:15:00+05:30,1006.7,1008.1,1005.4,1006.1,29756,JSWSTEEL
1763,2025-04-15 12:30:00+05:30,1006.2,1008.0,1005.0,1005.5,23689,JSWSTEEL
1764,2025-04-15 12:45:00+05:30,1005.5,1006.5,1004.5,1005.7,23357,JSWSTEEL
1765,2025-04-15 13:00:00+05:30,1005.7,1006.9,1004.3,1005.2,22044,JSWSTEEL
1766,2025-04-15 13:15:00+05:30,1005.3,1005.8,1003.9,1005.5,18454,JSWSTEEL
1767,2025-04-15 13:30:00+05:30,1005.4,1005.5,1003.1,1004.9,21426,JSWSTEEL
1768,2025-04-15 13:45:00+05:30,1004.7,1005.1,1003.3,1004.3,24327,JSWSTEEL
1769,2025-04-15 14:00:00+05:30,1004.3,1005.4,1003.7,1005.1,20110,JSWSTEEL
1770,2025-04-15 14:15:00+05:30,1005.1,1007.8,1005.1,1006.6,23988,JSWSTEEL
1771,2025-04-15 14:30:00+05:30,1006.6,1006.6,1004.2,1005.1,30683,JSWSTEEL
1772,2025-04-15 14:45:00+05:30,1005.1,1006.4,1005.0,1005.1,28081,JSWSTEEL
1773,2025-04-15 15:00:00+05:30,1005.3,1009.0,1005.1,1008.4,159975,JSWSTEEL
1774,2025-04-15 15:15:00+05:30,1008.6,1010.7,1007.0,1010.3,250943,JSWSTEEL
1775,2025-04-16 09:15:00+05:30,1003.0,1007.3,1000.8,1002.4,93128,JSWSTEEL
1776,2025-04-16 09:30:00+05:30,1002.9,1003.0,998.3,1001.5,56562,JSWSTEEL
1777,2025-04-16 09:45:00+05:30,1002.0,1002.8,1001.0,1001.2,29041,JSWSTEEL
1778,2025-04-16 10:00:00+05:30,1001.6,1001.6,998.0,998.5,64665,JSWSTEEL
1779,2025-04-16 10:15:00+05:30,998.6,998.6,994.0,995.7,99735,JSWSTEEL
1780,2025-04-16 10:30:00+05:30,995.6,996.6,992.1,996.2,108272,JSWSTEEL
1781,2025-04-16 10:45:00+05:30,995.9,997.8,994.2,994.6,45274,JSWSTEEL
1782,2025-04-16 11:00:00+05:30,994.6,996.0,992.2,995.8,42515,JSWSTEEL
1783,2025-04-16 11:15:00+05:30,995.8,998.5,995.7,997.2,35520,JSWSTEEL
1784,2025-04-16 11:30:00+05:30,997.1,998.0,994.7,996.4,26828,JSWSTEEL
1785,2025-04-16 11:45:00+05:30,996.2,997.8,995.7,996.2,23914,JSWSTEEL
1786,2025-04-16 12:00:00+05:30,996.2,997.6,995.4,996.1,14261,JSWSTEEL
1787,2025-04-16 12:15:00+05:30,996.1,999.0,996.0,998.4,19628,JSWSTEEL
1788,2025-04-16 12:30:00+05:30,998.4,999.4,997.5,999.2,17128,JSWSTEEL
1789,2025-04-16 12:45:00+05:30,999.2,1001.2,998.5,999.8,29100,JSWSTEEL
1790,2025-04-16 13:00:00+05:30,999.8,999.9,996.2,997.8,21769,JSWSTEEL
1791,2025-04-16 13:15:00+05:30,997.8,998.0,993.6,994.4,54771,JSWSTEEL
1792,2025-04-16 13:30:00+05:30,994.4,995.8,994.1,995.7,18850,JSWSTEEL
1793,2025-04-16 13:45:00+05:30,995.5,1003.8,993.9,1002.7,62092,JSWSTEEL
1794,2025-04-16 14:00:00+05:30,1002.7,1012.9,1002.6,1012.1,100555,JSWSTEEL
1795,2025-04-16 14:15:00+05:30,1012.0,1015.1,1010.0,1011.2,70138,JSWSTEEL
1796,2025-04-16 14:30:00+05:30,1011.2,1011.3,1007.6,1011.2,40998,JSWSTEEL
1797,2025-04-16 14:45:00+05:30,1011.2,1012.2,1009.5,1010.3,40768,JSWSTEEL
1798,2025-04-16 15:00:00+05:30,1010.3,1010.6,1008.2,1008.4,59564,JSWSTEEL
1799,2025-04-16 15:15:00+05:30,1008.8,1010.6,1008.0,1010.1,104085,JSWSTEEL
1800,2025-04-17 09:15:00+05:30,996.0,1004.1,991.1,991.1,303277,JSWSTEEL
1801,2025-04-17 09:30:00+05:30,991.2,994.7,987.1,993.8,163513,JSWSTEEL
1802,2025-04-17 09:45:00+05:30,993.3,995.3,992.4,992.5,52554,JSWSTEEL
1803,2025-04-17 10:00:00+05:30,993.0,993.8,989.0,989.2,46526,JSWSTEEL
1804,2025-04-17 10:15:00+05:30,989.1,995.0,989.0,993.1,63819,JSWSTEEL
1805,2025-04-17 10:30:00+05:30,993.1,997.4,992.5,995.0,74783,JSWSTEEL
1806,2025-04-17 10:45:00+05:30,994.9,997.2,993.0,993.4,35386,JSWSTEEL
1807,2025-04-17 11:00:00+05:30,993.5,995.4,989.2,995.4,62401,JSWSTEEL
1808,2025-04-17 11:15:00+05:30,995.4,999.9,994.8,999.8,81905,JSWSTEEL
1809,2025-04-17 11:30:00+05:30,999.2,1004.5,999.1,1003.2,104750,JSWSTEEL
1810,2025-04-17 11:45:00+05:30,1003.1,1004.8,998.9,1001.1,56691,JSWSTEEL
1811,2025-04-17 12:00:00+05:30,1000.8,1002.9,998.5,1001.4,55127,JSWSTEEL
1812,2025-04-17 12:15:00+05:30,1001.5,1003.0,998.7,1002.1,53742,JSWSTEEL
1813,2025-04-17 12:30:00+05:30,1001.9,1004.9,1000.4,1003.0,57257,JSWSTEEL
1814,2025-04-17 12:45:00+05:30,1002.7,1005.3,1001.6,1004.0,62915,JSWSTEEL
1815,2025-04-17 13:00:00+05:30,1003.9,1007.3,1002.5,1006.9,60109,JSWSTEEL
1816,2025-04-17 13:15:00+05:30,1006.9,1007.7,1004.5,1005.4,62750,JSWSTEEL
1817,2025-04-17 13:30:00+05:30,1005.4,1006.0,1002.1,1004.3,85981,JSWSTEEL
1818,2025-04-17 13:45:00+05:30,1004.4,1006.2,1002.6,1003.5,71649,JSWSTEEL
1819,2025-04-17 14:00:00+05:30,1003.5,1005.7,1002.7,1002.8,54786,JSWSTEEL
1820,2025-04-17 14:15:00+05:30,1002.8,1005.3,1001.4,1003.9,58935,JSWSTEEL
1821,2025-04-17 14:30:00+05:30,1004.0,1008.4,1003.6,1006.9,85692,JSWSTEEL
1822,2025-04-17 14:45:00+05:30,1006.8,1007.9,1005.1,1006.3,51509,JSWSTEEL
1823,2025-04-17 15:00:00+05:30,1006.3,1008.0,1005.7,1006.2,98357,JSWSTEEL
1824,2025-04-17 15:15:00+05:30,1006.1,1008.6,1005.7,1008.0,166977,JSWSTEEL
1825,2025-04-21 09:15:00+05:30,1001.0,1013.9,1000.5,1013.8,109344,JSWSTEEL
1826,2025-04-21 09:30:00+05:30,1013.4,1016.2,1011.3,1016.0,74016,JSWSTEEL
1827,2025-04-21 09:45:00+05:30,1016.2,1022.0,1015.7,1017.9,100826,JSWSTEEL
1828,2025-04-21 10:00:00+05:30,1018.4,1021.7,1018.3,1021.0,42814,JSWSTEEL
1829,2025-04-21 10:15:00+05:30,1021.3,1029.0,1020.0,1028.8,91735,JSWSTEEL
1830,2025-04-21 10:30:00+05:30,1028.2,1031.0,1027.4,1030.8,84098,JSWSTEEL
1831,2025-04-21 10:45:00+05:30,1030.9,1034.2,1030.0,1034.2,54859,JSWSTEEL
1832,2025-04-21 11:00:00+05:30,1033.7,1038.0,1033.7,1037.9,68058,JSWSTEEL
1833,2025-04-21 11:15:00+05:30,1038.09,1043.8,1037.8,1040.8,84558,JSWSTEEL
1834,2025-04-21 11:30:00+05:30,1041.2,1041.2,1036.4,1038.5,47557,JSWSTEEL
1835,2025-04-21 11:45:00+05:30,1038.5,1039.0,1035.3,1037.09,27197,JSWSTEEL
1836,2025-04-21 12:00:00+05:30,1037.09,1037.09,1033.3,1034.4,27428,JSWSTEEL
1837,2025-04-21 12:15:00+05:30,1034.2,1038.7,1034.2,1037.4,26592,JSWSTEEL
1838,2025-04-21 12:30:00+05:30,1037.4,1038.5,1034.0,1034.2,18889,JSWSTEEL
1839,2025-04-21 12:45:00+05:30,1034.3,1035.5,1033.09,1033.09,14880,JSWSTEEL
1840,2025-04-21 13:00:00+05:30,1033.59,1034.5,1031.3,1031.5,31818,JSWSTEEL
1841,2025-04-21 13:15:00+05:30,1031.3,1038.2,1030.4,1037.09,72011,JSWSTEEL
1842,2025-04-21 13:30:00+05:30,1037.09,1039.0,1031.0,1031.5,56035,JSWSTEEL
1843,2025-04-21 13:45:00+05:30,1031.4,1034.3,1031.0,1031.2,28703,JSWSTEEL
1844,2025-04-21 14:00:00+05:30,1031.0,1032.9,1031.0,1032.5,29163,JSWSTEEL
1845,2025-04-21 14:15:00+05:30,1032.09,1033.59,1031.0,1032.59,17558,JSWSTEEL
1846,2025-04-21 14:30:00+05:30,1032.09,1032.9,1031.09,1032.3,22110,JSWSTEEL
1847,2025-04-21 14:45:00+05:30,1032.3,1034.4,1031.4,1032.7,28153,JSWSTEEL
1848,2025-04-21 15:00:00+05:30,1032.7,1032.7,1030.0,1030.2,35098,JSWSTEEL
1849,2025-04-21 15:15:00+05:30,1030.09,1039.7,1029.8,1037.5,150730,JSWSTEEL
1850,2025-04-22 09:15:00+05:30,1060.0,1060.4,1038.0,1038.09,702377,JSWSTEEL
1851,2025-04-22 09:30:00+05:30,1038.9,1042.8,1037.0,1040.0,142765,JSWSTEEL
1852,2025-04-22 09:45:00+05:30,1039.7,1043.8,1038.0,1040.59,115036,JSWSTEEL
1853,2025-04-22 10:00:00+05:30,1040.8,1045.5,1039.7,1045.4,205700,JSWSTEEL
1854,2025-04-22 10:15:00+05:30,1045.4,1047.7,1045.0,1046.0,77462,JSWSTEEL
1855,2025-04-22 10:30:00+05:30,1046.0,1047.7,1044.09,1045.5,53013,JSWSTEEL
1856,2025-04-22 10:45:00+05:30,1045.5,1046.7,1045.0,1046.2,32858,JSWSTEEL
1857,2025-04-22 11:00:00+05:30,1045.9,1049.3,1045.2,1048.9,53023,JSWSTEEL
1858,2025-04-22 11:15:00+05:30,1048.9,1049.09,1046.09,1047.0,41757,JSWSTEEL
1859,2025-04-22 11:30:00+05:30,1047.3,1050.0,1046.5,1049.0,69411,JSWSTEEL
1860,2025-04-22 11:45:00+05:30,1049.4,1049.5,1048.09,1049.5,21411,JSWSTEEL
1861,2025-04-22 12:00:00+05:30,1049.2,1049.5,1046.7,1048.2,21774,JSWSTEEL
1862,2025-04-22 12:15:00+05:30,1048.0,1049.4,1047.2,1048.0,25618,JSWSTEEL
1863,2025-04-22 12:30:00+05:30,1048.2,1048.3,1044.7,1045.09,94302,JSWSTEEL
1864,2025-04-22 12:45:00+05:30,1045.2,1045.59,1040.2,1040.9,54674,JSWSTEEL
1865,2025-04-22 13:00:00+05:30,1041.0,1044.0,1040.0,1043.2,42669,JSWSTEEL
1866,2025-04-22 13:15:00+05:30,1043.2,1044.3,1042.4,1043.0,22148,JSWSTEEL
1867,2025-04-22 13:30:00+05:30,1043.0,1045.7,1042.3,1045.7,18107,JSWSTEEL
1868,2025-04-22 13:45:00+05:30,1045.7,1046.8,1043.59,1045.2,30213,JSWSTEEL
1869,2025-04-22 14:00:00+05:30,1045.4,1046.8,1044.8,1045.9,15114,JSWSTEEL
1870,2025-04-22 14:15:00+05:30,1045.9,1046.5,1045.3,1046.09,17605,JSWSTEEL
1871,2025-04-22 14:30:00+05:30,1046.2,1048.5,1045.2,1047.4,40885,JSWSTEEL
1872,2025-04-22 14:45:00+05:30,1047.8,1047.9,1043.5,1044.2,36426,JSWSTEEL
1873,2025-04-22 15:00:00+05:30,1044.2,1044.59,1041.5,1043.8,68910,JSWSTEEL
1874,2025-04-22 15:15:00+05:30,1043.8,1049.09,1040.0,1044.9,149091,JSWSTEEL
1875,2025-04-23 09:15:00+05:30,1051.0,1053.9,1043.59,1043.59,77251,JSWSTEEL
1876,2025-04-23 09:30:00+05:30,1043.8,1044.2,1037.8,1041.2,51785,JSWSTEEL
1877,2025-04-23 09:45:00+05:30,1041.3,1042.7,1037.09,1037.5,28550,JSWSTEEL
1878,2025-04-23 10:00:00+05:30,1038.0,1038.9,1033.3,1033.3,38532,JSWSTEEL
1879,2025-04-23 10:15:00+05:30,1033.7,1036.7,1033.3,1035.4,22392,JSWSTEEL
1880,2025-04-23 10:30:00+05:30,1035.8,1035.8,1030.4,1031.2,38745,JSWSTEEL
1881,2025-04-23 10:45:00+05:30,1030.8,1032.4,1028.5,1031.3,31004,JSWSTEEL
1882,2025-04-23 11:00:00+05:30,1031.3,1034.9,1030.8,1033.59,21483,JSWSTEEL
1883,2025-04-23 11:15:00+05:30,1034.0,1035.09,1032.0,1032.3,22557,JSWSTEEL
1884,2025-04-23 11:30:00+05:30,1032.5,1035.0,1032.2,1034.09,9006,JSWSTEEL
1885,2025-04-23 11:45:00+05:30,1034.59,1040.2,1033.3,1033.3,105115,JSWSTEEL
1886,2025-04-23 12:00:00+05:30,1033.2,1036.2,1032.7,1035.3,28796,JSWSTEEL
1887,2025-04-23 12:15:00+05:30,1035.3,1036.7,1034.7,1034.9,9510,JSWSTEEL
1888,2025-04-23 12:30:00+05:30,1035.2,1036.7,1035.0,1036.09,9092,JSWSTEEL
1889,2025-04-23 12:45:00+05:30,1036.5,1036.7,1034.0,1036.7,18959,JSWSTEEL
1890,2025-04-23 13:00:00+05:30,1036.7,1039.09,1035.09,1036.4,18282,JSWSTEEL
1891,2025-04-23 13:15:00+05:30,1036.2,1036.9,1035.5,1036.3,10306,JSWSTEEL
1892,2025-04-23 13:30:00+05:30,1036.7,1036.9,1034.5,1036.5,5876,JSWSTEEL
1893,2025-04-23 13:45:00+05:30,1036.3,1039.7,1036.2,1038.09,20409,JSWSTEEL
1894,2025-04-23 14:00:00+05:30,1038.09,1042.9,1037.5,1040.59,36481,JSWSTEEL
1895,2025-04-23 14:15:00+05:30,1041.09,1041.09,1037.2,1038.2,11019,JSWSTEEL
1896,2025-04-23 14:30:00+05:30,1038.2,1039.59,1035.4,1036.8,33902,JSWSTEEL
1897,2025-04-23 14:45:00+05:30,1036.7,1039.8,1036.5,1038.9,24504,JSWSTEEL
1898,2025-04-23 15:00:00+05:30,1038.5,1041.5,1038.5,1039.5,102929,JSWSTEEL
1899,2025-04-23 15:15:00+05:30,1039.5,1040.5,1034.2,1035.7,115731,JSWSTEEL
1900,2025-04-24 09:15:00+05:30,1035.5,1038.09,1030.59,1032.59,83546,JSWSTEEL
1901,2025-04-24 09:30:00+05:30,1033.0,1038.2,1032.3,1036.0,44246,JSWSTEEL
1902,2025-04-24 09:45:00+05:30,1036.4,1039.7,1033.4,1037.0,33279,JSWSTEEL
1903,2025-04-24 10:00:00+05:30,1036.9,1037.5,1033.09,1033.4,28418,JSWSTEEL
1904,2025-04-24 10:15:00+05:30,1033.5,1034.7,1033.0,1034.4,13603,JSWSTEEL
1905,2025-04-24 10:30:00+05:30,1034.0,1034.2,1031.09,1031.8,18320,JSWSTEEL
1906,2025-04-24 10:45:00+05:30,1031.59,1036.0,1031.5,1035.0,34309,JSWSTEEL
1907,2025-04-24 11:00:00+05:30,1035.0,1035.4,1033.0,1033.5,18397,JSWSTEEL
1908,2025-04-24 11:15:00+05:30,1033.9,1034.5,1029.5,1032.59,45083,JSWSTEEL
1909,2025-04-24 11:30:00+05:30,1032.4,1034.59,1032.0,1033.9,17403,JSWSTEEL
1910,2025-04-24 11:45:00+05:30,1034.09,1035.0,1033.3,1033.5,20801,JSWSTEEL
1911,2025-04-24 12:00:00+05:30,1033.8,1037.59,1033.59,1036.4,58512,JSWSTEEL
1912,2025-04-24 12:15:00+05:30,1036.2,1040.4,1036.0,1039.59,63198,JSWSTEEL
1913,2025-04-24 12:30:00+05:30,1039.09,1041.7,1038.59,1041.2,28031,JSWSTEEL
1914,2025-04-24 12:45:00+05:30,1041.09,1043.59,1040.9,1042.9,33332,JSWSTEEL
1915,2025-04-24 13:00:00+05:30,1042.3,1042.8,1037.0,1037.8,64538,JSWSTEEL
1916,2025-04-24 13:15:00+05:30,1037.9,1040.59,1037.4,1039.7,55522,JSWSTEEL
1917,2025-04-24 13:30:00+05:30,1039.7,1040.7,1038.09,1039.3,43841,JSWSTEEL
1918,2025-04-24 13:45:00+05:30,1039.3,1042.9,1039.0,1042.5,64637,JSWSTEEL
1919,2025-04-24 14:00:00+05:30,1042.9,1044.2,1042.2,1042.7,24190,JSWSTEEL
1920,2025-04-24 14:15:00+05:30,1042.9,1045.59,1042.59,1044.2,31766,JSWSTEEL
1921,2025-04-24 14:30:00+05:30,1044.4,1044.59,1042.9,1043.4,34008,JSWSTEEL
1922,2025-04-24 14:45:00+05:30,1043.3,1043.8,1041.7,1042.7,34069,JSWSTEEL
1923,2025-04-24 15:00:00+05:30,1042.7,1046.3,1042.7,1043.9,173558,JSWSTEEL
1924,2025-04-24 15:15:00+05:30,1043.8,1047.5,1043.09,1044.0,174791,JSWSTEEL
1925,2025-04-25 09:15:00+05:30,1050.0,1056.9,1044.0,1054.9,157505,JSWSTEEL
1926,2025-04-25 09:30:00+05:30,1055.2,1055.5,1044.9,1045.0,130617,JSWSTEEL
1927,2025-04-25 09:45:00+05:30,1045.09,1046.3,1037.3,1038.8,87751,JSWSTEEL
1928,2025-04-25 10:00:00+05:30,1039.0,1039.09,1028.09,1030.5,148245,JSWSTEEL
1929,2025-04-25 10:15:00+05:30,1030.59,1033.0,1024.0,1024.59,78810,JSWSTEEL
1930,2025-04-25 10:30:00+05:30,1024.9,1028.59,1024.2,1025.8,71669,JSWSTEEL
1931,2025-04-25 10:45:00+05:30,1025.7,1026.0,1020.5,1022.5,133238,JSWSTEEL
1932,2025-04-25 11:00:00+05:30,1022.7,1023.8,1019.0,1020.7,188479,JSWSTEEL
1933,2025-04-25 11:15:00+05:30,1020.8,1022.0,1018.4,1020.9,160917,JSWSTEEL
1934,2025-04-25 11:30:00+05:30,1020.9,1022.3,1020.1,1021.3,298240,JSWSTEEL
1935,2025-04-25 11:45:00+05:30,1020.8,1021.1,1017.6,1020.6,59987,JSWSTEEL
1936,2025-04-25 12:00:00+05:30,1020.3,1026.5,1019.8,1025.9,42317,JSWSTEEL
1937,2025-04-25 12:15:00+05:30,1025.9,1029.0,1023.1,1024.4,84636,JSWSTEEL
1938,2025-04-25 12:30:00+05:30,1024.5,1029.0,1024.4,1026.4,160719,JSWSTEEL
1939,2025-04-25 12:45:00+05:30,1026.4,1030.9,1026.3,1030.3,34526,JSWSTEEL
1940,2025-04-25 13:00:00+05:30,1030.3,1031.7,1028.0,1031.0,19188,JSWSTEEL
1941,2025-04-25 13:15:00+05:30,1031.0,1031.9,1027.59,1028.2,72159,JSWSTEEL
1942,2025-04-25 13:30:00+05:30,1028.7,1033.4,1028.2,1032.0,67770,JSWSTEEL
1943,2025-04-25 13:45:00+05:30,1032.2,1032.2,1028.3,1031.3,186760,JSWSTEEL
1944,2025-04-25 14:00:00+05:30,1031.3,1031.4,1025.7,1027.8,86528,JSWSTEEL
1945,2025-04-25 14:15:00+05:30,1027.59,1033.09,1027.4,1031.5,26381,JSWSTEEL
1946,2025-04-25 14:30:00+05:30,1031.8,1031.9,1028.3,1029.4,27787,JSWSTEEL
1947,2025-04-25 14:45:00+05:30,1029.4,1029.5,1023.5,1027.0,73761,JSWSTEEL
1948,2025-04-25 15:00:00+05:30,1026.9,1030.8,1026.4,1029.0,170638,JSWSTEEL
1949,2025-04-25 15:15:00+05:30,1028.7,1032.0,1021.4,1021.4,212824,JSWSTEEL
1950,2025-04-28 09:15:00+05:30,1021.4,1033.2,1019.2,1031.2,87421,JSWSTEEL
1951,2025-04-28 09:30:00+05:30,1031.8,1036.5,1030.2,1033.8,47805,JSWSTEEL
1952,2025-04-28 09:45:00+05:30,1034.2,1039.0,1034.0,1039.0,28829,JSWSTEEL
1953,2025-04-28 10:00:00+05:30,1038.59,1044.3,1038.3,1043.8,34935,JSWSTEEL
1954,2025-04-28 10:15:00+05:30,1043.4,1047.0,1043.09,1046.59,53442,JSWSTEEL
1955,2025-04-28 10:30:00+05:30,1046.59,1048.09,1045.8,1047.0,24610,JSWSTEEL
1956,2025-04-28 10:45:00+05:30,1047.3,1050.0,1047.0,1049.09,36229,JSWSTEEL
1957,2025-04-28 11:00:00+05:30,1049.09,1050.9,1046.09,1047.5,50837,JSWSTEEL
1958,2025-04-28 11:15:00+05:30,1047.3,1054.5,1046.09,1054.0,58450,JSWSTEEL
1959,2025-04-28 11:30:00+05:30,1054.2,1057.5,1052.5,1055.3,51396,JSWSTEEL
1960,2025-04-28 11:45:00+05:30,1055.3,1056.8,1054.09,1055.8,32556,JSWSTEEL
1961,2025-04-28 12:00:00+05:30,1055.8,1058.59,1055.2,1056.5,58051,JSWSTEEL
1962,2025-04-28 12:15:00+05:30,1056.8,1056.9,1052.4,1054.3,101497,JSWSTEEL
1963,2025-04-28 12:30:00+05:30,1054.3,1055.0,1052.9,1052.9,34880,JSWSTEEL
1964,2025-04-28 12:45:00+05:30,1053.4,1055.5,1052.9,1054.59,33817,JSWSTEEL
1965,2025-04-28 13:00:00+05:30,1055.0,1057.59,1052.09,1056.8,93775,JSWSTEEL
1966,2025-04-28 13:15:00+05:30,1057.4,1058.7,1052.0,1052.2,50969,JSWSTEEL
1967,2025-04-28 13:30:00+05:30,1052.2,1053.8,1050.9,1053.0,27020,JSWSTEEL
1968,2025-04-28 13:45:00+05:30,1053.4,1054.9,1051.9,1053.5,28224,JSWSTEEL
1969,2025-04-28 14:00:00+05:30,1054.0,1055.0,1051.9,1055.0,53073,JSWSTEEL
1970,2025-04-28 14:15:00+05:30,1055.0,1055.0,1052.7,1053.9,52950,JSWSTEEL
1971,2025-04-28 14:30:00+05:30,1054.0,1054.0,1048.5,1049.5,108448,JSWSTEEL
1972,2025-04-28 14:45:00+05:30,1049.5,1052.8,1048.8,1051.5,94270,JSWSTEEL
1973,2025-04-28 15:00:00+05:30,1051.9,1054.5,1049.9,1054.2,116786,JSWSTEEL
1974,2025-04-28 15:15:00+05:30,1054.5,1058.9,1053.9,1058.3,124269,JSWSTEEL
1975,2025-04-29 09:15:00+05:30,1055.0,1059.59,1053.4,1055.8,59943,JSWSTEEL
1976,2025-04-29 09:30:00+05:30,1055.7,1059.0,1050.5,1052.09,36078,JSWSTEEL
1977,2025-04-29 09:45:00+05:30,1052.09,1058.5,1049.09,1057.09,32599,JSWSTEEL
1978,2025-04-29 10:00:00+05:30,1057.4,1059.09,1055.59,1057.0,31219,JSWSTEEL
1979,2025-04-29 10:15:00+05:30,1057.09,1057.09,1052.7,1053.5,20946,JSWSTEEL
1980,2025-04-29 10:30:00+05:30,1053.5,1057.9,1051.09,1056.7,52274,JSWSTEEL
1981,2025-04-29 10:45:00+05:30,1056.9,1061.0,1055.9,1059.2,72106,JSWSTEEL
1982,2025-04-29 11:00:00+05:30,1058.59,1061.59,1057.4,1057.7,80022,JSWSTEEL
1983,2025-04-29 11:15:00+05:30,1058.09,1058.9,1054.0,1054.8,37927,JSWSTEEL
1984,2025-04-29 11:30:00+05:30,1054.2,1054.5,1050.0,1051.0,57769,JSWSTEEL
1985,2025-04-29 11:45:00+05:30,1051.0,1051.0,1043.09,1044.2,60025,JSWSTEEL
1986,2025-04-29 12:00:00+05:30,1044.09,1045.7,1041.3,1043.2,39339,JSWSTEEL
1987,2025-04-29 12:15:00+05:30,1043.59,1044.4,1039.0,1042.2,45040,JSWSTEEL
1988,2025-04-29 12:30:00+05:30,1042.2,1045.2,1042.0,1044.4,28402,JSWSTEEL
1989,2025-04-29 12:45:00+05:30,1044.4,1046.09,1042.4,1043.0,27305,JSWSTEEL
1990,2025-04-29 13:00:00+05:30,1043.2,1043.59,1040.5,1042.8,23588,JSWSTEEL
1991,2025-04-29 13:15:00+05:30,1042.7,1044.9,1042.3,1042.59,25855,JSWSTEEL
1992,2025-04-29 13:30:00+05:30,1042.9,1043.5,1039.3,1040.09,29055,JSWSTEEL
1993,2025-04-29 13:45:00+05:30,1039.59,1040.4,1036.2,1037.59,32377,JSWSTEEL
1994,2025-04-29 14:00:00+05:30,1037.59,1042.3,1036.4,1041.2,43947,JSWSTEEL
1995,2025-04-29 14:15:00+05:30,1041.2,1043.9,1040.9,1041.8,42760,JSWSTEEL
1996,2025-04-29 14:30:00+05:30,1041.59,1043.4,1040.09,1043.3,36608,JSWSTEEL
1997,2025-04-29 14:45:00+05:30,1043.2,1043.4,1038.8,1039.2,48782,JSWSTEEL
1998,2025-04-29 15:00:00+05:30,1038.9,1039.09,1034.9,1035.5,120450,JSWSTEEL
1999,2025-04-29 15:15:00+05:30,1035.5,1039.9,1034.09,1035.8,120199,JSWSTEEL
2000,2025-04-30 09:15:00+05:30,1030.0,1040.0,1027.0,1038.4,84119,JSWSTEEL
2001,2025-04-30 09:30:00+05:30,1038.59,1041.09,1037.2,1038.7,28206,JSWSTEEL
2002,2025-04-30 09:45:00+05:30,1039.2,1042.3,1038.8,1041.0,15544,JSWSTEEL
2003,2025-04-30 10:00:00+05:30,1041.3,1042.0,1038.7,1039.59,15332,JSWSTEEL
2004,2025-04-30 10:15:00+05:30,1039.7,1040.4,1038.09,1039.2,9598,JSWSTEEL
2005,2025-04-30 10:30:00+05:30,1039.9,1040.0,1035.3,1036.0,19772,JSWSTEEL
2006,2025-04-30 10:45:00+05:30,1036.0,1036.8,1031.5,1032.8,76642,JSWSTEEL
2007,2025-04-30 11:00:00+05:30,1033.0,1033.9,1031.0,1031.7,92905,JSWSTEEL
2008,2025-04-30 11:15:00+05:30,1031.9,1032.9,1030.4,1030.5,46962,JSWSTEEL
2009,2025-04-30 11:30:00+05:30,1031.2,1033.09,1030.3,1032.59,31359,JSWSTEEL
2010,2025-04-30 11:45:00+05:30,1032.7,1035.0,1029.9,1032.9,53243,JSWSTEEL
2011,2025-04-30 12:00:00+05:30,1033.0,1034.9,1032.9,1033.3,11866,JSWSTEEL
2012,2025-04-30 12:15:00+05:30,1033.7,1035.0,1033.0,1033.0,11545,JSWSTEEL
2013,2025-04-30 12:30:00+05:30,1033.09,1034.09,1031.9,1033.09,11313,JSWSTEEL
2014,2025-04-30 12:45:00+05:30,1033.7,1034.4,1031.5,1031.7,12665,JSWSTEEL
2015,2025-04-30 13:00:00+05:30,1031.8,1032.5,1030.4,1032.0,9309,JSWSTEEL
2016,2025-04-30 13:15:00+05:30,1032.0,1033.0,1030.9,1032.7,22430,JSWSTEEL
2017,2025-04-30 13:30:00+05:30,1033.0,1033.7,1031.4,1032.2,21298,JSWSTEEL
2018,2025-04-30 13:45:00+05:30,1032.09,1032.8,1027.4,1031.4,60368,JSWSTEEL
2019,2025-04-30 14:00:00+05:30,1031.4,1032.2,1027.5,1028.0,32957,JSWSTEEL
2020,2025-04-30 14:15:00+05:30,1027.7,1030.3,1026.2,1030.0,27905,JSWSTEEL
2021,2025-04-30 14:30:00+05:30,1030.0,1031.7,1027.5,1029.7,34776,JSWSTEEL
2022,2025-04-30 14:45:00+05:30,1029.59,1031.59,1028.3,1030.59,50378,JSWSTEEL
2023,2025-04-30 15:00:00+05:30,1030.3,1034.59,1030.2,1032.5,227705,JSWSTEEL
2024,2025-04-30 15:15:00+05:30,1032.5,1033.8,1021.0,1025.09,743214,JSWSTEEL
2025,2025-05-02 09:15:00+05:30,1021.2,1028.4,1013.5,1025.59,156579,JSWSTEEL
2026,2025-05-02 09:30:00+05:30,1025.7,1032.59,1025.7,1032.09,59845,JSWSTEEL
2027,2025-05-02 09:45:00+05:30,1032.59,1037.0,1032.5,1036.09,63307,JSWSTEEL
2028,2025-05-02 10:00:00+05:30,1035.7,1036.7,1031.09,1033.4,41623,JSWSTEEL
2029,2025-05-02 10:15:00+05:30,1033.4,1033.9,1023.3,1023.5,67250,JSWSTEEL
2030,2025-05-02 10:30:00+05:30,1023.7,1023.9,1018.0,1018.5,96841,JSWSTEEL
2031,2025-05-02 10:45:00+05:30,1018.5,1019.7,1005.8,1006.8,128720,JSWSTEEL
2032,2025-05-02 11:00:00+05:30,1006.8,1008.4,1000.0,1003.8,203875,JSWSTEEL
2033,2025-05-02 11:15:00+05:30,1003.8,1005.0,970.0,988.4,1009594,JSWSTEEL
2034,2025-05-02 11:30:00+05:30,988.0,990.4,974.1,975.5,960768,JSWSTEEL
2035,2025-05-02 11:45:00+05:30,975.5,976.7,966.5,968.5,586421,JSWSTEEL
2036,2025-05-02 12:00:00+05:30,968.1,971.0,965.2,968.7,385083,JSWSTEEL
2037,2025-05-02 12:15:00+05:30,968.1,968.6,960.4,961.9,255766,JSWSTEEL
2038,2025-05-02 12:30:00+05:30,961.4,963.6,952.0,952.5,341608,JSWSTEEL
2039,2025-05-02 12:45:00+05:30,952.9,965.2,948.3,965.0,532619,JSWSTEEL
2040,2025-05-02 13:00:00+05:30,965.0,968.0,961.3,966.3,345619,JSWSTEEL
2041,2025-05-02 13:15:00+05:30,966.3,969.0,964.0,965.7,189135,JSWSTEEL
2042,2025-05-02 13:30:00+05:30,965.7,968.1,965.0,967.0,136380,JSWSTEEL
2043,2025-05-02 13:45:00+05:30,967.0,968.5,966.0,966.4,136283,JSWSTEEL
2044,2025-05-02 14:00:00+05:30,966.7,966.9,963.4,964.6,196806,JSWSTEEL
2045,2025-05-02 14:15:00+05:30,965.0,970.4,964.4,965.5,225456,JSWSTEEL
2046,2025-05-02 14:30:00+05:30,966.0,970.4,964.6,969.1,154604,JSWSTEEL
2047,2025-05-02 14:45:00+05:30,969.1,974.0,968.2,973.3,235133,JSWSTEEL
2048,2025-05-02 15:00:00+05:30,973.6,975.7,970.2,972.6,440685,JSWSTEEL
2049,2025-05-02 15:15:00+05:30,972.6,975.2,968.0,970.0,962153,JSWSTEEL
2050,2025-05-05 09:15:00+05:30,959.8,972.4,955.6,963.4,351825,JSWSTEEL
2051,2025-05-05 09:30:00+05:30,963.3,967.7,961.0,963.0,91442,JSWSTEEL
2052,2025-05-05 09:45:00+05:30,963.4,967.4,961.5,967.4,84773,JSWSTEEL
2053,2025-05-05 10:00:00+05:30,967.5,968.9,963.5,964.9,68881,JSWSTEEL
2054,2025-05-05 10:15:00+05:30,964.7,966.8,963.8,965.2,57084,JSWSTEEL
2055,2025-05-05 10:30:00+05:30,965.3,968.8,964.5,968.0,62981,JSWSTEEL
2056,2025-05-05 10:45:00+05:30,967.9,968.3,964.0,964.7,32591,JSWSTEEL
2057,2025-05-05 11:00:00+05:30,964.7,966.0,964.0,964.9,33526,JSWSTEEL
2058,2025-05-05 11:15:00+05:30,965.0,965.0,963.0,964.1,40092,JSWSTEEL
2059,2025-05-05 11:30:00+05:30,964.1,965.2,963.1,963.6,36928,JSWSTEEL
2060,2025-05-05 11:45:00+05:30,963.9,964.2,963.3,964.2,23788,JSWSTEEL
2061,2025-05-05 12:00:00+05:30,964.2,965.0,963.9,964.8,19900,JSWSTEEL
2062,2025-05-05 12:15:00+05:30,964.8,964.9,963.5,964.8,17196,JSWSTEEL
2063,2025-05-05 12:30:00+05:30,964.8,965.5,963.1,964.6,21731,JSWSTEEL
2064,2025-05-05 12:45:00+05:30,964.6,965.0,962.4,964.9,26911,JSWSTEEL
2065,2025-05-05 13:00:00+05:30,964.8,965.0,962.8,962.9,16635,JSWSTEEL
2066,2025-05-05 13:15:00+05:30,962.9,964.8,962.7,963.9,22542,JSWSTEEL
2067,2025-05-05 13:30:00+05:30,963.9,964.3,962.0,962.0,56512,JSWSTEEL
2068,2025-05-05 13:45:00+05:30,961.9,963.7,961.9,963.2,39055,JSWSTEEL
2069,2025-05-05 14:00:00+05:30,963.2,963.3,960.4,960.7,46962,JSWSTEEL
2070,2025-05-05 14:15:00+05:30,960.5,961.0,957.0,959.3,91003,JSWSTEEL
2071,2025-05-05 14:30:00+05:30,959.3,960.0,958.0,958.4,36885,JSWSTEEL
2072,2025-05-05 14:45:00+05:30,958.0,958.6,958.0,958.4,31092,JSWSTEEL
2073,2025-05-05 15:00:00+05:30,958.4,958.5,952.7,954.3,155857,JSWSTEEL
2074,2025-05-05 15:15:00+05:30,954.3,958.2,954.1,955.2,178439,JSWSTEEL
2075,2025-05-06 09:15:00+05:30,960.0,962.9,955.0,961.8,148877,JSWSTEEL
2076,2025-05-06 09:30:00+05:30,962.0,965.8,959.0,964.4,106348,JSWSTEEL
2077,2025-05-06 09:45:00+05:30,964.4,965.5,959.2,959.7,67324,JSWSTEEL
2078,2025-05-06 10:00:00+05:30,959.6,963.3,958.0,963.0,51113,JSWSTEEL
2079,2025-05-06 10:15:00+05:30,963.3,964.3,960.4,961.9,37257,JSWSTEEL
2080,2025-05-06 10:30:00+05:30,961.4,966.7,961.3,966.3,66756,JSWSTEEL
2081,2025-05-06 10:45:00+05:30,966.4,970.0,963.6,967.5,173243,JSWSTEEL
2082,2025-05-06 11:00:00+05:30,967.7,967.9,964.0,964.1,51299,JSWSTEEL
2083,2025-05-06 11:15:00+05:30,964.1,964.6,961.6,961.8,34602,JSWSTEEL
2084,2025-05-06 11:30:00+05:30,961.6,963.0,961.6,961.8,14993,JSWSTEEL
2085,2025-05-06 11:45:00+05:30,961.8,964.3,959.3,963.9,35864,JSWSTEEL
2086,2025-05-06 12:00:00+05:30,963.8,966.4,963.1,964.9,31060,JSWSTEEL
2087,2025-05-06 12:15:00+05:30,965.5,967.5,963.8,964.4,57008,JSWSTEEL
2088,2025-05-06 12:30:00+05:30,964.9,965.7,962.6,963.3,25885,JSWSTEEL
2089,2025-05-06 12:45:00+05:30,963.3,964.7,963.0,963.6,14767,JSWSTEEL
2090,2025-05-06 13:00:00+05:30,963.6,967.0,963.0,964.7,35891,JSWSTEEL
2091,2025-05-06 13:15:00+05:30,964.7,968.5,964.4,968.1,37301,JSWSTEEL
2092,2025-05-06 13:30:00+05:30,968.0,968.9,966.5,968.5,31864,JSWSTEEL
2093,2025-05-06 13:45:00+05:30,968.9,969.0,967.7,968.1,24876,JSWSTEEL
2094,2025-05-06 14:00:00+05:30,968.1,968.5,965.7,966.8,32797,JSWSTEEL
2095,2025-05-06 14:15:00+05:30,966.6,967.2,964.7,966.8,47407,JSWSTEEL
2096,2025-05-06 14:30:00+05:30,966.0,966.7,964.4,964.9,26468,JSWSTEEL
2097,2025-05-06 14:45:00+05:30,964.9,965.5,963.3,964.9,53560,JSWSTEEL
2098,2025-05-06 15:00:00+05:30,965.0,971.9,964.9,968.3,147777,JSWSTEEL
2099,2025-05-06 15:15:00+05:30,968.3,968.5,960.0,963.0,106215,JSWSTEEL
2100,2025-05-07 09:15:00+05:30,957.9,972.7,957.9,972.1,123408,JSWSTEEL
2101,2025-05-07 09:30:00+05:30,972.0,972.7,967.9,970.4,44576,JSWSTEEL
2102,2025-05-07 09:45:00+05:30,970.4,970.4,966.5,969.4,39061,JSWSTEEL
2103,2025-05-07 10:00:00+05:30,969.2,969.2,965.2,967.1,17473,JSWSTEEL
2104,2025-05-07 10:15:00+05:30,966.9,971.7,965.0,971.0,42085,JSWSTEEL
2105,2025-05-07 10:30:00+05:30,971.0,973.4,970.2,970.2,41706,JSWSTEEL
2106,2025-05-07 10:45:00+05:30,970.3,972.3,966.5,967.7,74158,JSWSTEEL
2107,2025-05-07 11:00:00+05:30,967.7,970.4,967.7,970.2,13088,JSWSTEEL
2108,2025-05-07 11:15:00+05:30,970.3,972.0,970.0,971.3,16302,JSWSTEEL
2109,2025-05-07 11:30:00+05:30,971.4,974.5,971.0,974.2,24229,JSWSTEEL
2110,2025-05-07 11:45:00+05:30,974.2,974.4,970.3,972.0,23886,JSWSTEEL
2111,2025-05-07 12:00:00+05:30,972.1,975.0,971.5,972.9,23525,JSWSTEEL
2112,2025-05-07 12:15:00+05:30,972.7,973.9,970.2,972.4,15366,JSWSTEEL
2113,2025-05-07 12:30:00+05:30,972.4,972.6,969.5,970.5,42543,JSWSTEEL
2114,2025-05-07 12:45:00+05:30,970.4,973.4,970.4,972.1,24200,JSWSTEEL
2115,2025-05-07 13:00:00+05:30,972.1,972.3,969.0,970.4,22667,JSWSTEEL
2116,2025-05-07 13:15:00+05:30,970.0,970.7,968.9,969.7,24596,JSWSTEEL
2117,2025-05-07 13:30:00+05:30,969.8,970.3,968.4,968.6,18992,JSWSTEEL
2118,2025-05-07 13:45:00+05:30,968.6,970.4,968.6,970.0,23149,JSWSTEEL
2119,2025-05-07 14:00:00+05:30,969.6,971.0,969.5,969.9,21615,JSWSTEEL
2120,2025-05-07 14:15:00+05:30,969.7,969.9,967.0,968.6,32099,JSWSTEEL
2121,2025-05-07 14:30:00+05:30,968.3,969.2,967.0,968.0,30205,JSWSTEEL
2122,2025-05-07 14:45:00+05:30,968.0,968.2,965.0,965.9,53049,JSWSTEEL
2123,2025-05-07 15:00:00+05:30,966.3,967.5,965.3,965.5,106874,JSWSTEEL
2124,2025-05-07 15:15:00+05:30,965.4,967.1,963.8,966.0,114675,JSWSTEEL
2125,2025-05-08 09:15:00+05:30,962.5,969.5,961.5,962.1,154391,JSWSTEEL
2126,2025-05-08 09:30:00+05:30,962.1,962.4,958.6,960.8,73286,JSWSTEEL
2127,2025-05-08 09:45:00+05:30,960.8,960.8,957.8,958.8,28610,JSWSTEEL
2128,2025-05-08 10:00:00+05:30,959.0,962.3,958.2,960.7,21929,JSWSTEEL
2129,2025-05-08 10:15:00+05:30,960.7,962.7,959.7,962.0,19046,JSWSTEEL
2130,2025-05-08 10:30:00+05:30,961.9,962.5,960.1,960.6,8684,JSWSTEEL
2131,2025-05-08 10:45:00+05:30,960.7,961.5,958.8,958.9,12803,JSWSTEEL
2132,2025-05-08 11:00:00+05:30,959.0,959.4,957.9,959.2,21332,JSWSTEEL
2133,2025-05-08 11:15:00+05:30,959.0,962.3,958.7,961.4,27755,JSWSTEEL
2134,2025-05-08 11:30:00+05:30,961.2,961.4,959.0,959.2,9520,JSWSTEEL
2135,2025-05-08 11:45:00+05:30,959.2,960.3,958.1,959.2,20094,JSWSTEEL
2136,2025-05-08 12:00:00+05:30,959.6,960.6,958.2,960.4,13688,JSWSTEEL
2137,2025-05-08 12:15:00+05:30,960.1,961.3,959.5,960.9,13915,JSWSTEEL
2138,2025-05-08 12:30:00+05:30,960.9,962.6,960.1,962.2,19727,JSWSTEEL
2139,2025-05-08 12:45:00+05:30,962.2,965.0,961.4,962.4,50545,JSWSTEEL
2140,2025-05-08 13:00:00+05:30,962.3,962.6,961.1,962.2,30408,JSWSTEEL
2141,2025-05-08 13:15:00+05:30,962.2,962.6,959.4,960.8,27417,JSWSTEEL
2142,2025-05-08 13:30:00+05:30,960.8,960.8,958.5,960.3,17882,JSWSTEEL
2143,2025-05-08 13:45:00+05:30,960.3,963.4,959.6,960.9,28804,JSWSTEEL
2144,2025-05-08 14:00:00+05:30,961.2,961.6,956.2,958.6,40082,JSWSTEEL
2145,2025-05-08 14:15:00+05:30,958.3,959.9,956.6,957.2,29661,JSWSTEEL
2146,2025-05-08 14:30:00+05:30,957.2,958.7,955.1,956.0,31283,JSWSTEEL
2147,2025-05-08 14:45:00+05:30,956.0,956.6,950.8,951.0,165657,JSWSTEEL
2148,2025-05-08 15:00:00+05:30,950.9,955.6,950.7,953.4,417776,JSWSTEEL
2149,2025-05-08 15:15:00+05:30,953.1,954.8,949.0,949.8,359633,JSWSTEEL
2150,2025-05-09 09:15:00+05:30,935.0,954.4,935.0,946.0,106837,JSWSTEEL
2151,2025-05-09 09:30:00+05:30,946.2,949.6,942.0,947.2,42166,JSWSTEEL
2152,2025-05-09 09:45:00+05:30,947.3,948.6,942.0,942.9,17341,JSWSTEEL
2153,2025-05-09 10:00:00+05:30,942.8,947.5,940.5,947.2,38545,JSWSTEEL
2154,2025-05-09 10:15:00+05:30,947.2,948.9,945.1,947.3,17779,JSWSTEEL
2155,2025-05-09 10:30:00+05:30,947.4,948.1,944.0,944.2,12924,JSWSTEEL
2156,2025-05-09 10:45:00+05:30,944.2,948.5,944.0,944.9,12217,JSWSTEEL
2157,2025-05-09 11:00:00+05:30,944.8,946.9,943.8,946.6,8532,JSWSTEEL
2158,2025-05-09 11:15:00+05:30,946.6,953.7,945.2,953.2,28493,JSWSTEEL
2159,2025-05-09 11:30:00+05:30,953.4,956.7,953.3,955.5,119397,JSWSTEEL
2160,2025-05-09 11:45:00+05:30,955.4,958.2,952.5,957.3,77606,JSWSTEEL
2161,2025-05-09 12:00:00+05:30,957.3,959.0,954.4,958.3,69436,JSWSTEEL
2162,2025-05-09 12:15:00+05:30,958.3,959.0,953.7,958.0,54369,JSWSTEEL
2163,2025-05-09 12:30:00+05:30,958.0,958.1,955.0,955.5,51953,JSWSTEEL
2164,2025-05-09 12:45:00+05:30,955.4,958.4,954.3,958.3,53852,JSWSTEEL
2165,2025-05-09 13:00:00+05:30,958.5,958.5,954.4,957.4,55641,JSWSTEEL
2166,2025-05-09 13:15:00+05:30,957.1,958.2,951.6,953.2,66198,JSWSTEEL
2167,2025-05-09 13:30:00+05:30,953.1,954.9,951.9,953.7,57266,JSWSTEEL
2168,2025-05-09 13:45:00+05:30,953.8,958.0,953.7,956.0,60916,JSWSTEEL
2169,2025-05-09 14:00:00+05:30,956.0,958.3,955.9,957.4,56883,JSWSTEEL
2170,2025-05-09 14:15:00+05:30,957.4,959.0,954.2,954.5,60152,JSWSTEEL
2171,2025-05-09 14:30:00+05:30,954.5,955.9,953.1,955.3,71274,JSWSTEEL
2172,2025-05-09 14:45:00+05:30,955.3,958.2,954.8,956.9,65857,JSWSTEEL
2173,2025-05-09 15:00:00+05:30,956.5,958.3,954.7,957.7,131632,JSWSTEEL
2174,2025-05-09 15:15:00+05:30,957.5,958.7,953.7,953.7,143041,JSWSTEEL
2175,2025-05-12 09:15:00+05:30,973.0,982.3,969.7,978.0,156633,JSWSTEEL
2176,2025-05-12 09:30:00+05:30,978.1,983.8,976.1,977.1,94096,JSWSTEEL
2177,2025-05-12 09:45:00+05:30,977.6,984.7,977.6,984.2,49540,JSWSTEEL
2178,2025-05-12 10:00:00+05:30,984.2,987.0,981.6,982.4,54434,JSWSTEEL
2179,2025-05-12 10:15:00+05:30,982.4,985.2,982.4,983.8,29261,JSWSTEEL
2180,2025-05-12 10:30:00+05:30,983.4,985.0,982.2,984.0,39661,JSWSTEEL
2181,2025-05-12 10:45:00+05:30,983.5,988.0,982.7,984.6,45522,JSWSTEEL
2182,2025-05-12 11:00:00+05:30,984.7,987.9,984.5,987.5,30293,JSWSTEEL
2183,2025-05-12 11:15:00+05:30,987.1,989.5,986.6,988.6,40055,JSWSTEEL
2184,2025-05-12 11:30:00+05:30,988.1,989.2,987.0,987.9,21963,JSWSTEEL
2185,2025-05-12 11:45:00+05:30,987.9,989.5,986.7,987.0,21428,JSWSTEEL
2186,2025-05-12 12:00:00+05:30,987.0,987.7,985.8,986.9,30925,JSWSTEEL
2187,2025-05-12 12:15:00+05:30,987.3,987.5,985.3,987.0,20032,JSWSTEEL
2188,2025-05-12 12:30:00+05:30,987.0,999.2,987.0,994.5,120219,JSWSTEEL
2189,2025-05-12 12:45:00+05:30,994.9,999.7,993.3,999.5,51457,JSWSTEEL
2190,2025-05-12 13:00:00+05:30,999.5,1002.0,998.1,1000.9,57641,JSWSTEEL
2191,2025-05-12 13:15:00+05:30,1000.6,1003.3,1000.1,1002.7,39902,JSWSTEEL
2192,2025-05-12 13:30:00+05:30,1002.8,1007.7,1001.3,1005.9,126246,JSWSTEEL
2193,2025-05-12 13:45:00+05:30,1005.7,1007.0,1004.5,1005.9,37962,JSWSTEEL
2194,2025-05-12 14:00:00+05:30,1005.9,1006.5,1003.8,1004.8,23687,JSWSTEEL
2195,2025-05-12 14:15:00+05:30,1005.2,1006.4,1003.3,1005.7,49465,JSWSTEEL
2196,2025-05-12 14:30:00+05:30,1005.4,1005.9,1001.7,1001.9,37244,JSWSTEEL
2197,2025-05-12 14:45:00+05:30,1001.6,1007.6,1001.1,1007.0,43647,JSWSTEEL
2198,2025-05-12 15:00:00+05:30,1006.8,1007.6,1004.2,1004.5,46835,JSWSTEEL
2199,2025-05-12 15:15:00+05:30,1004.5,1005.9,1003.0,1004.3,65921,JSWSTEEL
2200,2025-05-13 09:15:00+05:30,1005.2,1010.9,995.0,998.4,90982,JSWSTEEL
2201,2025-05-13 09:30:00+05:30,998.2,1003.3,996.1,998.3,36784,JSWSTEEL
2202,2025-05-13 09:45:00+05:30,998.8,999.6,996.0,997.1,17303,JSWSTEEL
2203,2025-05-13 10:00:00+05:30,997.0,1001.6,996.0,999.6,26533,JSWSTEEL
2204,2025-05-13 10:15:00+05:30,999.5,1000.0,996.2,996.2,16188,JSWSTEEL
2205,2025-05-13 10:30:00+05:30,996.2,996.5,993.0,994.1,28721,JSWSTEEL
2206,2025-05-13 10:45:00+05:30,994.1,995.0,992.2,994.4,23896,JSWSTEEL
2207,2025-05-13 11:00:00+05:30,993.6,995.0,990.1,991.9,26505,JSWSTEEL
2208,2025-05-13 11:15:00+05:30,992.0,993.5,990.8,992.9,23248,JSWSTEEL
2209,2025-05-13 11:30:00+05:30,992.5,993.4,990.5,991.6,13220,JSWSTEEL
2210,2025-05-13 11:45:00+05:30,991.1,994.5,991.1,994.4,11013,JSWSTEEL
2211,2025-05-13 12:00:00+05:30,994.5,1001.1,994.0,1000.5,39054,JSWSTEEL
2212,2025-05-13 12:15:00+05:30,1000.5,1002.0,998.9,999.3,19782,JSWSTEEL
2213,2025-05-13 12:30:00+05:30,999.4,999.6,995.2,996.6,24852,JSWSTEEL
2214,2025-05-13 12:45:00+05:30,996.6,998.7,993.8,995.3,40558,JSWSTEEL
2215,2025-05-13 13:00:00+05:30,995.3,995.9,992.9,994.3,32479,JSWSTEEL
2216,2025-05-13 13:15:00+05:30,994.6,994.9,992.1,992.3,30104,JSWSTEEL
2217,2025-05-13 13:30:00+05:30,992.3,993.9,992.0,993.4,27732,JSWSTEEL
2218,2025-05-13 13:45:00+05:30,993.4,994.2,990.2,990.9,33115,JSWSTEEL
2219,2025-05-13 14:00:00+05:30,990.7,992.2,990.0,990.2,35091,JSWSTEEL
2220,2025-05-13 14:15:00+05:30,990.2,991.7,988.1,991.0,42684,JSWSTEEL
2221,2025-05-13 14:30:00+05:30,990.5,993.2,989.4,992.1,40784,JSWSTEEL
2222,2025-05-13 14:45:00+05:30,992.1,993.3,989.6,991.2,36526,JSWSTEEL
2223,2025-05-13 15:00:00+05:30,991.0,991.8,988.2,988.7,102703,JSWSTEEL
2224,2025-05-13 15:15:00+05:30,988.7,991.1,988.4,989.4,113983,JSWSTEEL
2225,2025-05-14 09:15:00+05:30,995.2,1003.5,992.0,1002.9,131668,JSWSTEEL
2226,2025-05-14 09:30:00+05:30,1002.9,1006.5,1000.0,1006.5,71571,JSWSTEEL
2227,2025-05-14 09:45:00+05:30,1006.5,1008.5,1004.6,1006.2,88128,JSWSTEEL
2228,2025-05-14 10:00:00+05:30,1006.3,1008.5,1005.1,1008.4,33983,JSWSTEEL
2229,2025-05-14 10:15:00+05:30,1008.2,1012.1,1007.0,1008.0,103777,JSWSTEEL
2230,2025-05-14 10:30:00+05:30,1008.0,1008.4,1006.0,1007.0,23145,JSWSTEEL
2231,2025-05-14 10:45:00+05:30,1007.0,1007.5,1000.6,1000.9,82258,JSWSTEEL
2232,2025-05-14 11:00:00+05:30,1000.7,1001.7,999.9,1000.3,42191,JSWSTEEL
2233,2025-05-14 11:15:00+05:30,1000.4,1001.1,998.3,998.9,34813,JSWSTEEL
2234,2025-05-14 11:30:00+05:30,998.9,1000.0,998.1,998.8,20346,JSWSTEEL
2235,2025-05-14 11:45:00+05:30,998.3,998.8,994.1,995.0,50701,JSWSTEEL
2236,2025-05-14 12:00:00+05:30,995.0,997.4,994.9,997.3,42114,JSWSTEEL
2237,2025-05-14 12:15:00+05:30,997.0,998.5,996.6,998.1,11417,JSWSTEEL
2238,2025-05-14 12:30:00+05:30,998.1,998.3,992.3,994.2,32167,JSWSTEEL
2239,2025-05-14 12:45:00+05:30,994.2,994.3,989.2,989.7,47658,JSWSTEEL
2240,2025-05-14 13:00:00+05:30,990.0,991.2,989.1,989.8,163208,JSWSTEEL
2241,2025-05-14 13:15:00+05:30,989.8,991.0,988.8,989.9,49659,JSWSTEEL
2242,2025-05-14 13:30:00+05:30,989.9,992.9,988.9,989.3,104729,JSWSTEEL
2243,2025-05-14 13:45:00+05:30,989.3,993.0,988.8,992.2,53192,JSWSTEEL
2244,2025-05-14 14:00:00+05:30,991.9,992.3,990.5,991.9,64608,JSWSTEEL
2245,2025-05-14 14:15:00+05:30,991.9,993.8,990.4,991.0,46515,JSWSTEEL
2246,2025-05-14 14:30:00+05:30,990.9,991.3,987.0,988.8,82335,JSWSTEEL
2247,2025-05-14 14:45:00+05:30,988.8,989.9,988.0,989.1,25719,JSWSTEEL
2248,2025-05-14 15:00:00+05:30,989.5,990.0,988.1,988.8,79548,JSWSTEEL
2249,2025-05-14 15:15:00+05:30,989.3,991.7,988.2,989.7,162438,JSWSTEEL
2250,2025-05-15 09:15:00+05:30,993.0,1012.5,990.0,1010.5,478151,JSWSTEEL
2251,2025-05-15 09:30:00+05:30,1010.5,1016.4,1008.0,1009.2,407583,JSWSTEEL
2252,2025-05-15 09:45:00+05:30,1009.2,1016.0,1006.2,1014.0,311284,JSWSTEEL
2253,2025-05-15 10:00:00+05:30,1014.3,1018.2,1013.4,1017.9,227949,JSWSTEEL
2254,2025-05-15 10:15:00+05:30,1017.9,1020.0,1016.1,1018.9,180224,JSWSTEEL
2255,2025-05-15 10:30:00+05:30,1018.9,1028.4,1018.5,1027.8,332350,JSWSTEEL
2256,2025-05-15 10:45:00+05:30,1027.2,1027.8,1020.0,1026.09,284264,JSWSTEEL
2257,2025-05-15 11:00:00+05:30,1026.3,1026.3,1018.0,1019.0,214160,JSWSTEEL
2258,2025-05-15 11:15:00+05:30,1019.0,1022.5,1016.7,1019.0,110427,JSWSTEEL
2259,2025-05-15 11:30:00+05:30,1019.0,1019.4,1016.2,1017.6,64225,JSWSTEEL
2260,2025-05-15 11:45:00+05:30,1017.6,1019.8,1017.0,1017.1,45776,JSWSTEEL
2261,2025-05-15 12:00:00+05:30,1017.1,1020.0,1016.2,1018.5,53784,JSWSTEEL
2262,2025-05-15 12:15:00+05:30,1018.5,1022.0,1016.0,1016.1,121203,JSWSTEEL
2263,2025-05-15 12:30:00+05:30,1016.2,1018.5,1012.3,1012.9,169272,JSWSTEEL
2264,2025-05-15 12:45:00+05:30,1013.2,1015.9,1012.3,1015.5,54484,JSWSTEEL
2265,2025-05-15 13:00:00+05:30,1015.7,1024.9,1015.6,1024.0,253645,JSWSTEEL
2266,2025-05-15 13:15:00+05:30,1024.0,1025.5,1021.2,1024.8,195033,JSWSTEEL
2267,2025-05-15 13:30:00+05:30,1024.8,1027.9,1023.7,1027.9,195215,JSWSTEEL
2268,2025-05-15 13:45:00+05:30,1027.9,1032.09,1027.2,1030.2,286148,JSWSTEEL
2269,2025-05-15 14:00:00+05:30,1030.3,1034.8,1029.0,1034.59,161573,JSWSTEEL
2270,2025-05-15 14:15:00+05:30,1034.7,1037.8,1033.3,1035.9,193943,JSWSTEEL
2271,2025-05-15 14:30:00+05:30,1035.59,1037.8,1034.09,1036.2,161559,JSWSTEEL
2272,2025-05-15 14:45:00+05:30,1036.5,1038.59,1035.09,1038.59,124201,JSWSTEEL
2273,2025-05-15 15:00:00+05:30,1038.5,1040.59,1036.2,1037.4,349175,JSWSTEEL
2274,2025-05-15 15:15:00+05:30,1037.3,1040.3,1035.4,1037.0,316322,JSWSTEEL
2275,2025-05-16 09:15:00+05:30,1043.4,1044.59,1031.0,1035.4,104571,JSWSTEEL
2276,2025-05-16 09:30:00+05:30,1035.4,1036.5,1031.0,1035.0,32245,JSWSTEEL
2277,2025-05-16 09:45:00+05:30,1035.0,1035.4,1031.2,1031.7,19157,JSWSTEEL
2278,2025-05-16 10:00:00+05:30,1031.7,1033.8,1030.0,1030.2,43208,JSWSTEEL
2279,2025-05-16 10:15:00+05:30,1030.3,1032.0,1029.0,1030.4,50100,JSWSTEEL
2280,2025-05-16 10:30:00+05:30,1030.0,1030.5,1028.2,1029.3,24095,JSWSTEEL
2281,2025-05-16 10:45:00+05:30,1029.3,1030.0,1028.4,1028.4,13108,JSWSTEEL
2282,2025-05-16 11:00:00+05:30,1028.59,1028.9,1023.8,1025.8,174622,JSWSTEEL
2283,2025-05-16 11:15:00+05:30,1025.5,1026.9,1024.3,1025.59,22950,JSWSTEEL
2284,2025-05-16 11:30:00+05:30,1025.5,1027.2,1024.2,1025.5,23275,JSWSTEEL
2285,2025-05-16 11:45:00+05:30,1026.0,1028.3,1022.7,1025.09,89983,JSWSTEEL
2286,2025-05-16 12:00:00+05:30,1025.5,1027.59,1024.3,1027.3,25204,JSWSTEEL
2287,2025-05-16 12:15:00+05:30,1027.0,1027.2,1022.3,1023.4,21956,JSWSTEEL
2288,2025-05-16 12:30:00+05:30,1023.1,1024.3,1022.5,1023.8,18000,JSWSTEEL
2289,2025-05-16 12:45:00+05:30,1023.8,1026.59,1022.0,1022.4,35261,JSWSTEEL
2290,2025-05-16 13:00:00+05:30,1022.5,1023.5,1021.8,1023.0,20004,JSWSTEEL
2291,2025-05-16 13:15:00+05:30,1023.0,1026.0,1022.0,1025.7,24497,JSWSTEEL
2292,2025-05-16 13:30:00+05:30,1025.7,1025.7,1023.1,1023.3,15079,JSWSTEEL
2293,2025-05-16 13:45:00+05:30,1023.3,1023.9,1022.7,1023.1,10913,JSWSTEEL
2294,2025-05-16 14:00:00+05:30,1023.1,1026.59,1022.7,1024.9,26274,JSWSTEEL
2295,2025-05-16 14:15:00+05:30,1024.9,1025.0,1022.4,1022.4,23663,JSWSTEEL
2296,2025-05-16 14:30:00+05:30,1022.5,1023.5,1021.9,1022.9,24338,JSWSTEEL
2297,2025-05-16 14:45:00+05:30,1022.9,1023.2,1021.3,1022.0,21620,JSWSTEEL
2298,2025-05-16 15:00:00+05:30,1022.1,1023.0,1020.3,1021.0,68642,JSWSTEEL
2299,2025-05-16 15:15:00+05:30,1021.1,1024.7,1020.7,1024.3,114636,JSWSTEEL
2300,2025-05-19 09:15:00+05:30,1033.9,1034.0,1020.6,1026.5,174347,JSWSTEEL
2301,2025-05-19 09:30:00+05:30,1026.9,1030.2,1025.09,1026.8,64754,JSWSTEEL
2302,2025-05-19 09:45:00+05:30,1026.7,1028.59,1025.5,1028.59,30315,JSWSTEEL
2303,2025-05-19 10:00:00+05:30,1028.59,1031.09,1026.2,1026.59,56647,JSWSTEEL
2304,2025-05-19 10:15:00+05:30,1026.59,1027.5,1022.0,1022.9,60485,JSWSTEEL
2305,2025-05-19 10:30:00+05:30,1022.9,1024.0,1021.5,1022.3,27086,JSWSTEEL
2306,2025-05-19 10:45:00+05:30,1022.3,1027.4,1022.0,1025.9,44168,JSWSTEEL
2307,2025-05-19 11:00:00+05:30,1026.4,1026.5,1022.6,1023.0,26477,JSWSTEEL
2308,2025-05-19 11:15:00+05:30,1023.2,1024.2,1022.1,1022.5,5182,JSWSTEEL
2309,2025-05-19 11:30:00+05:30,1023.2,1023.4,1019.0,1019.8,184312,JSWSTEEL
2310,2025-05-19 11:45:00+05:30,1019.4,1021.7,1018.1,1018.1,56874,JSWSTEEL
2311,2025-05-19 12:00:00+05:30,1018.3,1019.8,1016.7,1017.2,70753,JSWSTEEL
2312,2025-05-19 12:15:00+05:30,1016.9,1021.5,1016.8,1019.7,42436,JSWSTEEL
2313,2025-05-19 12:30:00+05:30,1019.7,1024.7,1019.2,1023.2,100115,JSWSTEEL
2314,2025-05-19 12:45:00+05:30,1023.2,1024.7,1020.9,1022.5,44875,JSWSTEEL
2315,2025-05-19 13:00:00+05:30,1022.5,1025.9,1021.5,1021.9,90527,JSWSTEEL
2316,2025-05-19 13:15:00+05:30,1021.9,1024.3,1019.2,1023.4,87425,JSWSTEEL
2317,2025-05-19 13:30:00+05:30,1023.4,1024.09,1022.6,1023.5,5776,JSWSTEEL
2318,2025-05-19 13:45:00+05:30,1023.5,1023.5,1020.8,1021.8,7050,JSWSTEEL
2319,2025-05-19 14:00:00+05:30,1021.3,1021.8,1017.9,1019.2,26088,JSWSTEEL
2320,2025-05-19 14:15:00+05:30,1019.5,1020.5,1018.3,1019.2,15067,JSWSTEEL
2321,2025-05-19 14:30:00+05:30,1019.6,1019.7,1017.7,1018.9,22490,JSWSTEEL
2322,2025-05-19 14:45:00+05:30,1018.9,1020.0,1017.6,1019.0,23328,JSWSTEEL
2323,2025-05-19 15:00:00+05:30,1019.0,1021.5,1018.8,1020.0,76943,JSWSTEEL
2324,2025-05-19 15:15:00+05:30,1020.0,1020.5,1018.0,1018.7,90639,JSWSTEEL
2325,2025-05-20 09:15:00+05:30,1031.0,1034.5,1017.9,1030.3,135343,JSWSTEEL
2326,2025-05-20 09:30:00+05:30,1030.2,1033.2,1026.09,1026.59,86783,JSWSTEEL
2327,2025-05-20 09:45:00+05:30,1026.59,1027.9,1024.4,1027.4,29986,JSWSTEEL
2328,2025-05-20 10:00:00+05:30,1027.59,1027.59,1025.2,1026.3,19613,JSWSTEEL
2329,2025-05-20 10:15:00+05:30,1026.3,1027.4,1024.0,1024.4,15544,JSWSTEEL
2330,2025-05-20 10:30:00+05:30,1024.4,1024.59,1021.4,1022.7,249839,JSWSTEEL
2331,2025-05-20 10:45:00+05:30,1022.3,1026.0,1021.1,1025.8,172549,JSWSTEEL
2332,2025-05-20 11:00:00+05:30,1026.0,1026.5,1024.0,1025.4,19683,JSWSTEEL
2333,2025-05-20 11:15:00+05:30,1025.09,1025.09,1021.4,1021.9,17667,JSWSTEEL
2334,2025-05-20 11:30:00+05:30,1021.5,1024.7,1019.1,1024.0,26707,JSWSTEEL
2335,2025-05-20 11:45:00+05:30,1024.09,1024.8,1021.6,1023.1,12986,JSWSTEEL
2336,2025-05-20 12:00:00+05:30,1023.2,1024.7,1022.7,1023.5,8909,JSWSTEEL
2337,2025-05-20 12:15:00+05:30,1023.6,1024.0,1021.3,1022.8,64925,JSWSTEEL
2338,2025-05-20 12:30:00+05:30,1022.8,1023.9,1022.1,1023.0,15285,JSWSTEEL
2339,2025-05-20 12:45:00+05:30,1023.0,1023.8,1019.6,1020.0,41892,JSWSTEEL
2340,2025-05-20 13:00:00+05:30,1019.5,1023.0,1017.0,1018.8,66075,JSWSTEEL
2341,2025-05-20 13:15:00+05:30,1018.8,1020.7,1016.7,1020.4,42284,JSWSTEEL
2342,2025-05-20 13:30:00+05:30,1020.0,1020.0,1017.5,1018.3,24231,JSWSTEEL
2343,2025-05-20 13:45:00+05:30,1018.3,1020.8,1017.5,1019.9,32015,JSWSTEEL
2344,2025-05-20 14:00:00+05:30,1019.7,1019.8,1016.5,1016.9,43341,JSWSTEEL
2345,2025-05-20 14:15:00+05:30,1017.0,1018.0,1012.3,1015.5,80063,JSWSTEEL
2346,2025-05-20 14:30:00+05:30,1015.8,1016.5,1012.6,1013.0,63281,JSWSTEEL
2347,2025-05-20 14:45:00+05:30,1013.4,1015.7,1012.7,1013.9,22452,JSWSTEEL
2348,2025-05-20 15:00:00+05:30,1013.5,1014.5,1011.1,1013.4,149980,JSWSTEEL
2349,2025-05-20 15:15:00+05:30,1013.4,1014.5,1010.8,1013.7,181660,JSWSTEEL
2350,2025-05-21 09:15:00+05:30,1016.0,1017.0,1008.2,1013.0,96385,JSWSTEEL
2351,2025-05-21 09:30:00+05:30,1012.8,1015.2,1010.1,1012.2,16926,JSWSTEEL
2352,2025-05-21 09:45:00+05:30,1012.0,1013.9,1011.1,1012.3,11912,JSWSTEEL
2353,2025-05-21 10:00:00+05:30,1012.4,1014.8,1011.4,1014.3,9906,JSWSTEEL
2354,2025-05-21 10:15:00+05:30,1014.6,1018.3,1014.3,1017.7,30083,JSWSTEEL
2355,2025-05-21 10:30:00+05:30,1017.3,1018.9,1015.0,1015.4,29822,JSWSTEEL
2356,2025-05-21 10:45:00+05:30,1015.7,1018.9,1015.0,1016.7,65725,JSWSTEEL
2357,2025-05-21 11:00:00+05:30,1016.3,1016.6,1012.7,1016.0,28363,JSWSTEEL
2358,2025-05-21 11:15:00+05:30,1016.0,1018.5,1013.9,1014.2,54018,JSWSTEEL
2359,2025-05-21 11:30:00+05:30,1014.6,1016.1,1012.1,1012.4,60511,JSWSTEEL
2360,2025-05-21 11:45:00+05:30,1012.4,1012.6,1008.0,1010.0,31794,JSWSTEEL
2361,2025-05-21 12:00:00+05:30,1010.4,1010.4,1003.0,1003.6,43555,JSWSTEEL
2362,2025-05-21 12:15:00+05:30,1003.9,1006.5,1001.4,1003.7,25568,JSWSTEEL
2363,2025-05-21 12:30:00+05:30,1003.4,1005.1,1002.9,1003.1,41897,JSWSTEEL
2364,2025-05-21 12:45:00+05:30,1003.0,1003.7,1001.7,1003.6,15905,JSWSTEEL
2365,2025-05-21 13:00:00+05:30,1003.6,1004.4,1002.6,1003.7,12550,JSWSTEEL
2366,2025-05-21 13:15:00+05:30,1003.4,1004.0,1002.2,1002.5,17070,JSWSTEEL
2367,2025-05-21 13:30:00+05:30,1002.5,1003.8,1001.5,1002.0,12253,JSWSTEEL
2368,2025-05-21 13:45:00+05:30,1002.0,1003.8,1001.8,1003.6,6217,JSWSTEEL
2369,2025-05-21 14:00:00+05:30,1003.6,1004.0,1000.6,1003.7,16611,JSWSTEEL
2370,2025-05-21 14:15:00+05:30,1003.7,1003.8,1001.7,1002.7,10547,JSWSTEEL
2371,2025-05-21 14:30:00+05:30,1002.5,1003.3,1000.0,1000.2,30706,JSWSTEEL
2372,2025-05-21 14:45:00+05:30,1000.7,1001.7,1000.0,1001.0,15586,JSWSTEEL
2373,2025-05-21 15:00:00+05:30,1000.8,1003.2,1000.5,1000.9,78983,JSWSTEEL
2374,2025-05-21 15:15:00+05:30,1000.8,1002.2,999.1,1001.9,110917,JSWSTEEL
2375,2025-05-22 09:15:00+05:30,1002.0,1003.0,992.0,992.8,103618,JSWSTEEL
2376,2025-05-22 09:30:00+05:30,992.8,995.9,987.9,993.2,98076,JSWSTEEL
2377,2025-05-22 09:45:00+05:30,993.0,996.6,989.2,996.5,50921,JSWSTEEL
2378,2025-05-22 10:00:00+05:30,996.5,996.6,993.2,993.7,44798,JSWSTEEL
2379,2025-05-22 10:15:00+05:30,993.7,996.3,991.8,992.9,27588,JSWSTEEL
2380,2025-05-22 10:30:00+05:30,992.9,997.6,992.4,996.1,37244,JSWSTEEL
2381,2025-05-22 10:45:00+05:30,996.5,996.9,994.5,996.0,16819,JSWSTEEL
2382,2025-05-22 11:00:00+05:30,995.8,997.9,994.7,996.4,24185,JSWSTEEL
2383,2025-05-22 11:15:00+05:30,996.3,999.8,996.3,999.0,29387,JSWSTEEL
2384,2025-05-22 11:30:00+05:30,999.0,1000.0,995.5,997.5,36973,JSWSTEEL
2385,2025-05-22 11:45:00+05:30,997.5,1003.6,997.5,1003.2,52808,JSWSTEEL
2386,2025-05-22 12:00:00+05:30,1003.6,1005.5,1003.0,1003.1,50651,JSWSTEEL
2387,2025-05-22 12:15:00+05:30,1003.0,1003.3,999.5,999.9,40621,JSWSTEEL
2388,2025-05-22 12:30:00+05:30,999.7,1002.5,999.5,999.9,28555,JSWSTEEL
2389,2025-05-22 12:45:00+05:30,999.8,1000.0,995.2,997.0,39832,JSWSTEEL
2390,2025-05-22 13:00:00+05:30,996.6,997.0,994.3,996.9,21266,JSWSTEEL
2391,2025-05-22 13:15:00+05:30,996.9,996.9,994.5,996.3,13934,JSWSTEEL
2392,2025-05-22 13:30:00+05:30,996.3,996.9,994.1,994.7,15354,JSWSTEEL
2393,2025-05-22 13:45:00+05:30,994.7,995.9,994.3,995.0,15457,JSWSTEEL
2394,2025-05-22 14:00:00+05:30,995.0,996.0,994.1,995.6,9929,JSWSTEEL
2395,2025-05-22 14:15:00+05:30,995.5,995.9,992.3,995.3,36753,JSWSTEEL
2396,2025-05-22 14:30:00+05:30,995.0,1000.9,992.0,999.5,82769,JSWSTEEL
2397,2025-05-22 14:45:00+05:30,999.5,1003.8,994.2,1001.7,117173,JSWSTEEL
2398,2025-05-22 15:00:00+05:30,1001.7,1007.0,1000.2,1005.7,126530,JSWSTEEL
2399,2025-05-22 15:15:00+05:30,1005.7,1011.5,1005.0,1008.0,160267,JSWSTEEL
2400,2025-05-23 09:15:00+05:30,1011.0,1017.7,1008.7,1015.4,221016,JSWSTEEL
2401,2025-05-23 09:30:00+05:30,1015.0,1016.5,1013.2,1014.9,38782,JSWSTEEL
2402,2025-05-23 09:45:00+05:30,1014.8,1017.0,1011.1,1012.3,79207,JSWSTEEL
2403,2025-05-23 10:00:00+05:30,1012.4,1015.3,1011.9,1013.7,28887,JSWSTEEL
2404,2025-05-23 10:15:00+05:30,1014.0,1015.3,1011.3,1012.0,29782,JSWSTEEL
2405,2025-05-23 10:30:00+05:30,1011.6,1015.3,1010.6,1015.3,28306,JSWSTEEL
2406,2025-05-23 10:45:00+05:30,1015.3,1021.0,1013.3,1019.7,144290,JSWSTEEL
2407,2025-05-23 11:00:00+05:30,1019.7,1022.5,1016.8,1018.0,135515,JSWSTEEL
2408,2025-05-23 11:15:00+05:30,1018.5,1020.9,1015.6,1017.0,47791,JSWSTEEL
2409,2025-05-23 11:30:00+05:30,1016.9,1019.2,1014.2,1014.6,139385,JSWSTEEL
2410,2025-05-23 11:45:00+05:30,1015.2,1015.2,1011.0,1012.6,35877,JSWSTEEL
2411,2025-05-23 12:00:00+05:30,1012.2,1013.9,1011.5,1012.0,15758,JSWSTEEL
2412,2025-05-23 12:15:00+05:30,1012.2,1012.8,1009.2,1009.7,41827,JSWSTEEL
2413,2025-05-23 12:30:00+05:30,1009.6,1014.5,1009.6,1012.6,72856,JSWSTEEL
2414,2025-05-23 12:45:00+05:30,1013.0,1013.5,1011.2,1011.6,37144,JSWSTEEL
2415,2025-05-23 13:00:00+05:30,1011.6,1012.9,1010.7,1011.4,32649,JSWSTEEL
2416,2025-05-23 13:15:00+05:30,1011.5,1015.5,1011.2,1012.8,78841,JSWSTEEL
2417,2025-05-23 13:30:00+05:30,1012.6,1015.6,1011.2,1012.0,39088,JSWSTEEL
2418,2025-05-23 13:45:00+05:30,1012.3,1014.0,1011.0,1013.8,30111,JSWSTEEL
2419,2025-05-23 14:00:00+05:30,1013.6,1013.9,1010.2,1011.7,21192,JSWSTEEL
2420,2025-05-23 14:15:00+05:30,1011.7,1012.8,1011.0,1012.0,18902,JSWSTEEL
2421,2025-05-23 14:30:00+05:30,1012.0,1012.1,1009.3,1009.7,19574,JSWSTEEL
2422,2025-05-23 14:45:00+05:30,1009.4,1009.7,1007.2,1009.0,55317,JSWSTEEL
2423,2025-05-23 15:00:00+05:30,1008.8,1009.8,1008.0,1008.8,57199,JSWSTEEL
2424,2025-05-23 15:15:00+05:30,1008.8,1010.0,1005.1,1009.2,118033,JSWSTEEL
2425,2025-05-26 09:15:00+05:30,1009.2,1022.5,1009.2,1014.5,246860,JSWSTEEL
2426,2025-05-26 09:30:00+05:30,1014.0,1017.3,1011.6,1013.5,62058,JSWSTEEL
2427,2025-05-26 09:45:00+05:30,1013.3,1016.4,1003.1,1011.3,195656,JSWSTEEL
2428,2025-05-26 10:00:00+05:30,1011.6,1012.0,1004.3,1005.9,94140,JSWSTEEL
2429,2025-05-26 10:15:00+05:30,1006.1,1007.4,999.4,1001.5,113237,JSWSTEEL
2430,2025-05-26 10:30:00+05:30,1002.0,1003.6,999.1,1003.6,86653,JSWSTEEL
2431,2025-05-26 10:45:00+05:30,1003.7,1005.0,1001.1,1002.0,41760,JSWSTEEL
2432,2025-05-26 11:00:00+05:30,1002.1,1002.9,999.5,1000.5,100748,JSWSTEEL
2433,2025-05-26 11:15:00+05:30,1000.0,1003.9,998.1,999.5,150185,JSWSTEEL
2434,2025-05-26 11:30:00+05:30,999.5,1002.9,998.7,1001.2,108114,JSWSTEEL
2435,2025-05-26 11:45:00+05:30,1001.2,1001.9,999.0,1000.3,18088,JSWSTEEL
2436,2025-05-26 12:00:00+05:30,1000.3,1000.3,997.6,998.4,45884,JSWSTEEL
2437,2025-05-26 12:15:00+05:30,998.5,1000.7,996.5,999.1,46805,JSWSTEEL
2438,2025-05-26 12:30:00+05:30,999.4,1000.2,997.6,997.8,25401,JSWSTEEL
2439,2025-05-26 12:45:00+05:30,997.6,998.6,996.1,997.9,42636,JSWSTEEL
2440,2025-05-26 13:00:00+05:30,997.9,1035.8,979.5,1034.4,1473562,JSWSTEEL
2441,2025-05-26 13:15:00+05:30,1034.4,1036.0,1023.1,1030.59,863757,JSWSTEEL
2442,2025-05-26 13:30:00+05:30,1030.9,1033.5,1027.09,1030.59,191503,JSWSTEEL
2443,2025-05-26 13:45:00+05:30,1031.0,1031.3,1027.09,1028.8,82747,JSWSTEEL
2444,2025-05-26 14:00:00+05:30,1028.8,1035.0,1028.2,1032.5,144116,JSWSTEEL
2445,2025-05-26 14:15:00+05:30,1032.5,1033.0,1024.4,1028.2,97690,JSWSTEEL
2446,2025-05-26 14:30:00+05:30,1028.3,1031.5,1025.5,1031.0,88098,JSWSTEEL
2447,2025-05-26 14:45:00+05:30,1030.59,1033.8,1028.9,1033.2,82700,JSWSTEEL
2448,2025-05-26 15:00:00+05:30,1033.2,1033.5,1030.5,1032.3,121430,JSWSTEEL
2449,2025-05-26 15:15:00+05:30,1032.8,1033.0,1029.9,1030.0,189645,JSWSTEEL
2450,2025-05-27 09:15:00+05:30,1032.0,1033.09,1024.09,1025.09,121544,JSWSTEEL
2451,2025-05-27 09:30:00+05:30,1025.0,1026.5,1021.0,1021.7,63044,JSWSTEEL
2452,2025-05-27 09:45:00+05:30,1021.7,1021.9,1018.2,1019.6,36298,JSWSTEEL
2453,2025-05-27 10:00:00+05:30,1019.0,1022.5,1018.3,1021.8,28377,JSWSTEEL
2454,2025-05-27 10:15:00+05:30,1022.2,1023.0,1019.5,1022.7,28712,JSWSTEEL
2455,2025-05-27 10:30:00+05:30,1022.6,1023.8,1021.0,1021.8,41226,JSWSTEEL
2456,2025-05-27 10:45:00+05:30,1021.8,1023.3,1021.1,1021.7,23317,JSWSTEEL
2457,2025-05-27 11:00:00+05:30,1021.7,1024.0,1021.1,1023.8,50179,JSWSTEEL
2458,2025-05-27 11:15:00+05:30,1023.4,1023.9,1021.1,1023.6,29700,JSWSTEEL
2459,2025-05-27 11:30:00+05:30,1023.5,1025.4,1022.1,1024.5,52609,JSWSTEEL
2460,2025-05-27 11:45:00+05:30,1024.3,1025.4,1023.6,1023.9,26763,JSWSTEEL
2461,2025-05-27 12:00:00+05:30,1024.3,1024.8,1021.4,1023.4,43521,JSWSTEEL
2462,2025-05-27 12:15:00+05:30,1023.4,1023.6,1018.0,1018.1,36397,JSWSTEEL
2463,2025-05-27 12:30:00+05:30,1018.5,1021.4,1017.0,1020.5,30794,JSWSTEEL
2464,2025-05-27 12:45:00+05:30,1020.2,1021.8,1019.0,1019.7,18120,JSWSTEEL
2465,2025-05-27 13:00:00+05:30,1019.5,1022.1,1019.0,1021.3,20808,JSWSTEEL
2466,2025-05-27 13:15:00+05:30,1021.3,1021.5,1019.3,1021.2,21656,JSWSTEEL
2467,2025-05-27 13:30:00+05:30,1021.2,1021.2,1019.6,1020.4,16931,JSWSTEEL
2468,2025-05-27 13:45:00+05:30,1020.4,1020.5,1016.0,1016.8,22024,JSWSTEEL
2469,2025-05-27 14:00:00+05:30,1016.7,1016.7,1013.1,1013.5,33450,JSWSTEEL
2470,2025-05-27 14:15:00+05:30,1013.4,1013.8,1009.0,1011.4,53994,JSWSTEEL
2471,2025-05-27 14:30:00+05:30,1011.8,1015.5,1011.2,1014.4,35172,JSWSTEEL
2472,2025-05-27 14:45:00+05:30,1014.4,1015.9,1012.5,1014.3,46503,JSWSTEEL
2473,2025-05-27 15:00:00+05:30,1014.3,1015.0,1013.5,1013.8,110553,JSWSTEEL
2474,2025-05-27 15:15:00+05:30,1013.7,1014.2,1011.3,1011.4,166355,JSWSTEEL
2475,2025-05-28 09:15:00+05:30,1014.9,1017.9,1001.2,1001.9,104191,JSWSTEEL
2476,2025-05-28 09:30:00+05:30,1002.0,1005.5,1001.3,1004.7,44668,JSWSTEEL
2477,2025-05-28 09:45:00+05:30,1004.8,1005.3,1002.7,1004.9,23079,JSWSTEEL
2478,2025-05-28 10:00:00+05:30,1005.0,1008.4,1004.0,1006.9,52903,JSWSTEEL
2479,2025-05-28 10:15:00+05:30,1006.9,1007.0,1004.1,1004.4,22727,JSWSTEEL
2480,2025-05-28 10:30:00+05:30,1004.7,1009.8,1003.6,1004.5,56899,JSWSTEEL
2481,2025-05-28 10:45:00+05:30,1004.5,1008.3,1004.3,1007.9,29851,JSWSTEEL
2482,2025-05-28 11:00:00+05:30,1007.9,1008.4,1002.9,1003.0,88220,JSWSTEEL
2483,2025-05-28 11:15:00+05:30,1002.8,1005.0,998.5,999.7,147792,JSWSTEEL
2484,2025-05-28 11:30:00+05:30,999.7,1000.1,998.6,999.4,66694,JSWSTEEL
2485,2025-05-28 11:45:00+05:30,999.3,1002.5,999.2,1002.5,44042,JSWSTEEL
2486,2025-05-28 12:00:00+05:30,1002.3,1002.9,1000.0,1000.4,39201,JSWSTEEL
2487,2025-05-28 12:15:00+05:30,1000.4,1003.9,999.4,1003.6,58951,JSWSTEEL
2488,2025-05-28 12:30:00+05:30,1003.5,1006.4,1003.0,1006.0,132006,JSWSTEEL
2489,2025-05-28 12:45:00+05:30,1006.2,1007.9,1005.5,1006.2,30830,JSWSTEEL
2490,2025-05-28 13:00:00+05:30,1006.3,1007.1,1004.2,1004.5,93061,JSWSTEEL
2491,2025-05-28 13:15:00+05:30,1004.9,1005.1,1001.8,1003.0,36714,JSWSTEEL
2492,2025-05-28 13:30:00+05:30,1003.0,1003.5,1000.6,1001.9,55641,JSWSTEEL
2493,2025-05-28 13:45:00+05:30,1001.8,1007.2,1001.7,1006.9,77480,JSWSTEEL
2494,2025-05-28 14:00:00+05:30,1007.2,1007.6,1004.0,1006.2,134736,JSWSTEEL
2495,2025-05-28 14:15:00+05:30,1005.8,1010.1,1003.3,1004.1,120731,JSWSTEEL
2496,2025-05-28 14:30:00+05:30,1003.7,1005.4,1002.8,1005.4,47431,JSWSTEEL
2497,2025-05-28 14:45:00+05:30,1005.4,1005.6,1002.4,1002.7,44703,JSWSTEEL
2498,2025-05-28 15:00:00+05:30,1002.7,1004.0,1001.0,1001.2,108720,JSWSTEEL
2499,2025-05-28 15:15:00+05:30,1001.7,1001.9,998.9,1000.0,128211,JSWSTEEL
2500,2025-05-29 09:15:00+05:30,1020.4,1023.7,1013.7,1017.3,349458,JSWSTEEL
2501,2025-05-29 09:30:00+05:30,1017.3,1018.2,1012.9,1017.9,115469,JSWSTEEL
2502,2025-05-29 09:45:00+05:30,1017.8,1019.8,1015.0,1016.4,49090,JSWSTEEL
2503,2025-05-29 10:00:00+05:30,1016.4,1021.6,1015.8,1018.1,121441,JSWSTEEL
2504,2025-05-29 10:15:00+05:30,1018.1,1019.0,1016.1,1016.1,42429,JSWSTEEL
2505,2025-05-29 10:30:00+05:30,1016.1,1017.2,1009.5,1010.0,105472,JSWSTEEL
2506,2025-05-29 10:45:00+05:30,1010.1,1012.1,1008.1,1008.7,89217,JSWSTEEL
2507,2025-05-29 11:00:00+05:30,1008.9,1010.0,1006.9,1007.3,120244,JSWSTEEL
2508,2025-05-29 11:15:00+05:30,1007.1,1012.4,1006.4,1011.2,145305,JSWSTEEL
2509,2025-05-29 11:30:00+05:30,1011.5,1011.7,1006.4,1007.5,155464,JSWSTEEL
2510,2025-05-29 11:45:00+05:30,1007.5,1008.1,1004.4,1004.8,44914,JSWSTEEL
2511,2025-05-29 12:00:00+05:30,1004.9,1005.2,1002.1,1002.5,37964,JSWSTEEL
2512,2025-05-29 12:15:00+05:30,1002.5,1004.4,1001.4,1003.9,53876,JSWSTEEL
2513,2025-05-29 12:30:00+05:30,1003.9,1004.1,998.2,1002.2,134200,JSWSTEEL
2514,2025-05-29 12:45:00+05:30,1002.4,1007.4,1001.5,1007.0,98445,JSWSTEEL
2515,2025-05-29 13:00:00+05:30,1007.4,1011.0,1005.7,1010.0,117816,JSWSTEEL
2516,2025-05-29 13:15:00+05:30,1010.1,1011.3,1008.7,1010.0,68203,JSWSTEEL
2517,2025-05-29 13:30:00+05:30,1010.0,1010.6,1006.9,1007.8,69313,JSWSTEEL
2518,2025-05-29 13:45:00+05:30,1007.8,1007.9,1004.3,1005.3,84915,JSWSTEEL
2519,2025-05-29 14:00:00+05:30,1005.0,1006.1,1002.6,1005.0,130216,JSWSTEEL
2520,2025-05-29 14:15:00+05:30,1004.9,1006.3,1004.3,1005.4,52539,JSWSTEEL
2521,2025-05-29 14:30:00+05:30,1005.4,1006.1,999.3,1004.4,292072,JSWSTEEL
2522,2025-05-29 14:45:00+05:30,1004.3,1005.4,1003.1,1004.3,98300,JSWSTEEL
2523,2025-05-29 15:00:00+05:30,1004.3,1008.3,1004.1,1005.8,387582,JSWSTEEL
2524,2025-05-29 15:15:00+05:30,1005.7,1009.9,1004.5,1009.9,313276,JSWSTEEL
2525,2025-05-30 09:15:00+05:30,1003.0,1012.5,1003.0,1008.2,100306,JSWSTEEL
2526,2025-05-30 09:30:00+05:30,1008.6,1008.8,1002.2,1003.8,77119,JSWSTEEL
2527,2025-05-30 09:45:00+05:30,1003.5,1004.7,1000.3,1000.9,71940,JSWSTEEL
2528,2025-05-30 10:00:00+05:30,1000.9,1002.4,999.0,1001.2,53423,JSWSTEEL
2529,2025-05-30 10:15:00+05:30,1001.3,1001.5,996.2,997.0,83963,JSWSTEEL
2530,2025-05-30 10:30:00+05:30,996.9,997.8,994.7,997.5,44166,JSWSTEEL
2531,2025-05-30 10:45:00+05:30,997.5,998.8,995.1,997.3,43377,JSWSTEEL
2532,2025-05-30 11:00:00+05:30,997.2,1000.0,996.7,997.5,29324,JSWSTEEL
2533,2025-05-30 11:15:00+05:30,997.5,998.4,996.4,998.3,9389,JSWSTEEL
2534,2025-05-30 11:30:00+05:30,998.3,998.3,994.2,994.7,34493,JSWSTEEL
2535,2025-05-30 11:45:00+05:30,994.8,998.0,993.5,996.6,29624,JSWSTEEL
2536,2025-05-30 12:00:00+05:30,996.7,997.9,994.3,996.3,18992,JSWSTEEL
2537,2025-05-30 12:15:00+05:30,996.3,997.0,995.8,996.5,7714,JSWSTEEL
2538,2025-05-30 12:30:00+05:30,996.5,996.5,995.0,995.7,28656,JSWSTEEL
2539,2025-05-30 12:45:00+05:30,995.9,998.9,995.7,998.4,18866,JSWSTEEL
2540,2025-05-30 13:00:00+05:30,998.3,998.3,995.8,996.5,7841,JSWSTEEL
2541,2025-05-30 13:15:00+05:30,996.5,997.0,995.6,996.4,11577,JSWSTEEL
2542,2025-05-30 13:30:00+05:30,996.4,998.1,995.5,996.9,25216,JSWSTEEL
2543,2025-05-30 13:45:00+05:30,996.9,998.9,995.5,998.4,24591,JSWSTEEL
2544,2025-05-30 14:00:00+05:30,998.4,1000.1,996.0,996.9,52558,JSWSTEEL
2545,2025-05-30 14:15:00+05:30,996.9,997.3,995.7,996.5,19856,JSWSTEEL
2546,2025-05-30 14:30:00+05:30,996.5,998.1,996.1,996.5,26273,JSWSTEEL
2547,2025-05-30 14:45:00+05:30,996.5,998.5,995.0,995.1,108063,JSWSTEEL
2548,2025-05-30 15:00:00+05:30,995.1,999.1,992.2,992.2,373533,JSWSTEEL
2549,2025-05-30 15:15:00+05:30,992.2,999.0,990.5,994.0,408205,JSWSTEEL
2550,2025-06-02 09:15:00+05:30,987.0,987.0,973.35,979.45,239229,JSWSTEEL
2551,2025-06-02 09:30:00+05:30,979.85,980.2,975.15,978.35,110786,JSWSTEEL
2552,2025-06-02 09:45:00+05:30,978.65,982.35,977.6,980.5,61622,JSWSTEEL
2553,2025-06-02 10:00:00+05:30,980.5,980.7,975.75,976.4,63639,JSWSTEEL
2554,2025-06-02 10:15:00+05:30,976.35,976.4,969.25,970.1,165818,JSWSTEEL
2555,2025-06-02 10:30:00+05:30,970.1,974.1,969.25,973.95,110321,JSWSTEEL
2556,2025-06-02 10:45:00+05:30,973.95,975.05,971.65,972.9,57941,JSWSTEEL
2557,2025-06-02 11:00:00+05:30,972.85,975.5,971.25,974.7,80008,JSWSTEEL
2558,2025-06-02 11:15:00+05:30,974.9,976.6,973.9,974.9,50309,JSWSTEEL
2559,2025-06-02 11:30:00+05:30,974.8,975.9,973.25,974.3,39813,JSWSTEEL
2560,2025-06-02 11:45:00+05:30,974.05,976.9,974.05,976.2,40595,JSWSTEEL
2561,2025-06-02 12:00:00+05:30,976.1,978.8,976.1,978.0,56134,JSWSTEEL
2562,2025-06-02 12:15:00+05:30,978.0,978.25,976.5,978.25,42306,JSWSTEEL
2563,2025-06-02 12:30:00+05:30,978.05,981.4,978.0,981.4,57472,JSWSTEEL
2564,2025-06-02 12:45:00+05:30,981.4,983.45,978.0,978.3,61843,JSWSTEEL
2565,2025-06-02 13:00:00+05:30,978.4,979.7,977.3,978.7,27379,JSWSTEEL
2566,2025-06-02 13:15:00+05:30,978.7,980.4,978.5,979.5,22177,JSWSTEEL
2567,2025-06-02 13:30:00+05:30,979.5,981.9,978.75,980.7,30302,JSWSTEEL
2568,2025-06-02 13:45:00+05:30,980.7,981.5,979.75,980.2,40297,JSWSTEEL
2569,2025-06-02 14:00:00+05:30,980.15,981.5,978.0,978.15,38531,JSWSTEEL
2570,2025-06-02 14:15:00+05:30,978.2,980.95,977.5,979.2,58425,JSWSTEEL
2571,2025-06-02 14:30:00+05:30,979.2,979.6,975.8,976.6,58044,JSWSTEEL
2572,2025-06-02 14:45:00+05:30,976.6,980.9,975.7,979.6,52714,JSWSTEEL
2573,2025-06-02 15:00:00+05:30,979.2,981.2,978.3,978.5,84013,JSWSTEEL
2574,2025-06-02 15:15:00+05:30,978.9,980.0,975.5,978.8,140233,JSWSTEEL
2575,2025-06-03 09:15:00+05:30,980.05,987.35,978.0,979.8,91956,JSWSTEEL
2576,2025-06-03 09:30:00+05:30,979.7,979.8,974.3,975.4,67757,JSWSTEEL
2577,2025-06-03 09:45:00+05:30,975.25,979.05,973.8,975.1,46502,JSWSTEEL
2578,2025-06-03 10:00:00+05:30,975.1,978.65,975.0,977.95,41858,JSWSTEEL
2579,2025-06-03 10:15:00+05:30,978.25,981.25,976.8,976.85,51144,JSWSTEEL
2580,2025-06-03 10:30:00+05:30,976.85,979.4,975.15,978.35,38743,JSWSTEEL
2581,2025-06-03 10:45:00+05:30,978.0,980.0,977.1,977.35,80758,JSWSTEEL
2582,2025-06-03 11:00:00+05:30,977.35,981.8,977.05,979.95,84052,JSWSTEEL
2583,2025-06-03 11:15:00+05:30,979.4,981.85,979.0,981.4,39384,JSWSTEEL
2584,2025-06-03 11:30:00+05:30,981.0,981.35,976.1,977.7,57404,JSWSTEEL
2585,2025-06-03 11:45:00+05:30,977.75,978.85,977.2,977.7,52648,JSWSTEEL
2586,2025-06-03 12:00:00+05:30,977.7,979.35,976.6,976.95,45321,JSWSTEEL
2587,2025-06-03 12:15:00+05:30,976.95,977.35,974.0,976.0,35024,JSWSTEEL
2588,2025-06-03 12:30:00+05:30,976.35,979.4,976.2,977.85,36153,JSWSTEEL
2589,2025-06-03 12:45:00+05:30,977.85,977.9,972.35,973.25,39813,JSWSTEEL
2590,2025-06-03 13:00:00+05:30,973.65,975.15,973.1,974.6,33028,JSWSTEEL
2591,2025-06-03 13:15:00+05:30,974.65,976.95,973.55,974.05,20818,JSWSTEEL
2592,2025-06-03 13:30:00+05:30,974.3,975.8,973.5,973.55,18001,JSWSTEEL
2593,2025-06-03 13:45:00+05:30,973.85,975.6,973.15,974.15,20528,JSWSTEEL
2594,2025-06-03 14:00:00+05:30,974.05,976.5,973.5,976.0,22655,JSWSTEEL
2595,2025-06-03 14:15:00+05:30,975.8,976.95,974.8,974.95,23204,JSWSTEEL
2596,2025-06-03 14:30:00+05:30,975.1,976.95,973.7,975.4,50084,JSWSTEEL
2597,2025-06-03 14:45:00+05:30,975.4,976.8,974.6,975.3,28342,JSWSTEEL
2598,2025-06-03 15:00:00+05:30,975.4,976.5,972.05,973.25,53507,JSWSTEEL
2599,2025-06-03 15:15:00+05:30,973.35,974.75,972.85,974.0,59792,JSWSTEEL
2600,2025-06-04 09:15:00+05:30,973.0,974.55,969.3,969.45,131028,JSWSTEEL
2601,2025-06-04 09:30:00+05:30,969.45,971.3,966.2,969.75,57850,JSWSTEEL
2602,2025-06-04 09:45:00+05:30,969.65,973.1,966.6,972.95,54756,JSWSTEEL
2603,2025-06-04 10:00:00+05:30,972.55,977.25,971.8,976.25,63427,JSWSTEEL
2604,2025-06-04 10:15:00+05:30,976.35,979.5,975.45,975.85,38781,JSWSTEEL
2605,2025-06-04 10:30:00+05:30,976.05,978.85,975.7,978.0,37545,JSWSTEEL
2606,2025-06-04 10:45:00+05:30,978.15,979.45,970.55,972.25,170194,JSWSTEEL
2607,2025-06-04 11:00:00+05:30,972.3,974.0,967.05,968.6,180843,JSWSTEEL
2608,2025-06-04 11:15:00+05:30,968.6,969.0,966.3,966.85,231827,JSWSTEEL
2609,2025-06-04 11:30:00+05:30,966.95,967.65,963.1,964.5,103303,JSWSTEEL
2610,2025-06-04 11:45:00+05:30,964.55,965.0,962.15,963.0,46255,JSWSTEEL
2611,2025-06-04 12:00:00+05:30,962.8,964.0,962.55,964.0,44912,JSWSTEEL
2612,2025-06-04 12:15:00+05:30,963.95,965.3,963.5,965.3,42593,JSWSTEEL
2613,2025-06-04 12:30:00+05:30,965.3,966.9,964.3,966.4,30385,JSWSTEEL
2614,2025-06-04 12:45:00+05:30,966.4,967.9,964.3,965.7,32557,JSWSTEEL
2615,2025-06-04 13:00:00+05:30,965.7,969.45,965.7,968.45,73405,JSWSTEEL
2616,2025-06-04 13:15:00+05:30,968.45,970.3,968.35,970.2,98618,JSWSTEEL
2617,2025-06-04 13:30:00+05:30,969.9,970.75,968.5,970.25,66155,JSWSTEEL
2618,2025-06-04 13:45:00+05:30,970.2,973.8,970.2,973.8,66923,JSWSTEEL
2619,2025-06-04 14:00:00+05:30,973.8,975.0,972.7,972.8,69975,JSWSTEEL
2620,2025-06-04 14:15:00+05:30,972.75,973.65,970.8,970.85,73691,JSWSTEEL
2621,2025-06-04 14:30:00+05:30,971.2,971.8,968.0,968.75,98427,JSWSTEEL
2622,2025-06-04 14:45:00+05:30,968.7,970.9,968.4,970.15,101096,JSWSTEEL
2623,2025-06-04 15:00:00+05:30,970.15,971.2,967.3,967.95,202036,JSWSTEEL
2624,2025-06-04 15:15:00+05:30,967.95,969.5,967.0,968.35,281425,JSWSTEEL
2625,2025-06-05 09:15:00+05:30,972.8,973.75,965.2,973.6,126001,JSWSTEEL
2626,2025-06-05 09:30:00+05:30,973.0,975.75,971.25,974.0,76576,JSWSTEEL
2627,2025-06-05 09:45:00+05:30,974.4,975.3,972.05,972.1,26684,JSWSTEEL
2628,2025-06-05 10:00:00+05:30,972.5,974.35,972.25,973.25,13189,JSWSTEEL
2629,2025-06-05 10:15:00+05:30,973.3,975.6,972.0,972.0,29222,JSWSTEEL
2630,2025-06-05 10:30:00+05:30,972.2,976.25,970.6,971.0,59981,JSWSTEEL
2631,2025-06-05 10:45:00+05:30,971.0,971.05,967.5,968.75,37472,JSWSTEEL
2632,2025-06-05 11:00:00+05:30,968.75,969.1,964.65,967.15,222203,JSWSTEEL
2633,2025-06-05 11:15:00+05:30,967.15,969.0,965.5,968.2,140748,JSWSTEEL
2634,2025-06-05 11:30:00+05:30,968.3,969.45,967.8,968.95,22176,JSWSTEEL
2635,2025-06-05 11:45:00+05:30,968.9,970.0,967.15,970.0,32485,JSWSTEEL
2636,2025-06-05 12:00:00+05:30,969.9,975.5,969.55,974.9,87380,JSWSTEEL
2637,2025-06-05 12:15:00+05:30,974.9,976.9,971.8,972.75,82232,JSWSTEEL
2638,2025-06-05 12:30:00+05:30,973.05,975.5,971.8,973.9,38979,JSWSTEEL
2639,2025-06-05 12:45:00+05:30,974.35,975.5,972.25,973.6,31491,JSWSTEEL
2640,2025-06-05 13:00:00+05:30,973.6,975.0,971.95,972.3,31391,JSWSTEEL
2641,2025-06-05 13:15:00+05:30,972.5,976.65,971.15,973.45,83341,JSWSTEEL
2642,2025-06-05 13:30:00+05:30,973.0,973.0,968.4,968.95,105916,JSWSTEEL
2643,2025-06-05 13:45:00+05:30,968.95,970.0,967.8,968.15,56139,JSWSTEEL
2644,2025-06-05 14:00:00+05:30,968.15,969.35,966.45,968.05,110194,JSWSTEEL
2645,2025-06-05 14:15:00+05:30,968.05,969.85,965.95,968.15,104642,JSWSTEEL
2646,2025-06-05 14:30:00+05:30,968.55,970.3,966.9,969.35,65389,JSWSTEEL
2647,2025-06-05 14:45:00+05:30,969.4,972.0,968.45,969.4,98076,JSWSTEEL
2648,2025-06-05 15:00:00+05:30,969.55,970.3,967.15,970.0,230778,JSWSTEEL
2649,2025-06-05 15:15:00+05:30,970.0,970.6,967.25,970.6,269876,JSWSTEEL
2650,2025-06-06 09:15:00+05:30,968.75,976.9,967.65,971.75,55171,JSWSTEEL
2651,2025-06-06 09:30:00+05:30,971.55,978.1,970.8,974.05,61687,JSWSTEEL
2652,2025-06-06 09:45:00+05:30,974.25,976.4,972.2,973.05,19048,JSWSTEEL
2653,2025-06-06 10:00:00+05:30,973.0,977.85,971.05,974.6,28656,JSWSTEEL
2654,2025-06-06 10:15:00+05:30,974.6,977.45,974.4,976.7,14971,JSWSTEEL
2655,2025-06-06 10:30:00+05:30,976.7,988.0,975.85,987.1,147931,JSWSTEEL
2656,2025-06-06 10:45:00+05:30,987.75,996.9,986.8,994.8,170886,JSWSTEEL
2657,2025-06-06 11:00:00+05:30,994.75,1004.0,992.65,1003.4,426060,JSWSTEEL
2658,2025-06-06 11:15:00+05:30,1003.9,1004.95,995.15,995.6,82024,JSWSTEEL
2659,2025-06-06 11:30:00+05:30,995.6,1002.8,995.5,1002.8,80590,JSWSTEEL
2660,2025-06-06 11:45:00+05:30,1002.8,1009.85,1002.25,1008.45,191580,JSWSTEEL
2661,2025-06-06 12:00:00+05:30,1008.1,1010.65,1007.0,1008.05,117723,JSWSTEEL
2662,2025-06-06 12:15:00+05:30,1008.3,1008.3,1004.15,1006.75,77108,JSWSTEEL
2663,2025-06-06 12:30:00+05:30,1007.0,1010.0,1005.5,1006.3,57215,JSWSTEEL
2664,2025-06-06 12:45:00+05:30,1006.3,1006.75,1003.0,1003.7,56890,JSWSTEEL
2665,2025-06-06 13:00:00+05:30,1003.75,1005.95,1002.8,1004.1,30427,JSWSTEEL
2666,2025-06-06 13:15:00+05:30,1003.8,1004.85,1003.0,1003.4,24096,JSWSTEEL
2667,2025-06-06 13:30:00+05:30,1003.45,1004.45,1002.1,1002.25,17653,JSWSTEEL
2668,2025-06-06 13:45:00+05:30,1002.7,1003.85,1001.15,1002.85,46702,JSWSTEEL
2669,2025-06-06 14:00:00+05:30,1003.4,1004.2,1001.35,1002.55,32187,JSWSTEEL
2670,2025-06-06 14:15:00+05:30,1002.6,1004.9,1002.45,1004.0,26523,JSWSTEEL
2671,2025-06-06 14:30:00+05:30,1003.55,1004.8,1003.0,1003.3,35777,JSWSTEEL
2672,2025-06-06 14:45:00+05:30,1003.3,1004.8,1003.05,1003.75,23212,JSWSTEEL
2673,2025-06-06 15:00:00+05:30,1003.7,1005.95,1003.6,1005.2,103053,JSWSTEEL
2674,2025-06-06 15:15:00+05:30,1005.55,1006.0,1002.65,1003.2,162291,JSWSTEEL
2675,2025-06-09 09:15:00+05:30,1006.3,1009.0,1002.0,1002.4,91002,JSWSTEEL
2676,2025-06-09 09:30:00+05:30,1002.4,1005.8,1001.95,1005.0,45110,JSWSTEEL
2677,2025-06-09 09:45:00+05:30,1004.8,1006.3,1003.3,1003.3,38331,JSWSTEEL
2678,2025-06-09 10:00:00+05:30,1003.65,1004.95,1002.25,1003.8,17628,JSWSTEEL
2679,2025-06-09 10:15:00+05:30,1004.2,1005.3,1002.5,1002.5,34749,JSWSTEEL
2680,2025-06-09 10:30:00+05:30,1002.5,1008.3,1002.5,1006.3,150672,JSWSTEEL
2681,2025-06-09 10:45:00+05:30,1006.3,1007.2,1005.2,1006.1,24949,JSWSTEEL
2682,2025-06-09 11:00:00+05:30,1006.2,1012.65,1006.15,1010.2,400448,JSWSTEEL
2683,2025-06-09 11:15:00+05:30,1010.15,1017.0,1009.2,1012.75,289474,JSWSTEEL
2684,2025-06-09 11:30:00+05:30,1012.7,1013.95,1010.15,1010.65,96060,JSWSTEEL
2685,2025-06-09 11:45:00+05:30,1010.65,1014.0,1010.0,1011.9,31219,JSWSTEEL
2686,2025-06-09 12:00:00+05:30,1011.9,1012.3,1008.55,1009.85,62087,JSWSTEEL
2687,2025-06-09 12:15:00+05:30,1009.85,1010.0,1008.0,1009.0,15708,JSWSTEEL
2688,2025-06-09 12:30:00+05:30,1008.6,1009.95,1008.6,1009.5,25759,JSWSTEEL
2689,2025-06-09 12:45:00+05:30,1009.5,1010.0,1006.4,1008.3,42060,JSWSTEEL
2690,2025-06-09 13:00:00+05:30,1007.9,1008.3,1006.65,1007.8,18022,JSWSTEEL
2691,2025-06-09 13:15:00+05:30,1007.5,1008.15,1004.9,1007.4,84530,JSWSTEEL
2692,2025-06-09 13:30:00+05:30,1007.4,1010.1,1006.5,1007.0,54879,JSWSTEEL
2693,2025-06-09 13:45:00+05:30,1007.0,1007.95,1006.3,1006.5,50432,JSWSTEEL
2694,2025-06-09 14:00:00+05:30,1006.5,1007.0,1006.0,1006.0,15674,JSWSTEEL
2695,2025-06-09 14:15:00+05:30,1006.0,1007.9,1006.0,1007.1,32235,JSWSTEEL
2696,2025-06-09 14:30:00+05:30,1007.25,1008.7,1007.1,1008.65,31094,JSWSTEEL
2697,2025-06-09 14:45:00+05:30,1008.25,1008.8,1005.95,1008.6,78580,JSWSTEEL
2698,2025-06-09 15:00:00+05:30,1008.45,1009.1,1007.1,1008.1,48353,JSWSTEEL
2699,2025-06-09 15:15:00+05:30,1008.2,1009.0,1005.05,1006.45,85262,JSWSTEEL
2700,2025-06-10 09:15:00+05:30,1015.0,1015.0,1006.8,1010.05,60783,JSWSTEEL
2701,2025-06-10 09:30:00+05:30,1010.05,1014.0,1009.2,1013.0,36152,JSWSTEEL
2702,2025-06-10 09:45:00+05:30,1013.0,1017.45,1013.0,1013.3,66024,JSWSTEEL
2703,2025-06-10 10:00:00+05:30,1013.3,1018.65,1012.15,1017.7,52052,JSWSTEEL
2704,2025-06-10 10:15:00+05:30,1017.65,1019.15,1013.75,1015.1,46626,JSWSTEEL
2705,2025-06-10 10:30:00+05:30,1015.1,1017.2,1014.95,1015.8,7787,JSWSTEEL
2706,2025-06-10 10:45:00+05:30,1015.85,1019.15,1011.65,1013.5,128626,JSWSTEEL
2707,2025-06-10 11:00:00+05:30,1013.45,1013.8,1009.65,1010.0,392485,JSWSTEEL
2708,2025-06-10 11:15:00+05:30,1010.0,1010.35,1006.25,1006.4,50432,JSWSTEEL
2709,2025-06-10 11:30:00+05:30,1006.45,1007.3,1005.35,1005.7,20764,JSWSTEEL
2710,2025-06-10 11:45:00+05:30,1006.35,1007.65,1006.25,1007.0,10803,JSWSTEEL
2711,2025-06-10 12:00:00+05:30,1007.05,1007.35,1003.0,1003.4,220389,JSWSTEEL
2712,2025-06-10 12:15:00+05:30,1002.9,1005.0,1000.8,1003.95,186304,JSWSTEEL
2713,2025-06-10 12:30:00+05:30,1004.3,1006.7,1003.85,1005.65,22643,JSWSTEEL
2714,2025-06-10 12:45:00+05:30,1005.4,1006.45,1003.85,1006.35,18675,JSWSTEEL
2715,2025-06-10 13:00:00+05:30,1006.3,1009.9,1006.0,1008.85,26364,JSWSTEEL
2716,2025-06-10 13:15:00+05:30,1008.5,1009.9,1007.95,1009.8,20977,JSWSTEEL
2717,2025-06-10 13:30:00+05:30,1009.55,1009.6,1005.65,1006.15,17621,JSWSTEEL
2718,2025-06-10 13:45:00+05:30,1005.85,1006.85,1005.3,1005.8,9871,JSWSTEEL
2719,2025-06-10 14:00:00+05:30,1005.8,1006.9,1005.45,1005.9,19427,JSWSTEEL
2720,2025-06-10 14:15:00+05:30,1005.85,1006.45,1003.55,1004.75,24911,JSWSTEEL
2721,2025-06-10 14:30:00+05:30,1005.0,1005.5,1003.65,1003.95,21483,JSWSTEEL
2722,2025-06-10 14:45:00+05:30,1004.1,1004.85,1003.05,1003.05,19392,JSWSTEEL
2723,2025-06-10 15:00:00+05:30,1003.4,1004.45,1002.05,1003.9,123527,JSWSTEEL
2724,2025-06-10 15:15:00+05:30,1003.85,1003.9,1001.1,1002.9,143544,JSWSTEEL
2725,2025-06-11 09:15:00+05:30,1003.95,1016.0,1003.95,1013.9,171930,JSWSTEEL
2726,2025-06-11 09:30:00+05:30,1013.9,1013.9,1008.45,1008.75,66971,JSWSTEEL
2727,2025-06-11 09:45:00+05:30,1008.75,1012.85,1008.1,1011.55,24444,JSWSTEEL
2728,2025-06-11 10:00:00+05:30,1011.5,1012.85,1010.3,1011.1,25694,JSWSTEEL
2729,2025-06-11 10:15:00+05:30,1011.4,1012.2,1010.35,1011.5,11333,JSWSTEEL
2730,2025-06-11 10:30:00+05:30,1011.2,1012.1,1009.1,1011.45,16044,JSWSTEEL
2731,2025-06-11 10:45:00+05:30,1011.5,1012.65,1010.8,1012.25,11762,JSWSTEEL
2732,2025-06-11 11:00:00+05:30,1012.25,1012.25,1010.0,1010.0,25830,JSWSTEEL
2733,2025-06-11 11:15:00+05:30,1010.0,1011.0,1010.0,1010.15,18531,JSWSTEEL
2734,2025-06-11 11:30:00+05:30,1010.15,1010.95,1010.0,1010.55,8941,JSWSTEEL
2735,2025-06-11 11:45:00+05:30,1010.55,1013.0,1010.35,1012.45,81255,JSWSTEEL
2736,2025-06-11 12:00:00+05:30,1012.15,1012.3,1010.0,1010.35,15485,JSWSTEEL
2737,2025-06-11 12:15:00+05:30,1010.2,1011.1,1009.55,1009.95,13360,JSWSTEEL
2738,2025-06-11 12:30:00+05:30,1010.05,1011.0,1008.2,1009.2,29086,JSWSTEEL
2739,2025-06-11 12:45:00+05:30,1008.85,1009.95,1008.0,1009.75,24508,JSWSTEEL
2740,2025-06-11 13:00:00+05:30,1009.6,1009.95,1009.35,1009.65,5617,JSWSTEEL
2741,2025-06-11 13:15:00+05:30,1009.5,1010.05,1007.0,1007.45,17169,JSWSTEEL
2742,2025-06-11 13:30:00+05:30,1007.3,1009.75,1006.4,1008.5,17021,JSWSTEEL
2743,2025-06-11 13:45:00+05:30,1008.6,1008.95,1005.95,1008.7,23492,JSWSTEEL
2744,2025-06-11 14:00:00+05:30,1008.45,1008.55,1006.0,1007.1,5274,JSWSTEEL
2745,2025-06-11 14:15:00+05:30,1007.0,1008.5,1005.5,1007.35,189107,JSWSTEEL
2746,2025-06-11 14:30:00+05:30,1007.1,1009.0,1007.05,1008.4,20011,JSWSTEEL
2747,2025-06-11 14:45:00+05:30,1008.55,1009.55,1007.85,1008.45,11844,JSWSTEEL
2748,2025-06-11 15:00:00+05:30,1008.4,1008.45,1006.2,1007.8,71549,JSWSTEEL
2749,2025-06-11 15:15:00+05:30,1007.8,1007.95,1006.0,1006.05,96778,JSWSTEEL
2750,2025-06-12 09:15:00+05:30,1007.1,1010.0,1003.1,1008.05,54350,JSWSTEEL
2751,2025-06-12 09:30:00+05:30,1008.05,1009.4,1003.8,1004.2,21053,JSWSTEEL
2752,2025-06-12 09:45:00+05:30,1004.15,1006.8,1003.95,1004.25,22504,JSWSTEEL
2753,2025-06-12 10:00:00+05:30,1004.4,1004.55,1002.0,1002.9,29369,JSWSTEEL
2754,2025-06-12 10:15:00+05:30,1002.9,1003.85,1001.2,1003.6,12204,JSWSTEEL
2755,2025-06-12 10:30:00+05:30,1003.65,1009.8,1003.65,1004.9,38928,JSWSTEEL
2756,2025-06-12 10:45:00+05:30,1004.9,1007.6,1004.75,1005.9,36594,JSWSTEEL
2757,2025-06-12 11:00:00+05:30,1005.75,1007.7,1004.7,1005.95,25166,JSWSTEEL
2758,2025-06-12 11:15:00+05:30,1006.15,1009.0,1005.2,1007.8,18893,JSWSTEEL
2759,2025-06-12 11:30:00+05:30,1007.6,1007.85,1004.6,1006.4,20975,JSWSTEEL
2760,2025-06-12 11:45:00+05:30,1005.95,1006.5,1004.4,1005.75,16140,JSWSTEEL
2761,2025-06-12 12:00:00+05:30,1005.8,1007.2,1003.35,1004.45,51097,JSWSTEEL
2762,2025-06-12 12:15:00+05:30,1004.5,1004.5,1001.1,1001.5,149485,JSWSTEEL
2763,2025-06-12 12:30:00+05:30,1001.5,1003.15,1000.95,1001.7,113518,JSWSTEEL
2764,2025-06-12 12:45:00+05:30,1001.6,1003.0,999.05,999.95,29924,JSWSTEEL
2765,2025-06-12 13:00:00+05:30,999.85,1000.7,999.2,999.8,43510,JSWSTEEL
2766,2025-06-12 13:15:00+05:30,999.8,1000.0,997.1,997.4,125893,JSWSTEEL
2767,2025-06-12 13:30:00+05:30,997.4,997.4,995.2,995.5,178226,JSWSTEEL
2768,2025-06-12 13:45:00+05:30,995.5,1000.25,994.45,998.75,183646,JSWSTEEL
2769,2025-06-12 14:00:00+05:30,999.0,999.55,995.4,997.25,113326,JSWSTEEL
2770,2025-06-12 14:15:00+05:30,996.85,998.25,995.0,995.85,76837,JSWSTEEL
2771,2025-06-12 14:30:00+05:30,996.0,998.85,992.55,996.0,140051,JSWSTEEL
2772,2025-06-12 14:45:00+05:30,996.05,997.85,995.15,996.65,57879,JSWSTEEL
2773,2025-06-12 15:00:00+05:30,996.65,997.85,994.2,995.65,392665,JSWSTEEL
2774,2025-06-12 15:15:00+05:30,995.7,997.5,993.85,996.8,270742,JSWSTEEL
2775,2025-06-13 09:15:00+05:30,984.7,994.05,982.05,991.7,89993,JSWSTEEL
2776,2025-06-13 09:30:00+05:30,991.4,991.65,987.6,990.0,25888,JSWSTEEL
2777,2025-06-13 09:45:00+05:30,990.1,992.65,989.1,990.45,10099,JSWSTEEL
2778,2025-06-13 10:00:00+05:30,990.9,991.3,987.7,989.0,18451,JSWSTEEL
2779,2025-06-13 10:15:00+05:30,989.35,989.6,987.35,989.1,21473,JSWSTEEL
2780,2025-06-13 10:30:00+05:30,988.5,989.55,987.7,988.3,12894,JSWSTEEL
2781,2025-06-13 10:45:00+05:30,988.2,991.0,987.7,989.45,19205,JSWSTEEL
2782,2025-06-13 11:00:00+05:30,989.5,989.9,987.15,987.7,71211,JSWSTEEL
2783,2025-06-13 11:15:00+05:30,987.7,987.9,985.65,987.05,21044,JSWSTEEL
2784,2025-06-13 11:30:00+05:30,987.0,988.35,986.6,987.1,9153,JSWSTEEL
2785,2025-06-13 11:45:00+05:30,987.15,988.0,986.0,987.4,7058,JSWSTEEL
2786,2025-06-13 12:00:00+05:30,987.4,987.85,982.7,983.4,190120,JSWSTEEL
2787,2025-06-13 12:15:00+05:30,983.4,987.4,983.25,986.2,24742,JSWSTEEL
2788,2025-06-13 12:30:00+05:30,986.7,986.8,984.35,985.45,12285,JSWSTEEL
2789,2025-06-13 12:45:00+05:30,985.25,986.45,984.35,985.0,13001,JSWSTEEL
2790,2025-06-13 13:00:00+05:30,985.0,985.7,983.75,985.2,71926,JSWSTEEL
2791,2025-06-13 13:15:00+05:30,985.65,988.05,984.95,987.95,30694,JSWSTEEL
2792,2025-06-13 13:30:00+05:30,987.85,992.0,987.8,990.8,47352,JSWSTEEL
2793,2025-06-13 13:45:00+05:30,990.8,991.5,988.55,989.1,37095,JSWSTEEL
2794,2025-06-13 14:00:00+05:30,989.3,989.45,987.5,988.2,24484,JSWSTEEL
2795,2025-06-13 14:15:00+05:30,988.2,988.9,987.05,988.3,16720,JSWSTEEL
2796,2025-06-13 14:30:00+05:30,988.3,989.0,986.25,986.65,23796,JSWSTEEL
2797,2025-06-13 14:45:00+05:30,986.85,988.9,981.35,981.9,79129,JSWSTEEL
2798,2025-06-13 15:00:00+05:30,982.0,989.7,981.9,987.75,73928,JSWSTEEL
2799,2025-06-13 15:15:00+05:30,987.6,988.95,985.1,987.1,92661,JSWSTEEL
2800,2025-06-16 09:15:00+05:30,987.25,995.35,984.25,988.1,50157,JSWSTEEL
2801,2025-06-16 09:30:00+05:30,988.35,988.4,984.25,985.5,40551,JSWSTEEL
2802,2025-06-16 09:45:00+05:30,985.5,988.3,984.2,988.1,46045,JSWSTEEL
2803,2025-06-16 10:00:00+05:30,988.1,989.85,986.7,988.9,14882,JSWSTEEL
2804,2025-06-16 10:15:00+05:30,988.8,992.5,988.5,992.4,22616,JSWSTEEL
2805,2025-06-16 10:30:00+05:30,992.0,995.75,992.0,994.25,21560,JSWSTEEL
2806,2025-06-16 10:45:00+05:30,994.35,997.3,993.9,996.5,29140,JSWSTEEL
2807,2025-06-16 11:00:00+05:30,996.5,997.85,995.9,996.05,18991,JSWSTEEL
2808,2025-06-16 11:15:00+05:30,996.05,997.35,995.2,997.35,18022,JSWSTEEL
2809,2025-06-16 11:30:00+05:30,997.35,999.4,997.05,998.55,43013,JSWSTEEL
2810,2025-06-16 11:45:00+05:30,998.9,1000.0,998.25,998.9,18105,JSWSTEEL
2811,2025-06-16 12:00:00+05:30,998.9,999.8,998.15,999.7,13959,JSWSTEEL
2812,2025-06-16 12:15:00+05:30,999.7,1000.0,998.6,999.25,10026,JSWSTEEL
2813,2025-06-16 12:30:00+05:30,999.25,1002.8,999.2,1002.25,48126,JSWSTEEL
2814,2025-06-16 12:45:00+05:30,1002.05,1003.0,1000.25,1001.35,16432,JSWSTEEL
2815,2025-06-16 13:00:00+05:30,1001.35,1003.0,1000.25,1002.5,30122,JSWSTEEL
2816,2025-06-16 13:15:00+05:30,1002.5,1003.9,1002.0,1003.9,17665,JSWSTEEL
2817,2025-06-16 13:30:00+05:30,1003.85,1004.8,1002.35,1004.05,19220,JSWSTEEL
2818,2025-06-16 13:45:00+05:30,1004.05,1004.5,1003.25,1004.5,15245,JSWSTEEL
2819,2025-06-16 14:00:00+05:30,1004.5,1008.95,1004.15,1008.0,45050,JSWSTEEL
2820,2025-06-16 14:15:00+05:30,1007.95,1011.0,1004.0,1004.0,103564,JSWSTEEL
2821,2025-06-16 14:30:00+05:30,1004.05,1006.15,1002.3,1004.75,50326,JSWSTEEL
2822,2025-06-16 14:45:00+05:30,1004.35,1005.6,1003.2,1004.25,29251,JSWSTEEL
2823,2025-06-16 15:00:00+05:30,1004.25,1004.8,1003.15,1004.3,62481,JSWSTEEL
2824,2025-06-16 15:15:00+05:30,1004.35,1005.4,1001.75,1002.75,86376,JSWSTEEL
2825,2025-06-17 09:15:00+05:30,1004.5,1010.45,1001.0,1002.8,54303,JSWSTEEL
2826,2025-06-17 09:30:00+05:30,1002.35,1005.9,1002.0,1004.2,19455,JSWSTEEL
2827,2025-06-17 09:45:00+05:30,1004.45,1004.8,1002.1,1003.25,9611,JSWSTEEL
2828,2025-06-17 10:00:00+05:30,1002.9,1004.1,1001.75,1002.0,19439,JSWSTEEL
2829,2025-06-17 10:15:00+05:30,1002.0,1003.95,1000.4,1002.1,22506,JSWSTEEL
2830,2025-06-17 10:30:00+05:30,1002.0,1004.95,1001.7,1004.5,10170,JSWSTEEL
2831,2025-06-17 10:45:00+05:30,1004.05,1004.2,1001.5,1004.0,7216,JSWSTEEL
2832,2025-06-17 11:00:00+05:30,1004.0,1005.1,1002.5,1005.0,7999,JSWSTEEL
2833,2025-06-17 11:15:00+05:30,1005.0,1005.1,1003.25,1004.75,9127,JSWSTEEL
2834,2025-06-17 11:30:00+05:30,1004.75,1005.3,1003.4,1004.6,14973,JSWSTEEL
2835,2025-06-17 11:45:00+05:30,1004.55,1004.75,1003.0,1003.7,6732,JSWSTEEL
2836,2025-06-17 12:00:00+05:30,1003.7,1005.3,1002.65,1004.0,12295,JSWSTEEL
2837,2025-06-17 12:15:00+05:30,1004.0,1004.25,1003.1,1003.6,5408,JSWSTEEL
2838,2025-06-17 12:30:00+05:30,1003.75,1004.75,1001.3,1001.9,23177,JSWSTEEL
2839,2025-06-17 12:45:00+05:30,1001.25,1002.75,999.2,999.8,71349,JSWSTEEL
2840,2025-06-17 13:00:00+05:30,999.6,1000.25,998.25,1000.0,21784,JSWSTEEL
2841,2025-06-17 13:15:00+05:30,1000.05,1000.2,998.3,999.2,17418,JSWSTEEL
2842,2025-06-17 13:30:00+05:30,999.2,1000.75,998.5,999.85,21679,JSWSTEEL
2843,2025-06-17 13:45:00+05:30,999.8,1002.05,998.85,1002.05,85030,JSWSTEEL
2844,2025-06-17 14:00:00+05:30,1002.05,1003.2,1000.0,1001.0,60588,JSWSTEEL
2845,2025-06-17 14:15:00+05:30,1001.1,1002.45,999.45,999.9,175057,JSWSTEEL
2846,2025-06-17 14:30:00+05:30,999.9,999.95,998.0,999.3,61872,JSWSTEEL
2847,2025-06-17 14:45:00+05:30,999.5,1000.0,998.1,998.75,21201,JSWSTEEL
2848,2025-06-17 15:00:00+05:30,998.95,1001.5,998.75,1001.0,119428,JSWSTEEL
2849,2025-06-17 15:15:00+05:30,1001.0,1001.05,997.9,997.9,197677,JSWSTEEL
2850,2025-06-18 09:15:00+05:30,997.0,998.95,990.0,995.55,38065,JSWSTEEL
2851,2025-06-18 09:30:00+05:30,995.85,997.35,994.3,996.45,17028,JSWSTEEL
2852,2025-06-18 09:45:00+05:30,996.45,997.95,993.65,993.65,17276,JSWSTEEL
2853,2025-06-18 10:00:00+05:30,993.7,994.55,992.0,994.55,15130,JSWSTEEL
2854,2025-06-18 10:15:00+05:30,994.7,995.45,990.5,992.15,29360,JSWSTEEL
2855,2025-06-18 10:30:00+05:30,992.35,992.9,990.35,992.9,9962,JSWSTEEL
2856,2025-06-18 10:45:00+05:30,992.5,993.0,989.55,993.0,27143,JSWSTEEL
2857,2025-06-18 11:00:00+05:30,992.7,993.5,991.35,993.0,26300,JSWSTEEL
2858,2025-06-18 11:15:00+05:30,993.0,993.0,990.2,991.0,32917,JSWSTEEL
2859,2025-06-18 11:30:00+05:30,990.7,992.5,989.5,992.5,29351,JSWSTEEL
2860,2025-06-18 11:45:00+05:30,992.1,992.45,989.6,990.25,25227,JSWSTEEL
2861,2025-06-18 12:00:00+05:30,990.35,992.5,989.8,992.15,27812,JSWSTEEL
2862,2025-06-18 12:15:00+05:30,992.25,992.7,990.15,990.95,32442,JSWSTEEL
2863,2025-06-18 12:30:00+05:30,990.55,991.7,986.05,986.85,57642,JSWSTEEL
2864,2025-06-18 12:45:00+05:30,986.9,987.6,985.5,986.65,42712,JSWSTEEL
2865,2025-06-18 13:00:00+05:30,986.65,989.0,985.95,988.95,32108,JSWSTEEL
2866,2025-06-18 13:15:00+05:30,988.65,988.95,987.5,988.55,21784,JSWSTEEL
2867,2025-06-18 13:30:00+05:30,988.4,991.25,988.15,989.95,33194,JSWSTEEL
2868,2025-06-18 13:45:00+05:30,989.95,990.35,986.2,987.8,31379,JSWSTEEL
2869,2025-06-18 14:00:00+05:30,987.8,988.25,986.15,986.15,27556,JSWSTEEL
2870,2025-06-18 14:15:00+05:30,986.3,986.35,983.75,985.45,47940,JSWSTEEL
2871,2025-06-18 14:30:00+05:30,985.45,988.15,984.95,986.55,35482,JSWSTEEL
2872,2025-06-18 14:45:00+05:30,986.85,988.5,986.1,988.35,32037,JSWSTEEL
2873,2025-06-18 15:00:00+05:30,988.35,988.8,985.4,987.05,66812,JSWSTEEL
2874,2025-06-18 15:15:00+05:30,987.2,987.3,985.05,986.9,97816,JSWSTEEL
2875,2025-06-19 09:15:00+05:30,986.9,992.85,985.0,989.4,65505,JSWSTEEL
2876,2025-06-19 09:30:00+05:30,989.45,992.75,988.4,992.4,31497,JSWSTEEL
2877,2025-06-19 09:45:00+05:30,992.4,993.5,991.0,993.25,22928,JSWSTEEL
2878,2025-06-19 10:00:00+05:30,993.1,993.25,991.0,993.0,16495,JSWSTEEL
2879,2025-06-19 10:15:00+05:30,993.2,994.9,991.1,992.8,21387,JSWSTEEL
2880,2025-06-19 10:30:00+05:30,992.8,993.0,990.85,992.9,36817,JSWSTEEL
2881,2025-06-19 10:45:00+05:30,993.0,994.5,991.65,994.0,20627,JSWSTEEL
2882,2025-06-19 11:00:00+05:30,993.95,995.3,993.0,995.25,22617,JSWSTEEL
2883,2025-06-19 11:15:00+05:30,995.2,995.65,991.15,993.0,37420,JSWSTEEL
2884,2025-06-19 11:30:00+05:30,992.8,994.0,992.4,993.75,9744,JSWSTEEL
2885,2025-06-19 11:45:00+05:30,993.75,994.35,992.25,992.65,17343,JSWSTEEL
2886,2025-06-19 12:00:00+05:30,992.65,994.9,991.8,994.0,19357,JSWSTEEL
2887,2025-06-19 12:15:00+05:30,994.35,995.0,991.5,992.6,20929,JSWSTEEL
2888,2025-06-19 12:30:00+05:30,992.75,993.2,990.1,990.45,34434,JSWSTEEL
2889,2025-06-19 12:45:00+05:30,990.7,991.7,988.5,991.35,38393,JSWSTEEL
2890,2025-06-19 13:00:00+05:30,991.25,992.4,990.5,990.95,16909,JSWSTEEL
2891,2025-06-19 13:15:00+05:30,990.5,991.0,988.75,989.35,45518,JSWSTEEL
2892,2025-06-19 13:30:00+05:30,989.35,990.95,988.65,989.5,28788,JSWSTEEL
2893,2025-06-19 13:45:00+05:30,989.5,990.95,989.1,990.95,17998,JSWSTEEL
2894,2025-06-19 14:00:00+05:30,991.0,996.6,990.95,993.95,137120,JSWSTEEL
2895,2025-06-19 14:15:00+05:30,993.55,997.8,993.5,995.35,112027,JSWSTEEL
2896,2025-06-19 14:30:00+05:30,995.0,997.65,993.3,995.0,117794,JSWSTEEL
2897,2025-06-19 14:45:00+05:30,995.0,997.95,994.4,997.05,83772,JSWSTEEL
2898,2025-06-19 15:00:00+05:30,997.3,997.9,995.2,996.9,271872,JSWSTEEL
2899,2025-06-19 15:15:00+05:30,996.75,996.85,991.25,992.65,143792,JSWSTEEL
2900,2025-06-20 09:15:00+05:30,993.95,1000.9,993.95,995.9,41467,JSWSTEEL
2901,2025-06-20 09:30:00+05:30,995.85,997.75,993.65,997.0,61658,JSWSTEEL
2902,2025-06-20 09:45:00+05:30,996.85,1000.0,993.6,994.65,136983,JSWSTEEL
2903,2025-06-20 10:00:00+05:30,994.65,1001.85,994.4,1000.4,90298,JSWSTEEL
2904,2025-06-20 10:15:00+05:30,1000.4,1007.7,1000.35,1007.7,143982,JSWSTEEL
2905,2025-06-20 10:30:00+05:30,1007.5,1014.45,1007.15,1012.95,203676,JSWSTEEL
2906,2025-06-20 10:45:00+05:30,1012.9,1016.25,1012.4,1015.1,137117,JSWSTEEL
2907,2025-06-20 11:00:00+05:30,1015.15,1022.2,1015.1,1022.0,204555,JSWSTEEL
2908,2025-06-20 11:15:00+05:30,1022.0,1024.0,1017.1,1018.35,169699,JSWSTEEL
2909,2025-06-20 11:30:00+05:30,1018.35,1019.7,1015.35,1017.1,179166,JSWSTEEL
2910,2025-06-20 11:45:00+05:30,1017.4,1019.4,1014.75,1015.15,181665,JSWSTEEL
2911,2025-06-20 12:00:00+05:30,1015.15,1016.4,1014.4,1016.4,62908,JSWSTEEL
2912,2025-06-20 12:15:00+05:30,1016.25,1016.3,1008.55,1009.25,97599,JSWSTEEL
2913,2025-06-20 12:30:00+05:30,1009.25,1009.65,1007.6,1008.55,91384,JSWSTEEL
2914,2025-06-20 12:45:00+05:30,1008.6,1008.95,1005.8,1008.1,153846,JSWSTEEL
2915,2025-06-20 13:00:00+05:30,1008.1,1012.6,1007.9,1010.8,56825,JSWSTEEL
2916,2025-06-20 13:15:00+05:30,1011.2,1014.85,1010.8,1013.0,77614,JSWSTEEL
2917,2025-06-20 13:30:00+05:30,1013.2,1013.85,1007.5,1008.2,109718,JSWSTEEL
2918,2025-06-20 13:45:00+05:30,1008.2,1008.85,1006.05,1006.5,64270,JSWSTEEL
2919,2025-06-20 14:00:00+05:30,1006.45,1007.95,1006.15,1006.8,43607,JSWSTEEL
2920,2025-06-20 14:15:00+05:30,1006.7,1008.3,1004.9,1006.4,176478,JSWSTEEL
2921,2025-06-20 14:30:00+05:30,1006.45,1006.8,1002.7,1004.3,210182,JSWSTEEL
2922,2025-06-20 14:45:00+05:30,1004.05,1005.85,1003.3,1004.5,88661,JSWSTEEL
2923,2025-06-20 15:00:00+05:30,1004.7,1007.45,1000.85,1006.0,3496621,JSWSTEEL
2924,2025-06-20 15:15:00+05:30,1006.1,1010.35,1002.6,1007.55,3417078,JSWSTEEL
2925,2025-06-23 09:15:00+05:30,1005.0,1005.2,993.45,995.35,54000,JSWSTEEL
2926,2025-06-23 09:30:00+05:30,995.4,996.85,991.35,992.25,37028,JSWSTEEL
2927,2025-06-23 09:45:00+05:30,992.25,992.3,988.3,989.1,51589,JSWSTEEL
2928,2025-06-23 10:00:00+05:30,989.45,989.5,986.0,987.9,36586,JSWSTEEL
2929,2025-06-23 10:15:00+05:30,987.65,987.9,983.5,986.5,72134,JSWSTEEL
2930,2025-06-23 10:30:00+05:30,986.5,989.25,986.1,989.0,38084,JSWSTEEL
2931,2025-06-23 10:45:00+05:30,988.3,991.45,988.3,989.8,72762,JSWSTEEL
2932,2025-06-23 11:00:00+05:30,989.35,989.65,987.25,988.0,57683,JSWSTEEL
2933,2025-06-23 11:15:00+05:30,988.0,993.45,987.15,993.0,41592,JSWSTEEL
2934,2025-06-23 11:30:00+05:30,993.0,995.55,992.3,995.55,47492,JSWSTEEL
2935,2025-06-23 11:45:00+05:30,995.55,999.0,995.05,998.95,50026,JSWSTEEL
2936,2025-06-23 12:00:00+05:30,998.95,1001.65,997.95,998.65,47614,JSWSTEEL
2937,2025-06-23 12:15:00+05:30,998.6,1001.8,998.6,1000.3,14972,JSWSTEEL
2938,2025-06-23 12:30:00+05:30,1000.3,1002.0,1000.0,1001.75,11703,JSWSTEEL
2939,2025-06-23 12:45:00+05:30,1001.75,1001.75,999.35,1000.05,25059,JSWSTEEL
2940,2025-06-23 13:00:00+05:30,1000.05,1002.8,1000.0,1002.8,26894,JSWSTEEL
2941,2025-06-23 13:15:00+05:30,1002.8,1003.6,1002.0,1003.05,34901,JSWSTEEL
2942,2025-06-23 13:30:00+05:30,1003.0,1004.0,1002.15,1002.8,24789,JSWSTEEL
2943,2025-06-23 13:45:00+05:30,1002.8,1003.25,1001.3,1002.45,19245,JSWSTEEL
2944,2025-06-23 14:00:00+05:30,1002.45,1004.3,1001.6,1001.6,26667,JSWSTEEL
2945,2025-06-23 14:15:00+05:30,1001.9,1002.0,998.65,1000.0,44648,JSWSTEEL
2946,2025-06-23 14:30:00+05:30,1000.05,1000.15,997.1,999.85,68438,JSWSTEEL
2947,2025-06-23 14:45:00+05:30,999.75,1000.05,996.1,997.1,64411,JSWSTEEL
2948,2025-06-23 15:00:00+05:30,997.0,998.0,996.0,997.5,79023,JSWSTEEL
2949,2025-06-23 15:15:00+05:30,997.5,997.65,995.0,995.9,85444,JSWSTEEL
2950,2025-06-24 09:15:00+05:30,1006.0,1013.0,1006.0,1010.35,101850,JSWSTEEL
2951,2025-06-24 09:30:00+05:30,1010.0,1011.9,1004.6,1006.15,34207,JSWSTEEL
2952,2025-06-24 09:45:00+05:30,1005.9,1006.9,1003.65,1005.1,61691,JSWSTEEL
2953,2025-06-24 10:00:00+05:30,1004.8,1008.7,1001.3,1001.7,74658,JSWSTEEL
2954,2025-06-24 10:15:00+05:30,1001.95,1015.0,1001.7,1014.55,115881,JSWSTEEL
2955,2025-06-24 10:30:00+05:30,1014.65,1015.6,1012.7,1014.8,141347,JSWSTEEL
2956,2025-06-24 10:45:00+05:30,1014.85,1015.0,1012.8,1013.7,65180,JSWSTEEL
2957,2025-06-24 11:00:00+05:30,1013.85,1017.5,1013.7,1016.55,81490,JSWSTEEL
2958,2025-06-24 11:15:00+05:30,1016.55,1020.95,1016.55,1020.8,150088,JSWSTEEL
2959,2025-06-24 11:30:00+05:30,1020.3,1022.55,1017.6,1019.15,85057,JSWSTEEL
2960,2025-06-24 11:45:00+05:30,1019.05,1019.8,1017.15,1019.35,31967,JSWSTEEL
2961,2025-06-24 12:00:00+05:30,1019.25,1019.9,1016.35,1018.35,32627,JSWSTEEL
2962,2025-06-24 12:15:00+05:30,1018.4,1018.7,1015.05,1015.8,28011,JSWSTEEL
2963,2025-06-24 12:30:00+05:30,1015.8,1017.75,1014.1,1017.35,28262,JSWSTEEL
2964,2025-06-24 12:45:00+05:30,1017.15,1018.65,1015.9,1016.3,16507,JSWSTEEL
2965,2025-06-24 13:00:00+05:30,1016.4,1017.6,1014.1,1015.7,30066,JSWSTEEL
2966,2025-06-24 13:15:00+05:30,1015.45,1016.4,1012.5,1013.35,28261,JSWSTEEL
2967,2025-06-24 13:30:00+05:30,1013.2,1013.75,1011.1,1011.8,40976,JSWSTEEL
2968,2025-06-24 13:45:00+05:30,1011.8,1012.95,1010.0,1012.5,28904,JSWSTEEL
2969,2025-06-24 14:00:00+05:30,1012.25,1013.3,1007.6,1010.65,18215,JSWSTEEL
2970,2025-06-24 14:15:00+05:30,1010.55,1012.5,1008.4,1010.65,22144,JSWSTEEL
2971,2025-06-24 14:30:00+05:30,1010.65,1012.5,1010.1,1011.85,12374,JSWSTEEL
2972,2025-06-24 14:45:00+05:30,1011.5,1011.85,1007.15,1007.95,37075,JSWSTEEL
2973,2025-06-24 15:00:00+05:30,1007.95,1008.65,1005.05,1005.75,69888,JSWSTEEL
2974,2025-06-24 15:15:00+05:30,1005.9,1010.0,1005.55,1008.0,97618,JSWSTEEL
2975,2025-06-25 09:15:00+05:30,1008.0,1015.7,1008.0,1010.3,98456,JSWSTEEL
2976,2025-06-25 09:30:00+05:30,1010.5,1013.4,1010.1,1011.0,54494,JSWSTEEL
2977,2025-06-25 09:45:00+05:30,1010.85,1016.4,1010.5,1016.3,72234,JSWSTEEL
2978,2025-06-25 10:00:00+05:30,1016.3,1017.6,1013.95,1014.2,48804,JSWSTEEL
2979,2025-06-25 10:15:00+05:30,1014.2,1017.65,1013.1,1016.9,64424,JSWSTEEL
2980,2025-06-25 10:30:00+05:30,1016.9,1017.55,1014.6,1016.0,56003,JSWSTEEL
2981,2025-06-25 10:45:00+05:30,1016.0,1016.35,1015.15,1015.85,37146,JSWSTEEL
2982,2025-06-25 11:00:00+05:30,1015.85,1017.65,1012.55,1013.4,93981,JSWSTEEL
2983,2025-06-25 11:15:00+05:30,1013.45,1015.35,1012.65,1015.0,43859,JSWSTEEL
2984,2025-06-25 11:30:00+05:30,1015.0,1015.5,1013.4,1014.5,189786,JSWSTEEL
2985,2025-06-25 11:45:00+05:30,1014.5,1017.4,1014.25,1016.75,172670,JSWSTEEL
2986,2025-06-25 12:00:00+05:30,1016.75,1018.9,1015.65,1017.1,72900,JSWSTEEL
2987,2025-06-25 12:15:00+05:30,1017.1,1018.65,1016.55,1017.05,30596,JSWSTEEL
2988,2025-06-25 12:30:00+05:30,1017.25,1018.45,1016.05,1017.55,64922,JSWSTEEL
2989,2025-06-25 12:45:00+05:30,1017.95,1021.8,1017.5,1020.4,80666,JSWSTEEL
2990,2025-06-25 13:00:00+05:30,1020.65,1021.8,1019.4,1019.6,99200,JSWSTEEL
2991,2025-06-25 13:15:00+05:30,1019.6,1026.4,1017.9,1025.1,157502,JSWSTEEL
2992,2025-06-25 13:30:00+05:30,1024.95,1027.8,1024.1,1027.25,77530,JSWSTEEL
2993,2025-06-25 13:45:00+05:30,1027.45,1027.45,1024.6,1025.0,59272,JSWSTEEL
2994,2025-06-25 14:00:00+05:30,1025.0,1026.0,1023.35,1026.0,52900,JSWSTEEL
2995,2025-06-25 14:15:00+05:30,1025.9,1026.95,1025.3,1025.6,57602,JSWSTEEL
2996,2025-06-25 14:30:00+05:30,1025.8,1026.35,1023.45,1024.95,63907,JSWSTEEL
2997,2025-06-25 14:45:00+05:30,1024.8,1025.45,1024.0,1024.25,46276,JSWSTEEL
2998,2025-06-25 15:00:00+05:30,1024.45,1024.95,1022.75,1024.25,117479,JSWSTEEL
2999,2025-06-25 15:15:00+05:30,1024.4,1027.0,1024.4,1024.65,116493,JSWSTEEL
3000,2025-06-26 09:15:00+05:30,1030.0,1040.5,1027.05,1032.9,491054,JSWSTEEL
3001,2025-06-26 09:30:00+05:30,1032.9,1033.05,1024.6,1027.5,230027,JSWSTEEL
3002,2025-06-26 09:45:00+05:30,1027.45,1031.45,1025.55,1029.95,140867,JSWSTEEL
3003,2025-06-26 10:00:00+05:30,1029.95,1032.6,1028.5,1029.95,131271,JSWSTEEL
3004,2025-06-26 10:15:00+05:30,1030.1,1030.7,1024.7,1025.9,99277,JSWSTEEL
3005,2025-06-26 10:30:00+05:30,1025.5,1026.0,1018.9,1019.4,165381,JSWSTEEL
3006,2025-06-26 10:45:00+05:30,1019.7,1023.3,1018.1,1021.8,99226,JSWSTEEL
3007,2025-06-26 11:00:00+05:30,1021.85,1025.8,1021.5,1023.95,110583,JSWSTEEL
3008,2025-06-26 11:15:00+05:30,1023.45,1024.4,1020.05,1020.75,52661,JSWSTEEL
3009,2025-06-26 11:30:00+05:30,1020.95,1022.0,1017.15,1018.4,78132,JSWSTEEL
3010,2025-06-26 11:45:00+05:30,1018.7,1021.8,1018.45,1019.95,83320,JSWSTEEL
3011,2025-06-26 12:00:00+05:30,1019.9,1020.9,1018.45,1020.15,64233,JSWSTEEL
3012,2025-06-26 12:15:00+05:30,1020.65,1021.0,1019.0,1020.2,26700,JSWSTEEL
3013,2025-06-26 12:30:00+05:30,1020.2,1023.85,1019.85,1022.4,141149,JSWSTEEL
3014,2025-06-26 12:45:00+05:30,1022.75,1025.0,1021.05,1024.75,54963,JSWSTEEL
3015,2025-06-26 13:00:00+05:30,1024.75,1025.7,1021.9,1023.6,113450,JSWSTEEL
3016,2025-06-26 13:15:00+05:30,1024.1,1025.95,1021.7,1022.95,88551,JSWSTEEL
3017,2025-06-26 13:30:00+05:30,1022.95,1025.75,1022.75,1025.45,77823,JSWSTEEL
3018,2025-06-26 13:45:00+05:30,1025.45,1030.65,1025.15,1028.65,147812,JSWSTEEL
3019,2025-06-26 14:00:00+05:30,1028.85,1029.55,1025.95,1028.4,132070,JSWSTEEL
3020,2025-06-26 14:15:00+05:30,1028.4,1030.85,1026.0,1029.8,162639,JSWSTEEL
3021,2025-06-26 14:30:00+05:30,1029.8,1032.5,1029.2,1032.0,222985,JSWSTEEL
3022,2025-06-26 14:45:00+05:30,1032.2,1035.55,1032.2,1034.4,199986,JSWSTEEL
3023,2025-06-26 15:00:00+05:30,1034.4,1035.0,1030.55,1031.65,511838,JSWSTEEL
3024,2025-06-26 15:15:00+05:30,1031.65,1033.6,1030.8,1031.25,266083,JSWSTEEL
3025,2025-06-27 09:15:00+05:30,1038.45,1043.0,1035.05,1038.85,208399,JSWSTEEL
3026,2025-06-27 09:30:00+05:30,1038.85,1045.7,1037.2,1040.25,209131,JSWSTEEL
3027,2025-06-27 09:45:00+05:30,1040.1,1040.8,1036.95,1037.65,65502,JSWSTEEL
3028,2025-06-27 10:00:00+05:30,1037.7,1040.0,1037.6,1039.5,34341,JSWSTEEL
3029,2025-06-27 10:15:00+05:30,1039.5,1039.95,1038.6,1038.95,29543,JSWSTEEL
3030,2025-06-27 10:30:00+05:30,1039.15,1039.5,1034.35,1035.8,85677,JSWSTEEL
3031,2025-06-27 10:45:00+05:30,1035.8,1036.8,1032.4,1032.55,55110,JSWSTEEL
3032,2025-06-27 11:00:00+05:30,1032.55,1033.15,1030.4,1031.0,86723,JSWSTEEL
3033,2025-06-27 11:15:00+05:30,1031.15,1031.35,1028.8,1029.85,50772,JSWSTEEL
3034,2025-06-27 11:30:00+05:30,1030.5,1030.75,1027.3,1027.75,44415,JSWSTEEL
3035,2025-06-27 11:45:00+05:30,1027.75,1028.4,1025.05,1025.75,68449,JSWSTEEL
3036,2025-06-27 12:00:00+05:30,1025.7,1027.5,1025.5,1026.25,47533,JSWSTEEL
3037,2025-06-27 12:15:00+05:30,1026.65,1029.6,1026.3,1029.2,47565,JSWSTEEL
3038,2025-06-27 12:30:00+05:30,1029.5,1030.6,1028.65,1029.65,61055,JSWSTEEL
3039,2025-06-27 12:45:00+05:30,1030.1,1030.6,1028.4,1028.4,34526,JSWSTEEL
3040,2025-06-27 13:00:00+05:30,1028.4,1030.6,1026.1,1026.8,118454,JSWSTEEL
3041,2025-06-27 13:15:00+05:30,1026.8,1027.6,1024.35,1026.75,53483,JSWSTEEL
3042,2025-06-27 13:30:00+05:30,1026.75,1027.65,1023.2,1025.35,100302,JSWSTEEL
3043,2025-06-27 13:45:00+05:30,1025.2,1026.2,1024.05,1025.1,33822,JSWSTEEL
3044,2025-06-27 14:00:00+05:30,1025.05,1027.4,1024.35,1027.0,46738,JSWSTEEL
3045,2025-06-27 14:15:00+05:30,1027.05,1027.5,1025.2,1027.1,31984,JSWSTEEL
3046,2025-06-27 14:30:00+05:30,1027.05,1027.2,1025.0,1025.65,29269,JSWSTEEL
3047,2025-06-27 14:45:00+05:30,1025.9,1027.4,1024.7,1026.95,28610,JSWSTEEL
3048,2025-06-27 15:00:00+05:30,1026.75,1030.45,1026.75,1028.9,189401,JSWSTEEL
3049,2025-06-27 15:15:00+05:30,1028.9,1029.8,1025.0,1027.95,180780,JSWSTEEL
3050,2025-06-30 09:15:00+05:30,1033.05,1033.1,1024.9,1029.2,52337,JSWSTEEL
3051,2025-06-30 09:30:00+05:30,1029.0,1029.05,1024.7,1025.3,25917,JSWSTEEL
3052,2025-06-30 09:45:00+05:30,1025.15,1025.7,1023.0,1024.35,29799,JSWSTEEL
3053,2025-06-30 10:00:00+05:30,1024.1,1026.45,1023.25,1024.85,26863,JSWSTEEL
3054,2025-06-30 10:15:00+05:30,1024.8,1026.25,1022.0,1022.05,27629,JSWSTEEL
3055,2025-06-30 10:30:00+05:30,1022.0,1024.5,1022.0,1022.5,16933,JSWSTEEL
3056,2025-06-30 10:45:00+05:30,1022.2,1023.1,1021.35,1022.25,14246,JSWSTEEL
3057,2025-06-30 11:00:00+05:30,1022.45,1023.85,1021.7,1023.15,18689,JSWSTEEL
3058,2025-06-30 11:15:00+05:30,1022.95,1023.5,1022.2,1023.3,15465,JSWSTEEL
3059,2025-06-30 11:30:00+05:30,1023.3,1025.5,1023.1,1024.0,34967,JSWSTEEL
3060,2025-06-30 11:45:00+05:30,1023.85,1024.7,1023.0,1023.3,9780,JSWSTEEL
3061,2025-06-30 12:00:00+05:30,1023.4,1025.5,1023.4,1024.65,14856,JSWSTEEL
3062,2025-06-30 12:15:00+05:30,1024.55,1025.05,1023.4,1024.2,13855,JSWSTEEL
3063,2025-06-30 12:30:00+05:30,1024.05,1024.05,1018.85,1019.3,36582,JSWSTEEL
3064,2025-06-30 12:45:00+05:30,1019.15,1020.1,1018.1,1018.35,15332,JSWSTEEL
3065,2025-06-30 13:00:00+05:30,1018.35,1018.35,1016.05,1016.65,20940,JSWSTEEL
3066,2025-06-30 13:15:00+05:30,1016.45,1016.9,1015.1,1016.05,18195,JSWSTEEL
3067,2025-06-30 13:30:00+05:30,1016.05,1018.4,1015.6,1015.75,37741,JSWSTEEL
3068,2025-06-30 13:45:00+05:30,1015.7,1016.4,1014.5,1015.85,31620,JSWSTEEL
3069,2025-06-30 14:00:00+05:30,1015.5,1017.45,1014.8,1016.9,26135,JSWSTEEL
3070,2025-06-30 14:15:00+05:30,1016.7,1018.5,1015.95,1017.25,20667,JSWSTEEL
3071,2025-06-30 14:30:00+05:30,1017.3,1020.65,1016.65,1018.4,44852,JSWSTEEL
3072,2025-06-30 14:45:00+05:30,1018.5,1019.9,1017.45,1018.25,23008,JSWSTEEL
3073,2025-06-30 15:00:00+05:30,1018.25,1021.6,1018.2,1021.25,89947,JSWSTEEL
3074,2025-06-30 15:15:00+05:30,1021.25,1023.0,1017.65,1018.55,98007,JSWSTEEL
3075,2025-07-01 09:15:00+05:30,1023.7,1024.0,1016.2,1019.5,43963,JSWSTEEL
3076,2025-07-01 09:30:00+05:30,1019.4,1020.0,1018.4,1019.2,34274,JSWSTEEL
3077,2025-07-01 09:45:00+05:30,1019.3,1023.7,1019.2,1023.1,55147,JSWSTEEL
3078,2025-07-01 10:00:00+05:30,1023.0,1023.0,1019.7,1020.0,26690,JSWSTEEL
3079,2025-07-01 10:15:00+05:30,1020.1,1021.0,1016.5,1017.9,53986,JSWSTEEL
3080,2025-07-01 10:30:00+05:30,1017.9,1021.2,1017.5,1019.7,31753,JSWSTEEL
3081,2025-07-01 10:45:00+05:30,1019.3,1021.8,1018.0,1018.9,22821,JSWSTEEL
3082,2025-07-01 11:00:00+05:30,1018.8,1020.7,1018.0,1019.7,27417,JSWSTEEL
3083,2025-07-01 11:15:00+05:30,1019.8,1020.7,1018.0,1019.7,14785,JSWSTEEL
3084,2025-07-01 11:30:00+05:30,1019.8,1022.5,1019.2,1022.5,18235,JSWSTEEL
3085,2025-07-01 11:45:00+05:30,1021.9,1022.3,1020.5,1021.1,21848,JSWSTEEL
3086,2025-07-01 12:00:00+05:30,1021.4,1025.9,1020.0,1023.9,82426,JSWSTEEL
3087,2025-07-01 12:15:00+05:30,1024.1,1028.7,1023.3,1026.3,92837,JSWSTEEL
3088,2025-07-01 12:30:00+05:30,1026.4,1029.5,1025.3,1027.6,41900,JSWSTEEL
3089,2025-07-01 12:45:00+05:30,1027.4,1028.5,1026.5,1027.1,23714,JSWSTEEL
3090,2025-07-01 13:00:00+05:30,1027.0,1028.5,1026.1,1026.6,16716,JSWSTEEL
3091,2025-07-01 13:15:00+05:30,1026.9,1028.0,1026.5,1027.3,24814,JSWSTEEL
3092,2025-07-01 13:30:00+05:30,1027.4,1027.9,1026.0,1026.5,15253,JSWSTEEL
3093,2025-07-01 13:45:00+05:30,1026.2,1026.5,1024.5,1026.2,34496,JSWSTEEL
3094,2025-07-01 14:00:00+05:30,1026.2,1031.0,1026.1,1030.9,41327,JSWSTEEL
3095,2025-07-01 14:15:00+05:30,1031.0,1031.6,1028.5,1029.3,48436,JSWSTEEL
3096,2025-07-01 14:30:00+05:30,1029.2,1030.3,1026.8,1028.0,45489,JSWSTEEL
3097,2025-07-01 14:45:00+05:30,1028.0,1029.3,1027.7,1028.9,28731,JSWSTEEL
3098,2025-07-01 15:00:00+05:30,1029.0,1030.0,1028.1,1029.2,54113,JSWSTEEL
3099,2025-07-01 15:15:00+05:30,1029.5,1031.3,1028.1,1029.1,87394,JSWSTEEL
3100,2025-07-02 09:15:00+05:30,1031.0,1040.5,1031.0,1037.8,137688,JSWSTEEL
3101,2025-07-02 09:30:00+05:30,1037.8,1039.8,1034.2,1034.5,53358,JSWSTEEL
3102,2025-07-02 09:45:00+05:30,1034.5,1035.9,1033.2,1033.9,31382,JSWSTEEL
3103,2025-07-02 10:00:00+05:30,1033.7,1034.4,1032.4,1033.4,30744,JSWSTEEL
3104,2025-07-02 10:15:00+05:30,1033.0,1036.0,1031.5,1035.4,39315,JSWSTEEL
3105,2025-07-02 10:30:00+05:30,1035.7,1035.9,1033.5,1035.4,23613,JSWSTEEL
3106,2025-07-02 10:45:00+05:30,1035.4,1040.2,1035.0,1036.3,88026,JSWSTEEL
3107,2025-07-02 11:00:00+05:30,1036.3,1037.7,1033.2,1033.8,40721,JSWSTEEL
3108,2025-07-02 11:15:00+05:30,1033.7,1050.0,1033.0,1047.1,260130,JSWSTEEL
3109,2025-07-02 11:30:00+05:30,1046.8,1050.7,1043.7,1046.9,210381,JSWSTEEL
3110,2025-07-02 11:45:00+05:30,1046.8,1063.4,1046.8,1062.9,563017,JSWSTEEL
3111,2025-07-02 12:00:00+05:30,1063.1,1064.9,1060.6,1061.7,305152,JSWSTEEL
3112,2025-07-02 12:15:00+05:30,1061.9,1064.8,1058.0,1058.9,228721,JSWSTEEL
3113,2025-07-02 12:30:00+05:30,1059.3,1061.3,1057.5,1058.9,135376,JSWSTEEL
3114,2025-07-02 12:45:00+05:30,1058.8,1061.4,1057.5,1060.0,82081,JSWSTEEL
3115,2025-07-02 13:00:00+05:30,1059.6,1062.0,1059.0,1059.0,83888,JSWSTEEL
3116,2025-07-02 13:15:00+05:30,1058.8,1059.2,1055.4,1056.5,97408,JSWSTEEL
3117,2025-07-02 13:30:00+05:30,1056.4,1058.4,1055.9,1056.3,69329,JSWSTEEL
3118,2025-07-02 13:45:00+05:30,1056.6,1057.7,1056.1,1056.6,56299,JSWSTEEL
3119,2025-07-02 14:00:00+05:30,1056.8,1058.8,1056.1,1058.2,61987,JSWSTEEL
3120,2025-07-02 14:15:00+05:30,1057.9,1059.3,1056.2,1057.1,64145,JSWSTEEL
3121,2025-07-02 14:30:00+05:30,1057.2,1058.2,1056.4,1057.0,59593,JSWSTEEL
3122,2025-07-02 14:45:00+05:30,1057.5,1060.9,1057.0,1059.4,127566,JSWSTEEL
3123,2025-07-02 15:00:00+05:30,1059.8,1061.1,1058.3,1059.4,141442,JSWSTEEL
3124,2025-07-02 15:15:00+05:30,1059.3,1061.0,1058.2,1058.2,175415,JSWSTEEL
3125,2025-07-03 09:15:00+05:30,1065.0,1067.8,1056.3,1060.2,279564,JSWSTEEL
3126,2025-07-03 09:30:00+05:30,1060.0,1065.6,1059.3,1063.9,149780,JSWSTEEL
3127,2025-07-03 09:45:00+05:30,1063.9,1064.8,1056.4,1057.5,108322,JSWSTEEL
3128,2025-07-03 10:00:00+05:30,1057.5,1059.7,1055.7,1057.4,62224,JSWSTEEL
3129,2025-07-03 10:15:00+05:30,1057.7,1061.5,1057.2,1059.7,44859,JSWSTEEL
3130,2025-07-03 10:30:00+05:30,1059.9,1060.9,1057.1,1057.9,35238,JSWSTEEL
3131,2025-07-03 10:45:00+05:30,1057.8,1058.2,1054.3,1056.5,46563,JSWSTEEL
3132,2025-07-03 11:00:00+05:30,1056.4,1058.0,1056.2,1056.7,19507,JSWSTEEL
3133,2025-07-03 11:15:00+05:30,1056.7,1058.6,1056.0,1056.7,22648,JSWSTEEL
3134,2025-07-03 11:30:00+05:30,1056.7,1058.4,1056.4,1057.3,30253,JSWSTEEL
3135,2025-07-03 11:45:00+05:30,1057.3,1059.0,1055.4,1058.1,23316,JSWSTEEL
3136,2025-07-03 12:00:00+05:30,1058.0,1058.6,1053.8,1055.1,97645,JSWSTEEL
3137,2025-07-03 12:15:00+05:30,1055.1,1056.0,1054.0,1055.9,30891,JSWSTEEL
3138,2025-07-03 12:30:00+05:30,1055.7,1057.6,1054.8,1055.7,24591,JSWSTEEL
3139,2025-07-03 12:45:00+05:30,1055.7,1056.2,1054.6,1054.9,12510,JSWSTEEL
3140,2025-07-03 13:00:00+05:30,1054.9,1055.4,1050.2,1051.6,78080,JSWSTEEL
3141,2025-07-03 13:15:00+05:30,1051.9,1052.0,1050.1,1051.3,27807,JSWSTEEL
3142,2025-07-03 13:30:00+05:30,1051.3,1053.7,1051.0,1051.9,87468,JSWSTEEL
3143,2025-07-03 13:45:00+05:30,1052.0,1052.2,1046.6,1048.5,61409,JSWSTEEL
3144,2025-07-03 14:00:00+05:30,1048.5,1049.4,1046.0,1046.2,39055,JSWSTEEL
3145,2025-07-03 14:15:00+05:30,1046.1,1046.8,1044.7,1044.9,43138,JSWSTEEL
3146,2025-07-03 14:30:00+05:30,1044.6,1045.0,1042.8,1044.3,84238,JSWSTEEL
3147,2025-07-03 14:45:00+05:30,1044.4,1047.0,1042.6,1044.8,82124,JSWSTEEL
3148,2025-07-03 15:00:00+05:30,1044.7,1046.9,1043.6,1046.0,83843,JSWSTEEL
3149,2025-07-03 15:15:00+05:30,1046.0,1049.5,1045.5,1046.5,128576,JSWSTEEL
3150,2025-07-04 09:15:00+05:30,1051.7,1051.7,1040.7,1046.1,66853,JSWSTEEL
3151,2025-07-04 09:30:00+05:30,1046.1,1047.7,1040.5,1042.7,97229,JSWSTEEL
3152,2025-07-04 09:45:00+05:30,1042.9,1046.0,1042.3,1044.2,20029,JSWSTEEL
3153,2025-07-04 10:00:00+05:30,1044.6,1045.3,1042.8,1044.0,15427,JSWSTEEL
3154,2025-07-04 10:15:00+05:30,1043.9,1044.0,1042.4,1042.6,11815,JSWSTEEL
3155,2025-07-04 10:30:00+05:30,1042.7,1046.2,1042.1,1044.0,52317,JSWSTEEL
3156,2025-07-04 10:45:00+05:30,1043.5,1044.0,1041.4,1042.2,43651,JSWSTEEL
3157,2025-07-04 11:00:00+05:30,1042.2,1042.5,1040.6,1041.9,16203,JSWSTEEL
3158,2025-07-04 11:15:00+05:30,1041.9,1041.9,1038.1,1039.1,39235,JSWSTEEL
3159,2025-07-04 11:30:00+05:30,1039.2,1039.5,1035.0,1035.8,29903,JSWSTEEL
3160,2025-07-04 11:45:00+05:30,1035.8,1036.0,1033.7,1035.0,31162,JSWSTEEL
3161,2025-07-04 12:00:00+05:30,1034.5,1035.4,1033.4,1034.9,23490,JSWSTEEL
3162,2025-07-04 12:15:00+05:30,1034.9,1035.3,1034.3,1034.5,16546,JSWSTEEL
3163,2025-07-04 12:30:00+05:30,1034.5,1037.4,1034.0,1034.3,98944,JSWSTEEL
3164,2025-07-04 12:45:00+05:30,1034.3,1034.5,1032.8,1033.7,17318,JSWSTEEL
3165,2025-07-04 13:00:00+05:30,1033.7,1035.5,1032.7,1035.1,23798,JSWSTEEL
3166,2025-07-04 13:15:00+05:30,1035.1,1036.0,1033.5,1034.2,14588,JSWSTEEL
3167,2025-07-04 13:30:00+05:30,1034.5,1035.5,1033.7,1034.8,26918,JSWSTEEL
3168,2025-07-04 13:45:00+05:30,1034.9,1036.4,1032.1,1035.0,74758,JSWSTEEL
3169,2025-07-04 14:00:00+05:30,1035.4,1036.6,1034.4,1036.2,27354,JSWSTEEL
3170,2025-07-04 14:15:00+05:30,1036.1,1037.3,1035.4,1036.9,22530,JSWSTEEL
3171,2025-07-04 14:30:00+05:30,1036.9,1043.4,1036.7,1042.4,49936,JSWSTEEL
3172,2025-07-04 14:45:00+05:30,1042.4,1042.7,1040.3,1041.3,22471,JSWSTEEL
3173,2025-07-04 15:00:00+05:30,1041.5,1042.6,1040.8,1041.6,34990,JSWSTEEL
3174,2025-07-04 15:15:00+05:30,1041.7,1042.6,1039.0,1040.0,83243,JSWSTEEL
3175,2025-07-07 09:15:00+05:30,1041.0,1043.1,1035.3,1041.4,59461,JSWSTEEL
3176,2025-07-07 09:30:00+05:30,1041.8,1044.5,1041.7,1042.9,26237,JSWSTEEL
3177,2025-07-07 09:45:00+05:30,1043.4,1044.4,1041.8,1043.3,18140,JSWSTEEL
3178,2025-07-07 10:00:00+05:30,1043.4,1044.1,1042.5,1043.6,17661,JSWSTEEL
3179,2025-07-07 10:15:00+05:30,1043.5,1043.8,1041.0,1041.1,13199,JSWSTEEL
3180,2025-07-07 10:30:00+05:30,1041.5,1042.0,1040.7,1041.0,10321,JSWSTEEL
3181,2025-07-07 10:45:00+05:30,1041.0,1043.8,1040.8,1043.7,10907,JSWSTEEL
3182,2025-07-07 11:00:00+05:30,1043.8,1044.0,1041.2,1041.2,13246,JSWSTEEL
3183,2025-07-07 11:15:00+05:30,1041.3,1043.5,1041.0,1043.1,12821,JSWSTEEL
3184,2025-07-07 11:30:00+05:30,1043.1,1043.4,1042.2,1042.7,7200,JSWSTEEL
3185,2025-07-07 11:45:00+05:30,1043.1,1043.2,1041.0,1042.3,8636,JSWSTEEL
3186,2025-07-07 12:00:00+05:30,1042.4,1043.1,1041.5,1041.5,7520,JSWSTEEL
3187,2025-07-07 12:15:00+05:30,1041.5,1043.5,1041.0,1043.2,9892,JSWSTEEL
3188,2025-07-07 12:30:00+05:30,1043.4,1043.5,1042.0,1043.0,9374,JSWSTEEL
3189,2025-07-07 12:45:00+05:30,1042.6,1043.5,1038.9,1040.8,110009,JSWSTEEL
3190,2025-07-07 13:00:00+05:30,1040.9,1041.7,1039.0,1039.6,116599,JSWSTEEL
3191,2025-07-07 13:15:00+05:30,1039.7,1042.2,1039.0,1041.0,36878,JSWSTEEL
3192,2025-07-07 13:30:00+05:30,1040.9,1042.5,1039.7,1040.4,8188,JSWSTEEL
3193,2025-07-07 13:45:00+05:30,1040.5,1042.2,1040.3,1040.8,14640,JSWSTEEL
3194,2025-07-07 14:00:00+05:30,1040.8,1041.0,1039.9,1040.1,13337,JSWSTEEL
3195,2025-07-07 14:15:00+05:30,1040.1,1042.3,1040.1,1041.2,15821,JSWSTEEL
3196,2025-07-07 14:30:00+05:30,1041.2,1041.9,1039.0,1040.0,42537,JSWSTEEL
3197,2025-07-07 14:45:00+05:30,1039.6,1040.4,1039.2,1039.9,27381,JSWSTEEL
3198,2025-07-07 15:00:00+05:30,1040.0,1043.9,1039.9,1043.0,145403,JSWSTEEL
3199,2025-07-07 15:15:00+05:30,1043.0,1045.0,1042.6,1045.0,116461,JSWSTEEL
3200,2025-07-08 09:15:00+05:30,1042.0,1044.3,1039.3,1044.1,63987,JSWSTEEL
3201,2025-07-08 09:30:00+05:30,1044.0,1044.9,1042.8,1043.1,29792,JSWSTEEL
3202,2025-07-08 09:45:00+05:30,1043.1,1047.0,1042.8,1042.8,45920,JSWSTEEL
3203,2025-07-08 10:00:00+05:30,1043.0,1043.3,1041.4,1043.1,26057,JSWSTEEL
3204,2025-07-08 10:15:00+05:30,1043.1,1046.7,1042.7,1045.2,32901,JSWSTEEL
3205,2025-07-08 10:30:00+05:30,1045.0,1047.5,1045.0,1046.1,43841,JSWSTEEL
3206,2025-07-08 10:45:00+05:30,1045.6,1045.8,1043.0,1044.9,20575,JSWSTEEL
3207,2025-07-08 11:00:00+05:30,1044.7,1045.0,1042.8,1043.7,19568,JSWSTEEL
3208,2025-07-08 11:15:00+05:30,1044.0,1044.6,1042.8,1044.2,18158,JSWSTEEL
3209,2025-07-08 11:30:00+05:30,1044.2,1044.7,1041.0,1042.3,19123,JSWSTEEL
3210,2025-07-08 11:45:00+05:30,1042.3,1043.7,1041.2,1042.3,33372,JSWSTEEL
3211,2025-07-08 12:00:00+05:30,1042.2,1044.0,1041.8,1042.3,98132,JSWSTEEL
3212,2025-07-08 12:15:00+05:30,1042.3,1043.9,1041.5,1043.4,30409,JSWSTEEL
3213,2025-07-08 12:30:00+05:30,1043.4,1048.4,1043.4,1047.8,57224,JSWSTEEL
3214,2025-07-08 12:45:00+05:30,1048.0,1049.2,1047.1,1048.5,27666,JSWSTEEL
3215,2025-07-08 13:00:00+05:30,1048.5,1048.9,1048.0,1048.7,11331,JSWSTEEL
3216,2025-07-08 13:15:00+05:30,1048.9,1049.5,1048.6,1049.4,11311,JSWSTEEL
3217,2025-07-08 13:30:00+05:30,1049.5,1049.6,1046.7,1048.1,22106,JSWSTEEL
3218,2025-07-08 13:45:00+05:30,1048.0,1049.0,1047.1,1047.5,20807,JSWSTEEL
3219,2025-07-08 14:00:00+05:30,1047.5,1047.7,1043.2,1043.9,37492,JSWSTEEL
3220,2025-07-08 14:15:00+05:30,1044.1,1044.4,1042.8,1043.0,21355,JSWSTEEL
3221,2025-07-08 14:30:00+05:30,1043.1,1043.4,1041.1,1041.5,16115,JSWSTEEL
3222,2025-07-08 14:45:00+05:30,1041.6,1043.0,1041.2,1042.6,9013,JSWSTEEL
3223,2025-07-08 15:00:00+05:30,1043.0,1046.0,1041.5,1045.2,54287,JSWSTEEL
3224,2025-07-08 15:15:00+05:30,1045.4,1046.5,1042.0,1042.8,57391,JSWSTEEL
3225,2025-07-09 09:15:00+05:30,1051.7,1052.0,1036.9,1038.2,156032,JSWSTEEL
3226,2025-07-09 09:30:00+05:30,1038.3,1042.0,1035.7,1039.0,71976,JSWSTEEL
3227,2025-07-09 09:45:00+05:30,1038.8,1042.0,1035.0,1039.2,96745,JSWSTEEL
3228,2025-07-09 10:00:00+05:30,1039.2,1040.2,1035.5,1038.2,38169,JSWSTEEL
3229,2025-07-09 10:15:00+05:30,1038.1,1042.6,1037.0,1040.6,49655,JSWSTEEL
3230,2025-07-09 10:30:00+05:30,1040.8,1043.7,1040.6,1042.5,30179,JSWSTEEL
3231,2025-07-09 10:45:00+05:30,1043.0,1044.9,1042.0,1044.4,38542,JSWSTEEL
3232,2025-07-09 11:00:00+05:30,1044.4,1045.5,1043.0,1045.4,44210,JSWSTEEL
3233,2025-07-09 11:15:00+05:30,1045.4,1047.4,1043.5,1047.2,66575,JSWSTEEL
3234,2025-07-09 11:30:00+05:30,1047.2,1048.4,1045.3,1046.1,50657,JSWSTEEL
3235,2025-07-09 11:45:00+05:30,1046.1,1046.7,1043.7,1044.3,41544,JSWSTEEL
3236,2025-07-09 12:00:00+05:30,1044.2,1044.2,1033.4,1038.5,218444,JSWSTEEL
3237,2025-07-09 12:15:00+05:30,1038.3,1040.4,1038.1,1038.9,29911,JSWSTEEL
3238,2025-07-09 12:30:00+05:30,1038.9,1039.8,1038.1,1038.9,12764,JSWSTEEL
3239,2025-07-09 12:45:00+05:30,1038.7,1039.8,1037.7,1039.7,17522,JSWSTEEL
3240,2025-07-09 13:00:00+05:30,1039.6,1039.7,1036.2,1039.3,32568,JSWSTEEL
3241,2025-07-09 13:15:00+05:30,1039.4,1042.1,1035.1,1036.6,61481,JSWSTEEL
3242,2025-07-09 13:30:00+05:30,1036.6,1037.1,1033.7,1033.8,28176,JSWSTEEL
3243,2025-07-09 13:45:00+05:30,1033.8,1036.4,1033.5,1036.2,18062,JSWSTEEL
3244,2025-07-09 14:00:00+05:30,1036.3,1038.0,1035.5,1037.4,124610,JSWSTEEL
3245,2025-07-09 14:15:00+05:30,1037.6,1038.5,1036.6,1037.5,26983,JSWSTEEL
3246,2025-07-09 14:30:00+05:30,1037.6,1039.5,1036.5,1038.9,38225,JSWSTEEL
3247,2025-07-09 14:45:00+05:30,1039.0,1040.0,1036.1,1039.8,42776,JSWSTEEL
3248,2025-07-09 15:00:00+05:30,1039.9,1041.4,1039.4,1040.8,150975,JSWSTEEL
3249,2025-07-09 15:15:00+05:30,1040.5,1041.5,1038.0,1040.4,179710,JSWSTEEL
3250,2025-07-10 09:15:00+05:30,1040.9,1047.7,1039.1,1042.1,65447,JSWSTEEL
3251,2025-07-10 09:30:00+05:30,1042.0,1043.7,1040.6,1042.5,20074,JSWSTEEL
3252,2025-07-10 09:45:00+05:30,1042.1,1043.9,1038.1,1039.9,32657,JSWSTEEL
3253,2025-07-10 10:00:00+05:30,1039.7,1040.6,1038.3,1038.5,12764,JSWSTEEL
3254,2025-07-10 10:15:00+05:30,1038.5,1039.5,1036.2,1037.9,16752,JSWSTEEL
3255,2025-07-10 10:30:00+05:30,1037.9,1038.2,1035.5,1036.5,17750,JSWSTEEL
3256,2025-07-10 10:45:00+05:30,1036.0,1036.7,1034.1,1036.4,23441,JSWSTEEL
3257,2025-07-10 11:00:00+05:30,1036.5,1039.1,1036.1,1038.3,20288,JSWSTEEL
3258,2025-07-10 11:15:00+05:30,1038.0,1038.4,1036.4,1038.0,9235,JSWSTEEL
3259,2025-07-10 11:30:00+05:30,1037.8,1045.0,1037.1,1043.6,157955,JSWSTEEL
3260,2025-07-10 11:45:00+05:30,1043.3,1044.0,1039.6,1039.6,36413,JSWSTEEL
3261,2025-07-10 12:00:00+05:30,1039.6,1041.1,1038.1,1038.7,15388,JSWSTEEL
3262,2025-07-10 12:15:00+05:30,1039.0,1040.4,1038.3,1040.4,18374,JSWSTEEL
3263,2025-07-10 12:30:00+05:30,1040.3,1042.8,1038.2,1040.9,69127,JSWSTEEL
3264,2025-07-10 12:45:00+05:30,1040.8,1042.3,1039.5,1039.9,47312,JSWSTEEL
3265,2025-07-10 13:00:00+05:30,1039.9,1041.5,1039.6,1040.0,69790,JSWSTEEL
3266,2025-07-10 13:15:00+05:30,1040.0,1040.9,1038.5,1040.0,32645,JSWSTEEL
3267,2025-07-10 13:30:00+05:30,1039.9,1042.8,1039.6,1039.9,54837,JSWSTEEL
3268,2025-07-10 13:45:00+05:30,1039.9,1041.8,1039.2,1041.0,91839,JSWSTEEL
3269,2025-07-10 14:00:00+05:30,1041.4,1049.0,1041.1,1045.7,44289,JSWSTEEL
3270,2025-07-10 14:15:00+05:30,1045.7,1047.0,1045.2,1047.0,15047,JSWSTEEL
3271,2025-07-10 14:30:00+05:30,1046.9,1049.3,1045.7,1048.9,36919,JSWSTEEL
3272,2025-07-10 14:45:00+05:30,1048.9,1049.6,1045.1,1045.1,28355,JSWSTEEL
3273,2025-07-10 15:00:00+05:30,1045.4,1046.0,1043.0,1043.2,74794,JSWSTEEL
3274,2025-07-10 15:15:00+05:30,1043.3,1044.0,1039.2,1042.9,89723,JSWSTEEL
3275,2025-07-11 09:15:00+05:30,1043.0,1047.7,1039.5,1046.8,74268,JSWSTEEL
3276,2025-07-11 09:30:00+05:30,1047.0,1051.2,1044.3,1049.5,47431,JSWSTEEL
3277,2025-07-11 09:45:00+05:30,1049.7,1051.0,1047.8,1048.8,36614,JSWSTEEL
3278,2025-07-11 10:00:00+05:30,1048.5,1050.8,1047.2,1047.6,23314,JSWSTEEL
3279,2025-07-11 10:15:00+05:30,1047.8,1048.8,1046.1,1046.8,22843,JSWSTEEL
3280,2025-07-11 10:30:00+05:30,1046.5,1046.5,1043.0,1044.0,30398,JSWSTEEL
3281,2025-07-11 10:45:00+05:30,1044.1,1045.6,1042.6,1042.9,18930,JSWSTEEL
3282,2025-07-11 11:00:00+05:30,1042.8,1043.8,1040.1,1041.4,47350,JSWSTEEL
3283,2025-07-11 11:15:00+05:30,1041.6,1042.1,1039.6,1040.3,22452,JSWSTEEL
3284,2025-07-11 11:30:00+05:30,1040.2,1041.9,1040.0,1040.9,10466,JSWSTEEL
3285,2025-07-11 11:45:00+05:30,1041.0,1044.2,1040.9,1041.2,46776,JSWSTEEL
3286,2025-07-11 12:00:00+05:30,1041.4,1041.5,1039.1,1040.0,81087,JSWSTEEL
3287,2025-07-11 12:15:00+05:30,1040.0,1041.5,1039.0,1039.2,56976,JSWSTEEL
3288,2025-07-11 12:30:00+05:30,1039.2,1041.9,1038.1,1040.5,68031,JSWSTEEL
3289,2025-07-11 12:45:00+05:30,1040.3,1040.9,1035.6,1036.0,24229,JSWSTEEL
3290,2025-07-11 13:00:00+05:30,1035.8,1036.7,1034.1,1035.4,18963,JSWSTEEL
3291,2025-07-11 13:15:00+05:30,1035.4,1036.3,1034.5,1035.6,15223,JSWSTEEL
3292,2025-07-11 13:30:00+05:30,1035.6,1036.3,1034.1,1035.3,15304,JSWSTEEL
3293,2025-07-11 13:45:00+05:30,1035.1,1036.0,1034.2,1035.5,7948,JSWSTEEL
3294,2025-07-11 14:00:00+05:30,1035.4,1037.2,1034.3,1036.0,18473,JSWSTEEL
3295,2025-07-11 14:15:00+05:30,1035.8,1037.4,1035.6,1037.3,13601,JSWSTEEL
3296,2025-07-11 14:30:00+05:30,1037.2,1038.1,1036.7,1037.7,26506,JSWSTEEL
3297,2025-07-11 14:45:00+05:30,1037.5,1038.0,1036.3,1037.0,21303,JSWSTEEL
3298,2025-07-11 15:00:00+05:30,1037.0,1038.0,1036.5,1037.1,84081,JSWSTEEL
3299,2025-07-11 15:15:00+05:30,1037.0,1038.8,1036.0,1038.8,99251,JSWSTEEL
3300,2025-07-14 09:15:00+05:30,1040.0,1041.9,1035.0,1038.2,47561,JSWSTEEL
3301,2025-07-14 09:30:00+05:30,1038.2,1039.9,1037.9,1039.6,13886,JSWSTEEL
3302,2025-07-14 09:45:00+05:30,1040.0,1042.3,1039.2,1042.0,13977,JSWSTEEL
3303,2025-07-14 10:00:00+05:30,1042.2,1044.1,1040.5,1041.6,17326,JSWSTEEL
3304,2025-07-14 10:15:00+05:30,1041.6,1044.4,1041.2,1044.4,10372,JSWSTEEL
3305,2025-07-14 10:30:00+05:30,1044.3,1044.9,1040.2,1042.0,26586,JSWSTEEL
3306,2025-07-14 10:45:00+05:30,1041.9,1042.2,1039.7,1040.3,7732,JSWSTEEL
3307,2025-07-14 11:00:00+05:30,1040.4,1042.5,1040.1,1041.5,10407,JSWSTEEL
3308,2025-07-14 11:15:00+05:30,1041.3,1042.0,1034.7,1036.2,60292,JSWSTEEL
3309,2025-07-14 11:30:00+05:30,1036.2,1037.4,1031.8,1032.8,69709,JSWSTEEL
3310,2025-07-14 11:45:00+05:30,1032.4,1038.6,1031.8,1037.4,113907,JSWSTEEL
3311,2025-07-14 12:00:00+05:30,1037.4,1037.7,1034.3,1037.0,98388,JSWSTEEL
3312,2025-07-14 12:15:00+05:30,1037.0,1038.2,1033.7,1034.3,46606,JSWSTEEL
3313,2025-07-14 12:30:00+05:30,1034.3,1037.9,1034.3,1037.9,52169,JSWSTEEL
3314,2025-07-14 12:45:00+05:30,1037.9,1038.3,1034.4,1034.7,33309,JSWSTEEL
3315,2025-07-14 13:00:00+05:30,1034.7,1035.9,1032.5,1034.8,23686,JSWSTEEL
3316,2025-07-14 13:15:00+05:30,1034.8,1038.0,1034.7,1038.0,68361,JSWSTEEL
3317,2025-07-14 13:30:00+05:30,1038.1,1038.6,1036.1,1037.3,8364,JSWSTEEL
3318,2025-07-14 13:45:00+05:30,1037.3,1037.5,1034.7,1036.1,15315,JSWSTEEL
3319,2025-07-14 14:00:00+05:30,1036.0,1037.3,1035.9,1036.4,25878,JSWSTEEL
3320,2025-07-14 14:15:00+05:30,1036.4,1038.6,1035.2,1038.0,81662,JSWSTEEL
3321,2025-07-14 14:30:00+05:30,1038.4,1038.9,1036.1,1037.4,48582,JSWSTEEL
3322,2025-07-14 14:45:00+05:30,1037.4,1042.1,1036.9,1041.4,35744,JSWSTEEL
3323,2025-07-14 15:00:00+05:30,1041.6,1042.2,1038.0,1039.0,116674,JSWSTEEL
3324,2025-07-14 15:15:00+05:30,1038.9,1040.5,1037.0,1040.4,192030,JSWSTEEL
3325,2025-07-15 09:15:00+05:30,1044.7,1044.7,1038.0,1038.0,37713,JSWSTEEL
3326,2025-07-15 09:30:00+05:30,1038.0,1038.8,1029.0,1030.3,59393,JSWSTEEL
3327,2025-07-15 09:45:00+05:30,1030.3,1033.5,1028.2,1031.4,41582,JSWSTEEL
3328,2025-07-15 10:00:00+05:30,1031.4,1033.4,1031.3,1032.9,20071,JSWSTEEL
3329,2025-07-15 10:15:00+05:30,1032.9,1033.5,1029.7,1031.0,27178,JSWSTEEL
3330,2025-07-15 10:30:00+05:30,1031.0,1032.8,1030.6,1032.6,32457,JSWSTEEL
3331,2025-07-15 10:45:00+05:30,1032.7,1038.3,1032.5,1036.4,48529,JSWSTEEL
3332,2025-07-15 11:00:00+05:30,1036.4,1040.0,1036.2,1038.0,25784,JSWSTEEL
3333,2025-07-15 11:15:00+05:30,1038.0,1038.5,1036.4,1037.5,16118,JSWSTEEL
3334,2025-07-15 11:30:00+05:30,1037.2,1040.0,1035.8,1039.3,32574,JSWSTEEL
3335,2025-07-15 11:45:00+05:30,1038.8,1039.9,1037.8,1039.6,20842,JSWSTEEL
3336,2025-07-15 12:00:00+05:30,1039.6,1040.8,1039.5,1040.4,27959,JSWSTEEL
3337,2025-07-15 12:15:00+05:30,1040.0,1040.2,1037.1,1039.7,27516,JSWSTEEL
3338,2025-07-15 12:30:00+05:30,1039.8,1041.0,1036.3,1036.4,56105,JSWSTEEL
3339,2025-07-15 12:45:00+05:30,1036.1,1037.2,1036.0,1037.2,19019,JSWSTEEL
3340,2025-07-15 13:00:00+05:30,1036.7,1038.5,1032.1,1035.3,136735,JSWSTEEL
3341,2025-07-15 13:15:00+05:30,1035.0,1036.2,1034.2,1034.7,21561,JSWSTEEL
3342,2025-07-15 13:30:00+05:30,1034.3,1034.8,1033.0,1033.2,20125,JSWSTEEL
3343,2025-07-15 13:45:00+05:30,1033.2,1034.6,1033.2,1034.0,21306,JSWSTEEL
3344,2025-07-15 14:00:00+05:30,1033.8,1034.0,1030.1,1032.7,35605,JSWSTEEL
3345,2025-07-15 14:15:00+05:30,1032.7,1033.7,1031.7,1032.7,25115,JSWSTEEL
3346,2025-07-15 14:30:00+05:30,1032.7,1034.1,1030.4,1031.7,25193,JSWSTEEL
3347,2025-07-15 14:45:00+05:30,1031.9,1032.0,1030.1,1030.9,15683,JSWSTEEL
3348,2025-07-15 15:00:00+05:30,1030.4,1036.6,1030.4,1035.3,89371,JSWSTEEL
3349,2025-07-15 15:15:00+05:30,1035.2,1038.0,1033.6,1037.4,99307,JSWSTEEL
3350,2025-07-16 09:15:00+05:30,1034.0,1035.0,1020.6,1021.0,200215,JSWSTEEL
3351,2025-07-16 09:30:00+05:30,1021.0,1032.2,1020.5,1027.6,92910,JSWSTEEL
3352,2025-07-16 09:45:00+05:30,1027.5,1029.7,1026.2,1028.0,22219,JSWSTEEL
3353,2025-07-16 10:00:00+05:30,1028.2,1028.2,1024.0,1024.3,26013,JSWSTEEL
3354,2025-07-16 10:15:00+05:30,1024.3,1026.8,1023.5,1026.6,22254,JSWSTEEL
3355,2025-07-16 10:30:00+05:30,1026.6,1029.0,1026.0,1027.0,24127,JSWSTEEL
3356,2025-07-16 10:45:00+05:30,1027.0,1027.9,1025.9,1026.9,12007,JSWSTEEL
3357,2025-07-16 11:00:00+05:30,1027.0,1027.8,1025.5,1025.7,12353,JSWSTEEL
3358,2025-07-16 11:15:00+05:30,1026.2,1026.2,1023.5,1024.0,27382,JSWSTEEL
3359,2025-07-16 11:30:00+05:30,1023.9,1028.3,1023.1,1026.8,58010,JSWSTEEL
3360,2025-07-16 11:45:00+05:30,1026.7,1030.3,1026.1,1026.3,33257,JSWSTEEL
3361,2025-07-16 12:00:00+05:30,1026.4,1026.4,1024.5,1025.0,13037,JSWSTEEL
3362,2025-07-16 12:15:00+05:30,1024.8,1025.2,1024.0,1024.3,12486,JSWSTEEL
3363,2025-07-16 12:30:00+05:30,1024.3,1026.1,1024.1,1024.3,10213,JSWSTEEL
3364,2025-07-16 12:45:00+05:30,1024.3,1026.6,1023.2,1024.2,37500,JSWSTEEL
3365,2025-07-16 13:00:00+05:30,1024.1,1024.6,1023.1,1023.1,9605,JSWSTEEL
3366,2025-07-16 13:15:00+05:30,1023.4,1024.2,1023.2,1024.0,4486,JSWSTEEL
3367,2025-07-16 13:30:00+05:30,1023.8,1025.0,1023.1,1024.8,15622,JSWSTEEL
3368,2025-07-16 13:45:00+05:30,1024.8,1025.3,1024.0,1024.0,10068,JSWSTEEL
3369,2025-07-16 14:00:00+05:30,1024.1,1027.9,1024.0,1027.3,27841,JSWSTEEL
3370,2025-07-16 14:15:00+05:30,1027.0,1027.7,1025.2,1027.0,31813,JSWSTEEL
3371,2025-07-16 14:30:00+05:30,1026.7,1029.9,1026.7,1028.8,35075,JSWSTEEL
3372,2025-07-16 14:45:00+05:30,1028.8,1029.4,1027.7,1029.0,16872,JSWSTEEL
3373,2025-07-16 15:00:00+05:30,1029.4,1031.2,1027.7,1030.1,191942,JSWSTEEL
3374,2025-07-16 15:15:00+05:30,1030.1,1030.8,1027.7,1027.7,151924,JSWSTEEL
3375,2025-07-17 09:15:00+05:30,1030.5,1032.3,1028.0,1031.1,81299,JSWSTEEL
3376,2025-07-17 09:30:00+05:30,1031.3,1034.3,1029.0,1032.2,34020,JSWSTEEL
3377,2025-07-17 09:45:00+05:30,1032.7,1032.8,1029.7,1030.5,14983,JSWSTEEL
3378,2025-07-17 10:00:00+05:30,1030.3,1032.8,1029.6,1030.4,15097,JSWSTEEL
3379,2025-07-17 10:15:00+05:30,1030.7,1031.6,1029.9,1030.2,8355,JSWSTEEL
3380,2025-07-17 10:30:00+05:30,1030.4,1030.5,1027.1,1028.0,16594,JSWSTEEL
3381,2025-07-17 10:45:00+05:30,1028.0,1028.6,1026.1,1026.2,16578,JSWSTEEL
3382,2025-07-17 11:00:00+05:30,1026.2,1028.3,1023.5,1026.5,101771,JSWSTEEL
3383,2025-07-17 11:15:00+05:30,1026.5,1027.5,1025.2,1026.5,91046,JSWSTEEL
3384,2025-07-17 11:30:00+05:30,1026.3,1033.9,1025.4,1032.8,139409,JSWSTEEL
3385,2025-07-17 11:45:00+05:30,1032.9,1035.9,1029.3,1030.8,142408,JSWSTEEL
3386,2025-07-17 12:00:00+05:30,1030.6,1032.1,1028.3,1029.3,78706,JSWSTEEL
3387,2025-07-17 12:15:00+05:30,1029.5,1030.5,1026.3,1028.1,208775,JSWSTEEL
3388,2025-07-17 12:30:00+05:30,1028.0,1034.3,1027.6,1032.9,29911,JSWSTEEL
3389,2025-07-17 12:45:00+05:30,1032.9,1033.6,1030.9,1033.0,20680,JSWSTEEL
3390,2025-07-17 13:00:00+05:30,1033.0,1034.0,1031.9,1032.6,20972,JSWSTEEL
3391,2025-07-17 13:15:00+05:30,1032.7,1038.4,1032.6,1038.1,57384,JSWSTEEL
3392,2025-07-17 13:30:00+05:30,1037.9,1041.7,1036.1,1037.5,89867,JSWSTEEL
3393,2025-07-17 13:45:00+05:30,1037.4,1041.0,1035.9,1040.0,62804,JSWSTEEL
3394,2025-07-17 14:00:00+05:30,1040.2,1040.5,1037.8,1039.3,30052,JSWSTEEL
3395,2025-07-17 14:15:00+05:30,1039.2,1039.3,1035.8,1036.2,13733,JSWSTEEL
3396,2025-07-17 14:30:00+05:30,1035.8,1038.9,1035.5,1037.6,45025,JSWSTEEL
3397,2025-07-17 14:45:00+05:30,1037.6,1037.7,1033.5,1033.8,25227,JSWSTEEL
3398,2025-07-17 15:00:00+05:30,1033.9,1036.2,1033.8,1034.4,81264,JSWSTEEL
3399,2025-07-17 15:15:00+05:30,1034.4,1035.0,1030.5,1032.3,127971,JSWSTEEL
3400,2025-07-18 09:15:00+05:30,1039.0,1046.7,1038.7,1039.5,102736,JSWSTEEL
3401,2025-07-18 09:30:00+05:30,1039.7,1042.4,1037.5,1037.9,40213,JSWSTEEL
3402,2025-07-18 09:45:00+05:30,1037.9,1039.9,1037.3,1038.7,22806,JSWSTEEL
3403,2025-07-18 10:00:00+05:30,1038.7,1040.4,1036.8,1037.5,21435,JSWSTEEL
3404,2025-07-18 10:15:00+05:30,1037.4,1037.7,1031.3,1032.0,72883,JSWSTEEL
3405,2025-07-18 10:30:00+05:30,1032.2,1033.4,1030.5,1032.2,29899,JSWSTEEL
3406,2025-07-18 10:45:00+05:30,1032.2,1033.6,1031.1,1032.1,17866,JSWSTEEL
3407,2025-07-18 11:00:00+05:30,1032.1,1035.5,1031.5,1034.5,14780,JSWSTEEL
3408,2025-07-18 11:15:00+05:30,1034.3,1035.9,1034.1,1034.5,14788,JSWSTEEL
3409,2025-07-18 11:30:00+05:30,1034.6,1034.7,1028.1,1028.5,109663,JSWSTEEL
3410,2025-07-18 11:45:00+05:30,1028.5,1030.0,1027.6,1029.1,29056,JSWSTEEL
3411,2025-07-18 12:00:00+05:30,1029.1,1029.6,1028.1,1028.1,14254,JSWSTEEL
3412,2025-07-18 12:15:00+05:30,1028.3,1030.0,1027.1,1029.9,33657,JSWSTEEL
3413,2025-07-18 12:30:00+05:30,1030.0,1030.1,1027.4,1027.4,35395,JSWSTEEL
3414,2025-07-18 12:45:00+05:30,1027.4,1029.9,1027.0,1029.7,19486,JSWSTEEL
3415,2025-07-18 13:00:00+05:30,1029.7,1031.7,1027.0,1027.9,74066,JSWSTEEL
3416,2025-07-18 13:15:00+05:30,1028.2,1028.4,1027.4,1028.2,8182,JSWSTEEL
3417,2025-07-18 13:30:00+05:30,1028.2,1029.1,1027.4,1028.5,9171,JSWSTEEL
3418,2025-07-18 13:45:00+05:30,1028.5,1034.6,1027.7,1032.1,76882,JSWSTEEL
3419,2025-07-18 14:00:00+05:30,1032.1,1033.2,1029.3,1032.3,148407,JSWSTEEL
3420,2025-07-18 14:15:00+05:30,1032.2,1034.0,1030.0,1031.7,84262,JSWSTEEL
3421,2025-07-18 14:30:00+05:30,1031.5,1034.4,1030.1,1030.7,118823,JSWSTEEL
3422,2025-07-18 14:45:00+05:30,1030.8,1032.9,1029.5,1032.7,38644,JSWSTEEL
3423,2025-07-18 15:00:00+05:30,1032.6,1034.2,1029.9,1033.3,199887,JSWSTEEL
3424,2025-07-18 15:15:00+05:30,1033.5,1053.5,1030.9,1044.8,356615,JSWSTEEL
3425,2025-07-21 09:15:00+05:30,1051.0,1053.5,1018.3,1024.3,864524,JSWSTEEL
3426,2025-07-21 09:30:00+05:30,1024.9,1029.4,1021.1,1026.7,192129,JSWSTEEL
3427,2025-07-21 09:45:00+05:30,1027.2,1030.2,1024.6,1026.5,110327,JSWSTEEL
3428,2025-07-21 10:00:00+05:30,1026.5,1029.1,1024.9,1025.7,46603,JSWSTEEL
3429,2025-07-21 10:15:00+05:30,1025.7,1027.6,1021.8,1025.0,78561,JSWSTEEL
3430,2025-07-21 10:30:00+05:30,1025.2,1032.2,1025.2,1030.0,92656,JSWSTEEL
3431,2025-07-21 10:45:00+05:30,1030.0,1030.4,1025.9,1028.5,40071,JSWSTEEL
3432,2025-07-21 11:00:00+05:30,1028.5,1034.2,1028.2,1031.6,61727,JSWSTEEL
3433,2025-07-21 11:15:00+05:30,1031.6,1032.0,1027.0,1028.4,59634,JSWSTEEL
3434,2025-07-21 11:30:00+05:30,1028.4,1028.7,1025.0,1026.9,51699,JSWSTEEL
3435,2025-07-21 11:45:00+05:30,1026.9,1028.7,1026.6,1027.7,30821,JSWSTEEL
3436,2025-07-21 12:00:00+05:30,1027.7,1027.8,1026.6,1027.1,35382,JSWSTEEL
3437,2025-07-21 12:15:00+05:30,1027.0,1027.3,1025.4,1026.1,35368,JSWSTEEL
3438,2025-07-21 12:30:00+05:30,1026.0,1028.9,1025.2,1028.9,44017,JSWSTEEL
3439,2025-07-21 12:45:00+05:30,1028.9,1029.5,1027.0,1027.6,49260,JSWSTEEL
3440,2025-07-21 13:00:00+05:30,1027.6,1028.9,1027.3,1028.5,29523,JSWSTEEL
3441,2025-07-21 13:15:00+05:30,1028.5,1030.0,1027.2,1029.7,26116,JSWSTEEL
3442,2025-07-21 13:30:00+05:30,1029.6,1034.5,1028.3,1033.9,116597,JSWSTEEL
3443,2025-07-21 13:45:00+05:30,1033.9,1036.0,1032.9,1034.3,73521,JSWSTEEL
3444,2025-07-21 14:00:00+05:30,1034.3,1034.9,1032.9,1033.4,33904,JSWSTEEL
3445,2025-07-21 14:15:00+05:30,1033.4,1035.0,1033.2,1033.7,33567,JSWSTEEL
3446,2025-07-21 14:30:00+05:30,1033.7,1035.0,1031.7,1033.1,57487,JSWSTEEL
3447,2025-07-21 14:45:00+05:30,1033.1,1033.2,1031.8,1032.8,28357,JSWSTEEL
3448,2025-07-21 15:00:00+05:30,1032.8,1035.0,1030.6,1034.4,193965,JSWSTEEL
3449,2025-07-21 15:15:00+05:30,1034.8,1037.2,1033.5,1036.0,385149,JSWSTEEL
3450,2025-07-22 09:15:00+05:30,1038.6,1043.2,1035.0,1038.2,108080,JSWSTEEL
3451,2025-07-22 09:30:00+05:30,1038.1,1038.1,1032.5,1033.8,60676,JSWSTEEL
3452,2025-07-22 09:45:00+05:30,1033.8,1040.0,1032.0,1039.6,61020,JSWSTEEL
3453,2025-07-22 10:00:00+05:30,1039.9,1042.9,1038.5,1040.7,49450,JSWSTEEL
3454,2025-07-22 10:15:00+05:30,1040.7,1040.7,1035.2,1035.2,37871,JSWSTEEL
3455,2025-07-22 10:30:00+05:30,1035.3,1039.6,1033.5,1038.5,36532,JSWSTEEL
3456,2025-07-22 10:45:00+05:30,1038.1,1038.7,1035.5,1036.0,12409,JSWSTEEL
3457,2025-07-22 11:00:00+05:30,1036.2,1036.9,1035.1,1035.4,17426,JSWSTEEL
3458,2025-07-22 11:15:00+05:30,1035.2,1036.6,1035.2,1035.7,11256,JSWSTEEL
3459,2025-07-22 11:30:00+05:30,1035.9,1037.4,1035.4,1036.3,28990,JSWSTEEL
3460,2025-07-22 11:45:00+05:30,1036.3,1040.0,1035.8,1037.8,116177,JSWSTEEL
3461,2025-07-22 12:00:00+05:30,1037.9,1038.2,1034.6,1035.4,116966,JSWSTEEL
3462,2025-07-22 12:15:00+05:30,1035.4,1036.1,1035.0,1035.8,26011,JSWSTEEL
3463,2025-07-22 12:30:00+05:30,1035.9,1036.0,1035.0,1035.8,10991,JSWSTEEL
3464,2025-07-22 12:45:00+05:30,1035.8,1036.0,1035.5,1035.9,8058,JSWSTEEL
3465,2025-07-22 13:00:00+05:30,1035.6,1035.8,1034.0,1034.4,46404,JSWSTEEL
3466,2025-07-22 13:15:00+05:30,1034.5,1035.0,1033.7,1034.4,18484,JSWSTEEL
3467,2025-07-22 13:30:00+05:30,1034.4,1035.0,1032.0,1033.0,68293,JSWSTEEL
3468,2025-07-22 13:45:00+05:30,1033.0,1033.0,1030.9,1032.0,104046,JSWSTEEL
3469,2025-07-22 14:00:00+05:30,1032.0,1034.9,1031.1,1033.6,53590,JSWSTEEL
3470,2025-07-22 14:15:00+05:30,1033.5,1033.8,1031.4,1032.2,20579,JSWSTEEL
3471,2025-07-22 14:30:00+05:30,1032.4,1032.5,1030.1,1032.0,31169,JSWSTEEL
3472,2025-07-22 14:45:00+05:30,1032.0,1032.4,1030.1,1030.5,20049,JSWSTEEL
3473,2025-07-22 15:00:00+05:30,1030.5,1031.6,1028.6,1031.1,66372,JSWSTEEL
3474,2025-07-22 15:15:00+05:30,1031.3,1032.6,1029.8,1029.9,106660,JSWSTEEL
3475,2025-07-23 09:15:00+05:30,1034.0,1036.8,1031.1,1033.5,47940,JSWSTEEL
3476,2025-07-23 09:30:00+05:30,1033.5,1036.7,1032.7,1033.6,24458,JSWSTEEL
3477,2025-07-23 09:45:00+05:30,1033.6,1034.4,1031.3,1033.3,32461,JSWSTEEL
3478,2025-07-23 10:00:00+05:30,1033.3,1033.5,1030.2,1031.5,20161,JSWSTEEL
3479,2025-07-23 10:15:00+05:30,1031.5,1032.4,1030.5,1031.9,20287,JSWSTEEL
3480,2025-07-23 10:30:00+05:30,1031.9,1032.1,1029.4,1031.9,33888,JSWSTEEL
3481,2025-07-23 10:45:00+05:30,1031.9,1033.2,1031.5,1032.3,22138,JSWSTEEL
3482,2025-07-23 11:00:00+05:30,1032.4,1036.0,1032.2,1033.6,34779,JSWSTEEL
3483,2025-07-23 11:15:00+05:30,1033.6,1034.1,1029.4,1029.9,65537,JSWSTEEL
3484,2025-07-23 11:30:00+05:30,1029.8,1032.3,1026.7,1026.7,88009,JSWSTEEL
3485,2025-07-23 11:45:00+05:30,1027.0,1029.1,1026.7,1028.5,16523,JSWSTEEL
3486,2025-07-23 12:00:00+05:30,1028.4,1029.5,1026.4,1028.4,27478,JSWSTEEL
3487,2025-07-23 12:15:00+05:30,1028.2,1030.0,1028.2,1030.0,14803,JSWSTEEL
3488,2025-07-23 12:30:00+05:30,1029.8,1030.5,1028.3,1028.8,25463,JSWSTEEL
3489,2025-07-23 12:45:00+05:30,1028.5,1030.0,1028.2,1029.6,9609,JSWSTEEL
3490,2025-07-23 13:00:00+05:30,1029.6,1031.1,1028.1,1028.6,52557,JSWSTEEL
3491,2025-07-23 13:15:00+05:30,1028.4,1028.6,1025.0,1027.2,25401,JSWSTEEL
3492,2025-07-23 13:30:00+05:30,1027.2,1028.2,1026.0,1026.5,18596,JSWSTEEL
3493,2025-07-23 13:45:00+05:30,1026.2,1029.9,1025.6,1028.0,211021,JSWSTEEL
3494,2025-07-23 14:00:00+05:30,1027.9,1031.0,1026.7,1031.0,40808,JSWSTEEL
3495,2025-07-23 14:15:00+05:30,1030.9,1032.0,1029.4,1030.0,30201,JSWSTEEL
3496,2025-07-23 14:30:00+05:30,1029.8,1030.9,1029.3,1030.7,26967,JSWSTEEL
3497,2025-07-23 14:45:00+05:30,1030.7,1031.7,1029.8,1030.9,14815,JSWSTEEL
3498,2025-07-23 15:00:00+05:30,1030.8,1033.3,1030.4,1033.1,96045,JSWSTEEL
3499,2025-07-23 15:15:00+05:30,1032.9,1037.8,1031.9,1036.5,192437,JSWSTEEL
3500,2025-07-24 09:15:00+05:30,1039.0,1043.9,1035.0,1041.1,92175,JSWSTEEL
3501,2025-07-24 09:30:00+05:30,1041.1,1043.6,1039.5,1041.0,37442,JSWSTEEL
3502,2025-07-24 09:45:00+05:30,1040.9,1042.0,1040.0,1040.4,28403,JSWSTEEL
3503,2025-07-24 10:00:00+05:30,1040.4,1041.8,1040.0,1040.9,16203,JSWSTEEL
3504,2025-07-24 10:15:00+05:30,1040.8,1041.9,1039.3,1040.8,19924,JSWSTEEL
3505,2025-07-24 10:30:00+05:30,1040.6,1041.1,1038.2,1040.0,20295,JSWSTEEL
3506,2025-07-24 10:45:00+05:30,1039.7,1041.0,1039.4,1040.7,20775,JSWSTEEL
3507,2025-07-24 11:00:00+05:30,1040.6,1042.0,1039.7,1039.9,24895,JSWSTEEL
3508,2025-07-24 11:15:00+05:30,1039.8,1041.2,1037.6,1039.8,52653,JSWSTEEL
3509,2025-07-24 11:30:00+05:30,1039.8,1040.2,1038.1,1038.7,22601,JSWSTEEL
3510,2025-07-24 11:45:00+05:30,1038.7,1040.8,1036.7,1037.5,50026,JSWSTEEL
3511,2025-07-24 12:00:00+05:30,1037.1,1038.3,1035.5,1037.8,40974,JSWSTEEL
3512,2025-07-24 12:15:00+05:30,1037.7,1041.1,1037.7,1040.8,36974,JSWSTEEL
3513,2025-07-24 12:30:00+05:30,1040.6,1045.0,1039.8,1045.0,117825,JSWSTEEL
3514,2025-07-24 12:45:00+05:30,1044.8,1048.8,1041.0,1041.5,88857,JSWSTEEL
3515,2025-07-24 13:00:00+05:30,1041.0,1043.7,1039.2,1040.5,131961,JSWSTEEL
3516,2025-07-24 13:15:00+05:30,1040.7,1041.2,1038.2,1038.8,62084,JSWSTEEL
3517,2025-07-24 13:30:00+05:30,1038.5,1039.0,1036.8,1038.5,22900,JSWSTEEL
3518,2025-07-24 13:45:00+05:30,1038.3,1038.5,1035.9,1036.3,24779,JSWSTEEL
3519,2025-07-24 14:00:00+05:30,1036.3,1037.0,1035.5,1036.7,43511,JSWSTEEL
3520,2025-07-24 14:15:00+05:30,1036.7,1037.6,1034.4,1035.9,34667,JSWSTEEL
3521,2025-07-24 14:30:00+05:30,1035.6,1036.4,1033.9,1035.3,103905,JSWSTEEL
3522,2025-07-24 14:45:00+05:30,1035.4,1036.0,1032.9,1033.4,54446,JSWSTEEL
3523,2025-07-24 15:00:00+05:30,1033.5,1034.5,1032.7,1034.5,89134,JSWSTEEL
3524,2025-07-24 15:15:00+05:30,1034.4,1036.3,1031.8,1035.9,224911,JSWSTEEL
3525,2025-07-25 09:15:00+05:30,1033.8,1035.0,1027.4,1033.9,32724,JSWSTEEL
3526,2025-07-25 09:30:00+05:30,1034.2,1034.2,1030.3,1030.3,45057,JSWSTEEL
3527,2025-07-25 09:45:00+05:30,1030.3,1032.8,1029.1,1032.6,20411,JSWSTEEL
3528,2025-07-25 10:00:00+05:30,1032.8,1032.8,1028.3,1028.4,30994,JSWSTEEL
3529,2025-07-25 10:15:00+05:30,1028.3,1028.4,1024.3,1024.8,38549,JSWSTEEL
3530,2025-07-25 10:30:00+05:30,1024.8,1026.0,1024.1,1026.0,21704,JSWSTEEL
3531,2025-07-25 10:45:00+05:30,1025.9,1025.9,1023.0,1025.1,22887,JSWSTEEL
3532,2025-07-25 11:00:00+05:30,1025.1,1025.5,1022.3,1022.3,26114,JSWSTEEL
3533,2025-07-25 11:15:00+05:30,1022.2,1024.1,1021.8,1023.2,21697,JSWSTEEL
3534,2025-07-25 11:30:00+05:30,1023.4,1026.1,1022.7,1025.3,72156,JSWSTEEL
3535,2025-07-25 11:45:00+05:30,1025.1,1025.2,1021.7,1022.4,38869,JSWSTEEL
3536,2025-07-25 12:00:00+05:30,1022.2,1024.0,1021.3,1023.5,27201,JSWSTEEL
3537,2025-07-25 12:15:00+05:30,1023.4,1023.7,1020.1,1022.2,36031,JSWSTEEL
3538,2025-07-25 12:30:00+05:30,1022.2,1025.6,1021.9,1025.0,32164,JSWSTEEL
3539,2025-07-25 12:45:00+05:30,1025.0,1025.7,1023.0,1025.7,46652,JSWSTEEL
3540,2025-07-25 13:00:00+05:30,1025.6,1026.7,1024.4,1025.2,25062,JSWSTEEL
3541,2025-07-25 13:15:00+05:30,1025.2,1027.1,1024.3,1025.1,21444,JSWSTEEL
3542,2025-07-25 13:30:00+05:30,1025.1,1027.9,1024.3,1027.2,38713,JSWSTEEL
3543,2025-07-25 13:45:00+05:30,1027.0,1029.3,1026.5,1029.0,18060,JSWSTEEL
3544,2025-07-25 14:00:00+05:30,1029.0,1029.5,1026.9,1027.4,12586,JSWSTEEL
3545,2025-07-25 14:15:00+05:30,1027.4,1027.8,1025.5,1026.6,11259,JSWSTEEL
3546,2025-07-25 14:30:00+05:30,1026.3,1028.3,1025.9,1027.8,17148,JSWSTEEL
3547,2025-07-25 14:45:00+05:30,1027.4,1027.9,1025.3,1026.4,11485,JSWSTEEL
3548,2025-07-25 15:00:00+05:30,1026.8,1027.8,1023.7,1027.5,92292,JSWSTEEL
3549,2025-07-25 15:15:00+05:30,1027.6,1027.9,1024.1,1026.9,150790,JSWSTEEL
3550,2025-07-28 09:15:00+05:30,1029.0,1034.0,1020.0,1029.0,76619,JSWSTEEL
3551,2025-07-28 09:30:00+05:30,1029.0,1033.9,1026.2,1027.5,36742,JSWSTEEL
3552,2025-07-28 09:45:00+05:30,1027.4,1029.4,1026.2,1026.3,16890,JSWSTEEL
3553,2025-07-28 10:00:00+05:30,1026.5,1029.1,1024.5,1027.4,16794,JSWSTEEL
3554,2025-07-28 10:15:00+05:30,1027.9,1030.7,1027.3,1027.8,15205,JSWSTEEL
3555,2025-07-28 10:30:00+05:30,1028.0,1029.5,1024.3,1024.3,9581,JSWSTEEL
3556,2025-07-28 10:45:00+05:30,1024.3,1024.5,1021.2,1022.5,41344,JSWSTEEL
3557,2025-07-28 11:00:00+05:30,1022.7,1023.0,1020.1,1021.2,42765,JSWSTEEL
3558,2025-07-28 11:15:00+05:30,1020.7,1022.0,1020.1,1022.0,19374,JSWSTEEL
3559,2025-07-28 11:30:00+05:30,1022.0,1022.4,1018.3,1019.1,81264,JSWSTEEL
3560,2025-07-28 11:45:00+05:30,1019.0,1022.0,1017.4,1022.0,36875,JSWSTEEL
3561,2025-07-28 12:00:00+05:30,1022.0,1022.0,1018.4,1019.5,28383,JSWSTEEL
3562,2025-07-28 12:15:00+05:30,1019.3,1020.6,1017.4,1019.3,26193,JSWSTEEL
3563,2025-07-28 12:30:00+05:30,1019.3,1025.3,1017.6,1023.6,193630,JSWSTEEL
3564,2025-07-28 12:45:00+05:30,1023.6,1023.7,1019.2,1022.2,483197,JSWSTEEL
3565,2025-07-28 13:00:00+05:30,1022.2,1027.1,1021.2,1025.7,65805,JSWSTEEL
3566,2025-07-28 13:15:00+05:30,1026.1,1026.5,1023.7,1025.7,59984,JSWSTEEL
3567,2025-07-28 13:30:00+05:30,1025.3,1027.9,1024.7,1026.4,46529,JSWSTEEL
3568,2025-07-28 13:45:00+05:30,1026.4,1030.0,1025.4,1029.4,54543,JSWSTEEL
3569,2025-07-28 14:00:00+05:30,1029.5,1029.8,1026.3,1029.4,37184,JSWSTEEL
3570,2025-07-28 14:15:00+05:30,1029.4,1032.6,1029.0,1030.7,67772,JSWSTEEL
3571,2025-07-28 14:30:00+05:30,1030.5,1031.9,1029.4,1031.4,39868,JSWSTEEL
3572,2025-07-28 14:45:00+05:30,1031.4,1031.9,1028.5,1028.7,34993,JSWSTEEL
3573,2025-07-28 15:00:00+05:30,1028.7,1030.1,1026.2,1029.2,158723,JSWSTEEL
3574,2025-07-28 15:15:00+05:30,1029.2,1030.1,1026.0,1030.0,149228,JSWSTEEL
3575,2025-07-29 09:15:00+05:30,1023.8,1050.1,1023.8,1048.0,386785,JSWSTEEL
3576,2025-07-29 09:30:00+05:30,1047.3,1049.9,1043.1,1044.0,138138,JSWSTEEL
3577,2025-07-29 09:45:00+05:30,1043.6,1049.5,1043.5,1048.6,109595,JSWSTEEL
3578,2025-07-29 10:00:00+05:30,1048.8,1051.3,1045.5,1045.8,141236,JSWSTEEL
3579,2025-07-29 10:15:00+05:30,1045.8,1047.8,1044.2,1044.8,50121,JSWSTEEL
3580,2025-07-29 10:30:00+05:30,1045.0,1045.8,1043.6,1044.8,59259,JSWSTEEL
3581,2025-07-29 10:45:00+05:30,1044.5,1045.5,1043.1,1044.7,45778,JSWSTEEL
3582,2025-07-29 11:00:00+05:30,1044.5,1044.9,1043.1,1044.8,28897,JSWSTEEL
3583,2025-07-29 11:15:00+05:30,1044.8,1047.0,1044.5,1046.0,56283,JSWSTEEL
3584,2025-07-29 11:30:00+05:30,1046.3,1050.0,1046.0,1047.6,50858,JSWSTEEL
3585,2025-07-29 11:45:00+05:30,1047.6,1048.5,1046.7,1047.0,19930,JSWSTEEL
3586,2025-07-29 12:00:00+05:30,1047.1,1047.1,1042.3,1044.2,101541,JSWSTEEL
3587,2025-07-29 12:15:00+05:30,1043.6,1044.6,1043.5,1043.9,27843,JSWSTEEL
3588,2025-07-29 12:30:00+05:30,1043.7,1044.0,1042.5,1043.4,21361,JSWSTEEL
3589,2025-07-29 12:45:00+05:30,1043.7,1044.0,1041.1,1041.5,32700,JSWSTEEL
3590,2025-07-29 13:00:00+05:30,1041.6,1042.7,1040.1,1041.0,42165,JSWSTEEL
3591,2025-07-29 13:15:00+05:30,1041.0,1042.0,1039.7,1040.7,103724,JSWSTEEL
3592,2025-07-29 13:30:00+05:30,1040.5,1041.7,1038.4,1039.5,67536,JSWSTEEL
3593,2025-07-29 13:45:00+05:30,1039.5,1040.9,1038.6,1039.6,44507,JSWSTEEL
3594,2025-07-29 14:00:00+05:30,1039.2,1041.6,1039.2,1041.5,70366,JSWSTEEL
3595,2025-07-29 14:15:00+05:30,1041.5,1042.5,1039.4,1040.0,82665,JSWSTEEL
3596,2025-07-29 14:30:00+05:30,1040.0,1040.0,1037.0,1038.0,97273,JSWSTEEL
3597,2025-07-29 14:45:00+05:30,1038.0,1039.9,1037.4,1038.7,70038,JSWSTEEL
3598,2025-07-29 15:00:00+05:30,1039.1,1039.1,1033.8,1034.0,152836,JSWSTEEL
3599,2025-07-29 15:15:00+05:30,1033.9,1037.9,1031.6,1037.6,213891,JSWSTEEL
3600,2025-07-30 09:15:00+05:30,1046.4,1052.3,1040.6,1043.0,414419,JSWSTEEL
3601,2025-07-30 09:30:00+05:30,1042.9,1048.0,1040.8,1043.0,158947,JSWSTEEL
3602,2025-07-30 09:45:00+05:30,1042.5,1043.9,1040.7,1041.6,41112,JSWSTEEL
3603,2025-07-30 10:00:00+05:30,1042.0,1045.0,1038.6,1039.9,75791,JSWSTEEL
3604,2025-07-30 10:15:00+05:30,1039.5,1041.0,1034.1,1035.5,61406,JSWSTEEL
3605,2025-07-30 10:30:00+05:30,1035.8,1038.2,1035.0,1036.6,33717,JSWSTEEL
3606,2025-07-30 10:45:00+05:30,1036.6,1040.4,1035.8,1037.5,55435,JSWSTEEL
3607,2025-07-30 11:00:00+05:30,1037.5,1040.5,1036.0,1040.5,126373,JSWSTEEL
3608,2025-07-30 11:15:00+05:30,1040.3,1041.4,1036.5,1039.0,249519,JSWSTEEL
3609,2025-07-30 11:30:00+05:30,1039.0,1040.6,1038.0,1039.3,82888,JSWSTEEL
3610,2025-07-30 11:45:00+05:30,1039.3,1040.4,1037.8,1037.9,34560,JSWSTEEL
3611,2025-07-30 12:00:00+05:30,1038.4,1038.4,1034.1,1035.5,40817,JSWSTEEL
3612,2025-07-30 12:15:00+05:30,1035.5,1035.5,1034.1,1034.7,28724,JSWSTEEL
3613,2025-07-30 12:30:00+05:30,1034.7,1034.7,1031.7,1032.8,29175,JSWSTEEL
3614,2025-07-30 12:45:00+05:30,1032.8,1035.0,1032.1,1033.8,13384,JSWSTEEL
3615,2025-07-30 13:00:00+05:30,1033.8,1034.2,1032.0,1033.6,16095,JSWSTEEL
3616,2025-07-30 13:15:00+05:30,1033.6,1034.4,1032.9,1033.3,8209,JSWSTEEL
3617,2025-07-30 13:30:00+05:30,1033.3,1035.5,1032.9,1035.2,13497,JSWSTEEL
3618,2025-07-30 13:45:00+05:30,1035.2,1035.9,1034.8,1035.9,15097,JSWSTEEL
3619,2025-07-30 14:00:00+05:30,1035.9,1037.1,1035.0,1036.4,26373,JSWSTEEL
3620,2025-07-30 14:15:00+05:30,1036.4,1037.3,1035.7,1036.8,19296,JSWSTEEL
3621,2025-07-30 14:30:00+05:30,1036.4,1036.8,1035.5,1035.7,10301,JSWSTEEL
3622,2025-07-30 14:45:00+05:30,1035.7,1036.8,1035.0,1036.3,17090,JSWSTEEL
3623,2025-07-30 15:00:00+05:30,1036.7,1039.4,1035.8,1039.0,95150,JSWSTEEL
3624,2025-07-30 15:15:00+05:30,1039.0,1039.9,1034.0,1034.0,113452,JSWSTEEL
3625,2025-07-31 09:15:00+05:30,1018.0,1043.8,1018.0,1040.8,228038,JSWSTEEL
3626,2025-07-31 09:30:00+05:30,1040.9,1042.0,1038.0,1041.3,75487,JSWSTEEL
3627,2025-07-31 09:45:00+05:30,1041.4,1047.2,1040.5,1044.6,174093,JSWSTEEL
3628,2025-07-31 10:00:00+05:30,1044.7,1045.8,1043.4,1044.1,79612,JSWSTEEL
3629,2025-07-31 10:15:00+05:30,1044.1,1049.9,1043.7,1047.9,123526,JSWSTEEL
3630,2025-07-31 10:30:00+05:30,1047.7,1048.0,1042.2,1042.9,62796,JSWSTEEL
3631,2025-07-31 10:45:00+05:30,1043.0,1044.4,1040.6,1042.8,69385,JSWSTEEL
3632,2025-07-31 11:00:00+05:30,1042.5,1047.1,1042.4,1044.5,53223,JSWSTEEL
3633,2025-07-31 11:15:00+05:30,1044.5,1048.7,1044.5,1047.1,42156,JSWSTEEL
3634,2025-07-31 11:30:00+05:30,1047.3,1053.8,1047.3,1053.3,129249,JSWSTEEL
3635,2025-07-31 11:45:00+05:30,1053.5,1054.9,1049.8,1051.2,404007,JSWSTEEL
3636,2025-07-31 12:00:00+05:30,1051.4,1051.4,1048.9,1050.2,92601,JSWSTEEL
3637,2025-07-31 12:15:00+05:30,1050.2,1052.5,1050.1,1050.9,60443,JSWSTEEL
3638,2025-07-31 12:30:00+05:30,1051.0,1053.0,1048.6,1050.7,167642,JSWSTEEL
3639,2025-07-31 12:45:00+05:30,1050.7,1052.6,1049.9,1052.0,34083,JSWSTEEL
3640,2025-07-31 13:00:00+05:30,1052.3,1053.5,1051.1,1052.4,39129,JSWSTEEL
3641,2025-07-31 13:15:00+05:30,1052.4,1052.4,1050.4,1051.9,36726,JSWSTEEL
3642,2025-07-31 13:30:00+05:30,1051.9,1052.3,1050.7,1051.9,31164,JSWSTEEL
3643,2025-07-31 13:45:00+05:30,1051.9,1052.8,1051.1,1051.6,33704,JSWSTEEL
3644,2025-07-31 14:00:00+05:30,1051.6,1054.2,1051.1,1053.7,87927,JSWSTEEL
3645,2025-07-31 14:15:00+05:30,1053.8,1053.9,1051.3,1052.0,46698,JSWSTEEL
3646,2025-07-31 14:30:00+05:30,1051.9,1055.7,1051.0,1053.3,265291,JSWSTEEL
3647,2025-07-31 14:45:00+05:30,1053.3,1058.6,1051.4,1054.6,321827,JSWSTEEL
3648,2025-07-31 15:00:00+05:30,1054.4,1054.6,1046.6,1046.8,285884,JSWSTEEL
3649,2025-07-31 15:15:00+05:30,1046.7,1058.0,1043.1,1057.9,199081,JSWSTEEL
3650,2025-08-01 09:15:00+05:30,1054.0,1054.0,1030.4,1030.4,335109,JSWSTEEL
3651,2025-08-01 09:30:00+05:30,1030.4,1034.6,1027.4,1029.2,100709,JSWSTEEL
3652,2025-08-01 09:45:00+05:30,1029.3,1031.0,1026.0,1026.4,82184,JSWSTEEL
3653,2025-08-01 10:00:00+05:30,1026.5,1030.9,1025.1,1028.9,84365,JSWSTEEL
3654,2025-08-01 10:15:00+05:30,1028.9,1034.0,1027.0,1033.5,92206,JSWSTEEL
3655,2025-08-01 10:30:00+05:30,1034.0,1037.0,1032.3,1035.0,142907,JSWSTEEL
3656,2025-08-01 10:45:00+05:30,1035.3,1036.7,1032.4,1036.5,27860,JSWSTEEL
3657,2025-08-01 11:00:00+05:30,1036.5,1039.2,1035.7,1036.9,32486,JSWSTEEL
3658,2025-08-01 11:15:00+05:30,1036.9,1037.5,1035.0,1035.9,20267,JSWSTEEL
3659,2025-08-01 11:30:00+05:30,1036.0,1036.4,1032.6,1032.7,12432,JSWSTEEL
3660,2025-08-01 11:45:00+05:30,1032.9,1034.1,1032.9,1033.4,8995,JSWSTEEL
3661,2025-08-01 12:00:00+05:30,1033.4,1033.4,1032.2,1032.7,11915,JSWSTEEL
3662,2025-08-01 12:15:00+05:30,1032.7,1035.2,1032.5,1033.5,23336,JSWSTEEL
3663,2025-08-01 12:30:00+05:30,1033.5,1035.2,1032.5,1034.5,18598,JSWSTEEL
3664,2025-08-01 12:45:00+05:30,1034.4,1034.5,1031.8,1032.7,14482,JSWSTEEL
3665,2025-08-01 13:00:00+05:30,1032.7,1033.9,1031.9,1031.9,20345,JSWSTEEL
3666,2025-08-01 13:15:00+05:30,1031.9,1032.6,1030.5,1032.5,18633,JSWSTEEL
3667,2025-08-01 13:30:00+05:30,1032.5,1033.1,1030.0,1032.0,28040,JSWSTEEL
3668,2025-08-01 13:45:00+05:30,1032.0,1032.2,1030.2,1030.7,9682,JSWSTEEL
3669,2025-08-01 14:00:00+05:30,1030.7,1031.0,1030.0,1030.4,30264,JSWSTEEL
3670,2025-08-01 14:15:00+05:30,1030.4,1031.5,1029.2,1030.4,44026,JSWSTEEL
3671,2025-08-01 14:30:00+05:30,1030.3,1033.9,1029.4,1031.4,54694,JSWSTEEL
3672,2025-08-01 14:45:00+05:30,1031.5,1033.1,1027.3,1028.3,120754,JSWSTEEL
3673,2025-08-01 15:00:00+05:30,1027.8,1029.6,1024.0,1025.0,100074,JSWSTEEL
3674,2025-08-01 15:15:00+05:30,1025.0,1029.5,1023.6,1028.0,170289,JSWSTEEL
3675,2025-08-04 09:15:00+05:30,1029.7,1034.6,1026.4,1034.2,63779,JSWSTEEL
3676,2025-08-04 09:30:00+05:30,1034.2,1038.8,1033.8,1036.7,42131,JSWSTEEL
3677,2025-08-04 09:45:00+05:30,1036.6,1042.7,1036.1,1042.0,42525,JSWSTEEL
3678,2025-08-04 10:00:00+05:30,1041.9,1046.0,1040.4,1045.1,65179,JSWSTEEL
3679,2025-08-04 10:15:00+05:30,1045.3,1045.7,1043.1,1044.4,29351,JSWSTEEL
3680,2025-08-04 10:30:00+05:30,1044.4,1046.4,1044.0,1045.1,42635,JSWSTEEL
3681,2025-08-04 10:45:00+05:30,1045.1,1048.0,1043.1,1046.9,68847,JSWSTEEL
3682,2025-08-04 11:00:00+05:30,1046.6,1047.9,1043.0,1043.4,105383,JSWSTEEL
3683,2025-08-04 11:15:00+05:30,1043.4,1043.7,1041.0,1042.6,34956,JSWSTEEL
3684,2025-08-04 11:30:00+05:30,1042.5,1043.5,1039.7,1040.0,106038,JSWSTEEL
3685,2025-08-04 11:45:00+05:30,1040.0,1041.6,1039.2,1040.6,63145,JSWSTEEL
3686,2025-08-04 12:00:00+05:30,1040.2,1043.2,1039.9,1042.9,106271,JSWSTEEL
3687,2025-08-04 12:15:00+05:30,1042.8,1053.4,1039.8,1052.2,212304,JSWSTEEL
3688,2025-08-04 12:30:00+05:30,1052.5,1058.9,1052.2,1053.8,230732,JSWSTEEL
3689,2025-08-04 12:45:00+05:30,1053.7,1054.1,1051.0,1051.8,34451,JSWSTEEL
3690,2025-08-04 13:00:00+05:30,1051.8,1053.0,1050.3,1051.8,31391,JSWSTEEL
3691,2025-08-04 13:15:00+05:30,1051.4,1052.7,1048.5,1049.5,52198,JSWSTEEL
3692,2025-08-04 13:30:00+05:30,1049.5,1051.8,1049.0,1051.3,18869,JSWSTEEL
3693,2025-08-04 13:45:00+05:30,1051.2,1052.7,1050.2,1050.8,15984,JSWSTEEL
3694,2025-08-04 14:00:00+05:30,1050.7,1050.9,1048.4,1050.0,19157,JSWSTEEL
3695,2025-08-04 14:15:00+05:30,1050.0,1052.7,1049.0,1052.5,44212,JSWSTEEL
3696,2025-08-04 14:30:00+05:30,1052.4,1056.3,1051.7,1053.6,78045,JSWSTEEL
3697,2025-08-04 14:45:00+05:30,1053.6,1056.3,1053.0,1054.8,53434,JSWSTEEL
3698,2025-08-04 15:00:00+05:30,1054.8,1055.9,1052.8,1055.5,92531,JSWSTEEL
3699,2025-08-04 15:15:00+05:30,1055.8,1058.0,1055.0,1057.2,181967,JSWSTEEL
3700,2025-08-05 09:15:00+05:30,1059.0,1063.4,1055.0,1058.3,89114,JSWSTEEL
3701,2025-08-05 09:30:00+05:30,1058.1,1059.8,1054.0,1054.6,50952,JSWSTEEL
3702,2025-08-05 09:45:00+05:30,1055.0,1055.8,1052.7,1053.5,23529,JSWSTEEL
3703,2025-08-05 10:00:00+05:30,1053.3,1056.7,1052.7,1053.8,27139,JSWSTEEL
3704,2025-08-05 10:15:00+05:30,1053.7,1058.8,1053.5,1056.0,30365,JSWSTEEL
3705,2025-08-05 10:30:00+05:30,1056.0,1057.7,1054.8,1056.1,19147,JSWSTEEL
3706,2025-08-05 10:45:00+05:30,1056.3,1056.6,1052.8,1054.0,31451,JSWSTEEL
3707,2025-08-05 11:00:00+05:30,1054.1,1055.0,1053.6,1055.0,46012,JSWSTEEL
3708,2025-08-05 11:15:00+05:30,1054.9,1055.0,1054.0,1054.3,8572,JSWSTEEL
3709,2025-08-05 11:30:00+05:30,1054.2,1054.3,1051.9,1052.3,64847,JSWSTEEL
3710,2025-08-05 11:45:00+05:30,1052.1,1052.3,1049.2,1050.7,49802,JSWSTEEL
3711,2025-08-05 12:00:00+05:30,1050.9,1053.7,1049.8,1053.0,67257,JSWSTEEL
3712,2025-08-05 12:15:00+05:30,1053.0,1053.2,1050.6,1051.3,30563,JSWSTEEL
3713,2025-08-05 12:30:00+05:30,1051.1,1052.0,1049.5,1051.1,131587,JSWSTEEL
3714,2025-08-05 12:45:00+05:30,1051.1,1051.5,1048.7,1050.0,57185,JSWSTEEL
3715,2025-08-05 13:00:00+05:30,1050.0,1050.0,1049.0,1049.8,13623,JSWSTEEL
3716,2025-08-05 13:15:00+05:30,1049.8,1051.4,1049.0,1051.2,39218,JSWSTEEL
3717,2025-08-05 13:30:00+05:30,1051.2,1054.7,1051.2,1053.9,56463,JSWSTEEL
3718,2025-08-05 13:45:00+05:30,1053.9,1057.3,1053.3,1056.2,60142,JSWSTEEL
3719,2025-08-05 14:00:00+05:30,1056.2,1056.9,1052.0,1052.7,80052,JSWSTEEL
3720,2025-08-05 14:15:00+05:30,1052.7,1053.0,1051.2,1052.3,24555,JSWSTEEL
3721,2025-08-05 14:30:00+05:30,1052.3,1052.5,1050.4,1052.0,30930,JSWSTEEL
3722,2025-08-05 14:45:00+05:30,1052.0,1053.3,1050.2,1051.9,99205,JSWSTEEL
3723,2025-08-05 15:00:00+05:30,1051.9,1055.8,1050.7,1052.8,240819,JSWSTEEL
3724,2025-08-05 15:15:00+05:30,1052.8,1057.0,1051.4,1054.1,152423,JSWSTEEL
3725,2025-08-06 09:15:00+05:30,1059.0,1059.6,1054.1,1055.7,118384,JSWSTEEL
3726,2025-08-06 09:30:00+05:30,1055.6,1061.5,1055.1,1058.5,121235,JSWSTEEL
3727,2025-08-06 09:45:00+05:30,1058.5,1060.0,1057.5,1057.5,40810,JSWSTEEL
3728,2025-08-06 10:00:00+05:30,1057.4,1057.8,1052.4,1054.6,63004,JSWSTEEL
3729,2025-08-06 10:15:00+05:30,1054.6,1058.0,1054.2,1054.6,52079,JSWSTEEL
3730,2025-08-06 10:30:00+05:30,1054.9,1055.0,1048.5,1049.0,65141,JSWSTEEL
3731,2025-08-06 10:45:00+05:30,1048.8,1049.0,1046.7,1047.6,43283,JSWSTEEL
3732,2025-08-06 11:00:00+05:30,1047.6,1048.9,1046.8,1048.8,59363,JSWSTEEL
3733,2025-08-06 11:15:00+05:30,1048.7,1048.8,1045.8,1047.3,48966,JSWSTEEL
3734,2025-08-06 11:30:00+05:30,1047.3,1048.0,1046.2,1047.2,30561,JSWSTEEL
3735,2025-08-06 11:45:00+05:30,1047.3,1051.6,1047.1,1051.2,48872,JSWSTEEL
3736,2025-08-06 12:00:00+05:30,1051.2,1056.3,1050.4,1051.1,293195,JSWSTEEL
3737,2025-08-06 12:15:00+05:30,1051.2,1054.1,1051.0,1052.0,164457,JSWSTEEL
3738,2025-08-06 12:30:00+05:30,1052.0,1052.5,1049.3,1050.0,29064,JSWSTEEL
3739,2025-08-06 12:45:00+05:30,1050.0,1050.9,1048.3,1050.0,30259,JSWSTEEL
3740,2025-08-06 13:00:00+05:30,1049.9,1055.0,1049.6,1054.2,185285,JSWSTEEL
3741,2025-08-06 13:15:00+05:30,1053.9,1054.4,1052.7,1054.1,14724,JSWSTEEL
3742,2025-08-06 13:30:00+05:30,1054.0,1055.4,1050.9,1054.0,45900,JSWSTEEL
3743,2025-08-06 13:45:00+05:30,1054.0,1054.3,1052.9,1053.8,12959,JSWSTEEL
3744,2025-08-06 14:00:00+05:30,1053.8,1054.0,1052.2,1052.7,16551,JSWSTEEL
3745,2025-08-06 14:15:00+05:30,1052.7,1053.8,1051.0,1051.3,31479,JSWSTEEL
3746,2025-08-06 14:30:00+05:30,1051.0,1051.8,1049.9,1051.4,52543,JSWSTEEL
3747,2025-08-06 14:45:00+05:30,1051.4,1054.0,1051.1,1053.1,31829,JSWSTEEL
3748,2025-08-06 15:00:00+05:30,1053.1,1053.5,1051.3,1052.7,69779,JSWSTEEL
3749,2025-08-06 15:15:00+05:30,1052.7,1055.7,1051.8,1053.4,127776,JSWSTEEL
3750,2025-08-07 09:15:00+05:30,1052.59,1056.2,1051.3,1053.0,54534,JSWSTEEL
3751,2025-08-07 09:30:00+05:30,1052.9,1053.0,1050.2,1052.0,21862,JSWSTEEL
3752,2025-08-07 09:45:00+05:30,1051.9,1053.09,1050.9,1052.0,14821,JSWSTEEL
3753,2025-08-07 10:00:00+05:30,1052.09,1052.4,1048.4,1050.9,27448,JSWSTEEL
3754,2025-08-07 10:15:00+05:30,1050.7,1051.0,1048.3,1048.3,11344,JSWSTEEL
3755,2025-08-07 10:30:00+05:30,1048.7,1050.5,1046.7,1049.9,21863,JSWSTEEL
3756,2025-08-07 10:45:00+05:30,1049.9,1050.3,1046.8,1048.5,10364,JSWSTEEL
3757,2025-08-07 11:00:00+05:30,1048.5,1049.0,1046.0,1047.5,22698,JSWSTEEL
3758,2025-08-07 11:15:00+05:30,1047.5,1051.9,1046.9,1051.5,27532,JSWSTEEL
3759,2025-08-07 11:30:00+05:30,1051.4,1054.2,1051.09,1051.3,142006,JSWSTEEL
3760,2025-08-07 11:45:00+05:30,1051.4,1053.7,1050.5,1053.2,200557,JSWSTEEL
3761,2025-08-07 12:00:00+05:30,1053.3,1053.5,1050.3,1053.0,186266,JSWSTEEL
3762,2025-08-07 12:15:00+05:30,1053.2,1056.9,1052.9,1054.7,126184,JSWSTEEL
3763,2025-08-07 12:30:00+05:30,1055.09,1055.5,1053.7,1055.09,75450,JSWSTEEL
3764,2025-08-07 12:45:00+05:30,1055.09,1058.8,1054.8,1057.7,36224,JSWSTEEL
3765,2025-08-07 13:00:00+05:30,1057.7,1059.8,1056.0,1057.09,150339,JSWSTEEL
3766,2025-08-07 13:15:00+05:30,1057.0,1057.3,1053.3,1054.8,39899,JSWSTEEL
3767,2025-08-07 13:30:00+05:30,1054.9,1057.4,1052.9,1057.0,52388,JSWSTEEL
3768,2025-08-07 13:45:00+05:30,1057.0,1057.09,1054.7,1055.3,44549,JSWSTEEL
3769,2025-08-07 14:00:00+05:30,1055.3,1058.3,1055.09,1057.5,45210,JSWSTEEL
3770,2025-08-07 14:15:00+05:30,1057.3,1060.7,1056.5,1059.2,81917,JSWSTEEL
3771,2025-08-07 14:30:00+05:30,1059.0,1060.5,1058.5,1059.7,83472,JSWSTEEL
3772,2025-08-07 14:45:00+05:30,1059.9,1060.3,1058.09,1059.2,58298,JSWSTEEL
3773,2025-08-07 15:00:00+05:30,1059.2,1062.8,1059.0,1062.3,101169,JSWSTEEL
3774,2025-08-07 15:15:00+05:30,1062.5,1074.9,1061.3,1073.0,199053,JSWSTEEL
3775,2025-08-08 09:15:00+05:30,1070.0,1071.4,1062.9,1068.7,209209,JSWSTEEL
3776,2025-08-08 09:30:00+05:30,1068.5,1070.0,1064.6,1065.9,74139,JSWSTEEL
3777,2025-08-08 09:45:00+05:30,1065.9,1066.4,1064.1,1064.2,43797,JSWSTEEL
3778,2025-08-08 10:00:00+05:30,1064.1,1066.5,1063.3,1064.8,58387,JSWSTEEL
3779,2025-08-08 10:15:00+05:30,1065.0,1067.4,1062.0,1062.8,134797,JSWSTEEL
3780,2025-08-08 10:30:00+05:30,1062.9,1063.4,1059.1,1060.2,65909,JSWSTEEL
3781,2025-08-08 10:45:00+05:30,1060.2,1061.2,1058.7,1060.0,37061,JSWSTEEL
3782,2025-08-08 11:00:00+05:30,1059.9,1061.8,1059.5,1061.6,30350,JSWSTEEL
3783,2025-08-08 11:15:00+05:30,1061.5,1062.6,1059.7,1060.2,46633,JSWSTEEL
3784,2025-08-08 11:30:00+05:30,1060.5,1060.5,1053.3,1053.8,161748,JSWSTEEL
3785,2025-08-08 11:45:00+05:30,1054.2,1054.2,1051.4,1052.7,68439,JSWSTEEL
3786,2025-08-08 12:00:00+05:30,1052.7,1053.2,1049.4,1050.8,58116,JSWSTEEL
3787,2025-08-08 12:15:00+05:30,1050.8,1050.8,1046.3,1047.0,96854,JSWSTEEL
3788,2025-08-08 12:30:00+05:30,1047.0,1047.2,1042.0,1042.4,87116,JSWSTEEL
3789,2025-08-08 12:45:00+05:30,1042.4,1046.7,1041.7,1045.6,80446,JSWSTEEL
3790,2025-08-08 13:00:00+05:30,1045.7,1047.2,1042.1,1042.7,59103,JSWSTEEL
3791,2025-08-08 13:15:00+05:30,1042.7,1044.4,1042.2,1042.9,40008,JSWSTEEL
3792,2025-08-08 13:30:00+05:30,1042.8,1049.8,1042.6,1048.4,61754,JSWSTEEL
3793,2025-08-08 13:45:00+05:30,1048.4,1049.4,1046.0,1046.5,66024,JSWSTEEL
3794,2025-08-08 14:00:00+05:30,1046.5,1049.5,1043.2,1044.6,42269,JSWSTEEL
3795,2025-08-08 14:15:00+05:30,1044.5,1047.7,1044.1,1045.2,72071,JSWSTEEL
3796,2025-08-08 14:30:00+05:30,1045.1,1047.9,1043.8,1047.2,103889,JSWSTEEL
3797,2025-08-08 14:45:00+05:30,1047.2,1048.0,1044.9,1048.0,55592,JSWSTEEL
3798,2025-08-08 15:00:00+05:30,1048.0,1051.1,1046.5,1049.5,285808,JSWSTEEL
3799,2025-08-08 15:15:00+05:30,1049.4,1050.7,1046.5,1046.5,194842,JSWSTEEL
3800,2025-08-11 09:15:00+05:30,1049.2,1055.8,1046.5,1051.5,126097,JSWSTEEL
3801,2025-08-11 09:30:00+05:30,1051.6,1057.6,1050.4,1054.9,53032,JSWSTEEL
3802,2025-08-11 09:45:00+05:30,1054.5,1055.7,1049.5,1052.2,27067,JSWSTEEL
3803,2025-08-11 10:00:00+05:30,1052.3,1054.2,1046.3,1048.7,62068,JSWSTEEL
3804,2025-08-11 10:15:00+05:30,1048.9,1052.1,1048.3,1051.4,18245,JSWSTEEL
3805,2025-08-11 10:30:00+05:30,1051.8,1053.6,1049.6,1052.2,23308,JSWSTEEL
3806,2025-08-11 10:45:00+05:30,1052.1,1054.9,1051.8,1052.3,14583,JSWSTEEL
3807,2025-08-11 11:00:00+05:30,1052.0,1056.7,1052.0,1053.9,25173,JSWSTEEL
3808,2025-08-11 11:15:00+05:30,1053.9,1056.7,1052.9,1055.3,13510,JSWSTEEL
3809,2025-08-11 11:30:00+05:30,1055.3,1059.0,1052.8,1053.4,45444,JSWSTEEL
3810,2025-08-11 11:45:00+05:30,1053.4,1055.7,1052.1,1054.6,12876,JSWSTEEL
3811,2025-08-11 12:00:00+05:30,1054.9,1057.4,1054.1,1055.5,10953,JSWSTEEL
3812,2025-08-11 12:15:00+05:30,1055.9,1056.7,1054.6,1056.1,11666,JSWSTEEL
3813,2025-08-11 12:30:00+05:30,1056.1,1056.1,1053.8,1055.0,10009,JSWSTEEL
3814,2025-08-11 12:45:00+05:30,1055.0,1057.0,1055.0,1056.4,6878,JSWSTEEL
3815,2025-08-11 13:00:00+05:30,1056.4,1059.2,1056.1,1057.6,28370,JSWSTEEL
3816,2025-08-11 13:15:00+05:30,1057.9,1059.6,1057.2,1058.5,17836,JSWSTEEL
3817,2025-08-11 13:30:00+05:30,1058.5,1059.9,1057.8,1059.4,9538,JSWSTEEL
3818,2025-08-11 13:45:00+05:30,1059.4,1059.9,1057.9,1059.9,16995,JSWSTEEL
3819,2025-08-11 14:00:00+05:30,1059.9,1061.0,1058.5,1059.6,32413,JSWSTEEL
3820,2025-08-11 14:15:00+05:30,1059.6,1060.0,1059.0,1059.7,17381,JSWSTEEL
3821,2025-08-11 14:30:00+05:30,1059.7,1061.0,1058.4,1058.8,145154,JSWSTEEL
3822,2025-08-11 14:45:00+05:30,1058.8,1059.0,1054.8,1055.7,150726,JSWSTEEL
3823,2025-08-11 15:00:00+05:30,1055.7,1056.0,1050.9,1053.8,247417,JSWSTEEL
3824,2025-08-11 15:15:00+05:30,1053.8,1065.0,1049.4,1053.5,366072,JSWSTEEL
3825,2025-08-12 09:15:00+05:30,1054.8,1059.9,1053.3,1057.8,80470,JSWSTEEL
3826,2025-08-12 09:30:00+05:30,1058.2,1058.3,1053.0,1054.0,13625,JSWSTEEL
3827,2025-08-12 09:45:00+05:30,1054.0,1057.6,1053.9,1057.3,25950,JSWSTEEL
3828,2025-08-12 10:00:00+05:30,1057.3,1057.5,1053.9,1054.4,18793,JSWSTEEL
3829,2025-08-12 10:15:00+05:30,1054.4,1055.7,1052.7,1052.7,25018,JSWSTEEL
3830,2025-08-12 10:30:00+05:30,1052.6,1052.7,1050.4,1050.8,21775,JSWSTEEL
3831,2025-08-12 10:45:00+05:30,1050.5,1052.7,1050.0,1050.8,45046,JSWSTEEL
3832,2025-08-12 11:00:00+05:30,1050.8,1052.3,1050.1,1051.5,14305,JSWSTEEL
3833,2025-08-12 11:15:00+05:30,1051.4,1057.1,1051.3,1054.7,31510,JSWSTEEL
3834,2025-08-12 11:30:00+05:30,1054.9,1056.8,1054.7,1056.6,15444,JSWSTEEL
3835,2025-08-12 11:45:00+05:30,1056.6,1057.0,1054.4,1056.9,16511,JSWSTEEL
3836,2025-08-12 12:00:00+05:30,1056.9,1057.5,1056.0,1056.1,12449,JSWSTEEL
3837,2025-08-12 12:15:00+05:30,1056.2,1056.7,1055.7,1056.0,8366,JSWSTEEL
3838,2025-08-12 12:30:00+05:30,1055.8,1058.0,1055.3,1056.3,14671,JSWSTEEL
3839,2025-08-12 12:45:00+05:30,1056.8,1057.6,1055.0,1055.4,157015,JSWSTEEL
3840,2025-08-12 13:00:00+05:30,1055.0,1055.3,1052.8,1053.4,48561,JSWSTEEL
3841,2025-08-12 13:15:00+05:30,1053.3,1053.3,1050.1,1052.0,155779,JSWSTEEL
3842,2025-08-12 13:30:00+05:30,1051.6,1052.0,1049.9,1051.7,63111,JSWSTEEL
3843,2025-08-12 13:45:00+05:30,1051.4,1051.8,1049.2,1050.0,192542,JSWSTEEL
3844,2025-08-12 14:00:00+05:30,1049.8,1050.0,1045.6,1047.4,29558,JSWSTEEL
3845,2025-08-12 14:15:00+05:30,1047.4,1049.0,1045.8,1048.5,25089,JSWSTEEL
3846,2025-08-12 14:30:00+05:30,1048.5,1049.5,1046.1,1048.8,51224,JSWSTEEL
3847,2025-08-12 14:45:00+05:30,1048.5,1049.6,1046.8,1048.8,32316,JSWSTEEL
3848,2025-08-12 15:00:00+05:30,1048.8,1049.5,1047.1,1049.0,54491,JSWSTEEL
3849,2025-08-12 15:15:00+05:30,1049.0,1049.6,1047.0,1047.0,77674,JSWSTEEL
3850,2025-08-13 09:15:00+05:30,1052.2,1056.0,1050.3,1055.4,36267,JSWSTEEL
3851,2025-08-13 09:30:00+05:30,1055.4,1059.6,1054.9,1056.8,67506,JSWSTEEL
3852,2025-08-13 09:45:00+05:30,1056.8,1059.0,1055.7,1055.9,37653,JSWSTEEL
3853,2025-08-13 10:00:00+05:30,1056.3,1057.8,1054.4,1055.5,26257,JSWSTEEL
3854,2025-08-13 10:15:00+05:30,1055.9,1057.4,1055.5,1056.6,18827,JSWSTEEL
3855,2025-08-13 10:30:00+05:30,1056.2,1057.6,1054.0,1055.4,18934,JSWSTEEL
3856,2025-08-13 10:45:00+05:30,1055.6,1056.5,1054.2,1054.7,157185,JSWSTEEL
3857,2025-08-13 11:00:00+05:30,1054.8,1056.3,1052.5,1055.3,209254,JSWSTEEL
3858,2025-08-13 11:15:00+05:30,1054.6,1055.6,1053.2,1055.5,71774,JSWSTEEL
3859,2025-08-13 11:30:00+05:30,1055.5,1056.2,1051.6,1053.0,19238,JSWSTEEL
3860,2025-08-13 11:45:00+05:30,1053.0,1053.5,1050.9,1050.9,18185,JSWSTEEL
3861,2025-08-13 12:00:00+05:30,1051.1,1053.8,1050.6,1053.6,18389,JSWSTEEL
3862,2025-08-13 12:15:00+05:30,1053.2,1056.1,1053.0,1055.0,20847,JSWSTEEL
3863,2025-08-13 12:30:00+05:30,1055.0,1056.2,1054.5,1056.1,10297,JSWSTEEL
3864,2025-08-13 12:45:00+05:30,1056.1,1056.1,1054.4,1055.1,7772,JSWSTEEL
3865,2025-08-13 13:00:00+05:30,1055.1,1055.2,1053.2,1053.8,7198,JSWSTEEL
3866,2025-08-13 13:15:00+05:30,1053.8,1054.6,1052.5,1053.6,15005,JSWSTEEL
3867,2025-08-13 13:30:00+05:30,1053.1,1054.6,1051.5,1054.1,22482,JSWSTEEL
3868,2025-08-13 13:45:00+05:30,1054.1,1054.6,1053.2,1053.3,14467,JSWSTEEL
3869,2025-08-13 14:00:00+05:30,1053.3,1055.2,1053.1,1054.7,13916,JSWSTEEL
3870,2025-08-13 14:15:00+05:30,1054.6,1054.9,1052.2,1053.3,23618,JSWSTEEL
3871,2025-08-13 14:30:00+05:30,1053.0,1055.2,1052.9,1055.0,32901,JSWSTEEL
3872,2025-08-13 14:45:00+05:30,1055.2,1055.9,1053.6,1053.9,35365,JSWSTEEL
3873,2025-08-13 15:00:00+05:30,1053.9,1054.7,1053.3,1053.9,80379,JSWSTEEL
3874,2025-08-13 15:15:00+05:30,1053.8,1056.0,1052.0,1055.0,142004,JSWSTEEL
3875,2025-08-14 09:15:00+05:30,1055.0,1058.1,1045.0,1048.9,61666,JSWSTEEL
3876,2025-08-14 09:30:00+05:30,1048.9,1049.7,1046.1,1048.6,31264,JSWSTEEL
3877,2025-08-14 09:45:00+05:30,1048.6,1050.9,1048.1,1048.7,19509,JSWSTEEL
3878,2025-08-14 10:00:00+05:30,1048.2,1048.7,1045.9,1046.9,28122,JSWSTEEL
3879,2025-08-14 10:15:00+05:30,1046.9,1049.3,1046.3,1047.8,17395,JSWSTEEL
3880,2025-08-14 10:30:00+05:30,1047.8,1048.0,1046.1,1047.3,11960,JSWSTEEL
3881,2025-08-14 10:45:00+05:30,1047.2,1048.3,1045.4,1047.3,24917,JSWSTEEL
3882,2025-08-14 11:00:00+05:30,1047.8,1048.2,1045.6,1046.6,21385,JSWSTEEL
3883,2025-08-14 11:15:00+05:30,1046.6,1047.9,1046.1,1047.3,7572,JSWSTEEL
3884,2025-08-14 11:30:00+05:30,1047.6,1047.7,1045.1,1045.8,10957,JSWSTEEL
3885,2025-08-14 11:45:00+05:30,1045.8,1047.1,1045.0,1047.1,10753,JSWSTEEL
3886,2025-08-14 12:00:00+05:30,1047.1,1049.0,1047.0,1047.6,20420,JSWSTEEL
3887,2025-08-14 12:15:00+05:30,1047.6,1048.0,1046.5,1047.7,8393,JSWSTEEL
3888,2025-08-14 12:30:00+05:30,1047.7,1048.0,1046.8,1047.7,3813,JSWSTEEL
3889,2025-08-14 12:45:00+05:30,1047.6,1050.8,1046.7,1050.6,17438,JSWSTEEL
3890,2025-08-14 13:00:00+05:30,1050.7,1050.7,1047.3,1047.9,21518,JSWSTEEL
3891,2025-08-14 13:15:00+05:30,1047.5,1048.1,1046.6,1046.9,16154,JSWSTEEL
3892,2025-08-14 13:30:00+05:30,1046.9,1049.1,1046.9,1047.4,11095,JSWSTEEL
3893,2025-08-14 13:45:00+05:30,1047.3,1047.3,1043.3,1043.5,55821,JSWSTEEL
3894,2025-08-14 14:00:00+05:30,1043.7,1043.7,1041.2,1041.3,49221,JSWSTEEL
3895,2025-08-14 14:15:00+05:30,1041.3,1042.0,1040.4,1040.9,28034,JSWSTEEL
3896,2025-08-14 14:30:00+05:30,1040.9,1041.8,1038.9,1041.4,71635,JSWSTEEL
3897,2025-08-14 14:45:00+05:30,1041.4,1043.8,1040.9,1043.1,92913,JSWSTEEL
3898,2025-08-14 15:00:00+05:30,1043.1,1046.7,1042.8,1045.1,121278,JSWSTEEL
3899,2025-08-14 15:15:00+05:30,1045.4,1047.5,1044.2,1046.0,107661,JSWSTEEL
3900,2025-08-18 09:15:00+05:30,1060.0,1068.9,1050.0,1065.3,192813,JSWSTEEL
3901,2025-08-18 09:30:00+05:30,1065.1,1074.4,1065.1,1069.8,222979,JSWSTEEL
3902,2025-08-18 09:45:00+05:30,1069.7,1073.4,1069.0,1070.6,60266,JSWSTEEL
3903,2025-08-18 10:00:00+05:30,1070.8,1072.5,1070.0,1071.5,69594,JSWSTEEL
3904,2025-08-18 10:15:00+05:30,1071.6,1073.5,1071.1,1071.6,52060,JSWSTEEL
3905,2025-08-18 10:30:00+05:30,1071.6,1072.9,1069.2,1069.2,45152,JSWSTEEL
3906,2025-08-18 10:45:00+05:30,1069.2,1070.0,1067.5,1069.7,32684,JSWSTEEL
3907,2025-08-18 11:00:00+05:30,1069.5,1071.7,1069.0,1069.8,50672,JSWSTEEL
3908,2025-08-18 11:15:00+05:30,1069.7,1071.0,1067.7,1069.9,113819,JSWSTEEL
3909,2025-08-18 11:30:00+05:30,1069.9,1069.9,1067.3,1068.7,110341,JSWSTEEL
3910,2025-08-18 11:45:00+05:30,1068.5,1069.4,1066.7,1067.0,63045,JSWSTEEL
3911,2025-08-18 12:00:00+05:30,1067.0,1067.7,1065.4,1066.1,45499,JSWSTEEL
3912,2025-08-18 12:15:00+05:30,1066.6,1067.1,1064.4,1066.8,60739,JSWSTEEL
3913,2025-08-18 12:30:00+05:30,1066.7,1068.1,1065.5,1067.0,126561,JSWSTEEL
3914,2025-08-18 12:45:00+05:30,1067.0,1069.8,1067.0,1069.4,120791,JSWSTEEL
3915,2025-08-18 13:00:00+05:30,1069.3,1069.7,1067.1,1067.6,221321,JSWSTEEL
3916,2025-08-18 13:15:00+05:30,1067.4,1068.7,1066.9,1067.7,253274,JSWSTEEL
3917,2025-08-18 13:30:00+05:30,1068.3,1068.3,1066.9,1067.9,118410,JSWSTEEL
3918,2025-08-18 13:45:00+05:30,1067.5,1067.9,1064.9,1066.5,204137,JSWSTEEL
3919,2025-08-18 14:00:00+05:30,1066.7,1069.6,1065.8,1069.3,99783,JSWSTEEL
3920,2025-08-18 14:15:00+05:30,1069.3,1070.8,1067.9,1069.6,158710,JSWSTEEL
3921,2025-08-18 14:30:00+05:30,1069.4,1072.1,1069.4,1071.6,74438,JSWSTEEL
3922,2025-08-18 14:45:00+05:30,1071.6,1079.0,1071.2,1078.6,189650,JSWSTEEL
3923,2025-08-18 15:00:00+05:30,1078.5,1080.0,1077.1,1079.6,267977,JSWSTEEL
3924,2025-08-18 15:15:00+05:30,1079.5,1084.0,1078.0,1084.0,297971,JSWSTEEL
3925,2025-08-19 09:15:00+05:30,1080.0,1088.0,1075.9,1079.4,280022,JSWSTEEL
3926,2025-08-19 09:30:00+05:30,1079.4,1079.8,1074.0,1075.7,95339,JSWSTEEL
3927,2025-08-19 09:45:00+05:30,1075.2,1077.4,1073.5,1076.2,45831,JSWSTEEL
3928,2025-08-19 10:00:00+05:30,1075.9,1080.0,1075.2,1079.6,42163,JSWSTEEL
3929,2025-08-19 10:15:00+05:30,1079.1,1080.7,1077.8,1078.4,50882,JSWSTEEL
3930,2025-08-19 10:30:00+05:30,1078.0,1080.5,1076.6,1077.7,30104,JSWSTEEL
3931,2025-08-19 10:45:00+05:30,1077.7,1078.6,1074.2,1074.4,33933,JSWSTEEL
3932,2025-08-19 11:00:00+05:30,1074.4,1074.9,1071.1,1072.0,75612,JSWSTEEL
3933,2025-08-19 11:15:00+05:30,1072.0,1074.4,1070.8,1070.9,107609,JSWSTEEL
3934,2025-08-19 11:30:00+05:30,1070.8,1076.8,1070.7,1074.1,152380,JSWSTEEL
3935,2025-08-19 11:45:00+05:30,1074.1,1074.7,1072.3,1074.4,151552,JSWSTEEL
3936,2025-08-19 12:00:00+05:30,1074.4,1075.2,1073.3,1074.8,28949,JSWSTEEL
3937,2025-08-19 12:15:00+05:30,1074.7,1075.9,1072.0,1073.0,46475,JSWSTEEL
3938,2025-08-19 12:30:00+05:30,1073.0,1073.8,1071.3,1072.5,32822,JSWSTEEL
3939,2025-08-19 12:45:00+05:30,1072.5,1073.2,1070.7,1073.0,42564,JSWSTEEL
3940,2025-08-19 13:00:00+05:30,1073.0,1073.1,1071.7,1072.3,9649,JSWSTEEL
3941,2025-08-19 13:15:00+05:30,1072.3,1073.9,1071.5,1072.4,27417,JSWSTEEL
3942,2025-08-19 13:30:00+05:30,1072.3,1073.4,1070.9,1073.1,21664,JSWSTEEL
3943,2025-08-19 13:45:00+05:30,1073.1,1073.1,1070.8,1071.6,27513,JSWSTEEL
3944,2025-08-19 14:00:00+05:30,1072.1,1074.3,1071.5,1073.8,35800,JSWSTEEL
3945,2025-08-19 14:15:00+05:30,1073.8,1075.5,1072.7,1075.0,43414,JSWSTEEL
3946,2025-08-19 14:30:00+05:30,1075.0,1075.7,1073.0,1074.1,94356,JSWSTEEL
3947,2025-08-19 14:45:00+05:30,1074.0,1074.7,1072.2,1073.0,111732,JSWSTEEL
3948,2025-08-19 15:00:00+05:30,1072.6,1074.5,1071.5,1074.2,128144,JSWSTEEL
3949,2025-08-19 15:15:00+05:30,1074.2,1077.7,1072.0,1073.8,151228,JSWSTEEL
3950,2025-08-20 09:15:00+05:30,1072.0,1073.8,1067.3,1069.3,45526,JSWSTEEL
3951,2025-08-20 09:30:00+05:30,1068.7,1071.4,1068.3,1069.1,25262,JSWSTEEL
3952,2025-08-20 09:45:00+05:30,1069.2,1072.0,1068.1,1071.9,28316,JSWSTEEL
3953,2025-08-20 10:00:00+05:30,1072.0,1076.8,1070.8,1076.7,65443,JSWSTEEL
3954,2025-08-20 10:15:00+05:30,1076.7,1078.2,1074.7,1077.6,73827,JSWSTEEL
3955,2025-08-20 10:30:00+05:30,1077.6,1079.9,1075.9,1078.5,22454,JSWSTEEL
3956,2025-08-20 10:45:00+05:30,1078.5,1083.5,1078.2,1082.5,46743,JSWSTEEL
3957,2025-08-20 11:00:00+05:30,1082.5,1082.6,1078.6,1079.9,58601,JSWSTEEL
3958,2025-08-20 11:15:00+05:30,1079.9,1080.0,1079.0,1079.6,12665,JSWSTEEL
3959,2025-08-20 11:30:00+05:30,1079.6,1080.5,1077.9,1078.2,60410,JSWSTEEL
3960,2025-08-20 11:45:00+05:30,1078.1,1080.0,1077.0,1078.7,96818,JSWSTEEL
3961,2025-08-20 12:00:00+05:30,1078.3,1085.0,1076.6,1084.8,161240,JSWSTEEL
3962,2025-08-20 12:15:00+05:30,1084.6,1087.6,1083.0,1084.5,138842,JSWSTEEL
3963,2025-08-20 12:30:00+05:30,1084.2,1087.5,1083.0,1087.5,33644,JSWSTEEL
3964,2025-08-20 12:45:00+05:30,1087.5,1089.2,1086.1,1087.1,46549,JSWSTEEL
3965,2025-08-20 13:00:00+05:30,1087.1,1087.4,1084.7,1085.5,18143,JSWSTEEL
3966,2025-08-20 13:15:00+05:30,1085.5,1086.0,1083.4,1083.8,20870,JSWSTEEL
3967,2025-08-20 13:30:00+05:30,1083.5,1085.5,1083.1,1085.0,12572,JSWSTEEL
3968,2025-08-20 13:45:00+05:30,1084.8,1085.6,1083.1,1084.8,13725,JSWSTEEL
3969,2025-08-20 14:00:00+05:30,1084.8,1086.8,1084.2,1086.4,23955,JSWSTEEL
3970,2025-08-20 14:15:00+05:30,1086.5,1086.5,1084.4,1085.9,26439,JSWSTEEL
3971,2025-08-20 14:30:00+05:30,1085.5,1086.7,1084.0,1085.0,47631,JSWSTEEL
3972,2025-08-20 14:45:00+05:30,1085.0,1086.4,1083.9,1085.6,37576,JSWSTEEL
3973,2025-08-20 15:00:00+05:30,1085.6,1085.7,1081.5,1082.4,80761,JSWSTEEL
3974,2025-08-20 15:15:00+05:30,1082.4,1085.0,1080.7,1083.5,122986,JSWSTEEL
3975,2025-08-21 09:15:00+05:30,1080.6,1083.5,1077.7,1078.6,79869,JSWSTEEL
3976,2025-08-21 09:30:00+05:30,1078.9,1082.5,1078.5,1082.4,56571,JSWSTEEL
3977,2025-08-21 09:45:00+05:30,1082.0,1085.4,1080.2,1084.9,243994,JSWSTEEL
3978,2025-08-21 10:00:00+05:30,1084.9,1085.8,1083.4,1085.4,53421,JSWSTEEL
3979,2025-08-21 10:15:00+05:30,1085.3,1086.1,1081.5,1082.5,75055,JSWSTEEL
3980,2025-08-21 10:30:00+05:30,1082.8,1083.1,1080.8,1081.0,34039,JSWSTEEL
3981,2025-08-21 10:45:00+05:30,1081.3,1082.2,1080.1,1081.6,193486,JSWSTEEL
3982,2025-08-21 11:00:00+05:30,1081.7,1083.3,1081.2,1081.6,23820,JSWSTEEL
3983,2025-08-21 11:15:00+05:30,1081.9,1084.3,1081.2,1084.3,20223,JSWSTEEL
3984,2025-08-21 11:30:00+05:30,1084.1,1085.5,1083.5,1084.5,43761,JSWSTEEL
3985,2025-08-21 11:45:00+05:30,1084.6,1085.5,1083.7,1083.8,37231,JSWSTEEL
3986,2025-08-21 12:00:00+05:30,1083.7,1085.0,1083.1,1083.9,37203,JSWSTEEL
3987,2025-08-21 12:15:00+05:30,1083.9,1084.0,1081.4,1082.0,50070,JSWSTEEL
3988,2025-08-21 12:30:00+05:30,1082.0,1082.0,1078.9,1079.5,155394,JSWSTEEL
3989,2025-08-21 12:45:00+05:30,1079.7,1080.9,1078.7,1080.9,23696,JSWSTEEL
3990,2025-08-21 13:00:00+05:30,1080.9,1082.7,1080.4,1082.3,13775,JSWSTEEL
3991,2025-08-21 13:15:00+05:30,1082.3,1082.3,1078.0,1078.5,194319,JSWSTEEL
3992,2025-08-21 13:30:00+05:30,1078.3,1078.6,1075.7,1076.8,19608,JSWSTEEL
3993,2025-08-21 13:45:00+05:30,1076.7,1077.2,1076.3,1076.9,9064,JSWSTEEL
3994,2025-08-21 14:00:00+05:30,1076.9,1080.4,1076.8,1078.9,115706,JSWSTEEL
3995,2025-08-21 14:15:00+05:30,1079.0,1079.0,1077.3,1077.8,25251,JSWSTEEL
3996,2025-08-21 14:30:00+05:30,1078.3,1078.5,1076.5,1076.6,21976,JSWSTEEL
3997,2025-08-21 14:45:00+05:30,1076.9,1077.7,1074.9,1075.6,238713,JSWSTEEL
3998,2025-08-21 15:00:00+05:30,1075.6,1075.6,1071.6,1072.1,130611,JSWSTEEL
3999,2025-08-21 15:15:00+05:30,1072.1,1073.0,1069.3,1069.3,172386,JSWSTEEL
4000,2025-08-22 09:15:00+05:30,1068.5,1071.4,1062.5,1063.0,96838,JSWSTEEL
4001,2025-08-22 09:30:00+05:30,1062.9,1063.9,1060.1,1061.9,53113,JSWSTEEL
4002,2025-08-22 09:45:00+05:30,1061.6,1062.3,1058.2,1061.0,62836,JSWSTEEL
4003,2025-08-22 10:00:00+05:30,1061.5,1061.7,1056.8,1057.0,50992,JSWSTEEL
4004,2025-08-22 10:15:00+05:30,1057.2,1060.0,1056.6,1057.6,83559,JSWSTEEL
4005,2025-08-22 10:30:00+05:30,1058.0,1061.3,1057.7,1059.9,86039,JSWSTEEL
4006,2025-08-22 10:45:00+05:30,1059.9,1060.0,1054.1,1054.3,59500,JSWSTEEL
4007,2025-08-22 11:00:00+05:30,1054.6,1056.4,1053.0,1054.5,64116,JSWSTEEL
4008,2025-08-22 11:15:00+05:30,1054.3,1054.9,1053.2,1053.4,38704,JSWSTEEL
4009,2025-08-22 11:30:00+05:30,1053.4,1056.5,1052.3,1055.8,137524,JSWSTEEL
4010,2025-08-22 11:45:00+05:30,1055.7,1058.0,1055.0,1055.3,108930,JSWSTEEL
4011,2025-08-22 12:00:00+05:30,1055.4,1056.0,1053.0,1053.9,66211,JSWSTEEL
4012,2025-08-22 12:15:00+05:30,1053.6,1054.4,1052.6,1053.0,65434,JSWSTEEL
4013,2025-08-22 12:30:00+05:30,1053.0,1055.9,1052.2,1052.5,116326,JSWSTEEL
4014,2025-08-22 12:45:00+05:30,1052.8,1054.1,1052.3,1052.8,77559,JSWSTEEL
4015,2025-08-22 13:00:00+05:30,1052.3,1056.0,1051.3,1053.5,164809,JSWSTEEL
4016,2025-08-22 13:15:00+05:30,1053.5,1054.5,1052.8,1053.4,118899,JSWSTEEL
4017,2025-08-22 13:30:00+05:30,1053.4,1056.7,1053.1,1056.7,35354,JSWSTEEL
4018,2025-08-22 13:45:00+05:30,1056.6,1056.8,1055.9,1056.0,13196,JSWSTEEL
4019,2025-08-22 14:00:00+05:30,1056.0,1057.5,1056.0,1057.2,47553,JSWSTEEL
4020,2025-08-22 14:15:00+05:30,1057.0,1057.6,1055.8,1057.2,53150,JSWSTEEL
4021,2025-08-22 14:30:00+05:30,1057.2,1057.6,1055.4,1056.2,54267,JSWSTEEL
4022,2025-08-22 14:45:00+05:30,1056.2,1056.7,1056.0,1056.6,16073,JSWSTEEL
4023,2025-08-22 15:00:00+05:30,1056.2,1056.5,1054.0,1055.2,119168,JSWSTEEL
4024,2025-08-22 15:15:00+05:30,1055.0,1056.0,1051.7,1054.4,159834,JSWSTEEL
4025,2025-08-25 09:15:00+05:30,1059.5,1059.5,1049.8,1055.5,99986,JSWSTEEL
4026,2025-08-25 09:30:00+05:30,1055.2,1060.0,1054.8,1058.8,85963,JSWSTEEL
4027,2025-08-25 09:45:00+05:30,1058.8,1059.1,1056.0,1056.0,26099,JSWSTEEL
4028,2025-08-25 10:00:00+05:30,1056.1,1056.9,1053.6,1054.1,24467,JSWSTEEL
4029,2025-08-25 10:15:00+05:30,1054.0,1058.0,1053.9,1056.1,24495,JSWSTEEL
4030,2025-08-25 10:30:00+05:30,1056.1,1059.8,1056.0,1058.4,25837,JSWSTEEL
4031,2025-08-25 10:45:00+05:30,1058.4,1059.8,1058.0,1058.9,72291,JSWSTEEL
4032,2025-08-25 11:00:00+05:30,1059.1,1060.3,1057.6,1059.1,148121,JSWSTEEL
4033,2025-08-25 11:15:00+05:30,1059.0,1059.2,1057.1,1057.5,54909,JSWSTEEL
4034,2025-08-25 11:30:00+05:30,1057.5,1058.9,1057.1,1058.3,18207,JSWSTEEL
4035,2025-08-25 11:45:00+05:30,1058.3,1058.7,1055.3,1057.0,214746,JSWSTEEL
4036,2025-08-25 12:00:00+05:30,1057.0,1058.6,1056.4,1057.9,55517,JSWSTEEL
4037,2025-08-25 12:15:00+05:30,1057.6,1060.9,1057.2,1058.9,162744,JSWSTEEL
4038,2025-08-25 12:30:00+05:30,1058.7,1058.9,1055.8,1056.1,69277,JSWSTEEL
4039,2025-08-25 12:45:00+05:30,1056.1,1057.0,1055.7,1056.4,24516,JSWSTEEL
4040,2025-08-25 13:00:00+05:30,1056.0,1057.0,1055.9,1056.9,69413,JSWSTEEL
4041,2025-08-25 13:15:00+05:30,1056.9,1057.0,1056.3,1056.8,23393,JSWSTEEL
4042,2025-08-25 13:30:00+05:30,1056.8,1057.9,1056.7,1057.8,23254,JSWSTEEL
4043,2025-08-25 13:45:00+05:30,1057.3,1061.3,1057.3,1060.1,48663,JSWSTEEL
4044,2025-08-25 14:00:00+05:30,1060.1,1061.7,1059.9,1061.6,33434,JSWSTEEL
4045,2025-08-25 14:15:00+05:30,1061.6,1062.7,1061.2,1061.4,51415,JSWSTEEL
4046,2025-08-25 14:30:00+05:30,1061.4,1062.4,1059.8,1059.9,52489,JSWSTEEL
4047,2025-08-25 14:45:00+05:30,1059.9,1060.1,1057.2,1058.7,27154,JSWSTEEL
4048,2025-08-25 15:00:00+05:30,1058.7,1058.8,1056.7,1056.7,52477,JSWSTEEL
4049,2025-08-25 15:15:00+05:30,1057.0,1059.8,1056.7,1058.9,63158,JSWSTEEL
4050,2025-08-26 09:15:00+05:30,1051.2,1055.9,1049.5,1049.7,243580,JSWSTEEL
4051,2025-08-26 09:30:00+05:30,1049.7,1050.5,1045.8,1048.0,41872,JSWSTEEL
4052,2025-08-26 09:45:00+05:30,1047.9,1048.9,1046.1,1048.0,23226,JSWSTEEL
4053,2025-08-26 10:00:00+05:30,1048.0,1051.2,1046.5,1050.8,41773,JSWSTEEL
4054,2025-08-26 10:15:00+05:30,1050.8,1053.6,1049.3,1052.6,27465,JSWSTEEL
4055,2025-08-26 10:30:00+05:30,1052.9,1053.7,1050.0,1050.0,16695,JSWSTEEL
4056,2025-08-26 10:45:00+05:30,1050.1,1053.4,1050.0,1052.7,24323,JSWSTEEL
4057,2025-08-26 11:00:00+05:30,1052.7,1053.4,1051.7,1052.3,11052,JSWSTEEL
4058,2025-08-26 11:15:00+05:30,1052.0,1053.0,1051.5,1052.4,12774,JSWSTEEL
4059,2025-08-26 11:30:00+05:30,1052.4,1054.2,1052.0,1053.5,22537,JSWSTEEL
4060,2025-08-26 11:45:00+05:30,1053.1,1055.0,1051.6,1054.3,23551,JSWSTEEL
4061,2025-08-26 12:00:00+05:30,1054.3,1055.0,1051.9,1052.5,20507,JSWSTEEL
4062,2025-08-26 12:15:00+05:30,1052.5,1053.6,1052.1,1052.5,13463,JSWSTEEL
4063,2025-08-26 12:30:00+05:30,1052.5,1052.9,1051.1,1052.9,15721,JSWSTEEL
4064,2025-08-26 12:45:00+05:30,1052.9,1053.8,1052.3,1053.6,12911,JSWSTEEL
4065,2025-08-26 13:00:00+05:30,1053.6,1054.4,1053.0,1053.3,13442,JSWSTEEL
4066,2025-08-26 13:15:00+05:30,1053.2,1053.3,1050.1,1052.0,27611,JSWSTEEL
4067,2025-08-26 13:30:00+05:30,1052.0,1054.0,1051.8,1053.9,20916,JSWSTEEL
4068,2025-08-26 13:45:00+05:30,1053.9,1053.9,1051.5,1052.4,22006,JSWSTEEL
4069,2025-08-26 14:00:00+05:30,1052.4,1052.8,1050.8,1052.6,28729,JSWSTEEL
4070,2025-08-26 14:15:00+05:30,1052.6,1054.0,1051.1,1054.0,29732,JSWSTEEL
4071,2025-08-26 14:30:00+05:30,1053.9,1057.0,1052.6,1056.0,38350,JSWSTEEL
4072,2025-08-26 14:45:00+05:30,1056.0,1056.3,1054.1,1054.6,38354,JSWSTEEL
4073,2025-08-26 15:00:00+05:30,1054.2,1054.6,1045.0,1045.0,488743,JSWSTEEL
4074,2025-08-26 15:15:00+05:30,1045.0,1054.4,1044.7,1046.7,498816,JSWSTEEL
4075,2025-08-28 09:15:00+05:30,1047.1,1052.1,1037.0,1038.7,71814,JSWSTEEL
4076,2025-08-28 09:30:00+05:30,1038.6,1043.0,1038.3,1040.6,38265,JSWSTEEL
4077,2025-08-28 09:45:00+05:30,1040.6,1043.7,1038.9,1043.3,31064,JSWSTEEL
4078,2025-08-28 10:00:00+05:30,1043.5,1045.5,1041.6,1041.9,18867,JSWSTEEL
4079,2025-08-28 10:15:00+05:30,1041.9,1042.0,1040.0,1040.5,10181,JSWSTEEL
4080,2025-08-28 10:30:00+05:30,1040.3,1046.2,1040.2,1045.7,41910,JSWSTEEL
4081,2025-08-28 10:45:00+05:30,1045.8,1049.2,1045.4,1048.7,55896,JSWSTEEL
4082,2025-08-28 11:00:00+05:30,1048.7,1051.5,1048.5,1049.4,28062,JSWSTEEL
4083,2025-08-28 11:15:00+05:30,1049.4,1051.9,1049.0,1051.5,15607,JSWSTEEL
4084,2025-08-28 11:30:00+05:30,1051.3,1055.1,1051.3,1054.1,51301,JSWSTEEL
4085,2025-08-28 11:45:00+05:30,1054.0,1054.6,1051.2,1051.2,20378,JSWSTEEL
4086,2025-08-28 12:00:00+05:30,1051.1,1051.6,1048.6,1048.9,32731,JSWSTEEL
4087,2025-08-28 12:15:00+05:30,1048.9,1049.7,1046.3,1049.0,44193,JSWSTEEL
4088,2025-08-28 12:30:00+05:30,1049.4,1049.4,1045.6,1045.9,48196,JSWSTEEL
4089,2025-08-28 12:45:00+05:30,1045.9,1047.1,1042.1,1042.7,56347,JSWSTEEL
4090,2025-08-28 13:00:00+05:30,1042.8,1043.0,1040.0,1041.8,42213,JSWSTEEL
4091,2025-08-28 13:15:00+05:30,1041.8,1042.0,1038.0,1040.9,63643,JSWSTEEL
4092,2025-08-28 13:30:00+05:30,1040.9,1041.0,1038.7,1040.5,30019,JSWSTEEL
4093,2025-08-28 13:45:00+05:30,1040.5,1041.0,1039.8,1040.8,18597,JSWSTEEL
4094,2025-08-28 14:00:00+05:30,1040.8,1046.0,1039.2,1044.7,49019,JSWSTEEL
4095,2025-08-28 14:15:00+05:30,1044.5,1046.0,1040.7,1043.6,101908,JSWSTEEL
4096,2025-08-28 14:30:00+05:30,1043.1,1043.6,1039.1,1039.8,137181,JSWSTEEL
4097,2025-08-28 14:45:00+05:30,1039.5,1041.2,1036.6,1038.0,54969,JSWSTEEL
4098,2025-08-28 15:00:00+05:30,1038.0,1038.8,1033.9,1036.8,126583,JSWSTEEL
4099,2025-08-28 15:15:00+05:30,1036.7,1041.3,1034.1,1041.3,123958,JSWSTEEL
4100,2025-08-29 09:15:00+05:30,1032.0,1038.3,1030.9,1035.6,93910,JSWSTEEL
4101,2025-08-29 09:30:00+05:30,1035.2,1035.5,1031.0,1032.4,36458,JSWSTEEL
4102,2025-08-29 09:45:00+05:30,1032.1,1032.1,1027.8,1029.3,34186,JSWSTEEL
4103,2025-08-29 10:00:00+05:30,1029.4,1030.5,1028.0,1028.5,18842,JSWSTEEL
4104,2025-08-29 10:15:00+05:30,1028.5,1031.9,1028.0,1031.1,17737,JSWSTEEL
4105,2025-08-29 10:30:00+05:30,1031.2,1036.7,1030.4,1036.2,115616,JSWSTEEL
4106,2025-08-29 10:45:00+05:30,1036.0,1036.2,1032.9,1033.0,18104,JSWSTEEL
4107,2025-08-29 11:00:00+05:30,1033.0,1034.7,1032.0,1033.4,40425,JSWSTEEL
4108,2025-08-29 11:15:00+05:30,1033.5,1034.2,1032.4,1033.3,32865,JSWSTEEL
4109,2025-08-29 11:30:00+05:30,1033.3,1033.9,1032.6,1033.6,31386,JSWSTEEL
4110,2025-08-29 11:45:00+05:30,1033.8,1033.8,1030.0,1030.5,19867,JSWSTEEL
4111,2025-08-29 12:00:00+05:30,1030.5,1031.6,1030.0,1031.5,12626,JSWSTEEL
4112,2025-08-29 12:15:00+05:30,1031.2,1031.2,1028.6,1029.1,16013,JSWSTEEL
4113,2025-08-29 12:30:00+05:30,1029.1,1030.3,1028.0,1029.4,16384,JSWSTEEL
4114,2025-08-29 12:45:00+05:30,1029.5,1029.7,1025.4,1025.6,28367,JSWSTEEL
4115,2025-08-29 13:00:00+05:30,1025.4,1026.0,1022.8,1023.4,50518,JSWSTEEL
4116,2025-08-29 13:15:00+05:30,1023.4,1026.0,1023.4,1026.0,31875,JSWSTEEL
4117,2025-08-29 13:30:00+05:30,1026.0,1026.0,1023.3,1023.7,21225,JSWSTEEL
4118,2025-08-29 13:45:00+05:30,1023.7,1025.5,1022.8,1024.6,27417,JSWSTEEL
4119,2025-08-29 14:00:00+05:30,1024.4,1025.5,1022.3,1025.0,30551,JSWSTEEL
4120,2025-08-29 14:15:00+05:30,1025.0,1030.1,1024.7,1029.2,102109,JSWSTEEL
4121,2025-08-29 14:30:00+05:30,1029.0,1030.3,1028.0,1028.2,40339,JSWSTEEL
4122,2025-08-29 14:45:00+05:30,1028.4,1030.6,1026.3,1029.3,35896,JSWSTEEL
4123,2025-08-29 15:00:00+05:30,1029.3,1029.9,1025.1,1025.6,88699,JSWSTEEL
4124,2025-08-29 15:15:00+05:30,1025.6,1029.7,1024.9,1027.0,100513,JSWSTEEL
4125,2025-09-01 09:15:00+05:30,1026.6,1034.7,1026.1,1034.2,43824,JSWSTEEL
4126,2025-09-01 09:30:00+05:30,1034.3,1035.4,1029.6,1031.3,42538,JSWSTEEL
4127,2025-09-01 09:45:00+05:30,1031.7,1033.7,1031.1,1032.1,13035,JSWSTEEL
4128,2025-09-01 10:00:00+05:30,1032.7,1033.2,1030.9,1031.9,12553,JSWSTEEL
4129,2025-09-01 10:15:00+05:30,1031.9,1033.1,1029.1,1033.0,20000,JSWSTEEL
4130,2025-09-01 10:30:00+05:30,1032.8,1033.0,1031.2,1033.0,7800,JSWSTEEL
4131,2025-09-01 10:45:00+05:30,1033.0,1034.9,1032.5,1034.9,11066,JSWSTEEL
4132,2025-09-01 11:00:00+05:30,1034.9,1036.4,1034.1,1034.5,17954,JSWSTEEL
4133,2025-09-01 11:15:00+05:30,1034.5,1036.0,1034.2,1035.3,11112,JSWSTEEL
4134,2025-09-01 11:30:00+05:30,1035.7,1036.3,1034.5,1035.5,11603,JSWSTEEL
4135,2025-09-01 11:45:00+05:30,1035.5,1035.9,1034.1,1035.8,12195,JSWSTEEL
4136,2025-09-01 12:00:00+05:30,1035.7,1037.7,1035.3,1037.7,17070,JSWSTEEL
4137,2025-09-01 12:15:00+05:30,1037.7,1037.7,1036.4,1036.8,9759,JSWSTEEL
4138,2025-09-01 12:30:00+05:30,1036.9,1037.2,1035.0,1035.4,15745,JSWSTEEL
4139,2025-09-01 12:45:00+05:30,1035.5,1035.7,1034.5,1035.0,20513,JSWSTEEL
4140,2025-09-01 13:00:00+05:30,1035.0,1036.4,1034.7,1035.8,8469,JSWSTEEL
4141,2025-09-01 13:15:00+05:30,1035.7,1036.6,1034.3,1036.6,24992,JSWSTEEL
4142,2025-09-01 13:30:00+05:30,1036.6,1037.3,1035.6,1036.0,15076,JSWSTEEL
4143,2025-09-01 13:45:00+05:30,1036.0,1036.5,1035.0,1036.0,22430,JSWSTEEL
4144,2025-09-01 14:00:00+05:30,1035.9,1037.0,1035.9,1036.6,23649,JSWSTEEL
4145,2025-09-01 14:15:00+05:30,1036.6,1036.6,1035.0,1035.4,10402,JSWSTEEL
4146,2025-09-01 14:30:00+05:30,1035.4,1036.4,1035.0,1036.3,18477,JSWSTEEL
4147,2025-09-01 14:45:00+05:30,1036.2,1038.6,1035.7,1038.0,62028,JSWSTEEL
4148,2025-09-01 15:00:00+05:30,1037.9,1038.0,1035.9,1036.2,55012,JSWSTEEL
4149,2025-09-01 15:15:00+05:30,1036.3,1037.0,1032.9,1033.7,116820,JSWSTEEL
4150,2025-09-02 09:15:00+05:30,1035.6,1038.7,1031.2,1035.0,43043,JSWSTEEL
4151,2025-09-02 09:30:00+05:30,1034.8,1039.0,1034.8,1038.5,20795,JSWSTEEL
4152,2025-09-02 09:45:00+05:30,1038.2,1040.8,1037.5,1039.7,46596,JSWSTEEL
4153,2025-09-02 10:00:00+05:30,1039.7,1041.8,1039.7,1041.0,17484,JSWSTEEL
4154,2025-09-02 10:15:00+05:30,1041.0,1042.8,1040.1,1042.6,24416,JSWSTEEL
4155,2025-09-02 10:30:00+05:30,1042.6,1042.8,1039.6,1040.5,36908,JSWSTEEL
4156,2025-09-02 10:45:00+05:30,1040.4,1041.9,1039.8,1041.7,17479,JSWSTEEL
4157,2025-09-02 11:00:00+05:30,1041.7,1042.0,1039.7,1040.3,43131,JSWSTEEL
4158,2025-09-02 11:15:00+05:30,1040.4,1041.7,1040.0,1041.4,22035,JSWSTEEL
4159,2025-09-02 11:30:00+05:30,1041.4,1046.0,1040.9,1044.8,75687,JSWSTEEL
4160,2025-09-02 11:45:00+05:30,1045.0,1047.6,1044.7,1046.9,36815,JSWSTEEL
4161,2025-09-02 12:00:00+05:30,1046.9,1049.0,1046.8,1047.8,57240,JSWSTEEL
4162,2025-09-02 12:15:00+05:30,1047.9,1048.4,1046.1,1048.2,24829,JSWSTEEL
4163,2025-09-02 12:30:00+05:30,1048.3,1048.8,1046.8,1047.4,31611,JSWSTEEL
4164,2025-09-02 12:45:00+05:30,1047.5,1048.8,1047.0,1047.9,36195,JSWSTEEL
4165,2025-09-02 13:00:00+05:30,1047.7,1049.5,1047.1,1047.8,30471,JSWSTEEL
4166,2025-09-02 13:15:00+05:30,1047.8,1047.8,1042.0,1043.4,38352,JSWSTEEL
4167,2025-09-02 13:30:00+05:30,1043.4,1044.8,1042.2,1042.6,23781,JSWSTEEL
4168,2025-09-02 13:45:00+05:30,1042.7,1044.3,1041.1,1042.9,84668,JSWSTEEL
4169,2025-09-02 14:00:00+05:30,1042.9,1044.7,1040.9,1042.6,108036,JSWSTEEL
4170,2025-09-02 14:15:00+05:30,1042.5,1044.9,1040.3,1041.8,53753,JSWSTEEL
4171,2025-09-02 14:30:00+05:30,1041.9,1046.0,1040.5,1044.6,49101,JSWSTEEL
4172,2025-09-02 14:45:00+05:30,1044.6,1045.8,1041.6,1042.9,34591,JSWSTEEL
4173,2025-09-02 15:00:00+05:30,1042.8,1045.2,1042.4,1044.7,47760,JSWSTEEL
4174,2025-09-02 15:15:00+05:30,1044.6,1045.1,1040.6,1043.6,66548,JSWSTEEL
4175,2025-09-03 09:15:00+05:30,1042.0,1058.6,1040.0,1057.7,144692,JSWSTEEL
4176,2025-09-03 09:30:00+05:30,1057.6,1061.2,1051.3,1051.9,116978,JSWSTEEL
4177,2025-09-03 09:45:00+05:30,1051.8,1057.7,1051.5,1057.5,60920,JSWSTEEL
4178,2025-09-03 10:00:00+05:30,1057.2,1058.8,1055.9,1058.8,124679,JSWSTEEL
4179,2025-09-03 10:15:00+05:30,1058.8,1060.0,1056.5,1058.0,157626,JSWSTEEL
4180,2025-09-03 10:30:00+05:30,1058.1,1062.9,1057.9,1062.1,72664,JSWSTEEL
4181,2025-09-03 10:45:00+05:30,1061.9,1066.0,1061.6,1063.0,150171,JSWSTEEL
4182,2025-09-03 11:00:00+05:30,1063.2,1066.7,1062.8,1064.2,76636,JSWSTEEL
4183,2025-09-03 11:15:00+05:30,1064.2,1065.0,1059.8,1062.8,221947,JSWSTEEL
4184,2025-09-03 11:30:00+05:30,1062.7,1066.8,1060.0,1066.5,250006,JSWSTEEL
4185,2025-09-03 11:45:00+05:30,1066.8,1067.7,1064.3,1066.1,103478,JSWSTEEL
4186,2025-09-03 12:00:00+05:30,1066.3,1078.0,1066.1,1075.5,229821,JSWSTEEL
4187,2025-09-03 12:15:00+05:30,1075.9,1079.9,1074.2,1078.0,157693,JSWSTEEL
4188,2025-09-03 12:30:00+05:30,1078.3,1079.1,1074.7,1075.4,68911,JSWSTEEL
4189,2025-09-03 12:45:00+05:30,1075.5,1077.2,1071.0,1071.7,99531,JSWSTEEL
4190,2025-09-03 13:00:00+05:30,1071.7,1075.2,1071.4,1072.5,63803,JSWSTEEL
4191,2025-09-03 13:15:00+05:30,1072.9,1076.1,1072.5,1076.1,67260,JSWSTEEL
4192,2025-09-03 13:30:00+05:30,1076.3,1077.4,1074.4,1077.0,73647,JSWSTEEL
4193,2025-09-03 13:45:00+05:30,1077.1,1077.5,1073.1,1073.8,67916,JSWSTEEL
4194,2025-09-03 14:00:00+05:30,1073.7,1075.8,1071.0,1071.0,125439,JSWSTEEL
4195,2025-09-03 14:15:00+05:30,1071.4,1075.2,1070.6,1074.4,167741,JSWSTEEL
4196,2025-09-03 14:30:00+05:30,1074.5,1075.0,1070.6,1071.2,129096,JSWSTEEL
4197,2025-09-03 14:45:00+05:30,1071.2,1075.0,1071.1,1072.7,158943,JSWSTEEL
4198,2025-09-03 15:00:00+05:30,1072.3,1074.0,1070.3,1072.7,247394,JSWSTEEL
4199,2025-09-03 15:15:00+05:30,1072.9,1075.7,1071.6,1074.7,220028,JSWSTEEL
4200,2025-09-04 09:15:00+05:30,1075.0,1076.4,1066.1,1069.2,71171,JSWSTEEL
4201,2025-09-04 09:30:00+05:30,1069.5,1072.7,1066.2,1067.8,67817,JSWSTEEL
4202,2025-09-04 09:45:00+05:30,1067.5,1070.9,1067.0,1070.0,36821,JSWSTEEL
4203,2025-09-04 10:00:00+05:30,1070.0,1070.5,1067.0,1067.2,35519,JSWSTEEL
4204,2025-09-04 10:15:00+05:30,1067.1,1068.3,1066.3,1068.0,27482,JSWSTEEL
4205,2025-09-04 10:30:00+05:30,1068.3,1070.4,1068.0,1070.4,21639,JSWSTEEL
4206,2025-09-04 10:45:00+05:30,1070.4,1073.8,1070.1,1071.7,35965,JSWSTEEL
4207,2025-09-04 11:00:00+05:30,1072.0,1073.6,1071.8,1072.8,26629,JSWSTEEL
4208,2025-09-04 11:15:00+05:30,1072.8,1073.8,1070.7,1071.1,29413,JSWSTEEL
4209,2025-09-04 11:30:00+05:30,1071.2,1072.8,1070.6,1071.3,20405,JSWSTEEL
4210,2025-09-04 11:45:00+05:30,1071.3,1072.4,1068.1,1072.0,33512,JSWSTEEL
4211,2025-09-04 12:00:00+05:30,1072.0,1074.0,1071.8,1073.4,36724,JSWSTEEL
4212,2025-09-04 12:15:00+05:30,1073.1,1073.2,1070.5,1071.4,32442,JSWSTEEL
4213,2025-09-04 12:30:00+05:30,1071.5,1072.5,1070.1,1072.5,34281,JSWSTEEL
4214,2025-09-04 12:45:00+05:30,1072.4,1073.5,1071.7,1073.4,19530,JSWSTEEL
4215,2025-09-04 13:00:00+05:30,1073.4,1074.0,1072.6,1073.5,18450,JSWSTEEL
4216,2025-09-04 13:15:00+05:30,1073.5,1074.1,1072.0,1074.0,17431,JSWSTEEL
4217,2025-09-04 13:30:00+05:30,1074.0,1074.5,1072.0,1072.8,21334,JSWSTEEL
4218,2025-09-04 13:45:00+05:30,1072.5,1074.0,1071.7,1073.8,22506,JSWSTEEL
4219,2025-09-04 14:00:00+05:30,1073.8,1074.2,1073.0,1073.4,23125,JSWSTEEL
4220,2025-09-04 14:15:00+05:30,1073.4,1073.5,1070.3,1071.0,37784,JSWSTEEL
4221,2025-09-04 14:30:00+05:30,1071.0,1074.0,1070.4,1074.0,70287,JSWSTEEL
4222,2025-09-04 14:45:00+05:30,1073.9,1074.0,1071.1,1072.9,36553,JSWSTEEL
4223,2025-09-04 15:00:00+05:30,1072.9,1073.1,1071.1,1072.3,52571,JSWSTEEL
4224,2025-09-04 15:15:00+05:30,1072.3,1074.0,1071.3,1074.0,93231,JSWSTEEL
4225,2025-09-05 09:15:00+05:30,1069.0,1076.6,1069.0,1070.5,74837,JSWSTEEL
4226,2025-09-05 09:30:00+05:30,1070.1,1071.7,1069.0,1069.8,28374,JSWSTEEL
4227,2025-09-05 09:45:00+05:30,1069.8,1070.5,1066.4,1067.0,18694,JSWSTEEL
4228,2025-09-05 10:00:00+05:30,1066.9,1067.3,1063.7,1065.1,34594,JSWSTEEL
4229,2025-09-05 10:15:00+05:30,1065.1,1068.6,1063.6,1067.8,26908,JSWSTEEL
4230,2025-09-05 10:30:00+05:30,1067.9,1068.7,1067.0,1067.9,7230,JSWSTEEL
4231,2025-09-05 10:45:00+05:30,1068.0,1068.6,1066.1,1067.4,8839,JSWSTEEL
4232,2025-09-05 11:00:00+05:30,1067.4,1068.6,1066.5,1067.9,4989,JSWSTEEL
4233,2025-09-05 11:15:00+05:30,1068.0,1068.0,1065.4,1065.8,24559,JSWSTEEL
4234,2025-09-05 11:30:00+05:30,1065.6,1067.9,1065.1,1065.6,9002,JSWSTEEL
4235,2025-09-05 11:45:00+05:30,1065.6,1065.8,1063.0,1063.9,11791,JSWSTEEL
4236,2025-09-05 12:00:00+05:30,1063.9,1065.8,1063.0,1064.1,13152,JSWSTEEL
4237,2025-09-05 12:15:00+05:30,1064.6,1065.6,1063.6,1065.0,8329,JSWSTEEL
4238,2025-09-05 12:30:00+05:30,1064.7,1065.5,1063.1,1064.1,8962,JSWSTEEL
4239,2025-09-05 12:45:00+05:30,1064.1,1067.8,1063.5,1067.1,39813,JSWSTEEL
4240,2025-09-05 13:00:00+05:30,1067.6,1067.8,1065.4,1067.5,14134,JSWSTEEL
4241,2025-09-05 13:15:00+05:30,1067.5,1070.5,1067.5,1070.0,38115,JSWSTEEL
4242,2025-09-05 13:30:00+05:30,1070.1,1070.7,1068.6,1069.5,15431,JSWSTEEL
4243,2025-09-05 13:45:00+05:30,1069.7,1073.0,1069.6,1071.5,25700,JSWSTEEL
4244,2025-09-05 14:00:00+05:30,1071.7,1072.8,1070.5,1071.0,70391,JSWSTEEL
4245,2025-09-05 14:15:00+05:30,1071.1,1072.0,1070.5,1071.0,39984,JSWSTEEL
4246,2025-09-05 14:30:00+05:30,1071.0,1072.0,1070.5,1071.0,32522,JSWSTEEL
4247,2025-09-05 14:45:00+05:30,1071.0,1071.8,1070.5,1071.6,19303,JSWSTEEL
4248,2025-09-05 15:00:00+05:30,1071.6,1073.6,1071.4,1073.5,63719,JSWSTEEL
4249,2025-09-05 15:15:00+05:30,1073.6,1075.0,1071.0,1074.9,109532,JSWSTEEL
4250,2025-09-08 09:15:00+05:30,1080.1,1112.3,1080.1,1092.2,589567,JSWSTEEL
4251,2025-09-08 09:30:00+05:30,1092.3,1101.0,1090.3,1093.2,192877,JSWSTEEL
4252,2025-09-08 09:45:00+05:30,1092.6,1093.3,1087.8,1088.6,99063,JSWSTEEL
4253,2025-09-08 10:00:00+05:30,1089.1,1097.9,1088.7,1096.8,199880,JSWSTEEL
4254,2025-09-08 10:15:00+05:30,1096.8,1102.5,1095.6,1096.8,147152,JSWSTEEL
4255,2025-09-08 10:30:00+05:30,1096.9,1102.0,1095.3,1101.3,94023,JSWSTEEL
4256,2025-09-08 10:45:00+05:30,1101.4,1104.9,1100.3,1103.2,108369,JSWSTEEL
4257,2025-09-08 11:00:00+05:30,1103.2,1105.0,1101.1,1104.8,109975,JSWSTEEL
4258,2025-09-08 11:15:00+05:30,1104.7,1110.0,1103.0,1109.2,181295,JSWSTEEL
4259,2025-09-08 11:30:00+05:30,1109.2,1111.9,1106.7,1111.7,156193,JSWSTEEL
4260,2025-09-08 11:45:00+05:30,1111.6,1112.0,1107.0,1107.9,94069,JSWSTEEL
4261,2025-09-08 12:00:00+05:30,1107.9,1110.5,1107.0,1107.3,68033,JSWSTEEL
4262,2025-09-08 12:15:00+05:30,1107.8,1107.8,1103.1,1103.8,96896,JSWSTEEL
4263,2025-09-08 12:30:00+05:30,1104.2,1104.5,1101.2,1101.9,64902,JSWSTEEL
4264,2025-09-08 12:45:00+05:30,1101.8,1106.3,1101.7,1105.7,64784,JSWSTEEL
4265,2025-09-08 13:00:00+05:30,1105.7,1107.9,1105.7,1107.8,52486,JSWSTEEL
4266,2025-09-08 13:15:00+05:30,1107.9,1109.0,1106.5,1108.4,64629,JSWSTEEL
4267,2025-09-08 13:30:00+05:30,1108.3,1109.0,1106.7,1107.6,77473,JSWSTEEL
4268,2025-09-08 13:45:00+05:30,1107.6,1108.0,1103.6,1104.4,90028,JSWSTEEL
4269,2025-09-08 14:00:00+05:30,1104.2,1105.5,1102.3,1105.1,85850,JSWSTEEL
4270,2025-09-08 14:15:00+05:30,1105.1,1107.0,1104.9,1106.1,73390,JSWSTEEL
4271,2025-09-08 14:30:00+05:30,1106.2,1106.6,1103.5,1105.2,81472,JSWSTEEL
4272,2025-09-08 14:45:00+05:30,1105.4,1106.1,1100.1,1101.0,135631,JSWSTEEL
4273,2025-09-08 15:00:00+05:30,1101.0,1102.5,1098.6,1102.2,144414,JSWSTEEL
4274,2025-09-08 15:15:00+05:30,1102.2,1103.5,1100.0,1103.0,146805,JSWSTEEL
4275,2025-09-09 09:15:00+05:30,1100.0,1104.3,1096.1,1096.7,81321,JSWSTEEL
4276,2025-09-09 09:30:00+05:30,1096.9,1100.0,1095.7,1099.3,51712,JSWSTEEL
4277,2025-09-09 09:45:00+05:30,1099.5,1102.0,1098.8,1101.4,35871,JSWSTEEL
4278,2025-09-09 10:00:00+05:30,1101.4,1103.0,1099.8,1100.1,20775,JSWSTEEL
4279,2025-09-09 10:15:00+05:30,1100.4,1100.4,1097.2,1097.3,16261,JSWSTEEL
4280,2025-09-09 10:30:00+05:30,1097.7,1099.0,1096.0,1098.5,11295,JSWSTEEL
4281,2025-09-09 10:45:00+05:30,1098.7,1100.4,1097.5,1100.4,10173,JSWSTEEL
4282,2025-09-09 11:00:00+05:30,1100.4,1102.4,1099.6,1102.0,16203,JSWSTEEL
4283,2025-09-09 11:15:00+05:30,1102.2,1104.4,1101.2,1103.5,26845,JSWSTEEL
4284,2025-09-09 11:30:00+05:30,1103.2,1105.9,1102.5,1105.9,27770,JSWSTEEL
4285,2025-09-09 11:45:00+05:30,1105.9,1105.9,1104.4,1105.9,18706,JSWSTEEL
4286,2025-09-09 12:00:00+05:30,1105.9,1108.3,1105.8,1107.8,26461,JSWSTEEL
4287,2025-09-09 12:15:00+05:30,1107.8,1108.4,1107.1,1107.5,16221,JSWSTEEL
4288,2025-09-09 12:30:00+05:30,1107.4,1109.0,1107.3,1107.5,28028,JSWSTEEL
4289,2025-09-09 12:45:00+05:30,1107.4,1107.5,1106.1,1107.3,15328,JSWSTEEL
4290,2025-09-09 13:00:00+05:30,1107.5,1108.9,1107.2,1108.2,14109,JSWSTEEL
4291,2025-09-09 13:15:00+05:30,1108.2,1109.7,1108.0,1109.4,14566,JSWSTEEL
4292,2025-09-09 13:30:00+05:30,1109.6,1110.0,1105.1,1105.7,42268,JSWSTEEL
4293,2025-09-09 13:45:00+05:30,1105.8,1106.5,1102.9,1105.2,24603,JSWSTEEL
4294,2025-09-09 14:00:00+05:30,1105.1,1105.2,1102.7,1103.0,28872,JSWSTEEL
4295,2025-09-09 14:15:00+05:30,1103.5,1106.4,1103.0,1105.5,80547,JSWSTEEL
4296,2025-09-09 14:30:00+05:30,1105.5,1106.5,1102.3,1102.8,97585,JSWSTEEL
4297,2025-09-09 14:45:00+05:30,1102.7,1105.9,1101.5,1101.7,105587,JSWSTEEL
4298,2025-09-09 15:00:00+05:30,1102.0,1104.4,1101.6,1103.9,104735,JSWSTEEL
4299,2025-09-09 15:15:00+05:30,1103.9,1110.0,1103.7,1109.0,142237,JSWSTEEL
4300,2025-09-10 09:15:00+05:30,1108.0,1115.5,1103.7,1106.5,127808,JSWSTEEL
4301,2025-09-10 09:30:00+05:30,1106.5,1108.6,1105.1,1107.5,34926,JSWSTEEL
4302,2025-09-10 09:45:00+05:30,1107.5,1108.9,1105.2,1107.4,24108,JSWSTEEL
4303,2025-09-10 10:00:00+05:30,1107.4,1114.0,1107.1,1111.4,48025,JSWSTEEL
4304,2025-09-10 10:15:00+05:30,1111.4,1111.9,1106.2,1108.4,31747,JSWSTEEL
4305,2025-09-10 10:30:00+05:30,1107.8,1110.0,1106.3,1109.5,40983,JSWSTEEL
4306,2025-09-10 10:45:00+05:30,1109.5,1110.6,1107.5,1109.0,35510,JSWSTEEL
4307,2025-09-10 11:00:00+05:30,1109.2,1109.7,1106.5,1106.5,48808,JSWSTEEL
4308,2025-09-10 11:15:00+05:30,1107.0,1107.0,1102.1,1104.1,88210,JSWSTEEL
4309,2025-09-10 11:30:00+05:30,1104.6,1107.4,1104.1,1104.7,68962,JSWSTEEL
4310,2025-09-10 11:45:00+05:30,1104.8,1107.0,1103.9,1106.8,64948,JSWSTEEL
4311,2025-09-10 12:00:00+05:30,1107.0,1109.6,1106.4,1108.0,51914,JSWSTEEL
4312,2025-09-10 12:15:00+05:30,1107.8,1108.0,1107.0,1107.9,17536,JSWSTEEL
4313,2025-09-10 12:30:00+05:30,1107.9,1107.9,1104.1,1104.8,117035,JSWSTEEL
4314,2025-09-10 12:45:00+05:30,1104.5,1105.0,1103.0,1103.9,39360,JSWSTEEL
4315,2025-09-10 13:00:00+05:30,1103.8,1103.8,1102.0,1102.0,29082,JSWSTEEL
4316,2025-09-10 13:15:00+05:30,1102.0,1102.2,1099.3,1099.9,31522,JSWSTEEL
4317,2025-09-10 13:30:00+05:30,1099.8,1100.5,1099.0,1099.5,25455,JSWSTEEL
4318,2025-09-10 13:45:00+05:30,1099.5,1100.8,1099.0,1100.1,36042,JSWSTEEL
4319,2025-09-10 14:00:00+05:30,1099.8,1101.9,1099.0,1099.6,22808,JSWSTEEL
4320,2025-09-10 14:15:00+05:30,1099.6,1100.0,1098.0,1099.0,24074,JSWSTEEL
4321,2025-09-10 14:30:00+05:30,1099.0,1099.4,1097.3,1097.7,45555,JSWSTEEL
4322,2025-09-10 14:45:00+05:30,1097.7,1100.0,1097.7,1099.1,30312,JSWSTEEL
4323,2025-09-10 15:00:00+05:30,1099.1,1101.5,1098.4,1100.0,101238,JSWSTEEL
4324,2025-09-10 15:15:00+05:30,1100.1,1104.2,1100.0,1103.5,119840,JSWSTEEL
4325,2025-09-11 09:15:00+05:30,1101.2,1108.0,1099.5,1100.4,34951,JSWSTEEL
4326,2025-09-11 09:30:00+05:30,1100.6,1100.6,1097.8,1097.8,20692,JSWSTEEL
4327,2025-09-11 09:45:00+05:30,1097.8,1100.0,1097.1,1099.7,13399,JSWSTEEL
4328,2025-09-11 10:00:00+05:30,1099.7,1101.2,1098.5,1100.1,9833,JSWSTEEL
4329,2025-09-11 10:15:00+05:30,1100.5,1105.9,1100.4,1103.2,26718,JSWSTEEL
4330,2025-09-11 10:30:00+05:30,1103.2,1104.7,1103.0,1103.0,10048,JSWSTEEL
4331,2025-09-11 10:45:00+05:30,1103.3,1104.1,1100.4,1100.7,21535,JSWSTEEL
4332,2025-09-11 11:00:00+05:30,1101.0,1101.6,1098.1,1099.0,20562,JSWSTEEL
4333,2025-09-11 11:15:00+05:30,1099.3,1101.1,1098.0,1100.4,19702,JSWSTEEL
4334,2025-09-11 11:30:00+05:30,1100.6,1100.6,1095.6,1095.7,26119,JSWSTEEL
4335,2025-09-11 11:45:00+05:30,1095.9,1097.5,1095.2,1096.5,94019,JSWSTEEL
4336,2025-09-11 12:00:00+05:30,1096.5,1098.9,1095.8,1098.9,18210,JSWSTEEL
4337,2025-09-11 12:15:00+05:30,1098.9,1100.0,1098.1,1099.9,32740,JSWSTEEL
4338,2025-09-11 12:30:00+05:30,1099.9,1100.0,1098.6,1099.0,11403,JSWSTEEL
4339,2025-09-11 12:45:00+05:30,1098.9,1099.4,1097.7,1098.4,12848,JSWSTEEL
4340,2025-09-11 13:00:00+05:30,1098.4,1098.6,1097.5,1097.9,11011,JSWSTEEL
4341,2025-09-11 13:15:00+05:30,1097.7,1097.8,1096.5,1096.9,13300,JSWSTEEL
4342,2025-09-11 13:30:00+05:30,1097.3,1097.5,1096.6,1097.1,10638,JSWSTEEL
4343,2025-09-11 13:45:00+05:30,1097.4,1097.5,1096.5,1097.2,47546,JSWSTEEL
4344,2025-09-11 14:00:00+05:30,1097.4,1099.7,1096.0,1099.7,51664,JSWSTEEL
4345,2025-09-11 14:15:00+05:30,1099.7,1102.7,1098.7,1100.6,115164,JSWSTEEL
4346,2025-09-11 14:30:00+05:30,1100.6,1101.5,1098.2,1099.9,47787,JSWSTEEL
4347,2025-09-11 14:45:00+05:30,1100.5,1101.6,1098.1,1100.5,44472,JSWSTEEL
4348,2025-09-11 15:00:00+05:30,1100.5,1100.6,1098.5,1098.9,43056,JSWSTEEL
4349,2025-09-11 15:15:00+05:30,1099.0,1100.0,1097.5,1100.0,94637,JSWSTEEL
4350,2025-09-12 09:15:00+05:30,1099.0,1107.9,1096.1,1100.3,45437,JSWSTEEL
4351,2025-09-12 09:30:00+05:30,1100.7,1101.1,1097.3,1097.3,19333,JSWSTEEL
4352,2025-09-12 09:45:00+05:30,1097.4,1098.8,1097.0,1097.6,7208,JSWSTEEL
4353,2025-09-12 10:00:00+05:30,1097.8,1099.5,1097.0,1097.9,9830,JSWSTEEL
4354,2025-09-12 10:15:00+05:30,1098.8,1098.8,1095.2,1095.4,12144,JSWSTEEL
4355,2025-09-12 10:30:00+05:30,1095.7,1097.1,1095.7,1096.1,6703,JSWSTEEL
4356,2025-09-12 10:45:00+05:30,1096.1,1096.6,1094.8,1095.0,12514,JSWSTEEL
4357,2025-09-12 11:00:00+05:30,1095.0,1095.2,1093.0,1093.6,26127,JSWSTEEL
4358,2025-09-12 11:15:00+05:30,1093.7,1098.2,1093.6,1096.0,45623,JSWSTEEL
4359,2025-09-12 11:30:00+05:30,1095.9,1096.9,1095.0,1096.0,20823,JSWSTEEL
4360,2025-09-12 11:45:00+05:30,1096.2,1096.3,1094.4,1096.0,22219,JSWSTEEL
4361,2025-09-12 12:00:00+05:30,1096.0,1097.6,1094.7,1095.4,16180,JSWSTEEL
4362,2025-09-12 12:15:00+05:30,1095.1,1096.9,1095.1,1096.0,9932,JSWSTEEL
4363,2025-09-12 12:30:00+05:30,1096.0,1097.4,1095.4,1097.0,53270,JSWSTEEL
4364,2025-09-12 12:45:00+05:30,1096.8,1097.4,1095.1,1096.0,35500,JSWSTEEL
4365,2025-09-12 13:00:00+05:30,1095.8,1097.3,1095.0,1095.8,79211,JSWSTEEL
4366,2025-09-12 13:15:00+05:30,1095.8,1097.5,1095.1,1095.7,37055,JSWSTEEL
4367,2025-09-12 13:30:00+05:30,1095.3,1098.6,1095.2,1098.3,147231,JSWSTEEL
4368,2025-09-12 13:45:00+05:30,1098.0,1101.7,1097.7,1101.1,34077,JSWSTEEL
4369,2025-09-12 14:00:00+05:30,1101.4,1102.2,1099.4,1100.1,28132,JSWSTEEL
4370,2025-09-12 14:15:00+05:30,1100.4,1100.6,1095.9,1098.4,117669,JSWSTEEL
4371,2025-09-12 14:30:00+05:30,1098.8,1099.0,1095.9,1097.9,64275,JSWSTEEL
4372,2025-09-12 14:45:00+05:30,1097.9,1099.4,1097.7,1098.9,34045,JSWSTEEL
4373,2025-09-12 15:00:00+05:30,1098.9,1100.7,1098.1,1099.2,56105,JSWSTEEL
4374,2025-09-12 15:15:00+05:30,1099.4,1100.0,1098.0,1099.5,117125,JSWSTEEL
