Trade Type,Metric,Bootstrap_Iteration,Difference
Buy,win_rate,0,2.7723258096172643
Buy,win_rate,1,3.0912659470068604
Buy,win_rate,2,2.821393523061836
Buy,win_rate,3,2.4533856722276752
Buy,win_rate,4,3.361138370951913
Buy,win_rate,5,2.91952894995093
Buy,win_rate,6,3.1894013738959828
Buy,win_rate,7,2.8704612365063724
Buy,win_rate,8,2.600588812561334
Buy,win_rate,9,2.4043179587831176
Buy,win_rate,10,2.919528949950937
Buy,win_rate,11,2.9931305201177594
Buy,win_rate,12,3.0176643768400453
Buy,win_rate,13,1.9872423945044062
Buy,win_rate,14,2.9685966633954877
Buy,win_rate,15,3.164867517173697
Buy,win_rate,16,2.477919528949947
Buy,win_rate,17,3.263002944062798
Buy,win_rate,18,3.5574092247301294
Buy,win_rate,19,2.5515210991167834
Buy,win_rate,20,2.6496565260058844
Buy,win_rate,21,2.821393523061822
Buy,win_rate,22,3.0912659470068604
Buy,win_rate,23,3.042198233562324
Buy,win_rate,24,3.2139352306182474
Buy,win_rate,25,2.257114818449459
Buy,win_rate,26,2.8949950932286583
Buy,win_rate,27,2.698724239450442
Buy,win_rate,28,2.6496565260058915
Buy,win_rate,29,2.6251226692836127
Buy,win_rate,30,2.7723258096172714
Buy,win_rate,31,2.7477919528949926
Buy,win_rate,32,2.576054955839055
Buy,win_rate,33,2.1835132482826154
Buy,win_rate,34,2.0853778213935286
Buy,win_rate,35,2.6741903827281703
Buy,win_rate,36,2.4043179587831176
Buy,win_rate,37,2.8949950932286512
Buy,win_rate,38,2.453385672227668
Buy,win_rate,39,2.821393523061822
Buy,win_rate,40,3.017664376840038
Buy,win_rate,41,2.4288518155053964
Buy,win_rate,42,2.91952894995093
Buy,win_rate,43,2.8459273797840936
Buy,win_rate,44,2.698724239450449
Buy,win_rate,45,2.5269872423945046
Buy,win_rate,46,3.1894013738959686
Buy,win_rate,47,2.674190382728156
Buy,win_rate,48,2.698724239450442
Buy,win_rate,49,2.919528949950937
Buy,win_rate,50,2.7723258096172714
Buy,win_rate,51,2.9931305201177736
Buy,win_rate,52,2.79685966633955
Buy,win_rate,53,2.845927379784108
Buy,win_rate,54,2.4288518155053964
Buy,win_rate,55,2.9685966633954877
Buy,win_rate,56,2.894995093228644
Buy,win_rate,57,2.6251226692836056
Buy,win_rate,58,3.042198233562303
Buy,win_rate,59,2.845927379784108
Buy,win_rate,60,2.5024533856722186
Buy,win_rate,61,2.453385672227668
Buy,win_rate,62,2.8459273797841007
Buy,win_rate,63,3.017664376840038
Buy,win_rate,64,3.385672227674185
Buy,win_rate,65,2.5515210991167834
Buy,win_rate,66,2.576054955839062
Buy,win_rate,67,3.263002944062805
Buy,win_rate,68,2.845927379784108
Buy,win_rate,69,2.6251226692836127
Buy,win_rate,70,2.674190382728156
Buy,win_rate,71,3.0912659470068746
Buy,win_rate,72,3.04219823356231
Buy,win_rate,73,2.5024533856722186
Buy,win_rate,74,3.3120706575073555
Buy,win_rate,75,2.7477919528949997
Buy,win_rate,76,2.3307163886162954
Buy,win_rate,77,2.9685966633954877
Buy,win_rate,78,3.140333660451425
Buy,win_rate,79,3.04219823356231
Buy,win_rate,80,2.158979391560358
Buy,win_rate,81,2.600588812561334
Buy,win_rate,82,2.379784102060846
Buy,win_rate,83,2.8704612365063866
Buy,win_rate,84,2.6741903827281632
Buy,win_rate,85,2.698724239450435
Buy,win_rate,86,3.017664376840038
Buy,win_rate,87,2.5269872423945046
Buy,win_rate,88,3.140333660451425
Buy,win_rate,89,3.066732090284603
Buy,win_rate,90,2.9931305201177665
Buy,win_rate,91,2.944062806673209
Buy,win_rate,92,3.140333660451425
Buy,win_rate,93,2.281648675171745
Buy,win_rate,94,2.796859666339543
Buy,win_rate,95,3.140333660451418
Buy,win_rate,96,3.1157998037291463
Buy,win_rate,97,2.502453385672233
Buy,win_rate,98,3.2139352306182545
Buy,win_rate,99,2.6741903827281632
Buy,win_rate,100,2.9685966633954806
Buy,win_rate,101,2.8704612365063866
Buy,win_rate,102,2.8459273797840936
Buy,win_rate,103,2.477919528949947
Buy,win_rate,104,3.1894013738959686
Buy,win_rate,105,2.576054955839055
Buy,win_rate,106,2.7723258096172714
Buy,win_rate,107,2.5269872423945046
Buy,win_rate,108,2.4288518155053964
Buy,win_rate,109,2.3307163886162954
Buy,win_rate,110,3.164867517173697
Buy,win_rate,111,2.4043179587831176
Buy,win_rate,112,2.674190382728156
Buy,win_rate,113,2.919528949950937
Buy,win_rate,114,3.1157998037291392
Buy,win_rate,115,2.62512266928362
Buy,win_rate,116,2.4288518155053893
Buy,win_rate,117,2.257114818449452
Buy,win_rate,118,2.5269872423945046
Buy,win_rate,119,2.8704612365063866
Buy,win_rate,120,3.017664376840031
Buy,win_rate,121,3.1157998037291463
Buy,win_rate,122,2.62512266928362
Buy,win_rate,123,2.404317958783132
Buy,win_rate,124,2.1835132482826367
Buy,win_rate,125,2.821393523061836
Buy,win_rate,126,2.477919528949961
Buy,win_rate,127,3.4592737978410213
Buy,win_rate,128,2.91952894995093
Buy,win_rate,129,2.0853778213935144
Buy,win_rate,130,3.2139352306182545
Buy,win_rate,131,2.8704612365063795
Buy,win_rate,132,3.164867517173697
Buy,win_rate,133,2.845927379784108
Buy,win_rate,134,2.79685966633955
Buy,win_rate,135,2.9931305201177594
Buy,win_rate,136,2.379784102060846
Buy,win_rate,137,2.9685966633954806
Buy,win_rate,138,2.2080471050049013
Buy,win_rate,139,3.2384690873405333
Buy,win_rate,140,3.5819430814524083
Buy,win_rate,141,2.6496565260058844
Buy,win_rate,142,2.698724239450449
Buy,win_rate,143,2.845927379784108
Buy,win_rate,144,3.0176643768400453
Buy,win_rate,145,3.0912659470068746
Buy,win_rate,146,2.4043179587831176
Buy,win_rate,147,2.8949950932286583
Buy,win_rate,148,1.5456329735034302
Buy,win_rate,149,2.944062806673209
Buy,win_rate,150,2.821393523061822
Buy,win_rate,151,3.5328753680078506
Buy,win_rate,152,2.91952894995093
Buy,win_rate,153,2.79685966633955
Buy,win_rate,154,2.7723258096172714
Buy,win_rate,155,2.5269872423945117
Buy,win_rate,156,2.5024533856722186
Buy,win_rate,157,2.379784102060846
Buy,win_rate,158,2.9685966633954877
Buy,win_rate,159,2.257114818449459
Buy,win_rate,160,2.6496565260058986
Buy,win_rate,161,2.8704612365063795
Buy,win_rate,162,2.894995093228644
Buy,win_rate,163,1.9627085377821345
Buy,win_rate,164,3.164867517173704
Buy,win_rate,165,2.7723258096172714
Buy,win_rate,166,3.2384690873405404
Buy,win_rate,167,3.508341511285572
Buy,win_rate,168,2.9685966633954806
Buy,win_rate,169,2.91952894995093
Buy,win_rate,170,2.7723258096172714
Buy,win_rate,171,2.796859666339543
Buy,win_rate,172,2.9685966633954948
Buy,win_rate,173,2.796859666339543
Buy,win_rate,174,2.6741903827281703
Buy,win_rate,175,3.164867517173697
Buy,win_rate,176,2.6251226692836056
Buy,win_rate,177,2.3307163886162954
Buy,win_rate,178,2.796859666339543
Buy,win_rate,179,2.7477919528949926
Buy,win_rate,180,2.5269872423944904
Buy,win_rate,181,2.4043179587831176
Buy,win_rate,182,2.845927379784108
Buy,win_rate,183,2.9931305201177665
Buy,win_rate,184,2.3061825318940095
Buy,win_rate,185,2.600588812561334
Buy,win_rate,186,3.1894013738959757
Buy,win_rate,187,2.674190382728156
Buy,win_rate,188,2.821393523061822
Buy,win_rate,189,2.5269872423945117
Buy,win_rate,190,2.723258096172721
Buy,win_rate,191,3.4102060843964708
Buy,win_rate,192,1.8400392541707546
Buy,win_rate,193,3.1157998037291463
Buy,win_rate,194,2.502453385672233
Buy,win_rate,195,2.7477919528949926
Buy,win_rate,196,2.4288518155053964
Buy,win_rate,197,2.91952894995093
Buy,win_rate,198,2.576054955839055
Buy,win_rate,199,3.140333660451425
Buy,win_rate,200,2.5269872423945046
Buy,win_rate,201,2.6741903827281632
Buy,win_rate,202,2.5515210991167834
Buy,win_rate,203,3.5328753680078577
Buy,win_rate,204,2.8459273797841007
Buy,win_rate,205,2.821393523061822
Buy,win_rate,206,2.6496565260058844
Buy,win_rate,207,2.723258096172721
Buy,win_rate,208,3.0912659470068675
Buy,win_rate,209,2.7723258096172714
Buy,win_rate,210,2.3061825318940095
Buy,win_rate,211,2.821393523061829
Buy,win_rate,212,3.263002944062812
Buy,win_rate,213,2.7723258096172714
Buy,win_rate,214,2.79685966633955
Buy,win_rate,215,2.6251226692836127
Buy,win_rate,216,2.944062806673209
Buy,win_rate,217,2.9685966633954948
Buy,win_rate,218,2.723258096172721
Buy,win_rate,219,3.2384690873405333
Buy,win_rate,220,3.287536800785084
Buy,win_rate,221,3.164867517173697
Buy,win_rate,222,2.698724239450449
Buy,win_rate,223,2.5269872423945046
Buy,win_rate,224,2.9685966633954877
Buy,win_rate,225,2.7723258096172714
Buy,win_rate,226,2.477919528949954
Buy,win_rate,227,3.4347399411187425
Buy,win_rate,228,3.066732090284596
Buy,win_rate,229,2.3307163886162954
Buy,win_rate,230,2.7723258096172714
Buy,win_rate,231,2.7723258096172856
Buy,win_rate,232,2.502453385672233
Buy,win_rate,233,2.4288518155053964
Buy,win_rate,234,2.944062806673209
Buy,win_rate,235,2.576054955839062
Buy,win_rate,236,2.8704612365063653
Buy,win_rate,237,3.263002944062812
Buy,win_rate,238,2.821393523061836
Buy,win_rate,239,2.698724239450435
Buy,win_rate,240,3.287536800785084
Buy,win_rate,241,2.3307163886162954
Buy,win_rate,242,2.6741903827281703
Buy,win_rate,243,2.698724239450449
Buy,win_rate,244,3.164867517173697
Buy,win_rate,245,2.8949950932286583
Buy,win_rate,246,2.7723258096172714
Buy,win_rate,247,2.91952894995093
Buy,win_rate,248,2.23258096172718
Buy,win_rate,249,2.944062806673209
Buy,win_rate,250,2.821393523061822
Buy,win_rate,251,3.140333660451418
Buy,win_rate,252,2.79685966633955
Buy,win_rate,253,3.238469087340519
Buy,win_rate,254,2.6496565260058844
Buy,win_rate,255,2.7477919528949926
Buy,win_rate,256,2.355250245338567
Buy,win_rate,257,2.600588812561327
Buy,win_rate,258,3.140333660451425
Buy,win_rate,259,3.066732090284596
Buy,win_rate,260,3.0912659470068746
Buy,win_rate,261,2.9440628066732017
Buy,win_rate,262,3.287536800785084
Buy,win_rate,263,2.7477919528949997
Buy,win_rate,264,2.944062806673209
Buy,win_rate,265,3.164867517173697
Buy,win_rate,266,2.5515210991167763
Buy,win_rate,267,2.6251226692836056
Buy,win_rate,268,2.6741903827281703
Buy,win_rate,269,2.4288518155054035
Buy,win_rate,270,2.5024533856722257
Buy,win_rate,271,2.7723258096172714
Buy,win_rate,272,3.0912659470068675
Buy,win_rate,273,2.9931305201177594
Buy,win_rate,274,3.017664376840031
Buy,win_rate,275,2.257114818449452
Buy,win_rate,276,3.4347399411187354
Buy,win_rate,277,2.477919528949947
Buy,win_rate,278,2.9931305201177665
Buy,win_rate,279,2.796859666339543
Buy,win_rate,280,3.1894013738959686
Buy,win_rate,281,2.7477919528949855
Buy,win_rate,282,2.7723258096172714
Buy,win_rate,283,2.576054955839062
Buy,win_rate,284,3.0667320902845887
Buy,win_rate,285,2.6741903827281703
Buy,win_rate,286,2.477919528949947
Buy,win_rate,287,2.7477919528949997
Buy,win_rate,288,3.042198233562317
Buy,win_rate,289,2.6251226692836056
Buy,win_rate,290,2.698724239450435
Buy,win_rate,291,3.017664376840031
Buy,win_rate,292,2.7232580961727137
Buy,win_rate,293,3.1157998037291463
Buy,win_rate,294,3.1894013738959828
Buy,win_rate,295,2.7477919528949997
Buy,win_rate,296,2.6251226692836127
Buy,win_rate,297,3.287536800785084
Buy,win_rate,298,2.821393523061829
Buy,win_rate,299,2.796859666339543
Buy,win_rate,300,2.5515210991167834
Buy,win_rate,301,3.385672227674185
Buy,win_rate,302,2.674190382728156
Buy,win_rate,303,3.0176643768400453
Buy,win_rate,304,2.9685966633954877
Buy,win_rate,305,2.2325809617271943
Buy,win_rate,306,2.8704612365063795
Buy,win_rate,307,3.263002944062812
Buy,win_rate,308,3.0912659470068746
Buy,win_rate,309,2.7232580961727137
Buy,win_rate,310,3.410206084396478
Buy,win_rate,311,2.600588812561334
Buy,win_rate,312,2.723258096172721
Buy,win_rate,313,3.4347399411187354
Buy,win_rate,314,2.036310107948964
Buy,win_rate,315,2.6496565260058915
Buy,win_rate,316,2.600588812561334
Buy,win_rate,317,2.7477919528949997
Buy,win_rate,318,3.263002944062798
Buy,win_rate,319,2.723258096172721
Buy,win_rate,320,3.164867517173697
Buy,win_rate,321,2.502453385672233
Buy,win_rate,322,2.698724239450449
Buy,win_rate,323,2.5269872423945117
Buy,win_rate,324,3.017664376840031
Buy,win_rate,325,2.1835132482826367
Buy,win_rate,326,2.845927379784108
Buy,win_rate,327,3.410206084396478
Buy,win_rate,328,2.894995093228644
Buy,win_rate,329,2.894995093228644
Buy,win_rate,330,3.1157998037291463
Buy,win_rate,331,2.4043179587831176
Buy,win_rate,332,3.042198233562324
Buy,win_rate,333,2.23258096172718
Buy,win_rate,334,2.477919528949947
Buy,win_rate,335,2.8704612365063795
Buy,win_rate,336,2.9931305201177594
Buy,win_rate,337,2.7232580961727066
Buy,win_rate,338,2.600588812561334
Buy,win_rate,339,2.576054955839062
Buy,win_rate,340,3.1157998037291534
Buy,win_rate,341,2.4288518155053964
Buy,win_rate,342,3.140333660451425
Buy,win_rate,343,3.0176643768400453
Buy,win_rate,344,2.698724239450435
Buy,win_rate,345,2.674190382728156
Buy,win_rate,346,2.355250245338553
Buy,win_rate,347,2.576054955839062
Buy,win_rate,348,2.6251226692836127
Buy,win_rate,349,2.9685966633954877
Buy,win_rate,350,2.845927379784108
Buy,win_rate,351,2.91952894995093
Buy,win_rate,352,2.9931305201177736
Buy,win_rate,353,2.5269872423945117
Buy,win_rate,354,2.8704612365063724
Buy,win_rate,355,3.0667320902845816
Buy,win_rate,356,3.4347399411187354
Buy,win_rate,357,2.845927379784108
Buy,win_rate,358,2.8459273797840936
Buy,win_rate,359,2.576054955839055
Buy,win_rate,360,2.91952894995093
Buy,win_rate,361,3.0667320902845887
Buy,win_rate,362,2.5269872423945046
Buy,win_rate,363,2.91952894995093
Buy,win_rate,364,2.919528949950923
Buy,win_rate,365,2.5024533856722257
Buy,win_rate,366,2.600588812561327
Buy,win_rate,367,3.0176643768400453
Buy,win_rate,368,2.91952894995093
Buy,win_rate,369,2.944062806673209
Buy,win_rate,370,2.821393523061829
Buy,win_rate,371,2.600588812561334
Buy,win_rate,372,2.4533856722276823
Buy,win_rate,373,3.3120706575073626
Buy,win_rate,374,3.0912659470068746
Buy,win_rate,375,3.508341511285572
Buy,win_rate,376,2.698724239450442
Buy,win_rate,377,2.674190382728156
Buy,win_rate,378,2.6496565260058986
Buy,win_rate,379,2.8459273797841007
Buy,win_rate,380,3.0176643768400453
Buy,win_rate,381,3.1157998037291463
Buy,win_rate,382,3.0667320902845816
Buy,win_rate,383,2.8704612365063866
Buy,win_rate,384,2.7232580961727066
Buy,win_rate,385,2.698724239450442
Buy,win_rate,386,3.0912659470068675
Buy,win_rate,387,2.8704612365063866
Buy,win_rate,388,2.91952894995093
Buy,win_rate,389,2.5515210991167834
Buy,win_rate,390,2.4533856722276823
Buy,win_rate,391,2.723258096172721
Buy,win_rate,392,2.6496565260058844
Buy,win_rate,393,2.6251226692836127
Buy,win_rate,394,2.5269872423945046
Buy,win_rate,395,2.6496565260058915
Buy,win_rate,396,2.576054955839055
Buy,win_rate,397,2.698724239450449
Buy,win_rate,398,2.7723258096172714
Buy,win_rate,399,3.5328753680078435
Buy,win_rate,400,3.164867517173697
Buy,win_rate,401,2.5515210991167834
Buy,win_rate,402,3.164867517173697
Buy,win_rate,403,2.4288518155054035
Buy,win_rate,404,3.1157998037291463
Buy,win_rate,405,2.9685966633954877
Buy,win_rate,406,2.8704612365063795
Buy,win_rate,407,2.7723258096172714
Buy,win_rate,408,2.7477919528949926
Buy,win_rate,409,3.017664376840031
Buy,win_rate,410,2.845927379784108
Buy,win_rate,411,2.79685966633955
Buy,win_rate,412,3.1157998037291463
Buy,win_rate,413,2.62512266928362
Buy,win_rate,414,2.7477919528949926
Buy,win_rate,415,2.8949950932286583
Buy,win_rate,416,3.1157998037291463
Buy,win_rate,417,2.576054955839062
Buy,win_rate,418,2.576054955839062
Buy,win_rate,419,2.8459273797841007
Buy,win_rate,420,3.0912659470068746
Buy,win_rate,421,2.600588812561334
Buy,win_rate,422,2.9931305201177594
Buy,win_rate,423,2.7723258096172714
Buy,win_rate,424,2.944062806673209
Buy,win_rate,425,2.6251226692836127
Buy,win_rate,426,2.502453385672233
Buy,win_rate,427,2.379784102060846
Buy,win_rate,428,2.4288518155053893
Buy,win_rate,429,2.0853778213935357
Buy,win_rate,430,2.8459273797841007
Buy,win_rate,431,2.8704612365063866
Buy,win_rate,432,3.3120706575073626
Buy,win_rate,433,2.4043179587831247
Buy,win_rate,434,3.066732090284596
Buy,win_rate,435,2.698724239450442
Buy,win_rate,436,2.4043179587831176
Buy,win_rate,437,2.5515210991167834
Buy,win_rate,438,2.6251226692836056
Buy,win_rate,439,2.821393523061836
Buy,win_rate,440,2.576054955839055
Buy,win_rate,441,2.4043179587831247
Buy,win_rate,442,2.4288518155054106
Buy,win_rate,443,3.0912659470068675
Buy,win_rate,444,2.7477919528949855
Buy,win_rate,445,2.5269872423944904
Buy,win_rate,446,2.9685966633954806
Buy,win_rate,447,2.8949950932286583
Buy,win_rate,448,2.5269872423944904
Buy,win_rate,449,3.140333660451418
Buy,win_rate,450,3.4102060843964708
Buy,win_rate,451,2.919528949950937
Buy,win_rate,452,3.042198233562317
Buy,win_rate,453,2.3061825318940237
Buy,win_rate,454,2.477919528949954
Buy,win_rate,455,3.0912659470068746
Buy,win_rate,456,2.91952894995093
Buy,win_rate,457,2.600588812561334
Buy,win_rate,458,2.4043179587831247
Buy,win_rate,459,2.8704612365063795
Buy,win_rate,460,2.5024533856722186
Buy,win_rate,461,2.6741903827281703
Buy,win_rate,462,2.7477919528949926
Buy,win_rate,463,2.698724239450442
Buy,win_rate,464,2.9685966633954877
Buy,win_rate,465,3.1894013738959686
Buy,win_rate,466,2.62512266928362
Buy,win_rate,467,2.6741903827281703
Buy,win_rate,468,2.6496565260058844
Buy,win_rate,469,2.5515210991167834
Buy,win_rate,470,2.7477919528949926
Buy,win_rate,471,3.5328753680078506
Buy,win_rate,472,2.674190382728156
Buy,win_rate,473,2.6741903827281703
Buy,win_rate,474,3.1894013738959686
Buy,win_rate,475,2.9685966633954877
Buy,win_rate,476,2.6496565260058915
Buy,win_rate,477,2.5269872423945117
Buy,win_rate,478,3.066732090284596
Buy,win_rate,479,2.2080471050049084
Buy,win_rate,480,3.508341511285586
Buy,win_rate,481,2.257114818449466
Buy,win_rate,482,2.5515210991167834
Buy,win_rate,483,2.477919528949954
Buy,win_rate,484,2.7968596663395573
Buy,win_rate,485,3.3611383709519203
Buy,win_rate,486,3.2384690873405333
Buy,win_rate,487,2.5515210991167763
Buy,win_rate,488,2.7477919528949926
Buy,win_rate,489,3.066732090284596
Buy,win_rate,490,2.9685966633954877
Buy,win_rate,491,2.79685966633955
Buy,win_rate,492,3.0667320902845816
Buy,win_rate,493,3.606476938174687
Buy,win_rate,494,2.134445534838079
Buy,win_rate,495,3.1157998037291392
Buy,win_rate,496,2.845927379784108
Buy,win_rate,497,3.164867517173697
Buy,win_rate,498,3.042198233562324
Buy,win_rate,499,2.6251226692836127
Buy,win_rate,500,2.9931305201177594
Buy,win_rate,501,2.9685966633954806
Buy,win_rate,502,2.674190382728156
Buy,win_rate,503,2.9931305201177594
Buy,win_rate,504,2.821393523061822
Buy,win_rate,505,2.6251226692836127
Buy,win_rate,506,2.9931305201177594
Buy,win_rate,507,2.2325809617271943
Buy,win_rate,508,2.6496565260058844
Buy,win_rate,509,2.9931305201177736
Buy,win_rate,510,2.7723258096172714
Buy,win_rate,511,2.4288518155054035
Buy,win_rate,512,3.140333660451425
Buy,win_rate,513,2.944062806673209
Buy,win_rate,514,3.1894013738959828
Buy,win_rate,515,2.7232580961727066
Buy,win_rate,516,2.6741903827281703
Buy,win_rate,517,3.0912659470068604
Buy,win_rate,518,2.7477919528949926
Buy,win_rate,519,2.944062806673209
Buy,win_rate,520,2.576054955839055
Buy,win_rate,521,2.6496565260058986
Buy,win_rate,522,3.2875368007850767
Buy,win_rate,523,2.6496565260058844
Buy,win_rate,524,2.8949950932286583
Buy,win_rate,525,2.62512266928362
Buy,win_rate,526,2.3307163886162883
Buy,win_rate,527,2.5269872423945046
Buy,win_rate,528,2.8949950932286583
Buy,win_rate,529,2.600588812561334
Buy,win_rate,530,2.7477919528949926
Buy,win_rate,531,3.04219823356231
Buy,win_rate,532,2.134445534838079
Buy,win_rate,533,2.0608439646712426
Buy,win_rate,534,3.017664376840031
Buy,win_rate,535,3.6800785083415093
Buy,win_rate,536,2.944062806673216
Buy,win_rate,537,3.0176643768400453
Buy,win_rate,538,2.4533856722276752
Buy,win_rate,539,3.017664376840031
Buy,win_rate,540,2.79685966633955
Buy,win_rate,541,2.6251226692836056
Buy,win_rate,542,2.4043179587831176
Buy,win_rate,543,2.91952894995093
Buy,win_rate,544,3.2384690873405333
Buy,win_rate,545,3.164867517173697
Buy,win_rate,546,3.017664376840031
Buy,win_rate,547,2.845927379784108
Buy,win_rate,548,3.0912659470068746
Buy,win_rate,549,3.017664376840038
Buy,win_rate,550,3.164867517173697
Buy,win_rate,551,2.8949950932286583
Buy,win_rate,552,2.7723258096172714
Buy,win_rate,553,2.7232580961727066
Buy,win_rate,554,2.6251226692836127
Buy,win_rate,555,2.4043179587831176
Buy,win_rate,556,2.8704612365063724
Buy,win_rate,557,2.600588812561327
Buy,win_rate,558,3.4102060843964566
Buy,win_rate,559,2.944062806673209
Buy,win_rate,560,2.600588812561334
Buy,win_rate,561,2.698724239450435
Buy,win_rate,562,2.7477919528949926
Buy,win_rate,563,2.8949950932286583
Buy,win_rate,564,2.5269872423945046
Buy,win_rate,565,2.8704612365063724
Buy,win_rate,566,2.5515210991167763
Buy,win_rate,567,2.821393523061829
Buy,win_rate,568,2.845927379784108
Buy,win_rate,569,2.6741903827281703
Buy,win_rate,570,2.6496565260058844
Buy,win_rate,571,2.674190382728156
Buy,win_rate,572,2.9931305201177665
Buy,win_rate,573,2.674190382728156
Buy,win_rate,574,2.6741903827281632
Buy,win_rate,575,2.894995093228644
Buy,win_rate,576,2.9440628066732017
Buy,win_rate,577,2.6251226692836056
Buy,win_rate,578,2.7477919528949926
Buy,win_rate,579,2.477919528949954
Buy,win_rate,580,2.5515210991167834
Buy,win_rate,581,3.04219823356231
Buy,win_rate,582,2.379784102060846
Buy,win_rate,583,3.0912659470068675
Buy,win_rate,584,2.894995093228644
Buy,win_rate,585,3.4102060843964566
Buy,win_rate,586,2.6496565260058844
Buy,win_rate,587,3.164867517173697
Buy,win_rate,588,2.35525024533856
Buy,win_rate,589,2.8704612365063653
Buy,win_rate,590,3.287536800785091
Buy,win_rate,591,2.4043179587831176
Buy,win_rate,592,3.361138370951913
Buy,win_rate,593,2.944062806673209
Buy,win_rate,594,2.551521099116769
Buy,win_rate,595,2.8704612365063795
Buy,win_rate,596,2.944062806673209
Buy,win_rate,597,2.698724239450449
Buy,win_rate,598,2.3061825318940095
Buy,win_rate,599,2.698724239450435
Buy,win_rate,600,2.6496565260058915
Buy,win_rate,601,2.7723258096172714
Buy,win_rate,602,2.8704612365063795
Buy,win_rate,603,2.600588812561334
Buy,win_rate,604,2.821393523061822
Buy,win_rate,605,2.5024533856722257
Buy,win_rate,606,2.796859666339543
Buy,win_rate,607,2.6251226692836127
Buy,win_rate,608,3.017664376840031
Buy,win_rate,609,2.723258096172721
Buy,win_rate,610,2.1099116781158074
Buy,win_rate,611,3.1157998037291463
Buy,win_rate,612,3.1403336604514323
Buy,win_rate,613,3.4347399411187425
Buy,win_rate,614,2.8704612365063866
Buy,win_rate,615,2.919528949950937
Buy,win_rate,616,2.7968596663395573
Buy,win_rate,617,2.7477919528949997
Buy,win_rate,618,2.600588812561341
Buy,win_rate,619,2.91952894995093
Buy,win_rate,620,3.017664376840038
Buy,win_rate,621,3.140333660451425
Buy,win_rate,622,2.576054955839062
Buy,win_rate,623,2.8704612365063724
Buy,win_rate,624,2.8949950932286583
Buy,win_rate,625,2.576054955839055
Buy,win_rate,626,2.5515210991167763
Buy,win_rate,627,3.2139352306182545
Buy,win_rate,628,2.4288518155053964
Buy,win_rate,629,2.919528949950937
Buy,win_rate,630,2.7723258096172714
Buy,win_rate,631,2.6741903827281703
Buy,win_rate,632,3.361138370951906
Buy,win_rate,633,2.7968596663395573
Buy,win_rate,634,3.140333660451418
Buy,win_rate,635,2.723258096172721
Buy,win_rate,636,3.5574092247301223
Buy,win_rate,637,2.796859666339543
Buy,win_rate,638,3.04219823356231
Buy,win_rate,639,2.821393523061822
Buy,win_rate,640,2.3061825318940166
Buy,win_rate,641,3.066732090284596
Buy,win_rate,642,2.5515210991167834
Buy,win_rate,643,3.164867517173697
Buy,win_rate,644,2.8459273797841007
Buy,win_rate,645,2.8459273797841007
Buy,win_rate,646,2.2080471050049013
Buy,win_rate,647,3.04219823356231
Buy,win_rate,648,2.845927379784108
Buy,win_rate,649,3.263002944062798
Buy,win_rate,650,2.944062806673209
Buy,win_rate,651,3.017664376840038
Buy,win_rate,652,2.698724239450449
Buy,win_rate,653,2.919528949950937
Buy,win_rate,654,3.140333660451418
Buy,win_rate,655,2.576054955839055
Buy,win_rate,656,2.330716388616281
Buy,win_rate,657,2.7477919528949926
Buy,win_rate,658,2.9685966633954806
Buy,win_rate,659,2.9931305201177594
Buy,win_rate,660,3.3366045142296343
Buy,win_rate,661,2.944062806673209
Buy,win_rate,662,2.8459273797840936
Buy,win_rate,663,3.3366045142296343
Buy,win_rate,664,2.8704612365063724
Buy,win_rate,665,3.4102060843964637
Buy,win_rate,666,2.109911678115793
Buy,win_rate,667,3.164867517173697
Buy,win_rate,668,3.0176643768400453
Buy,win_rate,669,2.91952894995093
Buy,win_rate,670,2.6741903827281703
Buy,win_rate,671,2.9931305201177594
Buy,win_rate,672,2.4043179587831247
Buy,win_rate,673,3.0912659470068604
Buy,win_rate,674,2.330716388616281
Buy,win_rate,675,2.723258096172721
Buy,win_rate,676,2.7968596663395573
Buy,win_rate,677,2.821393523061822
Buy,win_rate,678,2.9685966633954877
Buy,win_rate,679,2.109911678115793
Buy,win_rate,680,2.5515210991167763
Buy,win_rate,681,2.477919528949954
Buy,win_rate,682,2.8949950932286583
Buy,win_rate,683,3.0667320902845887
Buy,win_rate,684,2.576054955839055
Buy,win_rate,685,2.6741903827281703
Buy,win_rate,686,2.919528949950923
Buy,win_rate,687,3.287536800785091
Buy,win_rate,688,2.9931305201177736
Buy,win_rate,689,3.238469087340526
Buy,win_rate,690,2.7723258096172714
Buy,win_rate,691,3.0912659470068675
Buy,win_rate,692,3.3120706575073555
Buy,win_rate,693,2.4288518155053964
Buy,win_rate,694,2.5515210991167834
Buy,win_rate,695,2.821393523061822
Buy,win_rate,696,3.1157998037291463
Buy,win_rate,697,2.674190382728156
Buy,win_rate,698,3.066732090284603
Buy,win_rate,699,2.0608439646712426
Buy,win_rate,700,2.502453385672233
Buy,win_rate,701,2.8459273797840936
Buy,win_rate,702,2.600588812561348
Buy,win_rate,703,2.6251226692836127
Buy,win_rate,704,3.361138370951913
Buy,win_rate,705,2.5515210991167834
Buy,win_rate,706,3.017664376840038
Buy,win_rate,707,2.9685966633954877
Buy,win_rate,708,2.821393523061822
Buy,win_rate,709,2.502453385672233
Buy,win_rate,710,3.60647693817468
Buy,win_rate,711,2.821393523061822
Buy,win_rate,712,2.944062806673209
Buy,win_rate,713,2.698724239450449
Buy,win_rate,714,2.4288518155053964
Buy,win_rate,715,2.551521099116769
Buy,win_rate,716,3.1157998037291534
Buy,win_rate,717,2.698724239450428
Buy,win_rate,718,2.91952894995093
Buy,win_rate,719,2.6496565260058773
Buy,win_rate,720,3.042198233562317
Buy,win_rate,721,3.263002944062812
Buy,win_rate,722,3.238469087340519
Buy,win_rate,723,2.4533856722276752
Buy,win_rate,724,2.6251226692836127
Buy,win_rate,725,2.919528949950937
Buy,win_rate,726,2.845927379784108
Buy,win_rate,727,2.796859666339543
Buy,win_rate,728,3.066732090284596
Buy,win_rate,729,2.0853778213935144
Buy,win_rate,730,3.2139352306182474
Buy,win_rate,731,3.04219823356231
Buy,win_rate,732,3.1157998037291463
Buy,win_rate,733,2.9931305201177594
Buy,win_rate,734,2.5515210991167834
Buy,win_rate,735,2.6496565260058915
Buy,win_rate,736,2.944062806673209
Buy,win_rate,737,2.821393523061822
Buy,win_rate,738,2.723258096172721
Buy,win_rate,739,2.4288518155053964
Buy,win_rate,740,2.4533856722276752
Buy,win_rate,741,2.7477919528949926
Buy,win_rate,742,2.8704612365063795
Buy,win_rate,743,2.576054955839055
Buy,win_rate,744,2.6251226692836127
Buy,win_rate,745,3.0176643768400453
Buy,win_rate,746,3.164867517173697
Buy,win_rate,747,3.017664376840031
Buy,win_rate,748,3.4592737978410213
Buy,win_rate,749,2.6741903827281703
Buy,win_rate,750,2.62512266928362
Buy,win_rate,751,2.91952894995093
Buy,win_rate,752,2.79685966633955
Buy,win_rate,753,3.017664376840038
Buy,win_rate,754,2.6496565260058915
Buy,win_rate,755,2.8704612365063724
Buy,win_rate,756,2.8704612365063866
Buy,win_rate,757,2.5269872423944975
Buy,win_rate,758,2.7477919528949997
Buy,win_rate,759,3.0176643768400453
Buy,win_rate,760,2.477919528949947
Buy,win_rate,761,2.4533856722276823
Buy,win_rate,762,2.8704612365063866
Buy,win_rate,763,2.7232580961727137
Buy,win_rate,764,2.919528949950923
Buy,win_rate,765,2.821393523061836
Buy,win_rate,766,2.3061825318940237
Buy,win_rate,767,2.62512266928362
Buy,win_rate,768,2.477919528949947
Buy,win_rate,769,3.164867517173697
Buy,win_rate,770,2.821393523061822
Buy,win_rate,771,3.0176643768400453
Buy,win_rate,772,2.796859666339543
Buy,win_rate,773,3.066732090284596
Buy,win_rate,774,2.600588812561334
Buy,win_rate,775,2.9685966633954877
Buy,win_rate,776,2.6496565260058844
Buy,win_rate,777,2.5515210991167834
Buy,win_rate,778,2.698724239450442
Buy,win_rate,779,3.115799803729132
Buy,win_rate,780,2.8949950932286583
Buy,win_rate,781,2.4043179587831247
Buy,win_rate,782,3.017664376840038
Buy,win_rate,783,3.2139352306182545
Buy,win_rate,784,3.066732090284596
Buy,win_rate,785,2.698724239450442
Buy,win_rate,786,2.919528949950923
Buy,win_rate,787,3.042198233562303
Buy,win_rate,788,2.036310107948971
Buy,win_rate,789,3.0912659470068746
Buy,win_rate,790,2.2816486751717378
Buy,win_rate,791,3.2139352306182545
Buy,win_rate,792,2.6496565260058844
Buy,win_rate,793,2.2080471050049013
Buy,win_rate,794,2.6496565260058986
Buy,win_rate,795,2.4288518155054035
Buy,win_rate,796,2.7232580961727137
Buy,win_rate,797,3.1157998037291534
Buy,win_rate,798,2.576054955839055
Buy,win_rate,799,2.477919528949954
Buy,win_rate,800,3.0912659470068746
Buy,win_rate,801,2.3061825318940024
Buy,win_rate,802,2.9685966633954877
Buy,win_rate,803,2.6251226692836127
Buy,win_rate,804,2.600588812561327
Buy,win_rate,805,2.2816486751717306
Buy,win_rate,806,3.385672227674192
Buy,win_rate,807,2.5269872423945046
Buy,win_rate,808,3.0667320902845887
Buy,win_rate,809,2.79685966633955
Buy,win_rate,810,2.330716388616281
Buy,win_rate,811,2.821393523061822
Buy,win_rate,812,3.3366045142296343
Buy,win_rate,813,2.3061825318940166
Buy,win_rate,814,2.944062806673209
Buy,win_rate,815,2.2816486751717378
Buy,win_rate,816,2.2816486751717378
Buy,win_rate,817,3.017664376840038
Buy,win_rate,818,3.1157998037291463
Buy,win_rate,819,3.3366045142296343
Buy,win_rate,820,3.18940137389599
Buy,win_rate,821,2.4043179587831247
Buy,win_rate,822,2.674190382728156
Buy,win_rate,823,3.1157998037291463
Buy,win_rate,824,3.140333660451418
Buy,win_rate,825,2.7477919528949997
Buy,win_rate,826,2.0853778213935215
Buy,win_rate,827,2.796859666339543
Buy,win_rate,828,2.723258096172721
Buy,win_rate,829,2.7477919528949926
Buy,win_rate,830,2.6496565260058915
Buy,win_rate,831,2.600588812561334
Buy,win_rate,832,2.821393523061822
Buy,win_rate,833,2.821393523061822
Buy,win_rate,834,3.729146221786074
Buy,win_rate,835,3.263002944062812
Buy,win_rate,836,2.62512266928362
Buy,win_rate,837,2.919528949950937
Buy,win_rate,838,2.6251226692836127
Buy,win_rate,839,2.723258096172721
Buy,win_rate,840,2.944062806673209
Buy,win_rate,841,2.8459273797841007
Buy,win_rate,842,3.042198233562324
Buy,win_rate,843,2.9931305201177594
Buy,win_rate,844,2.576054955839055
Buy,win_rate,845,2.894995093228644
Buy,win_rate,846,2.453385672227668
Buy,win_rate,847,3.0912659470068675
Buy,win_rate,848,2.698724239450442
Buy,win_rate,849,2.5024533856722257
Buy,win_rate,850,3.1403336604514323
Buy,win_rate,851,2.723258096172721
Buy,win_rate,852,2.8949950932286583
Buy,win_rate,853,2.6496565260058844
Buy,win_rate,854,2.8704612365063795
Buy,win_rate,855,2.821393523061829
Buy,win_rate,856,3.0912659470068675
Buy,win_rate,857,2.8949950932286583
Buy,win_rate,858,2.944062806673209
Buy,win_rate,859,2.698724239450449
Buy,win_rate,860,2.821393523061822
Buy,win_rate,861,2.698724239450449
Buy,win_rate,862,2.6496565260058915
Buy,win_rate,863,2.4288518155054035
Buy,win_rate,864,3.2139352306182474
Buy,win_rate,865,3.0912659470068746
Buy,win_rate,866,2.576054955839055
Buy,win_rate,867,2.6741903827281632
Buy,win_rate,868,2.502453385672233
Buy,win_rate,869,2.600588812561341
Buy,win_rate,870,2.723258096172721
Buy,win_rate,871,2.4533856722276823
Buy,win_rate,872,2.8704612365063866
Buy,win_rate,873,2.9685966633954877
Buy,win_rate,874,2.845927379784108
Buy,win_rate,875,2.821393523061829
Buy,win_rate,876,2.9685966633954877
Buy,win_rate,877,2.7477919528949997
Buy,win_rate,878,2.821393523061822
Buy,win_rate,879,3.3366045142296343
Buy,win_rate,880,3.140333660451425
Buy,win_rate,881,2.698724239450442
Buy,win_rate,882,2.698724239450435
Buy,win_rate,883,3.140333660451425
Buy,win_rate,884,2.79685966633955
Buy,win_rate,885,2.9931305201177594
Buy,win_rate,886,2.5269872423945117
Buy,win_rate,887,2.944062806673209
Buy,win_rate,888,2.576054955839055
Buy,win_rate,889,2.379784102060846
Buy,win_rate,890,2.576054955839055
Buy,win_rate,891,2.5269872423945046
Buy,win_rate,892,2.919528949950937
Buy,win_rate,893,2.723258096172721
Buy,win_rate,894,2.821393523061836
Buy,win_rate,895,2.91952894995093
Buy,win_rate,896,3.04219823356231
Buy,win_rate,897,2.576054955839055
Buy,win_rate,898,2.5515210991167834
Buy,win_rate,899,3.042198233562324
Buy,win_rate,900,2.7477919528949926
Buy,win_rate,901,2.7477919528949926
Buy,win_rate,902,2.600588812561334
Buy,win_rate,903,2.7723258096172714
Buy,win_rate,904,3.0176643768400453
Buy,win_rate,905,2.5269872423944975
Buy,win_rate,906,2.7232580961727066
Buy,win_rate,907,2.3797841020608317
Buy,win_rate,908,2.796859666339543
Buy,win_rate,909,3.0912659470068746
Buy,win_rate,910,2.8949950932286583
Buy,win_rate,911,2.7477919528949926
Buy,win_rate,912,2.944062806673209
Buy,win_rate,913,2.8949950932286512
Buy,win_rate,914,2.7232580961727066
Buy,win_rate,915,2.502453385672233
Buy,win_rate,916,2.7723258096172714
Buy,win_rate,917,2.5024533856722257
Buy,win_rate,918,2.79685966633955
Buy,win_rate,919,2.5269872423945046
Buy,win_rate,920,2.79685966633955
Buy,win_rate,921,2.4288518155053964
Buy,win_rate,922,2.379784102060846
Buy,win_rate,923,2.4288518155053964
Buy,win_rate,924,2.821393523061829
Buy,win_rate,925,3.066732090284596
Buy,win_rate,926,2.821393523061829
Buy,win_rate,927,3.066732090284596
Buy,win_rate,928,2.4043179587831176
Buy,win_rate,929,2.6496565260058844
Buy,win_rate,930,2.8704612365063866
Buy,win_rate,931,2.674190382728156
Buy,win_rate,932,2.944062806673209
Buy,win_rate,933,2.4288518155054106
Buy,win_rate,934,2.7477919528949855
Buy,win_rate,935,3.164867517173697
Buy,win_rate,936,3.1157998037291463
Buy,win_rate,937,2.698724239450442
Buy,win_rate,938,2.5515210991167834
Buy,win_rate,939,2.6496565260058844
Buy,win_rate,940,3.1157998037291463
Buy,win_rate,941,2.698724239450442
Buy,win_rate,942,3.1157998037291463
Buy,win_rate,943,3.1157998037291534
Buy,win_rate,944,2.8704612365063866
Buy,win_rate,945,3.3120706575073626
Buy,win_rate,946,2.3307163886162883
Buy,win_rate,947,3.0176643768400453
Buy,win_rate,948,3.042198233562317
Buy,win_rate,949,3.1894013738959757
Buy,win_rate,950,2.7723258096172714
Buy,win_rate,951,2.600588812561334
Buy,win_rate,952,3.04219823356231
Buy,win_rate,953,2.6741903827281703
Buy,win_rate,954,3.3366045142296414
Buy,win_rate,955,2.2080471050049084
Buy,win_rate,956,2.6251226692836056
Buy,win_rate,957,2.7968596663395573
Buy,win_rate,958,2.2816486751717306
Buy,win_rate,959,2.9931305201177594
Buy,win_rate,960,2.845927379784108
Buy,win_rate,961,2.4043179587831176
Buy,win_rate,962,3.5328753680078506
Buy,win_rate,963,2.1099116781158074
Buy,win_rate,964,2.5269872423945117
Buy,win_rate,965,3.066732090284596
Buy,win_rate,966,3.1894013738959757
Buy,win_rate,967,3.164867517173697
Buy,win_rate,968,3.017664376840031
Buy,win_rate,969,2.723258096172721
Buy,win_rate,970,2.355250245338567
Buy,win_rate,971,2.600588812561334
Buy,win_rate,972,2.4288518155053964
Buy,win_rate,973,2.379784102060846
Buy,win_rate,974,3.0176643768400453
Buy,win_rate,975,2.7723258096172714
Buy,win_rate,976,2.79685966633955
Buy,win_rate,977,3.2139352306182545
Buy,win_rate,978,2.7723258096172643
Buy,win_rate,979,2.6496565260058986
Buy,win_rate,980,3.1894013738959686
Buy,win_rate,981,3.066732090284596
Buy,win_rate,982,3.1894013738959686
Buy,win_rate,983,2.6496565260058915
Buy,win_rate,984,2.6741903827281703
Buy,win_rate,985,2.8459273797841007
Buy,win_rate,986,2.6496565260058844
Buy,win_rate,987,2.1589793915603437
Buy,win_rate,988,2.7723258096172714
Buy,win_rate,989,2.821393523061829
Buy,win_rate,990,2.0853778213935144
Buy,win_rate,991,2.9685966633954806
Buy,win_rate,992,3.140333660451425
Buy,win_rate,993,2.502453385672233
Buy,win_rate,994,2.6741903827281632
Buy,win_rate,995,2.8459273797840936
Buy,win_rate,996,2.845927379784108
Buy,win_rate,997,2.6251226692836056
Buy,win_rate,998,2.330716388616281
Buy,win_rate,999,2.674190382728156
Buy,profit_factor,0,0.3706472360452282
Buy,profit_factor,1,0.34622376650737596
Buy,profit_factor,2,0.37363794878690504
Buy,profit_factor,3,0.3201512626381495
Buy,profit_factor,4,0.35494446371044974
Buy,profit_factor,5,0.3061791152710094
Buy,profit_factor,6,0.3851345975466276
Buy,profit_factor,7,0.36250605633023136
Buy,profit_factor,8,0.2911689072589332
Buy,profit_factor,9,0.3259658648357533
Buy,profit_factor,10,0.2946017706953312
Buy,profit_factor,11,0.3129698460297252
Buy,profit_factor,12,0.39823055734904766
Buy,profit_factor,13,0.2948005474004334
Buy,profit_factor,14,0.3679944738347838
Buy,profit_factor,15,0.3555713815710919
Buy,profit_factor,16,0.33139207728135656
Buy,profit_factor,17,0.36422787775184773
Buy,profit_factor,18,0.3504725267616591
Buy,profit_factor,19,0.369258589390665
Buy,profit_factor,20,0.3615940414253478
Buy,profit_factor,21,0.3279001989015282
Buy,profit_factor,22,0.42432081785481257
Buy,profit_factor,23,0.3613161708969197
Buy,profit_factor,24,0.34301955841336484
Buy,profit_factor,25,0.2983369436802361
Buy,profit_factor,26,0.2877863116917867
Buy,profit_factor,27,0.3179710124787172
Buy,profit_factor,28,0.30208681813268345
Buy,profit_factor,29,0.30684444711298653
Buy,profit_factor,30,0.3492131458058165
Buy,profit_factor,31,0.3462545009892888
Buy,profit_factor,32,0.33830780121135406
Buy,profit_factor,33,0.29300325016191886
Buy,profit_factor,34,0.332745904334967
Buy,profit_factor,35,0.32884937291967953
Buy,profit_factor,36,0.2863562750927855
Buy,profit_factor,37,0.3241624562001024
Buy,profit_factor,38,0.3500342459570289
Buy,profit_factor,39,0.3231101811820829
Buy,profit_factor,40,0.3585808303208178
Buy,profit_factor,41,0.3696159572230928
Buy,profit_factor,42,0.3607832673053428
Buy,profit_factor,43,0.3649564044244751
Buy,profit_factor,44,0.3070397447633755
Buy,profit_factor,45,0.3236446385392955
Buy,profit_factor,46,0.342564434379776
Buy,profit_factor,47,0.30708495971194205
Buy,profit_factor,48,0.4169087972948975
Buy,profit_factor,49,0.3274864317411872
Buy,profit_factor,50,0.3823698190044995
Buy,profit_factor,51,0.3741905051155041
Buy,profit_factor,52,0.3441230301943943
Buy,profit_factor,53,0.33583735887533184
Buy,profit_factor,54,0.3142576925554179
Buy,profit_factor,55,0.3338370750689337
Buy,profit_factor,56,0.36679165590827045
Buy,profit_factor,57,0.3484437159158511
Buy,profit_factor,58,0.3237783375906442
Buy,profit_factor,59,0.35435975938167097
Buy,profit_factor,60,0.3299589863500425
Buy,profit_factor,61,0.34341288527780334
Buy,profit_factor,62,0.31248323313530424
Buy,profit_factor,63,0.38295052483739944
Buy,profit_factor,64,0.39192236145019166
Buy,profit_factor,65,0.33178011329559576
Buy,profit_factor,66,0.33906195534172623
Buy,profit_factor,67,0.33739711383288773
Buy,profit_factor,68,0.3446695116374947
Buy,profit_factor,69,0.3033357572701023
Buy,profit_factor,70,0.32235067183288013
Buy,profit_factor,71,0.35287558621164994
Buy,profit_factor,72,0.33719084053536896
Buy,profit_factor,73,0.3215158064383208
Buy,profit_factor,74,0.36474545443506257
Buy,profit_factor,75,0.4148256427214583
Buy,profit_factor,76,0.3164612194728762
Buy,profit_factor,77,0.39058964889332737
Buy,profit_factor,78,0.3327011770263262
Buy,profit_factor,79,0.3541905185360035
Buy,profit_factor,80,0.37282953722026724
Buy,profit_factor,81,0.37419775260415955
Buy,profit_factor,82,0.3096899562499784
Buy,profit_factor,83,0.32036250919040077
Buy,profit_factor,84,0.35304728353971626
Buy,profit_factor,85,0.36888878410243997
Buy,profit_factor,86,0.343051581104572
Buy,profit_factor,87,0.2795672013197805
Buy,profit_factor,88,0.3727014954215373
Buy,profit_factor,89,0.33357909989478474
Buy,profit_factor,90,0.30913332547575667
Buy,profit_factor,91,0.3377643977250009
Buy,profit_factor,92,0.3719592313512421
Buy,profit_factor,93,0.3271669559332362
Buy,profit_factor,94,0.34392371912368525
Buy,profit_factor,95,0.38237617364923837
Buy,profit_factor,96,0.43136668131837164
Buy,profit_factor,97,0.34790604146440174
Buy,profit_factor,98,0.3626679514228126
Buy,profit_factor,99,0.3818262420071252
Buy,profit_factor,100,0.3083136902377861
Buy,profit_factor,101,0.4139313578730981
Buy,profit_factor,102,0.3029364365514913
Buy,profit_factor,103,0.3746059516735638
Buy,profit_factor,104,0.38494025008755184
Buy,profit_factor,105,0.30537115641713175
Buy,profit_factor,106,0.3195547898928046
Buy,profit_factor,107,0.35385490685938725
Buy,profit_factor,108,0.30707269756580535
Buy,profit_factor,109,0.3416948948955194
Buy,profit_factor,110,0.36775666815633823
Buy,profit_factor,111,0.30021598271544914
Buy,profit_factor,112,0.3456232353462698
Buy,profit_factor,113,0.3631635993695319
Buy,profit_factor,114,0.3082478419501977
Buy,profit_factor,115,0.3011274427684052
Buy,profit_factor,116,0.3507072870381496
Buy,profit_factor,117,0.38573257778264436
Buy,profit_factor,118,0.31746565510815516
Buy,profit_factor,119,0.33889918900970617
Buy,profit_factor,120,0.34622420944786025
Buy,profit_factor,121,0.35580125998795964
Buy,profit_factor,122,0.3223976549697438
Buy,profit_factor,123,0.33024125617854905
Buy,profit_factor,124,0.32889493407152637
Buy,profit_factor,125,0.35159116753598685
Buy,profit_factor,126,0.32510968909122795
Buy,profit_factor,127,0.39136432985567016
Buy,profit_factor,128,0.3409700002845861
Buy,profit_factor,129,0.3054714666613032
Buy,profit_factor,130,0.34537951644397147
Buy,profit_factor,131,0.33791298118657664
Buy,profit_factor,132,0.3981943600312863
Buy,profit_factor,133,0.35573544095336107
Buy,profit_factor,134,0.34276372065044836
Buy,profit_factor,135,0.37500722283840826
Buy,profit_factor,136,0.2931082217347605
Buy,profit_factor,137,0.37648438121653394
Buy,profit_factor,138,0.3267211669753034
Buy,profit_factor,139,0.3467111654055075
Buy,profit_factor,140,0.30973654024664166
Buy,profit_factor,141,0.3178050644204866
Buy,profit_factor,142,0.3749748067767711
Buy,profit_factor,143,0.41375563736338883
Buy,profit_factor,144,0.3176395502505023
Buy,profit_factor,145,0.38459389357588014
Buy,profit_factor,146,0.31139232961753693
Buy,profit_factor,147,0.3493369767219656
Buy,profit_factor,148,0.3072129286001579
Buy,profit_factor,149,0.3500946318923934
Buy,profit_factor,150,0.350301082378897
Buy,profit_factor,151,0.34290700689881914
Buy,profit_factor,152,0.35452889730003845
Buy,profit_factor,153,0.35428174398341117
Buy,profit_factor,154,0.34639466827832965
Buy,profit_factor,155,0.33417213273514257
Buy,profit_factor,156,0.373477799978716
Buy,profit_factor,157,0.37120959725731995
Buy,profit_factor,158,0.3315479246838233
Buy,profit_factor,159,0.3155629617068332
Buy,profit_factor,160,0.3354312652980216
Buy,profit_factor,161,0.40258872427660464
Buy,profit_factor,162,0.34397751946413413
Buy,profit_factor,163,0.279671233510717
Buy,profit_factor,164,0.32065474559611085
Buy,profit_factor,165,0.3427840090074774
Buy,profit_factor,166,0.365171618109144
Buy,profit_factor,167,0.41363472789646805
Buy,profit_factor,168,0.33690855243495177
Buy,profit_factor,169,0.35460181687304226
Buy,profit_factor,170,0.3546188690283478
Buy,profit_factor,171,0.36417407099159727
Buy,profit_factor,172,0.3053095490595932
Buy,profit_factor,173,0.3329884086877333
Buy,profit_factor,174,0.348368968008272
Buy,profit_factor,175,0.36373096250553427
Buy,profit_factor,176,0.3542418189112402
Buy,profit_factor,177,0.41659477113797383
Buy,profit_factor,178,0.35240759222351903
Buy,profit_factor,179,0.33485870242984905
Buy,profit_factor,180,0.3591015226591652
Buy,profit_factor,181,0.3708290222284716
Buy,profit_factor,182,0.3319623775253677
Buy,profit_factor,183,0.38023323671268416
Buy,profit_factor,184,0.30183742740934427
Buy,profit_factor,185,0.3136562968433019
Buy,profit_factor,186,0.37257763229634877
Buy,profit_factor,187,0.37276983282808374
Buy,profit_factor,188,0.3298103970008439
Buy,profit_factor,189,0.3491528532120949
Buy,profit_factor,190,0.3925726517973325
Buy,profit_factor,191,0.37442408550183925
Buy,profit_factor,192,0.29599513564325264
Buy,profit_factor,193,0.3568898522947408
Buy,profit_factor,194,0.3034110261185985
Buy,profit_factor,195,0.3096950808526371
Buy,profit_factor,196,0.34300100297127045
Buy,profit_factor,197,0.42305391057980435
Buy,profit_factor,198,0.3060186398198814
Buy,profit_factor,199,0.3029351307852335
Buy,profit_factor,200,0.3567893152251296
Buy,profit_factor,201,0.32207694964440137
Buy,profit_factor,202,0.35037004722438336
Buy,profit_factor,203,0.38912785565028507
Buy,profit_factor,204,0.3856725806469048
Buy,profit_factor,205,0.3799123135910598
Buy,profit_factor,206,0.339702272740368
Buy,profit_factor,207,0.32761903059044073
Buy,profit_factor,208,0.39585037226885955
Buy,profit_factor,209,0.3646531162310711
Buy,profit_factor,210,0.3349866464394231
Buy,profit_factor,211,0.3479278805268513
Buy,profit_factor,212,0.44067099665201415
Buy,profit_factor,213,0.35349007569549773
Buy,profit_factor,214,0.3374137029113178
Buy,profit_factor,215,0.2993417524521491
Buy,profit_factor,216,0.3587915456239581
Buy,profit_factor,217,0.3397058680714733
Buy,profit_factor,218,0.30924351388463434
Buy,profit_factor,219,0.3843867001648964
Buy,profit_factor,220,0.3280568525950054
Buy,profit_factor,221,0.37763208999163433
Buy,profit_factor,222,0.3336084252285252
Buy,profit_factor,223,0.3523176382235351
Buy,profit_factor,224,0.3618308404671269
Buy,profit_factor,225,0.30693684073403293
Buy,profit_factor,226,0.3241190229987363
Buy,profit_factor,227,0.3847810330837653
Buy,profit_factor,228,0.372457015977671
Buy,profit_factor,229,0.32106437098028495
Buy,profit_factor,230,0.3098693848281511
Buy,profit_factor,231,0.31051355575628525
Buy,profit_factor,232,0.3014032226897423
Buy,profit_factor,233,0.3022011226168573
Buy,profit_factor,234,0.3489354999616423
Buy,profit_factor,235,0.3368827722925807
Buy,profit_factor,236,0.32597271136230077
Buy,profit_factor,237,0.33558764567036103
Buy,profit_factor,238,0.29594276354426086
Buy,profit_factor,239,0.3769013167000663
Buy,profit_factor,240,0.34790465977158647
Buy,profit_factor,241,0.34342274582528587
Buy,profit_factor,242,0.31744772542161837
Buy,profit_factor,243,0.3577902877941197
Buy,profit_factor,244,0.3688729443307821
Buy,profit_factor,245,0.35920249797771975
Buy,profit_factor,246,0.36862410393890377
Buy,profit_factor,247,0.36289682073570884
Buy,profit_factor,248,0.3181593422697917
Buy,profit_factor,249,0.3106109771220642
Buy,profit_factor,250,0.34736833539735423
Buy,profit_factor,251,0.3911161791419957
Buy,profit_factor,252,0.35109710355203294
Buy,profit_factor,253,0.3399570146642863
Buy,profit_factor,254,0.33349876566285497
Buy,profit_factor,255,0.31350355352462733
Buy,profit_factor,256,0.3436727034807552
Buy,profit_factor,257,0.3497350843934126
Buy,profit_factor,258,0.3461095249310189
Buy,profit_factor,259,0.37608830977195673
Buy,profit_factor,260,0.308946605289695
Buy,profit_factor,261,0.3569587025694685
Buy,profit_factor,262,0.3336496068637613
Buy,profit_factor,263,0.3414475382828899
Buy,profit_factor,264,0.3135667372756372
Buy,profit_factor,265,0.3780155592871304
Buy,profit_factor,266,0.30982274538423127
Buy,profit_factor,267,0.34937977200803605
Buy,profit_factor,268,0.33604447058740083
Buy,profit_factor,269,0.3263350423885818
Buy,profit_factor,270,0.3305228760123917
Buy,profit_factor,271,0.3403257350600106
Buy,profit_factor,272,0.3904937463714151
Buy,profit_factor,273,0.4200608962087182
Buy,profit_factor,274,0.3606408009199433
Buy,profit_factor,275,0.36245182732705405
Buy,profit_factor,276,0.3340214338824361
Buy,profit_factor,277,0.29110899456901684
Buy,profit_factor,278,0.3671601711247159
Buy,profit_factor,279,0.298917328815417
Buy,profit_factor,280,0.4028219537382931
Buy,profit_factor,281,0.36043755246722897
Buy,profit_factor,282,0.3158175669113552
Buy,profit_factor,283,0.3313896831072327
Buy,profit_factor,284,0.3423493326545639
Buy,profit_factor,285,0.346947230784441
Buy,profit_factor,286,0.32165072266184946
Buy,profit_factor,287,0.35125479349781186
Buy,profit_factor,288,0.3509226011460984
Buy,profit_factor,289,0.3027620153266559
Buy,profit_factor,290,0.29407277942810106
Buy,profit_factor,291,0.35013024372868395
Buy,profit_factor,292,0.3710396421561537
Buy,profit_factor,293,0.36817525934705086
Buy,profit_factor,294,0.3527831050581143
Buy,profit_factor,295,0.3721047961131667
Buy,profit_factor,296,0.33608439942432833
Buy,profit_factor,297,0.369625722193891
Buy,profit_factor,298,0.30421637555812
Buy,profit_factor,299,0.40622907018627474
Buy,profit_factor,300,0.39585782820788573
Buy,profit_factor,301,0.37847424664369855
Buy,profit_factor,302,0.3500611789363113
Buy,profit_factor,303,0.31666843021693625
Buy,profit_factor,304,0.33653171903956336
Buy,profit_factor,305,0.32177017675611985
Buy,profit_factor,306,0.37497564855318677
Buy,profit_factor,307,0.4083563719513865
Buy,profit_factor,308,0.33876719823964274
Buy,profit_factor,309,0.3180949580761725
Buy,profit_factor,310,0.3958738229956076
Buy,profit_factor,311,0.3630542975089459
Buy,profit_factor,312,0.3433006344363956
Buy,profit_factor,313,0.4372413805132318
Buy,profit_factor,314,0.3655968534536327
Buy,profit_factor,315,0.34297299752691357
Buy,profit_factor,316,0.34706661502593894
Buy,profit_factor,317,0.36918238127739267
Buy,profit_factor,318,0.3792153749042777
Buy,profit_factor,319,0.3497353336709641
Buy,profit_factor,320,0.35946034693604156
Buy,profit_factor,321,0.3128641375767889
Buy,profit_factor,322,0.28836216527219527
Buy,profit_factor,323,0.341847123176541
Buy,profit_factor,324,0.34408964258451213
Buy,profit_factor,325,0.2895843665930906
Buy,profit_factor,326,0.3858520076482508
Buy,profit_factor,327,0.42120658590687876
Buy,profit_factor,328,0.3012223583654019
Buy,profit_factor,329,0.3238315986184608
Buy,profit_factor,330,0.3922732949746668
Buy,profit_factor,331,0.3461919774754749
Buy,profit_factor,332,0.35969679478570615
Buy,profit_factor,333,0.29669457414267564
Buy,profit_factor,334,0.3534931978932585
Buy,profit_factor,335,0.3344670750241505
Buy,profit_factor,336,0.3195850312045012
Buy,profit_factor,337,0.33733891100274827
Buy,profit_factor,338,0.3029818869353851
Buy,profit_factor,339,0.3390113503160421
Buy,profit_factor,340,0.32130466607404173
Buy,profit_factor,341,0.3159808832708615
Buy,profit_factor,342,0.3663874485653347
Buy,profit_factor,343,0.3400466417133452
Buy,profit_factor,344,0.33375649708193755
Buy,profit_factor,345,0.3623447556362889
Buy,profit_factor,346,0.3385951098164708
Buy,profit_factor,347,0.32815455390463244
Buy,profit_factor,348,0.34074943605277985
Buy,profit_factor,349,0.40809027261760367
Buy,profit_factor,350,0.36219838399690873
Buy,profit_factor,351,0.3485804316827168
Buy,profit_factor,352,0.3562776847817184
Buy,profit_factor,353,0.303354789272424
Buy,profit_factor,354,0.3153172671095512
Buy,profit_factor,355,0.33050241814850656
Buy,profit_factor,356,0.38244909214305345
Buy,profit_factor,357,0.37681905748632216
Buy,profit_factor,358,0.36360650809314254
Buy,profit_factor,359,0.3489978361689072
Buy,profit_factor,360,0.3479762864173179
Buy,profit_factor,361,0.4229739875818579
Buy,profit_factor,362,0.3407207479403742
Buy,profit_factor,363,0.3671401927414384
Buy,profit_factor,364,0.33938882942692805
Buy,profit_factor,365,0.27283838823770523
Buy,profit_factor,366,0.3229671980119977
Buy,profit_factor,367,0.32578697849401994
Buy,profit_factor,368,0.3299572284783099
Buy,profit_factor,369,0.34525017741159125
Buy,profit_factor,370,0.33460342676999666
Buy,profit_factor,371,0.37039436328126607
Buy,profit_factor,372,0.3027618293407439
Buy,profit_factor,373,0.39576760997130744
Buy,profit_factor,374,0.31887783694671956
Buy,profit_factor,375,0.35016303168874163
Buy,profit_factor,376,0.30725700460221095
Buy,profit_factor,377,0.2871421054071175
Buy,profit_factor,378,0.3287940505164353
Buy,profit_factor,379,0.31967466596348837
Buy,profit_factor,380,0.3278270691476832
Buy,profit_factor,381,0.30378499584969454
Buy,profit_factor,382,0.3338728330291625
Buy,profit_factor,383,0.36197492090239036
Buy,profit_factor,384,0.3904297462565811
Buy,profit_factor,385,0.32343686356687895
Buy,profit_factor,386,0.3639251835471238
Buy,profit_factor,387,0.35348440715576324
Buy,profit_factor,388,0.32432846857616626
Buy,profit_factor,389,0.3433426315680843
Buy,profit_factor,390,0.35999571903178484
Buy,profit_factor,391,0.32941690052795813
Buy,profit_factor,392,0.35105276125958396
Buy,profit_factor,393,0.3080581113605838
Buy,profit_factor,394,0.3122209351614078
Buy,profit_factor,395,0.37627657366068057
Buy,profit_factor,396,0.3474665756820432
Buy,profit_factor,397,0.32806881233987895
Buy,profit_factor,398,0.31077584068635566
Buy,profit_factor,399,0.3483662815405335
Buy,profit_factor,400,0.35771713330125054
Buy,profit_factor,401,0.37339194563866007
Buy,profit_factor,402,0.30375668412239243
Buy,profit_factor,403,0.347588319168759
Buy,profit_factor,404,0.33460638636783413
Buy,profit_factor,405,0.2988778905946847
Buy,profit_factor,406,0.27994415548932006
Buy,profit_factor,407,0.3178486910988281
Buy,profit_factor,408,0.3748435280881597
Buy,profit_factor,409,0.35162715571227077
Buy,profit_factor,410,0.3179544504425289
Buy,profit_factor,411,0.34280275325494936
Buy,profit_factor,412,0.3464477521794329
Buy,profit_factor,413,0.39742988569578674
Buy,profit_factor,414,0.3806404883983743
Buy,profit_factor,415,0.3623485610216943
Buy,profit_factor,416,0.3256377831166768
Buy,profit_factor,417,0.312119171998098
Buy,profit_factor,418,0.34025555255584194
Buy,profit_factor,419,0.34717762543633635
Buy,profit_factor,420,0.3837523827398961
Buy,profit_factor,421,0.36511036848997946
Buy,profit_factor,422,0.33718233063100733
Buy,profit_factor,423,0.3953930226979794
Buy,profit_factor,424,0.3244595605675573
Buy,profit_factor,425,0.38288960743340317
Buy,profit_factor,426,0.35144801497991107
Buy,profit_factor,427,0.3519520117010715
Buy,profit_factor,428,0.3360957648594618
Buy,profit_factor,429,0.40046267665056723
Buy,profit_factor,430,0.3521477574352585
Buy,profit_factor,431,0.3386857008266215
Buy,profit_factor,432,0.3527825203943675
Buy,profit_factor,433,0.32216099190949565
Buy,profit_factor,434,0.37054558007767113
Buy,profit_factor,435,0.3280625243220734
Buy,profit_factor,436,0.3264923743877577
Buy,profit_factor,437,0.39476708583678644
Buy,profit_factor,438,0.2853622510599809
Buy,profit_factor,439,0.32541777225786106
Buy,profit_factor,440,0.33466140808656863
Buy,profit_factor,441,0.3282913091613917
Buy,profit_factor,442,0.3506190135415337
Buy,profit_factor,443,0.37347265701795296
Buy,profit_factor,444,0.37240519290988505
Buy,profit_factor,445,0.32460045384350034
Buy,profit_factor,446,0.34211965123021315
Buy,profit_factor,447,0.35971938701751327
Buy,profit_factor,448,0.31665571603237064
Buy,profit_factor,449,0.39737813854706117
Buy,profit_factor,450,0.43375736526230035
Buy,profit_factor,451,0.3312832861311028
Buy,profit_factor,452,0.297002557459185
Buy,profit_factor,453,0.33050079953757905
Buy,profit_factor,454,0.33066590703165044
Buy,profit_factor,455,0.36006501673044067
Buy,profit_factor,456,0.33555238933534115
Buy,profit_factor,457,0.35277245460906226
Buy,profit_factor,458,0.3133480730517211
Buy,profit_factor,459,0.3729362197862125
Buy,profit_factor,460,0.3660567973659079
Buy,profit_factor,461,0.3096211602296801
Buy,profit_factor,462,0.38272322472896114
Buy,profit_factor,463,0.2972237362946517
Buy,profit_factor,464,0.35243894177792345
Buy,profit_factor,465,0.40351608420273877
Buy,profit_factor,466,0.3301413279538328
Buy,profit_factor,467,0.3565814180489326
Buy,profit_factor,468,0.2884548958986839
Buy,profit_factor,469,0.27958567160872416
Buy,profit_factor,470,0.33653549752099776
Buy,profit_factor,471,0.33198637267472986
Buy,profit_factor,472,0.33259725558233333
Buy,profit_factor,473,0.3208767932114118
Buy,profit_factor,474,0.28332936694870225
Buy,profit_factor,475,0.33895509700165416
Buy,profit_factor,476,0.295742855626016
Buy,profit_factor,477,0.3314973768594984
Buy,profit_factor,478,0.3863692319735792
Buy,profit_factor,479,0.3104414015386405
Buy,profit_factor,480,0.4107939017141429
Buy,profit_factor,481,0.3241907455102062
Buy,profit_factor,482,0.39602953298474075
Buy,profit_factor,483,0.3417857550562191
Buy,profit_factor,484,0.3544721217109279
Buy,profit_factor,485,0.36665795407619983
Buy,profit_factor,486,0.375308672280823
Buy,profit_factor,487,0.3308001265925422
Buy,profit_factor,488,0.3742271266446955
Buy,profit_factor,489,0.3986140957859763
Buy,profit_factor,490,0.302530700056979
Buy,profit_factor,491,0.2875619474565081
Buy,profit_factor,492,0.33350595505087544
Buy,profit_factor,493,0.38877891273775145
Buy,profit_factor,494,0.27970690187632474
Buy,profit_factor,495,0.39461425897448565
Buy,profit_factor,496,0.35921151718979827
Buy,profit_factor,497,0.36158911088088663
Buy,profit_factor,498,0.31596864740152464
Buy,profit_factor,499,0.3128904712984921
Buy,profit_factor,500,0.34924336243499043
Buy,profit_factor,501,0.38782379311000215
Buy,profit_factor,502,0.28474712539901925
Buy,profit_factor,503,0.35812597646772737
Buy,profit_factor,504,0.28550969989695973
Buy,profit_factor,505,0.3141193660808219
Buy,profit_factor,506,0.3271487109398157
Buy,profit_factor,507,0.3283654602633863
Buy,profit_factor,508,0.3416616065223148
Buy,profit_factor,509,0.3381999936048792
Buy,profit_factor,510,0.3857637459634362
Buy,profit_factor,511,0.3571071110401576
Buy,profit_factor,512,0.32672668611753775
Buy,profit_factor,513,0.338816890746767
Buy,profit_factor,514,0.365550765087749
Buy,profit_factor,515,0.36865414920343254
Buy,profit_factor,516,0.3118442192236306
Buy,profit_factor,517,0.34403201838958264
Buy,profit_factor,518,0.336849066734608
Buy,profit_factor,519,0.3597879820923695
Buy,profit_factor,520,0.2972537898073533
Buy,profit_factor,521,0.33507679220654074
Buy,profit_factor,522,0.35280300738987735
Buy,profit_factor,523,0.38200546176635175
Buy,profit_factor,524,0.3375754091233083
Buy,profit_factor,525,0.37054708498071465
Buy,profit_factor,526,0.3403726689548723
Buy,profit_factor,527,0.3403775301018226
Buy,profit_factor,528,0.3144455736480327
Buy,profit_factor,529,0.35955656736126906
Buy,profit_factor,530,0.2917788641227612
Buy,profit_factor,531,0.3486635891804708
Buy,profit_factor,532,0.3710703204784762
Buy,profit_factor,533,0.3085129996580185
Buy,profit_factor,534,0.31169673953255117
Buy,profit_factor,535,0.39311201646772487
Buy,profit_factor,536,0.3480711139543833
Buy,profit_factor,537,0.4165921042964724
Buy,profit_factor,538,0.347900935346642
Buy,profit_factor,539,0.3736895820573336
Buy,profit_factor,540,0.35614275569487086
Buy,profit_factor,541,0.37637553372632615
Buy,profit_factor,542,0.36191344956380256
Buy,profit_factor,543,0.34935203805262427
Buy,profit_factor,544,0.29934014561082023
Buy,profit_factor,545,0.35823078899854055
Buy,profit_factor,546,0.2858277210297282
Buy,profit_factor,547,0.3625367826282848
Buy,profit_factor,548,0.30439430373383836
Buy,profit_factor,549,0.3880886424467782
Buy,profit_factor,550,0.3224509063677674
Buy,profit_factor,551,0.3780848465736093
Buy,profit_factor,552,0.31348982301300543
Buy,profit_factor,553,0.36802608100031
Buy,profit_factor,554,0.3514110747031327
Buy,profit_factor,555,0.33750578997057357
Buy,profit_factor,556,0.3551398801735286
Buy,profit_factor,557,0.3211851994973105
Buy,profit_factor,558,0.3636147507564842
Buy,profit_factor,559,0.318642830933376
Buy,profit_factor,560,0.3565639766987041
Buy,profit_factor,561,0.31726812920216396
Buy,profit_factor,562,0.30505167142808354
Buy,profit_factor,563,0.3232782288033591
Buy,profit_factor,564,0.2911739875279502
Buy,profit_factor,565,0.34089629004656263
Buy,profit_factor,566,0.28835286705443774
Buy,profit_factor,567,0.30757276239522047
Buy,profit_factor,568,0.37553421281535515
Buy,profit_factor,569,0.35234736389065224
Buy,profit_factor,570,0.3313449955066612
Buy,profit_factor,571,0.40778924143372963
Buy,profit_factor,572,0.4281624204069301
Buy,profit_factor,573,0.3621460635553091
Buy,profit_factor,574,0.3949312109579206
Buy,profit_factor,575,0.39441697985214885
Buy,profit_factor,576,0.3087097016507996
Buy,profit_factor,577,0.3579309148706735
Buy,profit_factor,578,0.3011049867496465
Buy,profit_factor,579,0.3010455389113855
Buy,profit_factor,580,0.34008660757373654
Buy,profit_factor,581,0.3263174474544872
Buy,profit_factor,582,0.31640533495669354
Buy,profit_factor,583,0.36173463793738936
Buy,profit_factor,584,0.33389205006830824
Buy,profit_factor,585,0.40335438880106267
Buy,profit_factor,586,0.3567936331184809
Buy,profit_factor,587,0.33668688840355276
Buy,profit_factor,588,0.3209706815689226
Buy,profit_factor,589,0.363167028714944
Buy,profit_factor,590,0.3178354296997883
Buy,profit_factor,591,0.3442541151980376
Buy,profit_factor,592,0.29733801004657545
Buy,profit_factor,593,0.34573536256688353
Buy,profit_factor,594,0.3178718358188317
Buy,profit_factor,595,0.30434786319093377
Buy,profit_factor,596,0.34828058318858846
Buy,profit_factor,597,0.35350296538922077
Buy,profit_factor,598,0.3343628220757733
Buy,profit_factor,599,0.29974390483581725
Buy,profit_factor,600,0.3279692059131114
Buy,profit_factor,601,0.27935878340494824
Buy,profit_factor,602,0.3492071584716161
Buy,profit_factor,603,0.31050207279412767
Buy,profit_factor,604,0.3119363707314755
Buy,profit_factor,605,0.3481476473439429
Buy,profit_factor,606,0.3425592000027038
Buy,profit_factor,607,0.3313898581339414
Buy,profit_factor,608,0.3356274916727262
Buy,profit_factor,609,0.3533613093246051
Buy,profit_factor,610,0.32310955937688934
Buy,profit_factor,611,0.3705104136628412
Buy,profit_factor,612,0.37345420488867864
Buy,profit_factor,613,0.32699604596817755
Buy,profit_factor,614,0.3410104467453561
Buy,profit_factor,615,0.3300890670129215
Buy,profit_factor,616,0.32229560036032456
Buy,profit_factor,617,0.2934942371271849
Buy,profit_factor,618,0.36346251012604736
Buy,profit_factor,619,0.3565719267737175
Buy,profit_factor,620,0.3922449239888439
Buy,profit_factor,621,0.3212490378431996
Buy,profit_factor,622,0.30795295451064497
Buy,profit_factor,623,0.29349406143381085
Buy,profit_factor,624,0.3882582123324321
Buy,profit_factor,625,0.3235880744108819
Buy,profit_factor,626,0.3336562134072065
Buy,profit_factor,627,0.27401719205108943
Buy,profit_factor,628,0.31448356870810823
Buy,profit_factor,629,0.35119663131483847
Buy,profit_factor,630,0.3600395886761767
Buy,profit_factor,631,0.30725588629104506
Buy,profit_factor,632,0.32112382298019826
Buy,profit_factor,633,0.3231822317797479
Buy,profit_factor,634,0.3473365678080902
Buy,profit_factor,635,0.29836896840639326
Buy,profit_factor,636,0.3120410195899135
Buy,profit_factor,637,0.2918731789321134
Buy,profit_factor,638,0.34481873229661986
Buy,profit_factor,639,0.30052072088434256
Buy,profit_factor,640,0.3360654246906227
Buy,profit_factor,641,0.3843458235368664
Buy,profit_factor,642,0.377584117212987
Buy,profit_factor,643,0.3599333349536571
Buy,profit_factor,644,0.36659047231561814
Buy,profit_factor,645,0.3392065659458039
Buy,profit_factor,646,0.34483410232763356
Buy,profit_factor,647,0.36028075703212536
Buy,profit_factor,648,0.3694930747067655
Buy,profit_factor,649,0.35524435803428656
Buy,profit_factor,650,0.3562778679574823
Buy,profit_factor,651,0.3442615745071622
Buy,profit_factor,652,0.3287503113512469
Buy,profit_factor,653,0.29436709464705757
Buy,profit_factor,654,0.36075821295116617
Buy,profit_factor,655,0.28939344769863906
Buy,profit_factor,656,0.38570117216609745
Buy,profit_factor,657,0.34624133631752674
Buy,profit_factor,658,0.48443825473932467
Buy,profit_factor,659,0.38432490115135565
Buy,profit_factor,660,0.3451092067591617
Buy,profit_factor,661,0.37571639047440497
Buy,profit_factor,662,0.3802771917987613
Buy,profit_factor,663,0.3405286368076772
Buy,profit_factor,664,0.38831347088901547
Buy,profit_factor,665,0.3414319588468562
Buy,profit_factor,666,0.3103101917259745
Buy,profit_factor,667,0.3863735814560392
Buy,profit_factor,668,0.36699004106374167
Buy,profit_factor,669,0.3658432250601171
Buy,profit_factor,670,0.33810371188771393
Buy,profit_factor,671,0.39013951991566254
Buy,profit_factor,672,0.297944911149997
Buy,profit_factor,673,0.34733668782823734
Buy,profit_factor,674,0.33528422895602006
Buy,profit_factor,675,0.3360457742056484
Buy,profit_factor,676,0.3156920257041764
Buy,profit_factor,677,0.37084992713933573
Buy,profit_factor,678,0.3527735198387534
Buy,profit_factor,679,0.3054083239749885
Buy,profit_factor,680,0.39630397113087357
Buy,profit_factor,681,0.3286575876344471
Buy,profit_factor,682,0.3241778505980464
Buy,profit_factor,683,0.417514350237739
Buy,profit_factor,684,0.3203758189072299
Buy,profit_factor,685,0.3063158336073504
Buy,profit_factor,686,0.379904251931531
Buy,profit_factor,687,0.3677024349145861
Buy,profit_factor,688,0.37015236550904085
Buy,profit_factor,689,0.3535234877586051
Buy,profit_factor,690,0.35464820926072305
Buy,profit_factor,691,0.34329869663219315
Buy,profit_factor,692,0.38307558484186277
Buy,profit_factor,693,0.34638948137439396
Buy,profit_factor,694,0.3391743131341687
Buy,profit_factor,695,0.32725189486915696
Buy,profit_factor,696,0.38547679186646766
Buy,profit_factor,697,0.299968639098692
Buy,profit_factor,698,0.33650977381329517
Buy,profit_factor,699,0.3067016929510271
Buy,profit_factor,700,0.2938461969650814
Buy,profit_factor,701,0.35607700311361823
Buy,profit_factor,702,0.3490899453544465
Buy,profit_factor,703,0.370474801767696
Buy,profit_factor,704,0.33407517683616605
Buy,profit_factor,705,0.33394389501749844
Buy,profit_factor,706,0.3174344532300788
Buy,profit_factor,707,0.34765006269608856
Buy,profit_factor,708,0.36905908178399827
Buy,profit_factor,709,0.3254189056389616
Buy,profit_factor,710,0.38740142097592445
Buy,profit_factor,711,0.3148438425427229
Buy,profit_factor,712,0.3034912230382676
Buy,profit_factor,713,0.33380886168292045
Buy,profit_factor,714,0.3343271075808385
Buy,profit_factor,715,0.35204257628126534
Buy,profit_factor,716,0.314881307338565
Buy,profit_factor,717,0.3210928786786673
Buy,profit_factor,718,0.36151263598249184
Buy,profit_factor,719,0.33852846222273136
Buy,profit_factor,720,0.318204012234955
Buy,profit_factor,721,0.4028964599012932
Buy,profit_factor,722,0.32189447587827713
Buy,profit_factor,723,0.29469782212889717
Buy,profit_factor,724,0.30905641562712516
Buy,profit_factor,725,0.3186056162851916
Buy,profit_factor,726,0.354064271484809
Buy,profit_factor,727,0.4004614788067591
Buy,profit_factor,728,0.3667782635848109
Buy,profit_factor,729,0.3259049468045161
Buy,profit_factor,730,0.3533170964542065
Buy,profit_factor,731,0.3042948227945037
Buy,profit_factor,732,0.3151009531567426
Buy,profit_factor,733,0.3339716407261526
Buy,profit_factor,734,0.33767963533955925
Buy,profit_factor,735,0.29248890938149597
Buy,profit_factor,736,0.38605128380817844
Buy,profit_factor,737,0.2979071960212485
Buy,profit_factor,738,0.3280500305167453
Buy,profit_factor,739,0.3122810350677572
Buy,profit_factor,740,0.32194395060024705
Buy,profit_factor,741,0.3275103211878925
Buy,profit_factor,742,0.3469485061621276
Buy,profit_factor,743,0.30214547520701895
Buy,profit_factor,744,0.32140369815049796
Buy,profit_factor,745,0.2928274840621241
Buy,profit_factor,746,0.3530050756548455
Buy,profit_factor,747,0.3278446379647568
Buy,profit_factor,748,0.35141757719863786
Buy,profit_factor,749,0.2904500096681186
Buy,profit_factor,750,0.3257439756307008
Buy,profit_factor,751,0.4374854163219588
Buy,profit_factor,752,0.33216615106012437
Buy,profit_factor,753,0.3534866111442221
Buy,profit_factor,754,0.32983857309477793
Buy,profit_factor,755,0.30667805920517743
Buy,profit_factor,756,0.3166766268372907
Buy,profit_factor,757,0.32211651330933044
Buy,profit_factor,758,0.36283477380384577
Buy,profit_factor,759,0.3386663420407956
Buy,profit_factor,760,0.3221299750723623
Buy,profit_factor,761,0.33428850076698646
Buy,profit_factor,762,0.3727153722358487
Buy,profit_factor,763,0.33835207150933044
Buy,profit_factor,764,0.329293487595947
Buy,profit_factor,765,0.3676959198714056
Buy,profit_factor,766,0.32789650081581767
Buy,profit_factor,767,0.3326800034643904
Buy,profit_factor,768,0.3002840589875029
Buy,profit_factor,769,0.43835979548535775
Buy,profit_factor,770,0.32723580380278205
Buy,profit_factor,771,0.36405991220839473
Buy,profit_factor,772,0.3525544527964728
Buy,profit_factor,773,0.3618115212918651
Buy,profit_factor,774,0.36399539463252895
Buy,profit_factor,775,0.35392045213831347
Buy,profit_factor,776,0.36893499434525046
Buy,profit_factor,777,0.30971677942649656
Buy,profit_factor,778,0.37935795966863584
Buy,profit_factor,779,0.2846011903452128
Buy,profit_factor,780,0.347679367308249
Buy,profit_factor,781,0.3601446430764197
Buy,profit_factor,782,0.343356292955721
Buy,profit_factor,783,0.3521267570996742
Buy,profit_factor,784,0.3311196018609577
Buy,profit_factor,785,0.30919770067951724
Buy,profit_factor,786,0.36670758888852584
Buy,profit_factor,787,0.36076235591445815
Buy,profit_factor,788,0.3007297267381266
Buy,profit_factor,789,0.3639140894462787
Buy,profit_factor,790,0.2794767928337101
Buy,profit_factor,791,0.3198622726180238
Buy,profit_factor,792,0.3062186608592459
Buy,profit_factor,793,0.32358199972699797
Buy,profit_factor,794,0.31886565359551433
Buy,profit_factor,795,0.3583111961402441
Buy,profit_factor,796,0.3280871395663456
Buy,profit_factor,797,0.4374656061205102
Buy,profit_factor,798,0.3390499924503123
Buy,profit_factor,799,0.3247459676677438
Buy,profit_factor,800,0.3547758197639377
Buy,profit_factor,801,0.3248382849890006
Buy,profit_factor,802,0.29561847345477776
Buy,profit_factor,803,0.3056372909787832
Buy,profit_factor,804,0.3020550666698525
Buy,profit_factor,805,0.3155939955230491
Buy,profit_factor,806,0.3495170850443774
Buy,profit_factor,807,0.3336976711806279
Buy,profit_factor,808,0.3567362616173897
Buy,profit_factor,809,0.3178213706494799
Buy,profit_factor,810,0.3640216749570233
Buy,profit_factor,811,0.38846118274227814
Buy,profit_factor,812,0.39402518430934563
Buy,profit_factor,813,0.3223604721166229
Buy,profit_factor,814,0.3292281240537438
Buy,profit_factor,815,0.2996393832008666
Buy,profit_factor,816,0.30955911482449716
Buy,profit_factor,817,0.35493240071619336
Buy,profit_factor,818,0.3753026365234815
Buy,profit_factor,819,0.3742898389505389
Buy,profit_factor,820,0.37050361553446365
Buy,profit_factor,821,0.3172031171125118
Buy,profit_factor,822,0.3214118721479058
Buy,profit_factor,823,0.3785836675411369
Buy,profit_factor,824,0.3559025534481912
Buy,profit_factor,825,0.4074651274339458
Buy,profit_factor,826,0.2927209920509326
Buy,profit_factor,827,0.3655372725037056
Buy,profit_factor,828,0.31919479349380664
Buy,profit_factor,829,0.37967579761028025
Buy,profit_factor,830,0.35114827873128185
Buy,profit_factor,831,0.3802586743814196
Buy,profit_factor,832,0.3468566432847071
Buy,profit_factor,833,0.3150479748497319
Buy,profit_factor,834,0.3469095306023018
Buy,profit_factor,835,0.38018638869416543
Buy,profit_factor,836,0.2923479616233178
Buy,profit_factor,837,0.35596531147730515
Buy,profit_factor,838,0.32337064028289
Buy,profit_factor,839,0.37098644476529863
Buy,profit_factor,840,0.32191665835542604
Buy,profit_factor,841,0.3429276952736884
Buy,profit_factor,842,0.3711551415734782
Buy,profit_factor,843,0.33128578714198476
Buy,profit_factor,844,0.3179919587885678
Buy,profit_factor,845,0.3950969261888875
Buy,profit_factor,846,0.34911084879056453
Buy,profit_factor,847,0.33712896879114895
Buy,profit_factor,848,0.3427696355522021
Buy,profit_factor,849,0.3004713940251329
Buy,profit_factor,850,0.40828301138341905
Buy,profit_factor,851,0.3601025191229912
Buy,profit_factor,852,0.3805603401479307
Buy,profit_factor,853,0.30021110384821936
Buy,profit_factor,854,0.3710040288686174
Buy,profit_factor,855,0.3618423152428334
Buy,profit_factor,856,0.35296470412464576
Buy,profit_factor,857,0.361949267012152
Buy,profit_factor,858,0.36393894281099737
Buy,profit_factor,859,0.3321037372604958
Buy,profit_factor,860,0.40358281799538753
Buy,profit_factor,861,0.34024011791904263
Buy,profit_factor,862,0.35416792763261773
Buy,profit_factor,863,0.29794519325641344
Buy,profit_factor,864,0.3617993642035784
Buy,profit_factor,865,0.3503202581242286
Buy,profit_factor,866,0.30398451038517127
Buy,profit_factor,867,0.33795704256509973
Buy,profit_factor,868,0.3468757905695119
Buy,profit_factor,869,0.30880162200979333
Buy,profit_factor,870,0.31788850184079287
Buy,profit_factor,871,0.3402068186648042
Buy,profit_factor,872,0.31890211588475825
Buy,profit_factor,873,0.3314680165039774
Buy,profit_factor,874,0.2939007320642042
Buy,profit_factor,875,0.399948557938123
Buy,profit_factor,876,0.38399517293743335
Buy,profit_factor,877,0.3406590267236016
Buy,profit_factor,878,0.33021905142898467
Buy,profit_factor,879,0.3463013049032111
Buy,profit_factor,880,0.39067118329795036
Buy,profit_factor,881,0.311879420042644
Buy,profit_factor,882,0.3663716966238626
Buy,profit_factor,883,0.36672345084756763
Buy,profit_factor,884,0.35087449831544504
Buy,profit_factor,885,0.3984488801155739
Buy,profit_factor,886,0.38312493175668916
Buy,profit_factor,887,0.3063714991287121
Buy,profit_factor,888,0.2938482278375849
Buy,profit_factor,889,0.38543193863924685
Buy,profit_factor,890,0.31524168449126266
Buy,profit_factor,891,0.3406603315421526
Buy,profit_factor,892,0.37402850903769247
Buy,profit_factor,893,0.35664492127836533
Buy,profit_factor,894,0.31848195626903353
Buy,profit_factor,895,0.32045554726464287
Buy,profit_factor,896,0.28907268891615434
Buy,profit_factor,897,0.3853252931293216
Buy,profit_factor,898,0.36727362575627653
Buy,profit_factor,899,0.32973516875535624
Buy,profit_factor,900,0.33080602394253145
Buy,profit_factor,901,0.32380507062502906
Buy,profit_factor,902,0.35876491406768407
Buy,profit_factor,903,0.32848352838245853
Buy,profit_factor,904,0.33132507563820246
Buy,profit_factor,905,0.34874056924090935
Buy,profit_factor,906,0.3376606028354563
Buy,profit_factor,907,0.3100692329249406
Buy,profit_factor,908,0.35696150802204407
Buy,profit_factor,909,0.35263639245856293
Buy,profit_factor,910,0.35955642415789457
Buy,profit_factor,911,0.29883591198546133
Buy,profit_factor,912,0.35649045873312346
Buy,profit_factor,913,0.335686630628115
Buy,profit_factor,914,0.2817045495211934
Buy,profit_factor,915,0.3615472550673795
Buy,profit_factor,916,0.37533797988523476
Buy,profit_factor,917,0.3220228030688035
Buy,profit_factor,918,0.3712066318733065
Buy,profit_factor,919,0.3875504360439397
Buy,profit_factor,920,0.33642191249598064
Buy,profit_factor,921,0.3703662061237609
Buy,profit_factor,922,0.3211633018584523
Buy,profit_factor,923,0.31288811601791355
Buy,profit_factor,924,0.3084930612968537
Buy,profit_factor,925,0.3409507601521291
Buy,profit_factor,926,0.27479915878025096
Buy,profit_factor,927,0.33393359335641604
Buy,profit_factor,928,0.36110064797411257
Buy,profit_factor,929,0.3187002750333554
Buy,profit_factor,930,0.372119013716381
Buy,profit_factor,931,0.3771313512922396
Buy,profit_factor,932,0.3829223902484422
Buy,profit_factor,933,0.34026055087784446
Buy,profit_factor,934,0.3140699802473361
Buy,profit_factor,935,0.33517285522284856
Buy,profit_factor,936,0.32780241357896767
Buy,profit_factor,937,0.3946153104958907
Buy,profit_factor,938,0.3054096039477061
Buy,profit_factor,939,0.26672578800721736
Buy,profit_factor,940,0.3663171525320874
Buy,profit_factor,941,0.35556975380209277
Buy,profit_factor,942,0.34312062121421993
Buy,profit_factor,943,0.3419809779110481
Buy,profit_factor,944,0.3309405165914261
Buy,profit_factor,945,0.32342871565887377
Buy,profit_factor,946,0.34095852343010025
Buy,profit_factor,947,0.3961249422434312
Buy,profit_factor,948,0.4138860237677142
Buy,profit_factor,949,0.34117557378006147
Buy,profit_factor,950,0.3273093555333486
Buy,profit_factor,951,0.34548696634463694
Buy,profit_factor,952,0.3446623394529067
Buy,profit_factor,953,0.33744045784245147
Buy,profit_factor,954,0.40536245890785016
Buy,profit_factor,955,0.3275444156290055
Buy,profit_factor,956,0.38126165619559726
Buy,profit_factor,957,0.3505818456065626
Buy,profit_factor,958,0.3599522728180977
Buy,profit_factor,959,0.3833906500308637
Buy,profit_factor,960,0.3406068821182515
Buy,profit_factor,961,0.32884256277802626
Buy,profit_factor,962,0.3404957301226217
Buy,profit_factor,963,0.28394848141656936
Buy,profit_factor,964,0.3491211388084361
Buy,profit_factor,965,0.3520091116062485
Buy,profit_factor,966,0.3409776366158064
Buy,profit_factor,967,0.36356059493688964
Buy,profit_factor,968,0.364135965991188
Buy,profit_factor,969,0.33185462291670076
Buy,profit_factor,970,0.3322842194919944
Buy,profit_factor,971,0.32439815051814413
Buy,profit_factor,972,0.3683314974108858
Buy,profit_factor,973,0.3592930528133742
Buy,profit_factor,974,0.3383553225017817
Buy,profit_factor,975,0.3452971750224214
Buy,profit_factor,976,0.30894605127222574
Buy,profit_factor,977,0.2931189345079437
Buy,profit_factor,978,0.4207409755867464
Buy,profit_factor,979,0.3611128434108912
Buy,profit_factor,980,0.37865827129107377
Buy,profit_factor,981,0.34288743038318925
Buy,profit_factor,982,0.3412644987205651
Buy,profit_factor,983,0.3751145536097953
Buy,profit_factor,984,0.36712639227222565
Buy,profit_factor,985,0.3426310899330387
Buy,profit_factor,986,0.3760375532101028
Buy,profit_factor,987,0.3397468354944615
Buy,profit_factor,988,0.33143526208610874
Buy,profit_factor,989,0.38434071263816616
Buy,profit_factor,990,0.37355242721727144
Buy,profit_factor,991,0.3838535196802715
Buy,profit_factor,992,0.3074065321195252
Buy,profit_factor,993,0.29767278984983614
Buy,profit_factor,994,0.39364892591974954
Buy,profit_factor,995,0.31866470526703905
Buy,profit_factor,996,0.35356901879858915
Buy,profit_factor,997,0.3243045542027567
Buy,profit_factor,998,0.3204071706367997
Buy,profit_factor,999,0.3709239858196143
Buy,sharpe_ratio,0,0.5597863310265696
Buy,sharpe_ratio,1,0.6030185543808253
Buy,sharpe_ratio,2,0.6079106794287155
Buy,sharpe_ratio,3,0.5281323136256684
Buy,sharpe_ratio,4,0.5799542342654154
Buy,sharpe_ratio,5,0.5660066430715269
Buy,sharpe_ratio,6,0.5764143513410538
Buy,sharpe_ratio,7,0.592622893676845
Buy,sharpe_ratio,8,0.5185425691310588
Buy,sharpe_ratio,9,0.5575918533682138
Buy,sharpe_ratio,10,0.4895698416697347
Buy,sharpe_ratio,11,0.544784430005961
Buy,sharpe_ratio,12,0.602582229158589
Buy,sharpe_ratio,13,0.497985132794859
Buy,sharpe_ratio,14,0.5132371524494479
Buy,sharpe_ratio,15,0.5270296271923023
Buy,sharpe_ratio,16,0.5283121852885748
Buy,sharpe_ratio,17,0.581744929509759
Buy,sharpe_ratio,18,0.60519448668764
Buy,sharpe_ratio,19,0.5591268170274777
Buy,sharpe_ratio,20,0.5871180079145835
Buy,sharpe_ratio,21,0.49192053720858464
Buy,sharpe_ratio,22,0.605595418271279
Buy,sharpe_ratio,23,0.5507207341390066
Buy,sharpe_ratio,24,0.5678455617287033
Buy,sharpe_ratio,25,0.5105007566444635
Buy,sharpe_ratio,26,0.5092934923029788
Buy,sharpe_ratio,27,0.528179319651588
Buy,sharpe_ratio,28,0.504657941086613
Buy,sharpe_ratio,29,0.489136232716719
Buy,sharpe_ratio,30,0.5925567487780183
Buy,sharpe_ratio,31,0.500245509187387
Buy,sharpe_ratio,32,0.5223499000750724
Buy,sharpe_ratio,33,0.4618242083849431
Buy,sharpe_ratio,34,0.5027445977258935
Buy,sharpe_ratio,35,0.5278729470264185
Buy,sharpe_ratio,36,0.45487250530131007
Buy,sharpe_ratio,37,0.5145258571617006
Buy,sharpe_ratio,38,0.540337294258006
Buy,sharpe_ratio,39,0.575961617216664
Buy,sharpe_ratio,40,0.5579439331828673
Buy,sharpe_ratio,41,0.5552933829958375
Buy,sharpe_ratio,42,0.5563207063973024
Buy,sharpe_ratio,43,0.5553745099688476
Buy,sharpe_ratio,44,0.5052957525924109
Buy,sharpe_ratio,45,0.5682340725704247
Buy,sharpe_ratio,46,0.5448396388688383
Buy,sharpe_ratio,47,0.5203312487786742
Buy,sharpe_ratio,48,0.6034184028713607
Buy,sharpe_ratio,49,0.5256798368963485
Buy,sharpe_ratio,50,0.6077898395415975
Buy,sharpe_ratio,51,0.6174660261939882
Buy,sharpe_ratio,52,0.5835706984015911
Buy,sharpe_ratio,53,0.5755841704939542
Buy,sharpe_ratio,54,0.5613711473791185
Buy,sharpe_ratio,55,0.5218067554195067
Buy,sharpe_ratio,56,0.5675682884455862
Buy,sharpe_ratio,57,0.5649180991932727
Buy,sharpe_ratio,58,0.5436547992588308
Buy,sharpe_ratio,59,0.630568049304252
Buy,sharpe_ratio,60,0.544956268150369
Buy,sharpe_ratio,61,0.5867909699853953
Buy,sharpe_ratio,62,0.5146592763160127
Buy,sharpe_ratio,63,0.6220132863037939
Buy,sharpe_ratio,64,0.5859800222319702
Buy,sharpe_ratio,65,0.5302174819944785
Buy,sharpe_ratio,66,0.5288256083557705
Buy,sharpe_ratio,67,0.5759274804433043
Buy,sharpe_ratio,68,0.5410317608059905
Buy,sharpe_ratio,69,0.5071887013273062
Buy,sharpe_ratio,70,0.522494797625114
Buy,sharpe_ratio,71,0.559223473327302
Buy,sharpe_ratio,72,0.5814315380122346
Buy,sharpe_ratio,73,0.5155812256165482
Buy,sharpe_ratio,74,0.5680905238392548
Buy,sharpe_ratio,75,0.5912892637807907
Buy,sharpe_ratio,76,0.5314221717676921
Buy,sharpe_ratio,77,0.5604287264282508
Buy,sharpe_ratio,78,0.563707517054953
Buy,sharpe_ratio,79,0.5588460002706008
Buy,sharpe_ratio,80,0.5676540562619694
Buy,sharpe_ratio,81,0.612658451411701
Buy,sharpe_ratio,82,0.5138859075150202
Buy,sharpe_ratio,83,0.5183787946082754
Buy,sharpe_ratio,84,0.5458083368462376
Buy,sharpe_ratio,85,0.5399379349444429
Buy,sharpe_ratio,86,0.5269417317117107
Buy,sharpe_ratio,87,0.49396193425289114
Buy,sharpe_ratio,88,0.5940598863192355
Buy,sharpe_ratio,89,0.5573535035846948
Buy,sharpe_ratio,90,0.5479132064465078
Buy,sharpe_ratio,91,0.5598478844706971
Buy,sharpe_ratio,92,0.5860634455277967
Buy,sharpe_ratio,93,0.5582696686299125
Buy,sharpe_ratio,94,0.5238622585352464
Buy,sharpe_ratio,95,0.5920104142638221
Buy,sharpe_ratio,96,0.6091000264474893
Buy,sharpe_ratio,97,0.5293287064508956
Buy,sharpe_ratio,98,0.6242423179546917
Buy,sharpe_ratio,99,0.5615637176084931
Buy,sharpe_ratio,100,0.5382839521949365
Buy,sharpe_ratio,101,0.5593450195305305
Buy,sharpe_ratio,102,0.5328198822278409
Buy,sharpe_ratio,103,0.6227675029179478
Buy,sharpe_ratio,104,0.5763024783253452
Buy,sharpe_ratio,105,0.521402963887053
Buy,sharpe_ratio,106,0.5046068775229853
Buy,sharpe_ratio,107,0.5227931043239886
Buy,sharpe_ratio,108,0.4513899207515317
Buy,sharpe_ratio,109,0.5761983027740931
Buy,sharpe_ratio,110,0.5583000728189775
Buy,sharpe_ratio,111,0.49495016890774357
Buy,sharpe_ratio,112,0.5427337321950976
Buy,sharpe_ratio,113,0.5901997868684918
Buy,sharpe_ratio,114,0.5554269121504984
Buy,sharpe_ratio,115,0.5351116607878992
Buy,sharpe_ratio,116,0.508089544045589
Buy,sharpe_ratio,117,0.5212491044114751
Buy,sharpe_ratio,118,0.5194920044465694
Buy,sharpe_ratio,119,0.5567490590939586
Buy,sharpe_ratio,120,0.5398961651317853
Buy,sharpe_ratio,121,0.5657299922831753
Buy,sharpe_ratio,122,0.5379584779041098
Buy,sharpe_ratio,123,0.5258422284419426
Buy,sharpe_ratio,124,0.5534622813466141
Buy,sharpe_ratio,125,0.5449594112048288
Buy,sharpe_ratio,126,0.5729093890128008
Buy,sharpe_ratio,127,0.5861091784783925
Buy,sharpe_ratio,128,0.6009892822367267
Buy,sharpe_ratio,129,0.4473709724308401
Buy,sharpe_ratio,130,0.5648182450321997
Buy,sharpe_ratio,131,0.5688107321422944
Buy,sharpe_ratio,132,0.5810814777344406
Buy,sharpe_ratio,133,0.5195386818545669
Buy,sharpe_ratio,134,0.6167522805301955
Buy,sharpe_ratio,135,0.6235271049766071
Buy,sharpe_ratio,136,0.5246503246704655
Buy,sharpe_ratio,137,0.5766699170432088
Buy,sharpe_ratio,138,0.5649099127273614
Buy,sharpe_ratio,139,0.5205207730437209
Buy,sharpe_ratio,140,0.5376939573098762
Buy,sharpe_ratio,141,0.47373269288226405
Buy,sharpe_ratio,142,0.6296045425663088
Buy,sharpe_ratio,143,0.5871203559848488
Buy,sharpe_ratio,144,0.5372985707898348
Buy,sharpe_ratio,145,0.597019957727952
Buy,sharpe_ratio,146,0.5474388221150703
Buy,sharpe_ratio,147,0.5774507053655591
Buy,sharpe_ratio,148,0.45701732912280413
Buy,sharpe_ratio,149,0.5627677052199616
Buy,sharpe_ratio,150,0.5598344238499733
Buy,sharpe_ratio,151,0.5912196749961183
Buy,sharpe_ratio,152,0.5590353325207569
Buy,sharpe_ratio,153,0.5603786233280599
Buy,sharpe_ratio,154,0.5422259130307947
Buy,sharpe_ratio,155,0.5519203593723048
Buy,sharpe_ratio,156,0.5107427450810018
Buy,sharpe_ratio,157,0.5752267921501226
Buy,sharpe_ratio,158,0.5507237778511285
Buy,sharpe_ratio,159,0.5110176805529454
Buy,sharpe_ratio,160,0.5333108370811903
Buy,sharpe_ratio,161,0.6306094915481721
Buy,sharpe_ratio,162,0.5251637881703148
Buy,sharpe_ratio,163,0.4884871031084157
Buy,sharpe_ratio,164,0.5254067203988368
Buy,sharpe_ratio,165,0.567055016100293
Buy,sharpe_ratio,166,0.5769008919584224
Buy,sharpe_ratio,167,0.5642901300996028
Buy,sharpe_ratio,168,0.5931216510308559
Buy,sharpe_ratio,169,0.5818686121691932
Buy,sharpe_ratio,170,0.5148981861824296
Buy,sharpe_ratio,171,0.5653889474981417
Buy,sharpe_ratio,172,0.48255670585157384
Buy,sharpe_ratio,173,0.5175874561717562
Buy,sharpe_ratio,174,0.5267739245284937
Buy,sharpe_ratio,175,0.5933548683735945
Buy,sharpe_ratio,176,0.5197282920184718
Buy,sharpe_ratio,177,0.5681171286414219
Buy,sharpe_ratio,178,0.5589691805646919
Buy,sharpe_ratio,179,0.5581814443145778
Buy,sharpe_ratio,180,0.6072338669295942
Buy,sharpe_ratio,181,0.5762371616295079
Buy,sharpe_ratio,182,0.539448289230751
Buy,sharpe_ratio,183,0.5917320805898845
Buy,sharpe_ratio,184,0.5180511333880391
Buy,sharpe_ratio,185,0.5742795923398698
Buy,sharpe_ratio,186,0.5571490445458789
Buy,sharpe_ratio,187,0.5584232172296968
Buy,sharpe_ratio,188,0.5901411665086247
Buy,sharpe_ratio,189,0.5757423895781493
Buy,sharpe_ratio,190,0.5721506274075105
Buy,sharpe_ratio,191,0.6000030008959882
Buy,sharpe_ratio,192,0.49349647271234653
Buy,sharpe_ratio,193,0.5540140212199933
Buy,sharpe_ratio,194,0.47687078997774357
Buy,sharpe_ratio,195,0.5543925535816654
Buy,sharpe_ratio,196,0.5709442708900943
Buy,sharpe_ratio,197,0.6045786603286905
Buy,sharpe_ratio,198,0.5304365607958639
Buy,sharpe_ratio,199,0.5317441538872743
Buy,sharpe_ratio,200,0.5438021553017678
Buy,sharpe_ratio,201,0.5113647262448113
Buy,sharpe_ratio,202,0.5763445297929772
Buy,sharpe_ratio,203,0.634610269674023
Buy,sharpe_ratio,204,0.5731492272795524
Buy,sharpe_ratio,205,0.5308847267230385
Buy,sharpe_ratio,206,0.5585104794514466
Buy,sharpe_ratio,207,0.5400959691621323
Buy,sharpe_ratio,208,0.5761567521624595
Buy,sharpe_ratio,209,0.5643772175462436
Buy,sharpe_ratio,210,0.559133002705376
Buy,sharpe_ratio,211,0.5403449646155827
Buy,sharpe_ratio,212,0.6386656017258092
Buy,sharpe_ratio,213,0.6129641531875807
Buy,sharpe_ratio,214,0.5971356854702123
Buy,sharpe_ratio,215,0.4662772463518454
Buy,sharpe_ratio,216,0.5577039592928239
Buy,sharpe_ratio,217,0.529146320062023
Buy,sharpe_ratio,218,0.5536921427558483
Buy,sharpe_ratio,219,0.5850049555885479
Buy,sharpe_ratio,220,0.5789553540865753
Buy,sharpe_ratio,221,0.5674523783025318
Buy,sharpe_ratio,222,0.560153099307152
Buy,sharpe_ratio,223,0.5628351206644311
Buy,sharpe_ratio,224,0.5910366706128967
Buy,sharpe_ratio,225,0.5380181401799788
Buy,sharpe_ratio,226,0.5241564973578803
Buy,sharpe_ratio,227,0.565668584383479
Buy,sharpe_ratio,228,0.5776239822862563
Buy,sharpe_ratio,229,0.5565243899078447
Buy,sharpe_ratio,230,0.5239873541842663
Buy,sharpe_ratio,231,0.5230248636630379
Buy,sharpe_ratio,232,0.4849892468834933
Buy,sharpe_ratio,233,0.4663493268721246
Buy,sharpe_ratio,234,0.5586517814469651
Buy,sharpe_ratio,235,0.5598367027310096
Buy,sharpe_ratio,236,0.49382706770653373
Buy,sharpe_ratio,237,0.5094526721038428
Buy,sharpe_ratio,238,0.5160632475233418
Buy,sharpe_ratio,239,0.5850795359322771
Buy,sharpe_ratio,240,0.5504198805503324
Buy,sharpe_ratio,241,0.5191977053076182
Buy,sharpe_ratio,242,0.5672741106244441
Buy,sharpe_ratio,243,0.5825876061599353
Buy,sharpe_ratio,244,0.638624867190039
Buy,sharpe_ratio,245,0.5662768694757774
Buy,sharpe_ratio,246,0.5971026131871455
Buy,sharpe_ratio,247,0.5829047851885933
Buy,sharpe_ratio,248,0.5412496295216571
Buy,sharpe_ratio,249,0.5302131179686138
Buy,sharpe_ratio,250,0.5148661645995927
Buy,sharpe_ratio,251,0.5824000394361954
Buy,sharpe_ratio,252,0.5806156103071713
Buy,sharpe_ratio,253,0.5875945839165904
Buy,sharpe_ratio,254,0.5408477178172344
Buy,sharpe_ratio,255,0.5105440751675046
Buy,sharpe_ratio,256,0.5241736403147619
Buy,sharpe_ratio,257,0.5618547732508157
Buy,sharpe_ratio,258,0.5537625623052413
Buy,sharpe_ratio,259,0.5989948941905041
Buy,sharpe_ratio,260,0.5248852253498111
Buy,sharpe_ratio,261,0.5625659235749003
Buy,sharpe_ratio,262,0.5832302666096068
Buy,sharpe_ratio,263,0.5272498707203455
Buy,sharpe_ratio,264,0.5578512744193076
Buy,sharpe_ratio,265,0.614733298230747
Buy,sharpe_ratio,266,0.5551179099846033
Buy,sharpe_ratio,267,0.5370196345095168
Buy,sharpe_ratio,268,0.524411903663526
Buy,sharpe_ratio,269,0.5125396236017679
Buy,sharpe_ratio,270,0.583567689358683
Buy,sharpe_ratio,271,0.5917046698081045
Buy,sharpe_ratio,272,0.586422844741711
Buy,sharpe_ratio,273,0.6202103782733488
Buy,sharpe_ratio,274,0.5618516149689454
Buy,sharpe_ratio,275,0.5452370757055918
Buy,sharpe_ratio,276,0.5450457163028357
Buy,sharpe_ratio,277,0.5219100257224891
Buy,sharpe_ratio,278,0.5007214691192292
Buy,sharpe_ratio,279,0.5560208170501468
Buy,sharpe_ratio,280,0.5762233163639552
Buy,sharpe_ratio,281,0.5476388232541209
Buy,sharpe_ratio,282,0.5213389086371567
Buy,sharpe_ratio,283,0.5046712170499754
Buy,sharpe_ratio,284,0.59799377891451
Buy,sharpe_ratio,285,0.5882087633266155
Buy,sharpe_ratio,286,0.501667365189518
Buy,sharpe_ratio,287,0.5647767857628034
Buy,sharpe_ratio,288,0.5595774660513189
Buy,sharpe_ratio,289,0.5302662061266847
Buy,sharpe_ratio,290,0.5617284888063345
Buy,sharpe_ratio,291,0.5376418058691201
Buy,sharpe_ratio,292,0.5673609780258508
Buy,sharpe_ratio,293,0.5583478418394945
Buy,sharpe_ratio,294,0.5673358382250142
Buy,sharpe_ratio,295,0.608747880874752
Buy,sharpe_ratio,296,0.5463018229969374
Buy,sharpe_ratio,297,0.5839965922189507
Buy,sharpe_ratio,298,0.47157628145295627
Buy,sharpe_ratio,299,0.5710204798692802
Buy,sharpe_ratio,300,0.5944041359313368
Buy,sharpe_ratio,301,0.6066120101692247
Buy,sharpe_ratio,302,0.5708375297944546
Buy,sharpe_ratio,303,0.506198873651313
Buy,sharpe_ratio,304,0.5655853788228353
Buy,sharpe_ratio,305,0.5048255455116291
Buy,sharpe_ratio,306,0.6180833033600601
Buy,sharpe_ratio,307,0.5641037910853823
Buy,sharpe_ratio,308,0.5375025975725847
Buy,sharpe_ratio,309,0.5763126522447224
Buy,sharpe_ratio,310,0.5855268028905041
Buy,sharpe_ratio,311,0.565652640266586
Buy,sharpe_ratio,312,0.5558026966965155
Buy,sharpe_ratio,313,0.6600539675412023
Buy,sharpe_ratio,314,0.5059866561809869
Buy,sharpe_ratio,315,0.4757263519477357
Buy,sharpe_ratio,316,0.5551144809278012
Buy,sharpe_ratio,317,0.5480331313158295
Buy,sharpe_ratio,318,0.588651334047932
Buy,sharpe_ratio,319,0.5691271147957777
Buy,sharpe_ratio,320,0.5439959777859369
Buy,sharpe_ratio,321,0.5498173459429574
Buy,sharpe_ratio,322,0.5393730733185738
Buy,sharpe_ratio,323,0.5419939839604258
Buy,sharpe_ratio,324,0.561847074195486
Buy,sharpe_ratio,325,0.4404695528819911
Buy,sharpe_ratio,326,0.5965479445445068
Buy,sharpe_ratio,327,0.7237274690670237
Buy,sharpe_ratio,328,0.4697290181011553
Buy,sharpe_ratio,329,0.53192580506111
Buy,sharpe_ratio,330,0.5805129800241908
Buy,sharpe_ratio,331,0.5193377882797368
Buy,sharpe_ratio,332,0.5434801046916258
Buy,sharpe_ratio,333,0.45902019128851235
Buy,sharpe_ratio,334,0.5553012281826346
Buy,sharpe_ratio,335,0.5609250421956107
Buy,sharpe_ratio,336,0.5634590961482582
Buy,sharpe_ratio,337,0.5417974904580309
Buy,sharpe_ratio,338,0.519924499858865
Buy,sharpe_ratio,339,0.5457372712157231
Buy,sharpe_ratio,340,0.5262118309808619
Buy,sharpe_ratio,341,0.4642018376806405
Buy,sharpe_ratio,342,0.608257917897598
Buy,sharpe_ratio,343,0.604275505518939
Buy,sharpe_ratio,344,0.6327547615453168
Buy,sharpe_ratio,345,0.5974218318367273
Buy,sharpe_ratio,346,0.601404019143712
Buy,sharpe_ratio,347,0.5502812206974186
Buy,sharpe_ratio,348,0.5106490333742295
Buy,sharpe_ratio,349,0.6479169980891588
Buy,sharpe_ratio,350,0.5481582988417819
Buy,sharpe_ratio,351,0.5610650708028015
Buy,sharpe_ratio,352,0.5666912788263403
Buy,sharpe_ratio,353,0.5135614295952284
Buy,sharpe_ratio,354,0.5450885572555944
Buy,sharpe_ratio,355,0.5584707942379432
Buy,sharpe_ratio,356,0.5678005080769202
Buy,sharpe_ratio,357,0.5740462116495699
Buy,sharpe_ratio,358,0.5701382145347988
Buy,sharpe_ratio,359,0.5602440529370241
Buy,sharpe_ratio,360,0.5098673311113227
Buy,sharpe_ratio,361,0.5507474841167026
Buy,sharpe_ratio,362,0.5419031243885706
Buy,sharpe_ratio,363,0.575949155362034
Buy,sharpe_ratio,364,0.5296772499360793
Buy,sharpe_ratio,365,0.4794171883972589
Buy,sharpe_ratio,366,0.5228956094371147
Buy,sharpe_ratio,367,0.5542467134920739
Buy,sharpe_ratio,368,0.5080230848308922
Buy,sharpe_ratio,369,0.5712611655221549
Buy,sharpe_ratio,370,0.5898470803153804
Buy,sharpe_ratio,371,0.5897134642620849
Buy,sharpe_ratio,372,0.5108288701846329
Buy,sharpe_ratio,373,0.6193788739497861
Buy,sharpe_ratio,374,0.5909313339720081
Buy,sharpe_ratio,375,0.5790764170513558
Buy,sharpe_ratio,376,0.5590691192423973
Buy,sharpe_ratio,377,0.5318228560609937
Buy,sharpe_ratio,378,0.5516509335405839
Buy,sharpe_ratio,379,0.5636097624944156
Buy,sharpe_ratio,380,0.5286540677178126
Buy,sharpe_ratio,381,0.516492825818875
Buy,sharpe_ratio,382,0.5607899017471971
Buy,sharpe_ratio,383,0.5940639073920146
Buy,sharpe_ratio,384,0.5674748034674924
Buy,sharpe_ratio,385,0.5139927710539789
Buy,sharpe_ratio,386,0.5979184441164747
Buy,sharpe_ratio,387,0.5355913304182653
Buy,sharpe_ratio,388,0.4995019135445111
Buy,sharpe_ratio,389,0.5469774100625049
Buy,sharpe_ratio,390,0.5193485622372922
Buy,sharpe_ratio,391,0.5079740779223605
Buy,sharpe_ratio,392,0.591954813235152
Buy,sharpe_ratio,393,0.5386021649555945
Buy,sharpe_ratio,394,0.5342423990391545
Buy,sharpe_ratio,395,0.5520810316015874
Buy,sharpe_ratio,396,0.5763847640720465
Buy,sharpe_ratio,397,0.6055222344119842
Buy,sharpe_ratio,398,0.5425806499923058
Buy,sharpe_ratio,399,0.5598074812961684
Buy,sharpe_ratio,400,0.5787996152229415
Buy,sharpe_ratio,401,0.5366772810377021
Buy,sharpe_ratio,402,0.5320733639991677
Buy,sharpe_ratio,403,0.5148957442387099
Buy,sharpe_ratio,404,0.5131378688049724
Buy,sharpe_ratio,405,0.4888022368408613
Buy,sharpe_ratio,406,0.4999052125479886
Buy,sharpe_ratio,407,0.5130285577417117
Buy,sharpe_ratio,408,0.5756766783786267
Buy,sharpe_ratio,409,0.5878365275286219
Buy,sharpe_ratio,410,0.47526048258109643
Buy,sharpe_ratio,411,0.5389940921609795
Buy,sharpe_ratio,412,0.5815145730155864
Buy,sharpe_ratio,413,0.5772010618176502
Buy,sharpe_ratio,414,0.5812081923179231
Buy,sharpe_ratio,415,0.5383797085589883
Buy,sharpe_ratio,416,0.5236987609008774
Buy,sharpe_ratio,417,0.5603928058875245
Buy,sharpe_ratio,418,0.5285809258452647
Buy,sharpe_ratio,419,0.5544997916203296
Buy,sharpe_ratio,420,0.5573640421023884
Buy,sharpe_ratio,421,0.540177146454317
Buy,sharpe_ratio,422,0.5415522965525974
Buy,sharpe_ratio,423,0.5705987172801033
Buy,sharpe_ratio,424,0.520855238558418
Buy,sharpe_ratio,425,0.5681889720612636
Buy,sharpe_ratio,426,0.5446551347973081
Buy,sharpe_ratio,427,0.5345646425271253
Buy,sharpe_ratio,428,0.5476299431741753
Buy,sharpe_ratio,429,0.5899053757393684
Buy,sharpe_ratio,430,0.5694796169306788
Buy,sharpe_ratio,431,0.6285234312905468
Buy,sharpe_ratio,432,0.5633510635200198
Buy,sharpe_ratio,433,0.4940967714246214
Buy,sharpe_ratio,434,0.6283083553768085
Buy,sharpe_ratio,435,0.5586710749861656
Buy,sharpe_ratio,436,0.5077031808695103
Buy,sharpe_ratio,437,0.5454292996512624
Buy,sharpe_ratio,438,0.5173039787596534
Buy,sharpe_ratio,439,0.5545291093304003
Buy,sharpe_ratio,440,0.5003653629036218
Buy,sharpe_ratio,441,0.534824352580828
Buy,sharpe_ratio,442,0.5656762519008947
Buy,sharpe_ratio,443,0.5995747459730261
Buy,sharpe_ratio,444,0.5391091498987621
Buy,sharpe_ratio,445,0.5471951245841757
Buy,sharpe_ratio,446,0.5943014878859385
Buy,sharpe_ratio,447,0.5743835361613319
Buy,sharpe_ratio,448,0.5235703197295267
Buy,sharpe_ratio,449,0.5426671815008888
Buy,sharpe_ratio,450,0.6480436246433139
Buy,sharpe_ratio,451,0.5418969733592816
Buy,sharpe_ratio,452,0.5026150115754455
Buy,sharpe_ratio,453,0.5486043377443393
Buy,sharpe_ratio,454,0.4967862134154526
Buy,sharpe_ratio,455,0.6408826053475245
Buy,sharpe_ratio,456,0.548498297843901
Buy,sharpe_ratio,457,0.5772270568183302
Buy,sharpe_ratio,458,0.5296004933541343
Buy,sharpe_ratio,459,0.5280634702869982
Buy,sharpe_ratio,460,0.5401153179433686
Buy,sharpe_ratio,461,0.53785057609287
Buy,sharpe_ratio,462,0.6014801617148642
Buy,sharpe_ratio,463,0.503544256414771
Buy,sharpe_ratio,464,0.5288620866052316
Buy,sharpe_ratio,465,0.5921268523815799
Buy,sharpe_ratio,466,0.545968076262461
Buy,sharpe_ratio,467,0.5639744603069525
Buy,sharpe_ratio,468,0.5183306930559097
Buy,sharpe_ratio,469,0.43557275527969397
Buy,sharpe_ratio,470,0.5806696777717177
Buy,sharpe_ratio,471,0.5688917124755428
Buy,sharpe_ratio,472,0.4974924609247502
Buy,sharpe_ratio,473,0.5711122616665141
Buy,sharpe_ratio,474,0.4543711075140786
Buy,sharpe_ratio,475,0.5276407870736044
Buy,sharpe_ratio,476,0.5535633389124652
Buy,sharpe_ratio,477,0.5319638026209188
Buy,sharpe_ratio,478,0.5518833832645491
Buy,sharpe_ratio,479,0.5081948659251521
Buy,sharpe_ratio,480,0.6179844688068306
Buy,sharpe_ratio,481,0.563063209576359
Buy,sharpe_ratio,482,0.5958170003380299
Buy,sharpe_ratio,483,0.5261521508212184
Buy,sharpe_ratio,484,0.5640628174284394
Buy,sharpe_ratio,485,0.6236065002848368
Buy,sharpe_ratio,486,0.6257455704019836
Buy,sharpe_ratio,487,0.5422444348697435
Buy,sharpe_ratio,488,0.5544545223669433
Buy,sharpe_ratio,489,0.6069947793755293
Buy,sharpe_ratio,490,0.48849210332291326
Buy,sharpe_ratio,491,0.5170362387712046
Buy,sharpe_ratio,492,0.5431474008860047
Buy,sharpe_ratio,493,0.6089527737839284
Buy,sharpe_ratio,494,0.4993766832230362
Buy,sharpe_ratio,495,0.5804195457461052
Buy,sharpe_ratio,496,0.5856514970608488
Buy,sharpe_ratio,497,0.6044927480613347
Buy,sharpe_ratio,498,0.558415928032082
Buy,sharpe_ratio,499,0.48609650221230716
Buy,sharpe_ratio,500,0.5757570516380799
Buy,sharpe_ratio,501,0.5467302718839457
Buy,sharpe_ratio,502,0.5721423982819744
Buy,sharpe_ratio,503,0.5793298522294474
Buy,sharpe_ratio,504,0.4880173593224235
Buy,sharpe_ratio,505,0.49990493116458046
Buy,sharpe_ratio,506,0.540685833531362
Buy,sharpe_ratio,507,0.5273284210579292
Buy,sharpe_ratio,508,0.5834118499877943
Buy,sharpe_ratio,509,0.5507382042489075
Buy,sharpe_ratio,510,0.597547615287878
Buy,sharpe_ratio,511,0.5214457229097684
Buy,sharpe_ratio,512,0.5524327615441877
Buy,sharpe_ratio,513,0.5958222574647145
Buy,sharpe_ratio,514,0.6100192983924053
Buy,sharpe_ratio,515,0.5704491909554998
Buy,sharpe_ratio,516,0.47156626502320087
Buy,sharpe_ratio,517,0.5241500701707662
Buy,sharpe_ratio,518,0.5640544048390357
Buy,sharpe_ratio,519,0.5585978892051484
Buy,sharpe_ratio,520,0.4869905529698948
Buy,sharpe_ratio,521,0.5652317538237903
Buy,sharpe_ratio,522,0.6257431386591978
Buy,sharpe_ratio,523,0.5419481704792486
Buy,sharpe_ratio,524,0.5440841371485816
Buy,sharpe_ratio,525,0.5374425497386666
Buy,sharpe_ratio,526,0.5424268408052799
Buy,sharpe_ratio,527,0.5525983048731473
Buy,sharpe_ratio,528,0.5388314890584356
Buy,sharpe_ratio,529,0.5616298755199582
Buy,sharpe_ratio,530,0.5067058250463718
Buy,sharpe_ratio,531,0.570792543308047
Buy,sharpe_ratio,532,0.5508484940774947
Buy,sharpe_ratio,533,0.4880075896444822
Buy,sharpe_ratio,534,0.5452012254421734
Buy,sharpe_ratio,535,0.6374036790858422
Buy,sharpe_ratio,536,0.5911347067709487
Buy,sharpe_ratio,537,0.6285609631117772
Buy,sharpe_ratio,538,0.5853623140771362
Buy,sharpe_ratio,539,0.5529372916291213
Buy,sharpe_ratio,540,0.592211757010626
Buy,sharpe_ratio,541,0.55552453810478
Buy,sharpe_ratio,542,0.5307145428107232
Buy,sharpe_ratio,543,0.5772607532855587
Buy,sharpe_ratio,544,0.5614613076007737
Buy,sharpe_ratio,545,0.5414220762631512
Buy,sharpe_ratio,546,0.4967125759814528
Buy,sharpe_ratio,547,0.611463262818702
Buy,sharpe_ratio,548,0.4887087901297882
Buy,sharpe_ratio,549,0.5976551243467627
Buy,sharpe_ratio,550,0.5571108401784715
Buy,sharpe_ratio,551,0.5893688036769564
Buy,sharpe_ratio,552,0.49092661080910993
Buy,sharpe_ratio,553,0.5361837082236107
Buy,sharpe_ratio,554,0.5550986537786122
Buy,sharpe_ratio,555,0.4604992263495271
Buy,sharpe_ratio,556,0.5619703384566592
Buy,sharpe_ratio,557,0.5013990010851823
Buy,sharpe_ratio,558,0.5540809356541758
Buy,sharpe_ratio,559,0.5809171018065644
Buy,sharpe_ratio,560,0.5398767565279878
Buy,sharpe_ratio,561,0.4823695386893734
Buy,sharpe_ratio,562,0.5099211385147817
Buy,sharpe_ratio,563,0.5395134291458628
Buy,sharpe_ratio,564,0.491390963096372
Buy,sharpe_ratio,565,0.5865067201399725
Buy,sharpe_ratio,566,0.56809821558838
Buy,sharpe_ratio,567,0.581254812953504
Buy,sharpe_ratio,568,0.6179676314950733
Buy,sharpe_ratio,569,0.5472477253059385
Buy,sharpe_ratio,570,0.5535067468784076
Buy,sharpe_ratio,571,0.581992040282485
Buy,sharpe_ratio,572,0.6276006117068933
Buy,sharpe_ratio,573,0.6018501310442801
Buy,sharpe_ratio,574,0.5747648973233117
Buy,sharpe_ratio,575,0.6044016899721445
Buy,sharpe_ratio,576,0.5253891135718463
Buy,sharpe_ratio,577,0.5233615452482345
Buy,sharpe_ratio,578,0.5578604588194369
Buy,sharpe_ratio,579,0.5102541766768929
Buy,sharpe_ratio,580,0.48326824531151935
Buy,sharpe_ratio,581,0.5203606671434304
Buy,sharpe_ratio,582,0.5469489185248082
Buy,sharpe_ratio,583,0.6066678359110891
Buy,sharpe_ratio,584,0.5334688531323026
Buy,sharpe_ratio,585,0.6084995034411551
Buy,sharpe_ratio,586,0.5796143903706104
Buy,sharpe_ratio,587,0.5775752840056825
Buy,sharpe_ratio,588,0.5194123512995423
Buy,sharpe_ratio,589,0.5811587237673028
Buy,sharpe_ratio,590,0.5356373459815749
Buy,sharpe_ratio,591,0.515397987037411
Buy,sharpe_ratio,592,0.4930047790866716
Buy,sharpe_ratio,593,0.5067659574242569
Buy,sharpe_ratio,594,0.510798665733232
Buy,sharpe_ratio,595,0.5309258127985332
Buy,sharpe_ratio,596,0.5056701177993848
Buy,sharpe_ratio,597,0.5311146092900514
Buy,sharpe_ratio,598,0.533434664136891
Buy,sharpe_ratio,599,0.537354524357256
Buy,sharpe_ratio,600,0.51334704974263
Buy,sharpe_ratio,601,0.49976716379810604
Buy,sharpe_ratio,602,0.5593047190711173
Buy,sharpe_ratio,603,0.5585156749582199
Buy,sharpe_ratio,604,0.5151767734533848
Buy,sharpe_ratio,605,0.527620726287422
Buy,sharpe_ratio,606,0.5591489947815083
Buy,sharpe_ratio,607,0.4564486278850346
Buy,sharpe_ratio,608,0.5286710568782302
Buy,sharpe_ratio,609,0.5698546666011577
Buy,sharpe_ratio,610,0.5732670237888908
Buy,sharpe_ratio,611,0.624745415709477
Buy,sharpe_ratio,612,0.578394039231231
Buy,sharpe_ratio,613,0.5928366227125603
Buy,sharpe_ratio,614,0.5428636681916243
Buy,sharpe_ratio,615,0.5491389844632439
Buy,sharpe_ratio,616,0.5764225958513527
Buy,sharpe_ratio,617,0.5229238510863774
Buy,sharpe_ratio,618,0.5514942715267113
Buy,sharpe_ratio,619,0.5537512586729676
Buy,sharpe_ratio,620,0.5536082611841877
Buy,sharpe_ratio,621,0.5631878777097743
Buy,sharpe_ratio,622,0.5455614340797479
Buy,sharpe_ratio,623,0.5621374424278556
Buy,sharpe_ratio,624,0.6382067686411026
Buy,sharpe_ratio,625,0.4960559843293937
Buy,sharpe_ratio,626,0.5095004984111116
Buy,sharpe_ratio,627,0.5041271668161107
Buy,sharpe_ratio,628,0.44604584914045287
Buy,sharpe_ratio,629,0.5646508639450811
Buy,sharpe_ratio,630,0.5715460489775399
Buy,sharpe_ratio,631,0.47644725819854106
Buy,sharpe_ratio,632,0.5369446263587907
Buy,sharpe_ratio,633,0.5510788915856826
Buy,sharpe_ratio,634,0.6007030493595797
Buy,sharpe_ratio,635,0.5394630451372562
Buy,sharpe_ratio,636,0.5432792236231352
Buy,sharpe_ratio,637,0.5043245290753804
Buy,sharpe_ratio,638,0.5635939861784629
Buy,sharpe_ratio,639,0.49335080453929114
Buy,sharpe_ratio,640,0.5173964087138994
Buy,sharpe_ratio,641,0.5634079134432142
Buy,sharpe_ratio,642,0.539002809586183
Buy,sharpe_ratio,643,0.5850447295339265
Buy,sharpe_ratio,644,0.5700821401260598
Buy,sharpe_ratio,645,0.5704648935723684
Buy,sharpe_ratio,646,0.5117690333618814
Buy,sharpe_ratio,647,0.541634711356179
Buy,sharpe_ratio,648,0.5261315177142056
Buy,sharpe_ratio,649,0.6356487536811581
Buy,sharpe_ratio,650,0.5147820823154543
Buy,sharpe_ratio,651,0.5520588495585641
Buy,sharpe_ratio,652,0.5427548019813346
Buy,sharpe_ratio,653,0.578010786005021
Buy,sharpe_ratio,654,0.5998019254502864
Buy,sharpe_ratio,655,0.49239584728510843
Buy,sharpe_ratio,656,0.5761720226736982
Buy,sharpe_ratio,657,0.5766926175894738
Buy,sharpe_ratio,658,0.6017958389254989
Buy,sharpe_ratio,659,0.6214571348210609
Buy,sharpe_ratio,660,0.6560468636934744
Buy,sharpe_ratio,661,0.5372640581616799
Buy,sharpe_ratio,662,0.5750977383653244
Buy,sharpe_ratio,663,0.5843847170494061
Buy,sharpe_ratio,664,0.5720940418438571
Buy,sharpe_ratio,665,0.5277768517781087
Buy,sharpe_ratio,666,0.49244151135725556
Buy,sharpe_ratio,667,0.6154449177221362
Buy,sharpe_ratio,668,0.5755690542972394
Buy,sharpe_ratio,669,0.5835643585303756
Buy,sharpe_ratio,670,0.5109986109624973
Buy,sharpe_ratio,671,0.599003930144006
Buy,sharpe_ratio,672,0.48166814347033604
Buy,sharpe_ratio,673,0.594147143118195
Buy,sharpe_ratio,674,0.5472144215499952
Buy,sharpe_ratio,675,0.5640552456976451
Buy,sharpe_ratio,676,0.4803503989499811
Buy,sharpe_ratio,677,0.6271725544522369
Buy,sharpe_ratio,678,0.5672040489655386
Buy,sharpe_ratio,679,0.4868192110250349
Buy,sharpe_ratio,680,0.6219446247666376
Buy,sharpe_ratio,681,0.5754823720422113
Buy,sharpe_ratio,682,0.52307289030156
Buy,sharpe_ratio,683,0.5848086759994118
Buy,sharpe_ratio,684,0.5049307599339947
Buy,sharpe_ratio,685,0.5124653249323576
Buy,sharpe_ratio,686,0.6075129550755474
Buy,sharpe_ratio,687,0.6008706489140958
Buy,sharpe_ratio,688,0.5637033545194532
Buy,sharpe_ratio,689,0.5948318933027528
Buy,sharpe_ratio,690,0.5600988022729694
Buy,sharpe_ratio,691,0.5772006186585394
Buy,sharpe_ratio,692,0.5847594346348641
Buy,sharpe_ratio,693,0.5722315589097842
Buy,sharpe_ratio,694,0.5295420538167797
Buy,sharpe_ratio,695,0.5473251774107801
Buy,sharpe_ratio,696,0.6054112492774792
Buy,sharpe_ratio,697,0.4969743432630893
Buy,sharpe_ratio,698,0.5880176935778447
Buy,sharpe_ratio,699,0.4871275941619615
Buy,sharpe_ratio,700,0.5479851056503922
Buy,sharpe_ratio,701,0.5872723502016601
Buy,sharpe_ratio,702,0.6381411403861743
Buy,sharpe_ratio,703,0.5829343652097649
Buy,sharpe_ratio,704,0.5616783903472569
Buy,sharpe_ratio,705,0.5416291239219571
Buy,sharpe_ratio,706,0.5508115816672206
Buy,sharpe_ratio,707,0.5809157461217986
Buy,sharpe_ratio,708,0.5949217470855586
Buy,sharpe_ratio,709,0.5505973758202094
Buy,sharpe_ratio,710,0.5813824641661829
Buy,sharpe_ratio,711,0.4991050424964718
Buy,sharpe_ratio,712,0.5367036288343217
Buy,sharpe_ratio,713,0.5389276837738253
Buy,sharpe_ratio,714,0.5485887364678637
Buy,sharpe_ratio,715,0.536966301214822
Buy,sharpe_ratio,716,0.547435202844694
Buy,sharpe_ratio,717,0.5490205002361992
Buy,sharpe_ratio,718,0.5644657290473174
Buy,sharpe_ratio,719,0.5200594777501055
Buy,sharpe_ratio,720,0.5111958315982013
Buy,sharpe_ratio,721,0.6634266881744404
Buy,sharpe_ratio,722,0.5626875094766106
Buy,sharpe_ratio,723,0.5396228831062131
Buy,sharpe_ratio,724,0.5201474418483478
Buy,sharpe_ratio,725,0.575407907242782
Buy,sharpe_ratio,726,0.5065405124433386
Buy,sharpe_ratio,727,0.6427174610310162
Buy,sharpe_ratio,728,0.5980970452206393
Buy,sharpe_ratio,729,0.5611822433665323
Buy,sharpe_ratio,730,0.5934792296313502
Buy,sharpe_ratio,731,0.5327693580039687
Buy,sharpe_ratio,732,0.5923193973289052
Buy,sharpe_ratio,733,0.5837668611251883
Buy,sharpe_ratio,734,0.629591717703978
Buy,sharpe_ratio,735,0.5231730336018519
Buy,sharpe_ratio,736,0.5794416353638661
Buy,sharpe_ratio,737,0.5235319254118589
Buy,sharpe_ratio,738,0.5431349345835375
Buy,sharpe_ratio,739,0.5292204838853198
Buy,sharpe_ratio,740,0.5401628584944151
Buy,sharpe_ratio,741,0.5650336279742407
Buy,sharpe_ratio,742,0.5702579836246979
Buy,sharpe_ratio,743,0.508294008613019
Buy,sharpe_ratio,744,0.5820372869378119
Buy,sharpe_ratio,745,0.510508451235574
Buy,sharpe_ratio,746,0.5453161160326396
Buy,sharpe_ratio,747,0.5328629940314515
Buy,sharpe_ratio,748,0.5491013245463887
Buy,sharpe_ratio,749,0.5675287017192834
Buy,sharpe_ratio,750,0.539193101032728
Buy,sharpe_ratio,751,0.665607927959285
Buy,sharpe_ratio,752,0.5374908395077331
Buy,sharpe_ratio,753,0.5594462822140112
Buy,sharpe_ratio,754,0.5493903570795706
Buy,sharpe_ratio,755,0.5095321823059216
Buy,sharpe_ratio,756,0.5408347369683293
Buy,sharpe_ratio,757,0.5722386905683514
Buy,sharpe_ratio,758,0.5175068336361948
Buy,sharpe_ratio,759,0.56953913105521
Buy,sharpe_ratio,760,0.5190531644051171
Buy,sharpe_ratio,761,0.5700499292089924
Buy,sharpe_ratio,762,0.556490386372948
Buy,sharpe_ratio,763,0.5392080684038909
Buy,sharpe_ratio,764,0.5650969887065065
Buy,sharpe_ratio,765,0.6138130914481872
Buy,sharpe_ratio,766,0.5008660083878689
Buy,sharpe_ratio,767,0.5315267600436151
Buy,sharpe_ratio,768,0.5289170309857281
Buy,sharpe_ratio,769,0.6735608769790478
Buy,sharpe_ratio,770,0.5383228532345936
Buy,sharpe_ratio,771,0.6265256679184001
Buy,sharpe_ratio,772,0.591714723464043
Buy,sharpe_ratio,773,0.5841037162593703
Buy,sharpe_ratio,774,0.5556566556450853
Buy,sharpe_ratio,775,0.5431336040405297
Buy,sharpe_ratio,776,0.5842539381402458
Buy,sharpe_ratio,777,0.49698942654450207
Buy,sharpe_ratio,778,0.560547595954227
Buy,sharpe_ratio,779,0.4709113401225178
Buy,sharpe_ratio,780,0.5442103259382338
Buy,sharpe_ratio,781,0.5565859592239724
Buy,sharpe_ratio,782,0.5584061283565678
Buy,sharpe_ratio,783,0.60676719205878
Buy,sharpe_ratio,784,0.49788717010197736
Buy,sharpe_ratio,785,0.5148286199738585
Buy,sharpe_ratio,786,0.6187057843439869
Buy,sharpe_ratio,787,0.5826105599461351
Buy,sharpe_ratio,788,0.5230801903261408
Buy,sharpe_ratio,789,0.5998641016530994
Buy,sharpe_ratio,790,0.4735982820901863
Buy,sharpe_ratio,791,0.6100337297479554
Buy,sharpe_ratio,792,0.5633316016304635
Buy,sharpe_ratio,793,0.5528733559304806
Buy,sharpe_ratio,794,0.5777864446372103
Buy,sharpe_ratio,795,0.5446811497240063
Buy,sharpe_ratio,796,0.6067843126065102
Buy,sharpe_ratio,797,0.6198724446743027
Buy,sharpe_ratio,798,0.5364654209863624
Buy,sharpe_ratio,799,0.47611549504560546
Buy,sharpe_ratio,800,0.5726972341386203
Buy,sharpe_ratio,801,0.5263763996623347
Buy,sharpe_ratio,802,0.5350667347078213
Buy,sharpe_ratio,803,0.519401739210176
Buy,sharpe_ratio,804,0.5016408511593573
Buy,sharpe_ratio,805,0.48299175096176006
Buy,sharpe_ratio,806,0.6073362529437372
Buy,sharpe_ratio,807,0.5202009330534079
Buy,sharpe_ratio,808,0.6243524321292986
Buy,sharpe_ratio,809,0.6233366240855704
Buy,sharpe_ratio,810,0.6101525982186344
Buy,sharpe_ratio,811,0.623050761968889
Buy,sharpe_ratio,812,0.5932567770976203
Buy,sharpe_ratio,813,0.5100680869054339
Buy,sharpe_ratio,814,0.5433068067447735
Buy,sharpe_ratio,815,0.4540429449147103
Buy,sharpe_ratio,816,0.48950708426908873
Buy,sharpe_ratio,817,0.5875955566012503
Buy,sharpe_ratio,818,0.535093585293712
Buy,sharpe_ratio,819,0.6023166988975874
Buy,sharpe_ratio,820,0.5452957871522166
Buy,sharpe_ratio,821,0.529222871914683
Buy,sharpe_ratio,822,0.5321912700823681
Buy,sharpe_ratio,823,0.5739538836239273
Buy,sharpe_ratio,824,0.5706413958261232
Buy,sharpe_ratio,825,0.6141395178228484
Buy,sharpe_ratio,826,0.4756869676961708
Buy,sharpe_ratio,827,0.5322147594411861
Buy,sharpe_ratio,828,0.5315776941806858
Buy,sharpe_ratio,829,0.6153812589323229
Buy,sharpe_ratio,830,0.4903266943754687
Buy,sharpe_ratio,831,0.5853629320300171
Buy,sharpe_ratio,832,0.5826349692817598
Buy,sharpe_ratio,833,0.5113911106719375
Buy,sharpe_ratio,834,0.579006379612677
Buy,sharpe_ratio,835,0.5843985337910906
Buy,sharpe_ratio,836,0.4884702571524291
Buy,sharpe_ratio,837,0.551056569675513
Buy,sharpe_ratio,838,0.5768386913077168
Buy,sharpe_ratio,839,0.582719725740195
Buy,sharpe_ratio,840,0.5073807007689588
Buy,sharpe_ratio,841,0.5775461160175679
Buy,sharpe_ratio,842,0.5838733865227597
Buy,sharpe_ratio,843,0.5413182663651632
Buy,sharpe_ratio,844,0.5307598361890236
Buy,sharpe_ratio,845,0.5843069831264924
Buy,sharpe_ratio,846,0.5561242544436418
Buy,sharpe_ratio,847,0.5402812295136199
Buy,sharpe_ratio,848,0.5774837209296373
Buy,sharpe_ratio,849,0.5407983220540178
Buy,sharpe_ratio,850,0.5913126983795038
Buy,sharpe_ratio,851,0.5525871165921008
Buy,sharpe_ratio,852,0.5793405184389551
Buy,sharpe_ratio,853,0.5191564176640124
Buy,sharpe_ratio,854,0.5928303834327817
Buy,sharpe_ratio,855,0.5469274399237558
Buy,sharpe_ratio,856,0.5973751671086429
Buy,sharpe_ratio,857,0.5705118209761171
Buy,sharpe_ratio,858,0.5609857833016894
Buy,sharpe_ratio,859,0.528236552776713
Buy,sharpe_ratio,860,0.5708867521416741
Buy,sharpe_ratio,861,0.5800197516491639
Buy,sharpe_ratio,862,0.5676963489963511
Buy,sharpe_ratio,863,0.5217247128399185
Buy,sharpe_ratio,864,0.6079203864687903
Buy,sharpe_ratio,865,0.5598469473041514
Buy,sharpe_ratio,866,0.4514348540756954
Buy,sharpe_ratio,867,0.5465331982614883
Buy,sharpe_ratio,868,0.5581514030132104
Buy,sharpe_ratio,869,0.6006591097495355
Buy,sharpe_ratio,870,0.5122809450193353
Buy,sharpe_ratio,871,0.5574712638395938
Buy,sharpe_ratio,872,0.5178692470203892
Buy,sharpe_ratio,873,0.5294702600756209
Buy,sharpe_ratio,874,0.5075551184887535
Buy,sharpe_ratio,875,0.5871748977629507
Buy,sharpe_ratio,876,0.6477929491964947
Buy,sharpe_ratio,877,0.5381715143118946
Buy,sharpe_ratio,878,0.5706506966845355
Buy,sharpe_ratio,879,0.5508711797633197
Buy,sharpe_ratio,880,0.5366078353501322
Buy,sharpe_ratio,881,0.5201247232583945
Buy,sharpe_ratio,882,0.5805286079803134
Buy,sharpe_ratio,883,0.5758595410344407
Buy,sharpe_ratio,884,0.5652944630721479
Buy,sharpe_ratio,885,0.6027070199653375
Buy,sharpe_ratio,886,0.520718450235595
Buy,sharpe_ratio,887,0.5096884620785418
Buy,sharpe_ratio,888,0.5163881597857403
Buy,sharpe_ratio,889,0.5236323784381174
Buy,sharpe_ratio,890,0.5161606047552634
Buy,sharpe_ratio,891,0.5185863000692437
Buy,sharpe_ratio,892,0.5753906372910742
Buy,sharpe_ratio,893,0.5422049709312184
Buy,sharpe_ratio,894,0.5615196235465834
Buy,sharpe_ratio,895,0.5537135632013523
Buy,sharpe_ratio,896,0.5213448933759302
Buy,sharpe_ratio,897,0.5720579651458055
Buy,sharpe_ratio,898,0.5884839582768437
Buy,sharpe_ratio,899,0.555616687974398
Buy,sharpe_ratio,900,0.5688628277063779
Buy,sharpe_ratio,901,0.5699040371728445
Buy,sharpe_ratio,902,0.5394885355598049
Buy,sharpe_ratio,903,0.5144621506381784
Buy,sharpe_ratio,904,0.6113002768488847
Buy,sharpe_ratio,905,0.5059392435925654
Buy,sharpe_ratio,906,0.5564498580466908
Buy,sharpe_ratio,907,0.510186166427208
Buy,sharpe_ratio,908,0.5259254770519664
Buy,sharpe_ratio,909,0.5733496484732821
Buy,sharpe_ratio,910,0.5953946722379722
Buy,sharpe_ratio,911,0.5227582834336535
Buy,sharpe_ratio,912,0.586095392328621
Buy,sharpe_ratio,913,0.5425105001591572
Buy,sharpe_ratio,914,0.5069837781013198
Buy,sharpe_ratio,915,0.5177632696149237
Buy,sharpe_ratio,916,0.5049358303553912
Buy,sharpe_ratio,917,0.5283782501719538
Buy,sharpe_ratio,918,0.5848578841228322
Buy,sharpe_ratio,919,0.5311437701147739
Buy,sharpe_ratio,920,0.5322703294703768
Buy,sharpe_ratio,921,0.5640892051878148
Buy,sharpe_ratio,922,0.5566585180223327
Buy,sharpe_ratio,923,0.5295284852782149
Buy,sharpe_ratio,924,0.5314645765352517
Buy,sharpe_ratio,925,0.551392716210712
Buy,sharpe_ratio,926,0.5162154223530133
Buy,sharpe_ratio,927,0.529570595656633
Buy,sharpe_ratio,928,0.5447781630299797
Buy,sharpe_ratio,929,0.5965188839966369
Buy,sharpe_ratio,930,0.5718228698875971
Buy,sharpe_ratio,931,0.507182249564786
Buy,sharpe_ratio,932,0.5557700115078772
Buy,sharpe_ratio,933,0.5590107202689354
Buy,sharpe_ratio,934,0.5144232834848061
Buy,sharpe_ratio,935,0.5297417775449205
Buy,sharpe_ratio,936,0.5579368941841367
Buy,sharpe_ratio,937,0.5612438913382354
Buy,sharpe_ratio,938,0.5460626213263153
Buy,sharpe_ratio,939,0.5191069570425286
Buy,sharpe_ratio,940,0.5679164332990445
Buy,sharpe_ratio,941,0.5652740483687491
Buy,sharpe_ratio,942,0.5689343219734129
Buy,sharpe_ratio,943,0.5460376266220219
Buy,sharpe_ratio,944,0.5413987541800869
Buy,sharpe_ratio,945,0.5861584085820342
Buy,sharpe_ratio,946,0.5523089153239482
Buy,sharpe_ratio,947,0.5868514202690287
Buy,sharpe_ratio,948,0.5731133907006862
Buy,sharpe_ratio,949,0.6260572579857824
Buy,sharpe_ratio,950,0.5714404559525099
Buy,sharpe_ratio,951,0.5350732513058043
Buy,sharpe_ratio,952,0.5398992382384082
Buy,sharpe_ratio,953,0.5271333567330272
Buy,sharpe_ratio,954,0.6292344626633684
Buy,sharpe_ratio,955,0.5223318354058528
Buy,sharpe_ratio,956,0.5459165084301807
Buy,sharpe_ratio,957,0.5536233299195619
Buy,sharpe_ratio,958,0.5164143838738404
Buy,sharpe_ratio,959,0.5839833944153234
Buy,sharpe_ratio,960,0.5815065500294705
Buy,sharpe_ratio,961,0.5101111672769303
Buy,sharpe_ratio,962,0.5874939940760409
Buy,sharpe_ratio,963,0.4811334367855826
Buy,sharpe_ratio,964,0.5154109162798663
Buy,sharpe_ratio,965,0.6063153554061302
Buy,sharpe_ratio,966,0.6182124886956424
Buy,sharpe_ratio,967,0.6189932352498668
Buy,sharpe_ratio,968,0.5240894103030471
Buy,sharpe_ratio,969,0.5490434877192385
Buy,sharpe_ratio,970,0.5667898440185337
Buy,sharpe_ratio,971,0.5294282848546574
Buy,sharpe_ratio,972,0.5456644603500909
Buy,sharpe_ratio,973,0.5617734479818872
Buy,sharpe_ratio,974,0.5345517516163674
Buy,sharpe_ratio,975,0.5491867971939199
Buy,sharpe_ratio,976,0.549405662512052
Buy,sharpe_ratio,977,0.5044174871998064
Buy,sharpe_ratio,978,0.6135845040165826
Buy,sharpe_ratio,979,0.5591279093435917
Buy,sharpe_ratio,980,0.5879619906408098
Buy,sharpe_ratio,981,0.5261271491548403
Buy,sharpe_ratio,982,0.5926204641803867
Buy,sharpe_ratio,983,0.5784270836859324
Buy,sharpe_ratio,984,0.5595842106317823
Buy,sharpe_ratio,985,0.5709511833104925
Buy,sharpe_ratio,986,0.5608286833714309
Buy,sharpe_ratio,987,0.566139332413552
Buy,sharpe_ratio,988,0.5211635436603532
Buy,sharpe_ratio,989,0.5708927364647618
Buy,sharpe_ratio,990,0.5813838202811334
Buy,sharpe_ratio,991,0.5927208681951512
Buy,sharpe_ratio,992,0.535312487056546
Buy,sharpe_ratio,993,0.48451304421731844
Buy,sharpe_ratio,994,0.5128511667191304
Buy,sharpe_ratio,995,0.5408755455924075
Buy,sharpe_ratio,996,0.5222892051840509
Buy,sharpe_ratio,997,0.5333686697880444
Buy,sharpe_ratio,998,0.4632297941679546
Buy,sharpe_ratio,999,0.5622378088473705
Sell,win_rate,0,2.5060827250608355
Sell,win_rate,1,1.8004866180048609
Sell,win_rate,2,2.5060827250608355
Sell,win_rate,3,2.2141119221411287
Sell,win_rate,4,2.189781021897808
Sell,win_rate,5,2.0681265206812682
Sell,win_rate,6,2.798053527980535
Sell,win_rate,7,2.3357664233576685
Sell,win_rate,8,2.4330900243308946
Sell,win_rate,9,2.627737226277368
Sell,win_rate,10,2.530413625304135
Sell,win_rate,11,2.9927007299270016
Sell,win_rate,12,2.530413625304142
Sell,win_rate,13,2.4817518248175077
Sell,win_rate,14,2.530413625304128
Sell,win_rate,15,2.3844282238442815
Sell,win_rate,16,2.408759124087588
Sell,win_rate,17,2.579075425790755
Sell,win_rate,18,2.360097323600975
Sell,win_rate,19,2.141119221411195
Sell,win_rate,20,2.2627737226277276
Sell,win_rate,21,2.5547445255474344
Sell,win_rate,22,2.700729927007295
Sell,win_rate,23,2.2627737226277276
Sell,win_rate,24,1.970802919708028
Sell,win_rate,25,2.8953771289537684
Sell,win_rate,26,2.2141119221411145
Sell,win_rate,27,2.749391727493915
Sell,win_rate,28,2.2871046228710483
Sell,win_rate,29,2.360097323600975
Sell,win_rate,30,2.700729927007295
Sell,win_rate,31,2.2627737226277347
Sell,win_rate,32,1.9464720194647143
Sell,win_rate,33,2.189781021897808
Sell,win_rate,34,2.3844282238442887
Sell,win_rate,35,2.481751824817522
Sell,win_rate,36,2.6520681265206747
Sell,win_rate,37,2.360097323600975
Sell,win_rate,38,2.019464720194641
Sell,win_rate,39,2.7737226277372145
Sell,win_rate,40,2.2141119221411145
Sell,win_rate,41,1.7761557177615614
Sell,win_rate,42,2.360097323600968
Sell,win_rate,43,2.530413625304135
Sell,win_rate,44,2.2384428223844353
Sell,win_rate,45,2.8223844282238417
Sell,win_rate,46,2.968369829683702
Sell,win_rate,47,2.2384428223844353
Sell,win_rate,48,2.968369829683702
Sell,win_rate,49,2.0681265206812682
Sell,win_rate,50,2.1167883211678813
Sell,win_rate,51,2.4817518248175077
Sell,win_rate,52,2.1167883211678813
Sell,win_rate,53,2.530413625304135
Sell,win_rate,54,2.6034063260340687
Sell,win_rate,55,1.6058394160583944
Sell,win_rate,56,2.141119221411195
Sell,win_rate,57,2.360097323600975
Sell,win_rate,58,2.311435523114362
Sell,win_rate,59,2.408759124087588
Sell,win_rate,60,2.189781021897808
Sell,win_rate,61,2.5060827250608213
Sell,win_rate,62,2.3844282238442815
Sell,win_rate,63,2.6034063260340616
Sell,win_rate,64,2.360097323600975
Sell,win_rate,65,2.092457420924582
Sell,win_rate,66,2.3357664233576685
Sell,win_rate,67,2.4330900243308946
Sell,win_rate,68,2.262773722627742
Sell,win_rate,69,2.2384428223844353
Sell,win_rate,70,2.4574209245742153
Sell,win_rate,71,2.408759124087588
Sell,win_rate,72,2.4574209245742153
Sell,win_rate,73,2.3844282238442815
Sell,win_rate,74,2.2141119221411287
Sell,win_rate,75,2.238442822384428
Sell,win_rate,76,2.749391727493922
Sell,win_rate,77,2.3357664233576685
Sell,win_rate,78,2.141119221411188
Sell,win_rate,79,2.360097323600975
Sell,win_rate,80,2.262773722627742
Sell,win_rate,81,1.9951338199513344
Sell,win_rate,82,2.2871046228710483
Sell,win_rate,83,2.1654501216545015
Sell,win_rate,84,2.1654501216545015
Sell,win_rate,85,2.2871046228710483
Sell,win_rate,86,2.6277372262773753
Sell,win_rate,87,2.0924574209245606
Sell,win_rate,88,2.1654501216545015
Sell,win_rate,89,1.8978102189781083
Sell,win_rate,90,2.652068126520682
Sell,win_rate,91,2.3357664233576685
Sell,win_rate,92,2.189781021897808
Sell,win_rate,93,2.481751824817529
Sell,win_rate,94,2.3357664233576614
Sell,win_rate,95,2.311435523114355
Sell,win_rate,96,2.3844282238442744
Sell,win_rate,97,1.8491484184914881
Sell,win_rate,98,2.0924574209245748
Sell,win_rate,99,2.433090024330909
Sell,win_rate,100,1.8491484184914881
Sell,win_rate,101,2.481751824817522
Sell,win_rate,102,2.019464720194641
Sell,win_rate,103,2.2871046228710483
Sell,win_rate,104,2.311435523114362
Sell,win_rate,105,2.579075425790755
Sell,win_rate,106,2.433090024330909
Sell,win_rate,107,2.311435523114355
Sell,win_rate,108,2.3357664233576685
Sell,win_rate,109,2.311435523114362
Sell,win_rate,110,2.7250608272506085
Sell,win_rate,111,2.360097323600975
Sell,win_rate,112,2.579075425790762
Sell,win_rate,113,2.7737226277372287
Sell,win_rate,114,2.457420924574201
Sell,win_rate,115,2.627737226277368
Sell,win_rate,116,2.6034063260340616
Sell,win_rate,117,2.5547445255474415
Sell,win_rate,118,2.3844282238442815
Sell,win_rate,119,1.970802919708028
Sell,win_rate,120,2.4817518248175148
Sell,win_rate,121,2.360097323600975
Sell,win_rate,122,2.408759124087595
Sell,win_rate,123,2.4817518248175148
Sell,win_rate,124,2.457420924574201
Sell,win_rate,125,2.3114355231143477
Sell,win_rate,126,2.5547445255474415
Sell,win_rate,127,2.1167883211678884
Sell,win_rate,128,2.530413625304142
Sell,win_rate,129,2.262773722627742
Sell,win_rate,130,2.5060827250608284
Sell,win_rate,131,2.311435523114355
Sell,win_rate,132,2.0924574209245677
Sell,win_rate,133,2.481751824817522
Sell,win_rate,134,2.408759124087588
Sell,win_rate,135,2.1654501216545015
Sell,win_rate,136,2.579075425790755
Sell,win_rate,137,2.3844282238442815
Sell,win_rate,138,2.6034063260340616
Sell,win_rate,139,2.5060827250608284
Sell,win_rate,140,2.2871046228710483
Sell,win_rate,141,1.800486618004868
Sell,win_rate,142,2.092457420924582
Sell,win_rate,143,2.6034063260340616
Sell,win_rate,144,2.9440389294403957
Sell,win_rate,145,1.4355231143552274
Sell,win_rate,146,2.6034063260340616
Sell,win_rate,147,2.238442822384428
Sell,win_rate,148,2.3844282238442887
Sell,win_rate,149,2.481751824817529
Sell,win_rate,150,2.3844282238442815
Sell,win_rate,151,2.5547445255474486
Sell,win_rate,152,1.9464720194647214
Sell,win_rate,153,2.5060827250608213
Sell,win_rate,154,2.189781021897808
Sell,win_rate,155,2.189781021897808
Sell,win_rate,156,2.5547445255474486
Sell,win_rate,157,2.481751824817529
Sell,win_rate,158,2.068126520681261
Sell,win_rate,159,1.9951338199513344
Sell,win_rate,160,2.2141119221411216
Sell,win_rate,161,2.1654501216544944
Sell,win_rate,162,2.3114355231143406
Sell,win_rate,163,2.408759124087588
Sell,win_rate,164,2.0681265206812682
Sell,win_rate,165,2.0681265206812682
Sell,win_rate,166,2.3357664233576685
Sell,win_rate,167,2.262773722627742
Sell,win_rate,168,2.0437956204379475
Sell,win_rate,169,2.5547445255474486
Sell,win_rate,170,2.287104622871034
Sell,win_rate,171,1.9951338199513486
Sell,win_rate,172,2.7737226277372216
Sell,win_rate,173,2.7250608272506156
Sell,win_rate,174,2.360097323600968
Sell,win_rate,175,2.871046228710462
Sell,win_rate,176,2.3357664233576543
Sell,win_rate,177,2.2627737226277276
Sell,win_rate,178,1.7761557177615543
Sell,win_rate,179,2.627737226277368
Sell,win_rate,180,2.262773722627742
Sell,win_rate,181,2.433090024330909
Sell,win_rate,182,2.433090024330909
Sell,win_rate,183,2.1167883211678884
Sell,win_rate,184,1.7031630170316276
Sell,win_rate,185,2.2384428223844353
Sell,win_rate,186,2.2141119221411145
Sell,win_rate,187,2.530413625304128
Sell,win_rate,188,2.457420924574201
Sell,win_rate,189,2.311435523114355
Sell,win_rate,190,2.189781021897822
Sell,win_rate,191,2.408759124087588
Sell,win_rate,192,1.9464720194647143
Sell,win_rate,193,1.8491484184914881
Sell,win_rate,194,1.8734793187347947
Sell,win_rate,195,2.189781021897822
Sell,win_rate,196,2.311435523114362
Sell,win_rate,197,1.9464720194647285
Sell,win_rate,198,1.8978102189781012
Sell,win_rate,199,2.1654501216545086
Sell,win_rate,200,2.5547445255474486
Sell,win_rate,201,2.2141119221411145
Sell,win_rate,202,2.1654501216545015
Sell,win_rate,203,2.579075425790748
Sell,win_rate,204,2.189781021897808
Sell,win_rate,205,1.970802919708035
Sell,win_rate,206,2.2871046228710483
Sell,win_rate,207,2.019464720194655
Sell,win_rate,208,2.408759124087588
Sell,win_rate,209,2.700729927007295
Sell,win_rate,210,3.0413625304136147
Sell,win_rate,211,1.9464720194647285
Sell,win_rate,212,2.238442822384421
Sell,win_rate,213,2.311435523114355
Sell,win_rate,214,2.2141119221411145
Sell,win_rate,215,2.433090024330909
Sell,win_rate,216,2.6520681265206747
Sell,win_rate,217,1.9464720194647143
Sell,win_rate,218,2.4330900243309017
Sell,win_rate,219,2.8953771289537755
Sell,win_rate,220,2.141119221411195
Sell,win_rate,221,2.2871046228710483
Sell,win_rate,222,1.9464720194647285
Sell,win_rate,223,2.0924574209245748
Sell,win_rate,224,2.5060827250608213
Sell,win_rate,225,1.6545012165450075
Sell,win_rate,226,2.2627737226277347
Sell,win_rate,227,2.4330900243308946
Sell,win_rate,228,2.700729927007295
Sell,win_rate,229,2.2141119221411145
Sell,win_rate,230,2.6034063260340616
Sell,win_rate,231,2.1654501216545015
Sell,win_rate,232,2.8467153284671483
Sell,win_rate,233,2.530413625304135
Sell,win_rate,234,2.5060827250608355
Sell,win_rate,235,1.922141119221422
Sell,win_rate,236,2.238442822384421
Sell,win_rate,237,2.408759124087588
Sell,win_rate,238,2.8467153284671554
Sell,win_rate,239,2.141119221411195
Sell,win_rate,240,2.481751824817522
Sell,win_rate,241,1.8978102189781012
Sell,win_rate,242,2.4330900243309017
Sell,win_rate,243,2.4330900243308946
Sell,win_rate,244,2.262773722627742
Sell,win_rate,245,2.1167883211678884
Sell,win_rate,246,2.7737226277372216
Sell,win_rate,247,2.4330900243308946
Sell,win_rate,248,2.8953771289537684
Sell,win_rate,249,2.262773722627742
Sell,win_rate,250,2.287104622871034
Sell,win_rate,251,3.041362530413622
Sell,win_rate,252,2.4330900243308946
Sell,win_rate,253,2.311435523114362
Sell,win_rate,254,2.3357664233576685
Sell,win_rate,255,2.2141119221411216
Sell,win_rate,256,2.579075425790748
Sell,win_rate,257,2.4330900243308946
Sell,win_rate,258,2.530413625304128
Sell,win_rate,259,2.408759124087588
Sell,win_rate,260,2.3844282238442815
Sell,win_rate,261,2.1167883211678813
Sell,win_rate,262,2.360097323600975
Sell,win_rate,263,2.360097323600975
Sell,win_rate,264,2.0924574209245748
Sell,win_rate,265,2.481751824817522
Sell,win_rate,266,1.970802919708028
Sell,win_rate,267,2.2871046228710483
Sell,win_rate,268,2.530413625304135
Sell,win_rate,269,2.579075425790755
Sell,win_rate,270,2.360097323600968
Sell,win_rate,271,2.530413625304142
Sell,win_rate,272,2.652068126520682
Sell,win_rate,273,2.968369829683688
Sell,win_rate,274,2.238442822384428
Sell,win_rate,275,2.4330900243309017
Sell,win_rate,276,2.141119221411188
Sell,win_rate,277,2.0681265206812682
Sell,win_rate,278,2.2627737226277347
Sell,win_rate,279,2.652068126520682
Sell,win_rate,280,2.579075425790748
Sell,win_rate,281,2.1167883211678884
Sell,win_rate,282,2.238442822384428
Sell,win_rate,283,2.627737226277368
Sell,win_rate,284,2.579075425790755
Sell,win_rate,285,2.579075425790755
Sell,win_rate,286,2.2627737226277347
Sell,win_rate,287,2.141119221411188
Sell,win_rate,288,2.481751824817529
Sell,win_rate,289,2.408759124087595
Sell,win_rate,290,2.530413625304135
Sell,win_rate,291,2.311435523114362
Sell,win_rate,292,2.3844282238442815
Sell,win_rate,293,2.2871046228710483
Sell,win_rate,294,2.141119221411195
Sell,win_rate,295,2.360097323600975
Sell,win_rate,296,2.311435523114362
Sell,win_rate,297,2.116788321167874
Sell,win_rate,298,2.189781021897808
Sell,win_rate,299,2.530413625304142
Sell,win_rate,300,2.1654501216544944
Sell,win_rate,301,2.5547445255474415
Sell,win_rate,302,2.6763990267639883
Sell,win_rate,303,1.8004866180048609
Sell,win_rate,304,2.141119221411188
Sell,win_rate,305,2.360097323600968
Sell,win_rate,306,2.4330900243308946
Sell,win_rate,307,2.9927007299270088
Sell,win_rate,308,2.3357664233576685
Sell,win_rate,309,2.530413625304135
Sell,win_rate,310,2.1167883211678813
Sell,win_rate,311,2.360097323600968
Sell,win_rate,312,2.481751824817522
Sell,win_rate,313,2.262773722627742
Sell,win_rate,314,3.2360097323601025
Sell,win_rate,315,2.0924574209245748
Sell,win_rate,316,2.1654501216545015
Sell,win_rate,317,2.700729927007309
Sell,win_rate,318,2.311435523114355
Sell,win_rate,319,2.1654501216545157
Sell,win_rate,320,2.6763990267639954
Sell,win_rate,321,2.141119221411188
Sell,win_rate,322,2.9927007299270016
Sell,win_rate,323,2.8223844282238417
Sell,win_rate,324,2.433090024330909
Sell,win_rate,325,2.5060827250608213
Sell,win_rate,326,2.262773722627742
Sell,win_rate,327,2.141119221411188
Sell,win_rate,328,2.1654501216545015
Sell,win_rate,329,2.4817518248175148
Sell,win_rate,330,2.4574209245742082
Sell,win_rate,331,2.7737226277372287
Sell,win_rate,332,1.8978102189781012
Sell,win_rate,333,2.6034063260340616
Sell,win_rate,334,2.4574209245742082
Sell,win_rate,335,2.3844282238442815
Sell,win_rate,336,2.6034063260340687
Sell,win_rate,337,2.3844282238442815
Sell,win_rate,338,2.311435523114355
Sell,win_rate,339,2.238442822384421
Sell,win_rate,340,2.3844282238442815
Sell,win_rate,341,2.5060827250608213
Sell,win_rate,342,2.2871046228710483
Sell,win_rate,343,2.530413625304128
Sell,win_rate,344,2.311435523114355
Sell,win_rate,345,2.481751824817529
Sell,win_rate,346,2.3357664233576685
Sell,win_rate,347,2.408759124087588
Sell,win_rate,348,2.262773722627742
Sell,win_rate,349,2.5060827250608213
Sell,win_rate,350,2.019464720194655
Sell,win_rate,351,2.6034063260340616
Sell,win_rate,352,2.652068126520689
Sell,win_rate,353,2.749391727493922
Sell,win_rate,354,2.019464720194641
Sell,win_rate,355,2.481751824817529
Sell,win_rate,356,2.627737226277368
Sell,win_rate,357,2.189781021897808
Sell,win_rate,358,1.7518248175182478
Sell,win_rate,359,2.238442822384421
Sell,win_rate,360,3.090024330900242
Sell,win_rate,361,2.287104622871041
Sell,win_rate,362,2.4330900243309017
Sell,win_rate,363,2.2627737226277276
Sell,win_rate,364,2.5547445255474415
Sell,win_rate,365,2.2141119221411145
Sell,win_rate,366,2.2871046228710554
Sell,win_rate,367,2.433090024330909
Sell,win_rate,368,1.800486618004875
Sell,win_rate,369,2.287104622871041
Sell,win_rate,370,2.6034063260340616
Sell,win_rate,371,2.1411192214111807
Sell,win_rate,372,2.408759124087588
Sell,win_rate,373,2.311435523114362
Sell,win_rate,374,2.700729927007309
Sell,win_rate,375,1.9951338199513486
Sell,win_rate,376,2.3357664233576614
Sell,win_rate,377,2.749391727493915
Sell,win_rate,378,2.4574209245742082
Sell,win_rate,379,1.9464720194647285
Sell,win_rate,380,2.1654501216545015
Sell,win_rate,381,2.6277372262773753
Sell,win_rate,382,2.3844282238442815
Sell,win_rate,383,2.189781021897808
Sell,win_rate,384,2.3844282238442815
Sell,win_rate,385,2.360097323600975
Sell,win_rate,386,2.189781021897815
Sell,win_rate,387,2.092457420924582
Sell,win_rate,388,2.408759124087588
Sell,win_rate,389,2.360097323600975
Sell,win_rate,390,2.141119221411188
Sell,win_rate,391,2.019464720194648
Sell,win_rate,392,2.579075425790755
Sell,win_rate,393,2.2384428223844353
Sell,win_rate,394,1.9951338199513486
Sell,win_rate,395,1.9951338199513344
Sell,win_rate,396,2.8953771289537684
Sell,win_rate,397,2.4574209245742153
Sell,win_rate,398,2.238442822384428
Sell,win_rate,399,2.5547445255474415
Sell,win_rate,400,1.9464720194647214
Sell,win_rate,401,2.530413625304128
Sell,win_rate,402,2.530413625304128
Sell,win_rate,403,2.2871046228710483
Sell,win_rate,404,2.068126520681261
Sell,win_rate,405,2.2141119221411216
Sell,win_rate,406,3.041362530413629
Sell,win_rate,407,1.9464720194647356
Sell,win_rate,408,2.652068126520682
Sell,win_rate,409,1.800486618004868
Sell,win_rate,410,1.922141119221422
Sell,win_rate,411,2.919708029197082
Sell,win_rate,412,2.749391727493915
Sell,win_rate,413,2.5060827250608213
Sell,win_rate,414,2.4330900243308946
Sell,win_rate,415,2.141119221411188
Sell,win_rate,416,2.141119221411195
Sell,win_rate,417,2.700729927007295
Sell,win_rate,418,2.6520681265206747
Sell,win_rate,419,2.2871046228710483
Sell,win_rate,420,2.2141119221411145
Sell,win_rate,421,2.5547445255474486
Sell,win_rate,422,2.5547445255474486
Sell,win_rate,423,2.4817518248175077
Sell,win_rate,424,1.8978102189781012
Sell,win_rate,425,2.0924574209245748
Sell,win_rate,426,2.311435523114362
Sell,win_rate,427,2.2871046228710483
Sell,win_rate,428,2.4087591240876023
Sell,win_rate,429,1.8248175182481816
Sell,win_rate,430,2.652068126520689
Sell,win_rate,431,1.8734793187347947
Sell,win_rate,432,2.360097323600961
Sell,win_rate,433,2.1167883211678884
Sell,win_rate,434,2.2141119221411216
Sell,win_rate,435,2.481751824817522
Sell,win_rate,436,2.700729927007295
Sell,win_rate,437,2.287104622871041
Sell,win_rate,438,2.4574209245742153
Sell,win_rate,439,2.238442822384421
Sell,win_rate,440,2.579075425790755
Sell,win_rate,441,2.8953771289537684
Sell,win_rate,442,2.798053527980535
Sell,win_rate,443,1.8734793187347947
Sell,win_rate,444,3.0656934306569354
Sell,win_rate,445,2.141119221411195
Sell,win_rate,446,2.4817518248175077
Sell,win_rate,447,2.311435523114355
Sell,win_rate,448,2.7250608272506085
Sell,win_rate,449,2.579075425790755
Sell,win_rate,450,2.311435523114362
Sell,win_rate,451,1.9951338199513486
Sell,win_rate,452,2.700729927007302
Sell,win_rate,453,2.530413625304135
Sell,win_rate,454,2.360097323600961
Sell,win_rate,455,2.3357664233576685
Sell,win_rate,456,2.092457420924582
Sell,win_rate,457,2.627737226277368
Sell,win_rate,458,2.238442822384421
Sell,win_rate,459,2.433090024330909
Sell,win_rate,460,2.189781021897815
Sell,win_rate,461,2.749391727493915
Sell,win_rate,462,2.360097323600975
Sell,win_rate,463,2.238442822384421
Sell,win_rate,464,1.970802919708028
Sell,win_rate,465,2.2384428223844353
Sell,win_rate,466,2.3357664233576614
Sell,win_rate,467,1.7031630170316276
Sell,win_rate,468,1.8248175182481674
Sell,win_rate,469,2.7007299270072878
Sell,win_rate,470,2.1167883211678813
Sell,win_rate,471,2.7980535279805423
Sell,win_rate,472,2.6034063260340616
Sell,win_rate,473,1.8491484184914881
Sell,win_rate,474,2.798053527980535
Sell,win_rate,475,2.3357664233576685
Sell,win_rate,476,2.6034063260340616
Sell,win_rate,477,2.5060827250608213
Sell,win_rate,478,2.579075425790755
Sell,win_rate,479,2.287104622871041
Sell,win_rate,480,2.141119221411188
Sell,win_rate,481,2.2141119221411216
Sell,win_rate,482,2.627737226277368
Sell,win_rate,483,2.749391727493908
Sell,win_rate,484,2.2871046228710483
Sell,win_rate,485,2.2384428223844353
Sell,win_rate,486,2.408759124087588
Sell,win_rate,487,1.7761557177615472
Sell,win_rate,488,2.189781021897801
Sell,win_rate,489,1.9464720194647214
Sell,win_rate,490,2.3357664233576614
Sell,win_rate,491,2.9440389294403957
Sell,win_rate,492,2.4817518248175148
Sell,win_rate,493,2.287104622871041
Sell,win_rate,494,2.262773722627742
Sell,win_rate,495,2.2871046228710554
Sell,win_rate,496,2.0924574209245606
Sell,win_rate,497,2.5060827250608284
Sell,win_rate,498,2.530413625304135
Sell,win_rate,499,2.189781021897815
Sell,win_rate,500,2.3844282238442815
Sell,win_rate,501,2.408759124087588
Sell,win_rate,502,2.6034063260340545
Sell,win_rate,503,2.8953771289537684
Sell,win_rate,504,2.3114355231143477
Sell,win_rate,505,2.2627737226277347
Sell,win_rate,506,2.287104622871041
Sell,win_rate,507,1.8248175182481745
Sell,win_rate,508,2.311435523114355
Sell,win_rate,509,2.0924574209245748
Sell,win_rate,510,2.530413625304142
Sell,win_rate,511,2.481751824817529
Sell,win_rate,512,2.5547445255474344
Sell,win_rate,513,2.360097323600968
Sell,win_rate,514,2.141119221411195
Sell,win_rate,515,1.8004866180048538
Sell,win_rate,516,2.5547445255474486
Sell,win_rate,517,2.141119221411188
Sell,win_rate,518,2.5547445255474344
Sell,win_rate,519,2.6034063260340687
Sell,win_rate,520,2.0437956204379617
Sell,win_rate,521,2.0437956204379617
Sell,win_rate,522,2.3114355231143477
Sell,win_rate,523,2.8953771289537684
Sell,win_rate,524,2.0437956204379546
Sell,win_rate,525,2.068126520681254
Sell,win_rate,526,2.092457420924582
Sell,win_rate,527,2.2871046228710483
Sell,win_rate,528,2.0437956204379617
Sell,win_rate,529,2.481751824817529
Sell,win_rate,530,2.1654501216545015
Sell,win_rate,531,2.5060827250608213
Sell,win_rate,532,2.4330900243308946
Sell,win_rate,533,2.311435523114355
Sell,win_rate,534,2.2871046228710483
Sell,win_rate,535,2.5060827250608213
Sell,win_rate,536,2.700729927007302
Sell,win_rate,537,2.8953771289537684
Sell,win_rate,538,2.189781021897808
Sell,win_rate,539,2.238442822384421
Sell,win_rate,540,2.360097323600975
Sell,win_rate,541,2.0681265206812682
Sell,win_rate,542,2.7250608272506085
Sell,win_rate,543,2.4087591240876023
Sell,win_rate,544,2.652068126520682
Sell,win_rate,545,2.3357664233576685
Sell,win_rate,546,1.8248175182481816
Sell,win_rate,547,2.2141119221411145
Sell,win_rate,548,2.6034063260340687
Sell,win_rate,549,2.871046228710455
Sell,win_rate,550,2.1167883211678813
Sell,win_rate,551,2.4574209245742082
Sell,win_rate,552,1.8978102189781012
Sell,win_rate,553,1.9708029197080421
Sell,win_rate,554,2.2871046228710483
Sell,win_rate,555,2.4330900243308946
Sell,win_rate,556,2.4330900243309017
Sell,win_rate,557,2.8467153284671483
Sell,win_rate,558,2.0437956204379546
Sell,win_rate,559,2.457420924574201
Sell,win_rate,560,2.7737226277372287
Sell,win_rate,561,1.9951338199513415
Sell,win_rate,562,2.141119221411188
Sell,win_rate,563,1.8978102189781012
Sell,win_rate,564,2.6277372262773824
Sell,win_rate,565,2.238442822384428
Sell,win_rate,566,2.700729927007302
Sell,win_rate,567,2.3357664233576685
Sell,win_rate,568,2.5547445255474415
Sell,win_rate,569,1.970802919708028
Sell,win_rate,570,2.5060827250608213
Sell,win_rate,571,2.141119221411195
Sell,win_rate,572,1.9221411192214148
Sell,win_rate,573,2.408759124087588
Sell,win_rate,574,2.1167883211678813
Sell,win_rate,575,2.141119221411188
Sell,win_rate,576,2.2871046228710483
Sell,win_rate,577,1.9464720194647143
Sell,win_rate,578,1.9951338199513344
Sell,win_rate,579,2.5547445255474486
Sell,win_rate,580,2.3114355231143406
Sell,win_rate,581,2.0437956204379617
Sell,win_rate,582,2.579075425790755
Sell,win_rate,583,2.238442822384428
Sell,win_rate,584,2.968369829683695
Sell,win_rate,585,2.700729927007302
Sell,win_rate,586,2.1654501216545015
Sell,win_rate,587,2.7250608272506156
Sell,win_rate,588,2.3357664233576685
Sell,win_rate,589,2.8953771289537684
Sell,win_rate,590,2.3114355231143477
Sell,win_rate,591,1.970802919708028
Sell,win_rate,592,2.6763990267639883
Sell,win_rate,593,2.749391727493915
Sell,win_rate,594,2.7250608272506156
Sell,win_rate,595,2.871046228710462
Sell,win_rate,596,2.2627737226277276
Sell,win_rate,597,2.092457420924582
Sell,win_rate,598,1.8978102189781012
Sell,win_rate,599,2.0681265206812682
Sell,win_rate,600,2.6034063260340616
Sell,win_rate,601,2.700729927007309
Sell,win_rate,602,2.700729927007309
Sell,win_rate,603,2.7737226277372287
Sell,win_rate,604,2.068126520681254
Sell,win_rate,605,2.189781021897808
Sell,win_rate,606,2.2141119221411145
Sell,win_rate,607,2.7980535279805423
Sell,win_rate,608,2.749391727493922
Sell,win_rate,609,2.4330900243308946
Sell,win_rate,610,2.700729927007295
Sell,win_rate,611,2.311435523114362
Sell,win_rate,612,2.2627737226277276
Sell,win_rate,613,2.0681265206812682
Sell,win_rate,614,2.2141119221411145
Sell,win_rate,615,2.5547445255474486
Sell,win_rate,616,2.4574209245742153
Sell,win_rate,617,2.919708029197082
Sell,win_rate,618,2.579075425790748
Sell,win_rate,619,2.3357664233576614
Sell,win_rate,620,2.311435523114362
Sell,win_rate,621,2.4330900243308946
Sell,win_rate,622,1.9464720194647214
Sell,win_rate,623,2.5060827250608213
Sell,win_rate,624,2.749391727493922
Sell,win_rate,625,2.749391727493922
Sell,win_rate,626,2.4330900243308946
Sell,win_rate,627,2.0924574209245748
Sell,win_rate,628,3.0656934306569354
Sell,win_rate,629,2.2384428223844353
Sell,win_rate,630,3.041362530413622
Sell,win_rate,631,2.1654501216545015
Sell,win_rate,632,2.2627737226277276
Sell,win_rate,633,2.2141119221411287
Sell,win_rate,634,2.3357664233576685
Sell,win_rate,635,2.068126520681261
Sell,win_rate,636,1.7031630170316276
Sell,win_rate,637,2.530413625304135
Sell,win_rate,638,2.311435523114362
Sell,win_rate,639,2.408759124087595
Sell,win_rate,640,2.408759124087588
Sell,win_rate,641,2.627737226277368
Sell,win_rate,642,2.0437956204379617
Sell,win_rate,643,2.2141119221411216
Sell,win_rate,644,1.8491484184914881
Sell,win_rate,645,2.189781021897808
Sell,win_rate,646,2.1167883211678813
Sell,win_rate,647,2.287104622871041
Sell,win_rate,648,2.700729927007309
Sell,win_rate,649,1.7518248175182478
Sell,win_rate,650,2.189781021897815
Sell,win_rate,651,2.4817518248175148
Sell,win_rate,652,2.6763990267639954
Sell,win_rate,653,2.189781021897801
Sell,win_rate,654,3.211678832116789
Sell,win_rate,655,2.530413625304128
Sell,win_rate,656,2.7250608272506014
Sell,win_rate,657,2.579075425790755
Sell,win_rate,658,2.141119221411195
Sell,win_rate,659,2.2141119221411145
Sell,win_rate,660,1.9464720194647214
Sell,win_rate,661,2.019464720194641
Sell,win_rate,662,2.360097323600968
Sell,win_rate,663,2.530413625304142
Sell,win_rate,664,2.4574209245742153
Sell,win_rate,665,2.189781021897808
Sell,win_rate,666,2.3114355231143406
Sell,win_rate,667,3.3333333333333286
Sell,win_rate,668,2.457420924574201
Sell,win_rate,669,2.0924574209245748
Sell,win_rate,670,2.6763990267639883
Sell,win_rate,671,2.3844282238442815
Sell,win_rate,672,2.5547445255474415
Sell,win_rate,673,3.017031630170308
Sell,win_rate,674,2.919708029197082
Sell,win_rate,675,2.3844282238442815
Sell,win_rate,676,2.530413625304135
Sell,win_rate,677,2.4574209245742082
Sell,win_rate,678,2.579075425790755
Sell,win_rate,679,2.3114355231143477
Sell,win_rate,680,1.9221411192214077
Sell,win_rate,681,2.0924574209245748
Sell,win_rate,682,2.7250608272506014
Sell,win_rate,683,1.9221411192214148
Sell,win_rate,684,2.311435523114362
Sell,win_rate,685,2.5547445255474486
Sell,win_rate,686,2.530413625304135
Sell,win_rate,687,2.798053527980528
Sell,win_rate,688,2.408759124087595
Sell,win_rate,689,1.8734793187347947
Sell,win_rate,690,2.3114355231143477
Sell,win_rate,691,2.871046228710455
Sell,win_rate,692,2.9440389294403815
Sell,win_rate,693,2.2141119221411287
Sell,win_rate,694,2.019464720194655
Sell,win_rate,695,2.7250608272506156
Sell,win_rate,696,1.8248175182481674
Sell,win_rate,697,2.238442822384421
Sell,win_rate,698,2.700729927007295
Sell,win_rate,699,2.3357664233576614
Sell,win_rate,700,2.6034063260340474
Sell,win_rate,701,2.481751824817529
Sell,win_rate,702,2.4330900243309017
Sell,win_rate,703,1.970802919708028
Sell,win_rate,704,2.0437956204379617
Sell,win_rate,705,2.7737226277372216
Sell,win_rate,706,2.968369829683702
Sell,win_rate,707,2.068126520681254
Sell,win_rate,708,2.7250608272506085
Sell,win_rate,709,2.3114355231143477
Sell,win_rate,710,2.189781021897808
Sell,win_rate,711,2.919708029197082
Sell,win_rate,712,2.1167883211678813
Sell,win_rate,713,2.6277372262773824
Sell,win_rate,714,2.4574209245742082
Sell,win_rate,715,1.8004866180048609
Sell,win_rate,716,2.360097323600968
Sell,win_rate,717,2.287104622871034
Sell,win_rate,718,2.019464720194641
Sell,win_rate,719,2.5547445255474486
Sell,win_rate,720,1.8734793187347947
Sell,win_rate,721,2.5060827250608213
Sell,win_rate,722,2.700729927007302
Sell,win_rate,723,2.238442822384421
Sell,win_rate,724,2.652068126520682
Sell,win_rate,725,2.019464720194641
Sell,win_rate,726,2.0437956204379617
Sell,win_rate,727,2.798053527980535
Sell,win_rate,728,2.7250608272506156
Sell,win_rate,729,2.5547445255474486
Sell,win_rate,730,2.2141119221411145
Sell,win_rate,731,2.238442822384421
Sell,win_rate,732,2.2627737226277347
Sell,win_rate,733,2.579075425790755
Sell,win_rate,734,3.0656934306569212
Sell,win_rate,735,2.8467153284671554
Sell,win_rate,736,2.5547445255474486
Sell,win_rate,737,2.871046228710462
Sell,win_rate,738,2.2871046228710483
Sell,win_rate,739,2.6763990267639883
Sell,win_rate,740,2.2627737226277347
Sell,win_rate,741,2.3357664233576543
Sell,win_rate,742,2.6034063260340474
Sell,win_rate,743,2.0437956204379617
Sell,win_rate,744,2.2141119221411216
Sell,win_rate,745,2.4330900243309017
Sell,win_rate,746,2.4330900243308946
Sell,win_rate,747,2.0681265206812682
Sell,win_rate,748,2.5547445255474486
Sell,win_rate,749,2.7250608272506014
Sell,win_rate,750,2.919708029197082
Sell,win_rate,751,2.5060827250608284
Sell,win_rate,752,2.3844282238442815
Sell,win_rate,753,3.041362530413622
Sell,win_rate,754,2.798053527980535
Sell,win_rate,755,2.2627737226277347
Sell,win_rate,756,2.871046228710462
Sell,win_rate,757,2.311435523114355
Sell,win_rate,758,2.579075425790748
Sell,win_rate,759,2.068126520681261
Sell,win_rate,760,2.238442822384421
Sell,win_rate,761,2.0924574209245748
Sell,win_rate,762,2.6763990267639954
Sell,win_rate,763,2.749391727493908
Sell,win_rate,764,2.311435523114355
Sell,win_rate,765,2.4817518248175077
Sell,win_rate,766,2.5547445255474486
Sell,win_rate,767,1.849148418491481
Sell,win_rate,768,2.5060827250608355
Sell,win_rate,769,2.408759124087588
Sell,win_rate,770,2.141119221411188
Sell,win_rate,771,2.6763990267639812
Sell,win_rate,772,2.189781021897808
Sell,win_rate,773,2.238442822384428
Sell,win_rate,774,1.7761557177615543
Sell,win_rate,775,2.311435523114355
Sell,win_rate,776,2.5060827250608355
Sell,win_rate,777,2.019464720194641
Sell,win_rate,778,2.700729927007309
Sell,win_rate,779,2.019464720194641
Sell,win_rate,780,1.8978102189781012
Sell,win_rate,781,2.6763990267639883
Sell,win_rate,782,2.968369829683702
Sell,win_rate,783,2.1654501216544944
Sell,win_rate,784,2.4817518248175148
Sell,win_rate,785,2.2871046228710554
Sell,win_rate,786,2.238442822384428
Sell,win_rate,787,1.9464720194647143
Sell,win_rate,788,2.311435523114355
Sell,win_rate,789,2.4330900243309017
Sell,win_rate,790,2.3357664233576543
Sell,win_rate,791,2.311435523114355
Sell,win_rate,792,2.2141119221411287
Sell,win_rate,793,2.3844282238442815
Sell,win_rate,794,2.5060827250608355
Sell,win_rate,795,2.2141119221411287
Sell,win_rate,796,2.189781021897801
Sell,win_rate,797,2.0924574209245748
Sell,win_rate,798,2.8223844282238417
Sell,win_rate,799,2.4330900243308946
Sell,win_rate,800,2.3844282238442815
Sell,win_rate,801,1.7274939172749342
Sell,win_rate,802,1.9221411192214148
Sell,win_rate,803,2.6763990267639954
Sell,win_rate,804,2.6277372262773824
Sell,win_rate,805,2.262773722627742
Sell,win_rate,806,2.2384428223844353
Sell,win_rate,807,1.849148418491481
Sell,win_rate,808,2.6034063260340616
Sell,win_rate,809,2.019464720194641
Sell,win_rate,810,2.4574209245742153
Sell,win_rate,811,2.0681265206812682
Sell,win_rate,812,2.530413625304142
Sell,win_rate,813,1.630170316301708
Sell,win_rate,814,2.4817518248175148
Sell,win_rate,815,2.238442822384428
Sell,win_rate,816,2.238442822384428
Sell,win_rate,817,2.3844282238442815
Sell,win_rate,818,1.9221411192214077
Sell,win_rate,819,2.2141119221411145
Sell,win_rate,820,2.749391727493922
Sell,win_rate,821,2.2141119221411145
Sell,win_rate,822,2.311435523114355
Sell,win_rate,823,2.287104622871041
Sell,win_rate,824,2.1654501216545015
Sell,win_rate,825,2.7250608272506014
Sell,win_rate,826,2.2141119221411216
Sell,win_rate,827,2.433090024330909
Sell,win_rate,828,2.798053527980528
Sell,win_rate,829,2.2871046228710554
Sell,win_rate,830,2.238442822384428
Sell,win_rate,831,2.919708029197075
Sell,win_rate,832,2.0681265206812682
Sell,win_rate,833,2.2871046228710483
Sell,win_rate,834,2.3357664233576685
Sell,win_rate,835,2.189781021897822
Sell,win_rate,836,2.4817518248175077
Sell,win_rate,837,2.530413625304128
Sell,win_rate,838,1.970802919708028
Sell,win_rate,839,2.262773722627742
Sell,win_rate,840,2.7737226277372287
Sell,win_rate,841,2.433090024330909
Sell,win_rate,842,2.019464720194655
Sell,win_rate,843,2.238442822384421
Sell,win_rate,844,2.4817518248175077
Sell,win_rate,845,2.4087591240876023
Sell,win_rate,846,2.749391727493922
Sell,win_rate,847,2.3844282238442815
Sell,win_rate,848,2.2871046228710483
Sell,win_rate,849,2.6520681265206747
Sell,win_rate,850,1.970802919708035
Sell,win_rate,851,2.1167883211678813
Sell,win_rate,852,2.189781021897808
Sell,win_rate,853,2.0924574209245748
Sell,win_rate,854,2.311435523114355
Sell,win_rate,855,2.019464720194655
Sell,win_rate,856,2.481751824817529
Sell,win_rate,857,1.8978102189781012
Sell,win_rate,858,2.2871046228710483
Sell,win_rate,859,2.6034063260340616
Sell,win_rate,860,2.3844282238442815
Sell,win_rate,861,2.360097323600975
Sell,win_rate,862,1.9464720194647285
Sell,win_rate,863,1.800486618004868
Sell,win_rate,864,2.141119221411188
Sell,win_rate,865,2.0924574209245748
Sell,win_rate,866,2.749391727493922
Sell,win_rate,867,2.0437956204379617
Sell,win_rate,868,2.3844282238442815
Sell,win_rate,869,2.871046228710476
Sell,win_rate,870,1.7031630170316276
Sell,win_rate,871,2.579075425790755
Sell,win_rate,872,2.141119221411195
Sell,win_rate,873,2.360097323600982
Sell,win_rate,874,2.6763990267639883
Sell,win_rate,875,2.2141119221411145
Sell,win_rate,876,2.7250608272506085
Sell,win_rate,877,1.8491484184914881
Sell,win_rate,878,2.3357664233576614
Sell,win_rate,879,2.2141119221411145
Sell,win_rate,880,2.749391727493922
Sell,win_rate,881,2.6763990267639812
Sell,win_rate,882,1.9951338199513344
Sell,win_rate,883,2.141119221411188
Sell,win_rate,884,2.457420924574201
Sell,win_rate,885,1.7031630170316348
Sell,win_rate,886,2.2384428223844353
Sell,win_rate,887,1.849148418491481
Sell,win_rate,888,2.798053527980535
Sell,win_rate,889,2.2871046228710554
Sell,win_rate,890,2.822384428223849
Sell,win_rate,891,1.8978102189781012
Sell,win_rate,892,2.627737226277368
Sell,win_rate,893,2.530413625304135
Sell,win_rate,894,2.627737226277368
Sell,win_rate,895,2.5547445255474486
Sell,win_rate,896,1.8491484184914881
Sell,win_rate,897,2.6763990267639883
Sell,win_rate,898,2.2384428223844353
Sell,win_rate,899,2.141119221411188
Sell,win_rate,900,2.5060827250608284
Sell,win_rate,901,2.0924574209245748
Sell,win_rate,902,2.530413625304135
Sell,win_rate,903,2.627737226277368
Sell,win_rate,904,1.6058394160583944
Sell,win_rate,905,2.262773722627742
Sell,win_rate,906,2.822384428223849
Sell,win_rate,907,2.1654501216545157
Sell,win_rate,908,2.6763990267639883
Sell,win_rate,909,2.5060827250608284
Sell,win_rate,910,2.262773722627749
Sell,win_rate,911,2.749391727493908
Sell,win_rate,912,2.2627737226277276
Sell,win_rate,913,2.3844282238442815
Sell,win_rate,914,1.9464720194647143
Sell,win_rate,915,2.5060827250608213
Sell,win_rate,916,2.3357664233576685
Sell,win_rate,917,2.311435523114355
Sell,win_rate,918,2.262773722627742
Sell,win_rate,919,2.652068126520689
Sell,win_rate,920,2.287104622871041
Sell,win_rate,921,2.2384428223844353
Sell,win_rate,922,1.7761557177615472
Sell,win_rate,923,2.5547445255474486
Sell,win_rate,924,2.481751824817522
Sell,win_rate,925,2.8467153284671483
Sell,win_rate,926,2.0924574209245748
Sell,win_rate,927,2.3844282238442815
Sell,win_rate,928,2.0681265206812682
Sell,win_rate,929,1.9464720194647214
Sell,win_rate,930,1.9951338199513486
Sell,win_rate,931,2.579075425790748
Sell,win_rate,932,2.238442822384421
Sell,win_rate,933,2.0437956204379617
Sell,win_rate,934,2.311435523114362
Sell,win_rate,935,2.262773722627742
Sell,win_rate,936,2.2871046228710483
Sell,win_rate,937,2.3357664233576614
Sell,win_rate,938,2.4574209245742082
Sell,win_rate,939,2.6763990267640025
Sell,win_rate,940,2.5547445255474486
Sell,win_rate,941,2.1167883211678813
Sell,win_rate,942,2.360097323600975
Sell,win_rate,943,2.019464720194641
Sell,win_rate,944,2.2141119221411145
Sell,win_rate,945,2.3357664233576614
Sell,win_rate,946,2.2141119221411145
Sell,win_rate,947,2.700729927007302
Sell,win_rate,948,2.2871046228710554
Sell,win_rate,949,2.0681265206812682
Sell,win_rate,950,2.6277372262773824
Sell,win_rate,951,2.5547445255474486
Sell,win_rate,952,2.2871046228710483
Sell,win_rate,953,1.8734793187347947
Sell,win_rate,954,2.238442822384428
Sell,win_rate,955,2.6763990267639812
Sell,win_rate,956,2.700729927007295
Sell,win_rate,957,2.530413625304142
Sell,win_rate,958,2.700729927007302
Sell,win_rate,959,2.7250608272506085
Sell,win_rate,960,2.0681265206812682
Sell,win_rate,961,2.7250608272506014
Sell,win_rate,962,2.360097323600968
Sell,win_rate,963,2.4574209245742082
Sell,win_rate,964,1.800486618004875
Sell,win_rate,965,2.749391727493922
Sell,win_rate,966,2.360097323600982
Sell,win_rate,967,2.530413625304142
Sell,win_rate,968,2.6277372262773753
Sell,win_rate,969,2.3357664233576685
Sell,win_rate,970,2.311435523114355
Sell,win_rate,971,2.798053527980528
Sell,win_rate,972,2.141119221411195
Sell,win_rate,973,1.8248175182481816
Sell,win_rate,974,2.7737226277372216
Sell,win_rate,975,2.068126520681261
Sell,win_rate,976,1.9221411192214077
Sell,win_rate,977,2.0437956204379617
Sell,win_rate,978,2.1167883211678813
Sell,win_rate,979,2.6034063260340616
Sell,win_rate,980,2.4330900243308946
Sell,win_rate,981,2.3844282238442815
Sell,win_rate,982,2.5547445255474415
Sell,win_rate,983,2.530413625304142
Sell,win_rate,984,2.579075425790755
Sell,win_rate,985,2.360097323600975
Sell,win_rate,986,2.360097323600975
Sell,win_rate,987,2.5060827250608284
Sell,win_rate,988,2.262773722627742
Sell,win_rate,989,2.141119221411188
Sell,win_rate,990,2.700729927007295
Sell,win_rate,991,2.3357664233576685
Sell,win_rate,992,2.4574209245742225
Sell,win_rate,993,1.8734793187347947
Sell,win_rate,994,3.1143552311435485
Sell,win_rate,995,2.481751824817522
Sell,win_rate,996,1.9464720194647143
Sell,win_rate,997,2.579075425790755
Sell,win_rate,998,2.5547445255474486
Sell,win_rate,999,2.700729927007295
Sell,profit_factor,0,0.4208202859401151
Sell,profit_factor,1,0.39740006988553533
Sell,profit_factor,2,0.4146635541733321
Sell,profit_factor,3,0.42526642689817207
Sell,profit_factor,4,0.3985358553377951
Sell,profit_factor,5,0.428042999075402
Sell,profit_factor,6,0.4763763274527655
Sell,profit_factor,7,0.3626713087997029
Sell,profit_factor,8,0.4780804164815655
Sell,profit_factor,9,0.4036868226195094
Sell,profit_factor,10,0.416767073295949
Sell,profit_factor,11,0.40183933048093
Sell,profit_factor,12,0.4119303477195708
Sell,profit_factor,13,0.4608032545720402
Sell,profit_factor,14,0.4382092400216857
Sell,profit_factor,15,0.32533690751789823
Sell,profit_factor,16,0.3674132402919308
Sell,profit_factor,17,0.3907682147326139
Sell,profit_factor,18,0.46161774095845987
Sell,profit_factor,19,0.394422283763713
Sell,profit_factor,20,0.36086537150434284
Sell,profit_factor,21,0.41005455226998766
Sell,profit_factor,22,0.4672422333558046
Sell,profit_factor,23,0.461628687723171
Sell,profit_factor,24,0.39737180648287085
Sell,profit_factor,25,0.4518399488803255
Sell,profit_factor,26,0.4218397126870048
Sell,profit_factor,27,0.4427408957584569
Sell,profit_factor,28,0.3767825353485028
Sell,profit_factor,29,0.40040038334869976
Sell,profit_factor,30,0.3681962194319284
Sell,profit_factor,31,0.3519512978196442
Sell,profit_factor,32,0.41908654744108587
Sell,profit_factor,33,0.3975107522111645
Sell,profit_factor,34,0.42167438115815337
Sell,profit_factor,35,0.5183572360564193
Sell,profit_factor,36,0.4032838603956379
Sell,profit_factor,37,0.3788937639725849
Sell,profit_factor,38,0.4277827982589799
Sell,profit_factor,39,0.4211662636249791
Sell,profit_factor,40,0.4091084058861485
Sell,profit_factor,41,0.3978024447616413
Sell,profit_factor,42,0.3690555203305883
Sell,profit_factor,43,0.40552457971712963
Sell,profit_factor,44,0.39468515164781204
Sell,profit_factor,45,0.4017441690698442
Sell,profit_factor,46,0.4462998585400797
Sell,profit_factor,47,0.37685995139619965
Sell,profit_factor,48,0.4372683201033354
Sell,profit_factor,49,0.49089657858601576
Sell,profit_factor,50,0.413904058627407
Sell,profit_factor,51,0.3889922616496757
Sell,profit_factor,52,0.39191684748737377
Sell,profit_factor,53,0.371991291951157
Sell,profit_factor,54,0.3501103682851485
Sell,profit_factor,55,0.39476305809458223
Sell,profit_factor,56,0.4185148827476848
Sell,profit_factor,57,0.41681433917589317
Sell,profit_factor,58,0.40619240979378546
Sell,profit_factor,59,0.41745564785555667
Sell,profit_factor,60,0.4381159694487988
Sell,profit_factor,61,0.456166881735264
Sell,profit_factor,62,0.44105160923477005
Sell,profit_factor,63,0.4430025360355554
Sell,profit_factor,64,0.4092012741098463
Sell,profit_factor,65,0.3945326176274486
Sell,profit_factor,66,0.42179390492393454
Sell,profit_factor,67,0.416958827870324
Sell,profit_factor,68,0.37848758177406294
Sell,profit_factor,69,0.41869880212965693
Sell,profit_factor,70,0.47573998569294806
Sell,profit_factor,71,0.4227899618207904
Sell,profit_factor,72,0.37133309069999143
Sell,profit_factor,73,0.3981462728394898
Sell,profit_factor,74,0.4669575303032847
Sell,profit_factor,75,0.4198735170231487
Sell,profit_factor,76,0.447836577642581
Sell,profit_factor,77,0.43108316274413516
Sell,profit_factor,78,0.40608810981085064
Sell,profit_factor,79,0.33970223215968787
Sell,profit_factor,80,0.36046377910669536
Sell,profit_factor,81,0.3551379851460177
Sell,profit_factor,82,0.4548070941373723
Sell,profit_factor,83,0.4117249775612035
Sell,profit_factor,84,0.35654357565712536
Sell,profit_factor,85,0.4474448589819051
Sell,profit_factor,86,0.3774479639452184
Sell,profit_factor,87,0.4446313286756145
Sell,profit_factor,88,0.43924547535865477
Sell,profit_factor,89,0.3441008013917992
Sell,profit_factor,90,0.4336778505559118
Sell,profit_factor,91,0.4132112904828782
Sell,profit_factor,92,0.3896587793463966
Sell,profit_factor,93,0.4446969625618129
Sell,profit_factor,94,0.3734769800830291
Sell,profit_factor,95,0.3689440685513472
Sell,profit_factor,96,0.3489653459672257
Sell,profit_factor,97,0.40403477976823243
Sell,profit_factor,98,0.41304630143249454
Sell,profit_factor,99,0.4359662243439688
Sell,profit_factor,100,0.3573392165786431
Sell,profit_factor,101,0.41598821917348205
Sell,profit_factor,102,0.3913802488615308
Sell,profit_factor,103,0.4548107723938588
Sell,profit_factor,104,0.46778158336487197
Sell,profit_factor,105,0.41406414909790756
Sell,profit_factor,106,0.38264607158985076
Sell,profit_factor,107,0.33278660503738866
Sell,profit_factor,108,0.3947775390387238
Sell,profit_factor,109,0.39094270620109794
Sell,profit_factor,110,0.3962833144505855
Sell,profit_factor,111,0.42611125192971855
Sell,profit_factor,112,0.40151677581311374
Sell,profit_factor,113,0.39664868136022724
Sell,profit_factor,114,0.4151200943452529
Sell,profit_factor,115,0.45376349746983724
Sell,profit_factor,116,0.41644649252380894
Sell,profit_factor,117,0.3507971811223225
Sell,profit_factor,118,0.4226943815882551
Sell,profit_factor,119,0.3507961477462138
Sell,profit_factor,120,0.32188321646237705
Sell,profit_factor,121,0.39165347967735364
Sell,profit_factor,122,0.467377595320027
Sell,profit_factor,123,0.4388248411572824
Sell,profit_factor,124,0.49386901536535355
Sell,profit_factor,125,0.38398726589312293
Sell,profit_factor,126,0.4211774174409628
Sell,profit_factor,127,0.37441130281502844
Sell,profit_factor,128,0.3938663987744242
Sell,profit_factor,129,0.4038904902149447
Sell,profit_factor,130,0.4052687357289342
Sell,profit_factor,131,0.40324451968660613
Sell,profit_factor,132,0.3708877630445859
Sell,profit_factor,133,0.38640249172602736
Sell,profit_factor,134,0.4835906345523844
Sell,profit_factor,135,0.3648041379279623
Sell,profit_factor,136,0.4328554441492951
Sell,profit_factor,137,0.4047520368763893
Sell,profit_factor,138,0.4821527556783649
Sell,profit_factor,139,0.4829635778231456
Sell,profit_factor,140,0.43075261288720323
Sell,profit_factor,141,0.4218137984264341
Sell,profit_factor,142,0.43584552521549247
Sell,profit_factor,143,0.372086914277566
Sell,profit_factor,144,0.38828348753971165
Sell,profit_factor,145,0.37186847916569166
Sell,profit_factor,146,0.4204899068684944
Sell,profit_factor,147,0.3482133446234359
Sell,profit_factor,148,0.393629533014062
Sell,profit_factor,149,0.36484973510931074
Sell,profit_factor,150,0.42742961133894575
Sell,profit_factor,151,0.38932059748592174
Sell,profit_factor,152,0.41478912768182585
Sell,profit_factor,153,0.4151694478155332
Sell,profit_factor,154,0.4198485128677216
Sell,profit_factor,155,0.39879221740349724
Sell,profit_factor,156,0.4038257543228889
Sell,profit_factor,157,0.4243751100873805
Sell,profit_factor,158,0.3948040722541588
Sell,profit_factor,159,0.37089041064492445
Sell,profit_factor,160,0.3646016750251344
Sell,profit_factor,161,0.4021819952565675
Sell,profit_factor,162,0.42255878783990575
Sell,profit_factor,163,0.43590394912471275
Sell,profit_factor,164,0.3938631509552297
Sell,profit_factor,165,0.3557921983547847
Sell,profit_factor,166,0.33755447169159547
Sell,profit_factor,167,0.40295303469674515
Sell,profit_factor,168,0.42519599407742614
Sell,profit_factor,169,0.419027602348768
Sell,profit_factor,170,0.4205240961765404
Sell,profit_factor,171,0.39647642219816204
Sell,profit_factor,172,0.41599889174679117
Sell,profit_factor,173,0.4215378650875041
Sell,profit_factor,174,0.3886564197765612
Sell,profit_factor,175,0.4130343817817974
Sell,profit_factor,176,0.4451178865023433
Sell,profit_factor,177,0.3478918316078259
Sell,profit_factor,178,0.44181470222271013
Sell,profit_factor,179,0.4130125158876887
Sell,profit_factor,180,0.41940566086057984
Sell,profit_factor,181,0.4059119411148502
Sell,profit_factor,182,0.4228846953880576
Sell,profit_factor,183,0.35194999427015183
Sell,profit_factor,184,0.3946794646042391
Sell,profit_factor,185,0.3841458152150343
Sell,profit_factor,186,0.328608853253358
Sell,profit_factor,187,0.39917607096572016
Sell,profit_factor,188,0.37298766064707367
Sell,profit_factor,189,0.352369480249314
Sell,profit_factor,190,0.3833419208417679
Sell,profit_factor,191,0.42347557499740196
Sell,profit_factor,192,0.3853434440458381
Sell,profit_factor,193,0.38867752130259037
Sell,profit_factor,194,0.4351674696139267
Sell,profit_factor,195,0.3948839892152649
Sell,profit_factor,196,0.44870198198189337
Sell,profit_factor,197,0.37734991495599157
Sell,profit_factor,198,0.4357837229560233
Sell,profit_factor,199,0.380364244766179
Sell,profit_factor,200,0.41651142993815515
Sell,profit_factor,201,0.3869396214996428
Sell,profit_factor,202,0.35699179409269766
Sell,profit_factor,203,0.45195795808046535
Sell,profit_factor,204,0.439400027195632
Sell,profit_factor,205,0.39475935013259456
Sell,profit_factor,206,0.36921346028408664
Sell,profit_factor,207,0.40809549059876815
Sell,profit_factor,208,0.4467855899523019
Sell,profit_factor,209,0.4044422258848548
Sell,profit_factor,210,0.4552929089851738
Sell,profit_factor,211,0.35938422826101135
Sell,profit_factor,212,0.43273485149083823
Sell,profit_factor,213,0.36282443457569835
Sell,profit_factor,214,0.39584851960776213
Sell,profit_factor,215,0.3552388931830004
Sell,profit_factor,216,0.43345980155168906
Sell,profit_factor,217,0.3727177730344988
Sell,profit_factor,218,0.4135859991892854
Sell,profit_factor,219,0.38883507621452074
Sell,profit_factor,220,0.3885664896670047
Sell,profit_factor,221,0.4189001382714106
Sell,profit_factor,222,0.39377194732142096
Sell,profit_factor,223,0.4573585204186279
Sell,profit_factor,224,0.433561305385612
Sell,profit_factor,225,0.35601596743920316
Sell,profit_factor,226,0.3915141936822062
Sell,profit_factor,227,0.4188964220703699
Sell,profit_factor,228,0.42526833991499924
Sell,profit_factor,229,0.42102237651256536
Sell,profit_factor,230,0.387377782936404
Sell,profit_factor,231,0.35664750834695713
Sell,profit_factor,232,0.46771037032742724
Sell,profit_factor,233,0.3896516752619541
Sell,profit_factor,234,0.4504819443588559
Sell,profit_factor,235,0.4796238433278779
Sell,profit_factor,236,0.39722843178262224
Sell,profit_factor,237,0.3845343988507879
Sell,profit_factor,238,0.41028862773046715
Sell,profit_factor,239,0.41861501312390903
Sell,profit_factor,240,0.3341602497549685
Sell,profit_factor,241,0.38222030522609707
Sell,profit_factor,242,0.38025899445961464
Sell,profit_factor,243,0.39373972061240003
Sell,profit_factor,244,0.4289955199068669
Sell,profit_factor,245,0.4686053289039642
Sell,profit_factor,246,0.4390127896225162
Sell,profit_factor,247,0.4462482969761363
Sell,profit_factor,248,0.377142831865116
Sell,profit_factor,249,0.38682620092010733
Sell,profit_factor,250,0.47170789231395016
Sell,profit_factor,251,0.39023832460826835
Sell,profit_factor,252,0.37045101188878027
Sell,profit_factor,253,0.4097723348669131
Sell,profit_factor,254,0.42965606507909637
Sell,profit_factor,255,0.4274212570368787
Sell,profit_factor,256,0.4511269184906346
Sell,profit_factor,257,0.3861409672128806
Sell,profit_factor,258,0.3878768003722257
Sell,profit_factor,259,0.42878061453629224
Sell,profit_factor,260,0.4707805712480537
Sell,profit_factor,261,0.3940321558122406
Sell,profit_factor,262,0.3684536089736552
Sell,profit_factor,263,0.4104864882420527
Sell,profit_factor,264,0.39935307651636354
Sell,profit_factor,265,0.39486861712313726
Sell,profit_factor,266,0.4069221696717178
Sell,profit_factor,267,0.42390456982090186
Sell,profit_factor,268,0.4958556435368471
Sell,profit_factor,269,0.39416282427564164
Sell,profit_factor,270,0.4052925535822114
Sell,profit_factor,271,0.4377697648489818
Sell,profit_factor,272,0.4022036653992127
Sell,profit_factor,273,0.40125025181711216
Sell,profit_factor,274,0.3624147472285908
Sell,profit_factor,275,0.4289077716299796
Sell,profit_factor,276,0.3694449814745422
Sell,profit_factor,277,0.4053541337217794
Sell,profit_factor,278,0.3936429206664025
Sell,profit_factor,279,0.4432963975095583
Sell,profit_factor,280,0.47718203230542544
Sell,profit_factor,281,0.3706803636167626
Sell,profit_factor,282,0.37306576338757
Sell,profit_factor,283,0.38375087963014076
Sell,profit_factor,284,0.38915038389782763
Sell,profit_factor,285,0.3751319500399166
Sell,profit_factor,286,0.46072761100581205
Sell,profit_factor,287,0.41830078930851844
Sell,profit_factor,288,0.4111746142264412
Sell,profit_factor,289,0.4139711438231637
Sell,profit_factor,290,0.40550269463210853
Sell,profit_factor,291,0.4034634196819189
Sell,profit_factor,292,0.3972676588668764
Sell,profit_factor,293,0.37263999443631635
Sell,profit_factor,294,0.4049353057897136
Sell,profit_factor,295,0.4311470761363698
Sell,profit_factor,296,0.3414373722093562
Sell,profit_factor,297,0.385999862893883
Sell,profit_factor,298,0.35090914453143496
Sell,profit_factor,299,0.3836459398102954
Sell,profit_factor,300,0.455020602696353
Sell,profit_factor,301,0.41902050662285806
Sell,profit_factor,302,0.4485229879122441
Sell,profit_factor,303,0.42167985725033175
Sell,profit_factor,304,0.40546351181935547
Sell,profit_factor,305,0.33560048621201277
Sell,profit_factor,306,0.4492696040188795
Sell,profit_factor,307,0.4126143288962272
Sell,profit_factor,308,0.39657878379135614
Sell,profit_factor,309,0.42237106891490184
Sell,profit_factor,310,0.352168946361918
Sell,profit_factor,311,0.4033984970813953
Sell,profit_factor,312,0.44700082689899334
Sell,profit_factor,313,0.438801627069175
Sell,profit_factor,314,0.423718298057858
Sell,profit_factor,315,0.3837038360183911
Sell,profit_factor,316,0.40386621036799264
Sell,profit_factor,317,0.38194197559786014
Sell,profit_factor,318,0.39554337846884957
Sell,profit_factor,319,0.4282160648833715
Sell,profit_factor,320,0.421519503053565
Sell,profit_factor,321,0.39414148387498127
Sell,profit_factor,322,0.4075441546772369
Sell,profit_factor,323,0.39641593403701947
Sell,profit_factor,324,0.3950729508089208
Sell,profit_factor,325,0.4122451997531029
Sell,profit_factor,326,0.3859954377880035
Sell,profit_factor,327,0.41418404685938626
Sell,profit_factor,328,0.4101501706237487
Sell,profit_factor,329,0.39007299302078335
Sell,profit_factor,330,0.3708776274909651
Sell,profit_factor,331,0.4395210633274935
Sell,profit_factor,332,0.3632154028684882
Sell,profit_factor,333,0.44147001499353955
Sell,profit_factor,334,0.48125352228608875
Sell,profit_factor,335,0.44592674733879845
Sell,profit_factor,336,0.3836341700073298
Sell,profit_factor,337,0.41932396594228827
Sell,profit_factor,338,0.3893406582007093
Sell,profit_factor,339,0.3618605512062065
Sell,profit_factor,340,0.401943832431527
Sell,profit_factor,341,0.40765914420700833
Sell,profit_factor,342,0.41376671741515825
Sell,profit_factor,343,0.3902658574097839
Sell,profit_factor,344,0.3619342775096439
Sell,profit_factor,345,0.4195873031693669
Sell,profit_factor,346,0.423961064214625
Sell,profit_factor,347,0.429470046126891
Sell,profit_factor,348,0.40675000973196473
Sell,profit_factor,349,0.45752100921697014
Sell,profit_factor,350,0.4006528584700737
Sell,profit_factor,351,0.4220902104302935
Sell,profit_factor,352,0.4289519423768433
Sell,profit_factor,353,0.4905444961431278
Sell,profit_factor,354,0.33998268729689496
Sell,profit_factor,355,0.3984107469585365
Sell,profit_factor,356,0.39333472677877657
Sell,profit_factor,357,0.42130486435681425
Sell,profit_factor,358,0.3793548548025414
Sell,profit_factor,359,0.39492688549047417
Sell,profit_factor,360,0.42711945410806074
Sell,profit_factor,361,0.382465542947104
Sell,profit_factor,362,0.4131464038090402
Sell,profit_factor,363,0.3734065957362356
Sell,profit_factor,364,0.3709329762691662
Sell,profit_factor,365,0.4358294093953856
Sell,profit_factor,366,0.38722119362642493
Sell,profit_factor,367,0.41044337545049414
Sell,profit_factor,368,0.35605344695706487
Sell,profit_factor,369,0.37174233047181326
Sell,profit_factor,370,0.4465511172466936
Sell,profit_factor,371,0.4030072763537298
Sell,profit_factor,372,0.4189015707908301
Sell,profit_factor,373,0.3833465717784028
Sell,profit_factor,374,0.40390388753754936
Sell,profit_factor,375,0.5044523212871659
Sell,profit_factor,376,0.34871545151714267
Sell,profit_factor,377,0.40277347286980625
Sell,profit_factor,378,0.41793714180125807
Sell,profit_factor,379,0.44175013533063057
Sell,profit_factor,380,0.39497404590109886
Sell,profit_factor,381,0.4319267497444108
Sell,profit_factor,382,0.39638951094726016
Sell,profit_factor,383,0.4073943908090101
Sell,profit_factor,384,0.4168644842087459
Sell,profit_factor,385,0.43102746781696455
Sell,profit_factor,386,0.4374023164060694
Sell,profit_factor,387,0.41435980888423307
Sell,profit_factor,388,0.4079409989942455
Sell,profit_factor,389,0.3715073855305757
Sell,profit_factor,390,0.4268132517152874
Sell,profit_factor,391,0.412126414966532
Sell,profit_factor,392,0.4211299209409449
Sell,profit_factor,393,0.43647857940648827
Sell,profit_factor,394,0.34535926562879293
Sell,profit_factor,395,0.38722200722110056
Sell,profit_factor,396,0.41337594566639124
Sell,profit_factor,397,0.4270951675748291
Sell,profit_factor,398,0.38341841182435576
Sell,profit_factor,399,0.44081001265036424
Sell,profit_factor,400,0.3624845500012981
Sell,profit_factor,401,0.3750933330121917
Sell,profit_factor,402,0.403020531302106
Sell,profit_factor,403,0.3641622192763241
Sell,profit_factor,404,0.4611361454569911
Sell,profit_factor,405,0.4060252148568515
Sell,profit_factor,406,0.4260298363208812
Sell,profit_factor,407,0.37855284621248053
Sell,profit_factor,408,0.3808636413722897
Sell,profit_factor,409,0.37276779412247674
Sell,profit_factor,410,0.379914774257049
Sell,profit_factor,411,0.4048557614770423
Sell,profit_factor,412,0.37398552780578687
Sell,profit_factor,413,0.38870337814625744
Sell,profit_factor,414,0.40664463460056055
Sell,profit_factor,415,0.42166566487223056
Sell,profit_factor,416,0.4392369690939071
Sell,profit_factor,417,0.41799508042752853
Sell,profit_factor,418,0.38864957472810646
Sell,profit_factor,419,0.4084868828604047
Sell,profit_factor,420,0.40561161663210754
Sell,profit_factor,421,0.4474460765236423
Sell,profit_factor,422,0.38688747489711073
Sell,profit_factor,423,0.4248695928484496
Sell,profit_factor,424,0.3437609211655617
Sell,profit_factor,425,0.4140369298633795
Sell,profit_factor,426,0.4279112793023172
Sell,profit_factor,427,0.4789336756542508
Sell,profit_factor,428,0.3662166967713647
Sell,profit_factor,429,0.34214490217172466
Sell,profit_factor,430,0.38038312796188034
Sell,profit_factor,431,0.3982885172599362
Sell,profit_factor,432,0.4065112610051438
Sell,profit_factor,433,0.4090730254245196
Sell,profit_factor,434,0.41595175104966886
Sell,profit_factor,435,0.35599410489349737
Sell,profit_factor,436,0.4173276464338733
Sell,profit_factor,437,0.3884515860340838
Sell,profit_factor,438,0.36596788560513804
Sell,profit_factor,439,0.3830400547928914
Sell,profit_factor,440,0.4496538622575392
Sell,profit_factor,441,0.3911844792962542
Sell,profit_factor,442,0.43861068373937107
Sell,profit_factor,443,0.4043033848279718
Sell,profit_factor,444,0.5637037822734134
Sell,profit_factor,445,0.41364890679317234
Sell,profit_factor,446,0.4303047253245271
Sell,profit_factor,447,0.386806998959083
Sell,profit_factor,448,0.410716615382579
Sell,profit_factor,449,0.4216099329410352
Sell,profit_factor,450,0.3918095500693375
Sell,profit_factor,451,0.3800600364492275
Sell,profit_factor,452,0.38488395997506064
Sell,profit_factor,453,0.35936174348812555
Sell,profit_factor,454,0.38723652508999695
Sell,profit_factor,455,0.4149071492588239
Sell,profit_factor,456,0.3422269558077409
Sell,profit_factor,457,0.42324110806038284
Sell,profit_factor,458,0.388008084286104
Sell,profit_factor,459,0.33926148788478505
Sell,profit_factor,460,0.42404683894285533
Sell,profit_factor,461,0.41154358766493226
Sell,profit_factor,462,0.41878507200472637
Sell,profit_factor,463,0.40945567530014104
Sell,profit_factor,464,0.36735434997616867
Sell,profit_factor,465,0.41841451795874196
Sell,profit_factor,466,0.4404510586335597
Sell,profit_factor,467,0.35732117299578503
Sell,profit_factor,468,0.38689780841301014
Sell,profit_factor,469,0.41438637949494606
Sell,profit_factor,470,0.42158434122655164
Sell,profit_factor,471,0.4613358045304019
Sell,profit_factor,472,0.3728247422084623
Sell,profit_factor,473,0.37124812889340264
Sell,profit_factor,474,0.4140009263580775
Sell,profit_factor,475,0.4328672266706537
Sell,profit_factor,476,0.40023150312612366
Sell,profit_factor,477,0.3557649571688004
Sell,profit_factor,478,0.44325699024971765
Sell,profit_factor,479,0.35048569126742235
Sell,profit_factor,480,0.3897518077815376
Sell,profit_factor,481,0.4506456538921868
Sell,profit_factor,482,0.47720471874174786
Sell,profit_factor,483,0.40991450865418244
Sell,profit_factor,484,0.4472445960726894
Sell,profit_factor,485,0.404035813711888
Sell,profit_factor,486,0.3959487062643281
Sell,profit_factor,487,0.3993037206776213
Sell,profit_factor,488,0.37720523497334035
Sell,profit_factor,489,0.3201858385792935
Sell,profit_factor,490,0.37429176414606014
Sell,profit_factor,491,0.48250226763329973
Sell,profit_factor,492,0.4909058336227705
Sell,profit_factor,493,0.38892602801500775
Sell,profit_factor,494,0.4489462949715013
Sell,profit_factor,495,0.4464102526306859
Sell,profit_factor,496,0.42497162396253074
Sell,profit_factor,497,0.42133814990390306
Sell,profit_factor,498,0.38083145570625776
Sell,profit_factor,499,0.3974281562102271
Sell,profit_factor,500,0.4540102287236336
Sell,profit_factor,501,0.3888561908161283
Sell,profit_factor,502,0.39602780139639426
Sell,profit_factor,503,0.3744401651648652
Sell,profit_factor,504,0.43645618001847897
Sell,profit_factor,505,0.41124686256840537
Sell,profit_factor,506,0.3368109190777462
Sell,profit_factor,507,0.3582362341652239
Sell,profit_factor,508,0.35018067886916526
Sell,profit_factor,509,0.4428683330669072
Sell,profit_factor,510,0.4330763341080326
Sell,profit_factor,511,0.43019857238576
Sell,profit_factor,512,0.3836944570015448
Sell,profit_factor,513,0.45314502000319923
Sell,profit_factor,514,0.4119926112336243
Sell,profit_factor,515,0.4572169646953794
Sell,profit_factor,516,0.43676941966490146
Sell,profit_factor,517,0.3214279427672735
Sell,profit_factor,518,0.43149965662339396
Sell,profit_factor,519,0.40719895406496853
Sell,profit_factor,520,0.4141415332474341
Sell,profit_factor,521,0.40817260681366996
Sell,profit_factor,522,0.41803854956267505
Sell,profit_factor,523,0.4774631980122783
Sell,profit_factor,524,0.4077560596746075
Sell,profit_factor,525,0.3416054987819206
Sell,profit_factor,526,0.36806531493326755
Sell,profit_factor,527,0.4403640144259988
Sell,profit_factor,528,0.4138058416513859
Sell,profit_factor,529,0.44229260809180504
Sell,profit_factor,530,0.43429623097855874
Sell,profit_factor,531,0.43978339080911333
Sell,profit_factor,532,0.4450680079040814
Sell,profit_factor,533,0.4357060948406488
Sell,profit_factor,534,0.4326813469101105
Sell,profit_factor,535,0.4410044304865455
Sell,profit_factor,536,0.39877289263286597
Sell,profit_factor,537,0.47301467730311453
Sell,profit_factor,538,0.38695055767136166
Sell,profit_factor,539,0.4023443455326081
Sell,profit_factor,540,0.4127951629816473
Sell,profit_factor,541,0.39073723459931564
Sell,profit_factor,542,0.4566554277523469
Sell,profit_factor,543,0.40625548901033737
Sell,profit_factor,544,0.41866826928899936
Sell,profit_factor,545,0.3574622438970487
Sell,profit_factor,546,0.34583642248068847
Sell,profit_factor,547,0.40665720482961953
Sell,profit_factor,548,0.4260209454711177
Sell,profit_factor,549,0.4080881747547691
Sell,profit_factor,550,0.36963702358201367
Sell,profit_factor,551,0.3762820350237721
Sell,profit_factor,552,0.4052530384101263
Sell,profit_factor,553,0.3481209377352785
Sell,profit_factor,554,0.3652827883345715
Sell,profit_factor,555,0.4270814835805914
Sell,profit_factor,556,0.39670769441460063
Sell,profit_factor,557,0.4517630871929166
Sell,profit_factor,558,0.3710111103918896
Sell,profit_factor,559,0.39832160405291317
Sell,profit_factor,560,0.36537017618250545
Sell,profit_factor,561,0.3853713674215409
Sell,profit_factor,562,0.39023873415931387
Sell,profit_factor,563,0.35147532803999626
Sell,profit_factor,564,0.4018648298775145
Sell,profit_factor,565,0.4252809274714502
Sell,profit_factor,566,0.4394342090592698
Sell,profit_factor,567,0.37617962774587665
Sell,profit_factor,568,0.39441026229146914
Sell,profit_factor,569,0.3775591558249056
Sell,profit_factor,570,0.4586416173368666
Sell,profit_factor,571,0.3832865382753714
Sell,profit_factor,572,0.3886836355481651
Sell,profit_factor,573,0.3938390951912383
Sell,profit_factor,574,0.3573840743856791
Sell,profit_factor,575,0.35995794668072634
Sell,profit_factor,576,0.3817659817468657
Sell,profit_factor,577,0.3623471714479196
Sell,profit_factor,578,0.4463603230387183
Sell,profit_factor,579,0.4427508655580512
Sell,profit_factor,580,0.40285715479713735
Sell,profit_factor,581,0.47594675526003893
Sell,profit_factor,582,0.41011642740432164
Sell,profit_factor,583,0.4036897257412999
Sell,profit_factor,584,0.3780834725262956
Sell,profit_factor,585,0.41676941485528207
Sell,profit_factor,586,0.3865039324551627
Sell,profit_factor,587,0.42800469725044277
Sell,profit_factor,588,0.4617846154933005
Sell,profit_factor,589,0.4156860779046023
Sell,profit_factor,590,0.4156517764064027
Sell,profit_factor,591,0.3885757125408822
Sell,profit_factor,592,0.44906802085515274
Sell,profit_factor,593,0.38575738051534003
Sell,profit_factor,594,0.35729469019090754
Sell,profit_factor,595,0.3808109662567487
Sell,profit_factor,596,0.42264641014698423
Sell,profit_factor,597,0.358146507375825
Sell,profit_factor,598,0.45468876960303417
Sell,profit_factor,599,0.4583897856584964
Sell,profit_factor,600,0.4310979020878558
Sell,profit_factor,601,0.3908539096369026
Sell,profit_factor,602,0.41464295889268543
Sell,profit_factor,603,0.4047213046822171
Sell,profit_factor,604,0.41952289449144065
Sell,profit_factor,605,0.403945620481855
Sell,profit_factor,606,0.389805795302649
Sell,profit_factor,607,0.38952689987015354
Sell,profit_factor,608,0.44445768570002553
Sell,profit_factor,609,0.39874474639607316
Sell,profit_factor,610,0.41251774547242714
Sell,profit_factor,611,0.4259687188775869
Sell,profit_factor,612,0.3941926661626787
Sell,profit_factor,613,0.43480224652363386
Sell,profit_factor,614,0.47306178600167526
Sell,profit_factor,615,0.39294481424768835
Sell,profit_factor,616,0.4522735795167532
Sell,profit_factor,617,0.4374359074629912
Sell,profit_factor,618,0.38207785294527863
Sell,profit_factor,619,0.46958611849540643
Sell,profit_factor,620,0.42495306729976257
Sell,profit_factor,621,0.4097440054310102
Sell,profit_factor,622,0.3773679539777861
Sell,profit_factor,623,0.37595849265170767
Sell,profit_factor,624,0.40973840125025296
Sell,profit_factor,625,0.4017510200464476
Sell,profit_factor,626,0.3947575188927681
Sell,profit_factor,627,0.3697278041047376
Sell,profit_factor,628,0.45291164585746024
Sell,profit_factor,629,0.4078918854135902
Sell,profit_factor,630,0.39629127522390917
Sell,profit_factor,631,0.40223392673606506
Sell,profit_factor,632,0.37086667253651395
Sell,profit_factor,633,0.42694065963256955
Sell,profit_factor,634,0.36266342623155756
Sell,profit_factor,635,0.36677964187681455
Sell,profit_factor,636,0.4008204021489976
Sell,profit_factor,637,0.4036945284268625
Sell,profit_factor,638,0.3903559180264864
Sell,profit_factor,639,0.3519795590238335
Sell,profit_factor,640,0.39126678849705554
Sell,profit_factor,641,0.4113464192416387
Sell,profit_factor,642,0.43874139685321323
Sell,profit_factor,643,0.4150646339720798
Sell,profit_factor,644,0.3506342343143096
Sell,profit_factor,645,0.4120312313366896
Sell,profit_factor,646,0.415877306411657
Sell,profit_factor,647,0.44099567200790624
Sell,profit_factor,648,0.4015447884720844
Sell,profit_factor,649,0.4042102069251996
Sell,profit_factor,650,0.38500858773934077
Sell,profit_factor,651,0.41472219607965455
Sell,profit_factor,652,0.4933312732994075
Sell,profit_factor,653,0.393660216249323
Sell,profit_factor,654,0.38826805612683035
Sell,profit_factor,655,0.4207037539245424
Sell,profit_factor,656,0.3901643600119651
Sell,profit_factor,657,0.3824347360673359
Sell,profit_factor,658,0.444029657693354
Sell,profit_factor,659,0.368141483964187
Sell,profit_factor,660,0.346609096452402
Sell,profit_factor,661,0.4165825039608322
Sell,profit_factor,662,0.370638988194977
Sell,profit_factor,663,0.4427224193019268
Sell,profit_factor,664,0.4173485538252799
Sell,profit_factor,665,0.4177533744506938
Sell,profit_factor,666,0.4196018312374452
Sell,profit_factor,667,0.42976094944345933
Sell,profit_factor,668,0.35868544624659693
Sell,profit_factor,669,0.43248684307946883
Sell,profit_factor,670,0.4359937366249378
Sell,profit_factor,671,0.41188203219247566
Sell,profit_factor,672,0.44893831478779944
Sell,profit_factor,673,0.44077927084137825
Sell,profit_factor,674,0.4542401067045114
Sell,profit_factor,675,0.39505771571276904
Sell,profit_factor,676,0.4702857822657798
Sell,profit_factor,677,0.40294189119842727
Sell,profit_factor,678,0.443125959101637
Sell,profit_factor,679,0.38388833211879936
Sell,profit_factor,680,0.34598669067839083
Sell,profit_factor,681,0.3762295017370887
Sell,profit_factor,682,0.40435741345482157
Sell,profit_factor,683,0.36873971365835656
Sell,profit_factor,684,0.4237477877436495
Sell,profit_factor,685,0.423903724202352
Sell,profit_factor,686,0.38243877221412514
Sell,profit_factor,687,0.4533218528398075
Sell,profit_factor,688,0.409185304769081
Sell,profit_factor,689,0.38569421759405076
Sell,profit_factor,690,0.45097947963922635
Sell,profit_factor,691,0.45008278223939646
Sell,profit_factor,692,0.43222032774356434
Sell,profit_factor,693,0.40885129991182056
Sell,profit_factor,694,0.38730884228707874
Sell,profit_factor,695,0.3847956822534453
Sell,profit_factor,696,0.3843429135487706
Sell,profit_factor,697,0.35778214096860905
Sell,profit_factor,698,0.41135012497562595
Sell,profit_factor,699,0.4267513268796268
Sell,profit_factor,700,0.4542799171015699
Sell,profit_factor,701,0.4249200528679036
Sell,profit_factor,702,0.44407143885501776
Sell,profit_factor,703,0.3518302279156571
Sell,profit_factor,704,0.38641439176341574
Sell,profit_factor,705,0.38990756308815255
Sell,profit_factor,706,0.42531758089517924
Sell,profit_factor,707,0.42223394206699183
Sell,profit_factor,708,0.3878754391797634
Sell,profit_factor,709,0.39762718351560844
Sell,profit_factor,710,0.3736420605220032
Sell,profit_factor,711,0.43071350971525746
Sell,profit_factor,712,0.4309081261070058
Sell,profit_factor,713,0.36711518880191063
Sell,profit_factor,714,0.4542185898869415
Sell,profit_factor,715,0.38509822440782004
Sell,profit_factor,716,0.355899507911424
Sell,profit_factor,717,0.4533665431030687
Sell,profit_factor,718,0.41449473413593685
Sell,profit_factor,719,0.38072996435975615
Sell,profit_factor,720,0.44159592680885895
Sell,profit_factor,721,0.4082272076541398
Sell,profit_factor,722,0.44075301301757586
Sell,profit_factor,723,0.4089270310673263
Sell,profit_factor,724,0.41708510819985856
Sell,profit_factor,725,0.43959542821543796
Sell,profit_factor,726,0.43290328844908865
Sell,profit_factor,727,0.36929559685892555
Sell,profit_factor,728,0.40965837212690603
Sell,profit_factor,729,0.42555875670856613
Sell,profit_factor,730,0.3543734855599747
Sell,profit_factor,731,0.40354962578456366
Sell,profit_factor,732,0.3792560076958904
Sell,profit_factor,733,0.4078656473785851
Sell,profit_factor,734,0.45179346110598173
Sell,profit_factor,735,0.45259676925452297
Sell,profit_factor,736,0.4517690404072088
Sell,profit_factor,737,0.49073423519234316
Sell,profit_factor,738,0.39506084487302573
Sell,profit_factor,739,0.45806839579314795
Sell,profit_factor,740,0.379088709633848
Sell,profit_factor,741,0.4146836134365701
Sell,profit_factor,742,0.418701917374495
Sell,profit_factor,743,0.4530788072933807
Sell,profit_factor,744,0.4089038613147866
Sell,profit_factor,745,0.36541818436837126
Sell,profit_factor,746,0.4006635328904933
Sell,profit_factor,747,0.4396592048563397
Sell,profit_factor,748,0.38514021470858584
Sell,profit_factor,749,0.3887365335848729
Sell,profit_factor,750,0.45601919956068127
Sell,profit_factor,751,0.4025285871497988
Sell,profit_factor,752,0.44377700435587686
Sell,profit_factor,753,0.4702533482575695
Sell,profit_factor,754,0.3973354797460851
Sell,profit_factor,755,0.3761511298701432
Sell,profit_factor,756,0.45184198893171557
Sell,profit_factor,757,0.42699154287451746
Sell,profit_factor,758,0.35254809050889824
Sell,profit_factor,759,0.36456596828299226
Sell,profit_factor,760,0.40103585619308824
Sell,profit_factor,761,0.3237921234666179
Sell,profit_factor,762,0.4202044408674084
Sell,profit_factor,763,0.42091735420391974
Sell,profit_factor,764,0.3852305200712349
Sell,profit_factor,765,0.4941103557717943
Sell,profit_factor,766,0.4751250644884699
Sell,profit_factor,767,0.38066176441990196
Sell,profit_factor,768,0.4332050615959755
Sell,profit_factor,769,0.40186221078118267
Sell,profit_factor,770,0.3495662185403887
Sell,profit_factor,771,0.474353851480771
Sell,profit_factor,772,0.39401884993373004
Sell,profit_factor,773,0.4082749145765625
Sell,profit_factor,774,0.43511159767454055
Sell,profit_factor,775,0.4048404112068136
Sell,profit_factor,776,0.4076200791167044
Sell,profit_factor,777,0.35992507845481647
Sell,profit_factor,778,0.4428837708270392
Sell,profit_factor,779,0.4311074008256175
Sell,profit_factor,780,0.36173131076082266
Sell,profit_factor,781,0.39733138923216504
Sell,profit_factor,782,0.45929536277400507
Sell,profit_factor,783,0.3935977108370441
Sell,profit_factor,784,0.4951841249351463
Sell,profit_factor,785,0.3971125457300726
Sell,profit_factor,786,0.3900393294955591
Sell,profit_factor,787,0.38871569447494236
Sell,profit_factor,788,0.39746650402562
Sell,profit_factor,789,0.35450264396837916
Sell,profit_factor,790,0.470902419597381
Sell,profit_factor,791,0.3918095970569868
Sell,profit_factor,792,0.4389554911306752
Sell,profit_factor,793,0.39505427658081205
Sell,profit_factor,794,0.4106219096069639
Sell,profit_factor,795,0.4404311808863737
Sell,profit_factor,796,0.3267537806568175
Sell,profit_factor,797,0.37114378570889794
Sell,profit_factor,798,0.39336865587579695
Sell,profit_factor,799,0.4345176677652334
Sell,profit_factor,800,0.36419280592814207
Sell,profit_factor,801,0.3570777158643885
Sell,profit_factor,802,0.3597183604065459
Sell,profit_factor,803,0.4472429498798247
Sell,profit_factor,804,0.3978427880521167
Sell,profit_factor,805,0.4036338429722708
Sell,profit_factor,806,0.35485156646924754
Sell,profit_factor,807,0.39408104612899564
Sell,profit_factor,808,0.38368303061393627
Sell,profit_factor,809,0.4035535797592247
Sell,profit_factor,810,0.44680537599565007
Sell,profit_factor,811,0.3755779777376347
Sell,profit_factor,812,0.34004747865991014
Sell,profit_factor,813,0.44377547468168377
Sell,profit_factor,814,0.41381374526054104
Sell,profit_factor,815,0.39804428458072305
Sell,profit_factor,816,0.4394224252225096
Sell,profit_factor,817,0.4113373670710714
Sell,profit_factor,818,0.3956259027174185
Sell,profit_factor,819,0.4126604834961771
Sell,profit_factor,820,0.3848670320374219
Sell,profit_factor,821,0.41085699642173834
Sell,profit_factor,822,0.40224709302095674
Sell,profit_factor,823,0.4793936889322672
Sell,profit_factor,824,0.3727347103627312
Sell,profit_factor,825,0.379878509397785
Sell,profit_factor,826,0.35800073668509125
Sell,profit_factor,827,0.44160774043936746
Sell,profit_factor,828,0.3742788480053685
Sell,profit_factor,829,0.38372534470011344
Sell,profit_factor,830,0.38050699879637895
Sell,profit_factor,831,0.4909544280872056
Sell,profit_factor,832,0.378394011202563
Sell,profit_factor,833,0.41130277135468507
Sell,profit_factor,834,0.4290836320388043
Sell,profit_factor,835,0.39193819969188537
Sell,profit_factor,836,0.44126527747816446
Sell,profit_factor,837,0.4135999904113308
Sell,profit_factor,838,0.41529864525862115
Sell,profit_factor,839,0.3953887369948994
Sell,profit_factor,840,0.443794980285527
Sell,profit_factor,841,0.4506172019477521
Sell,profit_factor,842,0.37612118093263724
Sell,profit_factor,843,0.40365585696890083
Sell,profit_factor,844,0.3830135207323355
Sell,profit_factor,845,0.38846477222795706
Sell,profit_factor,846,0.41509880330674465
Sell,profit_factor,847,0.39174485394210423
Sell,profit_factor,848,0.4489975279485958
Sell,profit_factor,849,0.41281013529511723
Sell,profit_factor,850,0.3812684693220181
Sell,profit_factor,851,0.3718518827824622
Sell,profit_factor,852,0.40989855319889923
Sell,profit_factor,853,0.3569704315609137
Sell,profit_factor,854,0.451745179511609
Sell,profit_factor,855,0.37657817485813005
Sell,profit_factor,856,0.4231550468050025
Sell,profit_factor,857,0.3963736397789561
Sell,profit_factor,858,0.3565594012394957
Sell,profit_factor,859,0.3715631100752783
Sell,profit_factor,860,0.3694814123571355
Sell,profit_factor,861,0.42058689513596814
Sell,profit_factor,862,0.4285635582912146
Sell,profit_factor,863,0.34578109648644206
Sell,profit_factor,864,0.4059539400610843
Sell,profit_factor,865,0.3644888944649165
Sell,profit_factor,866,0.40950686980040585
Sell,profit_factor,867,0.36987023986853984
Sell,profit_factor,868,0.41791732037317253
Sell,profit_factor,869,0.47404114011876075
Sell,profit_factor,870,0.3594176266035958
Sell,profit_factor,871,0.4253536203834809
Sell,profit_factor,872,0.39448635832607737
Sell,profit_factor,873,0.3683157832664752
Sell,profit_factor,874,0.4412269171332701
Sell,profit_factor,875,0.4540818254436023
Sell,profit_factor,876,0.4121388406145754
Sell,profit_factor,877,0.42146943613681076
Sell,profit_factor,878,0.3605353318774851
Sell,profit_factor,879,0.42168807180953527
Sell,profit_factor,880,0.44950653127100804
Sell,profit_factor,881,0.39569306795137704
Sell,profit_factor,882,0.40053300129185754
Sell,profit_factor,883,0.3309537688547026
Sell,profit_factor,884,0.398467233648363
Sell,profit_factor,885,0.3516992332929485
Sell,profit_factor,886,0.40805471620051836
Sell,profit_factor,887,0.3800299600986836
Sell,profit_factor,888,0.40835700732454594
Sell,profit_factor,889,0.387829029368417
Sell,profit_factor,890,0.44101613374320126
Sell,profit_factor,891,0.36192842638833644
Sell,profit_factor,892,0.4631991575429102
Sell,profit_factor,893,0.4062917734668172
Sell,profit_factor,894,0.4632052735914547
Sell,profit_factor,895,0.35244561745384884
Sell,profit_factor,896,0.33967921793441835
Sell,profit_factor,897,0.39808065022723804
Sell,profit_factor,898,0.3485775282404382
Sell,profit_factor,899,0.4090705016317506
Sell,profit_factor,900,0.4489400005624913
Sell,profit_factor,901,0.42246912747605014
Sell,profit_factor,902,0.38682791376314185
Sell,profit_factor,903,0.4198130446295294
Sell,profit_factor,904,0.35492176211067505
Sell,profit_factor,905,0.4064415676635629
Sell,profit_factor,906,0.41922875959480166
Sell,profit_factor,907,0.4392672539013991
Sell,profit_factor,908,0.3943864932364347
Sell,profit_factor,909,0.3902351849956678
Sell,profit_factor,910,0.40530817298120114
Sell,profit_factor,911,0.41726541553330776
Sell,profit_factor,912,0.4103105641170144
Sell,profit_factor,913,0.41267753256857587
Sell,profit_factor,914,0.3941812420796871
Sell,profit_factor,915,0.4546952351194662
Sell,profit_factor,916,0.4104530218207123
Sell,profit_factor,917,0.3604594980491811
Sell,profit_factor,918,0.3564688130754652
Sell,profit_factor,919,0.4193744186353059
Sell,profit_factor,920,0.3713051612147198
Sell,profit_factor,921,0.3803399043535962
Sell,profit_factor,922,0.39524591870082926
Sell,profit_factor,923,0.4549841845097622
Sell,profit_factor,924,0.35238105814865817
Sell,profit_factor,925,0.3931486288412005
Sell,profit_factor,926,0.3287701438447481
Sell,profit_factor,927,0.3903143548892425
Sell,profit_factor,928,0.41206313650937076
Sell,profit_factor,929,0.3871363303019608
Sell,profit_factor,930,0.38178642666228635
Sell,profit_factor,931,0.39485559578404184
Sell,profit_factor,932,0.4403008772995891
Sell,profit_factor,933,0.3825598004710806
Sell,profit_factor,934,0.41470515029238797
Sell,profit_factor,935,0.4073744451245873
Sell,profit_factor,936,0.43346501925111447
Sell,profit_factor,937,0.3978769027659932
Sell,profit_factor,938,0.4141995283164168
Sell,profit_factor,939,0.3978759868170978
Sell,profit_factor,940,0.3954804661110529
Sell,profit_factor,941,0.4220753430071955
Sell,profit_factor,942,0.47039522282647983
Sell,profit_factor,943,0.3451977643381694
Sell,profit_factor,944,0.47085511154699766
Sell,profit_factor,945,0.45186983313264983
Sell,profit_factor,946,0.34453649183647306
Sell,profit_factor,947,0.40427164961241635
Sell,profit_factor,948,0.41824281100776295
Sell,profit_factor,949,0.3851833649171721
Sell,profit_factor,950,0.45771632210930413
Sell,profit_factor,951,0.40879035030752764
Sell,profit_factor,952,0.4001704549879066
Sell,profit_factor,953,0.4275583741257014
Sell,profit_factor,954,0.3400535192561054
Sell,profit_factor,955,0.4308548454594563
Sell,profit_factor,956,0.48708775456423625
Sell,profit_factor,957,0.38838890619751654
Sell,profit_factor,958,0.4212945994927919
Sell,profit_factor,959,0.38508288147861425
Sell,profit_factor,960,0.4266493697481599
Sell,profit_factor,961,0.4098701730639216
Sell,profit_factor,962,0.3497096692278516
Sell,profit_factor,963,0.3632713513970227
Sell,profit_factor,964,0.3389441869828098
Sell,profit_factor,965,0.4108439471146186
Sell,profit_factor,966,0.3891155971494218
Sell,profit_factor,967,0.4711953608861523
Sell,profit_factor,968,0.4821863907408921
Sell,profit_factor,969,0.4013485260714553
Sell,profit_factor,970,0.32259227042529437
Sell,profit_factor,971,0.438443309285359
Sell,profit_factor,972,0.3532357624522757
Sell,profit_factor,973,0.33994880904410607
Sell,profit_factor,974,0.3747603854543733
Sell,profit_factor,975,0.38886668893214393
Sell,profit_factor,976,0.3768137455435543
Sell,profit_factor,977,0.45488885516299105
Sell,profit_factor,978,0.4405595395535271
Sell,profit_factor,979,0.37958744661723687
Sell,profit_factor,980,0.36094417225347586
Sell,profit_factor,981,0.3726900613427242
Sell,profit_factor,982,0.39120829690741443
Sell,profit_factor,983,0.43165374825877345
Sell,profit_factor,984,0.4510347638890093
Sell,profit_factor,985,0.4117686826158975
Sell,profit_factor,986,0.43342611200378167
Sell,profit_factor,987,0.4041266839725064
Sell,profit_factor,988,0.35314875162215786
Sell,profit_factor,989,0.4240149543385465
Sell,profit_factor,990,0.3876358074788171
Sell,profit_factor,991,0.41477691891668744
Sell,profit_factor,992,0.48414512878743476
Sell,profit_factor,993,0.37758727051627083
Sell,profit_factor,994,0.4256113130807413
Sell,profit_factor,995,0.4699572612276426
Sell,profit_factor,996,0.38361624873997124
Sell,profit_factor,997,0.4177064468808833
Sell,profit_factor,998,0.3317705442863139
Sell,profit_factor,999,0.3831506963816831
Sell,sharpe_ratio,0,0.5041696703022307
Sell,sharpe_ratio,1,0.5267348133361147
Sell,sharpe_ratio,2,0.5996714898003428
Sell,sharpe_ratio,3,0.5887070939757044
Sell,sharpe_ratio,4,0.4967531868642814
Sell,sharpe_ratio,5,0.4805866544481465
Sell,sharpe_ratio,6,0.5215822776235304
Sell,sharpe_ratio,7,0.6602022283827549
Sell,sharpe_ratio,8,0.5906342750377145
Sell,sharpe_ratio,9,0.4338959419284425
Sell,sharpe_ratio,10,0.52016548467105
Sell,sharpe_ratio,11,0.5446634463650675
Sell,sharpe_ratio,12,0.5278035223564879
Sell,sharpe_ratio,13,0.6535986191013521
Sell,sharpe_ratio,14,0.5908237961643121
Sell,sharpe_ratio,15,0.4302004509479209
Sell,sharpe_ratio,16,0.4587652660894541
Sell,sharpe_ratio,17,0.5362693412190414
Sell,sharpe_ratio,18,0.5727629038203226
Sell,sharpe_ratio,19,0.6168440909558828
Sell,sharpe_ratio,20,0.4679927837614657
Sell,sharpe_ratio,21,0.5092739623648037
Sell,sharpe_ratio,22,0.4402351030008158
Sell,sharpe_ratio,23,0.4653656070549941
Sell,sharpe_ratio,24,0.5587522208202698
Sell,sharpe_ratio,25,0.5071742963344996
Sell,sharpe_ratio,26,0.49361589793057536
Sell,sharpe_ratio,27,0.5267905520260392
Sell,sharpe_ratio,28,0.5494651413887963
Sell,sharpe_ratio,29,0.5549243432379702
Sell,sharpe_ratio,30,0.5112105693851752
Sell,sharpe_ratio,31,0.5503910067184772
Sell,sharpe_ratio,32,0.5214938546718284
Sell,sharpe_ratio,33,0.5303834537497374
Sell,sharpe_ratio,34,0.571700396525622
Sell,sharpe_ratio,35,0.6319874682216926
Sell,sharpe_ratio,36,0.6502775144599995
Sell,sharpe_ratio,37,0.40587412840045145
Sell,sharpe_ratio,38,0.5500766643955606
Sell,sharpe_ratio,39,0.5779757711531484
Sell,sharpe_ratio,40,0.45505117101410875
Sell,sharpe_ratio,41,0.5119908740039478
Sell,sharpe_ratio,42,0.4798627457824405
Sell,sharpe_ratio,43,0.4395200766239715
Sell,sharpe_ratio,44,0.4910809157158704
Sell,sharpe_ratio,45,0.6326510859288006
Sell,sharpe_ratio,46,0.585967952463148
Sell,sharpe_ratio,47,0.5171926657359367
Sell,sharpe_ratio,48,0.5097404361919091
Sell,sharpe_ratio,49,0.48445918018205747
Sell,sharpe_ratio,50,0.6011283354859538
Sell,sharpe_ratio,51,0.5393654393190772
Sell,sharpe_ratio,52,0.5678689672412838
Sell,sharpe_ratio,53,0.4923031847293893
Sell,sharpe_ratio,54,0.5495669047637715
Sell,sharpe_ratio,55,0.41970882224037487
Sell,sharpe_ratio,56,0.4770336442598859
Sell,sharpe_ratio,57,0.4582750162751803
Sell,sharpe_ratio,58,0.46418399411121936
Sell,sharpe_ratio,59,0.48835305753679936
Sell,sharpe_ratio,60,0.4772504916840705
Sell,sharpe_ratio,61,0.49138203066474695
Sell,sharpe_ratio,62,0.45076396456299506
Sell,sharpe_ratio,63,0.537575139276445
Sell,sharpe_ratio,64,0.5192967995134046
Sell,sharpe_ratio,65,0.5155688515132022
Sell,sharpe_ratio,66,0.4940276199345317
Sell,sharpe_ratio,67,0.530220401529995
Sell,sharpe_ratio,68,0.5257088709816844
Sell,sharpe_ratio,69,0.5180881513973148
Sell,sharpe_ratio,70,0.5538752949559247
Sell,sharpe_ratio,71,0.6078483991837689
Sell,sharpe_ratio,72,0.45701013086149134
Sell,sharpe_ratio,73,0.5129544704370037
Sell,sharpe_ratio,74,0.5413453704139215
Sell,sharpe_ratio,75,0.4356133739010457
Sell,sharpe_ratio,76,0.5949885173676646
Sell,sharpe_ratio,77,0.5081322326008002
Sell,sharpe_ratio,78,0.5031341082466758
Sell,sharpe_ratio,79,0.5205820881804191
Sell,sharpe_ratio,80,0.5561991743196697
Sell,sharpe_ratio,81,0.541000735914321
Sell,sharpe_ratio,82,0.48217008888017254
Sell,sharpe_ratio,83,0.47769504295024
Sell,sharpe_ratio,84,0.4843647420539958
Sell,sharpe_ratio,85,0.4915076405601351
Sell,sharpe_ratio,86,0.6318345527136993
Sell,sharpe_ratio,87,0.502461333522704
Sell,sharpe_ratio,88,0.623936516565712
Sell,sharpe_ratio,89,0.5110151516442638
Sell,sharpe_ratio,90,0.4623269711875615
Sell,sharpe_ratio,91,0.552970261177784
Sell,sharpe_ratio,92,0.5492943825462806
Sell,sharpe_ratio,93,0.5471052804115999
Sell,sharpe_ratio,94,0.6316173447981162
Sell,sharpe_ratio,95,0.4538870912564108
Sell,sharpe_ratio,96,0.6175604603898366
Sell,sharpe_ratio,97,0.4838543384345497
Sell,sharpe_ratio,98,0.5556830033640923
Sell,sharpe_ratio,99,0.5053740885443032
Sell,sharpe_ratio,100,0.5623692334613293
Sell,sharpe_ratio,101,0.4694241176373959
Sell,sharpe_ratio,102,0.47538614607521357
Sell,sharpe_ratio,103,0.6210798984564772
Sell,sharpe_ratio,104,0.6134383195917561
Sell,sharpe_ratio,105,0.48229859392385954
Sell,sharpe_ratio,106,0.531734784407746
Sell,sharpe_ratio,107,0.4088222662617591
Sell,sharpe_ratio,108,0.4868160632754859
Sell,sharpe_ratio,109,0.522834745529773
Sell,sharpe_ratio,110,0.5939713689986212
Sell,sharpe_ratio,111,0.5242375676127837
Sell,sharpe_ratio,112,0.6132204688907725
Sell,sharpe_ratio,113,0.6211801678295337
Sell,sharpe_ratio,114,0.5015431904468777
Sell,sharpe_ratio,115,0.5259243386185504
Sell,sharpe_ratio,116,0.5829079121873475
Sell,sharpe_ratio,117,0.508362959614252
Sell,sharpe_ratio,118,0.5123545042176918
Sell,sharpe_ratio,119,0.3586707863489438
Sell,sharpe_ratio,120,0.4518982447583504
Sell,sharpe_ratio,121,0.595459972531506
Sell,sharpe_ratio,122,0.5677696715506899
Sell,sharpe_ratio,123,0.48062164068665325
Sell,sharpe_ratio,124,0.5572654358479299
Sell,sharpe_ratio,125,0.5117139634396013
Sell,sharpe_ratio,126,0.4846860923693974
Sell,sharpe_ratio,127,0.5207892675334458
Sell,sharpe_ratio,128,0.49097753646094544
Sell,sharpe_ratio,129,0.5280904725978313
Sell,sharpe_ratio,130,0.5689729767976326
Sell,sharpe_ratio,131,0.4597816554758505
Sell,sharpe_ratio,132,0.475423531449207
Sell,sharpe_ratio,133,0.5481421163312872
Sell,sharpe_ratio,134,0.562356117230129
Sell,sharpe_ratio,135,0.4697457100428295
Sell,sharpe_ratio,136,0.4890041718668141
Sell,sharpe_ratio,137,0.5790542181281322
Sell,sharpe_ratio,138,0.6168401381143109
Sell,sharpe_ratio,139,0.5052443849394792
Sell,sharpe_ratio,140,0.549653668312414
Sell,sharpe_ratio,141,0.495373851535585
Sell,sharpe_ratio,142,0.5016155425396627
Sell,sharpe_ratio,143,0.5776607812257328
Sell,sharpe_ratio,144,0.5523643334064707
Sell,sharpe_ratio,145,0.4383011724656187
Sell,sharpe_ratio,146,0.4838580163719879
Sell,sharpe_ratio,147,0.5228513976664644
Sell,sharpe_ratio,148,0.5725239992945141
Sell,sharpe_ratio,149,0.567362990342617
Sell,sharpe_ratio,150,0.48928362214920096
Sell,sharpe_ratio,151,0.5561215761335916
Sell,sharpe_ratio,152,0.44932735472629304
Sell,sharpe_ratio,153,0.4938202661797986
Sell,sharpe_ratio,154,0.515981603511932
Sell,sharpe_ratio,155,0.5045427673582461
Sell,sharpe_ratio,156,0.489394456245539
Sell,sharpe_ratio,157,0.5423759193226427
Sell,sharpe_ratio,158,0.5152957527041693
Sell,sharpe_ratio,159,0.5149638764441371
Sell,sharpe_ratio,160,0.5015905498108304
Sell,sharpe_ratio,161,0.4633014448768078
Sell,sharpe_ratio,162,0.5165388619864495
Sell,sharpe_ratio,163,0.5859206608462504
Sell,sharpe_ratio,164,0.4966006306817934
Sell,sharpe_ratio,165,0.428472931098439
Sell,sharpe_ratio,166,0.5334580563005304
Sell,sharpe_ratio,167,0.4880230168479809
Sell,sharpe_ratio,168,0.46189051852218865
Sell,sharpe_ratio,169,0.4908878138112578
Sell,sharpe_ratio,170,0.4812869476352062
Sell,sharpe_ratio,171,0.48479245367394785
Sell,sharpe_ratio,172,0.5212483542110791
Sell,sharpe_ratio,173,0.5302083252404337
Sell,sharpe_ratio,174,0.516180254894198
Sell,sharpe_ratio,175,0.5667514140842087
Sell,sharpe_ratio,176,0.5394154991735225
Sell,sharpe_ratio,177,0.38224132590695703
Sell,sharpe_ratio,178,0.5147341679547033
Sell,sharpe_ratio,179,0.43477395133093033
Sell,sharpe_ratio,180,0.5454811782754261
Sell,sharpe_ratio,181,0.5754887794093548
Sell,sharpe_ratio,182,0.5068450974980299
Sell,sharpe_ratio,183,0.6005838471229601
Sell,sharpe_ratio,184,0.5203020617215262
Sell,sharpe_ratio,185,0.4596808968410553
Sell,sharpe_ratio,186,0.5710491226115133
Sell,sharpe_ratio,187,0.6246878928270108
Sell,sharpe_ratio,188,0.5208437768258856
Sell,sharpe_ratio,189,0.4395461724648788
Sell,sharpe_ratio,190,0.46793186496803685
Sell,sharpe_ratio,191,0.5260279595528337
Sell,sharpe_ratio,192,0.5514055370799298
Sell,sharpe_ratio,193,0.5275506936835597
Sell,sharpe_ratio,194,0.5265222005491754
Sell,sharpe_ratio,195,0.539132524222067
Sell,sharpe_ratio,196,0.4736362640051244
Sell,sharpe_ratio,197,0.5228718983131726
Sell,sharpe_ratio,198,0.5454822389064322
Sell,sharpe_ratio,199,0.43611368168228815
Sell,sharpe_ratio,200,0.4723243863186859
Sell,sharpe_ratio,201,0.5820427145403939
Sell,sharpe_ratio,202,0.4436603802379602
Sell,sharpe_ratio,203,0.5526484891752599
Sell,sharpe_ratio,204,0.5510986959959361
Sell,sharpe_ratio,205,0.5449414571082629
Sell,sharpe_ratio,206,0.4898605948910135
Sell,sharpe_ratio,207,0.5208717919317167
Sell,sharpe_ratio,208,0.4437827733666677
Sell,sharpe_ratio,209,0.5059429485719789
Sell,sharpe_ratio,210,0.5262879415103594
Sell,sharpe_ratio,211,0.3867098991648721
Sell,sharpe_ratio,212,0.5074293653907862
Sell,sharpe_ratio,213,0.4194507770346423
Sell,sharpe_ratio,214,0.528829282720725
Sell,sharpe_ratio,215,0.5735561895170882
Sell,sharpe_ratio,216,0.5448976789584785
Sell,sharpe_ratio,217,0.5790588564672294
Sell,sharpe_ratio,218,0.5593128288713318
Sell,sharpe_ratio,219,0.578708910747487
Sell,sharpe_ratio,220,0.5110719522467102
Sell,sharpe_ratio,221,0.511014415693956
Sell,sharpe_ratio,222,0.4911529559108594
Sell,sharpe_ratio,223,0.5288375550683475
Sell,sharpe_ratio,224,0.5007502478932193
Sell,sharpe_ratio,225,0.4433547983198345
Sell,sharpe_ratio,226,0.46160701334969145
Sell,sharpe_ratio,227,0.5222764916998446
Sell,sharpe_ratio,228,0.6115871283546013
Sell,sharpe_ratio,229,0.6315469506990423
Sell,sharpe_ratio,230,0.4913421474572308
Sell,sharpe_ratio,231,0.5078073471185887
Sell,sharpe_ratio,232,0.47901718782978
Sell,sharpe_ratio,233,0.550226609376363
Sell,sharpe_ratio,234,0.5629297066312144
Sell,sharpe_ratio,235,0.5221556717932017
Sell,sharpe_ratio,236,0.46953032902539427
Sell,sharpe_ratio,237,0.4747239464737323
Sell,sharpe_ratio,238,0.48739748256363313
Sell,sharpe_ratio,239,0.51538275016904
Sell,sharpe_ratio,240,0.5222847144166489
Sell,sharpe_ratio,241,0.5010607073175897
Sell,sharpe_ratio,242,0.5756430696859809
Sell,sharpe_ratio,243,0.5810440497234137
Sell,sharpe_ratio,244,0.5002884503323388
Sell,sharpe_ratio,245,0.6321336411196969
Sell,sharpe_ratio,246,0.6597529756379643
Sell,sharpe_ratio,247,0.5419904818562045
Sell,sharpe_ratio,248,0.7176346710125219
Sell,sharpe_ratio,249,0.517071950140787
Sell,sharpe_ratio,250,0.5054533774791832
Sell,sharpe_ratio,251,0.5672803951538494
Sell,sharpe_ratio,252,0.48162307505880086
Sell,sharpe_ratio,253,0.5951353681464604
Sell,sharpe_ratio,254,0.5018584940545856
Sell,sharpe_ratio,255,0.5447147655216842
Sell,sharpe_ratio,256,0.5327235855770236
Sell,sharpe_ratio,257,0.45162836024246866
Sell,sharpe_ratio,258,0.44379589514723383
Sell,sharpe_ratio,259,0.5781589648715739
Sell,sharpe_ratio,260,0.502656764871058
Sell,sharpe_ratio,261,0.4956063229862946
Sell,sharpe_ratio,262,0.566405859317225
Sell,sharpe_ratio,263,0.47339293505753366
Sell,sharpe_ratio,264,0.5303406031242419
Sell,sharpe_ratio,265,0.5450120798938753
Sell,sharpe_ratio,266,0.5171910114565565
Sell,sharpe_ratio,267,0.5246483179320816
Sell,sharpe_ratio,268,0.5614213648566797
Sell,sharpe_ratio,269,0.4743746148188648
Sell,sharpe_ratio,270,0.5215833648147412
Sell,sharpe_ratio,271,0.526667782374191
Sell,sharpe_ratio,272,0.5333880988780173
Sell,sharpe_ratio,273,0.5441326534868578
Sell,sharpe_ratio,274,0.4508180556549326
Sell,sharpe_ratio,275,0.5606506330620018
Sell,sharpe_ratio,276,0.534362547786476
Sell,sharpe_ratio,277,0.5182706109781261
Sell,sharpe_ratio,278,0.478166418711218
Sell,sharpe_ratio,279,0.4987975258609896
Sell,sharpe_ratio,280,0.4327133280478752
Sell,sharpe_ratio,281,0.5153237068673842
Sell,sharpe_ratio,282,0.40894531511634913
Sell,sharpe_ratio,283,0.5831143533943166
Sell,sharpe_ratio,284,0.4818655443347648
Sell,sharpe_ratio,285,0.5039148106533142
Sell,sharpe_ratio,286,0.4753904704227745
Sell,sharpe_ratio,287,0.4935376518158927
Sell,sharpe_ratio,288,0.5649026454976882
Sell,sharpe_ratio,289,0.4883762521677264
Sell,sharpe_ratio,290,0.5648652205338904
Sell,sharpe_ratio,291,0.5349436708434361
Sell,sharpe_ratio,292,0.6048392479248443
Sell,sharpe_ratio,293,0.583622368059697
Sell,sharpe_ratio,294,0.5239549342566598
Sell,sharpe_ratio,295,0.522189735508114
Sell,sharpe_ratio,296,0.5418638652039243
Sell,sharpe_ratio,297,0.5374772886102002
Sell,sharpe_ratio,298,0.44468044706984866
Sell,sharpe_ratio,299,0.49341708828260433
Sell,sharpe_ratio,300,0.4694585972239089
Sell,sharpe_ratio,301,0.5375855364508992
Sell,sharpe_ratio,302,0.5066685863517213
Sell,sharpe_ratio,303,0.4428917232347027
Sell,sharpe_ratio,304,0.5692948867294025
Sell,sharpe_ratio,305,0.47612711396518215
Sell,sharpe_ratio,306,0.5816057537746646
Sell,sharpe_ratio,307,0.5601971849814573
Sell,sharpe_ratio,308,0.4964687506069221
Sell,sharpe_ratio,309,0.44739861515667156
Sell,sharpe_ratio,310,0.5185033960421426
Sell,sharpe_ratio,311,0.48630282334575403
Sell,sharpe_ratio,312,0.4960080722379523
Sell,sharpe_ratio,313,0.6081263984665579
Sell,sharpe_ratio,314,0.5720284766873664
Sell,sharpe_ratio,315,0.6015301647981595
Sell,sharpe_ratio,316,0.5580841751394754
Sell,sharpe_ratio,317,0.5192482250036083
Sell,sharpe_ratio,318,0.6418908879995753
Sell,sharpe_ratio,319,0.5331466189524878
Sell,sharpe_ratio,320,0.4596261365040153
Sell,sharpe_ratio,321,0.508944503151525
Sell,sharpe_ratio,322,0.5306338247396192
Sell,sharpe_ratio,323,0.4877652163670563
Sell,sharpe_ratio,324,0.49646094226191506
Sell,sharpe_ratio,325,0.5603879573956818
Sell,sharpe_ratio,326,0.3813644497137467
Sell,sharpe_ratio,327,0.5413068879397454
Sell,sharpe_ratio,328,0.6230804989572278
Sell,sharpe_ratio,329,0.5392168970514177
Sell,sharpe_ratio,330,0.5791383834254042
Sell,sharpe_ratio,331,0.6692298659315687
Sell,sharpe_ratio,332,0.4803282631720136
Sell,sharpe_ratio,333,0.5049904846569357
Sell,sharpe_ratio,334,0.5095559317692167
Sell,sharpe_ratio,335,0.49200686660591675
Sell,sharpe_ratio,336,0.4639683880589178
Sell,sharpe_ratio,337,0.49812869620473643
Sell,sharpe_ratio,338,0.5597229913842696
Sell,sharpe_ratio,339,0.49048515688486116
Sell,sharpe_ratio,340,0.48873017824862375
Sell,sharpe_ratio,341,0.49802012336550705
Sell,sharpe_ratio,342,0.4930370194812399
Sell,sharpe_ratio,343,0.5422746476687643
Sell,sharpe_ratio,344,0.48423184021464927
Sell,sharpe_ratio,345,0.5138503461682422
Sell,sharpe_ratio,346,0.4581454254681172
Sell,sharpe_ratio,347,0.558676682703815
Sell,sharpe_ratio,348,0.4946190414205489
Sell,sharpe_ratio,349,0.5151343367665269
Sell,sharpe_ratio,350,0.5716784002313227
Sell,sharpe_ratio,351,0.5337184785850586
Sell,sharpe_ratio,352,0.5174764009765966
Sell,sharpe_ratio,353,0.6212883214598213
Sell,sharpe_ratio,354,0.46812123937911077
Sell,sharpe_ratio,355,0.5011226745441575
Sell,sharpe_ratio,356,0.5405127519649109
Sell,sharpe_ratio,357,0.4970303066209629
Sell,sharpe_ratio,358,0.45059310962998644
Sell,sharpe_ratio,359,0.5785528533849407
Sell,sharpe_ratio,360,0.5702044772627275
Sell,sharpe_ratio,361,0.5325368127831016
Sell,sharpe_ratio,362,0.5205920311470771
Sell,sharpe_ratio,363,0.5157500632169443
Sell,sharpe_ratio,364,0.559802216434361
Sell,sharpe_ratio,365,0.5929000151500761
Sell,sharpe_ratio,366,0.4585840553691294
Sell,sharpe_ratio,367,0.5540997517537716
Sell,sharpe_ratio,368,0.485056501606119
Sell,sharpe_ratio,369,0.5644596596985876
Sell,sharpe_ratio,370,0.5476908782545338
Sell,sharpe_ratio,371,0.43700208888653513
Sell,sharpe_ratio,372,0.5966275108312686
Sell,sharpe_ratio,373,0.4938868178088849
Sell,sharpe_ratio,374,0.48420291661159265
Sell,sharpe_ratio,375,0.48695027017606396
Sell,sharpe_ratio,376,0.5601472390315805
Sell,sharpe_ratio,377,0.5339224293834883
Sell,sharpe_ratio,378,0.5620362187024006
Sell,sharpe_ratio,379,0.47985695191852384
Sell,sharpe_ratio,380,0.392263795478347
Sell,sharpe_ratio,381,0.5966980176810108
Sell,sharpe_ratio,382,0.5454199591899407
Sell,sharpe_ratio,383,0.5656360408781351
Sell,sharpe_ratio,384,0.4977504964360442
Sell,sharpe_ratio,385,0.5089681411456657
Sell,sharpe_ratio,386,0.6272642094884975
Sell,sharpe_ratio,387,0.47812649223445636
Sell,sharpe_ratio,388,0.4578894194969916
Sell,sharpe_ratio,389,0.4834433376836955
Sell,sharpe_ratio,390,0.48461732749482866
Sell,sharpe_ratio,391,0.4370191711203093
Sell,sharpe_ratio,392,0.5796492609389738
Sell,sharpe_ratio,393,0.4720092914656897
Sell,sharpe_ratio,394,0.5071371257930108
Sell,sharpe_ratio,395,0.4944448756616291
Sell,sharpe_ratio,396,0.528058676046832
Sell,sharpe_ratio,397,0.5946923170480001
Sell,sharpe_ratio,398,0.6142919001554268
Sell,sharpe_ratio,399,0.5761252297596542
Sell,sharpe_ratio,400,0.5442714353387967
Sell,sharpe_ratio,401,0.49029258450715485
Sell,sharpe_ratio,402,0.49390071683627257
Sell,sharpe_ratio,403,0.45867920738734824
Sell,sharpe_ratio,404,0.5242191353697163
Sell,sharpe_ratio,405,0.5607907046568434
Sell,sharpe_ratio,406,0.5791810244410835
Sell,sharpe_ratio,407,0.45618227842592907
Sell,sharpe_ratio,408,0.5260946822224617
Sell,sharpe_ratio,409,0.4550607443629131
Sell,sharpe_ratio,410,0.590935910369867
Sell,sharpe_ratio,411,0.5930762259453557
Sell,sharpe_ratio,412,0.5452826919986595
Sell,sharpe_ratio,413,0.49588969843622177
Sell,sharpe_ratio,414,0.5293417901105144
Sell,sharpe_ratio,415,0.6646838038312892
Sell,sharpe_ratio,416,0.5057094850562129
Sell,sharpe_ratio,417,0.5862588786044323
Sell,sharpe_ratio,418,0.5680833228888789
Sell,sharpe_ratio,419,0.5092176458540258
Sell,sharpe_ratio,420,0.4306124765418451
Sell,sharpe_ratio,421,0.5325549498392803
Sell,sharpe_ratio,422,0.4732756384876802
Sell,sharpe_ratio,423,0.45869429764354663
Sell,sharpe_ratio,424,0.540556227811317
Sell,sharpe_ratio,425,0.5253558828985856
Sell,sharpe_ratio,426,0.5947307161462669
Sell,sharpe_ratio,427,0.5352494733749404
Sell,sharpe_ratio,428,0.5479278047767107
Sell,sharpe_ratio,429,0.5283630429067494
Sell,sharpe_ratio,430,0.44054211918930175
Sell,sharpe_ratio,431,0.5132556451346839
Sell,sharpe_ratio,432,0.5166251944496305
Sell,sharpe_ratio,433,0.49121823144224086
Sell,sharpe_ratio,434,0.47325959763444825
Sell,sharpe_ratio,435,0.5311293446975167
Sell,sharpe_ratio,436,0.5987097055024218
Sell,sharpe_ratio,437,0.5065080311025882
Sell,sharpe_ratio,438,0.47814572707766434
Sell,sharpe_ratio,439,0.5389761632777352
Sell,sharpe_ratio,440,0.5506931191637823
Sell,sharpe_ratio,441,0.5621673469450323
Sell,sharpe_ratio,442,0.5399677886513987
Sell,sharpe_ratio,443,0.5479878485380518
Sell,sharpe_ratio,444,0.48826565711406866
Sell,sharpe_ratio,445,0.5297078431476283
Sell,sharpe_ratio,446,0.5139511501104717
Sell,sharpe_ratio,447,0.5470685295267019
Sell,sharpe_ratio,448,0.6003146645585491
Sell,sharpe_ratio,449,0.5064268788877992
Sell,sharpe_ratio,450,0.520481366177564
Sell,sharpe_ratio,451,0.46273703665949073
Sell,sharpe_ratio,452,0.4938477853785552
Sell,sharpe_ratio,453,0.4891444970271772
Sell,sharpe_ratio,454,0.4916296962974931
Sell,sharpe_ratio,455,0.48381115041029066
Sell,sharpe_ratio,456,0.6498897856801351
Sell,sharpe_ratio,457,0.5661085324266693
Sell,sharpe_ratio,458,0.45168774932748823
Sell,sharpe_ratio,459,0.52654812012881
Sell,sharpe_ratio,460,0.49515034130467184
Sell,sharpe_ratio,461,0.5644683081057238
Sell,sharpe_ratio,462,0.5199845921199597
Sell,sharpe_ratio,463,0.5342107365401487
Sell,sharpe_ratio,464,0.404736645122858
Sell,sharpe_ratio,465,0.54352301366005
Sell,sharpe_ratio,466,0.45964144326501355
Sell,sharpe_ratio,467,0.5390201725541615
Sell,sharpe_ratio,468,0.5291176803332021
Sell,sharpe_ratio,469,0.5683354716421323
Sell,sharpe_ratio,470,0.5435400284641263
Sell,sharpe_ratio,471,0.488514098854417
Sell,sharpe_ratio,472,0.49243211571998735
Sell,sharpe_ratio,473,0.47710957194951265
Sell,sharpe_ratio,474,0.5617489515596175
Sell,sharpe_ratio,475,0.6633076944160781
Sell,sharpe_ratio,476,0.5940106941836985
Sell,sharpe_ratio,477,0.525805738962946
Sell,sharpe_ratio,478,0.4850784738804821
Sell,sharpe_ratio,479,0.6227115652250177
Sell,sharpe_ratio,480,0.43268482299342237
Sell,sharpe_ratio,481,0.4937047079796524
Sell,sharpe_ratio,482,0.6102993455561148
Sell,sharpe_ratio,483,0.6335672401149091
Sell,sharpe_ratio,484,0.5364736030565198
Sell,sharpe_ratio,485,0.5896256824054653
Sell,sharpe_ratio,486,0.5220528796760515
Sell,sharpe_ratio,487,0.5043442562245048
Sell,sharpe_ratio,488,0.47226570810785695
Sell,sharpe_ratio,489,0.40715242452799094
Sell,sharpe_ratio,490,0.43754013334805286
Sell,sharpe_ratio,491,0.6071642398179233
Sell,sharpe_ratio,492,0.48535819674115555
Sell,sharpe_ratio,493,0.5630050163151528
Sell,sharpe_ratio,494,0.5246498393462145
Sell,sharpe_ratio,495,0.5544819924405986
Sell,sharpe_ratio,496,0.4833804466078253
Sell,sharpe_ratio,497,0.5479799013928162
Sell,sharpe_ratio,498,0.5178908033059724
Sell,sharpe_ratio,499,0.4096773541279024
Sell,sharpe_ratio,500,0.5254317288097847
Sell,sharpe_ratio,501,0.5127999797362284
Sell,sharpe_ratio,502,0.5253731060027187
Sell,sharpe_ratio,503,0.5409759059747414
Sell,sharpe_ratio,504,0.4980586159471918
Sell,sharpe_ratio,505,0.4097491884493496
Sell,sharpe_ratio,506,0.5069092824179604
Sell,sharpe_ratio,507,0.5073115380048985
Sell,sharpe_ratio,508,0.46162521306013016
Sell,sharpe_ratio,509,0.520242694291511
Sell,sharpe_ratio,510,0.5185035063358425
Sell,sharpe_ratio,511,0.5194349515995604
Sell,sharpe_ratio,512,0.5530178407093169
Sell,sharpe_ratio,513,0.5344413832910009
Sell,sharpe_ratio,514,0.5997148963667231
Sell,sharpe_ratio,515,0.49452890505183733
Sell,sharpe_ratio,516,0.49156096990131326
Sell,sharpe_ratio,517,0.4807421211477214
Sell,sharpe_ratio,518,0.542256909362699
Sell,sharpe_ratio,519,0.4440250065271858
Sell,sharpe_ratio,520,0.5734480892350868
Sell,sharpe_ratio,521,0.49401132123038005
Sell,sharpe_ratio,522,0.5658598156637189
Sell,sharpe_ratio,523,0.5603393225514832
Sell,sharpe_ratio,524,0.5121058517911043
Sell,sharpe_ratio,525,0.5005203870626307
Sell,sharpe_ratio,526,0.5506326260680199
Sell,sharpe_ratio,527,0.45494792819719
Sell,sharpe_ratio,528,0.5668290848658883
Sell,sharpe_ratio,529,0.537084440537261
Sell,sharpe_ratio,530,0.44681352754174863
Sell,sharpe_ratio,531,0.5886792481161769
Sell,sharpe_ratio,532,0.43803486451365004
Sell,sharpe_ratio,533,0.5759857121979639
Sell,sharpe_ratio,534,0.5631856899265903
Sell,sharpe_ratio,535,0.606896425304261
Sell,sharpe_ratio,536,0.5478786938006093
Sell,sharpe_ratio,537,0.5570532663798655
Sell,sharpe_ratio,538,0.513442968594763
Sell,sharpe_ratio,539,0.48089013901080735
Sell,sharpe_ratio,540,0.5913303465974988
Sell,sharpe_ratio,541,0.4740449199228616
Sell,sharpe_ratio,542,0.5201396302597807
Sell,sharpe_ratio,543,0.5722428531587176
Sell,sharpe_ratio,544,0.45511285838164905
Sell,sharpe_ratio,545,0.4470219927206469
Sell,sharpe_ratio,546,0.5084002023945113
Sell,sharpe_ratio,547,0.5285441296901485
Sell,sharpe_ratio,548,0.5520348999695512
Sell,sharpe_ratio,549,0.5942195892024142
Sell,sharpe_ratio,550,0.4228143151303563
Sell,sharpe_ratio,551,0.5524488386980915
Sell,sharpe_ratio,552,0.5651517584643089
Sell,sharpe_ratio,553,0.47752964966388456
Sell,sharpe_ratio,554,0.4220327638183803
Sell,sharpe_ratio,555,0.4971999276931487
Sell,sharpe_ratio,556,0.5638607776137499
Sell,sharpe_ratio,557,0.6425183428215488
Sell,sharpe_ratio,558,0.49688371556891164
Sell,sharpe_ratio,559,0.5811840168978484
Sell,sharpe_ratio,560,0.6191081214007252
Sell,sharpe_ratio,561,0.4896765329425459
Sell,sharpe_ratio,562,0.5602420600854288
Sell,sharpe_ratio,563,0.535243935106156
Sell,sharpe_ratio,564,0.5307728968983745
Sell,sharpe_ratio,565,0.4985145688295072
Sell,sharpe_ratio,566,0.5791624886170119
Sell,sharpe_ratio,567,0.5584826452360074
Sell,sharpe_ratio,568,0.6163813437717733
Sell,sharpe_ratio,569,0.5601924584147286
Sell,sharpe_ratio,570,0.5010430820709719
Sell,sharpe_ratio,571,0.4862316291821105
Sell,sharpe_ratio,572,0.5093407608433647
Sell,sharpe_ratio,573,0.4588137547967537
Sell,sharpe_ratio,574,0.46085168660592934
Sell,sharpe_ratio,575,0.5795309435243707
Sell,sharpe_ratio,576,0.49155510838230576
Sell,sharpe_ratio,577,0.4262410668397272
Sell,sharpe_ratio,578,0.49845866767457236
Sell,sharpe_ratio,579,0.5228913098581955
Sell,sharpe_ratio,580,0.4900651597282568
Sell,sharpe_ratio,581,0.5379010807743985
Sell,sharpe_ratio,582,0.4770248812579192
Sell,sharpe_ratio,583,0.5239573578477579
Sell,sharpe_ratio,584,0.4194331798759259
Sell,sharpe_ratio,585,0.5147424347332321
Sell,sharpe_ratio,586,0.7152041507380607
Sell,sharpe_ratio,587,0.5860282295763262
Sell,sharpe_ratio,588,0.48641334712873485
Sell,sharpe_ratio,589,0.6109504938113965
Sell,sharpe_ratio,590,0.453746606596249
Sell,sharpe_ratio,591,0.5097249679507083
Sell,sharpe_ratio,592,0.6377743401938067
Sell,sharpe_ratio,593,0.4611490740167419
Sell,sharpe_ratio,594,0.5522740742803323
Sell,sharpe_ratio,595,0.5934150960635538
Sell,sharpe_ratio,596,0.610844787273086
Sell,sharpe_ratio,597,0.5123539668211277
Sell,sharpe_ratio,598,0.49594170948798455
Sell,sharpe_ratio,599,0.49866133587857053
Sell,sharpe_ratio,600,0.5972274514108014
Sell,sharpe_ratio,601,0.5199603754187496
Sell,sharpe_ratio,602,0.5983531017426396
Sell,sharpe_ratio,603,0.5166788225336951
Sell,sharpe_ratio,604,0.49565166284657325
Sell,sharpe_ratio,605,0.526412789292865
Sell,sharpe_ratio,606,0.5058553034806188
Sell,sharpe_ratio,607,0.530158630717259
Sell,sharpe_ratio,608,0.6644099100876915
Sell,sharpe_ratio,609,0.4808913748627215
Sell,sharpe_ratio,610,0.4928404884039139
Sell,sharpe_ratio,611,0.4725916427387098
Sell,sharpe_ratio,612,0.48400660189528466
Sell,sharpe_ratio,613,0.5066992340806387
Sell,sharpe_ratio,614,0.5053435283508279
Sell,sharpe_ratio,615,0.4996271105124461
Sell,sharpe_ratio,616,0.5860679518561285
Sell,sharpe_ratio,617,0.5066294765898962
Sell,sharpe_ratio,618,0.49992248744123513
Sell,sharpe_ratio,619,0.5287906094326353
Sell,sharpe_ratio,620,0.4079020381204832
Sell,sharpe_ratio,621,0.5623670579247304
Sell,sharpe_ratio,622,0.4858884888635173
Sell,sharpe_ratio,623,0.4440371670355918
Sell,sharpe_ratio,624,0.5266858363752553
Sell,sharpe_ratio,625,0.4713931540820733
Sell,sharpe_ratio,626,0.5486942063344675
Sell,sharpe_ratio,627,0.4172319327360343
Sell,sharpe_ratio,628,0.49105105702175766
Sell,sharpe_ratio,629,0.48905156646665304
Sell,sharpe_ratio,630,0.6705792568030522
Sell,sharpe_ratio,631,0.4168804090103393
Sell,sharpe_ratio,632,0.5412508313986342
Sell,sharpe_ratio,633,0.5498035854048586
Sell,sharpe_ratio,634,0.46602727851877734
Sell,sharpe_ratio,635,0.4670513635738671
Sell,sharpe_ratio,636,0.3924173679601157
Sell,sharpe_ratio,637,0.60448070288798
Sell,sharpe_ratio,638,0.47746971871936195
Sell,sharpe_ratio,639,0.5933302285515785
Sell,sharpe_ratio,640,0.5218743728821842
Sell,sharpe_ratio,641,0.589216163826404
Sell,sharpe_ratio,642,0.4206137390798448
Sell,sharpe_ratio,643,0.6109280964567998
Sell,sharpe_ratio,644,0.5313655162436439
Sell,sharpe_ratio,645,0.45639107510271604
Sell,sharpe_ratio,646,0.554452904303774
Sell,sharpe_ratio,647,0.4849715719144525
Sell,sharpe_ratio,648,0.5177633012116578
Sell,sharpe_ratio,649,0.4235744508261807
Sell,sharpe_ratio,650,0.52041134408024
Sell,sharpe_ratio,651,0.5870688747519206
Sell,sharpe_ratio,652,0.5994950982488039
Sell,sharpe_ratio,653,0.6209705128316192
Sell,sharpe_ratio,654,0.5133784625744999
Sell,sharpe_ratio,655,0.5469243139040647
Sell,sharpe_ratio,656,0.6221665526453215
Sell,sharpe_ratio,657,0.6533218306312665
Sell,sharpe_ratio,658,0.647748222068842
Sell,sharpe_ratio,659,0.5209005388499506
Sell,sharpe_ratio,660,0.4900891761943158
Sell,sharpe_ratio,661,0.46420488139613436
Sell,sharpe_ratio,662,0.4721455559912475
Sell,sharpe_ratio,663,0.5031898313010981
Sell,sharpe_ratio,664,0.5287470187263916
Sell,sharpe_ratio,665,0.49649006980719124
Sell,sharpe_ratio,666,0.6073828568444677
Sell,sharpe_ratio,667,0.6041201041132354
Sell,sharpe_ratio,668,0.5869975763010191
Sell,sharpe_ratio,669,0.5634739308420031
Sell,sharpe_ratio,670,0.526434809680079
Sell,sharpe_ratio,671,0.5106573948135629
Sell,sharpe_ratio,672,0.5420075965765769
Sell,sharpe_ratio,673,0.5441143851027181
Sell,sharpe_ratio,674,0.5215831751975308
Sell,sharpe_ratio,675,0.416729587169959
Sell,sharpe_ratio,676,0.6161590353609054
Sell,sharpe_ratio,677,0.5509294076405711
Sell,sharpe_ratio,678,0.5724222691267742
Sell,sharpe_ratio,679,0.5905959222648418
Sell,sharpe_ratio,680,0.5066449224803069
Sell,sharpe_ratio,681,0.47402193890569455
Sell,sharpe_ratio,682,0.7600255337767301
Sell,sharpe_ratio,683,0.6053831218414931
Sell,sharpe_ratio,684,0.5444197347305333
Sell,sharpe_ratio,685,0.45058747552669365
Sell,sharpe_ratio,686,0.6130525689859394
Sell,sharpe_ratio,687,0.5919203286113284
Sell,sharpe_ratio,688,0.5842557650343139
Sell,sharpe_ratio,689,0.47501413175498586
Sell,sharpe_ratio,690,0.4835333341665202
Sell,sharpe_ratio,691,0.5060961693825377
Sell,sharpe_ratio,692,0.5379000049958784
Sell,sharpe_ratio,693,0.4544726482816066
Sell,sharpe_ratio,694,0.5312417853209541
Sell,sharpe_ratio,695,0.5492679406988348
Sell,sharpe_ratio,696,0.5354324132732686
Sell,sharpe_ratio,697,0.5328123243898943
Sell,sharpe_ratio,698,0.60545141766575
Sell,sharpe_ratio,699,0.5033495763040574
Sell,sharpe_ratio,700,0.7191134306692075
Sell,sharpe_ratio,701,0.4761724351400263
Sell,sharpe_ratio,702,0.6064897601363142
Sell,sharpe_ratio,703,0.4903010119845228
Sell,sharpe_ratio,704,0.5112511705924434
Sell,sharpe_ratio,705,0.5475230243003146
Sell,sharpe_ratio,706,0.7527886943036983
Sell,sharpe_ratio,707,0.5808924544892897
Sell,sharpe_ratio,708,0.6591887342743208
Sell,sharpe_ratio,709,0.46485411129993803
Sell,sharpe_ratio,710,0.4577799416573156
Sell,sharpe_ratio,711,0.6202972235028197
Sell,sharpe_ratio,712,0.47391329718083997
Sell,sharpe_ratio,713,0.5650699437737776
Sell,sharpe_ratio,714,0.5209953992653196
Sell,sharpe_ratio,715,0.5601635734256343
Sell,sharpe_ratio,716,0.4751627343365201
Sell,sharpe_ratio,717,0.4752949915246827
Sell,sharpe_ratio,718,0.48929436050997
Sell,sharpe_ratio,719,0.669673178246843
Sell,sharpe_ratio,720,0.48149196726781707
Sell,sharpe_ratio,721,0.49530378262954367
Sell,sharpe_ratio,722,0.642598959432048
Sell,sharpe_ratio,723,0.5050819870931922
Sell,sharpe_ratio,724,0.5355222555050365
Sell,sharpe_ratio,725,0.64338838004526
Sell,sharpe_ratio,726,0.43612981267961404
Sell,sharpe_ratio,727,0.6524199243396138
Sell,sharpe_ratio,728,0.5740148396883265
Sell,sharpe_ratio,729,0.6032122777507665
Sell,sharpe_ratio,730,0.6702742332757552
Sell,sharpe_ratio,731,0.47831154999139525
Sell,sharpe_ratio,732,0.5352628782907507
Sell,sharpe_ratio,733,0.5105081783193444
Sell,sharpe_ratio,734,0.534118798257635
Sell,sharpe_ratio,735,0.6488315800535047
Sell,sharpe_ratio,736,0.5453481910249489
Sell,sharpe_ratio,737,0.5338304908114906
Sell,sharpe_ratio,738,0.5312128624829056
Sell,sharpe_ratio,739,0.532018874157651
Sell,sharpe_ratio,740,0.544673796486796
Sell,sharpe_ratio,741,0.610498339305281
Sell,sharpe_ratio,742,0.5496947403912573
Sell,sharpe_ratio,743,0.4991426365885312
Sell,sharpe_ratio,744,0.4496572260939842
Sell,sharpe_ratio,745,0.5420723918493136
Sell,sharpe_ratio,746,0.41642711501380747
Sell,sharpe_ratio,747,0.5256305748205281
Sell,sharpe_ratio,748,0.4950091714588134
Sell,sharpe_ratio,749,0.4595461812911563
Sell,sharpe_ratio,750,0.4965520687963103
Sell,sharpe_ratio,751,0.5060737513822984
Sell,sharpe_ratio,752,0.5502502870424668
Sell,sharpe_ratio,753,0.5412710957380304
Sell,sharpe_ratio,754,0.6065737533530067
Sell,sharpe_ratio,755,0.6088058386177759
Sell,sharpe_ratio,756,0.6812624675731573
Sell,sharpe_ratio,757,0.5903300783688068
Sell,sharpe_ratio,758,0.46952687202228915
Sell,sharpe_ratio,759,0.4577406889368514
Sell,sharpe_ratio,760,0.5120164928353503
Sell,sharpe_ratio,761,0.46849864169109257
Sell,sharpe_ratio,762,0.635608619771467
Sell,sharpe_ratio,763,0.6954806361353691
Sell,sharpe_ratio,764,0.4591181954891024
Sell,sharpe_ratio,765,0.4847748224842374
Sell,sharpe_ratio,766,0.5724321365137088
Sell,sharpe_ratio,767,0.52125468639059
Sell,sharpe_ratio,768,0.5415234900525978
Sell,sharpe_ratio,769,0.6121273959949831
Sell,sharpe_ratio,770,0.5292465145046772
Sell,sharpe_ratio,771,0.5269623356737099
Sell,sharpe_ratio,772,0.5422310406976778
Sell,sharpe_ratio,773,0.491231348184336
Sell,sharpe_ratio,774,0.5164469193226675
Sell,sharpe_ratio,775,0.4633546322229636
Sell,sharpe_ratio,776,0.5552148643999062
Sell,sharpe_ratio,777,0.5281612472360058
Sell,sharpe_ratio,778,0.5498472918926143
Sell,sharpe_ratio,779,0.5067621768645951
Sell,sharpe_ratio,780,0.5608953041647662
Sell,sharpe_ratio,781,0.49110968981115555
Sell,sharpe_ratio,782,0.6123346973040089
Sell,sharpe_ratio,783,0.46473405583496596
Sell,sharpe_ratio,784,0.5242410527171173
Sell,sharpe_ratio,785,0.5848091056122984
Sell,sharpe_ratio,786,0.5143771748624424
Sell,sharpe_ratio,787,0.4750796550112115
Sell,sharpe_ratio,788,0.5086383122533995
Sell,sharpe_ratio,789,0.5728213001658835
Sell,sharpe_ratio,790,0.4539505421451828
Sell,sharpe_ratio,791,0.4642119247558205
Sell,sharpe_ratio,792,0.5383575462140793
Sell,sharpe_ratio,793,0.4486792357288456
Sell,sharpe_ratio,794,0.4735428356294489
Sell,sharpe_ratio,795,0.6005343140811843
Sell,sharpe_ratio,796,0.3900893037934865
Sell,sharpe_ratio,797,0.5116938089018399
Sell,sharpe_ratio,798,0.6170245386142659
Sell,sharpe_ratio,799,0.3939941871923347
Sell,sharpe_ratio,800,0.5642078634596457
Sell,sharpe_ratio,801,0.39580379387872666
Sell,sharpe_ratio,802,0.3999053163522781
Sell,sharpe_ratio,803,0.5287869678162287
Sell,sharpe_ratio,804,0.5664036409799276
Sell,sharpe_ratio,805,0.485854437770989
Sell,sharpe_ratio,806,0.5032435971575895
Sell,sharpe_ratio,807,0.48486288721797166
Sell,sharpe_ratio,808,0.6195801815254187
Sell,sharpe_ratio,809,0.5657168646463204
Sell,sharpe_ratio,810,0.45997388992267707
Sell,sharpe_ratio,811,0.5321494591632074
Sell,sharpe_ratio,812,0.44542300822419545
Sell,sharpe_ratio,813,0.48819118574167897
Sell,sharpe_ratio,814,0.6930621853129226
Sell,sharpe_ratio,815,0.5552379966020227
Sell,sharpe_ratio,816,0.596722051684806
Sell,sharpe_ratio,817,0.6155724820493975
Sell,sharpe_ratio,818,0.4384031495419829
Sell,sharpe_ratio,819,0.5558702966237838
Sell,sharpe_ratio,820,0.4940089519280231
Sell,sharpe_ratio,821,0.5299988981717414
Sell,sharpe_ratio,822,0.4732456662432232
Sell,sharpe_ratio,823,0.41541299544566446
Sell,sharpe_ratio,824,0.4335785969140016
Sell,sharpe_ratio,825,0.5024089635845108
Sell,sharpe_ratio,826,0.45640374389126537
Sell,sharpe_ratio,827,0.701199876556851
Sell,sharpe_ratio,828,0.5932375853865195
Sell,sharpe_ratio,829,0.49927492913373994
Sell,sharpe_ratio,830,0.4879576734686215
Sell,sharpe_ratio,831,0.5207662854605157
Sell,sharpe_ratio,832,0.5569081432206477
Sell,sharpe_ratio,833,0.4412281736633217
Sell,sharpe_ratio,834,0.49674305152483544
Sell,sharpe_ratio,835,0.5432930238642264
Sell,sharpe_ratio,836,0.5257743135448458
Sell,sharpe_ratio,837,0.45102756445981296
Sell,sharpe_ratio,838,0.5384587578061488
Sell,sharpe_ratio,839,0.475711658038366
Sell,sharpe_ratio,840,0.5146040686138726
Sell,sharpe_ratio,841,0.5327299097555982
Sell,sharpe_ratio,842,0.5579157828355625
Sell,sharpe_ratio,843,0.45332746351650455
Sell,sharpe_ratio,844,0.5314158093632213
Sell,sharpe_ratio,845,0.5658489534478814
Sell,sharpe_ratio,846,0.544218029896884
Sell,sharpe_ratio,847,0.4369424397752546
Sell,sharpe_ratio,848,0.49384225496376954
Sell,sharpe_ratio,849,0.46612941011331
Sell,sharpe_ratio,850,0.5122975197834312
Sell,sharpe_ratio,851,0.5439652767741796
Sell,sharpe_ratio,852,0.5535707035899682
Sell,sharpe_ratio,853,0.5454282145049545
Sell,sharpe_ratio,854,0.42715643667109493
Sell,sharpe_ratio,855,0.5749045348727075
Sell,sharpe_ratio,856,0.5007208696033434
Sell,sharpe_ratio,857,0.5470690782596188
Sell,sharpe_ratio,858,0.5566290362540318
Sell,sharpe_ratio,859,0.4705679983094164
Sell,sharpe_ratio,860,0.44939832598414453
Sell,sharpe_ratio,861,0.5535301644153217
Sell,sharpe_ratio,862,0.5414339279323532
Sell,sharpe_ratio,863,0.5081664856528993
Sell,sharpe_ratio,864,0.4785794711299949
Sell,sharpe_ratio,865,0.46153487211911504
Sell,sharpe_ratio,866,0.563523162968262
Sell,sharpe_ratio,867,0.6069554880589574
Sell,sharpe_ratio,868,0.47956461978300835
Sell,sharpe_ratio,869,0.4893224494501931
Sell,sharpe_ratio,870,0.4126007325696248
Sell,sharpe_ratio,871,0.5337867371547169
Sell,sharpe_ratio,872,0.5547045900815504
Sell,sharpe_ratio,873,0.4647472547223299
Sell,sharpe_ratio,874,0.4420556414675234
Sell,sharpe_ratio,875,0.6411613597045389
Sell,sharpe_ratio,876,0.5511818157267752
Sell,sharpe_ratio,877,0.5277334385479246
Sell,sharpe_ratio,878,0.5053444730908163
Sell,sharpe_ratio,879,0.49790002653363485
Sell,sharpe_ratio,880,0.5068831776956038
Sell,sharpe_ratio,881,0.5309994272251326
Sell,sharpe_ratio,882,0.48729135046166894
Sell,sharpe_ratio,883,0.48146784363760764
Sell,sharpe_ratio,884,0.5566154333666322
Sell,sharpe_ratio,885,0.4267448990301128
Sell,sharpe_ratio,886,0.4967342277439548
Sell,sharpe_ratio,887,0.4454688771012245
Sell,sharpe_ratio,888,0.5324172745267495
Sell,sharpe_ratio,889,0.5207623091181057
Sell,sharpe_ratio,890,0.5850209807493001
Sell,sharpe_ratio,891,0.46265584516684966
Sell,sharpe_ratio,892,0.48605455754359284
Sell,sharpe_ratio,893,0.6987016986692773
Sell,sharpe_ratio,894,0.5152374968433127
Sell,sharpe_ratio,895,0.6900835890447836
Sell,sharpe_ratio,896,0.4511136873675823
Sell,sharpe_ratio,897,0.49489552708492646
Sell,sharpe_ratio,898,0.38302240116553454
Sell,sharpe_ratio,899,0.5448091955873644
Sell,sharpe_ratio,900,0.5669145079591562
Sell,sharpe_ratio,901,0.482166822800838
Sell,sharpe_ratio,902,0.5062933151115669
Sell,sharpe_ratio,903,0.6293357270298006
Sell,sharpe_ratio,904,0.46461072469824316
Sell,sharpe_ratio,905,0.5883937754047701
Sell,sharpe_ratio,906,0.6166187941877266
Sell,sharpe_ratio,907,0.48271819298193197
Sell,sharpe_ratio,908,0.6272118140530187
Sell,sharpe_ratio,909,0.611332379923923
Sell,sharpe_ratio,910,0.50236014027189
Sell,sharpe_ratio,911,0.5994240933614283
Sell,sharpe_ratio,912,0.44970558254735105
Sell,sharpe_ratio,913,0.6075906583093822
Sell,sharpe_ratio,914,0.48000894267476424
Sell,sharpe_ratio,915,0.4937933677480224
Sell,sharpe_ratio,916,0.5310601235571264
Sell,sharpe_ratio,917,0.48272058189796896
Sell,sharpe_ratio,918,0.536410153087755
Sell,sharpe_ratio,919,0.45689472048017077
Sell,sharpe_ratio,920,0.5168278158354025
Sell,sharpe_ratio,921,0.4937246446591832
Sell,sharpe_ratio,922,0.5173109836051788
Sell,sharpe_ratio,923,0.46522917832690247
Sell,sharpe_ratio,924,0.4129861689770826
Sell,sharpe_ratio,925,0.5418477926757643
Sell,sharpe_ratio,926,0.45634040361496897
Sell,sharpe_ratio,927,0.5694480281654104
Sell,sharpe_ratio,928,0.4735761761811199
Sell,sharpe_ratio,929,0.5724567141385881
Sell,sharpe_ratio,930,0.46641516472066913
Sell,sharpe_ratio,931,0.5616774864481568
Sell,sharpe_ratio,932,0.4978276228569434
Sell,sharpe_ratio,933,0.49884120966416656
Sell,sharpe_ratio,934,0.49891612954493647
Sell,sharpe_ratio,935,0.5079978381839658
Sell,sharpe_ratio,936,0.6079158953058483
Sell,sharpe_ratio,937,0.5868669517363854
Sell,sharpe_ratio,938,0.5480897841247825
Sell,sharpe_ratio,939,0.5281933650223132
Sell,sharpe_ratio,940,0.4916496233561234
Sell,sharpe_ratio,941,0.4899503996458048
Sell,sharpe_ratio,942,0.45304069425537197
Sell,sharpe_ratio,943,0.4803551316914745
Sell,sharpe_ratio,944,0.4801031659078796
Sell,sharpe_ratio,945,0.5330014362006521
Sell,sharpe_ratio,946,0.5150412892138085
Sell,sharpe_ratio,947,0.5851633965887202
Sell,sharpe_ratio,948,0.5131166390497515
Sell,sharpe_ratio,949,0.4905857133760847
Sell,sharpe_ratio,950,0.5779795437042958
Sell,sharpe_ratio,951,0.5281233669951391
Sell,sharpe_ratio,952,0.4983717247864581
Sell,sharpe_ratio,953,0.4387009034297584
Sell,sharpe_ratio,954,0.6271788135579914
Sell,sharpe_ratio,955,0.5728965213680177
Sell,sharpe_ratio,956,0.5751846664395379
Sell,sharpe_ratio,957,0.5083065316068778
Sell,sharpe_ratio,958,0.580493992992293
Sell,sharpe_ratio,959,0.5348376307812206
Sell,sharpe_ratio,960,0.48419487753904056
Sell,sharpe_ratio,961,0.5291074662234916
Sell,sharpe_ratio,962,0.4496145101376068
Sell,sharpe_ratio,963,0.6828433527024202
Sell,sharpe_ratio,964,0.3556401072340476
Sell,sharpe_ratio,965,0.6180175004234258
Sell,sharpe_ratio,966,0.5094968786153391
Sell,sharpe_ratio,967,0.582893555967547
Sell,sharpe_ratio,968,0.4436648584683156
Sell,sharpe_ratio,969,0.3987456158935614
Sell,sharpe_ratio,970,0.498744393864881
Sell,sharpe_ratio,971,0.6422023894661031
Sell,sharpe_ratio,972,0.5754046590083322
Sell,sharpe_ratio,973,0.47983155661924215
Sell,sharpe_ratio,974,0.6689994131356953
Sell,sharpe_ratio,975,0.5906750593065189
Sell,sharpe_ratio,976,0.4540543934872221
Sell,sharpe_ratio,977,0.590018024519976
Sell,sharpe_ratio,978,0.5296312994834227
Sell,sharpe_ratio,979,0.6260840382537602
Sell,sharpe_ratio,980,0.5021552488085383
Sell,sharpe_ratio,981,0.580934713508269
Sell,sharpe_ratio,982,0.434190113945605
Sell,sharpe_ratio,983,0.4737359941911272
Sell,sharpe_ratio,984,0.5269865133799865
Sell,sharpe_ratio,985,0.45584903268787746
Sell,sharpe_ratio,986,0.5139477915836124
Sell,sharpe_ratio,987,0.42635721438204843
Sell,sharpe_ratio,988,0.5048881147652486
Sell,sharpe_ratio,989,0.5902476602407312
Sell,sharpe_ratio,990,0.5069720164422948
Sell,sharpe_ratio,991,0.5001853254937196
Sell,sharpe_ratio,992,0.6137896151457891
Sell,sharpe_ratio,993,0.4832503198396103
Sell,sharpe_ratio,994,0.593676058614498
Sell,sharpe_ratio,995,0.5972540079728761
Sell,sharpe_ratio,996,0.5888027769096253
Sell,sharpe_ratio,997,0.5959969993819798
Sell,sharpe_ratio,998,0.509989725658043
Sell,sharpe_ratio,999,0.6119222712641803
