trade_date,ARTEMISMED,EIHOTEL,VEDL,VBL,AADHARHFC,BERGEPAINT,EMAMILTD,CREATIVE,HCG,AUBANK,CCL,NEWGEN,FORTIS,INTELLECT,AXISBANK,BHARATFORG,MAXHEALTH,KAJARIACER,WHIRLPOOL,HCLTECH,INFY,NH,BHARTIHEXA,ICICIGI,UBL,GLENMARK,KIRLOSBROS,KOTAKBANK
2022-01-03,0.058409279204629794,0.24238698256649668,0.1325381047051044,-0.593723494486853,0.0,0.02699625844052589,0.36688617121356515,-0.5396254364617548,1.9521336760753516,0.4399141569646159,-0.058241119809728424,-0.16534538696437728,0.158391193311432,-0.3224345563289599,1.4737150817508482,0.16069788421344913,-0.24572768904277398,0.5408479606625105,-0.09663295123772953,-0.30385484545245034,-0.08172718346525776,-0.011050449574839805,0.0,0.2649152455707293,0.07879639277917905,-0.3804451207913284,-0.9331772787409265,0.19709363403929148
2022-01-04,1.252847380410027,0.1962323390894749,-1.8927973199329928,-0.16990618718941697,0.0,0.08524488530687879,0.19157088122605526,0.0,-0.08090614886731018,0.3213072615441126,-0.31447338461277896,-0.37061883576959276,-0.260019698730396,-0.061266167460860554,0.5556742893780608,0.9035511662113693,-0.6950028719126977,0.08410281775784734,0.2469828795958584,-0.3838997210375339,0.0031149528863350096,1.0204081632652962,0.0,0.22845976053322836,-0.31318656802054035,-0.8437200383509036,0.2540346682606054,0.6270447110141797
2022-01-05,1.5116279069767424,0.31704814522494074,-0.01712328767123905,-0.19189765458422214,0.0,-0.03056001222401239,-0.1638352707138968,0.579206487112649,0.878844946641566,5.0262237762237705,0.07095553453169146,0.5428650185188011,-1.0367892976588688,-0.027693159789543564,1.4784192825112008,0.013981464491822729,-1.7717930545712246,0.10553691907579932,-0.4283889054654988,0.14185674429074147,-0.4733478438901595,-0.160812865029214,0.0,0.15345446936141371,0.3451697015270594,-0.12470033389060942,-0.30550373134328734,0.5854863834130031
2022-01-06,-0.46834105301397644,0.23997048072715485,0.8142493638676696,-2.939904885430178,0.0,0.10013094046059656,-0.26339327646170974,0.0,-0.3926654617199432,-0.42955326460480947,0.15693531354785684,0.9099908013199043,0.0522921387484665,0.24343369184333108,0.5181850837588042,0.996837618589308,0.0,0.15003750937734317,-0.08273876155724946,-0.15503875968991832,-1.0402085906408676,-2.0493712156497534,0.0,-0.06559832451413783,0.1546912488950669,-0.11390630538259024,0.7556675062972307,-0.3049721066483213
2022-01-07,-0.1136363636363602,0.19655777648648712,-0.3213873629752839,0.3759698535556355,0.0,0.1910950356278862,0.11801432777536942,0.043554006968649084,-0.5723074511647941,-0.016739203213933518,0.10751403655477887,-1.6855753646677463,0.15212035225846687,-0.23168165856876088,0.2531391239688263,0.27041570055563735,-1.6652275811027462,-0.635248928940757,2.0055248618784605,-0.041954999139787175,-0.054350301169642234,1.3602798289933826,0.0,-0.04243946697866097,-0.028349135351357635,-0.06760363525361764,-1.924876353428684,0.17368628797673757
2022-01-10,3.3370411568409253,1.322957198443575,-0.00926365633884263,-0.06616674018526392,0.0,-0.37459547043897645,-0.008205767687197163,1.695058188564702,0.3299355334978826,0.7907393820820063,0.8057923624897878,0.31007751937983663,0.0,0.11970094001153564,0.5704584040747029,0.8508673570345016,-0.726332489931697,-0.5153678836518572,-0.16700336700335994,-0.0775259410148943,2.060586158771849,-0.21076510072483567,0.0,0.19256612649583005,-0.012856051054003595,-0.1844481118337904,1.1934291254807605,0.6507196959837591
2022-01-11,0.0,-0.22857142857143353,0.2736193890854999,1.5551067602180724,0.0,-0.022544498618037867,0.14784151389710676,0.39734025300031117,-0.06199628022317549,0.3911444887741533,0.12853470437017567,0.4368174726989027,-0.6824146981627255,-1.7218543046357615,0.04699563611949564,-0.12974375608173494,-0.9355246523388039,0.016949607974031666,0.2888317127400897,2.408533088656961,-0.1101061295484207,0.27977315689980964,0.0,-0.49058835809470125,0.1802952070885433,0.0717834230476444,2.096627164995435,0.22827593731279036
2022-01-12,1.673640167364021,-0.6350392230108248,-0.12874272740173165,2.17300459674048,0.0,-0.16234625590511773,-0.32799920485041545,0.30864197530864335,-0.9245942058763057,0.0,-0.023649048125817806,0.27932960893854997,0.9007448467001744,-0.9092744779890305,0.3627010804668318,0.453281013964113,0.2256770310932632,0.10026232180883943,-0.2700194821449342,0.0,0.1838372088897644,-0.41366889997427697,0.0,-0.07604141512158602,1.085376765366064,-0.949731389102082,-0.5417315722644811,0.452882327354609
2022-01-13,0.5272171145842108,0.4868913857677848,1.7006802721088343,-0.20661157024793875,0.0,-0.15577812606961117,-0.2229665021710514,-0.1353285754301122,-0.061855670103094784,0.10735199988435307,-1.201446401493056,-0.583780372357201,0.0868357068426473,-0.46399775086713446,-0.38365753516861334,-0.7988475641697246,-0.09153283079492702,-0.9315794527736898,-0.28151670835562803,-0.09869381588070898,-0.5263157894736858,-0.7436399217221168,0.0,-0.2148358864688782,0.4858324029089589,0.7375478927203138,-0.5497382198952905,0.0
2022-01-14,0.10481971009863589,0.5573165266797409,-0.48024127966384,0.8019622948030325,0.0,-0.44732376985963107,-0.059910134797802606,1.790637943322615,0.00021128896630639993,-2.1885391694377865,0.13114038789724392,0.29703558182254675,-0.5645301372242506,-0.6457320021322044,-1.128388606027253,0.4310407279412935,-2.117122694069584,0.13245520438573966,1.5709642470205898,-0.29855028804208206,1.1113732274383503,-0.1845906902086636,0.0,-0.30109042526028085,-0.05126967850896946,-0.6750241080038522,0.5568937109025951,0.16821145189771514
2022-01-17,-0.3135925903208048,-0.2557544757033181,-0.05291005291004902,1.484155635780171,0.0,0.24966103378054605,0.0001457057521488577,-2.152129644040041,-0.797448165869219,0.15304975341712268,-0.6488909863142989,0.062073246430793816,0.36547163243996206,1.0496050124911394,0.23878081325934275,0.6486766995329463,-0.03796987723073686,0.2087567266547241,0.04998679370987191,0.9051036682615532,-0.005155037760651293,0.03956322202880447,0.0,1.9873595505617958,-0.013312410992801412,0.06879368002741248,-0.44992929682478033,0.03707261811070062
2022-01-18,-1.5873015873015928,-1.1096533291790556,-0.6556796030480094,-0.7821104191602812,0.0,-1.0083398689391176,-0.0699370566490054,0.7875337977981086,-0.12253165581266323,-0.73135139414649,-0.20838156980782507,-1.6253052298518644,-0.5566664591607651,-1.4674088023045855,1.0999721526037343,-0.7675006580241339,0.08897928053894777,0.3549122567144458,-1.176845628669343,0.16107598759715902,-0.492368291482026,-0.2752107790432279,0.0,0.24010179348563643,-0.46640235857613177,-0.651935873618148,-0.06127741756282723,-0.2369058041922112
2022-01-19,1.4428412874583962,1.4202476329206126,-0.23267517675997773,0.09603708462449696,0.0,-0.12673267326731574,-2.04372140315201,-0.8339272986457646,-0.16000015817325686,1.196594924510097,-0.8581235697940448,2.203584936688041,0.017458100558664924,0.028486022580515025,-0.12415966462353545,0.6618133686300487,0.46034460081547657,-0.614475731803347,0.24734094395661987,-0.6699751861042103,0.0661795849216329,-0.02920379479158519,0.0,-0.9669086847249431,0.6999533364442367,0.8850457782299204,-0.013296104241455886,-0.6021125846720765
2022-01-20,0.11148272017836858,-0.6648252826310375,0.45831129913627144,0.05989597099874677,0.0,0.3239653357090866,0.2414698162729545,0.7220582799200459,0.05446557849246488,-0.08392039030082898,2.1839611740235743,-0.14839241549875481,-0.35211267605633756,0.2704303803642061,-0.15433778669716366,0.03326237360297135,-0.18104228630544394,0.2522068095838659,-0.6062583258570564,-0.595539787126198,-0.3235981943764621,0.11779224019041745,0.0,2.058468046532713,0.47742378381752104,-0.12158013599706807,-0.02703433360367047,0.09223390518353636
2022-01-21,0.9049773755656076,0.6188135270738249,0.23878149911476243,0.06570797186755128,0.0,0.23462528922021386,-0.1521640748489872,0.4519559892206759,-0.35246615948363685,0.6830654275336615,3.4517314330252846,0.2974223397224085,0.7952286282306265,0.26289845547158297,-0.39778954527661115,1.0927107370707123,-0.14600477833820458,-0.8359097675483818,-0.08760833854473682,-0.11568123393315144,0.1756293384628238,0.07834534628643475,0.0,0.3444407484306855,0.01869741352444887,-0.3572059527822691,0.8883549910283358,-0.16762692475703056
2022-01-24,0.5861664712778492,-1.5549790808215835,-0.573991031390142,0.04188547992252101,0.0,-0.5563282336578546,0.12693039983076027,-6.535714285714289,0.4293600490697047,0.37972164859748636,0.30124551001647903,-2.159526297457348,0.5016722408026641,0.049136599747301446,0.3044894490865202,0.3859939343810348,-2.4703023758099296,1.4001444275054231,1.0622365209673967,0.2885750513750951,-0.3531757334092833,-0.047188360204475366,0.0,-0.00735321151513757,0.2820005834494932,-1.2512820512820544,-4.036422941016571,0.04962349102279329
2022-01-25,-2.399999999999991,1.1297344043151858,-0.16147310396295023,-1.8305661983822996,0.0,0.7886147512789932,0.10090926322349203,2.529492029780167,-0.042274360600302874,0.5426194149349084,4.068181818181804,-0.24805102763997278,0.9084053201700248,0.24570024570025328,3.4720289451711572,-0.01602209936678034,-0.3410862785862723,0.1807737114851493,0.20415073598512024,1.5065659291239486,0.8764497940342952,2.1581933396045083,0.0,-0.060617541200980174,-0.19633086578693115,-1.4434060228452728,-0.06961090731901765,0.7660656893405005
2022-01-27,0.2328288707799553,0.6139140215036809,0.2734232592052521,0.2205558006175501,0.0,-0.04491860699210962,0.2897527207366357,2.446650511998749,0.28307908824485306,-0.15948963317384823,-0.7049832379455889,0.9503695881731833,-0.5365759993962216,0.3429355281207025,0.3589141216392644,-0.23311926576543573,-1.3105639396346236,0.11428852360741981,-0.2814847255597941,-1.9349563953488302,-0.642916125987969,0.30046757140331226,0.0,0.331837550435532,-0.7836322502377202,-0.6276462257519211,-0.2622009304872691,0.7427506440826681
2022-01-28,2.2768689169600287,1.9831068674256214,0.038714198461581306,0.8040626322471267,0.0,0.5447260530884901,1.1179487179487246,-0.7165074815645767,0.37190082644629197,-0.25880312077179446,-0.14374219230562368,-0.06784260515603213,-0.20448495603774264,0.8072050941957287,-0.22219902950113557,0.662436667473576,-0.00020491275822265287,1.1722653547544093,1.4496725219917295,-0.2668283117219228,-0.058061474089909915,0.1479804067522609,0.0,-0.5136177250107232,1.676268593561825,0.7330521322951089,-0.6299874002519967,-0.09696270866638157
2022-01-31,1.7897091722595015,-1.9014084507042228,-1.4793941528707277,0.28937577511367607,0.0,0.07332572918363756,-0.39495082547933436,-2.8603268945022298,1.4227642276422703,1.1701271738624008,0.5179937761485065,-1.077949206678791,0.04628390816229788,0.0,-0.40062081788009296,0.0,-0.7610763794509201,0.6850620620381775,0.11061688055179486,0.5669305327859697,0.7512908278702879,0.42793562374768834,0.0,0.4840821748807955,1.2557710064635241,0.4380156870734453,-0.43327715482290863,-1.016508514233716
2022-02-01,0.8752735229759168,-0.035149384885768686,0.78069552874378,-0.041084634346755244,0.0,0.16719967141397193,0.06394055514255537,-1.1395355615989033,-0.18152480839048746,-1.64688427299704,0.06353906524068087,0.09047030569904857,0.34602076124568004,-0.11591119677434314,0.5567572341580562,0.38549979710538196,-0.2177153320294556,0.3381885667688378,-0.03400590316037788,-0.3560162235241138,-0.28878822197054843,-0.4242262000483499,0.0,-0.3249409154761018,-0.14019261245885595,-0.045878985751413026,-0.282260905262451,0.11678581424235945
2022-02-02,0.0,0.0354685997595842,0.0,0.6488240064882467,0.0,0.7621827616962618,0.35400402414487164,-0.19423311116835706,0.2611672968543477,1.9630909491949122,5.7320806502692,-3.747011080671806e-05,-0.39461883408072884,0.3806980245405267,0.9189903694844848,0.2082860376136845,0.0,-0.36432637571157667,-0.4878048780487809,1.5837598984993706,0.12950450450450735,0.3790222772277252,0.0,-0.027775546901535424,-0.018075011296880827,0.23046092184368927,2.5146119342123185,0.703674745895233
2022-02-03,0.3412352161435095,-0.5660593925958265,0.7406188281764425,0.3218846782893155,0.0,0.27615334632877797,-0.9100800967205669,-1.7159666612191482,0.11415197050103447,-0.4966414350317916,-0.2133943020150353,-0.2405498281786933,-2.177858439201452,-0.9523192536926572,-0.4326397113061764,0.20020659419888176,-0.21329469232829468,-0.3562672387373622,-0.1904355624699039,-0.060186578393017776,0.05663155510249318,1.1350293542074397,0.0,-0.22501719328640313,-0.41757350173525776,-0.2836937764090719,0.7781792810134691,-0.2602743291429177
2022-02-04,0.4009195186356451,1.445698166431586,1.6626398382473484,1.1971268954509284,0.0,0.49099836333879043,0.009713383451696403,-0.20230855968005612,0.07348907353644425,-1.7624963883270839,-0.02327423158802559,-0.24204702627939056,0.01880759826968781,1.5149483845019462,0.8036667294531341,-0.16833883240185976,-1.0073133710501003,-0.3264164140825421,-0.46246127492734673,0.007254997020988974,0.4555324185576859,0.10191879020129413,0.0,-0.5308555505520729,0.09471057141907657,0.030196275792637728,-1.0397227406025111,0.2971650975648332
2022-02-07,-1.9977802441731418,-0.2791346824843055,0.0,-0.17882845622235743,0.0,-1.2600229095074522,-0.7661357115249567,-0.22245908885302756,-0.09881422924901129,-0.9558823529411731,-1.4488326349264558,-0.8413461538461453,0.0,-0.8222901800883364,-0.22668597695358894,0.6211604095563095,-0.9887005649717562,0.15686278157143185,-0.9930208381551953,-0.5306052665112471,-0.28645833333333925,-0.3527066400858869,0.0,-0.05163384229549539,-0.4285714285714226,0.010246951531911463,0.44824775876119993,-0.018636351534828677
2022-02-08,0.1097694840834329,-1.8635724331926729,-0.2347666704361262,0.515873015873014,0.0,-0.08739021518299935,-0.2835100995982979,0.729508196721329,-2.0436507936507975,-0.3269895555636171,-2.3399143424213897,-0.7130124777183555,-0.5221807729855477,-1.7051781737193794,-0.47182932198827077,-0.09756030297043972,0.11159157483611182,-0.1324004510383281,-0.29906306072406963,0.13699893658421317,-0.20032015172080087,-0.3377198500128631,0.0,0.8212135001203491,-0.04718168092602282,-0.3699897225077131,-0.5446166736489233,-0.2651347768449108
2022-02-09,-0.32701905626134065,-0.5780346820809301,-1.42165759225652,-1.6406562625050025,0.0,0.0861886192665251,-0.20943251352714132,1.4033580773079035,1.058518074695436,-0.6129985228951251,-0.2925809822361458,-0.41762793272245674,-0.24839497116537768,-0.3019662921348254,0.23676012461057994,-0.23882633913340223,0.8006424464310324,-0.5847723704866636,-0.248703975184017,0.35560071120142034,0.05487998613558087,0.2919143772060595,0.0,0.21603808128891622,0.018756760747743833,-1.183132773789053,0.17902920512930334,0.4907306434023928
2022-02-10,-1.7316017316017396,-0.3627133801520299,-0.5713448578962721,0.5471380471380627,0.0,-0.1100706345157761,0.030285030718807393,0.5447883173387263,0.031051333947806903,0.13122402857768112,-0.8756225755876035,1.115065550014005,-0.2614025175000756,0.36963118604009804,0.6942292196119748,1.1081923258088988,2.5039272750929378,0.17735797093358263,0.0027779336120969944,0.4924673639152166,-0.2303754266211544,0.441837490144803,0.0,-0.7856010032088023,0.3888142537557167,0.199840127897688,-2.0762050449550484,0.26096884684390087
2022-02-11,0.33333333333334103,-1.7981651376146712,-0.17024800943660212,1.6549441456350955,0.0,-0.008371002846130349,0.25682834337262817,-0.5317752834087253,-0.08456492716037989,-2.428466617754943,-0.9833664609268711,-0.21459227467811592,-0.19384588606089492,-1.9967543921540876,-0.24984610511971464,-0.5413183324513718,-2.3091297383876275,-0.44742422870667764,0.009903345864156754,-0.3334279469256185,-0.4097077126371029,-0.29687477623802083,0.0,0.28476181558694247,-0.2821758896378701,-0.9006274033596551,0.24781341107873445,-0.11145544500624771
2022-02-14,-0.6678360091786201,0.3684400394926716,-0.5443822773325113,-0.3978390039783952,0.0,2.0325203252032464,-0.15357731749539583,4.1909098574921755,4.185544768069027,1.3673870333988258,1.5579039111014437,0.7606679035250474,1.3632197867360807,0.8232628398791686,0.012725074759822874,0.20949720670391248,3.20683377678197,0.6696531078090318,-0.8560945780676565,0.8138975189253106,0.8254716981132004,0.2722448701484026,0.0,0.0951438575125696,0.5247738321367601,-0.6435874915736125,0.059276822762321935,-0.033609679587731645
2022-02-15,-0.8683977547089827,0.3792675163643011,0.6495940407858447,-0.1746356945975358,0.0,0.5896706529352258,-0.1470357349329432,0.06846490378384917,-0.33056472692254424,-0.5283409473926803,2.1230967188505145,-0.04742001442921695,1.3322755467183423,-1.586257309941519,1.0589106073617571,0.6981830437840175,0.5426667832446663,1.179585999225724,-0.5134006265227975,0.28722990072277965,0.3077353044621589,-0.030759766225785246,0.0,0.08736900554773275,0.37326499417090764,-0.17197371259430883,-1.0344396032261116,2.0331261775540677
2022-02-16,1.8411967779056404,-0.9555573370842729,-0.3114506498068048,-0.30198283809104165,0.0,0.0494356101178095,-0.3507014028056088,-0.5961616986525087,-0.5272410290130184,-0.5277442144765998,1.062003861832217,-0.2892263195950817,-0.3351955307262511,0.5116959064327409,0.40640240090032975,0.5014276760219927,2.608108108108098,0.05060369924664854,-0.19099823652657943,0.33101901303140097,-0.06002057848406572,0.17412370353546702,0.0,-0.4382065593686757,0.6913584123120264,-0.1029866117404743,0.08064367561991803,-0.29987894794761827
2022-02-17,1.1560693641618602,0.19836707652137742,0.2255355307184533,-0.5389564175558581,0.0,0.0053690713423056495,-0.11976534076089118,-0.20376910016978722,-0.2554822226953357,-0.48197752880723144,-0.5943110140397908,-0.3074141048824641,-0.7557150954090264,0.5347990789571488,-0.15843843082578024,0.7683090152956762,0.0,-0.3047853584020858,0.16023306627821476,-0.1362432282891235,-0.555068356900675,0.07691716021844819,0.0,0.34606843939400944,0.9241198477920154,-0.7337742868954167,0.2644679527069149,-0.5563320452739218
2022-02-18,0.3157014564893368,-0.3610108303249149,-0.18285002950547136,0.2796178941674693,0.0,0.266082267445672,0.56230545235465,-0.18568121830970044,-0.0645438898450923,-0.41208644736169625,-0.8048236636465034,-0.10979484144283624,-0.15170627044341356,0.25658370341690995,0.27796683830259017,0.1568739304049993,-1.1911064055055598,-0.06164451158680029,-0.27897162172707546,0.07741396285864677,-0.017540782318892223,0.19809523809524165,0.0,-0.1434042381347885,-0.01838616085154306,0.10503098414031964,0.0,0.07274643590921004
2022-02-21,0.5945303210463715,0.2895985682330626,0.567197100992578,-0.5289258003225883,0.0,-0.15047112207005423,0.4812030075187934,-2.5164446766990034,-1.1561131616320053,0.33129609887313133,0.28537025107413144,-1.1834319526627168,-1.044891640866874,-0.20829344243169512,0.154989887858877,-0.4077183905579318,0.31455215237647566,0.09869300998719965,-0.13280212483399723,0.09508732744549775,0.4238761684907,-0.6150061500615034,0.0,0.5325067556827268,0.13114754098360049,0.4310344827586299,-2.124999999999999,0.2963721911855603
2022-02-22,0.8706467661691475,1.2977382276603722,-0.25300130212328464,0.8950366151342593,0.0,0.15991878641281043,0.9466612377850181,-0.6972477064220106,1.217285495577991,0.254590720005321,-0.08995423917814716,1.7681728880157177,-0.04672801047704844,0.4318988122782752,-0.09376761829614777,1.407169660162444,-0.12513679873624728,1.0295975975111005,-0.31134928000479123,-0.1915375239421757,0.7252324701925383,1.0515542786323273,0.0,0.569777813499478,0.14915973350126954,0.8320560543026101,-0.1739695642715866,0.6168471505915485
2022-02-23,-0.835322195704058,-0.33910301872748794,-0.6926546391752497,0.00013102210342785803,0.0,0.03300997940562378,-0.2708471901356646,0.9207143249409577,0.08499787505311662,0.26047833293867395,-0.6692056583242623,-0.7504329420819911,0.8418520745640423,-0.3240147690452888,-0.14306102437875723,1.037463976945241,-0.3718535133305112,0.028546959748787515,-0.035140290932800244,-0.08683947722635255,-0.037256756369474786,-0.8520526723470145,0.0,0.07704573157068628,0.23248960345787495,0.6233303650934996,-0.6435875437127758,0.6937799043062132
2022-02-24,-0.371747211895912,-1.4035087719298178,1.3682629734690588,-1.2073272273105617,0.0,-1.9768120777379328,-0.42231619093017203,-0.898314502685682,0.6507592190889477,-1.7244184154872277,-2.0663464760415473,-1.815311760063143,1.8143009605122717,-0.19517526739011304,-0.7704972011853828,-2.410346854791301,0.43760587238848014,-0.02576655501158598,1.1911778391289651,-0.22331397945510867,-0.16530389349705965,-0.699685534591199,0.0,-0.2238477835072139,0.4510825982357636,-1.846638892016661,-3.904761904761911,-1.4948774092395922
2022-02-25,0.29091578514642097,0.38550501156515704,1.031267737670405,1.7501017501017513,0.0,-1.0465317419131703,1.1355424796118507,0.23563817101818763,-0.09876594686131224,0.5464590037896344,0.1586402266289033,-0.2844571176108368,-1.3424204874018963,0.5402624893420027,0.1365155795391204,0.34794605776046206,1.4411267959657896,0.0,1.6991397914830175,0.8504606661942082,-0.0644646391853132,0.3333591751298437,0.0,0.8121019108280336,0.13988351676157418,0.9603434640153674,0.8403087867000614,0.14005847879955402
2022-02-28,-0.855796773337223,0.3402129342752469,2.0534197931140863,1.2841091492777013,0.0,1.0771052430699757,0.7323026851098424,1.68813990041915,0.09436783042683916,-0.42215048423143164,0.32813190545459836,1.8429028377826007,0.9684731094168564,0.12375559705384287,-0.5037614185921524,-0.06039748206671525,2.0958904109589005,1.312119965253955,0.4815177987134082,0.2229807981216525,0.06139232223066893,4.649744645171117,0.0,-0.2128120106843434,1.3543378520037175,0.3578148907592227,-0.39382999671807584,-0.08344472648326533
2022-03-02,1.106848536516053,0.1433252336301353,1.2953367875647714,2.9096115081546525,0.0,0.18573997064842418,0.39779681762546204,0.12125411397887476,0.3637160360085878,-0.07067535332613839,-0.9001410357457329,-0.35940944101840455,0.19992048857586653,0.7664898117522356,1.072595693886258,0.17092031289722143,-0.22715125601281416,-0.6590406251471115,-0.06602870001803558,-0.31731843575418806,0.13387443803810628,0.20630710285882703,0.0,0.010381779256311377,0.5864791851206586,-0.2697338866032961,-0.6591624493314518,-0.412990745236802
2022-03-03,-1.421577206525787,0.9736249306020905,0.8701700517054212,0.0,0.0,-0.24278392230913104,0.07620600762087149,-0.15423825668453572,-0.5235602094240788,-0.6053667771462212,-0.5576856047403322,-0.32706750849867405,4.188376753507006,-0.6282167726309407,-0.4042405449250386,0.04575263077626346,-0.8884286578666578,-0.8910891089108919,-0.41055836070343354,1.2964601769911654,0.7342363017838638,0.43687907351672345,0.0,-0.1203191231824774,-1.155393432427393,-0.5150306123071102,1.7602125539687652,-0.4018925915352319
2022-03-04,0.7538844294230906,-0.19282684149634077,-0.9253903990746104,-1.6810007818608308,0.0,-0.9680965788200491,-0.7441023375308775,4.835502530730307,2.954545454545454,-0.6975324788560444,-4.449307075127651,0.899100899100902,0.0,3.1415521256327295,-1.174487066916008,2.5082137991826237,-0.02739726027397582,-0.17114268952951872,0.24364242197077632,0.4378305100616986,0.09728673636103524,1.2004530011325176,0.0,-0.0984817398440696,-2.966489653909543,-0.3095975232198178,-1.1034925602204564,-0.709539775017202
2022-03-07,-2.2556390977443552,-0.07968127490038945,-0.5021834061135377,-1.3300083125519446,0.0,0.33232054690466306,0.7730535615682044,-0.8351648351648366,-0.09288061018527527,-1.437847866419295,0.8589743589743737,0.14152306727865938,1.8591772151898667,1.175249973592618,-1.362080268045751,1.3006256173855757,-0.8783297336213081,-0.3700679827826736,-0.5015324602953397,1.064421616719996,-0.6733524355300835,1.7862763613471833,0.0,-0.01672031099778648,0.8450704225352101,-0.10250007908160774,-3.4647339579282344,0.5673758865248235
2022-03-08,-0.2911946191970956,-0.8627950584955765,-0.5705164209654981,0.0010856348792831483,0.0,0.7357459020585155,0.3384279475982632,0.7017543859649145,0.6136283769447415,0.3397948715299526,-0.9030544488711767,-0.06050198107445115,-0.14765810527431755,2.5252525252525304,0.42172880552806546,0.19957298941125634,-0.26680126910873514,-0.07624026575178133,-0.32531109847766526,0.706805154505874,1.7163323782235063,-0.10651247717590184,0.0,0.5190682949677061,-0.034351145038169495,0.3069565286145215,0.7162424359222245,0.6342652671214699
2022-03-09,0.1225490196078427,1.020984208175424,0.40979333487322633,-0.08312551953448821,0.0,-0.865882352941183,-0.256547300908605,-0.18005658921373957,-0.7402961184473811,2.123356926188058,-0.01043984587779101,-0.41428289603471224,-0.13479684190255137,0.11149825783971501,-0.8831013321359049,0.6961308078355044,0.08645533141211637,-0.15504734481422977,0.025442864866564996,-0.29394473838918467,-0.09092161454746783,1.224804322407802,0.0,-0.46761273533119097,2.310759941858298,0.10214504596526286,2.2321428571428603,0.31103286384976947
2022-03-10,-0.6504284915010039,-0.04189186712491022,1.5044137686101466,0.6562933577595964,0.0,2.2585808287391096,0.7708553326293499,1.1390705794271705,0.2419842710223996,-0.20540701711598275,2.6751924833616103,0.047365980126057305,-0.1616144965526145,0.13647191140696568,1.1477433364421419,0.353493137413452,-0.02777777777778212,1.45084914704941,0.6300273216314101,-0.16803225184364723,0.0082155767334946,1.7788206797365813,0.0,1.0453895418547798,0.5707151774567487,0.44762757385854446,0.07151690751247552,1.1266882795426314
2022-03-11,0.7317073170731714,-0.23875845602866486,-0.13262599469495706,0.09519640555447628,0.0,0.013264945171553855,0.17086668199902308,0.3963879408418636,0.43948392850928775,0.4866453575040841,0.9232769830949339,-0.09274778764805092,0.36437014280849,0.29827800548962724,-0.23111367904086189,0.542197076850548,-0.8207160039620853,0.0,-1.3355436006505683,-0.34077806201923133,0.06779420849402085,3.178662769455598,0.0,-0.07647513579218668,0.0492368291482137,0.707015923987564,-0.8298636965356654,0.06355904037278852
2022-03-14,-0.243013365735123,0.47960719692394055,-0.5590180408364342,-1.3234077750206907,0.0,-0.20146902939405611,0.49102435946998996,1.1054350556904735,3.9429215170859955,0.8728259039370634,-0.06607024052850408,0.0768639508070601,0.7148377125193006,-0.09666421293594851,0.8839797533316207,0.22740149510398489,-0.1718951439621863,0.37055831804302386,0.23205595126825074,0.908240862441323,0.6190360338442336,-0.9116039732951442,0.0,-0.6951770517121536,-0.4733520336605901,-0.6927374301676004,0.8862876254180474,0.7566168369703363
2022-03-15,-0.9498424539751832,0.5673026488329347,-0.07706535141800419,0.056590952857293875,0.0,-1.0835913312693402,-0.24677889514671536,-0.016832183134152245,-1.5679763881202735,0.652360515021444,0.9350649350649443,-2.270103886110031,0.09765625,-1.3052617530279198,-0.4684183490650806,0.3396708152655692,-0.710522445900108,0.09645159652773572,-0.0838633482931006,0.12569130216188995,-0.11436834177300237,-0.41669609435694976,0.0,0.2816674714308798,-0.5328596802842034,-0.36367904972195997,1.2489307100085556,0.15565744042564944
2022-03-16,-0.8356035015073945,0.36275695284160303,1.0864575363427775,-0.15948963317384823,0.0,0.5402160864345751,-1.8595041322314043,-0.10918864438098086,-2.5578333646793294,-1.2563237774030456,-0.27911697538696156,0.09827044025156884,-0.9406995553541186,4.5323444581788275,-0.18981429527384353,2.003174843147626,1.3728323699421896,2.067771456838985,0.31036277740374985,0.8193965879485621,0.3541722565065797,0.3220761652262816,0.0,-0.5525395995280902,1.6327798681349037,0.421117406138527,-0.06735140596059175,0.11079933291648913
2022-03-17,-1.2779126213592285,2.8001534330648337,-0.05991611743558778,0.6770261380270148,0.0,0.13430705951482658,0.7382076918358571,-2.2798353909465052,-0.7797270955165692,-1.1044360114017715,0.22516887665751106,0.913508260447049,-0.27237354085603016,0.34324201800401966,-0.4444444444444362,-0.2188503063904279,-2.2611232676878146,1.5869980879541057,1.0523747064027145,-0.43135628369971313,-0.09394220308797108,0.2033850392242631,0.0,0.08517196625568157,-0.24307682209376105,-0.6479767162414996,-0.4631125400321179,0.9794400821286908
2022-03-21,-1.9607843137254832,1.1546185077992654,2.5562817719680497,0.2592665010428097,0.0,0.0,0.2928870292886909,0.285935085007738,2.6801320644785465,-0.21261873848797963,0.7561436672967936,-0.2665732421069933,0.5017837291512506,0.2113081897931801,0.45565832426548436,-0.2949417490045736,0.07396449704142327,0.11706352862851932,0.12172854534389099,-1.2102209735222247,0.06396588486141663,-0.4812286452110959,0.0,-0.1945793121949979,-0.5541920689751012,1.0834758255317323,-0.32375415282391296,-0.3403353139732723
2022-03-22,0.38610038610038533,0.07280669821623231,-0.4841312533620301,0.7061592781482773,0.0,-0.3715521182566295,-1.1982341812066366,-0.6393522460571011,0.0,0.6295721010703822,-0.025578718506191755,-0.603112840466935,0.040936464103225045,1.2571707555230072,-0.5526237229081188,1.998815516730823,-1.0047075110812098,-0.2299952018543494,-3.170873134556096,-0.23228681643504556,0.9577314071696152,-0.962948256492574,0.0,-0.15910674865620145,-0.5367102816851932,0.13237727523442988,0.0,0.41380128988472986
2022-03-23,-0.3284956015098743,-0.3939062296695643,0.5665297255590063,0.6144393241167556,0.0,-0.13612873773658496,-0.5605260321224548,-0.014062719730001394,0.224592925322864,1.0572903860339489,1.6412213740458093,-0.3179914624714564,-0.22857142857143353,-0.8376403493138396,-0.42985230400001684,0.13189712024619382,-0.34395094960372186,0.5172147296443108,0.7642055959571126,-0.08390810230472501,-0.13387239283515484,-0.13000144446049244,0.0,-0.5897469391352328,-0.3440401938876551,-0.0004881096960174247,-0.04935834155971319,0.010051230324542582
2022-03-24,-0.4441624365482233,0.32573289902280145,-0.14810825366904368,-0.03594910267332718,0.0,-0.010697801331830773,-0.5650343452249129,-1.483036267290616,-0.48806367687239116,-0.2551223790161927,0.3207657880003878,0.27386541471048353,3.3973412112259904,0.8739375074823474,0.9302971396834225,0.5033335622285288,0.10046473305842889,0.15793251974156597,0.19479792021535047,-0.05910914080642371,-0.21510516252389866,0.5298961689939263,0.0,-0.027976499740212102,0.9988561628874848,0.7438138916065817,1.3297424675980496,0.7654183407137971
2022-03-25,0.6307935421859479,4.6745774901114645,-0.079939647674739,0.6995724834823136,0.0,-0.16407197612526847,-0.187857664811919,-0.06663632959127419,0.7297675528779912,-0.8216726326065849,-0.4627994839050742,-0.0798855985919833,0.035887313834570556,0.468896577327782,0.2710968997636565,-0.2977040590033453,0.6502142751588558,-1.795723994245746,-0.49613263073556846,-0.3896857369529716,0.25881160116332236,0.7068661980975666,0.0,0.43497346262819647,-0.2154830247500239,-1.3867822318526457,-0.04694254811084727,0.002188884867104779
2022-03-28,2.669902912621347,0.7248660573589749,0.20868554919523108,-1.0727056019070313,0.0,-0.7468375721937759,-0.23461065802703462,-0.14766894029955013,-0.46125461254612476,0.3055505645370271,-0.251322470283033,-2.0457280385078325,-1.01289134438306,-0.6536237462791786,0.37712626827509643,-0.18507046705830144,-0.1487873828299402,-1.4292980671414046,-1.5979867882982113,-0.8026984330301801,-0.12710851589716743,0.27840858096168375,0.0,-0.2847480639888711,-0.17707848967267736,-0.925415886306058,-2.919953012250376,-0.18430671269124566
2022-03-29,-4.704463208685173,-0.576726122933463,-0.1688441940379981,0.06048387096774244,0.0,0.7867476800518691,-0.655071154280551,-0.035196395889058874,-0.5626880214945396,-0.18230337371011687,0.04950260763196823,0.062227753578092404,-0.28538490236934555,0.15570934256055047,0.13933573709244973,-0.30451101196798946,0.0715409929889832,-0.14948453608247814,0.0511140768562679,0.02149456493136248,0.14685255533810246,1.2223595659936803,0.0,-0.2553124631760828,-0.009277089073193393,0.008546860822285693,-0.6849315068493178,0.0467303038218847
2022-03-30,0.746268656716409,-0.2823086574654965,-0.6266536694053748,2.467170712296052,0.0,0.04759970667251867,0.6480893696664991,0.1428799524106202,-0.5609125047823238,-0.34256147780538926,-0.43486165083064243,-0.16449654884614362,-0.8247800586510312,0.0,2.5242326332794773,0.23104891983025677,0.6487753587808509,0.3232083108655859,0.28869501023257954,-0.20318710804524964,0.20551193550086833,-2.229160481995268,0.0,1.079679578963666,0.9715125400259039,0.1708965292712398,-0.5298996981712323,0.6407493606872983
2022-03-31,5.560462833824063,-0.08045312393139548,0.261899958809908,-0.5108055009823254,0.0,-0.15470562956596545,-0.32349957629688914,-0.8634548191115976,0.2773685531916925,0.7515812511012854,0.14520813165537216,-3.2125205930807255,-2.223006351446699,-0.43126684636118906,-0.30921052631579515,-0.42025220769280613,0.6926406926406781,0.5347869592653542,-0.05050391596275924,-0.21739130434782483,0.04126023713500645,-0.6045480913357493,0.0,0.44579306211134373,1.013536494116063,-0.2789867202321217,-1.3612565445026092,0.07750373230735463
2022-04-01,0.11098779134295356,0.5403687221869014,-0.358132301378733,-0.30200870630409105,0.0,0.4531076344361784,0.5413168360583365,0.5517241379310311,1.9110697640444152,1.2408934432791563,0.6206540136639571,0.34460500076270995,0.01752848378615557,-0.4136308813000811,-0.24918032786884758,0.19314583421898845,-0.3984458809641082,0.45162059654424436,0.9262793698137761,0.11985119498342985,0.24958492418033495,-0.703947368421054,0.0,0.2994690157541058,0.057314318465340186,0.06396649347135686,0.48777917291150663,0.3145996921771088
2022-04-04,-0.6651884700665245,-0.3587341973208258,-1.0856289862939295,-0.26300531748525796,0.0,-0.32603243604749643,-1.5899122807017552,-1.0118788920432886,-0.6604911297490301,0.04578405188857548,-0.37437290623052455,0.3236245954692629,0.5109231853417828,0.16334178677719358,-0.16738556621386236,-0.323875237625848,-0.662438336856952,-0.3257972159146916,-0.3027615523410576,-0.08929330725403473,0.2684785503668907,-0.2631578947368429,0.0,0.1855657776092423,0.1611842105263106,0.7043803653973058,1.744499014467708,1.3027121118535545
2022-04-05,-0.3334723836198761,0.8442776735459567,0.14546416291985054,-1.2137823022709493,0.0,-0.06620324395897326,0.11508230803914943,0.67558057705841,0.27140955304451414,-1.0231148162182624,0.11713558451000121,-0.19685039370078705,-0.15140138197942687,1.4414802065404464,0.4263713885706899,-0.23699986058830502,-0.6995884773662531,1.2848070346849205,1.025205496072057,-0.39238604107530994,-0.2446353072566243,0.5916373063883595,0.0,-0.034850498210692304,0.6014304291287464,0.7965165675446029,0.6398383566257104,-0.9696969696969648
2022-04-06,0.054511151125563595,0.7495770037574068,0.9607993903996803,0.07788161993769194,0.0,-0.06425118717777734,0.010926573426561781,0.27581329561527923,-0.599964707958367,0.1542978510744586,-0.1323865687808401,-0.11933174224344478,0.18135815329091698,-0.1701908200103075,-0.36073177016233693,0.38405807763102207,0.11209191537060459,-0.28592197722316914,0.05129288235825591,-1.4651553316540777,-0.9667314754806533,-0.43877143996809975,0.0,-0.25661705403622337,0.08677815567293967,0.07938156093363347,0.7371794871794846,-0.37892609537709676
2022-04-07,0.11407142775661239,0.3325272067714602,-0.6600406229411993,-1.0185079191762647,0.0,-0.10799039761415496,0.29802631578947913,0.4441154700222105,0.20176054386580322,0.2180451127819616,0.3910546254429992,-0.4592651757188482,-0.9482129832239172,-1.0679373570440798,2.0295439948619043,0.2801207755821822,0.00643004636032285,0.10206537803762461,0.17764095445263287,0.3335614095107742,0.7592280721128608,-0.6596276692213965,0.0,1.6715116279069742,0.2873563218390718,0.569154516548398,0.10383635433472427,0.045369652044757736
2022-04-08,2.63736263736265,0.3026634382566673,0.10285788304804644,-0.558841266445087,0.0,-0.11114408904517314,-0.20697167755990842,-0.9971076267316081,0.0686341798215695,0.20929561200924152,-0.1341790680653765,0.05994005994005569,-0.1121240939377377,-0.1792920194122083,-0.06309148264984632,1.001371742112478,0.20778501177447506,-0.2591917058654136,-0.054465486970289856,-0.10495441712105776,-0.34190371991247304,0.1806623448414535,0.0,0.3829203092262201,0.0598029649680587,0.236921299254933,-0.20698642816729396,-0.07514349398519693
2022-04-11,-1.2670758491219403,-0.10425975573428725,-0.2936295161496183,-0.7788161993769416,0.0,-0.06525572369072326,0.39853511417493603,-0.20541129450586393,0.10327052968361894,-0.37679510877292044,-0.3867536862460663,0.11904761904761862,2.841950861752851,-0.18791105543375375,0.8963763509217904,-0.08986477807039206,1.2891844212240544,-0.9753271208536418,2.9736211031174964,-1.0074254201224653,-1.2482158349892192,-0.16640042598509153,0.0,-0.8591190389515835,-0.4637461209486382,-0.17714890957280516,3.021456721646465,-0.16452333273450082
2022-04-12,0.4444444444444473,-0.610873549175317,-0.7963446475195868,1.2109375000000089,0.0,-0.4865578096651668,-0.3444676409185776,-2.1970233876683287,-0.6224064438369037,0.12631373875716112,0.18248509699683446,-1.4191485108934643,-0.07138720063382675,0.21390374331551332,0.6148130171281574,-1.328790459965934,0.04214213302670411,0.38290764285789924,0.0519255125381507,0.26527544433636585,-0.3382542640103292,-1.262440718722857,0.0,0.5025311310645542,-0.9697008234508586,-0.7960615900282852,0.09422787999505688,0.2699707260655604
2022-04-13,-0.5500550055005493,2.1785823872353616,0.2872062663185515,-2.290909090909099,0.0,0.011690151113622852,-0.29406554777621774,0.2881395529943154,1.8307426597582,-0.3820574501202878,-0.7137859548627612,-0.2324320023937417,-0.3955885162839845,0.22002200220021528,-0.19096658133345712,-0.619047619047608,-0.19376479334857755,0.5226227921606652,0.03615191868890366,-0.609805901214594,-0.9372952337540319,0.09409234491564167,0.0,-0.10282042628261268,-0.22553441851344003,-0.14732189834788523,-0.8875478503037049,-0.19848130999792213
2022-04-18,0.23024453024453329,-0.9806926141587513,0.027049018427827143,-0.43118936399568764,0.0,-0.37492487127526175,0.010633772862611579,0.0,-1.053525913339004,-0.07162297665090911,-1.1747430249632873,0.1640689089417391,0.08063067558127246,-1.6982401076112486,0.6842719375471762,-0.20226537293299152,-1.3063673529366049,-0.25828408398840264,2.586233565351903,1.2041049030786732,-0.6908391047809992,-0.5815908021246541,0.0,0.16429125140036507,0.5754582044373402,-0.2212855637513167,-2.043182147514855,0.6771358593862464
2022-04-19,-0.2773556608364869,-0.2106158078286402,0.5149993562508115,-0.30361198319623917,0.0,-1.2909256282688297,0.5503227854799508,0.23218811943440665,0.2131433197959609,0.9004607008236798,-0.16280525986223093,-0.030006867507048618,-0.40384808960071683,0.48496045262975684,-0.2603198214949809,-0.26327500738107523,-0.33800150197687007,-0.27319450440669857,-0.4315659679408168,-0.559137391532416,-0.43245667424800516,-0.009751182796025049,0.0,-0.40725417362748595,0.10696632327931721,-0.14840206558350277,-0.20319303338171002,-0.655028218849596
2022-04-20,0.11223344556678949,0.5644402634054524,0.10424811050300242,-0.26126939061874577,0.0,-0.05636698912184398,-0.6569121193982749,0.45055026220548466,-0.3547041653845673,1.8131790602511577,2.514269879345473,0.4860524091293339,0.44232608127104944,0.2339532093581287,-0.4892736168611189,-0.34055425735382006,0.026333113890730786,-0.24895868243404173,0.10469072861360451,0.11815189811648641,0.0038231345418804352,0.1018744906275515,0.0,0.13050795108949798,0.6490196744707522,-0.010751532093322691,-0.3194424277624619,0.1200047129245152
2022-04-21,2.3359288097886566,0.030740854595756595,0.21631435866676374,0.5687877710629063,0.0,0.16979304167956677,-0.44892666003872317,-1.1364469535889765,0.3416789447671986,-0.28003476443723696,0.3980432047255252,0.1595549335477231,0.16367378322321158,0.8917954815695683,0.01946795476249763,-0.4304243484069603,-0.8825283243887871,1.0786710772328512,0.24832153039640037,0.1981384204220893,1.6769582797856009,0.09816295049782653,0.0,0.7961725283956111,-0.1205999666062274,0.13218770654330747,-0.13396986253682575,0.11539349180706981
2022-04-22,-1.4822526870719666,0.8107265357031546,0.039071994630840434,0.0027034959575011897,0.0,-0.14588291747338333,0.8067940552016983,0.1296568335369619,-0.46178303387064784,-1.866986050443853,-0.6485896571573909,1.7947635135135087,-0.23486901535680893,0.5200239091452508,-0.3225379813307283,0.8060659881139465,-0.7352040191153097,0.43067748427010333,0.06735922513974035,0.3107631522795362,-0.3078358208955301,0.2140563681769514,0.0,-0.2827563552764645,1.7697377601309405,-0.011134617525887514,0.14727540500736325,0.2122113522668334
2022-04-25,-0.5013064576334381,-0.7013069811922179,-1.3233287858117393,1.8524991261796409,0.0,0.1642798795256084,0.5883201177967035,-0.3252080750126988,-0.16520532317340816,0.11769032732622531,-1.0752266390081273,0.7692307692307665,0.01848770567574043,1.0725086751626645,0.04060091025108736,0.8080245193647251,-0.022922969137934013,-0.8690669468054524,0.10193679918448773,0.12008128579348298,-0.46047582501917983,0.4179878927645042,0.0,-0.6216900759843491,-0.0261369576581294,-2.713612917694541,0.05229092371163239,0.377380569288821
2022-04-26,0.05743619874054029,1.4367816091954033,1.0699588477366184,0.06930006930006005,0.0,0.16747613465080136,-0.18255578093305802,-0.7145501218049022,1.1734693877550884,1.1316430310843728,0.22473034703667238,0.4002527912365883,-0.8576642335766493,-0.14599428088995503,-0.017315485064106628,-0.6644745855596712,0.17618976147469878,0.04823926676313928,-0.5665398648287079,-0.009666897424864818,0.14476351781788632,-0.9338521400778288,0.0,0.32965241300143927,0.3638666874231755,0.24052227694422168,-1.03846716396081,0.05752912411909339
2022-04-27,0.44893378226711356,-0.7069938449540625,-0.19685184265072855,-1.7394391196308034,0.0,0.1346065483419164,0.29677321495939674,-1.5720041077494362,-0.8090763749271979,-0.9508484493856106,0.636376924055504,-0.10404417573458002,0.10993037742763612,0.09131907530657846,-0.3842897153650715,0.2487332694582678,0.9531956495173022,-0.3724216959511195,0.09775204129262582,0.2429231523792652,-0.24976784399116658,0.42339990120670024,0.0,-0.162955936638202,-0.23704186282858344,-0.24408529118443156,-0.17621022296815947,-0.012159616689627617
2022-04-28,0.3954014678632378,0.65257924176505,0.2649720529277588,-0.49157303370788163,0.0,0.06639004149378014,-0.6126825283365722,0.1402440760001474,0.3798342541436295,-0.5133395994505019,0.7004497553949385,0.08449514152937265,-0.11005135730007831,0.0,-0.07145641158894378,-0.3615468343714179,-1.6566449871149858,1.114355170468595,0.1606774682953079,0.05475666871999074,-0.24561403508771562,-0.36356172027386946,0.0,0.4484105768001956,0.6838205443179368,0.1456909111285487,-0.289696630836056,0.676061503905534
2022-04-29,-0.9900990099009965,-0.04145741967229721,0.18680069111256525,1.2383214515692686,0.0,-0.1734104046242746,0.0,-0.4380375915896795,0.2619629758993991,-0.024940002447948473,1.7412333736396501,0.17072129748185727,-0.26153558752101125,-0.7213595794106853,-0.5593288054334677,-1.5252941995130942,1.2275963663147538,0.15978328243259807,0.018338044015867954,-0.33398919773480196,0.07273187237135659,-0.4697985229324575,0.0,-1.4810606060606024,0.9727503168567742,-0.14215027538242442,-0.0254780203427248,0.4794347716376546
2022-05-02,0.0,0.7546079350203017,-0.0891799655327763,-0.49384823981402093,0.0,-0.21824897171156543,0.7397513613480067,-0.4847154751490723,0.4921845010176895,-1.447178002894356,0.3831417624521105,-0.8033000434216286,0.6953580154106298,-1.1245949552068146,-0.15618633709085783,-1.4223512336719812,-3.8935436175455918,-0.5141520553347212,0.20036281731159455,-0.47942654999070244,-0.5470140799482159,0.16429668967771574,0.0,0.38722933459773845,-2.08385876418663,-0.10909741650443339,0.8660053534876422,-0.6170393433342802
2022-05-04,-0.9426367563747226,-0.34128432682176135,0.6632034052202807,0.1022115308466039,0.0,-0.49441650328190256,-0.010193679918457654,-0.23190296153452472,-0.6933976525937802,-1.241050570076413,-0.08891146957956675,-1.387957436344539,1.0877862595420007,-0.12578535814846692,-0.408078572416648,0.029929652443783095,-0.28401755744901225,-0.19922984926640241,-0.15960442925339602,-0.11329839966011113,-0.24845601904954495,-0.5887245583168665,0.0,0.049435818769910655,-2.0131617337180274,-0.47930080672536346,-0.5402828539647242,-0.6935316983137207
2022-05-05,-0.37784039868175023,-4.577240940877314,0.7864002329452946,-0.12233523690467485,0.0,-0.44236273744471255,0.044749669683930016,1.1434682461336054,-0.9440684004274891,-0.013693770264727734,-0.08993961197480971,-0.2408119033408901,-0.19238168526356514,-1.563031904029194,-0.32890132960112783,-0.5522703999214618,-0.05333333333332746,-0.9890003859513663,-0.527604657121635,-0.3292258489323685,0.12792078888813063,-0.4539973043910073,0.0,0.2041137303350926,-0.05651971540662215,0.08249852681203595,0.5878510777269863,0.0111327952511453
2022-05-06,0.4700352526439522,-0.6466984343090676,-1.1737451737451776,-0.7673526334147196,0.0,0.3372381966631144,0.4068433131650284,0.21414547261346395,0.36717459151827114,-0.7675433578609059,0.45325779036828884,-0.41441269609567843,-1.2485136741973824,3.935612493539087,-1.5826708482240437,0.17527815881726028,1.5989988876529582,1.3140736282475807,0.06357508985487259,0.04803073967338811,-0.6812824900713554,0.5615547170848112,0.0,0.5630718698678372,0.580519213644759,0.625997299619474,0.8579272477693856,0.178470254957519
2022-05-09,-0.953516090584039,0.5294740557712618,0.0,0.424628450106157,0.0,0.19844849359553773,-0.18486516454407909,-0.8956791590846502,-0.16042793018906654,0.20798028038824246,-0.1447387465624561,-0.26726057906458767,-0.8865605480556149,0.0,0.5914467697907044,-1.3163018926707792,-0.08258774948383119,0.9126150916477171,0.2693134580052973,1.1693243652068919,1.1023521117733859,0.3482803656943867,0.0,0.12087482307232926,-0.1233079275037352,0.5072463768116098,-1.8122195374525418,0.15794890248661542
2022-05-10,-0.23602872165743027,-0.31082658896937065,-3.740157480314976,-0.0350508236943603,0.0,0.46009555830826,-0.7376729591860365,1.3912598156367473,0.8826774549466787,-0.1573440327275577,-0.4883101509322252,-1.8893694513999582,-0.31266783349697125,-2.2031250000000058,-0.4097395224295475,-0.12210869435814731,-0.5616526992540172,-0.724421950977483,-0.9390862944162359,-0.27351536785499286,-0.07352198787203168,-0.35419979760011877,0.0,-0.04289630600522454,0.5005666573507428,-0.983608543085196,-0.4623259102156163,-0.424085828231191
2022-05-11,-1.860275009386736,-1.171303074670571,0.6256340886033218,0.08408732039205669,0.0,-1.1235955056179914,0.6317254496838398,0.0,0.5783582089552208,-0.5359962925739481,-1.8083182640144635,-0.30761949834359203,-0.8472430317364055,-1.7056690837178534,0.3310784551858237,-0.49450549450549275,0.44605823434235026,-0.02512310320570421,-0.32101171901932996,-0.9314456035767527,-1.2427184466019425,-0.814091178211962,0.0,0.1474553323024569,0.18483867774312657,-0.20976667578403996,-6.672597864768681,-0.292793414910375
2022-05-12,-0.25403834788888524,-0.6403532392285805,-0.27100271002710175,-0.16556694224632018,0.0,0.08590347420559159,-0.005738065977839435,-0.5599536590075282,1.0142383460113091,2.0787478601125065,-0.2671485898589898,-0.2690150750252973,1.0656080234015874,0.5313588850174078,-0.5381089186874188,-0.6706528765352271,0.9441939120631293,-0.31645569620253333,0.06376820521303839,0.24467314298790935,0.0,1.4120862435469173,0.0,-0.4007322717941131,0.45326617375257006,0.1526523343086117,-1.856919468334639,-0.15373434704829547
2022-05-13,-1.2117086453369619,-1.2186115214180226,-0.8151658767772463,2.868135711787345,0.0,-0.6425323730623211,-2.0353388503690506,-2.1324656888705995,-1.396327467482772,-0.2598792325918975,-0.7287080613329389,0.25062656641603454,-0.927891766177813,-0.4465439401692084,-1.7706641923760813,2.281642782803628,1.094941094941082,0.8710709975337183,-0.005107446299112972,-0.08686458100691796,-0.0770741283231069,0.22283545654008252,0.0,1.9101035456542403,-0.4819196228967426,-0.48979323945065323,-0.7439908431896347,0.016826046720330723
2022-05-16,-0.5101888192123908,-0.04947783706157708,2.5774267304094822,0.13513513513512265,0.0,-0.532549811771188,1.950383126404076,3.040711182947775,-0.21512226426820455,-0.2357414448669104,-0.19905794411240554,-0.563524590163933,-0.583745815632325,0.5463533084728356,1.4747634069400606,-0.3393228965836381,0.16425307557118018,0.6622282999032225,0.07766738940486739,0.37336358050947815,-0.4837041731994507,-1.6251904520060867,0.0,-0.151936287309834,-0.08996539792387459,0.42102577188058987,0.07513170651973766,0.3781496819463992
2022-05-17,2.0645161290322456,-0.43478260869564966,0.8960915157292693,-0.8376507929758933,0.0,-0.20641771439294798,0.410490307867728,2.7246653919694053,2.400000000000002,-0.03795930762222621,0.8955223880596996,-0.40650406504065817,-0.14429828279515222,5.400168491996626,1.4296814296814286,0.19424729174448707,0.06905576516588185,0.09856845704759865,0.06787549694560191,2.007307929578128,0.6241447214712537,0.17535480461845868,0.0,0.19909782089743144,1.5123975444974125,1.5867927931198178,2.1015046579561547,-0.3390108538152248
2022-05-18,0.12658227848101333,-0.3415444770283438,0.521676560532458,1.2794612794612803,0.0,-0.06905323127575635,-1.249426868408987,-0.7708856220867588,2.969742248785945,0.09640315757317719,3.0958864841622358,0.048152213076968486,-0.888797023563459,0.4128047355713038,0.6026379624014533,0.6657018813314153,-0.09618026930474644,0.8645809154767795,0.09574875526618953,-0.4291530307211522,0.4143522145060863,-0.24365032486711735,0.0,-0.7226608669115786,0.026804261877644286,-0.5291005291005346,-0.6879955272355687,0.08607374781701704
2022-05-19,9.339975093399744,-0.19711148229390463,-1.134001134001139,-0.0693962526023606,0.0,-0.14269406392694028,-1.5548961424332375,1.5388127853881328,0.18222753620147358,0.9496448806958879,1.8434447654422925,1.4040561622464809,-0.021235931195573432,2.1085070148406437,1.1154144074360994,-3.622336517266711,-0.38631387822205543,0.30034257906721984,0.7402597402597522,-1.3023077659676252,-0.5034763845600532,-1.109611635927421,0.0,-1.7534892864163543,-0.42545949625595325,0.0,-0.5421574126004858,0.250979094268855
2022-05-20,-0.23201856148492572,0.6547647152146027,-0.7123287671232825,0.43436442331249436,0.0,-0.05682302435684461,2.392344497607657,-0.22934760932027398,-0.6962257237083103,0.7614016004972468,0.3450179409329346,-0.17948717948718107,-0.8389261744966459,-1.0732496879165498,0.2859292701279159,0.37766298573747026,0.6872389165880621,0.8873290977571724,-0.0849563846473278,0.35048434990019306,0.45037301887442815,0.037875918491026006,0.0,0.0,-0.3652844483528317,0.996139957664055,0.8549531625164919,0.2535659468050899
2022-05-23,0.2844141069396955,-0.119180866072414,1.0253987008833287,-0.17331623050861888,0.0,-0.1622838318493025,-0.017677247485037295,0.9015323660426899,0.902527075812265,1.4382530120481851,0.6472231465301292,-0.29632910212182284,0.9945162080389203,1.20127361165267,0.003854633468686197,-0.6256365488141902,-0.1593766959778864,1.278048780487806,-0.17446368570689375,-0.5302361916196818,0.6270914072477707,-1.5057708476649112,0.0,-0.7212902180079528,-0.46754954084751166,0.48541719610726286,-0.04609994468006695,0.45066925734025265
2022-05-24,-1.1507479861910253,-0.41910543331884487,-0.4126840095951323,0.30952566233619083,0.0,-1.2204497405342907,0.11395920492595635,0.0,0.05083901660999646,-0.07485029940119681,-0.9803921568627527,-1.3374485596707841,0.0817144176238016,-0.032331070158431174,0.38387715930903177,-0.4407875404055295,-2.2521915037087004,-1.4009549328579396,0.6573011986080735,-1.0509177027827055,-1.263309253997058,-1.6363346104725451,0.0,-0.9881987831271255,0.3670614308470155,-0.6642436395538187,-0.8109898999211255,0.808862786972786
2022-05-25,-1.4285714285714346,0.0,-0.35553892215568483,-0.44142614601019314,0.0,-1.318725907892071,-1.1516990794565973,1.500205507603769,0.1926687363756785,-0.1290126735979391,0.02809533885173021,-0.6359300476947438,-0.6258626305909398,-0.8952254641909962,0.1789442290486054,0.13446884805021764,0.2506614677621366,0.5107189700030582,-1.819369590070219,-1.2484076433120994,-0.6864589866889759,0.6733206590620933,0.0,-1.0115430109719714,-0.4438491154518054,0.20392556716799515,1.9379844961240345,0.4248623131392515
2022-05-26,0.8805031446540879,0.8963091940031753,0.44042466909980743,0.2813670001169999,0.0,0.5581972057908224,0.17096104530467393,-0.6736842105263152,-0.07577318268912059,0.2640301950587287,0.6723001278963378,-4.881301680448102,0.08348987685242726,-0.13633529751431173,0.022356360384523377,-0.18962651445204037,1.568873396083592,-0.43693170247204316,-0.19628064805882195,-0.09109784914745529,-0.11483264432969136,-0.41954782068214236,0.0,0.18661901925749458,1.7253743938443256,-0.2538416242318764,0.2196047115192723,-0.4071547216039473
2022-05-27,3.1591737545565213,0.8630085495172524,-0.49090655441488273,0.20711080428028605,0.0,0.14923782112781225,0.030485583036843344,0.15594136604637487,-0.237392732414482,-0.23156581408410037,-0.33160322952711097,-0.5382131324004336,-0.9694415173867266,-0.02412157272654314,-0.2970583973337271,0.18545994065282123,3.2528006478607097,0.8392542081922638,4.633407924180588,-0.961204974483465,-0.9751407773657461,0.38732404481537364,0.0,0.12579873180635173,0.1987575561994137,-0.38920276208411764,1.1673151750972721,1.3840018766127171
2022-05-30,1.1862396204033177,2.772429726607628,0.13049962714393182,0.06894174422611421,0.0,-0.13281569268491777,1.5064998177621192,2.1558704453441324,-0.03580683093144188,-0.9398672447425316,-0.056705415367164225,0.36496350364962904,2.643726395300039,3.6053423917239202,-0.3235315263498406,-1.1907370881729995,-0.13274770489452026,0.027972027972023028,0.0,1.9824535892588813,1.2624916722185242,0.3474880069444741,0.0,0.22615001158938774,0.9253691454533142,-0.9104514841606348,0.45437334343052527,-1.1229253112033266
2022-05-31,-1.433026952181967,0.0,-0.5833029529712097,0.37917959324369477,0.0,0.40253597665291796,-1.0439164866810624,0.3779435991859481,-0.18316537011426512,-0.8837316529624273,2.285714285714291,-1.0769230769230753,-0.41242654810871304,0.0,0.025772373868297265,1.8596067854354414,0.21577277508437,-0.15498051002678093,-0.009037233401609779,0.02590649301976722,0.6202480992396842,0.1881888136944602,0.0,-0.43594318146382427,0.0,-1.3428863048400963,1.220198986296217,-0.21789965986394044
2022-06-01,0.5199845875457335,0.439560439560438,-0.47084389713871744,1.0366275051831408,0.0,-0.9462927425247014,0.04773269689737347,0.12464397050639398,0.04541186931021346,0.518575923247111,0.7905686546463286,-0.1547987616099089,-0.010050757929686016,0.3382463665970059,-0.14028895363855653,0.07085665698292054,-1.579579482944793,-0.07884836934834438,0.1092262093638996,0.05914583591843381,-0.28263616412848025,-0.2533783783783883,0.0,-0.30856871587943147,-0.348397085651192,0.25233409033560417,0.1857993431360764,0.6634711728545462
2022-06-02,6.728538283062635,-0.14529604068290736,-0.95340888649037,0.2738999174916823,0.0,-0.705484896661368,0.30105356835234964,3.9622641509434064,-0.08922198429692774,0.07788161993769194,-0.3445145165610175,-0.05125576627370565,-0.20610057708161378,-0.7897045919859624,0.009868016622264589,0.21061805505118159,-0.14116698037106024,0.033122485719871975,0.06328173595929372,1.0680648606660847,0.4355108877721836,0.007808267545783565,0.0,-0.7748809427718273,0.18133029071075724,0.21917009165330903,0.37735849056603765,0.21469124449031707
2022-06-03,-0.11425605288592489,0.09187354997395869,-0.41775077234557645,-0.4666666666666597,0.0,0.647566718995285,1.0601955471787106,-0.5617460171286615,0.13606250765284544,-0.45608078128904217,0.09287050681923148,-0.5224057035074781,0.007283673967458289,0.03491668048535845,-0.8534950721987511,0.22294887039238098,-0.4730206422730754,0.0,-0.2657616151220288,-0.02881694648648736,0.30595469355528815,-0.32236788336801325,0.0,-0.5865811992746661,-0.10464795081550349,-0.7603767064268685,0.028279203628478466,0.08612173727501708
2022-06-06,1.784686383485512,-1.986994219653182,1.041771360169741,-0.3062613036570294,0.0,-1.092679050362566,-0.2304783803442234,-1.1741682974559686,-0.18448197049377724,0.25267218588220786,0.9364737553131275,-0.468505986465384,0.2069857003400566,0.2848148703342712,0.2067946824224398,-2.0642027775669813,-3.006118648576739,-2.5341796875000044,-2.4480029449659546,-0.4437965953195233,0.15692795739007392,-0.01867541362606806,0.0,0.07425129939775399,0.988887418970763,0.45798949184555626,-0.3466717008106246,-0.03256140592657886
2022-06-07,0.5268703898840821,0.2243829468960401,-0.4010207801677046,0.26015700866554764,0.0,-0.09211873080859911,-0.19152501795547394,0.4008016032064132,-0.21175065775257407,0.9217362968907628,1.8967921896792195,0.0,0.4355039402737404,-0.8136206117221767,0.0,0.6569949278639742,-0.2419214688835658,-0.38366720228180107,-0.6949466997893117,-0.9447745203077895,-0.12589034288554846,-0.14460765659487507,0.0,-0.4085106382978654,0.4320659399096094,-2.011788826242944,-0.18857250612860366,0.18396901943875665
2022-06-08,1.9565217391304346,0.4423490352954085,-0.18187224791719192,-0.36887994634472454,0.0,0.09269621064806333,-0.05376986497789282,-0.3457703043876048,-0.08795346335439547,-0.02263850266800797,0.6439640162803517,-0.47067699084990533,-0.2079866888519133,-0.7058646842381999,-0.5070443988743456,-0.25950236605098986,-0.510053051372078,-0.10350359674998755,0.4226650141418098,0.0777718368735636,-0.138912932889775,0.5620110883268747,0.0,-0.6989893593339458,-0.16055999936852583,1.1310989316289821,1.297214803510105,-0.29344490893119524
2022-06-09,0.22197507261296212,-0.03690036900368954,-4.109589041095896,-0.03374957813028212,0.0,0.5821274352595643,0.6006374111301893,-0.178235468858301,-0.2697635929125604,-0.4828585224529225,-0.17385751424762175,-0.48497662948282877,1.577090682714255,0.10230483312280159,0.2467368632332545,-0.2195639006662531,0.3377685167825291,0.021713103956044755,0.2406950811977615,0.2283929691815345,-0.01893175274338965,-1.4279134039613006,0.0,0.24717071882768282,-0.22316428531891086,0.03846519635701262,-0.2631578947368429,0.19944312996085234
2022-06-10,-0.325027085590468,-0.05530973451327581,-0.3672053689659338,0.4403794037940445,0.0,0.0,-0.1783166904422262,0.29868002697754914,-0.21023125437981127,-0.3549026081214879,0.8258678611422043,-0.26997840172786614,-0.013891952470786636,-0.2591463414634232,0.07634753397465222,0.1854874610476287,-0.2019008245291498,0.021070375052678614,-0.25894312841661105,-0.358247043235016,0.1684545847020602,-0.08949421809302804,0.0,-0.0904006185584505,-0.21142523280199832,0.08995282105762614,-0.10211027910143056,-0.02412268791811001
2022-06-13,-1.832760595647187,0.367355645031725,-0.4621257785814792,0.3359404982621883,0.0,1.1449984386384893,0.006376244565309275,-2.233761144312729,-1.0352465010832312,0.04213009774183263,0.6174612291786508,-0.3618146395769628,-0.19680483199845944,0.4786215698787455,0.3108969376651727,0.8445818565719021,-0.309455815359333,2.2526453583506134,-0.35727162476646424,-0.09029798334504457,-0.17079716964690794,0.8481965913595069,0.0,0.6704013224354766,0.04333206202274398,-0.11747813601357127,1.2277580071174299,-0.06345177664973667
2022-06-14,0.3529411764705781,-0.11307129077832156,0.36064314322315494,0.5999370452900443,0.0,0.3771630865968619,-0.1331614388805765,1.6147178930755457,-0.48957388939256385,-0.033607797008916585,-0.5112230837758969,0.3403721348229897,-0.8304940374787129,-0.31897926634768536,0.19707824083821102,-0.47256241799238374,-0.042559228259320125,1.5145140933950474,-0.20245559038662986,-0.1330707914279139,-0.006929046563197705,0.4854368932038833,0.0,-0.6887548392905507,-0.5405536206642858,0.7615862997819356,0.0353919660236901,0.03680877131558291
2022-06-15,0.11740440318701306,-0.20963341363596233,0.04570772519876994,-2.8633675692499194,0.0,-0.3343782654127492,-0.6232769986815212,0.21238414529647365,0.036690515501724974,2.4981510395266637,0.05624296962878361,0.4581602142899821,-0.12856224555388707,0.12799999999999478,0.06322772275466848,-0.4922780731439702,-0.13990450820709674,-0.8122362869198319,-0.2549353633983287,-0.09663092075389845,-0.28144544822793494,-0.24997420546149693,0.0,-0.31530753282652535,0.22875607165631084,0.017769544072928262,11.979166666666675,-0.008604864616795771
2022-06-16,-1.056235957535719,-1.1082396274594009,-7.76,-1.5059275873117728,0.0,-0.3541091192906187,-0.3500604042889044,0.05551171552765077,-0.8132363572788848,-1.0662025264599917,-0.8356940509914978,-1.13420333745603,-0.21414976354966475,-1.339714964449401,-1.0769598848675732,-0.29337542533742766,-0.033619850443549204,0.609527883227301,0.30865210967001566,-1.1504956589870867,-0.3368055555555527,0.040133389143655794,0.0,-1.9949472950605562,-0.14688657870979283,-3.6278220018269525,-1.3104675618831996,-1.8292962064928198
2022-06-17,0.24360535931791105,0.8796481407437051,-0.40358744394619617,0.8558262014483065,0.0,0.09720272167621502,-0.11001100110010764,1.5357558062489618,0.5735122407331539,0.3968291915419919,-0.05118462577901328,0.32041945819980544,0.42325685007797986,1.0563993451902287,0.0,-0.2561125819516452,-0.13261995277285,0.9896479154278159,0.7007349171081811,-0.3340292275574197,-0.3362289342101865,0.15774589397563044,0.0,-0.30328728120543696,0.13486477576537537,0.041407867494824835,0.35166275102086475,-0.3494291652860193
2022-06-20,1.025641025641022,0.6075334143377908,-6.386066763425246,2.3875432525951368,0.0,1.77646188008882,0.062073246430793816,-0.3886351842241842,-0.5604956951148821,-0.3494827035623427,0.29701332191873764,-1.2279125486672537,-1.1866674472325311,-0.5689145289620223,0.4825567597500413,-1.157222665602553,0.6640751046683269,0.28959311394929355,0.6195786864931829,-0.09409304756926584,-0.6331151411095526,0.004439829686059271,0.0,0.14304233159001534,0.707243296265514,-2.016524296317035,-1.1188803390208502,0.4541923145879423
2022-06-21,-0.44066455696202267,0.07958615200953645,-0.07826767545003888,-0.5440603840804137,0.0,1.1774426771328228,0.024577856677981957,2.469643959662493,0.27639579878386833,0.1741168350702038,2.161854643720651,1.0619469026548645,2.0421464262437405,-0.16721076518831923,1.6540044317822078,1.282355734979812,0.33611441311522383,-0.03736521831963491,0.27313902430590176,2.711340206185553,1.0747060260302144,-0.08898782674536254,0.0,0.8239700374531811,-0.04745119305856749,1.8679950186799577,1.7412351816469829,0.14439202436608012
2022-06-22,0.3163960857557879,-0.31387699606136854,-0.42746460058776803,1.1162207357859555,0.0,-0.09220393262085458,0.05805228366959625,0.5062280925360948,0.5647658954272217,0.43355010838750374,-0.3544392172819248,-0.8831908831908875,-0.7804032083243095,1.0161290322580507,0.6709801102324331,0.6288813772502122,-0.12356462634710574,-0.6479481641468721,0.2737858443192387,-0.5022550225502243,0.4439511653718142,-0.2975724353954545,0.0,0.03309395471866594,-0.2616311149726047,0.5340271121456963,-0.21241830065358291,0.07509762691499944
2022-06-23,0.12258153115333736,0.23866348448686736,-0.6350082827167314,1.4493028359866322,0.0,1.6101090390298722,-0.1242236024844745,-0.02897710808460463,-0.42016806722691147,0.7743174710365508,-0.22644781740922548,1.5075918921896192,0.9237379162191139,1.0947738532843143,0.2374723538704493,0.7858088221812739,0.1826922715359558,0.07981504926515282,0.013558402820157411,0.28413579513435483,0.09103271062683993,-0.17000977903230594,0.0,-0.30372836566184835,-0.053546723071492185,0.47924630226703346,0.19952780853943475,0.3471386923883972
2022-06-24,0.543341708542718,0.1365259152292908,0.5032149846240008,0.3939592908732692,0.0,0.10630081292872795,0.1305553430291706,-0.20811654526533552,2.4176954732510136,0.40192509492938955,0.3648610721302292,-0.1606276770352688,0.1881470589800205,-0.17916859671882612,-0.0314861460957272,0.07507350776373989,0.19774503076489167,-0.3644932040579289,-0.14730991998392895,-0.3836836946595812,-0.6584656549549095,-0.18445303039811844,0.0,0.4960450462528687,0.17343667726300582,-0.6184210526315903,1.2864354339684025,-0.7289440557393445
2022-06-27,0.3726708074534235,-0.11732499022291121,1.7161536366112617,0.0,0.0,-0.030114434852446248,-0.012151216798750308,-3.3540925266904,-0.6668266389229294,0.8003841844085091,4.503384445365377,0.6104328523862446,-0.8335114340671024,1.8619262891732546,-0.16705096490375881,-0.1261392600729716,0.07704320216569416,-0.2602613457680425,-0.17124394184168112,-0.6184538653366656,-0.12876990850559933,-0.28205735753270567,0.0,0.0044444444444513564,-0.7530056334411561,0.07761966364812078,1.6109045848822667,-0.26256010856416934
2022-06-28,-0.9592326139088891,-0.059618441971381886,-0.16420584005065186,-0.06467279955112426,0.0,-0.06167763157893802,-0.15004971929777344,0.5098096424168252,-0.3564154786150797,0.25896335667255355,0.12430249981910113,-0.013135066986616484,0.0,0.07720571535944076,0.30944309617157995,0.4849312451597365,-0.23029109939938786,0.043088714669155724,0.14963692690718178,0.009715251040048889,-0.10213264467757721,0.2113667157608745,0.0,-0.5970443474035081,-1.5528265502892546,0.19832281397812734,-0.014605588723948237,-0.32865252464894246
2022-06-29,0.3041255932822229,0.2023858600432804,0.0,-0.11616610758277135,0.0,1.0041841004184038,0.1566969677322505,-1.2412995193401422,0.1718213058419238,-0.38606094987281847,-0.6329449467684795,0.04294609494991386,0.2012264085622717,-0.008105422986004474,0.13811064635782522,0.3235765724310909,-0.28624282355625974,0.03217330687972364,0.5526647295549303,0.1216468170096352,0.0529828337640037,-0.10182364639576558,0.0,-0.039502216417452996,0.6150104239054821,0.4612440056924405,0.3426672336789875,-0.015220236826885003
2022-06-30,-0.35799931483384934,-0.05868386911195844,-4.815493326354369,-0.44303797468353556,0.0,0.28352409954846003,0.860624487744203,-0.14327490852256153,-0.14303593777935664,0.13521619617948843,0.07740936653335417,0.903444381705254,-1.1717085641244185,-0.3499961956935138,-0.05963668951093348,-0.46796317596208836,0.5551794177386604,0.008027400192667233,0.19907271581823816,0.10605524973485991,-0.34301239599252575,0.06292771179108314,0.0,0.2509819675955982,0.11115743536992406,-0.10804626922588101,-0.2804576383616253,0.6179666734928979
2022-07-01,0.06393424475277243,-0.43577821776071834,-3.5535813436979535,-0.2337073275983481,0.0,0.16792160297897651,-0.11981787682722178,0.0,-0.09627443290801119,-0.574112734864296,0.21126857505882057,0.7315700619020982,0.08513691090799765,0.9559744489646027,0.203745275938505,-0.08830716359242707,0.16551724137932045,0.03164890811266918,0.29587830555988237,0.14679905454385578,0.15508246462281328,-0.33783783783782884,0.0,0.5636519790387706,-0.6031735151992845,0.6715857702344619,0.16961521567879223,0.5319665604705093
2022-07-04,2.567009270455467,-0.4504001675191438,0.8352534562212188,-0.304595212997046,0.0,0.5323199306576543,1.1848065977465572,-0.8228448767530316,0.10851871947912262,-0.6406730920019754,-0.05879852758149395,0.2580275229357776,-0.02122691572914448,0.876518529909287,0.21744195076491835,0.19711499528162757,1.4835164835164782,0.5177011975108448,0.1858974358974308,-0.0357015351660106,0.20393596410726023,0.0,0.0,-0.7638557354281428,-0.24869847796531452,-0.03255245749950175,0.3533747346290861,0.22652930704339194
2022-07-05,0.0,0.11736409783576669,0.9380006443162503,0.061811489366275785,0.0,-0.36660649743009976,-0.7660167130919215,-0.009429626254886525,0.3587899797069675,-0.970957604324385,-0.06428354621501597,-0.11247711474892674,0.051448311940216485,-1.0827499254828843,-0.14596570918096186,-0.6347992351816378,0.12805210052732421,-0.3662811993092929,-0.1748687152840119,0.2574432015859607,-0.0903358054423542,0.0,0.0,-0.1368106028217131,0.0,-0.4157493563950204,-0.03771396907377156,-0.3506191141096848
2022-07-06,0.06059573307885535,0.43002345582485724,-0.9425813079772638,0.40451702652583577,0.0,0.3350593968930893,3.0110214748324093,-0.0025717245902223684,0.27364548794136523,0.3464843608245505,1.2214658157431724,-0.3686897334089667,-0.5434084095411296,0.48103477101769654,0.14188830280764952,0.10223084438655643,-0.29403824415912827,-0.2911989302759044,2.0439253522914758,-0.3072933786218812,0.0726258486318021,-0.10412468647264343,0.0,1.6069788797061557,-0.7604682717490707,0.09084617751408675,0.8328384259819965,0.6665115510522068
2022-07-07,0.17441860465117198,1.3937282229965042,0.9433962264151052,1.2963521254145238,0.0,0.24547626340564177,-0.45493934142114556,0.23809949808367703,0.33480205252981454,-0.08890888374435413,-0.253799679548955,1.2408347433727984,3.9334027055150766,-0.4967227142806674,-0.18888409053915645,0.41559619162763184,-0.3683492496589391,0.3070624360286489,1.4273409622246769,-0.010418842712639487,-0.09820172528200999,0.07046621124873569,0.0,0.7491856677524389,0.23129587368160287,0.2808988764044784,0.40322580645162365,0.13613323678494105
2022-07-08,0.34883720930232176,2.560183416125339,0.06828748837629517,0.27103296467460014,0.0,-0.3872414144502123,0.43421623968735723,-0.2865603209475598,-0.13523372903139208,0.02581084046369142,0.2984736582964054,-0.2702702702702675,0.4625905068383007,-0.13069565748823342,1.378738793038492,-0.3637713437268042,0.12345679012344402,4.1353951543847245,0.18763504929406594,-0.5141589988330808,-0.310871498607157,-0.7428329438015857,0.0,0.8609794628751999,0.21097046413502962,-0.5686309275154178,-0.04045253372454427,-0.5826240932198523
2022-07-11,-0.33370411568410807,0.24017384430423672,0.6784260515603879,0.26369762672135977,0.0,0.4044901823697507,-0.25830721128713985,-0.11067596005586526,-0.05407462199830496,-0.15762977594948602,-0.08796315307515457,0.3799701248301701,-0.5427135678391926,0.26907740906162436,0.007435497062968643,-2.2592509194625743,0.2539693676586352,-1.2513999123533015,-0.5425496837624721,-0.3908081913396866,-0.3545535507295139,-0.5124223602484435,0.0,-0.08312101663814724,-0.38639091747558196,0.5139685942059324,-0.29429663480773915,-0.07795225369458536
2022-07-12,-0.09748626463812286,0.48489369638193835,0.3073056377100758,1.2240129767698005,0.0,-0.2661316944700898,0.2872340425531972,0.009346726153391938,-0.20686850411738011,0.07176924589975171,0.11827242707954377,0.1630434782608825,3.2783588093322713,-0.3173431734317278,-0.5323540790923176,-1.2551012551012541,0.034059017313714524,0.4111760626176686,-0.8014945160901621,0.05345592558934076,0.006845564074486887,0.3359637471677335,0.0,-0.31102958768642885,-0.5176728749152038,-1.103036594861151,-0.1724243192661475,-0.43782584900768917
2022-07-13,0.0,-0.7506060221745862,0.5857620521010021,0.2608695652173809,0.0,0.14789254997215062,0.228846486713008,-0.19919256269836186,0.16316171138506252,0.008620689655169933,-0.29075974369769386,-0.7175213821695614,0.39611804317687405,-0.2997295123912669,-0.04648317393021184,-0.25865712639007166,0.07645127180901934,-0.6447171467314661,0.582736433167419,0.4059911120864568,-0.05003469523388778,-0.1488131162868019,0.0,0.8570139828597334,-0.1518908865468127,0.40475257866563474,-0.5701078582434627,0.04025802313742388
2022-07-14,-2.3084994753410304,-0.2660585328772558,-0.5330490405117239,-1.0511540026208133,0.0,-0.07175807278319013,0.17676930754773057,-0.2234971361244953,-0.13254831354990726,-1.6342481570299383,0.6035210020271742,-0.2626200008791324,-0.059449168393660434,-0.453657430623694,-0.1767825574543247,0.6480544629816251,0.7047668900708293,-0.3553591974684245,0.5335596919905372,0.17023613399229642,0.02111116141569891,-0.2865923351796834,0.0,0.8612672354534778,0.13146228866671716,0.9306274038587081,-2.0618556701030966,1.1404235859033385
2022-07-15,1.403887688984895,-0.3177653469140562,0.5682266201680145,-0.7789095266626744,0.0,0.06247396917951065,0.010571942065751294,0.4992245056223421,0.0,-0.23965882019758022,-0.21966595259813038,-0.2543275688558222,-0.1909125620465857,-1.2818590704647637,0.13555237593192437,-0.9383171819720038,0.2061875112058964,-0.7679907126374064,1.1370436864153177,0.11808367071524106,0.24377318494965827,0.18850141376058893,0.0,0.1402299771625426,-0.5593143888137142,0.6840305182846507,-0.24321320079078723,-0.23592192107850796
2022-07-18,1.157894736842091,-1.7055988134964672,1.2456930824277679,0.26825633383009695,0.0,0.1304316751654211,-0.7948414627911959,0.2517487857879752,0.40794380114001216,-0.6731891212637953,0.3981179876945351,0.34242294367656245,0.966092062890711,0.7423904974016349,0.2410001506250925,-0.03843884335836267,0.04566415132737737,-0.16886858051058384,0.00992730348252091,1.4460262302432358,1.7416248335211604,-1.000146006716307,0.0,-0.33806626098715764,-0.22942413768688996,-0.3813782219884265,0.32002316773462325,1.8161652571745401
2022-07-19,-0.41407528641571045,0.11444846628614336,-0.3539823008849474,1.4543339150669077,0.0,0.35537544809144767,-0.1773757041614643,-0.9460105112279127,-0.01795977011492811,-0.06864437999471636,0.012049644535494508,1.010638297872335,0.35781544256119346,-0.11185150805319011,0.4904789382573549,-0.5275056518462717,0.006876846318620844,-0.4670296257069828,-0.10810817014481611,0.731570061902076,0.08023520591299294,-0.6024096385542244,0.0,0.14648555426982254,0.1615311938069519,0.8762751765629018,0.4515024132025758,-0.016339869281045694
2022-07-20,0.10638297872340163,0.7224334600760551,3.2480314960630086,-0.8688340807174955,0.0,-0.029243906625470162,0.15847860538826808,-0.8998850380984302,0.01874870554840295,0.13133701076963877,-0.08441767012625223,-0.7824427480916052,-0.9409860891148536,0.6446414182111226,0.44406851342777554,0.8074074074074122,-0.2019918680615851,-0.23199982817349585,-0.19853616617773184,0.897109314431277,0.28194241740746584,-0.1454484039328796,0.0,-0.8481730112151697,-0.5624603102603598,-0.16847676519210486,-0.4901497985901282,-0.09569947214326986
2022-07-21,0.31857761983677957,0.18910741301059186,0.0,-0.6246633344607788,0.0,0.25778511033203166,0.5848575074436368,-0.10045958984966408,0.25284450063209896,0.7285449579401582,-0.6743005082863296,0.7977207977208023,3.413353338334568,-0.08350432803276298,0.186728566108052,-0.05120702267740196,-0.2719238613188346,0.13734608350882693,0.29770084558130944,-0.28650197307963365,-0.03917599817178097,-0.014215831928088285,0.0,0.16961625625786514,0.18653079357179303,-0.3840455765474926,0.8186349263743953,0.16883009050399078
2022-07-22,-0.0006885313626026068,-0.2557544757033181,-0.37287345607085465,0.3468208092485492,0.0,-0.13875655503619763,0.03191090379793075,-0.009524716639697228,-0.781960356428435,0.5819426615318646,-0.2790584809512331,0.055401662049847644,-0.07604131360263167,-0.8562065511113492,0.01394700139469851,1.7042606516290748,-0.552638850511189,-0.05116279069766749,0.6695652173912992,0.06227168590259291,-0.3779965973486621,-0.8417132216014811,0.0,-0.9751121991024125,-0.4179104477611939,-0.2761704366123108,-0.8889359663989405,0.19706051399952518
2022-07-25,-1.7435897435897463,1.7369727047146233,0.1276519174153612,0.3142857142857114,0.0,0.088280862870882,0.28928399797958915,-0.0489045383411546,0.4420451400920659,-0.44637201185634967,0.12761990005221713,-0.31495809846325273,-0.035874439461891505,-0.11317095388223193,-0.15665440675657338,-0.25398482885629625,-0.3122996933423605,0.8541477934515429,-0.022177541749779373,0.20490491927506924,-0.02478631808313092,0.3475895420885555,0.0,0.09592526170913995,-1.0158291284154186,0.06698800554981732,-0.4553305071439806,-1.2665198237885478
2022-07-26,-1.0978043912175717,5.904183535762475,-5.551115123125783e-15,0.5018520975967777,0.0,0.7451873318153446,0.3664803708817943,-0.2573709835534066,-0.39160960878851236,-0.16369432239167203,0.012165450121659482,0.4502407538665598,-2.2689844464775843,-4.322683244181014,-1.921209599112228,0.8571428571428674,-0.16483516483517535,0.21637375253908964,0.23697982245823127,-0.08379646456608825,-1.13690194220748,-1.246633320507895,0.0,0.7712743165652514,-0.22400189542075197,0.17579445571331842,0.0,-0.42054755856618664
2022-07-27,-0.7946292048929715,-0.09865175928971404,-0.2243829468960401,0.2855511136493405,0.0,-0.6533945890760617,-1.0546500479386434,0.1984126984126977,-1.4197306152165967,0.038848807088809334,0.03614457831325746,0.13586956521738358,-0.46842795578040386,0.5215677417835352,0.08386330281640042,1.1204084527017377,-0.19628829233173384,-0.78761180082767,0.8446671438797404,0.13812490210765027,-0.017101617813042314,1.9647081245305398,0.0,0.035582974223524744,-1.904905660377354,0.3211146590432312,-0.5100799414431895,-0.017332702961569968
2022-07-28,-0.8264462809917439,-0.00930656351662007,0.5176238599950755,0.17182244718562112,0.0,1.0718220975658665,-0.30326004548900665,-0.7495808265114904,0.3080060535355811,0.22380343122615498,0.6482593037214768,0.1892036430550951,1.2264671045966957,-0.35495808473678947,0.2265549910751119,1.3442919830048083,-0.13788818257578125,0.4481281940252213,0.48270995059984667,1.0512273212379908,0.8122743682310585,2.055675805675805,0.0,-0.16019598014069825,-0.8861751634974602,0.26504108136762294,1.9184290030211493,1.0122026654670213
2022-07-29,-0.6481481481481532,-0.24314595109920512,1.2221423436376666,0.39772727272726627,0.0,0.1449135349241626,0.5414364640883962,0.46483739013075676,-0.6192551508233834,-0.04214075010535723,0.6759118983801438,-0.45983229645658596,0.4786141540200184,-0.3279287486313953,-0.17727314559174978,0.06747540368493565,1.8344827586206813,0.4908190542968427,0.05021965717305066,-0.18333340910999252,0.32415961619500777,-0.6988802885699252,0.0,-0.3452004658126895,-0.31919623564091726,0.40443223748558577,0.0,-0.508211233794903
2022-08-01,0.0,-0.4141339100479202,0.0,1.8085698386199223,0.0,-0.047700820454110726,-0.8181105009525846,1.1920463373515655,-0.7455990271689916,0.492709745063058,-0.27995520716684874,0.10655301012254537,0.035748836084409374,-0.015688735487928707,-0.02401689095009596,0.06292413364574756,0.23760127303700251,0.1787193234819684,-0.18824696023943543,0.1567954018236802,0.0,0.7427717029651504,0.0,-0.12565360139434878,-0.09585532523304814,-0.09984386169037036,0.22042615723731895,0.4675069032452184
2022-08-02,-0.09398496240602405,1.2800620418384923,0.30357155116583767,-1.1099079588521854,0.0,-0.9992528950317547,1.6646321163023003,0.6237856631557515,0.5483128831698769,-0.5899221630479401,-0.5484139740856209,0.31342337342583254,0.09122422915526229,-0.13314442789173486,-0.08587932256988728,0.369847353910302,-0.36706997227407556,-0.1338070825944356,0.4266965486601289,-0.1420719356965805,-0.2531870245166268,0.11893883075663562,0.0,0.41705210778536506,-0.278560153517593,-0.07882719253730075,0.12857142857143344,-0.42227003765464843
2022-08-03,-1.0554925631961698,-0.03389662246488697,-1.938262742282837,0.47220009734943447,0.0,0.8854780228782833,0.7395143487858746,-1.4439699003457318,-0.2127058141295398,-0.1379806759269353,0.2566146666926894,0.1615508885298933,-0.6696428571428603,-1.3717202328734412,0.11335531739489202,-2.2342954159592643,-0.48873201194679083,0.16384195170881707,-0.08181223242844649,-0.4373177842565523,-0.4007309332221931,-3.0892708412205594,0.0,-0.332341375594547,-0.5736317472258667,-1.0301003344481696,-1.0465949820788412,-0.4585918532506117
2022-08-04,0.337852918201087,-0.0772813826326435,0.6115107913669093,1.6701461377870652,0.0,0.27191153811292335,0.0502661785864833,-0.7217761654805754,-0.15820865860629216,0.4956035171862494,-0.40350472676965454,-0.26926946894652026,0.24168641815700553,0.3196780521272591,-0.617223551329843,-1.1878974215638327,0.9601280170689508,-0.4485220210929619,-0.009922641165382995,-0.1803203184065738,0.17913262099307214,-0.03735702119990192,0.0,-0.8504522117602942,-0.3728070175438636,0.49486688313588045,-0.38670867946147824,-0.38934270919269154
2022-08-05,-0.5486975596241487,0.9363900548918336,0.8942506863708455,2.8273809523809534,0.0,-0.05364327223960075,0.5335555590129659,-0.5757596304755086,0.05557353211952387,-0.14064697609000865,0.13835328157530413,0.45785079450577637,-0.5077935804505912,-0.33200361672224843,0.09629700545346065,-0.29931940381920374,-0.3459419758958175,0.11242461303496154,0.17785819337675646,-0.1460789974942589,0.9488256338466394,-0.18547981912577227,0.0,-0.4902710234014396,0.11750881316097139,-0.3088668801736305,0.0,-0.19355595136529846
2022-08-08,1.5799965910017144,0.7469654528478031,0.467726847521055,-0.7187112763320846,0.0,0.0,-0.5260273972602647,-0.8483547468307762,1.0705861005262163,-0.07656967840734552,-0.008214155521202304,0.8090715878892207,-0.8341056533827662,-0.220483250074216,1.5346670320635747,-0.006927739257589494,0.05613060532969061,-0.13847039313237275,0.28805952836187626,0.05962790236536675,-0.11043542049641308,0.10615074236281496,0.0,-0.19642361655158314,0.17671130952381375,-1.4047177312483505,-0.0709521782318756,0.31325765155245655
2022-08-10,-1.5180265654649028,0.16056518946692133,-0.4424689935674131,-0.33588658931901216,0.0,-0.06246653578438899,0.24228346181275895,-0.11875153027280927,0.4972123666749817,-0.10798303123795705,-0.06282622523469857,-0.6295907660020972,-0.12937260256628372,0.14754098360656442,-0.12845649381379998,-0.8901870783782018,-0.6894722885176452,0.13434609590171065,-0.1822403140746942,0.1786558772528979,0.08743587638019301,-1.7246506095747849,0.0,0.9416966917785707,0.08832192794699378,-0.2537054346374634,-0.9986782200029354,0.4531433407037433
2022-08-11,0.38680069930069894,-0.4838709677419395,0.023888368212643396,-0.2706536972811868,0.0,0.1423360910951077,-0.48798579894600014,-1.272822117892547,-1.5662543635282355,0.11055645447055618,0.24718118646040269,0.0,-0.017566379256417353,-0.5034358773512659,0.6521377309520404,1.4456491520711712,-0.2155450591103706,-0.5031231444774853,0.35625854698072,0.025879917184257195,-0.34132841328412544,-0.09450421634196182,0.0,0.1968424858393769,0.1839954408823008,0.00910741899521709,0.016401508938801435,0.03799495209921844
2022-08-12,5.767441860465117,-0.06474587245062224,1.9137652755360834,0.04950495049504955,0.0,0.22772184116818805,-0.32030041970400047,4.096989966555187,-0.043349595825858955,0.1894537417113984,0.4614206140363841,0.43939002326183196,5.954562110663253,-0.2021613399600275,-0.01314319511073192,4.051565377532218,-2.0889853499728828,0.013121499924384494,-0.4308202154101104,-0.31250000000000444,-0.2642131111870949,-0.04387889425186975,0.0,0.7361015088047429,0.40158410819189916,-0.3782541546208884,-1.3132607303010801,0.03543006646033279
2022-08-16,-0.09033423667570428,1.21112929623568,0.6444127819805079,2.8691324788844397,0.0,0.32127062375467696,0.8260869565217321,0.0,0.057547698352433674,-0.25290518424102015,-0.1732508110346679,0.0,0.2250692520775477,2.458282458282457,-0.17292757857233498,0.19144862795150708,4.637015006083534,-0.2264332911217748,-0.37009460296219543,-0.011613562494143062,0.053457519590960345,0.8143819017292738,0.0,2.0587647411553167,0.34833909162717,-0.18026825860075202,-0.6509357200976451,-0.09064487984135616
2022-08-17,-2.7027027027026973,0.5788236422951454,-0.958110516934052,0.09680542110359625,0.0,2.8299414796052025,-0.06475063523644908,-0.3078917599322402,-0.682653597059335,-0.4991420995164586,-0.18223234624146212,-0.337186897880537,0.2031372072972326,-0.7698289269051362,0.11061946902655162,-0.23974599883367365,-0.66696786006879,-0.38194444444444864,-3.4718569174118863,0.8259278619968669,0.27263010186002745,-0.2833113171060053,0.0,3.7119581924377476,-0.9450483091787532,0.7827537533684037,0.293159609120508,0.2717465148509568
2022-08-18,3.8738738738738787,-0.4057428214731429,-0.3354954148959921,-0.04782400765184214,0.0,-0.2714164546225639,0.17185821697101034,-0.671271524467365,0.0833932068770656,0.1712035089463937,-1.0101010101010166,-0.7414569498160162,0.017078501285255898,-0.21348936506682126,-0.18477590480446282,-0.1512859304084735,0.5555555555555536,0.5505780184804077,0.24085381977965725,0.2317079450079751,-0.5337519623233922,2.656559931992075,0.0,-0.7424265035069433,0.0811371217357415,0.0,-0.1588570461934502,1.0329908058409831
2022-08-19,-1.8612521150592198,-0.6060606060605989,-0.5467315795529781,-3.127272727272723,0.0,-0.4881808838643198,-0.28245632388324005,0.43384723498355315,0.03578543623821151,-0.2795819135531563,-2.096018735362992,0.6283228612856462,0.5624238467200985,-0.4653807778364327,-0.5843729481286974,-0.060544904137238564,0.4176753550975132,0.7209474712998487,0.0,0.07625855238518331,0.16620151149298046,-0.05198626354671424,0.0,-2.287445559553114,-0.4018585841850886,-2.641462193289923,0.0,0.26959989141517315
2022-08-22,-0.31557469237456504,0.6527980566442104,-0.34418188293308116,0.1830065359477162,0.0,-0.5423372988103581,-0.8897876643073732,-1.200000000000001,0.28601434069087106,-0.14284833529210803,6.411149825783968,-0.09999999999998899,-0.6127486568897889,-1.0034283802993538,-0.7696426181234117,-0.06889899407468425,0.11798816795696165,0.7415870220637499,-1.658388520971299,0.37464876678114933,0.3239808756920093,-0.19693476199063772,0.0,-2.1517553793884425,0.1751101986595005,-0.7654744621882092,0.3255695035904986,-0.45545040499631595
2022-08-23,-1.9434628975265045,0.012086623408473033,0.5877433090024309,2.1475800094101216,0.0,1.042800145085243,0.19664665700682704,-0.8677011024908143,-0.32553202548794014,-0.10869565217391797,0.06519613169619909,1.5147625160462086,0.3049253850269107,0.41906504986249926,0.5478811744579648,1.661973765538094,0.8195219840328671,-0.17347598304501832,0.7194524033879546,0.3188436603252187,-0.3054129573071718,0.15230130373949935,0.0,0.0,1.3035210403631536,0.16161241697542073,0.34371313877477605,-0.23505254910437534
2022-08-24,1.1479369844792142,0.0,1.2919310970081588,-0.5892902895208829,0.0,-0.1414527740719096,0.31309968690032,-0.26773507822516934,0.3595592611497167,0.18984929818730567,0.0,-0.3721165329388043,-0.891833461035918,-0.5991224864905664,-0.22803487592220062,-0.1163825563086196,-0.8766275622018926,-0.46868900237935773,0.25097601784718204,0.13388930967722276,0.0,-0.2488077959776125,0.0,0.29837506552155,0.17933891963761717,0.42238648363250864,-0.361120074302379,-0.9938221864088104
2022-08-25,0.8613264427217882,-0.6209251785159853,-0.6302845465951001,-1.2291052114061007,0.0,-0.000520709811124842,-0.030304174182532728,-0.5070993914807254,-0.025248297445976675,0.20109784605901182,-0.23329798515376865,0.06733756043699746,0.3053146209268942,-0.23166163738644885,-0.3448911331445925,-0.19120148981005836,-0.45982438860658337,-0.052728381147513215,0.7244380784486415,-0.17412127203814132,-0.07279230915194224,0.08000389058077095,0.0,0.6560019936518854,-0.2904386960364047,0.3812402179062646,0.023020463738735824,-0.030150299066872277
2022-08-26,-0.6018916595012969,0.06384474920439291,0.4507537493146326,-0.24402147388969953,0.0,0.09564865292245317,-1.245787807617682,-1.9819641264493093,0.2940095553105371,-0.22043174217085681,0.35766884073216154,0.2766347843653705,-0.3763256927813985,-0.08910768375954096,-0.04672585274679841,0.1703229322796096,-0.003152237098286159,0.029965481326640897,-0.04658938310176941,0.0879662820208275,-0.2108218068470132,0.4780048493245648,0.0,-0.5150227662395035,-0.06950776528125147,-0.1791072136605972,1.2004422682040827,-0.20063017768155444
2022-08-29,4.821963880968038,-1.0455097287113635,1.7624170290684527,1.2471366759989833,0.0,0.16457895377466336,0.9297757021744291,0.7455833873576734,0.45336368829225204,0.2540892488486435,0.18409187699477414,2.1132272371510386,0.10420384840350572,0.37490677775833814,0.10955902492466585,1.3774685501440675,0.6980802792321272,-0.15854189606345215,0.9394922268202599,0.5344352617079995,0.5779551396724925,0.47331075540131273,0.0,1.6114701130856224,0.15145293787959702,1.2741471434443152,0.22813688212928174,-0.021501330394813056
2022-08-30,-0.6187161639597871,0.31486146095718315,0.26350461133071157,1.2478590653290933,0.0,1.3442800433056457,-0.12383900928792935,-0.8008708160664346,0.09135870793406387,-0.17145974592781554,0.27920962199312616,-0.2907302845604476,0.4796163069544557,0.6267999322378426,-0.2765971800580136,0.02046803575084244,0.07883326763895582,0.06817938368467447,0.879120879120876,1.2135922330097193,0.16298811544992464,0.010364435165162908,0.0,-0.3979090270734287,1.4428412874583962,-0.18789424238356833,0.07208276226552401,0.7002164791405141
2022-09-01,0.07936507936507908,0.420663141970401,-0.33325927571650205,-0.17407241524796668,0.0,0.09850868658655698,1.2651717753548564,-0.9060680744586019,-0.4023543246567951,0.06981332273371017,0.31282586027112647,-0.22802520814539373,-0.15334810018742262,-0.393865750439959,-0.02952406636597127,0.12720091049072124,-0.08561469334212313,0.9458370445773578,0.017517103109815357,-0.36118598382749445,-0.18782870022538978,-0.2714285714285669,0.0,0.13557768442137297,0.5233226450480855,-0.48339667010257603,0.1350761083771912,0.04310898334022317
2022-09-02,-1.069996296863085,14.48424953675107,-0.3436426116838476,-0.012214629151591216,0.0,-0.19003316042314755,-0.3634894991922488,-0.7825582161325451,-0.3479216260758089,-0.13583223519120224,1.0202228876171504,0.24174136384462752,-0.3964237516869029,-0.2836406106615619,0.3353456067600624,0.7924976885484103,0.037964861473954725,0.13265437117548906,-0.411667470337046,-0.1889746773932277,0.1549053356282304,0.5395041741472872,0.0,0.15290491991074573,1.0473696738871663,-0.593017057569295,-0.06753520197400054,0.10156249999999645
2022-09-05,-0.8513931888544879,-1.0073788706690623,0.023349173909714693,-0.42218060835082505,0.0,-0.5008048649615571,-0.07080004045717514,-0.5197063439942151,-0.9365994236311348,-0.05473203999793452,0.27081243731195137,-0.3916766241317815,-0.05134348793427446,-0.15673815827069726,-0.1918623883559456,-0.012301877663611904,-0.31587259805211376,-0.49614832223526806,-0.21884262721959535,0.8165896636939785,-0.059816883464680615,0.9960440802486703,0.0,-0.03902633953151158,-0.3909511093546314,0.0807174237175079,-0.46929292250539323,0.4549567015639022
2022-09-06,0.08018227862797711,-0.9604829857299713,-0.022967386311434357,0.6473267801486493,0.0,-0.14601204599378192,-0.0201918223119657,0.16472962636348565,-0.3047664170453823,-0.22207378274566314,0.15045135406217547,-0.46130189646335085,-0.1029429759975109,0.2975206611570247,-0.5320134822992484,-0.4070293319550333,0.14209205488306953,-0.08407451657153064,-0.3149035781964127,0.32314932403380014,-0.22567598481247156,0.8057908988159279,0.0,-1.1123339360113116,0.03529411764704449,0.03231251255697565,-2.0259437399795965,-1.1056826947801524
2022-09-07,-0.051351859034879745,4.251026592134432,0.0768089762139638,-0.31999999999999806,0.0,-0.014131693733210327,0.6760111170408811,-0.6210128850531552,0.15675466459148155,-0.077136686207957,0.6469644104561079,1.7693535647198555,0.017245596920251183,-0.47591216498288347,0.34433432895042415,-0.5555920836346928,0.22352316560272367,0.43115063325249725,-0.23777267826038395,-0.4359526372443412,-0.006634328533389189,0.2797202797202747,0.0,0.32034597365153683,0.03125540578695629,0.994035785288272,1.0662344816928016,0.1793201656074439
2022-09-08,0.02704277168162535,-0.4878048780487698,-0.2478966188571241,0.4696810506683913,0.0,-0.732142857142859,0.023318592138887873,3.485772357723582,0.14051808406646918,-0.3625703926560253,-0.724457348348706,-0.39312039312039415,-0.1383730583104407,-0.15590383195208668,0.4211634640695072,-0.02304540448129222,-0.045472893790643454,-0.7891024510668365,-0.32356594116778603,-0.17916118896728062,-0.3179972936400599,-0.7042253521126751,0.0,0.6329113924050667,-0.04644300487616215,0.13898041355184243,-0.3281574001306538,0.140819360054234
2022-09-09,-1.5360983102918557,-1.3656274156145343,-0.3089825645552935,0.18428933425476135,0.0,0.34596368836870006,0.4076418803762971,-1.393580368201952,0.0733272227314341,0.5516523162203635,-0.0803195154152836,-0.037182557584578,-0.41530075719594106,0.4263387319700884,0.1977293022069171,1.5122996040760617,6.093467596178659,-0.014110994658237766,0.29531398005238074,-0.13876287559375644,-0.3731970547692032,0.05654109831083609,0.0,-0.43757412178465627,0.07996084559250827,0.29123490071243374,-0.2194356270369069,-0.05168939333237699
2022-09-12,-0.6581229941885647,-0.16000000000000458,-0.46306504961411976,0.11523392486747497,0.0,-0.20355620804750987,-0.24444897646828853,0.9632751354605729,-0.23795836760219422,0.5569967953609201,-0.28994201159768807,-0.7411895494817633,0.3280386740331487,-0.6389776357827448,1.2406633751107732,-0.14917264960042087,0.3904401325130147,-0.06378773598042509,-0.674030019824412,0.06777186946094194,0.5192006269592486,0.23066304238741897,0.0,0.2805334200683074,-0.013479899991131195,-0.06411900487304223,-0.28037991297286124,-0.12483804096486233
2022-09-13,0.0,-0.536193029490617,1.3367830961621419,-0.09329786216207836,0.0,0.04796803684030312,1.867872591427444,-0.1845964516459908,0.09272997032641062,1.3019265502709265,0.00990099009900991,-0.7429420505200568,-0.02168724219090053,-0.2357657593146656,0.0,0.023448497586584516,0.0,3.5026269702276736,0.5277375571626886,-0.023519569009866625,0.0,0.11857653100624255,0.0,-0.39629782631074306,-0.06268639207148707,-0.6951466127401384,0.755983293447334,0.0036148903386471845
2022-09-14,-0.3887851311786372,1.500682128240105,3.9256198347107363,0.34981343283582156,0.0,0.3545776888807861,-0.33142280892881626,-0.28313592780598307,0.8341056533827551,-0.23494860499265746,1.7822972873413612,-0.27638190954774045,0.773195876288657,-1.3310327828444546,-0.1844566826661842,0.0254939451880265,0.17150136194440946,0.8127313731330466,-0.5048356447999169,0.16640721455793983,-0.8031723628053822,-0.34486165032148924,0.0,-0.536268698842779,-0.2951883676688712,-0.33388981636059967,0.000447628158621131,0.8434401586387752
2022-09-15,0.7685975153420177,0.35125641718454226,-2.4809851503078684,0.6208323752586953,0.0,-0.435097897026826,-0.7363627555469376,-0.49850448654037427,0.18518518518518823,-0.35417632359472745,0.2383845682256136,-1.2182741116751328,-0.22854504673879283,-0.9455275709145616,-0.7174048658764809,0.023633797403344037,0.640585678334471,1.7491333626430683,-0.48643019280344424,-0.5935999136581938,-1.2719418540866778,0.22922512334542974,0.0,-0.28885764488632004,-0.28020523794301533,-0.35576843044850537,-0.489915231833112,-0.29977739751732013
2022-09-16,-0.6042296072507614,0.7726840458975204,0.5346534653465351,0.5489478499542733,0.0,-0.9798694044919509,-1.7214397496087663,0.0,0.1032277620516886,-0.40000000000001146,-1.345971563981052,0.31315240083507057,-0.2800197661011472,-1.7361409540180506,-0.1499555695593402,-0.3880188742570623,-0.6275673208580579,0.7719011639779394,-0.04607498704141122,-0.4285714285714226,-1.0813102936499508,-0.046841998145946695,0.0,-0.2918997810751556,-0.08190340340913371,-0.24720270621909624,-0.2904443799012446,-0.3739951301786393
2022-09-19,0.7936507936507908,0.29240049681875285,0.0,-0.2246810161970314,0.0,1.7038891028109404,0.35816391884510024,-2.2010953807998446,2.1691973969631295,1.465116279069778,-0.34224898907682655,0.3423698556410337,-0.2533602150537606,0.0,0.36480281778727974,-0.5494873684915969,2.604166666666674,0.004140958217724311,-0.493773877889242,1.158735515806053,0.0,-0.2711163773539693,0.0,1.0521938032855171,0.4422364506558307,0.06743997841920368,0.2861014907393322,0.108514995376859
2022-09-20,2.351097178683381,0.5795574288724903,-0.8529228208862039,1.889369451399947,0.0,-0.07569297335118796,3.311057108140947,0.05355532862758028,0.018914318138807396,0.7140172867343031,0.11919803569215848,0.5338541666666585,-0.5078558958895529,0.7040226608929445,-0.024668516805437246,1.4135437212360324,0.5586592178770999,1.4398551917064406,-0.14269073966219903,0.5083078268474095,-0.4088230312304708,0.16320158944156393,0.0,-0.057239778964868204,0.8926410070200896,1.0655301012253648,0.2231543429387306,-0.16681637366867674
2022-09-21,1.6380655226209129,-0.9202238905209215,0.2741459299873572,0.40038624958787516,0.0,-0.01769280638440618,0.740889066880257,0.5912249766621747,0.1219681888486146,0.010255773473888397,-2.5131390348781646,-0.5026593639049745,0.5767382249278974,-0.16931291870316834,-0.234654810423629,0.20240492962375622,0.5375729154752484,0.6243202964514527,0.20597023585042784,0.03292361720808046,0.38244399927154227,-0.22312873864930674,0.0,0.2425089399482161,-0.384989153242965,0.4035400151060446,-1.3622024663034082,-0.18624864193699242
2022-09-22,0.3167062549485289,-0.6322219922409167,0.46541905717072396,0.5309734513274211,0.0,0.15206066507181537,0.03479618134316631,0.40633005759541374,0.33651149747617737,-0.05244754312270598,-0.3463536655763044,-0.08121277747697997,-3.2587545363728543,0.1101638003746297,-2.456575682382134,-0.10132822270842168,-0.5383117626846956,-2.043635477186856,-0.2889751598120216,0.7117637168637669,0.7763577104771713,-0.1371212873288341,0.0,-0.39394828381040803,0.0,-0.1823154056517784,-0.04310344827586077,-0.17365679103299447
2022-09-23,0.0,-0.6658130601792656,0.4614093959731447,0.6523157208088826,0.0,-0.45253134722352817,-0.7442987467408235,-0.46377484734149155,-0.21394187912282536,-1.246223564954685,-0.0027733011262187635,0.5675270344936423,0.0,-0.18022103371106712,-1.0387278789433019,0.45189599842818673,-0.43454856300098044,-0.2965747702589727,-0.7730568706178498,0.05502685165121313,-0.021811402788681395,-0.0717514529669172,0.0,-0.33165407220823173,-0.3286586273113068,-0.19322380421056828,-0.42491037046873403,-0.5542762277084501
2022-09-26,-1.9585427135678402,0.1921232791305553,-3.928884986830561,0.0,0.0,-0.48516376723563015,0.33371559384980376,-3.04347826086957,-3.290183387270773,-3.846465300834079,3.5075233834892305,0.08365867261570514,0.29030385136443737,-1.0943151256607608,-0.8318360284820692,-2.2777017783857656,-1.771148916336529,-0.25236412361508975,-0.726743669848362,0.7487412770992741,0.8995378601511561,0.23008646712030512,0.0,-0.5817711700064621,0.8531478290203343,-0.4691689008042843,-3.826458036984348,0.10887019950465149
2022-09-27,-0.25062656641603454,-1.2157473180853418,-0.07456312486784356,-3.9804469273743037,0.0,0.1374880907782187,-0.40972644159389393,-2.6219643240919854,1.0622710622710585,-0.0744786494538352,-0.23497160759741176,-0.1807329489386833,-0.2012475621920362,-0.11094952414181791,0.18992064030387557,-0.5632612828275763,0.36571985858833145,2.672139386831973,0.2364429159245951,-0.620374401393109,-0.32537185354691855,0.3901262590438437,0.0,0.19413361918638739,0.19524118696822024,0.3818465769996171,0.5789218462029511,-0.6270627062706313
2022-09-28,0.11852429352936511,0.9316770186335366,1.1103400416377474,0.024254183846705857,0.0,0.18895562056710688,0.009980039920165495,1.0593473734518688,-0.3266522768733682,0.35544508453550505,-0.9539098837808513,0.223676717953325,0.34924330616998844,-0.2813400969711018,-0.28138082492621397,0.22246142805883995,-0.47958681751107957,0.1119913725164734,0.1200832742985436,0.03793010024384369,-0.2526410886146635,-0.23652173913044638,0.0,0.1356541743333143,0.08119812342115562,1.8641810918774926,0.12962696240819138,1.1595586377291855
2022-09-29,-1.9512195121951237,-0.8685519688906554,-0.04429804985106959,-0.14520813165536106,0.0,-0.20011435105775632,0.2638246122471581,-0.24263949882976643,-0.6628448584736768,-0.06621104079942985,-0.13882002974714425,-0.38968387982681874,0.40094922076148176,-1.9421656506772356,-0.1492041039024894,0.12814124012243688,-1.6586804275709577,-0.28754145905346973,-0.08386638551848662,0.01950707162069465,0.016324016843341504,-0.1881256415488336,0.0,-0.38282754523998874,0.20029572777119364,-0.6771432221796436,-1.0496046010064597,-0.0359483449935083
2022-09-30,0.12178707339850492,0.452902287308532,2.679576671920736,0.8549549169141191,0.0,0.18058531076264872,0.9195192197926805,-0.17968361966012036,-0.08758101243649952,1.2126960425069073,0.16922239246963122,0.6493783473234815,0.4389312977099158,-0.0964320154291265,0.6365020063650029,-0.014425851125221545,1.2800642290605402,0.07955870770807172,0.08949464189790257,0.08003301222355708,0.4861258571004168,-0.13922764378164754,0.0,-0.7456896551724213,0.0948148721106749,-0.3174706389704703,0.029036004645766056,0.3394924309884306
2022-10-03,-0.6515370324034764,1.4256061229354522,-0.11292529838494159,2.5878442545109293,0.0,-0.7087825386082769,0.0,2.439821370221096,0.11219263503809973,-1.169447170428517,0.565281426324804,-0.3048780487804992,-0.4196737870188483,-0.14357376687461806,-0.11647026582624065,-0.08403565730002265,1.2910231660231641,0.43395828944596815,-0.15084652903235574,0.20871553029192524,0.2455257611556183,-0.011286822735617763,0.0,-0.5913814845414533,-0.6374025071184619,1.2786428661855975,-0.6145741878840982,0.20979020979021712
2022-10-04,0.20441537203598203,-0.48893463715904417,-1.4643463497453268,0.6453099792578909,0.0,0.11779346223805831,-0.0446618417222544,0.25480411933325176,-0.15848877353773494,-0.13915036424654303,0.6850804553759082,-0.48832325433633694,0.5681818181818121,1.7030693736168612,0.055573461891350595,1.1833475905332236,-0.14255167498217203,-0.2995174809826029,0.33073633743327946,0.41502607215069265,0.16746495869303102,0.03486750348675738,0.0,-0.46833282269006515,0.12805108213272964,0.49782416414400066,0.737507525586989,-0.15126512651265633
2022-10-06,-0.15746184206264133,-0.19240858297046026,1.502057613168728,0.0,0.0,0.08715679489851302,-0.020313577590741483,0.13818340219646785,2.142245072836335,-0.33132051933911777,0.738417692027186,1.074380165289246,0.9670820159940252,-0.4243450423790651,1.4366855997327121,0.20956123117223946,-0.13210039630119352,-1.3232830820770536,0.012073189454786526,-0.10378827192527584,0.3036996134732295,-0.10618717258955579,0.0,0.2679574725559686,-0.372827618600291,-0.35935984599748116,-0.5463317044213378,-0.016414970453049182
2022-10-07,2.2417934347477964,-0.8441044579266754,0.060096153846145306,0.07749931395007459,0.0,0.6512591871534967,-2.4473763722429154,-0.9415293230273902,0.28043549983503,-0.49343480806223194,0.9811694747274613,-0.08204016930891123,-0.4869686568610865,-0.9134615384615352,0.01361476344045598,0.0,-0.2393678920177981,-1.1240293448882555,-1.6653188366729577,-0.6907655552093162,-5.9568037114043904e-05,-0.8353221957040469,0.0,-0.9835781446336567,0.61238111330576,-0.4037812820427866,1.8534482758620685,-0.010568703569263649
2022-10-10,1.6153846153846185,-0.10685435898898366,3.133265513733474,-0.022482014388491844,0.0,-0.25976524918222,-0.3661853944339821,-0.533451191258344,0.6020066889632192,0.20563790592067477,0.5151515151515129,0.19280407742514605,-0.2581596902083705,0.30319810280084736,0.32833020637896837,1.2479913479396032,-0.6228627259403874,0.9876323516327057,-0.19490855103906912,-0.057785249001884864,-0.04319957525066309,-0.01627409026746518,0.0,0.7559923511362143,-0.7357449417535245,-0.07034482076348307,0.8261494252873591,-0.15262180428533556
2022-10-11,0.5372217958557135,-0.21147237642082928,-2.431166569582155,-0.8622698671638451,0.0,0.888659528755098,-0.22786121180735086,0.46619352616715054,-0.004531980371391686,-0.12010981468770776,-0.7695423248278654,-0.013823401141910274,-0.07418397626114404,-0.1779581905640759,0.1481767813426016,-0.2256176554445155,0.402156478913962,-0.9530564298062871,-0.27825562079448013,-0.7453823585857167,0.34983645501566185,0.0025679125251087953,0.0,-0.11397510082412632,0.06513500710565445,-0.28169014084508115,0.9237642979044317,0.1920507682030559
2022-10-12,-1.0670731707316916,-0.6810133478616143,0.5570456056698925,1.5805298531081813,0.0,-0.5273624429919577,0.31923318498853215,0.8517445885447894,-0.8748317631224634,0.38240126867944424,-0.46196489066830937,-0.5538631957906381,-0.05711869642465728,-0.3609071440859424,-0.34428794992175105,0.0,0.17611752629547728,-0.5130051300512806,0.7641175374293319,-0.40395586764956914,-0.23810357505515967,-1.1127649018357055,0.0,-0.26460033999227695,0.14033022494118752,0.7599053951299561,0.0,0.028004192710562315
2022-10-13,-0.038404010187034765,0.7876154263987134,-0.20161290322581182,-0.5092592592592537,0.0,-0.3979652056037508,-0.11503863427593242,-0.10239348085972488,0.0011954021714055685,-0.2694078725538229,-0.2894056847545179,-0.12448132780082943,0.3157163527684137,0.4343629343629418,0.22616782555219261,-0.1058481079650675,1.771374586679264,-0.05664638903183361,0.05685227882885613,-0.5749758306619834,0.2249560632688885,1.7613636363636331,0.0,-0.10781590332173963,-0.13799387425760257,-0.26763864447676794,0.0,0.29990974815577626
2022-10-14,-0.10414093427117077,-0.2949061662198438,0.14132848778518614,-1.4519906323185006,0.0,-0.2630767275853707,-0.41159992621253955,-0.12086583891880442,1.0581806638853553,-0.025603823504305456,-0.0045622625169864746,-0.11108025548459688,0.054814544125725284,1.0272073906028134,-0.9492621886409203,-0.35326553754327544,0.17732305462207498,-0.5278505404647471,-0.2874381790379836,0.31594065132442006,1.084010840108407,1.9704433497536922,0.0,-0.28483951539269303,0.7168242876935071,0.1467398239122064,-1.3055555555555487,0.13387978142076484
2022-10-17,0.05136082329968428,0.25939970759671915,0.4378648874061586,-0.6209637357178388,0.0,-0.17171736820150163,0.20386266094420957,-0.6938421509106618,0.016815200941633357,0.23049061573920948,0.8573494473711252,-0.028026905829603432,-0.43859649122808264,0.24832855778413876,0.3359773581834924,0.46839918331271213,-0.19425158914114782,0.09743987383421526,0.08955701263393401,0.3154732098147095,-0.11715481171548081,0.47662353159336757,0.0,0.19149605049392782,0.1534801697441135,0.5049449963657415,0.058453894490728686,-0.024825002737000057
2022-10-18,-0.20223387682026064,-0.37413148049171285,0.1263956182852466,-0.03443959913593253,0.0,0.2718974558166609,-0.3871343549556927,-0.6053139151551848,-0.16875504501308036,0.3386277513504732,-1.84346035015448,0.7123287671233047,-0.008917200210228904,-0.46843424474779516,-0.07342143906020615,0.02016910826455609,-2.8293969548015885,0.05397311877579081,0.8125436424808008,-0.5873932573177365,-0.35524568393093814,-0.06931305256168141,0.0,1.4047177312483283,0.019719833063680525,-0.05742426962730418,-0.3389830508474523,-0.1273391690914616
2022-10-19,-0.5392912172573316,-0.03974339899053825,-0.009468704130843886,0.8285212151644572,0.0,0.02334455578433814,0.11853448275862544,0.08310185822127207,-0.10955682880918749,0.06423310346483913,-0.9209045328967602,0.13531799729364913,0.39381559724481763,0.09586808551433901,0.2044989775051187,0.5704183522763695,0.0,-0.35430775440640216,-0.8550438325719223,0.2554982215319912,-0.14715719063544963,0.2766132576093372,0.0,-0.12393712226147491,0.3909651695184979,0.0,0.10093807231372025,-0.05028252738773498
2022-10-20,0.0864156309602182,-0.5370900636673392,1.5478449129084582,0.08233026619853072,0.0,0.31899651294865494,1.7270608179699165,-0.13597036209135882,-0.011191006845345797,1.2025052192066843,0.0852359530294694,-0.11013215859030367,-0.4669626148499417,0.3823154592687006,0.05788134523300181,0.315434946728399,0.08551649330872935,-0.10956902848795469,-0.19879499648285393,0.8274235001345831,0.3709582062615402,0.09017132551847329,0.0,0.06842963716858774,0.7456852486619647,-0.0867855408249879,0.6745615350022494,0.07363440043961222
2022-10-21,-0.1532462239273539,1.538876889848817,0.27527812808497143,-0.13120446184543,0.0,-3.701890118499662,-0.4756281281533381,-0.17664472630309533,0.016889039013689988,0.11106364801367619,0.005221840618785389,0.013500016463441344,0.018298261665150584,-0.06263769238950001,1.3791504896563778,-0.49850906189589095,0.6198347107438051,0.14709758241396495,-1.611121340452959,-0.46497968772942766,0.11713562128408868,0.6804591380850766,0.0,-0.42414641860642477,-0.13365735115431487,-0.21270799904611892,3.413684683335849,0.6944258967442218
2022-10-25,0.3968253968253954,0.14435006285977714,-0.1035330240608127,1.8451080359310534,0.0,0.0,0.3762441575104414,-0.7927064048014798,-0.20772027003636007,0.18347020793292312,0.10458115728044226,0.1796953181720129,-0.9261143154808082,-1.0565447074936452,-0.3967816598699381,1.7598873672084903,0.6169909824395026,-0.3826956783296698,0.30817610062894296,0.11399058012686591,-0.4700352526439522,0.42182421685914573,0.0,0.1948492157122006,-1.563608326908239,0.6841802228992333,1.6974882693900017,-1.9537953795379592
2022-10-27,0.5202564102564144,0.026212319790297478,0.8855183356906604,0.45564198707803705,0.0,0.20721094073767876,0.3558718861209842,-1.9684443644255865,0.10511562718991119,-0.1376936316695221,2.1035265003093606,0.3040353786622374,0.38453464243324853,0.12099720413382882,-0.043905383897702155,1.1328842620943025,-0.7018826825648417,-0.07667775812249533,0.3290281773049242,0.07145217582570362,-0.06863846117200478,0.7083643669009487,0.0,0.03858639667897087,0.37962289572973096,1.750961208577384,-0.9227379148877612,-0.12811162004529772
2022-10-28,2.4653312788905923,0.45176524645814675,0.9591326105087505,-0.6402126172855016,0.0,-0.0942605781315442,-1.1375495721143936,1.0588200172796824,0.5339789385367777,-0.00428702100640499,0.2701126073035631,-0.3558718861209953,1.5653440116490724,-0.06475952443312227,-0.37477954144621295,0.40427200868884405,0.10480959590077887,0.29598372911937193,-0.22679602747552874,0.20164338284955896,0.0756653617133285,6.930759886624371,0.0,0.23014517024426695,0.7460875894698571,0.04997501249375258,0.18307280664695558,0.17534537725822918
2022-10-31,3.1710914454277317,2.2380200105318604,0.16722408026756952,-0.04610984436826948,0.0,0.3324675324675397,-0.2008092654869842,-0.34605938825629234,0.711385747096549,-0.017213185299946865,-0.8223024468511864,-0.3179190751445127,0.20790193693722703,-4.133858267716528,-0.33079584842158893,0.1374323819612333,3.4486735870818963,0.2848392110944638,-0.09593553132295485,-0.5050745699718862,-0.631681243926141,0.8811135231771239,0.0,-0.42055878746042885,0.21547145761888764,-0.6019656019656039,-0.4189836128871416,0.07368421052631469
2022-11-01,-0.3571428571428559,-1.0660426417056779,1.3854425144747662,0.23474178403755097,0.0,0.2753416275749432,0.10527423939361569,0.22026431718060735,-0.8220449607387825,1.8145496920259685,-0.42815891665836103,-0.09437435940330696,-0.07214378683588392,0.0,-0.5690782059950328,-0.13699446065877918,0.532114920702309,0.12515644555692873,0.17900940714370983,0.05253354983523195,0.7828608247422819,0.06679814237546822,0.0,-0.07709109597842101,0.5015105740181269,-0.32628398791541,0.8847031963470364,0.19747872728091975
2022-11-02,-0.25452643228482397,0.5834020788648808,2.233400402414487,0.19548218940053097,0.0,-0.13600351681906653,-0.08165753408290732,0.0,0.6373275885329543,-0.19317450096587585,0.3237526840175087,0.29256875365710755,-0.07962544207276157,0.0,0.0,0.02763722398290147,-0.10083692729079274,-0.7199886376695996,0.3449165108632579,0.022451056027011917,-0.0025596332988875314,-0.22736130960114842,0.0,0.07372247459631887,-0.1941051751425893,1.0336538461538591,0.21486892995272733,0.04465810281872873
2022-11-03,-0.7885304659498216,0.6282722513089034,0.6739842095128123,0.6883677932376597,0.0,0.22161781001308611,-0.6425970757324595,0.19120617808900953,0.4133654839820755,0.038163754673992134,-0.23847376788552754,0.10300176574455921,-0.998773436131073,-0.03554923569142332,0.3064883071292268,0.041114985925705394,-0.6467963967762169,-0.1759734536572244,-0.13321636286837135,0.3940034595425912,0.7500081878623055,-0.9641873278236845,0.0,0.5351055107236657,-1.196007313929437,-0.5196645801346489,0.10204081632654294,-0.20602991277531846
2022-11-04,-0.41958041958041203,-0.372043582248216,4.656360588563979,-1.3191489361702113,0.0,-0.3562592775853579,0.16606123508042803,0.5653478276533322,0.03334444814939719,-0.10129843905197222,-0.05294086597984471,-0.2344846173153503,0.17790451489075043,0.6010705222527835,-0.24221176984813853,-0.19925292428342178,0.36469383905071706,0.27201145311379626,0.29779630732578166,0.5051921780181656,-0.09282280788994735,-0.3651815948476189,0.0,0.3412461517032561,0.17844576831382297,-0.46230440967283126,-0.2750434279096714,-0.007766231491684872
2022-11-07,1.134846461949257,0.05330490405117683,-1.35849056603774,-1.2197731649903676,0.0,0.832177531206657,0.18648984666389534,-1.7737003058103995,0.09235523409807378,0.22710419151648065,0.28605148670512726,0.04403982289634678,-0.20924149956408344,-0.18140589569161092,0.17395280573440086,-0.6146352777455566,-0.35889070146818414,0.44380822329108116,-0.3407247155075603,-0.13707368338587247,-0.6330298135978574,0.0886948215869543,0.0,-0.23629621680115176,0.26970514258009004,-0.05938784319721169,-0.3412173049035905,-0.49329468115621444
2022-11-09,-0.1953124999999889,-0.06807157304870026,0.37237013591508994,0.27950344143426453,0.0,-1.9417743674387977,-0.30582992441268164,0.7005625729752607,-0.26216538143374324,1.4219858388818507,0.5847953216374213,-0.15628321473384701,-0.4292928958406883,-1.27556883475064,-0.5295825978019475,0.008486351046288476,-0.010869565217397348,-0.569029850746261,0.015216174517462822,-0.09097522924986223,0.29569956545104636,0.2563260327323791,0.0,-0.322618962208876,0.7891654362993217,-0.11792906815557003,5.535585909417695,-0.4311370910148882
2022-11-10,2.2926500337154154,-0.16220600162205612,0.7564296520423675,0.3076923076922977,0.0,-0.2586652871184647,-0.5321413367390337,0.47311827956989516,-0.660066006600657,-0.3833559619838667,0.3791658351626426,-0.8139885438649297,-0.5995619197839419,-1.0298107628171405,-0.5511257035647255,0.09679439731253847,0.027191055925213092,-0.9561250242671293,0.44140764565917534,0.05680770151309522,0.13995334888370348,-2.2146075258582476,0.0,-1.6805633559424438,0.1381547333012989,-0.23170112235633514,-0.7542675664946485,0.23649179872072454
2022-11-11,-0.6249539151899075,0.06814942003906532,0.22317277292169813,-1.5919084545861883,0.0,0.5325140809011808,-0.23593070907697022,0.0,-3.371351895337138,-0.6970798921901833,0.7852882703777375,-0.05885815185402432,-0.19504812607823072,-0.7569675421493338,-0.6558144981848035,-0.05039758091610613,0.021940377209955786,-0.7342285769490808,0.11447934144235283,0.14674860130241552,0.20515450698808113,-0.6177760063770577,0.0,0.0,-0.048126090356737095,0.2293024378469788,-2.311953281497381,-0.260803618221328
2022-11-14,-1.016949152542368,0.38921323324994095,-1.4218862491000683,-0.02245677071637253,0.0,-0.08962358095997436,-0.35807291666667407,0.2571194844104581,0.684814244136267,0.37705863921559946,-0.550260391077928,-0.48391997541907816,6.85194895997201,-1.1283185840707977,-0.09576337680885134,-1.1639021647455783,0.3492170778416126,-0.3241667512283682,-0.25162576386391633,0.0,0.06626487015239935,-0.6059239041597497,0.0,-0.2817111597187616,0.5718159577917215,0.41503060096840794,3.5605128829475863,0.3128992725091928
2022-11-15,0.06854009595613775,-0.142816338189089,0.2518140209734565,0.2298322224775884,0.0,0.07414282220451485,-0.2990033222591393,-1.2699766003742452,-0.6711409395973145,0.0,-0.22748969675991382,0.11764705882353343,-0.14903129657227732,0.0,0.23641393119457232,-0.44906641455921825,-0.2297002411852489,0.21659677249895593,-0.33698674955014996,-0.12313960064030405,0.053737329540215484,0.1582382804773408,0.0,-0.31138790035587505,-0.3758417004797343,0.28441642373784326,-0.303030303030305,-0.5253253881135289
2022-11-16,0.6511241920495348,-0.6504712785676103,0.1560114455711803,-0.0900350211898604,0.0,0.03971405877680745,0.0684618895481437,1.5370521172638485,0.0,-1.0007147962830532,0.04658728686161758,0.20467836257309635,-1.9946362722091826,-1.2924169202314872,-0.08355377028558264,-0.2262578148258365,1.0526315789473717,0.10631291276325487,-0.19192913385826516,-0.13127067633931233,0.7308657465495694,-0.11328801812606759,0.0,0.116299925668506,0.03337634550805527,0.06493049484152524,-0.3139325041634833,1.6117292294894447
2022-11-17,1.8620689655172384,-2.188940092165892,-1.6420974062325011,-0.39473684210526994,0.0,0.321451463831568,-0.721814848762603,-0.9102192800992892,0.07580758640554075,-1.654426599951575,-0.08894159501926513,0.175807085810283,0.7489300998573478,0.7475567115407644,-0.06180060533477564,-0.09863109595298902,-1.466776740530823,-0.11063234668804434,0.10395945849094868,0.20566727605118018,0.2818665831506362,0.2936723111508499,0.0,0.07249377315017846,-0.14350685858715906,-0.325365839033831,-0.20650490449146686,0.08051268512891951
2022-11-18,-0.6528297617588552,0.2693804250224474,-0.09342301943199294,0.07759123836990067,0.0,-0.43482557564976654,0.009300004536588746,0.8367303153829608,0.3668261562998376,-0.33190272001668575,-0.18083069709030064,-0.21806626727639,0.2956685889704658,-0.31538634827663614,-0.18526763419844938,-0.1853734377803007,1.1145364002845604,0.28606717434546497,0.031781458724466916,-0.4700838380229333,0.22600735430987617,0.36692136793664565,0.0,0.07910852062644191,-0.14934289127837008,-2.407647822494985,0.16893664171164224,0.08366468310641584
2022-11-21,0.20979020979021712,3.516090584028597,-0.6064399773327234,-0.7270241887514276,0.0,0.02512942986762634,-0.19856548770174287,3.9392994491217026,0.0,0.053003073674484646,0.6237424547283821,-0.10224146983999205,-1.3229846533780232,-0.050489413040233355,0.5451171421943846,-1.221640488656195,-0.7883912248628944,-0.005487021316707974,-0.3065161142077111,-0.0752370083425824,-0.17913057006019306,-0.30177786524961947,0.0,-0.18849374145431716,-0.2669093114953003,-0.3273124015031992,-1.0725552050473208,0.24218689614303734
2022-11-22,0.0,0.23350846468184194,-0.3172825681224234,0.06531678641410466,0.0,0.1983220557293608,0.9033761258394502,-0.9584069973015641,0.04806921967632771,-0.24209043666638674,-0.1480311852363525,-0.13262587986509478,-0.06844043168979241,-0.42961662425725633,0.08581235697939782,0.24780900574190579,0.4084691166994503,-0.12214419182533891,-0.10654591673131542,0.12137424001159025,0.10490510856089319,-0.4160887656033285,0.0,0.08466592083119877,0.14490128599891072,0.8309248554913218,-0.56676677497323,0.21486448005383352
2022-11-23,3.4255599472990728,-0.17419805783076558,0.7568590350047311,0.0,0.0,-0.20683541810301298,0.10408234069618771,0.3373257226054249,-0.24185892889117544,-0.048524059846333234,0.04965736418711675,-0.05871990604816579,-0.6241830562539075,0.057414755887800574,0.17732524882736467,-0.3609253890302311,-0.05719071902954842,-0.0668352703902586,0.001605250131686553,-0.004515080368450164,-0.308486527323093,0.01805182784544816,0.0,0.006151065207700886,0.6477241565021996,-0.14265335235378318,-0.2161940175438759,-0.18122878219363203
2022-11-24,0.0,0.14536025541609376,0.14953271028037562,0.3422596453240538,0.0,-0.5414179296053423,0.20930232558138417,0.11281940298719095,-0.3957397533943252,-0.08745428525996912,0.41107974330640284,0.1249663439995552,0.4801945948096409,0.6045397513402495,0.15727967013042798,-0.017800984987836888,0.23528729894949363,0.164803270429148,0.184208728887425,0.3707432401454325,0.4012413403968518,-0.4945598417408492,0.0,0.17980090338989285,0.01791132729070573,-0.18961839298410332,0.6857744853846492,0.020533880903506052
2022-11-25,0.6485084306095956,1.27300875903954,1.4481990345339701,-0.24646378054007934,0.0,0.19277793240892183,0.7463434049020834,0.42482714842375646,0.08191715775900388,0.27053989963353176,0.07874015748030594,0.5780346820809301,0.5064617534055182,0.1508205757884499,0.3049124788255364,0.23382353750254214,-0.8680396809854144,2.857142857142847,-0.25039443113533677,0.035493671308955976,-0.15136537748670076,0.2645502645502562,0.0,-0.008612522607864825,0.04212426658642965,0.5300353356890497,-0.4017343841027976,-0.15255332902391894
2022-11-28,1.543270742224719,-0.08586147681738376,0.2964060763245735,-0.060594516251327724,0.0,0.13061892931862662,0.7478567540085246,0.08669051969659725,0.17082138215070986,-0.2799160251924393,0.20617751139933027,-0.19779598756710648,0.344234079173833,0.33670033670034627,0.5440574345167981,0.11143695014663724,1.1285122063565245,1.4008334072169504,0.9933993399339869,-0.23565677041333388,-0.22663627460254854,-0.5583114507823598,0.0,-0.045903176605294194,0.045116852648363626,0.6174997087265544,0.11177347242921076,-0.10975545980576595
2022-11-29,0.12793178121817497,-0.19980878217733164,1.4413712504869558,-0.29139778097034275,0.0,-0.1547388781431236,1.8183846497099587,0.4449914788865694,-0.6212195520680197,-0.37423982535474964,0.4829545454545281,-0.13912075681691283,-0.4240162822252369,0.12122547939166228,0.053693628085188516,-0.085303446445123,0.3353079244439394,-0.1244902339557874,0.2221848884788047,0.3833408524771986,-0.19863825018012018,0.20613072677704292,0.0,0.34496140744253445,0.14369452945299233,0.6309349698562894,-0.7270759333410481,-0.12060550448295497
2022-11-30,0.0952775813151896,0.4949342576911542,-0.6062902614626609,0.213310580204773,0.0,0.03883872220602491,0.0,-0.7823680946474454,-1.4833330091358843,-0.0471142520612422,-1.3134057971014523,0.0,-0.5181347150259086,-0.07289791679816471,0.3213145584903876,-0.0598578633780239,0.921092135419499,-0.18749721621275825,-0.21387714339391092,-0.4354158710908107,-0.1924474015719546,-0.09869111706644618,0.0,1.6412117120918168,0.12159316705715462,-0.33495033495033466,-0.37241556440221757,0.006745383901324287
2022-12-01,0.496277915632759,-0.35212739591451436,0.5105900151286091,-0.31758634378722395,0.0,0.08715018882539116,0.44996785943862694,0.23787027647415027,0.007919435317571555,0.2148308426421719,-0.3438661710037261,-0.08303349017437789,-0.2376041580727739,0.993695907682457,-0.0884711086535761,-0.09551493851937543,-0.2621343046644631,0.45405885778170285,-0.135861376623167,-0.33337719875421445,-0.22850270595309308,0.04042635913104423,0.0,-0.1108374384236388,-0.8307647145163743,-0.25433526011561236,0.0,0.1311216739640686
2022-12-02,-1.0578718108276264,0.057012542759404816,0.1845358922310414,1.4694656488549729,0.0,0.029231218941827564,-0.6449532408900338,0.8587786259542041,-0.016498927569708055,0.21022099385785697,-0.6078174677389137,1.5350877192982448,0.017253278122852933,0.1436898456533775,-0.08960275516618488,0.31326745308923876,-0.08944543828264262,0.15464403076000943,0.02622950819672898,-0.21175224986765828,-0.4193509177099819,0.10925653793004697,0.0,0.2381007174552474,-0.2826022961436525,0.15121851125466101,0.1335763333943992,-0.13831626449822831
2022-12-05,0.25923525599480524,0.1556310130164107,-0.269299820466784,-0.0374251497005873,0.0,1.3981939994174075,-0.06541648495420604,0.0527301828075144,0.22153865591972854,-0.8256880733944927,-2.1591669055125773,-0.8262260127931631,0.11605414207716731,0.2734758513567387,0.04993569158924238,-0.0942174066658863,-1.190609906772988,1.2197187870574444,-0.3076818273372528,-0.04945216391210594,0.009767783924233275,-0.020210210146794545,0.0,0.9253597488891652,0.10295715838242181,-0.6282124500285535,-0.8536516268663178,0.08501503571525977
2022-12-06,-0.19505851755526882,-0.05630630630630851,-0.45587162654996405,-0.16096372799218606,0.0,-0.22241562711535767,0.16407788230146103,0.05460177717258319,-0.3104575163398682,0.02707817599746365,0.0,-0.4020369874028429,0.44278996865202425,0.5080531834396274,0.0029882433933037245,0.6379680419747125,0.5859375,0.11784015824249927,-0.2295081967213064,-0.01777872266067182,-0.2807124563940333,-0.0926317294202043,0.0,0.40180202118593744,-0.3692698266162808,-1.39211136890951,-0.5333333333333301,-0.0172023598589847
2022-12-07,1.1780104712041828,1.5873015873015817,0.3143491124260489,0.14139158462418422,0.0,-0.14439738159415239,0.33883484533829833,0.0,-1.1408730158730118,2.1520912547528415,-0.11293473351833838,-0.5913978494623606,-0.7776049766718529,-0.19830340420844417,-0.0828271673108727,-0.0495368527633507,-0.6967857945605727,-0.35163881050574997,-0.21266786673064253,-0.14186240632660385,-0.12755071106215765,0.01976837598674508,0.0,-0.49159850102751257,0.6582936336076317,0.09410657569697278,-0.902113908711466,-0.3619603145669448
2022-12-08,0.881612090680095,-0.43572984749454813,0.10267289211675634,0.5439926183925858,0.0,-0.14045849566176605,0.011004732034769482,1.9066339066339033,-0.01677852348993536,0.0,0.5461648884443115,-0.8482386614843074,-1.585089705626197,0.1555037209818977,1.4264793621521887,1.828036828036822,-0.7258064516128981,-0.043630017452012115,-0.09103247376609502,0.31375045471080387,-0.04013491061257701,0.1247902613542462,0.0,0.0,0.08486562942009446,0.44564791532012427,-0.4431909750201579,0.07391874823725608
2022-12-09,0.6957621758380661,-0.21671756340257606,-0.5522827687776122,1.7010249342314394,0.0,-0.1945344174740793,-0.2547629596809875,0.0,-1.160396472005104,0.7845464109994427,-0.5889410128572414,-0.027100271002711285,0.227790432801811,-0.9602349751468564,0.4892473118279561,-1.005025125628134,-0.16214964095436768,0.6711409395973034,-0.2735467669855052,-2.6594737838349314,-1.0442127866405582,-0.0498159989490099,0.0,0.05259752228969905,0.15492957746479075,1.5632183908045993,-4.704301075268813,0.16993455149890702
2022-12-12,1.599190604351397,-0.09421285236502763,0.5173024705288798,-0.5369718309859162,0.0,0.39447763161313265,-0.23950729927005865,3.023450264907135,-0.24454669393319528,-0.2881519251045332,0.4123513617184438,-0.7914075749010818,0.6880949775585288,0.0,-0.0209053496592726,0.4023913543343305,0.985165213077821,-0.24381034590007142,-0.0047193437601678045,0.0,0.8381521668507697,-0.08449334683198935,0.0,0.6966383151073341,0.3239436619718372,0.08235294117646674,4.99580184718722,0.4575985442478947
2022-12-13,-0.4790419161676607,0.39285413487425425,0.9860465116279027,-0.35484326405293976,0.0,-0.3210144070402876,-0.19148034288539728,0.6384742951907274,-0.22475020106698662,-1.0388639760837148,-0.8032878759574036,-0.22740193291643784,-0.11278296494219298,0.10482190524060409,0.36556291390728024,0.01718213058419238,0.10460251046024993,-0.06682705159047897,-0.023286254434751186,0.6956521739130528,1.2389380530973382,0.0727734347198361,0.0,-0.044283413848622555,0.046939322181829835,-0.48968170689052126,-1.7857142857142905,-0.017255843242797164
2022-12-14,0.24840487525432664,-0.13612850530900777,-0.0728332119446673,-0.6750755018653298,0.0,-0.24526646660822937,-0.11712877198647072,3.3542976939203273,-0.9111225717724047,-0.2239808869643145,-0.24390243902437936,0.14210202874896938,0.034494653328742686,2.1266705403834907,-0.005419131037687208,-0.09994447529150241,0.06404269471541046,0.1181231070574773,0.11893892305520071,-0.33644505520543655,-0.2336301067121349,0.06671284804772304,0.0,0.5506072874493784,-0.22673198040588094,0.27475672581567245,-0.5567928730512262,-0.2989536621823663
2022-12-15,0.4313000616142926,-0.3541224594814707,-0.38525041276830096,-0.12713403559754255,0.0,-0.37408938767473643,-0.654557012582252,-1.5687211339385332,0.3379464256799136,-0.03638310130063549,0.03643314493525507,3.6864033769168914,-0.40034812880764825,-0.10393809908765261,0.015936550857909015,-0.02436882014336117,-0.21106726735605763,-0.37104258610429763,0.009954871250328345,-0.2634604330331469,-0.888576360033233,0.04636073710989619,0.0,-0.13948936730500128,-0.10520913992032588,0.37709976002742174,-0.14003640946645968,-0.13073341177309294
2022-12-16,1.3401403956605051,-0.41609275656045996,1.2885154061624604,-0.07457656728057094,0.0,0.5454545454545379,0.23945267958951355,0.8065857309163427,-0.5859813697721261,-0.027302332845161963,-1.2982054219167538,0.21023494664351716,-1.2539738608265627,-1.982869881497118,0.2340425531915047,-1.7796801081324531,-0.681294128866842,-0.1011621193971135,0.21861966904346275,0.6152504602267461,-0.09462373903807626,0.01973852226265227,0.0,0.09972073765079359,-0.31406330338543675,-2.2129533078438235,-3.2099479467900593,-0.02707092582566739
2022-12-19,-1.1494252873563093,-0.6424581005586627,-0.009000331996822375,-0.6071428571428505,0.0,-0.16979094815028906,-0.046511627906975495,0.19203473323869957,0.06785411365564098,0.1639222333091217,0.0,-0.284256020627055,-0.31371876843534857,-0.04688784611815988,0.4102290889717697,-0.2986653810811313,-1.0983702761379093,-0.34337823492758823,-1.1204199173997509e-05,0.5140640155189002,0.16950279181069394,-0.10916666960373855,0.0,0.21360939679210045,0.0227193134058723,0.12054001928640812,0.30030030030030463,0.0663129720342659
2022-12-20,-0.08304213252359564,-0.8916132627472817,-0.16019328259624746,-0.133071193818185,0.0,0.11166167413401151,0.04689331770222349,-0.5125482005254756,0.08451656524679496,0.1520997180590622,0.3018500486854814,0.5339971967417608,-0.27457762415251663,0.4629721863254943,0.06327050267937635,0.2659039986789069,1.064691586621902,-0.2417772911819549,0.23244359635055853,-0.09810699222473722,-0.06499802547403899,0.04647765752605615,0.0,-0.4555188086771744,-0.984432234432242,-0.7037126910944047,-1.0225998024149696,-0.05026547627705602
2022-12-21,-0.6048474312042584,-1.2156510111743901,-1.1187138569442312,-0.5376410487589856,0.0,0.08730146798558436,0.109348016103894,0.797650482399348,-0.8648297517815762,-0.44350299107580593,0.6089309878213989,-0.37715517241379004,1.3761467889908285,0.05827052935211685,-0.7018188985073837,-0.4653051786424278,-0.7495451776647122,0.5220154334997673,-0.6899345574635118,-0.6021217624008313,0.12919896640826156,-0.08053895981745551,0.0,-0.20352803621819238,0.11913063691306736,5.422264875239913,-2.228589621139765,-0.4171301577948372
2022-12-22,1.3157894736842035,-4.651843183148053,0.1708104004555011,0.9558944090312216,0.0,0.12869520626535014,-1.0574018126888296,-5.601527689369846,-0.658672521533521,-0.24177862159560082,-0.6589147286821695,0.783871417608295,1.1211959423385043,-0.1396928634215755,-1.0656620021528451,-1.9033508092090146,-1.1140819964349347,-0.24912901460600878,-1.169746111923431,-0.07011024922381481,0.14954803671559658,0.0035944576697366504,0.0,-0.1730025565581661,0.24005581921365815,-0.039032495073981766,-0.3524986022557852,0.3099031895345883
2022-12-23,-2.1497919556171974,0.21772939346811349,-1.7204301075268824,-0.6867535240952294,0.0,-0.4104066065599876,-1.0512680661968532,0.11657276083152368,1.2260404075289388,-1.041823946851872,-1.477090032154349,0.38463159977105144,-1.1010830324909793,0.7211254285376612,0.1537279016141424,-1.061684460260981,0.6011114891686375,-0.08733624454149158,0.7204069787292156,0.4819973972140623,-0.2760868842098363,-0.7983500765085472,0.0,-0.5704971475142595,-0.6635349383441014,-0.3163019928329236,-1.25317527519051,-0.1804239481217403
2022-12-26,-0.7110113647216088,1.1007661156373139,0.9038294014220738,0.9258235284842764,0.0,0.40652280086065734,0.4060671205063926,0.09433962264151496,-0.4305360958787918,0.24414435034714188,0.379506641366234,-0.16835016835016203,-0.3505493829894568,0.5418130550280176,0.9400448160900687,2.9700047236655758,0.9216259613784916,-0.20403160543286392,0.02027027027027284,-0.45662100456621557,-0.0777336431245057,0.8156026089890522,0.0,1.5618628170622317,0.6603731024385384,-0.44559099437148086,1.6230539913878905,0.1784537667471886
2022-12-27,-1.076716016150736,-0.2791223814006982,1.1888782358581151,-0.89306339963518,0.0,0.23393002441007837,0.047789725209068656,0.5680759918048173,-1.072664359861597,0.041020260116619855,0.769158615514498,-0.2735978112175075,-0.1771428074141601,-0.2500284123195695,-1.0630341880341954,0.3158196956646542,-1.1992306822038667,-0.05417851821754027,-0.12713264120793877,0.04121002214703684,0.001954791302027914,1.0930750098180342,0.0,0.04283001549846288,0.1025251772832636,-0.29967968114618104,-0.15847860538826808,-0.8483853311439526
2022-12-28,0.40160642570281624,0.0,0.1711677443895221,-0.14065948734690026,0.0,-0.2420982262822502,-0.14376422666827482,0.6394589957771424,0.07884030089233551,0.50761421319796,0.0729594163246583,-0.7749792416274603,-0.026755903256692193,-0.1522095830991832,-0.4026106330514978,0.36502051083265874,0.14955909040922366,-0.022729339030824747,-0.0435949027498439,0.32695239074412114,0.22662929557255573,0.026212319790297478,0.0,-0.0806614236741332,0.2718595786176503,0.12050369873492506,-0.15045882979844624,0.16075539409133865
2022-12-29,0.32808398950130435,0.5365126676602161,1.091008556895423,1.1637373673471452,0.0,-0.1224489795918382,0.001102301798061589,-0.753399485483286,0.26109660574411553,0.19109634918035023,-0.5585569087079856,-1.3630041724617459,-0.1588351265024842,0.20473157415832333,0.4941451005208264,0.583513419622117,0.7194827102156021,0.686121630652714,-0.30922608989523703,0.20719729057993574,0.21321220591587475,-0.06038533749141428,0.0,0.015182721888690187,0.1592568871115141,-0.07840442576075302,0.5103749413516323,0.3541031233411429
2022-12-30,-0.4231848499009927,2.907822041291075,0.42790697674417455,-0.4560291560979979,0.0,-0.10623280077810178,0.1790189760114469,-1.2678571428571428,-0.2083333333333437,-0.5861684642726295,-0.1307922272047901,0.26120519367595446,0.0525762355415349,-0.6644518272425293,0.1173959445037287,-0.10234832546767159,-0.6346541987734322,0.08620689655172153,0.8934893287029233,-0.13432836934626677,-0.5721952554440024,-0.11965547662625142,0.0,-0.22113411150370688,0.746883086332617,0.04703668861711918,0.04672897196260628,0.33696783737877656
2023-01-02,0.2693602693602637,-0.056417489421722866,0.4787798110017838,0.14479588543752642,0.0,-0.2900953170327458,0.8376795805814741,0.05362329400412924,-0.15416676748856717,-0.048414790591366774,0.6530596421691293,-0.5234159779614278,-0.5804749340369342,0.17379986749127552,0.007955516003949059,0.09608319674447863,0.7068607955593276,0.3864983251739229,-0.060048038430737805,0.0483581684286305,0.18413384777871689,-0.013138877939822269,0.0,-0.1172143405682946,-0.08577343981071017,0.37697616698199043,0.3116721209287743,0.37834132967786704
2023-01-03,-0.26141982470859193,-0.7582139848357317,0.2726140562082202,0.41682455475560154,0.0,0.17542049324115183,0.12264162337991547,-1.0338983050847461,0.2992957746478897,-0.02039572697831356,-1.1740778404363494,0.7425742574257432,-0.12326113752419987,0.08995482790459808,0.3533941663589779,0.0791362839862142,-0.05263634334028433,-0.5228155953516445,0.9105712671563015,-0.052831276115461456,0.3183563622042085,0.0729021217739434,0.0,0.3453953974055235,-0.01518263925043839,0.48825854452452244,-0.3891050583657574,0.012734861091434624
2023-01-04,-1.5089163237311465,-0.3132228534732939,-0.6878601970626397,-0.05692632860021899,0.0,-0.12392853454507025,0.16345592527728936,-1.27388535031846,0.21883753501399927,0.1313755795981475,-0.2350884500509983,0.22150141725840733,0.07160899803548097,0.033719231201523314,-0.18866695776518783,-0.9299937239687361,-0.9105407332357762,1.6736455512063486,0.11966493817310297,-0.22131046721057812,-1.3200448815259724,-1.8656716417910446,0.0,-0.0793304509936088,0.08197209079195966,-0.2672243522714113,-0.047348484848497296,0.09575367075068675
2023-01-05,-0.3410641200545683,-0.5656108597285048,0.3615169304648373,-0.7952650543498585,0.0,-0.16997236063531762,-0.46631380651111315,-0.5514705882352922,0.12247833593598267,-0.41168699062860137,-0.3854979348325016,0.6294471811713276,0.8796622097114737,-0.8116140832190144,-0.47445255474451997,0.15498536249354267,-0.7963556560173002,0.25099784848217066,0.4631467513563692,0.4071661237784907,0.0,-0.3242944869937259,0.0,0.43797881656019166,0.027831082375436484,-0.04629478612982463,0.11123470522804713,-0.16200334989977527
2023-01-06,0.5115829218164336,-0.3007632668596327,-0.11789914530220824,0.44833945313035306,0.0,0.010509721492391044,0.27296463327795006,0.25301673803037605,0.26320149869473175,0.4636661603645287,-0.3353204172876212,0.3867403314917084,0.24679069306057788,-0.023529411764711128,0.2822151224707081,-0.04266782047201434,-0.4507107361608642,-1.3437088063953717,-0.33883488260452177,-0.21793647824479012,-0.37569589125311387,-0.6067918560120678,0.0,0.0627589799504169,0.004407400120282068,-0.507762419015706,-0.009429879918924447,-1.6164239728109209
2023-01-09,0.10164643037824383,0.9729202096828593,-0.31278748850046556,-0.11463835428249618,0.0,-0.20548127349745982,0.17961920728055691,0.5716790692159246,-0.09554469920323161,-0.23752969121140222,0.3380336101989512,0.37019295751845593,0.11417845447712072,0.6586515011918315,0.7870272554405089,-0.28428493816939904,0.022735023303388502,0.3883327580255447,0.17003400680135616,-0.009495774380396949,1.3036078965282583,0.16750161996516022,0.0,0.06275494195167042,-0.16184624606624398,0.0932504470808948,1.9974366080927175,0.09159796819053767
2023-01-10,-1.5078821110349638,-0.31276416873355917,0.5021253752944488,0.06853093595971527,0.0,-0.2410039474067316,-0.2004008016031955,-1.3934970139349745,-0.03242958411829311,-0.5936896640941713,-0.14032572175802782,-0.37981551817689585,0.1369836629786486,-0.6052846001629697,-0.007712111316887649,-0.14608445458795805,-0.7740858733812361,-0.005185300312099406,0.040238749916188254,0.02847437142898257,-0.29646289102432943,0.06250868176136404,0.0,0.019948134849401278,0.015056159474835518,-0.32531660276520213,-0.704288651166135,0.24526697786525498
2023-01-11,0.5192722616116252,-0.16901408450704647,-0.3077480086893458,-2.675059008654601,0.0,0.19202048218476264,-0.3965014577259396,-0.042494143302311084,0.20908646899638894,-0.34911406582166515,0.39560015438053764,-0.20527948558519693,-0.44633660604919134,-0.06318444761861941,-0.15256846698169144,-0.8259414262799858,-0.37159187961455786,-0.1976790158878028,0.101454176530269,-0.39242747887768825,0.0501361104727982,-0.6582104902296826,0.0,0.12499999999999734,-0.30805120229692173,0.11678150181011482,-0.18487136034509577,0.32014944930788825
2023-01-12,0.0,-0.23034840195796935,0.07278020378456151,1.0685103708359511,0.0,0.13456028357151373,0.16203834700944109,0.3035735797644601,-0.39437539662731486,0.1047505327461636,-0.3309763917875593,-0.11049723756906271,0.5631819781766856,-0.05903187721369996,-0.8290935211464956,0.2405873622546406,-0.033263405837108406,-1.873723470384503,0.21294839925375397,0.09372071227742307,-0.6772301393158597,-0.03451851670884798,0.0,-0.10472891323611844,0.324324324324321,0.08236263089775875,-0.09514747859181716,-0.48183152168409515
2023-01-13,0.7210254067322786,-0.26486969116016335,0.0,-0.3042155584528472,0.0,0.4567936782529203,-0.3842571029343267,0.8388142217138572,-0.10442577563826716,-0.06459948320415299,0.10639326820773842,1.391541609822644,0.8064516129032251,-0.36200351766957906,0.2364574376612305,0.011278611641999762,-0.17831271592554376,0.08942538022470026,-2.58523791682278,0.38299664918348314,-0.6572516768344028,0.017125259572131624,0.0,0.5151527347365903,-0.5070250458155123,-0.49871496095280077,1.0658307210031248,-0.26119713089186036
2023-01-16,-0.5351170568561936,0.3435444847324387,0.036390101892269655,1.3634756877507592,0.0,-0.2619315969355551,0.46549517048759537,-0.5298170601846119,0.09645842477056243,0.0,-0.23737936868746257,1.2102874432677657,0.017596339961301055,-0.07773516614975606,-0.9584285381010138,-0.7371269519175327,-0.3608923884514392,-0.34877927254608476,-0.27045300878972833,0.44048820776358966,0.06901991717609413,-0.054667213338810416,0.0,-0.19298337037003677,-0.007721530716248148,-0.12835395372261896,-2.004935225169646,0.19581962560712984
2023-01-17,0.4062288422478133,-0.05709391949757503,-0.045145251099382167,0.201818112322479,0.0,0.08524240809801853,0.11519410206197733,-0.09505703422053591,0.15783935461242127,-0.03184661170731462,-0.20248770610354905,-0.47468667509386053,0.11176382473954138,0.13140604467805073,0.5699567052118049,0.254909912519552,-0.02261531658052096,-1.1721443346357163,-1.6279069767441867,0.311723514795581,0.0651508241579224,0.07442829406849594,0.0,0.04546314116679051,0.1151431189943708,-0.17958268641267705,-0.1559509253351632,0.05320334638051113
2023-01-18,0.0,-0.43719032352084186,0.28678974726654705,-0.5338809034907688,0.0,-0.5247691015953015,-0.13257630193113656,1.708045547881265,-0.29094643162758116,-0.09809526436730757,0.09622783910971933,1.3414209895348028,-0.0528417068100695,0.8613569321533898,0.27788372473165346,0.25392428439521275,-0.5101474991682453,-0.20608899297424044,0.1907801172430501,-0.13605255634856483,0.24303305249513407,-0.216216216216214,0.0,-0.8499291725689417,0.1759895794941846,0.14831206935873031,-0.1252348152786409,0.33631210151049973
2023-01-19,-0.13591187188097265,-0.41420118343195034,-0.15845070422534357,-0.06117455138661132,0.0,0.10513036164845335,0.08899138253706991,0.9724770642201674,-0.008616626929994209,-0.112650035489259,0.7292173067574126,-0.2187651920272149,0.30632675621257155,1.0473696738871663,-0.24651661307609762,0.22052071535918483,-0.06668148477438907,-0.03777148253070184,-0.026504133921448347,-0.1936675224068929,0.09629416334112258,-0.5213903743315429,0.0,0.19034727803393103,0.09039900249376842,0.16083594878162355,0.09377930603313711,0.23118127995489512
2023-01-20,-0.11319090824830624,-0.4602222690479385,-0.9245986171471876,0.2849090942672827,0.0,-0.502673796791453,0.04634457189200969,0.35974541093994894,-0.2570592350588208,0.7948094079480938,1.5308075009567546,-0.3576537911301858,-0.36636427076064404,-0.8409333175411482,-0.03219575016097931,-0.016648028721233388,-0.8466803937613121,0.12371526456032012,-0.2415578427351924,0.01988101143108323,-0.3208972156494183,-1.9673898396442513,0.0,0.34662045060658286,0.07232931853202729,-0.05995041301860016,0.04748338081672632,0.47060157623177723
2023-01-23,0.9598884304019376,0.0,-0.2645050997074609,0.02699306106542047,0.0,0.203360804880659,-1.1969661057122383,-0.2533546026086131,0.10700870804498108,2.66347687400319,0.3962768408441786,-0.07239939148598884,-0.0176397953783769,0.3937034278536311,0.02769158523356907,0.13379512346609057,1.0857175354236137,0.2107511134268103,-0.10025509851560033,0.3323238229953618,0.10415988542413768,0.44642857142858094,0.0,0.25764579728950743,0.47235871951593067,0.12079966317721236,0.13667730442514792,-0.2828973166769333
2023-01-24,-1.3504388926401045,-0.09104704097117056,-0.22495241391243814,0.08051529790660261,0.0,0.2770637723126135,-0.3075467234445295,0.07537925186091865,0.011233477638361578,-0.0626506338169519,-0.32278889606197625,1.1255044004283454,-0.2555591135205981,-0.34767347678585914,-2.0689655172413834,0.5209824239995386,-0.063138560440823,-0.2545008954661143,-0.0350083769684284,0.9414690469846221,-0.2609788330418028,0.006872852233663629,0.0,-0.2687269881181398,-0.22934274099127294,-0.8145663632007638,-0.44118465103739996,0.04775280898876577
2023-01-25,-0.8264462809917328,-0.029546423641646502,-0.46215050114529754,0.060370897591044415,0.0,-0.7180366520201487,-0.2390115335402343,-0.583118248733383,-0.8489258489258633,-0.3551696921862635,0.05101670471567843,1.3238770685579215,-0.6739978715856632,-1.519971721456359,-0.7945327258584212,-1.0311069918322424,0.22886891007213306,0.04344472587461956,-0.9295447343403485,-0.25245814509701203,-0.08416963418581558,-0.21354274299099085,0.0,-0.25031838742258783,0.43355385702357196,-1.0633097042287987,-0.18579164760226807,-0.3109146514812977
2023-01-27,-1.6080586080586101,-0.8114829777535119,-1.445443328045115,-0.3720836029197261,0.0,0.08816398501212408,-0.38974843510098944,-1.136137133745263,-0.07012622720897754,-0.5520441635330942,-2.8204412175369953,-2.3881289125898486,-0.23632352210296304,-2.7286135693215363,0.25186033199771085,-0.3406637711184324,0.30235162374021574,1.2225772318400496,-1.1547998583067653,-0.23381897108551986,0.054941503458083574,-0.10379518431198886,0.0,-0.9352470416395198,-1.0242555091770744,-3.5452013167890595,-0.7553366174055887,-0.7463761851243533
2023-01-30,-0.6622516556291425,0.7203257124960949,-0.32356642099585775,-0.31068765534383314,0.0,0.2191060473269113,0.03385622390248422,0.024950693432429505,-0.5178571428571366,-0.25188250164753234,0.9336000762122376,-0.02345765892564078,-0.6175281977441882,2.4915743861338546,-0.6549996280951098,0.9074941451990615,-0.3604176960444738,1.5321457860266434,-0.4875097857803601,0.2722971163289234,-0.06526563111864947,-0.6320892777490872,0.0,0.009819682009385803,0.5652965411516719,-0.7746761052491058,-0.39044560799639805,-0.011446405158860307
2023-01-31,2.6239067055393805,0.0,4.314630681818166,-1.1899702507437326,0.0,-0.32019231739857656,0.92748788052468,3.294997239481523,0.2671891699323137,0.9576035357669044,-0.038208042793019814,0.9126850756636107,0.4316546762589857,0.44827586206896974,-0.4545716094136676,0.652688731011386,0.1400756220516275,0.6668156205796971,-0.18995538087134278,0.14616335330259003,0.296220896101862,0.3896146717434397,0.0,0.1633672073993342,0.15455047874370909,0.8881230116648986,0.501588363149974,0.1338766006984793
2023-02-01,1.0000000000000009,2.485029940119765,-0.7256392536281853,-0.6169883185657143,0.0,-0.16599337451771815,-0.07989043597352863,0.27767589335795373,0.4404352046299853,-0.5693621390659098,-0.7441027657709876,-0.3246475081292777,-0.6313897344571107,-1.5542857142857192,-0.7237520442200274,-0.49165375111659415,-1.7566080764176761,0.05713846305196446,-2.0273195501809225,0.4225344338517234,-0.03255844240411809,-1.0232645029629877,0.0,-0.17728895745572903,-0.4207682687473291,-0.37652574085568213,-0.6485484867202018,0.2889222086213894
2023-02-02,-3.1734317343173557,-1.530464914813745,0.7364544976328435,-0.27458234594676484,0.0,0.7160167437761711,-1.0772833723653452,0.7531040097700004,0.4573721147054566,-0.22508038585208334,0.7260362099071882,0.00014818821791329206,0.3249097472924012,-0.47592067988668774,0.43413997763656065,-0.07475130814789122,-0.028714674975627297,1.4383754818087846,0.5384615384615321,-0.485457934203104,-0.1174752349504593,0.6984957561514293,0.0,-0.21913440249690108,0.16950748658066672,0.31580536425347416,0.0,0.09317379348135295
2023-02-03,1.0687022900763399,1.1918951132300348,-2.7601234792082874,-0.3075374947977642,0.0,0.48066419051779885,0.0,0.2854726157750065,-0.1601876302542271,0.2085408683350979,-0.277877375403357,-0.587991612849644,-0.05246689485877143,0.12430827138559437,0.5168686816291346,-0.3552915670427888,-1.0983541876729008,-0.30361450900892595,-0.27077271257679447,-0.0550799661133583,-0.009447033631426738,0.020810210876809343,0.0,0.06313482724847885,0.13887601619675394,-0.10370754472387445,-0.26032149229588075,-0.011368157790037081
2023-02-06,0.0,0.17647058823528905,-0.6028636021100153,2.4454148471615644,0.0,0.2883691124639487,0.3402489139368303,-0.5327323020182351,-0.07106057914371688,0.22222222222221255,-1.302551203736979,1.285810963230305,0.43274432023079346,-2.6729923628789676,0.0,-1.7168845935190524,1.1531365313653064,0.5917148183356202,-0.44005708848715575,0.3338168275768938,-0.26041666666667407,0.5205080158234399,0.0,0.8596242467210136,0.23409212291040463,2.0943081074136005,0.027400867708166077,0.0008439260763715151
2023-02-07,-0.6795946853506041,-0.11985483652150093,-0.19387633831602358,0.9204857030943758,0.0,0.11751874395642403,-1.0000000000000009,-0.24968433372484963,0.47370919593620053,-0.33646322378716453,-1.0593220338983023,-1.943942133815546,-0.1797122426376807,0.06976744186046879,-0.536926605049487,-0.27025338260196485,0.3246644326572956,-1.29257562701256,-0.23813303698999588,-0.8130373092314513,-0.007258790216513322,-0.5940188447357553,0.0,-0.4384993577534524,-0.12722299860061792,-0.10189784740798347,-0.17929179740026058,0.3382411460405965
2023-02-08,0.29239766081871066,-0.35842293906809264,-0.6826568265682731,0.5898409982892316,0.0,0.18723800840840799,0.10910413383440343,-0.019687398707809074,-0.029569749959031572,-0.4306036139946068,0.4244747598344145,1.0234250625426489,-0.04731255862277702,2.8173719376392015,-0.34984027549726515,0.14738036380117503,0.08508068534383018,-0.17707150964813012,0.9315536509693301,-0.22295974453248601,0.5316655857933228,0.06255664879224095,0.0,-0.0664451827242507,-0.09370250150994242,-0.30460718365274975,-0.028461647929423073,0.09337596559237937
2023-02-09,-0.3393489865359922,0.5547445255474459,0.12984603969576902,-0.22953328232592218,0.0,-0.22182317524030992,-0.2426889940541188,0.2944181500915799,0.18169406986495718,-0.18648018648019793,-0.17495395948435855,0.11360170169527062,-0.08912516779054913,0.0,-0.017228507436972684,0.05812716135700965,0.13652814818721493,-0.2485677039605838,0.27098380774003283,-0.026109660574413773,-0.28700670722195953,-0.4029562380313341,0.0,0.17334103737944861,-1.51108020105587,-0.6098023968180766,0.611383777339003,0.4948899186651423
2023-02-10,0.8046817849305166,-0.08791843058726934,0.23368133762570187,-0.6211830592726564,0.0,-0.00031300790554467106,-0.12606943085291533,-0.6006765658580937,0.26747503566333375,0.007768800497198747,0.25385151396760675,0.01117568171659089,0.6262773652862541,0.5689790784902504,-0.22704712285044337,0.02300040250704516,-0.4190254153129902,0.25290032201369383,0.7004915050891958,-0.1382940756602391,-0.06542035087931386,-0.9365746160732713,0.0,0.09636443276390683,0.6693989071038242,0.17942264449152626,0.056140350877198486,-0.11857707509881354
2023-02-13,-1.310997815003645,0.4678362573099504,-0.3040623179294488,0.5538262465911789,0.0,0.22231632437010873,-1.9129368485591658,-0.263531319683763,-0.7991654080475863,-0.3027010245265527,0.46681922196796233,-0.594965675057213,-0.848988439306364,-0.275046989282024,-0.028876696505919508,-1.8958127266732627,-0.6634064710549281,-0.3437784614210959,0.562293462089262,-0.13902592160733862,-0.932048617671144,-0.12273738388981122,0.0,-0.23556098412145232,-0.14031485284051737,0.14512032893940763,-1.0964085054868844,0.027370719053583976
2023-02-14,-0.547550043460617,-0.388059701492538,0.13956073285235626,-0.04373036089935223,0.0,-0.24843378699502816,0.0,0.5613305613305641,1.3600523710614154,-0.07936507936507908,-0.11867810845355153,-0.2771362586605042,-1.706735180767105,0.6734068816959593,0.5898646408916408,0.239502158363832,-0.8196721311475419,-0.3699437238859127,-0.11063994124797416,0.6572963111408869,0.25792652239557956,-0.2912217445569354,0.0,-0.38988229236587846,0.09425436865447834,2.5139664804469275,-1.1328997582255362,-0.031087979541233324
2023-02-15,0.6870229007633677,0.6073489219556638,-0.15644994340915375,-0.03851365088923808,0.0,0.08622767813794378,-0.7940509200907386,0.27043894320781803,-0.2489721348662266,0.17764767841399465,-0.06108271955287958,-0.0920174833218268,0.36067434693685674,0.3573937148958872,0.2658010540477984,1.7245627001724495,0.23123124672125295,-0.0691435419931774,0.2550231839258066,-0.03561922794399486,0.41118690603767494,-0.21781232505669879,0.0,0.63458487572714,-0.14026684912760157,0.8151750525689394,-1.1269928532160578,0.3955947524753589
2023-02-16,-1.9926199261992572,1.0532651218778222,0.05494505494505475,0.42901716068644014,0.0,0.5699537584686665,-0.31366723053244394,-0.3160986833088464,0.5249285145386473,-0.10636439344178794,0.6066005512816747,0.33905967450271746,0.31857085946921754,0.09671179883945502,-0.13773686089874615,1.2293621570257818,0.9963815121103115,-0.1756900457718924,-0.38741848868431017,-0.0498523749345503,0.20558185895838132,0.6466703357182135,0.0,-0.8800391128494733,-0.08694281210885335,0.3582986592695292,0.9347042328748723,0.1506864605424818
2023-02-17,-0.2932551319648091,0.5397301349325367,-0.15519640640122012,0.021349806791931547,0.0,-0.07425480004243923,-0.02604516827158232,-0.3571428571428559,0.31305259750786796,-1.9727836379740737,0.1164418601921291,0.4514672686230181,-0.2034399852043678,-0.13993541442410828,0.040567951318459805,0.11602274045712235,0.37946332773272085,-0.027883632307856843,-0.4821121101970527,0.04030091348736775,-0.08178672538533549,0.054390572340701215,0.0,0.09687411975812243,0.6640131165665308,-0.06721652673326584,-0.027100271002711285,-0.6303580433686284
2023-02-20,-0.09602961556410088,-0.6721662083715163,-0.177325090481976,0.5428914107812655,0.0,0.09466779957845728,0.1679586563307467,-0.2017199278054993,-0.30433225921948637,0.10745577781450244,-0.04576240161083822,-0.0895656068069961,0.6766642282370228,0.7259152004377822,-0.041224970553599416,0.32125425065566704,-0.623016903932766,-0.1842751842751844,0.09519993394980775,-0.17904007587196125,-0.034711926761737955,-0.31724249508179314,0.0,-0.15906350892258558,-0.4619305551802529,-0.40271545276723275,1.0024957617235764,-0.35798155679019894
2023-02-21,0.3976828926177234,-0.2912059582922122,0.48237476808905555,0.7162065490209368,0.0,-0.12253335913531282,0.07768323710443115,-0.031759645232548595,0.12023332743139974,0.02080204183900758,-0.08327165062914643,-0.10771187723797038,-0.06575825815939111,0.28729516918493125,0.4112528310883379,-0.2698297624710115,0.0,-0.09478672985782088,-0.11722482876822538,0.17090173150440258,0.23926457624983133,0.4993768354127792,0.0,-0.4413420400810719,0.018930409137524196,-0.7203423222668426,-0.16009191673423961,0.028940209527106298
2023-02-22,0.5192878338278861,0.8411214953270907,-0.9859689040576325,0.2646502835538689,0.0,-0.7737148913619429,0.19650233397621916,0.11396279738327131,0.18141198444280304,-1.6662521760756,1.0870566559189276,-0.13419816595839906,-0.28243281693850486,1.4533930717954169,-0.13759272553242052,0.09893499388931026,-0.12106621099751691,0.07574323044876596,0.2601638644041504,0.7066332345566417,-0.11164630450731794,0.2786552961419275,0.0,0.18722316087491642,-0.5855204243300993,-0.18298261665141702,0.04149377593360981,-0.3317425212431613
2023-02-23,0.1908292429127878,0.5045679939865599,-0.08535660091048003,0.524883359253514,0.0,-0.15409278052425832,-0.3072691177278819,-0.7297655904467071,0.20977009541799374,-0.31828461345172476,-0.009344500019081714,-0.3658870799765901,0.08921456250589599,-0.0268748200405039,0.08349236641223001,-0.3276262874618019,0.7112873134328401,0.11918951132301459,-0.6499608457321782,-0.2839827659505134,0.38705931684031025,-0.7863431682236688,0.0,0.5444192286283345,0.3036367400455431,1.466937485894837,-0.4613157164655268,0.006836920541652969
2023-02-24,0.04294735912384051,-0.17160000979694057,-1.6860465116279033,-0.3713774340066478,0.0,-0.0402069861137222,-0.676202860858266,0.18397148441990918,-0.015113904531699474,0.2289424638069859,0.9120758847136035,0.4110774556469021,-0.40239959116833424,0.05857158298532561,-0.2525252525252486,0.3871045787213534,0.11579434923576493,0.18312707426072494,2.1818891491022674,-0.15477775884598644,-0.13727931551895667,0.7123142308162467,0.0,0.06398829928242478,-0.06570075037173329,-1.652985494208925,-0.4562408508802407,-0.2774257384137502
2023-02-27,0.2248875562218755,-0.7785736530675824,-1.3731825525040375,-0.19936696776723384,0.0,-0.1295004641794939,0.9440166736391531,-0.23640661938534313,0.27953745511959394,0.2440621992702563,-1.5107389879868816,-0.6190581472474088,-1.5740740740740722,-0.5713030103274064,0.11041125676524895,-0.3040068097525439,0.7600561272216977,-0.15799249934452253,0.3636451028044885,0.02468977736528692,-0.773560683366803,-0.3108208983421068,0.0,0.3879962635426448,0.08100108955718666,0.12655315232397157,0.022351844597105302,0.44378266327991245
2023-02-28,0.47905371738688657,-0.8222643896268034,-4.02813299232736,0.3087125632034689,0.0,3.83487235198261,1.5348446729987086,-0.028415523133840104,0.26561452339059305,-0.3311816559042835,0.544644656826998,0.0,0.7457645450364203,-0.5134441400697298,0.15855305655056995,-0.3129472030774405,0.3865526531568353,-0.1479905656014524,-0.479920380495108,-0.31237528066813125,-1.1533717790592979,-1.02054429028815,0.0,0.41926403367889,0.7335893975570107,-0.24987855424654093,-0.4098920617570667,0.262213984231624
2023-03-01,0.6901840490797673,0.46500857321534195,-0.301659125188547,0.5027932960893988,0.0,-0.4131377814501125,-0.11932358153521894,2.8934780072336963,0.008949173125166743,1.4859337173386722,2.419501546297975,0.8613074204946836,-0.07472086880735973,-0.3951701427003296,0.3321291224799072,0.5431797375648584,0.41899441340780275,0.37381944777590825,0.0,0.04131662305466577,-0.06009414749775788,0.0022279199031860486,0.0,0.12536388461671377,-0.06856359273226253,0.24183084655582943,0.7444504602057478,0.6426327771533957
2023-03-02,0.7324933036110259,-0.967842647517958,-0.19299028259984197,0.31811377245509753,0.0,0.26949052846572674,-1.7131979695431454,-0.7050702643002171,-0.47530638375709033,-0.46172539489672815,-0.16994633273703652,0.33757557057456644,0.4405361326064561,-0.9336261928670986,-0.6659267480577213,0.646408506010987,0.13405704617027725,0.060048753451698765,-0.1462914063303733,0.9772871233372671,-0.3009196645929135,0.49069032735094,0.0,-0.5292936667275039,0.11604327404060033,0.20016484163429826,0.061154157636506,-0.14834306392429072
2023-03-03,0.5337093944444316,0.09369144284823161,-0.16920473773266442,0.07371913011426923,0.0,-0.1825268619981113,-0.11569648777656205,-0.3964757709251088,0.6595822645657723,-0.7419526638883456,0.41760509031032456,-0.5554554893941577,0.05460502366219089,0.5736981465136903,0.12646001201217505,-1.286698079014148,-0.15116279069766758,0.2112679421255518,-0.04628098602574848,-0.2530072351191959,0.02263015865853572,0.4232056987855115,0.0,-0.07702250425373203,-0.2166070468921033,-0.46583850931678494,-0.612866438384041,0.4367496468926535
2023-03-06,-1.912777352716144,0.6058068656377036,0.06315555710716958,-0.6676760738511867,0.0,0.17177769005970825,0.025847565037889764,-0.1359243275877442,0.5082036118236655,-0.1917852005753673,0.4303303611472242,0.6846384253316407,-0.18115942028985588,-0.5876962778107564,0.09876256317900012,0.1025950512975271,-0.430132527319238,-0.597426470588236,0.18908595847673126,-0.31989356507495237,0.638085742771688,0.08871427666181653,0.0,0.4684183117765084,-0.19815231930494134,0.21448999046711492,0.6377476114557745,-0.028465493925533547
2023-03-08,-0.11334612386834086,3.446153846153832,1.5979814970563444,-0.018532246108227124,0.0,0.26802319609117164,0.36231884057971175,1.2572968118545136,0.322465066284483,0.2511065017949732,-0.27575060495486453,-0.23161808357744507,-0.455124704168941,-0.06625049590899823,0.09041016936974788,0.7518290746418743,-0.046328468844103465,-0.02786162061759745,-0.10048381094156511,0.46321280805901033,0.36357515569769294,-0.705950750574158,0.0,0.1789728462438911,0.1237793976069268,0.4366812227074357,0.2824133504492954,0.13574622099283284
2023-03-09,0.0005827819881972415,0.13388099279342258,-0.5962872411240328,-0.14752798108382814,0.0,0.09363796869827541,0.026030032713186824,-0.36639570822082357,-0.3931379556826431,-0.5798162510799953,0.14184397163119478,-0.7950680351776873,-0.05475451724766822,-0.9229257610635644,0.530534571247343,0.024731636565827886,1.7464788732394432,0.2622391888334019,-0.10572751467425867,-0.01792000008239795,-0.25649246087531274,-0.05826662691702511,0.0,-0.1018740686435704,-0.013758874455344072,-0.05251785153886357,0.7483510908168345,-0.5516348838106089
2023-03-10,2.0964664594551263,0.0,0.959732943876479,1.2050461306721827,0.0,0.0922430767952805,-0.014735316100750184,0.308924485125861,-0.1257409735944015,0.20244101333858344,0.10946331518503216,0.2832244008714513,-0.6816507000736771,-0.8581235697940448,-0.5943363244377164,0.11610143599145584,-0.25111911780761886,-0.22080206981184292,0.056078451513386085,-0.02026294823759822,0.12277470841008942,0.09758583916645858,0.0,0.37183360446200187,0.3180630094157218,0.29522433475606125,0.4766857316325146,0.39702379201835836
2023-03-13,-0.615858352578913,-0.37714021074674586,-0.7380369222678651,-0.13165318788791458,0.0,-0.019295750133541123,-0.24459320288362507,-0.6912312459606218,-0.13623552128562144,-0.691574411561513,-3.2007674864817592,-2.3767605633802757,-0.8737683584309264,-0.7451104126467933,-1.8744087038789048,-0.44724911162847825,0.9334635840659855,0.0374304028446959,-0.47991071428571397,-0.5440181632282548,-0.8671092844964201,0.09333364982627712,0.0,-0.43167195859118435,-0.5557485237929871,-0.5918083420797415,-0.8154470440606391,-0.9157225258328572
2023-03-14,3.099911403763515,-0.21267553254125104,0.14197816855906856,0.5230826963336321,0.0,0.015937345029837235,-0.5104712041884785,-3.1692199742720195,-0.3669051550174274,0.4490764277241155,0.0,-0.12474263630081195,-1.091045899172327,-2.492581602373889,-0.37814127900553385,0.06388551715326152,1.177100053504554,-0.09817846827869792,0.043389382965397516,-0.9869322854793028,0.383708240926528,-0.23692427597855614,0.0,-0.7040687369910759,-0.06560546942440126,-0.04141748359640374,1.3436692506459957,-0.06325110689436864
2023-03-15,-0.3963465728171689,-0.7292437130177576,-0.3022686785532469,0.7482261092084016,0.0,1.0607621009268708,-0.5919547961791949,0.4964539007092261,0.0,-0.39166399628253745,0.17015571376033933,-0.06738765077793178,-0.037601052829461246,-0.2533937772744077,-0.7195407100032414,0.14072515295671661,-0.3964382235894237,0.05779132975474536,-0.524344569288393,-0.09000288551505031,-0.10889191347929206,0.5017246785826268,0.0,-0.2682829065971948,-0.28801346872654454,0.2232484619709041,0.28070071303474275,0.128700565557599
2023-03-16,0.40780254906701563,0.1528584530724464,-0.17252533965926853,0.3507404520654678,0.0,-0.1313131313131266,-0.15189174261254212,0.3019227999412899,-0.16208737300318354,-0.5794073670101874,0.24054357731866371,-0.1487348051522286,0.18806117041113568,-0.28795725989319565,-0.47843895114096924,-0.12211269596184571,0.492455226401467,-0.14736956098490572,0.4390135053436106,-0.3629087478572046,0.5104226156481984,0.6211527192226285,0.0,-0.13507989621697747,0.12333237526744867,0.32382565956421416,-1.029054906441751,-0.14934961703388558
2023-03-17,0.4710144927536297,0.06325492512549435,0.35759360538494267,0.0899598840062188,0.0,0.5735560474944723,0.0,-0.462962962962965,-1.2705530642750484,0.10338824669333298,-0.09307514763116087,-0.08924587237839621,0.03762935089370867,2.588639430744699,0.11437649058688344,-1.6434506353861122,-0.5732208522604476,0.19122865380375442,-0.09981146722856105,0.203854065805692,0.5073833018405693,-0.5793528505392942,0.0,-0.1215407629020171,-0.3026875529309192,-0.7326846021751598,-0.12335517003183027,0.22352029564285392
2023-03-20,-1.9736842105263275,0.48944631385745563,0.2105827097125812,0.03243255781122759,0.0,-0.13616518444053982,-2.4428571428571466,-0.3295829071485401,-1.0273972602739656,-0.15614297685957457,0.32997413716222557,-0.034066876969895965,-1.4859973328252951,-0.7328691828508593,0.29265912328492555,-0.6394984326018816,0.900707698906289,-0.7501061470962744,0.22408126680608653,-0.19587300141211683,0.07138523039582623,-0.4713300030715184,0.0,0.18713383597815936,0.23090059263589646,0.7558771713214396,0.023645342787573242,0.30063385020282496
2023-03-21,-0.1749653587978739,-0.07713122654040006,0.22892819979187795,-0.07614696363982265,0.0,0.06463977124533023,0.31953522149601454,0.05513333827469694,-0.22913864218529292,0.35699082024905904,-0.44559308439533485,-0.1118318049653344,-0.15640273704790042,0.6113216774666919,0.5456702253855417,0.6386684730017578,0.2802932298404448,0.2717393734504303,0.2609311517862589,0.2221091111008322,0.04669540229884639,-0.4828462515883092,0.0,0.4016805946719604,-0.3465343634833862,-0.02835753176043676,2.7825855412062284,-0.2991816501921263
2023-03-22,-1.75974020525127,0.0003601485179157334,-0.26650266502665776,0.45283018867923186,0.0,-0.18036939347668332,2.406417112299475,-0.6499944672888225,-0.11529592621061235,0.06455032084717871,-0.05819550626874337,-0.8246044127479313,0.0,-0.13756597804830775,0.12358757062145287,-0.23628584200778846,0.06473607663970427,-1.265046023129579,0.04457652303120341,-0.244213310442018,0.03242658980364688,-0.14831054939385968,0.0,-0.14767930526926598,-0.004658170429927555,-0.2402471113144955,0.4397537379067673,-0.2908770383428849
2023-03-23,0.9308348823059864,0.031172069825435855,-3.295099061522422,0.037216226274661146,0.0,-1.1068976119709029,-0.19193857965450478,0.10904375095198704,-0.30231024448613697,0.16554848828089774,-0.29485346676196844,0.15837104072398134,-0.5156290647852224,0.2442820862335493,-0.12181408444157012,-0.6688533024631904,-0.07809116722751937,0.09578544061301653,-0.5675604780035814,-0.6596060943887205,0.22194731480134067,0.09715340206497558,0.0,-0.18134537382732407,0.317900502498647,-0.50199657729606,0.6830255502150218,0.06087767631424157
2023-03-24,-0.2998500749625266,1.30241423125792,0.02192021043403436,-0.6258867376720378,0.0,-0.03155237694572044,0.23406305934188243,-0.3643705617932887,0.34580678985932645,-1.2165667769925892,-0.02595525963119405,-0.0451570330983031,-0.26057326117457924,-0.06079766536964959,-0.5529086524322047,0.23326637724356836,-0.36096464593802224,-0.8641915705112746,0.029470124716327966,-0.2785909906506845,-0.1410615469791876,-0.9256241444494995,0.0,-0.7052382498956233,0.1531326112562681,0.25439407955596405,0.30326004548899554,0.40802649131138624
2023-03-27,0.9266409266409203,-1.9557550496954068,-0.34639532366311787,-0.6390359685959468,0.0,0.10412328196585108,-0.3081232492997299,-2.767196952722384,0.5369127516778427,-0.7844865579550553,-0.32535670112487186,0.0,-1.1180855237347909,-0.2544303395790093,0.00597335881966643,0.2946375957572078,-0.25897056660290074,-0.04897159647404559,-0.12610347751884077,-0.0963185962307526,0.09798478746323447,0.0,0.0,0.3741552169632345,-0.17129488090218045,1.3750866651259575,-0.19519606857212324,0.09686509334272397
2023-03-28,0.6172839506172867,1.9908616187989558,0.3705064899546214,0.01847745750183094,0.0,0.32298747916826853,0.4177016835362257,-0.7368671262181992,0.5507073184085165,0.10928804769962201,-0.3944387441001451,-0.0602083141189295,0.11463507833398001,-0.3378942392830375,0.006028090903598127,-0.18570102135561095,-0.11109876680368558,0.3916148081072768,0.5742349829996218,-0.05180615080301321,-0.1476892042793776,1.8084751418084632,0.0,0.11579434923576493,-0.06362672322376417,1.3574660633484115,-0.14228430992110352,0.1379391306899791
2023-03-29,0.3472263600071468,1.9200000000000106,2.1897810218978186,0.8522827060811311,0.0,-0.5477224318004348,0.49227067860632134,1.470285111042402,1.724137931034475,0.9590849098108256,0.01776672292796988,0.04580204336983954,0.17219602428237835,-0.03162894031586205,0.39627739417591457,0.5623014260806913,-0.21262309758280917,0.7900924285241806,-0.5645821547927865,0.27521292858277424,0.3267096104147882,0.2142857142857224,0.0,-0.23427026138071647,-0.35360678925034916,0.3702872531418322,-0.5582650214439636,0.1671750351947443
2023-03-31,3.3582089552238736,0.2704326923076872,-0.484210526315787,-0.04510840679207151,0.0,0.42221410344642774,0.013514592302454886,-1.3959981386691522,0.017856783266312348,-0.49276584355654185,-0.4045734388742228,1.5401785714285632,-0.8251953240708931,0.30921459492887493,-0.3918586969236193,0.5251756055931311,-0.27010179184931243,0.6949103805233392,-0.053435114503819214,-0.17947537965946614,0.13948497854077146,0.6430259696687757,0.0,0.06217595018096489,0.2710504083356824,1.4401975690093494,6.153846153846154,0.026071842410191337
2023-04-03,-1.764705882352946,-0.13641425591466305,0.2528943319190624,0.3419111031131905,0.0,0.06007022895549996,0.38173343275162974,-0.42203718489791653,0.8901678670814428,0.31244575594513435,-0.5980350277659086,-0.5207938707019855,0.05802363777951033,-0.13233878729548287,-0.24866990515844956,-0.18548926816934208,0.4848205009811979,-0.10333489901360737,-0.15073293891547657,-0.03196638962463805,0.13483305538799506,-0.7131898622024235,0.0,-0.4624491305956324,0.38623473328924796,0.11690934211925352,-0.6868131868131844,-0.12015448433699838
2023-04-05,-0.5192878338279083,0.06002400960384291,0.1865671641791078,0.2760524499654915,0.0,0.7128835623514851,0.0,-0.7176882395814599,-0.07351893994362868,0.0,-1.6479204812974158,-0.7560583793970566,-0.6401046585214343,0.3285999295857156,-0.05802051128675304,0.11853022520744716,-1.8419211937514501,0.004738213693433746,-0.10785537956468638,0.5125836989148036,0.5754227415539992,-0.6566970091027247,0.0,1.8103090883965,-0.11879804332635135,0.0,0.1801235904566656,0.11849430104194925
2023-04-06,2.9840451473559626,-0.18115942028985588,0.24261859545677833,-0.6949270326615742,0.0,-0.050648298217181864,0.2809778027535792,-0.35441877882455564,0.19270163050624234,0.7525453740593102,-0.2029854420074806,1.1036036036035979,0.0,0.19883040935673169,-0.05257009345794872,0.1099613420250926,0.8324539805369957,0.530102234002261,0.27097048710879035,0.8142726440988124,0.1777408683225142,0.0,0.0,0.006552491249349017,-0.40478704681450317,-0.0310623317457015,-0.4982335215571232,0.24643990622801315
2023-04-10,0.21337126600284861,0.4537643910940914,0.0,0.15056699662456818,0.0,-0.030217566478640823,-0.1539753639417718,0.7882111034955397,0.3657125822540075,-0.02633482498384983,-0.7761634986136301,-0.006544930419475718,1.0880124344277986,0.3150737965805894,-0.2589149111451139,-0.047797891354561806,3.03411953286008,0.34697730729721377,0.18797699161623438,0.6800858094846873,0.1686405076276598,0.4988985357003983,0.0,0.03862294167178426,0.5663691436355256,0.031419522852210724,-0.2938065577623661,0.20188808007279846
2023-04-11,-0.7122507122507171,-0.32865252464893135,-0.04355400696863798,0.0175254118471857,0.0,-2.987197724039836,0.16687526074259385,-0.0569722801765149,0.12190396146559701,0.2746945381889576,0.3743649166592311,0.9374999999999911,0.3959784830966373,0.31197038913941544,-0.2350452462098973,-0.0591754881977824,-0.5145690142294675,0.6278590008072404,-0.6017029328287626,-0.35515864961425114,-0.7029511540665001,0.31741966239339225,0.0,-0.7548032936871008,0.661228303446304,0.4077496650099821,-0.0404996727101925,-0.10887316276537717
2023-04-12,0.8831512326244684,0.9264145740335405,0.021574973031279754,0.0,0.0,0.22812111157197723,-0.010398916112941414,0.0,0.4723219346306484,0.9482758620689591,-0.12825761168606675,0.1356842382253476,0.9572242472914771,0.10193587416817973,0.0022215945216119692,0.43895846741518474,1.306799081543386,-0.1834652719667799,0.01898902434391836,0.2919035625397137,0.28985507246375164,0.08219259615919183,0.0,0.2663972074223864,-0.19121838582818462,0.1809053842929509,0.5971331685571735,0.11695588315292493
2023-04-13,0.9049553290640314,0.4668806536329173,-0.09209817063254484,-0.1678226919562061,0.0,0.010329511414108872,-0.16416012613723238,0.02108270287665137,-0.15017833677493098,3.698190080702024,0.13372559507889292,0.21367521367521292,0.1112647088573393,-1.329633483639725,0.6429942242940171,-0.33878428562121865,1.5926236378876801,0.10508185397727354,0.10590015128593144,-0.9218938200685645,-0.3836658503704571,-1.4312066662426015,0.0,0.19333475263494382,0.16244900906103865,0.07177293154049247,-0.1034616063441518,0.7002881858663157
2023-04-17,0.27247956403269047,0.31983772764523355,1.1978609625668435,0.1830143259714312,0.0,0.04803331217748674,0.4852441380690742,-0.3672985781990601,-0.07427573209706217,0.0,-0.44887332794685264,0.012771708568670714,0.16835016835017313,0.7864683933848574,-0.4247503156928123,0.05213424568262237,0.5995717344753793,-0.12934457745992592,0.2677022848955657,0.7762091883762645,0.8293694352969894,-0.2352172492649407,0.0,0.32384601350117226,1.0086558409042157,-0.010235731334523601,0.41194927702775663,-0.10921683537559179
2023-04-18,-0.13468013468013185,-0.3753962161768598,-0.09507674254956022,-0.6258578459080344,0.0,-0.04610310006043228,0.3784409763829044,0.24295308756820955,0.252102782531823,0.0,0.4398068805470223,-0.11618460003158804,-0.7621905944888152,0.2141519956998128,-0.04054680259499843,-0.20462974804962286,-0.031208020886208665,0.18445797381559936,-0.16821348473108344,0.6125356125356252,-0.16623787848801808,-0.0882824788351777,0.0,0.1599018210206915,-0.13158830642293617,1.6017842660178472,-0.5062148946292014,-0.12965020902788726
2023-04-19,-0.666666666666671,-1.5278783243296123,0.20859407592823676,-5.446141893017398e-05,0.0,-0.09320629660314328,0.08347189383615117,0.28915662650601526,0.18009816842002868,-1.148923792902845,0.03928158228901172,-0.3654336445949702,0.1601763503016329,-0.21081123947157,-0.2875215641173101,-0.19768331509246173,0.2178848749228468,0.2281365893838605,-0.33246402359130567,-0.15250071455161218,-0.2572760894034465,0.019903594784535333,0.0,-0.48368622401061545,0.3095062311408492,-0.02969415025239064,-0.14028669586518272,0.16214348369261167
2023-04-20,0.26437541308657053,-0.2607939727615194,0.04191993292810281,-2.1853146853146876,0.0,0.0632288904042988,-0.3418483609164358,1.8305249121105538,-0.21809732328761378,-0.02955301071296823,-0.2869440459110528,1.5490533562822595,-0.34317460747445017,-0.0922509225092294,-0.26698973565388306,-0.12799835243217372,0.004738762031764043,-0.3327329250314315,-0.05661445555765754,0.0764487865423787,-0.06521561914077934,0.10183641410710931,0.0,0.004652461151954945,1.4156424974469228,-0.3307714758245095,0.12630938904618083,-0.06370713502209524
2023-04-21,-1.650165016501648,0.08679320068896157,-0.16956337431115465,-0.25008931761343334,0.0,0.9119170984455804,0.643369471651741,0.036231884057968955,0.3777835044479594,-0.9348590232592935,-0.40322580645161255,0.29967884383782506,-0.19994413826139126,0.1934053253632051,-0.3456075711708473,-0.2069481512772836,-1.5429751168097305,0.1797069394525952,-0.019515472326305423,-0.22886478279984246,-0.07353515258398113,0.8747122657020601,0.0,0.4033203582985534,0.04832585433207637,-0.06747178041507929,-0.7781210664835725,-0.17660653202624665
2023-04-24,-0.4606226366207629,-0.19444847479495783,0.30004286326617,0.8569429870584289,0.0,-0.23369233895550456,-0.4372196676119322,-0.012193634922574859,-1.3954365453516804,-0.011059368754717802,-0.25684173235318575,0.3639807257170613,0.13185539891134024,1.990632318501162,1.478401478401481,0.193666574516523,0.41563693552009173,-0.38203074657091607,0.17217060408752186,0.37599352720003587,0.08453415974045327,-0.16270745200129832,0.0,-0.48329498624387623,-0.032902364895021075,0.3370593871530492,0.10306917086577716,-0.31803533678524953
2023-04-25,-0.10024478276395854,-0.1459119715306656,0.19075879610004343,0.24381748519679558,0.0,0.14331342541352154,0.3682080467117488,-0.6401539148812418,1.1320030698388273,0.06046863189719254,-0.17421602787456303,0.4554953190247013,-0.17019667170952157,-0.40847198954856445,-0.02600748126675989,0.14662366469401222,0.3372681281618828,0.0,0.4044112059117366,0.09484608451870713,0.145055676660219,-0.2529182879377534,0.0,0.04885898291386859,-0.2521327668980833,0.5232558139534937,0.1593625498008011,0.1899481857349524
2023-04-26,-0.922513438196354,1.1946386946386944,0.2566295979469668,-0.03448275862070194,0.0,0.7320497392699465,0.6505190311418829,0.22164758034723953,0.13280212483397502,-0.6415271475512463,-0.3125814014066308,1.3917933030359708,-0.43541308503027104,-0.3106662064204402,0.3815726803413244,0.21592608895187326,-0.018685562544447826,0.09277471877978301,-0.07564908545368842,0.4646752015173172,0.2717591814523801,-0.9581026320668484,0.0,-0.28237849289362016,-0.06910066035105689,0.10588122052168636,-4.198780628091569,-0.561006088644278
2023-04-27,-0.8626001232285962,-0.4059147579008382,0.02133783819487367,0.5170630816959676,0.0,-0.22218034856726354,0.37886882185305115,-1.0598503740648413,0.11223344556678949,-0.5507718563338648,0.0,-0.23654642223536193,0.01923446816696206,0.7020443390244546,0.3238452360661448,0.0315915840020109,1.4722409530231628,3.560141290202634,0.4878048780487809,-0.17355410666543003,-0.12611879576891472,0.019770660340046042,0.0,0.016215911805189664,-0.15694769896872351,5.562470081378645,-1.1586663513832973,0.6124396839705115
2023-04-28,-0.16690330155016606,7.6612903225806495,0.6162331933935783,-0.6184989076608471,0.0,0.07121981918999376,2.0917678812415685,-1.3302337595247238,0.0,1.9688079061148889,0.40593157153510084,0.38219410019872946,-0.09695559433778866,-1.2003589858649244,-1.9020338012030957,0.0756131258027648,1.4433671220802191,1.2012838147638538,0.51683514478984,-0.20189689172692704,-0.6597774244832988,0.34169017362976434,0.0,0.2995553475310109,-0.30079299972654017,0.7967057559753021,-0.023474178403759538,0.4096542726679697
2023-05-02,0.002130980798681348,0.0,0.2928870292886909,-0.16490545384443278,0.0,-0.3209492316669893,0.052700922266146755,0.010293717097681343,-0.20758012868923684,1.3377176593677653,0.49999999999998934,2.7434392863122175,0.1528175740210136,0.6344067558922584,-0.1143706753588325,-0.16108232420488644,0.6709230602748528,-0.08206811653673762,-0.23656927918350723,0.2085215626219994,0.5688102385843052,0.4907568220974823,0.0,0.09735744089012233,0.1942623235161589,-0.5935251798561025,0.8786355918500632,-0.29704352965918
2023-05-03,0.5044136191677318,0.6518904823989535,0.5091217649554558,0.28841111693759247,0.0,-0.3544767866839216,0.1696077977787619,-0.20030835158334112,-0.47065168801083135,-0.18102371823521257,-0.5308964316797171,-1.6481547832318255,0.05712109672504351,0.5806163465832848,0.0926784059314123,0.10145846544069581,-0.20881186051368017,-0.18069533394327597,0.33167256435762127,0.1133947554925685,0.1457611093602207,0.16903520576750375,0.0,-0.02451080112927384,-0.4936210045110523,-0.11142061281337323,0.27818042659723724,0.05980550210618052
2023-05-04,0.15156969021059932,-1.1976047904191711,-0.13632570720213955,0.1219937260369619,0.0,0.10780036244313895,0.04727709690982943,0.9818362281524218,0.8534322820037188,0.02204852049663697,0.06131744919410931,-0.3256150506512179,0.4716981132075526,0.37878787878786735,0.591887657401502,0.01923693491503453,0.11379953199138482,-1.3783783783783754,0.40772050572306373,0.2669874436598274,0.15179012011510284,0.6842105263157983,0.0,0.2594847047838855,0.31534688156973356,-0.21141649048627142,-0.3325306730879496,0.19678922837906843
2023-05-05,0.5810200129115595,-0.5038791854554414,-0.10660980810234255,0.6936015259233486,0.0,0.033381859836871065,-0.757575757575768,-0.5119453924914641,-0.2548621822038688,-0.25568841887307164,-0.12133855309811592,1.149838303988493,0.14988086485172025,0.5764327679858017,0.1385097068334451,-0.5434539791155305,0.007705021036352733,0.34270650263621416,0.4973450003739499,-0.02716386408860849,-0.9693435258885774,-0.5950434839468999,0.0,0.14684961681430408,1.5343706205756424,0.45691309512929656,0.12624813497073006,-0.49843897674411997
2023-05-08,0.9877457581470517,-0.21893492374354673,-0.08470986869969499,0.08594616318410297,0.0,-0.2042013648166363,0.7894736842105177,-0.12180267965894442,-0.10021964658176175,-0.10885341074020616,0.7834624935917689,-0.21666130820653384,-0.20606968902209255,-0.48066419051779885,0.20280190577341983,-1.12323491655969,-0.36205673599573607,0.9930411956591279,-0.031526361308478745,0.7773689619558599,0.3364870749376525,0.33209611252196236,0.0,0.3094831170030954,0.18616821674333206,0.5314836501216114,0.6980598913006231,0.07634351720938182
2023-05-09,-1.0061013801793584,0.3873095723899156,1.8140116763969871,2.493215739484378,0.0,1.0615711252653925,-0.36390034152714207,-0.23528424386275448,-0.07396081026972978,0.02861230329043174,3.002368064952643,0.10084955830750308,-0.35107169253512094,2.519274622651757,0.23774482055927137,-0.26574436863070483,0.43885340260051975,0.07977495591859156,-0.23402709471502803,-0.0924641701340767,0.13002364066194705,0.26254667333836706,0.0,0.041303350160637464,0.045094405950085736,-0.3025742842844237,-0.12541329380915123,0.09515230727419703
2023-05-10,-0.6365029689242722,-0.34111781684597053,-0.08193363375664786,0.19215372297838318,0.0,0.10513143141344106,0.45117928772411275,-0.2160702228224176,-0.23879500367376405,-1.0199602085442128,0.5277707966825806,-0.2916467066534867,0.24370309268120782,0.6037084950409666,0.3562233009130944,0.26526915113873617,-0.16837686300525956,-0.640281895921968,-0.4234084379252878,0.04800443275212174,0.04364532668620358,-0.19704433497537144,0.0,-0.5127739710486745,-0.3272683893259243,-0.17502836267029864,-0.4126547455295726,-0.32801435318838834
2023-05-11,0.02221864016483573,-0.04715561867617013,0.5610972568578454,-0.9281801582471105,0.0,0.040446473096811264,1.0099709619594055,-0.7240547063555924,-0.14550745725717684,0.7167528182483784,-0.3079227696404674,0.37947627009261947,0.015048897617545945,0.13999569244023125,0.3189881918405968,0.0518392921317723,-0.2792429413589703,-0.42892993816197045,-0.06854531607007885,0.9671448403516969,-0.6624849565769919,0.32312850352169686,0.0,-0.5583070688878977,1.3852101080964907,0.24550635686102495,-0.31890660592254205,0.09008175123270679
2023-05-12,2.0871700429711426,0.045488682859373686,-1.2254384111557215,0.7707129094412402,0.0,-0.21296744150117175,-0.3811944091486663,-0.998832533402505,0.15331890331891085,0.08442380751370049,-0.45153187067333844,0.43342579750347277,0.2482768096647936,5.089576547231278,-0.16625103906899863,-0.03809831231978977,-2.01157884407811,2.019322830533543,1.1168319830392903,0.7335933944021433,-0.3279081857079924,-0.020048918205423094,0.0,0.8927770300583227,-0.44107268877910943,2.7346387575962305,-0.7757009345794375,0.0843742572442685
2023-05-15,1.1682242990654235,0.31472070509955447,0.316197596595047,-0.07956733742253141,0.0,0.7603117278083937,0.09398933850918167,0.6195019204559449,0.5722460658082795,-0.15297962589526648,0.3164293446581645,0.13645485331175156,0.442151805453217,-0.6569343065693456,-0.054665719127533485,0.2287880768727879,1.8968058968058976,0.9005939307760502,-0.003750234389643392,0.13605442176871652,0.23885350318471055,0.2865516118528255,0.0,-0.0415702499568682,0.388763620530419,0.0,0.30983676585779607,0.07897887951899829
2023-05-16,-0.23460410557185618,1.637639719261763,0.06355932203390147,0.10616929274926597,0.0,0.45049362599445253,-0.6027184288704357,1.0275689223057771,1.8726591760299671,1.171983356449391,0.042266059047890714,-1.5771812080536907,0.39651185473938977,0.12640965747879873,0.005436555398485865,-0.22082223809833934,-1.3992087233426598,0.18635381813560947,0.2022624710519875,-0.14529604068290736,-0.17928265975064583,0.0,0.0,-0.24872307350655154,0.5618369625907338,0.2647554103992385,-0.5010205975134352,-0.40973176566396763
2023-05-17,0.11792452830190481,-0.07205167446294736,-0.14832895405331725,-0.21874266424096364,0.0,0.15509887553315505,0.03871966959216877,-0.16455696202530845,-0.03272251308901186,0.17138892411500684,-0.9855154308646752,0.6004392651512647,0.2076827073686116,-0.02226969984203131,-0.0054510765876258915,0.39817620438281076,-0.24977739911365981,0.0169090294217078,-0.20240345812999605,-1.7174515235456989,-0.4423544414777214,-0.059964021587055605,0.0,0.29293794222362557,-0.7780479333101775,0.09819163734554603,-0.41874172748256333,-2.460384724041398
2023-05-18,0.26659515396263433,4.961832061068705,-0.8527516785998113,-0.6898714330511146,0.0,-0.5201309959545486,0.12879958784131063,0.5776315259319764,1.037644787644787,2.2101694915254155,0.1660725858716794,-0.277181702947904,0.8525754884546988,0.3909090909090862,-0.3580664469822581,-0.022864170442071785,0.4739336492890933,-1.2467391854787846,1.562658189402072,-0.13934045517881577,-0.06997057146499452,1.087882561111475,0.0,-0.4881585911486297,0.02803476310626607,-0.20150140215453582,1.2280701754386003,0.3827925628873574
2023-05-19,-0.3577817531305816,-0.2675011348712397,0.2007399031202839,0.010037278724406296,0.0,0.2844095151055548,-0.1787994891443101,-0.7953816549069903,0.04168890856154628,0.7634195176742686,-0.7851239669421473,1.3976705490848618,0.34586476302941316,0.5952380952380931,0.3404447973503366,0.19716088328076697,-0.17367458866545116,0.6148729514845575,0.046015310440450374,0.494075666773397,0.36496350364962904,0.17535318179117687,0.0,0.2965869684248945,-0.872532807937243,0.3814632870844492,0.29772329246935403,-0.03364998835193589
2023-05-22,0.35087719298245723,-0.8142116950407119,0.6419548560778754,-0.007857872436889402,0.0,-0.4871990829193651,0.42194092827003704,-0.6776257999749014,-0.24838192336885298,0.14594666312854887,-0.07515657620043026,-0.2544560441815391,0.37244181380416963,-0.008628251230563544,-0.06259163992348715,0.1318505199768246,1.0820149118021538,2.125539687811351,-0.11733646230565054,0.7350605744362193,0.3592907912208121,1.8216272388287713,0.0,0.018340210912426436,-0.36067265508710755,0.6961144743712011,-0.31534688156972246,0.19000635167354396
2023-05-23,0.994152046783614,-1.2058261869857145,-0.18207659866452675,-0.06418485237484894,0.0,-0.3725995987388986,0.07626795474767745,-0.24449877750610804,-0.13610786833228028,0.3768129500714146,0.30616114041107645,1.316753742265216,0.6445993031358954,-0.05346640527535973,-0.08157494017837497,0.3326809738999496,-0.2520261002464201,-0.4136833731105849,0.21292957329488993,-0.19404113156519243,0.030424664732553452,-0.7079786480813088,0.0,0.27064220183485865,0.6223107286369656,0.5771704625268326,-0.623385027025386,-0.5342739321005263
2023-05-24,0.2319015556384918,-0.016635703843892458,0.5058325538173092,0.9465215333648747,0.0,-0.07577192650122244,-0.18519883572589158,-0.8068459657701754,-0.10152922957801791,0.4939208929998551,-0.1504748980332963,-0.4274413704341044,-0.573070743794174,0.41215816243420633,0.03299448256646187,-0.12435368806860136,-0.8332586685780852,-0.1524164695519692,-0.049198700567604225,0.8866054378466881,0.5873261205564084,0.8020896173893122,0.0,-0.73161696610482,0.1799005255917363,-0.2507456042795823,-0.6519543820436402,-0.45482911966251427
2023-05-25,-0.5827577072763213,0.9979567592178107,-0.09968102073365515,0.3471650299085527,0.0,0.41643909842733473,0.09052114315273307,-0.06838573486125006,0.6950056570227847,-0.1045478306325287,-0.15571217833142414,0.3366692332719634,-0.38567444022180225,0.3051479946364011,-0.036357157209846815,-0.2096298722568002,0.12260278232054667,-0.6053329611475144,0.5592427763442709,0.1793002998121851,0.05954889124134555,-0.4645760743321681,0.0,-0.05337250048351172,0.9518457377682532,-0.1170100627670682,-0.6618155893998204,0.04181683738765374
2023-05-26,0.1888023892741164,0.24449877750611915,-0.2937720329024729,4.485609308022043,0.0,0.12177985948478298,0.03938041480703314,1.4670884668348427,0.6331222925691327,-0.02590002590002749,-0.6524365686669253,-0.3960671317359221,0.10243483387326169,0.5280111715383229,0.35287730727469047,0.013134563604122462,-0.5135385625617939,-0.015964838968470414,-0.42105263157894424,1.1797702786928932,0.3087007889020166,-0.1930109889289766,0.0,0.3548223584166843,0.0,-1.8567860116569523,0.34665207078998783,-0.21182062409588198
2023-05-29,0.040891015645797925,-0.5190771702322572,0.19436345966958868,-0.01474926253687281,0.0,-0.0637324529791039,-0.9076707890560864,0.3832335329341463,0.09052284059358207,-0.09552314844297749,0.13735153914520293,-0.7704654895666074,0.5804749340369231,-0.21882742134067268,0.05061645801046066,1.5913060353192288,-0.06430868167203174,0.11815814263272384,-0.35076819077597965,0.039771974015656575,0.03423224677647774,-0.04080680890754529,0.0,-0.0702537399785208,-0.5662243749360418,-0.17589412848648678,-0.05584512285928822,-0.7216914006911934
2023-05-30,0.41129933618895,-0.02044935549904703,-0.46996322026970905,-1.213017751479295,0.0,0.06054376756061686,-0.08738352793232207,0.5043050430504348,-0.2589834898025112,-0.12259144431022162,0.024235066792477333,-0.12779552715653786,0.0,0.13252146488725858,0.19862068204181682,-0.22292993630573799,-0.33811876010310105,-0.2946845203235293,0.17518321974264728,-0.14085126986224106,0.18151642420366118,0.25968030469156744,0.0,-0.1975912769518584,0.1653518894898065,-0.10832368721767072,-0.3883495145631133,-0.22579090240251176
2023-05-31,0.8787346221441172,-0.26949970849183086,-0.12599748005038824,-0.10061077438107968,0.0,-0.12880669794830268,-0.2384538152610416,0.13460811696294947,1.1190012712376518,0.4405286343612369,0.10482180293500676,1.106194690265494,-1.4589337175792583,0.6548502575744353,0.33863685228983087,0.5426627113912841,1.9868405130995637,-0.54613944373475,0.13796788394525583,-0.1754350590814968,0.3023203083667214,-0.2743170648074056,0.0,-0.24381712711836942,0.0699739130376631,0.05715069669537387,3.8440665701881427,1.6482815889346414
2023-06-01,0.05817335660267542,3.4060925881506554,0.0,-0.3290086792495206,0.0,0.23369096980228599,-0.22807906741004746,-0.6769462203836119,-0.2975724353954545,-0.04166229232481777,0.0,2.6656394453004495,0.07171029042669641,-0.06757898293630049,-0.09229520324944285,0.4410838059231148,-1.237737232969649,0.3245103022246676,0.005560451265346211,0.08779800359460799,-0.1393124741142504,2.166204986149589,0.0,0.8873776745728978,0.18617228587405701,0.10772290354656988,0.5835407191281172,-0.44280623619282755
2023-06-02,-0.5191370823570296,-0.2552204176334172,-0.3560955173858349,-0.2251327547241592,0.0,0.14291662743855515,0.046058336101140185,2.600320858478095,0.18510562793876417,0.22098099949183028,0.06720207504327669,-0.044098191974117906,-0.23301666965405143,-0.016835016835026195,-0.03233678924604577,-0.13087593287911536,-0.21467239126378157,-0.042691919583948135,-0.41288867709912136,-0.19475065042956116,-0.29855316542906074,0.9018681554648911,0.0,0.17076641593818387,-0.16389524362344643,-0.1629460648525316,0.19887402631159068,0.22519503126443574
2023-06-05,0.11708275612942187,0.2656763289135444,0.1803755011990149,-0.024415420251281777,0.0,-0.31333517648142184,-0.12447905102428436,-0.023089355806982237,0.4470742391422422,-1.4268883361696516,0.04803187591101987,0.0031029385523406727,-0.4004368401892888,0.5607163779395519,0.5954596203944895,-0.6257822277847325,-0.9347559248418347,-0.02747578498763688,0.7208594324106921,0.05479086024611224,0.2221966823736654,-0.946355180618641,0.0,-0.049065707159501315,-0.03447562573261065,0.18003273322422242,-0.4448881379434222,0.10545568233057412
2023-06-06,-0.573639027366557,0.03091189502638277,-0.21186466322013486,-0.1985294117647085,0.0,-0.1029323153131867,-0.006358724999333543,0.4197854503497189,-0.10366338524230301,-0.4871702900287267,-0.47760726589415325,-0.30684290286021043,0.3610108303249149,-0.7522610092130733,0.005217845030003332,0.0685828293534474,0.5605720531557556,0.04361617763679604,-0.17452006980802626,-0.34237421267286905,-0.5850234009360356,0.30413625304135383,0.0,0.12601626016259804,-0.5851800554016684,1.4647887323943731,1.4115646258503256,-0.08623074548325116
2023-06-07,2.2346368715083775,-0.32025637716694977,0.16968457548384164,-0.2576928907079057,0.0,-0.30095829288344644,-0.24066026753213898,1.1249999999999982,-0.7198365534942297,0.302571860816947,0.28230865746547984,0.281648384227684,-0.1689790110281142,-0.35794838320750144,0.19970300578626698,0.049760527461595316,3.211610486891381,0.19063769492908555,0.7549138980692316,-0.3068166659255689,-0.3147709167217294,0.7782101167315147,0.0,0.3958258366318912,3.353742432581175,1.130555985751891,-1.3796584504080167,-0.017222407742800705
2023-06-08,-0.9950248756218971,-0.11579434923575382,0.0013565133501702853,-0.41673097700261064,0.0,-0.23439948821943335,-0.25409731927328316,-0.9055976842791913,0.3304862805785458,0.12343395822931313,0.07771834882714934,0.4777545535980865,-0.04437538845585842,0.1711742553919926,0.4030174640901052,0.9490940465918918,0.0,-0.035460992907809796,-0.19570013839423916,0.05452342476705563,0.05054235838419796,-0.3807092003216994,0.0,-0.032435650307272024,0.2688804490303509,-0.16245561492668759,-3.4264718448261067,0.04443282801880333
2023-06-09,0.8273614690604947,-0.5594405594405494,0.21258503401360151,-0.5751593346805417,0.0,-0.3758423565934699,0.20795425006499002,0.8058890349309178,0.005214481156109081,0.04895764208386055,-0.20245914727105574,0.15581177937051827,-0.4435770049680654,0.01739432944860564,0.06708144901385049,-0.3903867268512884,0.8036920938270464,-0.27946154451703453,-0.18142488312050675,0.048768240192501956,-0.992769200703536,0.05062067488706227,0.0,-0.3027245206861706,0.09453710581401875,0.2694380292532772,-0.857167847459106,-0.7846141653237604
2023-06-12,0.6655741051581066,0.19115890083631903,0.25472298874973376,0.1918391703874922,0.0,0.19654121752805676,-0.21091484313209286,-0.255289061242997,-0.07133035588320347,0.36687332126033034,-0.07749735051045814,-0.6644268855763358,-0.05071324103940178,2.9527896995708236,0.14082152727727948,0.42735042735042583,-0.29005035880261265,-0.27236686334749516,0.5209790209790288,0.5356796189189938,0.5107411594993838,0.8713686056584291,0.0,0.6241937497399208,0.4749674213740507,0.22040302267001266,1.445256485382873,0.09333831137661175
2023-06-13,2.1874999999999867,-0.49528301886793136,0.10606553910998961,-0.21604938271604368,0.0,0.9585820220654906,0.3975448220497724,0.44567106157806236,-0.48726582831714604,0.015977960864414314,-0.18493502794606856,-0.20143066154378886,0.6687531693525095,0.13228606862338843,0.5960568546538259,-0.2175095160413254,0.18692741556579628,0.2191235059761043,1.1596788581623718,-0.3744823332452185,-0.019190911184463477,-0.09006135257572379,0.0,-0.49971327926600084,-0.4360367509142371,1.736953290039911,-0.21261266280414026,-0.40586366185147993
2023-06-14,-2.3517382413087873,-0.16016798277226352,0.33444816053511683,-0.02573277481783265,0.0,-0.027034181318119632,0.1845504877405757,-0.643077328286723,-0.05223819200803059,0.0912408759123906,0.10941838359805889,-0.5442176870748328,-0.17220595832615482,0.17295338494480728,-0.19699686463036473,0.21807341406577807,-0.14672881063351184,1.1471539341826986,0.021912345346247752,0.15454549797921935,0.21623291373851217,0.3608376199873457,0.0,-0.05140248147937898,-0.07381064215258304,0.34954171197763007,0.08691117677732674,0.15556735218033024
2023-06-15,0.05050505050505638,0.3869033944699063,0.07299271979799293,0.47005307050795864,0.0,0.39170301789370754,0.13817879431032853,0.8817874833499884,-0.23580414431267904,0.07741436036385885,-0.2579535683576939,-0.4316990440949797,-0.14866204162536922,0.41118421052630527,-0.5505148333163401,-0.36305884282441525,0.12271123768593517,-0.01109481634843923,-0.6134969325153339,0.03060510668067007,-0.18823218907066397,0.25424996261029786,0.0,0.050234678250557496,0.07772985764397944,0.1467772779090437,-0.03387621124447682,-0.20747242234044339
2023-06-16,1.0387157695939564,-0.2565896897597342,0.034894880785770375,-0.7443932781623308,0.0,0.12475494564248013,2.2253666066375244,2.9953668785691168,0.38218248891102036,0.08366046721153264,0.6392266916120937,0.8906633906633932,-0.6010396361273651,0.06865747081305311,0.02041232904674839,0.25346708465958656,0.6610169491525486,0.0,-0.6080150492122627,0.03745263928742748,0.06206927925426209,-1.1671848839990506,0.0,1.4198949291975627,0.3234411470490084,0.2919348858636354,1.2102614355619101,0.21225699455444946
2023-06-19,-0.6650831353919306,0.4584943565100752,0.0,-0.062160062160054874,0.0,-0.06138387922179911,2.592592592592591,0.22818830923533318,-0.5602213665656997,-0.1482914248871703,1.166336331757889,0.1083503962919193,-0.06548233197469777,1.398026315789469,-0.6244236841078665,-0.28587744353922306,0.35246148179307046,-0.18199030915528325,0.24633912686464754,-0.16597839411315318,-0.1815302614808112,-1.5078554404397093,0.0,0.09519654119234389,0.016638935108148623,-0.3375250095102311,0.49037770035724737,-0.6079131036880125
2023-06-20,-0.4060826826322528,0.2600472813238719,0.54325114918512,0.2461538461538515,0.0,-0.5058572949946827,-0.26502830984219683,0.0,-0.42519685039370536,0.24057217165149858,-0.2694977260555176,-0.9740259740259716,0.2149826360178464,-0.14530147866775867,-0.10302544100380673,0.22014309301046087,0.41486749640167186,-0.3653113217453985,-0.14939225501982567,0.7958158296038409,-0.046269519953723304,0.2761955478215339,0.0,0.5977662419380136,0.15010633940406581,-0.4303901721517456,0.29731834471683855,-0.3415300546448119
2023-06-21,2.5712949976624655,0.210314861637384,-0.31250000000000444,0.1225490196078427,0.0,0.6305506216696122,-0.3901661787382382,-1.1455143501496345,0.04753113644206386,-0.63131390704807,-0.030553009471434578,-0.20224850691653584,0.2781413612565231,0.10514287678002517,0.14692625472620957,0.0984312519224817,-0.15576323987538387,0.11502626433035346,-0.6717817561807227,0.10249402118209794,0.244546968813264,3.077368319506091,0.0,1.4753717472118844,-0.22802722913382034,-0.04618489584205706,-0.9994185559492108,0.24755168661587668
2023-06-22,-0.35906642728905647,0.16486104569006788,0.09712481921690201,0.29347925314545664,0.0,-0.9119886665486243,0.2421834650523813,-1.4681724845995836,0.7694723618090649,-0.41677870395265826,0.042282717745059095,-0.2002773070405306,0.10841518577674829,-0.4083299305839172,0.05373763471927251,0.6219682099776747,0.03418803418804295,-0.3415891237343649,-0.2507420724325804,-0.0310666450933611,-0.3693623639191346,1.1336774567031638,0.0,-0.9434867965007143,0.10472142195074863,-1.0587404909418896,-0.4643449419568735,-0.006638135489030657
2023-06-23,-0.2505134566474572,0.5048076923076961,0.08470986869970609,-1.3005551149881112,0.0,-0.14750157108552875,-0.6841094575132045,-0.25047537461051483,0.5326675400107284,0.0,-1.140077525271721,0.6122448979591799,-0.1302262264669396,0.16833599865331283,0.2498438475952547,0.22914473276769431,0.7019569176725804,0.5863833136560359,0.3604228036735435,0.161666588780629,0.03152336669556277,-3.129812708033186,0.0,-0.1279487550096825,0.29617662897145625,0.818955235747798,-0.054460137106893125,-0.04812565776892338
2023-06-26,4.606480038240119,0.2141837220371312,0.012031280247182252,1.7098114413550691,0.0,0.33640226628897096,0.22751766255537653,-0.5679867558763207,-0.15685725578024612,0.43141220087630217,0.29588608522385096,-0.06299212598425141,-0.6591553694960006,0.9770638403576948,0.07087972200345849,0.4142031315375938,0.6161897526800075,-0.4086877892810185,-0.3975726982140937,-0.13820025613355824,-0.10264508487958235,1.0549053096900574,0.0,0.19347499184396155,0.20686810387968713,-0.08596436386369977,1.6337131367292201,0.0
2023-06-27,0.02134924633254709,-0.34097659164168403,-0.14715156611309066,0.34969074903331565,0.0,0.217368988550537,-0.19538004021077415,-1.1112265032713564,0.004806014918382988,0.16399601216676718,0.062267825708794966,-0.5342551854179756,-0.0987861831257153,-0.19505655921666087,0.1449125349342717,-0.24999999999999467,-0.47212047212046304,-0.3175486510941313,-0.048172871791329896,0.11206429897006043,-0.3354526660685697,0.7031250000000044,0.0,0.6384707657779654,-0.1252706074073906,2.6660502388657914,0.0,-0.07103825136611785
2023-06-28,0.8702859510982153,-0.3232264359439574,0.04203446826398505,-0.6832298136645876,0.0,-0.1898582800446469,0.18146624727801708,0.11111111111110628,0.06303183107470023,-0.5048823080284056,-0.5272810637322212,1.1953444479396058,0.14779063775801257,1.5062213490504295,-0.04115226337448874,0.33967474634704065,0.12224419125635988,-0.2883775045218806,-0.027395698644228084,0.05982139042002288,-0.15940902021772674,-1.5375517445298637,0.0,0.0,-0.028647332377862433,0.5275056518462717,-2.239356902633083,-0.07338152959722732
2023-06-30,1.1442582754393138,0.07087172218285254,-0.4212299915754003,0.22522895435098667,0.0,-0.18806298422781773,0.5981576743629535,-0.3686032228060576,-0.047296232066840194,-0.12606993563797353,0.25689574746509125,3.6391437308868513,1.1687134833109347,0.363705738705733,0.08606723369786184,0.6967295639051407,-1.0479311345211295,-0.35075412136093,0.11664750249021638,-0.012686062246280994,0.7406000759589748,-0.055609713911897174,0.0,0.18649757553150792,0.13294328163485636,-0.688241323766281,1.702411749979138,0.03806732300026816
2023-07-03,0.06063055780113347,-0.5344591452922876,0.10596970480853396,1.7434620174346271,0.0,-0.1485345008162664,-1.1600928074245953,0.10186857746661282,0.08454834483841618,0.0131518379693496,0.10225548579890036,0.0,-0.3004427577482538,0.09828523751231517,-0.09914978198015678,0.0,0.28745343781710897,-0.5360000000000031,0.8048698004734511,0.16950559555939937,0.0,0.12888599238227716,0.0,-0.07473841554559435,0.010976387900700027,0.6123058542413462,-0.8100512481401867,-0.039345187733366704
2023-07-04,-2.262626262626255,-0.35756853396901045,0.08451299387279843,0.061900340451859215,0.0,-0.2525214201513415,-0.7579979980194773,0.4128222198119702,-0.49404300213341523,0.5623574513919483,0.16521477921298544,-0.1368405047894261,-0.009296662306716255,-0.33789219629928313,-0.39689267826394925,0.058176918517566234,-0.11908081302902107,0.5732027704800524,-0.4045853000674282,0.16024793483603675,0.05064212514834798,-0.09039471884276044,0.0,-0.13843678676992432,-0.32483144885339654,-0.4870994748458868,0.22133033713969408,0.16261887703910016
2023-07-05,-0.24937655860348684,-0.6110794377431117,-0.16956337431115465,0.5728718179861203,0.0,0.06834221394423172,-0.04765876325508733,0.0701402805611373,-0.03871629963501655,0.052209360490362844,-0.29544279488884495,0.0,0.281905813359488,0.0,-0.2982311805841187,1.6068559185859588,-0.26058919984348894,0.07396965910897446,0.25982905982905313,0.06338377524708338,0.037553191320410795,-0.02509788173877814,0.0,0.22018905888159246,-0.2535480582429195,-0.3820585313670022,0.10597538110377336,-0.14498979701428327
2023-07-06,0.03949447077409296,-0.13148279659533912,0.5624731109721837,-0.16817000458645426,0.0,-0.16775560656894228,-0.20082693443591593,-0.20249635889159437,0.015812634580053553,0.3436203319502118,-0.2708521425099031,-0.36349735891020307,0.8708043065231097,1.221611871771744,0.023482680791231392,0.11550601435028618,0.533180214912643,-0.18127352374844863,-0.3121501034845542,0.358559014595472,0.15273431679332372,1.1238773769504773,0.0,-0.7622179046480326,0.286383754230668,0.014992503748123553,0.8427623878267676,-0.09877993432468868
2023-07-07,-0.17936735562184558,-1.519536903039076,-0.15113712291392467,-0.16641452344932084,0.0,-0.1378709907408071,-0.09384164222873137,-0.7042212311074547,1.2313649800475817,-0.939692347300003,0.41056133644792325,0.3120594985519809,-0.2932551319648091,-1.1254130024655307,0.061000406669387,-0.061804601040071905,0.1787891101178385,0.4143701975298786,0.04746245380886638,0.1234410249861595,-0.3453406886169519,-0.15274480531207724,0.0,0.05961945142084479,0.17648789096971207,1.7729186673561381,-0.039556962025311115,0.18932946147741658
2023-07-10,-1.0928712458457501,0.338772652363617,-0.7090719499478593,0.4897459442914087,0.0,-0.580979621022526,0.14067995310669268,0.20661157024792765,-0.9384615384615436,0.5333508922104269,0.3428459998480349,-1.3042811109406194,0.7608695652173925,0.2123139958671416,0.09005027387575248,0.12224798742238585,0.6443193866731978,1.546043479988879,-0.10676232272513464,0.16774079632735361,0.11509442179720164,0.311306138052736,0.0,0.353350993368573,-0.9041894109373394,-1.373403234143089,5.196540880503142,0.21752316788986037
2023-07-11,0.04693440021938944,-0.5492196878751521,0.23329798515376865,0.15211439002129623,0.0,0.19136195413189117,-0.24937655860349794,0.1975051975051878,-0.2705265305718074,-0.19751327548245268,0.2689284236656819,0.30884265279582657,0.5412969142358448,0.4592622677602187,-0.02591613538589499,-0.4142357059509827,0.1661413482550278,-0.08261211644373656,-0.17496912309593604,0.0,0.09757074964015233,0.5133219261794109,0.0,0.08426339337770372,-0.3637441511778472,0.08529971424233729,0.0,0.06748780123797538
2023-07-12,0.40109605459496267,2.0986371228264966,0.14892814947227162,0.20783847980996306,0.0,-0.07219125739047483,0.39197054281983057,0.02071036553794592,0.1713929573075701,0.44811653389976724,-0.3755134397834925,0.0,0.3037967125738228,0.0,0.5204773671205531,-0.09284326672190923,-0.07311393169678881,-0.47295987594494493,-0.16146763776282436,-0.0997953372280443,-0.2702664751058792,0.25944684548036,0.0,0.22914999336343778,-0.19900295238380142,0.6577488729583969,-0.02941176470588891,-0.08314330444870455
2023-07-13,-1.1028077782071433,-0.462962962962965,0.21139194643887693,-0.3729116945107358,0.0,-0.37826146023992036,0.34417279848089066,-0.6211180124223614,-0.5415441745319494,0.08650418528589054,-0.4349303431872342,0.10869565217392907,-0.2494732863702609,0.48038437396945205,0.3500705366006551,-0.004490357193315253,0.6968076486792985,-0.6205731383951252,-0.3450893781489439,0.5446209785415582,1.7972521351652393,-0.8755289654166054,0.0,-0.16469242971864362,0.7071282549683255,-0.38067349926793614,1.5974489958546223,-0.18413579772944555
2023-07-14,-0.0822992080423653,-0.31620904274229367,0.18836333193803512,0.27901182416092407,0.0,-0.12239445208480637,-0.43688617238771266,2.2267206477732726,-0.042089218014790264,0.9805194805194706,-0.3899892680662598,-0.5757575757575739,0.20707311474831291,0.3076424870466221,-0.5320813771518051,-0.24408670889753958,-1.7047308319739107,-0.26565439212708486,-0.10191077946023475,0.7976827094474226,0.8629404968226506,-0.24823514248676903,0.0,-0.03298032174136045,-0.03007792561551259,2.4328064680603,-0.40656796068546663,0.015937101572460755
2023-07-17,-0.3220902265143877,1.3682745825603027,-0.06189395502372852,-0.02929753447686127,0.0,0.12454407970821091,-0.2799015606892108,0.6925353600074846,0.5772187094150172,-0.12962144523087082,-0.26128098298141555,1.138043156961266,0.9422507571631322,0.48475278668461685,0.375554347063467,-0.2992805755395733,0.6425041186161495,0.21811834898460467,-0.22320914884234785,0.23036927878929414,0.9883119009568619,-0.2665170697384811,0.0,0.0036698594443773658,-0.08898263190851852,0.0,0.2178172865416883,0.28571428571428914
2023-07-18,-0.9635854341736694,-0.7194244604316502,0.3313315386208382,0.10063182199543756,0.0,-0.345683389469964,-0.3690476190476244,0.7675251909326719,0.007870266630094491,0.02343539112224513,-6.843575418994419,0.20402215097639065,-0.7874015748031371,0.04715093516476088,0.42119113102071504,0.0,0.8779194964386283,-0.5883218120311784,-0.4326751138103324,-0.025850926324855195,0.6634478446628789,-0.3652708599161854,0.0,0.07102832843967066,-0.46935854332411653,0.007032348804503208,-0.2420630708183824,0.1483856217036006
2023-07-19,-0.6093042063152809,-0.27868091035765374,-0.5145091582630212,-0.030367446097789852,0.0,-0.5995415270675375,-0.12027904738994843,-0.7795207391011361,-0.6280977406534882,0.08924779470221855,-1.7674566061662844,0.9367016747090506,0.10691919963341512,-0.03647487980257639,0.16287761046590207,-1.123271889400923,0.22607569768162325,-0.20165725599472495,0.1064675473104848,0.1688932962197335,-0.17788219499916824,0.15742477436316848,0.0,1.3555778396656004,-0.16954223596289397,0.17553053535042107,-0.637890708058686,0.12627923495831528
2023-07-20,-0.44311701776709733,-0.16877695408764049,0.2285002077274667,0.32277897325545535,0.0,0.29046738843412356,0.08960149012359198,-1.1810517724771652,0.0,-0.21421489927133108,-0.6747418909031744,6.019314724169855,1.1796733212341204,-0.015263810442200931,0.48493087156830095,-0.14657598499061564,-0.0007528600700301702,0.29699928310518153,0.915291988584932,-0.07141967068454158,-0.6729382682139629,0.39615440359437315,0.0,1.040317495577625,0.20489352972050123,1.0570678457924476,-0.2634858099274662,0.9019750674729043
2023-07-21,0.025359058333146445,-0.009690385186328365,-0.16771488469602414,-1.2349490583513423,0.0,-0.1402032947774412,-0.011119516053920142,3.235747303543901,0.18860976751442493,0.09106283335500454,0.346271541310994,-0.7228915662650603,0.36059903305688534,-0.07390788327348852,-0.10385318793619813,-0.02056404230317277,0.041230312525764035,-1.493156366652837,0.0643159086696321,-0.9428974268593571,0.0822306944755935,-0.18504991477965582,0.0,-1.0487156775907835,0.4375531114623743,-0.30750718630925267,-0.08639930880552926,-0.7916099430242518
2023-07-24,0.17641933847119726,0.4124656278643446,-0.9069315482617246,0.4956629491945419,0.0,0.020989896850143186,0.05647247123305721,0.09493380725110745,-0.295950155763236,0.18471642607922334,-0.0016545435912451723,0.37406483790523026,-0.029819591471602624,-0.14618640034945174,0.12014369030678429,0.26778798330481246,0.27049180327869404,0.4920648817673734,0.009473291493949931,-0.026952967072457756,0.0,-0.9034986543637102,0.0,-0.8720514653323796,-0.661063681360663,1.5574302401038187,-0.017451371412928,-1.3340946843853896
2023-07-25,0.46367851622874934,-0.0696963754184543,-0.021510002150992857,-0.6045723736893827,0.0,0.04371393600279827,0.20195888429133113,0.3721018986738045,-0.047910531687926174,-0.05480578201000341,0.0,0.2324159021406702,0.23633677991137247,-1.5495867768595017,-1.0486275316130445,0.24548483254427378,-0.2431057387474178,-0.12873595212413713,-0.3583071535833482,0.29721696838691525,-0.04840519221495643,0.3283369022127003,0.0,0.14836290923705975,-0.4966109657069895,0.49280000000000435,-0.38306022557991204,-1.2973946197839425
2023-07-26,0.8943089430894169,0.02341920374708817,-0.29761904761904656,0.21718895439031272,0.0,-0.04453549478934393,0.7210401891252882,-0.4684960321254539,-0.3523960770640766,0.020553314167759407,-0.12195121951219523,0.14623105157097194,-0.16386116490390013,-2.129048046333315,-0.031028598024518406,-0.011440338634027825,-1.1241446725317683,-0.6020268449345556,-0.16718669830451116,-0.01344507686102947,0.0819577765383106,-0.8255298661598021,0.0,-0.2728959720554536,-0.02023062917257956,-0.7333417625489891,0.905971173644482,-0.05555261626368768
2023-07-27,2.5516403402187082,0.1517305053079787,-0.3811136989201769,-0.2801120448179373,0.0,0.018294297544537336,2.470265324794152,-0.1727147080166136,-0.07814942169428463,-0.03234316984247846,0.03267534169192898,0.3762592547639221,0.11876378788038267,-0.8404773911581787,0.0019371325468198197,-0.24975005436900788,0.01637611405606587,0.7274560645347039,-0.14786129202604137,-0.029928386512811933,-0.019231357361937373,0.03325394237724821,0.0,-0.06607686942475821,2.170877659574466,1.9736842105263053,-0.41613456724069464,-0.38237835438046375
2023-07-28,0.17959961389985013,0.3165595631040019,-0.013889802735223,0.09344882340408533,0.0,-0.3019806377120626,0.0,0.03792907263417966,0.15607928827845452,-0.3028853646298457,0.02443593711818348,-1.3737592042401436,0.34544908380895745,3.2653133274492596,0.4333808995296229,0.12742382271468955,-0.04953685026967136,0.5229858256283637,0.8304179888268481,-0.4704426963600572,-0.8477713608766368,-0.166571482962119,0.0,-0.05497727605923153,-0.7042253521126751,-1.9741697416974069,-0.2859730093426068,-0.1169309470870683
2023-07-31,0.1163034753849453,-0.30443479480146696,-0.5998369594033326,-0.09331732065560223,0.0,0.015465211144013077,1.4131154780304689,-0.07300602299689096,-0.1434260844988026,0.24053329668063395,-0.08842265172590014,2.099056603773586,0.8900756564307999,0.8729089089054898,0.023617126719716053,0.8194482381862933,-0.22096277090899452,1.787876629389551,-0.2410468319559267,-0.04952278047901659,0.5536769350823034,-1.0028461332145189,0.0,0.3421183559929708,-1.0631100802164895,-1.377221108711374,-0.09320905459387907,-0.48341434752416923
2023-08-01,-1.0662604722010693,-1.4598540145985384,0.36340316374519066,-0.17454171764733073,0.0,2.189395937747296,-1.062345745251636,0.1811102055600866,0.5831798649478248,-0.12955273206306517,0.054398820770259114,0.004660831700779393,0.12940330697339686,-0.057380238931487026,-0.08369951872776449,0.0,-0.5067857756399285,-0.09367194004996637,0.35800344234080406,0.0044933722758822014,-0.011036309458123394,0.0,0.0,-0.03494099293538944,-0.1580278128950674,-0.03753126029403808,3.0684039087947923,0.05948357442204788
2023-08-02,-1.74621653084982,-0.2399232245681393,-0.5770463774310675,-0.24783147459728205,0.0,-0.330760749724357,-0.24104305905555679,0.4393725355191891,-0.13424821002386844,0.6441313364126233,0.21515539916401316,0.5133715377268366,-1.2215572047312977,-0.6964590170028151,-0.34896451867147404,-1.4207768353951655,-0.030171651437893576,-0.6440772892747137,0.10001724435246828,-0.30641954123878934,-0.18378298904653256,-0.4349266904673077,0.0,0.0510491669344304,-0.8096523257659971,0.26880000000000237,-0.7585712579142312,-0.5681200391432051
2023-08-03,1.1736139214892694,0.14419279833792395,-1.9875202218627153,-0.15417823003391895,0.0,-0.10481428346547639,0.22172949002217113,-0.6765185109841069,-0.2802773270393799,0.6209940618743803,-0.08901878900484106,-1.5797032072762174,-0.4174509216005873,-0.0273319853022036,-0.3146498853394464,0.0,-0.13490421800521624,-0.1281848448446643,-0.3762642825088869,-0.29202383201084037,-0.032297190871444226,-0.42035544140087144,0.0,-0.47287085511743915,-0.023233923025423042,0.6890722236682745,0.385286858106082,-0.11994073603102673
2023-08-04,-0.2506243594217583,0.393709406595788,0.46375396631681554,-0.09824534770336846,0.0,0.298711831222509,-0.077074154985729,-0.40868762611504517,-0.00010289148911213353,-0.3815753611338124,-0.19752289004820733,0.42990207786004486,-0.1156743726555387,0.6800463301570692,-0.20217067461161253,-0.7661577190390179,-0.679197155888972,0.40166204986149534,0.6050129645635227,0.6510645785676727,0.6683710737764859,-0.04208834114481733,0.0,0.05166242296763546,-0.32408731293490645,0.0437660697634031,0.5248190168860578,-0.28493150684931745
2023-08-07,-0.07385010534860885,-0.20203154014578617,-0.8186554204911989,-0.05516392975498293,0.0,0.11142827197370142,-0.6568312581989791,-0.08167710318541799,0.30941505819948034,-0.45890410958904226,-0.2034670790266091,0.14111240347559617,-3.3987123820931164,0.09197028652281336,0.08172906341896713,-0.035063956712144684,1.4594594594594668,-0.14524243152715388,-0.10042102158590582,-0.18199939333535253,0.02527075812273072,-0.6605673090710307,0.0,-0.2084231709070017,-0.12917901228307604,1.3062138458667771,1.7643458604599371,-0.005412311766844757
2023-08-08,0.4809619238477003,0.26373086700041126,-0.1487687228667156,0.31736436451563765,0.0,0.2555124626431926,0.8902713718760058,0.1589973812196055,-0.25020881847030996,0.19262520638416714,-0.1501442429347577,0.5564195081773082,-0.05302626431625268,1.274980302270623,0.27910948597180685,0.10985992859104954,-0.8771680448174113,0.056456571731205996,0.10538352202399033,-0.32726796701139094,-0.14035340267030127,-0.33379060777978253,0.0,0.0856745082639998,-0.7521660477958769,0.7248433407242016,0.0,-0.08316578799444363
2023-08-09,0.37694455524531767,-0.6211287564967027,-0.012421423894037886,0.20529200562768857,0.0,-1.0806651967290137,0.09871668311944859,0.30363394905227326,-0.2777799211413634,-0.26460552886289346,0.1516846715755138,0.9226563389907794,-0.08876020897323016,-0.005145212765805818,-0.28946814695866574,2.5036012754297285,-0.6864161849711059,0.0685424449090144,-0.020275065049180085,0.005562119099911111,-0.029512480354948467,-0.4303442754203468,0.0,0.35301279124692053,0.1550938640989985,-1.4600287218765051,-0.0071353945471197555,0.043742344505670605
2023-08-10,-0.44736388506246466,-0.28565178496735566,0.009554056516569709,-0.1567653499456534,0.0,-0.04740025637567924,1.0193100824907098,-0.13115040727660343,0.16514036931392084,0.37245256500351154,-0.5601103985713229,1.7379373427852673,-0.4026573718513819,-0.2295111097647351,0.05314306960220727,-0.16594928175076573,-0.313392939441437,-0.11402508551880963,-0.06923153001682225,0.0754483551456094,0.12411788997341855,-0.009181986034922929,0.0,-1.34681350424265,-0.3784325775463282,0.2460460589804092,-0.4153863662228363,0.33453987057145973
2023-08-11,-3.742038216560506,-0.15112215956242236,-0.3137077523849119,1.2345003759913487,0.0,-0.4870962228678888,-1.037123194727152,0.17931440025740208,-0.10608173749208638,0.19634888679209705,0.409970482125277,0.12261732248355361,0.9407772979642237,1.0061484409310428,-0.03179286949214951,0.2237252861602368,-1.1298388590479713,0.06518590395948043,-0.1971090670170872,-0.6110238893367703,-0.5776173285198527,-0.03547716790835986,0.0,0.7664233576642365,-0.1916209354658971,-0.006211565935776431,3.797397036452743,0.019574944071587552
2023-08-14,-1.0302465740670896,-0.1205981669078593,-0.6225680933852118,1.1634671320535084,0.0,0.2701614896623461,0.5670694196983961,-1.5068751177246154,-0.24107277384360914,0.07522674189014644,0.2753671562082838,1.4360610895828518,1.0254766864284504,0.9431380546165213,-0.09387092042315581,-0.047197021343547974,0.6504222890981515,0.1574090751520485,1.1550998084600028,0.029071450635220764,0.90826850009047,0.2754215933688779,0.0,-0.3159093413657721,0.6578408498296939,-0.5961801420967805,-2.226860786791801,0.05169964975619464
2023-08-16,0.4546736202778012,-0.16895969104513409,-0.1292657704239919,1.4815860025398697,0.0,0.23245220890231177,-0.35680020102492604,5.743180552978289,-0.2400838496432208,0.7543103448275801,0.6256024507461655,1.91238603513455,-0.47244094488189115,0.565681961030795,0.005347879565742453,0.6119315984786766,0.08573878250928146,-0.919071056644094,-0.5325255102040738,0.24830357316855123,-0.12705134992059275,0.1939849595098575,0.0,0.141689356872828,0.16830556697365515,0.05863119361819713,1.9639542542362776,-0.1597533632286985
2023-08-17,-0.30679033740915185,0.023691068467179832,-0.16778890283186687,-0.5114723499890561,0.0,-0.5646817248459834,0.014989129689735314,3.041362530413627,0.5032534894224838,0.06750325508034227,-0.38976857490864436,0.0,-0.1528052607760048,-0.0848056537102515,0.0004889544030920826,-0.47261836005456637,-0.22288261515600594,0.12648275390556574,0.568627844236802,0.08682239525881763,0.4974947585373757,0.33814474613909073,0.0,-0.35101980490688245,0.13424512124369978,-0.5729630373533245,-0.12121212121212199,0.005611514828429698
2023-08-18,-1.1209602312085065,-0.5773672055427226,-0.06827927980339969,-0.45624222314392116,0.0,0.04252423881612177,-0.08815537774169435,-1.7069816357899725,-0.6516587677725227,0.38447387759440455,0.21175721954179993,-1.1658048083422912,-0.14160506614841473,-0.9968217278243374,0.17540129690656325,0.8493384980278851,0.1942645698427281,-0.29638211766989664,0.23775233561691977,0.17998866410824377,-0.6895566115259655,-0.2683850364912588,0.0,-0.7170064978713975,-1.6631245203695855,-1.0372646945831732,1.0714285714285676,-0.04540810534680029
2023-08-21,-0.16597510373443924,0.606191816410484,-0.052002080083213276,0.3770842650591799,0.0,-0.21300959317093193,-0.9235936188077276,0.680655145312703,-0.28729621966951946,0.011849588895921729,-0.05439415770852977,-0.5127086287771365,-0.07822277847309156,-0.07299270072992359,0.1316967813306702,-1.2232415902140636,0.5513577758004207,1.1445844513126913,-0.22940104330336775,-0.10577980875010606,0.23274966877930847,-0.31823761415962953,0.0,0.016068222647369623,0.31275370809971115,0.533361747092076,-4.151911100256445,-0.014659851990883599
2023-08-22,0.020884769833295902,0.0,0.20693289565255624,0.768094171256839,0.0,-0.10212765957446912,-0.012591215307872217,0.30421403790004686,-0.17595307917889214,1.5834092342184691,0.008208832703993085,5.737704918032782,0.06131207847945852,-0.3082451901342653,0.16246527959751234,0.6646860365577156,0.589865046027338,0.004390724218306108,0.6147622065056702,0.02120890264284044,0.017890812891752095,0.009136630446174299,0.0,0.07840158991532231,0.26494256625153034,-1.0150045852017398,0.5587621269802279,0.11905758445510672
2023-08-23,-0.7361963190184118,-0.04149377593360981,1.3645726055612872,-0.18123518750871037,0.0,-0.5895828544216886,0.1830783374203171,0.5819848118736037,-0.14586686865961096,0.1980874316940051,0.09438508751316022,-0.08318602474784997,-0.2559311775267618,0.20078979775903782,-0.02589868434683673,1.5389153842371606,-0.04343671270957694,-0.49357413437517983,-0.0400295602906664,0.06344372541555732,-0.19108280254777066,-0.015065535077585235,0.0,-0.11287106362165567,0.04353618790851795,-0.03297500494625627,-0.8140008140008148,0.3197641171668264
2023-08-24,0.7799003502969915,-1.4543943486390987,-0.13976094157582275,-0.8236649492814663,0.0,-0.22018970189701115,-0.35590521682119514,-0.31293067418189935,0.32895403957926284,0.06743088334457692,-0.34201427328331424,-0.46165145315286704,0.015411801394515923,-0.39316553796587456,0.15996211121037662,0.08151131568854275,0.09551098376312517,-0.49884620605403773,0.7941356139279154,-0.2112265032075733,-0.08452192287374816,0.4245754245754352,0.0,0.44602698650675343,-0.04784676864848884,0.0865100962389509,-0.22234891676169433,0.21150144290484896
2023-08-25,0.12221450256154065,0.19963161112380723,-0.514668039114774,-0.4064810807985153,0.0,-0.07642663043476716,-0.3857280617164949,0.9991532599491926,-0.04417706201438887,0.0859960987135644,-0.22984731571170647,-0.8571428571428563,-0.2848575712143919,-0.058046727615723714,-0.3098687776353304,-0.08688516677123337,-0.22671624195157447,-0.24094114113065354,0.1691993565313965,-0.35178035178033973,0.23323727375954562,0.028943560057892448,0.0,0.7572332730560571,0.14443751436166163,0.05349023803156161,-1.068153448413034,0.3159136325655787
2023-08-28,0.22130187552809044,-0.23384353741495723,-0.2550046636387193,-0.1012630439202522,0.0,0.11477335974672265,0.19514506569303647,0.279376904842521,0.050262309871340616,0.12004700127066226,-0.4226185445017294,-3.501772507372686,-0.07543753771876993,0.6030996508836428,-0.5668876853773375,0.24481757694757578,-0.769024412053998,0.2774804631893446,-0.5501289450968339,-0.13952474384127944,0.0494827728041806,-0.51371980664493,0.0,-0.02891535632595643,-0.07541763684945635,0.10577113770078306,0.03011403426022019,0.3127181951157576
2023-08-29,0.43454161530003255,0.15144958892254756,-0.29344449330599987,-0.14208581983518043,0.0,-0.18530997304582186,0.5280158043197536,0.3075794428133771,0.08771929824562541,-0.28541891336010633,0.13355592654422654,-0.4777070063694322,-0.00984933888881582,-0.028820520210393052,-0.24387765470988976,0.490658614832995,-0.05324813631522041,-0.11680236353017737,0.676159723559914,-0.41536863966770143,-0.17238917836321366,-0.13478969720954379,0.0,-0.20111518109854343,-0.027515878012734918,-0.07057597574838814,0.6198564905761428,-0.2595474183891333
2023-08-30,0.4193211306911804,2.457121168430376,-0.38290872476934856,0.3073913650970983,0.0,0.04172577818575274,0.40646472466854267,0.7285986839713265,0.403957370889918,-0.013057047397605862,-0.008200754469422922,-0.5346959531333462,0.18099547511312153,-0.3168526523124049,0.052798226084299626,0.05167473105653908,-0.14884861220556544,-0.191856963601017,-0.02437612358694441,0.3177738652467177,0.07531414701555939,-0.19792420951001422,0.0,-0.37323279924599273,0.6555772994129239,-0.22046927868301092,-1.6431374544353894,-0.07552658815631608
2023-08-31,-0.4252190703419645,0.22448979591838114,-0.6433350488934675,0.443704936217415,0.0,-0.020665758351945396,0.05791494253439278,-0.2595015758657393,-0.05672864589448823,-0.1026202367106821,0.19806610699834395,-0.16015260445440363,-0.9967124698895546,2.0712108617345626,0.8840564983233268,0.3655457367952142,-0.2246608485267365,0.45208529064751923,0.09175720850114477,-0.11306125060214778,-0.019314339802645186,0.7839341882409867,0.0,0.12553733784761434,0.10818962690972711,0.006638587041080113,-1.3537640002378968,0.5729284262813383
2023-09-01,0.33112700756182295,0.057859209257471456,-0.1416430594900875,-0.08296460176991927,0.0,0.16744174469703887,-0.7046170962358489,-0.29915396410695,-0.10393551702284065,-0.1242579041833447,0.11542446273102858,0.30761949834356983,-0.750599336251101,0.0,0.3996645537711119,0.044877249477065506,-0.4098174809100241,0.05557966774339396,0.20026636321525126,-0.036170541731156414,0.1844514704311906,-0.34946684511762416,0.0,1.0063914265848795,1.1442021641766553,-0.2864025842050255,-1.3867210949693787,0.23483347095298868
2023-09-04,-0.3555129304922744,-0.42432845673024966,0.6372673973999543,0.29944194909485855,0.0,-0.6793478260869512,0.22643645626945208,-0.9040980143641741,0.2340691339114076,-0.48463029631681254,0.09884678747940079,1.1044417767106962,-0.20979814094498894,-0.3250123925150977,0.0,0.027642126600935235,0.0,0.05857411459402884,0.04719061501849605,-0.192920650897499,0.11088746238934928,-0.20102146164951984,0.0,-1.1632571199358233,-0.435666569851878,0.0007759110578116809,-0.5120785060413136,-0.06855816839809181
2023-09-05,0.15791551519936942,-0.10072522159548791,-0.3271559761636733,0.8620689655172376,0.0,-0.021198579778564097,-0.13622989902075666,-0.6200482259731355,0.08684218321975597,-0.11768320703054447,0.8165575228393562,0.5520319473807822,0.0752558699578465,0.1485696330815245,-0.042622518894241956,0.17611479813305908,0.5387518080130715,-0.10143359480659919,0.2142620031988507,0.10494873657866943,-0.006856359273221813,-0.4874719703617081,0.0,-0.6091914225385353,0.0,0.8249312557286892,0.513095877334302,0.14243020023781416
2023-09-06,7.438934122871954,1.1200628807231272,-0.2714383184922786,0.7613868116927325,0.0,0.7429891413551881,0.18585956087725508,0.4239908135323933,0.2772381018708969,-0.00815060769585041,-0.4982206405693912,-1.2846068660022136,0.06705898149802492,-0.011032855792632764,-0.9387755102040818,-0.03179118302504835,0.061129272157404525,0.08964273145475321,-0.40292493657663186,-0.2033204925661669,-0.0031455755641285332,1.092412164157075,0.0,-0.004441212565427695,0.7310126582278365,0.3161755406601685,1.0072283445905938,-0.014108750246899504
2023-09-07,1.7229002153624995,-0.5326144732428539,0.02539360081259545,0.2765293742937769,0.0,0.28289077240005733,-0.7211088218767592,0.8290986894891716,0.17133263337033947,0.013841788359036933,0.42530157748221775,0.0,0.0012155081682174718,-0.006854036236529175,0.8402494973967611,0.0771114941486184,0.755142914985335,-2.949772310201848,0.44664252652517056,-0.5133387227162389,0.03236850739966046,-0.009915716410513475,0.0,0.1562104070555348,0.8011813497549314,-0.3437285169676896,0.07556684119735535,0.09599638601840432
2023-09-08,-1.1139058569888727,-0.2185466768703681,0.02549719530853256,0.15099519560741737,0.0,-0.010653037602392779,0.375586854460086,0.07233273056057588,0.40128410914928025,0.10334849111202082,0.41291291291292165,-0.2115033393910476,0.5489614243323615,-0.04637164566436702,0.42645018753533215,0.009501682880615666,-0.5520309796490097,0.0,-0.2253320210535148,0.2623941478153702,0.0017547837102338537,-0.22487909558771926,0.0,-0.040107547867906934,-0.46970687912480935,-1.9687282395391636,-0.3228864775068063,0.07811410238527383
2023-09-11,-0.19216148054740367,0.06933006297671906,-0.025487451157441,0.1505817932922593,0.0,-0.6327006327006446,3.5426583668985545,-0.22739676187011337,0.7502679528403,-0.03386616093199457,0.34658211046383336,-1.6170982698179293,0.41206769683590494,0.4685131597078618,0.20802678979146005,-0.11374820758153215,0.3782894736842124,-0.3719599427754017,0.8665121491265748,0.5604766010817386,0.30924755255599123,0.17562689042833757,0.0,0.0,-0.28225685373690634,-0.7948926581961557,0.15844140602077061,0.1608876560332817
2023-09-12,-3.904555314533631,-1.2527783390583913,-0.7278918314201355,-0.6502302898943491,0.0,-0.28056951376844164,0.7368607954545414,-2.1830004644681877,-0.05430355688297306,-1.456971677559904,3.576958810777331,3.022945247055975,-0.03379355215699098,2.971188475390174,0.4032860343540001,-0.49762497172585185,-0.14516129032258185,-0.418019629072941,-0.3310962940404061,-0.11725085739625607,-0.44366765259478136,-0.9896233666410459,0.0,0.05591489957017526,-1.6946064139941708,-0.8836524300441795,-1.9370604362856092,0.01044157866702533
2023-09-13,-0.17379952780792185,0.21818955905966164,0.36759290000153433,-0.1635244259926283,0.0,0.5636883728756592,-1.0346694104820808,-0.4117342460547513,-0.24875621890547706,-0.13146969277608722,0.0014350090024928264,0.0587544065804968,0.0,-0.22964664049189842,0.3938216793963667,0.44557902065442967,-0.944108998543286,-0.3180373570436268,-1.7267177400047795,-0.11393487712287875,0.17739398199283496,-0.38391885623461813,0.0,-0.09380067816600057,0.0,3.0460534268101025,-1.8913583391708566,1.1423987607877883
2023-09-14,-0.07256894049348928,0.7429982792836243,0.671834625323009,-0.02721073241910843,0.0,0.06093872700234648,-0.6344189404294431,0.9586495642946613,0.08752184352224801,1.2916011754254164,-0.017434393277870885,1.757631822386685,0.16572589096638946,0.17499088589136846,-0.19658917776576024,-1.2508999280057664,0.034231921266592025,0.3693515285686344,-0.03879344227616932,-0.1826918542967071,-0.31809145129224614,2.649131936231619,0.0,0.2114756652507821,-0.46253469010175685,0.0,0.1502253380070151,-0.2195449930020077
2023-09-15,-0.15924282609046658,-1.678147309442124,-0.012653725421024609,-0.03592559280675515,0.0,-0.07463305415043031,0.030749456543482934,-0.07798066445057576,-0.47827275211806963,-0.3543924214543748,-0.15728590587000602,-0.577053632043445,-0.060514372163389396,4.031620553359683,0.068442923490597,-0.3130310347911669,-0.6422036404901577,-1.7479591658003224,0.05518017461002278,-0.09218359900134976,-0.08580858085808218,0.7324682371026903,0.0,0.13185364245686948,-0.18833384083298266,-0.6095791001451412,-0.30826944184445537,-0.10081991040847837
2023-09-18,-0.0599752390260444,-0.04184100418409553,-0.14251221021515104,-0.7906215921483217,0.0,2.4002000166680526,0.0,-0.20426028596438606,-0.041771094402687226,-0.37694469193337854,-0.710854709823211,-0.8191126279863514,0.045551169146673676,0.20900097533789186,-0.08728144315260922,-0.22918415476692044,1.3460015835312644,0.8240419047810144,0.2685708256489912,0.2213814436331507,0.12389084212287571,0.21287195978076934,0.0,0.003476318095737193,-0.00609136444895686,-0.2992079788794344,-1.4117074358038217,-0.3621285418106357
2023-09-20,0.9612458770337081,-1.2784398699891564,-1.1636927851047307,0.1972996513022962,0.0,0.19486846378695688,0.10073260073260037,0.8698256086110856,0.027750797835435215,1.3852219047048253,-4.119045792743736,0.04624277456646286,-0.220038211331941,-0.4234777927354679,0.022712702593796763,0.5322372800591446,-1.5919085312225079,0.08577885725379042,-0.01274980956306182,-0.061573984991336594,0.05712378899670467,-1.0963086316958193,0.0,0.18673191828265379,-0.1370801919122755,0.19969626092072312,-0.029710618575073955,-0.036252091466815184
2023-09-21,0.976971388695036,0.8741349785859109,0.16103059581320522,0.6522330053053249,0.0,0.9016987360116024,0.0,0.09669309611293198,-0.3747550154573731,-1.2204068022674153,0.12968066137137857,0.33966936103547357,0.4784688995215447,-0.9342627402969983,-0.6685535818856003,-1.1028826045073659,-0.08218860555150309,-0.10647672198561553,0.0698387635502229,0.5379959650302579,0.1415909509058788,-0.8536642633640235,0.0,0.4900526623756507,-0.16686081289550847,-1.537801584997578,0.3818222070534283,0.0729640231239781
2023-09-22,-0.9218163195629847,-0.22831341442996478,-0.3558718861209953,0.027352297592986297,0.0,3.611544461778471,-0.13226263580539133,-0.0750785239733635,1.0015739018457648,0.2548671452539157,0.10881799466767594,-0.2786531559230365,-1.6205768658935416,0.16362357371079717,0.031482116796272,0.0,-1.7222723174030619,-0.17236695465487895,0.0,0.060287365903806865,0.206951151170659,-0.46904124445046325,0.0,-0.1303295475702848,-0.33832200238598786,-2.135631322592735,-0.0357640849441306,0.20971490109391588
2023-09-25,-0.374999999999992,-0.3352318063672921,0.05534910308103713,0.05439956480348673,0.0,-2.8225489425269368,-0.06729390375385114,0.18443689502170013,-0.48920701075269024,0.026916539267529682,2.066082482514653,-0.35152829559925713,0.06720807103924309,1.316526610644253,-0.10473331557405707,-0.14640821392844505,1.0837767725806136,0.7823978842197876,0.163448087359049,-0.40220820189273976,-0.9674493600725698,-0.1454335346414315,0.0,-0.7220216606498076,0.7315307033235685,-0.4746835443038,0.7463139372611005,1.028765764489159
2023-09-26,-0.666666666666671,-0.39491004826678333,-0.06813184938681549,2.174772637406086,0.0,0.0,0.11488750598372954,0.5262001072898759,-0.13182950051268127,0.5919946182307401,-0.16342412451361144,0.7901225147514346,0.5833084056236837,0.32277122271793246,-0.004901221562675362,-0.6150429430210325,0.06238859180036638,-0.6652741718493838,0.08341789956208452,0.003962279102931454,0.11937244201909447,-0.3508509646832099,0.0,-0.0038268722972634173,0.2845725835024293,-1.5249154597077652,-0.3229480374816518,-0.2062546617163652
2023-09-27,0.0967741935483879,0.0666324760971948,-0.9900990099009799,0.0,0.0,0.02481389578163906,-0.6622781178505011,-0.08946114442538085,1.2726244343891358,-0.14736419050170868,0.19505344464383345,-0.24630541871921707,0.1793515916936698,-0.4000519237181033,0.34983976667568584,0.21950709079513464,-0.8147698708503182,-0.05114095576983502,0.10389085986912128,-0.1898061809682383,0.045499220268319096,0.6274708397878026,0.0,0.38008215917380017,-0.08292138414925931,0.18708470421264778,0.28169867329012055,-0.14615804804569144
2023-09-28,3.022508038585192,0.02276674863386785,-0.5379557680812996,-1.3568476252264094,0.0,0.07479431563202077,0.195369737227713,-0.6881598591328086,0.28664749622401287,-1.370325367895242,-0.6355442307278081,-0.26490066225165476,0.6253635834787552,-0.5224037095303335,0.16452143617535775,0.22611785398393147,-0.017650692789672462,0.03370660274897297,0.051313009357079054,-0.3170883577274297,-0.629937450869783,-0.2506165202839139,0.0,0.06621742686869769,-0.7641048557906982,-0.03116205432698027,0.4145639445002902,-1.1803185437997743
2023-09-29,-0.3759398496240518,0.17921146953405742,1.266195524146041,-0.520223059515712,0.0,-0.3930131004366788,3.4518928196815235,0.30527381567319045,0.391608391608389,0.2503825288635575,-0.6923682140047127,1.471844566534249,-0.4617209484680547,0.1838495262339146,0.03152165183637479,-0.32816773017319,0.14280314351346468,-0.058126446867140524,-0.5554185391577593,-0.09610910959981049,-0.5187320020432984,-0.03100408836085311,0.0,1.5560729530461836,-0.01925854597977228,3.9840385102609677,-0.5333649401445983,-0.1553331032102201
2023-10-03,-3.013003488740884,2.4978089395267355,1.5758547008547064,1.1271048343291845,0.0,0.23059866962304998,0.0,0.3555982700624849,0.22362943231302168,-0.21193924408335896,-1.0426179604261843,-0.7308000358907496,-0.19425383140365682,0.14868309260831492,-0.20174848688636615,-0.4493028857288528,1.7596309900059781,2.997172478793586,0.3493313514081405,0.0026716325995305525,-0.12937750647842305,-0.14068527342863124,0.0,-0.175518925518936,-0.06256816898633777,-0.12440021325750283,0.024378352023401995,-0.09582438004530625
2023-10-04,0.03470796301647261,-0.33748154397806873,-3.5867237687366216,-0.7062338720630112,0.0,-0.12544802867384686,0.4687793491955435,0.05227193616925696,-0.20787139689578682,-0.1323543338485278,-0.9423843089181649,0.8000000000000007,0.16228976099144088,-0.6456704211205921,-1.5703732694095196,0.4806121972843247,-1.0796691336525943,0.8074074074074122,-0.02768165310096012,-0.2903376962523796,0.5907647950812112,-0.15962178847639397,0.0,-0.19331448799601025,0.21932653851115536,-3.057210965435042,0.6076810889645179,0.165392717782753
2023-10-05,0.36063660007839005,-0.7820360041583874,0.6153846153846176,-0.2696144513345877,0.0,-0.5565371024734977,-0.036944675348671296,0.0726678412414213,-0.02744613695623288,-0.1975587384463351,0.3647096580965903,-0.6599908966772872,-1.3963963963963932,0.7428571428571562,0.08956115036322654,-0.21045739406977404,-0.23172671009215606,0.06352053207785424,0.010027865099215827,0.036086308449401194,0.08563110121595496,0.013831258644536604,0.0,-0.034927620159569406,0.018045877282106087,-0.5697113879671867,0.3391242265587735,0.7281553398058138
2023-10-06,-0.5829015544041471,0.7442902652500416,-0.013838915029062981,-0.013522650439490302,0.0,0.141630521377345,-0.435606060606053,-0.0852999715666658,0.11009331998095839,-0.135960925099049,-0.10053897979697506,-0.26484219819025157,0.0,-0.42054791432522554,-0.05733668418499649,0.41985789425116327,0.053285968028404795,0.0,0.05884615193118744,0.44774847966199127,0.5360111273196022,-0.1737381126554416,0.0,0.9829694822265367,0.10944986886078552,-0.053005803756678294,0.19732705801878692,-0.21807747489239748
2023-10-09,0.7304557191217365,0.19363166953527688,0.25387870239774735,0.24403297419071102,0.0,0.3991369448937465,-1.5073920185525336,0.6242512122587085,0.1782697910643949,0.20031660766269832,1.049942663001328,0.32439813067945966,0.14538373895771062,0.18342643440962814,0.35300050428643814,0.06001701945136939,0.47414171569055696,-0.5897445716692817,-0.0596794105575967,0.40880165313091354,-0.1315634750696626,-0.7127218521451373,0.0,0.09529254812272736,0.27750521698394204,-0.057047636013257685,1.6815374056279975,0.17644336457249832
2023-10-10,-0.06797834922773378,-0.12692753427105222,-0.3372681281618828,0.21620197834092414,0.0,-0.017569952026774693,0.43655413271246335,0.1754851740796315,0.7773459189339249,-0.04210568015716731,0.16173325555947823,-0.9403336332761081,0.4207995190862679,0.1985402319497509,0.004991016170907692,0.784456809267553,0.08266815880164276,1.3641545779769837,-0.08500045535957401,0.026132572237874685,0.25603556611783485,-0.04234696278172523,0.0,1.2833773895720713,0.18768901093442203,-0.16479549646969405,-0.09473390916689972,0.06658175081055706
2023-10-11,-0.04768144923704698,0.2180019280872858,1.4705882352941346,-0.8643461907035022,0.0,-0.3499852834787265,0.07698970262728366,-0.1746267353531783,0.7051016175860569,-0.15646400910694358,0.025553960390289898,-1.469362073086716,0.14920790210960488,0.09261340925382038,-0.11771630370805974,-0.11173184357542443,1.1351097879234162,-0.21691133749079938,0.36111947035810665,-0.05197295449145267,0.25800820630045296,-0.22423327589080333,0.0,0.007627765064821546,-0.16087285487056402,-0.28577890660984595,0.0,0.14963720037266537
2023-10-12,-1.040353089533419,-0.2372223420314734,-0.10843046896177322,0.35068731498510974,0.0,0.09778646990843409,-0.46959580194149697,0.7778711036718455,1.2136570418059378,0.2023823877219666,0.5157019704433496,0.32677624903066915,0.5560364608321544,0.009396949796362334,0.05388876803248399,0.14342817022785226,-0.38282253559214774,0.33116385299707396,0.202441125281864,-0.4341010490775399,-0.4745196324143608,0.5881165910995301,0.0,0.47332348820476877,-0.3049163837545499,-0.19024668653687682,-0.4057228272475011,-0.08783860364954821
2023-10-13,-1.4747411358644436,-0.2476698500631369,0.10872255093685168,0.15572849597710325,0.0,0.3678488316400941,-0.15484370463562103,0.008783487044339289,0.3000949879038761,0.24924764277836076,0.26093918814633077,-0.26763455837708894,-0.059719319199758036,-1.5848892748588694,-0.9566517189835588,0.05836463038033276,-0.5470029354518624,0.2886280546469111,0.01761707427386794,-0.8757961783439461,0.2874369040942071,0.47340772345679794,0.0,-0.27916873396368613,-0.11635220125785217,1.513137068692627,0.15676951597529687,0.09288232764956272
2023-10-16,-0.09711880867593337,0.39190071848465013,-0.06525054466231528,-0.045047086502995416,0.0,0.12855419757863973,0.03923107100822776,-0.04437738528445534,-0.5427408412483015,-0.03485129286375788,-0.8675518815207561,1.6129032258064502,0.06803056309374889,0.0592592592592478,0.4341967360383281,0.10954344804503247,0.01306193127502131,-0.12032358741721112,0.1324444411158976,0.11005424101879768,0.015428486175828038,-0.49706243677231643,0.0,0.6475230999768766,-0.6989212995468175,0.9802689455824964,-0.2823353931387107,0.42517977399840756
2023-10-17,-0.7367072389493967,-0.130859993664878,-0.42249801954052923,0.0718857128245487,0.0,0.1966752887803532,-0.850453594531797,-0.9773474607234212,-0.23857119059517706,-0.2990639204171641,-0.023331777881474558,1.0599952792768819,0.05467534013063139,0.1627580084338165,0.27836335297634074,-6.155795591785325e-06,0.09483576170359331,-0.3518717237691149,0.08953138370798956,0.0,0.14929969280318053,-0.2910871875433263,0.0,0.554026920502726,0.5286346207596215,0.8921594438251801,-0.6997053872053849,-0.05263795185940223
2023-10-18,1.5165583410708727,-0.7841428882596424,-0.23903240038379106,-0.14276995990402663,0.0,0.4267177566837921,-0.17459885988311274,-0.055422131904669936,0.3551919562449897,0.2414086907128521,0.03162236534898777,4.8313582497721,0.23027588902327922,3.2100591715976456,-0.7558428642466475,-0.3670085862999957,0.05213464696223191,-0.03874617381534051,-0.3199700048806542,-0.13709361535448883,0.05000340487417709,0.1132130137777132,0.0,-0.2293572270931854,0.009509922018646755,0.06225436719425881,-0.03644505112506691,-0.15511538316783646
2023-10-19,0.8913175325629297,0.4884547069271772,1.6693591814755049,0.43169297514469296,0.0,0.11606489017490507,0.27320285777235886,0.9526531389920878,0.4098919169527611,0.13264170079664295,-0.060123252667965144,0.0,-0.10954869570444596,0.18162005085360367,-0.026049495292927254,-0.5246111035080547,-0.6092128278523956,-0.2965012848389015,0.2003642987249421,-0.10623229461755868,-0.09402751175343615,-0.13665708496301,0.0,-1.7309966670250532,0.10565841788915398,-0.1129943502824804,5.36958457750536,-0.1355947519404007
2023-10-20,1.81818181818183,-0.42222222222221273,0.1611170784103111,-0.13550135501355087,0.0,-0.1380738695201833,-0.11224987798926223,0.17179896195078648,0.23916275095803297,-0.13493202694139783,-1.6035430665852224,-0.08849557522123686,0.06731187098495406,-0.8212674218495308,0.34374684056213134,-1.4440101172683462,0.4146337718022308,-0.9206488382288436,-0.0030276423748754056,-0.42548115158264066,-0.11516314779270731,-0.3233629749393785,0.0,0.5455326394339766,0.248447204968949,0.49000890925288143,0.32788514084156617,0.2119063185746617
2023-10-23,-5.364600064246705,-0.22831050228310223,-1.3633834168057857,0.10397571322094586,0.0,0.29297503050034757,0.17614285678649866,0.11375485828037935,-1.2457221081451086,-0.3682888446150112,-0.2602523659305911,0.1828153564899404,-0.4983388704319025,-4.356523671927093,-0.005109600940167436,-0.40318799812469885,0.10426886670694968,0.45121496874611644,0.05233347100149499,-0.29142879955288414,-0.30396198728250834,-0.4517276178576668,0.0,0.41968577372837323,-0.36616511277269836,-0.08008770318411185,-1.4360184911970109,0.229703510855922
2023-10-25,-1.904761904761909,-0.6797937177684066,0.12802091875287283,-3.0588556602485273,0.0,0.4443282801881887,0.6344145292700443,-0.23613293992053586,-0.1794421919182998,0.13391455224286142,0.4120169130982528,-0.3214100440742773,0.8052283926886339,-0.4051421893260687,-0.18596001859600975,-2.3456673588823973,0.6210629047999294,-0.43863245060261624,0.24931590148979943,0.34875330714343455,-1.652537825946987,-0.7206505331839974,0.0,0.16762366703519938,-0.8404042315836802,0.25769789877096994,1.2100509495136524,-0.24291290662017406
2023-10-26,-0.03536067892504491,0.40830106885274553,-0.9595812736260423,0.4794251158911189,0.0,-1.4563974267333801,-0.219780219780219,0.614729327292679,0.26418370312296285,-0.512820512820511,0.02792097029265528,1.8363581688011739,-0.8749209612262776,-0.5200859757923837,-0.4149377593360981,0.17325017325018344,0.08335642769531915,0.320889927441681,0.06719807839125624,-0.4393262946115195,0.0,-0.2966314731020714,0.0,-0.29690993731901205,-0.7144889507129104,0.08315167694512016,2.1907785076968334,-0.3206436191919737
2023-10-27,-1.1243386243386166,0.20061364172763163,0.08660508083140339,1.721983057908627,0.0,0.0,0.059476605868358234,0.25829905290348787,-0.2749338600104845,-0.2927558156127219,0.24133215348725034,-0.06775067750677266,-0.12385818238116464,0.07661124210560644,0.9941580403812544,0.6003807292429331,0.07104164816624792,0.1680134410752876,-0.5425786279197986,0.874592167224375,0.39982553067752225,0.8402945974000264,0.0,-0.06762008279240783,1.2830616941458484,0.004273271995314243,0.6020066889632192,0.10289578127296028
2023-10-30,0.38698612631382634,1.754030802775458,0.13005780346820872,-0.02696144513345544,0.0,0.2027649769585249,0.4570737658680324,-0.5054087604185131,0.03351647762683818,-0.5743645206007342,0.11259323968912198,-1.736930860033714,-0.259264907732204,0.03803438308229712,0.03038505997664161,0.10760290000247363,0.537776602309803,0.23551577955722713,0.2478731868535311,0.0,0.33170518334912913,-0.4178086977631723,0.0,-0.055833132830629406,0.11222696186433678,0.7431127419285422,1.531691147053782,0.38938443833408387
2023-10-31,0.40000000000000036,0.0665483584738169,0.20487873115767238,-0.049625585374013514,0.0,-0.32579185520361653,0.29388756912792635,-0.062455389007853856,1.3230481011925477,0.9334627735045897,-0.8547704330836847,-0.7399131707160111,0.09279307145066973,0.1372034811637557,-0.2437414309653163,-0.1434257498251379,-1.3017952863098703,-0.14249525015832543,0.22631340194901872,0.4599825302531113,-0.15483897328587015,-0.37623843421399905,0.0,0.19086070838685298,-0.031104997054220984,-0.3048799513869012,-0.5557114790906592,0.21506626365961345
2023-11-01,-1.045533533582621,-0.021966147681917736,3.522118906734284,0.36830912061235344,0.0,-0.05415162454872613,-0.0830555895303342,-0.550621669627005,-0.9650282650801756,-0.1791044776119466,0.5989103314994471,-0.8270448561432331,0.03789552958897158,0.007299802905325059,-0.42971147943522414,-0.0024072822731868726,0.2916760951540587,-0.07486504590409337,-0.18734068363993606,-0.18653099126024197,-0.34541261871535167,0.2209500853670665,0.0,0.004586394055539067,0.05691882617336885,-0.24076757064230292,0.4336370622461283,-0.0801387483776043
2023-11-02,0.0667334000667319,-0.6187934586634802,-0.0540540540540535,-0.9228300120369237,0.0,0.06322254335260347,0.20049263486490165,-0.1279914895022216,-0.9238184495916402,-0.19109442141691155,-0.4373177842565523,0.08833922261484162,0.2592249940582307,0.2985965959988013,-0.421341184831725,0.05317182389875293,0.33617791569693356,-0.20030831812679617,-1.8773234200743505,-0.16476558188866508,-0.19694860462354802,-0.4065242179366324,0.0,-0.13233196230212352,0.0511914192447079,0.19292164674634682,-0.5815764080652541,0.05342594470964709
2023-11-03,-0.21857417641828839,-0.17825311942959443,0.3157894736842026,1.652781510346668,0.0,0.07848077440946732,-0.06264799291400558,-0.07629701989643634,0.0630524659003077,0.044937088076690834,-0.05395578338547313,-0.1890803085992987,-0.7128007128007097,-1.2654413980114465,0.0761421319797062,0.07959040817387963,-0.2430344588143396,0.39556962025315556,-0.16237561600351613,-0.5203458487263668,-0.29579395426014843,0.5633388850788679,0.0,0.1429828420589585,-0.06802554643586811,-0.4322359774796003,0.11357733707552109,-0.02987042698570974
2023-11-06,-0.711382113821124,-0.17730496453900457,0.6359300476947549,0.4270365827659828,0.0,2.2975147505810867,0.28557396962557435,0.24971335339489809,-0.4067983248693341,0.5495321550571974,0.9741148250076159,0.04824247573901874,0.16499175041246872,0.22641509433962703,0.7488766849725437,0.004823693984845612,0.22508873690589848,0.06170897993046376,-0.4125072669932617,-0.027420934646904538,0.007163323782233277,0.0,0.0,0.2486368426375174,-0.2358636956116933,0.059220387577133916,-0.6385972507847115,-0.013239477514520592
2023-11-07,2.710843373493965,0.46403712296982924,0.4685059864653951,2.325279293322957,0.0,0.24737245280714304,-0.2798958905913973,13.723798844130087,-0.054171180931739116,-0.5343624758794796,0.12050128534704108,-0.8017715277143678,0.47023400194607934,0.015410194234836508,0.6261092486688824,-0.26440037771482405,1.5603799185888612,0.14050149171100923,-0.49852407074316707,0.11172096020293971,0.03221188260558172,1.6227860220201062,0.0,0.21367393230237175,-0.05968749781332661,0.5087413283966447,-0.2193463478833091,0.2810048028429435
2023-11-08,0.03157913809660462,-0.3512396694214881,0.21939263099273743,-1.218761541302471,0.0,0.43425395171095005,-0.3469168376820042,-1.8105140696575206,-0.013070713849236415,0.3573844143670679,0.5778352981307744,0.7592398121408328,0.010914939962214376,-0.4210317475566476,-0.30365363894603314,-0.7785795670338103,-0.873582528349437,-0.15305521761312946,0.2668384356574238,-0.12067486910677105,0.02142704092567005,0.250212444528386,0.0,0.08620121361241906,-0.3302966565493337,1.4386147637026392,0.1856148491879317,0.002864754920217649
2023-11-09,1.1679292929292817,-1.0449320794148398,-0.15503875968992942,-0.29821073558647937,0.0,-0.21855367477389698,1.6457680250783646,0.3308270676691816,0.04393390694322763,2.13844797178131,-0.44127086007702543,2.092050209205021,-0.13849547141148721,0.4603306658770512,0.2587637925983932,0.17776579373299795,0.1792540230603934,-0.04660918200884989,0.04477494917616657,-0.02997957825585651,-0.23454696351892235,0.1412293913474231,0.0,0.1615271659324513,0.2651570639058076,0.26151162508458725,-0.14161975369402224,0.1698539582920174
2023-11-10,0.26669700223982407,0.3239041243791929,0.20650490449147796,-0.0205433688162245,0.0,0.00830620062259868,-0.4854368932038833,1.316331907296601,-2.647523709167543,0.31736773112374106,0.02387764869836162,-0.9433962264150941,0.6930407161420682,-0.09818731117824386,0.24220212575479794,0.1605467661930038,0.3023134433840058,-0.4303599374021916,-0.19197482297402813,-0.842296741537496,-0.29168337769351904,-0.0024374390640291566,0.0,-0.34389675701661515,-0.09844707675695785,0.2417258576449958,2.514518349997008,0.08746356033532132
2023-11-13,-0.03096011139505639,-0.10724469963160899,0.19970044932600128,-0.12354830738818823,0.0,-0.13032145960034658,-0.3803022915650933,0.7946166511561215,-0.6831882116543952,2.796658170489952,0.14022711750432867,0.043057087939157856,2.5630368523136715,-0.1343462205630123,0.019499829376479205,-0.1375693459764793,-0.3939618057825278,-0.1281006172120569,-0.20791313280756896,0.001213338854277879,0.030917156497184406,0.07885147552926242,0.0,-0.04549943088382746,0.02924453233711377,-0.3406358535933851,0.16972960318388797,0.18577168430269353
2023-11-15,-0.7776049766718529,0.36332549690105687,0.1977072067991618,0.3160060565861489,0.0,-0.06108130193033986,0.15748031496063408,-0.07477854129293027,-0.15114042319317456,0.26170798898070835,0.26886036722646445,-0.756090136138704,-1.0993541294489484,0.5187025131502043,-0.2259741913429536,0.07680122881965623,1.002105263157893,-0.22905224356007392,0.2085760146192698,0.46014079521770057,0.09154718100566339,-2.4197381497645054,0.0,2.3180869374153312,0.15589704431930862,-0.5372733378106065,0.8288984001106892,0.3616276089865922
2023-11-16,-0.07773631840796158,0.3216123499142354,-0.8328577107774626,2.0298361457569136,0.0,0.21795989537924942,-0.04929091473216962,-0.32287499122622965,0.4817618719889838,0.04450324833330521,0.38398244651673963,0.14559615211782173,0.08317757873019804,-0.9230769230769265,-0.09653241347104546,0.09580625854451001,-1.441762514174627,0.12826991098846552,0.3317060958818452,0.41725159881453866,0.3470500743678606,0.6580380877674763,0.0,0.12873694750392684,-0.1009171383759111,3.4274728188809167,-0.3289473684210509,0.04494634530030073
2023-11-17,0.09484408268872757,0.4102785575469614,-0.35256511380094,0.10206580858755365,0.0,-0.31252639581046404,-0.2905520488928892,5.6586400466628,0.36408623761157166,-0.5309760378474915,-0.15710919088767206,0.7166742992214509,-1.0152990264255868,-0.14830173444539407,-1.3819406607558649,-0.4686474833630161,0.05732674726877662,-0.10900031142946354,-0.4332647590549077,-0.15948722820947614,0.19135759515691575,-0.26174747600649084,0.0,2.1190542035398163,0.5489945738908375,0.14105286437374742,1.3243913435527555,-0.4685746352412923
2023-11-20,-0.35209816004166394,0.5584281282316361,-0.11764796911955717,-0.21749637506042196,0.0,-0.24447414865749195,0.18331805682860747,-1.2046004842615088,-0.027913468248441653,-0.10383713102622243,-0.3135804454450497,0.0,-0.12520578643255842,0.4339649934905321,0.0,0.032880830475834344,0.7529145077720178,-0.23947864321607337,-0.10349369629303329,0.1455041448240546,-0.12014573504995907,0.003974587618627012,0.0,0.38430230334923393,-0.03782834667790391,0.6181067850622668,0.0,0.061221141881651064
2023-11-21,-1.0315003194260042,0.0826617069642488,-0.349737696727459,-0.033951404284399134,0.0,-0.05082908660607455,-0.10105092966855578,-0.2813507000323956,1.1516581101706613,0.2380304678998968,0.47271853216890314,-1.0779775411188353,-0.27643400138217533,0.41625449140353377,-0.10586278167061813,0.06514354846214321,0.38511963290723816,0.16599478302110615,-0.06500612391326932,0.057027023723549286,-0.1502989052146464,3.923076923076918,0.0,0.7049443535873889,0.1808791520909292,-0.24981127502591294,0.14368610113291158,-0.11448183933477352
2023-11-22,0.5184544954749293,-1.5863076601962067,-0.1771255060728727,0.10627676350010717,0.0,0.11989380834116492,0.0460401337273042,0.12658227848101333,-0.0629019884145321,0.18208558022270172,0.039812086949608805,-1.8547140649149974,-0.016500199022195794,-0.11409511784103432,-0.022061649376179382,0.7085301472631089,1.1217194614804638,0.2725467748250554,-0.2295597484276768,-0.04651434097241447,0.2912520370306204,1.2089527854925564,0.0,-0.8955427946404138,0.10054040467513126,-0.30929394995816706,-0.8845738942826364,-0.022784233310546576
2023-11-23,-0.2279206257862302,-0.46208779668137634,0.36496350364962904,1.7204042348411885,0.0,-0.12169680111266956,-0.10122482032594027,0.3400487617092329,0.6618863761720828,0.2223872559238449,-0.21113543947450797,1.1001474382993037,0.12336663670992065,-0.0537213031417072,0.16546329723223785,-0.059198542805105614,-0.015451332860871858,2.086379262654603,-0.35126073082792547,0.09799564308550594,-0.11823225367517676,-0.2809294519079575,0.0,-0.2800345721693964,-0.16249999999999876,-0.2818784225866844,-0.38840396233119634,-0.11202711630713402
2023-11-24,-0.550694847689237,-0.1053962900505856,0.2872812744842079,0.0,0.0,-0.23361526587333814,1.2275449101796454,-1.6945322501620064,-0.2339342232007824,-0.048766632742058835,0.5818067458133402,-0.4245465071401,0.300872653573329,0.20031763126445723,0.5037909018356101,0.062449598216496316,-0.2841831107960102,0.09535433671523652,-0.6345663265306167,-0.8376726284808678,-0.33465585647748375,-0.026916639293478317,0.0,0.19761475523505379,-0.1187062217803625,0.9802673456397182,-0.4596260315470557,0.11889015670697445
2023-11-28,-0.358716411890575,0.5342997520594972,0.2870462385092365,0.1701168647451512,0.0,-0.02608695652173143,0.4692492012779548,0.42584075381815745,-0.6127819281806779,1.6365023230011877,-0.5122561035441731,0.358208955223871,-0.38580011076035925,0.7861189801699586,0.5148514851485153,-0.21596328624132743,-0.7282340369796747,0.05918063456912259,-0.1302775388606181,0.3919588085710801,0.1720438974703864,-0.18958094711481466,0.0,0.0646196086929877,0.07196246266979456,0.5352022937241241,-0.24006324184191463,0.019114198798431126
2023-11-29,0.03173934423373326,-1.0294117647058787,-0.05076415974795134,-0.017088977630097535,0.0,-0.04569511560760797,0.22130224852257574,-2.205836792862015,0.3513751707723639,-0.2610441767068372,2.2963195973576545,1.376811594202909,-0.2402562733582525,-0.18833906655075042,1.3447671019294338,0.32477784293380996,1.1365494685200428,0.43969097770367727,-0.17500072230942076,0.6561085972850655,0.21683761272113244,0.48970583758471964,0.0,0.3686315423404585,-0.40923076923077284,-0.012969327540357511,-0.09231241777005184,0.1452416553344086
2023-11-30,1.6125862030235583,0.037083482853091564,0.07905714202303127,2.3408239700374533,0.0,-0.15649977948281046,0.2839571586698786,1.777493606138103,0.1227817850100658,-0.47725417266363257,0.8566272403481623,3.0027728477976856,1.1516817170527327,2.301649650853621,0.5554248058366795,0.4295302013422875,-0.2828054298642524,0.07587253414265138,1.0136316977175763,0.19408652406446292,0.13746176844564584,-1.1198522918840825,0.0,1.230173813884372,-0.1841787439613496,-0.7677052012027397,1.322140814054229,-0.012906273819018876
2023-12-01,-0.26479188166494416,-0.07019753017248886,0.2080624187256186,-0.4691326473806545,0.0,-0.3877973112719757,-0.15775981068822942,-0.32792239580429206,-0.2245756390670095,-0.036102873956075,-1.076233183856512,-0.5830090211568772,0.4732207529572263,-0.8548405363159151,2.223356851095426,0.8880994671403242,0.0,0.43333333333333,-0.4983844142310456,-0.1194163525767733,-0.36406099738974795,-0.9327758121582375,0.0,-0.11618461541297309,0.4261106074342713,-0.27841052898001095,1.438008130081303,-0.09201506781706392
2023-12-04,-0.03642799386190665,-0.10409182847719856,-0.2501250625312701,-0.8372519784378918,0.0,-0.43290043290042934,0.12745098039215197,-0.7089369880467866,0.4573967498056941,0.1305719886781631,-0.0063996185241999015,1.1490383713293917,-0.1558239189715649,0.49028069271587205,-1.0311111111111049,-0.2965191233347708,1.314984709480127,0.505620021097819,-3.088635127786832,-0.2650044789489381,-0.17379451354574416,-0.25919754177913257,0.0,0.4645812453624054,1.3965980304386783,-0.6137766776747433,0.8680904637340614,1.322818621215971
2023-12-05,-0.3618199624036422,-0.42924371998633304,0.8155314495285837,-0.17605633802817433,0.0,0.05593042338055687,-0.11139093374661901,-0.10497998818974619,-0.5631576813767192,0.5201384036345994,0.03777061020233674,-0.13814287713609374,0.4985038780179085,-0.9300178088516575,0.0849578765959147,-0.00425332822933111,0.42209446182956967,0.46189376443419583,-0.12225416893048013,-0.007593591009202871,0.02771846491395058,-0.5597749654970174,0.0,-0.2141380631248746,0.6150752580063257,0.25175908592085516,-0.7325467383989703,-0.15916575192097548
2023-12-06,0.05934718100890635,0.3770423125261768,0.9399069064093712,0.7144530334973087,0.0,-0.2830669124662455,0.009804882831643269,1.6620498614958512,0.24049803358352495,-0.43337709687169546,0.46019152573191224,0.36367199951754525,0.6895654436638088,-0.13382913010052308,-0.15527261434719053,-0.100209942326146,-1.5767943473410262,-0.0395631865142132,-0.36235497310534437,-0.47233468286099756,0.36464962675013535,0.07007997361694329,0.0,-0.9354440789473784,0.10861588140318457,1.0299385875127909,-1.290488431876602,0.00441436780762583
2023-12-07,-0.060300992167738876,2.6359485263594884,0.0,0.5376344086021501,0.0,-0.22832878300664827,-0.05985634477254087,-0.853759294960077,0.3733347346923488,0.19907881122405713,0.43106708008773253,-0.03171310693348047,0.30167842514615684,-0.51485300234001,-0.15496427475418054,0.07271899430389972,0.8516731986734971,-0.043111745056752714,-0.48815290450978654,-0.2174093617867745,0.06829668078131013,-0.005027112344213602,0.0,0.03651467381605711,-0.015116508026241648,-0.8868501529051942,-0.3264456636700108,0.2711066078812552
2023-12-08,0.47058823529413374,-0.0939355211381776,-1.4601990889597682,-0.2782931354359919,0.0,-0.9309078486634315,0.0,-0.5200904068307421,0.08261054535423085,-0.34586184667613207,0.49584255091921214,0.14104372355430161,0.4198924025718309,-0.11356456222444966,0.2987789597886148,-0.0064166175931257285,0.14173815740397,0.04724867340263339,-1.7200136689827894,0.4655650726075211,0.5448477831505816,-0.7562713243048191,0.0,-0.09189503208075767,-0.06664238329027183,-0.17369727047146233,-0.2670959623358726,0.056064929035243294
2023-12-11,-0.06368636269633576,-0.42160208793415865,-0.3422982885085468,0.06808896958692134,0.0,-0.1563585823488478,0.6997807583258187,0.5266579973992158,0.16525295660007044,-0.1881366803445713,0.0,0.09154929577464,-0.06618728080327041,2.2233916589922353,-0.10160034903395898,1.0152284263959421,0.1247981206871307,-0.12484394506866447,-0.04553734061930603,-0.4425902412479532,-0.21073053251270402,0.3123207205309453,0.0,0.2852429869604045,0.8645283997579245,0.8465738298264025,-0.42133388140992434,0.2786419586094935
2023-12-12,-0.11926058437685683,-0.5230335948501308,-0.6267600952415575,0.1388888888888884,0.0,0.009914512825009991,-0.06974195476736611,-3.259316971821846,-0.43356310115102437,0.046891250597917246,-0.4641089108910923,-0.41669609435694976,0.7311659485572664,-0.37917074963894626,0.007578436947019984,-0.08023307069086605,0.10073391854943381,-1.5951495903858026,0.02556265776939015,0.16198416487213096,-0.0506551398081867,0.04700001874129445,0.0,0.26508896958189476,-0.7516969139695462,-1.5002459419577008,0.6019481230163048,-0.06792924489851249
2023-12-13,-0.9984996078936326,-0.8417162800246403,1.2168556744304282,0.5558356469142822,0.0,-0.23543879501204956,0.257936507936507,-0.5116866637427275,0.40255413659078254,0.36261631089218316,0.7893013744755336,0.149863413272866,0.28556944417706953,0.4330392270329053,-0.25613583022686126,0.3341864391862237,-0.502583704962134,1.2393209401239114,0.09215030848451027,-0.06173063655180444,-1.291563616378122,-0.1417708467585932,0.0,-0.09257340619608367,-0.47434836661544577,-0.34587116299178433,-0.6984993178717591,0.3490429231370884
2023-12-14,-0.1787760787255399,0.12358399188112656,0.0,0.28373623879240917,0.0,-0.2705061082024396,-0.17881978939002785,-0.10638297872339608,-0.2133938639994004,0.10799927158163802,-0.40423770898857514,0.2799010884056319,0.0,-0.28619611562267777,0.15943937088209736,-0.004188306248953388,-0.6177420348661922,-0.04152357737775928,-0.15481756125200752,0.0745368069851704,0.951155942185955,0.783987106218409,0.0,0.03775009437523291,-0.2544901421634549,0.024539877300622237,2.514148889856327,0.11785588422450477
2023-12-15,-0.1800629106126217,-0.032594582966320264,0.5826147751107014,0.32988283471733215,0.0,0.4230702814712384,0.16289860795735134,-1.0469816446888824,0.07504692502069421,-1.1775421247804285,-0.5806301772857458,0.49191848208012257,0.17181076669355866,1.4928181647117844,-0.03588361314292299,0.04609971926061163,-0.2608695652173809,0.06480040285144761,0.19496568259372848,3.6532725039480685,2.5678024464631077,-0.3833812559903227,0.0,-0.08851835080562198,0.0007216718076158424,-0.26794889949320333,-0.5786071726438746,0.16057077125207395
2023-12-18,0.4492882916610208,-0.06133714986710226,1.4780600461893778,0.41789021911000646,0.0,-0.05937738569853357,0.2015925813930064,0.47233468286100866,0.5096418732782437,-0.2929232407962057,-0.07859781498074092,0.45738045738044075,-0.12984687714226784,-0.08019290409184143,0.10812423948526328,0.4286711625417235,-0.10240322806601143,-0.00040502017170651605,0.0031436424172692767,0.0,-0.23928024502296585,0.6123569407491924,0.0,-0.04942762016641641,-0.04214166792440577,-0.653626374405003,-0.1707501816189542,0.4424778761061843
2023-12-19,3.1468531468531458,-0.06105006105004973,-0.7220216606498187,-0.1853871319520195,0.0,0.0,0.060277275467157665,-0.05097394462224014,0.021070851432886117,-1.2716140752203398,0.0,-0.6898954703832838,-0.12540757461750873,-0.06896551724137057,0.22829849407789427,1.1988920583736462,0.08275654529039667,2.5162925416365,-0.01827681883964094,0.06738544474393926,-0.5892727147561505,0.21474588403722628,0.0,0.17700343594904133,0.2354326074161195,-0.17886403912901194,0.2571382653881127,-0.061839024500798256
2023-12-20,-0.25474101330315024,0.06181743251596483,-0.056068830538547054,-2.593497462882932,0.0,-0.06415038299240432,-0.04670978633550815,-0.2362625261201845,0.08049162095771778,3.038025618670792,0.07114732424478021,-0.07572409230774402,-1.0101010101010055,-0.11522251362097169,-0.3760071620411809,-2.880539895477552,-0.22080097456982362,-3.8845369674857744,-0.5419340419241969,-0.6700321198680692,-0.8225859060729146,0.1643350750042183,0.0,-0.9445402658505408,0.2214449222133393,-1.0732305351949394,-0.05913978494622718,-0.491200231774952
2023-12-21,0.5404620450126685,-0.042799058420717184,0.44986221156306794,0.9280705276542123,0.0,0.2102496714848856,-0.6725557117044811,-0.9155574336220829,-0.27444486491778886,0.30753501278233397,-0.4131198061458563,0.19804110556696694,0.476977971368131,0.1629195177582199,-0.3629013735128028,0.2618138117515656,0.4296466370509992,-0.21758839528558394,-0.08474576271186862,0.2657342657342632,0.31937428711097393,-0.008492208398791501,0.0,0.38643194504077716,0.05443678490076135,0.08581586367535365,1.4308336161067636,0.18007541440951402
2023-12-22,-0.7063111617977125,0.3403531163582052,0.9919261822376013,0.5383923805857171,0.0,0.5458326113325196,-9.580903889139236e-05,-0.9505967249514358,0.20369364475827378,-0.08974574629610488,-0.2438799623667498,0.8666673283836857,-0.358056265984652,0.4563070383797996,0.3386787413236392,1.1187571241609406,0.6031549644293088,1.3647761794282953,0.08042405410344511,0.18746094563633076,0.0638046274086701,0.6363170481721969,0.0,0.25097207493813833,-0.554570134465926,0.45069406886606433,-0.20664881128908963,0.819053777346701
2023-12-26,-0.3015484824123449,0.08454872120058354,0.34160783420633667,0.04999999999999449,0.0,-0.008540438978577036,0.06981005801173223,-0.18150308313776287,0.47316479653913834,-0.2932551319648091,1.3620525815647877,3.4159779614324925,1.895177771392198,0.213310580204773,-0.10615033658051647,0.7935195900148795,0.9439707673568831,-0.3239923493640384,0.1542983100661255,-0.12060232245615365,0.012421110862095852,0.3855932203389756,0.0,-0.26179586229991464,0.09974577430591491,-0.10040160642570406,-0.7625774512995731,0.453350715362949
2023-12-27,-0.698519139424425,-0.4106776180698102,-0.0219940394321938,0.40322580645162365,0.0,0.33361847733106575,-0.9789231844970603,0.4459691252144182,-0.05398110661267719,0.14715070064008998,0.03144406886250728,-0.9706840390879545,0.22491565662876578,0.36709393994101003,0.4818524151814607,-0.36348949919224327,-0.32326794504443646,-0.7196357761785843,-0.337709320905107,0.14652593095827818,0.22781966950105037,-0.029337803855822298,0.0,0.24610533409721302,0.22954144623845707,0.03590839632475196,-0.38387220948018497,0.218865173238858
2023-12-28,-0.14034476182735456,-0.10277492291880241,1.4567458538771838,-0.0904704463208672,0.0,0.6990622335890873,2.417264980281608,-1.1814287688268754,-0.053995680345564345,0.8092898092898038,0.0,-0.18153526970955403,0.5583819332423356,-0.04508178929854556,-0.2762806286516595,0.5468271781269074,0.13142523364486625,-1.0745867691503985,-0.30078497542366245,0.1084614613070356,0.003272208419785594,1.4705266244920079,0.0,-0.30898876404494846,2.438667797304017,-0.14740566037735325,-1.1245963701146944,-0.20636330390261248
2023-12-29,0.7602111301068101,0.6077795786061602,0.356247497388007,0.1216950212514667,0.0,0.08388558006877656,2.4695908588278526,-1.077235772357732,-0.08201202843084454,0.10182647443079951,2.5750394944707766,-0.32436106236401474,1.0104641042816387,0.0029852492509863104,-0.36246658511168706,0.03627200085807303,0.03897322032568318,0.09752438109527084,0.1986886028163326,0.47303045771651675,-0.2611125914567136,-0.31937319254912905,0.0,0.08279461509327346,0.011371389583803015,0.014825370959431483,0.5098322443434611,-0.18244519788293
2024-01-01,0.11554015020220909,-0.5951200158698655,-0.043903778876458466,-0.2411575562701107,0.0,-0.2641571735182424,-0.9009789482803288,6.273347932500317,-0.027415798728519514,0.3513194628763798,-0.5398638604177997,-0.25078369905956466,3.0925428871513505,-0.17456680933347624,0.08178275920471267,0.15712501510818377,-0.31284103310293965,-0.05850292956487794,0.07910200141289514,0.20100844916870475,-0.16163444753345413,0.2320762536261789,0.0,-0.13350665776622472,-0.17368892873150799,0.15689641816725905,0.8360737974471899,-0.044703902387721595
2024-01-02,-0.48172286766788863,4.354711005542367,-0.6072568261229039,0.14101531023369418,0.0,-0.128791026173658,-1.4701975024355551,-0.48999103674932654,0.12189482345015268,-0.5280004480125777,-0.6017418844022071,-0.15824129019021416,-0.6503137478608201,-1.4946428017343527,-0.10283823810091075,-0.4848342691686214,-1.3639679066374977,-0.4445727482679074,0.06320522205552903,-0.540081521739133,-0.8278951982078508,0.008379069085417967,0.0,-0.1560852093089149,0.09657836644592077,0.18550789813929214,0.21920568693897247,-0.781990521327014
2024-01-03,0.1944943731653992,0.0,0.6989951944080364,0.3166819899887763,0.0,0.025062543672860205,-1.1789462688112151,-1.8187420725022163,0.3568605837813432,0.3221727310582345,-0.02041119622150922,-0.026265327762649743,-0.046920821114371236,-0.15609990393851136,0.1936172462143837,-0.10618803229126006,0.12472487160675172,0.03478798814222639,-0.3080872913992283,-0.5754255392460883,-0.6354459705444238,0.7076271186440497,0.0,-1.3189533239038265,-0.2610894300005495,-0.17240420443801474,1.189344159235728,-0.1574191778196954
2024-01-04,-0.8495065574945282,0.12762078395625043,-0.21208907741251393,-0.48187932938460465,0.0,-1.0571880462831973,0.31611210291735414,0.28810783410207486,-0.400304063583376,1.7212372201371728,0.007977662544877973,0.0,0.023342670401493848,0.04252733900365069,0.8364228230400617,0.37590185453534875,1.0558918766718328,-0.06137500682656394,-0.30067429782935085,0.2207196160179281,-0.12956810631229443,1.7346500644053187,0.0,-0.032350826743354766,0.12847965738758127,0.0,0.05752630360194022,-0.109636275718894
2024-01-05,-0.7891156462584981,-1.898066783831276,-0.03214599193270088,-0.2538071065990022,0.0,0.28388358780695455,0.1213222488572178,-0.694582112739428,0.10793308148946412,0.5267642290212482,-0.0003156551422578424,-0.8049272531831464,0.30993572415450865,0.11009849837713137,0.0,-0.44298540521300334,0.13233798976148847,1.0612400152149037,-0.19570380580313795,-0.2933677924073619,0.5922221491083679,2.411467116357491,0.0,-0.17613227893602534,-0.15101337925552683,0.5751619387982965,-0.09544460165666901,0.37141703673799764
2024-01-08,-0.7118653146257758,-0.6323396567298967,-1.995708154506437,-0.3684206096719378,0.0,-1.729811830225303,0.12448870709587112,0.21864927478247864,-0.950699443161751,0.2925672170350724,-0.4496350342812039,-0.06249999999999867,0.643735461921302,-0.6181695110618723,0.015119915004263573,-0.3734312744227031,-0.08382425641696815,0.12013542538860111,-0.018760683375179665,-0.5498305553634397,-0.0032806246309302622,0.10224808143878272,0.0,0.2575938597443983,-0.7970244420828942,-0.8627050343379294,-0.6903299450997435,-0.7484948744372666
2024-01-09,-0.07786622104865026,-0.2714440825190012,0.275094775686191,-0.19260636007854548,0.0,-0.11044091411094303,-0.8772723161798002,-0.2564499031326495,-0.403281880127937,-3.178560299158617,0.5445505484965807,0.076248570339299,0.7941142123087719,0.7636852394916849,-0.39397298077109566,0.3048184618628269,-0.14673081145633593,-0.181818181818183,-0.03780136437338211,0.435579416189813,-0.19065688674599346,-0.5560000000000009,0.0,0.20508152213783992,0.2608412129116333,1.0981546473451953,0.5839655078316852,0.14510524853197926
2024-01-10,0.17521891115357402,0.41579075347142336,0.4867247276362563,-0.14607069821793717,0.0,0.12352875764672921,-0.059608869750360505,-0.6407482356527605,-0.09712779242403435,0.16094765982102022,0.00061832212109314,0.3022508038585281,-0.5903185743264705,-0.8266487049170324,0.6108597285067852,0.24466519813778898,-0.41536863966770143,-0.11970717402275399,0.26490066225164366,1.1749611722601028,0.1932272221130571,0.17363214213608202,0.0,0.38944180008655405,-0.2840676299472822,-1.079096045197736,-0.010774701002047582,-0.06845376632622635
2024-01-11,0.09051675388297802,0.008978220218014421,-1.1917206773991218,-0.2737468485242256,0.0,0.0,-1.2308257554882074,-0.13829679206998902,-0.10995052226498991,-0.07913847076327363,0.1872074882995456,-0.5176730683776942,-0.3268355316913829,-0.12000584551350446,-0.2677734636497564,-0.4219201037531706,0.07400430570505545,-0.0942848459147494,-0.04975397407271376,-0.5145970671330491,-0.059900166389359466,0.48633440514469495,0.0,-0.4732370128706198,0.11374986128065423,0.11151875950947132,-0.7599029911075084,0.1436597189374944
2024-01-12,0.24039032637260815,-0.1363120547599276,0.708373446407129,-0.46305418719212454,0.0,0.29363095886463614,-0.6073063627020425,-0.6278168686874586,0.23438577140493244,0.1226530319684338,0.13668210185291407,1.5279503105589898,-0.5847953216374324,-0.50070126041597,-0.11120996441280617,-0.7745779543197662,0.48996621326446443,0.9497820661368617,-0.09819085990343164,1.1103009412700482,1.4326465927099852,-0.43449586840981214,0.0,-0.3016178722325069,0.02410621405486979,-0.028648369907757765,-0.040831746763980714,0.422869720689234
2024-01-15,-0.5377789728421623,-0.055451166161399335,0.1446151039611654,-0.07892659826361781,0.0,-0.0833750208437567,-0.31781297733064484,0.36454219575916547,1.0080102158948057,-0.11010088029300702,-0.05868368853028105,-1.3173652694610793,0.047303689687794304,-0.4728474558820861,-0.05457158673989326,-0.5001786352268667,0.2541208791208893,-0.5513671468744411,-0.14181778690329402,-0.9435141214696463,-0.9434815373021932,0.3357298492211003,0.0,-0.4058785782299068,-0.15861090241254816,1.1353401861917578,0.651855070889229,0.1790510295434089
2024-01-16,0.0,-0.2059732234809597,-0.6878203343594902,0.02306529920731067,0.0,0.0,0.006149324036902604,1.1165048543689382,-1.148011480114819,0.12554801473287913,-0.12584923867574593,-0.3402537485582502,-0.09585430146178409,1.1109120229349623,0.006801665281641611,-1.596127690215221,-0.7297260085364132,0.38650759157204395,0.38618558976055706,-0.07718779146431709,-0.20423715896966677,0.019564111593695088,0.0,0.026516881210147947,0.01830081023053154,-0.24965325936199267,-0.7638585770405881,-0.026785440001170224
2024-01-17,0.14702220501560856,0.5413901501921004,-1.8938605619146731,-1.3797895572761565,0.0,-0.20320477429757547,0.037857278061714794,-3.643287484369684,-0.1164827045083694,0.10270894851713841,-0.03173343911146986,0.5287356321839187,-0.04182528576444633,0.6518675123326378,0.8156237255879217,0.32958431178675696,0.4928743113101819,-0.003598028280515919,0.9256559766763983,-0.03503631035800536,0.024589450268447388,0.41771094402673903,0.0,0.7407922651549326,0.0036791981685324604,0.5769230769230749,0.9541449177751682,-2.3456486715272673
2024-01-18,0.7353291345707447,-0.26807264669805875,0.9409190371991283,0.719128826792681,0.0,-2.042909650397473,-0.3729146221785995,0.8817118071607788,-0.3510642936908337,-0.03338229403124782,-0.11093502377179654,-1.6920374707260044,-0.39482988513555584,0.036376463433918094,0.21954671366429443,0.49087483906441465,-0.04927842309045971,0.6773413235981074,-0.3757488554610888,0.30701315145327535,0.23300595311796513,0.6868867068574702,0.0,2.3699502905552228,0.02112771297840821,1.4836099220078447,0.4615834063686819,0.3194617211353723
2024-01-19,-1.1584051724138011,0.39967859766449343,-0.2220440291461956,-0.27269972730027403,0.0,-0.2233993427248726,-0.4951273462496797,0.5178512998914531,0.05312401099087557,-0.5537704245573316,0.23622047244094002,-0.14934289127837563,0.34495052877924204,3.8953717796944565,1.0386690647481878,0.21883611606419162,0.16482384451617094,-0.27434409266186566,-0.4048140043763637,-0.4706183888973814,-0.6307632235004301,0.07889982878488411,0.0,0.12405665253798492,-0.5001869085372868,0.28472182677523605,1.207784773898113,-0.5023663476017903
2024-01-20,0.1740730605924834,0.18978605935127124,-0.2122691572914448,-0.1811367853828294,0.0,-0.1728309713100562,0.059268338369181106,0.9553013327043391,-0.10466641367362639,0.8742434431741719,-0.631562327307178,1.6251556662515432,0.37960323058296996,-1.272384542884064,0.19199510038378775,0.10139931048469553,0.26369168356998873,0.12610794840384187,0.09190838572110671,-0.3245803684575388,-0.2572016460905324,-0.4721510883482605,0.0,0.25577191965351354,-0.5196773669680077,-0.31166949429639046,-0.820639649260857,-0.7035765139458916
2024-01-23,0.09302738080405604,0.36549599280402134,0.08563476771568101,-0.11362172093526413,0.0,-2.143424186292664,-0.934566959915184,0.6397510539449369,-0.04206393718453327,-3.196965591980494,-0.09952145847808014,0.28025277523130815,0.7883848170862184,-0.11994329953113336,-1.0516667556189463,0.11826597610211653,1.5865876946604907,-0.2254627440997914,0.10362694300518616,0.38564133397703815,-0.26473345770244294,-0.552608823407393,0.0,-0.01571571585503584,0.10637958105298069,-0.5601070260351318,0.5471644343117754,-0.5634117089225565
2024-01-24,0.41118421052630527,0.24715768660406034,0.28552602679552397,1.054936305732479,0.0,0.4323934780650518,0.12085809245645507,0.04562412739391175,0.27974528001630805,0.09522215206611746,0.3159557661927437,1.1897854848236318,0.9874905714384985,0.3513587702443033,1.4554304256537476,0.5570479374683246,-1.8654316222822542,0.3918613413715244,0.08199174306330326,1.2739914732877278,0.7060668167979456,-0.25225299023743375,0.0,0.4150349767379602,0.5321953319773587,0.40598593812733635,-0.549807862843632,-0.28451296016936967
2024-01-25,-0.4230039669075536,-0.46266751754945323,0.09245741462010071,-0.29584848602170477,0.0,-0.12475494564249123,0.01007150770471199,-1.4388573480911604,-0.06345784298765755,-0.702424732833179,0.33291186062082145,1.4260143198090658,0.3871420449527596,-0.6467596814697107,0.3044949250845974,-0.15765487596862138,-0.5389165001860596,-0.10339988869319712,-0.15066760437202897,-0.4398531316658516,-0.10227101819823003,0.115602327991704,0.0,-0.30542593555611397,-0.0032006621636770927,-0.15190543105199628,2.3827556073405143,-0.05597385752524886
2024-01-29,0.7923497267759538,2.469725940089229,1.974826388888884,0.5166931637520022,0.0,0.4805337329128023,-0.2100630189056707,-1.1055217594758915,0.12665353222629516,-1.0770059235325813,0.16105529565149102,-0.09886877942386907,-0.07605033617988366,1.208760742999715,0.8755324183625124,0.1660922642527929,0.13353195664969064,0.4812671723406159,0.12165602104379225,-0.2906605340488144,-0.1931608969909182,-0.3303537033874815,0.0,0.07635719380619799,-0.9792188010009806,-0.4053528791160055,0.0,1.1589172241972756
2024-01-30,-1.4370932754880772,-0.8506616257088817,-0.40116681465043325,-0.813783590435424,0.0,-0.48694112439132686,-0.279776179056751,0.2888781896966952,0.8122111749054639,0.0,0.0,-0.6389199717456828,-0.004281470574973856,-2.169270540631685,-0.1947638834206622,0.22426095820591296,0.7162162162162033,0.4843078719316607,-0.035282208893583356,-1.0004764173415892,-0.19464288530210427,-0.2785981900881862,0.0,0.04340160464190168,0.008309788931359918,-0.6768139321710609,0.5606127886323309,0.08694006482189431
2024-01-31,0.4369135074105357,1.3114754098360715,-0.06317793039291031,-0.24778085761788526,0.0,0.04566786774127807,0.3641732283464538,-0.019023241279936265,2.705687465488693,1.263408820023848,0.24150293500511122,-0.19208997525523186,1.4014839241549781,0.750321966515477,0.8282076073639288,0.050043467415650245,1.3991034089339105,0.10107441333534473,0.24785939612437247,0.6010716497303392,0.4383428206143014,1.1890390487492963,0.0,-0.2864574858445934,0.15812054236790107,0.9835295431685154,0.11020519117959648,0.656242028755416
2024-02-01,1.4262648008611212,-0.17828691195205618,-0.3447024446405045,-0.058702670971533255,0.0,0.06229902749722201,-0.31971196847406236,-0.0440268938577737,-0.2732240437158473,-0.03476462093766619,-0.149020192236049,0.6047918120493101,-0.06793157159737384,-0.2922169148637299,0.4836157103438987,-0.468965656550252,1.0576245112492888,0.15483427974002373,0.10632403004205981,0.21968091326648453,0.12015129296444327,3.1137048192771077,0.0,-0.3523467623986143,-0.065616086110117,-3.6096917751771818,-0.0020257488792789027,0.04930370672474593
2024-02-02,-0.03628132291682018,1.4986376021798309,0.4576026190447058,-0.2697755082378017,0.0,0.013700833064572704,-0.2700183290647473,-0.8047424386159574,0.2892561983471209,-0.4123677931841818,0.14662522445835213,-0.7246376811594235,-0.28081161075859673,0.05208292239774204,-0.6779936515514562,1.023421382630163,-1.2233801540552869,-1.703216374269001,-0.3641566519795821,0.2498873469378604,0.5921931343816134,-0.4946713728326668,0.0,-0.24431697153872722,1.705473573465488,-0.31504141968256016,-0.16344685336203701,-0.07848626885873511
2024-02-05,-0.09635724274441963,0.8560885608855928,0.3280398637989679,0.2946287927089841,0.0,-0.16667312756488695,0.1894483133102698,-2.370835642588831,0.27995520716685984,0.8233774620600709,-1.325226067976304,-2.2932486279227113,0.5585736768354721,2.468379116286834,0.5901362933820486,0.8809514275417429,1.1497205986254588,-1.4958863126402377,0.41292763406729494,0.4294302891497237,0.012938766385506284,1.3486349183143842,0.0,-0.3493791496942733,-1.0926310045552057,-0.10877482731653787,-0.6124849638787733,0.5812987875768227
2024-02-06,-0.8333333333333304,0.7346585998271316,1.993940291696883,0.2271006813020504,0.0,-0.008909479686403099,-0.019958088015170627,-0.6410256410256387,-0.2625760088446616,-0.27419354838710275,0.029920196791316522,1.7072438195708917,0.709297250109131,1.4079288625416853,0.2649758682691461,1.5150331901601088,-0.11241568823382453,-0.6182681994999939,0.15268311341477547,0.016105998557158774,0.47871596505231206,-1.0062786399616053,0.0,1.5762164278954272,0.48826842749736254,-0.0028512643997641307,0.18411807819647685,-0.11665370514387652
2024-02-07,0.16583747927030323,4.447220487195502,-1.1869436201780381,0.22442714980439593,0.0,-0.33139361091277797,-0.6993705664901539,-1.6028219568042679,-0.013073369339759259,0.13107830105990223,0.8198475921645576,0.0,0.20927414913536335,1.516008016855963,-0.015287561436575873,0.24460341661957652,0.6699619166592474,-0.2532855548789015,0.5166538419258959,0.0,-0.8318739054290702,-0.10924966118178725,0.0,0.7752903446772708,-0.41090152610159986,-0.20247469066365653,2.677904619652205,0.2131585794591162
2024-02-08,0.9169213670463972,-0.20506634499397602,0.07945914907334095,0.09008197459687839,0.0,-0.489222771077491,-0.7256004087889623,-1.273885350318471,2.251201098146871,-1.2148808875751205,0.032791362477568864,-0.24539877300613355,-2.9977876106194734,0.7446808510638281,-0.8896534492848829,-0.08851020679696009,-0.4631258060733834,0.15081206496521116,-0.4359002778293819,0.09147735935355339,0.2076473554626146,0.29040666631423573,0.0,-0.18473475168570008,0.030884128365671337,-1.413711855640476,1.516315762512166,-1.8374024666498845
2024-02-09,-1.3303769401330379,0.44329918851863104,-2.4588498272708814,-0.5648092502436031,0.0,0.464416247665167,-0.031447548934626646,2.405381522471439,0.5927390504565699,0.6549251593306438,0.2160643169226928,-0.6329113924050667,0.24407252440725724,-0.5667694143382751,-0.257302139419624,0.2552832598822626,-1.017450122207686,-0.7212675390193768,-0.16039053057620434,-0.10108602109362153,-0.9249895901493055,-0.0544412005178907,0.0,0.10757032611435902,-0.43881988236387504,-0.41249263406010206,0.783924773739475,0.20600609313796703
2024-02-12,-1.8311874105865433,1.36602867853719,-0.9320681913735751,-0.4151999277913321,0.0,-0.0821054536369159,-0.05717339393113141,-0.40657806905759486,-0.6918552877511308,-0.06244637964173405,-0.3829061384842958,-0.17271624377823147,0.24404416037187016,0.18452075858532702,-0.11252776399471864,-0.16793104428483585,-0.1312699670487083,-0.9076542809676291,-0.23638054562363786,1.4738238042135032,-0.17222948093597035,-0.2158053415519945,0.0,-0.37797092460073456,0.4953613560874981,-0.8790348705125239,-0.800725185073281,-1.4092675288522871
2024-02-13,-1.5713015120071172,-0.36132691495065855,0.11463933704817242,0.15278152242292897,0.0,0.3945871531665479,0.801687763713077,0.7802199267580819,-0.1570880506687189,0.2856912093100905,0.023428348301446356,-0.8290510448783817,-0.10889924957522279,-2.030912064145174,0.37837582178499307,0.7741347905282359,1.5695978592656923,1.54278218220803,-0.003719546215363856,-0.058949230022431465,-0.03213223684906952,-0.5929755788851576,0.0,-0.2627157476706832,0.20527178135874014,0.07414821341160116,1.2974886819310139,0.2727008993327562
2024-02-14,2.5327771156138157,-0.5070439367740487,0.40228668219350894,0.7344259802599044,0.0,0.28162061052153575,-0.2774105518085268,1.218729955099418,0.7553907430297935,0.13417174678966304,0.6336727916906093,-2.343961091596869,1.2444657173626972,0.3471280577100222,0.009372071227731205,0.0,0.19184076900694938,-0.145819831497096,0.03731064845906573,0.41020120763716567,0.05681452727954728,2.458128790066416,0.0,0.04790518895670948,0.27749674808497105,-3.2258064516129115,0.7180527569457751,0.049555294017161744
2024-02-15,0.196828764462779,-0.734653218777237,-0.3384774724064121,-0.18991712707182584,0.0,-0.20178808725361264,-0.01079913606911731,0.6754170784037025,-0.15087716613554716,-0.923996953691486,0.0840143588177078,0.8202143140627172,-0.17415534656913811,-1.1482532664763678,-0.09976350103759468,-0.1545785327560556,0.12696946961390232,0.2562763940776221,-0.3859375403914067,-0.30863945672023885,-0.44823082403230297,-1.3894460450020074,0.0,0.1072437204307164,-0.4195040657414717,-1.027475873132799,-0.07209005711750205,0.15439669850798587
2024-02-16,-0.2852469597379004,-1.1372064276885085,-0.272708202223626,-0.7655755015839483,0.0,-0.26843235504653284,-0.059909361788427574,0.384179367678561,3.684568320870163,-0.34188034188034067,-0.8039200673761626,-1.161689500599794,-0.36781609195403187,-0.4572350726196883,-0.07004436142890036,-0.4619248363081918,-0.5320630855601527,0.10996634203879752,-0.20988037942928361,0.19711751297772917,-0.1175088131609825,-0.017592141330263766,0.0,0.18016414322777896,-1.2360127883078276,2.4512403511873337,-0.10491983664810411,-0.14492376933057383
2024-02-19,-0.10291106099489244,0.1878583128583189,0.18687707641196205,0.2453557658604888,0.0,-0.12520604709291838,0.8095517385645734,-0.0907322722047521,-0.21464646464647297,0.7532311906188527,-0.27874996424460674,-1.3124717139716746,-0.4254749559692461,0.2815828381798169,0.028220083474239654,-0.13484537414012085,-1.0492103178887602,0.6362968389143964,-0.1959036819295379,0.38835572100909266,-0.060188712731157334,-0.6330250656176373,0.0,0.04512538283987788,-0.2258433390508907,0.14884044787141226,-0.3943044906900339,0.12190454075656405
2024-02-20,5.051664753157303,-3.4092450882065863,-0.0958032291630088,-0.269377824122341,0.0,0.017540600960952446,-0.4457652303120452,1.14589334869728,-0.44619422572178546,-0.03797108113681169,-0.08518761522368079,0.6459209126126964,0.41859938907116145,-0.46245919477693187,0.11620265137743946,-0.3897349375322712,0.3083561198798046,0.3247396142727066,0.027035377722861575,-0.7219347852243985,-0.6333609565526199,-0.14008183728387857,0.0,-0.05511529757194489,-0.5547453604415109,-0.09651961619259186,0.40713558686451545,0.14538612845291787
2024-02-21,0.0,-0.7276052635586838,-0.010868849219419774,-0.8596476295855027,0.0,0.3276656039674197,-0.2324828996544681,-0.8922780520002985,-0.9496125395408894,-1.0425424583823895,-0.631476246489876,0.7587510150662687,0.0,0.2728285077951087,-0.13383380138565956,0.062017553865634234,-0.03366078868523026,-0.08537074331246286,-0.6220356115387626,-0.32422277437730296,-0.32943995208145616,-0.36732145449546727,0.0,-0.08670926006475455,-0.14779609934215676,1.1452513966480504,-0.11851840765293997,0.17543016092037567
2024-02-22,-1.8221376121838384,0.4115226337448652,0.4009880754066719,0.7502131287297598,0.0,-0.045247699768213856,-1.2375973541021934,0.6306661411115355,0.3728426445268107,0.6541500297341019,0.03924646781789942,0.05128222805036664,0.6735825685707408,-0.3322920825962278,0.3624230403422339,-0.6648455146362808,-0.06556676432627473,-0.6497622118140312,0.0493016945612601,0.4749402240307288,0.5531054038372174,0.28419648415899945,0.0,-0.3664175316126783,-0.024066626644592137,0.06073992269464146,-0.008108963924219337,-0.7776497695852536
2024-02-23,-0.29815586266215277,0.44791505639922846,-0.4601547793348759,-0.5493590810720983,0.0,0.07857661343859124,-0.3908794788273662,0.07401122986737674,-0.11873350923482517,1.8174169120740435,0.16014144211535797,1.5786749482401774,-0.8575942225231392,1.596631836200102,0.011340862587860823,0.12398157987953962,0.15891701000589897,-0.01997443272611088,0.2122396004048214,-0.3628015432743936,0.08315514373962163,-0.24971951793275604,0.0,-0.10854004475503072,0.3079679557050241,-0.3748670342675786,0.005614038603244757,-0.0039158959093510415
2024-02-26,-1.0337323177366686,-0.16312494188164273,-1.0979729729729826,-0.5952380952381042,0.0,0.35259435629544367,0.2907289759879417,0.07556544457292629,1.1476058567471137,-1.170329207712395,-0.2101547225423254,0.9039824089909665,-1.3415892672858698,0.6961150637252445,-0.1607126457893293,-0.3019263589388088,-1.2379885633437504,-0.19480003180408767,-0.013852313936246752,-0.8806586844406827,-0.5555555555555536,-0.04652660964173938,0.0,0.5176841929615317,-1.04075564107049,2.151298948858993,-0.03419414472530247,-0.651068158697865
2024-02-27,-0.055103381843113475,-0.31531688200883146,-0.33801308303501587,-2.277773209440004,0.0,-1.6462716788449683,-0.6046462289169496,0.29551769515942333,-0.22141182599634268,-0.22013377360087238,-0.18718188939503091,0.0,0.08027522935780684,5.925223381420652,0.019733381595488098,0.9335483323432037,0.8067365445766139,0.27720576587992873,0.8845422824066196,0.21038078922850367,-0.47709064722296635,-0.5357859707930068,0.0,1.712147109094131,-0.4054028173054447,0.03545611319416553,-0.05548676852485205,-0.23390104429669156
2024-02-28,-1.1868288454200477,-0.18789167083698155,-0.6523292469912401,-1.4243784530386772,0.0,0.26440061125697634,-0.8567733591981874,0.018808396832577696,-3.3816425120772875,-1.1367492365116916,0.12840487286551183,-1.3170672493323488,-0.20981466371371438,0.0,0.025268676633666276,-0.18800205093146838,0.5310881539354662,0.23246706012102214,0.015961691939359035,0.10542168674698704,0.5828976624000948,-0.15509309714678196,0.0,0.9457866823806782,-0.08008304908794228,0.4791277226060875,-0.6783676106385306,-0.08803868698836759
2024-02-29,-1.501154734411081,-0.3116623640950944,0.48424162495753764,0.2554494422355169,0.0,1.6125460254387658,0.5565358032144863,0.9327074899909971,0.556046319213277,-0.04373687893631795,-0.48183254344390525,0.6315104026153318,-1.594990548204156,0.7933194154488454,0.0023669899141431916,0.4436635185591786,-3.5657974530018177,1.1894877229349121,0.296454405312474,0.3244593520747796,0.15869327996299956,-0.28714475040495513,0.0,1.5738426752350376,0.9368223277551158,0.7432246814880694,0.6337412587412494,0.006914718166955991
2024-03-01,-0.5626295528575631,-0.4901960784313708,0.4452926208651231,-1.034299858557286,0.0,-0.3841501500745803,-1.0128970043817465,0.9799315390294661,-0.7816862088218857,-0.13102725366875845,0.23125996810207106,-1.7680586251017871,-0.6433254979586689,-0.6710745397104645,0.7120399482152706,0.6866952789699621,2.000138898534609,-0.7280230475745442,-0.6595393746373635,0.1009249596829187,-0.14484796265880895,-1.231343283582087,0.0,-0.18698119751601738,-0.41453519139177386,0.04891570194032191,0.15540310581124706,1.4342934558520204
2024-03-02,0.029069767441858296,4.975247524752491,0.10332713370531099,0.5118861703973687,0.0,-0.35732516590097907,-0.6320836965998278,-1.8380657487318097,0.0,0.0,-0.18249623105609514,1.7733872887407687,-0.486344930789373,-0.2753206666045449,0.0,-0.6769048525616661,-4.346417929783641,-0.3544717980679346,0.0,0.0,-1.336753168376592,-0.2061073180937678,0.0,0.0,-0.3220140515222458,-0.5645161290322553,-1.5143464399574924,0.0
2024-03-04,-1.8633540372670843,-0.9329133658156019,-0.22426095820591296,-0.078308535630367,0.0,-0.4700051273286654,-0.16400859773852416,-0.04054875988377393,-0.9233876785456618,0.1739710571109776,-0.16723739746755673,0.0,0.11359333585763132,0.6306142818256144,0.14055769666740936,0.4605568935648785,0.508720219130343,-0.10900455483316973,-0.09021112200032211,-0.18241517694271847,0.0,0.5540010645732507,0.0,0.12134817826048305,0.30995711663280856,-0.2440879497875914,0.6519665005830788,-0.05330558826890375
2024-03-05,-0.5327625140314984,-0.18963060000863527,-0.1015847216578658,-1.5106270858949444,0.0,-0.5908419497784534,-0.8390541571319687,0.08906549739655656,-1.0351363172474204,-0.6620511585009592,-0.0955351283229211,-1.243278245177426,0.2762794369161936,0.6315211422295519,-0.23072468696704873,0.6011094293911667,-1.4632989857636836,-0.38928119661463256,0.3803025209912603,-0.14833585710313235,-1.498666830120443,-1.104040481484314,0.0,0.18183471224657577,-0.08192081082446512,-0.7438779388608374,5.8652386739819535,-0.22688928966200228
2024-03-06,0.10906869043335599,-0.25421366450338506,-0.6804695464191083,1.856598314267821,0.0,0.5705525451264792,-0.8722197993894509,-1.3937451437451398,0.4283785695200104,-0.044033465433734875,-1.3462313583232577,-1.7234003544582266,0.48709847288046504,-0.13329656186799044,1.0778281762249042,-0.8063304549757011,3.2299741602067167,0.30760034376870654,-0.40700876804015684,0.47116065654542183,0.16108083755572156,-3.05132317562149,0.0,-0.13409110962453452,-0.16369276981431646,0.10905995583941526,0.0951501214297712,1.6132776230269208
2024-03-07,0.2267019016498284,0.29488086812927694,-0.5899705014749235,-0.4703832752613324,0.0,0.11693860228237929,0.6236493335894933,0.19444444444443043,-0.5564673752777638,0.10901757917263777,0.22920626253110088,0.0,2.110682110682105,1.3519770349106341,0.7444280012556481,-0.1266891891891886,0.34041528701687085,0.07865345288657899,-0.5168369578181564,0.023759793160449405,0.02173575531749794,0.26230063036765117,0.0,-0.04227819049344994,-0.007701055693393188,-0.8825093035619291,-1.4033636538793082,0.31990859754356116
2024-03-11,-0.5660377358490565,0.03333169585100585,-1.098901098901095,-1.20024923203213,0.0,-0.0046669412947564215,-0.5603014604248835,-2.596458773784349,-0.21236416922029155,-0.4173187271778733,-0.5302611588715589,-3.4852374839537847,0.8126984126984205,0.0911830587403073,0.25330197213677685,-0.34612906383096886,-1.245085190039319,0.20116676725006055,-0.023700206141885616,0.13579368283506885,-0.3237408392753105,1.1551155115511635,0.0,-0.0790164428035034,0.015940655013613192,-0.13607578374418283,2.333861445574592,-0.27895206050672083
2024-03-12,-0.6961083104917665,0.18339650323999646,-0.7137030995105986,0.037649943087292304,0.0,-0.4454850358367235,-0.10156075004152942,-1.1314878892733582,-0.8018531596221382,0.4606277066040332,-0.5951900693118961,-0.03864690313731822,0.3194478276065116,1.133258992581887,-0.004270602063904949,-0.3361634271430547,1.042797380684346,0.0,0.023904382470107954,0.2537611020482222,0.029276230919039747,0.0,0.0,0.12317860898303223,1.0914211946954522,-1.2345440075338332,1.8890675241157728,0.6655574043261225
2024-03-13,-0.9606275132412856,-4.121773991480849,-3.161717581713308,-0.45377702642585005,0.0,-0.6269030986924551,0.3571118759546382,-2.138492871690423,0.27666769136180935,-0.3203304734511729,0.016638935108148623,-1.9410946196660506,-1.941165305837017,0.29751763387137475,-1.3990490124359822,-0.8536812668649196,-0.4613865106303072,-0.918119782941329,0.007949757532377255,-0.8295071931435527,-0.23232761291122062,-1.7385968500715943,0.0,-0.7152790149818233,-0.21774772315827917,-1.9969031982487118,-2.741342531657065,0.0752075438951616
2024-03-14,1.1267819619042219,2.917034979164046,-0.37012845634660785,0.2354642577864996,0.0,-0.10180186698496851,-0.4915971190122437,-0.10095183155465204,0.46970615143480665,0.5867807876302219,0.5435705792423917,0.5188692768758404,0.46253949210746104,0.6726351718150281,-1.1448598130841092,1.074157303370793,-0.09579854933625676,0.15644825828745046,-0.01981725418527258,1.0590756045301575,1.7799202744043674,0.864010482781219,0.0,0.25340895378302974,0.3590699056024188,2.0208604954367715,1.430622246423452,0.09087756920178232
2024-03-15,-1.696542893725983,-0.47050992821977927,0.6143937647197598,-1.2289325842696597,0.0,-0.19781058153437725,-1.5999079189686904,-0.2799748085537068,0.5581535676572713,-0.63828051454633,-1.7924528301886844,-1.1204202727143675,-0.552545802423493,-1.0990609707978105,-0.5476972900890553,1.3225734140327239,0.12228260869564522,-0.5428329092451278,-0.46467866341889374,0.1932075471698047,0.09392271243600647,-0.37560581583199193,0.0,-0.13575477478640816,0.5970338815353434,-0.1576872115390112,-2.1406863489173347,-0.033303171153697964
2024-03-18,2.210121716848179,-0.23675549073762792,0.19144862795148487,-0.6177135896989872,0.0,-0.17992083483266974,-0.06358076279833758,0.09968669894615534,-0.029673590504453173,-0.07540129167649678,-0.06988292998292289,-0.12034327166642322,0.06389516803513295,-0.43823222307145154,0.4342873166410281,-0.34942011255496563,-0.32998962988565195,-0.28261694858058295,1.2444801284624551,-0.00971523272175201,-0.7858063723985675,-0.2059242832250785,0.0,0.2107269441338433,0.5028937654995902,-0.5057606982774687,-0.7905381734603589,-0.006867613203992429
2024-03-19,-0.23849858045896233,-0.28395061728394566,0.14374570728244995,-0.7110252808988915,0.0,-0.22742387802732744,-0.31160613402516635,-0.2264474142954498,0.20847428824378178,-0.37712681985616614,-0.07060356906200549,-0.2643846100326974,0.0,-1.232820419158942,-0.1352484258530462,0.10584824478058937,0.30405159244505375,0.556997493172684,-0.06674256998153716,-1.1754262450641262,-0.5206209816528085,0.08006405124099114,0.0,0.10130845616835489,-1.4560552014502015,-0.16741372792570264,1.0969011313330057,0.09526558891455039
2024-03-20,-0.5853357979051288,1.0584696747040656,-1.2818507326691764,-0.01785395465095929,0.0,0.07587812998191741,-0.6094736471483952,0.36680092059837577,-0.3423356541396638,0.0059453765500983025,-0.19894103682140396,-0.1602117581498974,0.4787937332800511,-4.298738721715711,-0.3528521751170438,0.2959034078242273,0.05407597674733644,-0.4420893502636784,-0.06062034701683391,-0.05674116571573462,-0.13809049744694102,-1.2255809171293541,0.0,-0.5369554598450454,0.662721893491125,-0.5124637788772923,0.16414650537635023,0.32900372896702557
2024-03-21,0.8565310492505418,0.0,0.6024096385542244,-0.1505765254798508,0.0,0.4536458629008718,0.28824971129677857,-0.7254542893365246,-0.029429075927023263,0.322782287432527,-0.8307372793354029,0.26975991367683694,0.14472371401608544,-0.7206523800493025,0.10162109847566825,0.41947914481463844,-0.603591268395017,0.08728816951168265,0.11681692985236136,0.22699248356778112,-0.07741935483871476,-0.17583316295236573,0.0,0.2118387604406191,-0.08184980560671518,0.5920287556824277,0.12626262626265206,0.22484541877458852
2024-03-22,-0.29239766081871066,0.011877895236955816,0.30575978799769477,0.08056911003522238,0.0,-0.15261693150193656,0.11062730980209157,0.34070082474914054,0.27521806388327574,-0.008871540099375519,-0.24425166343804428,2.362574669440898,0.049419545480006155,0.0,-0.4255890263118012,1.0671007415445688,0.09879466368964973,0.025210084033600033,-0.19086540550382614,1.0530446726404463,1.3113226386207932,0.09756097560975618,0.0,-0.22378632796863362,-0.04934831199745471,-0.09249666970872483,3.083573487031699,0.0310472847673345
2024-03-26,-0.09704706563381145,-0.8917485043458573,-0.20149485035917403,0.25892857142857384,0.0,0.06294964028776828,0.260592992122477,-0.9393982200875839,0.15332943925233655,-0.1016880865112979,0.041855014230707255,0.02615233736515954,-0.01249843769529635,-1.5478214189854178,-0.23578392921009828,-0.40886309680822075,0.9291443850267367,-0.6850488097276952,-0.16919526396604323,-0.472571684015588,0.09016229212583937,1.9078735075831021,0.0,-0.8633268482490353,-0.22842366763782632,0.227262288337704,-1.4031275098029816,-0.450958286358516
2024-03-27,0.08742714714806699,1.4947016174009953,0.22793707801690988,-0.3198395863198071,0.0,0.19595617707313107,-0.2517450509211483,-0.30055858208464975,0.0006188903720098319,-0.3040458273870857,0.3140650199473738,0.10979784279532279,0.0,0.501134861445085,0.20522120937334076,-0.01864064704281132,-0.5559865528833696,0.22299202576779864,0.030619028565592732,-0.4886048973488377,-0.2852923407397512,0.5604870792387806,0.0,-0.21427493586841928,-0.40010513711631335,-1.1163032191069622,0.9944101552330054,0.031086618623699103
2024-03-28,0.5263157894736858,0.771868002408338,-0.18552875695733162,-0.21017428728286602,0.0,0.851438215189578,-0.9180068407651343,0.8724641793162125,0.014657474228968459,1.0056064785974872,0.14501407489551088,-0.2828054298642524,0.9344660194174903,-0.2527074047372846,0.10257573051482005,-0.11979719789915189,0.7852424280194503,-0.33597282254255917,-0.3928130157343168,-0.2616584848105674,0.32993279772921547,0.5417740979141236,0.0,0.23700948037921332,1.181934414772745,-0.2183887012477903,-1.659132007233266,-0.2666666666666706
2024-04-01,0.4457602481306,-0.9491030454734983,1.2450586698168786,-0.521405799307012,0.0,-0.2899824253075556,-0.05762020734382811,-0.10739642707707775,-0.00232385406457869,0.5836761189092821,-0.09818941660963605,-0.036859465440923035,0.2347969006809114,0.767538938013379,0.03160426015691812,-0.06628662335940172,0.04472368919538061,0.1487146802634287,0.4910514995333015,-0.022499011277893333,0.03924778104477481,-0.10787902138317262,0.0,-0.4181653361405857,-0.005746631037562011,-0.015554257314454034,1.6672674837779455,-0.5689404266104037
2024-04-02,0.028851702250420885,-0.5002030735491325,1.6116504854368774,-0.005480196650716381,0.0,0.25085185640846275,1.0508474576271132,0.0,0.08116676944669443,-0.1194845096867847,-0.8195096186362549,0.16252142065591446,0.5288119959485416,0.06813391285232506,-0.019051247856738396,0.05208333333333037,0.4571693165842272,3.7780020181634733,2.043993772206476,0.03541532517707946,0.02691608909226595,-0.0637344344578128,0.0,-0.27146910121228496,-0.41226775119084236,-0.1621073961499464,-1.5045223913523031,-0.915299781671608
2024-04-03,3.342618384401108,0.5676171049570522,-0.7894210569880322,0.28589296881980086,0.0,0.20772915087897692,-0.36133694670280603,1.490514905149043,2.00585651537335,-0.003425086281788614,-0.13877959389769767,0.1754368971141229,0.14802594740264685,1.9062055027329938,-0.4721658246376159,0.3084995702894222,1.0521164668461092,0.1295845440980159,3.2082254261528442,-0.34736392948973016,-0.09264585328582209,0.2207375318830307,0.0,-0.07206112157470135,0.0335809357154937,0.15249972759763253,-0.2502408165993175,0.15238642898218746
2024-04-04,0.0,-0.07189872709240097,-0.5831468790190419,-0.08289811821271531,0.0,0.19690324890360156,0.3052226995251983,-0.5433342168036037,2.0830177027583385,2.80148124295605,-0.19099543772729635,-0.28624772919275676,-0.011761938367449432,0.8685057115249362,-0.028117145518985476,-0.390901266870608,0.08788934304828078,-1.8366379650841314,0.0,-0.08690721526917744,-0.2083483416566445,0.19731810612002945,0.0,-1.7180094786729883,-0.03898092718920276,0.5187087676889801,-2.165421195652173,0.1404562974913833
2024-04-05,0.3780371176315578,0.3171319762185265,2.172732210755024,-0.02479543763949099,0.0,-0.20526550647032016,0.1677664690750369,-1.1963573596809662,-0.2900552486187924,0.32686804708105255,-0.8674356028796015,0.6543434986102215,1.0762751520823732,-1.5442080809001113,0.033161938086512244,-0.4404709986916666,-0.9618935779481419,-0.15730687017427303,-0.3732032664523599,0.41358357097386333,-0.26963262554768885,0.08508750353941608,0.0,0.6321339764522538,1.131265847474161,-0.21716598390997266,-1.273748775168837,0.1996634245129636
2024-04-08,-0.5407793715543452,0.30712293479679964,0.3244535519125735,-2.2079350308772394,0.0,-0.09788322490987267,0.37162345317158785,-0.33743070619425275,-0.2571041948579156,0.6121313299944253,0.09466437177279019,-0.2973325254226111,-0.1894990656349349,-1.1921264208483384,0.02799160251925059,0.4088667741532326,0.13365735115431487,-0.3812972346599053,0.5524267317143172,0.11494892509476551,-0.09728659956628471,3.634687055749808,0.0,-0.3262262612140243,-0.1733626857457371,2.790811339198429,0.04345904130648911,-0.18133125034871522
2024-04-09,0.2015371118409104,-0.16597510373443924,2.7547743789082313,-0.6271777003484358,0.0,-0.21922692452668313,-0.15533118828359171,-0.7706535141800197,-0.714474728764225,0.3499918051399209,-0.42761148442272967,1.837923086255011,-0.2172600876551023,1.0709504685408433,0.24769815749163815,-0.8867843306069711,-0.35552877372703184,-0.37671059581226296,-0.19949549536265043,-0.044916423369378844,0.256185817631982,-0.293257126354729,0.0,-0.4966063810437016,-0.23050242556888478,-0.23228253140554767,-0.08357032879527937,0.23527434669354808
2024-04-10,-0.7323359764251858,-0.42525335473395653,2.1860465116279038,-0.1954426398386777,0.0,-0.017897091722596237,0.2657606056116831,0.17971758664954152,-0.03977197401563437,0.17768443401973144,-0.05995717344754459,-2.4195999756824182,-0.15038173301944088,-0.1853839398965884,0.23441009348361685,0.025661862195791585,2.7669407598583495,-0.9923685531923687,0.6227570192104848,0.024432731201246005,0.3772097889744863,-0.2311732619845963,0.0,-0.2935174526548068,0.119412975776656,-0.6102738876087255,1.5423612123070751,0.8246503593915433
2024-04-12,-0.040162218733647004,-0.8495404101809675,-0.13096623981374567,-1.4867599190639624,0.0,0.09840758633030688,0.10853899965530915,0.08510131132168919,-0.1186888903195793,0.25135741894851127,-0.06697204645016996,-0.2685150493318411,0.0386611953617888,-0.5851170234046688,-0.31350866485394163,-0.05226501844401987,0.6075285718626922,-0.07401799277562682,0.4432579554744742,-0.3835278057659042,0.2405773857257376,-0.5727288512796691,5.96026490066226,0.026649295274183693,0.3429744254503264,0.24017020857463045,0.09061879692757735,0.14542996874181702
2024-04-15,0.537712559953818,3.769819270429098,-0.1546326356335892,-0.4791623158570846,0.0,0.7602821287899575,0.3606446523160223,1.8110428250902366,-0.15000681849173247,0.39016207996382946,1.557413110426742,-0.04640063635157343,-0.0009105005471946962,1.6955515113375674,-0.6420470522073396,0.053408299573298734,0.11834319526626835,0.6160588770363074,0.549435042676022,-0.6819837118453242,-0.9671114705485873,-0.12770378551352954,-0.05564486212440434,-1.3077487166951896,1.032133739554153,0.17110837428326123,1.0195414806417058,0.3117442239252921
2024-04-16,-0.08305647840531893,-0.26813147806653004,0.24654492961087385,-0.27703306523680915,0.0,0.15635059321255085,-0.5844021361473051,-1.429772918418848,-0.28797389765251036,-0.19364605077806796,-0.05612934173279682,0.23219356214195797,1.0477321317128196,-0.7936507936507908,0.21437759039588666,0.40715921621850004,-0.659099231050897,0.3980876884139691,-0.14738877153751181,-1.0635085718119885,-1.094348741671547,-0.07181784883196023,3.6624688203443556,0.36534464694288893,0.4369752875160948,0.7263577668059185,-1.0425900130851318,0.2926895428594589
2024-04-18,2.692200943658052,-1.2931034482758674,1.4006791171477184,-0.5022665242672308,0.0,-1.374217070206607,-0.6385839121667125,-1.4777354525154385,0.7122091486917836,0.683609457937906,-0.4402133301731522,0.3431782438701736,0.7008272058823595,-0.8997440594740466,-0.3729559146982919,0.6640638488898065,-1.308574277168495,0.3554569347179848,0.3677568605271908,-0.4887218045112829,-0.21306604306255972,-1.186627769455173,6.37640297131703,1.5736342042755425,0.13522966816144621,-0.0827827070430794,-0.1049758555532243,-0.6194777180766442
2024-04-19,-1.93103448275862,-0.40304523063143805,0.692090395480216,0.17499605061330192,0.0,-1.3129531648050197,0.3474382095825457,-0.4923362559706823,0.13002459537482247,0.9332787556283417,-0.026777310932446508,0.20578169319027673,0.16230002318571302,0.49089068825911575,-0.4215138040490285,0.2247752087845297,0.13747257936058688,0.4055116481151977,0.3721186447511922,-0.17545066740058957,0.4147044090965224,0.2962109117027582,0.3501086704387942,0.1827511075522518,-0.2758290446008671,-0.1446340757882525,1.4811873327768343,0.2015538322136523
2024-04-22,0.4928806133625452,-1.8351612552937269,-0.27878449958181895,0.3356890459363937,0.0,-0.3055391287206777,-0.8389261744966459,0.5588944452260824,-0.32777929527453287,0.20341414561853566,0.0775497530295229,-0.5153508453766775,0.03184096908577794,-0.10912210586912496,0.1915433606282546,0.016545334215756213,0.3815036505952829,0.20857667278491032,1.3069026070511969,0.20754142219482352,0.1940719830628046,0.42668236543770277,-0.9789174537508272,0.056477022769163554,0.12332157398025623,1.5240214814456365,-0.28620017420880606,-0.4568597770744476
2024-04-23,0.9612743751716613,-0.45281370083981587,-0.028901734104047616,0.20438837229155848,0.0,-0.05719176807497117,-0.4026845637583931,-0.9652146662488259,-0.21302272282043289,-0.01935849854455829,0.7528670226735645,0.0921194956794269,1.4593087970827257,-0.29365608153647527,-0.09471939379588346,0.03936141367177903,-0.13119055428009174,-0.32859163131185865,1.2130831104216477,1.0854128626496262,0.04516868767590054,0.17804595421897496,0.13622412039319687,-0.1845263487285087,0.10694915254236825,-0.45210518972158,-0.16509433962262898,0.13777527193848949
2024-04-24,-0.7220672913244741,0.4989914003609819,-0.056617126680813534,0.1779513111142772,0.0,-0.03439859280888191,0.04490377800018264,0.0559006211180213,0.3125228895589416,-0.40667441202917876,0.0454523082834668,-0.22555393392597045,0.05867914573051506,-0.08982932428386325,-0.32825322391558664,-0.012359920896498622,1.7235916608580037,0.1877551020408097,-0.9730967372638788,0.10427177934746457,-0.0591160413116798,0.27704183404870797,-1.5582974281248052,0.1233586634896533,0.05106977744329111,0.1195142939095506,1.0658759937588247,0.4534765468303781
2024-04-25,0.3557185200136037,-1.6072600043735008,-0.47367820832586727,0.00012324586934897575,0.0,-0.20684771930112866,2.1782618359635464,0.13580246913580396,-0.05469799984187396,-0.6351216598021736,0.047340995962674715,-0.7644467478621353,-1.0351736420302737,-0.3293084522502765,1.5094339622641506,2.979059660213368,0.0,-0.03372379882043234,1.8496017280950294,-0.1473148520155343,-0.09750661652039305,0.18669307128387214,0.45594374862667486,-0.2810651820104426,1.1074791432892805,-0.39759593157651096,2.634725919067993,-0.08441108196918234
2024-04-26,0.3006585418337204,2.161874334398295,0.1823034186373862,0.477708274729316,0.0,-0.443973624403704,1.1189258312020556,-0.3254437869822491,-0.2519244226731887,-0.429290844547181,0.008666819544189686,1.0699133001291328,0.09029140396077384,0.05273250239692384,0.0,0.026745119015769703,-0.24205676196716874,-0.47172672104215385,-0.9340032002066734,-0.6441290820866308,-0.2137597318194795,0.3304596311527315,-0.6886446282186154,-0.08611766570179036,0.5836767375348328,-0.0447108698059584,-0.7965563419612187,0.0
2024-04-29,-0.5339742140115178,0.2313840976020165,1.6504329004328966,0.08481764206955678,0.0,0.009920634920645988,0.6932229694774916,-1.6543343560127544,-0.08468350295454119,-0.016204829039057067,0.473906800506671,3.132482111442403,-0.33162256094784737,1.228851602090908,0.17468011703567488,-2.517040478275767,1.4428424954649466,-0.5660060029103279,-0.3260065873496143,-2.1065588183576622,-0.034762202168264755,-0.06844908878050893,-0.17029006073678854,0.10031641375855549,0.09008549528501202,-0.6289493999029339,1.25827054729033,-0.05500886253895221
2024-04-30,0.3129028541647427,0.25316173039983125,-0.37952532730417543,0.41283326586530333,0.0,0.4121283485428284,0.0778798496929356,-0.24591171769334785,-0.3042876901798164,-0.10339365261268219,1.1321075927817503,0.9851932937719576,-0.600907029478448,0.36024385738038234,-0.7065493315281723,-0.6853372076810194,0.2187407626367266,-0.20328576169931223,1.4949378625418008,0.0,0.31449837509172074,0.0193888630370731,0.46715496856797323,0.6580679126085842,-0.13075654323775887,-0.7009673349221979,-0.056593802092323266,-0.08867687979696726
2024-05-02,0.10845986984815426,-0.09715151752414108,2.076591154261065,0.6138976177927469,0.0,0.24608938420553894,0.24318892780016976,-0.03739249657235266,-0.22408963585434094,0.17248137985104162,-0.6878980891719677,0.09724141460667468,0.000569992041732359,0.02329916123020581,-0.6747754330167166,-0.363196302116936,0.07908504684268625,-0.02083420142505732,-0.3555386129731571,0.0,-0.05283922784274919,-0.38876889848812324,-0.2667431072327031,-0.22767226721230882,0.06060632427704049,-0.01670546715304977,2.8802983030211005,-0.8929702343255186
2024-05-03,-0.2434315714044788,0.21783641729662961,0.44169761699084376,-0.15595686591309832,0.0,-0.2359199617349983,1.3617282686597676,0.025108279455166027,-0.36111111111111205,-0.02682289098662749,-0.6535308049047284,3.3356776851200642,1.03185284881111,0.5687203791469253,-0.3490401396160525,-0.8199946964514482,0.6365490389963702,0.14727540500736325,-0.5662855945169853,-1.1905639513453803,-0.04983792822351729,-0.7472228881962639,-0.04597172738765032,-2.6857496245251244,-0.06226991902246922,-0.5963819362091838,1.1514356507797752,-0.271826031339939
2024-05-06,-0.48062837659991753,-2.2606924643584603,-0.5598451259540227,0.608965990195176,0.0,-0.6929705342071324,0.319170157590265,-0.5624890026654561,-0.5871363757672721,-1.0017660047930643,-0.5817932922655644,-0.9414668747340038,0.021838829438736163,0.40417614471975893,0.2421471278478693,-0.13182598969361248,1.6668701917206041,0.23103581055061717,-1.871208746015962,0.011079513978651256,0.6615385858579903,0.4954844308617923,-0.6701414743112477,0.38574247951677076,0.3046116201842697,-0.20085122662713006,-0.7723424642322951,1.3085099770000497
2024-05-07,0.0,0.4453597392611197,-4.496900962679662,0.6262214900314533,0.0,0.3502286214612127,1.2747035573122512,-0.8418043202033043,-1.670968618394253,-0.1256533435770646,0.5830699588238786,0.273208485586679,0.35366931918656697,-1.9791516548974264,-0.7236524713828296,-0.5252606255012005,0.5460122699386449,-0.7384772090654246,1.0750588640101477,-0.16502269061996477,0.29193136368667605,0.05749405233941296,-0.9175861292501808,-0.5101177316978844,-0.1832539707931143,-2.744300856686499,0.8790462536784283,0.0
2024-05-08,-0.47462565919573024,-0.17639403917575347,-0.8157261299812646,0.18401658888616557,0.0,0.1365986925553564,0.0,1.5551894563426538,-0.05402963386365034,-1.0418323524733708,-0.1628203180290333,0.9434128993928037,0.12763113552808902,-0.24412870465309044,-0.04189902924079947,6.439498454332071,-0.45020203222878585,-1.424281424281415,0.3063910895545363,-0.6204365754927554,-0.4537838592571952,-0.00121589165673619,0.03510758699748484,0.7960406666468023,-0.241097520640939,0.30362389813907154,0.03270348837209891,0.027440697603497988
2024-05-09,0.9783945311097275,0.572597137014319,-0.08075370121131131,-0.7105333039923223,0.0,-1.68590065228299,-0.23558235959291185,-0.3224749290664704,-0.7767784137367006,0.15089462730722425,-0.3240922160367421,-1.5086454015684592,-0.2311502476609828,-1.0330154647559986,-0.3243355780555318,0.6781576716586635,-0.12805425998329012,3.235001943592608,-0.11014591424868825,-0.4080897404349082,0.1200680471573512,-1.0276214142328322,0.034851982163686124,-0.15243587841505812,-1.2431676623871901,-1.4039408866995062,-1.23104778609614,-0.013780557259290838
2024-05-10,-1.7334777898158071,0.03444933165812255,0.8064897661966164,-0.5623721881390487,0.0,0.21450459652707643,-0.14435820424872348,-0.2565958286729453,0.9228187919462894,0.23230983472032896,0.177652748113033,-0.5969825556888797,-0.5562353988207813,1.0752079678569393,-0.159272761270172,-0.08577555396712677,0.22108231250023147,0.49947031763661887,0.2889187196604692,0.36934089784106394,0.16937191249117856,-0.33587544948038284,0.6562715583572021,-0.4880400072302282,0.03113567369814607,0.9122006841505215,-0.6683918653346554,-0.310120194991718
2024-05-13,0.3875298300118124,0.24134016357921229,0.37421853314388853,-0.01339094198045121,0.0,-0.15190280288741956,-0.14579848225079925,0.00653637492646908,-0.12697516930022523,-0.24449484200126012,-0.9375817288886146,-0.12235344185551611,-0.17424056028432222,0.028423625717688417,0.4285228463852042,0.22291016117236273,-0.8802520796420188,-0.7903780068728605,-0.8576209733649365,-0.17931542297872083,0.06489042329392847,-0.2744239747490357,0.1333496988342453,0.6632498956956981,0.13622537135094537,-0.2825292635117438,-1.1591853991966605,0.4146533258394369
2024-05-14,2.4930747922437657,-0.24791319944993026,-0.3619441571871884,-1.8286736020806216,0.0,-0.07063572149345054,-0.7707871663936827,-0.25542784163473664,-0.2582691292615569,-0.3924646781789609,-0.9194227219816942,0.5792522380200005,-0.18378257963911349,-0.6261988040166977,0.0448215355333903,-0.2194892519945757,-0.6076975016880426,0.5301267132143961,0.3520635805911887,0.10369614151967133,-0.04910213243545236,-0.11266322397303814,0.2542805122897174,-0.35331492532881814,-0.10907391055938742,0.13745029699083755,1.3663915619328115,-0.16407389402041117
2024-05-15,-0.5387931034482762,-1.11397627643115,-0.1705237515225333,-0.24196912807676885,0.7178401012756908,0.10319917440659854,0.5048099819030316,0.1039228357732569,-0.23800798136935364,-1.1501156740488905,-0.15826958586124817,1.9523784928464627,-0.044585246936657,-0.07855564422074024,-0.03877376199705518,0.16056205443047977,-0.5383419069266648,1.9915966386554684,-0.0684462696783017,0.3662312164917525,-0.027974998995243066,0.001731085027271521,-1.7745415318230928,-0.4798896253861651,-0.5771248688352548,-0.6107552510055236,1.792148984342612,0.12184317159049662
2024-05-16,-0.6340031226269305,0.13348918292128698,-0.6643700787401507,-0.15551337843556223,1.8731988472622474,0.13339800457115025,-0.45055290787154867,0.24601387057049395,-0.21011346126909025,-0.016191709844559643,0.6568436002130307,0.23095963153402232,-0.0348625936861191,-0.21767698385967982,0.15465031333832924,0.8016443987667099,1.208837015423092,0.30393888364070865,0.12049805864238206,0.057220716939602546,-0.4668049792531104,0.07756635858928718,0.523302451387625,0.6594002167891189,-0.12067628720500527,-0.0948289659280177,7.021624881537014,-0.08145287800169765
2024-05-17,1.7557861133280284,-0.3240789695862001,1.268316709764794,0.3572912339011136,-0.9208103130755041,0.2530014338947506,-0.17307692307692024,0.31876262480964684,0.7779938871908865,-0.1281332585889472,0.18958429834234902,-0.24616393454078844,-0.8269930532583514,-0.32871724246387735,-0.2829354553492536,0.050654778766268116,0.13409966930944725,0.30815423514538587,0.921113231133619,-0.3059716109969912,-0.010135328601873494,1.9518517063975116,0.6145829225940314,0.10790161191426284,0.08090206693195749,-0.6551724137931036,0.0897643671199655,1.0170907030154996
2024-05-18,0.0,0.0725839900456382,0.011698642957425065,0.24060399900440732,-3.314285714285725,0.030352084176454852,-0.4028004219813974,-0.44455898460149523,-0.8196721311475419,0.0,0.02632964718272124,-2.6670040485829993,-0.12203239405369493,0.5698960777740458,0.0,-0.40341558528877997,0.0,0.0,2.1049623773692794,-0.0822122571001449,-0.8900124671006981,0.0,-0.7010073735590372,-0.06112171681516565,-1.253958853670467,1.9205395103357281,-1.1879675482035612,0.0
2024-05-21,-1.182160128962917,-0.3362648732540108,1.8345487693710139,-0.012436055949405223,0.0,0.19523895485586973,0.8040792312218104,0.0,0.4469273743016755,-0.42662802865651717,0.0,-1.1244769874476979,2.7873022895697375,-0.21376368012989144,-0.06428646684357349,0.6734918152889735,-0.10788133053640792,-0.4665629860031051,-0.005290896502130327,0.24545943765428846,0.017371968591484155,0.12561992198040586,0.05729166666665897,-1.183860835950712,-1.086985268837104,0.331077462388607,-0.525556693903434,0.0
2024-05-22,0.16583747927030323,-0.1885017070986613,0.9498564170532298,-0.16474464579900872,0.32952069716775667,-0.03790407460522449,3.397541380311697,0.06538510494163985,0.02773684433887702,-0.5059985309720072,0.07156275158779479,1.1526446191963746,0.6282305257959031,0.13226188286059593,-1.2489006156552351,0.07077379347533164,-0.2265009317859279,-0.31867673280473463,-0.9741512345679104,0.029773396380683437,0.22496842779295978,0.4235626323633168,0.13611140194742521,-0.3515151515151471,-1.2059765208110917,-0.1320449732328921,-0.09356393535583374,-0.4771476845393363
2024-05-23,0.0,0.236844815158066,-1.8126548074757998,-0.3433123367279467,-0.4819953249202369,-0.030548350082762465,0.0,0.4264286645304242,-0.19369978444675473,0.09388856128790257,-0.017697548889461512,-0.4505238017695201,0.056180673574179885,-0.09134974743600366,1.3437307251740194,-0.3550896178559304,0.7455621301775128,-1.5107719582225232,-0.08116883116883189,0.007427074780752552,0.5945465728148802,0.2493963026008572,-1.8879323365050604,-0.36486445737721196,-0.23673990530403977,-0.17029928519152748,-0.5482381820239857,-0.011750536118215749
2024-05-24,-0.6967670011148286,0.19484384683122746,0.3803339244701276,-0.17474694042922678,0.38133399300441795,0.32982890125745623,0.14710865879019042,0.10414632558746195,-0.007544867215255231,-0.5235180412371143,0.7718621173581353,-0.42627609574816816,-0.3549150354914987,-0.022060482132374437,-0.08947973923046915,2.8449077147788993,-0.06918674130449443,0.3792719403668432,-0.38155756731662605,0.21857518615935323,0.0068136135999763425,-0.07588768622437403,-0.1560975609756099,-0.03325171548622663,0.2636432481016304,0.07456107480766638,-1.1001436596869807,-0.32288567362177
2024-05-27,-0.22942357327215834,-0.9094893710278384,-0.19633764614317983,-0.43471275243383567,0.4288591624899585,-0.22505727476627158,-0.5576271766574881,-1.7202293639151822,0.03275219648952998,1.4831353161629979,-0.04266211604095904,-0.033925138527646226,-0.09879253567508517,-0.021805881930103688,0.3335444374076513,1.118817735413069,0.5405745175686594,0.7538178672260698,-0.182255469504633,0.010968576902919969,0.1871622280600782,-0.5070014485755614,-0.21292039680619324,-0.9030303030303055,0.28358787786594286,2.031394275161591,-0.4871130842273974,0.21901007446343268
2024-05-28,-0.7084159818645519,0.4484820607175699,-0.2688766861043579,-0.22721414480148527,-0.5126084920243412,-0.31577875114597864,0.010727777760669946,-1.2534724574835732,-0.03134637850184715,-0.09418412997408421,0.29653477929338923,1.439220183486234,2.0184291355857864,-0.15316660336937016,0.04031558091761034,-0.007246895251139529,-0.7605647415004024,0.6988686821884915,-0.32624298577580424,0.2748080149249432,0.07397381952328012,-1.6222859483818075,0.9042657755061745,-0.05724599012151277,-0.08994180776037974,1.988698585132953,-2.8182904961147726,-0.35570587206251725
2024-05-29,0.02848191398461264,0.02320915886811492,0.010738153564582298,0.49125226234594255,0.7186704596496618,0.5569128348609231,0.6212744878097051,0.3812055733235324,-0.30640668523677084,-0.19773009701186672,-0.17110061650960073,-0.2208512923370154,0.021673168617253324,0.09522794575261469,-0.7747318235995171,-0.16001248138085566,-0.33542180874628347,1.0364334032200606,-0.1075544862394362,-0.032019959697704437,-0.3382649400348381,-1.110494169905607,0.016097185956021054,0.13409773239588807,-0.40958978750559316,-0.14747982996443643,2.3482769136931925,0.2139194139194167
2024-05-30,-0.5591417715823443,-1.4037122969837612,-0.5623135184760097,-0.2108622934715032,-0.9290172739149338,-1.0195758564437218,1.0858442124286438,0.8292407192482254,-0.4004753233124436,0.165891707293514,0.023353391030855875,-1.8469505178365875,-0.27845810425837225,-0.33021771981867065,-0.13742282588202018,0.1984508985766742,-0.145663956639569,-0.3065452805525004,-2.0043804340611926,-1.2521764902011734,-0.2982383132195787,0.5316074891074107,-0.12700571929057936,-1.1948844011575366,-1.0580021482277102,-0.39410555174778095,-1.9524669073405554,-0.0707334809564586
2024-05-31,0.07145523105313023,0.9667531642797655,0.8195761620419129,-1.5330705212439732,0.0,-0.16866961838498673,-2.3492560689115094,-0.5387439077945108,-0.09065315315315292,-0.11847174760830081,-0.5761458422908317,2.1187319117154324,1.7996419895153992,0.15738104447348134,-0.045728568258354696,0.08784585822957935,-1.936233380663488,-0.10891488503428359,-0.13519451110285408,0.02828409119737807,-0.26055026367874934,1.022353145035515,-1.1109053478776332,0.21146319909102207,0.3982444733420021,-0.07793839264479963,9.25746178112108,-0.9941832858499478
2024-06-03,0.24214663760132038,-1.279063215378723,0.8519456596822517,-0.8629616845012067,0.014425851125210443,-0.3082233367134535,-0.1891252955082856,-0.2732240437158473,-0.17514861534000392,-0.6750058030797645,0.21297281078064279,-0.9479279255540781,-0.3733311969602471,-1.2589537660082528,2.2517321016166214,-0.5192463155276328,0.4076533631402368,-0.09243258449544989,-0.8025894243154807,-0.2239307307606131,-1.2061288173626505,-0.18306772871010124,1.3555587488623955,-0.4101055004226417,-0.3763914471049845,0.4411333791035125,1.5026711996114717,-0.35437302117523606
2024-06-04,-0.1767825574543247,1.1701608971233624,2.6186775080712765,0.954549435151919,-1.5864034493405825,0.23391125308984684,0.44761312841907763,-0.3953685399604723,-0.48336650554449134,0.5329989026493065,-1.1277472292574475,-1.6829001210304728,-7.1034634899624916,0.6642274134534221,-3.074070880400115,-7.287384378211714,0.16709511568122615,-1.718577611813632,-0.3924409804049622,0.3255956485099132,0.9876721216927509,0.42056475838985197,-5.967519169405144,-0.0853636696662885,0.9234460564618407,-3.8976752225390987,1.6282659986601056,-0.08644330511505816
2024-06-05,-0.4983875696276896,1.5844030596714982,2.186759195318433,3.1287813310285184,1.1948841743651628,2.752784918594675,9.7153323666336,2.9927543134055767,1.4774044032445088,0.12524461839529266,0.8568904593639681,-2.44321107741603,1.203072649231074,0.29131204660992616,1.7915875627603772,-0.9718986512082917,-1.0321994287198155,-0.583574268459458,2.533315294595151,1.0315852652111879,1.8506655277955808,0.7526095491625454,0.8709897461496308,2.5646772540983687,4.0672821550524985,4.520069808027927,-0.24634533726620722,1.2621590976905184
2024-06-06,0.0,0.3686365574787298,-0.40243762216856105,0.0,0.9420289855072372,0.2427696854549355,0.7378463588868789,2.3257536478779484,1.053080973388365,0.2963075520437508,-0.1611779055584628,-0.3100431845864282,-0.34486594726889086,0.23627932453499367,0.3846202918277031,3.521033891599634,0.0,-0.12842288412940883,-0.016032835246582167,0.31705539358599655,-0.428976683041582,-0.5814181889609138,0.0,0.1599458644766516,0.5667435829260714,1.7626321974148151,4.801803723225984,0.27796276457134894
2024-06-07,0.12868191644058724,-2.4678837052062197,-0.4184100418409997,-0.1734123262261559,-0.42247570764680775,0.7958115183246184,2.517241379310353,4.221272898414319,2.9970451667370224,-0.31479538300105414,4.138346382173297,0.4621987454605403,-0.022021581149533898,1.3625209605136912,0.004240882103467847,-0.12982900569981082,0.10333058152808272,1.2831966214569945,2.6810331167802293,0.40434134922324727,1.8746240727126828,-0.1780133707820708,0.38786859199027024,-0.01813620288366735,1.6763457127519255,-0.1786617468665319,1.3153456998313606,-0.09739608696898161
2024-06-10,1.0189202791101064,-0.5663479213435629,0.22282162542510697,1.6082107645062127,2.996404314822221,0.07261410788381717,-0.1790140457174405,-0.8241192225808658,-0.2293577981651418,0.4105327085527318,0.727485575717024,-1.3815479616934523,-0.20629750271443648,0.9780690698260708,-0.1450596816976124,-0.21079577858114096,-0.5139264382476139,0.3648311020097994,2.027579936353985,0.1247873602739813,-0.03323363243602495,1.201793028827569,0.7577497129735988,0.15024941402728142,-0.62205112556043,0.5718608299678962,0.2701713899755154,-0.4566991425928313
2024-06-11,-0.030390403936260874,0.05830903790087216,-0.15329252428962029,0.15291555691749892,-1.2036274352464627,-0.33266129032257785,-0.10631319775964987,2.1428571428571352,-0.3797249389982771,0.41356492969395475,0.22848272138228376,-0.83289404322614,0.5808950086058529,0.7268028524303416,0.857955972210589,1.5880003773466322,-0.810693731047718,1.2872848833463661,-0.705963381736785,0.10559290415683709,-0.1066891456747876,-0.003924492759310727,0.2772100014835706,-0.48561151079136167,-0.21458226430937088,0.033272334054212926,0.2815580082884489,-0.2848674934537998
2024-06-12,-0.4833333333333356,0.0,0.1282200722694915,-0.0477622556384801,-0.11624903125808661,0.33388331691163176,-0.7831620166421804,0.6274305504449629,0.9073755071715928,-0.31584360208909423,0.19889803651195748,-0.37451547947867647,0.0,-0.3073764697270202,0.08189174658666347,0.39056493526463676,1.616795366795376,0.1783004552351919,-0.9078054298642502,-0.15836948288920905,-0.05313849219528155,0.274332061068705,0.028545247415640018,-0.01104939048941859,-0.7563944422463775,-0.225950820675197,4.087587403396253,-0.03481692102361711
2024-06-13,-0.42553191489360653,0.08873694643189989,0.035431675918262684,-0.9845958392885601,-1.5032844871146978,0.28884462151395063,-0.952380952380949,3.209333073559373,-0.5221698859010101,0.006814161779178374,0.059078847514038024,-0.03152927948767056,0.7632552844599516,1.686678101772432,-0.02095293969743839,0.1316729413945339,0.18549747048903775,0.09141115977908676,0.6581676391692826,-0.01847474327429192,-0.08358836189981493,-0.4273331989518181,0.18735087271858908,-0.1316190875228107,-0.17038391097779493,-0.9037876920548804,1.3686868686868747,-0.25114023439755107
2024-06-14,-1.1319546675507497,3.0303030303030276,0.10997834539386298,0.26868974237395093,6.2940584088620355,-0.09926543577526425,0.4812006008200753,-0.35172279033413023,-0.7244501940491643,-0.09695704057278709,0.2305053111553305,-0.5188628256404759,0.0925735445381548,-1.6208791208791262,-0.03814950567527786,5.006254004087984,-0.10309278350515427,-0.4347488549025669,0.5073012135990318,-0.25961778837223504,0.1981128907692753,0.26818386430894625,0.5787840903829222,2.58310147898666,0.08982602118003946,0.0,7.041902435376524,0.276677539608583
2024-06-18,0.07220216606498298,0.0,-0.16184971098265333,-0.0799223715912345,-0.497369390415231,0.11857707509881354,1.902061142619993,-0.9648834919593119,-0.0018504172074051972,-0.47222846863053114,-0.1647609360178437,0.6061153312273304,0.07196630889091948,-1.3365222284749567,-0.09272528028322347,0.19768093706664658,-0.13347051544709276,0.8177366835052879,0.74503607155883,0.06099056793746338,-0.28586624119132376,0.27826904084170545,0.1674132392199601,-0.6180122478790961,-0.0929323738264487,1.0985904115675016,0.5994954162696298,0.08441652990993087
2024-06-19,-0.028359140150879814,0.0797886537119985,-0.6613296206056329,-0.08258258258257989,-1.350543803035742,-1.2956186331717912,-0.2423654871546277,0.1191185229303171,0.03917471924785865,-0.10227255841505078,-0.5556463474423845,1.1356466876971671,-0.030521924916060428,0.30139610560017127,0.0,0.01832678610790654,0.06134885078065514,-1.0527204074041063,-0.47222908601708413,-0.0007985414602377597,0.5124621476822799,-0.17342197370111556,0.46552520615051884,-0.010889396460456169,0.01842056496553779,-0.12245222154378399,2.1270957795336276,0.5397405763036378
2024-06-20,1.8249159111882627,0.47002414832258976,5.431754874651795,-0.06189555125725166,-0.42589626779223994,0.5862168027014003,-0.3010864908997009,-0.6098360655737656,1.096605744125334,0.037655204105639196,0.021337658815467897,-0.41972717733472775,-0.2426874895246789,-0.6085964244959885,0.0,1.4766393323022209,0.4369856469858213,0.4619147704157796,-0.10695345145602293,0.14649841306606515,0.08622098216736207,0.03215253725894485,0.882481400352092,0.11683614320738833,-0.5131136603912012,0.13200546099597643,-1.0438615757332792,-0.1242516661018711
2024-06-21,-0.22259132699675352,-0.9541872404036533,1.0897651949219211,-0.3721795766457259,-0.6004730665949087,-0.11842494818907756,-0.06556101639218308,-0.891472868217047,0.06484243288809033,-0.22758703292897753,-0.6989012440353881,1.3684050478941723,-1.0356445415696858,0.5286721280243878,-0.051508282946460815,-0.18529349068747702,-1.9728666114333104,-0.3248819624950013,-0.28246569579141734,-0.23998955635586294,0.14283395552669997,-1.4666340747983342,-0.1769441741130695,0.0881809130991229,-0.19681663730751753,-0.05322886031802939,0.6025736119128489,-0.2536016073442282
2024-06-24,-0.8411787644142299,0.4595382201300069,-0.096531303697082,0.055196341271090965,-0.8530501466027685,-0.22904167430747857,-0.7564826695299176,0.3121951219512198,-0.03923679629098675,0.9997924035077654,-0.45207199665132647,-0.79723225030085,-0.5590321652517993,-0.9592212824268809,0.04905189002450405,0.1099307859589042,-0.3689224161665061,1.0553515639915911,-0.7277442080786067,-0.010441683199324814,-0.1475006640837051,0.10935856992639881,-0.04427359624115853,0.046661684575804996,-0.17915890957563851,-0.5235602094240899,0.16791311477463156,0.18384271386504003
2024-06-25,2.030079487619374,-0.53669814294936,-0.5092802172928956,0.15390644250952157,0.40119063025751966,-0.029871552325000383,0.24292059966686264,-2.4701297943139577,-0.3890709935525316,0.15284955236916087,-0.007614770887576228,-1.741293532338306,-0.09888491479065897,0.04059539918810362,1.2745575580451307,-0.963772460921658,0.0,1.4318967341468536,0.4424166891725201,0.14759315853709876,-0.3631010794896916,-0.3844407434084707,0.7127990353518854,-0.025123123137893444,-0.00852129293806847,0.0783828382838303,-0.5227081729023086,0.0
2024-06-26,0.434811862266445,-0.19313792319928247,1.639937296515126,0.750755217337018,2.506393861892575,-0.3199830826513724,-0.6610788284843147,0.026006111436194246,-0.19176928576435937,0.029073993312977997,-0.4879690392057823,0.7082647513591667,-0.2059732234809486,-1.5047815488468008,0.0669660442763842,-0.2459448380863205,0.06287151348880471,0.05278791978673055,0.0980644606254466,-0.26198350136605875,-0.12625541506028903,-0.35996818885772885,-1.9276613234689766,-0.07402130077624469,-0.06104856833597146,0.6824083073661447,0.7908221551362171,0.13938447814452193
2024-06-27,-1.4023612881769343,-0.7778540379775878,-0.6208955223880652,-0.04610773841542404,0.37672080245624295,0.04326797177126215,0.11379800853483779,0.34043071823294985,-0.1857625195965662,0.7193199157160546,0.3845825143150128,0.34066274388355744,-0.30283941466301645,-0.9469056476158255,0.0038595137012764624,-0.09747452370403309,1.6374526072861162,1.162916119027213,-2.4158529856296407,0.12690844049422223,0.7785342775440407,-0.011104689513319332,1.6412909792612007,-0.35932058323974725,-0.15263392122878416,-0.24151791425993663,-0.38523057514248116,-0.6153846153846176
2024-06-28,-0.15363113895492386,0.07121167902013337,1.2237762237762295,-0.014908039082700553,0.3302752293578015,-0.25832091405861846,0.18983238417835113,0.6800384596885145,0.14571466419392998,-0.1333926189417578,0.339558573853993,-0.37099005496820103,-0.3670686942842116,1.37411136027481,-0.16344956413448797,-0.44399527348600865,1.075559398983894,-0.7854773957060579,0.3177192547306973,0.23639844442599292,-0.3301469590010653,-0.9099088960195345,-1.6899563318777178,-0.06680770515532508,0.1013941640380341,0.059626859082177276,0.046189376443428465,-0.4377548496190209
2024-07-01,-0.029631002112059008,0.1361335254762397,-0.011321181931378543,0.1847290640393906,1.7645636934977116,0.044470797509632565,2.7496394134712334,-0.4498600585288115,-0.33625867870120674,0.6394733921800233,0.14712657673756624,-0.35628264236080565,0.31521232811487776,0.17387740941857688,0.5345687811831867,-0.35303494287966714,0.11278195488721998,0.49261083743843415,-1.195937241566919,0.2280462899931779,0.756119593178961,0.4468718967229224,-0.45897171002420856,0.041407867494824835,0.2791889331971664,0.024231654618156462,-0.5207628838090117,0.12456320520962683
2024-07-02,-0.08969506202949895,-0.7925698916186885,-0.885058972429531,0.14148718754911638,0.25542553593368433,-0.02917667789305763,0.3467887363018507,-0.09435233859009795,-0.09247863188089529,-0.05439198322022184,0.31096348233372595,-0.5949001635381534,-0.14750816563059432,-0.5134060897362958,0.010448607164542656,0.18094634940739596,-0.28510747667083725,0.2263437046045924,0.04130524576619887,0.31409368773007706,1.4649383101671187,0.057509037134417795,0.20457809005244298,0.0667710298671113,0.09676218831411454,0.05911490028669789,-0.1704303365999138,-0.8673341328053086
2024-07-03,-0.4545774794801061,-0.09342896346067331,0.46628140378139893,0.17301038062285112,1.345707656612527,0.41596906555970703,-0.3610108303249149,15.410273515677119,-0.3131396561858901,0.017269281111957174,-0.09763958951190717,-0.29131091495199213,0.42005093060775156,-0.00037833037502266187,0.6890848952590956,-0.19927536231884035,0.2777323966672185,0.12372461950442837,0.2349089185584019,0.24687167418232514,0.22123893805308104,0.17415360295878202,-0.11114418203352165,-0.23813389619526948,-0.5639648437499978,-0.10436138543758466,1.5868969472946137,-0.11996763663756349
2024-07-04,-0.8999500027776275,0.2228503602285603,-0.857365549493383,0.20925366193909056,-0.10719327198336348,0.6049960967993817,0.3690289286100268,0.5426829268292632,0.17289533182605066,0.32466718030496056,0.0,-0.4058165444402628,0.29031207171582585,0.09328464675719406,-0.009308202853730574,0.23091110923712707,0.03626124114327611,0.518835130163923,0.6958657388456801,1.648223061749854,0.3499589178661555,0.26662357598772335,-0.6870121979716703,-0.3253410613226815,0.12294074256209431,0.4918800749531549,0.3662150719728974,0.04389454335957943
2024-07-05,0.5549755481070395,0.4937569326438407,0.7300077425063556,-0.27150725312233837,0.26653045496023803,0.45853071579985416,-0.3904911968212632,-1.3591635916359146,0.22048482636392586,-1.0997121558786738,-0.18527481890798225,-1.28835308118177,-0.42699784934983426,-0.17846504122684959,-0.11103272965257704,-0.23078075827962508,-0.16305233980107303,-0.1580256875798436,2.0171026156941663,0.2734761120263718,-0.02442823526377369,0.6411290322580587,1.3843572294210738,-0.1908813263525322,3.672316384180796,0.15488647954364776,6.253112033195007,0.26614523925914124
2024-07-08,0.5151564448782731,0.19178677991059656,-0.8960176991150481,0.06354008508168141,-0.3723647164873667,0.6758080313418402,2.5616503859553275,-0.6199927905664204,-0.43982407037184146,-2.858217374952987,-0.21646211015678984,0.09506707510298362,-0.4792332268370614,0.13517544541513105,-0.08360559330746198,-0.29083423248972284,0.4003663527710699,-1.6018149319400488,-0.022212121939269025,-5.739680375982381e-05,0.34791554362016974,-0.7446213349580455,-0.7064690400332307,0.1896453631708761,-0.8220662363970344,0.0,-0.3505481891176461,-0.021584869006829877
2024-07-09,-0.42553191489361764,-0.333514633723192,0.20281600031262226,-1.7686351905268127,-0.40899557027898603,0.17550702028081844,-0.19998709760660205,-0.7406811986536699,-0.46816479400748623,0.0,0.42818245444415926,-0.3747504184472709,-0.484693728579505,-0.0091289825683738,-0.14731514207280694,0.2519344970307813,-1.0952605611751431,-1.1552055887598667,-0.4507291821890765,-0.26704833386529403,-0.20788141720895492,-0.4814110603179822,-0.35636790811808816,-0.6377925439649879,0.14619661707239162,0.2752625210611888,-0.6825066369002875,-0.3361203478741137
2024-07-10,-0.019861600560083792,-1.6688061617458172,-1.500564430904039,-0.40706605222733394,-1.9509345794392563,1.072951600609745,0.5227988192457067,-0.7695306750939213,-1.40863965656024,-0.5241006908599966,-0.2896722437606192,-0.4761932411388947,-0.4101525565479769,-0.9164121077478327,0.12939347350861738,-0.8579868082290202,-0.30715225976306604,0.6900138696255276,1.0639610950653022,-1.5509989484752795,0.12919120298040543,0.058709582719806974,-1.768413131408142,-0.6047615630643932,-0.2885593320561042,0.547278619808439,-4.2930118512464315,0.00837309131781483
2024-07-11,8.528806584362126,-0.2924660739354268,-1.6355678415111763,0.20482117535842725,-0.39910787651132873,0.14334862385321223,0.04573369920293224,0.18893164907756166,-0.05416580988116815,-0.03613885799272909,1.616957104557648,-0.7847788256826693,0.0,0.047011886051051555,0.1738824051669141,-0.38509002807618486,-0.7250013942334488,-0.5300353356890497,0.6554700833560023,0.17458131018712186,-0.09975213106824254,0.35731271298440337,-0.11306092111515453,0.07205380017079044,-0.3437894604499392,0.12858192505511568,-0.43333475643598796,0.14516716236496383
2024-07-12,0.0,-0.3287323569258982,-0.10179461890997832,-0.890365688674083,-0.34932463903120103,-0.17146123071061226,0.08256598976220109,-1.231029766169467,-2.567955197377414,0.9728542287776643,0.8899609082591686,2.772073921971252,0.14876208691956272,2.078006601273774,2.392510402219128,-0.6664628553959107,-1.1329722559964672,-0.2875732413098908,0.12406947890819531,2.356261485954314,0.8684743975178266,0.334298177667236,0.17539810754674257,0.0071984798350836305,-0.20260980727947464,-0.0010101380472230896,-1.9149808933698886,-0.0708597665848687
2024-07-15,2.603016669369007,0.3927636277076818,1.4663433783627777,1.0547858942065336,0.19411371168554514,-0.7315951681838961,-0.29021283036039236,1.7028351394823615,-0.15855252283137333,-0.038934745366769885,-0.09917463752080469,-0.3624916531527189,0.360527400082411,0.013093946685035126,-0.2188799183580059,0.05142886606299135,0.3806476526728053,-0.8934106407030629,0.9499169280812569,-0.8272056785810611,-0.20181929860482173,0.6734570568811549,0.5273966209278447,0.16477007818874734,-0.030012299056209057,0.9759435321233134,-1.2520998992048282,0.11305266589963503
2024-07-16,-0.11950490823730009,-0.2142857142857113,-0.9464007185262802,-0.27667650953472345,-0.07562662057044589,0.29779058597501074,-0.10304890750517104,0.32606998418953276,0.5192726456289098,0.47805642633227396,0.08354218880535225,-0.09793970023201186,0.1427988576091277,-0.12859476775329837,-0.09940357852882276,0.9566171094321341,0.10425205537871,0.6687970431187962,0.04959456443573984,0.9939401712142137,-0.16374983964418943,-0.3294231078257992,-0.38998649910701455,0.01010526769575637,0.4077102728519799,0.2258834118068931,-0.3242725343427899,-1.6847693599501667
2024-07-18,0.13664467151968487,-0.5965424884343817,0.334139877866102,-0.06269101167619695,-1.1716652652243364,0.43579314352120146,2.372773536895667,0.15915119363396624,0.11571530888111099,0.158040300276574,0.2032168482067498,0.1923060900324347,0.020535989321279757,-0.9920907054359329,-0.10679842066376362,-0.17597480781698094,1.130600048921826,-0.4777184399726464,-0.10818785345463322,0.1105542352992206,0.023134759976861652,-0.38702724578836833,-0.10769105759050879,0.22866050282231432,0.1754509149277772,-0.008847829990527023,2.5970756821607766,0.49916910129959025
2024-07-19,0.061403508771928905,-1.429451632778811,-1.6399162595952421,-0.3172085646312439,1.46400087403038,0.009561143512759607,-0.75628115559635,0.003590578995897135,-1.5755716675962206,-0.19435189592257318,-0.22324885193727995,-0.2314617653387474,-0.4374038223634913,-0.189637301084881,0.24250356056814137,-0.4721523312521403,-0.06884913428258921,0.36427861527562055,-0.3077182372488607,0.1637577838779769,-0.3990642631071961,0.5472357441604514,-0.1231674205152411,0.31155278220167393,-0.6543364883137004,0.1440061668270709,-1.8465521940583263,0.0055798700946629864
2024-07-22,-0.07899529292555811,0.2587365922820828,-0.04088876729684554,0.25593857474206505,1.645338208409508,0.25737534045685573,-0.5818893493615196,0.31921232309409797,-1.0697475395806566,1.8713634219216901,0.930034129692836,0.7804455690554157,1.1333795521850432,0.5555819364642112,0.7109374999999973,0.8758316017750345,1.3930885529157555,0.5403863427600741,1.3972691049297215,-0.16653050964618998,0.031090241249220885,0.8113482676076922,0.9425992619270129,0.08874776662223804,0.46292876314300013,0.7549287710528763,1.3850600266785307,0.263897165233673
2024-07-23,0.5937163066853574,0.19263953924181787,-0.504182158218088,-0.7230077120822576,1.151208876855947,-0.019246684915980028,0.7204040948861679,0.5455127108312086,-0.014208581983510271,-0.0914425055246526,0.1341719077567971,0.49951969260326745,-0.04294095152820865,-1.0354141656662708,-1.0561727429197254,0.6327912421692172,-0.388000865761462,-0.4475493941709541,-0.29296875,0.39855313615090315,0.5918519414236822,0.023838849378199356,1.1801431460389478,-0.443319442952117,-0.18004153568181858,-0.46231112593760154,0.11556664828996088,-0.24405471474885365
2024-07-24,3.015097690941393,-0.31843233312921493,0.04749784416812619,0.29735594310054125,0.3019193444037116,0.48410061699097895,-0.04207224830449219,0.49203867517344513,-0.4912167405250467,0.09647779032567379,-0.08204567771979976,-0.8165465801424465,0.6470165348670065,-0.2054622901528358,0.18662642947901986,0.0,1.8893960301454182,2.0892919427973444,-1.0470297029703035,-0.13561251720131118,0.08972599142223665,-0.10859168796978902,-0.2371990413418179,0.5669768719256507,0.2681220328467922,0.2010262413213837,0.9422516547917518,0.0660037084943832
2024-07-25,0.141801306290823,-0.018505120702583255,-0.2699717756779907,0.6393467878601067,-1.62937214859874,0.019584525404586772,-0.29854353240702514,-0.5420788724759484,-0.0562752975157621,0.3655357123295899,1.498468416259624,-0.35751246589520447,0.8682009389121448,0.23985710693128492,-0.9681822059199763,-0.08232537521372096,-0.4000865051903002,-0.22008253094910613,1.9192999030405389,-0.0018505986188160906,0.027651401887726634,-0.3405312287168005,-0.30438752880810327,0.9408889404477316,2.501268089440689,-0.6743467266085879,0.05230006594356684,-0.028433323855558967
2024-07-26,7.2398960861973505,0.21686746987952255,1.9214603098354655,-0.08184523809523503,-0.033329630041112335,1.1807703120607416,-0.043903662819877454,1.5376278534173338,0.2041562620290871,-0.5788150508251266,0.09703242500203046,0.6050656660412823,-0.2890666348639881,0.030651624914261138,-0.33027056781130826,2.9186338831320047,0.4717481183080796,-0.6459530234308286,0.1590424701642279,1.156519841640935,1.369008891780532,0.34341725553181934,-0.7429994846246402,0.08366927816232383,-0.5074489003926375,0.07295973317582582,1.2419700671544214,-1.0378986031498783
2024-07-29,2.678571428571419,-0.4817295264951227,0.01155268022181577,0.0,0.716727312823906,-0.1433724909814027,-0.13308407014903656,-0.9592002161577962,-0.23680589979310773,0.23850251363580766,-0.0002669041380853887,-1.6029013480408416,-0.8764241893076341,2.0524691358024816,0.06686946796415905,1.5388650869983422,-0.43756670224119887,-0.7007173639189235,0.141833912488476,0.05540787304857964,-0.26697992310977803,0.3429923122412637,-0.7240601895514232,0.08756698739835755,0.6343283582089576,-0.6284232110152055,-0.14124293785310327,0.9853595722643549
2024-07-30,0.08212531069685114,-0.7209642897375357,0.26469395500554604,-0.5934718100890191,-0.8572780700402849,0.9007352941176494,-0.05326362332600809,-0.05586866315307656,0.528896304178772,-0.4656080256740469,0.10136262650254912,0.22844887873560982,0.13686509935778948,-0.14768711354531117,-0.13217708949696316,0.0,0.7566272930161766,1.2288509803099035,0.0938460455622625,-0.03393087429277575,0.25389332554883737,-0.07870297497245549,-0.2057706971379858,-0.2873451977761565,-0.3961136023916345,0.02404101029938599,-0.17040919778251729,-0.27485247563882415
2024-07-31,-0.8000000000000007,0.28236041234223075,0.3978935049736565,0.023516500744680258,-0.08960573476701761,-0.09880535345369035,0.3301087123217916,-0.37071134802498795,-0.196147353146503,0.22566337250020663,1.984072776519924,0.0,0.16427798102756075,0.05267040813205318,1.8782207794609818e-05,0.08075913587726191,-0.09219088937093556,0.4461268081654701,0.010558908152435986,-0.0430319050839123,-0.1596035103442528,-0.44073665984573074,1.3631102919113403,-0.2835206744279284,-0.04498426777650814,0.8034482758620731,1.6010409456979513,0.559564727281614
2024-08-01,-0.457694185331986,-0.12888107791447778,-0.2697282260853029,1.0866959648421881,-0.5155325722230653,0.4520795660036159,0.37666203837743994,-0.19032361554209287,0.12559307842590073,-0.324223434547416,-0.28790059853021077,1.1668333571462686,0.4408039637971428,-0.8877098107239356,-0.5410932640279364,-0.5319845326507459,0.36432780730207837,0.20601844033907302,0.11615085722430085,0.08184365445309538,-0.48219882664952696,-0.32700003650324994,0.09178321678320334,-0.14662852678580807,-0.04171466565405235,-0.6428325885183828,-0.22726333622578032,-0.4132067061827338
2024-08-02,0.3240134255047905,0.6725663716814267,-0.5228758169934622,-0.13844010305301135,-0.6422018348623881,-0.1329977261158133,-4.301600879872902,-0.02426321930800353,0.38770423705343227,-0.33369954529347545,-0.4071598678650923,-0.7751196172248731,-0.9486166007905195,0.6772486772486763,-0.2683474687855292,-0.4754732583207799,-0.23560352857376898,0.3639110134578294,0.29552733079387217,-0.2373832351943661,-0.7941885994633191,-0.5624522919930874,-0.2987903024722238,0.21126760563381364,0.1424097962416863,0.2048482651748118,0.6675257187519934,0.2540862880835659
2024-08-05,-2.0365083385137317,0.23876657974910565,-1.8453427065026395,0.032599837000812926,-0.12224938875305957,-0.017581834000029994,-2.833507034914018,-2.8158134962432357,-0.09833423158574495,0.295621604346441,1.5837820715869588,-1.1774384287109974,0.31822526545554064,0.6750452774271443,-0.56956157004725,-1.7840848305591295,0.7063403781979893,-1.6146775967919358,-1.7033873629040075,-2.03785946014049,-3.4272339714118583,0.8838484309593367,2.0692131603752273,-1.634586006721661,-0.7554631648329257,1.0684286366991147,-4.223832641478442,-0.6860054880439059
2024-08-06,-1.7644860032565157,0.35387431360585087,-0.14555888722753152,-1.900117706406601,-1.3196939753263914,0.14247844967487655,-0.11042546281260224,-0.9078058518020016,-0.15778490526635325,-0.2388808312251467,-0.43274670446352137,-1.3176046602479785,-0.7059764627534623,0.32869048185076855,-0.41122760675858516,-1.0379711718398799,0.0,-0.023634979457942684,-0.10202363630182343,-0.3553722442687923,-0.12568883926956098,-0.7906951848560495,-1.1147511147511113,-0.9961774320876582,1.4827227257724562,-0.25034940675275896,-3.7583498211477053,-0.15175087919745422
2024-08-07,0.26903513629195075,-3.747534516765283,1.1425449394316611,0.5243040759928208,0.3104677467327899,-0.6098124364778634,0.14015280965145593,1.0035587188611972,0.051838162873080185,-1.098039215686275,-0.04057857091881445,0.08315717112583054,0.09165902841430373,-0.33591591266186605,-0.020848287722182352,-0.04851016056159341,-0.23430178069353547,1.4738774944348776,0.40309300506041756,-0.27635812296362694,0.18035660619941662,-0.05720745067426258,0.4960954729540057,-0.23854701505042022,-0.5506858312072094,-0.043825435705541205,-0.7171353745992093,0.5063841855966422
2024-08-08,-0.39057858441117754,0.147789869676207,-0.012259409096482266,-0.212464242157534,-1.8562030075188085,-0.31015037593984385,-0.17556541032623385,-0.35961077422084764,-0.4364416314014685,-0.711699105541963,-0.9939625975555866,2.2474185057703933,0.006080920740386686,-0.12845215157354373,0.042141276433038666,-0.5481647699951853,-0.09793755040903296,0.6187776548672419,0.2990674389466467,0.2701853597235182,-0.2436995889252891,0.6799695010394236,0.07821824605105387,0.43282812012752636,-0.8099545199039326,0.2929805996671364,-0.6540643658796474,0.15233523223158185
2024-08-09,0.5291023345504872,3.6855362587829843,0.17817838448307977,0.47095761381477086,0.4115226337448652,0.681233296927275,0.22771193360288655,0.2845359640938655,-0.5711537521157495,-0.023783098144936066,-0.7323232975125549,0.21173187045859798,0.20909793530017318,-0.19360769427395064,0.12049429322110727,-0.5042986906461655,-0.5254831054356424,-0.12334681011443305,-0.549057054189539,0.9707207917047489,0.07378398319994872,-0.11960720510185152,-0.08375226437833394,-0.23428522691760212,-0.1324648005660789,-0.26618468829026076,0.9151246983105432,-0.1479165759191048
2024-08-12,1.159031604564953,0.3615188138524572,-0.43525571273123065,0.15143866733973166,1.0883709925470386,-0.5560726887784917,-0.3383574284835489,-0.027507406274235313,0.07708090033129815,-1.3791984423170534,-0.03900692884756992,1.377171494633711,1.3886052685317507,-0.04319421197559459,0.5449294106297797,-1.469720038529665,-0.5163214961849572,1.2705374547479886,0.7367587415104904,0.0446755258967387,1.3481564874753715,0.8622112211221111,0.43316848492896964,0.0,-0.46607975142413105,0.6924698089853853,-0.18852403845247925,0.20438873457557794
2024-08-13,0.560897435897445,0.20390499074335322,-0.08552229688455482,-0.3213927051698984,-2.279340446168765,0.6103814507015692,-0.3494146919162999,-0.2865329512893977,-0.4470866943312779,-0.5371968093765167,0.5087644458712681,-0.221923689698215,1.3857493857493797,0.9442060085836923,-0.2164039811996532,-0.46297273074530354,-0.07197910297441767,-0.216843649781423,-0.027607089901005022,-0.015870130667117177,0.3933164104996001,0.07926574885273041,-0.4999365236753095,-0.08784089133662872,0.25520833333334547,-2.039184326269483,-0.49810366624525315,-0.3373992408236918
2024-08-14,0.27083333333333126,-0.1735184196476336,0.3168567807350975,-0.1022843504943749,-0.3053435114503733,0.502430072421095,-0.1234186979327423,-0.7582315719332045,-0.14793494947623054,-0.20784760983104297,0.07361310364219313,-0.36202152821354083,0.34968430172832576,0.900371051470028,0.034743333622877515,-0.49865015086548725,0.07678863224177546,0.5265478450365679,-0.04276989375223694,0.012377769525939719,0.6113416320885134,-0.7911791936705548,-0.7576093216959734,0.8881494753007368,-0.8485673877743349,0.28894013173633715,-1.3314037626628084,0.0
2024-08-16,2.6364957442391423,-0.03178970383606039,-0.8579482779752401,-1.3647426981919342,-0.3144258583825943,-0.009090082719742654,0.9186110600771569,-0.39801749628875505,0.06361941734712717,0.2628336755646776,-0.4377504080724015,-0.6347101174687175,-0.613207547169814,1.1298241909086126,0.1972813032341277,0.033068410572406615,0.7195477128661976,0.07251631617113397,0.5208458344334366,-0.23376544521692688,0.019028978415702724,0.0,-1.4622153209109756,1.1083123425692731,2.525226120144297,3.575597878656489,1.0397248404967696,0.7616016368751533
2024-08-19,0.12165450121655041,-0.5224764435189766,0.8515815085158085,4.376957883745214,-0.13344789153200698,0.09057971014492239,-0.5346279112640628,0.9041775968383847,0.130375749606923,-0.045805326034020766,1.359473382942178,-0.03264011936957578,-1.575769013021333,0.44080048610956046,0.09519276534983856,0.1955013416936787,-0.6961483594864482,-0.3912456852853796,0.19133737743388668,0.0,0.0,-0.27351915799314064,-0.8251766668129878,-0.33091121863920714,0.2091973186891971,2.06321748702627,0.10743611388228658,-0.5711885762284763
2024-08-20,-0.9149308935176292,0.24258760107815913,-0.05858230814294041,-0.42538210833896195,-0.671003378043622,0.14109347442679,0.4710759374411122,-0.10864110397997839,-0.2962753950338515,-0.02416626389561971,0.5636352901569275,1.9193248332501245,0.4379284082254298,0.044919145538036,0.8331186120415834,-0.21869028246214542,-0.08153153842393457,-0.5529920164066504,0.5156510459571328,0.18457959079469788,0.0012571260886773405,-0.23924850493457495,0.022011886418660254,0.5333658061373425,-1.2582278481012565,0.41723002029943057,-0.08491585610621577,0.7095170256152361
2024-08-21,-0.3670079196446019,0.35870760995786455,-0.1971243042671489,1.9652989063399406,1.1833848730833596,-0.51273138089859,0.9478379382976021,1.5451577801958605,2.0089912896881224,0.2073824989416162,0.0,-0.041058394160586875,-0.009824864117935483,-0.5550049554013947,-0.13129285327487805,1.2347628371123465,-0.13179760472179503,-0.6251590157380194,0.08046033550817382,-0.10087525189276803,0.12832852101378744,2.9038036912052645,-0.07929369391202479,-0.08738712496360046,0.002536783358708661,0.9814283557300296,-0.06581079874016608,0.5387845919297418
2024-08-22,1.4694940476190466,0.47726368818772347,-0.14789533560863877,2.365728900255748,0.34288513348028626,-0.559741509374656,-0.16051364365970988,0.23604068293777702,4.891304347826098,0.42016806722688926,-0.07383602882454765,-0.05542981200056252,0.24162724692525783,-0.27411167512690904,-0.09595682792448712,1.4475234021449568,-0.22370557156790594,-0.06928624613631307,-0.18935601434231786,-0.1545711667381211,-0.008350797520517705,-0.4199849439359693,-0.5392980284678606,1.059573745847775,0.7799925714993217,-0.09515740579066345,-0.5819378280220611,0.1105399878406077
2024-08-23,-0.07378712414682909,-0.24228152118759838,0.17169544022954675,-0.07112375533429027,1.3019218846869185,-0.651324359531047,0.580684733212744,-0.09103641456582601,0.23566378633150808,-0.261572606214322,-0.3515180823994213,0.11905272788064192,2.1260792869742806,0.07477692728166489,0.14547321581379613,0.2596388784296207,-0.7050392972723141,-0.3542827619293587,-1.1136291639252338,0.08047929893588712,-0.008028830300693679,0.039564787339263496,0.7822512927034175,0.011904761904757422,0.34026277227230395,-0.2426993105892968,0.21262074758503502,0.23949326411433214
2024-08-26,-1.3464337700145546,-0.10497310064296883,0.24129610479144414,-0.3946165436853666,0.14371010727557976,0.3769615148592864,-0.5533353827236409,0.10654469456600757,4.213917525773203,0.3156565656565635,-0.34697092531715545,-0.20531224362332345,-1.0939921597228563,-0.3465770165480664,-0.07015790027525837,-0.12792789033099217,0.2540199542875543,-0.1428438353463568,-0.4807573166803025,-0.3626203780763393,0.22122762602709845,-0.220333648095683,-0.008669267446892448,0.11015620378795887,0.07871719987756487,-0.23598820058997605,-1.3402669811826473,-0.0035248894894627605
2024-08-27,0.43429979338011626,-0.05149541642830435,0.20206555904804802,-0.10611123085239038,-0.5420782512742917,0.08691873098651826,1.3594344752583032,0.28120272344765995,0.30326004548899554,-0.4078111520664951,0.08631520500133882,-0.619328820394649,-0.7624673410598193,-0.2146544113841168,0.27080570242364876,-0.23519466455002025,0.012169341608025963,0.15153783303304413,0.4518441984657229,-0.5146931968485813,0.0846381718154765,-0.3603718348027196,0.06343835906110762,0.6624694606276904,-0.07586460118721994,-0.05844535359439407,0.5315340126686996,-0.19121518636552315
2024-08-28,-0.6857581749611097,-0.14298713115817874,-0.18979569052138823,-1.5632554391619702,-2.7447048502318605,0.25147415886228597,0.19942396390565387,2.3911419061205086,0.44523597506678225,0.00013689451145992848,-0.5897219882055715,1.4761381550661534,0.9563193031173367,0.7361769910522545,-0.06385967899867895,-0.5072962986159002,0.40612875484166144,-0.4238606264315603,-0.05242789096692735,0.44898889021965926,2.0920941968040285,0.04051309426165717,-0.3276166626144883,0.14736510337060027,0.0,-0.051375363175559796,-0.8543417366946748,0.07222623479081758
2024-08-29,-0.2776749352091823,0.1578531965272134,-0.22558087074215916,-0.6951340615690249,0.5343063413576987,0.08755800717976658,-2.3134551992807895,0.0,0.7162390936319873,0.5900046948301263,-0.14734338861681945,0.0,-1.0931471614918142,-0.27068015532678347,0.1799724772888034,-0.7225157552995132,-0.010633671253057475,0.2300619387008651,1.7778518218816153,0.5666339680316379,-0.14716513477227577,0.019474196689395207,-0.07212558336867625,0.16600808997171423,-0.06574305140875092,-0.3914573769414065,0.9849228814049038,0.15637216575450363
2024-08-30,2.7146001467351244,0.07317722192655696,0.7720711648204093,-0.5651762656998238,-0.10388261264772103,-0.07839233340432017,-0.04867956675186358,-0.1840101522842752,-0.4370741740583606,2.8372591006424086,0.15575887559870308,1.2099605885967664,2.532342416735478,0.174417340475852,-0.046608116869384375,-0.30326004548900665,0.29151139250009894,0.3359191860064022,0.6077411900635488,0.13713502085594964,-0.005879834980365706,0.18122524159072673,1.3448807094974535,0.7687827606289943,-0.38388185241332584,1.5112464854732943,1.9720121895306142,-0.08398656215005129
2024-09-02,0.33361740931832085,-0.19743441374733828,0.17985611510791255,0.3356292762997426,-0.38764698281431587,0.059930047641554296,0.19927161880886057,-0.3676036204062705,0.09078472425341211,-0.46852818472623015,-0.17416922123493772,-0.26200366499983807,0.7970944674182615,-0.0106571425273011,0.10157870233207245,-1.6491183559558587,-0.21009596275054498,0.6231454005934722,0.33124221776424934,0.6880283074503613,-0.580102731849419,-0.003236975545721036,0.0,0.17158937518588768,-0.8799450953478116,-1.0092490256529474,0.0298886895489181,-0.08427754605429365
2024-09-03,-1.3078184153902939,-0.18555194427210542,-0.24326090047503968,-0.16526194017517648,-1.2667478684530997,0.32535251574403734,0.646408506010987,0.6216006216006154,0.7610939112487003,-0.37198116107436024,-0.32970155716067023,-0.28806859006901275,-0.48362514368164855,-0.7439212836265474,0.1874199835418311,-0.032520327574608876,-0.07987388572022747,0.34595775673706974,-0.04177605702475051,-0.6688313490411657,-0.1175924222508451,-0.06202251748712029,-0.06657646282806444,-0.052902620779710086,-0.2847769337019912,-0.06691340421489111,0.1160145855559791,0.06369515971839101
2024-09-04,-0.13002767980825336,-0.1595638566694868,-0.23874488403820004,1.0442389447472333,0.2404713237946332,1.0012836970475059,-0.2855927568815697,0.281422205237782,2.3913043478260843,0.643498876253934,0.8220304151253577,-0.6610492993808448,-2.0300888163857223,-0.22807084862221383,-0.19717730370532038,0.6012223204991729,-0.2040493856430181,2.6305513152756532,0.7017804725644727,0.10410804727067902,0.097028820181988,0.17015190864212806,0.1983515261904767,-0.022688084218169813,0.14677843355522802,1.8087623154553256,-0.08149502987815915,-0.0613166585033742
2024-09-05,-0.44028618602091063,1.3722126929674117,1.173152848279746,-0.8163064780314866,-0.3194132260735727,-0.2042634052283887,0.5285920230658325,0.16524723528663632,0.24515812699190676,-0.42559228259327897,0.33667894803710574,0.21301227135910317,0.5408816370684244,0.2937229839832578,0.15728417837150843,-1.239046887009998,0.7496473382197222,0.0,-0.18055827008709077,0.4383517640168866,-0.46188177902330985,0.8142690965490473,-0.3397836986698821,0.10585977989987505,0.13986033263697628,0.6077510275983578,0.12441126810627257,-0.04780517983182797
2024-09-06,0.46260510152856815,-0.2871340567135561,0.2838973427208735,-0.4900332225913684,1.1594787159195818,-0.691466497284482,-0.0479681947686994,-0.03211262210719157,0.19826517967782564,-0.3068640753531693,-1.6522124454010356,-1.3485383292605735,0.1077005923532548,-0.5925999701209994,-0.3843217854280989,-0.3912412443995761,-0.09678511113224153,-0.05545253933089689,0.2071276773017383,-0.15673800164855423,-0.17220516020170495,-1.3181818181818294,-0.3966058459684507,-0.13392759127932585,-0.05634216843858342,-0.2456912537996958,-0.2663170335137077,-0.12976369799804952
2024-09-09,-0.018099547511318814,-0.013092432573957868,0.09645939134975134,-0.10015022533801377,-0.05840439201028058,-0.2163961714523488,-0.40833483456433894,0.4666946096395175,0.31363693388533065,0.07770007770007692,1.8808985776950893,-0.15691342071257885,0.0,0.6659549590768199,0.44398867374424444,0.21545872512366837,0.2736789808473583,0.4222378606615118,-0.5652937019899329,-0.3385173206841119,-0.08065959745247042,0.998573466476449,-0.4872810764736076,-0.1767100612893202,1.3945251973732864,-0.16395171564213737,1.4103939904951623,0.3113857124640407
2024-09-10,0.49991073022672694,2.2277227722772297,0.3525531672921689,-0.48776522233964226,-0.5545286506469571,0.13656679357721968,-0.40387483520771816,0.1997937612786993,0.1694799273480152,-0.2292144196707646,0.8195637805684219,-0.5864010797226205,1.3855150697255958,-0.7573097948743723,0.6969825754356229,-0.34856576380672966,-0.9066851089618411,-0.06813890013491382,-0.028017090425180857,0.1141734221513202,0.3914058487768768,-0.08462104488595745,1.4728267577241105,-0.7195188466081082,0.14889529298751647,-0.1243133853714995,0.20730243270754198,0.16797312430010258
2024-09-11,0.3807006814607605,-0.09017132551847329,-0.9517257195275852,1.7362103797560646,0.14338206371202755,1.2062128222075197,0.07934086054317557,17.079731027857825,0.7194244604316502,-0.32512451577199064,0.22544924076652872,-1.4995190971736017,-0.7516706834014841,-0.010747561435919817,-0.04216740459624946,-0.0636819818240301,-0.0918693924006897,-0.39583659320053255,-0.2794883941260151,-0.13958384593183992,-0.23115961982853225,0.25546255275396373,0.0364121859449007,-0.38729847647045457,0.18361471870372847,-0.11367696117148829,-0.4170947495301114,0.1641941606386347
2024-09-12,0.1651417598280025,0.46125461254613587,0.8315154118635981,-0.3887195121951126,0.3938336896590622,0.016079755587727895,0.07999507722602495,-1.6594275531796376,0.15013642202342803,0.03157992814677435,0.0,1.9344262295082126,0.49009779330414505,-0.04238764860681569,0.7005817861168218,0.5730712591055398,1.5725359911406445,0.2079323621676843,-0.028557829604947127,0.3304893354678984,0.17449274690903016,0.7340946166394913,-0.20036064916850727,-0.04716536175832786,-0.11915590537025789,0.06318207926478969,0.4957834202745315,0.008154671379334566
2024-09-13,0.05009385354576845,0.06265516957836281,-0.7303308620117299,-1.0485228838205907,1.018275684887715,0.07165853668758548,-0.6096411287788261,-1.0024504343951857,-0.22821631166230297,0.25287898037458234,-0.28577260665442195,6.116000902730767,1.4476323362692778,-0.41925841483717585,-0.004153858934952126,0.09102608368123377,0.6871589248454102,-0.18934829758666671,-0.5146472034736393,0.15226599485063108,-0.018028691374549766,-0.04537243249996825,0.7285580321719776,-0.23592192542235546,-0.06165743997826508,0.312013487966271,-0.18101552586063385,-0.227826524436181
2024-09-16,-0.6490348618085784,-0.3624992371546047,-0.9749433534472884,-1.7264591747841895,-0.09650076911947118,-0.016034634811190607,-0.5771248688352548,-0.8135930927606894,0.3295233054287694,-0.1182526432943698,-1.268878008413199,0.1462078185193505,-0.29615840243696345,-0.29187279061183014,0.01223890339425715,-0.260869565217392,0.44876993782103636,0.2709190672153694,-1.2294203140263638,-0.038597265108064605,0.04484720321447644,0.5228302544440622,-0.7931213401526804,-0.438336689965646,1.408077793289375,-0.06015985332454843,-0.9297901067877756,-0.019185215586766297
2024-09-17,-0.4620123203285309,-0.12589888396280502,-0.24338975550391995,0.4164374950891725,0.06072486160796642,0.06818489095982705,0.0,-0.45098891545317654,0.0,-0.09269020051121772,0.6862981788901878,2.357462013998557,-1.5435139573070522,-0.057543390246173054,0.048729656775825525,0.1796870117859728,-0.6391818472355371,-0.7487099929176066,-0.9648296046430915,0.19305334446402997,0.2208072301530306,0.09719306430293617,2.2100272520252373,-0.15458891240754946,-0.5508183442676673,-0.3365841028739047,-0.36330281354641225,0.045805064678383633
2024-09-18,0.6909656244601825,-0.004922506536053639,-0.23437499999999778,0.5361305361305524,1.3195513525401381,0.19997468102310734,-0.4861805999928137,-1.6869985712715696,-0.3186211896295865,-0.18044277881880122,0.10975018005915382,0.2081569128098537,0.12805390757675283,-0.41544886591313723,0.582292840986065,-0.6508052524474395,0.206041017154616,0.25905927966967945,0.2538223888838398,-1.3017123383334717,-1.535224438902738,-0.1336425454974255,0.16671046102395004,0.7250290434403284,-0.009586808551420578,-0.9496175151675001,-0.2772216232866165,-0.08684430798786558
2024-09-19,-1.554585152838428,-0.3205442057499212,-0.20344767253288598,-0.10400785316245036,-0.17313985205137938,0.03230451778449828,-0.6087474359822709,-0.07924378785306718,-0.04814491972601753,-0.4498364231188767,0.23909175795931623,0.07813789707984038,-0.2602561883217669,0.15162402018875643,-0.14467049222216533,0.5070400326116609,1.6014273284699583,-0.07727975270478415,-0.6000623703217134,0.5392242129065972,-0.42415430072369475,-1.7155792065446152,-0.5851436458861251,0.12891344383056946,-0.033057070671305144,0.0,-0.8668233901993005,0.17806075648842956
2024-09-20,-0.4863644259162858,-1.0794628577939391,-0.32547294187375564,-0.059117985586606046,0.03840667178756085,0.2057760925950891,0.1889654964454109,-0.23161978274397477,0.17678196639098198,-0.46763607066219737,0.890661349285482,2.323600030981332,0.03646589897003394,0.03362875699438236,0.5272550292018119,0.16692773666400207,1.7846370400160794,0.09348725066598007,0.20512091399127463,0.10801096372026198,0.6778906435999377,0.3389039490590884,0.4514178608315711,-0.24399611413596922,-2.0539517274018038,0.15591728737259225,4.273662742189677,0.49918581991938993
2024-09-23,-0.2574665293511802,0.6152278654208199,-0.03707245064403786,-0.5267979844250981,2.2475466919911424,-0.14515928988765303,0.19163417696426155,-0.17675722105976455,-0.2610172766361024,0.6446963082425539,-1.2386787426744705,0.0,-0.5173340894993161,-0.20366598778004397,-0.2443714445957812,-0.28746981124225246,-0.18197078575605263,-0.3626684411911496,-0.25601086206545887,0.00014919861905567564,-0.09319651557225066,-0.1930346658087223,0.1852232969746792,0.25768087215063407,-0.2810862315388296,-0.22275172363722673,-1.1757925072046205,0.2937048396319586
2024-09-24,0.3137304212443959,0.28859297996545186,1.6450216450216493,-0.8069147880500116,-0.1386001386001312,0.2526693292036697,0.058935236723201,-1.4726027397260255,0.2837478869837984,-0.15231936537226654,-0.32169746748802464,-0.9386828160484528,0.7768774538468026,-0.09645649304497184,-0.08712273208738575,-0.00953652489034118,-1.4803259711253791,0.35691109669047094,0.6727966949952924,0.04275940706954806,-0.03849601837132566,-0.5859066036792426,-1.5409026798307357,-0.7234242079174669,-0.3171443122366724,-0.3550156969750473,1.0059171597633032,-0.38009945067818407
2024-09-25,-1.024483417259936,0.4458030039803884,-0.4030174640901163,-0.14766456827544072,0.16095924141814044,0.014873734924181203,-1.3114099320995942,0.4039549874852222,0.19150017226998717,-0.09535485628661133,-0.3807545863620643,-0.5115581368514199,0.05021029669345367,0.800795821934841,0.9811475990635143,-0.32730623788490565,0.7326752823852534,-0.6754331582210282,0.12829889430240327,0.13586789011953426,0.1783092736207359,1.576040952879998,3.20225531299696,-0.6273079147573024,-0.12738015396100977,0.06793678924827962,0.08405291249249935,-0.1468852459016401
2024-09-26,0.6072172102706386,-0.05411094976622843,3.6359880177667447,-0.28669268137294646,0.3045685279187804,0.16428876390369349,-0.28886201800348843,0.1018025031438885,0.2632838678793492,-0.1338461031854643,0.175561797752799,4.489150058977865,0.22416558042749335,1.4285714285714235,0.6714855630604033,-0.7771852237252741,-0.08059641345961044,0.09047954157033189,1.109507700314638,0.4805079572880455,0.13787955370635485,-1.37773136246786,0.8315281950946884,-0.05107688794006027,0.24248076474702174,0.3223880597015061,0.06363858819836699,-0.005369489946815964
2024-09-27,0.13934854554955578,-0.12114685691210214,-0.2726918582002247,0.02430133657351785,-0.0036459601097715844,0.9860976398318844,0.7764018840061504,0.9219313279356989,0.6193425440685907,-0.08873720136518548,-0.06351446718420029,-0.21129380977331635,-0.8782286335979439,-1.7854536609097527,-0.306424163997443,-0.251859603807425,0.09305054889961657,-1.616209132757629,0.3166575542190575,-0.19471271502187748,-0.41180993405742033,-1.3807189542483722,0.16864901801542653,-0.7967949148369402,0.8370998985333555,0.5316147426568829,-0.03533777018670525,-0.4661329400610925
2024-09-30,0.11955493755343438,-0.5485893416927956,-0.0082120120252549,-1.699048857816432,-4.189341821542247,0.28684172815913733,1.861755245191521,-0.814798329110461,-0.2357425558477455,1.345996173817987,-0.06034763108288543,-0.16893732568790676,-0.015663464421067363,0.3726961760351255,-0.6675408272738048,-0.19915115899444835,-0.25276190095603335,-0.23265361981662513,2.807576641680498,-1.0354253527349089,0.8528841299784817,1.8399902084778264,-0.06723889662056393,-0.47700821758724365,0.26611608167010914,-0.1053986808693036,0.7038545736691937,-0.3852430509109439
2024-10-01,-0.10440202206818035,-0.2972952983498034,0.5491667873887107,-0.2151308443228528,1.0688188461118964,-0.20768987049133805,1.1441759104472538,-0.3176470588235336,-0.055106045254812074,-0.47294678370842225,0.0071507728361897005,0.7814278127608043,-0.040693355603554915,-1.404330017554134,-0.012077780909058866,-0.32955276893443797,-0.38663315070195936,-0.4344431999456999,0.7837956847204008,0.3768154361831644,-0.7561635203612749,-0.4665763025769154,0.6526367221582285,-0.2684717760440547,-0.5512145033915283,-0.4276592257169143,-0.12392217624346835,0.08604000860401584
2024-10-03,-0.520646319569118,0.3883395228666764,0.1652089407191415,-0.07569386038688286,1.2476537484818362,-2.5636825292816967,1.043059641615418,-0.8153106599627646,-0.024058703235885215,0.13687380235423152,0.39970930232557933,0.3494489458930161,0.31924724859278,-0.22638175694329465,-1.5277549003459012,-1.1343341482651204,0.6783463305202408,-0.4062695934864441,0.08404682144307896,-0.41795927725598037,-0.06212051727554346,0.23939947250963822,-1.0515385594659254,0.4418468731735681,-0.5229294726957989,-0.16604965764460689,-1.3646155086429135,-0.9938858512672621
2024-10-04,0.25887573964498145,1.1385944248134994,0.05513117890649788,0.9291420632163927,-0.04271297413367403,0.2835782418148858,0.22950002855569215,-0.14968978065521554,2.131646755680494,0.20565580448350107,-0.7588030730494022,-0.6910121579749018,0.4673691366417376,0.3326400508415983,-0.26844067843804775,-0.6139755766621402,1.9001856503221504,0.026030403179311268,1.5389225401853501,0.022057516852791448,2.0935928159481643,0.7887672930001921,0.544260857642768,-0.06828031266056245,-0.891432969231909,0.10922886584014413,0.5198180636777128,-0.011954623755342878
2024-10-07,-3.4757834757834782,-1.664580725907383,-0.2574512327953249,-1.5228426395939243,-0.8854645814167506,-0.43607186464329484,-0.4387741325772909,0.5501076297536267,0.13236489324436884,-0.5047164290138592,-1.2117978812590358,-0.6245528716942061,0.0,-1.4318435851252032,-1.0779612103722025,-0.405275449924436,-1.1405665344653482,-3.0633365530564394,-1.8688195467845614,-0.16988303542603278,0.1526125193999084,0.3155034780974675,-0.10496597654553463,-0.8101634416682324,-1.0890117517531883,0.2569311663479956,-3.5965239338055954,-0.9067365192693522
2024-10-08,1.5536187949981128,0.03813882532417434,1.2816600549282908,4.569435750693018,3.664087391898052,0.044215522407753394,-0.07251872607530463,2.8159790438768706,5.093457943925239,0.08942082817444685,0.4628224582700957,-0.35450623728706665,1.6386447042758379,-0.01719296234742318,-0.3860748409705794,0.2512044046799833,1.5611653524709168,0.11429387813415293,0.06790018672551135,-0.30076557456332753,0.17084596792946716,0.30029193329673687,-0.10494280617063811,-0.05931507066873065,0.6461185029194905,2.8131920751780726,-1.271659324522767,0.3470968816816189
2024-10-09,-0.410855881746669,1.2199455935280823,-0.2941882710737975,0.4466166680711092,-0.9651318144245413,-0.38944180008654294,-0.12737145538648242,-0.5737563830397585,-0.686782256248597,0.601119325640842,0.8252682121689503,-0.6193724715666871,0.23901755542734548,2.965693223702859,0.8814377706526044,-0.6790433182806588,0.5280049694585287,-0.3722800205073984,0.08860759493669601,-0.03870183004367478,0.13467250301852918,0.20930520903271743,0.4824331410592686,0.17079812487452994,-0.26030455067728164,-0.1631648250987605,1.4636421948801548,0.3618404484212845
2024-10-10,-0.10393454430394448,0.5308239835927209,0.13104838709676603,-0.6163978721607677,-0.10202169559855867,0.3910663074650156,-0.468227424749168,-0.08622671878593113,-0.3567049381339893,-0.6952820148989014,0.606688369340036,-0.587121212121211,-0.34843205574912606,0.15708274894810081,0.19524617996604654,-0.9245451834178242,-1.096376735929827,-0.3249024039565085,0.1670874197844674,0.18173476583531745,0.6378928957250896,-0.08129227738260895,-0.16674665047875883,0.16626893500863993,-0.43043995243757793,-0.20943001075451884,2.0185976666281524,1.339125141797859
2024-10-11,0.14457645724825033,0.0,0.36054081121683623,-0.016883336147210937,-0.3843110658980575,-0.5606166783461708,-1.1864635297290094,0.8644782559687036,0.3575418994413493,0.3489779930204495,-0.14138898059694593,1.4996288047512962,1.091954022988495,-0.22797763720584507,-0.5219162388084952,-0.8598280343931175,-0.3232644409114971,-0.25762866284771424,-0.028497580347982183,-1.0353706464290457,-0.40872281413729117,0.03579944155277145,-0.006853107817383908,-0.10841022428871305,0.3721152909553993,0.825379000561477,0.006115600856152851,0.0
2024-10-14,1.393413657893483,0.8955927409851627,-0.07533612881341356,0.025516148931575833,1.010235143673921,-0.09630544759651934,-1.132205730065594,-1.9605646426170686,-0.07404580725328125,0.9935205183585261,-1.5177570093457882,0.2837103081496539,-0.47666833918715845,-0.004667200077818068,1.122673690573861,-0.09720266679225098,0.052994170641218474,-0.2743376742680548,0.3527574082769121,-0.549197846495153,0.8210391276459283,2.293689320388337,0.2999682672159665,0.29923735850519995,0.05012955991053336,-0.3494273274355919,0.36653197596928644,1.2846320919637666
2024-10-15,0.12210012210012167,-0.9404469992979947,0.09169223752820144,0.05058168942841945,-0.22873325345823536,0.5859038428399188,1.9934011547979136,0.1605412533685069,0.3889127647687174,0.07223480431980955,-0.34774720290292604,0.5628238100562788,0.13953870146925507,0.12027130871131719,-0.2832985285441847,-0.3606905230535973,0.11606436296491829,-0.3101112927078968,-0.06107519190028943,-0.49934577692328785,-0.3200652094210582,0.4590829472409741,-0.2637095138278478,-0.369760729025026,-0.06807610869812297,-0.24572059635560306,-0.15180662016658908,0.6029353431178164
2024-10-16,-0.0592379951810551,0.7754805507377838,0.2024359420610522,0.0,0.2560391851274657,-0.6673021925643563,-0.3221749168390575,-2.144710291150187,0.5738772431785222,0.14669038061803827,1.7568476051162185,-0.6987516683677586,-0.325434078464365,-0.7605022192488098,-0.13005028611062786,0.026981450252949735,-0.22304061413974674,-0.7563232028376887,0.029712261188646893,0.02447039353388562,0.36495412372459235,-0.11781338360037363,0.39358359517116526,-0.8299010054878542,-2.150459073086386,-0.5624630415828558,-0.7517394219435702,-0.1726198380029187
2024-10-17,-0.6731221748331517,-1.5340706386014924,-0.3165526396405549,-2.206066683379304,-0.09014084507041886,-0.06167400881057494,-0.8160488619648298,0.6308486786327616,0.11401208528103446,-0.17008280388102204,-0.7111310726850784,-0.1751592356687981,-0.4314124226609965,-0.2642281618580211,-0.34511380018348303,-0.10248143501420115,-1.6256337880926175,-0.1584709732547207,0.4263784357559641,-0.24297626572079567,-0.3523114372446734,-0.57364341085272,-0.8536585365853666,0.5269164461064069,-0.07973686833449012,-0.31747831509723046,0.05235297539409878,-0.043006128373290764
2024-10-18,0.36231884057971175,1.9666791932857475,0.3003178362318337,-0.337722249597755,1.0675629967867417,0.21623569690962796,0.15064562410329607,0.34501295849274083,1.1571023044920081,0.24019459342001226,0.8058267472493386,0.9130785384511064,0.8823286880514702,-0.3231763619575223,1.2141753904238772,-0.1848112529518442,-0.16045107524103042,0.7210384196432384,1.1403127715030381,-0.2179952250581929,-0.9809315544512642,0.8477227160598177,0.26793212511382336,0.426196198924611,0.3489734576392012,0.09506795853728711,1.2659633536924009,-0.04020477632742381
2024-10-21,0.08864439311207506,0.15143866733973166,-0.3185044970222428,-1.6952040207854235,-1.0266466720498246,-0.004982005273083494,-0.28748023573379466,-0.24289099526065838,-0.046517036864746064,-0.8756083065143564,-0.007768800497209849,-0.22782862336886422,0.011527378655962206,0.11554015020218689,-0.09644414625965547,0.09646636257294079,0.39052192727848656,0.12745347947999974,-0.34306749486767707,-0.2666525833798228,0.11050021561016532,0.9129904372122466,0.888831193470474,-0.5702256137862608,-0.6449310459099133,0.15398024404416066,-0.595799796788643,-1.5360874257320078
2024-10-22,0.3874538745387568,-3.884855432428991,-0.4619907601847939,0.39511764596625865,-0.9314484213655716,-0.5143475906876027,-1.0178857059764401,-1.9447779111644747,0.6479736098020661,-1.349404897278439,-0.19002375296912621,-2.3687471777455897,-0.7053079004388341,0.8921621459792917,-0.2695311068844723,-1.071366253707895,-2.283056759327773,1.7447916666666785,-0.4015861105311713,0.6334964654703734,-0.21474146285761497,1.1431293165039103,-1.0974299543101584,-0.4430576425981658,-1.0000000000000009,-0.6378265203963729,-1.658319421257648,0.0
2024-10-23,0.6710806056757279,0.0,-0.42874043741147155,-0.5726730117760814,0.3770094728031692,-0.593692022263459,0.2990748056582171,-0.03475724825680593,0.6982726938625561,-0.12930106427669896,0.43654258274465896,1.7444202723390534,0.9229466553767995,-0.723976394719239,0.764532524665773,0.12264684072391674,-0.022744237500488262,0.9116022099447507,1.7289628392303191,0.17613773790636778,0.3213180652987868,0.020439751251166705,-0.032070411409768074,-1.028485001260404,0.6922874412268798,-0.17737018135107752,-0.11402508551880963,-0.4028644466163245
2024-10-24,-0.19931146946911005,-0.8108108108108136,-0.4149602268935293,0.38632253822128426,-0.17686645983307678,0.9626858023811136,-1.914602643975083,0.45398623919404857,1.474056603773577,-0.9669758065589673,0.38543492443351424,0.3775754285191002,-0.20917016865888982,-1.7224348685022761,0.06177184388364565,0.5021845585052864,-1.2617079889807203,-0.8442243688611129,0.7753832481670608,-0.029513524501090238,0.09635716388747273,0.0365214095622346,-0.6744577254205519,0.14622883530015507,0.1515014081344468,0.5376022937697789,-0.507792999531694,-0.017037710131750927
2024-10-25,-2.9782568974967893,0.06819421713037954,-1.30363932645301,-0.29289622871531695,0.9704858078620796,-0.39135186971017144,1.0929385318967588,0.8745495801335101,0.4714522292923573,-1.2583755515606976,-0.10835117264859084,0.5658787173415947,-1.002711614386742,-0.8749682982500562,-0.013633001638121053,-0.7393501597345864,0.45045045045046805,0.9316770186335477,-1.669072536990257,-0.27717654318177853,0.0533479145979047,0.1615508885298933,-0.28147747240575005,-0.10261146170027491,-0.2875432536844931,-0.7868597415031209,-3.6345978398422574,-0.21478138364776633
2024-10-28,-0.14711290915776498,0.1966568338249708,2.206761604522245,0.5161698367999845,1.152539715418388,0.44474644252716633,0.5087881591119281,0.3939617670907669,-0.06094096208492846,-0.2262443438914019,0.9126984126984095,-0.10328355909108855,1.1756802149815337,2.20288654098475,0.10976026029753672,-0.032573289902282365,0.8102278108065297,0.6325474410580734,0.49718879234237345,-0.47888081786386927,0.13059473275136568,0.7383258957945782,0.20316104817328373,-0.3239881901079156,1.227120925777303,-0.09454867779582488,3.2619076041542128,-0.41709271289683825
2024-10-29,0.3875253736851825,-0.09906771344455612,0.1261235154773499,0.9152273976921421,0.058200442323363966,0.006121825479443732,-0.4351195117092699,0.3130916980331827,1.0180995475113086,-0.1347201349389482,0.5384432655000326,-0.8326463314097254,0.049937578027448026,-0.7961350027218206,0.7409892445200961,0.4705470881088192,0.7181696932389459,-0.6095455108265591,-0.5540816566102502,0.11550579975556086,-0.6418415707515224,-0.30710820384877896,-0.7082358236770947,0.12594458438288658,-0.263837547696244,-0.6462880158837558,0.6254747199133437,0.26129561521821
2024-10-30,1.105583195135429,1.0399224451553946,0.1593817098212158,-0.03608609497623427,0.9304386353566674,-0.03655972945798558,1.2623043783946852,-0.7308528630103783,0.11260093413369976,-0.0684114524497681,1.3235178949017046,0.1760635466568239,1.2463887742467872,0.8616118769883441,0.5284916677321672,0.10760787689658713,0.03361544107723935,0.33073124374225493,0.050531786900220865,-0.004187292654783681,-0.3225453750273388,0.018529991967047854,0.06147066284502567,0.40578617974567077,-0.025965258484150766,0.5723329367060714,-0.0031015222766161976,-0.06274428973485069
2024-10-31,-0.6017699115044239,-0.1792304862628269,0.35598705501618255,-0.3938987596379562,-0.7722007722007707,-0.41291980179849475,1.0821703112172454,2.9220023282887198,-0.12259467706507432,-0.17946959539250815,1.8195545488863596,1.5992373309854813,1.791530944625408,-0.14665688954068612,-0.2984333151689611,-0.4197163915273472,-1.0275664460033584,0.3336391692384755,0.4977465207270715,-1.6590546415011231,-0.599361058494241,1.2061315046389742,-0.10660980810234255,-0.4409395065273547,-0.17980116144134528,-0.1573751831017156,-0.07096069868995913,0.18475750577366945
2024-11-04,0.7189072609633307,-0.4053573644266173,-0.847733941962836,0.04181809310117024,0.024954311561046588,-0.6537186167693165,-0.20746887966804906,0.9652564954477083,-0.26174330269890245,0.4596774193548425,0.5080445950951917,-0.6201610107468891,0.0945999211667381,-0.2136123987495131,-0.14980414576797885,0.35126739591967066,-1.0411668745801683,0.7645163729792848,-0.23893624445441297,0.08460475478722085,0.584976376044255,-1.0610187405992066,-0.4240790655885007,-1.9177071808650692,0.2865957275687281,-0.10431173715405584,-0.7077960517849369,-0.09345606941031925
2024-11-05,0.13863611845134072,-1.1805078929306823,-0.19430051813470461,-0.29850746268657025,-0.11170866604303109,-0.47388781431335625,0.5067195417492787,-1.972972972972975,0.05190174380368395,-1.4853896103896091,-0.0036621526188496123,-0.3103180760279267,-1.7399710004833313,0.1645584736298389,1.9837299343107073,0.2883707010957563,0.8997656649543625,0.2973523421588631,1.4175769612710942,-0.7943636669847765,-0.025535536955600957,-0.21799278946927902,0.3967855512509,1.1102699869831367,-0.8414239482200658,0.13383771207167902,4.539219670798622,0.5765857982722444
2024-11-06,-0.1321066996507081,-0.263925545214605,0.29876227059324467,0.27234042553192506,0.678867173001807,-0.41529843538731237,-0.05643944348518448,-0.14965115744222843,-2.2447275005220257,-0.2043318348998735,3.812764775331612,-0.519379844961243,-0.3512413187515051,4.731903485254696,-0.15594829435743307,-0.4055287080531267,0.11509135376202018,-0.25204417132593804,0.18439459975910233,1.3375229408820521,2.38943558420992,1.9300710861299475,0.03158892281773795,-0.030936605738751677,0.435023451288008,0.4228755537656115,-0.48018636936315584,0.01420333494304149
2024-11-07,-0.5334281650071104,-0.03400898358170701,-1.8050151318633856,-0.4284061846948628,-1.224095350585197,0.2504093229317217,-0.8756438557763091,6.71738426675299,-0.042305484565241525,-0.20535567603088278,-1.1442611442611383,-0.18601551568395158,-0.06038786322541956,-0.5623662154277509,-0.16835016835017313,-0.3219508853649189,-0.608070757324497,-0.4305967420887957,0.1850916684303298,0.044511828270399345,0.053377617137223554,-0.17554358667465353,-0.13353949957828348,-0.41169419980197075,-0.33497385617460296,-1.344181110718068,-0.021357380161357575,-0.3435442313197812
2024-11-08,0.242982619947113,0.0679890435817565,0.5912957799869889,0.48056656268442577,0.04728131739916708,-1.4416520553282686,1.3209246472530634,-0.6434512184367414,-0.4893096479097969,-2.317215994646149,-0.16531301660317466,0.19235298735966744,0.23270745440501228,0.940665701881338,-0.1292885884389361,0.5498138288617449,-0.18846653064790905,-0.17688194158783643,-0.08738712496360046,0.20373079733428945,0.5197078694712642,-0.2723947388901915,0.6410484703871289,-0.007838014369698776,-0.13459646943108083,-0.49034264187047816,0.3165848011976391,0.05269869237695679
2024-11-11,1.3001281816517052,1.3069768341488153,0.0190980668032729,-0.1460065517382018,0.8738938053097334,0.22453561951418788,-1.1924793327968475,-0.04713633002523809,-0.49021461754117923,0.7941356139279154,0.2786345477906386,0.4346821712788773,-0.47934808660221595,0.314992292741767,0.7147472595954052,0.6300950482361012,-1.3124825467746404,0.18008208392661373,-0.6460101368010063,0.9958596054447488,0.6798483206933881,0.3674145992445754,0.34395696878772863,0.2523489598747597,0.026885183322637268,-0.15918874232761318,0.6139170845053332,-0.08860858002641692
2024-11-12,0.7218675793526363,-0.07917676764625514,0.08822232024703336,-0.9217362158538633,0.011556685542579714,0.25216865039339176,0.20508313191238692,-0.08657897947772497,0.5648337318459151,-0.2162255665109858,-1.0690176649237493,-0.10557666150742273,-0.07686985932815471,0.23050847457628532,-0.6640944307931107,0.21684918139432963,0.0,-0.6607744107744007,-0.6820344718198257,0.42377398720683246,0.21623064602243058,-0.7178359100389442,0.20403619903719417,-0.3209058701643175,-0.35124802932777754,0.79315513364977,-0.32994108998088967,-0.7207619483454053
2024-11-13,0.0,-1.3935340022296572,-0.8239277652370203,-2.3942470389170856,1.437566829036463,-0.6667340135367184,-1.7444009165496488,-1.3808486908492235,0.4085142980004175,-1.8810415396673275,-0.2796315314919917,-1.5551102204408918,-1.106687898089176,-0.938741948746058,-0.48907162951742356,-1.25739644970414,-0.5666752174567543,-1.5958584691738387,0.2849565511793273,-0.3521314624126304,-0.2916254549322872,-0.1267728389192535,1.2000775928526441,0.16737513283742178,-0.27294890820436235,-1.7042911044317988,-0.5979376219311328,-0.3619381202568661
2024-11-14,0.1221005877296677,0.01391788448155129,-0.2689741580907734,-0.5182603827247834,0.011384335154840386,0.06478613423669029,-0.4803967147063215,0.19260400616332163,0.6876464294698681,0.4406839414771824,0.046959383073434204,0.5046805046805103,0.015633549597438012,0.123984019837442,0.12327741821862581,0.26995613212854597,-1.4982561281131845,-0.7254876406446953,1.0176521151201379,-0.5183611430135274,0.0016826777511210385,-0.7460937499999987,-0.26114508700016414,-0.01827906598518651,0.26594308570132935,-0.26221007354003123,0.3220292798929769,0.0
2024-11-18,0.5865921892532507,-0.12077308298726146,1.0352199842466492,0.2954085077650159,-1.3450292397660824,0.14985728891539485,0.7516392131776906,0.3607259609964997,2.3255813953488413,0.8066614623991608,-0.16900915753131907,-5.431133398495591,0.35915766777129265,0.375812683057708,-0.16860413523827056,0.004610724825201047,0.2307383627608406,0.6256289101806978,-0.544294707303955,-0.6898619817871432,-0.6528026442638724,-0.23725730554786661,0.07000376504913142,-0.061867871745202585,0.6767480640848866,-1.2362300171857428,0.9241705000196831,-0.3220800515328137
2024-11-19,1.1929824561403457,0.06880897887967159,-0.3983902091723242,-0.09594627008875367,-0.4462808011454322,0.32328709980185,0.056292722155215635,-0.7363160159383597,0.26063829787233983,2.0474599503127022,-0.021213406873143992,0.28276481149014376,0.7931793369290174,-0.09012351544627946,0.11820744720606087,0.055928411633110464,-0.14204038039697386,0.8768122232832631,0.11931232713269235,-0.3858799871490348,0.021364149121388953,-0.4379517644174491,0.10428049836762228,-0.18418192109854736,-0.645690891184908,0.1553686628162465,5.236400610066094,0.3094632114761797
2024-11-21,2.261904761904754,-1.3266303588884254,-0.16780319802334187,0.3944047538995077,-0.1099827458204176,-0.38099269763995913,0.16041523331693952,-0.06361691053148322,0.08007153771446562,0.08363280854607469,-0.1597711265094559,0.45447063484312933,0.4062038404726742,-2.6586561701539946,0.9014649000011032,-0.3915847665847738,-1.1014318614198437,0.8462314201780341,-0.9213912177305494,-0.1473785430792962,-0.040984777932095984,0.1709945520340428,-1.1984937359693082,-0.47662819509470267,-0.5417619514319849,-0.9673843673373317,0.5941957974613055,0.6387838601348172
2024-11-22,-0.22670473466135377,1.1162271522254796,-0.14610024724657222,0.6293263617843214,-0.49095916656688443,-0.30710579265064153,0.9262216544235091,-0.6792237442922455,0.21585618843919407,0.06756043636227578,2.3557858376511254,0.517944722005792,0.6815163543754332,-0.06796170093969767,0.292773686194292,0.6572913482115528,-0.029970029970027845,-0.08153474626255153,0.7632258626193433,1.5108285100948304,0.6767959555326053,0.3962338171832114,-1.023151605675876,0.6656408015216608,1.2097867954212527,0.04418301760542587,0.28875695904271304,0.26109660574411553
2024-11-25,-0.3666168437517048,-0.33967767135037463,-0.3273453352111433,-0.5988900151024656,-0.43274432023080456,-0.014901369020070554,-0.23684009473604606,-0.8397715821296559,-0.9968684759916524,-0.12556617524774327,0.0,-0.07878627271890037,0.6177119130340358,0.486143925087934,-0.12840249075447932,-0.10360993146394382,-1.7060699640561006,-0.13529580583000467,0.3058103975535076,0.233347475604595,0.0,-0.623705692336024,-1.2714298494009957,-0.06529765426414591,1.6632849209739398,-0.45292570020314393,-0.013786275255633917,-0.5527031955783857
2024-11-26,0.7511391056538863,0.11063476697552588,0.044648596994190104,0.14241471444410939,-0.2605135839225947,1.0875194199896354,-0.03772254794303098,-0.4529694665026396,-0.04707605398053816,0.10168629777138616,-0.4661073378612324,0.13182177695756359,-1.4912455740414998,-0.12293826599188429,-0.193494082698753,0.5840855647424759,0.17638461926119398,0.06553616777258409,0.5234037941470759,0.07345686583449806,-0.10632228618847606,-0.4321813129017471,-1.191458430439592,-1.0480655243021886,-0.04280259508052109,0.3494641549623978,-1.0905515330294158,-0.44840551455228583
2024-11-27,0.17859916136045983,1.6732958441914692,-0.11746157609662244,-0.18214771488330173,2.7559531004472504,-0.08171603677221695,0.003349039172206858,0.013697652045818742,2.4251771271298406,-0.09871573341629174,4.494007989347537,-0.1949740034662084,-0.24546265992265726,0.0028816726948173907,0.5710459905284626,0.1508359876149834,0.5818489018584283,-0.26155543749234456,-0.24278871192571216,0.025313171215829433,0.20268616425079822,0.07132747400346306,-0.21683966729567627,0.4625275129118811,0.5986866476802022,0.027844937260468328,2.9871374752000746,-0.5177639852027016
2024-11-28,-0.14365188233500525,0.7477633862999156,0.5104305370616791,1.0191798411042452,0.0853304404999422,-0.24035797241601284,0.15180265654648473,0.12670483445510472,-0.35573122529644063,0.0846568795640934,-0.590938203033764,-1.7392839800468018,-0.8066366731917629,-0.17246843752439234,-0.09168303863784644,0.24289590420295548,-0.31694923781254714,-0.8059567156241121,1.3777555110220385,0.23166023166023564,-1.748628140835451,-0.36697050911275175,0.06851139953563123,0.33933466214153274,-0.09085536457784094,-0.6437167762332108,0.30004423121368085,0.39109760558229123
2024-11-29,-0.579770473874186,0.06687325303776359,0.40999186607753035,-0.4504866865095214,1.712007504690427,0.030528136766050373,-0.4618593563766371,-0.672455787355708,0.3211067394211953,-0.7956878850102655,0.22140424563246164,1.348597198733792,-0.2224259687615008,-0.6241055075948354,-0.09669054630160323,-0.025739175068704528,0.8079872368895069,-0.008107856056849272,-0.16006076883426923,-0.3546051485682211,0.0,0.4365985332526745,-0.13245033112583293,-0.10083619823782475,-0.06944980322555194,-0.24398285525881747,-2.369098712446349,0.2100864194421126
2024-12-02,-0.24684083312907315,-0.4981646565285769,0.17536168347216385,1.9469167196439985,0.11134300657597018,-0.52672195470998,0.14376513317191364,4.455958549222805,-0.17118291290115772,0.07328713110115181,-0.06337135614702394,0.26967303755495164,0.6804032729019971,1.3128050037803263,-0.3294806799219896,0.44247113151134054,-0.14251499455782968,-0.19295508662452443,0.07285074636564544,0.337746973726305,0.30688291287053193,-0.07084945978527157,0.1776451360761655,-0.07254749173764008,0.0850033486167634,0.6790344065759069,1.2237011592958424,-0.5898701151381025
2024-12-03,-0.36226415094339215,0.7793938180334359,0.06489994591671877,1.8613764388929699,0.40804597701149525,-0.4098360655737654,0.18823644703378495,-0.3636899788666603,1.1248087362971393,0.7195477128661976,0.17632874015748312,0.9153539108552433,1.078459756803718,-1.8396346105049477,1.2946116165150512,0.2228743360202179,0.591802085859805,0.5243533997121852,0.6459284884192451,0.5532503457814641,0.2197976802076118,0.9614697544198414,0.08831881577987533,0.5175481158013806,0.08986065021170386,0.4973527996149585,-0.038376230654929566,-0.11846913399022885
2024-12-04,-0.30030030030030463,0.39390088945361335,-0.21283388315419538,-0.007746614158471443,-0.23450632377660652,0.0,0.022478463363412304,-0.23337089944578948,-0.05899260277515417,0.23214596661572293,0.003362117005512033,3.8414978613509954,0.0,0.6422607578676853,0.09502418797513457,-0.4893011027532368,1.1286465805834478,-0.015499598073925869,2.479228447009163,-0.060542247959993745,0.0013015059446841448,-0.5694227769110771,0.44127360962151196,0.9439156768662027,-0.13472133804910782,0.4126902244003139,0.667851547430176,0.1994870333428267
2024-12-05,0.1697985549589498,0.40857877010641586,-0.7220216606498187,-0.6137414315319445,-0.35784813179310926,0.3538349464044188,-0.21325153903385963,-0.7326742610528458,0.12285987597621488,0.07029266552909623,0.2954247386938798,0.0,-0.6433166547534008,-0.5984421845574406,-0.26505328923328203,0.46501049142316786,-2.1302744776730886,-0.6120760959470672,-0.036836289007002865,0.2968231490201016,0.35121308220691,-0.0839758760210807,-1.0631867154997754,0.1917098445595844,-0.2521586307022261,-0.5555848450674084,-1.0014360127775346,-0.007923457017899871
2024-12-06,0.031366419115938515,0.5024509803921662,-0.11561908766029028,-0.25139445360986556,0.09278589654371228,0.20223731984738702,-0.8236208236208187,-2.149122807017534,-0.40090892256180455,-0.40954613853886696,-0.9540055597674901,0.7479151864178579,0.20983813150648456,0.5308665522283595,-0.029503498271932216,0.29968569549010393,0.05016188608690797,-0.5081004539585932,0.6241777562795944,-0.4011490980615484,0.11999478283553078,0.3753178727726847,0.39329624774120386,0.17170304225814226,0.14125893907283027,-0.11619421283528553,-0.3487395862484588,0.19392917369309703
2024-12-09,-1.4808234882179916,-0.14981821400769646,-0.20132876988121495,-0.0779727095516547,0.3987334349712546,-0.15647364361796035,-0.21354900190723725,-0.1771193571668698,-0.19778481012657778,-0.06829434864266126,-0.2821344924450686,0.02184519041723565,-1.6415107463309542,0.034147565152475856,-0.17421602787456303,-0.20109048999310172,0.833899841377761,-0.8366265870680234,-0.0168770891404324,0.08606749778310441,0.35190412995598774,-0.2501498696251103,0.29747492217224725,0.7057297395407947,0.2810495924780998,-0.21407634291736866,-0.06638109876352938,0.19565091222902287
2024-12-10,0.14257532404231554,-0.3232589253964857,0.32620967741935347,0.08738603649283139,-0.16630088631466866,-0.020891115949680145,0.4125674389082734,-1.2567324955116699,-0.0694444444444442,0.13619644987101776,-0.34461086276357983,-4.778610354223445,-0.5384270599838314,0.6116589689177276,0.40193620883393066,0.2769802564115742,0.0,0.021173879901748016,-0.12325628966664559,0.005186991026495669,0.7507933641218711,-0.35930408472012454,-1.112189037488731,0.2175359574141389,0.6435980919209605,-1.4978420919014912,-0.29938171168240046,0.0412985951117939
2024-12-11,-0.200297623797141,3.0851772568795344,3.3383158943697033,0.028986569505077647,-0.1808978877670453,0.021414785950187493,-0.08258667473660664,-0.44455421091627034,0.08979532157153969,0.08137475682060968,-0.445100512864538,0.10446963286955639,-0.21180457497882443,0.5362720254581843,-0.2208073620075357,-0.21800536389171565,0.2706558631888567,0.0,0.02169256312341365,0.16655221149687685,0.32927482961941923,0.18547140649149974,0.4940618952045006,0.155861930823753,-0.46838994088769237,-0.08131667967733458,-0.2236366764149289,-0.019527267573371532
2024-12-12,-0.8099474469368151,0.672645739910327,-0.2860139193440747,-0.06467446340828187,0.26508471562971536,-0.3895967147520274,-0.15201216097288084,0.39801960974663597,0.26039058587881136,-0.3045350206183961,-0.17626691847654197,-1.5467194010876484,-0.0901588182259605,0.7873090481786083,-0.16371252310424245,0.13235294117646124,1.894884250142237,0.413981477529779,-0.4390180542927724,0.13164008053276888,0.4002416553390731,0.4024767801857676,-0.37037037037036535,-0.289996407124149,0.007571742257894698,0.07483084138635299,0.007626278434032703,-0.6890971989733319
2024-12-13,0.18298594010166536,0.023677861402944995,-0.015804102728916858,0.07736893857061555,-0.20656414964425052,-0.49315435825799114,-1.3708935885647255,-1.5270164447924839,-0.22497805279108607,-0.5812650949684417,-0.7792207792207795,-0.3974993676146399,-0.08133108478792783,-1.2079738173162768,-0.5641397753020083,-1.1661277778987011,-0.5966991112991926,-0.10308835531119831,-0.7782914152889897,0.400278364389961,-0.0209865681941257,0.10121063490209359,-0.04762777570643251,-0.32467532467532756,0.3145746080760903,-0.8299465617064183,-3.8576368752281986,0.7363976104666548
2024-12-16,-0.3468033775633428,0.1411731639048175,-1.0118853702310249,0.6704077109943807,-0.07504322394858987,0.8143839238498263,-0.27534418022527873,-0.43812189352301356,-0.12884910695509233,-0.21959089287488243,-0.06494349915573405,0.4267577083111096,-1.4104372355430161,0.02969121140141695,-0.2182738900772696,0.1362698880377211,0.04636324855534779,0.07587928935591792,-0.16774413000455457,0.03832396525293991,-0.5294722842588584,0.5572108501334938,-0.8973450730358046,-0.0776223327047465,0.16003716308588545,-0.026021337496751062,-0.6578414029065505,-0.05258060052580893
2024-12-17,-0.42302775823974126,-0.12337140970886118,-0.44308782985427175,-0.10656885191054233,-0.4431907168130689,-1.6888325944690696,-0.5039700142818071,-0.8565284906163484,2.2751579970831326,-0.7653504957383817,-0.46569030834420766,-0.672730392998111,-0.377468060394881,0.03452718887113071,-0.7136290004815748,-1.2549683497718234,-0.05922917459912913,-0.40724373971058325,-0.010458063166707277,-0.04589963280292597,0.02026701796162822,0.49173335468064944,1.6261857604503271,-0.12589928057553657,0.21594685487974496,0.48724656638325925,-1.4102535808082073,-0.1955580388322442
2024-12-18,0.041711559479025904,-0.1528305636286864,0.2097273544392264,-0.9115150888169721,0.8970946194990873,0.22729732655049073,0.10222335803728999,-0.04629153379281936,1.6487119437939013,-0.17008325127561008,-0.03473213533896624,0.0,-0.2417724472266347,0.36101098921581903,-0.4173326229799379,0.15410057881679595,-0.21305928061160495,-0.22251308900522737,0.46502654170181845,-0.07379134860051595,0.06748722210247655,0.09678293523285308,0.8502822937215049,-0.4697809448403367,0.1266069083484219,-0.30344628808419705,-0.30317249543404534,-0.01687146753649449
2024-12-19,1.534016425416429,0.29517130703771155,1.1944329040299184,0.2180717987418923,0.30570252792474495,0.08915635796278298,0.7568841737930154,-0.03689064558629607,0.5132375269017331,-0.33706841577845204,-0.530714548988015,0.42341450648979984,0.31037540644398565,0.04573885653834098,0.46946237529903456,-0.1119864071671306,-0.004092525645649214,0.18744803567079193,0.31999617363955846,0.7169948563412465,-0.05519912146440542,0.13101898675959567,-0.4606823864460763,0.7130634327553342,0.1859242916284476,0.9251808967608022,0.3246671808645907,0.040017150207227736
2024-12-20,-0.37606428354000815,0.438388625592423,0.7092927631578982,-0.0956403921256066,-0.533751901610191,0.0,-0.19992797916235094,0.1434720229555042,-0.593455906109247,-0.998753616411352,-0.7042476058359911,4.367293964957808,-0.20435402743486653,-0.6074064826400105,-0.37470297934565355,-0.16698903943702104,-0.8229046690264141,-0.11058384531588139,-0.7131305197109306,0.613720289176678,-0.8069508367030187,0.1965310603995,0.4947943693517076,0.2586882675725155,0.22505278914710658,0.014560368613480978,0.0920976858847733,0.17944628005013286
2024-12-23,-2.696420269642019,0.0,-0.05184570717544634,-0.17947378959971005,-0.7156154899938316,0.08821459322021867,-1.4757614757614834,-0.8832669974374263,-1.4245836942920587,0.40094558264578417,-0.3204272363150795,0.44064035504833843,0.5172408557008346,4.898934001281519,-0.027790643816572036,0.13899326274275092,-0.4979570990806814,-0.9421206437824403,-0.08695652173913437,-0.1494124597332558,-0.20909373576243895,0.20318228350266754,-0.07868102351736479,1.0686209193870644,0.6566883084700326,-0.05989846447701508,-0.8498998681189751,-0.2876979009855951
2024-12-24,0.5933258465409597,0.11826405523040484,0.615883306320919,-0.007987858455160701,0.20932535803026564,0.028351034509654927,-0.5179558011049745,3.7142857142857144,1.370984243912421,0.5420664147188855,0.0,0.08088146343159612,0.20729578298691598,0.054293147487505244,0.030035486753998697,1.1045711664882996,0.0,0.12012084292790659,-0.6217589162874404,-0.2498739166742888,-0.30408501568883195,0.06194283964355618,0.034474454870375704,-0.2350386740727739,0.7675130138683484,-0.36400760425966405,0.01755750081515739,-0.05251454139631462
2024-12-26,-0.4087304660427578,-0.16576122919321756,0.19791094007695076,-0.12399224116864116,-0.041073893202925316,-0.3054989816700493,-0.16460182855013716,-0.1059962475394638,-0.1562174546969386,0.4389173372348454,-0.7237734178361765,4.550856999874897,-0.21073718503841765,4.647328558915964,-0.3387473387285511,-0.030443717177874863,0.5771525180306991,-0.9160441124155261,-0.36060581777386247,0.08682611097956539,-0.19878635697844205,0.5690351956845308,-0.2834378231810486,-0.0018510409959204832,-0.8999926230112809,0.3045540095580668,-0.01267234387671845,-0.827008043502897
2024-12-27,0.9498513222277571,-0.017217016764808912,-0.3650721928977807,0.027975971165400404,-0.19898019975072567,-2.2981925518195112e-05,-0.01269893051050186,-0.0878248634435419,0.0,0.14109357919517285,-0.23209714104741042,-0.5529183833461904,0.8389830277577448,0.7384618942739063,0.15541282506201237,-0.012601226726057421,-0.3792784607906441,0.2019114281868406,-0.38950575258713815,0.04664280012276756,-0.025300540877548627,-0.011495133726724394,0.05140774913369173,-0.6399179177016934,0.04910631334341664,1.0270235573528463,0.29933906439213454,0.22880042062236594
2024-12-30,-1.0639987295537612,0.17158965559505024,-0.2331261101243265,0.14511551978129145,0.3750122069130257,0.25945368463122787,0.11010838844772164,0.5230293003148923,-0.3666073111972312,0.580981329158492,0.06395647126062887,1.0155068258810351,1.919441616984141,-1.714632542612915,-0.35075540316438597,-0.03453833755469038,-0.4225724095431094,0.8285036099737408,-0.08594757198108205,0.3379169529223347,-0.2351632926001379,0.4640823648701442,0.30316852592589816,-0.800372776361602,0.21332543987153674,0.3066805779506021,0.3484135941966319,-0.12620486809200213
2024-12-31,0.12734797835083356,2.142352435977518,-0.06725886222631594,-1.2291893573984858,-0.36030576180168805,0.20715108429270046,-0.3554765826096429,0.39260157542673757,0.43321244200581477,-1.1350328799207166,-0.8250816219522339,-2.1714021714021703,1.1510841196072596,-0.07842197782635951,0.12241054613935098,0.6461786991807328,-0.23939702364751403,0.7008660062347016,1.1191772534785205,0.4011650339025989,0.1929570670525793,-0.39646712463199396,0.03062558906827828,0.06133088009814269,-0.013116985921635127,-0.781444582814439,-0.7199921096755046,0.4315694460115038
2025-01-01,-0.5056091009638108,0.8189050070191772,0.11866208181094962,0.39949866833777214,-0.4194100495201747,1.356158292574472,0.07727517330842204,0.7189966482862964,-0.497512437810943,0.6833937581940064,-0.20935784810451885,0.24583498180137386,0.006832186322588048,-4.087098854223492,0.17601493316707906,0.41242831677462677,0.06801269424382417,0.2033311702357654,-0.05434511645179274,-0.030106045385230873,0.0690866600031037,0.4662004662004726,0.1263864342580967,0.06408113228575374,0.4925988245909174,-0.17964442792540725,1.0004990612894948,0.0
2025-01-02,-0.0312695434646737,0.0,-0.335795836131636,0.007693491306359768,-0.08314526665873512,0.24148034702142218,-0.032843418999928264,-0.2329891448239363,-0.21577408412613575,0.008767315448032775,-0.01336564510526772,0.0501147913791522,-1.056165629152983,0.0790097445351634,0.16313213703098572,-0.21467453806639503,0.01750853541102604,-0.049787472884171846,0.4202368607760798,0.4849836609782665,2.0841588081464524,-0.2647024974105072,-0.02992885273183643,-0.40833218374948244,1.1318147159740777,0.5132946417280126,0.26211100391641357,0.2305412229663073
2025-01-03,-0.04606879606880998,0.06990562740301076,-0.2318648559125558,-0.07805597634931716,1.0338345864661536,0.21817388458602593,0.45721899847703806,0.338303983873256,0.12371134020618957,0.6077484250959775,-0.25704281386762506,-0.1588282008294417,0.37645448323067043,1.461776859504127,-0.1423324150596872,0.07733501413277333,0.9412570059470271,-0.09205681220409989,-0.7686932215234088,-0.37906869016775535,0.012929417710383362,-0.13419455966152682,0.7734909827727843,-0.15360760124093487,0.3067629430364871,0.0,-0.5345741693517925,-0.027255382938129458
2025-01-06,-0.7589326808824811,-2.679414542020775,-1.482300884955745,-2.057932748310942,-0.28422548555187,-1.8209741114523892,-1.1073182915660618,1.6171328671328533,-0.3315718578385751,-2.1256454388984602,-0.41574279379157364,0.7045646151993212,0.5170274369226568,-1.5718957695959435,-0.35878564857406703,-2.269306472154675,-0.2254455740354877,-0.13820159600552717,-1.421342530666636,-0.10778139051892122,-0.13408893579088532,0.07540470046588643,-0.23152122554397359,0.6993006993007089,-1.1441809886291288,0.34694504144918703,-1.6119078768729422,-1.073725468547304
2025-01-07,0.3362068792420958,-0.12033694344163459,0.07767916367104055,-0.7786786545717295,-0.02358490566037874,0.18532698123546373,-0.04253147329023044,0.25062543786538716,1.6562500000000036,0.5567338282078671,-0.07075989946345174,0.3957783641161061,0.5305785191082268,0.4176815886288876,-0.21046723726673155,-0.22021234762091835,0.9906063193851233,0.06363636363637681,-0.0730706537013126,-0.9849623636047022,-0.350911086534228,1.0815961987542422,0.6543624161073902,1.3280723048517573,-0.0074742379928494085,0.49800699844757546,1.8720379146919486,-0.34345303106683156
2025-01-08,-0.05970650724730353,0.20279136347369775,-0.17933242990417209,-0.8246244284781157,-0.17315940263522936,1.0421286031042198,-0.038531060779239956,0.026011659858034736,-0.06733334005932234,-0.27876991871927936,-0.14388489208633226,0.3458516733395885,0.39531174145224224,-2.8158769742310907,-0.0045719106978740305,0.15894460780419006,0.5814217670339517,-1.6735822959889401,0.22452504317789224,0.13533373923686476,-0.6863488726906453,-0.6401158256548967,0.6275091933470422,-0.04310344827586077,-0.3638729577329136,0.02444614209320406,-2.83334426444547,0.01975782551018046
2025-01-09,0.1495299204226086,-1.1217183770882988,-0.3842242061249834,0.440785096473717,-0.0036816156469739645,-0.21351553325504868,3.6976664378860713,1.8166229033813819,-0.0829074735928581,0.07085201195751178,-0.35973863886644697,-2.3931416800460403,0.028917909987569157,-0.8023741481644309,-0.14130946773434072,-0.18798398610969658,0.49297565417597555,-0.10625519726507049,0.05010020040081553,-0.05156765676567199,0.14931472930128087,-0.10761067201009444,0.0,1.0641711229946615,0.612644790038952,0.4291578554546538,2.727417483678707,0.1788958770090776
2025-01-10,-0.7488919455907017,-0.3618958932289529,-0.9617586443782855,0.1847497480685245,0.9116399487665294,0.12981393336217728,-0.9561685564393296,-0.8658465762103273,-0.3894736842105284,-0.6100749520655424,-1.2938167594403471,-0.17125619302417183,-0.26325151191747276,-0.14617255715073108,-0.654338549075395,-1.1229508196721305,-2.2849351293281472,0.04931077080521836,-0.34923778015256146,-0.13589395143713823,0.1572205469213106,-0.16153268219384342,-1.3086150490730697,-0.07715307392803794,0.14172057670633342,-1.0084457330139962,-2.3737540743540064,-0.028133352088899333
2025-01-13,-0.8917197452229297,0.38619658652048194,0.2587322121604174,-2.4896265560165998,0.3922034704064714,0.3059774887990363,0.7615299050226731,-2.344994233620734,0.8012511537278222,-1.166902404526171,0.25265919852611174,-0.2536443661695198,-1.1495946941783242,-0.19959879329042585,-0.00041238668202492335,0.6236397120375159,-0.8357672433161101,0.009541984732819309,-1.6312604293171273,0.0,0.010180189351527424,0.22041763341067444,-0.6576633607652926,0.4067760323279934,-0.5758533576695979,-0.18035743564518425,-1.7450589480420442,-0.24146951447379106
2025-01-14,-0.16380016380016515,0.3779289493575311,0.49259663599848236,-0.11466878362882404,0.0,0.28430836522690406,-0.17719500310091618,0.43604651162789665,0.18012430404601987,1.5845070422535246,-0.9014561984744596,-0.0949246930768255,-0.17497147204259544,0.27401856615589804,0.2903098086383227,-0.43896718624174547,1.373446697187708,0.042015748656437646,1.3470899794874924,-1.612640052213632,-0.35318506385484394,-0.06595282433270455,0.0993562071317955,0.6318507733304113,-0.15233245666004813,-0.8201040774652446,0.0,-0.24932700313508396
2025-01-15,0.4692909394206228,-0.5318475370393871,1.0131245682707846,0.43746094098742194,0.0,-0.29007305543617967,-0.3873580420811762,0.667884461696544,-0.010059350165980696,0.9240069084628599,0.2009722405475293,1.5383666800258933,-0.19683789040091937,-0.069108533245954,-0.3990000961445861,-0.5117367491302686,0.05685856432124936,0.06318758775726296,-0.5124150855001175,0.0,-0.4728797096262949,0.22791769808032658,-0.9272622312021861,2.3321086944392277,-0.02252262557365936,-0.06448172230454352,-0.9989854983033064,0.9572485457728597
2025-01-16,2.621421678996483,0.01312354712241226,0.8315541072030586,-0.17407955435634337,0.05040322580645018,0.006725183726994377,-0.29128286729569464,-0.5232754270639739,0.14196861271571493,1.6624685138538986,-0.051830299599035325,-0.5538402187104996,0.55856315776223,-0.6979874570632039,0.5170830715700792,0.8927088523501103,-0.21765874893535653,-0.01868984207081814,0.2730400946787041,-0.8824343015214398,-0.5464179733799812,0.5407037998293729,-0.11253964405387729,0.3657798478987395,0.15932159835538862,0.10899182561308063,-0.5081199161114436,0.4901146369828746
2025-01-17,0.544301528257074,-0.2587485944860653,-0.666229794670159,-2.0748719759844603,-0.5894636845861926,0.7946735395188975,0.4064396817945237,-0.05036091992612901,-0.313351001017433,-0.17567341475658305,-0.2539765929714166,-1.4798823603028533,0.12172854534386879,-0.6948295568373453,-1.2052549654804623,0.1815400678997603,0.23289665211063681,-0.3759398496240629,0.014522155040425089,0.7847534351847707,-1.1932266043325868,-0.09639111659469624,0.3158090284228088,0.7056269223810308,0.2530664945125993,0.5195897562637719,0.021613342432469373,-1.2163874419259368
2025-01-20,0.0,-0.868055555555558,0.2621231979030192,0.0,-0.43478122937921637,0.3680671503172676,-1.2987012987012991,0.04458662151481385,0.5510811694209639,-0.03552712025722271,0.21729303093245278,1.0108227316671992,1.0085878186591013,1.4081383745426335,0.29341832346840846,0.4881240541655174,1.4272110743243416,0.07409389525624421,-0.41328461851163345,0.09024258183149374,-0.01928799735478881,-0.05618811661413925,-1.6467807723096972,0.18121100727432893,0.03580562659846187,1.1928540108747554,0.16920582353163183,0.4501675041876041
2025-01-21,-1.0412081899459913,0.23573200992554888,-0.03627183301837533,-0.4957336159958442,0.20664483337434758,-0.11155971100723083,-0.2882112047723706,-0.2009832959556368,0.6169269327163995,0.5889876155469098,-0.435092889371617,-11.015956912989665,-0.08861568675028741,0.059669100422932164,-0.9266291964150186,-0.1505021358125358,0.24249207237454495,-0.5527285965557682,0.7858187134502925,-0.3239202657807305,0.0022028351920666545,-0.7314682150667218,-0.1056916934157881,0.07947099148856533,0.17061762373308254,-0.47221194661125065,-0.953355349989643,0.7911392405063333
2025-01-22,-0.03303593378454206,0.24038461538460343,0.055890900961319545,-2.447744774477456,-0.3785774261512276,-0.12661304043840027,-0.19360161865361603,-0.3261470425649615,0.5944260378093924,0.2483443708609201,0.43143744025788316,-3.1979966336877608,-0.23752969121140222,-3.425494115034422,-0.501343808145549,0.40228135620971606,0.8285862247540132,0.08491190077402622,0.034688278515337956,0.2069250931162836,0.7496312341741085,0.8453167785995697,-0.7308351263900004,-1.693802521008403,1.6116015749186863,0.019003977996412402,-1.098159351044492,0.06011618834944332
2025-01-23,-0.3977461054027187,0.7218844984802297,-0.2911233518388068,-0.4735376044568196,0.2173216606792483,0.9529165409390306,0.3875935439819622,-1.912242686890575,0.12454164627062614,1.231859601754981,0.012600434921106185,0.14405723673452386,-0.26570803376053664,0.8872651413518617,0.1836788244555132,0.03712718122190761,0.1602262016965117,0.2308580223162826,0.7003831896372215,-0.0034584861316883098,-0.1524879614767216,-0.15545023696682536,-0.5566151570588818,0.7225671740205497,0.5960757150465623,0.8028172936713651,-0.11017684429054375,-0.720517724736025
2025-01-24,-0.8064516129032251,0.17109765727822968,-0.31654200122963605,0.10201009600340576,-0.8393742846241725,-0.3769652306725213,-0.6652881416883805,-0.7674269878490736,-1.1036234007227197,-0.6246487871783057,-0.04767201652629005,1.4705882352941124,-1.2617301474647125,-0.4791012720964827,-0.25710537132161426,-0.26612233996891055,-0.30782070292307284,-0.06122933178061377,-0.8383193399483846,-0.3364472800036748,0.3511600950807714,0.821174852952411,-0.9347595383205565,-0.36426983533272744,-0.058631326737484946,-1.2390572390572396,-0.8280744055466749,-0.14987857932557228
2025-01-27,-0.8851272789689391,-1.8796484110885747,-0.8392733961830268,-0.622113300028293,-0.14561821551496434,0.25925638463459855,-0.14018691588785215,-1.6786570743405282,-0.23085416039345663,1.0141575926166269,-0.5935462297274818,-1.6147045137273053,0.8877240446398371,-2.6281653601037736,0.10542671258416125,-1.241821894403461,-0.15601384622884185,0.47496536710864845,0.2046302789690424,-1.1568848758464978,-0.2675892639943722,-0.9436526736825601,-0.0731831398946281,-0.4369710714088204,-0.45656526197569436,-1.3075313807531352,0.7469989511452169,-0.22768026873300484
2025-01-28,-0.001835685882262128,0.06450410734676337,-1.2854591386862235,1.1801051160846732,0.1871844743919715,-0.615198922298088,-1.1298405466970474,-1.5720994590950388,0.5972258921098317,0.6253256904637627,-0.20930859998319895,-1.6314137203437662,0.20714655618851996,-0.36934168537998135,1.545482833730949,0.8283105478082087,0.9346586457567659,-0.4244567963618051,-1.0449487201028063,-0.3269882050683126,-0.04349026345321638,0.05565510648213312,-0.5739699411789922,-0.8805102443980473,-0.0965610277178619,0.4707112213746756,-0.5827778208442935,0.0395249973229872
2025-01-29,-0.8680851063829875,1.2044817927170826,-0.15149749446452532,0.0,-0.9207625470107672,-0.5233365374345822,-0.4518872939925478,0.054156172174768535,-0.4355011796719155,-0.5822658459490926,0.588235294117645,4.613885505481119,3.0547163477677053,-0.4071400788968116,0.0,-0.6418219461697738,0.00608910883264091,-1.046603475513419,0.37211763340445625,0.020420665713705155,-0.057069031461959296,-0.23474178403756207,4.107800982800991,3.408258689651289,1.2168141592920456,0.7646171653046263,-0.2926033255493343,0.789889415481837
2025-01-30,0.0,0.1753824931379322,0.5327562261461694,-0.1364834447572183,-0.6777493606137996,-0.15960842732496427,0.9627274333156466,-0.1522175432709235,0.9915865384615419,-0.2687942522503539,0.2372496125946033,-1.5462740603376601,1.0791925465838625,1.7330701862587894,0.13730836958372183,0.5924369747899227,0.2464860513667603,-0.42112554565978955,0.0,0.04515758034590034,0.13970983342288523,-0.06541480683392997,-0.2683536157058519,0.25002717686706255,0.4122722914669197,0.13034747523410495,0.5177637553946143,-0.9386978175275784
2025-01-31,2.3350089184368317,0.36935704514364787,0.4808240073239656,0.12064965197216004,0.8927432725417628,0.20197725098329844,-0.5652173913043512,0.37640449438203216,0.029274004683843557,0.4043294265505204,1.1492379167006295,0.47194546407971494,-1.4329949961310873,-0.4320454264905571,0.04515541367592172,0.9475301880849107,0.7894227043781399,0.05050505050505638,0.09209718445752912,-0.1860136571028126,-0.1061345786457224,0.4049023802100704,-0.5656442742415335,-0.039125897416852906,0.34387905351311865,0.26860162485811134,0.049262431922048044,0.28700826794458845
2025-02-01,0.19987208186760252,-0.40158700080743515,0.08114081609980432,0.6868760875538005,0.1182518409001132,1.3235360360729882,0.42283298097252064,0.2771531663441795,-0.24191188273609554,0.2849002849002691,0.5892658066571244,-0.7221711131554676,0.5337100698532549,-0.11420738720467893,0.47880230175484,-0.8600075121870832,1.6274189787829352,0.2923043767911526,0.11947941113719107,-0.05658757595792263,-0.4069008320876255,0.02917152858807892,-0.2389999569043788,0.23683172513081127,1.8278776006120045,0.13793103448276334,0.8111702127659548,-0.011440529696365997
2025-02-03,0.44386512490042956,1.1562247916106605,1.4498006524102935,-0.008569714628514635,-0.3305364861428961,0.6637627048330152,-0.04755903506895032,-0.602125765746897,-5.295224442254276,0.7098080479853941,-0.7269666360575466,0.17700487804048018,-0.47648248313997277,-0.20033807049396612,-0.3737373737373817,-0.4327679664277051,2.1665076985965426,0.15147481825650289,1.1845018627002786,0.8127902822436583,0.4468334891393311,0.10384285053763431,-0.5978345847477973,0.052680768258051014,-0.49367232488346513,-1.7188049209138856,-1.5907567447028963,0.2717176247131192
2025-02-04,-0.8755472170106304,-0.0666502051240303,-0.6729782137561369,0.4386719421985319,-0.1824964586715605,0.11996376808575682,-2.1343742214101624,-0.4653108171694509,0.14545374543911138,0.15405326245607198,1.3829707707258665,0.281396411257336,0.6962227912932217,-0.6366654059889176,1.3030621961609867,-0.8460236886632777,-1.0635104421287456,0.12771392081736277,-0.6108898069709545,-0.10283229521682591,-0.4440124008197044,-1.06055299177375,-0.398089171974525,0.039008707314025504,1.1103093503409989,-0.5496034506748404,-0.45599635202918654,0.9181874770206044
2025-02-05,-3.711183339352353,-0.03944773175541538,-0.15691548980050207,-0.44659940867148307,-0.08138891666394366,0.2092269065801844,-0.12230747303835776,0.0860287727058151,0.14000718698371495,-0.13418316001343467,0.0,1.6791869200176723,0.09250693802036469,1.0671686360435917,0.03920223452735794,-0.03152736264445677,-0.2989153642497189,0.8114589652787441,-1.420927988772902,0.19844778750666148,-0.17850851122483968,0.374999999999992,-0.6498194945848357,0.05888806210182507,0.5761060035046395,0.9507906215921569,4.627118188898138,-0.15937295885042335
2025-02-06,-1.114864864864873,0.012315955213199059,-0.16882386043893804,-1.9272132840058354,-0.20751250598323168,-0.6071235132104946,0.08635578583764403,-0.2880826397078151,0.7126189998279631,0.0592066311426942,-0.5992566183721348,-1.4997954824342186,0.20767633258980123,0.19384540828688568,0.061623836028523726,-0.4098360655737654,-0.01312450783096386,0.09271659627072548,0.20649099968579332,0.08442118377649799,0.1766200645475576,1.4691908486221816,0.14998687614833361,0.3251944391750916,-0.1391751608759373,-0.20625415834996108,-0.1330466539383235,0.01671722008196319
2025-02-07,0.0,-0.18501323832282499,-0.398344101299819,-0.6424556081020882,0.9190263288623823,0.13977801554808286,0.008908791450734643,-1.4663619479217682,0.0,0.6323919052051652,0.19306225542278233,0.4472995479419595,-0.8128480962877938,0.19149987645170619,0.10054289461661758,-0.08641243529547982,0.02898907138157991,-0.08530126136455651,1.5677849894871532,0.21325468039211648,-0.06375957843320068,-0.22512954298203325,2.7982699283680468,0.05121734492061769,-0.08523533801390593,1.3570934484008035,0.8113011923276403,0.21914645656275025
2025-02-10,-0.32537960954448497,-0.5788041738361634,-0.8399545970488087,-0.45282321412067894,-3.5103060587133084,0.2011968706030487,0.1845099670549244,-1.1145104895104896,-1.534919416730618,-0.5125576627370565,-3.5371517027863786,-2.5381200540436244,-1.5676181562938818,-1.1482125124131048,-0.6149153876426561,-0.11855914312582927,-1.1915120789066203,-0.4269054560599783,-1.1188938415355176,0.08838215045981294,0.1695993216027203,0.07859669179379747,0.30904850994186717,-0.28929875242887926,0.009836394974804819,-0.01965408805032487,-2.833201338681246,-0.18863536525491886
2025-02-11,1.2744911546509252,0.45085115556093847,0.12798138452589924,-1.0364673138143987,-0.06849522745805414,-0.7418242607877934,-2.191927292167861,0.6266528688053219,-1.0679323642835858,-0.020480963898023008,-0.286855316059903,1.7601309864920145,0.38075178224237227,-1.349449987208995,0.07921968609199137,-0.08027471792356744,-0.8721345851403606,1.1393142917704324,-0.07644529383659115,-0.38798995013889503,-0.5502332485156969,-0.27338554750997446,-1.635414864517909,-1.2007098885253087,-0.07374631268436405,-2.1274457250067047,-0.2664708921336634,0.05852644223326431
2025-02-12,-0.8108108108108247,0.6227371469949228,-0.2028562024923334,0.9178652535957621,0.10428313149478304,-0.3230624480581312,-0.42586836926084004,1.8105437548074255,0.20459112200429397,0.7511401234016057,-0.45325768125492605,-0.5215523250733193,0.05077984233713787,-1.0351126446113246,-0.2171951840611419,-0.5566254766531664,0.11026463512429086,-0.35780114930065166,-0.9156791695230648,-0.15133876600698093,-0.8137044967880147,0.9566372127007616,-0.1444390948483476,0.7529264689169146,-0.24866607518124195,1.1731863316724933,0.43531738652337615,0.022609417288577127
2025-02-13,2.4812463935372175,-0.810850656051898,0.41733924475406137,-0.3987089424720036,-0.39845758354756233,-0.07070568409454081,0.814943686475611,-0.27050352488054985,0.16696130426241407,0.5950201391431653,-0.24259750859994544,0.576196204897439,0.21336379445058284,0.25961614418360535,0.4742217287864281,0.05919511369768168,0.19001673743079817,-0.3352076124567338,-0.6547041707080536,0.043588616860890106,0.1592872570194359,-0.40282709561299535,0.23872547182939852,0.37175579464588937,0.542864207504401,-0.18619636901023306,-0.48673403405062876,0.027805161649085974
2025-02-14,-2.3944193061840036,-0.18380466997451328,-1.3548847159496002,-3.2408305841257423,-2.4358974358974383,-1.0085417309869338,0.5399366970768815,0.32055087261071424,-1.6063460585027278,-2.008948954433387,-0.01691045911896838,-0.9800048283065022,-1.751598365625573,-1.7811879153250665,-1.1229813664596189,0.45246481603972155,0.0588478786449631,-1.1849617976065874,-2.5918347461755697,0.13484200035176475,0.2065694732977852,-0.11918951132301459,-0.43902134008535487,-1.6853140940732203,0.04573319682218413,-3.0400172891978605,-0.7958942439452499,-0.9818923743942887
2025-02-17,0.5794093409752454,-0.9975445058317933,0.9816580298927624,-0.26052521884117885,0.1529051987767538,-0.07291666666666696,0.6825842384664882,-0.41360577813445154,-0.5289215697780625,0.06630043568858213,0.08467400508043177,0.2175017471786389,1.7249060982676867,-0.7166926042092459,0.31360837074859704,-0.14470105067851588,0.0482796025453025,-1.6306572179183687,-0.9776396269928767,0.21255874886389747,0.2899687899566665,-0.4523493923987709,-0.1838649155722405,0.16227650757774104,0.24292690108702608,-0.11292849076536271,2.0574055387375223,0.09181199931696526
2025-02-18,-0.3382033540062612,-1.49657697818818,0.32026223875657456,-0.5717012426284751,-0.4630151115660175,0.5523948046594248,3.1443544545021407,2.447327852004122,-0.6080593630835796,-0.3312226010716013,-0.7503126302626062,0.023590007502616306,0.06323819837500966,-0.6105974042990736,-0.45820745216514913,-0.3594823033135963,0.8444379362522625,-0.7451649601820209,-0.38041336741846954,0.24581305361704997,0.1968788147717134,1.4958696137530536,-0.8428045823903441,0.48942948161019295,-0.09738299961468688,-0.2274368231046986,0.16906569737700217,-0.07174336373886314
2025-02-19,3.618167821401075,0.15666614444618254,0.8898908400569505,0.8444538432275273,-0.3416650289828571,0.08142328592273262,0.5480888568499098,-0.3083163092717611,0.1146804314475632,1.39180952015715,0.8750769603474984,2.8708853148955216,-0.023592739060690482,1.1919293458749092,0.7674558587480007,-0.06630043568858213,-0.15771303569672157,0.441603302815526,0.40286030818814655,-0.14081156520003302,0.2882917377160732,0.0,0.4538015176313026,-0.06521422323051418,-0.07213125314897706,1.6961706540256305,0.37948546235839764,0.7935904262062365
2025-02-20,1.4225013855533097,-0.36988996497479554,-0.19781242727483495,0.10179682493945963,-0.11560693641617936,0.12255697390937126,0.8951406649616356,0.8380794722736784,2.5622481661328633,-0.4177347384410779,-0.04417891762647841,-1.4074110526056782,-0.30258423290808745,1.1708140413073886,0.13768686073958314,-0.10827550084150372,0.32057509228675674,-0.11225040010480747,0.5306246209824117,-0.37763466042154414,-0.0752517513134876,1.2967419806745983,0.0,-0.2305372465362776,-0.06787405306142302,-0.6832349782119496,0.03110923760717051,-0.1980399126593091
2025-02-21,-0.18412686154122837,0.14818557614658667,-0.6254264271093879,0.7020994149171567,-0.5825906311891837,-0.3641863216996222,0.2784010877383003,-0.33575941958255234,0.2268145161290369,0.166779490066582,0.13636675285848554,-0.6707629288274397,-0.019817197641117112,-0.15454394182660888,-0.1284648451010506,-0.5933547393861205,-0.5693984816040665,0.39308564357177406,-0.3614544465461056,0.16786429496997712,-0.28600130309626715,-0.952856785981937,-2.4450417940125813,0.16460852851838959,-0.0783200352440172,-1.7421472804595939,-1.3388946478089248,-0.2411060096955353
2025-02-24,0.573942988329823,0.8601465434852074,-0.45118000925497004,4.486978349545034,0.2122297386921268,-0.2965235173824077,0.17858444659336337,1.4996960075660315,1.3616028010114745,0.26261489401613325,0.20389091835868456,0.43675089704488707,0.03329079623953235,1.5511850272474148,0.1942279022499882,0.17254601226992516,-0.9411764705882342,-0.6074932127277777,0.36589828027808746,-0.3939353265826506,-1.3277661795407014,-0.10512362324219444,-1.2747765254566779,0.4895104895104918,0.27535360834990047,1.6374844004084066,0.5769476597561182,-0.2724655562409972
2025-02-25,-0.5315110098709108,0.1450611279351366,-0.9143407122232938,-0.23735810113518774,1.270455566668116,-0.7031791621273653,-0.19902297810747704,-0.23338678577027872,0.7309564885421449,0.1596394027608028,-0.5204190742550185,-0.2853437259128899,1.7991384592826676,0.688705234159781,0.026802782217799637,0.454545454545463,1.4137982714692576,1.4752675730402176,-0.0010716058385651372,-0.19534826933641503,-0.40546248064198265,3.0067616170335265,-0.12812299807815064,-0.34100114258035497,0.07308251159681145,2.0486457454154783,0.30232357260084886,-0.022644076124726336
2025-02-27,-0.836394576599736,-0.5852578298007005,-0.06183527083848395,-4.478246995000534,0.22318498096363104,0.7201372377705795,0.15006774092415354,0.23755837125164492,-0.14784151389710676,2.270011947431305,-0.308896848284812,2.2633851917373438,1.5442746837522447,0.47812745307929116,0.2852505778783154,-0.7039197724314161,-0.2378837316079352,0.2729852625894924,-0.5804084844113655,-0.5561209406801659,0.08338880768845869,0.0,-0.7665998348861947,0.10517727975208335,-1.1127789172919622,0.5392588059815795,1.144695221782836,-0.7139214686384454
2025-02-28,-1.4306151645207432,-2.0975761342448718,0.9337539432176634,0.11350737797957144,0.32011916490019,-1.2979172955025597,-1.4447884416924794,0.32078103207808795,-0.4509517205023128,0.5509641873278293,0.32313442764089206,-1.801332778009157,0.20430186980703313,-2.918292771544939,0.4628823674377225,-0.026594959326103895,-0.5323423061470489,-0.20408163265306367,-2.9904559915164386,-1.716886377903326,-1.6981569491132609,-0.5004112969564045,1.3413542910435505,-0.6179067480014289,0.0025484849257129127,0.507889406836165,-2.1832088653336523,-0.3068042952601213
2025-03-03,-2.1747347663896077,0.4237823154732645,0.8321782972561031,-0.2278285200357666,-0.2573231096843598,-0.31802088089183944,-0.33109189265562167,-0.7107825716113458,-0.36895327992719773,-0.4049020527623422,-0.45587340037862206,0.5372626203521413,1.0057587801119094,-2.89302534200494,-0.4768177358747405,-0.32683989477722,-0.38941939374286805,0.4400480309247279,-0.2596320433661148,-0.45958599696492297,0.018720585345854968,1.6319468005699944,0.32419497337359826,-0.25679307255896955,-0.5167277424797612,0.1822623802691492,-2.0276772973152446,0.16462841015991714
2025-03-04,0.7351519011825014,0.030590394616103467,0.07664062860845607,0.5024051309460154,0.32274802459413277,0.23269322834842399,0.23761999809903678,-0.4743511177021986,2.4503378037713075,-0.29842647856754834,0.1174166475292171,-0.02388920023084773,1.8397672773016627,-0.21738517407112745,0.004992261993908009,-0.014558741511988549,1.87611521794544,-0.5385684503127153,1.1129032258064608,1.0386047423084355,0.2806808002388861,0.4532323253127246,1.7187313936410709,-1.473716195685204,-0.18530117966384374,1.109042965720497,-0.12649986371996066,-0.14512631971372314
2025-03-05,1.2445322266308678,-0.20989505247376306,3.143657853052262,-0.7763171514336031,-0.5053122570614077,0.1362093493197658,0.020970783008119238,-0.5444137606824532,0.08884501480750373,-0.05502567865004471,0.5581303368370816,1.8022683722616284,1.5100825206932345,-0.15087507543753986,-0.14800927524791785,0.6820160588178359,-0.04444444444444695,1.1260084740843945,-0.6696546269443715,-0.8867558719766078,0.02916897587725842,1.5307386407155121,0.7823640497938156,-0.06917085200444095,-0.5028830204575896,0.8835489833641352,-0.08854594902282242,1.0284174805066826
2025-03-06,-0.19643009650696097,0.08062249782320174,0.32228360957644586,-0.17666008521250998,1.0184595798854224,1.1708409692527066,0.0036695709758810535,-0.07277341948571288,-0.005681276043052463,0.5356332274171649,-0.05175472211007559,0.20960502120253022,-1.0805052503424117,0.5772113943028456,1.6709133673069365,-0.696055684454755,0.2630534048044364,-1.546391752577314,1.3201490991923803,0.4168903767804544,0.17591834680012464,0.16157701803810598,0.5999700014999165,0.6045770909519854,-0.9024517475221705,0.0,0.2727160034709186,0.5103767934796721
2025-03-07,0.08662410403785237,0.16084649382844263,0.0,0.21024914968735264,1.1884342073021248,0.772277227722773,-0.8778414341156893,0.07779596030830967,-0.1487663710493914,-0.09068649678063423,2.1294718909710353,-0.3788822972231931,0.28708876474239364,-0.8130081300813052,-0.13132310698779626,0.0,-0.13883379611264735,-0.19971472654748967,1.4556993905203264,0.13701249044097974,-0.8212460488611795,0.3226354159044524,0.35897627565094625,0.24783165489676295,0.13361186967402924,0.16050791839063994,2.1314920444311047,-0.04027884921379288
2025-03-10,-0.3979631135264672,-0.6463986820258172,0.14093482424514248,-0.839789812826025,-1.829127112757578,0.32650638171564106,0.36571224690038484,-0.8638034168781172,0.2272727272727204,-0.5143581454138957,-0.8418367346938904,-1.1356722774285233,-0.06342662332513571,1.5470852017937187,-0.2546527233689977,-1.7387304507819779,-0.1501035196687428,-0.40871620217829047,-0.19264892268694433,-0.18637061690232604,0.49907630284660165,0.23186195780836213,0.5383833440006036,-0.4251990162355668,-0.31798478072724845,-0.0978164558954775,0.07133515634287768,-0.019754851789771655
2025-03-11,1.8149094154734424,0.5586057991106933,0.2436702110291511,0.4804515238142626,1.3370865587614356,0.3506311360448766,1.8881759853345503,0.22551209970634312,0.3682986252886433,-1.1713170174269094,0.09557737422885015,0.33510638297871154,0.024054109690296865,0.9367900499848147,-0.004863576674285497,-0.3347477604903282,0.3186253819790319,1.0221864000367176,0.381598473606104,0.3232505913098871,-0.9551357377444392,-0.0730158730158803,0.0037447573397297873,0.11638801287270721,-0.8215131798911646,0.2667929273606984,-0.8614232209737782,0.2805858607789924
2025-03-12,0.3057324840764375,-0.3577189466555127,0.08520100745495658,-0.6190629068264286,-1.4215800512701104,-2.390317700453859,1.649540292049756,0.3997497959932206,0.4089775561097353,-1.8402505873140185,-0.026438706265974332,0.42497300085063694,-0.8586790787256104,-0.451532747817629,-0.181818181818183,-0.8573691813056339,0.2595993312670297,-0.628137409585533,0.3218975172007199,-0.43871800076984063,-1.8148933516277999,0.44187753389570705,0.2625518480431466,-1.1608329641116577,0.2960378505537431,0.2939419693969936,-0.46919885094158786,1.3944832509050098
2025-03-13,-0.2579424788272333,1.0877274666159342,-0.36350730923326857,0.18319681037500812,-0.33112582781458233,0.47609139137788636,0.1605789221742815,0.0006927355008845559,-0.23041474654378336,-0.09937394415184819,0.698147600717991,0.039034136307297684,-0.9141821775654813,-0.36020736990518554,-0.004906411480215533,-1.1163819546158527,0.7138519603825499,0.31676553590969103,-0.3842459173871271,0.1632493143528757,0.0,-0.7903374868542756,0.7121771217712292,0.2988464526926027,0.0359347343193687,0.06229847106848929,-0.25827631030117165,-0.20346646571213212
2025-03-17,-0.28235047844867855,-0.497512437810943,-0.14198055721456604,2.3420865862313622,-0.006947397137579969,1.671901915087659,-0.17766722927956002,1.8758804774968496,-0.23566814126981805,-1.4202840568113606,-0.4636044595029698,0.22440692455653055,-0.22401061976271563,0.007740537193279273,-0.07876623101206737,0.6390532544378713,0.33448562366914514,-0.19661134563117022,0.04864791453009776,0.20049037197751307,0.0,0.8322849735664328,-0.6629936459915775,0.2766704349378202,-0.6804507568924645,0.1400560224089631,-0.3027627097262675,-0.06769462203836119
2025-03-18,-0.05982650314088067,-0.7436452136289851,1.5434155007772565,2.908040442946569,0.27752096245394764,-0.059382422802856105,0.3966465338501868,0.42206374617959064,0.19667870122038744,-0.28245737919903036,-0.11105034678572379,0.013627092595286383,0.5312193527296394,0.14654839953722743,-0.9404388714733591,0.1846722068328699,-0.1746942850012423,1.8550130875156334,0.6997399196355484,0.962977422083422,0.6764797995615357,0.3543294631275895,-0.4219886213782331,-0.2874306573539154,0.3300765777660475,0.5890097706326758,0.3791529406855898,1.034474163073007
2025-03-19,1.7791643829841108,-0.041350792556849036,0.32056689426823715,0.6744271988174289,0.5266773528738389,-0.0819591254567098,-0.5801499464476945,0.2526002971768193,-0.13928714705642165,1.4958717824186563,0.0624698516464998,-0.9128987219417906,0.39444743329052717,1.365162252890717,1.0952745360627292,1.8012309920347747,2.560516925450851,-0.1988400994200501,-0.8581472291149805,0.006698941219614636,-0.05470604237932294,0.952585809544293,0.32700507298246695,-0.11211406887828845,-0.26217817628860773,0.787455258223968,-0.16422812779934848,-0.3501696155166545
2025-03-20,-0.09292929292928909,-0.36209028492167894,0.6734577662749208,-1.5809558422678394,-1.719530614616016,0.024912205359123307,0.409057843378019,0.03047253245819226,-0.14413518886680077,-0.2021200116708921,0.16472098223456744,-2.462459309041265,-0.0882754193082369,-1.5944195316392684,0.13762870347328038,2.5862818395201215,1.8436511522819776,-0.37585895205080044,-0.22956841138659367,-0.14930114358322477,-0.12129505800392293,1.9961462034082,-0.05878526443425051,-0.580897857572904,0.18984234288151325,0.04361187797752297,-0.525708034520489,0.19199280216036785
2025-03-21,0.8542864898285485,-0.44665103996325284,0.032030749519540436,0.6126554498902648,1.6976272845689477,-0.40812263587497455,-0.44309281476970774,-0.01488095238095788,1.298831052053151,1.2582781456953684,0.7300538849296156,10.557092883621365,-0.4218750000000049,0.30085959885386426,0.6858710562414272,-0.2226963236706625,1.422870032968948,-0.400903444381695,-0.20457233484345952,0.7009309277907402,0.7315219456583755,-0.4203153218322801,0.03320699038641036,0.8897371898399786,-0.25651041586342016,0.00458854480571147,2.4625927979397964,1.6041213956100364
2025-03-24,-0.6219575921551479,-1.0863010256182803,0.5364806866952732,0.36275695284160303,0.07220216606498298,0.3185981680605465,-0.7889246660409188,-0.46694963768529885,1.7613261750023534,0.06375227686703511,-0.9137559117118832,-0.25793264551295936,-0.179687499999992,-0.9105960264900514,1.67298271559293,0.4222584556210496,0.5172413793103514,0.14811741923445865,1.7874130075602013,0.6537055265978142,-0.36637432819995874,0.033880255005103166,3.8414110085572384,1.75871375917811,-0.12341919903515741,-0.04415752401862316,0.5788712011577379,2.134160673153751
2025-03-25,-0.2900813146220038,-1.3822434875066403,-0.9313777968097736,-0.14984079415619744,-0.7127934128057123,-0.1481481481481528,-0.46334609889848166,-0.6194029850746297,0.40711986366217534,-0.5287212115781093,-0.8153558688636098,-1.270213493575656,0.13908205841446364,-0.20507333176851827,0.597870126895983,-1.844648011042782,0.08240824377944711,-0.0841567255516799,-2.4481451934583176,1.176869281247117,0.798334990059657,-0.44841708768048605,0.5512059825158788,0.1305015576263724,-0.49135956584125395,0.8929477422628063,0.016890465332308757,-0.2711397058823617
2025-03-26,0.015544270468899798,0.07670469267392899,0.07442016429239917,0.45972607987743164,0.5493133583021281,-0.08441695774418963,0.0703667868765967,1.3721279252711631,-0.4486400598186946,1.6076605464288907,-0.6802120141342849,0.18981018981019115,0.2851734917011517,-0.1961999173895057,-0.8463836335656838,-0.33371866772967107,-0.5804186357416696,0.16919122756851035,0.22651222651222103,0.16595463140768688,0.049426956226250596,0.3863608487673309,-0.29447427680582283,-0.18123518750871037,-0.024339956857373963,0.4017158030911627,-0.028715828164482815,-0.4108008308331468
2025-03-27,0.35890191287082374,-0.3349742183333689,0.14487538454877047,0.4416048106736792,-1.266586248492163,0.0,-0.060679298663696146,4.890076022190271,0.7076599407095596,-0.3369989357928316,0.04407510099445067,1.8488247340544772,0.660960547448027,0.8703547131182154,-0.15195019754078998,0.1330023909400846,-0.15482615234893027,-1.6633996079529534,-0.19939669717266018,-0.19211416910579113,-0.25912304624852905,0.3085957395811523,0.10708951995622717,0.25102665704722266,1.050783569566005,1.1491298487702917,-0.1914875097919766,0.0
2025-03-28,0.019495501723404418,-0.4581451867852554,-0.5777796746154695,-0.12929442186921936,-0.26804523373783473,-0.4402466315637066,0.4509582863585049,-2.718560531977321,-0.4523607577042621,-1.078610603290675,-1.350874095002641,-0.5117208440957144,-0.29097963142579175,-1.8676627160615578,-0.22749109448478855,0.08547008547008517,-1.5751193610280545,0.40160642570281624,0.33408846274112225,-0.10506633600602111,-0.060124679598749786,-0.3852879286328159,-0.6921964322611829,0.2759428045823187,1.0111628372628578,1.0589666853027424,-0.9926072133268182,0.3476457123951393
2025-04-01,-0.2606590951405696,2.257839721254351,0.47706819906756515,0.12024078050926201,-0.29578797917653166,1.0147694162564003,-0.587802816870403,-0.5020336318693863,-0.4110559924566992,0.13039023935921268,-0.5609075057493695,0.6154777519927324,-0.882331669921177,1.1732983530097663,-1.4309879760435296,-0.8057125723101632,-0.718612214239156,-0.2660681968538303,0.19098708179871027,-0.9707192870782921,-0.9027439519402547,-0.1990306751166293,-0.42899458649687805,0.6272520520653672,1.2152602324406292,-0.4817604092219596,-0.011782379451530378,-0.15376729882110585
2025-04-02,-0.9643916913946726,-0.18324607329842646,-0.011465184893022506,-0.46202180742931365,0.4491725768321464,1.4252735119943738,2.4129705811180013,0.1370651619252261,0.3226265998279909,0.6011047829500793,1.2527024148572208,0.8550447641082481,-0.7845188284518856,0.5212848216596844,0.34363755124595663,-0.011048483426923106,0.23888192277068399,0.04196642685851959,2.5633654352929858,0.05920078934387174,-0.24857954545454142,0.7903040848855292,-0.12022120702092076,1.8875838926174504,-0.052510977984349116,-0.7275825904562105,0.43502794381444404,0.050947256184696865
2025-04-03,3.320420586607642,-0.012671156876620238,-1.8066947461760186,-0.5244979542264105,-0.011152001784320298,-0.039455513908071005,-0.9398982495472996,0.3775550058586097,-0.1010214389942643,2.5580587988086823,0.38800705467372243,-0.06546150360039471,0.1447729350807503,0.4287740453370825,0.06426145230882252,-0.44629048650081105,-0.32449337455031646,-0.0819886885123633,0.41802658610494703,-1.2091776921788644,-0.3800299332003598,-1.3371223451989156,0.5004456022485781,-0.25730161771548854,0.08850945627315958,-2.101284474198406,0.5104140593335638,-0.336048166903935
2025-04-04,1.7823941952541333,0.5110274341043608,-1.9099916437865572,-0.25085076871660394,-1.7857142857142905,-0.19495077492933666,1.5012942191544587,-1.1475739883229252,0.17110266159694465,0.3080337517651614,-1.6084264465162534,-2.2394220846233326,0.456479690522249,-0.42187846939529816,0.3657257125136565,-2.784857925044837,1.9680812996493158,-0.8993857959152141,-0.08488256124385418,-1.1458044862919015,-0.7147232999795805,-0.018694859432003923,-0.008650967438014745,0.09879253567508517,0.12377553915669803,-1.8781179692849426,0.6513500710563669,0.06098856598304817
2025-04-07,0.58034044792864,-1.289213579716375,0.37438160181844093,-0.49448364936111044,0.39039394297883945,-0.03523172941664413,0.042276633838223,-1.0349099919830795,-0.17624200536184853,1.4030849284519586,1.0862277447807989,-2.1407451212300477,0.2041488630334487,0.6793368378487763,-0.020109164033321747,-0.5223323739473429,-1.0036496350364965,0.7864803379915353,-0.5365729224539761,0.025804696787423698,2.5842863508094505,0.6475845955926244,0.9782842399484126,-0.5898527055252789,1.9725422124033498,0.5655205911945238,2.0262557077625587,-0.5140073081607799
2025-04-08,-1.1130742049469844,-0.3229429935411532,-0.3859462336970987,-0.21495327102802886,1.7893777068611838,2.251974571373516,0.13629845168387686,-0.10307830148995056,0.6295307134681405,-0.0547497823829198,0.5870319309792871,-1.496645449853784,0.34330180042720926,-0.7785736530675824,-1.6899712936383038,-0.7313378258371195,-0.3651344144850466,-0.9580234463632764,0.2123142250530785,-1.362690956035284,-0.4378743825971254,-0.6247934877294137,0.0210341805433778,0.4365821851788798,0.9386446886446853,0.3578376876042233,-0.9481099446584706,-0.7891617273496965
2025-04-09,-0.3689382383198936,-0.5386250885896504,-0.32906347948197523,0.1648453417299578,-0.13073319533717376,0.0,1.1179808588125617,0.7096104238441536,0.026892893958035957,0.36433169312635183,1.2357800324867885,0.0,0.4745077418452907,-1.231429252403271,-1.1489639723726075,-0.08208801674430832,-0.6932069773280591,-0.6466290382867335,0.9386349700485797,-0.1854343162564165,-0.6045862698100368,1.3697363339187252,0.5678701480940185,-0.8283760493689951,0.057392389270116695,-2.1901408450704207,-0.7453767769530661,0.13175051152073033
2025-04-11,0.7174383888571834,1.8725544997205024,-0.20284899409879764,0.6866608268690233,0.704303964609232,-0.7894983591186233,0.4460853648389884,-1.379310344827589,0.0,0.1653051625690886,3.7769938914221868,-0.42350347357498763,-1.0180514374271588,-1.1039131711993,0.35841747397942214,-1.6978099256580226,0.08206811653670432,0.9693259358459327,0.35278280648005644,0.12928454240498932,-0.11175394526345417,-0.0843048408302886,1.2739381680348938,-0.47350364342624296,0.16367423866678887,-0.6510418080097002,2.0656595919139598,2.408653846153852
2025-04-15,-1.4359861591695444,0.16374820894461406,-0.3945024179180301,-0.09128251939753973,-1.526879440144202,-0.03423277486963583,0.22580484484218122,1.4769631678735684,4.052346570397125,-0.46329294369209517,0.9866798223976403,-0.4275123112722601,0.009064052839524717,2.944794153823893,2.202452290956014,-0.11350737797957144,1.0111317254174468,-0.1031185640004817,0.26124270864762433,0.15560899702928843,-0.6340579710145011,1.5606936416185047,-0.5158198155084374,1.3456653259137363,3.0521177456732884,-0.07408902983460919,-0.1393601551139212,0.10884997633697768
2025-04-16,-0.25996655745466796,0.22834116856951248,-0.18858281342222227,0.0726986088504485,-0.8250475988999306,2.1836925960637243,0.30081300813007417,1.449371717306036,-1.17647058823529,0.4896884598508011,0.009803280831333083,-0.036873156342187574,0.23236638932615516,1.519696060787834,2.584629053753873,0.43755160925977865,0.004963178735134521,-0.43478260869564966,-0.07177559543177225,0.12157211956088283,-0.14826645615265144,2.965020692783038,0.14608492008245655,0.08705501455483766,0.03762083908758207,0.2043646449164438,0.35521803037725785,0.15411650382250267
2025-04-17,0.4909946542595874,-0.36538067758846343,0.2772415618023216,1.6600505232767793,-0.42649897293088324,0.022648099355127016,-0.6200649130455704,-0.4923517639374486,-0.5852913733141119,-0.060402105444823384,-0.5371426581601668,-0.2531509210384475,-0.27451578465762516,1.4930390378160463,1.618274578609813,0.17034890854009666,-0.25014945507723835,0.3366471441622221,0.21670628342340126,0.14662066527184603,-0.033132719272271904,0.292762266196811,0.422860918401069,-0.5274488721545937,0.7372749184743954,0.17789637536136382,0.9149688910577103,1.7757628904307543
2025-04-21,-0.2270884863955621,0.14682327816335494,1.3576894593927413,-1.3495276653171406,-0.26147257668548973,0.5542085838678767,0.07342221431839713,-0.1514852137258771,-0.009341012547642302,3.145750332005326,-0.1819789110690695,1.2431660537749911,0.12200701540336922,-1.1333802907088408,1.1646026408595134,1.192361434559852,0.5503731343283746,0.49698483205778965,0.6575342465753531,0.6387362637362504,0.695894224077942,-0.5298519691921189,-0.08518405841193566,1.7073170731707332,-0.46500920810312873,-0.1558296459439945,1.2759296178531887,-0.6454816285998088
2025-04-22,0.0,0.654019605745193,-0.31253756461113724,0.01897051866881864,0.5644796454222334,1.527802451589988,0.8390166534496313,-0.05316321105794941,-0.3914843900836157,0.32467532467532756,1.12540192926045,-0.052241959027399254,0.41641429436705124,-0.45563744334630174,0.28719126938541173,0.3261164960594254,0.7389865774610538,-0.18497833268866412,1.543673342845986,-0.32208280212037144,0.1544726864204593,0.36191061734744584,0.0,0.0,1.0937197719879999,1.2072580062170157,0.36664144794273934,0.061138040962482876
2025-04-23,-2.281101947710129,-0.16816957211207942,0.2940288090310328,-0.11908002718996984,0.9121549920208305,0.7415986347964143,0.6763655243457012,-0.5476879159531026,0.6226062015775025,0.43026103080339717,0.14973599180392316,-0.042181270345453825,0.09851631953045614,0.5518271323068924,0.09813542688910104,-0.9024318257027542,0.7410979514679172,-0.12552991653009085,-0.7612362111405035,1.0402131168336881,0.8385601308971813,0.29371770465054237,-0.36771660068696627,0.8935299816987818,-0.5716815719411295,-1.0107480959498982,-3.2032967032966986,-0.7468622945023928
2025-04-24,0.0144743984078044,-0.3281171125694149,0.8149091780135787,-1.211676152010288,-0.02108370229813028,0.16262946161089697,-0.10969207866488029,4.6497461928934,0.567418273568826,-0.5051244509516883,0.01888461058888735,9.548212173946503,0.1617949330382007,1.2238086408306925,0.18082671095262792,-0.6018406066985005,0.27872684768925904,-0.20196997698164929,1.7824290281189037,0.3724512341392705,-0.2788167290037391,-0.10011123470522465,0.8859290034826106,0.2609776771339667,-1.261180679785323,1.0851063829787178,0.3256584585499711,-0.1968680089485475
2025-04-25,-1.9774533357974633,-1.8012201573198716,-0.9260372820204532,-0.2736134070569385,0.5869170846227734,-3.2613447582407917,-2.4137931034482696,-0.5971029398189609,-0.9171012407840351,-0.0275270793830662,-1.8964551492358206,-0.2664129400570814,-1.9981967515909582,-2.7233935742971838,-1.641447621654435,-0.27100098327699956,-1.573102535495835,-2.5510204081632626,0.045833149706930865,-0.6552228483817498,-1.302083333333337,-0.6494455881415451,-1.686226065472507,-0.35008348144557333,-1.0127699094497289,-4.0265143501868605,0.4673690178679468,-0.9738867318422717
2025-04-28,-0.8136894627885305,-0.1255086574652564,-0.11366581468021386,-0.018719580681392234,0.820379965457696,0.0,-0.38843584496592864,-0.8664021164021096,-0.2117858740058709,1.0148600829179233,-0.2213541666666652,-0.08670937906450904,0.659818549898783,-0.9425435765009649,0.4674088552732325,0.1849501393574371,-0.22883295194507935,-0.043271382396820046,3.3557046979865834,-0.6119556815253779,0.10189669682569291,0.4629861429493065,0.0,0.1384682929485237,0.4248223129851514,0.9217917326804104,0.8406865378561612,0.1164515983993697
2025-04-29,-0.9826897939194168,-0.339926471319274,-0.1601397225757195,0.5007085498346608,-0.8400714060695202,-0.6106363880023558,0.7940289026520553,0.4982906486366345,0.11736029610904808,1.3348561638946155,-0.44828759087876535,0.21478237872581962,0.16506289301485197,-0.4008908685968815,-0.26786582539901627,-1.447873082287321,-0.6727664155005364,-0.28410845531468,3.8782051282051366,-0.31454615483372805,0.31578461713189415,-0.14388228609110432,-0.3263052208835271,-0.6640966578968344,-0.5782218521602323,-0.04481241840760264,-0.5463453737894752,-0.36536031503500155
2025-04-30,0.8295249433541985,0.507410869274949,0.13185604380711777,1.5626251043914408,1.452370781717227,0.06423786363218831,0.1849961724929905,1.4405680344097727,-0.09691790701675806,-1.5861623483815368,-0.9147849019284782,-0.16445698565052402,0.6500790667302248,0.333835909999991,-0.4532264714504963,0.053271774837981845,1.4811783960720026,-0.6470298249938389,-1.6857515596999995,-0.3225806451612856,0.30110404817664804,0.4071016623317991,0.08016279213172162,1.1987313874106231,-0.22682034902560266,-0.4191415367244933,-0.2026665000125457,-0.08243098641866453
2025-05-02,-0.13613380007779785,0.7243405767390909,0.45514432866211596,-0.4914632315816736,-0.3346012574935886,-0.19488303412680263,-0.37355094397884814,-0.5702535663426933,-1.4321518080916529,0.35779481562614457,0.23145958760175112,-0.7203312906296203,0.40641555991001166,-0.3163103193235095,-0.09662938954377864,-0.08150697337440116,-0.3322527006631104,-0.2422832522820939,-1.4192313825546088,0.07545033745868512,-0.06909325851343351,-0.489291392724267,1.1261447314413104,-0.31557284159279275,-0.04558094937346935,0.02345414415340456,-0.25765428050087413,0.24474413113562132
2025-05-05,-0.46367851622873824,0.04115943521090237,0.6610576923076872,-0.12149532710279409,0.7853125331635402,-0.18298110843691928,0.07907013520993544,0.0712118752656643,0.4913793103448416,0.12595621546465097,-0.3668188283186491,0.5066989173529546,-0.12231933711119303,1.2612505599381651,0.16111252437887025,0.30594798884191476,0.3940886699507429,0.49370525796099685,-0.747356413506243,-0.26323682282957117,-0.1774102580969957,0.4177699823752046,0.08902077151335952,-0.5540520830764395,-0.1435936645391961,1.2016949156578915,-0.05081893692236439,-0.16362673853410614
2025-05-06,0.5602782071097323,-1.5469505854695087,-0.6474043879630687,-1.6458569807037526,-1.1132315521628522,-0.1004566210045632,-0.02394503709153654,-0.922906113385602,-0.4991662136550057,-0.13745691117550973,1.8712574850299424,3.4379315270701483,-2.5226013414989756,-1.564625850340129,-0.026611726328451546,-0.06660394728258412,1.5639933964723296,-0.5495242400987699,0.3469640644361949,0.13724097350716336,0.08634253097388929,0.6713630424312778,-0.06684909611231471,-1.399858380086061,-0.20589611605054126,-0.3062899369231875,-0.8308200079667594,0.0
2025-05-07,0.12285012285013774,-0.630066632432924,-0.13361778504202837,-0.02951303492375601,0.4616399208617228,-0.05996247026430387,-0.2773848728684969,-1.113774143521784,0.787302045901872,0.41284276035411516,-1.1504735180638437,0.0,-0.29166930702866356,0.6663519889091141,0.038733452887129705,1.1632172800400964,0.0066991658815718225,2.4003097083911795,0.6147941267841406,0.693864439447478,0.25214161282685055,0.8230983302348394,0.4029914746982925,-0.33950381727235746,-0.40194428865207854,0.5182694905727092,0.13007233507382754,0.33334950461048063
2025-05-08,-0.06346519991538013,0.20647553467894042,0.15697157561233022,0.21722078923551713,0.6090808416389759,-0.28758094043747445,-0.2886896241223402,-1.8617547182299021,-0.12355851200271384,0.44484714526485947,1.3054819044198585,-0.7701174372967912,-0.9652607799977286,5.611101011937225,-0.21260311250956843,-1.1518885614787089,0.3348902793689934,-0.6208530392831035,0.17730496453900457,-0.5503542510121529,-0.04639475984570818,-0.5753222680933534,1.620574246961426,-0.6392115743455107,-0.48040229007850765,0.04204330460375605,1.4240506329114,0.5654775929503808
2025-05-09,0.46902064481371686,-1.7414018284719224,0.33415841584159,-0.03127530253742572,1.1456065986940045,0.2594928293398968,0.1465465162519941,-0.23846223262766753,-0.4720835224693687,0.278551532033422,0.18138691223663628,1.0557021398290178,0.33744919088887215,-0.9650796932936645,0.17268174753928278,0.604203152364291,0.4164666901074643,0.8277731711487601,0.2852950766221163,0.45530332179042343,0.04422174094922404,-0.3445938312055197,0.10043492099966189,-0.2527947868097291,0.9058641582907978,-0.3566588201726173,0.016796371983662794,0.20536620463240673
2025-05-12,1.200000000000001,0.48149676709312583,-0.18847920838732657,0.7483998030526795,-0.291557786328428,-0.2501609491400769,-0.9439113815430278,0.31172069825435855,1.1273559978862036,-0.8034127266263735,-0.35947009059155155,1.174663413752608,0.05933837709537482,0.7525274159733031,0.443700293009619,-0.7114756842722003,1.0542036370025487,-0.9098039294975879,1.8370607028753927,1.6102858569466916,0.6971790071654604,-1.2337354088205577,-0.42002042459908795,1.24696534981239,-0.3635094251803528,0.8927923350511735,0.053717232488192934,0.3625714684144299
2025-05-13,-0.2609917687211416,0.09615384615384581,0.0,0.07862407862406773,0.6437639806708195,0.050614995628367465,-0.3555224007339837,0.4127510301840498,-0.04678032148557332,0.40180813661476744,-0.24800905563408712,0.38179019133492975,-1.2875855909496803,0.0,0.1421048232048916,-0.15771359770344606,0.17878528656971593,-0.032708126330838194,0.22798721863451776,0.12206286237412822,-0.2980153446198619,-1.4441447516295725,-0.9243202886047908,-0.2588019625815452,0.6441223832528209,0.8433137268797353,0.6984126984127093,-0.033128253667757956
2025-05-14,-0.15302618945678045,0.4695132723991968,-0.03371544167227736,0.21595684360475134,-0.18219543673557714,0.6652975930570459,-0.10225654459895539,0.7495016226348072,0.7884248830358542,-0.8620689655172376,0.2352969197095045,0.06840917968177207,1.1714984800177852,4.126304522344126,0.1424620799463705,1.0079235613805304,0.09032237752518713,1.6459932064977534,-0.22415187614752696,0.14748727030960418,0.018996973763291125,0.07224296615619963,-0.9552975460299373,0.4064600043355737,-0.20324418267838595,0.34965034965035446,0.15553231563919523,-0.5636893108730445
2025-05-15,-0.5997600959616101,-0.20505809979494138,-0.22306059594515704,-0.5326123642104885,-0.1877594248629877,-1.7265434251831135,-0.1121159096200891,0.32964807960987513,0.5201834464962807,0.0003086238414773401,0.04128262162622909,0.5668659161623679,0.0,1.179093386177854,0.35359910229004754,-0.13715110683349963,0.36452507732039896,-0.39921251230449206,0.09465215333648302,-0.4388103364212581,0.5343272862972611,-0.2217256405978113,0.02373887240356698,-0.13917139492560793,0.10148263384321214,0.2219440846179125,1.6095477937150937,0.29687004724306965
2025-05-16,0.5227181342983611,-0.2861035422343394,-0.5867087893489664,-0.8099565389174224,0.785505452317703,0.184712815551058,0.24096569593319295,-0.1912144693488549,-1.6573218997361416,-0.4143646408839685,0.7836727036482471,-0.9336947635643855,-0.038301139691859776,2.4329021046534116,0.0,0.6557843273182207,0.18799071104722564,0.9723077909536082,-0.28987778125979524,0.1084664055438278,-0.15100037750095385,-0.7099521972381007,0.15996626561987082,-0.2090704406561672,-0.1750547045951789,-0.13544748227921066,1.3106020245071903,0.07138098410583993
2025-05-19,-0.04082465809348568,-0.43725983834637105,0.27073133168212804,-0.79653967959053,0.2600999108876789,-0.7860262008733576,-0.015622558975159073,0.6615290186182898,0.037281433116664875,0.1019039927310672,-0.7176245967476569,-0.8752005460026968,0.16580161476353883,-1.4265881365486788,-0.008257009222593462,-0.6462282882914339,1.172818506548734,0.361197110423106,-0.25762539408991647,0.18184022305733905,-0.19718847401564155,0.05167661920073563,0.5426356589147252,0.3969103865255841,-0.05623123578474831,-0.13743071012889038,-0.15625000000000222,0.06203562075872693
2025-05-20,1.2517666060973154,-0.5387810009658711,-0.9752625736336007,-0.7112375533428139,-0.8144594443824538,0.026848040093074843,-2.185059556677449,0.22388159797566143,1.2138513461871114,-0.027061663155725224,-1.3997290846932908,1.2961299464931408,0.5274725274725389,-0.5926772115628809,-0.5556937878410939,0.32615629984049654,0.05287840567274049,0.07251631617113397,0.3107644541008166,-0.27014393982560114,-0.2481693764565751,-0.7753528522211728,-0.9374072975378178,-0.6349338734639942,-0.2631066068992438,-0.07595611593921303,-0.525762355415349,-0.44511790889288916
2025-05-21,-0.2946573138688402,-0.7869814592503799,-0.09659604257442056,0.0,0.017089805270148473,0.020108218777425968,-0.004555397226374547,0.9165526675786628,0.10647882709475809,0.15190447864595336,-0.9660866974358306,0.14799222747364782,-0.060446152744386694,0.3778279500529891,-0.10865630473200587,0.3502612671456573,-0.87546613929389,1.9278096800656286,-1.7142998593592418,0.24352731568629826,0.07390137966276078,-0.028127521311338555,-0.11834319526626835,-0.1490550971519844,-0.2602289708557544,0.05393734092708676,-0.15443864744859037,0.4671005061460676
2025-05-22,0.24600178175533394,0.08705987220115619,-0.09788654060066126,0.7630351844001515,-0.7274951531962004,0.5414771496642823,-0.04189524468788952,0.9636676856777449,-0.04169446297531687,-0.08352064734372111,-0.6806595190002984,-1.6022844451495266,2.5989660788896085,-0.28529485084340944,-0.202197651772279,0.06491274457958718,0.5297222859912465,-0.2555622369212196,-0.440798949027732,0.2219127639269236,0.03876970793488255,-1.4667817083692802,0.6683622168332626,0.27309236947790083,-1.672788642906775,0.10529917595413774,-0.40506129223422116,0.03675181971778407
2025-05-23,1.2485145709239975,0.11638052921776702,-0.6061299176578161,0.7047362420976366,0.4797012736647899,0.533912967583583,-0.0007929883138579896,-1.1176470588235232,-0.37203120914218735,0.521059487624842,-0.6732100776583427,-1.0074773711137297,0.2573018080667566,0.3558480744585757,1.5219036407971176,0.9420172161767049,-0.11340835732356336,0.3192502375734707,-0.3126350320798832,0.7047480395537264,0.5205268332379331,0.26286710699440774,-0.9232648582738201,1.1105178857447884,-0.2844311377245501,0.5892298716156819,-0.10783630227527707,0.3181796268620696
2025-05-26,0.6578947368421018,-0.3332000533120105,-0.3142536475869706,0.11356597150526948,-0.011122233344462717,-1.4280582001077846,-0.42140436074168397,-1.6227480762770252,-1.4261673664349162,-0.24411724156877534,0.012897882728829524,0.4465331481819601,0.6065253764640177,0.11775362377503355,0.08204791598294126,-0.1835887611749687,0.0422012153949991,2.1239888668466933,0.1327155646301037,-0.018012608826178944,-0.1263067783640548,-0.8607162281318248,-0.07746254833542743,-1.2451902522445435,-0.06419436077230722,-0.5314249273719263,0.4903281426800854,-0.042979942693410766
2025-05-27,1.0101010101010166,0.2841677943166365,0.11123470522802492,0.1812845960224574,0.06709908297919398,0.07597096938516401,0.11563168191306983,1.3125570295500877,-0.16219138583528636,-0.3076262698526233,0.32553556304766307,0.3255918815823544,0.22714366837024436,-0.176190359497147,-0.05086724482989968,0.1601601512126146,0.24627831989099125,0.8148439033968335,0.007094994087508688,0.054295366795376054,0.10697832740030888,-0.8229100541082612,1.2256976723995172,0.0,-0.11601629544898961,-0.011089759141386102,0.24722557960663583,0.05795981452858534
2025-05-28,0.1802776275464213,-0.48806941431670525,0.17358978681248916,-0.061607967963855925,-0.21504160068370748,0.6576838521102616,-0.5722155543694226,0.0,0.9879253567508295,0.0894054899530039,0.4054953700901809,0.04277058334323236,0.401522415940081,-0.16855013738072225,0.18420832286696331,-0.0878502383145352,-0.38247167103029334,-0.09154075134566453,0.05646071947089659,-0.07250755287009358,-0.1550240445456874,-0.12182387747997625,3.354214123006849,-0.012498869232346888,-0.0787091696182518,0.07867820613691734,-0.9404215301211494,0.04361079452814276
2025-05-29,1.2560563107509248,-0.41084634346754134,0.12621955828576356,-0.22784510398806135,-0.7003275725742664,0.2645141294438491,-0.13594197821471532,-0.10548523206750371,-0.670392289789673,-0.03567860710718129,-0.4785863296109971,-3.2439999999999913,0.2034312667574293,0.9215861814734883,0.09202728563343643,-0.16602496020337032,-1.740189680675197,0.048317553816927074,0.3281378178835004,-0.2641056422569066,-0.3501453406849153,0.7560137457044647,-0.13743864012656926,-0.18673280180707685,0.029675058113642905,0.1699646631439511,0.0,-0.045369981643687364
2025-05-30,-0.9127286993116657,-0.12286689419794827,-0.2948717294748493,-0.20674395836597914,0.26913022217456284,-0.1565663654262417,-0.08195841819886862,1.0589433737040688,-0.43823934580649776,-0.39062913426567425,2.5721531216036597,-0.6141820212172022,0.08454276454838983,-0.9433962264150941,-0.044588167609466156,-0.10579728133462234,-0.5177480194639705,0.5794302269435114,0.28692962519192844,0.19379997688612205,0.11551707832163083,-0.04018931160293393,0.5994550408719324,-0.06994135686232417,-0.31604294170763936,0.4330818664431524,1.9875007037892134,-0.08146779973136065
2025-06-02,-1.911396927474085,0.8277703604806508,0.10482180293500676,0.20321813819313417,0.11255719442115897,0.05390147443908866,-0.21165752062018706,1.0847701149425237,0.28671336896229177,0.5969505178365919,-0.4787086000556551,-0.4141357072487639,1.9998601496398871,0.5872840241722521,0.4638209172966312,-0.34085503620207014,0.16618105958617901,1.1856951615987876,-0.11736331980741754,0.3527009467235942,1.221255034429003,-0.2086808321674738,1.1639290764712262,-0.13185363420454288,0.060006000600054676,-0.5869906491024479,0.3693960933564666,0.277430759757763
2025-06-03,0.1302810348036587,-0.1724595383390759,-0.46449441062260677,-1.4881881569361988,-0.38039829939583436,0.32854554286212423,0.2487135506003435,0.3405872585702796,0.28160263508808886,-0.5364142768722879,-0.3345910190868051,-1.3348776229492154,-0.37037037037037646,-0.9505678723948197,0.28612303290416197,0.8930688374298557,0.08982186632048306,-0.6894732225499967,-0.1864925875990353,0.06844983340888455,-0.3938278778488069,-0.36603924972065105,0.4195854490733675,-0.08235490523473277,0.18197659367283162,-0.31333333333333213,0.6121407923822542,0.33647047349685266
2025-06-04,0.22069477311413288,0.03971252860820081,0.14432857949389089,0.0956937799043045,0.14260985601374232,0.3701832455801468,1.2205358242336262,-0.18349867880044965,-0.022814372699686558,-0.29099982954240433,-0.4845435358369121,0.11383039271484208,0.4359603324028072,0.8580802557415668,-0.034059945504094635,-0.09605471020602274,0.005053279716835113,0.20447906523854975,0.9376669076302191,-0.018452729483831032,0.21946811257422816,-0.8803131790851515,-0.5335582223998658,-0.10467928610058963,0.06407412883828734,0.06402663912647433,0.07882882882883635,-0.0048787627457635985
2025-06-05,-0.46298010021867214,-0.398761335987613,0.22272087144831568,-0.0901687138195717,0.33286596338617525,2.421564295183387,-0.9518143961927517,-0.2575844304521957,-0.26593712200065345,-0.3882450124208847,-0.028435394155729155,-2.9363940153413814,0.9428915340377042,-0.9482252244692457,0.09444492143899641,0.2815660430361744,0.012930824743079272,0.09788566953798927,0.6752462662853453,0.06368535641096591,0.026075426257417728,0.0746868895783237,-0.2568781544010523,-0.0026177720541920024,0.17753102388700093,2.7424094025465307,0.13356511653024686,0.4501418925530798
2025-06-06,0.11160714285713969,-0.09318745657186378,-0.8657521924893108,0.20076077768385048,1.4606741573033766,0.2373891616378021,-0.1201716738197467,0.05752912411909339,0.17820417379728615,1.4330737798434152,-0.971910112359553,-0.024809705229122958,-0.019678583142013206,0.5688571913737617,0.8215510157457584,0.47218068780987554,0.7346086675630081,-0.26530411712685775,0.08601141606066065,0.1663990235089341,0.05466777944327372,0.2756509638511373,-1.7934782608695632,1.509385416968012,0.26755736178591394,-0.12543116964566225,-0.12509635318328308,-0.06313595716024856
2025-06-09,-0.3836968096673887,0.9428561329091645,0.8515815085158085,0.10510805816281166,0.24293286219081445,-0.20872841847418,-0.2181344340666691,0.19080350107582023,0.24653665083775866,2.0115698133052806,-0.24019215372297342,0.14228185597954246,0.17756127786223708,-0.7987084714079384,0.6191183754333807,3.2596220062743875,0.7827788649706457,-0.3303536727555456,4.56923076923077,0.012122681537163338,-0.08235666772251626,1.1026293469041493,-0.21072478234347436,0.0,0.028706760442087642,-0.01876759461995059,-0.6901942932828087,1.1566173682214576
2025-06-10,0.25764406309327265,-0.16183757700435342,0.17248814144027458,-0.2453652198735945,-0.10699717667688458,0.6210514970456993,0.2034741004064089,-0.10724644105992054,0.43827611395179655,0.07809957696063297,-0.15963511972634237,-0.06514657980455363,-0.39215686274509665,0.2740195238910781,0.032586558044811476,0.20937710311821345,0.16056790332121817,0.2779108768567351,-1.1798969457098019,0.932611311672682,0.9646910466582614,0.525762355415349,-0.9118881118881039,-0.12545792141316348,0.033759344104167255,1.0259917920656614,-1.1251149456374732,-0.13613567669331084
2025-06-11,0.10373208719175464,-0.979406544173056,0.6329792940671597,-0.046994926664922776,-0.9721608484312916,-0.643243754852707,-0.2029083530605269,0.5069581855067451,0.2969153098868915,0.03550506110270302,-0.37492799017233014,0.6483913328955815,0.4096761607491173,0.38891187422425144,-0.4680816721814196,-0.023060107070999036,0.012771403813412649,0.019025875190270547,-0.28458024413988703,2.0909036754631405,0.6237135907191327,-0.14716302392762115,0.2285523161826175,-0.4266991770801476,-0.7952334497653479,0.29640152995150104,0.34072847437328635,-0.05724075622947448
2025-06-12,-0.4000161968697902,-0.18916362653694785,0.42978403352316175,-0.708333333333333,0.07917656373712667,0.04832303026848783,-0.5372351868414393,0.42328411469726807,0.5871559633027656,0.35347043701798864,-1.31929243329586,-2.2846811308349757,-0.35835571810451383,0.5415312838457087,0.146092037983947,-0.3010461353202376,0.2771778188369822,-0.19920318725100694,0.018554497072664766,0.3537110180982239,0.19928051314295572,-0.38118908982302524,0.19333405947064009,0.010353574571619895,-0.15972894482091382,-0.03594014811663104,0.6311170589426429,-0.023341580691849106
2025-06-13,0.3010096927552941,0.11098779134295356,1.2556448948122023,0.2558635394456221,0.5619910540199502,0.4106966525908057,0.17570060616709515,0.5258934977178331,-0.10048415090894158,0.2548020384163241,-0.17196555295913574,2.1085649559989594,0.3812964077864578,2.6909277293695633,0.09136971509260405,-0.17183501132987944,0.6312357672963231,-0.33586430035227877,2.176220806794049,0.06666477532859538,1.7572797056397915,1.619256017505455,0.7361268403170973,0.44669003669648155,-0.46437605478396593,0.1798897901271579,1.256406017523548,0.1338688085676054
2025-06-16,-0.5256969382022988,0.2645871048600368,-0.3681247293200518,1.1343321120814487,0.35500558079170075,-0.06113537117904411,0.04376750700281207,-0.2672058929732102,0.14273129026707299,1.0025103334848184,-0.21643324381243056,2.219294803999128,-1.1470896696381794,1.3690419146818344,0.13452522865268213,-0.6479646287543828,-1.3758146270818394,-0.20348837209301918,-0.23536271544640774,0.9811409435403373,0.43478260869564966,-0.27239392352017555,-0.08694139750393126,-0.460567170358106,-0.09440384214611797,-0.1734657255652472,-0.6346916475543862,0.9614018470281982
2025-06-17,0.48910695797365067,0.293526410426892,-0.06565929597862064,-0.46202656050956525,0.0,0.4174809024693582,0.025976349274786648,0.3763948656697491,-0.08242513050646938,-0.022694577897963697,0.08654797230465139,0.0,0.014512634903779409,0.7892595606183939,-0.2821319522593735,-0.5123891098194999,0.200255870732996,-0.16525712063770737,-0.251122441214513,0.07507941091537962,0.6063204311612003,0.23984919370826363,-1.7062524800181333,-0.9693219902036532,0.24875621890547706,-0.1906804910022708,-0.09040413291432903,-0.06689899952255218
2025-06-18,0.6191332135011107,0.28300551860760415,-0.512429132141301,0.8254716981132226,0.12402751155711211,-0.08007829878103889,0.10420474412225673,-0.18874085249700467,0.018691694522482427,0.7656703297937217,-0.2620414275018801,0.8977556109725615,-0.49442076339180074,0.04104753304325914,0.09476207178480411,0.18365472910928382,-1.7678645187938935,0.0,0.5765199161425594,-0.42878664966971014,0.21473710043560246,0.5107092605138419,0.15933407541518507,-0.39813857290589283,-1.1530398322851187,0.16903108964685387,1.37047854414738,-0.05847997578198871
2025-06-19,-0.10064412238325326,-1.4407988587731846,-2.18374324473366,-0.22754361252573796,-0.4296670542828007,-0.39554117224021024,-0.7036678687659448,0.6228681595728869,-0.22210139164210996,0.0965886008323924,-0.11568854766356718,-0.8504961227382646,-0.20027141139781213,0.2089602139752511,0.2911301613921502,-1.0164494103041544,-0.6407518154634806,0.37394561036506735,1.410670068282438,1.710342521499264e-05,-0.20359059781603905,-0.5674448067904458,-0.026959929222062733,0.46248161659147397,-1.2677484787018245,-0.7936988791275357,-0.37525614455132067,0.32691948440126684
2025-06-20,-1.4421177400237073,0.5978897165283326,0.14570724052902495,-0.06529103787544417,0.177048964679379,0.02750275027503246,-0.05351409204424895,0.44642857142858094,-0.3339269284820756,0.17946567057525176,-0.2689167209185356,-0.32708543983821503,0.08172530764285109,-0.7154844978358721,-0.04573962378590831,0.27530873908596654,1.8562468214951666,-0.15082161562733898,1.0591151506046836,0.7577965607694637,-0.07420000520645953,0.7068891580542395,1.6314507449158855,0.47452607923351153,0.13291754000306355,-0.09239568487663385,0.42983141327158264,-0.04404967563272355
2025-06-23,0.16057808109193328,0.15128229826778528,1.0155721056194889,1.9117325759230974,1.0798997342784,0.19702536533273696,-0.216299426786698,0.0,-0.005924645886938122,0.5157232704402492,0.017593620303429924,0.6707317073170849,0.1801561353172776,0.5120702267739752,-0.14299101950411286,-0.44309701492537545,0.0335486035393906,0.7136140200389699,0.5356618726152007,-0.3148137352066649,-0.0061641222099728665,3.339964401633333,0.28260831949059595,0.0,0.0052397812085824835,2.0444978953698234,1.232112271396213,0.05563798219583305
2025-06-24,0.5511811023622082,0.43087953413459096,0.26821636119804815,0.24268967857567678,-0.49880965876883954,-0.29732408325076065,0.8657243816254434,0.34690643545054467,0.13756182551249627,-0.03916045146492575,2.1859903381642454,0.22163120567375572,0.7238260345812431,0.43045786272787323,-0.11215742764262293,-0.14328744996257026,0.050218837064436306,0.9068581144908494,0.22675488343628647,-0.37761441564782744,-0.00027121612340974544,0.0,-0.2626450195247987,0.12115093387179421,-0.4862568459845451,-0.3304227471190635,-0.3316354911336361,0.7054354707425103
2025-06-25,-0.7570951384274827,1.8439716312056653,-0.5276748624677308,-0.08665570868109373,0.30752207419456057,1.8442256042972227,-0.13174073423503074,0.580693470254745,0.42934478252751873,0.3929395621530496,0.5358099660653703,0.07865757734659695,0.7597895967270452,0.25699862322166034,-0.12310217480508978,-0.10727832842538272,0.3565505804311808,-0.0631768953068601,-0.06471050878946172,0.017518248175174556,1.0248078485284084,-0.010005002501256577,0.49999846080245325,0.049820645675557884,0.16824546658390505,0.6558127747173015,5.643446236838012,0.3224195086508397
2025-06-26,-0.29816226284938296,-1.086366105377512,0.09009009009008917,0.09851138353764721,0.007561127490755363,-1.009310014791609,-0.35898782943699636,-0.007971232436865261,1.1142830831568196,0.47554347826086474,-0.2568771622094512,1.834017251486486,-0.24779210877439173,0.3837350193866773,0.2594896714269157,-0.03886211720814936,1.0353130016051537,0.08505421698138949,-1.195331177049641,0.2768617308332925,-0.2715881735695258,-2.1617331216733704,-0.8991441880619733,-0.0644489613801924,-0.08212287635374071,0.4345810638544334,-1.5678160919540218,0.2720756952238501
2025-06-27,0.1373787083894351,-0.35742215867348714,-0.23607683227813148,-0.03242542153049088,0.05606200284768992,-0.23419203747072626,-0.09655759520531271,-0.12740243657843506,-0.4220183486238427,0.018371659497962156,-0.42030448612259685,0.4455869751499586,0.0354673724706045,0.9646839258312889,-0.1695813750352715,1.1327733682669372,0.21922956467270716,-0.2730996813837039,-0.2097544275062313,0.07792271089553937,-0.20345900967700947,3.4114017337804614,2.464254766031204,0.1242880895316989,-0.2498087426660467,0.0,-0.09703802966590791,0.21407776924226019
2025-06-30,-0.11615085594677832,0.1380890138514168,0.05420054200542257,-0.545018530630037,1.7929179740026946,-0.24773620365623472,0.05905414712155388,-0.8623813319805884,-0.8410961381929982,-0.8071419836125693,0.05684186818114186,0.06854009595613775,0.35392916927178275,-0.12286090390523086,-1.139601139601143,0.03850150463068358,0.5571249215317042,0.12999071494894654,-0.10710133282817447,0.09060094189619616,-0.012212553874627977,0.06628109632313972,1.0247167868177254,0.5408062930186919,-0.0989729404129484,0.9722784883384517,-0.29528389437273317,0.11937557392103226
2025-07-01,-0.2351611744508745,-0.12290045063497734,-0.3950886370241269,0.3292000438933407,1.1524244400956674,-0.05086901229334195,-0.6829613642883425,-0.4364153860772102,-1.1054505869327491,0.5771918099519935,-0.19042472698950763,-0.3044325667822645,-1.232998601754165,-0.3626818216947658,-1.6661056883204406,-1.6280141299339634,-0.35253822487708214,-0.1721510110784863,-0.7221780891167762,-0.31841518887226195,-0.06473631655044554,-1.4099366675334235,-0.2977745272176424,0.25918137806248964,-0.19703581441555817,0.16079019348292367,0.13151946023699512,-0.17423200366805114
2025-07-02,-1.6354679802955685,0.032668772239941024,-0.44614404079030834,0.027196735886880763,0.27010929962876795,-0.01254126890979923,0.035727045373357136,-2.497421541181677,0.14017381553126373,0.3997577225923532,1.0773052561154128,-0.0175254118471857,0.016154243777066757,-0.04400246413799325,-0.012691149916649325,1.551470017841905,0.09570902193077657,3.482726423902882,-0.5118592747458628,-0.17620184334826705,-0.07444607619736161,-2.5024201355275943,-1.2738209573876613,-0.1861832435080868,0.03093261844615558,-0.24940482938442532,-1.5607922004109764,-0.2248792208761341
2025-07-03,0.01987281399047358,1.0940919037199182,-0.4861408109080645,-0.1220774359460497,0.19073978498501676,0.20938023450587373,0.35994571198050274,0.1816118047673232,1.3922405791720882,-0.23312883435582243,-1.5463031899662139,-0.466590368870512,-0.5822689706987183,0.12022071486366692,-0.113531109053151,-0.18527486436661356,0.9229098805646041,0.0178667143112321,0.507505360972127,-0.07015407423094921,0.37021040291231877,-0.7231304662144111,-0.588135742563182,-0.14695540724092293,1.7158121853488195,0.19161406672676407,1.170232025648732,0.07475587534457873
2025-07-04,-1.022514092820298,-0.5988023952095745,-0.08754650908294748,0.010987803538076157,-0.4956300717551432,-0.542616245095584,0.16042780748661833,-0.5038264387471458,1.5560352581399428,-0.14065557729940892,0.0,-0.13158148583320428,-0.3606965174129284,-0.00884016973127233,0.20469951711409307,0.08047735021080582,-0.2300072280094767,-0.05187411748953652,-1.153212520593072,0.4833449802003287,0.4690227436762062,0.023263638754222882,-0.5600788259088274,-0.0147441883324273,-0.37221371944486936,-0.044655316773656306,-0.46160302140159093,0.07570022710068347
2025-07-07,-0.21657806654852285,-0.25744045377997793,-0.40525739320920184,0.29255774774340865,-0.40792730920422016,-0.32850404312668724,2.0338087691495144,0.33392871010327063,-0.42867568703546244,-0.1442708986875152,0.4428254441239954,-0.3379688538946102,-0.11307214877930849,-0.5492589363557121,0.09004238868992598,0.2533281632821997,-0.14600783831552056,-0.19047619047619646,-0.1747360757189731,-0.1226528406008065,-0.07945774573925313,0.07052098051070765,-1.3496997715075287,0.174409754775795,-0.2355889724310778,-0.29941749686972496,2.3087960346102054,0.19748906756948958
2025-07-08,-0.19864918553833544,0.6079437989732428,0.0,0.10876658690450736,1.3280212483399723,-0.37597197299836793,-0.21796559998426002,0.24358567836829104,-0.32559407645505467,0.12974175213147365,-0.09507829977628557,-0.13293158454448228,-0.6765878417801519,-0.1896224788829559,-0.1702417432754566,-1.4399509803921573,0.36042944785277253,-0.0005112395908761039,0.20517329816076568,-0.2468742848021177,0.38619792915262074,0.22721534965917112,-0.03311258278144713,0.35537648636695396,-0.11099899091826515,-0.3741256845415486,0.5878254811460426,-0.1750605978992792
2025-07-09,0.07000820693588983,0.6569245207132202,-0.27572515716334234,0.28005170185265715,0.0,-0.04271678769756093,4.1162227602905554,1.1499684940138755,-0.2977264525442225,0.158662354305239,-0.05228103228144265,-0.06481563561772097,0.36846451940792946,-0.5299015897047843,-0.04805375262606493,-0.14885615794422158,-1.8607536052101081,0.6330377283961686,0.15252599026567282,-0.5841052569473204,0.06747134212709005,-0.3869185454423792,0.0,-0.08377272951264336,0.013610998270530139,-0.44334269349795563,0.242022230190031,-0.07176496972415292
2025-07-10,-0.13798700028328503,0.35761589403973115,0.22980581408709178,0.45405405405405386,-0.5806679726385933,0.09875330599251608,0.42543284153928607,1.6630193095751644,-0.11726337932517206,-0.00958634113517783,-0.44150040103893007,-0.5291479820627831,-0.5955811719500437,-1.401949051119833,-0.02003435508531141,-1.8730158730158708,-0.16536544581476353,0.09242144177448175,-0.302761778171623,-0.8141762452107404,-0.3268780066609245,0.055579093178947936,0.26360364510282785,-0.5336658354114787,0.08653404869453467,2.498780421703062,0.020067269328753284,-0.06265784914016859
2025-07-11,0.3374217245280309,-0.11905826834437046,1.232735989042344,-1.2493210211841355,0.1994061980132115,-0.1210653753026758,-0.5330976917483891,0.08905837819093525,-0.3290698714272178,-0.10585547488787261,-0.06902229425103101,-0.12792397660819077,-2.3861589915101566,-0.15799675787459,0.008547008546999635,-0.4742824433723314,-0.4791548462615369,-0.5598914149982925,1.6040804257835717,-0.2554433767181674,0.8506080272194572,1.1290891678007897,-0.48188264196220576,-0.2033629284261651,-0.06117455138661132,0.0,-1.026824576088875,0.10175092205108038
2025-07-14,-0.25896414342629903,-0.19192905425126083,0.526610644257719,-0.1751505199781067,-0.133096716947656,-1.1508498583569393,-0.37626133059689426,-0.8620689655172376,-0.2169785733658669,0.3301152289006515,0.3351511020222686,0.49137771184870616,0.1553699747523618,0.5636209703742567,-0.011326421694831298,0.3575288933233445,1.208410537339888,-0.7226047550458858,-0.5911188004613654,-0.40650406504064707,0.27975584944048837,-0.12784579829867582,0.34736062866580486,0.03393136254692397,-0.012865467233735828,0.0,-0.3584123741293521,-0.11955506721778031
2025-07-15,0.24669018456284775,0.1714135021097185,0.06671114076051143,0.3664187951287756,0.0,0.10272416005166485,-0.2545075067345637,-0.4401589371909098,0.9158020750199558,0.5070320998888267,0.46519543881544667,-0.09242144177449285,1.1027095148078203,-0.7861369399830953,0.06439673715037952,-0.6418696510862354,-0.09541226047546925,-0.24426471968603813,-0.09029298155814325,-0.393475915466146,-0.6148190403752363,-0.8941433609855443,-0.45030527988265306,-0.40410081592761604,0.03033367037410528,0.4407527092783692,1.0830539072054668,-0.213932198920197
2025-07-16,0.2781641168289273,0.03136601353966132,-0.39097408400357025,1.3534947657819485,3.5728952772073885,0.34913041539649803,0.465094248211817,-0.010268968043961971,-0.3120936280884168,-0.34749644224918996,-0.39974778580039727,-0.2484357747515653,0.10308036304287338,0.23289714589735203,0.2788227675713961,0.48139686684074423,0.18183255593327008,-0.3770454756580721,-0.12755792604088323,-0.07671162820430677,-0.11285266457680132,0.1266464032421588,0.8274948971148,-1.5108410795973526,0.08570998230813531,-0.19936199121205478,-0.2930334812848138,-0.3491042719338533
2025-07-17,-0.13908205841446364,1.1024555797175428,0.0004159514820190058,0.7942238267148127,0.543090811609781,-0.07033585370144202,-0.08449961604660938,-0.6259780907668211,0.14902057420747572,0.03797566928053775,-0.2029287741489083,-0.14599961066770195,-0.08721111318755748,0.014863855601016107,0.29978586723768963,-0.24357401526111655,-0.6476070131100964,0.8396355326943716,-0.5529283375772964,0.07040450588837732,0.11912972600163219,0.4758204622028102,0.44642857142858094,0.40512820512821346,0.19818659267700767,0.09334239897612617,-0.2759130949200772,-0.07520185325908257
2025-07-18,-0.3989626969878368,-0.8746736292428281,-0.1558987694571893,-0.13345652397085406,0.2162163703054961,-0.2331807582692802,0.04272032553864028,0.12129253538605833,-0.3897331889793798,-0.29680128607572964,-1.661129568106312,-1.4768359295974087,-0.08183963642101888,-0.5352946437952033,0.036049026676288065,0.008175277959443505,-1.4638091386979357,0.3575684463354101,2.501949110496837,-0.06854483142857415,-0.1069316895206951,-0.8232125616139063,-0.415087883707127,-0.37741701995657184,-0.044727502649766215,-0.4082884572251255,-1.2356413894100915,-0.9501738122827397
2025-07-21,-0.14245014245014564,5.511219326459482e-05,0.7415605976757167,0.4985679862434589,0.05861092116830058,0.3150157507875617,0.1915292755119813,-0.24339318307084654,0.2990588442255193,2.4056380023040003,0.1500634883989438,-0.140768814293446,-0.2411336491621674,-0.15703525362486723,0.9832112048975272,-0.05749486652977254,-0.0531986245599414,-0.8052826542116254,0.19564365796784222,0.15358824664922222,0.64323016176282,-0.12177849299659742,0.8606842098047296,0.29533678756477055,0.029717682020802272,-0.10943236078707064,0.6792234693385968,-0.1344335249397144
2025-07-22,0.08179959100202971,-0.537089626091819,0.5301524188204176,-0.48254620123203695,0.19259744974436943,0.13113375076774236,-0.015677267102603976,-0.7157092875184105,-0.8982621475850494,0.6570392170282657,-1.3219092943698108,0.0,0.20429287142988972,-0.007983722905330337,-0.407649357599138,-0.016443330467269535,0.12291294433676159,0.14914336677172013,-0.27715006384502194,-0.1665736688340913,0.13654643816944922,0.8961759763735477,0.0742065994185211,-0.2604033699259545,-0.8939475355380755,-0.009234463015983518,-0.004792026068634048,-0.02484824589866319
2025-07-23,-0.2192782594014231,0.08214337333926625,0.2426637417894728,0.05137690094534353,0.5848523247879989,-0.07016312927555779,0.3276992066229889,0.08404645476773887,0.2440423105505518,-0.07507507507508171,-0.04307965465295179,-1.4822244511311644,0.3244169676195119,0.3454376948352822,0.24028017483536113,-0.09358577669884201,1.5196078431372495,-0.606457957711859,0.46096899471633757,0.006159560714535939,0.15217804831653137,0.23610971566361272,-0.31691690678442574,-0.020593080724884416,-0.43310875842156316,0.15913133015070802,-0.20192307692307176,0.15262232910924212
2025-07-24,0.4433820912254971,0.48484504670893713,-0.44019979523043373,-0.0893038359159511,-0.5352798053527952,-0.14783894251674257,-0.21587789452998107,-0.10170800951011898,-0.4184769563060242,0.5458887751620622,-0.09015337782460886,-0.24052227694422168,-0.24511269205477193,0.025406504065039748,-0.09993640410649318,-0.09725966905473893,0.007783918424530967,-0.008341675008338711,-0.9549034641388454,-0.34859247566431106,0.006403278478583907,0.12081096079165816,0.23248661727583628,-0.9830437948611159,-0.12839835342179917,-0.04317260117732702,0.4376367614879584,0.13507219375874513
2025-07-25,-1.6594046103621696,-0.3274394237066103,-1.1679644048943283,0.29835390946502116,-1.9066339066339033,-0.5677061249309723,-0.1298223380880222,0.41046231298075647,1.1081560283688008,-0.745965007459648,-0.6136884970782686,1.148751611768839,0.5437055625261422,-0.465866332198539,-0.4865956665442539,-1.8183314135264195,-0.3597267169833107,1.2738308968111456,0.007115918309263947,-0.3610591067130131,-0.46768431308866765,-0.053146523827840575,-0.7935195900148795,0.3035019318376353,-0.05550166222533515,-0.2521890437200691,0.6864197530864313,0.4977226839461224
2025-07-28,-0.35759360538493157,0.0666180032162289,-0.5300552610804199,0.05035998134604869,-2.0054608793898865,-0.07982969664716011,0.5274725274725167,-0.031578051359001935,0.04363001745200101,-0.41886818062381037,0.8207032888037036,0.32439319441660563,0.008846754213470698,0.2482100238663465,-0.027795793569906913,0.24320072695701023,-0.4802408733211305,0.14205222868737266,-0.42725758563256777,0.3984063745019917,0.08957054563614175,0.03760284293534699,-0.2116262599004326,-0.2055358704303123,-0.7558129586148099,0.10851489998082349,-1.922587864299885,-0.19600944866060566
2025-07-29,0.1273885350318471,-0.4486079957778055,0.1599688556210288,0.20512820512821328,-0.34431874077717195,0.14945587167522478,-0.29351596548963244,-0.023036166781842393,0.8334780343809856,-0.3705069921266402,0.07900343533977505,-0.5840231155688547,0.20525093033777844,-0.2984924418027668,-0.6294034758102418,1.0764252596398016,-0.2525451819114344,-0.33698908770061764,0.04334007512278859,-0.10184682237913689,-0.05992742396572215,-0.38857488897859893,0.15369129935590142,-0.03422785687623442,0.23638283961173734,0.5705379517204068,-0.10262042042375463,-0.1266656533414401
2025-07-30,1.4877789585547196,0.08580586327239792,0.18365472910926162,0.1242354740061069,-0.5986228954311612,0.6011500261369651,0.3455302560467777,0.459520632425144,0.9708737864077666,0.28127511384945514,-0.3808891462394659,-0.2994987614202582,0.4214150047483489,-1.1447492904446466,-0.0745225896599866,-0.18390035944161331,-0.08699688185736705,0.11839055483122696,-0.08885667528606793,-0.18939393939395588,-0.05862115687020886,-0.40969268940835857,0.8623586067868727,0.14649697634574835,-0.5456678055994701,-0.2069430509823278,-0.5256852047567206,0.15283500954957896
2025-07-31,0.2349099127358071,-0.28238938730975605,-0.5086117211883012,0.40457797465031087,0.049893198115946724,0.26278906797476687,-0.6134969325153339,0.6636096397022895,1.721156221691511,-0.29267368110982295,0.4593766676563045,-0.6306734023408367,-0.4964539007092261,-0.009698380370470883,0.21785880831181417,-0.14362400886749338,-0.6042296072507503,-0.14061019443333822,-1.445553272673905,0.17477902417525706,0.029343211375315592,0.13875869830137777,0.6850913258240795,0.5647794249404647,-0.18427063051895676,-0.3423012203918441,1.6250845936254255,0.8899969564252208
2025-08-01,0.8177379983726585,0.05609398949750766,0.011731581417184778,-0.663525338974913,0.12859827876150476,-0.105073076417365,0.0,0.4371500881969359,-0.329457112369691,-0.32687867745060756,0.0910252593762706,-1.5100572170117288,-0.39754457760888817,0.639071871005803,0.46009389671362033,-0.6741573033707815,-0.039664925247921236,-0.42713567839195443,-0.22589627830346495,-0.7918088737201345,-0.5479452054794498,-0.015428130624839387,-1.0903006423058303,-0.18866935695193154,-0.07184276697286274,0.37993920972645423,0.23613963039013086,0.5223505775991955
2025-08-04,-0.1325301204819329,-0.29871155348394907,0.6096554702453072,-0.6190429399626662,-0.05228573338682171,-0.028349393848085363,-0.049023613040288794,-2.300955414012751,-0.5293631760982409,-0.19407342400775685,-1.2446120689655116,0.3193870909053709,-0.16039041691124356,0.5376686992261404,0.03757206388399492,1.1972437553833037,-0.040095837672748935,-0.028628012984605045,0.10074074182642168,0.6148633944328852,0.31963809578260394,-3.295006920046839,0.5085350588193038,1.0008517887563961,-0.018837808727473204,0.4368279569892719,-0.4449961242881828,0.30148399823142213
2025-08-05,-0.4865243929096291,-0.1982959101940407,0.38053505535053933,-0.18756169792695232,-0.33538189366645876,-0.4128953898608234,-0.024717805058915854,-0.2814183484763255,-0.06671501346836584,-0.8898106643473569,0.0,8.92857142857142,0.35219903576042544,-0.6686930091185483,0.32693481099508315,0.34497628288054916,0.6540070871313586,0.059006996543886636,-1.588371918783249,-0.6472055551810074,-0.19848059681061292,0.0,0.594147923488079,0.2889963175807364,0.3275620028076798,-1.3454212277571376,-0.1935796096144582,0.08759692296238519
2025-08-06,-0.13023419561318064,0.3581267217630968,-0.3860127157129911,-0.39621521854930064,-0.5123053741838302,0.23971153230252598,-0.5580027365690909,-0.4017354973485432,-0.3603898763207547,-1.3420089467263252,2.1210860911413443,-0.15273595771996273,-0.4793907279946441,-2.6652785007808433,0.2522564639041991,-0.6397951700637691,0.31217305402388984,0.3253556029830573,0.2996172800102004,0.15017064846416517,-0.8209727492238805,0.07820792134518584,-0.24384837064952425,-0.06773098716391275,-0.23346303501945442,-0.2824158945647359,-0.42273116438354963,0.039582285580092025
2025-08-07,-1.6853932584269593,-2.7261462205700027,-0.22281801284768643,0.10010549313520523,0.44017607042816653,-2.0159274337547273,-1.406302948153182,0.6222676280896714,0.4013938193683675,0.5917538962467939,0.27487754575921675,-1.3260273972602765,0.9091935848204225,-0.2356703906140234,0.13092504959822393,-0.026045370225646902,-0.3290408772165058,4.239692872642298,-1.2051543660188346,-0.14700761229993198,-0.34865678899644315,-0.4572937251721365,-0.3485714285714203,0.16639996314741223,-0.003143058844149819,0.47893222270876484,0.6935525301823731,0.47141119221409955
2025-08-08,-0.1672345522808094,-0.5565972391473439,-0.34816881029655633,-0.49268509251744197,-0.46360228841979545,-0.9701760689902916,-0.6174986954252781,0.04339423160226452,-0.41625857002939304,-0.880841084468037,0.07558602258050569,-0.6040268456375841,-0.07806401249024209,-0.3971676832956905,-0.3277225510264714,-0.7545196545559574,-0.7377305437848092,2.369705558179813,-1.1598941304686194,-0.020390131176506454,0.06865054364777468,-0.07955449482894839,0.33641264475983146,0.16714419163152971,0.32382743131724734,0.1546204943201901,-0.4721930745015701,-0.3657740374741425
2025-08-11,0.6192952129559762,0.09035307200445652,0.21932355996769903,0.12455185629610677,-0.30405114243592657,0.07265461810916918,0.7290400972053357,1.2233567275912072,2.9895841615647623,0.21092740014967415,1.4164305949008416,1.6368962150364652,0.24779735682818327,0.5096785620789301,0.1804651328826401,1.3623741756334518,0.09532131225671314,0.027887267806614435,0.07971938775510612,0.4720480140265604,-0.08431845404487937,0.4667470109951166,0.12276991242977653,0.14524564766094095,0.031155333664034668,-0.23380405305163388,0.20840012824623333,-0.10883509589833529
2025-08-12,0.0965662614737924,0.3314001657000798,-0.022977941176460792,0.9995100440960414,0.2577770979229288,-0.6380935175344549,-0.2917244056580263,-0.15847860538826808,-1.2548482774355496,-0.1906706414571413,0.0,0.023172285945993742,0.09227095093355953,0.39647549322066045,-0.013844424346298734,-0.6545517181982485,0.0043784828841209045,-0.7553685487386497,-0.7483381576002701,0.013290802764487353,0.0210874536337613,1.0457663330709632,-0.09435337709540192,-0.33994037968725355,0.266875981161685,-0.18943993782482016,-0.021250597673050375,-0.029505729612328002
2025-08-13,0.4035068683453624,0.8894362342638296,0.887877063175857,0.08660897102367171,-0.06941134098674695,-0.9324878776575951,0.11224313590052493,-0.059946002805738585,0.25797891943686313,0.06821282401090478,-1.087719298245604,0.29532688632809556,0.3629570322924991,-0.3206498503634081,0.056232427366431637,0.14459470953473996,0.23010522277133738,0.456247450111702,-0.14303877940242682,0.20379365118982085,-0.1923678946098628,0.4852129600306787,-0.2939481268011468,0.020974254103101053,-0.059219771448322245,-0.0158905383544794,0.34004569364007864,0.48597752353953805
2025-08-14,-0.14926073377032334,0.07610350076103778,-0.8079409048938113,-1.7485265225933189,0.08118042702051631,-0.5055943129218199,-0.01939517742814238,0.0778099673941518,-0.537554128714357,0.713276360944759,-0.9694084866778918,2.9053846732639608,-0.344517884147999,-0.569313287812175,0.07070481178250154,0.09454654253023831,-0.718727287410148,-0.15748031496063408,-0.1842335465028877,-0.17089073472089655,0.8356353591160159,-0.2513575826340986,-0.4800643263922655,-0.7166771291065022,0.07309072253392686,-0.08071250408678843,-0.3147535921915856,0.17677660487902536
2025-08-18,0.0,0.4870546013842514,0.47088549442975136,-0.17475694880053627,0.24804048020636849,0.9986000933271066,1.9490511198495541,0.9789273698497469,1.0632851201956783,1.3891632102179141,3.1807201196365043,0.7269422989550245,-0.04278098891609683,0.2782870323686404,0.09216589861751334,0.2271006813020282,-0.4891658409260147,0.7193126099414138,-1.3134917622048436,0.04421277937686763,-0.11048197762740797,0.7237635705669598,-0.46931650898418553,0.40518461776313797,0.030721323818268715,-0.7919218388551696,0.5392676368875119,0.6577636037472523
2025-08-19,-0.11028490083096754,-0.4637692433371421,0.6953011102388551,-1.0992246540386663,0.31939315300928417,0.04560379423568239,0.695439183899349,0.13810035292312062,0.22021440864177788,-0.03286014721346486,-0.24190360752658346,0.0,0.2229772775536265,-0.24386198508170587,0.04579009267980938,-0.03277752165341911,0.42694600885849754,-0.20205160087036766,0.42003733665214593,0.05004278677027685,-0.0033907846410108355,-0.051883400380570155,-0.7514484024551127,-0.25960718724060694,-0.1257795713012877,0.6342062193126052,1.141361256544493,0.2684479983532051
2025-08-20,-0.4603898797179484,1.3630573248407662,0.21563954148222653,1.8882769472856165,0.13875123885034313,0.07268946295218015,0.929582099374815,0.754368408898487,1.6462424331906256,0.18191748268869823,-0.12613106663010853,0.4334822664881388,0.703633690401162,4.288988322601783,-0.018516803999613085,-0.7308574827908698,-0.06497243017762333,-0.27205596579867874,-1.501137225170579,0.7464801794071052,1.6770912090178003,0.13071610108718046,0.3284072249589487,-0.02555453337421687,0.23499423686732523,-0.14533374857261805,0.0922982258229954,-0.09419930589985581
2025-08-21,0.0931284374354413,0.16235793680527966,0.1235515244785342,0.12588360608114524,-0.22241562711535767,-0.4911500324344287,0.46902797994503587,0.1556143986491676,1.3975726369988895,0.09243974909212138,-0.45675995544416925,0.35965062510703305,0.03799273448325535,-0.878008470199354,0.027700831024923822,-0.30965078272835456,1.0948017192441872,-0.33714158145728423,1.0620415647921932,-0.07347538574576928,0.0,-0.15692811457796627,0.24080192641540155,-0.23506976148382486,-0.6850810249117767,0.12844919607940541,-0.045648204503945244,-0.024703310198167145
2025-08-22,-0.2857768282551909,-0.23918717511817178,-0.17920107378640027,-0.3599365185720904,0.014847866284373179,0.12350370511116093,-0.3536977491961468,0.32659409020217023,-0.3402831037895071,-0.4854571121786962,0.29294124274688027,0.21874280451301686,0.5350741077639221,0.1958567584462001,-0.38040452774168454,-0.24437074533076864,0.0483169592527144,0.0627844922304055,-0.47873706991911624,-0.6344492440604643,0.2347260411776464,-0.054527977779633696,0.10918441246645649,-1.6893262987012991,-0.15957446808511078,-0.17933909108294177,-0.5321844906234108,-1.0527883994636777
2025-08-25,-0.30444531483246146,-0.29391388567305277,0.07836990595611049,-0.019343780813629863,-0.510495404861605,-0.5749835045716023,0.6680963378422833,0.5616644252828262,0.6478209658421719,0.09985354812940272,0.5502378632429528,2.0576796107008355,-1.0752688172043001,0.41536879634330726,0.14018691588784105,0.15706806282722585,-2.1145374449339283,-0.284437423919263,-0.14524883418697287,0.635664101706257,1.4754532221781025,-0.39342112452870337,-0.9249906969326371,0.02073183373068055,-0.4412872672478807,0.2974664068109423,0.07072204563046691,0.19188042819631157
2025-08-26,-1.616926120237372,0.23599552850577243,0.0054919987158730255,-0.6718597857838349,-0.16696130426242517,-0.22203899312041586,-0.10448410970831379,0.5079365079365239,0.009780788565338927,0.09259346190563604,0.6878429339778669,0.7060010085728541,0.39673793255454726,0.12287809287495621,-0.4979798928873347,-0.9380530973451262,-0.6518468995487137,-0.16741071428572063,-0.765365287978359,0.48228280527831124,0.032793336394054684,-1.3107170393215073,0.49000254982599634,-1.078053162817727,-0.16700786553174307,0.6510096413285482,0.4932532762597863,-0.32437911809427566
2025-08-28,-0.15101714488761075,-0.5870735831095597,0.6741573033707926,-0.2274300405418761,0.10993403957626491,0.11305074151797267,0.2613012803762693,0.1731554796016721,0.8453837597330427,-0.18267929634642188,0.3735263219329932,-0.21696449329308143,-0.22454126869617397,0.3645242017584686,-0.35194521069152884,-0.06635338295453708,0.2939650700328533,-0.09711880867593337,-0.11565150346954933,-0.7202554868519506,-0.04634227077127129,0.3461778559673112,-0.05572582892170441,0.23243845455085768,0.18776495962015138,-0.13844023996308907,0.6151363888468708,-0.2805406783983666
2025-08-29,-0.4136876658123012,-0.40502868352162064,-0.5887558314388919,0.21086454463299376,-0.5355017850059429,0.25139386662954566,0.7017543859649145,0.08757961783438795,-0.2053632150028628,-0.2887391722810273,0.2724785333274027,0.011241639030967754,0.09275514114174821,0.4206918338335086,-0.44610312946077313,-0.30403290709111186,-0.4986996629581908,-0.1891136326262144,0.7204169221336709,-0.06824811154935162,-0.2881844380403398,0.17016400363074613,0.11529075010389689,0.03252032520324466,0.23970389292247374,0.005146680391132641,0.055732887470227865,-0.20309106288045609
