Trade Type,Entry Time,Entry Price,High During Trade,Low During Trade,High Time,Low Time,Exit Time,Exit Price,Profit (Currency),Profit (%),Trade Duration (min),PnL,Target (%),Drawdown (%),RRR,Recovery Time (min),ticker,strategy_generated,risk_processed
Sell,2025-04-23 09:35:00+05:30,55594.0,55708.25,55184.45,2025-04-23 09:45:00+05:30,2025-04-23 10:50:00+05:30,2025-04-23 11:20:00+05:30,55217.85,376.1500000000015,0.6766017915602429,105.0,0.0,0.74,0.21,3.29,95.0,BANKNIFTY,True,False
Buy,2025-04-23 09:35:00+05:30,3381.7,3393.0,3381.7,2025-04-23 09:40:00+05:30,2025-04-23 09:35:00+05:30,2025-04-23 10:05:00+05:30,3384.1,2.400000000000091,0.0709702220776559,30.0,0.0,0.33,0.0,,30.0,TCS,True,False
Buy,2025-04-23 09:35:00+05:30,1466.6,1473.0,1466.6,2025-04-23 09:40:00+05:30,2025-04-23 09:35:00+05:30,2025-04-23 09:50:00+05:30,1468.6,2.0,0.1363698349924996,15.0,0.0,0.44,0.0,,15.0,INFY,True,False
Buy,2025-04-23 09:40:00+05:30,1296.3,1303.9,1296.3,2025-04-23 09:50:00+05:30,2025-04-23 09:40:00+05:30,2025-04-23 10:05:00+05:30,1297.59,1.2899999999999636,0.0995140013885646,25.0,0.0,0.59,0.0,,25.0,RELIANCE,True,False
Buy,2025-04-23 09:55:00+05:30,1470.6,1470.6,1465.1,2025-04-23 09:55:00+05:30,2025-04-23 10:05:00+05:30,2025-04-23 10:05:00+05:30,1465.1,-5.5,-0.3739970080239358,10.0,0.0,0.0,0.37,-1.0,0.0,INFY,True,False
Sell,2025-04-23 10:05:00+05:30,24237.05,24237.05,24129.55,2025-04-23 10:05:00+05:30,2025-04-23 10:50:00+05:30,2025-04-23 11:05:00+05:30,24189.9,47.14999999999782,0.1945368763937765,60.0,0.0,0.44,0.0,,60.0,NIFTY,True,False
Sell,2025-04-23 10:15:00+05:30,1468.6,1469.2,1468.6,2025-04-23 10:20:00+05:30,2025-04-23 10:15:00+05:30,2025-04-23 10:20:00+05:30,1469.2,-0.6000000000001364,-0.0408552362794591,5.0,0.0,0.0,0.04,-1.0,0.0,INFY,True,False
Sell,2025-04-23 10:20:00+05:30,1292.8,1293.9,1286.2,2025-04-23 10:25:00+05:30,2025-04-23 10:50:00+05:30,2025-04-23 11:20:00+05:30,1290.7,2.099999999999909,0.1624381188118741,60.0,0.0,0.51,0.09,1.91,55.0,RELIANCE,True,False
Sell,2025-04-23 10:25:00+05:30,1471.5,1472.1,1469.7,2025-04-23 10:35:00+05:30,2025-04-23 10:30:00+05:30,2025-04-23 10:35:00+05:30,1472.1,-0.599999999999909,-0.040774719673796,10.0,0.0,0.12,0.04,-1.0,0.0,INFY,True,False
Buy,2025-04-23 10:40:00+05:30,1473.2,1486.6,1470.0,2025-04-23 11:40:00+05:30,2025-04-23 10:50:00+05:30,2025-04-23 11:50:00+05:30,1481.8,8.599999999999909,0.583763236491984,70.0,0.0,0.91,0.22,2.69,60.0,INFY,True,False
Sell,2025-04-23 10:45:00+05:30,3374.6,3388.5,3374.6,2025-04-23 11:05:00+05:30,2025-04-23 10:45:00+05:30,2025-04-23 11:05:00+05:30,3388.5,-13.900000000000093,-0.4119006697090052,20.0,0.0,0.0,0.41,-1.0,0.0,TCS,True,False
Sell,2025-04-23 11:10:00+05:30,24191.7,24214.65,24180.0,2025-04-23 11:15:00+05:30,2025-04-23 11:20:00+05:30,2025-04-23 11:20:00+05:30,24180.0,11.700000000000728,0.0483636949862999,10.0,0.0,0.05,0.09,0.51,5.0,NIFTY,True,False
Buy,2025-04-23 11:10:00+05:30,3397.8,3419.7,3390.0,2025-04-23 12:30:00+05:30,2025-04-23 11:20:00+05:30,2025-04-23 12:50:00+05:30,3406.2,8.399999999999636,0.247218788627925,100.0,0.0,0.64,0.23,1.08,90.0,TCS,True,False
Buy,2025-04-23 11:55:00+05:30,1480.2,1481.0,1479.0,2025-04-23 12:00:00+05:30,2025-04-23 12:05:00+05:30,2025-04-23 12:05:00+05:30,1479.0,-1.2000000000000457,-0.0810701256586978,10.0,0.0,0.05,0.08,-1.0,0.0,INFY,True,False
Buy,2025-04-23 12:20:00+05:30,1295.7,1300.0,1294.2,2025-04-23 14:20:00+05:30,2025-04-23 12:35:00+05:30,2025-04-23 14:35:00+05:30,1299.09,3.3899999999998727,0.2616346376475937,135.0,0.0,0.33,0.12,2.26,120.0,RELIANCE,True,False
Sell,2025-04-23 12:30:00+05:30,55242.8,55242.8,55217.7,2025-04-23 12:30:00+05:30,2025-04-23 12:35:00+05:30,2025-04-23 12:35:00+05:30,55217.7,25.10000000000582,0.045435785296918,5.0,0.0,0.05,0.0,,5.0,BANKNIFTY,True,False
Buy,2025-04-23 13:05:00+05:30,24255.45,24334.85,24240.55,2025-04-23 15:05:00+05:30,2025-04-23 13:15:00+05:30,2025-04-23 15:15:00+05:30,24329.8,74.34999999999854,0.3065290481108309,130.0,0.0,0.33,0.06,4.99,120.0,NIFTY,True,False
Buy,2025-04-23 13:50:00+05:30,55402.9,55433.15,55394.35,2025-04-23 14:00:00+05:30,2025-04-23 14:30:00+05:30,2025-04-23 14:35:00+05:30,55412.4,9.5,0.017147116847674,45.0,0.0,0.05,0.02,1.11,5.0,BANKNIFTY,True,False
Buy,2025-04-23 14:15:00+05:30,3415.0,3418.2,3409.1,2025-04-23 14:55:00+05:30,2025-04-23 15:05:00+05:30,2025-04-23 15:05:00+05:30,3409.1,-5.900000000000091,-0.1727672035139119,50.0,0.0,0.09,0.17,-1.0,0.0,TCS,True,False
Sell,2025-04-23 14:35:00+05:30,1473.9,1476.2,1472.9,2025-04-23 15:00:00+05:30,2025-04-23 15:15:00+05:30,2025-04-23 15:15:00+05:30,1472.9,1.0,0.0678472080873872,40.0,0.0,0.07,0.16,0.43,15.0,INFY,True,False
Buy,2025-04-23 14:40:00+05:30,55368.65,55407.8,55368.65,2025-04-23 14:50:00+05:30,2025-04-23 14:40:00+05:30,2025-04-23 15:15:00+05:30,55372.15,3.5,0.006321266637348,35.0,0.0,0.07,0.0,,35.0,BANKNIFTY,True,False
Sell,2025-04-24 09:20:00+05:30,1472.8,1473.9,1465.9,2025-04-24 09:30:00+05:30,2025-04-24 09:25:00+05:30,2025-04-24 10:20:00+05:30,1469.8,3.0,0.2036936447582835,60.0,0.0,0.47,0.07,2.73,50.0,INFY,True,False
Sell,2025-04-24 09:35:00+05:30,1295.2,1295.2,1290.4,2025-04-24 09:35:00+05:30,2025-04-24 10:05:00+05:30,2025-04-24 10:20:00+05:30,1292.59,2.6100000000001278,0.2015132798023569,45.0,0.0,0.37,0.0,,45.0,RELIANCE,True,False
Sell,2025-04-24 09:35:00+05:30,3405.7,3405.7,3392.5,2025-04-24 09:35:00+05:30,2025-04-24 10:05:00+05:30,2025-04-24 10:50:00+05:30,3399.9,5.799999999999727,0.1703027277798904,75.0,0.0,0.39,0.0,,75.0,TCS,True,False
Sell,2025-04-24 09:35:00+05:30,55438.0,55438.0,55266.8,2025-04-24 09:35:00+05:30,2025-04-24 09:45:00+05:30,2025-04-24 09:50:00+05:30,55352.1,85.90000000000146,0.1549478696922714,15.0,0.0,0.31,0.0,,15.0,BANKNIFTY,True,False
Sell,2025-04-24 09:55:00+05:30,55354.9,55354.9,55350.6,2025-04-24 09:55:00+05:30,2025-04-24 10:00:00+05:30,2025-04-24 10:05:00+05:30,55354.65,0.25,0.0004516312015738,10.0,0.0,0.01,0.0,,10.0,BANKNIFTY,True,False
Buy,2025-04-24 10:20:00+05:30,55396.55,55396.55,55372.85,2025-04-24 10:20:00+05:30,2025-04-24 10:35:00+05:30,2025-04-24 10:35:00+05:30,55372.85,-23.70000000000437,-0.042782447643408,15.0,0.0,0.0,0.04,-1.0,0.0,BANKNIFTY,True,False
Sell,2025-04-24 10:25:00+05:30,1295.59,1296.4,1294.8,2025-04-24 10:35:00+05:30,2025-04-24 10:30:00+05:30,2025-04-24 10:35:00+05:30,1296.4,-0.8100000000001728,-0.062519778633686,10.0,0.0,0.06,0.06,-1.0,0.0,RELIANCE,True,False
Sell,2025-04-24 10:25:00+05:30,1470.5,1471.8,1470.0,2025-04-24 10:50:00+05:30,2025-04-24 10:35:00+05:30,2025-04-24 10:50:00+05:30,1471.8,-1.2999999999999543,-0.088405304318256,25.0,0.0,0.03,0.09,-1.0,0.0,INFY,True,False
Buy,2025-04-24 10:40:00+05:30,55345.75,55364.5,55345.75,2025-04-24 10:50:00+05:30,2025-04-24 10:40:00+05:30,2025-04-24 10:50:00+05:30,55364.5,18.75,0.0338779400405631,10.0,0.0,0.03,0.0,,10.0,BANKNIFTY,True,False
Buy,2025-04-24 11:15:00+05:30,55366.45,55366.45,55354.25,2025-04-24 11:15:00+05:30,2025-04-24 11:20:00+05:30,2025-04-24 11:20:00+05:30,55354.25,-12.19999999999709,-0.0220350049533554,5.0,0.0,0.0,0.02,-1.0,0.0,BANKNIFTY,True,False
Buy,2025-04-24 11:20:00+05:30,1479.4,1481.6,1476.7,2025-04-24 11:25:00+05:30,2025-04-24 11:50:00+05:30,2025-04-24 11:50:00+05:30,1476.7,-2.700000000000045,-0.1825064215222418,30.0,0.0,0.15,0.18,-1.0,0.0,INFY,True,False
Sell,2025-04-24 11:30:00+05:30,55331.15,55369.85,55331.15,2025-04-24 12:15:00+05:30,2025-04-24 11:30:00+05:30,2025-04-24 12:20:00+05:30,55361.8,-30.65000000000145,-0.055393751982385,50.0,0.0,0.0,0.07,-0.79,5.0,BANKNIFTY,True,False
Buy,2025-04-24 11:50:00+05:30,1297.8,1300.2,1297.4,2025-04-24 12:40:00+05:30,2025-04-24 11:55:00+05:30,2025-04-24 13:20:00+05:30,1297.8,0.0,0.0,90.0,0.0,0.18,0.03,0.0,85.0,RELIANCE,True,False
Sell,2025-04-24 11:50:00+05:30,24265.8,24272.3,24256.9,2025-04-24 12:15:00+05:30,2025-04-24 12:35:00+05:30,2025-04-24 12:50:00+05:30,24264.95,0.8499999999985448,0.0035028723553253,60.0,0.0,0.04,0.03,0.13,35.0,NIFTY,True,False
Buy,2025-04-24 11:55:00+05:30,1475.5,1475.5,1473.0,2025-04-24 11:55:00+05:30,2025-04-24 12:05:00+05:30,2025-04-24 12:05:00+05:30,1473.0,-2.5,-0.1694340901389359,10.0,0.0,0.0,0.17,-1.0,0.0,INFY,True,False
Sell,2025-04-24 11:55:00+05:30,3399.1,3399.7,3388.8,2025-04-24 12:00:00+05:30,2025-04-24 12:25:00+05:30,2025-04-24 12:35:00+05:30,3395.5,3.599999999999909,0.1059103880438913,40.0,0.0,0.3,0.02,6.0,35.0,TCS,True,False
Sell,2025-04-24 12:40:00+05:30,3397.9,3400.6,3397.9,2025-04-24 12:45:00+05:30,2025-04-24 12:40:00+05:30,2025-04-24 12:50:00+05:30,3399.2,-1.2999999999997272,-0.0382589246299104,10.0,0.0,0.0,0.08,-0.48,5.0,TCS,True,False
Sell,2025-04-24 12:50:00+05:30,1473.0,1473.0,1465.8,2025-04-24 12:50:00+05:30,2025-04-24 14:20:00+05:30,2025-04-24 14:50:00+05:30,1466.4,6.599999999999909,0.4480651731160834,120.0,0.0,0.49,0.0,,120.0,INFY,True,False
Sell,2025-04-24 12:55:00+05:30,55336.05,55360.35,55332.8,2025-04-24 13:05:00+05:30,2025-04-24 13:00:00+05:30,2025-04-24 13:20:00+05:30,55355.0,-18.94999999999709,-0.0342453066310246,25.0,0.0,0.01,0.04,-0.78,15.0,BANKNIFTY,True,False
Sell,2025-04-24 13:30:00+05:30,24255.2,24255.2,24221.25,2025-04-24 13:30:00+05:30,2025-04-24 14:55:00+05:30,2025-04-24 15:05:00+05:30,24247.15,8.049999999999272,0.0331887595237279,95.0,0.0,0.14,0.0,,95.0,NIFTY,True,False
Buy,2025-04-24 13:35:00+05:30,55373.65,55379.7,55348.85,2025-04-24 13:40:00+05:30,2025-04-24 14:05:00+05:30,2025-04-24 14:05:00+05:30,55348.85,-24.80000000000291,-0.0447866449114387,30.0,0.0,0.01,0.04,-1.0,0.0,BANKNIFTY,True,False
Sell,2025-04-24 13:55:00+05:30,3394.7,3406.1,3392.0,2025-04-24 15:05:00+05:30,2025-04-24 14:10:00+05:30,2025-04-24 15:05:00+05:30,3406.1,-11.400000000000093,-0.3358175980204463,70.0,0.0,0.08,0.34,-1.0,0.0,TCS,True,False
Buy,2025-04-24 14:15:00+05:30,1300.0,1300.0,1299.3,2025-04-24 14:15:00+05:30,2025-04-24 14:25:00+05:30,2025-04-24 14:35:00+05:30,1300.0,0.0,0.0,20.0,0.0,0.0,0.05,0.0,10.0,RELIANCE,True,False
Buy,2025-04-24 14:25:00+05:30,55387.95,55387.95,55335.0,2025-04-24 14:25:00+05:30,2025-04-24 14:35:00+05:30,2025-04-24 14:35:00+05:30,55335.0,-52.94999999999709,-0.095598410845675,10.0,0.0,0.0,0.1,-1.0,0.0,BANKNIFTY,True,False
Buy,2025-04-24 14:40:00+05:30,1298.9,1298.9,1297.2,2025-04-24 14:40:00+05:30,2025-04-24 14:50:00+05:30,2025-04-24 14:50:00+05:30,1297.2,-1.7000000000000457,-0.1308799753637728,10.0,0.0,0.0,0.13,-1.0,0.0,RELIANCE,True,False
Sell,2025-04-24 15:00:00+05:30,55235.45,55235.45,55129.4,2025-04-24 15:00:00+05:30,2025-04-24 15:05:00+05:30,2025-04-24 15:15:00+05:30,55200.7,34.75,0.0629124955078667,15.0,0.0,0.19,0.0,,15.0,BANKNIFTY,True,False
Buy,2025-04-24 15:10:00+05:30,1302.3,1303.9,1302.3,2025-04-24 15:15:00+05:30,2025-04-24 15:10:00+05:30,2025-04-24 15:15:00+05:30,1303.9,1.6000000000001364,0.1228595561698638,5.0,0.0,0.12,0.0,,5.0,RELIANCE,True,False
Sell,2025-04-25 09:15:00+05:30,55140.8,55140.8,54329.2,2025-04-25 09:15:00+05:30,2025-04-25 11:30:00+05:30,2025-04-25 11:35:00+05:30,54390.05,750.75,1.3615145228215766,140.0,0.0,1.47,0.0,,140.0,BANKNIFTY,True,False
Buy,2025-04-25 09:15:00+05:30,1311.6,1320.7,1305.0,2025-04-25 09:25:00+05:30,2025-04-25 09:50:00+05:30,2025-04-25 09:50:00+05:30,1305.0,-6.599999999999909,-0.5032021957913929,35.0,0.0,0.69,0.5,-1.0,0.0,RELIANCE,True,False
Buy,2025-04-25 09:20:00+05:30,24303.6,24319.35,24231.25,2025-04-25 09:25:00+05:30,2025-04-25 09:35:00+05:30,2025-04-25 09:35:00+05:30,24231.25,-72.34999999999854,-0.2976925229184094,15.0,0.0,0.06,0.3,-1.0,0.0,NIFTY,True,False
Buy,2025-04-25 09:20:00+05:30,3464.5,3464.5,3415.4,2025-04-25 09:20:00+05:30,2025-04-25 10:00:00+05:30,2025-04-25 10:20:00+05:30,3425.9,-38.59999999999991,-1.114157887140999,60.0,0.0,0.0,1.42,-0.79,20.0,TCS,True,False
Buy,2025-04-25 09:20:00+05:30,1497.6,1497.6,1478.1,2025-04-25 09:20:00+05:30,2025-04-25 09:50:00+05:30,2025-04-25 09:50:00+05:30,1478.1,-19.5,-1.3020833333333337,30.0,0.0,0.0,1.3,-1.0,0.0,INFY,True,False
Sell,2025-04-25 09:50:00+05:30,24129.0,24129.0,23864.35,2025-04-25 09:50:00+05:30,2025-04-25 11:45:00+05:30,2025-04-25 12:05:00+05:30,23894.65,234.34999999999852,0.9712379294624666,135.0,0.0,1.1,0.0,,135.0,NIFTY,True,False
Buy,2025-04-25 09:55:00+05:30,1475.2,1483.8,1465.7,2025-04-25 10:15:00+05:30,2025-04-25 10:00:00+05:30,2025-04-25 10:20:00+05:30,1482.0,6.7999999999999545,0.4609544468546607,25.0,0.0,0.58,0.64,0.72,20.0,INFY,True,False
Buy,2025-04-25 09:55:00+05:30,1298.59,1298.59,1291.9,2025-04-25 09:55:00+05:30,2025-04-25 10:00:00+05:30,2025-04-25 10:05:00+05:30,1296.0,-2.589999999999918,-0.1994470926158308,10.0,0.0,0.0,0.52,-0.39,5.0,RELIANCE,True,False
Sell,2025-04-25 10:50:00+05:30,1297.5,1297.5,1291.0,2025-04-25 10:50:00+05:30,2025-04-25 11:40:00+05:30,2025-04-25 12:20:00+05:30,1295.0,2.5,0.1926782273603083,90.0,0.0,0.5,0.0,,90.0,RELIANCE,True,False
Buy,2025-04-25 11:10:00+05:30,1484.0,1485.8,1478.7,2025-04-25 11:35:00+05:30,2025-04-25 11:20:00+05:30,2025-04-25 11:50:00+05:30,1484.2,0.2000000000000454,0.0134770889487901,40.0,0.0,0.12,0.36,0.04,30.0,INFY,True,False
Buy,2025-04-25 11:55:00+05:30,1483.0,1486.9,1482.3,2025-04-25 12:15:00+05:30,2025-04-25 12:00:00+05:30,2025-04-25 12:20:00+05:30,1485.5,2.5,0.1685772083614295,25.0,0.0,0.26,0.05,3.57,20.0,INFY,True,False
Buy,2025-04-25 12:15:00+05:30,3426.7,3426.7,3423.2,2025-04-25 12:15:00+05:30,2025-04-25 12:20:00+05:30,2025-04-25 12:20:00+05:30,3423.2,-3.5,-0.1021390842501532,5.0,0.0,0.0,0.1,-1.0,0.0,TCS,True,False
Buy,2025-04-25 12:25:00+05:30,1483.0,1484.9,1482.8,2025-04-25 12:35:00+05:30,2025-04-25 12:30:00+05:30,2025-04-25 12:35:00+05:30,1484.9,1.900000000000091,0.1281186783546925,10.0,0.0,0.13,0.01,9.5,5.0,INFY,True,False
Buy,2025-04-25 12:50:00+05:30,3425.9,3457.1,3425.9,2025-04-25 14:20:00+05:30,2025-04-25 12:50:00+05:30,2025-04-25 14:35:00+05:30,3450.8,24.90000000000009,0.7268163110423564,105.0,0.0,0.91,0.0,,105.0,TCS,True,False
Buy,2025-04-25 13:10:00+05:30,1487.0,1495.0,1487.0,2025-04-25 13:40:00+05:30,2025-04-25 13:10:00+05:30,2025-04-25 14:05:00+05:30,1487.1,0.099999999999909,0.0067249495628721,55.0,0.0,0.54,0.0,,55.0,INFY,True,False
Buy,2025-04-25 13:35:00+05:30,1301.8,1308.3,1300.7,2025-04-25 13:55:00+05:30,2025-04-25 14:05:00+05:30,2025-04-25 14:35:00+05:30,1301.2,-0.599999999999909,-0.0460900291903448,60.0,0.0,0.5,0.08,-0.55,30.0,RELIANCE,True,False
Buy,2025-04-25 14:20:00+05:30,24118.6,24118.6,24064.3,2025-04-25 14:20:00+05:30,2025-04-25 14:40:00+05:30,2025-04-25 14:50:00+05:30,24090.95,-27.649999999997817,-0.114641811713772,30.0,0.0,0.0,0.23,-0.51,10.0,NIFTY,True,False
Buy,2025-04-28 09:20:00+05:30,1325.5,1356.6,1325.5,2025-04-28 11:05:00+05:30,2025-04-28 09:20:00+05:30,2025-04-28 11:20:00+05:30,1353.1,27.59999999999991,2.082233119577511,120.0,0.0,2.35,0.0,,120.0,RELIANCE,True,False
Sell,2025-04-28 09:20:00+05:30,1473.8,1476.2,1468.7,2025-04-28 10:05:00+05:30,2025-04-28 09:25:00+05:30,2025-04-28 10:20:00+05:30,1475.1,-1.2999999999999543,-0.088207355136379,60.0,0.0,0.35,0.16,-0.54,15.0,INFY,True,False
Buy,2025-04-28 09:25:00+05:30,55069.3,55311.2,55069.3,2025-04-28 10:15:00+05:30,2025-04-28 09:25:00+05:30,2025-04-28 11:05:00+05:30,55276.1,206.79999999999563,0.3755268361863972,100.0,0.0,0.44,0.0,,100.0,BANKNIFTY,True,False
Buy,2025-04-28 09:25:00+05:30,24117.95,24278.6,24117.95,2025-04-28 11:05:00+05:30,2025-04-28 09:25:00+05:30,2025-04-28 11:05:00+05:30,24278.6,160.64999999999782,0.6661013892142483,100.0,0.0,0.67,0.0,,100.0,NIFTY,True,False
Sell,2025-04-28 10:35:00+05:30,3426.2,3432.6,3421.3,2025-04-28 10:50:00+05:30,2025-04-28 10:40:00+05:30,2025-04-28 11:05:00+05:30,3430.4,-4.200000000000273,-0.1225847878115776,30.0,0.0,0.14,0.19,-0.66,15.0,TCS,True,False
Buy,2025-04-28 12:20:00+05:30,24321.3,24348.75,24321.3,2025-04-28 12:55:00+05:30,2025-04-28 12:20:00+05:30,2025-04-28 13:05:00+05:30,24338.95,17.650000000001455,0.0725701339977774,45.0,0.0,0.11,0.0,,45.0,NIFTY,True,False
Buy,2025-04-28 12:20:00+05:30,3447.3,3447.3,3438.7,2025-04-28 12:20:00+05:30,2025-04-28 12:50:00+05:30,2025-04-28 13:05:00+05:30,3438.7,-8.600000000000364,-0.2494706001798614,45.0,0.0,0.0,0.25,-1.0,15.0,TCS,True,False
Buy,2025-04-28 12:20:00+05:30,55433.45,55543.6,55433.45,2025-04-28 12:55:00+05:30,2025-04-28 12:20:00+05:30,2025-04-28 13:20:00+05:30,55468.0,34.55000000000291,0.062326988488003,60.0,0.0,0.2,0.0,,60.0,BANKNIFTY,True,False
Buy,2025-04-28 12:50:00+05:30,1480.9,1482.5,1477.4,2025-04-28 12:55:00+05:30,2025-04-28 13:35:00+05:30,2025-04-28 13:35:00+05:30,1477.4,-3.5,-0.23634276453508,45.0,0.0,0.11,0.24,-1.0,0.0,INFY,True,False
Buy,2025-04-28 13:25:00+05:30,1371.9,1374.4,1371.9,2025-04-28 13:35:00+05:30,2025-04-28 13:25:00+05:30,2025-04-28 13:50:00+05:30,1372.6,0.6999999999998181,0.0510241271229548,25.0,0.0,0.18,0.0,,25.0,RELIANCE,True,False
Buy,2025-04-28 13:45:00+05:30,3455.5,3455.5,3440.4,2025-04-28 13:45:00+05:30,2025-04-28 14:20:00+05:30,2025-04-28 14:20:00+05:30,3440.4,-15.099999999999907,-0.436984517435969,35.0,0.0,0.0,0.44,-1.0,0.0,TCS,True,False
Sell,2025-04-28 14:35:00+05:30,1474.0,1480.1,1474.0,2025-04-28 14:50:00+05:30,2025-04-28 14:35:00+05:30,2025-04-28 14:50:00+05:30,1480.1,-6.099999999999909,-0.4138398914518256,15.0,0.0,0.0,0.41,-1.0,0.0,INFY,True,False
Buy,2025-04-28 15:05:00+05:30,1480.1,1482.2,1480.1,2025-04-28 15:15:00+05:30,2025-04-28 15:05:00+05:30,2025-04-28 15:15:00+05:30,1482.2,2.1000000000001364,0.1418823052496545,10.0,0.0,0.14,0.0,,10.0,INFY,True,False
Buy,2025-04-29 09:15:00+05:30,1486.7,1486.7,1478.0,2025-04-29 09:15:00+05:30,2025-04-29 09:35:00+05:30,2025-04-29 09:35:00+05:30,1478.0,-8.700000000000045,-0.5851886728997138,20.0,0.0,0.0,0.59,-1.0,0.0,INFY,True,False
Buy,2025-04-29 09:40:00+05:30,1477.0,1480.6,1476.6,2025-04-29 09:55:00+05:30,2025-04-29 10:20:00+05:30,2025-04-29 10:20:00+05:30,1476.6,-0.4000000000000909,-0.0270819228165261,40.0,0.0,0.24,0.03,-1.0,0.0,INFY,True,False
Buy,2025-04-29 09:50:00+05:30,55586.0,55676.3,55510.7,2025-04-29 09:55:00+05:30,2025-04-29 10:05:00+05:30,2025-04-29 10:05:00+05:30,55510.7,-75.30000000000291,-0.1354657647609162,15.0,0.0,0.16,0.14,-1.0,0.0,BANKNIFTY,True,False
Buy,2025-04-29 10:20:00+05:30,1390.2,1394.4,1389.0,2025-04-29 10:35:00+05:30,2025-04-29 10:30:00+05:30,2025-04-29 10:50:00+05:30,1393.9,3.7000000000000455,0.2661487555747407,30.0,0.0,0.3,0.09,3.08,20.0,RELIANCE,True,False
Sell,2025-04-29 10:25:00+05:30,1474.9,1477.3,1474.9,2025-04-29 10:45:00+05:30,2025-04-29 10:25:00+05:30,2025-04-29 10:50:00+05:30,1475.6,-0.6999999999998181,-0.0474608448030251,25.0,0.0,0.0,0.16,-0.29,5.0,INFY,True,False
Sell,2025-04-29 10:35:00+05:30,3438.1,3441.4,3438.1,2025-04-29 10:45:00+05:30,2025-04-29 10:35:00+05:30,2025-04-29 10:50:00+05:30,3438.5,-0.4000000000000909,-0.011634332916439,15.0,0.0,0.0,0.1,-0.12,5.0,TCS,True,False
Sell,2025-04-29 10:55:00+05:30,1479.4,1482.7,1479.4,2025-04-29 11:05:00+05:30,2025-04-29 10:55:00+05:30,2025-04-29 11:05:00+05:30,1482.7,-3.2999999999999545,-0.2230634040827331,10.0,0.0,0.0,0.22,-1.0,0.0,INFY,True,False
Buy,2025-04-29 10:55:00+05:30,1391.2,1405.5,1391.2,2025-04-29 12:10:00+05:30,2025-04-29 10:55:00+05:30,2025-04-29 12:20:00+05:30,1404.8,13.599999999999907,0.9775733179988434,85.0,0.0,1.03,0.0,,85.0,RELIANCE,True,False
Buy,2025-04-29 11:05:00+05:30,3456.3,3494.7,3448.6,2025-04-29 13:45:00+05:30,2025-04-29 11:50:00+05:30,2025-04-29 13:50:00+05:30,3491.1,34.79999999999973,1.0068570436593969,165.0,0.0,1.11,0.22,4.52,120.0,TCS,True,False
Buy,2025-04-29 11:10:00+05:30,1481.4,1507.8,1478.3,2025-04-29 13:45:00+05:30,2025-04-29 11:50:00+05:30,2025-04-29 14:20:00+05:30,1503.4,22.0,1.485081679492372,190.0,0.0,1.78,0.21,7.1,150.0,INFY,True,False
Sell,2025-04-29 12:05:00+05:30,55352.35,55402.2,55295.95,2025-04-29 12:35:00+05:30,2025-04-29 12:25:00+05:30,2025-04-29 12:35:00+05:30,55402.2,-49.84999999999855,-0.0900594103050702,30.0,0.0,0.1,0.09,-1.0,0.0,BANKNIFTY,True,False
Sell,2025-04-30 09:15:00+05:30,55357.55,55463.65,55101.8,2025-04-30 09:45:00+05:30,2025-04-30 10:35:00+05:30,2025-04-30 11:20:00+05:30,55164.85,192.7000000000044,0.3481006655822093,125.0,0.0,0.46,0.19,1.82,95.0,BANKNIFTY,True,False
Sell,2025-04-30 09:20:00+05:30,24308.05,24364.65,24308.05,2025-04-30 09:35:00+05:30,2025-04-30 09:20:00+05:30,2025-04-30 09:35:00+05:30,24364.65,-56.60000000000218,-0.2328446749122294,15.0,0.0,0.0,0.23,-1.0,0.0,NIFTY,True,False
Sell,2025-04-30 10:35:00+05:30,24308.15,24356.4,24308.15,2025-04-30 11:15:00+05:30,2025-04-30 10:35:00+05:30,2025-04-30 11:35:00+05:30,24332.35,-24.19999999999709,-0.0995550874912203,60.0,0.0,0.0,0.2,-0.5,20.0,NIFTY,True,False
Sell,2025-04-30 11:40:00+05:30,24332.3,24333.95,24327.05,2025-04-30 11:50:00+05:30,2025-04-30 11:45:00+05:30,2025-04-30 11:50:00+05:30,24333.95,-1.6500000000014552,-0.0067811098827544,10.0,0.0,0.02,0.01,-1.0,0.0,NIFTY,True,False
Sell,2025-04-30 11:55:00+05:30,24341.4,24346.95,24341.4,2025-04-30 12:00:00+05:30,2025-04-30 11:55:00+05:30,2025-04-30 12:05:00+05:30,24345.7,-4.299999999999272,-0.017665376683343,10.0,0.0,0.0,0.02,-0.77,5.0,NIFTY,True,False
Sell,2025-04-30 12:05:00+05:30,3471.8,3471.8,3452.8,2025-04-30 12:05:00+05:30,2025-04-30 13:00:00+05:30,2025-04-30 13:20:00+05:30,3463.6,8.200000000000273,0.2361887205484265,75.0,0.0,0.55,0.0,,75.0,TCS,True,False
Buy,2025-04-30 12:35:00+05:30,1408.5,1410.9,1408.5,2025-04-30 13:05:00+05:30,2025-04-30 12:35:00+05:30,2025-04-30 13:20:00+05:30,1410.4,1.900000000000091,0.1348952786652531,45.0,0.0,0.17,0.0,,45.0,RELIANCE,True,False
Buy,2025-04-30 12:35:00+05:30,24356.35,24356.5,24351.05,2025-04-30 12:40:00+05:30,2025-04-30 12:45:00+05:30,2025-04-30 12:50:00+05:30,24354.75,-1.5999999999985448,-0.0065691287898168,15.0,0.0,0.0,0.02,-0.3,5.0,NIFTY,True,False
Sell,2025-04-30 12:50:00+05:30,1494.5,1499.0,1494.3,2025-04-30 13:20:00+05:30,2025-04-30 13:00:00+05:30,2025-04-30 13:20:00+05:30,1499.0,-4.5,-0.3011040481766477,30.0,0.0,0.01,0.3,-1.0,0.0,INFY,True,False
Sell,2025-04-30 13:20:00+05:30,24333.15,24346.65,24332.7,2025-04-30 13:35:00+05:30,2025-04-30 13:25:00+05:30,2025-04-30 13:35:00+05:30,24346.65,-13.5,-0.0554798700538154,15.0,0.0,0.0,0.06,-1.0,0.0,NIFTY,True,False
Sell,2025-04-30 14:50:00+05:30,3473.3,3475.7,3449.0,2025-04-30 14:55:00+05:30,2025-04-30 15:10:00+05:30,2025-04-30 15:15:00+05:30,3449.1,24.200000000000276,0.6967437307459843,25.0,0.0,0.7,0.07,10.08,20.0,TCS,True,False
Buy,2025-04-30 14:50:00+05:30,24376.7,24379.75,24324.0,2025-04-30 15:05:00+05:30,2025-04-30 15:15:00+05:30,2025-04-30 15:15:00+05:30,24324.0,-52.70000000000073,-0.2161900503349539,25.0,0.0,0.01,0.22,-1.0,0.0,NIFTY,True,False
Sell,2025-05-02 09:15:00+05:30,55391.65,55426.65,55391.65,2025-05-02 09:20:00+05:30,2025-05-02 09:15:00+05:30,2025-05-02 09:20:00+05:30,55426.65,-35.0,-0.063186418891656,5.0,0.0,0.0,0.06,-1.0,0.0,BANKNIFTY,True,False
Sell,2025-05-02 09:15:00+05:30,3447.9,3447.9,3444.0,2025-05-02 09:15:00+05:30,2025-05-02 09:20:00+05:30,2025-05-02 09:20:00+05:30,3444.0,3.900000000000091,0.1131123292438902,5.0,0.0,0.11,0.0,,5.0,TCS,True,False
Sell,2025-05-02 09:15:00+05:30,24410.5,24410.5,24403.65,2025-05-02 09:15:00+05:30,2025-05-02 09:20:00+05:30,2025-05-02 09:20:00+05:30,24403.65,6.849999999998545,0.0280616947624937,5.0,0.0,0.03,0.0,,5.0,NIFTY,True,False
Sell,2025-05-02 09:15:00+05:30,1512.0,1512.0,1504.3,2025-05-02 09:15:00+05:30,2025-05-02 09:20:00+05:30,2025-05-02 09:20:00+05:30,1504.3,7.700000000000045,0.5092592592592623,5.0,0.0,0.51,0.0,,5.0,INFY,True,False
Buy,2025-05-02 09:25:00+05:30,55607.95,55607.95,55381.55,2025-05-02 09:25:00+05:30,2025-05-02 10:50:00+05:30,2025-05-02 10:50:00+05:30,55381.55,-226.39999999999415,-0.407136030010087,85.0,0.0,0.0,0.41,-1.0,0.0,BANKNIFTY,True,False
Buy,2025-05-02 09:25:00+05:30,24487.6,24581.95,24487.6,2025-05-02 10:10:00+05:30,2025-05-02 09:25:00+05:30,2025-05-02 10:35:00+05:30,24520.7,33.10000000000218,0.1351704536173499,70.0,0.0,0.39,0.0,,70.0,NIFTY,True,False
Buy,2025-05-02 09:25:00+05:30,1511.5,1520.8,1511.5,2025-05-02 10:05:00+05:30,2025-05-02 09:25:00+05:30,2025-05-02 10:35:00+05:30,1514.4,2.900000000000091,0.1918623883559438,70.0,0.0,0.62,0.0,,70.0,INFY,True,False
Sell,2025-05-02 09:25:00+05:30,3461.7,3474.9,3461.7,2025-05-02 09:35:00+05:30,2025-05-02 09:25:00+05:30,2025-05-02 09:35:00+05:30,3474.9,-13.200000000000273,-0.3813155386082061,10.0,0.0,0.0,0.38,-1.0,0.0,TCS,True,False
Buy,2025-05-02 09:35:00+05:30,1424.1,1425.0,1421.0,2025-05-02 09:40:00+05:30,2025-05-02 10:00:00+05:30,2025-05-02 10:20:00+05:30,1423.0,-1.099999999999909,-0.0772417667298581,45.0,0.0,0.06,0.22,-0.35,20.0,RELIANCE,True,False
Buy,2025-05-02 10:05:00+05:30,3491.0,3491.0,3472.7,2025-05-02 10:05:00+05:30,2025-05-02 10:15:00+05:30,2025-05-02 10:20:00+05:30,3474.9,-16.09999999999991,-0.4611859066170126,15.0,0.0,0.0,0.52,-0.88,5.0,TCS,True,False
Buy,2025-05-02 10:25:00+05:30,1418.3,1419.6,1416.2,2025-05-02 10:35:00+05:30,2025-05-02 10:30:00+05:30,2025-05-02 10:35:00+05:30,1419.6,1.2999999999999543,0.0916590284142956,10.0,0.0,0.09,0.15,0.62,5.0,RELIANCE,True,False
Buy,2025-05-02 10:25:00+05:30,3466.8,3466.8,3460.9,2025-05-02 10:25:00+05:30,2025-05-02 10:30:00+05:30,2025-05-02 10:35:00+05:30,3466.3,-0.5,-0.0144225222106842,10.0,0.0,0.0,0.17,-0.08,5.0,TCS,True,False
Sell,2025-05-02 10:50:00+05:30,3457.2,3462.3,3422.5,2025-05-02 11:25:00+05:30,2025-05-02 12:25:00+05:30,2025-05-02 13:20:00+05:30,3441.9,15.299999999999727,0.4425546685178678,150.0,0.0,1.0,0.15,3.0,115.0,TCS,True,False
Sell,2025-05-02 12:05:00+05:30,24316.9,24354.1,24242.75,2025-05-02 13:20:00+05:30,2025-05-02 12:25:00+05:30,2025-05-02 13:20:00+05:30,24354.1,-37.19999999999709,-0.152980026236885,75.0,0.0,0.3,0.15,-1.0,0.0,NIFTY,True,False
Sell,2025-05-02 12:05:00+05:30,55180.6,55180.6,55035.25,2025-05-02 12:05:00+05:30,2025-05-02 12:25:00+05:30,2025-05-02 13:20:00+05:30,55155.75,24.849999999998545,0.0450339430886915,75.0,0.0,0.26,0.0,,75.0,BANKNIFTY,True,False
Sell,2025-05-02 12:20:00+05:30,1500.9,1504.9,1497.7,2025-05-02 12:45:00+05:30,2025-05-02 12:25:00+05:30,2025-05-02 12:50:00+05:30,1503.9,-3.0,-0.1998800719568259,30.0,0.0,0.21,0.27,-0.75,5.0,INFY,True,False
Buy,2025-05-02 13:35:00+05:30,1510.8,1512.7,1508.4,2025-05-02 13:50:00+05:30,2025-05-02 14:05:00+05:30,2025-05-02 14:05:00+05:30,1508.4,-2.399999999999864,-0.1588562351072189,30.0,0.0,0.13,0.16,-1.0,0.0,INFY,True,False
Buy,2025-05-02 14:10:00+05:30,1506.7,1506.7,1505.8,2025-05-02 14:10:00+05:30,2025-05-02 14:20:00+05:30,2025-05-02 14:20:00+05:30,1505.8,-0.900000000000091,-0.0597331917435515,10.0,0.0,0.0,0.06,-1.0,0.0,INFY,True,False
Sell,2025-05-02 14:25:00+05:30,3429.9,3431.3,3427.5,2025-05-02 14:35:00+05:30,2025-05-02 14:30:00+05:30,2025-05-02 14:35:00+05:30,3431.3,-1.400000000000091,-0.0408175165456745,10.0,0.0,0.07,0.04,-1.0,0.0,TCS,True,False
Sell,2025-05-02 14:30:00+05:30,55020.4,55195.8,55020.4,2025-05-02 14:50:00+05:30,2025-05-02 14:30:00+05:30,2025-05-02 14:50:00+05:30,55195.8,-175.40000000000146,-0.3187908484852917,20.0,0.0,0.0,0.32,-1.0,0.0,BANKNIFTY,True,False
Sell,2025-05-02 14:35:00+05:30,24316.25,24372.4,24316.25,2025-05-02 14:50:00+05:30,2025-05-02 14:35:00+05:30,2025-05-02 14:50:00+05:30,24372.4,-56.150000000001455,-0.2309155400195402,15.0,0.0,0.0,0.23,-1.0,0.0,NIFTY,True,False
Sell,2025-05-02 14:40:00+05:30,3433.9,3440.0,3433.9,2025-05-02 14:50:00+05:30,2025-05-02 14:40:00+05:30,2025-05-02 14:50:00+05:30,3440.0,-6.099999999999909,-0.1776405835929965,10.0,0.0,0.0,0.18,-1.0,0.0,TCS,True,False
Sell,2025-05-02 14:55:00+05:30,24373.95,24373.95,24354.25,2025-05-02 14:55:00+05:30,2025-05-02 15:00:00+05:30,2025-05-02 15:05:00+05:30,24354.95,19.0,0.0779520758842945,10.0,0.0,0.08,0.0,,10.0,NIFTY,True,False
Sell,2025-05-02 14:55:00+05:30,55195.45,55195.45,55111.5,2025-05-02 14:55:00+05:30,2025-05-02 15:05:00+05:30,2025-05-02 15:05:00+05:30,55111.5,83.94999999999709,0.1520958702211814,10.0,0.0,0.15,0.0,,10.0,BANKNIFTY,True,False
Sell,2025-05-05 09:15:00+05:30,55105.75,55105.75,54916.7,2025-05-05 09:15:00+05:30,2025-05-05 09:30:00+05:30,2025-05-05 09:50:00+05:30,55091.0,14.75,0.0267667167219391,35.0,0.0,0.34,0.0,,35.0,BANKNIFTY,True,False
Sell,2025-05-05 09:15:00+05:30,24436.9,24447.05,24436.9,2025-05-05 09:20:00+05:30,2025-05-05 09:15:00+05:30,2025-05-05 09:20:00+05:30,24447.05,-10.149999999997815,-0.0415355466527989,5.0,0.0,0.0,0.04,-1.0,0.0,NIFTY,True,False
Buy,2025-05-05 09:20:00+05:30,1432.8,1438.5,1430.8,2025-05-05 09:40:00+05:30,2025-05-05 09:30:00+05:30,2025-05-05 10:35:00+05:30,1431.7,-1.099999999999909,-0.0767727526521433,75.0,0.0,0.4,0.14,-0.55,65.0,RELIANCE,True,False
Buy,2025-05-05 09:20:00+05:30,3482.1,3502.5,3473.8,2025-05-05 09:50:00+05:30,2025-05-05 10:25:00+05:30,2025-05-05 10:35:00+05:30,3478.2,-3.900000000000091,-0.1120013784785069,75.0,0.0,0.59,0.24,-0.47,10.0,TCS,True,False
Buy,2025-05-05 09:25:00+05:30,1520.3,1520.3,1513.2,2025-05-05 09:25:00+05:30,2025-05-05 10:20:00+05:30,2025-05-05 10:20:00+05:30,1513.2,-7.099999999999909,-0.4670130895217989,55.0,0.0,0.0,0.47,-1.0,0.0,INFY,True,False
Buy,2025-05-05 09:25:00+05:30,24443.15,24522.65,24414.05,2025-05-05 10:40:00+05:30,2025-05-05 09:30:00+05:30,2025-05-05 11:05:00+05:30,24472.95,29.799999999999272,0.1219155468914574,100.0,0.0,0.33,0.12,1.02,95.0,NIFTY,True,False
Sell,2025-05-05 09:55:00+05:30,55118.4,55139.1,55038.9,2025-05-05 10:35:00+05:30,2025-05-05 10:10:00+05:30,2025-05-05 10:35:00+05:30,55139.1,-20.69999999999709,-0.0375555168509918,40.0,0.0,0.14,0.04,-1.0,0.0,BANKNIFTY,True,False
Sell,2025-05-05 11:00:00+05:30,54938.4,54980.9,54802.85,2025-05-05 11:05:00+05:30,2025-05-05 12:15:00+05:30,2025-05-05 12:50:00+05:30,54858.85,79.55000000000291,0.1447985379989277,110.0,0.0,0.25,0.08,1.87,105.0,BANKNIFTY,True,False
Sell,2025-05-05 12:05:00+05:30,1504.3,1507.7,1503.9,2025-05-05 12:50:00+05:30,2025-05-05 12:10:00+05:30,2025-05-05 12:50:00+05:30,1507.7,-3.400000000000091,-0.2260187462607253,45.0,0.0,0.03,0.23,-1.0,0.0,INFY,True,False
Sell,2025-05-05 14:25:00+05:30,3455.2,3455.2,3453.7,2025-05-05 14:25:00+05:30,2025-05-05 14:35:00+05:30,2025-05-05 14:50:00+05:30,3455.2,0.0,0.0,25.0,0.0,0.04,0.0,,25.0,TCS,True,False
Buy,2025-05-05 14:50:00+05:30,1510.8,1510.8,1506.4,2025-05-05 14:50:00+05:30,2025-05-05 15:15:00+05:30,2025-05-05 15:15:00+05:30,1506.4,-4.399999999999864,-0.2912364310299089,25.0,0.0,0.0,0.29,-1.0,0.0,INFY,True,False
Sell,2025-05-06 09:15:00+05:30,1503.0,1507.1,1500.5,2025-05-06 09:40:00+05:30,2025-05-06 09:50:00+05:30,2025-05-06 10:05:00+05:30,1505.4,-2.400000000000091,-0.1596806387225609,50.0,0.0,0.17,0.27,-0.59,25.0,INFY,True,False
Sell,2025-05-06 09:20:00+05:30,54799.0,54800.5,54417.35,2025-05-06 09:30:00+05:30,2025-05-06 11:35:00+05:30,2025-05-06 11:50:00+05:30,54447.4,351.59999999999854,0.6416175477654675,150.0,0.0,0.7,0.0,234.4,140.0,BANKNIFTY,True,False
Sell,2025-05-06 09:20:00+05:30,1417.0,1423.5,1411.1,2025-05-06 09:35:00+05:30,2025-05-06 11:25:00+05:30,2025-05-06 11:35:00+05:30,1411.5,5.5,0.3881439661256175,135.0,0.0,0.42,0.46,0.85,120.0,RELIANCE,True,False
Sell,2025-05-06 09:25:00+05:30,3439.5,3449.9,3439.5,2025-05-06 09:40:00+05:30,2025-05-06 09:25:00+05:30,2025-05-06 10:05:00+05:30,3449.0,-9.5,-0.2762029364733246,40.0,0.0,0.0,0.3,-0.91,25.0,TCS,True,False
Sell,2025-05-06 09:50:00+05:30,24404.5,24404.5,24369.95,2025-05-06 09:50:00+05:30,2025-05-06 10:20:00+05:30,2025-05-06 11:05:00+05:30,24393.0,11.5,0.0471224569239279,75.0,0.0,0.14,0.0,,75.0,NIFTY,True,False
Sell,2025-05-06 10:10:00+05:30,1507.4,1509.9,1507.4,2025-05-06 10:15:00+05:30,2025-05-06 10:10:00+05:30,2025-05-06 10:20:00+05:30,1509.9,-2.5,-0.1658484808279156,10.0,0.0,0.0,0.17,-1.0,5.0,INFY,True,False
Buy,2025-05-06 11:05:00+05:30,1510.7,1513.9,1509.9,2025-05-06 11:35:00+05:30,2025-05-06 11:15:00+05:30,2025-05-06 12:20:00+05:30,1510.4,-0.2999999999999545,-0.0198583438141228,75.0,0.0,0.21,0.05,-0.37,65.0,INFY,True,False
Sell,2025-05-06 11:40:00+05:30,24361.15,24389.0,24361.15,2025-05-06 12:05:00+05:30,2025-05-06 11:40:00+05:30,2025-05-06 12:05:00+05:30,24389.0,-27.849999999998545,-0.114321368244104,25.0,0.0,0.0,0.11,-1.0,0.0,NIFTY,True,False
Sell,2025-05-06 11:40:00+05:30,1414.4,1417.8,1414.4,2025-05-06 11:50:00+05:30,2025-05-06 11:40:00+05:30,2025-05-06 11:50:00+05:30,1417.8,-3.399999999999864,-0.2403846153846057,10.0,0.0,0.0,0.24,-1.0,0.0,RELIANCE,True,False
Buy,2025-05-06 12:50:00+05:30,3460.0,3469.8,3459.1,2025-05-06 13:30:00+05:30,2025-05-06 13:10:00+05:30,2025-05-06 14:20:00+05:30,3462.0,2.0,0.0578034682080924,90.0,0.0,0.28,0.03,2.22,70.0,TCS,True,False
Sell,2025-05-06 14:50:00+05:30,1510.0,1512.1,1508.9,2025-05-06 15:00:00+05:30,2025-05-06 14:55:00+05:30,2025-05-06 15:05:00+05:30,1511.8,-1.7999999999999543,-0.119205298013242,15.0,0.0,0.07,0.14,-0.86,5.0,INFY,True,False
Sell,2025-05-06 14:50:00+05:30,54308.15,54313.45,54224.85,2025-05-06 15:05:00+05:30,2025-05-06 15:15:00+05:30,2025-05-06 15:15:00+05:30,54224.85,83.30000000000291,0.1533839764381642,25.0,0.0,0.15,0.01,15.72,10.0,BANKNIFTY,True,False
Sell,2025-05-07 09:15:00+05:30,24365.9,24365.9,24359.95,2025-05-07 09:15:00+05:30,2025-05-07 09:20:00+05:30,2025-05-07 09:20:00+05:30,24359.95,5.950000000000728,0.0244193729761704,5.0,0.0,0.02,0.0,,5.0,NIFTY,True,False
Sell,2025-05-07 09:15:00+05:30,54517.0,54517.0,54512.85,2025-05-07 09:15:00+05:30,2025-05-07 09:20:00+05:30,2025-05-07 09:20:00+05:30,54512.85,4.150000000001455,0.0076123044188078,5.0,0.0,0.01,0.0,,5.0,BANKNIFTY,True,False
Sell,2025-05-07 09:20:00+05:30,1504.0,1508.8,1502.2,2025-05-07 09:30:00+05:30,2025-05-07 10:05:00+05:30,2025-05-07 10:20:00+05:30,1507.4,-3.400000000000091,-0.2260638297872401,60.0,0.0,0.12,0.32,-0.71,50.0,INFY,True,False
Sell,2025-05-07 09:20:00+05:30,3437.9,3447.1,3428.2,2025-05-07 09:30:00+05:30,2025-05-07 10:35:00+05:30,2025-05-07 11:05:00+05:30,3430.2,7.700000000000273,0.2239739375781806,105.0,0.0,0.28,0.27,0.84,95.0,TCS,True,False
Sell,2025-05-07 10:05:00+05:30,24304.95,24372.85,24291.3,2025-05-07 10:30:00+05:30,2025-05-07 10:15:00+05:30,2025-05-07 10:35:00+05:30,24362.2,-57.25,-0.2355487256711081,30.0,0.0,0.06,0.28,-0.84,5.0,NIFTY,True,False
Sell,2025-05-07 10:05:00+05:30,1412.5,1417.7,1411.6,2025-05-07 10:30:00+05:30,2025-05-07 10:10:00+05:30,2025-05-07 10:35:00+05:30,1417.2,-4.7000000000000455,-0.3327433628318616,30.0,0.0,0.06,0.37,-0.9,5.0,RELIANCE,True,False
Sell,2025-05-07 10:50:00+05:30,54277.4,54362.4,54271.3,2025-05-07 11:00:00+05:30,2025-05-07 10:55:00+05:30,2025-05-07 11:05:00+05:30,54319.25,-41.84999999999855,-0.0771039143363509,15.0,0.0,0.01,0.16,-0.49,5.0,BANKNIFTY,True,False
Buy,2025-05-07 12:20:00+05:30,1509.6,1518.8,1509.6,2025-05-07 14:10:00+05:30,2025-05-07 12:20:00+05:30,2025-05-07 14:35:00+05:30,1513.8,4.2000000000000455,0.2782193958664577,135.0,0.0,0.61,0.0,,135.0,INFY,True,False
Buy,2025-05-07 12:35:00+05:30,24384.9,24392.6,24356.65,2025-05-07 12:45:00+05:30,2025-05-07 13:05:00+05:30,2025-05-07 13:05:00+05:30,24356.65,-28.25,-0.1158503828188756,30.0,0.0,0.03,0.12,-1.0,0.0,NIFTY,True,False
Sell,2025-05-07 13:35:00+05:30,1414.7,1415.1,1412.7,2025-05-07 14:05:00+05:30,2025-05-07 13:55:00+05:30,2025-05-07 14:05:00+05:30,1415.1,-0.3999999999998636,-0.0282745458400978,30.0,0.0,0.14,0.03,-1.0,0.0,RELIANCE,True,False
Buy,2025-05-07 14:05:00+05:30,3451.8,3457.5,3445.7,2025-05-07 14:10:00+05:30,2025-05-07 14:20:00+05:30,2025-05-07 14:50:00+05:30,3448.7,-3.100000000000364,-0.0898082160032552,45.0,0.0,0.17,0.18,-0.51,30.0,TCS,True,False
Sell,2025-05-07 14:10:00+05:30,1416.1,1416.1,1403.5,2025-05-07 14:10:00+05:30,2025-05-07 15:15:00+05:30,2025-05-07 15:15:00+05:30,1403.5,12.599999999999907,0.8897676717745858,65.0,0.0,0.89,0.0,,65.0,RELIANCE,True,False
Buy,2025-05-07 14:10:00+05:30,24406.9,24419.1,24373.95,2025-05-07 15:00:00+05:30,2025-05-07 14:20:00+05:30,2025-05-07 15:15:00+05:30,24411.0,4.099999999998545,0.0167985282850281,65.0,0.0,0.05,0.14,0.12,55.0,NIFTY,True,False
Buy,2025-05-07 14:35:00+05:30,54451.05,54622.85,54440.55,2025-05-07 15:15:00+05:30,2025-05-07 14:50:00+05:30,2025-05-07 15:15:00+05:30,54622.85,171.79999999999563,0.3155127403420055,40.0,0.0,0.32,0.02,16.36,25.0,BANKNIFTY,True,False
Buy,2025-05-08 09:15:00+05:30,24398.05,24409.95,24398.05,2025-05-08 09:20:00+05:30,2025-05-08 09:15:00+05:30,2025-05-08 09:20:00+05:30,24409.95,11.900000000001455,0.0487743897565643,5.0,0.0,0.05,0.0,,5.0,NIFTY,True,False
Sell,2025-05-08 09:15:00+05:30,1399.1,1409.8,1399.1,2025-05-08 09:50:00+05:30,2025-05-08 09:15:00+05:30,2025-05-08 09:50:00+05:30,1409.8,-10.700000000000044,-0.7647773568722783,35.0,0.0,0.0,0.76,-1.0,0.0,RELIANCE,True,False
Buy,2025-05-08 09:15:00+05:30,54716.95,54847.3,54652.15,2025-05-08 10:25:00+05:30,2025-05-08 09:30:00+05:30,2025-05-08 10:50:00+05:30,54816.45,99.5,0.1818449310497021,95.0,0.0,0.24,0.12,1.54,80.0,BANKNIFTY,True,False
Sell,2025-05-08 09:20:00+05:30,1511.1,1511.1,1501.7,2025-05-08 09:20:00+05:30,2025-05-08 10:35:00+05:30,2025-05-08 10:50:00+05:30,1507.0,4.099999999999909,0.2713255244523797,90.0,0.0,0.62,0.0,,90.0,INFY,True,False
Buy,2025-05-08 09:20:00+05:30,3463.0,3470.7,3460.0,2025-05-08 09:30:00+05:30,2025-05-08 09:25:00+05:30,2025-05-08 10:05:00+05:30,3461.1,-1.900000000000091,-0.0548657233612501,45.0,0.0,0.22,0.09,-0.63,40.0,TCS,True,False
Buy,2025-05-08 10:10:00+05:30,3457.8,3457.8,3455.9,2025-05-08 10:10:00+05:30,2025-05-08 10:15:00+05:30,2025-05-08 10:20:00+05:30,3456.9,-0.900000000000091,-0.0260281103591905,10.0,0.0,0.0,0.05,-0.47,5.0,TCS,True,False
Buy,2025-05-08 10:30:00+05:30,24408.1,24408.1,24392.5,2025-05-08 10:30:00+05:30,2025-05-08 10:35:00+05:30,2025-05-08 10:50:00+05:30,24404.05,-4.049999999999272,-0.0165928523727749,20.0,0.0,0.0,0.06,-0.26,15.0,NIFTY,True,False
Buy,2025-05-08 10:55:00+05:30,24397.25,24402.6,24397.15,2025-05-08 11:05:00+05:30,2025-05-08 11:00:00+05:30,2025-05-08 11:05:00+05:30,24402.6,5.349999999998545,0.0219287009806373,10.0,0.0,0.02,0.0,53.5,5.0,NIFTY,True,False
Buy,2025-05-08 11:10:00+05:30,24398.05,24412.3,24398.05,2025-05-08 11:25:00+05:30,2025-05-08 11:10:00+05:30,2025-05-08 11:50:00+05:30,24400.7,2.650000000001455,0.0108615237693235,40.0,0.0,0.06,0.0,,40.0,NIFTY,True,False
Buy,2025-05-08 11:20:00+05:30,1417.6,1420.4,1417.0,2025-05-08 12:40:00+05:30,2025-05-08 11:35:00+05:30,2025-05-08 12:50:00+05:30,1417.6,0.0,0.0,90.0,0.0,0.2,0.04,0.0,75.0,RELIANCE,True,False
Sell,2025-05-08 11:50:00+05:30,3445.5,3452.0,3442.2,2025-05-08 12:05:00+05:30,2025-05-08 11:55:00+05:30,2025-05-08 12:05:00+05:30,3452.0,-6.5,-0.1886518647511246,15.0,0.0,0.1,0.19,-1.0,0.0,TCS,True,False
Sell,2025-05-08 12:55:00+05:30,3444.2,3449.5,3442.9,2025-05-08 13:20:00+05:30,2025-05-08 13:05:00+05:30,2025-05-08 13:20:00+05:30,3449.5,-5.300000000000182,-0.1538818883920847,25.0,0.0,0.04,0.15,-1.0,0.0,TCS,True,False
Sell,2025-05-08 13:05:00+05:30,1505.0,1507.0,1504.9,2025-05-08 13:20:00+05:30,2025-05-08 13:10:00+05:30,2025-05-08 13:20:00+05:30,1507.0,-2.0,-0.132890365448505,15.0,0.0,0.01,0.13,-1.0,0.0,INFY,True,False
Sell,2025-05-08 13:20:00+05:30,24355.55,24370.7,24316.95,2025-05-08 13:30:00+05:30,2025-05-08 14:10:00+05:30,2025-05-08 14:35:00+05:30,24343.55,12.0,0.0492700842313148,75.0,0.0,0.16,0.06,0.79,65.0,NIFTY,True,False
Sell,2025-05-08 13:25:00+05:30,3451.6,3451.6,3447.8,2025-05-08 13:25:00+05:30,2025-05-08 13:35:00+05:30,2025-05-08 13:35:00+05:30,3447.8,3.799999999999727,0.1100938695097846,10.0,0.0,0.11,0.0,,10.0,TCS,True,False
Buy,2025-05-08 13:50:00+05:30,3454.7,3454.7,3450.0,2025-05-08 13:50:00+05:30,2025-05-08 14:05:00+05:30,2025-05-08 14:05:00+05:30,3450.0,-4.699999999999818,-0.1360465452861266,15.0,0.0,0.0,0.14,-1.0,0.0,TCS,True,False
Sell,2025-05-08 14:05:00+05:30,54576.35,54633.25,54311.1,2025-05-08 14:35:00+05:30,2025-05-08 15:15:00+05:30,2025-05-08 15:15:00+05:30,54311.1,265.25,0.4860163788893907,70.0,0.0,0.49,0.1,4.66,40.0,BANKNIFTY,True,False
Buy,2025-05-08 14:20:00+05:30,3453.0,3458.1,3452.1,2025-05-08 14:45:00+05:30,2025-05-08 14:50:00+05:30,2025-05-08 14:50:00+05:30,3452.1,-0.900000000000091,-0.0260642919200721,30.0,0.0,0.15,0.03,-1.0,0.0,TCS,True,False
Sell,2025-05-08 14:50:00+05:30,1407.0,1411.5,1403.5,2025-05-08 15:05:00+05:30,2025-05-08 15:15:00+05:30,2025-05-08 15:15:00+05:30,1403.5,3.5,0.2487562189054726,25.0,0.0,0.25,0.32,0.78,10.0,RELIANCE,True,False
Sell,2025-05-08 14:55:00+05:30,24262.2,24318.45,24262.2,2025-05-08 15:05:00+05:30,2025-05-08 14:55:00+05:30,2025-05-08 15:15:00+05:30,24266.95,-4.75,-0.0195777794264328,20.0,0.0,0.0,0.23,-0.08,10.0,NIFTY,True,False
Buy,2025-05-08 14:55:00+05:30,3448.4,3454.5,3446.3,2025-05-08 15:00:00+05:30,2025-05-08 15:15:00+05:30,2025-05-08 15:15:00+05:30,3446.3,-2.099999999999909,-0.0608978076789209,20.0,0.0,0.18,0.06,-1.0,0.0,TCS,True,False
Buy,2025-05-08 15:05:00+05:30,1512.3,1515.0,1511.6,2025-05-08 15:15:00+05:30,2025-05-08 15:10:00+05:30,2025-05-08 15:15:00+05:30,1515.0,2.700000000000045,0.1785360047609631,10.0,0.0,0.18,0.05,3.86,5.0,INFY,True,False
Sell,2025-05-09 09:15:00+05:30,1389.0,1389.2,1380.0,2025-05-09 09:25:00+05:30,2025-05-09 10:00:00+05:30,2025-05-09 10:50:00+05:30,1380.1,8.900000000000091,0.6407487401007985,95.0,0.0,0.65,0.01,44.5,85.0,RELIANCE,True,False
Sell,2025-05-09 09:15:00+05:30,53947.15,53947.15,53612.35,2025-05-09 09:15:00+05:30,2025-05-09 10:00:00+05:30,2025-05-09 10:35:00+05:30,53669.1,278.0500000000029,0.515411842886979,80.0,0.0,0.62,0.0,,80.0,BANKNIFTY,True,False
Buy,2025-05-09 09:15:00+05:30,1498.3,1498.5,1498.3,2025-05-09 09:20:00+05:30,2025-05-09 09:15:00+05:30,2025-05-09 09:20:00+05:30,1498.5,0.2000000000000454,0.0133484615898048,5.0,0.0,0.01,0.0,,5.0,INFY,True,False
Sell,2025-05-09 09:15:00+05:30,3420.2,3425.8,3405.4,2025-05-09 10:20:00+05:30,2025-05-09 09:55:00+05:30,2025-05-09 10:35:00+05:30,3418.3,1.899999999999636,0.0555523068826278,80.0,0.0,0.43,0.16,0.34,15.0,TCS,True,False
Sell,2025-05-09 09:15:00+05:30,24116.75,24116.75,23977.65,2025-05-09 09:15:00+05:30,2025-05-09 10:00:00+05:30,2025-05-09 11:05:00+05:30,23996.8,119.95000000000071,0.4973721583546735,110.0,0.0,0.58,0.0,,110.0,NIFTY,True,False
Sell,2025-05-09 09:25:00+05:30,1498.8,1502.5,1495.9,2025-05-09 09:40:00+05:30,2025-05-09 10:00:00+05:30,2025-05-09 10:50:00+05:30,1498.4,0.3999999999998636,0.0266880170803218,85.0,0.0,0.19,0.25,0.11,70.0,INFY,True,False
Buy,2025-05-09 12:20:00+05:30,1506.8,1509.5,1506.8,2025-05-09 13:15:00+05:30,2025-05-09 12:20:00+05:30,2025-05-09 13:35:00+05:30,1509.0,2.200000000000045,0.1460047783382032,75.0,0.0,0.18,0.0,,75.0,INFY,True,False
Sell,2025-05-09 12:40:00+05:30,1378.8,1381.5,1378.8,2025-05-09 12:50:00+05:30,2025-05-09 12:40:00+05:30,2025-05-09 12:50:00+05:30,1381.5,-2.700000000000045,-0.1958224543080973,10.0,0.0,0.0,0.2,-1.0,0.0,RELIANCE,True,False
Sell,2025-05-09 13:25:00+05:30,1376.3,1377.1,1376.3,2025-05-09 13:35:00+05:30,2025-05-09 13:25:00+05:30,2025-05-09 13:35:00+05:30,1377.1,-0.7999999999999545,-0.0581268618760411,10.0,0.0,0.0,0.06,-1.0,0.0,RELIANCE,True,False
Sell,2025-05-09 13:40:00+05:30,1376.9,1378.9,1376.8,2025-05-09 13:50:00+05:30,2025-05-09 13:45:00+05:30,2025-05-09 13:50:00+05:30,1378.9,-2.0,-0.1452538310697944,10.0,0.0,0.01,0.15,-1.0,0.0,RELIANCE,True,False
Buy,2025-05-09 14:35:00+05:30,3435.1,3443.8,3435.1,2025-05-09 15:15:00+05:30,2025-05-09 14:35:00+05:30,2025-05-09 15:15:00+05:30,3443.8,8.700000000000273,0.2532677360193378,40.0,0.0,0.25,0.0,,40.0,TCS,True,False
Buy,2025-05-12 09:15:00+05:30,3512.9,3549.9,3508.8,2025-05-12 09:55:00+05:30,2025-05-12 09:30:00+05:30,2025-05-12 10:50:00+05:30,3525.0,12.099999999999907,0.344444760738988,95.0,0.0,1.05,0.12,2.95,80.0,TCS,True,False
Buy,2025-05-12 09:20:00+05:30,1549.1,1569.8,1546.5,2025-05-12 09:55:00+05:30,2025-05-12 09:25:00+05:30,2025-05-12 10:50:00+05:30,1559.9,10.800000000000182,0.6971790071654627,90.0,0.0,1.34,0.17,4.15,85.0,INFY,True,False
Buy,2025-05-12 09:20:00+05:30,24579.95,24725.0,24579.95,2025-05-12 09:55:00+05:30,2025-05-12 09:20:00+05:30,2025-05-12 11:05:00+05:30,24708.4,128.45000000000073,0.5225803958104094,105.0,0.0,0.59,0.0,,105.0,NIFTY,True,False
Buy,2025-05-12 09:20:00+05:30,55011.2,55322.1,55011.2,2025-05-12 11:05:00+05:30,2025-05-12 09:20:00+05:30,2025-05-12 11:05:00+05:30,55322.1,310.90000000000146,0.5651576406259116,105.0,0.0,0.57,0.0,,105.0,BANKNIFTY,True,False
Buy,2025-05-12 09:20:00+05:30,1423.0,1425.5,1420.4,2025-05-12 09:55:00+05:30,2025-05-12 09:25:00+05:30,2025-05-12 10:50:00+05:30,1421.8,-1.2000000000000457,-0.0843288826423081,90.0,0.0,0.18,0.18,-0.46,85.0,RELIANCE,True,False
Buy,2025-05-12 12:40:00+05:30,3575.4,3606.2,3575.4,2025-05-12 13:15:00+05:30,2025-05-12 12:40:00+05:30,2025-05-12 13:50:00+05:30,3600.9,25.5,0.7132069139117302,70.0,0.0,0.86,0.0,,70.0,TCS,True,False
Buy,2025-05-12 12:45:00+05:30,1585.7,1621.6,1585.7,2025-05-12 14:10:00+05:30,2025-05-12 12:45:00+05:30,2025-05-12 14:20:00+05:30,1619.1,33.399999999999864,2.106325282209741,95.0,0.0,2.26,0.0,,95.0,INFY,True,False
Buy,2025-05-12 13:40:00+05:30,1430.8,1430.8,1429.6,2025-05-12 13:40:00+05:30,2025-05-12 14:00:00+05:30,2025-05-12 14:05:00+05:30,1430.2,-0.599999999999909,-0.0419345820519925,25.0,0.0,0.0,0.08,-0.5,5.0,RELIANCE,True,False
Buy,2025-05-12 14:10:00+05:30,1430.7,1433.6,1430.7,2025-05-12 14:20:00+05:30,2025-05-12 14:10:00+05:30,2025-05-12 14:35:00+05:30,1431.0,0.2999999999999545,0.0209687565527332,25.0,0.0,0.2,0.0,,25.0,RELIANCE,True,False
Buy,2025-05-12 15:00:00+05:30,1435.0,1437.6,1434.9,2025-05-12 15:15:00+05:30,2025-05-12 15:05:00+05:30,2025-05-12 15:15:00+05:30,1437.6,2.599999999999909,0.1811846689895407,15.0,0.0,0.18,0.01,26.0,10.0,RELIANCE,True,False
Buy,2025-05-13 09:15:00+05:30,1440.0,1440.0,1431.6,2025-05-13 09:15:00+05:30,2025-05-13 09:20:00+05:30,2025-05-13 09:20:00+05:30,1431.6,-8.400000000000091,-0.5833333333333397,5.0,0.0,0.0,0.58,-1.0,0.0,RELIANCE,True,False
Sell,2025-05-13 11:50:00+05:30,3560.0,3561.9,3511.0,2025-05-13 12:10:00+05:30,2025-05-13 14:15:00+05:30,2025-05-13 14:20:00+05:30,3515.1,44.90000000000009,1.2612359550561822,150.0,0.0,1.38,0.05,23.63,130.0,TCS,True,False
Sell,2025-05-13 12:25:00+05:30,24712.75,24712.75,24563.75,2025-05-13 12:25:00+05:30,2025-05-13 14:15:00+05:30,2025-05-13 14:20:00+05:30,24595.9,116.84999999999854,0.4728328494400605,115.0,0.0,0.6,0.0,,115.0,NIFTY,True,False
Sell,2025-05-13 12:35:00+05:30,1421.6,1422.7,1416.6,2025-05-13 12:45:00+05:30,2025-05-13 13:55:00+05:30,2025-05-13 14:20:00+05:30,1420.5,1.099999999999909,0.0773776027011753,105.0,0.0,0.35,0.08,1.0,95.0,RELIANCE,True,False
Sell,2025-05-13 12:35:00+05:30,55040.85,55040.85,54907.65,2025-05-13 12:35:00+05:30,2025-05-13 13:55:00+05:30,2025-05-13 14:05:00+05:30,54965.45,75.40000000000146,0.1369891635031098,90.0,0.0,0.24,0.0,,90.0,BANKNIFTY,True,False
Sell,2025-05-13 12:45:00+05:30,1577.1,1577.1,1570.7,2025-05-13 12:45:00+05:30,2025-05-13 13:25:00+05:30,2025-05-13 13:35:00+05:30,1572.4,4.699999999999818,0.2980153446198604,50.0,0.0,0.41,0.0,,50.0,INFY,True,False
Sell,2025-05-13 13:40:00+05:30,1572.7,1578.2,1571.7,2025-05-13 13:50:00+05:30,2025-05-13 14:05:00+05:30,2025-05-13 14:05:00+05:30,1571.7,1.0,0.0635849176575316,25.0,0.0,0.06,0.35,0.18,15.0,INFY,True,False
Sell,2025-05-13 15:10:00+05:30,1413.8,1415.1,1413.8,2025-05-13 15:15:00+05:30,2025-05-13 15:10:00+05:30,2025-05-13 15:15:00+05:30,1415.1,-1.2999999999999543,-0.0919507709718457,5.0,0.0,0.0,0.09,-1.0,0.0,RELIANCE,True,False
Sell,2025-05-14 09:15:00+05:30,1424.8,1426.2,1424.8,2025-05-14 09:20:00+05:30,2025-05-14 09:15:00+05:30,2025-05-14 09:20:00+05:30,1426.2,-1.400000000000091,-0.0982594048287542,5.0,0.0,0.0,0.1,-1.0,0.0,RELIANCE,True,False
Sell,2025-05-14 09:15:00+05:30,1584.0,1585.1,1584.0,2025-05-14 09:20:00+05:30,2025-05-14 09:15:00+05:30,2025-05-14 09:20:00+05:30,1585.1,-1.099999999999909,-0.0694444444444387,5.0,0.0,0.0,0.07,-1.0,0.0,INFY,True,False
Buy,2025-05-14 09:50:00+05:30,1427.2,1429.3,1424.8,2025-05-14 10:05:00+05:30,2025-05-14 10:50:00+05:30,2025-05-14 10:50:00+05:30,1424.8,-2.400000000000091,-0.1681614349775848,60.0,0.0,0.15,0.17,-1.0,0.0,RELIANCE,True,False
Buy,2025-05-14 09:50:00+05:30,24706.15,24766.75,24706.15,2025-05-14 10:20:00+05:30,2025-05-14 09:50:00+05:30,2025-05-14 10:50:00+05:30,24712.45,6.299999999999272,0.0254997237529897,60.0,0.0,0.25,0.0,,60.0,NIFTY,True,False
Buy,2025-05-14 09:50:00+05:30,1589.8,1592.0,1587.0,2025-05-14 10:15:00+05:30,2025-05-14 10:25:00+05:30,2025-05-14 10:50:00+05:30,1589.3,-0.5,-0.0314504969178513,60.0,0.0,0.14,0.18,-0.18,25.0,INFY,True,False
Buy,2025-05-14 10:35:00+05:30,55007.4,55047.8,54997.55,2025-05-14 10:40:00+05:30,2025-05-14 10:50:00+05:30,2025-05-14 10:50:00+05:30,54997.55,-9.849999999998545,-0.0179066816464667,15.0,0.0,0.07,0.02,-1.0,0.0,BANKNIFTY,True,False
Buy,2025-05-14 10:50:00+05:30,3548.8,3548.8,3542.2,2025-05-14 10:50:00+05:30,2025-05-14 11:10:00+05:30,2025-05-14 11:35:00+05:30,3545.6,-3.200000000000273,-0.0901713255184928,45.0,0.0,0.0,0.19,-0.48,25.0,TCS,True,False
Sell,2025-05-14 11:40:00+05:30,54940.25,54940.25,54575.7,2025-05-14 11:40:00+05:30,2025-05-14 12:50:00+05:30,2025-05-14 14:05:00+05:30,54632.45,307.8000000000029,0.5602449934246803,145.0,0.0,0.66,0.0,,145.0,BANKNIFTY,True,False
Sell,2025-05-14 12:05:00+05:30,1422.0,1424.0,1417.9,2025-05-14 12:15:00+05:30,2025-05-14 12:50:00+05:30,2025-05-14 13:05:00+05:30,1422.0,0.0,0.0,60.0,0.0,0.29,0.14,0.0,50.0,RELIANCE,True,False
Sell,2025-05-14 12:35:00+05:30,24621.4,24636.05,24573.95,2025-05-14 13:10:00+05:30,2025-05-14 12:50:00+05:30,2025-05-14 13:20:00+05:30,24635.05,-13.649999999997815,-0.0554395769533731,45.0,0.0,0.19,0.06,-0.93,10.0,NIFTY,True,False
Sell,2025-05-14 13:10:00+05:30,1422.4,1422.6,1421.7,2025-05-14 13:20:00+05:30,2025-05-14 13:15:00+05:30,2025-05-14 13:20:00+05:30,1422.6,-0.1999999999998181,-0.0140607424071863,10.0,0.0,0.05,0.01,-1.0,0.0,RELIANCE,True,False
Buy,2025-05-14 13:10:00+05:30,3549.9,3557.9,3546.5,2025-05-14 13:20:00+05:30,2025-05-14 13:45:00+05:30,2025-05-14 13:50:00+05:30,3548.0,-1.900000000000091,-0.0535226344404093,40.0,0.0,0.23,0.1,-0.56,5.0,TCS,True,False
Buy,2025-05-14 13:20:00+05:30,1592.0,1592.0,1589.4,2025-05-14 13:20:00+05:30,2025-05-14 13:45:00+05:30,2025-05-14 13:50:00+05:30,1589.5,-2.5,-0.157035175879397,30.0,0.0,0.0,0.16,-0.96,5.0,INFY,True,False
Buy,2025-05-14 13:55:00+05:30,1590.0,1590.0,1587.3,2025-05-14 13:55:00+05:30,2025-05-14 14:00:00+05:30,2025-05-14 14:05:00+05:30,1589.3,-0.7000000000000455,-0.0440251572327072,10.0,0.0,0.0,0.17,-0.26,5.0,INFY,True,False
Sell,2025-05-14 14:05:00+05:30,1420.0,1422.4,1417.2,2025-05-14 14:50:00+05:30,2025-05-14 14:25:00+05:30,2025-05-14 14:50:00+05:30,1422.4,-2.400000000000091,-0.1690140845070486,45.0,0.0,0.2,0.17,-1.0,0.0,RELIANCE,True,False
Sell,2025-05-14 14:35:00+05:30,24586.55,24633.55,24586.55,2025-05-14 14:45:00+05:30,2025-05-14 14:35:00+05:30,2025-05-14 14:50:00+05:30,24632.95,-46.400000000001455,-0.1887210690397858,15.0,0.0,0.0,0.19,-0.99,5.0,NIFTY,True,False
Buy,2025-05-14 15:05:00+05:30,3550.0,3550.0,3546.8,2025-05-14 15:05:00+05:30,2025-05-14 15:15:00+05:30,2025-05-14 15:15:00+05:30,3546.8,-3.199999999999818,-0.0901408450704174,10.0,0.0,0.0,0.09,-1.0,0.0,TCS,True,False
Buy,2025-05-15 09:15:00+05:30,1585.2,1585.2,1585.2,2025-05-15 09:15:00+05:30,2025-05-15 09:15:00+05:30,2025-05-15 09:20:00+05:30,1585.2,0.0,0.0,5.0,0.0,0.0,0.0,,5.0,INFY,True,False
Sell,2025-05-15 09:30:00+05:30,1416.4,1428.6,1414.7,2025-05-15 10:35:00+05:30,2025-05-15 10:05:00+05:30,2025-05-15 10:35:00+05:30,1428.6,-12.199999999999818,-0.8613386049138533,65.0,0.0,0.12,0.86,-1.0,0.0,RELIANCE,True,False
Sell,2025-05-15 09:35:00+05:30,1580.8,1585.4,1572.6,2025-05-15 10:35:00+05:30,2025-05-15 10:05:00+05:30,2025-05-15 10:35:00+05:30,1585.4,-4.600000000000136,-0.2909919028340167,60.0,0.0,0.52,0.29,-1.0,0.0,INFY,True,False
Sell,2025-05-15 09:35:00+05:30,24564.05,24738.85,24528.7,2025-05-15 10:35:00+05:30,2025-05-15 10:05:00+05:30,2025-05-15 10:35:00+05:30,24738.85,-174.79999999999927,-0.7116090384118224,60.0,0.0,0.14,0.71,-1.0,0.0,NIFTY,True,False
Sell,2025-05-15 09:35:00+05:30,54539.8,54871.9,54513.4,2025-05-15 10:35:00+05:30,2025-05-15 10:05:00+05:30,2025-05-15 10:35:00+05:30,54871.9,-332.09999999999854,-0.6089131239938513,60.0,0.0,0.05,0.61,-1.0,0.0,BANKNIFTY,True,False
Sell,2025-05-15 09:35:00+05:30,3535.1,3542.8,3516.6,2025-05-15 10:35:00+05:30,2025-05-15 10:05:00+05:30,2025-05-15 10:35:00+05:30,3542.8,-7.700000000000273,-0.2178156204916487,60.0,0.0,0.52,0.22,-1.0,0.0,TCS,True,False
Buy,2025-05-15 10:50:00+05:30,1427.3,1431.0,1421.3,2025-05-15 10:55:00+05:30,2025-05-15 11:20:00+05:30,2025-05-15 11:20:00+05:30,1421.3,-6.0,-0.4203741329783507,30.0,0.0,0.26,0.42,-1.0,0.0,RELIANCE,True,False
Buy,2025-05-15 10:50:00+05:30,24704.65,24780.3,24693.8,2025-05-15 10:55:00+05:30,2025-05-15 11:05:00+05:30,2025-05-15 11:05:00+05:30,24693.8,-10.850000000002185,-0.0439188573811091,15.0,0.0,0.31,0.04,-1.0,0.0,NIFTY,True,False
Buy,2025-05-15 11:10:00+05:30,24617.25,24654.6,24614.9,2025-05-15 11:15:00+05:30,2025-05-15 11:20:00+05:30,2025-05-15 11:35:00+05:30,24623.0,5.75,0.0233576049315012,25.0,0.0,0.15,0.01,2.45,15.0,NIFTY,True,False
Sell,2025-05-15 11:25:00+05:30,1576.0,1578.9,1574.6,2025-05-15 12:05:00+05:30,2025-05-15 11:55:00+05:30,2025-05-15 12:20:00+05:30,1576.9,-0.900000000000091,-0.0571065989847773,55.0,0.0,0.09,0.18,-0.31,15.0,INFY,True,False
Buy,2025-05-15 11:25:00+05:30,1423.4,1423.6,1421.4,2025-05-15 11:40:00+05:30,2025-05-15 11:30:00+05:30,2025-05-15 11:50:00+05:30,1421.8,-1.6000000000001364,-0.1124069130251606,25.0,0.0,0.01,0.14,-0.8,20.0,RELIANCE,True,False
Sell,2025-05-15 11:25:00+05:30,3533.4,3541.5,3527.7,2025-05-15 12:05:00+05:30,2025-05-15 11:30:00+05:30,2025-05-15 12:05:00+05:30,3541.5,-8.099999999999909,-0.2292409577177763,40.0,0.0,0.16,0.23,-1.0,0.0,TCS,True,False
Buy,2025-05-15 12:10:00+05:30,24661.05,24697.5,24659.95,2025-05-15 12:15:00+05:30,2025-05-15 12:20:00+05:30,2025-05-15 12:20:00+05:30,24659.95,-1.0999999999985448,-0.0044604751216941,10.0,0.0,0.15,0.0,-1.0,0.0,NIFTY,True,False
Buy,2025-05-15 12:20:00+05:30,1423.2,1423.6,1422.1,2025-05-15 12:35:00+05:30,2025-05-15 12:30:00+05:30,2025-05-15 12:35:00+05:30,1423.6,0.3999999999998636,0.0281056773468144,15.0,0.0,0.03,0.08,0.36,5.0,RELIANCE,True,False
Buy,2025-05-15 12:25:00+05:30,24635.55,25105.45,24635.55,2025-05-15 14:25:00+05:30,2025-05-15 12:25:00+05:30,2025-05-15 14:50:00+05:30,25067.05,431.5,1.75153386062012,145.0,0.0,1.91,0.0,,145.0,NIFTY,True,False
Buy,2025-05-15 13:05:00+05:30,3562.4,3597.1,3562.4,2025-05-15 14:15:00+05:30,2025-05-15 13:05:00+05:30,2025-05-15 14:50:00+05:30,3582.6,20.199999999999815,0.5670334605883622,105.0,0.0,0.97,0.0,,105.0,TCS,True,False
Buy,2025-05-15 13:05:00+05:30,1593.0,1617.8,1593.0,2025-05-15 14:40:00+05:30,2025-05-15 13:05:00+05:30,2025-05-15 15:05:00+05:30,1613.9,20.90000000000009,1.3119899560577584,120.0,0.0,1.56,0.0,,120.0,INFY,True,False
Buy,2025-05-15 13:05:00+05:30,54940.35,55471.45,54940.35,2025-05-15 14:15:00+05:30,2025-05-15 13:05:00+05:30,2025-05-15 14:50:00+05:30,55358.45,418.09999999999854,0.76100716504354,105.0,0.0,0.97,0.0,,105.0,BANKNIFTY,True,False
Buy,2025-05-15 13:10:00+05:30,1437.4,1459.8,1437.0,2025-05-15 14:25:00+05:30,2025-05-15 13:20:00+05:30,2025-05-15 15:05:00+05:30,1454.3,16.899999999999864,1.175733964101841,115.0,0.0,1.56,0.03,42.25,105.0,RELIANCE,True,False
Sell,2025-05-16 10:50:00+05:30,1589.4,1589.4,1581.8,2025-05-16 10:50:00+05:30,2025-05-16 11:25:00+05:30,2025-05-16 11:50:00+05:30,1587.0,2.400000000000091,0.1510003775009494,60.0,0.0,0.48,0.0,,60.0,INFY,True,False
Sell,2025-05-16 11:05:00+05:30,3546.8,3557.3,3546.8,2025-05-16 11:35:00+05:30,2025-05-16 11:05:00+05:30,2025-05-16 12:05:00+05:30,3553.0,-6.199999999999818,-0.1748054584414068,60.0,0.0,0.0,0.3,-0.59,30.0,TCS,True,False
Sell,2025-05-16 14:20:00+05:30,3556.4,3560.0,3556.4,2025-05-16 14:35:00+05:30,2025-05-16 14:20:00+05:30,2025-05-16 14:35:00+05:30,3560.0,-3.599999999999909,-0.1012259588347741,15.0,0.0,0.0,0.1,-1.0,0.0,TCS,True,False
Sell,2025-05-16 14:20:00+05:30,1586.3,1588.1,1586.3,2025-05-16 14:30:00+05:30,2025-05-16 14:20:00+05:30,2025-05-16 14:35:00+05:30,1588.0,-1.7000000000000457,-0.1071676227699707,15.0,0.0,0.0,0.11,-0.94,5.0,INFY,True,False
Sell,2025-05-16 14:40:00+05:30,1588.0,1589.5,1588.0,2025-05-16 14:50:00+05:30,2025-05-16 14:40:00+05:30,2025-05-16 14:50:00+05:30,1589.5,-1.5,-0.0944584382871536,10.0,0.0,0.0,0.09,-1.0,0.0,INFY,True,False
Sell,2025-05-16 14:40:00+05:30,3559.6,3567.0,3557.3,2025-05-16 15:05:00+05:30,2025-05-16 14:45:00+05:30,2025-05-16 15:05:00+05:30,3567.0,-7.400000000000091,-0.2078885268007667,25.0,0.0,0.06,0.21,-1.0,0.0,TCS,True,False
Buy,2025-05-16 15:10:00+05:30,3562.9,3563.8,3562.9,2025-05-16 15:15:00+05:30,2025-05-16 15:10:00+05:30,2025-05-16 15:15:00+05:30,3563.8,0.900000000000091,0.0252603216480982,5.0,0.0,0.03,0.0,,5.0,TCS,True,False
Buy,2025-05-19 09:15:00+05:30,3526.8,3533.7,3526.8,2025-05-19 09:20:00+05:30,2025-05-19 09:15:00+05:30,2025-05-19 09:20:00+05:30,3533.7,6.899999999999636,0.1956447771350696,5.0,0.0,0.2,0.0,,5.0,TCS,True,False
Sell,2025-05-19 09:20:00+05:30,1572.1,1572.4,1567.0,2025-05-19 09:30:00+05:30,2025-05-19 09:40:00+05:30,2025-05-19 11:05:00+05:30,1569.0,3.099999999999909,0.197188474015642,105.0,0.0,0.32,0.02,10.33,95.0,INFY,True,False
Sell,2025-05-19 09:25:00+05:30,3529.0,3541.9,3527.0,2025-05-19 10:00:00+05:30,2025-05-19 10:50:00+05:30,2025-05-19 11:05:00+05:30,3532.6,-3.599999999999909,-0.1020119013884927,100.0,0.0,0.06,0.37,-0.28,65.0,TCS,True,False
Sell,2025-05-19 09:35:00+05:30,1444.9,1449.4,1444.9,2025-05-19 10:05:00+05:30,2025-05-19 09:35:00+05:30,2025-05-19 10:50:00+05:30,1448.2,-3.2999999999999545,-0.2283895079244206,75.0,0.0,0.0,0.31,-0.73,45.0,RELIANCE,True,False
Buy,2025-05-19 10:20:00+05:30,55556.2,55660.65,55540.15,2025-05-19 11:15:00+05:30,2025-05-19 10:25:00+05:30,2025-05-19 11:50:00+05:30,55627.65,71.45000000000437,0.1286085081413134,90.0,0.0,0.19,0.03,4.45,85.0,BANKNIFTY,True,False
Sell,2025-05-19 11:55:00+05:30,3521.1,3525.4,3519.0,2025-05-19 12:35:00+05:30,2025-05-19 12:15:00+05:30,2025-05-19 12:35:00+05:30,3525.4,-4.300000000000182,-0.1221209281190588,40.0,0.0,0.06,0.12,-1.0,0.0,TCS,True,False
Sell,2025-05-19 12:15:00+05:30,1564.5,1565.6,1564.5,2025-05-19 12:20:00+05:30,2025-05-19 12:15:00+05:30,2025-05-19 12:20:00+05:30,1565.6,-1.099999999999909,-0.0703100031959034,5.0,0.0,0.0,0.07,-1.0,0.0,INFY,True,False
Sell,2025-05-19 12:15:00+05:30,1444.9,1444.9,1442.1,2025-05-19 12:15:00+05:30,2025-05-19 13:10:00+05:30,2025-05-19 13:20:00+05:30,1443.9,1.0,0.0692089417952799,65.0,0.0,0.19,0.0,,65.0,RELIANCE,True,False
Buy,2025-05-19 12:35:00+05:30,55638.55,55649.85,55614.85,2025-05-19 12:50:00+05:30,2025-05-19 12:40:00+05:30,2025-05-19 12:50:00+05:30,55649.85,11.299999999995634,0.0203096593998147,15.0,0.0,0.02,0.04,0.48,10.0,BANKNIFTY,True,False
Sell,2025-05-19 13:10:00+05:30,24980.55,25002.5,24922.15,2025-05-19 13:20:00+05:30,2025-05-19 14:50:00+05:30,2025-05-19 15:15:00+05:30,24945.4,35.14999999999782,0.1407094719691833,125.0,0.0,0.23,0.09,1.6,115.0,NIFTY,True,False
Sell,2025-05-19 13:40:00+05:30,3516.1,3525.1,3516.1,2025-05-19 14:00:00+05:30,2025-05-19 13:40:00+05:30,2025-05-19 14:05:00+05:30,3518.6,-2.5,-0.0711015045078353,25.0,0.0,0.0,0.26,-0.28,5.0,TCS,True,False
Sell,2025-05-19 14:10:00+05:30,1441.5,1441.8,1439.3,2025-05-19 14:35:00+05:30,2025-05-19 14:30:00+05:30,2025-05-19 14:35:00+05:30,1441.8,-0.2999999999999545,-0.0208116545265317,25.0,0.0,0.15,0.02,-1.0,0.0,RELIANCE,True,False
Sell,2025-05-19 14:20:00+05:30,55421.9,55440.35,55339.2,2025-05-19 15:15:00+05:30,2025-05-19 14:50:00+05:30,2025-05-19 15:15:00+05:30,55440.35,-18.44999999999709,-0.033290089296825,55.0,0.0,0.15,0.03,-1.0,0.0,BANKNIFTY,True,False
Sell,2025-05-19 14:40:00+05:30,1441.9,1441.9,1438.4,2025-05-19 14:40:00+05:30,2025-05-19 14:55:00+05:30,2025-05-19 15:05:00+05:30,1440.0,1.900000000000091,0.1317705804840898,25.0,0.0,0.24,0.0,,25.0,RELIANCE,True,False
Sell,2025-05-19 15:10:00+05:30,1440.4,1440.8,1440.4,2025-05-19 15:15:00+05:30,2025-05-19 15:10:00+05:30,2025-05-19 15:15:00+05:30,1440.8,-0.3999999999998636,-0.0277700638711374,5.0,0.0,0.0,0.03,-1.0,0.0,RELIANCE,True,False
Sell,2025-05-20 09:25:00+05:30,1435.6,1438.9,1433.9,2025-05-20 09:35:00+05:30,2025-05-20 10:25:00+05:30,2025-05-20 10:35:00+05:30,1437.9,-2.300000000000182,-0.1602117581499151,70.0,0.0,0.12,0.23,-0.7,60.0,RELIANCE,True,False
Sell,2025-05-20 09:30:00+05:30,55247.85,55281.15,55141.8,2025-05-20 09:35:00+05:30,2025-05-20 09:50:00+05:30,2025-05-20 10:35:00+05:30,55256.0,-8.150000000001455,-0.0147517052699814,65.0,0.0,0.19,0.06,-0.24,60.0,BANKNIFTY,True,False
Buy,2025-05-20 09:35:00+05:30,3543.2,3543.2,3530.0,2025-05-20 09:35:00+05:30,2025-05-20 10:20:00+05:30,2025-05-20 10:20:00+05:30,3530.0,-13.199999999999818,-0.3725445924587892,45.0,0.0,0.0,0.37,-1.0,0.0,TCS,True,False
Buy,2025-05-20 09:35:00+05:30,1579.2,1580.7,1574.8,2025-05-20 09:40:00+05:30,2025-05-20 09:50:00+05:30,2025-05-20 11:05:00+05:30,1576.0,-3.200000000000045,-0.2026342451874395,90.0,0.0,0.09,0.28,-0.73,75.0,INFY,True,False
Sell,2025-05-20 09:50:00+05:30,24873.7,24929.0,24873.7,2025-05-20 10:35:00+05:30,2025-05-20 09:50:00+05:30,2025-05-20 10:35:00+05:30,24929.0,-55.29999999999927,-0.222323176688628,45.0,0.0,0.0,0.22,-1.0,0.0,NIFTY,True,False
Sell,2025-05-20 11:30:00+05:30,24894.65,24894.65,24676.65,2025-05-20 11:30:00+05:30,2025-05-20 15:15:00+05:30,2025-05-20 15:15:00+05:30,24676.65,218.0,0.8756901583271908,225.0,0.0,0.88,0.0,,225.0,NIFTY,True,False
Sell,2025-05-20 11:30:00+05:30,55143.85,55169.7,55092.2,2025-05-20 12:05:00+05:30,2025-05-20 11:40:00+05:30,2025-05-20 12:05:00+05:30,55169.7,-25.849999999998545,-0.0468773943059807,35.0,0.0,0.09,0.05,-1.0,0.0,BANKNIFTY,True,False
Sell,2025-05-20 12:05:00+05:30,3526.9,3527.9,3494.4,2025-05-20 12:30:00+05:30,2025-05-20 15:00:00+05:30,2025-05-20 15:15:00+05:30,3499.2,27.700000000000276,0.7853922708327503,190.0,0.0,0.92,0.03,27.7,165.0,TCS,True,False
Sell,2025-05-20 12:35:00+05:30,1434.4,1435.2,1428.2,2025-05-20 12:40:00+05:30,2025-05-20 14:05:00+05:30,2025-05-20 14:20:00+05:30,1428.9,5.5,0.3834355828220858,105.0,0.0,0.43,0.06,6.88,100.0,RELIANCE,True,False
Sell,2025-05-20 12:50:00+05:30,1566.2,1566.2,1561.6,2025-05-20 12:50:00+05:30,2025-05-20 14:35:00+05:30,2025-05-20 14:35:00+05:30,1561.6,4.600000000000136,0.2937045077257142,105.0,0.0,0.29,0.0,,105.0,INFY,True,False
Sell,2025-05-20 13:00:00+05:30,55026.8,55040.45,54835.55,2025-05-20 13:05:00+05:30,2025-05-20 14:55:00+05:30,2025-05-20 15:05:00+05:30,54896.05,130.75,0.2376114911279594,125.0,0.0,0.35,0.02,9.58,120.0,BANKNIFTY,True,False
Sell,2025-05-20 15:10:00+05:30,1423.7,1423.7,1422.9,2025-05-20 15:10:00+05:30,2025-05-20 15:15:00+05:30,2025-05-20 15:15:00+05:30,1422.9,0.7999999999999545,0.0561916134016966,5.0,0.0,0.06,0.0,,5.0,RELIANCE,True,False
Sell,2025-05-21 09:15:00+05:30,1420.7,1429.5,1420.7,2025-05-21 09:35:00+05:30,2025-05-21 09:15:00+05:30,2025-05-21 09:35:00+05:30,1429.5,-8.799999999999955,-0.6194129654395688,20.0,0.0,0.0,0.62,-1.0,0.0,RELIANCE,True,False
Sell,2025-05-21 09:25:00+05:30,1560.0,1565.0,1560.0,2025-05-21 09:45:00+05:30,2025-05-21 09:25:00+05:30,2025-05-21 09:50:00+05:30,1563.9,-3.900000000000091,-0.2500000000000058,25.0,0.0,0.0,0.32,-0.78,5.0,INFY,True,False
Buy,2025-05-21 10:20:00+05:30,55269.75,55300.8,55158.85,2025-05-21 10:35:00+05:30,2025-05-21 11:20:00+05:30,2025-05-21 11:20:00+05:30,55158.85,-110.90000000000146,-0.2006522555285693,60.0,0.0,0.06,0.2,-1.0,0.0,BANKNIFTY,True,False
Buy,2025-05-21 10:35:00+05:30,3529.8,3535.1,3518.6,2025-05-21 11:15:00+05:30,2025-05-21 11:30:00+05:30,2025-05-21 12:05:00+05:30,3525.3,-4.5,-0.1274859765425803,90.0,0.0,0.15,0.32,-0.4,35.0,TCS,True,False
Buy,2025-05-21 10:35:00+05:30,24933.35,24933.35,24851.55,2025-05-21 10:35:00+05:30,2025-05-21 11:30:00+05:30,2025-05-21 11:35:00+05:30,24863.5,-69.84999999999854,-0.280146871559572,60.0,0.0,0.0,0.33,-0.85,5.0,NIFTY,True,False
Buy,2025-05-21 11:20:00+05:30,1565.6,1567.2,1563.8,2025-05-21 11:55:00+05:30,2025-05-21 12:00:00+05:30,2025-05-21 12:05:00+05:30,1564.0,-1.599999999999909,-0.1021972406744959,45.0,0.0,0.1,0.11,-0.89,5.0,INFY,True,False
Sell,2025-05-21 12:05:00+05:30,1424.7,1425.7,1420.9,2025-05-21 12:35:00+05:30,2025-05-21 12:15:00+05:30,2025-05-21 12:50:00+05:30,1423.0,1.7000000000000457,0.1193233663227378,45.0,0.0,0.27,0.07,1.7,15.0,RELIANCE,True,False
Sell,2025-05-21 12:05:00+05:30,54920.85,54979.45,54770.65,2025-05-21 13:00:00+05:30,2025-05-21 12:15:00+05:30,2025-05-21 13:05:00+05:30,54953.1,-32.25,-0.058720868304114,60.0,0.0,0.27,0.11,-0.55,5.0,BANKNIFTY,True,False
Sell,2025-05-21 12:20:00+05:30,24760.25,24795.7,24737.35,2025-05-21 12:35:00+05:30,2025-05-21 12:50:00+05:30,2025-05-21 13:05:00+05:30,24783.65,-23.40000000000145,-0.0945063155662865,45.0,0.0,0.09,0.14,-0.66,30.0,NIFTY,True,False
Sell,2025-05-21 12:55:00+05:30,1425.8,1426.2,1425.8,2025-05-21 13:05:00+05:30,2025-05-21 12:55:00+05:30,2025-05-21 13:05:00+05:30,1426.2,-0.4000000000000909,-0.0280544255856425,10.0,0.0,0.0,0.03,-1.0,0.0,RELIANCE,True,False
Buy,2025-05-21 13:05:00+05:30,1566.6,1569.3,1566.6,2025-05-21 13:20:00+05:30,2025-05-21 13:05:00+05:30,2025-05-21 13:35:00+05:30,1566.6,0.0,0.0,30.0,0.0,0.17,0.0,,30.0,INFY,True,False
Buy,2025-05-21 13:15:00+05:30,3529.8,3530.7,3529.8,2025-05-21 13:20:00+05:30,2025-05-21 13:15:00+05:30,2025-05-21 13:20:00+05:30,3530.7,0.8999999999996362,0.0254971953085057,5.0,0.0,0.03,0.0,,5.0,TCS,True,False
Buy,2025-05-21 13:25:00+05:30,3524.5,3530.2,3524.5,2025-05-21 13:30:00+05:30,2025-05-21 13:25:00+05:30,2025-05-21 13:35:00+05:30,3528.0,3.5,0.0993048659384309,10.0,0.0,0.16,0.0,,10.0,TCS,True,False
Buy,2025-05-21 13:40:00+05:30,1564.0,1565.9,1564.0,2025-05-21 13:45:00+05:30,2025-05-21 13:40:00+05:30,2025-05-21 13:50:00+05:30,1565.7,1.7000000000000457,0.1086956521739159,10.0,0.0,0.12,0.0,,10.0,INFY,True,False
Buy,2025-05-21 13:40:00+05:30,3521.8,3529.5,3521.8,2025-05-21 14:10:00+05:30,2025-05-21 13:40:00+05:30,2025-05-21 14:35:00+05:30,3526.5,4.699999999999818,0.1334544835027491,55.0,0.0,0.22,0.0,,55.0,TCS,True,False
Sell,2025-05-21 14:05:00+05:30,24770.45,24803.05,24770.45,2025-05-21 14:20:00+05:30,2025-05-21 14:05:00+05:30,2025-05-21 14:20:00+05:30,24803.05,-32.599999999998545,-0.1316084285913196,15.0,0.0,0.0,0.13,-1.0,0.0,NIFTY,True,False
Buy,2025-05-21 14:20:00+05:30,1567.5,1568.0,1567.5,2025-05-21 14:30:00+05:30,2025-05-21 14:20:00+05:30,2025-05-21 14:35:00+05:30,1567.9,0.4000000000000909,0.0255183413078207,15.0,0.0,0.03,0.0,,15.0,INFY,True,False
Buy,2025-05-21 14:40:00+05:30,3522.3,3528.3,3522.3,2025-05-21 14:50:00+05:30,2025-05-21 14:40:00+05:30,2025-05-21 14:50:00+05:30,3528.3,6.0,0.1703432416318882,10.0,0.0,0.17,0.0,,10.0,TCS,True,False
Buy,2025-05-21 14:40:00+05:30,1565.3,1570.0,1565.3,2025-05-21 15:05:00+05:30,2025-05-21 14:40:00+05:30,2025-05-21 15:15:00+05:30,1568.1,2.7999999999999545,0.1788794480291289,35.0,0.0,0.3,0.0,,35.0,INFY,True,False
Buy,2025-05-22 09:15:00+05:30,54789.95,54789.95,54742.8,2025-05-22 09:15:00+05:30,2025-05-22 09:20:00+05:30,2025-05-22 09:20:00+05:30,54742.8,-47.14999999999418,-0.0860559281400953,5.0,0.0,0.0,0.09,-1.0,0.0,BANKNIFTY,True,False
Sell,2025-05-22 09:20:00+05:30,3475.4,3490.5,3472.6,2025-05-22 10:40:00+05:30,2025-05-22 09:35:00+05:30,2025-05-22 10:50:00+05:30,3487.6,-12.199999999999818,-0.3510387293548891,90.0,0.0,0.08,0.43,-0.81,10.0,TCS,True,False
Sell,2025-05-22 09:20:00+05:30,1414.4,1415.0,1406.5,2025-05-22 09:25:00+05:30,2025-05-22 10:05:00+05:30,2025-05-22 10:50:00+05:30,1408.7,5.7000000000000455,0.4029977375565642,90.0,0.0,0.56,0.04,9.5,85.0,RELIANCE,True,False
Sell,2025-05-22 09:20:00+05:30,24580.55,24629.65,24548.95,2025-05-22 09:55:00+05:30,2025-05-22 09:30:00+05:30,2025-05-22 10:50:00+05:30,24600.1,-19.549999999999272,-0.0795344286437824,90.0,0.0,0.13,0.2,-0.4,55.0,NIFTY,True,False
Sell,2025-05-22 09:20:00+05:30,1547.6,1549.4,1544.3,2025-05-22 09:25:00+05:30,2025-05-22 09:30:00+05:30,2025-05-22 09:50:00+05:30,1548.2,-0.6000000000001364,-0.0387697079348757,30.0,0.0,0.21,0.12,-0.33,25.0,INFY,True,False
Sell,2025-05-22 09:25:00+05:30,54779.25,54864.3,54621.2,2025-05-22 09:55:00+05:30,2025-05-22 12:15:00+05:30,2025-05-22 12:35:00+05:30,54646.85,132.40000000000146,0.2416973580324693,190.0,0.0,0.29,0.16,1.56,160.0,BANKNIFTY,True,False
Sell,2025-05-22 09:55:00+05:30,1559.6,1559.6,1555.5,2025-05-22 09:55:00+05:30,2025-05-22 10:25:00+05:30,2025-05-22 10:35:00+05:30,1556.8,2.7999999999999545,0.1795332136445213,40.0,0.0,0.26,0.0,,40.0,INFY,True,False
Sell,2025-05-22 11:10:00+05:30,1551.1,1553.1,1551.1,2025-05-22 11:20:00+05:30,2025-05-22 11:10:00+05:30,2025-05-22 11:20:00+05:30,1553.1,-2.0,-0.1289407517245825,10.0,0.0,0.0,0.13,-1.0,0.0,INFY,True,False
Sell,2025-05-22 12:15:00+05:30,1549.6,1549.6,1546.9,2025-05-22 12:15:00+05:30,2025-05-22 12:45:00+05:30,2025-05-22 13:05:00+05:30,1548.3,1.2999999999999543,0.0838926174496615,50.0,0.0,0.17,0.0,,50.0,INFY,True,False
Sell,2025-05-22 12:15:00+05:30,3474.2,3474.2,3460.8,2025-05-22 12:15:00+05:30,2025-05-22 13:05:00+05:30,2025-05-22 13:05:00+05:30,3460.8,13.399999999999636,0.385700305106201,50.0,0.0,0.39,0.0,,50.0,TCS,True,False
Sell,2025-05-22 12:50:00+05:30,24516.95,24523.85,24513.95,2025-05-22 12:55:00+05:30,2025-05-22 13:05:00+05:30,2025-05-22 13:05:00+05:30,24513.95,3.0,0.0122364323457852,15.0,0.0,0.01,0.03,0.43,10.0,NIFTY,True,False
Sell,2025-05-22 13:10:00+05:30,3466.6,3467.0,3465.7,2025-05-22 13:20:00+05:30,2025-05-22 13:15:00+05:30,2025-05-22 13:20:00+05:30,3467.0,-0.4000000000000909,-0.0115386834362225,10.0,0.0,0.03,0.01,-1.0,0.0,TCS,True,False
Sell,2025-05-22 13:10:00+05:30,24539.65,24550.95,24534.7,2025-05-22 13:20:00+05:30,2025-05-22 13:15:00+05:30,2025-05-22 13:20:00+05:30,24550.95,-11.299999999999272,-0.0460479265189164,10.0,0.0,0.02,0.05,-1.0,0.0,NIFTY,True,False
Sell,2025-05-22 13:10:00+05:30,1550.3,1550.3,1549.8,2025-05-22 13:10:00+05:30,2025-05-22 13:15:00+05:30,2025-05-22 13:20:00+05:30,1550.0,0.2999999999999545,0.0193510933367705,10.0,0.0,0.03,0.0,,10.0,INFY,True,False
Sell,2025-05-22 14:20:00+05:30,1542.4,1543.0,1542.4,2025-05-22 14:35:00+05:30,2025-05-22 14:20:00+05:30,2025-05-22 14:35:00+05:30,1543.0,-0.599999999999909,-0.0389004149377534,15.0,0.0,0.0,0.04,-1.0,0.0,INFY,True,False
Sell,2025-05-22 14:40:00+05:30,1546.5,1546.5,1544.3,2025-05-22 14:40:00+05:30,2025-05-22 14:50:00+05:30,2025-05-22 14:50:00+05:30,1544.3,2.200000000000045,0.1422567086970608,10.0,0.0,0.14,0.0,,10.0,INFY,True,False
Sell,2025-05-22 14:55:00+05:30,1547.3,1547.3,1546.6,2025-05-22 14:55:00+05:30,2025-05-22 15:00:00+05:30,2025-05-22 15:05:00+05:30,1546.8,0.5,0.0323143540360628,10.0,0.0,0.05,0.0,,10.0,INFY,True,False
Buy,2025-05-22 15:05:00+05:30,54980.0,54980.0,54937.25,2025-05-22 15:05:00+05:30,2025-05-22 15:15:00+05:30,2025-05-22 15:15:00+05:30,54937.25,-42.75,-0.0777555474718079,10.0,0.0,0.0,0.08,-1.0,0.0,BANKNIFTY,True,False
Buy,2025-05-23 09:15:00+05:30,54879.8,55178.05,54879.8,2025-05-23 10:00:00+05:30,2025-05-23 09:15:00+05:30,2025-05-23 10:35:00+05:30,55065.9,186.09999999999852,0.3391047343466968,80.0,0.0,0.54,0.0,,80.0,BANKNIFTY,True,False
Buy,2025-05-23 09:20:00+05:30,24719.2,24890.1,24713.8,2025-05-23 11:10:00+05:30,2025-05-23 09:25:00+05:30,2025-05-23 11:35:00+05:30,24869.2,150.0,0.6068157545551636,135.0,0.0,0.69,0.02,27.78,130.0,NIFTY,True,False
Buy,2025-05-23 09:20:00+05:30,1417.0,1430.6,1417.0,2025-05-23 11:30:00+05:30,2025-05-23 09:20:00+05:30,2025-05-23 11:50:00+05:30,1429.3,12.299999999999956,0.8680310515172869,150.0,0.0,0.96,0.0,,150.0,RELIANCE,True,False
Buy,2025-05-23 09:20:00+05:30,1565.8,1585.9,1565.8,2025-05-23 11:05:00+05:30,2025-05-23 09:20:00+05:30,2025-05-23 11:20:00+05:30,1581.3,15.5,0.9899093115340402,120.0,0.0,1.28,0.0,,120.0,INFY,True,False
Buy,2025-05-23 09:35:00+05:30,3508.7,3531.8,3508.7,2025-05-23 10:55:00+05:30,2025-05-23 09:35:00+05:30,2025-05-23 11:20:00+05:30,3520.6,11.900000000000093,0.3391569527175333,105.0,0.0,0.66,0.0,,105.0,TCS,True,False
Buy,2025-05-23 10:55:00+05:30,55275.45,55369.25,55196.0,2025-05-23 11:30:00+05:30,2025-05-23 11:45:00+05:30,2025-05-23 11:50:00+05:30,55245.8,-29.64999999999418,-0.0536404497837542,55.0,0.0,0.17,0.14,-0.37,5.0,BANKNIFTY,True,False
Buy,2025-05-23 12:50:00+05:30,55385.8,55393.8,55362.9,2025-05-23 13:00:00+05:30,2025-05-23 12:55:00+05:30,2025-05-23 13:05:00+05:30,55392.4,6.599999999998545,0.0119164117878563,15.0,0.0,0.01,0.04,0.29,10.0,BANKNIFTY,True,False
Sell,2025-05-23 14:50:00+05:30,1564.2,1565.8,1564.2,2025-05-23 15:00:00+05:30,2025-05-23 14:50:00+05:30,2025-05-23 15:15:00+05:30,1565.0,-0.7999999999999545,-0.0511443549418203,25.0,0.0,0.0,0.1,-0.5,15.0,INFY,True,False
Sell,2025-05-26 09:15:00+05:30,1572.9,1574.1,1572.9,2025-05-26 09:20:00+05:30,2025-05-26 09:15:00+05:30,2025-05-26 09:20:00+05:30,1574.1,-1.199999999999818,-0.0762921991226281,5.0,0.0,0.0,0.08,-1.0,0.0,INFY,True,False
Buy,2025-05-26 09:20:00+05:30,55782.25,55834.85,55687.8,2025-05-26 09:35:00+05:30,2025-05-26 10:20:00+05:30,2025-05-26 10:20:00+05:30,55687.8,-94.44999999999708,-0.169319093439216,60.0,0.0,0.09,0.17,-1.0,0.0,BANKNIFTY,True,False
Buy,2025-05-26 09:20:00+05:30,25017.45,25064.45,25015.5,2025-05-26 09:50:00+05:30,2025-05-26 10:15:00+05:30,2025-05-26 10:20:00+05:30,25021.1,3.649999999997817,0.0145898163082081,60.0,0.0,0.19,0.01,1.87,5.0,NIFTY,True,False
Buy,2025-05-26 09:35:00+05:30,3535.6,3542.8,3529.6,2025-05-26 10:10:00+05:30,2025-05-26 09:40:00+05:30,2025-05-26 11:05:00+05:30,3538.4,2.800000000000182,0.0791944790134682,90.0,0.0,0.2,0.17,0.47,85.0,TCS,True,False
Buy,2025-05-26 09:35:00+05:30,1440.3,1441.0,1436.9,2025-05-26 09:45:00+05:30,2025-05-26 10:15:00+05:30,2025-05-26 10:20:00+05:30,1437.2,-3.099999999999909,-0.2152329375824418,45.0,0.0,0.05,0.24,-0.91,5.0,RELIANCE,True,False
Buy,2025-05-26 10:05:00+05:30,1581.0,1582.3,1575.6,2025-05-26 10:10:00+05:30,2025-05-26 10:30:00+05:30,2025-05-26 11:05:00+05:30,1575.8,-5.2000000000000455,-0.3289057558507303,60.0,0.0,0.08,0.34,-0.96,35.0,INFY,True,False
Buy,2025-05-26 12:05:00+05:30,1440.0,1440.0,1437.4,2025-05-26 12:05:00+05:30,2025-05-26 12:20:00+05:30,2025-05-26 12:20:00+05:30,1437.4,-2.599999999999909,-0.1805555555555492,15.0,0.0,0.0,0.18,-1.0,0.0,RELIANCE,True,False
Buy,2025-05-26 14:35:00+05:30,1579.0,1580.6,1578.6,2025-05-26 15:05:00+05:30,2025-05-26 14:45:00+05:30,2025-05-26 15:15:00+05:30,1580.5,1.5,0.0949968334388853,40.0,0.0,0.1,0.03,3.75,30.0,INFY,True,False
Buy,2025-05-27 09:15:00+05:30,1568.3,1568.3,1560.5,2025-05-27 09:15:00+05:30,2025-05-27 09:20:00+05:30,2025-05-27 09:20:00+05:30,1560.5,-7.799999999999954,-0.497353822610467,5.0,0.0,0.0,0.5,-1.0,0.0,INFY,True,False
Sell,2025-05-27 09:20:00+05:30,1419.4,1426.7,1416.1,2025-05-27 11:00:00+05:30,2025-05-27 10:40:00+05:30,2025-05-27 11:05:00+05:30,1425.5,-6.099999999999909,-0.4297590531210306,105.0,0.0,0.23,0.51,-0.84,5.0,RELIANCE,True,False
Sell,2025-05-27 09:20:00+05:30,24790.65,24872.8,24755.7,2025-05-27 11:00:00+05:30,2025-05-27 10:25:00+05:30,2025-05-27 11:05:00+05:30,24868.15,-77.5,-0.3126178619761885,105.0,0.0,0.14,0.33,-0.94,5.0,NIFTY,True,False
Sell,2025-05-27 09:20:00+05:30,3493.1,3512.7,3488.2,2025-05-27 11:00:00+05:30,2025-05-27 10:40:00+05:30,2025-05-27 11:05:00+05:30,3509.9,-16.800000000000182,-0.480948154934018,105.0,0.0,0.14,0.56,-0.86,5.0,TCS,True,False
Sell,2025-05-27 09:20:00+05:30,55171.35,55291.9,55067.5,2025-05-27 11:05:00+05:30,2025-05-27 10:25:00+05:30,2025-05-27 11:05:00+05:30,55291.9,-120.55000000000292,-0.2185010879741077,105.0,0.0,0.19,0.22,-1.0,0.0,BANKNIFTY,True,False
Sell,2025-05-27 09:25:00+05:30,1560.5,1571.9,1560.5,2025-05-27 11:00:00+05:30,2025-05-27 09:25:00+05:30,2025-05-27 11:05:00+05:30,1571.6,-11.099999999999907,-0.7113104774110803,100.0,0.0,0.0,0.73,-0.97,5.0,INFY,True,False
Buy,2025-05-27 11:35:00+05:30,55680.75,55680.75,55531.6,2025-05-27 11:35:00+05:30,2025-05-27 11:45:00+05:30,2025-05-27 12:20:00+05:30,55544.7,-136.0500000000029,-0.244339381204461,45.0,0.0,0.0,0.27,-0.91,35.0,BANKNIFTY,True,False
Buy,2025-05-27 12:05:00+05:30,24950.05,24957.45,24894.95,2025-05-27 12:10:00+05:30,2025-05-27 12:20:00+05:30,2025-05-27 12:20:00+05:30,24894.95,-55.09999999999855,-0.2208412407991108,15.0,0.0,0.03,0.22,-1.0,0.0,NIFTY,True,False
Sell,2025-05-27 12:50:00+05:30,24849.35,24849.35,24722.45,2025-05-27 12:50:00+05:30,2025-05-27 14:15:00+05:30,2025-05-27 14:50:00+05:30,24786.15,63.19999999999709,0.2543326082975896,120.0,0.0,0.51,0.0,,120.0,NIFTY,True,False
Sell,2025-05-27 12:50:00+05:30,1566.1,1568.6,1562.8,2025-05-27 13:15:00+05:30,2025-05-27 13:00:00+05:30,2025-05-27 13:35:00+05:30,1564.7,1.3999999999998636,0.089394036140723,45.0,0.0,0.21,0.16,0.56,20.0,INFY,True,False
Sell,2025-05-27 12:50:00+05:30,3500.2,3503.4,3485.2,2025-05-27 13:45:00+05:30,2025-05-27 14:15:00+05:30,2025-05-27 14:50:00+05:30,3492.6,7.599999999999909,0.2171304496885866,120.0,0.0,0.43,0.09,2.37,65.0,TCS,True,False
Sell,2025-05-27 12:50:00+05:30,1422.6,1422.6,1420.7,2025-05-27 12:50:00+05:30,2025-05-27 13:00:00+05:30,2025-05-27 13:35:00+05:30,1421.3,1.2999999999999543,0.0913819766624458,45.0,0.0,0.13,0.0,,45.0,RELIANCE,True,False
Sell,2025-05-27 13:40:00+05:30,1566.6,1566.6,1561.9,2025-05-27 13:40:00+05:30,2025-05-27 13:55:00+05:30,2025-05-27 14:05:00+05:30,1564.0,2.599999999999909,0.1659645091280422,25.0,0.0,0.3,0.0,,25.0,INFY,True,False
Sell,2025-05-27 13:40:00+05:30,1422.8,1422.8,1415.2,2025-05-27 13:40:00+05:30,2025-05-27 14:15:00+05:30,2025-05-27 14:35:00+05:30,1419.0,3.7999999999999545,0.2670789991565894,55.0,0.0,0.53,0.0,,55.0,RELIANCE,True,False
Sell,2025-05-27 13:50:00+05:30,55383.65,55383.65,55127.05,2025-05-27 13:50:00+05:30,2025-05-27 14:25:00+05:30,2025-05-27 14:50:00+05:30,55261.4,122.25,0.220733014165733,60.0,0.0,0.46,0.0,,60.0,BANKNIFTY,True,False
Sell,2025-05-27 14:10:00+05:30,1565.4,1565.4,1562.5,2025-05-27 14:10:00+05:30,2025-05-27 14:15:00+05:30,2025-05-27 14:35:00+05:30,1564.4,1.0,0.0638814360546825,25.0,0.0,0.19,0.0,,25.0,INFY,True,False
Buy,2025-05-28 09:20:00+05:30,1580.4,1581.7,1575.2,2025-05-28 09:40:00+05:30,2025-05-28 10:10:00+05:30,2025-05-28 10:20:00+05:30,1575.5,-4.900000000000091,-0.310048089091375,60.0,0.0,0.08,0.33,-0.94,10.0,INFY,True,False
Sell,2025-05-28 09:35:00+05:30,1414.0,1416.1,1411.3,2025-05-28 09:40:00+05:30,2025-05-28 10:35:00+05:30,2025-05-28 10:50:00+05:30,1415.6,-1.599999999999909,-0.1131541725601067,75.0,0.0,0.19,0.15,-0.76,70.0,RELIANCE,True,False
Sell,2025-05-28 10:05:00+05:30,24767.85,24793.95,24749.7,2025-05-28 10:50:00+05:30,2025-05-28 10:35:00+05:30,2025-05-28 10:50:00+05:30,24793.95,-26.100000000002183,-0.1053785451704616,45.0,0.0,0.07,0.11,-1.0,0.0,NIFTY,True,False
Buy,2025-05-28 11:55:00+05:30,1578.8,1580.1,1578.2,2025-05-28 12:50:00+05:30,2025-05-28 12:10:00+05:30,2025-05-28 12:50:00+05:30,1580.1,1.2999999999999543,0.0823410184950566,55.0,0.0,0.08,0.04,2.17,40.0,INFY,True,False
Sell,2025-05-28 12:05:00+05:30,55313.0,55343.6,55313.0,2025-05-28 12:20:00+05:30,2025-05-28 12:05:00+05:30,2025-05-28 12:20:00+05:30,55343.6,-30.599999999998545,-0.0553215338166408,15.0,0.0,0.0,0.06,-1.0,0.0,BANKNIFTY,True,False
Buy,2025-05-28 12:50:00+05:30,55455.1,55501.1,55371.15,2025-05-28 13:00:00+05:30,2025-05-28 13:35:00+05:30,2025-05-28 13:35:00+05:30,55371.15,-83.94999999999709,-0.1513837320643134,45.0,0.0,0.08,0.15,-1.0,0.0,BANKNIFTY,True,False
Buy,2025-05-28 12:55:00+05:30,1578.8,1579.7,1578.8,2025-05-28 13:00:00+05:30,2025-05-28 12:55:00+05:30,2025-05-28 13:05:00+05:30,1579.1,0.2999999999999545,0.019001773498857,10.0,0.0,0.06,0.0,,10.0,INFY,True,False
Buy,2025-05-28 13:05:00+05:30,3505.8,3505.8,3500.1,2025-05-28 13:05:00+05:30,2025-05-28 13:30:00+05:30,2025-05-28 13:35:00+05:30,3500.1,-5.700000000000273,-0.1625877117918955,30.0,0.0,0.0,0.16,-1.0,5.0,TCS,True,False
Buy,2025-05-28 14:30:00+05:30,3503.2,3503.2,3499.0,2025-05-28 14:30:00+05:30,2025-05-28 14:50:00+05:30,2025-05-28 14:50:00+05:30,3499.0,-4.199999999999818,-0.1198903859328562,20.0,0.0,0.0,0.12,-1.0,0.0,TCS,True,False
Buy,2025-05-28 14:40:00+05:30,55466.4,55466.4,55414.45,2025-05-28 14:40:00+05:30,2025-05-28 15:00:00+05:30,2025-05-28 15:05:00+05:30,55419.95,-46.450000000004366,-0.0837443930018973,25.0,0.0,0.0,0.09,-0.89,5.0,BANKNIFTY,True,False
Sell,2025-05-28 15:05:00+05:30,3498.5,3498.5,3494.0,2025-05-28 15:05:00+05:30,2025-05-28 15:10:00+05:30,2025-05-28 15:15:00+05:30,3498.4,0.099999999999909,0.0028583678719425,10.0,0.0,0.13,0.0,,10.0,TCS,True,False
Sell,2025-05-28 15:05:00+05:30,1572.8,1572.8,1570.5,2025-05-28 15:05:00+05:30,2025-05-28 15:10:00+05:30,2025-05-28 15:15:00+05:30,1572.8,0.0,0.0,10.0,0.0,0.15,0.0,,10.0,INFY,True,False
Buy,2025-05-28 15:10:00+05:30,55407.75,55413.45,55407.75,2025-05-28 15:15:00+05:30,2025-05-28 15:10:00+05:30,2025-05-28 15:15:00+05:30,55413.45,5.69999999999709,0.0102873695466736,5.0,0.0,0.01,0.0,,5.0,BANKNIFTY,True,False
Sell,2025-05-29 09:15:00+05:30,1603.0,1603.2,1603.0,2025-05-29 09:20:00+05:30,2025-05-29 09:15:00+05:30,2025-05-29 09:20:00+05:30,1603.2,-0.2000000000000454,-0.012476606363072,5.0,0.0,0.0,0.01,-1.0,0.0,INFY,True,False
Sell,2025-05-29 09:15:00+05:30,1416.0,1416.2,1416.0,2025-05-29 09:20:00+05:30,2025-05-29 09:15:00+05:30,2025-05-29 09:20:00+05:30,1416.2,-0.2000000000000454,-0.0141242937853139,5.0,0.0,0.0,0.01,-1.0,0.0,RELIANCE,True,False
Buy,2025-05-29 09:20:00+05:30,3519.4,3519.4,3506.7,2025-05-29 09:20:00+05:30,2025-05-29 10:35:00+05:30,2025-05-29 10:35:00+05:30,3506.7,-12.700000000000273,-0.3608569642552785,75.0,0.0,0.0,0.36,-1.0,0.0,TCS,True,False
Buy,2025-05-29 09:20:00+05:30,55475.35,55484.4,55403.7,2025-05-29 10:00:00+05:30,2025-05-29 09:35:00+05:30,2025-05-29 10:05:00+05:30,55473.2,-2.150000000001455,-0.0038755951967882,45.0,0.0,0.02,0.13,-0.03,30.0,BANKNIFTY,True,False
Buy,2025-05-29 09:25:00+05:30,1599.4,1600.2,1588.0,2025-05-29 09:30:00+05:30,2025-05-29 10:35:00+05:30,2025-05-29 10:35:00+05:30,1588.0,-11.400000000000093,-0.7127672877329054,70.0,0.0,0.05,0.71,-1.0,0.0,INFY,True,False
Buy,2025-05-29 09:50:00+05:30,24793.55,24825.55,24790.9,2025-05-29 10:05:00+05:30,2025-05-29 10:15:00+05:30,2025-05-29 10:20:00+05:30,24793.8,0.25,0.0010083267624039,30.0,0.0,0.13,0.01,0.09,5.0,NIFTY,True,False
Sell,2025-05-29 10:20:00+05:30,55352.2,55352.2,55161.8,2025-05-29 10:20:00+05:30,2025-05-29 11:40:00+05:30,2025-05-29 12:20:00+05:30,55187.0,165.1999999999971,0.2984524553676224,120.0,0.0,0.34,0.0,,120.0,BANKNIFTY,True,False
Sell,2025-05-29 10:50:00+05:30,24755.8,24755.8,24714.7,2025-05-29 10:50:00+05:30,2025-05-29 11:15:00+05:30,2025-05-29 12:05:00+05:30,24738.85,16.950000000000728,0.0684688032703476,75.0,0.0,0.17,0.0,,75.0,NIFTY,True,False
Sell,2025-05-29 12:20:00+05:30,3495.9,3502.5,3489.1,2025-05-29 12:25:00+05:30,2025-05-29 14:05:00+05:30,2025-05-29 14:35:00+05:30,3493.0,2.900000000000091,0.0829543179152747,135.0,0.0,0.19,0.19,0.44,130.0,TCS,True,False
Sell,2025-05-29 12:35:00+05:30,1410.0,1411.9,1410.0,2025-05-29 12:45:00+05:30,2025-05-29 12:35:00+05:30,2025-05-29 12:50:00+05:30,1411.9,-1.900000000000091,-0.1347517730496518,15.0,0.0,0.0,0.13,-1.0,5.0,RELIANCE,True,False
Sell,2025-05-29 12:40:00+05:30,24700.55,24722.65,24700.55,2025-05-29 12:50:00+05:30,2025-05-29 12:40:00+05:30,2025-05-29 12:50:00+05:30,24722.65,-22.100000000002183,-0.0894716919258971,10.0,0.0,0.0,0.09,-1.0,0.0,NIFTY,True,False
Sell,2025-05-29 12:55:00+05:30,24768.6,24768.6,24757.9,2025-05-29 12:55:00+05:30,2025-05-29 13:05:00+05:30,2025-05-29 13:05:00+05:30,24757.9,10.69999999999709,0.0431998578845679,10.0,0.0,0.04,0.0,,10.0,NIFTY,True,False
Buy,2025-05-29 14:35:00+05:30,1416.0,1419.0,1414.9,2025-05-29 15:10:00+05:30,2025-05-29 14:50:00+05:30,2025-05-29 15:15:00+05:30,1418.8,2.7999999999999545,0.197740112994347,40.0,0.0,0.21,0.08,2.55,25.0,RELIANCE,True,False
Buy,2025-05-29 15:05:00+05:30,55482.7,55624.45,55482.7,2025-05-29 15:15:00+05:30,2025-05-29 15:05:00+05:30,2025-05-29 15:15:00+05:30,55624.45,141.75,0.2554850430855023,10.0,0.0,0.26,0.0,,10.0,BANKNIFTY,True,False
Buy,2025-05-29 15:05:00+05:30,1587.0,1587.0,1586.2,2025-05-29 15:05:00+05:30,2025-05-29 15:10:00+05:30,2025-05-29 15:15:00+05:30,1586.5,-0.5,-0.0315059861373661,10.0,0.0,0.0,0.05,-0.63,5.0,INFY,True,False
Buy,2025-05-29 15:05:00+05:30,24821.1,24853.7,24821.1,2025-05-29 15:15:00+05:30,2025-05-29 15:05:00+05:30,2025-05-29 15:15:00+05:30,24853.7,32.60000000000218,0.1313398680961044,10.0,0.0,0.13,0.0,,10.0,NIFTY,True,False
Buy,2025-05-30 09:15:00+05:30,1557.6,1557.6,1556.8,2025-05-30 09:15:00+05:30,2025-05-30 09:20:00+05:30,2025-05-30 09:20:00+05:30,1556.8,-0.7999999999999545,-0.0513610683102179,5.0,0.0,0.0,0.05,-1.0,0.0,INFY,True,False
Buy,2025-05-30 09:15:00+05:30,1415.4,1429.7,1415.4,2025-05-30 09:50:00+05:30,2025-05-30 09:15:00+05:30,2025-05-30 10:20:00+05:30,1417.5,2.099999999999909,0.1483679525222487,65.0,0.0,1.01,0.0,,65.0,RELIANCE,True,False
Buy,2025-05-30 09:15:00+05:30,55537.05,55662.4,55500.45,2025-05-30 09:20:00+05:30,2025-05-30 09:45:00+05:30,2025-05-30 09:50:00+05:30,55501.0,-36.05000000000291,-0.0649116220613138,35.0,0.0,0.23,0.07,-0.98,5.0,BANKNIFTY,True,False
Buy,2025-05-30 09:15:00+05:30,24806.0,24857.85,24801.3,2025-05-30 09:20:00+05:30,2025-05-30 09:45:00+05:30,2025-05-30 09:50:00+05:30,24807.35,1.3499999999985448,0.0054422317181268,35.0,0.0,0.21,0.02,0.29,5.0,NIFTY,True,False
Sell,2025-05-30 09:25:00+05:30,1558.1,1563.0,1558.1,2025-05-30 09:55:00+05:30,2025-05-30 09:25:00+05:30,2025-05-30 11:05:00+05:30,1562.5,-4.400000000000091,-0.2823952249534748,100.0,0.0,0.0,0.31,-0.9,70.0,INFY,True,False
Sell,2025-05-30 09:25:00+05:30,3489.7,3489.7,3481.0,2025-05-30 09:25:00+05:30,2025-05-30 09:30:00+05:30,2025-05-30 09:50:00+05:30,3486.5,3.199999999999818,0.09169842679886,25.0,0.0,0.25,0.0,,25.0,TCS,True,False
Sell,2025-05-30 09:55:00+05:30,3491.7,3491.7,3488.1,2025-05-30 09:55:00+05:30,2025-05-30 10:15:00+05:30,2025-05-30 10:20:00+05:30,3489.3,2.399999999999636,0.0687344273562916,25.0,0.0,0.1,0.0,,25.0,TCS,True,False
Sell,2025-05-30 11:05:00+05:30,24757.3,24774.15,24732.15,2025-05-30 11:25:00+05:30,2025-05-30 12:00:00+05:30,2025-05-30 12:50:00+05:30,24754.4,2.899999999997817,0.0117137167623198,105.0,0.0,0.1,0.07,0.17,85.0,NIFTY,True,False
Buy,2025-05-30 11:30:00+05:30,55513.0,55519.4,55513.0,2025-05-30 11:35:00+05:30,2025-05-30 11:30:00+05:30,2025-05-30 11:35:00+05:30,55519.4,6.400000000001455,0.0115288310846134,5.0,0.0,0.01,0.0,,5.0,BANKNIFTY,True,False
Sell,2025-05-30 11:50:00+05:30,1414.8,1414.9,1412.5,2025-05-30 12:50:00+05:30,2025-05-30 12:20:00+05:30,2025-05-30 12:50:00+05:30,1414.9,-0.1000000000001364,-0.0070681368391388,60.0,0.0,0.16,0.01,-1.0,0.0,RELIANCE,True,False
Buy,2025-05-30 13:20:00+05:30,55609.85,55742.15,55609.85,2025-05-30 13:55:00+05:30,2025-05-30 13:20:00+05:30,2025-05-30 14:05:00+05:30,55667.05,57.200000000004366,0.1028594754346655,45.0,0.0,0.24,0.0,,45.0,BANKNIFTY,True,False
Buy,2025-05-30 13:50:00+05:30,24775.15,24788.95,24766.8,2025-05-30 13:55:00+05:30,2025-05-30 14:05:00+05:30,2025-05-30 14:05:00+05:30,24766.8,-8.350000000002183,-0.0337031259144835,15.0,0.0,0.06,0.03,-1.0,0.0,NIFTY,True,False
Buy,2025-05-30 14:10:00+05:30,55624.15,55751.6,55624.15,2025-05-30 14:30:00+05:30,2025-05-30 14:10:00+05:30,2025-05-30 14:50:00+05:30,55733.45,109.29999999999563,0.1964973846791288,40.0,0.0,0.23,0.0,,40.0,BANKNIFTY,True,False
Sell,2025-05-30 14:20:00+05:30,1414.9,1415.1,1414.4,2025-05-30 14:30:00+05:30,2025-05-30 14:25:00+05:30,2025-05-30 14:35:00+05:30,1414.8,0.1000000000001364,0.0070676372888639,15.0,0.0,0.04,0.01,0.5,5.0,RELIANCE,True,False
Buy,2025-05-30 14:35:00+05:30,24771.05,24771.7,24765.35,2025-05-30 14:50:00+05:30,2025-05-30 14:45:00+05:30,2025-05-30 14:50:00+05:30,24771.7,0.6500000000014552,0.0026240308747568,15.0,0.0,0.0,0.02,0.11,5.0,NIFTY,True,False
Sell,2025-05-30 14:40:00+05:30,3485.3,3485.3,3461.3,2025-05-30 14:40:00+05:30,2025-05-30 15:05:00+05:30,2025-05-30 15:15:00+05:30,3463.6,21.700000000000276,0.6226149829283066,35.0,0.0,0.69,0.0,,35.0,TCS,True,False
Sell,2025-05-30 14:40:00+05:30,1415.2,1415.2,1414.8,2025-05-30 14:40:00+05:30,2025-05-30 14:45:00+05:30,2025-05-30 14:50:00+05:30,1414.9,0.2999999999999545,0.0211984171848469,10.0,0.0,0.03,0.0,,10.0,RELIANCE,True,False
Sell,2025-05-30 14:55:00+05:30,1416.0,1427.5,1416.0,2025-05-30 15:05:00+05:30,2025-05-30 14:55:00+05:30,2025-05-30 15:05:00+05:30,1427.5,-11.5,-0.8121468926553672,10.0,0.0,0.0,0.81,-1.0,0.0,RELIANCE,True,False
Buy,2025-05-30 15:10:00+05:30,1422.2,1422.2,1419.3,2025-05-30 15:10:00+05:30,2025-05-30 15:15:00+05:30,2025-05-30 15:15:00+05:30,1419.3,-2.900000000000091,-0.2039094360849452,5.0,0.0,0.0,0.2,-1.0,0.0,RELIANCE,True,False
Sell,2025-06-02 09:15:00+05:30,3440.0,3446.1,3425.1,2025-06-02 10:35:00+05:30,2025-06-02 09:20:00+05:30,2025-06-02 10:35:00+05:30,3446.1,-6.099999999999909,-0.1773255813953461,80.0,0.0,0.43,0.18,-1.0,0.0,TCS,True,False
Buy,2025-06-02 09:15:00+05:30,1401.5,1401.5,1400.3,2025-06-02 09:15:00+05:30,2025-06-02 09:20:00+05:30,2025-06-02 09:20:00+05:30,1400.3,-1.2000000000000457,-0.0856225472707845,5.0,0.0,0.0,0.09,-1.0,0.0,RELIANCE,True,False
Sell,2025-06-02 09:15:00+05:30,24568.55,24626.6,24540.5,2025-06-02 10:35:00+05:30,2025-06-02 09:30:00+05:30,2025-06-02 10:35:00+05:30,24626.6,-58.04999999999927,-0.2362776802049745,80.0,0.0,0.11,0.24,-1.0,0.0,NIFTY,True,False
Sell,2025-06-02 09:20:00+05:30,1539.4,1558.2,1539.4,2025-06-02 10:35:00+05:30,2025-06-02 09:20:00+05:30,2025-06-02 10:35:00+05:30,1558.2,-18.799999999999955,-1.2212550344289952,75.0,0.0,0.0,1.22,-1.0,0.0,INFY,True,False
Sell,2025-06-02 09:25:00+05:30,1398.9,1405.1,1397.8,2025-06-02 10:35:00+05:30,2025-06-02 09:30:00+05:30,2025-06-02 10:35:00+05:30,1405.1,-6.199999999999818,-0.4432053756522852,70.0,0.0,0.08,0.44,-1.0,0.0,RELIANCE,True,False
Buy,2025-06-02 12:20:00+05:30,55712.05,55854.95,55712.05,2025-06-02 13:50:00+05:30,2025-06-02 12:20:00+05:30,2025-06-02 14:05:00+05:30,55780.3,68.25,0.1225049159023945,105.0,0.0,0.26,0.0,,105.0,BANKNIFTY,True,False
Buy,2025-06-02 12:50:00+05:30,1415.9,1415.9,1411.8,2025-06-02 12:50:00+05:30,2025-06-02 12:55:00+05:30,2025-06-02 14:05:00+05:30,1412.0,-3.900000000000091,-0.2754431810156149,75.0,0.0,0.0,0.29,-0.95,70.0,RELIANCE,True,False
Buy,2025-06-02 13:25:00+05:30,24707.1,24728.25,24687.2,2025-06-02 13:40:00+05:30,2025-06-02 14:05:00+05:30,2025-06-02 14:05:00+05:30,24687.2,-19.899999999997817,-0.0805436493963185,40.0,0.0,0.09,0.08,-1.0,0.0,NIFTY,True,False
Buy,2025-06-02 15:00:00+05:30,55943.75,55943.75,55903.15,2025-06-02 15:00:00+05:30,2025-06-02 15:15:00+05:30,2025-06-02 15:15:00+05:30,55903.15,-40.59999999999855,-0.0725728968830272,15.0,0.0,0.0,0.07,-1.0,0.0,BANKNIFTY,True,False
Buy,2025-06-02 15:05:00+05:30,24736.15,24736.15,24716.6,2025-06-02 15:05:00+05:30,2025-06-02 15:15:00+05:30,2025-06-02 15:15:00+05:30,24716.6,-19.55000000000291,-0.0790341261675843,10.0,0.0,0.0,0.08,-1.0,0.0,NIFTY,True,False
Buy,2025-06-02 15:10:00+05:30,1414.0,1414.0,1412.6,2025-06-02 15:10:00+05:30,2025-06-02 15:15:00+05:30,2025-06-02 15:15:00+05:30,1412.6,-1.400000000000091,-0.0990099009901054,5.0,0.0,0.0,0.1,-1.0,0.0,RELIANCE,True,False
Buy,2025-06-03 09:15:00+05:30,55860.65,55860.65,55850.3,2025-06-03 09:15:00+05:30,2025-06-03 09:20:00+05:30,2025-06-03 09:20:00+05:30,55850.3,-10.349999999998545,-0.0185282484181593,5.0,0.0,0.0,0.02,-1.0,0.0,BANKNIFTY,True,False
Buy,2025-06-03 09:15:00+05:30,24694.8,24694.8,24668.7,2025-06-03 09:15:00+05:30,2025-06-03 09:20:00+05:30,2025-06-03 09:20:00+05:30,24668.7,-26.099999999998545,-0.1056902667768054,5.0,0.0,0.0,0.11,-1.0,0.0,NIFTY,True,False
Buy,2025-06-03 09:20:00+05:30,1411.7,1422.9,1411.3,2025-06-03 10:20:00+05:30,2025-06-03 09:25:00+05:30,2025-06-03 10:50:00+05:30,1417.2,5.5,0.3896011900545441,90.0,0.0,0.79,0.03,13.75,85.0,RELIANCE,True,False
Sell,2025-06-03 09:35:00+05:30,24674.15,24746.95,24630.15,2025-06-03 10:20:00+05:30,2025-06-03 09:55:00+05:30,2025-06-03 10:20:00+05:30,24746.95,-72.79999999999927,-0.2950456246719715,45.0,0.0,0.18,0.3,-1.0,0.0,NIFTY,True,False
Sell,2025-06-03 09:50:00+05:30,3435.2,3446.9,3430.4,2025-06-03 10:20:00+05:30,2025-06-03 10:00:00+05:30,2025-06-03 10:20:00+05:30,3446.9,-11.700000000000273,-0.3405915230554341,30.0,0.0,0.14,0.34,-1.0,0.0,TCS,True,False
Buy,2025-06-03 10:20:00+05:30,55994.7,55994.7,55815.35,2025-06-03 10:20:00+05:30,2025-06-03 10:35:00+05:30,2025-06-03 10:35:00+05:30,55815.35,-179.34999999999854,-0.3202981710769029,15.0,0.0,0.0,0.32,-1.0,0.0,BANKNIFTY,True,False
Sell,2025-06-03 10:50:00+05:30,24656.25,24656.25,24590.2,2025-06-03 10:50:00+05:30,2025-06-03 11:10:00+05:30,2025-06-03 11:50:00+05:30,24625.55,30.700000000000728,0.1245120405576708,60.0,0.0,0.27,0.0,,60.0,NIFTY,True,False
Sell,2025-06-03 11:00:00+05:30,3433.1,3436.1,3403.6,2025-06-03 11:30:00+05:30,2025-06-03 12:55:00+05:30,2025-06-03 13:20:00+05:30,3409.8,23.299999999999727,0.6786869010515199,140.0,0.0,0.86,0.09,7.77,110.0,TCS,True,False
Sell,2025-06-03 11:35:00+05:30,55712.7,55741.25,55493.5,2025-06-03 11:50:00+05:30,2025-06-03 13:05:00+05:30,2025-06-03 13:50:00+05:30,55572.2,140.5,0.2521866647999469,135.0,0.0,0.39,0.05,4.92,120.0,BANKNIFTY,True,False
Sell,2025-06-03 11:35:00+05:30,1548.9,1548.9,1538.4,2025-06-03 11:35:00+05:30,2025-06-03 12:50:00+05:30,2025-06-03 14:05:00+05:30,1542.8,6.100000000000136,0.3938278778488047,150.0,0.0,0.68,0.0,,150.0,INFY,True,False
Buy,2025-06-03 11:55:00+05:30,1419.8,1420.6,1411.5,2025-06-03 12:00:00+05:30,2025-06-03 12:50:00+05:30,2025-06-03 12:50:00+05:30,1411.5,-8.299999999999955,-0.5845893787857412,55.0,0.0,0.06,0.58,-1.0,0.0,RELIANCE,True,False
Sell,2025-06-03 11:55:00+05:30,24623.45,24638.25,24588.05,2025-06-03 12:00:00+05:30,2025-06-03 12:20:00+05:30,2025-06-03 12:20:00+05:30,24588.05,35.400000000001455,0.1437653943700068,25.0,0.0,0.14,0.06,2.39,20.0,NIFTY,True,False
Sell,2025-06-03 12:25:00+05:30,24606.25,24632.95,24606.25,2025-06-03 12:35:00+05:30,2025-06-03 12:25:00+05:30,2025-06-03 12:35:00+05:30,24632.95,-26.700000000000728,-0.1085090170180369,10.0,0.0,0.0,0.11,-1.0,0.0,NIFTY,True,False
Sell,2025-06-03 12:55:00+05:30,24530.5,24561.8,24522.25,2025-06-03 13:30:00+05:30,2025-06-03 13:05:00+05:30,2025-06-03 13:50:00+05:30,24552.2,-21.700000000000728,-0.0884613032755171,55.0,0.0,0.03,0.13,-0.69,20.0,NIFTY,True,False
Sell,2025-06-03 13:20:00+05:30,1409.0,1411.4,1407.0,2025-06-03 13:30:00+05:30,2025-06-03 13:45:00+05:30,2025-06-03 14:35:00+05:30,1411.2,-2.200000000000045,-0.1561391057487612,75.0,0.0,0.14,0.17,-0.92,65.0,RELIANCE,True,False
Sell,2025-06-03 14:55:00+05:30,3404.0,3407.2,3401.7,2025-06-03 15:15:00+05:30,2025-06-03 15:00:00+05:30,2025-06-03 15:15:00+05:30,3407.2,-3.199999999999818,-0.0940070505287843,20.0,0.0,0.07,0.09,-1.0,0.0,TCS,True,False
Sell,2025-06-03 15:10:00+05:30,1404.7,1405.2,1404.7,2025-06-03 15:15:00+05:30,2025-06-03 15:10:00+05:30,2025-06-03 15:15:00+05:30,1405.2,-0.5,-0.0355947889229016,5.0,0.0,0.0,0.04,-1.0,0.0,RELIANCE,True,False
Sell,2025-06-03 15:10:00+05:30,24535.2,24543.15,24535.2,2025-06-03 15:15:00+05:30,2025-06-03 15:10:00+05:30,2025-06-03 15:15:00+05:30,24543.15,-7.950000000000728,-0.0324024259023799,5.0,0.0,0.0,0.03,-1.0,0.0,NIFTY,True,False
Sell,2025-06-04 09:15:00+05:30,1407.9,1408.5,1407.2,2025-06-04 09:35:00+05:30,2025-06-04 09:30:00+05:30,2025-06-04 09:35:00+05:30,1408.5,-0.599999999999909,-0.0426166631152716,20.0,0.0,0.05,0.04,-1.0,0.0,RELIANCE,True,False
Sell,2025-06-04 09:15:00+05:30,55607.2,55630.85,55607.2,2025-06-04 09:20:00+05:30,2025-06-04 09:15:00+05:30,2025-06-04 09:20:00+05:30,55630.85,-23.65000000000145,-0.0425304636809647,5.0,0.0,0.0,0.04,-1.0,0.0,BANKNIFTY,True,False
Sell,2025-06-04 09:15:00+05:30,24572.45,24584.15,24572.45,2025-06-04 09:20:00+05:30,2025-06-04 09:15:00+05:30,2025-06-04 09:20:00+05:30,24584.15,-11.700000000000728,-0.0476142997544027,5.0,0.0,0.0,0.05,-1.0,0.0,NIFTY,True,False
Sell,2025-06-04 09:20:00+05:30,3382.2,3391.1,3375.3,2025-06-04 10:20:00+05:30,2025-06-04 09:25:00+05:30,2025-06-04 10:20:00+05:30,3391.1,-8.900000000000091,-0.2631423333924691,60.0,0.0,0.2,0.26,-1.0,0.0,TCS,True,False
Sell,2025-06-04 09:25:00+05:30,55590.35,55590.35,55420.55,2025-06-04 09:25:00+05:30,2025-06-04 09:45:00+05:30,2025-06-04 10:20:00+05:30,55530.55,59.799999999995634,0.1075726272635369,55.0,0.0,0.31,0.0,,55.0,BANKNIFTY,True,False
Buy,2025-06-04 10:05:00+05:30,1549.2,1553.5,1549.2,2025-06-04 10:40:00+05:30,2025-06-04 10:05:00+05:30,2025-06-04 11:20:00+05:30,1552.6,3.399999999999864,0.219468112574223,75.0,0.0,0.28,0.0,,75.0,INFY,True,False
Buy,2025-06-04 11:50:00+05:30,55657.25,55695.5,55645.25,2025-06-04 12:20:00+05:30,2025-06-04 12:00:00+05:30,2025-06-04 12:50:00+05:30,55645.35,-11.900000000001455,-0.0213808623315048,60.0,0.0,0.07,0.02,-0.99,50.0,BANKNIFTY,True,False
Buy,2025-06-04 11:50:00+05:30,1411.8,1424.5,1410.5,2025-06-04 15:00:00+05:30,2025-06-04 12:20:00+05:30,2025-06-04 15:15:00+05:30,1422.1,10.299999999999956,0.729565094205975,205.0,0.0,0.9,0.09,7.92,175.0,RELIANCE,True,False
Buy,2025-06-04 12:10:00+05:30,24607.75,24607.75,24592.9,2025-06-04 12:10:00+05:30,2025-06-04 12:35:00+05:30,2025-06-04 12:50:00+05:30,24596.1,-11.650000000001455,-0.0473428086680068,40.0,0.0,0.0,0.06,-0.78,15.0,NIFTY,True,False
Buy,2025-06-04 13:05:00+05:30,1553.3,1557.1,1553.2,2025-06-04 13:50:00+05:30,2025-06-04 13:10:00+05:30,2025-06-04 14:05:00+05:30,1555.1,1.7999999999999543,0.1158823150711359,60.0,0.0,0.24,0.01,18.0,55.0,INFY,True,False
Buy,2025-06-04 13:05:00+05:30,24607.65,24627.15,24600.25,2025-06-04 14:05:00+05:30,2025-06-04 13:10:00+05:30,2025-06-04 14:35:00+05:30,24618.95,11.299999999999272,0.045920679138395,90.0,0.0,0.08,0.03,1.53,85.0,NIFTY,True,False
Buy,2025-06-04 14:10:00+05:30,1553.7,1553.7,1553.5,2025-06-04 14:10:00+05:30,2025-06-04 14:20:00+05:30,2025-06-04 14:20:00+05:30,1553.5,-0.2000000000000454,-0.012872497908222,10.0,0.0,0.0,0.01,-1.0,0.0,INFY,True,False
Buy,2025-06-04 14:10:00+05:30,55670.65,55670.65,55661.8,2025-06-04 14:10:00+05:30,2025-06-04 14:15:00+05:30,2025-06-04 14:20:00+05:30,55667.7,-2.9500000000043656,-0.0052990220160971,10.0,0.0,0.0,0.02,-0.33,5.0,BANKNIFTY,True,False
Buy,2025-06-04 14:25:00+05:30,55639.9,55712.1,55639.9,2025-06-04 14:55:00+05:30,2025-06-04 14:25:00+05:30,2025-06-04 15:15:00+05:30,55662.05,22.15000000000145,0.0398095611243037,50.0,0.0,0.13,0.0,,50.0,BANKNIFTY,True,False
Buy,2025-06-04 15:05:00+05:30,24625.85,24625.85,24610.5,2025-06-04 15:05:00+05:30,2025-06-04 15:15:00+05:30,2025-06-04 15:15:00+05:30,24610.5,-15.349999999998545,-0.0623328737891221,10.0,0.0,0.0,0.06,-1.0,0.0,NIFTY,True,False
Buy,2025-06-05 09:20:00+05:30,1433.2,1444.0,1433.2,2025-06-05 10:00:00+05:30,2025-06-05 09:20:00+05:30,2025-06-05 10:35:00+05:30,1442.3,9.099999999999907,0.6349427853753774,75.0,0.0,0.75,0.0,,75.0,RELIANCE,True,False
Buy,2025-06-05 09:25:00+05:30,24715.5,24753.6,24715.5,2025-06-05 09:50:00+05:30,2025-06-05 09:25:00+05:30,2025-06-05 10:35:00+05:30,24719.8,4.299999999999272,0.0173979891161387,70.0,0.0,0.15,0.0,,70.0,NIFTY,True,False
Buy,2025-06-05 09:30:00+05:30,55771.5,55810.9,55710.95,2025-06-05 09:45:00+05:30,2025-06-05 10:15:00+05:30,2025-06-05 10:20:00+05:30,55762.1,-9.400000000001455,-0.0168544866105474,50.0,0.0,0.07,0.11,-0.16,5.0,BANKNIFTY,True,False
Buy,2025-06-05 09:35:00+05:30,1554.3,1555.9,1554.2,2025-06-05 09:40:00+05:30,2025-06-05 09:45:00+05:30,2025-06-05 09:50:00+05:30,1554.6,0.2999999999999545,0.0193012931866405,15.0,0.0,0.1,0.01,3.0,5.0,INFY,True,False
Buy,2025-06-05 09:50:00+05:30,3396.7,3396.7,3388.8,2025-06-05 09:50:00+05:30,2025-06-05 10:20:00+05:30,2025-06-05 10:20:00+05:30,3388.8,-7.899999999999636,-0.2325786793063749,30.0,0.0,0.0,0.23,-1.0,0.0,TCS,True,False
Buy,2025-06-05 09:55:00+05:30,1553.2,1554.0,1553.2,2025-06-05 10:00:00+05:30,2025-06-05 09:55:00+05:30,2025-06-05 10:05:00+05:30,1553.6,0.3999999999998636,0.025753283543643,10.0,0.0,0.05,0.0,,10.0,INFY,True,False
Sell,2025-06-05 10:50:00+05:30,1547.6,1550.3,1547.6,2025-06-05 11:05:00+05:30,2025-06-05 10:50:00+05:30,2025-06-05 11:50:00+05:30,1550.0,-2.400000000000091,-0.1550788317394734,60.0,0.0,0.0,0.17,-0.89,45.0,INFY,True,False
Buy,2025-06-05 11:25:00+05:30,55757.9,55757.9,55731.2,2025-06-05 11:25:00+05:30,2025-06-05 11:35:00+05:30,2025-06-05 11:35:00+05:30,55731.2,-26.70000000000437,-0.047885591100103,10.0,0.0,0.0,0.05,-1.0,0.0,BANKNIFTY,True,False
Buy,2025-06-05 11:40:00+05:30,55731.55,55963.25,55706.7,2025-06-05 12:10:00+05:30,2025-06-05 11:45:00+05:30,2025-06-05 12:50:00+05:30,55859.25,127.69999999999708,0.2291341260022323,70.0,0.0,0.42,0.04,5.14,65.0,BANKNIFTY,True,False
Buy,2025-06-05 12:05:00+05:30,24818.6,24869.55,24810.15,2025-06-05 12:10:00+05:30,2025-06-05 12:35:00+05:30,2025-06-05 12:50:00+05:30,24825.7,7.100000000002183,0.0286075765756415,45.0,0.0,0.21,0.03,0.84,15.0,NIFTY,True,False
Buy,2025-06-05 12:05:00+05:30,3397.2,3400.0,3387.3,2025-06-05 12:10:00+05:30,2025-06-05 12:45:00+05:30,2025-06-05 12:50:00+05:30,3388.4,-8.799999999999727,-0.2590368538796576,45.0,0.0,0.08,0.29,-0.89,5.0,TCS,True,False
Buy,2025-06-05 12:05:00+05:30,1560.0,1565.0,1558.2,2025-06-05 12:15:00+05:30,2025-06-05 13:00:00+05:30,2025-06-05 13:05:00+05:30,1558.5,-1.5,-0.0961538461538461,60.0,0.0,0.32,0.12,-0.83,5.0,INFY,True,False
Buy,2025-06-05 12:15:00+05:30,1451.0,1451.0,1449.4,2025-06-05 12:15:00+05:30,2025-06-05 12:20:00+05:30,2025-06-05 12:20:00+05:30,1449.4,-1.599999999999909,-0.1102687801516133,5.0,0.0,0.0,0.11,-1.0,0.0,RELIANCE,True,False
Buy,2025-06-05 12:25:00+05:30,1448.8,1448.8,1447.2,2025-06-05 12:25:00+05:30,2025-06-05 12:35:00+05:30,2025-06-05 12:35:00+05:30,1447.2,-1.599999999999909,-0.1104362230811643,10.0,0.0,0.0,0.11,-1.0,0.0,RELIANCE,True,False
Buy,2025-06-05 12:55:00+05:30,24796.35,24800.45,24793.1,2025-06-05 13:00:00+05:30,2025-06-05 13:05:00+05:30,2025-06-05 13:05:00+05:30,24793.1,-3.25,-0.0131067677299279,10.0,0.0,0.02,0.01,-1.0,0.0,NIFTY,True,False
Sell,2025-06-05 13:05:00+05:30,3378.5,3379.0,3367.5,2025-06-05 13:15:00+05:30,2025-06-05 14:05:00+05:30,2025-06-05 14:35:00+05:30,3372.8,5.699999999999818,0.1687139262986478,90.0,0.0,0.33,0.01,11.4,80.0,TCS,True,False
Sell,2025-06-05 14:05:00+05:30,55663.3,55734.95,55663.3,2025-06-05 14:30:00+05:30,2025-06-05 14:05:00+05:30,2025-06-05 14:35:00+05:30,55718.2,-54.89999999999418,-0.0986287194614659,30.0,0.0,0.0,0.13,-0.77,5.0,BANKNIFTY,True,False
Sell,2025-06-06 09:25:00+05:30,1550.8,1550.9,1544.5,2025-06-06 10:50:00+05:30,2025-06-06 10:00:00+05:30,2025-06-06 10:50:00+05:30,1550.9,-0.1000000000001364,-0.0064482847562636,85.0,0.0,0.41,0.01,-1.0,0.0,INFY,True,False
Sell,2025-06-06 09:35:00+05:30,3360.6,3369.5,3360.6,2025-06-06 09:50:00+05:30,2025-06-06 09:35:00+05:30,2025-06-06 09:50:00+05:30,3369.5,-8.900000000000091,-0.2648336606558379,15.0,0.0,0.0,0.26,-1.0,0.0,TCS,True,False
Sell,2025-06-06 09:35:00+05:30,24694.35,24794.6,24687.35,2025-06-06 10:05:00+05:30,2025-06-06 09:40:00+05:30,2025-06-06 10:05:00+05:30,24794.6,-100.25,-0.4059633073962262,30.0,0.0,0.03,0.41,-1.0,0.0,NIFTY,True,False
Sell,2025-06-06 09:40:00+05:30,55630.15,55857.7,55594.35,2025-06-06 10:05:00+05:30,2025-06-06 10:15:00+05:30,2025-06-06 10:20:00+05:30,55811.6,-181.4499999999971,-0.3261720487900843,40.0,0.0,0.06,0.41,-0.8,15.0,BANKNIFTY,True,False
Sell,2025-06-06 09:55:00+05:30,3371.7,3377.9,3369.2,2025-06-06 10:05:00+05:30,2025-06-06 10:00:00+05:30,2025-06-06 10:05:00+05:30,3377.9,-6.200000000000273,-0.1838835009045963,10.0,0.0,0.07,0.18,-1.0,0.0,TCS,True,False
Buy,2025-06-06 10:30:00+05:30,56183.45,56631.0,56183.45,2025-06-06 12:05:00+05:30,2025-06-06 10:30:00+05:30,2025-06-06 12:20:00+05:30,56508.5,325.0500000000029,0.5785511569688279,110.0,0.0,0.8,0.0,,110.0,BANKNIFTY,True,False
Buy,2025-06-06 10:35:00+05:30,24884.6,25025.8,24884.6,2025-06-06 11:55:00+05:30,2025-06-06 10:35:00+05:30,2025-06-06 12:20:00+05:30,24982.15,97.55000000000292,0.3920095159255239,105.0,0.0,0.57,0.0,,105.0,NIFTY,True,False
Buy,2025-06-06 11:35:00+05:30,1449.3,1450.9,1447.9,2025-06-06 11:40:00+05:30,2025-06-06 12:05:00+05:30,2025-06-06 12:05:00+05:30,1447.9,-1.3999999999998636,-0.0965983578279075,30.0,0.0,0.11,0.1,-1.0,0.0,RELIANCE,True,False
Buy,2025-06-06 11:35:00+05:30,1555.1,1560.1,1555.1,2025-06-06 11:55:00+05:30,2025-06-06 11:35:00+05:30,2025-06-06 12:50:00+05:30,1556.7,1.6000000000001364,0.1028872741302898,75.0,0.0,0.32,0.0,,75.0,INFY,True,False
Buy,2025-06-06 12:25:00+05:30,3378.9,3380.2,3376.5,2025-06-06 12:40:00+05:30,2025-06-06 12:50:00+05:30,2025-06-06 12:50:00+05:30,3376.5,-2.400000000000091,-0.0710290331172893,25.0,0.0,0.04,0.07,-1.0,0.0,TCS,True,False
Sell,2025-06-06 13:50:00+05:30,1442.6,1444.7,1441.8,2025-06-06 15:05:00+05:30,2025-06-06 14:35:00+05:30,2025-06-06 15:05:00+05:30,1444.7,-2.1000000000001364,-0.145570497712473,75.0,0.0,0.06,0.15,-1.0,0.0,RELIANCE,True,False
Buy,2025-06-06 14:25:00+05:30,1559.9,1563.3,1557.8,2025-06-06 15:15:00+05:30,2025-06-06 14:35:00+05:30,2025-06-06 15:15:00+05:30,1563.3,3.399999999999864,0.2179626899160115,50.0,0.0,0.22,0.13,1.62,40.0,INFY,True,False
Buy,2025-06-06 14:50:00+05:30,3380.3,3387.0,3379.9,2025-06-06 15:15:00+05:30,2025-06-06 15:00:00+05:30,2025-06-06 15:15:00+05:30,3387.0,6.699999999999818,0.1982072597106711,25.0,0.0,0.2,0.01,16.75,15.0,TCS,True,False
Buy,2025-06-09 09:15:00+05:30,3409.9,3429.0,3409.9,2025-06-09 10:00:00+05:30,2025-06-09 09:15:00+05:30,2025-06-09 10:50:00+05:30,3421.6,11.699999999999818,0.3431185665268723,95.0,0.0,0.56,0.0,,95.0,TCS,True,False
Buy,2025-06-09 09:15:00+05:30,1578.5,1583.0,1577.2,2025-06-09 09:25:00+05:30,2025-06-09 10:35:00+05:30,2025-06-09 10:35:00+05:30,1577.2,-1.2999999999999543,-0.0823566677225185,80.0,0.0,0.29,0.08,-1.0,0.0,INFY,True,False
Buy,2025-06-09 09:35:00+05:30,1449.6,1450.3,1447.5,2025-06-09 09:40:00+05:30,2025-06-09 10:05:00+05:30,2025-06-09 10:05:00+05:30,1447.5,-2.099999999999909,-0.1448675496688679,30.0,0.0,0.05,0.14,-1.0,0.0,RELIANCE,True,False
Buy,2025-06-09 09:35:00+05:30,25089.4,25139.15,25089.4,2025-06-09 10:50:00+05:30,2025-06-09 09:35:00+05:30,2025-06-09 10:50:00+05:30,25139.15,49.75,0.1982909116997616,75.0,0.0,0.2,0.0,,75.0,NIFTY,True,False
Buy,2025-06-09 09:50:00+05:30,56920.55,57017.6,56920.55,2025-06-09 10:50:00+05:30,2025-06-09 09:50:00+05:30,2025-06-09 10:50:00+05:30,57017.6,97.04999999999563,0.1705008120968536,60.0,0.0,0.17,0.0,,60.0,BANKNIFTY,True,False
Buy,2025-06-09 10:10:00+05:30,1446.6,1452.9,1446.2,2025-06-09 12:25:00+05:30,2025-06-09 10:15:00+05:30,2025-06-09 12:50:00+05:30,1451.1,4.5,0.3110742430526753,160.0,0.0,0.44,0.03,11.25,155.0,RELIANCE,True,False
Buy,2025-06-09 12:40:00+05:30,3430.9,3430.9,3428.6,2025-06-09 12:40:00+05:30,2025-06-09 13:00:00+05:30,2025-06-09 13:05:00+05:30,3429.3,-1.599999999999909,-0.04663499373342,25.0,0.0,0.0,0.07,-0.7,5.0,TCS,True,False
Buy,2025-06-09 13:10:00+05:30,3428.5,3428.5,3426.8,2025-06-09 13:10:00+05:30,2025-06-09 13:20:00+05:30,2025-06-09 13:20:00+05:30,3426.8,-1.699999999999818,-0.0495843663409601,10.0,0.0,0.0,0.05,-1.0,0.0,TCS,True,False
Sell,2025-06-09 14:05:00+05:30,1447.0,1448.0,1445.9,2025-06-09 14:25:00+05:30,2025-06-09 14:20:00+05:30,2025-06-09 14:35:00+05:30,1448.0,-1.0,-0.0691085003455425,30.0,0.0,0.08,0.07,-1.0,10.0,RELIANCE,True,False
Sell,2025-06-10 09:20:00+05:30,56763.8,56798.7,56635.05,2025-06-10 10:15:00+05:30,2025-06-10 09:25:00+05:30,2025-06-10 10:20:00+05:30,56764.55,-0.75,-0.0013212646087823,60.0,0.0,0.23,0.06,-0.02,5.0,BANKNIFTY,True,False
Buy,2025-06-10 09:35:00+05:30,3449.9,3481.8,3449.9,2025-06-10 11:30:00+05:30,2025-06-10 09:35:00+05:30,2025-06-10 12:05:00+05:30,3478.0,28.09999999999991,0.8145163627931218,150.0,0.0,0.92,0.0,,150.0,TCS,True,False
Buy,2025-06-10 09:35:00+05:30,1586.0,1607.4,1581.4,2025-06-10 11:35:00+05:30,2025-06-10 09:55:00+05:30,2025-06-10 12:35:00+05:30,1601.3,15.299999999999956,0.9646910466582568,180.0,0.0,1.35,0.29,3.33,160.0,INFY,True,False
Buy,2025-06-10 10:05:00+05:30,1451.1,1451.2,1448.6,2025-06-10 10:15:00+05:30,2025-06-10 10:20:00+05:30,2025-06-10 10:20:00+05:30,1448.6,-2.5,-0.1722830955826614,15.0,0.0,0.01,0.17,-1.0,0.0,RELIANCE,True,False
Buy,2025-06-10 10:25:00+05:30,1448.5,1449.5,1448.5,2025-06-10 10:30:00+05:30,2025-06-10 10:25:00+05:30,2025-06-10 10:35:00+05:30,1449.5,1.0,0.0690369347600966,10.0,0.0,0.07,0.0,,10.0,RELIANCE,True,False
Sell,2025-06-10 10:50:00+05:30,1447.0,1447.6,1445.6,2025-06-10 11:45:00+05:30,2025-06-10 11:20:00+05:30,2025-06-10 11:50:00+05:30,1447.3,-0.2999999999999545,-0.0207325501036596,60.0,0.0,0.1,0.04,-0.5,5.0,RELIANCE,True,False
Sell,2025-06-10 11:00:00+05:30,56637.15,56672.45,56588.3,2025-06-10 11:05:00+05:30,2025-06-10 11:55:00+05:30,2025-06-10 12:05:00+05:30,56621.0,16.150000000001455,0.0285148528836663,65.0,0.0,0.09,0.06,0.46,60.0,BANKNIFTY,True,False
Sell,2025-06-10 12:10:00+05:30,1442.9,1444.5,1440.2,2025-06-10 12:20:00+05:30,2025-06-10 13:30:00+05:30,2025-06-10 14:05:00+05:30,1440.2,2.700000000000045,0.1871231547577826,115.0,0.0,0.19,0.11,1.69,105.0,RELIANCE,True,False
Sell,2025-06-10 14:50:00+05:30,25110.55,25119.7,25093.75,2025-06-10 15:05:00+05:30,2025-06-10 15:00:00+05:30,2025-06-10 15:15:00+05:30,25109.55,1.0,0.003982389871986,25.0,0.0,0.07,0.04,0.11,10.0,NIFTY,True,False
Sell,2025-06-10 15:05:00+05:30,1441.2,1441.2,1438.1,2025-06-10 15:05:00+05:30,2025-06-10 15:10:00+05:30,2025-06-10 15:15:00+05:30,1439.2,2.0,0.1387732445184568,10.0,0.0,0.22,0.0,,10.0,RELIANCE,True,False
Sell,2025-06-11 09:15:00+05:30,25128.2,25128.2,25119.9,2025-06-11 09:15:00+05:30,2025-06-11 09:20:00+05:30,2025-06-11 09:20:00+05:30,25119.9,8.299999999999272,0.0330306189858377,5.0,0.0,0.03,0.0,,5.0,NIFTY,True,False
Sell,2025-06-11 09:15:00+05:30,56646.6,56646.6,56500.2,2025-06-11 09:15:00+05:30,2025-06-11 09:25:00+05:30,2025-06-11 09:50:00+05:30,56569.05,77.54999999999563,0.1369014203853287,35.0,0.0,0.26,0.0,,35.0,BANKNIFTY,True,False
Sell,2025-06-11 09:15:00+05:30,1450.4,1454.4,1450.4,2025-06-11 09:20:00+05:30,2025-06-11 09:15:00+05:30,2025-06-11 09:20:00+05:30,1454.4,-4.0,-0.2757859900717043,5.0,0.0,0.0,0.28,-1.0,0.0,RELIANCE,True,False
Buy,2025-06-11 09:35:00+05:30,1461.6,1465.2,1455.2,2025-06-11 09:45:00+05:30,2025-06-11 10:20:00+05:30,2025-06-11 11:35:00+05:30,1462.6,1.0,0.0684181718664477,120.0,0.0,0.25,0.44,0.16,75.0,RELIANCE,True,False
Sell,2025-06-11 09:55:00+05:30,56575.25,56606.5,56575.25,2025-06-11 10:05:00+05:30,2025-06-11 09:55:00+05:30,2025-06-11 10:05:00+05:30,56606.5,-31.25,-0.0552361677588698,10.0,0.0,0.0,0.06,-1.0,0.0,BANKNIFTY,True,False
Sell,2025-06-11 10:05:00+05:30,3459.4,3462.5,3455.8,2025-06-11 10:35:00+05:30,2025-06-11 10:10:00+05:30,2025-06-11 10:35:00+05:30,3462.5,-3.099999999999909,-0.0896109151876021,30.0,0.0,0.1,0.09,-1.0,0.0,TCS,True,False
Buy,2025-06-11 10:05:00+05:30,25157.45,25214.9,25138.85,2025-06-11 11:50:00+05:30,2025-06-11 10:25:00+05:30,2025-06-11 12:35:00+05:30,25187.5,30.049999999999272,0.1194477182703305,150.0,0.0,0.23,0.07,1.62,130.0,NIFTY,True,False
Buy,2025-06-11 11:05:00+05:30,56705.0,56775.95,56682.05,2025-06-11 11:50:00+05:30,2025-06-11 11:25:00+05:30,2025-06-11 12:35:00+05:30,56704.95,-0.0500000000029103,-8.817564589173861e-05,90.0,0.0,0.13,0.04,-0.0,70.0,BANKNIFTY,True,False
Buy,2025-06-11 11:35:00+05:30,1603.3,1624.4,1603.3,2025-06-11 13:10:00+05:30,2025-06-11 11:35:00+05:30,2025-06-11 13:50:00+05:30,1613.3,10.0,0.6237135907191418,135.0,0.0,1.32,0.0,,135.0,INFY,True,False
Buy,2025-06-11 11:50:00+05:30,3471.0,3487.0,3471.0,2025-06-11 12:50:00+05:30,2025-06-11 11:50:00+05:30,2025-06-11 13:35:00+05:30,3479.0,8.0,0.2304811293575338,105.0,0.0,0.46,0.0,,105.0,TCS,True,False
Sell,2025-06-11 13:35:00+05:30,56549.1,56549.1,56411.85,2025-06-11 13:35:00+05:30,2025-06-11 14:05:00+05:30,2025-06-11 15:05:00+05:30,56474.95,74.15000000000146,0.1311249869582388,90.0,0.0,0.24,0.0,,90.0,BANKNIFTY,True,False
Sell,2025-06-11 14:20:00+05:30,25150.45,25150.85,25135.2,2025-06-11 14:50:00+05:30,2025-06-11 14:40:00+05:30,2025-06-11 15:15:00+05:30,25136.0,14.450000000000728,0.0574542403813877,55.0,0.0,0.06,0.0,36.13,25.0,NIFTY,True,False
Sell,2025-06-11 14:20:00+05:30,1453.5,1453.5,1448.4,2025-06-11 14:20:00+05:30,2025-06-11 15:15:00+05:30,2025-06-11 15:15:00+05:30,1448.4,5.099999999999909,0.3508771929824499,55.0,0.0,0.35,0.0,,55.0,RELIANCE,True,False
Buy,2025-06-11 14:35:00+05:30,1625.1,1632.5,1625.1,2025-06-11 15:10:00+05:30,2025-06-11 14:35:00+05:30,2025-06-11 15:15:00+05:30,1629.5,4.400000000000091,0.2707525690726781,40.0,0.0,0.46,0.0,,40.0,INFY,True,False
Sell,2025-06-12 09:15:00+05:30,1455.1,1455.1,1455.0,2025-06-12 09:15:00+05:30,2025-06-12 09:20:00+05:30,2025-06-12 09:20:00+05:30,1455.0,0.099999999999909,0.0068723799051549,5.0,0.0,0.01,0.0,,5.0,RELIANCE,True,False
Sell,2025-06-12 09:25:00+05:30,3463.0,3467.2,3449.2,2025-06-12 09:30:00+05:30,2025-06-12 10:20:00+05:30,2025-06-12 11:05:00+05:30,3455.0,8.0,0.2310135720473577,100.0,0.0,0.4,0.12,1.9,95.0,TCS,True,False
Sell,2025-06-12 09:50:00+05:30,25118.45,25118.45,25044.65,2025-06-12 09:50:00+05:30,2025-06-12 10:40:00+05:30,2025-06-12 11:20:00+05:30,25076.55,41.900000000001455,0.1668096558505857,90.0,0.0,0.29,0.0,,90.0,NIFTY,True,False
Sell,2025-06-12 10:05:00+05:30,1604.8,1615.0,1604.8,2025-06-12 10:50:00+05:30,2025-06-12 10:05:00+05:30,2025-06-12 10:50:00+05:30,1615.0,-10.200000000000044,-0.6355932203389859,45.0,0.0,0.0,0.64,-1.0,0.0,INFY,True,False
Sell,2025-06-12 10:05:00+05:30,1449.7,1450.2,1449.3,2025-06-12 10:20:00+05:30,2025-06-12 10:15:00+05:30,2025-06-12 10:20:00+05:30,1450.2,-0.5,-0.0344898944609229,15.0,0.0,0.03,0.03,-1.0,0.0,RELIANCE,True,False
Sell,2025-06-12 10:05:00+05:30,56442.55,56442.55,56242.65,2025-06-12 10:05:00+05:30,2025-06-12 11:50:00+05:30,2025-06-12 11:50:00+05:30,56242.65,199.90000000000143,0.3541654301586329,105.0,0.0,0.35,0.0,,105.0,BANKNIFTY,True,False
Sell,2025-06-12 10:45:00+05:30,1448.0,1449.2,1448.0,2025-06-12 11:00:00+05:30,2025-06-12 10:45:00+05:30,2025-06-12 11:05:00+05:30,1448.6,-0.599999999999909,-0.0414364640883915,20.0,0.0,0.0,0.08,-0.5,5.0,RELIANCE,True,False
Sell,2025-06-12 11:45:00+05:30,25042.6,25044.8,25022.9,2025-06-12 12:20:00+05:30,2025-06-12 12:00:00+05:30,2025-06-12 12:20:00+05:30,25044.8,-2.200000000000728,-0.0087850303083574,35.0,0.0,0.08,0.01,-1.0,0.0,NIFTY,True,False
Sell,2025-06-12 11:55:00+05:30,56238.4,56304.45,56237.05,2025-06-12 12:20:00+05:30,2025-06-12 12:00:00+05:30,2025-06-12 12:20:00+05:30,56304.45,-66.04999999999563,-0.1174464422885352,25.0,0.0,0.0,0.12,-1.0,0.0,BANKNIFTY,True,False
Buy,2025-06-12 12:05:00+05:30,1621.4,1627.5,1621.1,2025-06-12 12:40:00+05:30,2025-06-12 12:10:00+05:30,2025-06-12 13:05:00+05:30,1622.2,0.7999999999999545,0.0493400764771157,60.0,0.0,0.38,0.02,2.67,55.0,INFY,True,False
Sell,2025-06-12 12:25:00+05:30,1447.1,1448.0,1447.1,2025-06-12 12:30:00+05:30,2025-06-12 12:25:00+05:30,2025-06-12 12:35:00+05:30,1447.1,0.0,0.0,10.0,0.0,0.0,0.06,0.0,5.0,RELIANCE,True,False
Sell,2025-06-12 12:40:00+05:30,1449.0,1449.9,1448.3,2025-06-12 12:45:00+05:30,2025-06-12 12:55:00+05:30,2025-06-12 13:05:00+05:30,1449.3,-0.2999999999999545,-0.0207039337474088,25.0,0.0,0.05,0.06,-0.33,20.0,RELIANCE,True,False
Sell,2025-06-12 13:30:00+05:30,56127.55,56127.55,55969.8,2025-06-12 13:30:00+05:30,2025-06-12 14:05:00+05:30,2025-06-12 14:20:00+05:30,56056.75,70.80000000000291,0.1261412621787391,50.0,0.0,0.28,0.0,,50.0,BANKNIFTY,True,False
Sell,2025-06-12 13:30:00+05:30,1445.4,1445.4,1434.9,2025-06-12 13:30:00+05:30,2025-06-12 14:05:00+05:30,2025-06-12 14:50:00+05:30,1441.4,4.0,0.2767400027674,80.0,0.0,0.73,0.0,,80.0,RELIANCE,True,False
Sell,2025-06-12 13:30:00+05:30,24945.1,24945.1,24831.2,2025-06-12 13:30:00+05:30,2025-06-12 14:05:00+05:30,2025-06-12 14:50:00+05:30,24896.8,48.29999999999927,0.1936252009412641,80.0,0.0,0.46,0.0,,80.0,NIFTY,True,False
Sell,2025-06-12 13:35:00+05:30,3441.1,3445.0,3425.6,2025-06-12 13:55:00+05:30,2025-06-12 14:20:00+05:30,2025-06-12 15:05:00+05:30,3434.7,6.400000000000091,0.1859870390282203,90.0,0.0,0.45,0.11,1.64,70.0,TCS,True,False
Sell,2025-06-12 14:05:00+05:30,1607.5,1614.6,1606.1,2025-06-12 14:45:00+05:30,2025-06-12 15:15:00+05:30,2025-06-12 15:15:00+05:30,1606.1,1.400000000000091,0.0870917573872529,70.0,0.0,0.09,0.44,0.2,30.0,INFY,True,False
Sell,2025-06-12 14:25:00+05:30,56090.2,56190.7,56090.2,2025-06-12 14:30:00+05:30,2025-06-12 14:25:00+05:30,2025-06-12 14:35:00+05:30,56131.45,-41.25,-0.0735422587189919,10.0,0.0,0.0,0.18,-0.41,5.0,BANKNIFTY,True,False
Sell,2025-06-13 09:15:00+05:30,55458.7,55563.3,55349.75,2025-06-13 10:35:00+05:30,2025-06-13 09:30:00+05:30,2025-06-13 10:35:00+05:30,55563.3,-104.60000000000582,-0.1886088206178757,80.0,0.0,0.2,0.19,-1.0,0.0,BANKNIFTY,True,False
Sell,2025-06-13 09:15:00+05:30,1576.3,1604.0,1576.3,2025-06-13 10:20:00+05:30,2025-06-13 09:15:00+05:30,2025-06-13 10:20:00+05:30,1604.0,-27.700000000000045,-1.7572797056397924,65.0,0.0,0.0,1.76,-1.0,0.0,INFY,True,False
Sell,2025-06-13 09:20:00+05:30,1419.8,1420.9,1416.1,2025-06-13 09:25:00+05:30,2025-06-13 10:05:00+05:30,2025-06-13 10:50:00+05:30,1419.7,0.099999999999909,0.0070432455275326,90.0,0.0,0.26,0.08,0.09,85.0,RELIANCE,True,False
Sell,2025-06-13 09:20:00+05:30,24628.45,24659.95,24586.8,2025-06-13 10:20:00+05:30,2025-06-13 09:30:00+05:30,2025-06-13 10:20:00+05:30,24659.95,-31.5,-0.1279008626202623,60.0,0.0,0.17,0.13,-1.0,0.0,NIFTY,True,False
Sell,2025-06-13 09:20:00+05:30,3413.2,3426.2,3413.2,2025-06-13 09:50:00+05:30,2025-06-13 09:20:00+05:30,2025-06-13 09:50:00+05:30,3426.2,-13.0,-0.380874252900504,30.0,0.0,0.0,0.38,-1.0,0.0,TCS,True,False
Buy,2025-06-13 12:20:00+05:30,3447.7,3448.0,3437.0,2025-06-13 12:30:00+05:30,2025-06-13 13:00:00+05:30,2025-06-13 13:05:00+05:30,3438.0,-9.699999999999818,-0.2813469849464808,45.0,0.0,0.01,0.31,-0.91,5.0,TCS,True,False
Buy,2025-06-13 14:15:00+05:30,3442.0,3445.9,3442.0,2025-06-13 14:30:00+05:30,2025-06-13 14:15:00+05:30,2025-06-13 14:35:00+05:30,3445.8,3.800000000000182,0.1104009296920447,20.0,0.0,0.11,0.0,,20.0,TCS,True,False
Buy,2025-06-13 14:40:00+05:30,3438.8,3439.5,3437.5,2025-06-13 14:45:00+05:30,2025-06-13 14:50:00+05:30,2025-06-13 14:50:00+05:30,3437.5,-1.300000000000182,-0.0378038850761946,10.0,0.0,0.02,0.04,-1.0,0.0,TCS,True,False
Buy,2025-06-13 15:10:00+05:30,3447.5,3447.6,3447.5,2025-06-13 15:15:00+05:30,2025-06-13 15:10:00+05:30,2025-06-13 15:15:00+05:30,3447.6,0.099999999999909,0.0029006526468429,5.0,0.0,0.0,0.0,,5.0,TCS,True,False
Buy,2025-06-16 09:15:00+05:30,3460.3,3504.0,3460.3,2025-06-16 11:05:00+05:30,2025-06-16 09:15:00+05:30,2025-06-16 11:35:00+05:30,3498.3,38.0,1.098170678842875,140.0,0.0,1.26,0.0,,140.0,TCS,True,False
Buy,2025-06-16 09:20:00+05:30,1610.0,1620.8,1604.6,2025-06-16 11:35:00+05:30,2025-06-16 09:45:00+05:30,2025-06-16 11:50:00+05:30,1617.0,7.0,0.4347826086956521,150.0,0.0,0.67,0.34,1.3,125.0,INFY,True,False
Buy,2025-06-16 09:35:00+05:30,24757.7,24925.55,24713.25,2025-06-16 11:05:00+05:30,2025-06-16 09:45:00+05:30,2025-06-16 11:50:00+05:30,24902.15,144.45000000000073,0.5834548443514572,135.0,0.0,0.68,0.18,3.25,125.0,NIFTY,True,False
Buy,2025-06-16 10:20:00+05:30,1430.6,1441.4,1430.6,2025-06-16 11:05:00+05:30,2025-06-16 10:20:00+05:30,2025-06-16 11:50:00+05:30,1436.5,5.900000000000091,0.4124143715923453,90.0,0.0,0.75,0.0,,90.0,RELIANCE,True,False
Buy,2025-06-16 10:50:00+05:30,55655.25,55893.55,55655.25,2025-06-16 13:05:00+05:30,2025-06-16 10:50:00+05:30,2025-06-16 13:20:00+05:30,55874.45,219.1999999999971,0.3938532303780813,150.0,0.0,0.43,0.0,,150.0,BANKNIFTY,True,False
Buy,2025-06-16 12:40:00+05:30,1625.0,1631.4,1625.0,2025-06-16 13:15:00+05:30,2025-06-16 12:40:00+05:30,2025-06-16 13:35:00+05:30,1627.6,2.599999999999909,0.1599999999999944,55.0,0.0,0.39,0.0,,55.0,INFY,True,False
Buy,2025-06-16 12:40:00+05:30,1439.7,1439.7,1437.2,2025-06-16 12:40:00+05:30,2025-06-16 12:55:00+05:30,2025-06-16 13:05:00+05:30,1438.9,-0.7999999999999545,-0.0555671320413943,25.0,0.0,0.0,0.17,-0.32,10.0,RELIANCE,True,False
Buy,2025-06-16 13:30:00+05:30,3505.4,3505.4,3504.2,2025-06-16 13:30:00+05:30,2025-06-16 13:35:00+05:30,2025-06-16 13:35:00+05:30,3504.2,-1.2000000000002728,-0.0342328978148078,5.0,0.0,0.0,0.03,-1.0,0.0,TCS,True,False
Buy,2025-06-16 13:45:00+05:30,1440.2,1440.2,1439.7,2025-06-16 13:45:00+05:30,2025-06-16 13:50:00+05:30,2025-06-16 13:50:00+05:30,1439.7,-0.5,-0.0347174003610609,5.0,0.0,0.0,0.03,-1.0,0.0,RELIANCE,True,False
Buy,2025-06-16 13:55:00+05:30,1438.7,1440.0,1438.7,2025-06-16 14:10:00+05:30,2025-06-16 13:55:00+05:30,2025-06-16 14:20:00+05:30,1439.7,1.0,0.0695071939945784,25.0,0.0,0.09,0.0,,25.0,RELIANCE,True,False
Buy,2025-06-17 09:15:00+05:30,55905.75,55913.75,55905.75,2025-06-17 09:20:00+05:30,2025-06-17 09:15:00+05:30,2025-06-17 09:20:00+05:30,55913.75,8.0,0.0143097981871274,5.0,0.0,0.01,0.0,,5.0,BANKNIFTY,True,False
Sell,2025-06-17 10:05:00+05:30,1431.4,1431.4,1426.4,2025-06-17 10:05:00+05:30,2025-06-17 11:00:00+05:30,2025-06-17 11:20:00+05:30,1430.2,1.2000000000000457,0.0838340086628507,75.0,0.0,0.35,0.0,,75.0,RELIANCE,True,False
Sell,2025-06-17 10:20:00+05:30,24877.65,24900.45,24872.25,2025-06-17 10:40:00+05:30,2025-06-17 10:25:00+05:30,2025-06-17 10:50:00+05:30,24875.75,1.9000000000014552,0.0076373773246325,30.0,0.0,0.02,0.09,0.08,10.0,NIFTY,True,False
Buy,2025-06-17 10:50:00+05:30,1632.8,1645.0,1632.8,2025-06-17 12:05:00+05:30,2025-06-17 10:50:00+05:30,2025-06-17 12:35:00+05:30,1642.7,9.900000000000093,0.606320431161201,105.0,0.0,0.75,0.0,,105.0,INFY,True,False
Buy,2025-06-17 11:35:00+05:30,3512.9,3516.7,3512.0,2025-06-17 11:45:00+05:30,2025-06-17 12:00:00+05:30,2025-06-17 12:05:00+05:30,3513.0,0.099999999999909,0.0028466509151956,30.0,0.0,0.11,0.03,0.11,5.0,TCS,True,False
Sell,2025-06-17 11:50:00+05:30,55762.95,55764.9,55656.35,2025-06-17 12:05:00+05:30,2025-06-17 13:45:00+05:30,2025-06-17 13:50:00+05:30,55690.55,72.39999999999418,0.1298353117975182,120.0,0.0,0.19,0.0,37.13,105.0,BANKNIFTY,True,False
Sell,2025-06-17 12:05:00+05:30,24868.6,24868.6,24820.9,2025-06-17 12:05:00+05:30,2025-06-17 12:50:00+05:30,2025-06-17 13:35:00+05:30,24851.0,17.599999999998545,0.0707719775138067,90.0,0.0,0.19,0.0,,90.0,NIFTY,True,False
Buy,2025-06-17 12:10:00+05:30,3511.9,3517.0,3509.3,2025-06-17 12:35:00+05:30,2025-06-17 12:50:00+05:30,2025-06-17 12:50:00+05:30,3509.3,-2.599999999999909,-0.0740339986901651,40.0,0.0,0.15,0.07,-1.0,0.0,TCS,True,False
Sell,2025-06-18 09:15:00+05:30,55639.3,55724.45,55639.3,2025-06-18 09:20:00+05:30,2025-06-18 09:15:00+05:30,2025-06-18 09:20:00+05:30,55724.45,-85.14999999999418,-0.1530393085462868,5.0,0.0,0.0,0.15,-1.0,0.0,BANKNIFTY,True,False
Sell,2025-06-18 09:15:00+05:30,1432.1,1433.8,1432.1,2025-06-18 09:20:00+05:30,2025-06-18 09:15:00+05:30,2025-06-18 09:20:00+05:30,1433.8,-1.7000000000000457,-0.118706794218284,5.0,0.0,0.0,0.12,-1.0,0.0,RELIANCE,True,False
Sell,2025-06-18 09:15:00+05:30,24830.35,24879.75,24830.35,2025-06-18 09:20:00+05:30,2025-06-18 09:15:00+05:30,2025-06-18 09:20:00+05:30,24879.75,-49.400000000001455,-0.1989500752103835,5.0,0.0,0.0,0.2,-1.0,0.0,NIFTY,True,False
Buy,2025-06-18 09:30:00+05:30,1437.4,1441.5,1435.1,2025-06-18 09:40:00+05:30,2025-06-18 10:30:00+05:30,2025-06-18 10:35:00+05:30,1435.2,-2.200000000000045,-0.153054125504386,65.0,0.0,0.29,0.16,-0.96,5.0,RELIANCE,True,False
Buy,2025-06-18 09:35:00+05:30,55885.05,55912.35,55784.45,2025-06-18 10:00:00+05:30,2025-06-18 10:50:00+05:30,2025-06-18 10:50:00+05:30,55784.45,-100.60000000000582,-0.1800123646664104,75.0,0.0,0.05,0.18,-1.0,0.0,BANKNIFTY,True,False
Buy,2025-06-18 09:35:00+05:30,24935.45,24937.8,24878.7,2025-06-18 09:40:00+05:30,2025-06-18 10:20:00+05:30,2025-06-18 10:20:00+05:30,24878.7,-56.75,-0.2275876312639234,45.0,0.0,0.01,0.23,-1.0,0.0,NIFTY,True,False
Sell,2025-06-18 10:05:00+05:30,1629.9,1633.6,1627.0,2025-06-18 10:15:00+05:30,2025-06-18 10:30:00+05:30,2025-06-18 11:05:00+05:30,1633.4,-3.5,-0.2147371004356095,60.0,0.0,0.18,0.23,-0.95,50.0,INFY,True,False
Sell,2025-06-18 10:05:00+05:30,3491.1,3494.0,3478.2,2025-06-18 10:10:00+05:30,2025-06-18 10:45:00+05:30,2025-06-18 11:35:00+05:30,3484.3,6.799999999999727,0.194781014579924,90.0,0.0,0.37,0.08,2.34,85.0,TCS,True,False
Sell,2025-06-18 11:05:00+05:30,24836.65,24837.95,24765.8,2025-06-18 11:10:00+05:30,2025-06-18 12:45:00+05:30,2025-06-18 13:05:00+05:30,24790.4,46.25,0.1862167401803383,120.0,0.0,0.29,0.01,35.58,115.0,NIFTY,True,False
Sell,2025-06-18 11:20:00+05:30,1431.3,1431.7,1426.3,2025-06-18 11:45:00+05:30,2025-06-18 12:30:00+05:30,2025-06-18 13:20:00+05:30,1430.0,1.2999999999999543,0.0908265213442293,120.0,0.0,0.35,0.03,3.25,95.0,RELIANCE,True,False
Sell,2025-06-18 11:35:00+05:30,55687.7,55793.0,55653.45,2025-06-18 12:05:00+05:30,2025-06-18 11:55:00+05:30,2025-06-18 12:05:00+05:30,55793.0,-105.30000000000292,-0.1890902299789772,30.0,0.0,0.06,0.19,-1.0,0.0,BANKNIFTY,True,False
Sell,2025-06-18 12:40:00+05:30,3470.4,3470.6,3444.8,2025-06-18 13:05:00+05:30,2025-06-18 14:25:00+05:30,2025-06-18 14:50:00+05:30,3446.0,24.40000000000009,0.7030889810972825,130.0,0.0,0.74,0.01,122.0,105.0,TCS,True,False
Sell,2025-06-18 13:55:00+05:30,55706.5,55754.3,55650.15,2025-06-18 14:30:00+05:30,2025-06-18 14:20:00+05:30,2025-06-18 14:35:00+05:30,55717.15,-10.650000000001455,-0.0191180562411952,40.0,0.0,0.1,0.09,-0.22,5.0,BANKNIFTY,True,False
Sell,2025-06-18 14:20:00+05:30,24753.45,24792.25,24753.45,2025-06-18 14:30:00+05:30,2025-06-18 14:20:00+05:30,2025-06-18 14:35:00+05:30,24785.85,-32.39999999999782,-0.1308908455184946,15.0,0.0,0.0,0.16,-0.84,5.0,NIFTY,True,False
Sell,2025-06-18 14:40:00+05:30,55751.7,55823.55,55751.7,2025-06-18 14:45:00+05:30,2025-06-18 14:40:00+05:30,2025-06-18 14:50:00+05:30,55802.7,-51.0,-0.0914770311936676,10.0,0.0,0.0,0.13,-0.71,5.0,BANKNIFTY,True,False
Buy,2025-06-18 15:05:00+05:30,55851.3,55851.3,55823.25,2025-06-18 15:05:00+05:30,2025-06-18 15:10:00+05:30,2025-06-18 15:15:00+05:30,55830.85,-20.45000000000437,-0.0366150832657509,10.0,0.0,0.0,0.05,-0.73,5.0,BANKNIFTY,True,False
Buy,2025-06-19 09:15:00+05:30,55717.6,55895.2,55717.6,2025-06-19 09:40:00+05:30,2025-06-19 09:15:00+05:30,2025-06-19 10:05:00+05:30,55793.95,76.34999999999854,0.1370303099918132,50.0,0.0,0.32,0.0,,50.0,BANKNIFTY,True,False
Sell,2025-06-19 09:20:00+05:30,3434.0,3436.9,3427.1,2025-06-19 09:45:00+05:30,2025-06-19 10:05:00+05:30,2025-06-19 10:05:00+05:30,3427.1,6.900000000000091,0.2009318578916741,45.0,0.0,0.2,0.08,2.38,20.0,TCS,True,False
Sell,2025-06-19 09:20:00+05:30,1620.9,1622.1,1612.8,2025-06-19 09:40:00+05:30,2025-06-19 10:45:00+05:30,2025-06-19 11:20:00+05:30,1617.6,3.300000000000182,0.2035905978160393,120.0,0.0,0.5,0.07,2.75,100.0,INFY,True,False
Buy,2025-06-19 09:50:00+05:30,24825.45,24842.35,24800.05,2025-06-19 09:55:00+05:30,2025-06-19 10:30:00+05:30,2025-06-19 10:35:00+05:30,24816.9,-8.549999999999272,-0.0344404633148614,45.0,0.0,0.07,0.1,-0.34,5.0,NIFTY,True,False
Buy,2025-06-19 09:50:00+05:30,1433.0,1434.0,1429.8,2025-06-19 09:55:00+05:30,2025-06-19 10:05:00+05:30,2025-06-19 10:20:00+05:30,1430.2,-2.7999999999999545,-0.1953942777390059,30.0,0.0,0.07,0.22,-0.87,15.0,RELIANCE,True,False
Sell,2025-06-19 10:10:00+05:30,3432.9,3434.0,3432.7,2025-06-19 10:15:00+05:30,2025-06-19 10:20:00+05:30,2025-06-19 10:20:00+05:30,3432.7,0.2000000000002728,0.0058259780360707,10.0,0.0,0.01,0.03,0.18,5.0,TCS,True,False
Buy,2025-06-19 10:40:00+05:30,1434.2,1436.2,1434.2,2025-06-19 11:15:00+05:30,2025-06-19 10:40:00+05:30,2025-06-19 12:05:00+05:30,1435.5,1.2999999999999543,0.0906428671036086,85.0,0.0,0.14,0.0,,85.0,RELIANCE,True,False
Sell,2025-06-19 10:45:00+05:30,3419.0,3422.1,3418.5,2025-06-19 11:00:00+05:30,2025-06-19 10:50:00+05:30,2025-06-19 11:05:00+05:30,3420.4,-1.400000000000091,-0.0409476455103858,20.0,0.0,0.01,0.09,-0.45,5.0,TCS,True,False
Sell,2025-06-19 11:05:00+05:30,55669.5,55686.85,55578.35,2025-06-19 11:30:00+05:30,2025-06-19 12:40:00+05:30,2025-06-19 13:05:00+05:30,55682.8,-13.30000000000291,-0.0238909995599078,120.0,0.0,0.16,0.03,-0.77,95.0,BANKNIFTY,True,False
Sell,2025-06-19 11:10:00+05:30,3421.7,3424.7,3421.7,2025-06-19 11:20:00+05:30,2025-06-19 11:10:00+05:30,2025-06-19 11:20:00+05:30,3424.7,-3.0,-0.0876757167489844,10.0,0.0,0.0,0.09,-1.0,0.0,TCS,True,False
Sell,2025-06-19 12:35:00+05:30,24795.05,24804.25,24782.6,2025-06-19 13:05:00+05:30,2025-06-19 12:45:00+05:30,2025-06-19 13:50:00+05:30,24799.0,-3.950000000000728,-0.0159305990510232,75.0,0.0,0.05,0.04,-0.43,45.0,NIFTY,True,False
Buy,2025-06-19 12:45:00+05:30,1437.8,1438.9,1436.5,2025-06-19 12:50:00+05:30,2025-06-19 13:05:00+05:30,2025-06-19 13:05:00+05:30,1436.5,-1.2999999999999543,-0.0904159132007201,20.0,0.0,0.08,0.09,-1.0,0.0,RELIANCE,True,False
Buy,2025-06-19 13:10:00+05:30,1434.6,1434.6,1431.8,2025-06-19 13:10:00+05:30,2025-06-19 13:20:00+05:30,2025-06-19 13:20:00+05:30,1431.8,-2.7999999999999545,-0.1951763557786111,10.0,0.0,0.0,0.2,-1.0,0.0,RELIANCE,True,False
Buy,2025-06-19 14:20:00+05:30,24830.2,24830.2,24817.2,2025-06-19 14:20:00+05:30,2025-06-19 14:25:00+05:30,2025-06-19 14:35:00+05:30,24822.0,-8.200000000000728,-0.0330243010527532,15.0,0.0,0.0,0.05,-0.63,10.0,NIFTY,True,False
Sell,2025-06-19 15:05:00+05:30,55602.35,55602.35,55561.85,2025-06-19 15:05:00+05:30,2025-06-19 15:15:00+05:30,2025-06-19 15:15:00+05:30,55561.85,40.5,0.0728386480067838,10.0,0.0,0.07,0.0,,10.0,BANKNIFTY,True,False
Sell,2025-06-20 09:15:00+05:30,55770.75,55770.75,55727.9,2025-06-20 09:15:00+05:30,2025-06-20 09:20:00+05:30,2025-06-20 09:20:00+05:30,55727.9,42.84999999999855,0.0768323897383459,5.0,0.0,0.08,0.0,,5.0,BANKNIFTY,True,False
Sell,2025-06-20 09:15:00+05:30,24859.7,24859.7,24840.4,2025-06-20 09:15:00+05:30,2025-06-20 09:20:00+05:30,2025-06-20 09:20:00+05:30,24840.4,19.299999999999272,0.077635691500699,5.0,0.0,0.08,0.0,,5.0,NIFTY,True,False
Sell,2025-06-20 09:15:00+05:30,1434.6,1435.6,1434.6,2025-06-20 09:20:00+05:30,2025-06-20 09:15:00+05:30,2025-06-20 09:20:00+05:30,1435.6,-1.0,-0.0697058413495051,5.0,0.0,0.0,0.07,-1.0,0.0,RELIANCE,True,False
Sell,2025-06-20 09:30:00+05:30,1617.8,1617.8,1614.2,2025-06-20 09:30:00+05:30,2025-06-20 09:35:00+05:30,2025-06-20 09:35:00+05:30,1614.2,3.599999999999909,0.2225244158734027,5.0,0.0,0.22,0.0,,5.0,INFY,True,False
Buy,2025-06-20 09:35:00+05:30,24836.7,25038.85,24836.7,2025-06-20 11:50:00+05:30,2025-06-20 09:35:00+05:30,2025-06-20 11:50:00+05:30,25038.85,202.14999999999785,0.8139165025949414,135.0,0.0,0.81,0.0,,135.0,NIFTY,True,False
Buy,2025-06-20 09:35:00+05:30,1436.2,1457.3,1436.2,2025-06-20 10:30:00+05:30,2025-06-20 09:35:00+05:30,2025-06-20 11:35:00+05:30,1453.9,17.700000000000045,1.2324188831639078,120.0,0.0,1.47,0.0,,120.0,RELIANCE,True,False
Sell,2025-06-20 09:50:00+05:30,1615.3,1617.0,1611.0,2025-06-20 10:20:00+05:30,2025-06-20 09:55:00+05:30,2025-06-20 10:20:00+05:30,1617.0,-1.7000000000000457,-0.105243607998517,30.0,0.0,0.27,0.11,-1.0,0.0,INFY,True,False
Buy,2025-06-20 09:50:00+05:30,55763.15,56169.05,55743.6,2025-06-20 11:35:00+05:30,2025-06-20 10:05:00+05:30,2025-06-20 12:05:00+05:30,56138.65,375.5,0.6733837668783058,135.0,0.0,0.73,0.04,19.21,120.0,BANKNIFTY,True,False
Buy,2025-06-20 12:05:00+05:30,3438.0,3444.3,3431.6,2025-06-20 13:25:00+05:30,2025-06-20 12:30:00+05:30,2025-06-20 13:35:00+05:30,3438.2,0.1999999999998181,0.0058173356602623,90.0,0.0,0.18,0.19,0.03,65.0,TCS,True,False
Buy,2025-06-20 13:20:00+05:30,25055.05,25067.2,25050.25,2025-06-20 13:25:00+05:30,2025-06-20 13:35:00+05:30,2025-06-20 13:35:00+05:30,25050.25,-4.799999999999272,-0.0191578144924846,15.0,0.0,0.05,0.02,-1.0,0.0,NIFTY,True,False
Buy,2025-06-20 13:20:00+05:30,1618.9,1621.1,1617.6,2025-06-20 13:30:00+05:30,2025-06-20 14:00:00+05:30,2025-06-20 14:20:00+05:30,1620.1,1.199999999999818,0.0741244054604866,60.0,0.0,0.14,0.08,0.92,20.0,INFY,True,False
Buy,2025-06-20 13:20:00+05:30,56196.8,56218.85,56186.2,2025-06-20 13:25:00+05:30,2025-06-20 13:35:00+05:30,2025-06-20 13:35:00+05:30,56186.2,-10.60000000000582,-0.018862283973475,15.0,0.0,0.04,0.02,-1.0,0.0,BANKNIFTY,True,False
Buy,2025-06-20 13:40:00+05:30,25047.55,25058.2,25047.55,2025-06-20 13:50:00+05:30,2025-06-20 13:40:00+05:30,2025-06-20 13:50:00+05:30,25058.2,10.650000000001455,0.0425191286173755,10.0,0.0,0.04,0.0,,10.0,NIFTY,True,False
Buy,2025-06-20 14:25:00+05:30,1618.1,1626.0,1617.3,2025-06-20 15:05:00+05:30,2025-06-20 14:50:00+05:30,2025-06-20 15:15:00+05:30,1623.2,5.100000000000136,0.3151844756195622,50.0,0.0,0.49,0.05,6.38,25.0,INFY,True,False
Buy,2025-06-20 15:05:00+05:30,1465.9,1468.4,1465.9,2025-06-20 15:15:00+05:30,2025-06-20 15:05:00+05:30,2025-06-20 15:15:00+05:30,1468.4,2.5,0.1705436932942219,10.0,0.0,0.17,0.0,,10.0,RELIANCE,True,False
Buy,2025-06-23 09:15:00+05:30,1588.0,1592.0,1588.0,2025-06-23 09:20:00+05:30,2025-06-23 09:15:00+05:30,2025-06-23 09:20:00+05:30,1592.0,4.0,0.2518891687657431,5.0,0.0,0.25,0.0,,5.0,INFY,True,False
Buy,2025-06-23 09:15:00+05:30,1451.4,1451.4,1451.0,2025-06-23 09:15:00+05:30,2025-06-23 09:20:00+05:30,2025-06-23 09:20:00+05:30,1451.0,-0.4000000000000909,-0.0275595976298808,5.0,0.0,0.0,0.03,-1.0,0.0,RELIANCE,True,False
Sell,2025-06-23 09:20:00+05:30,3399.5,3399.5,3371.8,2025-06-23 09:20:00+05:30,2025-06-23 10:00:00+05:30,2025-06-23 10:50:00+05:30,3386.0,13.5,0.3971172231210472,90.0,0.0,0.81,0.0,,90.0,TCS,True,False
Sell,2025-06-23 09:25:00+05:30,1589.6,1589.6,1576.4,2025-06-23 09:25:00+05:30,2025-06-23 10:00:00+05:30,2025-06-23 10:50:00+05:30,1585.4,4.199999999999818,0.2642174131856957,85.0,0.0,0.83,0.0,,85.0,INFY,True,False
Sell,2025-06-23 09:50:00+05:30,24867.35,24903.75,24829.2,2025-06-23 10:30:00+05:30,2025-06-23 10:00:00+05:30,2025-06-23 10:35:00+05:30,24903.35,-36.0,-0.1447681397495109,45.0,0.0,0.15,0.15,-0.99,5.0,NIFTY,True,False
Sell,2025-06-23 09:50:00+05:30,55842.6,55933.0,55801.25,2025-06-23 10:45:00+05:30,2025-06-23 10:00:00+05:30,2025-06-23 10:50:00+05:30,55929.85,-87.25,-0.1562427250880152,60.0,0.0,0.07,0.16,-0.97,5.0,BANKNIFTY,True,False
Sell,2025-06-23 10:05:00+05:30,1446.3,1449.5,1446.3,2025-06-23 10:45:00+05:30,2025-06-23 10:05:00+05:30,2025-06-23 11:05:00+05:30,1448.7,-2.400000000000091,-0.1659406762082618,60.0,0.0,0.0,0.22,-0.75,20.0,RELIANCE,True,False
Buy,2025-06-23 12:20:00+05:30,1454.6,1462.2,1454.1,2025-06-23 14:00:00+05:30,2025-06-23 12:30:00+05:30,2025-06-23 14:20:00+05:30,1456.9,2.300000000000182,0.1581190705348674,120.0,0.0,0.52,0.03,4.6,110.0,RELIANCE,True,False
Sell,2025-06-23 12:30:00+05:30,3384.1,3385.2,3384.1,2025-06-23 12:35:00+05:30,2025-06-23 12:30:00+05:30,2025-06-23 12:35:00+05:30,3385.2,-1.099999999999909,-0.0325049496173254,5.0,0.0,0.0,0.03,-1.0,0.0,TCS,True,False
Sell,2025-06-23 12:40:00+05:30,3384.8,3387.1,3384.8,2025-06-23 12:50:00+05:30,2025-06-23 12:40:00+05:30,2025-06-23 12:50:00+05:30,3387.1,-2.299999999999727,-0.0679508390451349,10.0,0.0,0.0,0.07,-1.0,0.0,TCS,True,False
Sell,2025-06-23 12:55:00+05:30,3387.2,3387.2,3386.1,2025-06-23 12:55:00+05:30,2025-06-23 13:00:00+05:30,2025-06-23 13:05:00+05:30,3386.9,0.2999999999997271,0.0088568729333882,10.0,0.0,0.03,0.0,,10.0,TCS,True,False
Buy,2025-06-23 13:20:00+05:30,56104.85,56205.15,56043.5,2025-06-23 14:00:00+05:30,2025-06-23 14:20:00+05:30,2025-06-23 14:20:00+05:30,56043.5,-61.34999999999855,-0.1093488352611201,60.0,0.0,0.18,0.11,-1.0,0.0,BANKNIFTY,True,False
Buy,2025-06-23 13:20:00+05:30,25021.55,25048.75,24980.55,2025-06-23 14:00:00+05:30,2025-06-23 14:35:00+05:30,2025-06-23 14:35:00+05:30,24980.55,-41.0,-0.1638587537542638,75.0,0.0,0.11,0.16,-1.0,0.0,NIFTY,True,False
Buy,2025-06-24 09:20:00+05:30,1469.4,1470.4,1464.3,2025-06-24 10:10:00+05:30,2025-06-24 09:45:00+05:30,2025-06-24 10:35:00+05:30,1467.2,-2.200000000000045,-0.1497209745474374,75.0,0.0,0.07,0.35,-0.43,50.0,RELIANCE,True,False
Buy,2025-06-24 09:20:00+05:30,56684.05,56684.05,56510.45,2025-06-24 09:20:00+05:30,2025-06-24 09:45:00+05:30,2025-06-24 10:50:00+05:30,56591.2,-92.85000000000582,-0.1638026922917572,90.0,0.0,0.0,0.31,-0.53,65.0,BANKNIFTY,True,False
Buy,2025-06-24 09:20:00+05:30,3430.8,3435.9,3419.3,2025-06-24 10:15:00+05:30,2025-06-24 09:45:00+05:30,2025-06-24 10:50:00+05:30,3427.2,-3.600000000000364,-0.1049317943336937,90.0,0.0,0.15,0.34,-0.31,65.0,TCS,True,False
Buy,2025-06-24 09:20:00+05:30,25228.5,25264.15,25138.15,2025-06-24 11:05:00+05:30,2025-06-24 09:45:00+05:30,2025-06-24 11:05:00+05:30,25264.15,35.650000000001455,0.141308440850631,105.0,0.0,0.14,0.36,0.39,80.0,NIFTY,True,False
Buy,2025-06-24 10:05:00+05:30,1595.3,1602.0,1595.3,2025-06-24 10:25:00+05:30,2025-06-24 10:05:00+05:30,2025-06-24 11:05:00+05:30,1596.7,1.400000000000091,0.0877577885037354,60.0,0.0,0.42,0.0,,60.0,INFY,True,False
Buy,2025-06-24 11:35:00+05:30,1470.1,1471.9,1470.1,2025-06-24 11:40:00+05:30,2025-06-24 11:35:00+05:30,2025-06-24 12:05:00+05:30,1471.5,1.400000000000091,0.0952316168968159,30.0,0.0,0.12,0.0,,30.0,RELIANCE,True,False
Buy,2025-06-24 11:45:00+05:30,56766.75,56845.45,56766.75,2025-06-24 12:05:00+05:30,2025-06-24 11:45:00+05:30,2025-06-24 12:05:00+05:30,56845.45,78.69999999999709,0.1386374946601612,20.0,0.0,0.14,0.0,,20.0,BANKNIFTY,True,False
Buy,2025-06-24 12:10:00+05:30,1602.0,1603.9,1601.3,2025-06-24 12:25:00+05:30,2025-06-24 12:35:00+05:30,2025-06-24 12:35:00+05:30,1601.3,-0.7000000000000455,-0.0436953807740353,25.0,0.0,0.12,0.04,-1.0,0.0,INFY,True,False
Buy,2025-06-24 12:40:00+05:30,1594.9,1604.4,1594.9,2025-06-24 12:50:00+05:30,2025-06-24 12:40:00+05:30,2025-06-24 13:05:00+05:30,1600.2,5.2999999999999545,0.332309235688755,25.0,0.0,0.6,0.0,,25.0,INFY,True,False
Sell,2025-06-24 13:20:00+05:30,1456.3,1457.0,1444.6,2025-06-24 13:25:00+05:30,2025-06-24 14:25:00+05:30,2025-06-24 15:05:00+05:30,1450.5,5.7999999999999545,0.3982695873103038,105.0,0.0,0.8,0.05,8.29,100.0,RELIANCE,True,False
Sell,2025-06-24 13:35:00+05:30,3393.1,3395.1,3386.5,2025-06-24 13:55:00+05:30,2025-06-24 14:20:00+05:30,2025-06-24 15:05:00+05:30,3391.5,1.599999999999909,0.0471545194659723,90.0,0.0,0.19,0.06,0.8,70.0,TCS,True,False
Sell,2025-06-24 13:35:00+05:30,1585.5,1585.8,1579.6,2025-06-24 13:50:00+05:30,2025-06-24 15:00:00+05:30,2025-06-24 15:15:00+05:30,1584.1,1.400000000000091,0.0883002207505576,100.0,0.0,0.37,0.02,4.67,85.0,INFY,True,False
Sell,2025-06-24 13:50:00+05:30,25082.0,25083.75,25027.35,2025-06-24 13:55:00+05:30,2025-06-24 15:00:00+05:30,2025-06-24 15:15:00+05:30,25055.0,27.0,0.1076469181086037,85.0,0.0,0.22,0.01,15.43,80.0,NIFTY,True,False
Sell,2025-06-24 14:20:00+05:30,56392.5,56472.5,56392.5,2025-06-24 14:50:00+05:30,2025-06-24 14:20:00+05:30,2025-06-24 14:50:00+05:30,56472.5,-80.0,-0.1418628363700846,30.0,0.0,0.0,0.14,-1.0,0.0,BANKNIFTY,True,False
Buy,2025-06-25 09:50:00+05:30,25187.35,25214.65,25173.9,2025-06-25 11:30:00+05:30,2025-06-25 10:10:00+05:30,2025-06-25 11:50:00+05:30,25209.7,22.350000000002183,0.0887350197619129,120.0,0.0,0.11,0.05,1.66,100.0,NIFTY,True,False
Buy,2025-06-25 09:50:00+05:30,1600.3,1619.5,1596.8,2025-06-25 13:25:00+05:30,2025-06-25 10:10:00+05:30,2025-06-25 13:50:00+05:30,1616.7,16.40000000000009,1.024807848528407,240.0,0.0,1.2,0.22,4.69,220.0,INFY,True,False
Buy,2025-06-25 09:50:00+05:30,1466.4,1470.7,1466.4,2025-06-25 11:05:00+05:30,2025-06-25 09:50:00+05:30,2025-06-25 11:35:00+05:30,1470.3,3.899999999999864,0.2659574468085013,105.0,0.0,0.29,0.0,,105.0,RELIANCE,True,False
Buy,2025-06-25 10:20:00+05:30,3415.0,3417.2,3409.4,2025-06-25 11:30:00+05:30,2025-06-25 10:40:00+05:30,2025-06-25 11:50:00+05:30,3415.0,0.0,0.0,90.0,0.0,0.06,0.16,0.0,70.0,TCS,True,False
Buy,2025-06-25 10:35:00+05:30,56622.65,56643.25,56589.05,2025-06-25 10:50:00+05:30,2025-06-25 11:05:00+05:30,2025-06-25 11:05:00+05:30,56589.05,-33.599999999998545,-0.0593402110286229,30.0,0.0,0.04,0.06,-1.0,0.0,BANKNIFTY,True,False
Buy,2025-06-25 13:10:00+05:30,25240.4,25258.7,25230.5,2025-06-25 13:25:00+05:30,2025-06-25 13:15:00+05:30,2025-06-25 13:50:00+05:30,25241.15,0.75,0.0029714267602732,40.0,0.0,0.07,0.04,0.08,35.0,NIFTY,True,False
Buy,2025-06-25 13:10:00+05:30,3425.0,3448.0,3420.6,2025-06-25 15:15:00+05:30,2025-06-25 13:15:00+05:30,2025-06-25 15:15:00+05:30,3448.0,23.0,0.6715328467153284,125.0,0.0,0.67,0.13,5.23,120.0,TCS,True,False
Buy,2025-06-25 13:55:00+05:30,25236.05,25243.95,25226.6,2025-06-25 14:05:00+05:30,2025-06-25 14:00:00+05:30,2025-06-25 14:05:00+05:30,25243.95,7.900000000001455,0.0313044236320718,10.0,0.0,0.03,0.04,0.84,5.0,NIFTY,True,False
Buy,2025-06-26 09:15:00+05:30,3440.8,3443.3,3440.8,2025-06-26 09:20:00+05:30,2025-06-26 09:15:00+05:30,2025-06-26 09:20:00+05:30,3443.3,2.5,0.0726575215066263,5.0,0.0,0.07,0.0,,5.0,TCS,True,False
Buy,2025-06-26 09:20:00+05:30,25331.75,25418.35,25331.75,2025-06-26 10:00:00+05:30,2025-06-26 09:20:00+05:30,2025-06-26 10:35:00+05:30,25370.0,38.25,0.1509962793727239,75.0,0.0,0.34,0.0,,75.0,NIFTY,True,False
Buy,2025-06-26 09:35:00+05:30,56734.15,56777.45,56694.9,2025-06-26 09:55:00+05:30,2025-06-26 10:05:00+05:30,2025-06-26 10:05:00+05:30,56694.9,-39.25,-0.069182317880853,30.0,0.0,0.08,0.07,-1.0,0.0,BANKNIFTY,True,False
Buy,2025-06-26 09:35:00+05:30,1476.5,1487.7,1475.0,2025-06-26 10:05:00+05:30,2025-06-26 09:40:00+05:30,2025-06-26 11:35:00+05:30,1483.2,6.7000000000000455,0.4537758211987839,120.0,0.0,0.76,0.1,4.47,115.0,RELIANCE,True,False
Buy,2025-06-26 10:10:00+05:30,56695.7,56695.7,56665.0,2025-06-26 10:10:00+05:30,2025-06-26 10:15:00+05:30,2025-06-26 10:20:00+05:30,56685.75,-9.94999999999709,-0.0175498318214557,10.0,0.0,0.0,0.05,-0.32,5.0,BANKNIFTY,True,False
Buy,2025-06-26 12:05:00+05:30,56933.65,56997.75,56817.95,2025-06-26 12:10:00+05:30,2025-06-26 12:50:00+05:30,2025-06-26 13:05:00+05:30,56862.1,-71.55000000000291,-0.1256726031090627,60.0,0.0,0.11,0.2,-0.62,15.0,BANKNIFTY,True,False
Buy,2025-06-26 12:05:00+05:30,25381.2,25406.9,25358.45,2025-06-26 12:25:00+05:30,2025-06-26 12:50:00+05:30,2025-06-26 12:50:00+05:30,25358.45,-22.75,-0.0896332718705183,45.0,0.0,0.1,0.09,-1.0,0.0,NIFTY,True,False
Buy,2025-06-26 12:40:00+05:30,1485.7,1485.7,1485.3,2025-06-26 12:40:00+05:30,2025-06-26 12:50:00+05:30,2025-06-26 12:50:00+05:30,1485.3,-0.4000000000000909,-0.0269233358013119,10.0,0.0,0.0,0.03,-1.0,0.0,RELIANCE,True,False
Buy,2025-06-26 12:55:00+05:30,1484.4,1484.9,1484.3,2025-06-26 13:00:00+05:30,2025-06-26 13:05:00+05:30,2025-06-26 13:05:00+05:30,1484.3,-0.1000000000001364,-0.0067367286445793,10.0,0.0,0.03,0.01,-1.0,0.0,RELIANCE,True,False
Buy,2025-06-26 13:20:00+05:30,1486.7,1496.8,1486.7,2025-06-26 13:55:00+05:30,2025-06-26 13:20:00+05:30,2025-06-26 14:20:00+05:30,1491.7,5.0,0.3363153292527073,60.0,0.0,0.68,0.0,,60.0,RELIANCE,True,False
Buy,2025-06-26 13:20:00+05:30,25408.65,25560.25,25400.4,2025-06-26 15:00:00+05:30,2025-06-26 13:25:00+05:30,2025-06-26 15:15:00+05:30,25541.5,132.84999999999854,0.5228534377072317,115.0,0.0,0.6,0.03,16.1,110.0,NIFTY,True,False
Buy,2025-06-26 13:50:00+05:30,57010.95,57235.4,57010.95,2025-06-26 15:00:00+05:30,2025-06-26 13:50:00+05:30,2025-06-26 15:15:00+05:30,57172.35,161.40000000000146,0.2831035090627352,85.0,0.0,0.39,0.0,,85.0,BANKNIFTY,True,False
Buy,2025-06-26 13:55:00+05:30,3444.6,3444.6,3438.6,2025-06-26 13:55:00+05:30,2025-06-26 14:20:00+05:30,2025-06-26 14:20:00+05:30,3438.6,-6.0,-0.1741856819369447,25.0,0.0,0.0,0.17,-1.0,0.0,TCS,True,False
Buy,2025-06-26 14:05:00+05:30,1620.1,1621.4,1615.7,2025-06-26 14:15:00+05:30,2025-06-26 15:05:00+05:30,2025-06-26 15:05:00+05:30,1615.7,-4.399999999999864,-0.2715881735695243,60.0,0.0,0.08,0.27,-1.0,0.0,INFY,True,False
Buy,2025-06-26 14:25:00+05:30,1490.6,1490.7,1489.4,2025-06-26 14:30:00+05:30,2025-06-26 14:35:00+05:30,2025-06-26 14:35:00+05:30,1489.4,-1.199999999999818,-0.0805044948342827,10.0,0.0,0.01,0.08,-1.0,0.0,RELIANCE,True,False
Buy,2025-06-26 15:10:00+05:30,3445.1,3445.1,3441.8,2025-06-26 15:10:00+05:30,2025-06-26 15:15:00+05:30,2025-06-26 15:15:00+05:30,3441.8,-3.299999999999727,-0.0957882209514884,5.0,0.0,0.0,0.1,-1.0,0.0,TCS,True,False
Buy,2025-06-26 15:10:00+05:30,1494.6,1494.6,1494.2,2025-06-26 15:10:00+05:30,2025-06-26 15:15:00+05:30,2025-06-26 15:15:00+05:30,1494.2,-0.3999999999998636,-0.0267630135153126,5.0,0.0,0.0,0.03,-1.0,0.0,RELIANCE,True,False
Buy,2025-06-27 09:15:00+05:30,3450.8,3462.7,3450.4,2025-06-27 09:25:00+05:30,2025-06-27 10:20:00+05:30,2025-06-27 10:20:00+05:30,3450.4,-0.4000000000000909,-0.0115915150110145,65.0,0.0,0.34,0.01,-1.0,0.0,TCS,True,False
Buy,2025-06-27 09:15:00+05:30,1503.2,1518.4,1498.4,2025-06-27 12:15:00+05:30,2025-06-27 09:40:00+05:30,2025-06-27 12:35:00+05:30,1518.0,14.799999999999956,0.984566258648214,200.0,0.0,1.01,0.32,3.08,175.0,RELIANCE,True,False
Buy,2025-06-27 09:20:00+05:30,25587.4,25587.4,25538.6,2025-06-27 09:20:00+05:30,2025-06-27 09:25:00+05:30,2025-06-27 09:35:00+05:30,25560.35,-27.05000000000291,-0.1057160946403421,15.0,0.0,0.0,0.19,-0.55,10.0,NIFTY,True,False
Buy,2025-06-27 09:35:00+05:30,1624.9,1626.1,1620.3,2025-06-27 09:50:00+05:30,2025-06-27 10:20:00+05:30,2025-06-27 10:20:00+05:30,1620.3,-4.600000000000136,-0.2830943442673479,45.0,0.0,0.07,0.28,-1.0,0.0,INFY,True,False
Buy,2025-06-27 10:50:00+05:30,57307.95,57364.95,57268.0,2025-06-27 12:15:00+05:30,2025-06-27 11:15:00+05:30,2025-06-27 12:20:00+05:30,57330.45,22.5,0.0392615684211352,90.0,0.0,0.1,0.07,0.56,65.0,BANKNIFTY,True,False
Buy,2025-06-27 11:00:00+05:30,25601.95,25606.85,25596.55,2025-06-27 11:20:00+05:30,2025-06-27 11:15:00+05:30,2025-06-27 11:20:00+05:30,25606.85,4.899999999997817,0.0191391671337449,20.0,0.0,0.02,0.02,0.91,5.0,NIFTY,True,False
Buy,2025-06-27 11:25:00+05:30,25601.15,25604.65,25598.5,2025-06-27 11:35:00+05:30,2025-06-27 11:30:00+05:30,2025-06-27 11:35:00+05:30,25604.65,3.5,0.0136712608613284,10.0,0.0,0.01,0.01,1.32,5.0,NIFTY,True,False
Sell,2025-06-27 11:50:00+05:30,1615.2,1615.7,1612.6,2025-06-27 11:55:00+05:30,2025-06-27 13:15:00+05:30,2025-06-27 13:20:00+05:30,1613.2,2.0,0.1238236750866765,90.0,0.0,0.16,0.03,4.0,85.0,INFY,True,False
Sell,2025-06-27 13:25:00+05:30,1614.4,1614.4,1604.1,2025-06-27 13:25:00+05:30,2025-06-27 14:50:00+05:30,2025-06-27 15:05:00+05:30,1607.7,6.7000000000000455,0.4150148662041653,100.0,0.0,0.64,0.0,,100.0,INFY,True,False
Sell,2025-06-27 13:35:00+05:30,3432.5,3440.2,3432.5,2025-06-27 14:20:00+05:30,2025-06-27 13:35:00+05:30,2025-06-27 14:35:00+05:30,3438.1,-5.599999999999909,-0.1631463947560061,60.0,0.0,0.0,0.22,-0.73,15.0,TCS,True,False
Sell,2025-06-30 09:35:00+05:30,1599.8,1604.1,1594.3,2025-06-30 10:15:00+05:30,2025-06-30 09:50:00+05:30,2025-06-30 10:20:00+05:30,1601.3,-1.5,-0.0937617202150268,45.0,0.0,0.34,0.27,-0.35,5.0,INFY,True,False
Sell,2025-06-30 09:55:00+05:30,3437.8,3443.3,3437.8,2025-06-30 10:15:00+05:30,2025-06-30 09:55:00+05:30,2025-06-30 10:20:00+05:30,3443.2,-5.399999999999636,-0.1570772005352154,25.0,0.0,0.0,0.16,-0.98,5.0,TCS,True,False
Sell,2025-06-30 10:20:00+05:30,25566.15,25566.15,25541.1,2025-06-30 10:20:00+05:30,2025-06-30 10:45:00+05:30,2025-06-30 11:35:00+05:30,25557.0,9.150000000001455,0.0357895107397924,75.0,0.0,0.1,0.0,,75.0,NIFTY,True,False
Sell,2025-06-30 10:25:00+05:30,3443.2,3443.2,3439.5,2025-06-30 10:25:00+05:30,2025-06-30 10:30:00+05:30,2025-06-30 10:35:00+05:30,3442.1,1.099999999999909,0.0319470260223021,10.0,0.0,0.11,0.0,,10.0,TCS,True,False
Sell,2025-06-30 10:40:00+05:30,3444.2,3452.0,3444.2,2025-06-30 10:50:00+05:30,2025-06-30 10:40:00+05:30,2025-06-30 10:50:00+05:30,3452.0,-7.800000000000182,-0.2264676848034429,10.0,0.0,0.0,0.23,-1.0,0.0,TCS,True,False
Buy,2025-06-30 10:55:00+05:30,3451.2,3459.9,3445.1,2025-06-30 12:20:00+05:30,2025-06-30 11:10:00+05:30,2025-06-30 12:50:00+05:30,3457.9,6.700000000000273,0.1941353732035313,115.0,0.0,0.25,0.18,1.1,100.0,TCS,True,False
Sell,2025-06-30 12:35:00+05:30,1509.0,1509.9,1497.4,2025-06-30 12:45:00+05:30,2025-06-30 14:15:00+05:30,2025-06-30 14:35:00+05:30,1499.5,9.5,0.629555997349238,120.0,0.0,0.77,0.06,10.56,110.0,RELIANCE,True,False
Sell,2025-06-30 12:45:00+05:30,25552.7,25552.7,25480.45,2025-06-30 12:45:00+05:30,2025-06-30 14:15:00+05:30,2025-06-30 14:35:00+05:30,25491.9,60.79999999999927,0.2379396306456823,110.0,0.0,0.28,0.0,,110.0,NIFTY,True,False
Sell,2025-06-30 13:50:00+05:30,57281.35,57307.7,57218.35,2025-06-30 14:50:00+05:30,2025-06-30 14:30:00+05:30,2025-06-30 14:50:00+05:30,57307.7,-26.349999999998545,-0.0460010108001968,60.0,0.0,0.11,0.05,-1.0,0.0,BANKNIFTY,True,False
Buy,2025-06-30 14:05:00+05:30,1607.6,1607.6,1604.7,2025-06-30 14:05:00+05:30,2025-06-30 14:20:00+05:30,2025-06-30 14:35:00+05:30,1604.7,-2.899999999999864,-0.1803931326200462,30.0,0.0,0.0,0.18,-1.0,15.0,INFY,True,False
Buy,2025-06-30 14:10:00+05:30,3459.2,3459.2,3456.2,2025-06-30 14:10:00+05:30,2025-06-30 14:15:00+05:30,2025-06-30 14:20:00+05:30,3456.2,-3.0,-0.0867252543940795,10.0,0.0,0.0,0.09,-1.0,5.0,TCS,True,False
Sell,2025-06-30 15:05:00+05:30,1600.2,1601.0,1600.2,2025-06-30 15:15:00+05:30,2025-06-30 15:05:00+05:30,2025-06-30 15:15:00+05:30,1601.0,-0.7999999999999545,-0.0499937507811495,10.0,0.0,0.0,0.05,-1.0,0.0,INFY,True,False
Buy,2025-06-30 15:05:00+05:30,3461.1,3463.5,3461.1,2025-06-30 15:10:00+05:30,2025-06-30 15:05:00+05:30,2025-06-30 15:15:00+05:30,3462.3,1.2000000000002728,0.0346710583340635,10.0,0.0,0.07,0.0,,10.0,TCS,True,False
Sell,2025-07-01 09:15:00+05:30,1601.5,1603.0,1601.5,2025-07-01 09:20:00+05:30,2025-07-01 09:15:00+05:30,2025-07-01 09:20:00+05:30,1603.0,-1.5,-0.0936621916952856,5.0,0.0,0.0,0.09,-1.0,0.0,INFY,True,False
Buy,2025-07-01 09:15:00+05:30,3452.3,3477.5,3452.3,2025-07-01 09:30:00+05:30,2025-07-01 09:15:00+05:30,2025-07-01 09:50:00+05:30,3454.9,2.599999999999909,0.0753121107667325,35.0,0.0,0.73,0.0,,35.0,TCS,True,False
Buy,2025-07-01 09:35:00+05:30,1612.4,1612.4,1603.5,2025-07-01 09:35:00+05:30,2025-07-01 10:05:00+05:30,2025-07-01 10:05:00+05:30,1603.5,-8.900000000000091,-0.5519722153311889,30.0,0.0,0.0,0.55,-1.0,0.0,INFY,True,False
Buy,2025-07-01 09:50:00+05:30,25560.7,25569.6,25547.0,2025-07-01 09:55:00+05:30,2025-07-01 10:05:00+05:30,2025-07-01 10:05:00+05:30,25547.0,-13.700000000000728,-0.0535979061606322,15.0,0.0,0.03,0.05,-1.0,0.0,NIFTY,True,False
Buy,2025-07-01 09:50:00+05:30,1514.5,1522.4,1511.7,2025-07-01 11:20:00+05:30,2025-07-01 10:00:00+05:30,2025-07-01 11:35:00+05:30,1521.3,6.7999999999999545,0.4489930670188151,105.0,0.0,0.52,0.18,2.43,95.0,RELIANCE,True,False
Sell,2025-07-01 09:55:00+05:30,57295.5,57295.5,57181.3,2025-07-01 09:55:00+05:30,2025-07-01 10:55:00+05:30,2025-07-01 11:20:00+05:30,57214.6,80.90000000000146,0.1411978253091454,85.0,0.0,0.2,0.0,,85.0,BANKNIFTY,True,False
Buy,2025-07-01 10:10:00+05:30,25531.3,25553.4,25527.0,2025-07-01 10:35:00+05:30,2025-07-01 10:20:00+05:30,2025-07-01 10:50:00+05:30,25533.8,2.5,0.0097919024883182,40.0,0.0,0.09,0.02,0.58,30.0,NIFTY,True,False
Buy,2025-07-01 10:30:00+05:30,1610.1,1611.3,1608.4,2025-07-01 10:40:00+05:30,2025-07-01 11:05:00+05:30,2025-07-01 11:05:00+05:30,1608.4,-1.699999999999818,-0.1055835041301669,35.0,0.0,0.07,0.11,-1.0,0.0,INFY,True,False
Sell,2025-07-01 10:35:00+05:30,3453.5,3453.5,3439.0,2025-07-01 10:35:00+05:30,2025-07-01 12:05:00+05:30,2025-07-01 12:20:00+05:30,3440.0,13.5,0.3909077747212972,105.0,0.0,0.42,0.0,,105.0,TCS,True,False
Buy,2025-07-01 11:20:00+05:30,1610.5,1610.5,1607.1,2025-07-01 11:20:00+05:30,2025-07-01 11:35:00+05:30,2025-07-01 11:35:00+05:30,1607.1,-3.400000000000091,-0.2111145606954418,15.0,0.0,0.0,0.21,-1.0,0.0,INFY,True,False
Sell,2025-07-01 11:50:00+05:30,25514.75,25518.5,25514.75,2025-07-01 12:05:00+05:30,2025-07-01 11:50:00+05:30,2025-07-01 12:05:00+05:30,25518.5,-3.75,-0.0146973809267188,15.0,0.0,0.0,0.01,-1.0,0.0,NIFTY,True,False
Sell,2025-07-01 12:10:00+05:30,25524.4,25541.4,25524.4,2025-07-01 12:20:00+05:30,2025-07-01 12:10:00+05:30,2025-07-01 12:20:00+05:30,25541.4,-17.0,-0.0666029367977308,10.0,0.0,0.0,0.07,-1.0,0.0,NIFTY,True,False
Buy,2025-07-01 12:30:00+05:30,1529.5,1531.4,1527.3,2025-07-01 12:35:00+05:30,2025-07-01 13:20:00+05:30,2025-07-01 13:20:00+05:30,1527.3,-2.200000000000045,-0.143837855508339,50.0,0.0,0.12,0.14,-1.0,0.0,RELIANCE,True,False
Buy,2025-07-01 12:35:00+05:30,57384.0,57530.35,57363.95,2025-07-01 14:10:00+05:30,2025-07-01 12:40:00+05:30,2025-07-01 14:35:00+05:30,57449.0,65.0,0.1132719921929457,120.0,0.0,0.26,0.03,3.24,115.0,BANKNIFTY,True,False
Buy,2025-07-01 12:50:00+05:30,1608.1,1609.0,1607.5,2025-07-01 12:55:00+05:30,2025-07-01 13:05:00+05:30,2025-07-01 13:05:00+05:30,1607.5,-0.599999999999909,-0.0373111124929985,15.0,0.0,0.06,0.04,-1.0,0.0,INFY,True,False
Buy,2025-07-01 13:20:00+05:30,1608.2,1608.2,1605.4,2025-07-01 13:20:00+05:30,2025-07-01 13:30:00+05:30,2025-07-01 13:35:00+05:30,1606.0,-2.200000000000045,-0.1367989056087579,15.0,0.0,0.0,0.17,-0.79,5.0,INFY,True,False
Sell,2025-07-01 13:35:00+05:30,3430.7,3430.7,3416.8,2025-07-01 13:35:00+05:30,2025-07-01 14:20:00+05:30,2025-07-01 14:50:00+05:30,3423.9,6.799999999999727,0.1982102777858666,75.0,0.0,0.41,0.0,,75.0,TCS,True,False
Sell,2025-07-01 13:40:00+05:30,1604.1,1606.5,1604.0,2025-07-01 14:20:00+05:30,2025-07-01 13:45:00+05:30,2025-07-01 14:20:00+05:30,1606.5,-2.400000000000091,-0.1496166074434319,40.0,0.0,0.01,0.15,-1.0,0.0,INFY,True,False
Buy,2025-07-01 14:10:00+05:30,25551.85,25551.85,25528.8,2025-07-01 14:10:00+05:30,2025-07-01 14:35:00+05:30,2025-07-01 14:35:00+05:30,25528.8,-23.049999999999272,-0.090208732440114,25.0,0.0,0.0,0.09,-1.0,0.0,NIFTY,True,False
Buy,2025-07-01 14:50:00+05:30,1608.1,1608.9,1607.6,2025-07-01 15:15:00+05:30,2025-07-01 14:55:00+05:30,2025-07-01 15:15:00+05:30,1608.9,0.8000000000001819,0.0497481499906835,25.0,0.0,0.05,0.03,1.6,20.0,INFY,True,False
Buy,2025-07-01 15:05:00+05:30,25543.6,25549.05,25537.25,2025-07-01 15:15:00+05:30,2025-07-01 15:10:00+05:30,2025-07-01 15:15:00+05:30,25549.05,5.450000000000728,0.0213360685259741,10.0,0.0,0.02,0.02,0.86,5.0,NIFTY,True,False
Sell,2025-07-02 09:15:00+05:30,1637.9,1640.1,1637.9,2025-07-02 09:20:00+05:30,2025-07-02 09:15:00+05:30,2025-07-02 09:20:00+05:30,1640.1,-2.199999999999818,-0.1343183344526416,5.0,0.0,0.0,0.13,-1.0,0.0,INFY,True,False
Buy,2025-07-02 09:15:00+05:30,25590.8,25590.8,25546.65,2025-07-02 09:15:00+05:30,2025-07-02 09:30:00+05:30,2025-07-02 09:35:00+05:30,25556.0,-34.79999999999927,-0.1359863701017525,20.0,0.0,0.0,0.17,-0.79,5.0,NIFTY,True,False
Buy,2025-07-02 09:25:00+05:30,1636.5,1647.1,1628.2,2025-07-02 09:45:00+05:30,2025-07-02 10:20:00+05:30,2025-07-02 10:20:00+05:30,1628.2,-8.299999999999955,-0.5071799572257839,55.0,0.0,0.65,0.51,-1.0,0.0,INFY,True,False
Buy,2025-07-02 09:35:00+05:30,3468.8,3483.8,3446.9,2025-07-02 09:45:00+05:30,2025-07-02 10:35:00+05:30,2025-07-02 10:35:00+05:30,3446.9,-21.90000000000009,-0.6313422509225118,60.0,0.0,0.43,0.63,-1.0,0.0,TCS,True,False
Buy,2025-07-02 09:40:00+05:30,25535.9,25543.65,25535.9,2025-07-02 09:45:00+05:30,2025-07-02 09:40:00+05:30,2025-07-02 09:50:00+05:30,25540.5,4.599999999998545,0.0180138550041257,10.0,0.0,0.03,0.0,,10.0,NIFTY,True,False
Sell,2025-07-02 09:50:00+05:30,57244.8,57271.4,57137.05,2025-07-02 10:25:00+05:30,2025-07-02 12:15:00+05:30,2025-07-02 12:20:00+05:30,57161.5,83.30000000000291,0.1455154005254676,150.0,0.0,0.19,0.05,3.13,115.0,BANKNIFTY,True,False
Sell,2025-07-02 10:20:00+05:30,25518.85,25523.55,25474.0,2025-07-02 10:25:00+05:30,2025-07-02 11:05:00+05:30,2025-07-02 12:05:00+05:30,25498.25,20.599999999998545,0.0807246408047327,105.0,0.0,0.18,0.02,4.38,100.0,NIFTY,True,False
Sell,2025-07-02 11:15:00+05:30,1517.9,1519.6,1515.1,2025-07-02 11:25:00+05:30,2025-07-02 11:55:00+05:30,2025-07-02 12:35:00+05:30,1516.7,1.2000000000000457,0.0790565913433062,80.0,0.0,0.18,0.11,0.71,70.0,RELIANCE,True,False
Sell,2025-07-02 11:50:00+05:30,3438.6,3440.5,3426.0,2025-07-02 12:10:00+05:30,2025-07-02 13:50:00+05:30,2025-07-02 14:05:00+05:30,3429.2,9.400000000000093,0.2733670679927904,135.0,0.0,0.37,0.06,4.95,115.0,TCS,True,False
Sell,2025-07-02 12:50:00+05:30,57085.15,57104.9,56852.2,2025-07-02 13:00:00+05:30,2025-07-02 14:35:00+05:30,2025-07-02 14:35:00+05:30,56852.2,232.9500000000044,0.4080746043410665,105.0,0.0,0.41,0.03,11.79,95.0,BANKNIFTY,True,False
Sell,2025-07-02 12:50:00+05:30,1513.9,1514.4,1510.0,2025-07-02 13:00:00+05:30,2025-07-02 13:40:00+05:30,2025-07-02 14:05:00+05:30,1513.3,0.6000000000001364,0.039632736640474,75.0,0.0,0.26,0.03,1.2,65.0,RELIANCE,True,False
Sell,2025-07-02 13:00:00+05:30,25485.1,25485.1,25391.35,2025-07-02 13:00:00+05:30,2025-07-02 14:35:00+05:30,2025-07-02 14:35:00+05:30,25391.35,93.75,0.3678620056425127,95.0,0.0,0.37,0.0,,95.0,NIFTY,True,False
Sell,2025-07-02 13:25:00+05:30,1605.1,1608.0,1605.1,2025-07-02 13:55:00+05:30,2025-07-02 13:25:00+05:30,2025-07-02 14:05:00+05:30,1607.5,-2.400000000000091,-0.1495233941810536,40.0,0.0,0.0,0.18,-0.83,10.0,INFY,True,False
Sell,2025-07-02 14:10:00+05:30,3431.8,3433.2,3421.0,2025-07-02 14:15:00+05:30,2025-07-02 14:35:00+05:30,2025-07-02 15:15:00+05:30,3421.0,10.800000000000182,0.3147036540590996,65.0,0.0,0.31,0.04,7.71,60.0,TCS,True,False
Buy,2025-07-03 09:35:00+05:30,1620.7,1627.5,1620.7,2025-07-03 10:10:00+05:30,2025-07-03 09:35:00+05:30,2025-07-03 11:05:00+05:30,1626.7,6.0,0.3702104029123218,90.0,0.0,0.42,0.0,,90.0,INFY,True,False
Sell,2025-07-03 09:40:00+05:30,3425.0,3425.0,3422.8,2025-07-03 09:40:00+05:30,2025-07-03 09:50:00+05:30,2025-07-03 09:50:00+05:30,3422.8,2.199999999999818,0.0642335766423304,10.0,0.0,0.06,0.0,,10.0,TCS,True,False
Buy,2025-07-03 09:50:00+05:30,25531.7,25567.2,25531.15,2025-07-03 11:20:00+05:30,2025-07-03 10:55:00+05:30,2025-07-03 11:20:00+05:30,25567.2,35.5,0.1390428369438776,90.0,0.0,0.14,0.0,64.55,25.0,NIFTY,True,False
Buy,2025-07-03 09:50:00+05:30,1523.3,1530.2,1523.2,2025-07-03 11:35:00+05:30,2025-07-03 10:00:00+05:30,2025-07-03 11:50:00+05:30,1529.1,5.7999999999999545,0.3807523140550091,120.0,0.0,0.45,0.01,58.0,110.0,RELIANCE,True,False
Sell,2025-07-03 10:35:00+05:30,3420.7,3421.9,3418.7,2025-07-03 11:05:00+05:30,2025-07-03 10:55:00+05:30,2025-07-03 11:05:00+05:30,3421.9,-1.2000000000002728,-0.0350805390709583,30.0,0.0,0.06,0.04,-1.0,0.0,TCS,True,False
Sell,2025-07-03 11:45:00+05:30,3417.1,3417.5,3417.1,2025-07-03 11:50:00+05:30,2025-07-03 11:45:00+05:30,2025-07-03 11:50:00+05:30,3417.5,-0.4000000000000909,-0.0117058324310114,5.0,0.0,0.0,0.01,-1.0,0.0,TCS,True,False
Sell,2025-07-03 11:55:00+05:30,3417.5,3418.8,3417.5,2025-07-03 12:05:00+05:30,2025-07-03 11:55:00+05:30,2025-07-03 12:05:00+05:30,3418.8,-1.300000000000182,-0.0380395025603564,10.0,0.0,0.0,0.04,-1.0,0.0,TCS,True,False
Sell,2025-07-03 13:20:00+05:30,56945.45,57078.85,56945.45,2025-07-03 13:35:00+05:30,2025-07-03 13:20:00+05:30,2025-07-03 13:35:00+05:30,57078.85,-133.40000000000146,-0.2342592779581186,15.0,0.0,0.0,0.23,-1.0,0.0,BANKNIFTY,True,False
Buy,2025-07-03 13:35:00+05:30,1629.2,1629.8,1625.0,2025-07-03 13:40:00+05:30,2025-07-03 13:50:00+05:30,2025-07-03 13:50:00+05:30,1625.0,-4.2000000000000455,-0.2577952369261014,15.0,0.0,0.04,0.26,-1.0,0.0,INFY,True,False
Buy,2025-07-03 13:40:00+05:30,1530.9,1530.9,1526.8,2025-07-03 13:40:00+05:30,2025-07-03 13:50:00+05:30,2025-07-03 13:50:00+05:30,1526.8,-4.100000000000136,-0.2678163171990421,10.0,0.0,0.0,0.27,-1.0,0.0,RELIANCE,True,False
Buy,2025-07-03 13:40:00+05:30,25570.5,25570.5,25509.65,2025-07-03 13:40:00+05:30,2025-07-03 13:50:00+05:30,2025-07-03 13:50:00+05:30,25509.65,-60.84999999999855,-0.23796953520658,10.0,0.0,0.0,0.24,-1.0,0.0,NIFTY,True,False
Buy,2025-07-03 13:55:00+05:30,1624.6,1624.6,1623.9,2025-07-03 13:55:00+05:30,2025-07-03 14:00:00+05:30,2025-07-03 14:05:00+05:30,1623.9,-0.6999999999998181,-0.043087529237955,10.0,0.0,0.0,0.04,-1.0,5.0,INFY,True,False
Sell,2025-07-03 14:10:00+05:30,56923.3,56923.3,56779.85,2025-07-03 14:10:00+05:30,2025-07-03 15:00:00+05:30,2025-07-03 15:15:00+05:30,56825.7,97.60000000000582,0.1714587875263834,65.0,0.0,0.25,0.0,,65.0,BANKNIFTY,True,False
Sell,2025-07-03 14:20:00+05:30,3408.3,3408.3,3399.0,2025-07-03 14:20:00+05:30,2025-07-03 15:05:00+05:30,2025-07-03 15:15:00+05:30,3401.0,7.300000000000182,0.214183023794859,55.0,0.0,0.27,0.0,,55.0,TCS,True,False
Sell,2025-07-03 14:20:00+05:30,25477.65,25477.65,25397.85,2025-07-03 14:20:00+05:30,2025-07-03 14:45:00+05:30,2025-07-03 15:15:00+05:30,25414.85,62.80000000000291,0.2464905515226204,55.0,0.0,0.31,0.0,,55.0,NIFTY,True,False
Sell,2025-07-03 14:35:00+05:30,1514.1,1521.6,1514.1,2025-07-03 15:15:00+05:30,2025-07-03 14:35:00+05:30,2025-07-03 15:15:00+05:30,1521.6,-7.5,-0.4953437685753913,40.0,0.0,0.0,0.5,-1.0,0.0,RELIANCE,True,False
Sell,2025-07-04 09:15:00+05:30,56841.05,56854.65,56841.05,2025-07-04 09:20:00+05:30,2025-07-04 09:15:00+05:30,2025-07-04 09:20:00+05:30,56854.65,-13.599999999998545,-0.0239263701145537,5.0,0.0,0.0,0.02,-1.0,0.0,BANKNIFTY,True,False
Sell,2025-07-04 09:15:00+05:30,3397.2,3402.8,3394.8,2025-07-04 09:50:00+05:30,2025-07-04 09:35:00+05:30,2025-07-04 09:50:00+05:30,3402.8,-5.600000000000364,-0.1648416342870706,35.0,0.0,0.07,0.16,-1.0,0.0,TCS,True,False
Sell,2025-07-04 09:15:00+05:30,25412.65,25424.9,25384.3,2025-07-04 09:25:00+05:30,2025-07-04 09:35:00+05:30,2025-07-04 09:50:00+05:30,25407.45,5.200000000000728,0.0204622500998547,35.0,0.0,0.11,0.05,0.42,25.0,NIFTY,True,False
Sell,2025-07-04 09:15:00+05:30,1616.6,1621.5,1614.1,2025-07-04 10:05:00+05:30,2025-07-04 09:35:00+05:30,2025-07-04 10:05:00+05:30,1621.5,-4.900000000000091,-0.3031052826920754,50.0,0.0,0.15,0.3,-1.0,0.0,INFY,True,False
Sell,2025-07-04 09:15:00+05:30,1519.7,1520.7,1519.7,2025-07-04 09:20:00+05:30,2025-07-04 09:15:00+05:30,2025-07-04 09:20:00+05:30,1520.7,-1.0,-0.0658024610120418,5.0,0.0,0.0,0.07,-1.0,0.0,RELIANCE,True,False
Sell,2025-07-04 09:40:00+05:30,56733.15,56800.55,56731.4,2025-07-04 10:05:00+05:30,2025-07-04 09:45:00+05:30,2025-07-04 10:05:00+05:30,56800.55,-67.40000000000146,-0.1188017940128504,25.0,0.0,0.0,0.12,-1.0,0.0,BANKNIFTY,True,False
Sell,2025-07-04 10:35:00+05:30,1521.1,1526.4,1521.1,2025-07-04 10:50:00+05:30,2025-07-04 10:35:00+05:30,2025-07-04 10:50:00+05:30,1526.4,-5.300000000000182,-0.3484320557491409,15.0,0.0,0.0,0.35,-1.0,0.0,RELIANCE,True,False
Buy,2025-07-04 11:05:00+05:30,1622.2,1634.0,1622.0,2025-07-04 13:35:00+05:30,2025-07-04 11:20:00+05:30,2025-07-04 13:50:00+05:30,1632.5,10.299999999999956,0.634940204660335,165.0,0.0,0.73,0.01,51.5,150.0,INFY,True,False
Buy,2025-07-04 11:05:00+05:30,1524.9,1525.0,1521.9,2025-07-04 11:10:00+05:30,2025-07-04 11:35:00+05:30,2025-07-04 11:35:00+05:30,1521.9,-3.0,-0.1967342120794806,30.0,0.0,0.01,0.2,-1.0,0.0,RELIANCE,True,False
Buy,2025-07-04 11:05:00+05:30,3417.4,3421.0,3413.5,2025-07-04 11:15:00+05:30,2025-07-04 11:40:00+05:30,2025-07-04 12:20:00+05:30,3416.6,-0.8000000000001819,-0.0234096096447644,75.0,0.0,0.11,0.11,-0.21,40.0,TCS,True,False
Sell,2025-07-04 11:35:00+05:30,25379.9,25379.9,25339.6,2025-07-04 11:35:00+05:30,2025-07-04 11:55:00+05:30,2025-07-04 12:35:00+05:30,25360.8,19.100000000002183,0.0752564036895424,60.0,0.0,0.16,0.0,,60.0,NIFTY,True,False
Sell,2025-07-04 11:50:00+05:30,1519.9,1523.0,1519.3,2025-07-04 12:05:00+05:30,2025-07-04 11:55:00+05:30,2025-07-04 12:05:00+05:30,1523.0,-3.099999999999909,-0.2039607868938686,15.0,0.0,0.04,0.2,-1.0,0.0,RELIANCE,True,False
Sell,2025-07-04 11:50:00+05:30,56681.65,56688.55,56632.85,2025-07-04 12:45:00+05:30,2025-07-04 12:25:00+05:30,2025-07-04 12:50:00+05:30,56682.05,-0.4000000000014552,-0.0007056957586828,60.0,0.0,0.09,0.01,-0.06,5.0,BANKNIFTY,True,False
Buy,2025-07-04 12:40:00+05:30,3424.5,3424.5,3419.9,2025-07-04 12:40:00+05:30,2025-07-04 12:55:00+05:30,2025-07-04 13:05:00+05:30,3422.6,-1.900000000000091,-0.0554825521974037,25.0,0.0,0.0,0.13,-0.41,10.0,TCS,True,False
Sell,2025-07-04 12:50:00+05:30,1521.9,1522.7,1518.4,2025-07-04 13:35:00+05:30,2025-07-04 13:15:00+05:30,2025-07-04 13:35:00+05:30,1522.7,-0.7999999999999545,-0.0525658716078556,45.0,0.0,0.23,0.05,-1.0,0.0,RELIANCE,True,False
Buy,2025-07-04 13:10:00+05:30,3420.0,3420.4,3418.6,2025-07-04 13:20:00+05:30,2025-07-04 13:30:00+05:30,2025-07-04 13:35:00+05:30,3419.0,-1.0,-0.0292397660818713,25.0,0.0,0.01,0.04,-0.71,5.0,TCS,True,False
Buy,2025-07-04 14:35:00+05:30,1524.5,1528.7,1524.1,2025-07-04 15:15:00+05:30,2025-07-04 14:55:00+05:30,2025-07-04 15:15:00+05:30,1528.7,4.2000000000000455,0.2755001639881958,40.0,0.0,0.28,0.03,10.5,20.0,RELIANCE,True,False
Buy,2025-07-04 14:35:00+05:30,56985.05,57045.55,56985.05,2025-07-04 15:10:00+05:30,2025-07-04 14:35:00+05:30,2025-07-04 15:15:00+05:30,57012.85,27.799999999995634,0.0487847251164921,40.0,0.0,0.11,0.0,,40.0,BANKNIFTY,True,False
Buy,2025-07-04 14:40:00+05:30,1637.5,1641.9,1637.5,2025-07-04 15:00:00+05:30,2025-07-04 14:40:00+05:30,2025-07-04 15:15:00+05:30,1639.7,2.200000000000045,0.1343511450381707,35.0,0.0,0.27,0.0,,35.0,INFY,True,False
Buy,2025-07-04 14:50:00+05:30,25445.3,25463.05,25445.3,2025-07-04 15:05:00+05:30,2025-07-04 14:50:00+05:30,2025-07-04 15:15:00+05:30,25457.15,11.850000000002185,0.0465704864945675,25.0,0.0,0.07,0.0,,25.0,NIFTY,True,False
Buy,2025-07-04 15:05:00+05:30,3420.7,3420.7,3418.5,2025-07-04 15:05:00+05:30,2025-07-04 15:15:00+05:30,2025-07-04 15:15:00+05:30,3418.5,-2.199999999999818,-0.0643143216300704,10.0,0.0,0.0,0.06,-1.0,0.0,TCS,True,False
Buy,2025-07-07 09:15:00+05:30,57006.05,57010.7,56962.25,2025-07-07 09:35:00+05:30,2025-07-07 09:25:00+05:30,2025-07-07 09:35:00+05:30,57010.7,4.649999999994179,0.0081570289469173,20.0,0.0,0.01,0.08,0.11,10.0,BANKNIFTY,True,False
Buy,2025-07-07 09:15:00+05:30,25447.35,25479.65,25439.9,2025-07-07 09:35:00+05:30,2025-07-07 09:25:00+05:30,2025-07-07 09:35:00+05:30,25479.65,32.30000000000291,0.126928737176967,20.0,0.0,0.13,0.03,4.34,10.0,NIFTY,True,False
Buy,2025-07-07 09:15:00+05:30,1639.6,1639.6,1637.9,2025-07-07 09:15:00+05:30,2025-07-07 09:20:00+05:30,2025-07-07 09:20:00+05:30,1637.9,-1.699999999999818,-0.1036838253232384,5.0,0.0,0.0,0.1,-1.0,0.0,INFY,True,False
Buy,2025-07-07 09:15:00+05:30,3416.7,3416.9,3416.7,2025-07-07 09:20:00+05:30,2025-07-07 09:15:00+05:30,2025-07-07 09:20:00+05:30,3416.9,0.2000000000002728,0.0058536014282867,5.0,0.0,0.01,0.0,,5.0,TCS,True,False
Buy,2025-07-07 09:15:00+05:30,1533.9,1538.5,1531.9,2025-07-07 11:05:00+05:30,2025-07-07 09:20:00+05:30,2025-07-07 11:05:00+05:30,1538.5,4.599999999999909,0.2998891713931748,110.0,0.0,0.3,0.13,2.3,105.0,RELIANCE,True,False
Buy,2025-07-07 09:40:00+05:30,25451.9,25465.65,25422.0,2025-07-07 09:50:00+05:30,2025-07-07 10:05:00+05:30,2025-07-07 10:05:00+05:30,25422.0,-29.90000000000145,-0.1174764948785806,25.0,0.0,0.05,0.12,-1.0,0.0,NIFTY,True,False
Sell,2025-07-07 10:20:00+05:30,3414.9,3420.9,3411.0,2025-07-07 11:05:00+05:30,2025-07-07 10:45:00+05:30,2025-07-07 11:05:00+05:30,3420.9,-6.0,-0.1757006061670912,45.0,0.0,0.11,0.18,-1.0,0.0,TCS,True,False
Buy,2025-07-07 10:55:00+05:30,57100.45,57100.45,56996.2,2025-07-07 10:55:00+05:30,2025-07-07 11:20:00+05:30,2025-07-07 11:20:00+05:30,56996.2,-104.25,-0.1825729919816744,25.0,0.0,0.0,0.18,-1.0,0.0,BANKNIFTY,True,False
Buy,2025-07-07 11:00:00+05:30,25467.75,25473.55,25452.45,2025-07-07 11:05:00+05:30,2025-07-07 11:20:00+05:30,2025-07-07 11:20:00+05:30,25452.45,-15.299999999999272,-0.0600759784433225,20.0,0.0,0.02,0.06,-1.0,0.0,NIFTY,True,False
Buy,2025-07-07 11:20:00+05:30,3420.2,3423.0,3420.1,2025-07-07 11:30:00+05:30,2025-07-07 12:35:00+05:30,2025-07-07 12:35:00+05:30,3420.1,-0.099999999999909,-0.0029238056253993,75.0,0.0,0.08,0.0,-1.0,0.0,TCS,True,False
Buy,2025-07-07 11:25:00+05:30,56970.3,56981.2,56970.3,2025-07-07 11:35:00+05:30,2025-07-07 11:25:00+05:30,2025-07-07 11:35:00+05:30,56981.2,10.89999999999418,0.0191327762009225,10.0,0.0,0.02,0.0,,10.0,BANKNIFTY,True,False
Sell,2025-07-07 12:20:00+05:30,1629.5,1629.5,1625.0,2025-07-07 12:20:00+05:30,2025-07-07 12:55:00+05:30,2025-07-07 13:20:00+05:30,1628.6,0.900000000000091,0.0552316661552679,60.0,0.0,0.28,0.0,,60.0,INFY,True,False
Buy,2025-07-07 12:40:00+05:30,1539.4,1541.9,1539.4,2025-07-07 13:20:00+05:30,2025-07-07 12:40:00+05:30,2025-07-07 13:20:00+05:30,1541.9,2.5,0.162400935429388,40.0,0.0,0.16,0.0,,40.0,RELIANCE,True,False
Buy,2025-07-07 13:20:00+05:30,3423.0,3423.3,3420.9,2025-07-07 13:35:00+05:30,2025-07-07 14:05:00+05:30,2025-07-07 14:05:00+05:30,3420.9,-2.099999999999909,-0.061349693251531,45.0,0.0,0.01,0.06,-1.0,0.0,TCS,True,False
Buy,2025-07-07 13:25:00+05:30,1540.2,1544.4,1540.2,2025-07-07 14:00:00+05:30,2025-07-07 13:25:00+05:30,2025-07-07 14:20:00+05:30,1542.4,2.200000000000045,0.1428385923906015,55.0,0.0,0.27,0.0,,55.0,RELIANCE,True,False
Sell,2025-07-07 14:35:00+05:30,56895.8,56965.7,56863.7,2025-07-07 15:05:00+05:30,2025-07-07 14:50:00+05:30,2025-07-07 15:05:00+05:30,56965.7,-69.89999999999418,-0.122856168645127,30.0,0.0,0.06,0.12,-1.0,0.0,BANKNIFTY,True,False
Sell,2025-07-07 14:35:00+05:30,3411.5,3412.9,3410.3,2025-07-07 15:00:00+05:30,2025-07-07 15:15:00+05:30,2025-07-07 15:15:00+05:30,3410.3,1.199999999999818,0.0351751428990127,40.0,0.0,0.04,0.04,0.86,15.0,TCS,True,False
Sell,2025-07-07 14:45:00+05:30,1624.7,1629.0,1624.1,2025-07-07 15:05:00+05:30,2025-07-07 14:55:00+05:30,2025-07-07 15:05:00+05:30,1629.0,-4.2999999999999545,-0.2646642457068969,20.0,0.0,0.04,0.26,-1.0,0.0,INFY,True,False
Sell,2025-07-08 09:15:00+05:30,3408.5,3410.9,3408.5,2025-07-08 09:20:00+05:30,2025-07-08 09:15:00+05:30,2025-07-08 09:20:00+05:30,3410.9,-2.400000000000091,-0.0704122047821649,5.0,0.0,0.0,0.07,-1.0,0.0,TCS,True,False
Buy,2025-07-08 09:20:00+05:30,25484.45,25484.45,25464.7,2025-07-08 09:20:00+05:30,2025-07-08 09:30:00+05:30,2025-07-08 09:50:00+05:30,25469.15,-15.299999999999272,-0.0600366105605546,30.0,0.0,0.0,0.08,-0.77,20.0,NIFTY,True,False
Buy,2025-07-08 09:20:00+05:30,57140.85,57208.95,57087.8,2025-07-08 09:45:00+05:30,2025-07-08 11:05:00+05:30,2025-07-08 11:05:00+05:30,57087.8,-53.049999999995634,-0.0928407610317236,105.0,0.0,0.12,0.09,-1.0,0.0,BANKNIFTY,True,False
Sell,2025-07-08 09:25:00+05:30,3416.0,3416.0,3394.9,2025-07-08 09:25:00+05:30,2025-07-08 10:40:00+05:30,2025-07-08 11:20:00+05:30,3411.6,4.400000000000091,0.1288056206089019,115.0,0.0,0.62,0.0,,115.0,TCS,True,False
Sell,2025-07-08 09:45:00+05:30,1626.0,1626.7,1626.0,2025-07-08 09:50:00+05:30,2025-07-08 09:45:00+05:30,2025-07-08 09:50:00+05:30,1626.7,-0.7000000000000455,-0.0430504305043078,5.0,0.0,0.0,0.04,-1.0,0.0,INFY,True,False
Buy,2025-07-08 09:55:00+05:30,25458.05,25458.05,25448.0,2025-07-08 09:55:00+05:30,2025-07-08 10:05:00+05:30,2025-07-08 10:05:00+05:30,25448.0,-10.049999999999272,-0.0394767077604108,10.0,0.0,0.0,0.04,-1.0,0.0,NIFTY,True,False
Sell,2025-07-08 10:20:00+05:30,1535.4,1539.6,1533.5,2025-07-08 10:50:00+05:30,2025-07-08 10:45:00+05:30,2025-07-08 10:50:00+05:30,1539.6,-4.199999999999818,-0.2735443532629815,30.0,0.0,0.12,0.27,-1.0,0.0,RELIANCE,True,False
Sell,2025-07-08 10:35:00+05:30,1624.8,1625.8,1623.2,2025-07-08 10:45:00+05:30,2025-07-08 10:50:00+05:30,2025-07-08 11:05:00+05:30,1625.5,-0.7000000000000455,-0.0430822255046803,30.0,0.0,0.1,0.06,-0.7,20.0,INFY,True,False
Sell,2025-07-08 11:10:00+05:30,1626.4,1628.8,1626.4,2025-07-08 11:20:00+05:30,2025-07-08 11:10:00+05:30,2025-07-08 11:20:00+05:30,1628.8,-2.399999999999864,-0.1475651746187815,10.0,0.0,0.0,0.15,-1.0,0.0,INFY,True,False
Sell,2025-07-08 11:35:00+05:30,25441.25,25444.45,25436.65,2025-07-08 11:50:00+05:30,2025-07-08 11:40:00+05:30,2025-07-08 11:50:00+05:30,25444.45,-3.200000000000728,-0.0125779983294874,15.0,0.0,0.02,0.01,-1.0,0.0,NIFTY,True,False
Buy,2025-07-08 11:50:00+05:30,1631.6,1645.0,1631.2,2025-07-08 13:10:00+05:30,2025-07-08 12:00:00+05:30,2025-07-08 13:50:00+05:30,1643.5,11.900000000000093,0.7293454278009373,120.0,0.0,0.82,0.02,29.75,110.0,INFY,True,False
Buy,2025-07-08 12:35:00+05:30,25473.6,25476.5,25458.7,2025-07-08 13:50:00+05:30,2025-07-08 13:35:00+05:30,2025-07-08 14:05:00+05:30,25470.95,-2.649999999997817,-0.010402926951816,90.0,0.0,0.01,0.06,-0.18,30.0,NIFTY,True,False
Buy,2025-07-08 12:50:00+05:30,3417.0,3422.2,3402.7,2025-07-08 12:55:00+05:30,2025-07-08 14:05:00+05:30,2025-07-08 14:05:00+05:30,3402.7,-14.300000000000182,-0.4184957565115652,75.0,0.0,0.15,0.42,-1.0,0.0,TCS,True,False
Sell,2025-07-08 12:50:00+05:30,1533.5,1534.7,1531.5,2025-07-08 13:50:00+05:30,2025-07-08 13:35:00+05:30,2025-07-08 13:50:00+05:30,1534.7,-1.2000000000000457,-0.0782523638734949,60.0,0.0,0.13,0.08,-1.0,0.0,RELIANCE,True,False
Sell,2025-07-08 14:20:00+05:30,3402.8,3408.0,3400.5,2025-07-08 15:05:00+05:30,2025-07-08 14:30:00+05:30,2025-07-08 15:05:00+05:30,3408.0,-5.199999999999818,-0.152815328552951,45.0,0.0,0.07,0.15,-1.0,0.0,TCS,True,False
Sell,2025-07-08 14:35:00+05:30,1531.2,1533.5,1531.2,2025-07-08 14:45:00+05:30,2025-07-08 14:35:00+05:30,2025-07-08 14:50:00+05:30,1533.5,-2.2999999999999545,-0.1502089864158799,15.0,0.0,0.0,0.15,-1.0,5.0,RELIANCE,True,False
Buy,2025-07-08 15:00:00+05:30,25504.05,25536.0,25504.05,2025-07-08 15:10:00+05:30,2025-07-08 15:00:00+05:30,2025-07-08 15:15:00+05:30,25523.0,18.950000000000728,0.0743019245962924,15.0,0.0,0.13,0.0,,15.0,NIFTY,True,False
Buy,2025-07-08 15:05:00+05:30,57275.9,57275.9,57245.9,2025-07-08 15:05:00+05:30,2025-07-08 15:15:00+05:30,2025-07-08 15:15:00+05:30,57245.9,-30.0,-0.0523780508032174,10.0,0.0,0.0,0.05,-1.0,0.0,BANKNIFTY,True,False
Sell,2025-07-08 15:10:00+05:30,3407.5,3407.5,3406.1,2025-07-08 15:10:00+05:30,2025-07-08 15:15:00+05:30,2025-07-08 15:15:00+05:30,3406.1,1.400000000000091,0.0410858400586967,5.0,0.0,0.04,0.0,,5.0,TCS,True,False
Buy,2025-07-09 09:15:00+05:30,25488.3,25488.3,25487.45,2025-07-09 09:15:00+05:30,2025-07-09 09:20:00+05:30,2025-07-09 09:20:00+05:30,25487.45,-0.8499999999985448,-0.0033348634471445,5.0,0.0,0.0,0.0,-1.0,0.0,NIFTY,True,False
Buy,2025-07-09 09:15:00+05:30,57144.85,57144.85,57100.2,2025-07-09 09:15:00+05:30,2025-07-09 09:20:00+05:30,2025-07-09 09:20:00+05:30,57100.2,-44.650000000001455,-0.0781347750497226,5.0,0.0,0.0,0.08,-1.0,0.0,BANKNIFTY,True,False
Buy,2025-07-09 09:25:00+05:30,25483.2,25491.7,25483.2,2025-07-09 09:35:00+05:30,2025-07-09 09:25:00+05:30,2025-07-09 09:35:00+05:30,25491.7,8.5,0.0333553085954668,10.0,0.0,0.03,0.0,,10.0,NIFTY,True,False
Sell,2025-07-09 09:35:00+05:30,3401.0,3407.5,3401.0,2025-07-09 09:45:00+05:30,2025-07-09 09:35:00+05:30,2025-07-09 09:50:00+05:30,3407.2,-6.199999999999818,-0.1822993237283098,15.0,0.0,0.0,0.19,-0.95,5.0,TCS,True,False
Sell,2025-07-09 09:35:00+05:30,1629.3,1631.8,1626.4,2025-07-09 10:15:00+05:30,2025-07-09 09:50:00+05:30,2025-07-09 10:50:00+05:30,1630.6,-1.2999999999999543,-0.079788866384334,75.0,0.0,0.18,0.15,-0.52,35.0,INFY,True,False
Buy,2025-07-09 09:50:00+05:30,1539.8,1547.5,1539.8,2025-07-09 11:35:00+05:30,2025-07-09 09:50:00+05:30,2025-07-09 11:50:00+05:30,1546.5,6.7000000000000455,0.4351214443434242,120.0,0.0,0.5,0.0,,120.0,RELIANCE,True,False
Buy,2025-07-09 10:10:00+05:30,25527.65,25544.8,25518.7,2025-07-09 11:25:00+05:30,2025-07-09 10:25:00+05:30,2025-07-09 11:35:00+05:30,25536.05,8.399999999997817,0.0329054965889841,85.0,0.0,0.07,0.04,0.94,70.0,NIFTY,True,False
Sell,2025-07-09 10:35:00+05:30,3399.7,3399.7,3391.2,2025-07-09 10:35:00+05:30,2025-07-09 11:00:00+05:30,2025-07-09 11:35:00+05:30,3396.7,3.0,0.0882430802717886,60.0,0.0,0.25,0.0,,60.0,TCS,True,False
Buy,2025-07-09 11:40:00+05:30,25531.4,25531.4,25517.0,2025-07-09 11:40:00+05:30,2025-07-09 11:50:00+05:30,2025-07-09 11:50:00+05:30,25517.0,-14.400000000001455,-0.0564011374229437,10.0,0.0,0.0,0.06,-1.0,0.0,NIFTY,True,False
Sell,2025-07-09 12:10:00+05:30,3392.9,3392.9,3369.1,2025-07-09 12:10:00+05:30,2025-07-09 13:00:00+05:30,2025-07-09 13:35:00+05:30,3379.0,13.900000000000093,0.4096790356332367,85.0,0.0,0.7,0.0,,85.0,TCS,True,False
Sell,2025-07-09 12:20:00+05:30,1626.4,1630.1,1624.0,2025-07-09 12:25:00+05:30,2025-07-09 13:00:00+05:30,2025-07-09 13:20:00+05:30,1628.6,-2.199999999999818,-0.1352680767338796,60.0,0.0,0.15,0.23,-0.59,55.0,INFY,True,False
Buy,2025-07-09 12:20:00+05:30,57229.8,57276.15,57179.55,2025-07-09 13:20:00+05:30,2025-07-09 13:00:00+05:30,2025-07-09 13:35:00+05:30,57240.7,10.89999999999418,0.0190460214783105,75.0,0.0,0.08,0.09,0.22,35.0,BANKNIFTY,True,False
Buy,2025-07-09 12:25:00+05:30,1550.7,1550.7,1547.3,2025-07-09 12:25:00+05:30,2025-07-09 12:50:00+05:30,2025-07-09 12:50:00+05:30,1547.3,-3.400000000000091,-0.2192558199522854,25.0,0.0,0.0,0.22,-1.0,0.0,RELIANCE,True,False
Sell,2025-07-09 13:25:00+05:30,1629.5,1630.5,1629.5,2025-07-09 13:35:00+05:30,2025-07-09 13:25:00+05:30,2025-07-09 13:35:00+05:30,1630.5,-1.0,-0.0613685179502915,10.0,0.0,0.0,0.06,-1.0,0.0,INFY,True,False
Buy,2025-07-09 13:40:00+05:30,57224.6,57224.6,57215.2,2025-07-09 13:40:00+05:30,2025-07-09 13:45:00+05:30,2025-07-09 13:50:00+05:30,57221.65,-2.9499999999970896,-0.0051551255928343,10.0,0.0,0.0,0.02,-0.31,5.0,BANKNIFTY,True,False
Buy,2025-07-09 13:45:00+05:30,1549.8,1549.8,1549.1,2025-07-09 13:45:00+05:30,2025-07-09 13:50:00+05:30,2025-07-09 13:50:00+05:30,1549.1,-0.7000000000000455,-0.0451671183378529,5.0,0.0,0.0,0.05,-1.0,0.0,RELIANCE,True,False
Buy,2025-07-09 13:55:00+05:30,1549.2,1549.6,1549.2,2025-07-09 14:00:00+05:30,2025-07-09 13:55:00+05:30,2025-07-09 14:05:00+05:30,1549.2,0.0,0.0,10.0,0.0,0.03,0.0,,10.0,RELIANCE,True,False
Buy,2025-07-09 14:10:00+05:30,1549.7,1549.7,1538.1,2025-07-09 14:10:00+05:30,2025-07-09 14:20:00+05:30,2025-07-09 14:20:00+05:30,1538.1,-11.600000000000136,-0.7485319739304469,10.0,0.0,0.0,0.75,-1.0,0.0,RELIANCE,True,False
Sell,2025-07-09 14:35:00+05:30,25478.15,25478.4,25446.4,2025-07-09 15:10:00+05:30,2025-07-09 14:50:00+05:30,2025-07-09 15:15:00+05:30,25470.1,8.05000000000291,0.0315957006297667,40.0,0.0,0.12,0.0,32.2,5.0,NIFTY,True,False
Sell,2025-07-09 14:35:00+05:30,1514.8,1519.2,1514.1,2025-07-09 15:10:00+05:30,2025-07-09 14:40:00+05:30,2025-07-09 15:15:00+05:30,1517.9,-3.1000000000001364,-0.2046474782149548,40.0,0.0,0.05,0.29,-0.7,5.0,RELIANCE,True,False
Buy,2025-07-09 14:50:00+05:30,1631.8,1634.1,1631.8,2025-07-09 15:00:00+05:30,2025-07-09 14:50:00+05:30,2025-07-09 15:15:00+05:30,1632.7,0.900000000000091,0.0551538178698425,25.0,0.0,0.14,0.0,,25.0,INFY,True,False
Sell,2025-07-10 09:15:00+05:30,25470.2,25470.2,25366.8,2025-07-10 09:15:00+05:30,2025-07-10 11:20:00+05:30,2025-07-10 11:35:00+05:30,25377.1,93.10000000000218,0.3655252020007781,140.0,0.0,0.41,0.0,,140.0,NIFTY,True,False
Sell,2025-07-10 09:20:00+05:30,1621.4,1627.2,1614.5,2025-07-10 09:45:00+05:30,2025-07-10 11:20:00+05:30,2025-07-10 11:35:00+05:30,1616.1,5.300000000000182,0.3268780066609215,135.0,0.0,0.43,0.36,0.91,110.0,INFY,True,False
Sell,2025-07-10 11:20:00+05:30,57103.05,57125.85,57048.5,2025-07-10 12:20:00+05:30,2025-07-10 12:05:00+05:30,2025-07-10 12:20:00+05:30,57125.85,-22.799999999995634,-0.0399278147139174,60.0,0.0,0.1,0.04,-1.0,0.0,BANKNIFTY,True,False
Sell,2025-07-10 11:35:00+05:30,3376.3,3380.5,3370.3,2025-07-10 12:20:00+05:30,2025-07-10 12:10:00+05:30,2025-07-10 12:20:00+05:30,3380.5,-4.199999999999818,-0.1243965287444782,45.0,0.0,0.18,0.12,-1.0,0.0,TCS,True,False
Sell,2025-07-10 12:55:00+05:30,1614.3,1614.5,1607.9,2025-07-10 13:00:00+05:30,2025-07-10 13:55:00+05:30,2025-07-10 14:05:00+05:30,1611.2,3.099999999999909,0.192033698816819,70.0,0.0,0.4,0.01,15.5,65.0,INFY,True,False
Sell,2025-07-10 13:15:00+05:30,57116.6,57130.5,57025.85,2025-07-10 14:05:00+05:30,2025-07-10 13:40:00+05:30,2025-07-10 14:05:00+05:30,57130.5,-13.900000000001455,-0.0243361824758502,50.0,0.0,0.16,0.02,-1.0,0.0,BANKNIFTY,True,False
Sell,2025-07-10 13:35:00+05:30,3370.1,3376.2,3367.9,2025-07-10 14:05:00+05:30,2025-07-10 13:50:00+05:30,2025-07-10 14:05:00+05:30,3376.2,-6.099999999999909,-0.1810035310524883,30.0,0.0,0.07,0.18,-1.0,0.0,TCS,True,False
Sell,2025-07-10 14:10:00+05:30,1613.5,1614.5,1613.5,2025-07-10 14:15:00+05:30,2025-07-10 14:10:00+05:30,2025-07-10 14:20:00+05:30,1614.0,-0.5,-0.0309885342423303,10.0,0.0,0.0,0.06,-0.5,5.0,INFY,True,False
Sell,2025-07-10 14:55:00+05:30,57014.65,57032.65,57002.25,2025-07-10 15:05:00+05:30,2025-07-10 15:10:00+05:30,2025-07-10 15:15:00+05:30,57022.65,-8.0,-0.0140314813824166,20.0,0.0,0.02,0.03,-0.44,10.0,BANKNIFTY,True,False
Buy,2025-07-11 09:15:00+05:30,3324.8,3324.8,3321.1,2025-07-11 09:15:00+05:30,2025-07-11 09:20:00+05:30,2025-07-11 09:20:00+05:30,3321.1,-3.700000000000273,-0.1112848893166588,5.0,0.0,0.0,0.11,-1.0,0.0,TCS,True,False
Sell,2025-07-11 09:15:00+05:30,56990.15,57045.75,56990.15,2025-07-11 09:20:00+05:30,2025-07-11 09:15:00+05:30,2025-07-11 09:20:00+05:30,57045.75,-55.59999999999855,-0.09756071882597,5.0,0.0,0.0,0.1,-1.0,0.0,BANKNIFTY,True,False
Sell,2025-07-11 09:20:00+05:30,25300.1,25315.25,25151.5,2025-07-11 09:40:00+05:30,2025-07-11 11:05:00+05:30,2025-07-11 11:50:00+05:30,25174.8,125.29999999999929,0.4952549594665605,150.0,0.0,0.59,0.06,8.27,130.0,NIFTY,True,False
Sell,2025-07-11 09:20:00+05:30,1587.1,1600.6,1587.1,2025-07-11 10:05:00+05:30,2025-07-11 09:20:00+05:30,2025-07-11 10:05:00+05:30,1600.6,-13.5,-0.8506080272194569,45.0,0.0,0.0,0.85,-1.0,0.0,INFY,True,False
Sell,2025-07-11 09:25:00+05:30,57066.9,57066.9,56652.05,2025-07-11 09:25:00+05:30,2025-07-11 11:05:00+05:30,2025-07-11 11:50:00+05:30,56669.0,397.9000000000015,0.6972518219843753,145.0,0.0,0.73,0.0,,145.0,BANKNIFTY,True,False
Sell,2025-07-11 09:25:00+05:30,3319.0,3322.8,3290.1,2025-07-11 09:40:00+05:30,2025-07-11 11:20:00+05:30,2025-07-11 11:35:00+05:30,3291.5,27.5,0.8285628201265441,130.0,0.0,0.87,0.11,7.24,115.0,TCS,True,False
Sell,2025-07-11 09:35:00+05:30,1505.5,1505.5,1490.7,2025-07-11 09:35:00+05:30,2025-07-11 11:25:00+05:30,2025-07-11 11:50:00+05:30,1493.7,11.799999999999956,0.7837927598804354,135.0,0.0,0.98,0.0,,135.0,RELIANCE,True,False
Sell,2025-07-11 10:10:00+05:30,1606.2,1606.2,1590.1,2025-07-11 10:10:00+05:30,2025-07-11 11:30:00+05:30,2025-07-11 11:35:00+05:30,1590.5,15.700000000000044,0.9774623334578536,85.0,0.0,1.0,0.0,,85.0,INFY,True,False
Sell,2025-07-11 13:05:00+05:30,3270.2,3273.1,3269.7,2025-07-11 13:20:00+05:30,2025-07-11 13:10:00+05:30,2025-07-11 13:20:00+05:30,3273.1,-2.900000000000091,-0.0886795914622986,15.0,0.0,0.02,0.09,-1.0,0.0,TCS,True,False
Sell,2025-07-14 09:20:00+05:30,1572.8,1577.9,1572.0,2025-07-14 09:50:00+05:30,2025-07-14 09:25:00+05:30,2025-07-14 10:50:00+05:30,1577.2,-4.400000000000091,-0.2797558494404941,90.0,0.0,0.05,0.32,-0.86,60.0,INFY,True,False
Sell,2025-07-14 09:35:00+05:30,3242.6,3243.7,3239.1,2025-07-14 09:50:00+05:30,2025-07-14 09:45:00+05:30,2025-07-14 09:50:00+05:30,3243.7,-1.099999999999909,-0.0339233948066338,15.0,0.0,0.11,0.03,-1.0,0.0,TCS,True,False
Sell,2025-07-14 09:55:00+05:30,3244.9,3245.0,3240.0,2025-07-14 10:00:00+05:30,2025-07-14 10:05:00+05:30,2025-07-14 10:05:00+05:30,3240.0,4.900000000000091,0.1510061943357296,10.0,0.0,0.15,0.0,49.0,5.0,TCS,True,False
Buy,2025-07-14 10:05:00+05:30,56842.1,56864.6,56736.7,2025-07-14 10:15:00+05:30,2025-07-14 10:35:00+05:30,2025-07-14 10:35:00+05:30,56736.7,-105.40000000000146,-0.1854259430949973,30.0,0.0,0.04,0.19,-1.0,0.0,BANKNIFTY,True,False
Sell,2025-07-14 11:20:00+05:30,25046.0,25051.7,25033.35,2025-07-14 12:05:00+05:30,2025-07-14 11:40:00+05:30,2025-07-14 12:05:00+05:30,25051.7,-5.700000000000728,-0.022758125049911,45.0,0.0,0.05,0.02,-1.0,0.0,NIFTY,True,False
Sell,2025-07-14 11:20:00+05:30,56665.35,56690.45,56619.0,2025-07-14 12:15:00+05:30,2025-07-14 11:30:00+05:30,2025-07-14 12:20:00+05:30,56672.5,-7.150000000001455,-0.0126179402403787,60.0,0.0,0.08,0.04,-0.28,5.0,BANKNIFTY,True,False
Sell,2025-07-14 11:30:00+05:30,1569.3,1570.0,1566.3,2025-07-14 11:35:00+05:30,2025-07-14 12:00:00+05:30,2025-07-14 12:05:00+05:30,1567.9,1.3999999999998636,0.0892117504619807,35.0,0.0,0.19,0.04,2.0,30.0,INFY,True,False
Sell,2025-07-14 11:35:00+05:30,1485.4,1487.5,1484.6,2025-07-14 12:15:00+05:30,2025-07-14 12:00:00+05:30,2025-07-14 12:35:00+05:30,1485.5,-0.099999999999909,-0.0067321933485868,60.0,0.0,0.05,0.14,-0.05,20.0,RELIANCE,True,False
Sell,2025-07-14 11:35:00+05:30,3223.0,3223.0,3213.2,2025-07-14 11:35:00+05:30,2025-07-14 12:20:00+05:30,2025-07-14 12:20:00+05:30,3213.2,9.800000000000182,0.304064536146453,45.0,0.0,0.3,0.0,,45.0,TCS,True,False
Sell,2025-07-14 12:25:00+05:30,3212.8,3212.8,3202.0,2025-07-14 12:25:00+05:30,2025-07-14 12:55:00+05:30,2025-07-14 13:05:00+05:30,3208.1,4.700000000000273,0.1462898406374586,40.0,0.0,0.34,0.0,,40.0,TCS,True,False
Sell,2025-07-14 12:40:00+05:30,1562.1,1564.5,1560.3,2025-07-14 13:00:00+05:30,2025-07-14 12:55:00+05:30,2025-07-14 13:05:00+05:30,1561.2,0.8999999999998636,0.0576147493758314,25.0,0.0,0.12,0.15,0.37,5.0,INFY,True,False
Sell,2025-07-14 13:10:00+05:30,1562.3,1563.2,1562.2,2025-07-14 13:20:00+05:30,2025-07-14 13:15:00+05:30,2025-07-14 13:20:00+05:30,1563.2,-0.900000000000091,-0.057607373743845,10.0,0.0,0.01,0.06,-1.0,0.0,INFY,True,False
Sell,2025-07-14 14:00:00+05:30,1480.6,1482.3,1480.6,2025-07-14 14:05:00+05:30,2025-07-14 14:00:00+05:30,2025-07-14 14:05:00+05:30,1482.3,-1.7000000000000457,-0.1148183168985577,5.0,0.0,0.0,0.11,-1.0,0.0,RELIANCE,True,False
Sell,2025-07-14 14:10:00+05:30,1482.6,1484.1,1482.6,2025-07-14 14:20:00+05:30,2025-07-14 14:10:00+05:30,2025-07-14 14:20:00+05:30,1484.1,-1.5,-0.1011736139214892,10.0,0.0,0.0,0.1,-1.0,0.0,RELIANCE,True,False
Buy,2025-07-14 15:05:00+05:30,56741.0,56764.85,56741.0,2025-07-14 15:10:00+05:30,2025-07-14 15:05:00+05:30,2025-07-14 15:15:00+05:30,56749.25,8.25,0.0145397507974833,10.0,0.0,0.04,0.0,,10.0,BANKNIFTY,True,False
Buy,2025-07-15 09:15:00+05:30,56867.9,57106.0,56834.95,2025-07-15 11:00:00+05:30,2025-07-15 09:40:00+05:30,2025-07-15 11:35:00+05:30,57064.5,196.59999999999852,0.3457134868704463,140.0,0.0,0.42,0.06,5.97,115.0,BANKNIFTY,True,False
Buy,2025-07-15 09:20:00+05:30,25147.75,25231.75,25098.4,2025-07-15 11:05:00+05:30,2025-07-15 09:50:00+05:30,2025-07-15 12:05:00+05:30,25204.7,56.95000000000073,0.2264616118738285,165.0,0.0,0.33,0.2,1.15,135.0,NIFTY,True,False
Buy,2025-07-15 09:35:00+05:30,1577.7,1577.7,1568.0,2025-07-15 09:35:00+05:30,2025-07-15 09:50:00+05:30,2025-07-15 09:50:00+05:30,1568.0,-9.700000000000044,-0.6148190403752326,15.0,0.0,0.0,0.61,-1.0,0.0,INFY,True,False
Buy,2025-07-15 10:05:00+05:30,1490.0,1490.0,1486.0,2025-07-15 10:05:00+05:30,2025-07-15 10:15:00+05:30,2025-07-15 10:20:00+05:30,1486.0,-4.0,-0.2684563758389262,15.0,0.0,0.0,0.27,-1.0,5.0,RELIANCE,True,False
Buy,2025-07-15 10:25:00+05:30,1580.5,1602.7,1580.5,2025-07-15 11:05:00+05:30,2025-07-15 10:25:00+05:30,2025-07-15 11:50:00+05:30,1591.7,11.200000000000044,0.7086365074343591,85.0,0.0,1.4,0.0,,85.0,INFY,True,False
Buy,2025-07-15 10:40:00+05:30,3240.0,3256.7,3240.0,2025-07-15 11:10:00+05:30,2025-07-15 10:40:00+05:30,2025-07-15 12:05:00+05:30,3250.1,10.099999999999907,0.3117283950617255,85.0,0.0,0.52,0.0,,85.0,TCS,True,False
Buy,2025-07-15 11:00:00+05:30,1494.8,1494.8,1490.6,2025-07-15 11:00:00+05:30,2025-07-15 11:50:00+05:30,2025-07-15 11:50:00+05:30,1490.6,-4.2000000000000455,-0.280974043350284,50.0,0.0,0.0,0.28,-1.0,0.0,RELIANCE,True,False
Sell,2025-07-15 13:35:00+05:30,1487.4,1489.0,1482.7,2025-07-15 13:55:00+05:30,2025-07-15 14:55:00+05:30,2025-07-15 15:05:00+05:30,1483.9,3.5,0.2353099368024741,90.0,0.0,0.32,0.11,2.19,70.0,RELIANCE,True,False
Sell,2025-07-15 15:10:00+05:30,1487.1,1487.1,1486.8,2025-07-15 15:10:00+05:30,2025-07-15 15:15:00+05:30,2025-07-15 15:15:00+05:30,1486.8,0.2999999999999545,0.0201734920314675,5.0,0.0,0.02,0.0,,5.0,RELIANCE,True,False
Buy,2025-07-16 09:15:00+05:30,3238.4,3241.1,3238.4,2025-07-16 09:20:00+05:30,2025-07-16 09:15:00+05:30,2025-07-16 09:20:00+05:30,3241.1,2.699999999999818,0.0833745059288481,5.0,0.0,0.08,0.0,,5.0,TCS,True,False
Sell,2025-07-16 09:20:00+05:30,1479.9,1480.1,1475.0,2025-07-16 09:35:00+05:30,2025-07-16 10:05:00+05:30,2025-07-16 10:35:00+05:30,1479.4,0.5,0.0337860666261233,75.0,0.0,0.33,0.01,2.5,60.0,RELIANCE,True,False
Sell,2025-07-16 09:35:00+05:30,3229.2,3235.0,3229.2,2025-07-16 10:45:00+05:30,2025-07-16 09:35:00+05:30,2025-07-16 11:05:00+05:30,3230.7,-1.5,-0.0464511334076551,90.0,0.0,0.0,0.18,-0.26,20.0,TCS,True,False
Buy,2025-07-16 09:50:00+05:30,1595.0,1599.7,1592.9,2025-07-16 09:55:00+05:30,2025-07-16 10:10:00+05:30,2025-07-16 10:20:00+05:30,1593.2,-1.7999999999999543,-0.1128526645767996,30.0,0.0,0.29,0.13,-0.86,10.0,INFY,True,False
Sell,2025-07-16 09:50:00+05:30,25156.45,25156.45,25126.6,2025-07-16 09:50:00+05:30,2025-07-16 10:45:00+05:30,2025-07-16 11:20:00+05:30,25141.1,15.350000000002185,0.0610181484271516,90.0,0.0,0.12,0.0,,90.0,NIFTY,True,False
Buy,2025-07-16 10:25:00+05:30,1594.0,1594.0,1591.1,2025-07-16 10:25:00+05:30,2025-07-16 10:35:00+05:30,2025-07-16 10:35:00+05:30,1591.1,-2.900000000000091,-0.181932245922214,10.0,0.0,0.0,0.18,-1.0,0.0,INFY,True,False
Buy,2025-07-16 11:50:00+05:30,1601.4,1609.0,1597.7,2025-07-16 13:05:00+05:30,2025-07-16 12:00:00+05:30,2025-07-16 13:35:00+05:30,1605.6,4.199999999999818,0.2622705133008504,105.0,0.0,0.47,0.23,1.14,95.0,INFY,True,False
Buy,2025-07-16 12:05:00+05:30,57145.5,57258.1,57109.95,2025-07-16 12:45:00+05:30,2025-07-16 12:10:00+05:30,2025-07-16 13:50:00+05:30,57210.1,64.59999999999854,0.1130447716793072,105.0,0.0,0.2,0.06,1.82,100.0,BANKNIFTY,True,False
Buy,2025-07-16 12:20:00+05:30,25172.0,25249.05,25172.0,2025-07-16 14:15:00+05:30,2025-07-16 12:20:00+05:30,2025-07-16 14:50:00+05:30,25222.45,50.45000000000073,0.2004211028126518,150.0,0.0,0.31,0.0,,150.0,NIFTY,True,False
Buy,2025-07-16 13:05:00+05:30,3242.3,3243.0,3237.7,2025-07-16 13:15:00+05:30,2025-07-16 13:45:00+05:30,2025-07-16 13:50:00+05:30,3239.5,-2.800000000000182,-0.0863584492489955,45.0,0.0,0.02,0.14,-0.61,5.0,TCS,True,False
Buy,2025-07-16 14:20:00+05:30,1487.7,1487.7,1484.3,2025-07-16 14:20:00+05:30,2025-07-16 14:50:00+05:30,2025-07-16 15:15:00+05:30,1486.1,-1.6000000000001364,-0.1075485648988463,55.0,0.0,0.0,0.23,-0.47,25.0,RELIANCE,True,False
Buy,2025-07-16 14:20:00+05:30,3242.5,3243.4,3240.1,2025-07-16 14:30:00+05:30,2025-07-16 14:50:00+05:30,2025-07-16 14:50:00+05:30,3240.1,-2.400000000000091,-0.0740169622205116,30.0,0.0,0.03,0.07,-1.0,0.0,TCS,True,False
Sell,2025-07-16 15:05:00+05:30,3234.1,3234.1,3231.1,2025-07-16 15:05:00+05:30,2025-07-16 15:10:00+05:30,2025-07-16 15:15:00+05:30,3231.5,2.599999999999909,0.0803933088030645,10.0,0.0,0.09,0.0,,10.0,TCS,True,False
Sell,2025-07-17 09:15:00+05:30,3235.2,3239.1,3235.2,2025-07-17 09:20:00+05:30,2025-07-17 09:15:00+05:30,2025-07-17 09:20:00+05:30,3239.1,-3.900000000000091,-0.1205489614243351,5.0,0.0,0.0,0.12,-1.0,0.0,TCS,True,False
Sell,2025-07-17 09:25:00+05:30,3237.5,3237.5,3234.7,2025-07-17 09:25:00+05:30,2025-07-17 09:35:00+05:30,2025-07-17 09:35:00+05:30,3234.7,2.800000000000182,0.0864864864864921,10.0,0.0,0.09,0.0,,10.0,TCS,True,False
Sell,2025-07-17 09:35:00+05:30,57023.95,57078.85,56938.65,2025-07-17 10:00:00+05:30,2025-07-17 10:35:00+05:30,2025-07-17 11:05:00+05:30,56955.85,68.09999999999854,0.1194235053867691,90.0,0.0,0.15,0.1,1.24,65.0,BANKNIFTY,True,False
Sell,2025-07-17 10:05:00+05:30,1480.2,1481.0,1478.2,2025-07-17 10:45:00+05:30,2025-07-17 10:25:00+05:30,2025-07-17 10:50:00+05:30,1480.9,-0.7000000000000455,-0.0472909066342416,45.0,0.0,0.14,0.05,-0.88,5.0,RELIANCE,True,False
Sell,2025-07-17 10:05:00+05:30,25170.0,25170.0,25148.9,2025-07-17 10:05:00+05:30,2025-07-17 10:40:00+05:30,2025-07-17 11:05:00+05:30,25153.85,16.150000000001455,0.0641636869288893,60.0,0.0,0.08,0.0,,60.0,NIFTY,True,False
Sell,2025-07-17 10:05:00+05:30,3231.5,3232.7,3225.0,2025-07-17 10:15:00+05:30,2025-07-17 10:45:00+05:30,2025-07-17 11:05:00+05:30,3228.7,2.800000000000182,0.0866470679251178,60.0,0.0,0.2,0.04,2.33,50.0,TCS,True,False
Sell,2025-07-17 10:20:00+05:30,1594.9,1596.8,1590.9,2025-07-17 11:35:00+05:30,2025-07-17 11:00:00+05:30,2025-07-17 11:35:00+05:30,1596.8,-1.899999999999864,-0.1191297260016216,75.0,0.0,0.25,0.12,-1.0,0.0,INFY,True,False
Sell,2025-07-17 11:10:00+05:30,3232.5,3232.5,3230.0,2025-07-17 11:10:00+05:30,2025-07-17 11:20:00+05:30,2025-07-17 11:20:00+05:30,3230.0,2.5,0.0773395204949729,10.0,0.0,0.08,0.0,,10.0,TCS,True,False
Sell,2025-07-17 12:20:00+05:30,56924.0,56924.0,56867.3,2025-07-17 12:20:00+05:30,2025-07-17 13:20:00+05:30,2025-07-17 13:35:00+05:30,56901.3,22.69999999999709,0.0398777317124536,75.0,0.0,0.1,0.0,,75.0,BANKNIFTY,True,False
Buy,2025-07-17 12:20:00+05:30,1484.6,1485.3,1482.4,2025-07-17 12:40:00+05:30,2025-07-17 13:05:00+05:30,2025-07-17 13:05:00+05:30,1482.4,-2.199999999999818,-0.1481880641250046,45.0,0.0,0.05,0.15,-1.0,0.0,RELIANCE,True,False
Sell,2025-07-17 12:35:00+05:30,1590.5,1592.2,1587.2,2025-07-17 12:40:00+05:30,2025-07-17 13:20:00+05:30,2025-07-17 13:50:00+05:30,1589.2,1.2999999999999543,0.0817353033637192,75.0,0.0,0.21,0.11,0.76,70.0,INFY,True,False
Sell,2025-07-17 12:35:00+05:30,3226.4,3229.5,3217.6,2025-07-17 12:40:00+05:30,2025-07-17 13:30:00+05:30,2025-07-17 14:05:00+05:30,3220.5,5.900000000000091,0.182866352591126,90.0,0.0,0.27,0.1,1.9,85.0,TCS,True,False
Sell,2025-07-17 12:40:00+05:30,25193.55,25193.55,25157.55,2025-07-17 12:40:00+05:30,2025-07-17 13:20:00+05:30,2025-07-17 13:50:00+05:30,25179.45,14.099999999998545,0.0559667057639695,70.0,0.0,0.14,0.0,,70.0,NIFTY,True,False
Sell,2025-07-17 13:20:00+05:30,1481.6,1481.6,1474.9,2025-07-17 13:20:00+05:30,2025-07-17 14:30:00+05:30,2025-07-17 15:15:00+05:30,1478.5,3.099999999999909,0.2092332613390867,115.0,0.0,0.45,0.0,,115.0,RELIANCE,True,False
Sell,2025-07-17 14:15:00+05:30,25146.35,25151.3,25107.2,2025-07-17 14:20:00+05:30,2025-07-17 15:00:00+05:30,2025-07-17 15:15:00+05:30,25113.15,33.19999999999709,0.1320271132788539,60.0,0.0,0.16,0.02,6.71,55.0,NIFTY,True,False
Sell,2025-07-17 14:30:00+05:30,56873.1,56903.0,56873.1,2025-07-17 14:35:00+05:30,2025-07-17 14:30:00+05:30,2025-07-17 14:35:00+05:30,56903.0,-29.90000000000145,-0.0525731848624419,5.0,0.0,0.0,0.05,-1.0,0.0,BANKNIFTY,True,False
Sell,2025-07-17 14:30:00+05:30,3218.7,3219.9,3206.4,2025-07-17 14:35:00+05:30,2025-07-17 15:15:00+05:30,2025-07-17 15:15:00+05:30,3206.4,12.299999999999727,0.3821418585142985,45.0,0.0,0.38,0.04,10.25,40.0,TCS,True,False
Sell,2025-07-17 14:55:00+05:30,1585.3,1585.3,1581.8,2025-07-17 14:55:00+05:30,2025-07-17 15:15:00+05:30,2025-07-17 15:15:00+05:30,1581.8,3.5,0.2207784015643726,20.0,0.0,0.22,0.0,,20.0,INFY,True,False
Sell,2025-07-17 15:05:00+05:30,56855.65,56855.65,56807.45,2025-07-17 15:05:00+05:30,2025-07-17 15:15:00+05:30,2025-07-17 15:15:00+05:30,56807.45,48.200000000004366,0.0847760952517548,10.0,0.0,0.08,0.0,,10.0,BANKNIFTY,True,False
Sell,2025-07-18 09:15:00+05:30,1589.8,1589.8,1588.1,2025-07-18 09:15:00+05:30,2025-07-18 09:20:00+05:30,2025-07-18 09:20:00+05:30,1588.1,1.7000000000000457,0.1069316895206972,5.0,0.0,0.11,0.0,,5.0,INFY,True,False
Sell,2025-07-18 09:15:00+05:30,56567.85,56567.85,56222.1,2025-07-18 09:15:00+05:30,2025-07-18 10:55:00+05:30,2025-07-18 11:20:00+05:30,56354.65,213.1999999999971,0.3768925281763353,125.0,0.0,0.61,0.0,,125.0,BANKNIFTY,True,False
Sell,2025-07-18 09:15:00+05:30,25086.7,25086.7,24931.0,2025-07-18 09:15:00+05:30,2025-07-18 10:55:00+05:30,2025-07-18 11:20:00+05:30,24967.3,119.40000000000146,0.475949407454952,125.0,0.0,0.62,0.0,,125.0,NIFTY,True,False
Sell,2025-07-18 09:15:00+05:30,3215.5,3215.5,3212.7,2025-07-18 09:15:00+05:30,2025-07-18 09:20:00+05:30,2025-07-18 09:20:00+05:30,3212.7,2.800000000000182,0.0870782148966002,5.0,0.0,0.09,0.0,,5.0,TCS,True,False
Sell,2025-07-18 10:10:00+05:30,3209.8,3210.0,3200.0,2025-07-18 10:20:00+05:30,2025-07-18 10:55:00+05:30,2025-07-18 11:20:00+05:30,3206.5,3.300000000000182,0.1028101439342071,70.0,0.0,0.31,0.01,16.5,60.0,TCS,True,False
Sell,2025-07-18 10:10:00+05:30,1476.6,1476.6,1469.5,2025-07-18 10:10:00+05:30,2025-07-18 11:40:00+05:30,2025-07-18 12:05:00+05:30,1471.6,5.0,0.3386157388595422,115.0,0.0,0.48,0.0,,115.0,RELIANCE,True,False
Sell,2025-07-18 10:20:00+05:30,1584.4,1588.3,1580.2,2025-07-18 11:05:00+05:30,2025-07-18 10:55:00+05:30,2025-07-18 11:05:00+05:30,1588.3,-3.899999999999864,-0.2461499621307664,45.0,0.0,0.27,0.25,-1.0,0.0,INFY,True,False
Sell,2025-07-18 12:20:00+05:30,3199.8,3201.3,3199.8,2025-07-18 12:30:00+05:30,2025-07-18 12:20:00+05:30,2025-07-18 12:35:00+05:30,3200.9,-1.099999999999909,-0.0343771485717828,15.0,0.0,0.0,0.05,-0.73,5.0,TCS,True,False
Sell,2025-07-18 12:40:00+05:30,3200.0,3200.3,3200.0,2025-07-18 12:45:00+05:30,2025-07-18 12:40:00+05:30,2025-07-18 12:50:00+05:30,3200.0,0.0,0.0,10.0,0.0,0.0,0.01,0.0,5.0,TCS,True,False
Sell,2025-07-18 13:05:00+05:30,3195.1,3195.5,3193.8,2025-07-18 13:10:00+05:30,2025-07-18 13:15:00+05:30,2025-07-18 13:35:00+05:30,3194.2,0.900000000000091,0.0281681324528212,30.0,0.0,0.04,0.01,2.25,25.0,TCS,True,False
Sell,2025-07-18 13:40:00+05:30,3195.8,3195.8,3193.7,2025-07-18 13:40:00+05:30,2025-07-18 13:50:00+05:30,2025-07-18 13:50:00+05:30,3193.7,2.100000000000364,0.0657112460104,10.0,0.0,0.07,0.0,,10.0,TCS,True,False
Sell,2025-07-18 13:55:00+05:30,3196.1,3196.4,3195.0,2025-07-18 14:00:00+05:30,2025-07-18 14:05:00+05:30,2025-07-18 14:05:00+05:30,3195.0,1.099999999999909,0.0344169456525111,10.0,0.0,0.03,0.01,3.67,5.0,TCS,True,False
Buy,2025-07-18 15:05:00+05:30,1474.9,1477.5,1474.9,2025-07-18 15:10:00+05:30,2025-07-18 15:05:00+05:30,2025-07-18 15:15:00+05:30,1474.9,0.0,0.0,10.0,0.0,0.18,0.0,,10.0,RELIANCE,True,False
Buy,2025-07-21 09:15:00+05:30,1448.5,1448.5,1447.7,2025-07-21 09:15:00+05:30,2025-07-21 09:20:00+05:30,2025-07-21 09:20:00+05:30,1447.7,-0.7999999999999545,-0.0552295478080741,5.0,0.0,0.0,0.06,-1.0,0.0,RELIANCE,True,False
Sell,2025-07-21 09:20:00+05:30,3169.0,3170.0,3160.8,2025-07-21 10:20:00+05:30,2025-07-21 09:25:00+05:30,2025-07-21 10:20:00+05:30,3170.0,-1.0,-0.0315556958030924,60.0,0.0,0.26,0.03,-1.0,0.0,TCS,True,False
Sell,2025-07-21 09:20:00+05:30,1570.2,1580.3,1570.2,2025-07-21 10:05:00+05:30,2025-07-21 09:20:00+05:30,2025-07-21 10:05:00+05:30,1580.3,-10.099999999999907,-0.643230161762827,45.0,0.0,0.0,0.64,-1.0,0.0,INFY,True,False
Sell,2025-07-21 09:25:00+05:30,1443.8,1448.2,1438.7,2025-07-21 09:55:00+05:30,2025-07-21 09:35:00+05:30,2025-07-21 11:05:00+05:30,1445.0,-1.2000000000000457,-0.0831140047097967,100.0,0.0,0.35,0.3,-0.27,70.0,RELIANCE,True,False
Buy,2025-07-21 09:50:00+05:30,56691.8,56807.6,56636.05,2025-07-21 11:30:00+05:30,2025-07-21 10:20:00+05:30,2025-07-21 11:35:00+05:30,56744.95,53.14999999999418,0.0937525356400646,105.0,0.0,0.2,0.1,0.95,75.0,BANKNIFTY,True,False
Buy,2025-07-21 10:05:00+05:30,25055.8,25074.95,25036.65,2025-07-21 11:05:00+05:30,2025-07-21 10:20:00+05:30,2025-07-21 11:35:00+05:30,25043.4,-12.399999999997815,-0.0494895393481661,90.0,0.0,0.08,0.08,-0.65,75.0,NIFTY,True,False
Sell,2025-07-21 12:15:00+05:30,1434.6,1436.0,1427.5,2025-07-21 12:45:00+05:30,2025-07-21 13:15:00+05:30,2025-07-21 13:20:00+05:30,1427.6,7.0,0.4879408894465356,65.0,0.0,0.49,0.1,5.0,35.0,RELIANCE,True,False
Buy,2025-07-21 12:50:00+05:30,56877.55,56912.95,56875.85,2025-07-21 13:15:00+05:30,2025-07-21 13:35:00+05:30,2025-07-21 13:35:00+05:30,56875.85,-1.7000000000043656,-0.0029888769822264,45.0,0.0,0.06,0.0,-1.0,0.0,BANKNIFTY,True,False
Buy,2025-07-21 13:10:00+05:30,25046.75,25048.8,25041.3,2025-07-21 13:15:00+05:30,2025-07-21 13:20:00+05:30,2025-07-21 13:20:00+05:30,25041.3,-5.450000000000728,-0.0217593100901343,10.0,0.0,0.01,0.02,-1.0,0.0,NIFTY,True,False
Sell,2025-07-21 13:25:00+05:30,1428.5,1428.5,1424.0,2025-07-21 13:25:00+05:30,2025-07-21 14:00:00+05:30,2025-07-21 14:05:00+05:30,1425.0,3.5,0.2450122506125306,40.0,0.0,0.32,0.0,,40.0,RELIANCE,True,False
Buy,2025-07-21 15:05:00+05:30,56935.95,56967.65,56935.95,2025-07-21 15:15:00+05:30,2025-07-21 15:05:00+05:30,2025-07-21 15:15:00+05:30,56967.65,31.70000000000437,0.0556765980017974,10.0,0.0,0.06,0.0,,10.0,BANKNIFTY,True,False
Buy,2025-07-21 15:05:00+05:30,25076.5,25094.75,25076.5,2025-07-21 15:15:00+05:30,2025-07-21 15:05:00+05:30,2025-07-21 15:15:00+05:30,25094.75,18.25,0.0727773014575399,10.0,0.0,0.07,0.0,,10.0,NIFTY,True,False
Buy,2025-07-22 09:15:00+05:30,57070.05,57105.75,56973.0,2025-07-22 10:20:00+05:30,2025-07-22 10:00:00+05:30,2025-07-22 10:35:00+05:30,57009.0,-61.05000000000291,-0.1069737979903695,80.0,0.0,0.06,0.17,-0.63,35.0,BANKNIFTY,True,False
Buy,2025-07-22 09:15:00+05:30,1572.1,1572.1,1572.0,2025-07-22 09:15:00+05:30,2025-07-22 09:20:00+05:30,2025-07-22 09:20:00+05:30,1572.0,-0.099999999999909,-0.006360918516628,5.0,0.0,0.0,0.01,-1.0,0.0,INFY,True,False
Buy,2025-07-22 09:15:00+05:30,25131.75,25139.55,25092.7,2025-07-22 09:20:00+05:30,2025-07-22 10:05:00+05:30,2025-07-22 10:20:00+05:30,25119.95,-11.799999999999272,-0.0469525600087509,65.0,0.0,0.03,0.16,-0.3,15.0,NIFTY,True,False
Sell,2025-07-22 09:50:00+05:30,1574.5,1578.9,1572.0,2025-07-22 10:20:00+05:30,2025-07-22 10:05:00+05:30,2025-07-22 10:20:00+05:30,1578.9,-4.400000000000091,-0.2794537948555154,30.0,0.0,0.16,0.28,-1.0,0.0,INFY,True,False
Buy,2025-07-22 10:35:00+05:30,3166.0,3178.5,3166.0,2025-07-22 11:10:00+05:30,2025-07-22 10:35:00+05:30,2025-07-22 11:35:00+05:30,3169.0,3.0,0.094756790903348,60.0,0.0,0.39,0.0,,60.0,TCS,True,False
Sell,2025-07-22 11:20:00+05:30,1413.2,1414.4,1411.3,2025-07-22 11:50:00+05:30,2025-07-22 11:35:00+05:30,2025-07-22 11:50:00+05:30,1414.4,-1.2000000000000457,-0.0849136711010504,30.0,0.0,0.13,0.08,-1.0,0.0,RELIANCE,True,False
Sell,2025-07-22 12:30:00+05:30,1577.8,1577.8,1569.6,2025-07-22 12:30:00+05:30,2025-07-22 13:40:00+05:30,2025-07-22 14:20:00+05:30,1571.1,6.7000000000000455,0.4246419064520247,110.0,0.0,0.52,0.0,,110.0,INFY,True,False
Sell,2025-07-22 12:50:00+05:30,3159.0,3164.1,3159.0,2025-07-22 13:20:00+05:30,2025-07-22 12:50:00+05:30,2025-07-22 13:20:00+05:30,3164.1,-5.099999999999909,-0.1614434947768252,30.0,0.0,0.0,0.16,-1.0,0.0,TCS,True,False
Buy,2025-07-22 12:50:00+05:30,25107.8,25115.55,25099.3,2025-07-22 12:55:00+05:30,2025-07-22 13:05:00+05:30,2025-07-22 13:05:00+05:30,25099.3,-8.5,-0.0338540214594667,15.0,0.0,0.03,0.03,-1.0,0.0,NIFTY,True,False
Sell,2025-07-22 13:50:00+05:30,56839.6,56864.8,56756.55,2025-07-22 14:05:00+05:30,2025-07-22 14:20:00+05:30,2025-07-22 15:15:00+05:30,56756.65,82.94999999999709,0.1459369875931517,85.0,0.0,0.15,0.04,3.29,70.0,BANKNIFTY,True,False
Sell,2025-07-22 14:40:00+05:30,1568.5,1570.0,1568.5,2025-07-22 14:50:00+05:30,2025-07-22 14:40:00+05:30,2025-07-22 15:05:00+05:30,1569.7,-1.2000000000000457,-0.0765062161300634,25.0,0.0,0.0,0.1,-0.8,15.0,INFY,True,False
Sell,2025-07-22 14:50:00+05:30,3160.0,3160.1,3160.0,2025-07-22 14:55:00+05:30,2025-07-22 14:50:00+05:30,2025-07-22 15:15:00+05:30,3160.0,0.0,0.0,25.0,0.0,0.0,0.0,0.0,20.0,TCS,True,False
Sell,2025-07-22 14:50:00+05:30,25074.6,25074.6,25054.0,2025-07-22 14:50:00+05:30,2025-07-22 15:00:00+05:30,2025-07-22 15:15:00+05:30,25064.65,9.94999999999709,0.0396815901350254,25.0,0.0,0.08,0.0,,25.0,NIFTY,True,False
Sell,2025-07-23 09:15:00+05:30,25132.6,25132.6,25123.65,2025-07-23 09:15:00+05:30,2025-07-23 09:20:00+05:30,2025-07-23 09:20:00+05:30,25123.65,8.94999999999709,0.0356111186267918,5.0,0.0,0.04,0.0,,5.0,NIFTY,True,False
Sell,2025-07-23 09:15:00+05:30,56814.75,56814.75,56805.15,2025-07-23 09:15:00+05:30,2025-07-23 09:20:00+05:30,2025-07-23 09:20:00+05:30,56805.15,9.599999999998545,0.0168970205800404,5.0,0.0,0.02,0.0,,5.0,BANKNIFTY,True,False
Buy,2025-07-23 09:50:00+05:30,25106.55,25185.8,25094.9,2025-07-23 12:35:00+05:30,2025-07-23 10:00:00+05:30,2025-07-23 13:05:00+05:30,25169.45,62.900000000001455,0.2505322316288039,195.0,0.0,0.32,0.05,5.4,185.0,NIFTY,True,False
Buy,2025-07-23 10:05:00+05:30,1577.1,1581.9,1576.5,2025-07-23 10:55:00+05:30,2025-07-23 10:20:00+05:30,2025-07-23 11:35:00+05:30,1579.5,2.400000000000091,0.1521780483165361,90.0,0.0,0.3,0.04,4.0,75.0,INFY,True,False
Sell,2025-07-23 10:10:00+05:30,56761.1,56778.45,56743.85,2025-07-23 10:20:00+05:30,2025-07-23 10:15:00+05:30,2025-07-23 10:20:00+05:30,56778.45,-17.349999999998545,-0.0305667085380631,10.0,0.0,0.03,0.03,-1.0,0.0,BANKNIFTY,True,False
Buy,2025-07-23 10:50:00+05:30,3167.7,3174.2,3167.3,2025-07-23 11:00:00+05:30,2025-07-23 11:20:00+05:30,2025-07-23 11:50:00+05:30,3168.4,0.7000000000002728,0.0220980522145491,60.0,0.0,0.21,0.01,1.75,30.0,TCS,True,False
Buy,2025-07-23 11:30:00+05:30,1418.1,1422.1,1418.1,2025-07-23 12:20:00+05:30,2025-07-23 11:30:00+05:30,2025-07-23 12:50:00+05:30,1420.0,1.900000000000091,0.1339820887102525,80.0,0.0,0.28,0.0,,80.0,RELIANCE,True,False
Buy,2025-07-23 11:50:00+05:30,56871.3,57237.0,56871.3,2025-07-23 14:45:00+05:30,2025-07-23 11:50:00+05:30,2025-07-23 14:50:00+05:30,57198.75,327.4499999999971,0.5757737206640204,180.0,0.0,0.64,0.0,,180.0,BANKNIFTY,True,False
Buy,2025-07-23 12:10:00+05:30,1585.9,1591.5,1583.1,2025-07-23 12:20:00+05:30,2025-07-23 13:05:00+05:30,2025-07-23 13:05:00+05:30,1583.1,-2.800000000000182,-0.1765558988587036,55.0,0.0,0.35,0.18,-1.0,0.0,INFY,True,False
Buy,2025-07-23 12:10:00+05:30,3170.9,3178.0,3170.9,2025-07-23 12:35:00+05:30,2025-07-23 12:10:00+05:30,2025-07-23 12:50:00+05:30,3172.0,1.099999999999909,0.0346904664290866,40.0,0.0,0.22,0.0,,40.0,TCS,True,False
Buy,2025-07-23 13:45:00+05:30,3171.7,3171.7,3170.9,2025-07-23 13:45:00+05:30,2025-07-23 13:50:00+05:30,2025-07-23 13:50:00+05:30,3170.9,-0.7999999999997272,-0.0252230664943004,5.0,0.0,0.0,0.03,-1.0,0.0,TCS,True,False
Buy,2025-07-23 13:45:00+05:30,1421.5,1423.2,1421.3,2025-07-23 14:15:00+05:30,2025-07-23 13:50:00+05:30,2025-07-23 14:20:00+05:30,1422.5,1.0,0.0703482237073513,35.0,0.0,0.12,0.01,5.0,30.0,RELIANCE,True,False
Buy,2025-07-23 14:00:00+05:30,25186.15,25231.05,25186.1,2025-07-23 15:05:00+05:30,2025-07-23 14:05:00+05:30,2025-07-23 15:15:00+05:30,25218.65,32.5,0.1290391743081018,75.0,0.0,0.18,0.0,650.0,70.0,NIFTY,True,False
Buy,2025-07-23 14:15:00+05:30,3175.5,3177.9,3175.0,2025-07-23 14:25:00+05:30,2025-07-23 14:40:00+05:30,2025-07-23 14:50:00+05:30,3175.0,-0.5,-0.0157455518815934,35.0,0.0,0.08,0.02,-1.0,10.0,TCS,True,False
Buy,2025-07-23 14:25:00+05:30,1420.5,1425.1,1420.5,2025-07-23 15:10:00+05:30,2025-07-23 14:25:00+05:30,2025-07-23 15:15:00+05:30,1425.0,4.5,0.3167898627243928,50.0,0.0,0.32,0.0,,50.0,RELIANCE,True,False
Buy,2025-07-23 14:30:00+05:30,1588.5,1589.0,1585.4,2025-07-23 14:35:00+05:30,2025-07-23 14:50:00+05:30,2025-07-23 14:50:00+05:30,1585.4,-3.099999999999909,-0.1951526597418891,20.0,0.0,0.03,0.2,-1.0,0.0,INFY,True,False
Buy,2025-07-23 14:55:00+05:30,3175.1,3180.2,3175.1,2025-07-23 15:00:00+05:30,2025-07-23 14:55:00+05:30,2025-07-23 15:15:00+05:30,3176.5,1.400000000000091,0.044093099429942,20.0,0.0,0.16,0.0,,20.0,TCS,True,False
Buy,2025-07-23 14:55:00+05:30,1585.0,1588.6,1570.6,2025-07-23 15:00:00+05:30,2025-07-23 15:15:00+05:30,2025-07-23 15:15:00+05:30,1570.6,-14.400000000000093,-0.9085173501577344,20.0,0.0,0.23,0.91,-1.0,0.0,INFY,True,False
Sell,2025-07-24 09:15:00+05:30,1561.7,1566.8,1554.8,2025-07-24 09:35:00+05:30,2025-07-24 10:05:00+05:30,2025-07-24 10:50:00+05:30,1561.8,-0.099999999999909,-0.0064032784785752,95.0,0.0,0.44,0.33,-0.02,75.0,INFY,True,False
Buy,2025-07-24 09:15:00+05:30,1420.6,1420.6,1418.5,2025-07-24 09:15:00+05:30,2025-07-24 09:20:00+05:30,2025-07-24 09:20:00+05:30,1418.5,-2.099999999999909,-0.1478248627340496,5.0,0.0,0.0,0.15,-1.0,0.0,RELIANCE,True,False
Sell,2025-07-24 09:35:00+05:30,3159.2,3165.1,3158.2,2025-07-24 10:00:00+05:30,2025-07-24 09:40:00+05:30,2025-07-24 10:35:00+05:30,3164.4,-5.200000000000273,-0.164598632565215,60.0,0.0,0.03,0.19,-0.88,35.0,TCS,True,False
Sell,2025-07-24 09:50:00+05:30,1415.7,1417.6,1400.5,2025-07-24 10:20:00+05:30,2025-07-24 11:20:00+05:30,2025-07-24 12:50:00+05:30,1404.4,11.299999999999956,0.7981917072826131,180.0,0.0,1.07,0.13,5.95,150.0,RELIANCE,True,False
Sell,2025-07-24 11:20:00+05:30,25114.1,25114.1,25037.55,2025-07-24 11:20:00+05:30,2025-07-24 12:00:00+05:30,2025-07-24 13:05:00+05:30,25056.9,57.19999999999709,0.2277605010730908,105.0,0.0,0.3,0.0,,105.0,NIFTY,True,False
Sell,2025-07-24 11:25:00+05:30,3154.4,3157.1,3140.2,2025-07-24 11:45:00+05:30,2025-07-24 12:55:00+05:30,2025-07-24 13:20:00+05:30,3141.0,13.400000000000093,0.424803449150396,115.0,0.0,0.45,0.09,4.96,95.0,TCS,True,False
Sell,2025-07-24 11:35:00+05:30,56948.35,56963.3,56868.95,2025-07-24 12:30:00+05:30,2025-07-24 12:55:00+05:30,2025-07-24 13:05:00+05:30,56897.25,51.09999999999855,0.089730431171401,90.0,0.0,0.14,0.03,3.42,35.0,BANKNIFTY,True,False
Sell,2025-07-24 12:05:00+05:30,1551.9,1555.6,1551.9,2025-07-24 12:15:00+05:30,2025-07-24 12:05:00+05:30,2025-07-24 12:20:00+05:30,1555.1,-3.199999999999818,-0.2061988530188683,15.0,0.0,0.0,0.24,-0.86,5.0,INFY,True,False
Sell,2025-07-24 13:30:00+05:30,1551.3,1551.3,1550.7,2025-07-24 13:30:00+05:30,2025-07-24 13:35:00+05:30,2025-07-24 13:35:00+05:30,1550.7,0.599999999999909,0.0386772384451691,5.0,0.0,0.04,0.0,,5.0,INFY,True,False
Buy,2025-07-24 14:05:00+05:30,57104.65,57120.35,57053.1,2025-07-24 14:15:00+05:30,2025-07-24 14:55:00+05:30,2025-07-24 15:05:00+05:30,57092.6,-12.05000000000291,-0.021101609063365,60.0,0.0,0.03,0.09,-0.23,10.0,BANKNIFTY,True,False
Sell,2025-07-24 14:55:00+05:30,25049.05,25069.8,25049.05,2025-07-24 15:00:00+05:30,2025-07-24 14:55:00+05:30,2025-07-24 15:05:00+05:30,25068.1,-19.049999999999272,-0.076050788353248,10.0,0.0,0.0,0.08,-0.92,5.0,NIFTY,True,False
Sell,2025-07-24 15:10:00+05:30,25069.0,25069.0,25058.25,2025-07-24 15:10:00+05:30,2025-07-24 15:15:00+05:30,2025-07-24 15:15:00+05:30,25058.25,10.75,0.0428816466552315,5.0,0.0,0.04,0.0,,5.0,NIFTY,True,False
Sell,2025-07-25 09:15:00+05:30,24934.5,24990.85,24852.05,2025-07-25 09:25:00+05:30,2025-07-25 10:35:00+05:30,2025-07-25 11:20:00+05:30,24888.65,45.84999999999855,0.1838817702380177,125.0,0.0,0.33,0.23,0.81,115.0,NIFTY,True,False
Sell,2025-07-25 09:35:00+05:30,1399.5,1399.5,1386.0,2025-07-25 09:35:00+05:30,2025-07-25 10:15:00+05:30,2025-07-25 10:50:00+05:30,1391.9,7.599999999999909,0.5430510896748774,75.0,0.0,0.96,0.0,,75.0,RELIANCE,True,False
Sell,2025-07-25 09:35:00+05:30,1539.5,1539.5,1530.2,2025-07-25 09:35:00+05:30,2025-07-25 09:50:00+05:30,2025-07-25 11:05:00+05:30,1532.3,7.2000000000000455,0.4676843130886681,90.0,0.0,0.6,0.0,,90.0,INFY,True,False
Sell,2025-07-25 10:05:00+05:30,56966.9,56966.9,56474.65,2025-07-25 10:05:00+05:30,2025-07-25 12:30:00+05:30,2025-07-25 12:50:00+05:30,56502.5,464.4000000000015,0.8152102361195738,165.0,0.0,0.86,0.0,,165.0,BANKNIFTY,True,False
Buy,2025-07-25 11:20:00+05:30,3152.6,3152.6,3149.7,2025-07-25 11:20:00+05:30,2025-07-25 11:35:00+05:30,2025-07-25 11:35:00+05:30,3149.7,-2.900000000000091,-0.0919875658186922,15.0,0.0,0.0,0.09,-1.0,0.0,TCS,True,False
Sell,2025-07-25 11:55:00+05:30,1522.5,1523.3,1518.0,2025-07-25 12:50:00+05:30,2025-07-25 12:30:00+05:30,2025-07-25 12:50:00+05:30,1523.3,-0.7999999999999545,-0.0525451559934288,55.0,0.0,0.3,0.05,-1.0,0.0,INFY,True,False
Sell,2025-07-25 12:05:00+05:30,3139.4,3140.1,3138.8,2025-07-25 12:25:00+05:30,2025-07-25 12:20:00+05:30,2025-07-25 12:35:00+05:30,3139.9,-0.5,-0.0159266101802892,30.0,0.0,0.02,0.02,-0.71,10.0,TCS,True,False
Sell,2025-07-25 12:40:00+05:30,3143.6,3148.1,3143.6,2025-07-25 12:45:00+05:30,2025-07-25 12:40:00+05:30,2025-07-25 12:50:00+05:30,3146.1,-2.5,-0.0795266573355388,10.0,0.0,0.0,0.14,-0.56,5.0,TCS,True,False
Sell,2025-07-25 13:35:00+05:30,3141.8,3141.8,3133.9,2025-07-25 13:35:00+05:30,2025-07-25 14:50:00+05:30,2025-07-25 15:15:00+05:30,3137.1,4.700000000000273,0.1495957731236957,100.0,0.0,0.25,0.0,,100.0,TCS,True,False
Sell,2025-07-25 14:05:00+05:30,1515.0,1516.8,1511.6,2025-07-25 14:20:00+05:30,2025-07-25 14:15:00+05:30,2025-07-25 14:20:00+05:30,1516.8,-1.7999999999999543,-0.1188118811881158,15.0,0.0,0.22,0.12,-1.0,0.0,INFY,True,False
Sell,2025-07-28 09:20:00+05:30,1389.4,1398.4,1389.4,2025-07-28 09:30:00+05:30,2025-07-28 09:20:00+05:30,2025-07-28 09:35:00+05:30,1395.3,-5.899999999999864,-0.4246437311069428,15.0,0.0,0.0,0.65,-0.66,5.0,RELIANCE,True,False
Sell,2025-07-28 09:20:00+05:30,3095.4,3106.9,3088.3,2025-07-28 10:15:00+05:30,2025-07-28 09:40:00+05:30,2025-07-28 10:20:00+05:30,3106.9,-11.5,-0.3715190282354461,60.0,0.0,0.23,0.37,-1.0,5.0,TCS,True,False
Sell,2025-07-28 09:35:00+05:30,1503.1,1505.0,1501.1,2025-07-28 09:50:00+05:30,2025-07-28 09:40:00+05:30,2025-07-28 09:50:00+05:30,1505.0,-1.900000000000091,-0.1264054287805263,15.0,0.0,0.13,0.13,-1.0,0.0,INFY,True,False
Sell,2025-07-28 09:35:00+05:30,56435.85,56435.85,56349.1,2025-07-28 09:35:00+05:30,2025-07-28 09:40:00+05:30,2025-07-28 10:05:00+05:30,56416.3,19.549999999995634,0.0346411013566653,30.0,0.0,0.15,0.0,,30.0,BANKNIFTY,True,False
Sell,2025-07-28 09:55:00+05:30,1506.8,1509.7,1506.8,2025-07-28 10:05:00+05:30,2025-07-28 09:55:00+05:30,2025-07-28 10:05:00+05:30,1509.7,-2.900000000000091,-0.192460844173088,10.0,0.0,0.0,0.19,-1.0,0.0,INFY,True,False
Buy,2025-07-28 10:20:00+05:30,1405.0,1405.9,1399.2,2025-07-28 10:25:00+05:30,2025-07-28 10:45:00+05:30,2025-07-28 11:35:00+05:30,1402.6,-2.400000000000091,-0.1708185053380847,75.0,0.0,0.06,0.41,-0.41,50.0,RELIANCE,True,False
Sell,2025-07-28 12:50:00+05:30,56296.75,56296.75,56037.05,2025-07-28 12:50:00+05:30,2025-07-28 14:00:00+05:30,2025-07-28 14:35:00+05:30,56124.9,171.84999999999854,0.3052574082873319,105.0,0.0,0.46,0.0,,105.0,BANKNIFTY,True,False
Sell,2025-07-28 12:50:00+05:30,24746.65,24746.65,24668.4,2025-07-28 12:50:00+05:30,2025-07-28 13:40:00+05:30,2025-07-28 14:35:00+05:30,24695.95,50.70000000000073,0.2048762155685748,105.0,0.0,0.32,0.0,,105.0,NIFTY,True,False
Sell,2025-07-28 13:05:00+05:30,1395.4,1395.4,1391.4,2025-07-28 13:05:00+05:30,2025-07-28 13:30:00+05:30,2025-07-28 14:35:00+05:30,1394.8,0.6000000000001364,0.0429984233911521,90.0,0.0,0.29,0.0,,90.0,RELIANCE,True,False
Sell,2025-07-28 14:20:00+05:30,3085.7,3085.7,3072.0,2025-07-28 14:20:00+05:30,2025-07-28 14:50:00+05:30,2025-07-28 15:05:00+05:30,3081.6,4.099999999999909,0.1328709855138188,45.0,0.0,0.44,0.0,,45.0,TCS,True,False
Buy,2025-07-28 15:05:00+05:30,1517.0,1518.5,1517.0,2025-07-28 15:10:00+05:30,2025-07-28 15:05:00+05:30,2025-07-28 15:15:00+05:30,1517.8,0.7999999999999545,0.052735662491757,10.0,0.0,0.1,0.0,,10.0,INFY,True,False
Sell,2025-07-28 15:10:00+05:30,1385.9,1388.1,1385.9,2025-07-28 15:15:00+05:30,2025-07-28 15:10:00+05:30,2025-07-28 15:15:00+05:30,1388.1,-2.199999999999818,-0.1587416119489009,5.0,0.0,0.0,0.16,-1.0,0.0,RELIANCE,True,False
Sell,2025-07-28 15:10:00+05:30,3081.7,3081.7,3081.3,2025-07-28 15:10:00+05:30,2025-07-28 15:15:00+05:30,2025-07-28 15:15:00+05:30,3081.3,0.3999999999996362,0.0129798487847498,5.0,0.0,0.01,0.0,,5.0,TCS,True,False
Buy,2025-07-29 09:15:00+05:30,1503.2,1503.2,1500.3,2025-07-29 09:15:00+05:30,2025-07-29 09:20:00+05:30,2025-07-29 09:20:00+05:30,1500.3,-2.900000000000091,-0.1929217668972918,5.0,0.0,0.0,0.19,-1.0,0.0,INFY,True,False
Sell,2025-07-29 09:15:00+05:30,1395.1,1395.1,1394.7,2025-07-29 09:15:00+05:30,2025-07-29 09:20:00+05:30,2025-07-29 09:20:00+05:30,1394.7,0.3999999999998636,0.0286717798007213,5.0,0.0,0.03,0.0,,5.0,RELIANCE,True,False
Sell,2025-07-29 09:25:00+05:30,3065.8,3067.1,3054.3,2025-07-29 09:50:00+05:30,2025-07-29 10:20:00+05:30,2025-07-29 10:35:00+05:30,3055.1,10.700000000000273,0.3490116772131343,70.0,0.0,0.38,0.04,8.23,45.0,TCS,True,False
Sell,2025-07-29 10:05:00+05:30,1506.0,1506.0,1502.9,2025-07-29 10:05:00+05:30,2025-07-29 10:30:00+05:30,2025-07-29 11:05:00+05:30,1505.4,0.599999999999909,0.0398406374501931,60.0,0.0,0.21,0.0,,60.0,INFY,True,False
Sell,2025-07-29 10:40:00+05:30,3058.1,3058.1,3047.3,2025-07-29 10:40:00+05:30,2025-07-29 11:00:00+05:30,2025-07-29 11:20:00+05:30,3052.0,6.099999999999909,0.1994702593113341,40.0,0.0,0.35,0.0,,40.0,TCS,True,False
Sell,2025-07-29 10:50:00+05:30,55949.35,55967.6,55949.35,2025-07-29 11:05:00+05:30,2025-07-29 10:50:00+05:30,2025-07-29 11:05:00+05:30,55967.6,-18.25,-0.032618788243295,15.0,0.0,0.0,0.03,-1.0,0.0,BANKNIFTY,True,False
Sell,2025-07-29 11:05:00+05:30,1391.6,1394.8,1391.6,2025-07-29 11:15:00+05:30,2025-07-29 11:05:00+05:30,2025-07-29 11:20:00+05:30,1394.7,-3.1000000000001364,-0.2227651624029991,15.0,0.0,0.0,0.23,-0.97,5.0,RELIANCE,True,False
Sell,2025-07-29 12:50:00+05:30,1392.3,1393.7,1392.3,2025-07-29 13:05:00+05:30,2025-07-29 12:50:00+05:30,2025-07-29 13:05:00+05:30,1393.7,-1.400000000000091,-0.1005530417295188,15.0,0.0,0.0,0.1,-1.0,0.0,RELIANCE,True,False
Buy,2025-07-29 13:05:00+05:30,1510.0,1516.4,1509.7,2025-07-29 14:25:00+05:30,2025-07-29 13:20:00+05:30,2025-07-29 14:50:00+05:30,1510.8,0.7999999999999545,0.0529801324503281,105.0,0.0,0.42,0.02,2.67,90.0,INFY,True,False
Buy,2025-07-29 13:05:00+05:30,24728.0,24819.1,24728.0,2025-07-29 14:25:00+05:30,2025-07-29 13:05:00+05:30,2025-07-29 14:50:00+05:30,24791.95,63.95000000000073,0.2586137172436134,105.0,0.0,0.37,0.0,,105.0,NIFTY,True,False
Buy,2025-07-29 13:35:00+05:30,1397.4,1418.6,1397.4,2025-07-29 15:15:00+05:30,2025-07-29 13:35:00+05:30,2025-07-29 15:15:00+05:30,1418.6,21.199999999999815,1.5171031916416071,100.0,0.0,1.52,0.0,,100.0,RELIANCE,True,False
Buy,2025-07-29 13:50:00+05:30,56209.95,56273.85,56093.05,2025-07-29 14:20:00+05:30,2025-07-29 14:45:00+05:30,2025-07-29 14:50:00+05:30,56157.55,-52.39999999999418,-0.0932219295693986,60.0,0.0,0.11,0.21,-0.45,5.0,BANKNIFTY,True,False
Buy,2025-07-30 09:15:00+05:30,1421.6,1421.6,1409.3,2025-07-30 09:15:00+05:30,2025-07-30 09:50:00+05:30,2025-07-30 09:50:00+05:30,1409.3,-12.299999999999956,-0.8652222847495747,35.0,0.0,0.0,0.87,-1.0,0.0,RELIANCE,True,False
Buy,2025-07-30 09:15:00+05:30,24862.45,24877.2,24816.4,2025-07-30 09:40:00+05:30,2025-07-30 09:50:00+05:30,2025-07-30 10:05:00+05:30,24839.1,-23.350000000002183,-0.0939167298476303,50.0,0.0,0.06,0.19,-0.51,15.0,NIFTY,True,False
Sell,2025-07-30 10:40:00+05:30,1507.9,1510.1,1507.9,2025-07-30 11:05:00+05:30,2025-07-30 10:40:00+05:30,2025-07-30 11:05:00+05:30,1510.1,-2.199999999999818,-0.145898269115977,25.0,0.0,0.0,0.15,-1.0,0.0,INFY,True,False
Sell,2025-07-30 11:10:00+05:30,1511.1,1518.0,1511.1,2025-07-30 11:20:00+05:30,2025-07-30 11:10:00+05:30,2025-07-30 11:20:00+05:30,1518.0,-6.900000000000091,-0.456621004566216,10.0,0.0,0.0,0.46,-1.0,0.0,INFY,True,False
Buy,2025-07-30 11:15:00+05:30,3065.0,3065.3,3060.3,2025-07-30 11:25:00+05:30,2025-07-30 12:05:00+05:30,2025-07-30 12:05:00+05:30,3060.3,-4.699999999999818,-0.1533442088091294,50.0,0.0,0.01,0.15,-1.0,0.0,TCS,True,False
Buy,2025-07-30 11:20:00+05:30,56275.65,56318.4,56244.5,2025-07-30 11:25:00+05:30,2025-07-30 11:35:00+05:30,2025-07-30 12:05:00+05:30,56253.6,-22.05000000000291,-0.0391821329473811,45.0,0.0,0.08,0.06,-0.71,30.0,BANKNIFTY,True,False
Buy,2025-07-30 11:20:00+05:30,24879.6,24898.7,24860.85,2025-07-30 11:25:00+05:30,2025-07-30 11:45:00+05:30,2025-07-30 12:05:00+05:30,24861.75,-17.849999999998545,-0.0717455264554034,45.0,0.0,0.08,0.08,-0.95,20.0,NIFTY,True,False
Buy,2025-07-30 11:25:00+05:30,1520.1,1520.1,1516.0,2025-07-30 11:25:00+05:30,2025-07-30 12:15:00+05:30,2025-07-30 12:20:00+05:30,1516.1,-4.0,-0.263140582856391,55.0,0.0,0.0,0.27,-0.98,5.0,INFY,True,False
Buy,2025-07-30 12:10:00+05:30,56233.15,56285.65,56233.15,2025-07-30 12:20:00+05:30,2025-07-30 12:10:00+05:30,2025-07-30 12:35:00+05:30,56253.15,20.0,0.0355662096112346,25.0,0.0,0.09,0.0,,25.0,BANKNIFTY,True,False
Buy,2025-07-30 13:45:00+05:30,3060.7,3064.3,3060.5,2025-07-30 14:25:00+05:30,2025-07-30 14:00:00+05:30,2025-07-30 14:35:00+05:30,3061.4,0.7000000000002728,0.0228705851602663,50.0,0.0,0.12,0.01,3.5,35.0,TCS,True,False
Buy,2025-07-30 13:50:00+05:30,1517.4,1517.4,1516.0,2025-07-30 13:50:00+05:30,2025-07-30 14:00:00+05:30,2025-07-30 14:05:00+05:30,1517.1,-0.3000000000001819,-0.0197706603400673,15.0,0.0,0.0,0.09,-0.21,5.0,INFY,True,False
Buy,2025-07-30 14:20:00+05:30,1519.4,1521.1,1518.0,2025-07-30 14:35:00+05:30,2025-07-30 14:50:00+05:30,2025-07-30 14:50:00+05:30,1518.0,-1.400000000000091,-0.0921416348558701,30.0,0.0,0.11,0.09,-1.0,0.0,INFY,True,False
Buy,2025-07-30 14:40:00+05:30,3058.1,3058.1,3056.2,2025-07-30 14:40:00+05:30,2025-07-30 14:50:00+05:30,2025-07-30 14:50:00+05:30,3056.2,-1.900000000000091,-0.0621300807691079,10.0,0.0,0.0,0.06,-1.0,0.0,TCS,True,False
Buy,2025-07-30 14:55:00+05:30,1518.4,1519.9,1518.4,2025-07-30 15:00:00+05:30,2025-07-30 14:55:00+05:30,2025-07-30 15:15:00+05:30,1518.8,0.3999999999998636,0.0263435194941954,20.0,0.0,0.1,0.0,,20.0,INFY,True,False
Sell,2025-07-30 14:55:00+05:30,56169.2,56173.9,56137.85,2025-07-30 15:00:00+05:30,2025-07-30 15:05:00+05:30,2025-07-30 15:15:00+05:30,56145.75,23.44999999999709,0.0417488588051763,20.0,0.0,0.06,0.01,4.99,15.0,BANKNIFTY,True,False
Sell,2025-07-30 15:05:00+05:30,3054.6,3054.6,3051.5,2025-07-30 15:05:00+05:30,2025-07-30 15:15:00+05:30,2025-07-30 15:15:00+05:30,3051.5,3.099999999999909,0.101486282983039,10.0,0.0,0.1,0.0,,10.0,TCS,True,False
Sell,2025-07-31 09:15:00+05:30,55835.05,55874.55,55572.25,2025-07-31 09:20:00+05:30,2025-07-31 10:00:00+05:30,2025-07-31 10:50:00+05:30,55702.3,132.75,0.2377538839850595,95.0,0.0,0.47,0.07,3.36,90.0,BANKNIFTY,True,False
Sell,2025-07-31 09:15:00+05:30,3029.6,3035.7,3016.4,2025-07-31 09:20:00+05:30,2025-07-31 10:15:00+05:30,2025-07-31 11:05:00+05:30,3025.0,4.599999999999909,0.1518352257723761,110.0,0.0,0.44,0.2,0.75,105.0,TCS,True,False
Sell,2025-07-31 09:20:00+05:30,24718.65,24725.35,24661.9,2025-07-31 10:50:00+05:30,2025-07-31 10:00:00+05:30,2025-07-31 10:50:00+05:30,24725.35,-6.69999999999709,-0.0271050401215159,90.0,0.0,0.23,0.03,-1.0,0.0,NIFTY,True,False
Sell,2025-07-31 09:20:00+05:30,1389.5,1392.2,1386.6,2025-07-31 10:45:00+05:30,2025-07-31 10:30:00+05:30,2025-07-31 10:50:00+05:30,1390.9,-1.400000000000091,-0.1007556675063037,90.0,0.0,0.21,0.19,-0.52,5.0,RELIANCE,True,False
Sell,2025-07-31 09:20:00+05:30,1511.2,1511.2,1499.2,2025-07-31 09:20:00+05:30,2025-07-31 10:15:00+05:30,2025-07-31 11:05:00+05:30,1505.0,6.2000000000000455,0.4102699841185842,105.0,0.0,0.79,0.0,,105.0,INFY,True,False
Buy,2025-07-31 12:20:00+05:30,24846.55,24944.9,24826.45,2025-07-31 13:35:00+05:30,2025-07-31 12:25:00+05:30,2025-07-31 14:20:00+05:30,24903.3,56.75,0.2284019310528021,120.0,0.0,0.4,0.08,2.82,115.0,NIFTY,True,False
Buy,2025-07-31 12:35:00+05:30,56241.05,56380.85,56216.4,2025-07-31 13:25:00+05:30,2025-07-31 12:40:00+05:30,2025-07-31 14:05:00+05:30,56357.4,116.34999999999854,0.2068773609312033,90.0,0.0,0.25,0.04,4.72,85.0,BANKNIFTY,True,False
Buy,2025-07-31 12:50:00+05:30,1514.0,1525.9,1514.0,2025-07-31 14:05:00+05:30,2025-07-31 12:50:00+05:30,2025-07-31 14:35:00+05:30,1521.1,7.099999999999909,0.4689564068692146,105.0,0.0,0.79,0.0,,105.0,INFY,True,False
Buy,2025-07-31 13:35:00+05:30,3053.0,3056.2,3043.3,2025-07-31 14:05:00+05:30,2025-07-31 14:30:00+05:30,2025-07-31 14:35:00+05:30,3046.1,-6.900000000000091,-0.2260072060268618,60.0,0.0,0.1,0.32,-0.71,5.0,TCS,True,False
Sell,2025-07-31 15:05:00+05:30,1388.6,1389.8,1388.6,2025-07-31 15:10:00+05:30,2025-07-31 15:05:00+05:30,2025-07-31 15:15:00+05:30,1389.0,-0.4000000000000909,-0.0288059916462689,10.0,0.0,0.0,0.09,-0.33,5.0,RELIANCE,True,False
Sell,2025-08-01 09:15:00+05:30,24726.0,24756.1,24686.9,2025-08-01 10:20:00+05:30,2025-08-01 09:25:00+05:30,2025-08-01 10:20:00+05:30,24756.1,-30.099999999998545,-0.1217342069077026,65.0,0.0,0.16,0.12,-1.0,0.0,NIFTY,True,False
Sell,2025-08-01 09:15:00+05:30,1390.8,1394.0,1389.5,2025-08-01 09:35:00+05:30,2025-08-01 09:25:00+05:30,2025-08-01 09:35:00+05:30,1394.0,-3.200000000000045,-0.2300834052344007,20.0,0.0,0.09,0.23,-1.0,0.0,RELIANCE,True,False
Sell,2025-08-01 09:20:00+05:30,3033.0,3033.0,3018.5,2025-08-01 09:20:00+05:30,2025-08-01 09:55:00+05:30,2025-08-01 10:50:00+05:30,3019.9,13.099999999999907,0.4319155951203399,90.0,0.0,0.48,0.0,,90.0,TCS,True,False
Sell,2025-08-01 09:20:00+05:30,1496.5,1496.5,1488.3,2025-08-01 09:20:00+05:30,2025-08-01 11:05:00+05:30,2025-08-01 11:05:00+05:30,1488.3,8.200000000000045,0.5479452054794551,105.0,0.0,0.55,0.0,,105.0,INFY,True,False
Sell,2025-08-01 09:20:00+05:30,55845.3,56019.0,55821.05,2025-08-01 10:20:00+05:30,2025-08-01 09:25:00+05:30,2025-08-01 10:20:00+05:30,56019.0,-173.6999999999971,-0.3110378133880507,60.0,0.0,0.04,0.31,-1.0,0.0,BANKNIFTY,True,False
Buy,2025-08-01 10:20:00+05:30,1402.0,1403.2,1396.8,2025-08-01 10:35:00+05:30,2025-08-01 11:15:00+05:30,2025-08-01 11:20:00+05:30,1399.0,-3.0,-0.2139800285306704,60.0,0.0,0.09,0.37,-0.58,5.0,RELIANCE,True,False
Sell,2025-08-01 11:15:00+05:30,55847.55,55884.0,55760.5,2025-08-01 11:20:00+05:30,2025-08-01 12:00:00+05:30,2025-08-01 12:50:00+05:30,55788.3,59.25,0.1060923890125887,95.0,0.0,0.16,0.07,1.63,90.0,BANKNIFTY,True,False
Sell,2025-08-01 11:20:00+05:30,24701.1,24701.1,24646.25,2025-08-01 11:20:00+05:30,2025-08-01 12:35:00+05:30,2025-08-01 12:35:00+05:30,24646.25,54.84999999999855,0.2220548882438375,75.0,0.0,0.22,0.0,,75.0,NIFTY,True,False
Sell,2025-08-01 11:45:00+05:30,1481.8,1482.3,1480.3,2025-08-01 12:20:00+05:30,2025-08-01 12:15:00+05:30,2025-08-01 12:20:00+05:30,1482.3,-0.5,-0.0337427453097584,35.0,0.0,0.1,0.03,-1.0,0.0,INFY,True,False
Sell,2025-08-01 11:45:00+05:30,3016.1,3019.0,3015.5,2025-08-01 12:05:00+05:30,2025-08-01 11:55:00+05:30,2025-08-01 12:05:00+05:30,3019.0,-2.900000000000091,-0.0961506581346802,20.0,0.0,0.02,0.1,-1.0,0.0,TCS,True,False
Buy,2025-08-01 12:15:00+05:30,1400.1,1401.9,1399.5,2025-08-01 12:25:00+05:30,2025-08-01 13:00:00+05:30,2025-08-01 13:05:00+05:30,1400.4,0.3000000000001819,0.0214270409256611,50.0,0.0,0.13,0.04,0.5,5.0,RELIANCE,True,False
Sell,2025-08-01 12:40:00+05:30,1473.7,1475.1,1473.2,2025-08-01 13:00:00+05:30,2025-08-01 12:45:00+05:30,2025-08-01 13:20:00+05:30,1473.4,0.2999999999999545,0.0203569247472317,40.0,0.0,0.03,0.09,0.21,20.0,INFY,True,False
Sell,2025-08-01 12:40:00+05:30,3008.9,3010.5,3008.5,2025-08-01 13:10:00+05:30,2025-08-01 13:00:00+05:30,2025-08-01 13:20:00+05:30,3009.4,-0.5,-0.0166173684735285,40.0,0.0,0.01,0.05,-0.31,10.0,TCS,True,False
Buy,2025-08-01 13:30:00+05:30,1402.7,1402.7,1400.5,2025-08-01 13:30:00+05:30,2025-08-01 13:50:00+05:30,2025-08-01 13:50:00+05:30,1400.5,-2.200000000000045,-0.1568403792685567,20.0,0.0,0.0,0.16,-1.0,0.0,RELIANCE,True,False
Sell,2025-08-01 14:05:00+05:30,55768.25,55792.85,55591.55,2025-08-01 14:10:00+05:30,2025-08-01 15:10:00+05:30,2025-08-01 15:15:00+05:30,55599.75,168.5,0.3021432445880945,70.0,0.0,0.32,0.04,6.85,65.0,BANKNIFTY,True,False
Sell,2025-08-01 14:25:00+05:30,24627.85,24642.7,24545.65,2025-08-01 14:30:00+05:30,2025-08-01 15:10:00+05:30,2025-08-01 15:15:00+05:30,24551.9,75.94999999999709,0.3083907040200305,50.0,0.0,0.33,0.06,5.11,45.0,NIFTY,True,False
Sell,2025-08-01 15:05:00+05:30,1391.3,1393.5,1391.3,2025-08-01 15:15:00+05:30,2025-08-01 15:05:00+05:30,2025-08-01 15:15:00+05:30,1393.5,-2.200000000000045,-0.1581254941421724,10.0,0.0,0.0,0.16,-1.0,0.0,RELIANCE,True,False
Sell,2025-08-04 09:15:00+05:30,1404.5,1404.9,1404.5,2025-08-04 09:20:00+05:30,2025-08-04 09:15:00+05:30,2025-08-04 09:20:00+05:30,1404.9,-0.4000000000000909,-0.0284798860804621,5.0,0.0,0.0,0.03,-1.0,0.0,RELIANCE,True,False
Sell,2025-08-04 09:15:00+05:30,24639.5,24646.25,24639.5,2025-08-04 09:20:00+05:30,2025-08-04 09:15:00+05:30,2025-08-04 09:20:00+05:30,24646.25,-6.75,-0.0273950364252521,5.0,0.0,0.0,0.03,-1.0,0.0,NIFTY,True,False
Sell,2025-08-04 09:15:00+05:30,3007.5,3007.5,3004.0,2025-08-04 09:15:00+05:30,2025-08-04 09:20:00+05:30,2025-08-04 09:20:00+05:30,3004.0,3.5,0.1163757273482959,5.0,0.0,0.12,0.0,,5.0,TCS,True,False
Sell,2025-08-04 09:15:00+05:30,55718.9,55718.9,55696.35,2025-08-04 09:15:00+05:30,2025-08-04 09:20:00+05:30,2025-08-04 09:20:00+05:30,55696.35,22.55000000000291,0.0404710071447981,5.0,0.0,0.04,0.0,,5.0,BANKNIFTY,True,False
Sell,2025-08-04 09:20:00+05:30,1462.4,1465.0,1458.1,2025-08-04 10:05:00+05:30,2025-08-04 09:45:00+05:30,2025-08-04 10:05:00+05:30,1465.0,-2.599999999999909,-0.1777899343544795,45.0,0.0,0.29,0.18,-1.0,0.0,INFY,True,False
Sell,2025-08-04 09:35:00+05:30,3002.5,3002.9,3000.4,2025-08-04 09:50:00+05:30,2025-08-04 09:45:00+05:30,2025-08-04 09:50:00+05:30,3002.9,-0.4000000000000909,-0.0133222314737748,15.0,0.0,0.07,0.01,-1.0,0.0,TCS,True,False
Sell,2025-08-04 09:45:00+05:30,55532.6,55630.55,55513.55,2025-08-04 10:20:00+05:30,2025-08-04 09:50:00+05:30,2025-08-04 10:20:00+05:30,55630.55,-97.95000000000437,-0.176382881406605,35.0,0.0,0.03,0.18,-1.0,0.0,BANKNIFTY,True,False
Buy,2025-08-04 09:50:00+05:30,1403.8,1413.3,1403.8,2025-08-04 11:00:00+05:30,2025-08-04 09:50:00+05:30,2025-08-04 11:50:00+05:30,1412.3,8.5,0.6054993588830317,120.0,0.0,0.68,0.0,,120.0,RELIANCE,True,False
Sell,2025-08-04 11:00:00+05:30,55573.95,55573.95,55535.95,2025-08-04 11:00:00+05:30,2025-08-04 11:05:00+05:30,2025-08-04 11:05:00+05:30,55535.95,38.0,0.0683773602560192,5.0,0.0,0.07,0.0,,5.0,BANKNIFTY,True,False
Buy,2025-08-04 11:20:00+05:30,3025.2,3075.1,3021.4,2025-08-04 15:15:00+05:30,2025-08-04 11:30:00+05:30,2025-08-04 15:15:00+05:30,3075.1,49.90000000000009,1.6494777204812936,235.0,0.0,1.65,0.13,13.13,225.0,TCS,True,False
Buy,2025-08-04 11:50:00+05:30,24675.75,24717.3,24668.95,2025-08-04 12:35:00+05:30,2025-08-04 12:05:00+05:30,2025-08-04 13:20:00+05:30,24688.25,12.5,0.0506570215697597,90.0,0.0,0.17,0.03,1.84,75.0,NIFTY,True,False
Buy,2025-08-04 13:35:00+05:30,1473.5,1481.6,1473.5,2025-08-04 14:05:00+05:30,2025-08-04 13:35:00+05:30,2025-08-04 15:15:00+05:30,1480.3,6.7999999999999545,0.4614862572107197,100.0,0.0,0.55,0.0,,100.0,INFY,True,False
Buy,2025-08-04 13:55:00+05:30,24718.65,24730.05,24699.6,2025-08-04 14:30:00+05:30,2025-08-04 14:00:00+05:30,2025-08-04 14:35:00+05:30,24718.9,0.25,0.0010113820940868,40.0,0.0,0.05,0.08,0.01,35.0,NIFTY,True,False
Buy,2025-08-04 14:40:00+05:30,24699.75,24727.4,24699.75,2025-08-04 14:50:00+05:30,2025-08-04 14:40:00+05:30,2025-08-04 15:15:00+05:30,24723.15,23.40000000000145,0.0947378009898944,35.0,0.0,0.11,0.0,,35.0,NIFTY,True,False
Buy,2025-08-05 09:15:00+05:30,3066.6,3066.6,3066.0,2025-08-05 09:15:00+05:30,2025-08-05 09:20:00+05:30,2025-08-05 09:20:00+05:30,3066.0,-0.599999999999909,-0.0195656427313607,5.0,0.0,0.0,0.02,-1.0,0.0,TCS,True,False
Sell,2025-08-05 09:20:00+05:30,1402.2,1402.8,1395.2,2025-08-05 09:30:00+05:30,2025-08-05 10:45:00+05:30,2025-08-05 11:05:00+05:30,1395.8,6.400000000000091,0.4564256168877543,105.0,0.0,0.5,0.04,10.67,95.0,RELIANCE,True,False
Sell,2025-08-05 09:50:00+05:30,1461.1,1463.0,1456.9,2025-08-05 10:05:00+05:30,2025-08-05 10:35:00+05:30,2025-08-05 11:35:00+05:30,1458.2,2.899999999999864,0.1984805968106128,105.0,0.0,0.29,0.13,1.53,90.0,INFY,True,False
Sell,2025-08-05 09:50:00+05:30,24614.55,24642.6,24605.1,2025-08-05 10:20:00+05:30,2025-08-05 09:55:00+05:30,2025-08-05 11:05:00+05:30,24607.45,7.099999999998545,0.0288447280165534,75.0,0.0,0.04,0.11,0.25,45.0,NIFTY,True,False
Sell,2025-08-05 09:50:00+05:30,55477.6,55505.9,55379.4,2025-08-05 10:05:00+05:30,2025-08-05 11:05:00+05:30,2025-08-05 11:05:00+05:30,55379.4,98.19999999999708,0.1770083781562235,75.0,0.0,0.18,0.05,3.47,60.0,BANKNIFTY,True,False
Sell,2025-08-05 11:10:00+05:30,55456.85,55464.15,55456.15,2025-08-05 11:20:00+05:30,2025-08-05 11:15:00+05:30,2025-08-05 11:20:00+05:30,55464.15,-7.30000000000291,-0.0131633873903817,10.0,0.0,0.0,0.01,-1.0,0.0,BANKNIFTY,True,False
Sell,2025-08-05 13:05:00+05:30,1458.2,1458.6,1456.3,2025-08-05 13:15:00+05:30,2025-08-05 13:25:00+05:30,2025-08-05 13:50:00+05:30,1458.2,0.0,0.0,45.0,0.0,0.13,0.03,0.0,35.0,INFY,True,False
Sell,2025-08-05 13:15:00+05:30,1391.7,1391.7,1390.1,2025-08-05 13:15:00+05:30,2025-08-05 13:30:00+05:30,2025-08-05 13:50:00+05:30,1391.4,0.2999999999999545,0.0215563699073043,35.0,0.0,0.11,0.0,,35.0,RELIANCE,True,False
Sell,2025-08-05 13:20:00+05:30,55303.55,55321.0,55227.65,2025-08-05 14:35:00+05:30,2025-08-05 14:20:00+05:30,2025-08-05 14:35:00+05:30,55321.0,-17.44999999999709,-0.0315531281445713,75.0,0.0,0.14,0.03,-1.0,0.0,BANKNIFTY,True,False
Sell,2025-08-05 13:20:00+05:30,24603.5,24624.1,24603.5,2025-08-05 13:50:00+05:30,2025-08-05 13:20:00+05:30,2025-08-05 13:50:00+05:30,24624.1,-20.599999999998545,-0.0837279248887294,30.0,0.0,0.0,0.08,-1.0,0.0,NIFTY,True,False
Sell,2025-08-05 13:55:00+05:30,1458.7,1458.7,1457.1,2025-08-05 13:55:00+05:30,2025-08-05 14:05:00+05:30,2025-08-05 14:05:00+05:30,1457.1,1.6000000000001364,0.1096867073421633,10.0,0.0,0.11,0.0,,10.0,INFY,True,False
Sell,2025-08-05 13:55:00+05:30,24624.9,24624.9,24601.7,2025-08-05 13:55:00+05:30,2025-08-05 14:05:00+05:30,2025-08-05 14:20:00+05:30,24605.8,19.100000000002183,0.077563766756422,25.0,0.0,0.09,0.0,,25.0,NIFTY,True,False
Sell,2025-08-05 14:25:00+05:30,24622.35,24627.95,24614.7,2025-08-05 14:35:00+05:30,2025-08-05 14:30:00+05:30,2025-08-05 14:35:00+05:30,24627.95,-5.600000000002183,-0.0227435642820534,10.0,0.0,0.03,0.02,-1.0,0.0,NIFTY,True,False
Sell,2025-08-06 09:20:00+05:30,1449.5,1449.5,1435.8,2025-08-06 09:20:00+05:30,2025-08-06 10:40:00+05:30,2025-08-06 11:20:00+05:30,1437.6,11.900000000000093,0.8209727492238765,120.0,0.0,0.95,0.0,,120.0,INFY,True,False
Sell,2025-08-06 09:35:00+05:30,1384.1,1388.3,1384.1,2025-08-06 10:05:00+05:30,2025-08-06 09:35:00+05:30,2025-08-06 10:05:00+05:30,1388.3,-4.2000000000000455,-0.3034462827830392,30.0,0.0,0.0,0.3,-1.0,0.0,RELIANCE,True,False
Sell,2025-08-06 09:50:00+05:30,3048.3,3048.3,3028.2,2025-08-06 09:50:00+05:30,2025-08-06 11:20:00+05:30,2025-08-06 11:50:00+05:30,3030.9,17.40000000000009,0.5708099596496438,120.0,0.0,0.66,0.0,,120.0,TCS,True,False
Sell,2025-08-06 10:20:00+05:30,24633.2,24633.2,24550.0,2025-08-06 10:20:00+05:30,2025-08-06 11:05:00+05:30,2025-08-06 11:50:00+05:30,24588.0,45.20000000000073,0.1834921975220463,90.0,0.0,0.34,0.0,,90.0,NIFTY,True,False
Sell,2025-08-06 11:05:00+05:30,55239.15,55285.5,55239.15,2025-08-06 11:25:00+05:30,2025-08-06 11:05:00+05:30,2025-08-06 11:35:00+05:30,55256.5,-17.349999999998545,-0.0314088830114122,30.0,0.0,0.0,0.08,-0.37,10.0,BANKNIFTY,True,False
Sell,2025-08-06 11:40:00+05:30,55297.4,55332.6,55297.4,2025-08-06 11:50:00+05:30,2025-08-06 11:40:00+05:30,2025-08-06 11:50:00+05:30,55332.6,-35.19999999999709,-0.0636557957516937,10.0,0.0,0.0,0.06,-1.0,0.0,BANKNIFTY,True,False
Buy,2025-08-06 12:50:00+05:30,55359.35,55547.5,55359.35,2025-08-06 13:35:00+05:30,2025-08-06 12:50:00+05:30,2025-08-06 14:05:00+05:30,55447.75,88.40000000000146,0.1596839558267961,75.0,0.0,0.34,0.0,,75.0,BANKNIFTY,True,False
Buy,2025-08-06 13:35:00+05:30,24626.6,24626.6,24599.65,2025-08-06 13:35:00+05:30,2025-08-06 13:50:00+05:30,2025-08-06 13:50:00+05:30,24599.65,-26.94999999999709,-0.1094345138995926,15.0,0.0,0.0,0.11,-1.0,0.0,NIFTY,True,False
Sell,2025-08-06 14:35:00+05:30,24560.35,24580.85,24560.35,2025-08-06 15:05:00+05:30,2025-08-06 14:35:00+05:30,2025-08-06 15:15:00+05:30,24573.95,-13.600000000002185,-0.0553738037120895,40.0,0.0,0.0,0.08,-0.66,10.0,NIFTY,True,False
Buy,2025-08-06 14:50:00+05:30,1395.1,1395.1,1391.2,2025-08-06 14:50:00+05:30,2025-08-06 15:15:00+05:30,2025-08-06 15:15:00+05:30,1391.2,-3.899999999999864,-0.2795498530571187,25.0,0.0,0.0,0.28,-1.0,0.0,RELIANCE,True,False
Buy,2025-08-07 09:15:00+05:30,55344.9,55344.9,55264.05,2025-08-07 09:15:00+05:30,2025-08-07 09:20:00+05:30,2025-08-07 09:20:00+05:30,55264.05,-80.84999999999854,-0.1460839210116895,5.0,0.0,0.0,0.15,-1.0,0.0,BANKNIFTY,True,False
Sell,2025-08-07 09:20:00+05:30,3022.2,3030.1,3014.0,2025-08-07 09:35:00+05:30,2025-08-07 11:10:00+05:30,2025-08-07 11:35:00+05:30,3016.0,6.199999999999818,0.2051485672688709,135.0,0.0,0.27,0.26,0.78,120.0,TCS,True,False
Sell,2025-08-07 09:20:00+05:30,24504.45,24525.85,24408.55,2025-08-07 09:25:00+05:30,2025-08-07 11:00:00+05:30,2025-08-07 11:35:00+05:30,24440.35,64.10000000000218,0.2615851406581342,135.0,0.0,0.39,0.09,3.0,130.0,NIFTY,True,False
Sell,2025-08-07 09:25:00+05:30,55307.9,55307.9,55101.85,2025-08-07 09:25:00+05:30,2025-08-07 10:50:00+05:30,2025-08-07 11:35:00+05:30,55179.3,128.59999999999854,0.2325165121076709,130.0,0.0,0.37,0.0,,130.0,BANKNIFTY,True,False
Sell,2025-08-07 09:35:00+05:30,1385.1,1385.5,1377.5,2025-08-07 09:45:00+05:30,2025-08-07 10:45:00+05:30,2025-08-07 11:35:00+05:30,1379.8,5.2999999999999545,0.3826438524294242,120.0,0.0,0.55,0.03,13.25,110.0,RELIANCE,True,False
Sell,2025-08-07 10:00:00+05:30,1434.1,1434.1,1423.3,2025-08-07 10:00:00+05:30,2025-08-07 11:10:00+05:30,2025-08-07 11:35:00+05:30,1424.0,10.099999999999907,0.7042744578481215,95.0,0.0,0.75,0.0,,95.0,INFY,True,False
Sell,2025-08-07 12:50:00+05:30,1377.1,1377.5,1367.2,2025-08-07 12:55:00+05:30,2025-08-07 13:25:00+05:30,2025-08-07 13:50:00+05:30,1371.9,5.199999999999818,0.3776051121922749,60.0,0.0,0.72,0.03,13.0,55.0,RELIANCE,True,False
Sell,2025-08-07 13:20:00+05:30,24362.35,24385.4,24356.85,2025-08-07 13:40:00+05:30,2025-08-07 13:30:00+05:30,2025-08-07 13:50:00+05:30,24383.45,-21.100000000002183,-0.0866090504405452,30.0,0.0,0.02,0.09,-0.92,10.0,NIFTY,True,False
Sell,2025-08-07 13:20:00+05:30,1417.2,1417.2,1416.0,2025-08-07 13:20:00+05:30,2025-08-07 13:35:00+05:30,2025-08-07 13:35:00+05:30,1416.0,1.2000000000000457,0.0846740050804435,15.0,0.0,0.08,0.0,,15.0,INFY,True,False
Sell,2025-08-07 13:20:00+05:30,55034.05,55079.4,54996.25,2025-08-07 14:05:00+05:30,2025-08-07 13:35:00+05:30,2025-08-07 14:05:00+05:30,55079.4,-45.34999999999855,-0.0824035301781325,45.0,0.0,0.07,0.08,-1.0,0.0,BANKNIFTY,True,False
Sell,2025-08-07 13:40:00+05:30,1419.6,1419.9,1419.6,2025-08-07 13:50:00+05:30,2025-08-07 13:40:00+05:30,2025-08-07 13:50:00+05:30,1419.9,-0.3000000000001819,-0.0211327134404185,10.0,0.0,0.0,0.02,-1.0,0.0,INFY,True,False
Sell,2025-08-07 13:55:00+05:30,24388.25,24413.95,24388.25,2025-08-07 14:05:00+05:30,2025-08-07 13:55:00+05:30,2025-08-07 14:05:00+05:30,24413.95,-25.700000000000728,-0.1053786147017548,10.0,0.0,0.0,0.11,-1.0,0.0,NIFTY,True,False
Sell,2025-08-07 13:55:00+05:30,1372.9,1375.8,1372.9,2025-08-07 14:05:00+05:30,2025-08-07 13:55:00+05:30,2025-08-07 14:05:00+05:30,1375.8,-2.899999999999864,-0.2112316993225918,10.0,0.0,0.0,0.21,-1.0,0.0,RELIANCE,True,False
Buy,2025-08-07 14:20:00+05:30,3032.2,3048.3,3032.2,2025-08-07 15:10:00+05:30,2025-08-07 14:20:00+05:30,2025-08-07 15:15:00+05:30,3044.5,12.300000000000182,0.4056460655629636,55.0,0.0,0.53,0.0,,55.0,TCS,True,False
Buy,2025-08-07 14:50:00+05:30,24534.2,24604.7,24534.2,2025-08-07 15:15:00+05:30,2025-08-07 14:50:00+05:30,2025-08-07 15:15:00+05:30,24604.7,70.5,0.287353979343121,25.0,0.0,0.29,0.0,,25.0,NIFTY,True,False
Buy,2025-08-07 14:50:00+05:30,55348.7,55571.0,55348.7,2025-08-07 15:15:00+05:30,2025-08-07 14:50:00+05:30,2025-08-07 15:15:00+05:30,55571.0,222.3000000000029,0.4016354494324219,25.0,0.0,0.4,0.0,,25.0,BANKNIFTY,True,False
Buy,2025-08-07 15:05:00+05:30,1436.6,1436.7,1435.8,2025-08-07 15:15:00+05:30,2025-08-07 15:10:00+05:30,2025-08-07 15:15:00+05:30,1436.7,0.1000000000001364,0.0069608798552231,10.0,0.0,0.01,0.06,0.13,5.0,INFY,True,False
Buy,2025-08-07 15:05:00+05:30,1389.6,1389.6,1387.9,2025-08-07 15:05:00+05:30,2025-08-07 15:15:00+05:30,2025-08-07 15:15:00+05:30,1387.9,-1.699999999999818,-0.1223373632699926,10.0,0.0,0.0,0.12,-1.0,0.0,RELIANCE,True,False
Buy,2025-08-08 09:15:00+05:30,3048.0,3048.0,3041.9,2025-08-08 09:15:00+05:30,2025-08-08 09:20:00+05:30,2025-08-08 09:20:00+05:30,3041.9,-6.099999999999909,-0.2001312335957975,5.0,0.0,0.0,0.2,-1.0,0.0,TCS,True,False
Buy,2025-08-08 09:15:00+05:30,24575.3,24575.3,24509.25,2025-08-08 09:15:00+05:30,2025-08-08 09:30:00+05:30,2025-08-08 09:35:00+05:30,24517.0,-58.29999999999927,-0.2372300643328841,20.0,0.0,0.0,0.27,-0.88,5.0,NIFTY,True,False
Buy,2025-08-08 09:15:00+05:30,1428.8,1428.8,1428.1,2025-08-08 09:15:00+05:30,2025-08-08 09:20:00+05:30,2025-08-08 09:20:00+05:30,1428.1,-0.7000000000000455,-0.0489921612542025,5.0,0.0,0.0,0.05,-1.0,0.0,INFY,True,False
Buy,2025-08-08 09:15:00+05:30,1394.0,1394.0,1384.0,2025-08-08 09:15:00+05:30,2025-08-08 09:50:00+05:30,2025-08-08 09:50:00+05:30,1384.0,-10.0,-0.7173601147776184,35.0,0.0,0.0,0.72,-1.0,0.0,RELIANCE,True,False
Buy,2025-08-08 09:15:00+05:30,55486.95,55486.95,55391.85,2025-08-08 09:15:00+05:30,2025-08-08 09:25:00+05:30,2025-08-08 09:35:00+05:30,55401.85,-85.09999999999854,-0.1533693958669535,20.0,0.0,0.0,0.17,-0.89,10.0,BANKNIFTY,True,False
Sell,2025-08-08 10:20:00+05:30,1419.0,1425.2,1419.0,2025-08-08 11:35:00+05:30,2025-08-08 10:20:00+05:30,2025-08-08 11:35:00+05:30,1425.2,-6.2000000000000455,-0.4369274136716029,75.0,0.0,0.0,0.44,-1.0,0.0,INFY,True,False
Sell,2025-08-08 10:35:00+05:30,24435.25,24450.25,24404.4,2025-08-08 11:15:00+05:30,2025-08-08 12:00:00+05:30,2025-08-08 12:20:00+05:30,24422.35,12.900000000001455,0.0527925844834878,105.0,0.0,0.13,0.06,0.86,65.0,NIFTY,True,False
Sell,2025-08-08 10:50:00+05:30,1373.0,1376.9,1370.4,2025-08-08 11:50:00+05:30,2025-08-08 11:00:00+05:30,2025-08-08 11:50:00+05:30,1376.9,-3.900000000000091,-0.2840495265841289,60.0,0.0,0.19,0.28,-1.0,0.0,RELIANCE,True,False
Buy,2025-08-08 11:00:00+05:30,3048.0,3048.0,3041.6,2025-08-08 11:00:00+05:30,2025-08-08 11:05:00+05:30,2025-08-08 11:05:00+05:30,3041.6,-6.400000000000091,-0.2099737532808429,5.0,0.0,0.0,0.21,-1.0,0.0,TCS,True,False
Sell,2025-08-08 11:20:00+05:30,55163.35,55171.35,55094.2,2025-08-08 12:25:00+05:30,2025-08-08 12:00:00+05:30,2025-08-08 12:35:00+05:30,55165.7,-2.349999999998545,-0.0042600748504188,75.0,0.0,0.13,0.01,-0.29,10.0,BANKNIFTY,True,False
Buy,2025-08-08 11:40:00+05:30,3048.7,3050.7,3046.2,2025-08-08 11:50:00+05:30,2025-08-08 12:05:00+05:30,2025-08-08 12:05:00+05:30,3046.2,-2.5,-0.0820021648571522,25.0,0.0,0.07,0.08,-1.0,0.0,TCS,True,False
Buy,2025-08-08 12:35:00+05:30,3051.7,3055.0,3050.6,2025-08-08 12:40:00+05:30,2025-08-08 12:50:00+05:30,2025-08-08 12:50:00+05:30,3050.6,-1.099999999999909,-0.036045482845624,15.0,0.0,0.11,0.04,-1.0,0.0,TCS,True,False
Buy,2025-08-08 12:55:00+05:30,3046.7,3046.7,3040.6,2025-08-08 12:55:00+05:30,2025-08-08 13:05:00+05:30,2025-08-08 13:05:00+05:30,3040.6,-6.099999999999909,-0.200216627826826,10.0,0.0,0.0,0.2,-1.0,0.0,TCS,True,False
Sell,2025-08-08 13:25:00+05:30,55085.8,55170.35,55085.8,2025-08-08 13:35:00+05:30,2025-08-08 13:25:00+05:30,2025-08-08 13:35:00+05:30,55170.35,-84.54999999999563,-0.1534878317097975,10.0,0.0,0.0,0.15,-1.0,0.0,BANKNIFTY,True,False
Buy,2025-08-08 13:35:00+05:30,1428.7,1428.7,1426.1,2025-08-08 13:35:00+05:30,2025-08-08 13:55:00+05:30,2025-08-08 14:05:00+05:30,1426.1,-2.6000000000001364,-0.1819836214740768,30.0,0.0,0.0,0.18,-1.0,10.0,INFY,True,False
Sell,2025-08-08 14:05:00+05:30,24428.8,24432.5,24344.45,2025-08-08 14:15:00+05:30,2025-08-08 15:10:00+05:30,2025-08-08 15:15:00+05:30,24344.75,84.04999999999927,0.3440611082001542,70.0,0.0,0.35,0.02,22.72,60.0,NIFTY,True,False
Sell,2025-08-08 14:15:00+05:30,1375.4,1375.4,1366.6,2025-08-08 14:15:00+05:30,2025-08-08 15:10:00+05:30,2025-08-08 15:15:00+05:30,1367.5,7.900000000000091,0.5743783626581423,60.0,0.0,0.64,0.0,,60.0,RELIANCE,True,False
Sell,2025-08-08 14:20:00+05:30,3041.8,3043.0,3036.8,2025-08-08 14:40:00+05:30,2025-08-08 14:30:00+05:30,2025-08-08 14:50:00+05:30,3039.9,1.900000000000091,0.0624630153198793,30.0,0.0,0.16,0.04,1.58,10.0,TCS,True,False
Sell,2025-08-08 14:30:00+05:30,55115.8,55135.1,55115.8,2025-08-08 14:35:00+05:30,2025-08-08 14:30:00+05:30,2025-08-08 14:35:00+05:30,55135.1,-19.299999999995634,-0.0350171820058778,5.0,0.0,0.0,0.04,-1.0,0.0,BANKNIFTY,True,False
Sell,2025-08-08 14:40:00+05:30,55159.8,55159.8,55138.95,2025-08-08 14:40:00+05:30,2025-08-08 14:50:00+05:30,2025-08-08 14:50:00+05:30,55138.95,20.85000000000582,0.0377992668573958,10.0,0.0,0.04,0.0,,10.0,BANKNIFTY,True,False
Sell,2025-08-08 15:05:00+05:30,55045.9,55045.9,54942.3,2025-08-08 15:05:00+05:30,2025-08-08 15:15:00+05:30,2025-08-08 15:15:00+05:30,54942.3,103.59999999999854,0.1882065694266031,10.0,0.0,0.19,0.0,,10.0,BANKNIFTY,True,False
Sell,2025-08-11 09:15:00+05:30,55077.35,55150.75,55077.35,2025-08-11 09:20:00+05:30,2025-08-11 09:15:00+05:30,2025-08-11 09:20:00+05:30,55150.75,-73.40000000000146,-0.1332671234182499,5.0,0.0,0.0,0.13,-1.0,0.0,BANKNIFTY,True,False
Sell,2025-08-11 09:15:00+05:30,24401.5,24408.9,24401.5,2025-08-11 09:20:00+05:30,2025-08-11 09:15:00+05:30,2025-08-11 09:20:00+05:30,24408.9,-7.400000000001455,-0.0303260045489066,5.0,0.0,0.0,0.03,-1.0,0.0,NIFTY,True,False
Sell,2025-08-11 09:15:00+05:30,1367.1,1368.1,1367.1,2025-08-11 09:20:00+05:30,2025-08-11 09:15:00+05:30,2025-08-11 09:20:00+05:30,1368.1,-1.0,-0.0731475385853266,5.0,0.0,0.0,0.07,-1.0,0.0,RELIANCE,True,False
Sell,2025-08-11 09:15:00+05:30,3034.3,3034.3,3026.0,2025-08-11 09:15:00+05:30,2025-08-11 09:30:00+05:30,2025-08-11 10:05:00+05:30,3029.5,4.800000000000182,0.1581913456151396,50.0,0.0,0.27,0.0,,50.0,TCS,True,False
Sell,2025-08-11 09:20:00+05:30,1424.0,1424.0,1415.1,2025-08-11 09:20:00+05:30,2025-08-11 09:45:00+05:30,2025-08-11 10:20:00+05:30,1419.4,4.599999999999909,0.3230337078651621,60.0,0.0,0.63,0.0,,60.0,INFY,True,False
Sell,2025-08-11 09:25:00+05:30,55200.5,55236.15,55148.9,2025-08-11 09:30:00+05:30,2025-08-11 09:35:00+05:30,2025-08-11 09:35:00+05:30,55148.9,51.59999999999855,0.0934774141538546,10.0,0.0,0.09,0.06,1.45,5.0,BANKNIFTY,True,False
Sell,2025-08-11 09:25:00+05:30,1369.8,1372.5,1365.3,2025-08-11 09:50:00+05:30,2025-08-11 09:35:00+05:30,2025-08-11 09:50:00+05:30,1372.5,-2.700000000000045,-0.1971090670170861,25.0,0.0,0.33,0.2,-1.0,0.0,RELIANCE,True,False
Buy,2025-08-11 10:20:00+05:30,55270.9,55312.15,55203.7,2025-08-11 10:35:00+05:30,2025-08-11 11:35:00+05:30,2025-08-11 11:35:00+05:30,55203.7,-67.20000000000437,-0.1215829668053249,75.0,0.0,0.07,0.12,-1.0,0.0,BANKNIFTY,True,False
Buy,2025-08-11 10:50:00+05:30,24462.25,24470.15,24428.0,2025-08-11 11:20:00+05:30,2025-08-11 11:35:00+05:30,2025-08-11 11:35:00+05:30,24428.0,-34.25,-0.1400116506045028,45.0,0.0,0.03,0.14,-1.0,0.0,NIFTY,True,False
Buy,2025-08-11 11:20:00+05:30,3047.5,3047.5,3038.1,2025-08-11 11:20:00+05:30,2025-08-11 11:45:00+05:30,2025-08-11 13:05:00+05:30,3041.1,-6.400000000000091,-0.21000820344545,105.0,0.0,0.0,0.31,-0.68,80.0,TCS,True,False
Buy,2025-08-11 11:35:00+05:30,1424.9,1429.0,1423.5,2025-08-11 12:40:00+05:30,2025-08-11 12:00:00+05:30,2025-08-11 13:20:00+05:30,1427.1,2.199999999999818,0.15439679977541,105.0,0.0,0.29,0.1,1.57,80.0,INFY,True,False
Buy,2025-08-11 12:20:00+05:30,1377.1,1377.1,1371.4,2025-08-11 12:20:00+05:30,2025-08-11 12:50:00+05:30,2025-08-11 13:20:00+05:30,1373.2,-3.899999999999864,-0.2832038341442062,60.0,0.0,0.0,0.41,-0.68,30.0,RELIANCE,True,False
Buy,2025-08-11 12:40:00+05:30,24460.65,24597.55,24460.65,2025-08-11 15:05:00+05:30,2025-08-11 12:40:00+05:30,2025-08-11 15:15:00+05:30,24574.3,113.64999999999782,0.4646237937258323,155.0,0.0,0.56,0.0,,155.0,NIFTY,True,False
Buy,2025-08-11 12:55:00+05:30,55255.0,55540.25,55217.35,2025-08-11 15:05:00+05:30,2025-08-11 13:20:00+05:30,2025-08-11 15:15:00+05:30,55485.3,230.3000000000029,0.4167948601936529,140.0,0.0,0.52,0.07,6.12,115.0,BANKNIFTY,True,False
Buy,2025-08-11 14:00:00+05:30,1378.7,1387.8,1378.7,2025-08-11 15:05:00+05:30,2025-08-11 14:00:00+05:30,2025-08-11 15:15:00+05:30,1384.9,6.2000000000000455,0.4496989918038765,75.0,0.0,0.66,0.0,,75.0,RELIANCE,True,False
Buy,2025-08-11 14:10:00+05:30,1428.4,1432.0,1428.4,2025-08-11 14:30:00+05:30,2025-08-11 14:10:00+05:30,2025-08-11 14:50:00+05:30,1430.0,1.599999999999909,0.1120134416129871,40.0,0.0,0.25,0.0,,40.0,INFY,True,False
Buy,2025-08-11 14:35:00+05:30,3043.0,3043.0,3041.7,2025-08-11 14:35:00+05:30,2025-08-11 14:50:00+05:30,2025-08-11 14:50:00+05:30,3041.7,-1.300000000000182,-0.0427209990141367,15.0,0.0,0.0,0.04,-1.0,0.0,TCS,True,False
Buy,2025-08-11 14:55:00+05:30,1429.0,1429.0,1428.7,2025-08-11 14:55:00+05:30,2025-08-11 15:00:00+05:30,2025-08-11 15:05:00+05:30,1428.9,-0.099999999999909,-0.0069979006298046,10.0,0.0,0.0,0.02,-0.33,5.0,INFY,True,False
Buy,2025-08-12 09:20:00+05:30,3067.0,3088.5,3063.1,2025-08-12 09:50:00+05:30,2025-08-12 09:25:00+05:30,2025-08-12 10:20:00+05:30,3068.4,1.400000000000091,0.0456472122595399,60.0,0.0,0.7,0.13,0.36,55.0,TCS,True,False
Buy,2025-08-12 09:25:00+05:30,1396.2,1400.0,1395.7,2025-08-12 10:00:00+05:30,2025-08-12 10:15:00+05:30,2025-08-12 10:20:00+05:30,1397.3,1.099999999999909,0.078785274315994,55.0,0.0,0.27,0.04,2.2,5.0,RELIANCE,True,False
Buy,2025-08-12 09:25:00+05:30,1434.3,1439.1,1433.4,2025-08-12 09:50:00+05:30,2025-08-12 10:15:00+05:30,2025-08-12 10:20:00+05:30,1434.2,-0.099999999999909,-0.006972042111128,55.0,0.0,0.33,0.06,-0.11,5.0,INFY,True,False
Buy,2025-08-12 09:30:00+05:30,24633.2,24692.9,24627.55,2025-08-12 10:00:00+05:30,2025-08-12 09:35:00+05:30,2025-08-12 10:20:00+05:30,24657.75,24.549999999999272,0.0996622444505759,50.0,0.0,0.24,0.02,4.35,45.0,NIFTY,True,False
Buy,2025-08-12 10:05:00+05:30,55521.1,55521.1,55427.3,2025-08-12 10:05:00+05:30,2025-08-12 10:20:00+05:30,2025-08-12 10:20:00+05:30,55427.3,-93.79999999999563,-0.1689447795522704,15.0,0.0,0.0,0.17,-1.0,0.0,BANKNIFTY,True,False
Sell,2025-08-12 11:05:00+05:30,55206.55,55265.5,55201.8,2025-08-12 11:15:00+05:30,2025-08-12 11:10:00+05:30,2025-08-12 12:05:00+05:30,55261.4,-54.84999999999855,-0.0993541527228173,60.0,0.0,0.01,0.11,-0.93,50.0,BANKNIFTY,True,False
Sell,2025-08-12 13:25:00+05:30,55220.9,55260.2,55007.65,2025-08-12 13:55:00+05:30,2025-08-12 15:00:00+05:30,2025-08-12 15:15:00+05:30,55044.25,176.65000000000146,0.3198969955216257,110.0,0.0,0.39,0.07,4.49,80.0,BANKNIFTY,True,False
Sell,2025-08-12 13:35:00+05:30,3048.7,3050.7,3028.2,2025-08-12 13:55:00+05:30,2025-08-12 15:00:00+05:30,2025-08-12 15:15:00+05:30,3038.0,10.699999999999818,0.3509692655886056,100.0,0.0,0.67,0.07,5.35,80.0,TCS,True,False
Buy,2025-08-12 13:50:00+05:30,1435.0,1436.5,1433.3,2025-08-12 13:55:00+05:30,2025-08-12 14:20:00+05:30,2025-08-12 14:20:00+05:30,1433.3,-1.7000000000000457,-0.118466898954707,30.0,0.0,0.1,0.12,-1.0,0.0,INFY,True,False
Sell,2025-08-12 14:05:00+05:30,1381.3,1381.9,1376.9,2025-08-12 14:25:00+05:30,2025-08-12 14:45:00+05:30,2025-08-12 15:15:00+05:30,1381.6,-0.2999999999999545,-0.0217186708173426,70.0,0.0,0.32,0.04,-0.5,50.0,RELIANCE,True,False
Sell,2025-08-12 14:35:00+05:30,24531.4,24531.4,24470.5,2025-08-12 14:35:00+05:30,2025-08-12 15:00:00+05:30,2025-08-12 15:15:00+05:30,24490.1,41.30000000000291,0.1683556584622276,40.0,0.0,0.25,0.0,,40.0,NIFTY,True,False
Sell,2025-08-12 14:50:00+05:30,1424.3,1425.0,1422.0,2025-08-12 15:15:00+05:30,2025-08-12 15:00:00+05:30,2025-08-12 15:15:00+05:30,1425.0,-0.7000000000000455,-0.0491469493786453,25.0,0.0,0.16,0.05,-1.0,0.0,INFY,True,False
Sell,2025-08-13 09:15:00+05:30,24566.3,24566.3,24561.9,2025-08-13 09:15:00+05:30,2025-08-13 09:20:00+05:30,2025-08-13 09:20:00+05:30,24561.9,4.399999999997817,0.0179107150852908,5.0,0.0,0.02,0.0,,5.0,NIFTY,True,False
Sell,2025-08-13 09:15:00+05:30,1429.8,1430.1,1423.0,2025-08-13 09:20:00+05:30,2025-08-13 09:50:00+05:30,2025-08-13 10:05:00+05:30,1425.1,4.7000000000000455,0.3287173031193205,50.0,0.0,0.48,0.02,15.67,45.0,INFY,True,False
Buy,2025-08-13 10:05:00+05:30,24597.65,24597.65,24568.25,2025-08-13 10:05:00+05:30,2025-08-13 10:45:00+05:30,2025-08-13 11:20:00+05:30,24583.05,-14.600000000002185,-0.0593552636125897,75.0,0.0,0.0,0.12,-0.5,35.0,NIFTY,True,False
Sell,2025-08-13 10:35:00+05:30,55069.8,55106.7,55063.05,2025-08-13 10:50:00+05:30,2025-08-13 10:40:00+05:30,2025-08-13 10:50:00+05:30,55106.7,-36.89999999999418,-0.0670058725471931,15.0,0.0,0.01,0.07,-1.0,0.0,BANKNIFTY,True,False
Sell,2025-08-13 10:55:00+05:30,55106.7,55140.75,55106.7,2025-08-13 11:00:00+05:30,2025-08-13 10:55:00+05:30,2025-08-13 11:05:00+05:30,55128.1,-21.40000000000145,-0.0388337534274443,10.0,0.0,0.0,0.06,-0.63,5.0,BANKNIFTY,True,False
Sell,2025-08-13 11:00:00+05:30,3035.0,3035.0,3033.1,2025-08-13 11:00:00+05:30,2025-08-13 11:15:00+05:30,2025-08-13 11:20:00+05:30,3033.2,1.800000000000182,0.0593080724876501,20.0,0.0,0.06,0.0,,20.0,TCS,True,False
Sell,2025-08-13 11:05:00+05:30,1384.6,1384.6,1378.3,2025-08-13 11:05:00+05:30,2025-08-13 11:55:00+05:30,2025-08-13 12:20:00+05:30,1382.4,2.199999999999818,0.1588906543405906,75.0,0.0,0.46,0.0,,75.0,RELIANCE,True,False
Sell,2025-08-13 11:25:00+05:30,3035.0,3035.0,3030.3,2025-08-13 11:25:00+05:30,2025-08-13 11:40:00+05:30,2025-08-13 12:05:00+05:30,3033.7,1.300000000000182,0.0428336079077489,40.0,0.0,0.15,0.0,,40.0,TCS,True,False
Sell,2025-08-13 11:50:00+05:30,55090.0,55090.0,55043.65,2025-08-13 11:50:00+05:30,2025-08-13 11:55:00+05:30,2025-08-13 12:05:00+05:30,55083.55,6.44999999999709,0.0117081139952751,15.0,0.0,0.08,0.0,,15.0,BANKNIFTY,True,False
Sell,2025-08-13 12:05:00+05:30,1423.4,1426.6,1423.4,2025-08-13 12:35:00+05:30,2025-08-13 12:05:00+05:30,2025-08-13 12:35:00+05:30,1426.6,-3.199999999999818,-0.2248138260502893,30.0,0.0,0.0,0.22,-1.0,0.0,INFY,True,False
Buy,2025-08-13 12:25:00+05:30,24594.85,24658.5,24594.85,2025-08-13 14:00:00+05:30,2025-08-13 12:25:00+05:30,2025-08-13 14:20:00+05:30,24637.55,42.70000000000073,0.173613581705116,115.0,0.0,0.26,0.0,,115.0,NIFTY,True,False
Buy,2025-08-13 13:35:00+05:30,1384.8,1388.9,1384.8,2025-08-13 14:00:00+05:30,2025-08-13 13:35:00+05:30,2025-08-13 14:35:00+05:30,1386.1,1.2999999999999543,0.0938763720392803,60.0,0.0,0.3,0.0,,60.0,RELIANCE,True,False
Buy,2025-08-13 13:35:00+05:30,1428.1,1432.1,1427.3,2025-08-13 14:30:00+05:30,2025-08-13 13:40:00+05:30,2025-08-13 15:05:00+05:30,1427.3,-0.7999999999999545,-0.0560184861004099,90.0,0.0,0.28,0.06,-1.0,85.0,INFY,True,False
Buy,2025-08-13 13:50:00+05:30,3041.2,3043.3,3039.5,2025-08-13 14:10:00+05:30,2025-08-13 14:25:00+05:30,2025-08-13 14:35:00+05:30,3040.1,-1.099999999999909,-0.0361699329212123,45.0,0.0,0.07,0.06,-0.65,10.0,TCS,True,False
Buy,2025-08-13 13:55:00+05:30,55237.2,55256.35,55175.65,2025-08-13 14:10:00+05:30,2025-08-13 15:05:00+05:30,2025-08-13 15:05:00+05:30,55175.65,-61.549999999995634,-0.1114285300485825,70.0,0.0,0.03,0.11,-1.0,0.0,BANKNIFTY,True,False
Buy,2025-08-14 09:20:00+05:30,1448.0,1470.0,1447.5,2025-08-14 11:05:00+05:30,2025-08-14 10:05:00+05:30,2025-08-14 11:35:00+05:30,1460.1,12.099999999999907,0.8356353591160158,135.0,0.0,1.52,0.03,24.2,90.0,INFY,True,False
Sell,2025-08-14 09:20:00+05:30,1378.7,1379.9,1374.8,2025-08-14 09:45:00+05:30,2025-08-14 10:40:00+05:30,2025-08-14 11:05:00+05:30,1377.5,1.2000000000000457,0.0870385145426884,105.0,0.0,0.28,0.09,1.0,80.0,RELIANCE,True,False
Buy,2025-08-14 09:30:00+05:30,55254.8,55417.3,55254.8,2025-08-14 10:20:00+05:30,2025-08-14 09:30:00+05:30,2025-08-14 10:50:00+05:30,55324.6,69.79999999999563,0.1263238668857649,80.0,0.0,0.29,0.0,,80.0,BANKNIFTY,True,False
Buy,2025-08-14 09:35:00+05:30,3041.8,3041.8,3038.9,2025-08-14 09:35:00+05:30,2025-08-14 09:50:00+05:30,2025-08-14 09:50:00+05:30,3038.9,-2.900000000000091,-0.0953382865408669,15.0,0.0,0.0,0.1,-1.0,0.0,TCS,True,False
Buy,2025-08-14 09:45:00+05:30,24658.65,24658.65,24656.2,2025-08-14 09:45:00+05:30,2025-08-14 09:50:00+05:30,2025-08-14 09:50:00+05:30,24656.2,-2.450000000000728,-0.0099356615224301,5.0,0.0,0.0,0.01,-1.0,0.0,NIFTY,True,False
Sell,2025-08-14 10:05:00+05:30,3034.8,3044.2,3034.8,2025-08-14 10:35:00+05:30,2025-08-14 10:05:00+05:30,2025-08-14 10:35:00+05:30,3044.2,-9.399999999999636,-0.3097403453275219,30.0,0.0,0.0,0.31,-1.0,0.0,TCS,True,False
Buy,2025-08-14 10:40:00+05:30,3048.0,3053.3,3041.0,2025-08-14 11:05:00+05:30,2025-08-14 11:20:00+05:30,2025-08-14 11:20:00+05:30,3041.0,-7.0,-0.2296587926509186,40.0,0.0,0.17,0.23,-1.0,0.0,TCS,True,False
Buy,2025-08-14 11:25:00+05:30,3041.3,3041.3,3036.2,2025-08-14 11:25:00+05:30,2025-08-14 11:35:00+05:30,2025-08-14 11:35:00+05:30,3036.2,-5.100000000000364,-0.1676914477361774,10.0,0.0,0.0,0.17,-1.0,0.0,TCS,True,False
Sell,2025-08-14 11:50:00+05:30,3031.3,3031.3,3021.5,2025-08-14 11:50:00+05:30,2025-08-14 14:00:00+05:30,2025-08-14 14:05:00+05:30,3023.4,7.900000000000091,0.2606142579091509,135.0,0.0,0.32,0.0,,135.0,TCS,True,False
Sell,2025-08-14 11:55:00+05:30,1375.2,1376.1,1373.9,2025-08-14 12:05:00+05:30,2025-08-14 12:15:00+05:30,2025-08-14 12:20:00+05:30,1375.0,0.2000000000000454,0.0145433391506723,25.0,0.0,0.09,0.07,0.22,15.0,RELIANCE,True,False
Buy,2025-08-14 12:50:00+05:30,55391.95,55429.25,55340.2,2025-08-14 12:55:00+05:30,2025-08-14 13:20:00+05:30,2025-08-14 13:20:00+05:30,55340.2,-51.75,-0.0934251276584413,30.0,0.0,0.07,0.09,-1.0,0.0,BANKNIFTY,True,False
Sell,2025-08-14 14:25:00+05:30,3021.6,3023.8,3019.7,2025-08-14 14:30:00+05:30,2025-08-14 14:55:00+05:30,2025-08-14 15:05:00+05:30,3021.6,0.0,0.0,40.0,0.0,0.06,0.07,0.0,35.0,TCS,True,False
Sell,2025-08-18 09:15:00+05:30,1448.2,1448.6,1445.0,2025-08-18 09:45:00+05:30,2025-08-18 09:35:00+05:30,2025-08-18 10:05:00+05:30,1446.6,1.6000000000001364,0.1104819776274089,50.0,0.0,0.22,0.03,4.0,20.0,INFY,True,False
Sell,2025-08-18 09:15:00+05:30,24943.3,24943.3,24942.2,2025-08-18 09:15:00+05:30,2025-08-18 09:20:00+05:30,2025-08-18 09:20:00+05:30,24942.2,1.0999999999985448,0.0044100018842676,5.0,0.0,0.0,0.0,,5.0,NIFTY,True,False
Buy,2025-08-18 09:20:00+05:30,56035.3,56139.8,55970.8,2025-08-18 09:45:00+05:30,2025-08-18 10:50:00+05:30,2025-08-18 10:50:00+05:30,55970.8,-64.5,-0.1151060135307565,90.0,0.0,0.19,0.12,-1.0,0.0,BANKNIFTY,True,False
Buy,2025-08-18 09:25:00+05:30,24963.75,25016.9,24958.75,2025-08-18 09:45:00+05:30,2025-08-18 10:50:00+05:30,2025-08-18 10:50:00+05:30,24958.75,-5.0,-0.020029042111061,85.0,0.0,0.21,0.02,-1.0,0.0,NIFTY,True,False
Buy,2025-08-18 09:35:00+05:30,1394.1,1394.1,1386.2,2025-08-18 09:35:00+05:30,2025-08-18 10:25:00+05:30,2025-08-18 10:35:00+05:30,1387.4,-6.699999999999818,-0.4805968008033727,60.0,0.0,0.0,0.57,-0.85,10.0,RELIANCE,True,False
Sell,2025-08-18 10:25:00+05:30,1441.7,1441.7,1430.1,2025-08-18 10:25:00+05:30,2025-08-18 12:05:00+05:30,2025-08-18 12:50:00+05:30,1433.9,7.799999999999954,0.5410279531109076,145.0,0.0,0.8,0.0,,145.0,INFY,True,False
Sell,2025-08-18 12:05:00+05:30,3007.6,3011.3,3004.5,2025-08-18 13:00:00+05:30,2025-08-18 12:10:00+05:30,2025-08-18 13:05:00+05:30,3010.0,-2.400000000000091,-0.0797978454581756,60.0,0.0,0.1,0.12,-0.65,5.0,TCS,True,False
Buy,2025-08-18 13:50:00+05:30,1385.0,1385.0,1382.2,2025-08-18 13:50:00+05:30,2025-08-18 14:35:00+05:30,2025-08-18 14:35:00+05:30,1382.2,-2.7999999999999545,-0.2021660649819461,45.0,0.0,0.0,0.2,-1.0,0.0,RELIANCE,True,False
Buy,2025-08-19 09:20:00+05:30,1407.8,1413.4,1407.8,2025-08-19 10:15:00+05:30,2025-08-19 09:20:00+05:30,2025-08-19 10:50:00+05:30,1410.5,2.700000000000045,0.1917886063361305,90.0,0.0,0.4,0.0,,90.0,RELIANCE,True,False
Sell,2025-08-19 09:35:00+05:30,55660.45,55715.3,55626.85,2025-08-19 10:15:00+05:30,2025-08-19 10:05:00+05:30,2025-08-19 10:35:00+05:30,55680.8,-20.35000000000582,-0.0365609692339997,60.0,0.0,0.06,0.1,-0.37,20.0,BANKNIFTY,True,False
Buy,2025-08-19 09:50:00+05:30,1441.5,1443.8,1439.7,2025-08-19 10:00:00+05:30,2025-08-19 10:35:00+05:30,2025-08-19 10:35:00+05:30,1439.7,-1.7999999999999543,-0.124869927159206,45.0,0.0,0.16,0.12,-1.0,0.0,INFY,True,False
Buy,2025-08-19 11:05:00+05:30,3020.2,3021.4,3017.5,2025-08-19 12:15:00+05:30,2025-08-19 11:30:00+05:30,2025-08-19 12:35:00+05:30,3018.1,-2.099999999999909,-0.0695318190848258,90.0,0.0,0.04,0.09,-0.78,65.0,TCS,True,False
Buy,2025-08-19 11:25:00+05:30,1442.4,1446.9,1442.3,2025-08-19 11:45:00+05:30,2025-08-19 11:30:00+05:30,2025-08-19 12:35:00+05:30,1445.3,2.899999999999864,0.2010537992235068,70.0,0.0,0.31,0.01,29.0,65.0,INFY,True,False
Buy,2025-08-19 11:35:00+05:30,55866.05,55935.3,55815.5,2025-08-19 12:30:00+05:30,2025-08-19 11:40:00+05:30,2025-08-19 13:20:00+05:30,55911.75,45.69999999999709,0.0818028122625406,105.0,0.0,0.12,0.09,0.9,100.0,BANKNIFTY,True,False
Buy,2025-08-19 12:05:00+05:30,24966.15,25004.0,24966.15,2025-08-19 12:30:00+05:30,2025-08-19 12:05:00+05:30,2025-08-19 13:20:00+05:30,24984.75,18.599999999998545,0.0745008741836388,75.0,0.0,0.15,0.0,,75.0,NIFTY,True,False
Buy,2025-08-19 12:30:00+05:30,1417.0,1418.1,1417.0,2025-08-19 12:35:00+05:30,2025-08-19 12:30:00+05:30,2025-08-19 12:35:00+05:30,1418.1,1.099999999999909,0.077628793225117,5.0,0.0,0.08,0.0,,5.0,RELIANCE,True,False
Buy,2025-08-19 12:40:00+05:30,1415.7,1415.7,1414.3,2025-08-19 12:40:00+05:30,2025-08-19 12:45:00+05:30,2025-08-19 12:50:00+05:30,1414.7,-1.0,-0.0706364342727979,10.0,0.0,0.0,0.1,-0.71,5.0,RELIANCE,True,False
Buy,2025-08-19 13:20:00+05:30,1447.7,1447.7,1446.1,2025-08-19 13:20:00+05:30,2025-08-19 13:30:00+05:30,2025-08-19 13:35:00+05:30,1446.5,-1.2000000000000457,-0.0828901015403775,15.0,0.0,0.0,0.11,-0.75,5.0,INFY,True,False
Sell,2025-08-19 14:50:00+05:30,3014.6,3016.8,3014.2,2025-08-19 15:15:00+05:30,2025-08-19 14:55:00+05:30,2025-08-19 15:15:00+05:30,3016.8,-2.200000000000273,-0.072978172891935,25.0,0.0,0.01,0.07,-1.0,0.0,TCS,True,False
Sell,2025-08-19 14:50:00+05:30,1439.6,1441.3,1439.0,2025-08-19 15:15:00+05:30,2025-08-19 14:55:00+05:30,2025-08-19 15:15:00+05:30,1441.3,-1.7000000000000457,-0.1180883578771912,25.0,0.0,0.04,0.12,-1.0,0.0,INFY,True,False
Buy,2025-08-20 09:20:00+05:30,3024.1,3086.2,3024.1,2025-08-20 12:00:00+05:30,2025-08-20 09:20:00+05:30,2025-08-20 12:50:00+05:30,3084.2,60.09999999999991,1.9873681425878744,210.0,0.0,2.05,0.0,,210.0,TCS,True,False
Buy,2025-08-20 09:20:00+05:30,1454.9,1481.0,1454.9,2025-08-20 10:45:00+05:30,2025-08-20 09:20:00+05:30,2025-08-20 11:20:00+05:30,1479.3,24.399999999999864,1.6770912090177923,120.0,0.0,1.79,0.0,,120.0,INFY,True,False
Sell,2025-08-20 09:20:00+05:30,55661.6,55724.5,55620.7,2025-08-20 10:10:00+05:30,2025-08-20 09:25:00+05:30,2025-08-20 10:35:00+05:30,55694.2,-32.599999999998545,-0.0585682050102737,75.0,0.0,0.07,0.11,-0.52,25.0,BANKNIFTY,True,False
Buy,2025-08-20 10:35:00+05:30,25010.9,25017.9,25005.6,2025-08-20 10:45:00+05:30,2025-08-20 10:50:00+05:30,2025-08-20 10:50:00+05:30,25005.6,-5.30000000000291,-0.0211907608282905,15.0,0.0,0.03,0.02,-1.0,0.0,NIFTY,True,False
Buy,2025-08-20 10:55:00+05:30,24991.7,25060.3,24991.7,2025-08-20 13:15:00+05:30,2025-08-20 10:55:00+05:30,2025-08-20 13:20:00+05:30,25044.3,52.59999999999855,0.2104698759988257,145.0,0.0,0.27,0.0,,145.0,NIFTY,True,False
Sell,2025-08-20 11:05:00+05:30,55652.95,55676.3,55641.2,2025-08-20 11:10:00+05:30,2025-08-20 11:35:00+05:30,2025-08-20 11:35:00+05:30,55641.2,11.75,0.0211129868228009,30.0,0.0,0.02,0.04,0.5,25.0,BANKNIFTY,True,False
Buy,2025-08-20 14:05:00+05:30,25072.65,25073.9,25067.6,2025-08-20 14:15:00+05:30,2025-08-20 14:20:00+05:30,2025-08-20 14:20:00+05:30,25067.6,-5.05000000000291,-0.0201414688914131,15.0,0.0,0.0,0.02,-1.0,0.0,NIFTY,True,False
Buy,2025-08-20 14:25:00+05:30,25066.45,25078.15,25065.75,2025-08-20 14:45:00+05:30,2025-08-20 14:30:00+05:30,2025-08-20 14:50:00+05:30,25076.95,10.5,0.0418886599418745,25.0,0.0,0.05,0.0,15.0,20.0,NIFTY,True,False
Buy,2025-08-20 14:40:00+05:30,3100.0,3101.4,3097.1,2025-08-20 14:55:00+05:30,2025-08-20 15:15:00+05:30,2025-08-20 15:15:00+05:30,3097.1,-2.900000000000091,-0.0935483870967771,35.0,0.0,0.05,0.09,-1.0,0.0,TCS,True,False
Sell,2025-08-20 14:50:00+05:30,1417.2,1417.2,1411.2,2025-08-20 14:50:00+05:30,2025-08-20 15:15:00+05:30,2025-08-20 15:15:00+05:30,1411.2,6.0,0.4233700254022015,25.0,0.0,0.42,0.0,,25.0,RELIANCE,True,False
Sell,2025-08-21 09:15:00+05:30,1423.2,1427.5,1423.2,2025-08-21 09:20:00+05:30,2025-08-21 09:15:00+05:30,2025-08-21 09:20:00+05:30,1427.5,-4.2999999999999545,-0.3021360314783554,5.0,0.0,0.0,0.3,-1.0,0.0,RELIANCE,True,False
Buy,2025-08-21 09:20:00+05:30,55741.6,55946.85,55730.5,2025-08-21 10:30:00+05:30,2025-08-21 09:35:00+05:30,2025-08-21 11:20:00+05:30,55907.9,166.3000000000029,0.298340915940703,120.0,0.0,0.37,0.02,14.98,105.0,BANKNIFTY,True,False
Buy,2025-08-21 09:35:00+05:30,1427.3,1431.1,1427.2,2025-08-21 10:00:00+05:30,2025-08-21 11:00:00+05:30,2025-08-21 11:05:00+05:30,1427.8,0.5,0.0350311777481959,90.0,0.0,0.27,0.01,5.0,5.0,RELIANCE,True,False
Buy,2025-08-21 10:05:00+05:30,25119.15,25142.25,25115.15,2025-08-21 10:30:00+05:30,2025-08-21 10:10:00+05:30,2025-08-21 11:05:00+05:30,25119.05,-0.1000000000021827,-0.000398102642813,60.0,0.0,0.09,0.02,-0.03,55.0,NIFTY,True,False
Buy,2025-08-21 11:20:00+05:30,3116.1,3118.6,3114.5,2025-08-21 11:40:00+05:30,2025-08-21 11:50:00+05:30,2025-08-21 11:50:00+05:30,3114.5,-1.599999999999909,-0.0513462340746416,30.0,0.0,0.08,0.05,-1.0,0.0,TCS,True,False
Buy,2025-08-21 11:55:00+05:30,3116.5,3117.0,3114.8,2025-08-21 12:00:00+05:30,2025-08-21 12:05:00+05:30,2025-08-21 12:05:00+05:30,3114.8,-1.699999999999818,-0.0545483715706663,10.0,0.0,0.02,0.05,-1.0,0.0,TCS,True,False
Sell,2025-08-21 15:05:00+05:30,55764.8,55764.8,55741.7,2025-08-21 15:05:00+05:30,2025-08-21 15:10:00+05:30,2025-08-21 15:15:00+05:30,55742.15,22.65000000000145,0.0406170200556649,10.0,0.0,0.04,0.0,,10.0,BANKNIFTY,True,False
Sell,2025-08-22 09:15:00+05:30,55573.95,55573.95,55247.0,2025-08-22 09:15:00+05:30,2025-08-22 10:20:00+05:30,2025-08-22 11:05:00+05:30,55321.1,252.84999999999852,0.4549793563351148,110.0,0.0,0.59,0.0,,110.0,BANKNIFTY,True,False
Sell,2025-08-22 09:15:00+05:30,25022.5,25022.5,24908.55,2025-08-22 09:15:00+05:30,2025-08-22 11:15:00+05:30,2025-08-22 11:20:00+05:30,24922.9,99.59999999999854,0.3980417624138217,125.0,0.0,0.46,0.0,,125.0,NIFTY,True,False
Sell,2025-08-22 09:20:00+05:30,3088.8,3088.8,3060.4,2025-08-22 09:20:00+05:30,2025-08-22 10:40:00+05:30,2025-08-22 11:05:00+05:30,3066.4,22.40000000000009,0.7252007252007281,105.0,0.0,0.92,0.0,,105.0,TCS,True,False
Sell,2025-08-22 09:20:00+05:30,1416.7,1421.0,1416.6,2025-08-22 10:05:00+05:30,2025-08-22 09:25:00+05:30,2025-08-22 10:35:00+05:30,1418.5,-1.7999999999999543,-0.1270558339803737,75.0,0.0,0.01,0.3,-0.42,30.0,RELIANCE,True,False
Sell,2025-08-22 09:50:00+05:30,1491.1,1494.6,1488.6,2025-08-22 11:05:00+05:30,2025-08-22 10:20:00+05:30,2025-08-22 11:05:00+05:30,1494.6,-3.5,-0.234726041177654,75.0,0.0,0.17,0.23,-1.0,0.0,INFY,True,False
Sell,2025-08-22 11:15:00+05:30,1413.9,1416.0,1413.8,2025-08-22 11:20:00+05:30,2025-08-22 11:45:00+05:30,2025-08-22 11:50:00+05:30,1414.4,-0.5,-0.0353631798571327,35.0,0.0,0.01,0.15,-0.24,30.0,RELIANCE,True,False
Sell,2025-08-22 12:25:00+05:30,1412.6,1413.7,1411.8,2025-08-22 12:50:00+05:30,2025-08-22 12:35:00+05:30,2025-08-22 12:50:00+05:30,1413.7,-1.1000000000001364,-0.0778705932323472,25.0,0.0,0.06,0.08,-1.0,0.0,RELIANCE,True,False
Sell,2025-08-22 13:10:00+05:30,1492.7,1494.3,1486.1,2025-08-22 13:30:00+05:30,2025-08-22 15:05:00+05:30,2025-08-22 15:15:00+05:30,1488.3,4.400000000000091,0.2947678703021431,125.0,0.0,0.44,0.11,2.75,105.0,INFY,True,False
Sell,2025-08-22 14:35:00+05:30,3057.7,3058.1,3051.7,2025-08-22 14:40:00+05:30,2025-08-22 15:15:00+05:30,2025-08-22 15:15:00+05:30,3051.7,6.0,0.1962259214442228,40.0,0.0,0.2,0.01,15.0,35.0,TCS,True,False
Sell,2025-08-22 14:50:00+05:30,1411.2,1411.2,1408.7,2025-08-22 14:50:00+05:30,2025-08-22 15:05:00+05:30,2025-08-22 15:15:00+05:30,1409.4,1.7999999999999543,0.12755102040816,25.0,0.0,0.18,0.0,,25.0,RELIANCE,True,False
Sell,2025-08-25 09:15:00+05:30,3099.6,3099.6,3098.8,2025-08-25 09:15:00+05:30,2025-08-25 09:20:00+05:30,2025-08-25 09:20:00+05:30,3098.8,0.7999999999997272,0.025809781907334,5.0,0.0,0.03,0.0,,5.0,TCS,True,False
Sell,2025-08-25 09:15:00+05:30,1415.1,1415.1,1414.5,2025-08-25 09:15:00+05:30,2025-08-25 09:20:00+05:30,2025-08-25 09:20:00+05:30,1414.5,0.599999999999909,0.0423998304006719,5.0,0.0,0.04,0.0,,5.0,RELIANCE,True,False
Sell,2025-08-25 09:15:00+05:30,24923.8,24933.6,24923.8,2025-08-25 09:20:00+05:30,2025-08-25 09:15:00+05:30,2025-08-25 09:20:00+05:30,24933.6,-9.799999999999272,-0.0393198468933279,5.0,0.0,0.0,0.04,-1.0,0.0,NIFTY,True,False
Sell,2025-08-25 09:15:00+05:30,55185.05,55265.25,55185.05,2025-08-25 09:20:00+05:30,2025-08-25 09:15:00+05:30,2025-08-25 09:20:00+05:30,55265.25,-80.19999999999709,-0.1453292150682061,5.0,0.0,0.0,0.15,-1.0,0.0,BANKNIFTY,True,False
Buy,2025-08-25 09:20:00+05:30,1511.4,1535.4,1511.4,2025-08-25 11:10:00+05:30,2025-08-25 09:20:00+05:30,2025-08-25 11:35:00+05:30,1533.7,22.299999999999955,1.4754532221781098,135.0,0.0,1.59,0.0,,135.0,INFY,True,False
Buy,2025-08-25 09:35:00+05:30,3121.5,3147.5,3121.5,2025-08-25 11:10:00+05:30,2025-08-25 09:35:00+05:30,2025-08-25 11:35:00+05:30,3144.0,22.5,0.7208073041806824,120.0,0.0,0.83,0.0,,120.0,TCS,True,False
Sell,2025-08-25 10:05:00+05:30,55105.2,55136.55,55072.65,2025-08-25 10:50:00+05:30,2025-08-25 10:40:00+05:30,2025-08-25 10:50:00+05:30,55136.55,-31.35000000000582,-0.0568911826833145,45.0,0.0,0.06,0.06,-1.0,0.0,BANKNIFTY,True,False
Buy,2025-08-25 11:20:00+05:30,24946.1,25000.85,24946.1,2025-08-25 13:10:00+05:30,2025-08-25 11:20:00+05:30,2025-08-25 13:35:00+05:30,24992.4,46.30000000000291,0.1856001539318888,135.0,0.0,0.22,0.0,,135.0,NIFTY,True,False
Buy,2025-08-25 13:05:00+05:30,1416.0,1419.0,1413.3,2025-08-25 13:50:00+05:30,2025-08-25 14:20:00+05:30,2025-08-25 14:20:00+05:30,1413.3,-2.700000000000045,-0.1906779661016981,75.0,0.0,0.21,0.19,-1.0,0.0,RELIANCE,True,False
Buy,2025-08-25 14:10:00+05:30,55219.35,55220.1,55140.8,2025-08-25 14:15:00+05:30,2025-08-25 14:35:00+05:30,2025-08-25 14:35:00+05:30,55140.8,-78.54999999999563,-0.1422508595265892,25.0,0.0,0.0,0.14,-1.0,0.0,BANKNIFTY,True,False
Sell,2025-08-25 15:05:00+05:30,1410.5,1413.7,1410.2,2025-08-25 15:15:00+05:30,2025-08-25 15:10:00+05:30,2025-08-25 15:15:00+05:30,1413.7,-3.200000000000045,-0.2268699042892623,10.0,0.0,0.02,0.23,-1.0,0.0,RELIANCE,True,False
Sell,2025-08-26 09:20:00+05:30,1405.6,1408.0,1397.1,2025-08-26 09:25:00+05:30,2025-08-26 10:45:00+05:30,2025-08-26 11:35:00+05:30,1397.4,8.199999999999818,0.5833807626636183,135.0,0.0,0.6,0.17,3.42,130.0,RELIANCE,True,False
Sell,2025-08-26 09:20:00+05:30,54659.4,54659.4,54498.25,2025-08-26 09:20:00+05:30,2025-08-26 09:35:00+05:30,2025-08-26 10:50:00+05:30,54548.0,111.40000000000146,0.2038075793001779,90.0,0.0,0.29,0.0,,90.0,BANKNIFTY,True,False
Sell,2025-08-26 09:20:00+05:30,24806.05,24806.05,24760.45,2025-08-26 09:20:00+05:30,2025-08-26 09:40:00+05:30,2025-08-26 10:50:00+05:30,24770.5,35.54999999999927,0.1433118130456049,90.0,0.0,0.18,0.0,,90.0,NIFTY,True,False
Sell,2025-08-26 12:05:00+05:30,1524.7,1525.2,1519.6,2025-08-26 13:05:00+05:30,2025-08-26 12:30:00+05:30,2025-08-26 13:05:00+05:30,1525.2,-0.5,-0.0327933363940447,60.0,0.0,0.33,0.03,-1.0,0.0,INFY,True,False
Buy,2025-08-26 13:35:00+05:30,3157.9,3160.3,3153.0,2025-08-26 13:40:00+05:30,2025-08-26 14:05:00+05:30,2025-08-26 14:05:00+05:30,3153.0,-4.900000000000091,-0.1551664080559894,30.0,0.0,0.08,0.16,-1.0,0.0,TCS,True,False
Buy,2025-08-26 14:10:00+05:30,3153.3,3158.7,3153.3,2025-08-26 14:35:00+05:30,2025-08-26 14:10:00+05:30,2025-08-26 14:50:00+05:30,3155.3,2.0,0.0634256176069514,40.0,0.0,0.17,0.0,,40.0,TCS,True,False
Sell,2025-08-26 14:15:00+05:30,1521.2,1530.0,1521.0,2025-08-26 14:35:00+05:30,2025-08-26 14:20:00+05:30,2025-08-26 14:35:00+05:30,1530.0,-8.799999999999955,-0.5784906652642621,20.0,0.0,0.01,0.58,-1.0,0.0,INFY,True,False
Sell,2025-08-26 15:05:00+05:30,1386.2,1386.2,1382.3,2025-08-26 15:05:00+05:30,2025-08-26 15:15:00+05:30,2025-08-26 15:15:00+05:30,1382.3,3.900000000000091,0.2813446833068886,10.0,0.0,0.28,0.0,,10.0,RELIANCE,True,False
Sell,2025-08-26 15:05:00+05:30,24719.95,24719.95,24694.9,2025-08-26 15:05:00+05:30,2025-08-26 15:15:00+05:30,2025-08-26 15:15:00+05:30,24694.9,25.049999999999272,0.101335156422239,10.0,0.0,0.1,0.0,,10.0,NIFTY,True,False
Sell,2025-08-28 09:15:00+05:30,24577.25,24606.45,24512.55,2025-08-28 10:00:00+05:30,2025-08-28 09:30:00+05:30,2025-08-28 10:20:00+05:30,24573.95,3.2999999999992724,0.0134270514398448,65.0,0.0,0.26,0.12,0.11,20.0,NIFTY,True,False
Sell,2025-08-28 09:15:00+05:30,1375.9,1376.2,1368.0,2025-08-28 09:50:00+05:30,2025-08-28 09:30:00+05:30,2025-08-28 09:50:00+05:30,1376.2,-0.2999999999999545,-0.0218039101678868,35.0,0.0,0.57,0.02,-1.0,0.0,RELIANCE,True,False
Sell,2025-08-28 09:20:00+05:30,1510.5,1516.0,1506.1,2025-08-28 09:40:00+05:30,2025-08-28 10:15:00+05:30,2025-08-28 10:50:00+05:30,1509.8,0.7000000000000455,0.0463422707712708,90.0,0.0,0.29,0.36,0.13,70.0,INFY,True,False
Sell,2025-08-28 09:20:00+05:30,53953.75,54182.05,53935.45,2025-08-28 09:50:00+05:30,2025-08-28 09:30:00+05:30,2025-08-28 10:20:00+05:30,54077.65,-123.90000000000146,-0.2296411278178096,60.0,0.0,0.03,0.42,-0.54,30.0,BANKNIFTY,True,False
Sell,2025-08-28 09:20:00+05:30,3121.0,3121.0,3103.4,2025-08-28 09:20:00+05:30,2025-08-28 10:20:00+05:30,2025-08-28 10:35:00+05:30,3117.0,4.0,0.1281640499839794,75.0,0.0,0.56,0.0,,75.0,TCS,True,False
Sell,2025-08-28 09:55:00+05:30,1382.4,1385.0,1381.8,2025-08-28 10:00:00+05:30,2025-08-28 10:05:00+05:30,2025-08-28 10:05:00+05:30,1381.8,0.6000000000001364,0.0434027777777876,10.0,0.0,0.04,0.19,0.23,5.0,RELIANCE,True,False
Sell,2025-08-28 11:30:00+05:30,1505.1,1505.8,1505.1,2025-08-28 11:50:00+05:30,2025-08-28 11:30:00+05:30,2025-08-28 11:50:00+05:30,1505.8,-0.7000000000000455,-0.0465085376386981,20.0,0.0,0.0,0.05,-1.0,0.0,INFY,True,False
Sell,2025-08-28 12:20:00+05:30,3110.9,3112.1,3106.9,2025-08-28 12:40:00+05:30,2025-08-28 12:25:00+05:30,2025-08-28 12:50:00+05:30,3112.1,-1.199999999999818,-0.0385740460959792,30.0,0.0,0.13,0.04,-1.0,10.0,TCS,True,False
Sell,2025-08-28 12:55:00+05:30,3110.9,3110.9,3105.8,2025-08-28 12:55:00+05:30,2025-08-28 13:05:00+05:30,2025-08-28 13:20:00+05:30,3109.0,1.900000000000091,0.0610755729853126,25.0,0.0,0.16,0.0,,25.0,TCS,True,False
Sell,2025-08-28 13:35:00+05:30,53996.7,53996.7,53930.45,2025-08-28 13:35:00+05:30,2025-08-28 13:55:00+05:30,2025-08-28 14:05:00+05:30,53985.85,10.849999999998545,0.02009382054829,30.0,0.0,0.12,0.0,,30.0,BANKNIFTY,True,False
Sell,2025-08-28 13:35:00+05:30,24552.75,24552.75,24535.65,2025-08-28 13:35:00+05:30,2025-08-28 14:00:00+05:30,2025-08-28 14:05:00+05:30,24549.9,2.849999999998545,0.0116076610562912,30.0,0.0,0.07,0.0,,30.0,NIFTY,True,False
Sell,2025-08-28 14:50:00+05:30,3106.7,3106.7,3089.6,2025-08-28 14:50:00+05:30,2025-08-28 15:15:00+05:30,2025-08-28 15:15:00+05:30,3089.6,17.09999999999991,0.5504232787201825,25.0,0.0,0.55,0.0,,25.0,TCS,True,False
Sell,2025-08-28 14:50:00+05:30,53849.1,53866.15,53783.9,2025-08-28 14:55:00+05:30,2025-08-28 15:05:00+05:30,2025-08-28 15:15:00+05:30,53814.15,34.94999999999709,0.0649035917034771,25.0,0.0,0.12,0.03,2.05,20.0,BANKNIFTY,True,False
Sell,2025-08-28 15:05:00+05:30,24490.5,24502.25,24490.5,2025-08-28 15:10:00+05:30,2025-08-28 15:05:00+05:30,2025-08-28 15:15:00+05:30,24491.1,-0.5999999999985448,-0.002449929564519,10.0,0.0,0.0,0.05,-0.05,5.0,NIFTY,True,False
Buy,2025-08-29 09:15:00+05:30,1391.1,1395.2,1385.5,2025-08-29 09:20:00+05:30,2025-08-29 09:45:00+05:30,2025-08-29 09:50:00+05:30,1387.2,-3.899999999999864,-0.2803536769462917,35.0,0.0,0.29,0.4,-0.7,5.0,RELIANCE,True,False
Sell,2025-08-29 09:15:00+05:30,3101.3,3104.8,3101.3,2025-08-29 09:20:00+05:30,2025-08-29 09:15:00+05:30,2025-08-29 09:20:00+05:30,3104.8,-3.5,-0.1128558991390707,5.0,0.0,0.0,0.11,-1.0,0.0,TCS,True,False
Sell,2025-08-29 09:20:00+05:30,1492.1,1492.1,1478.4,2025-08-29 09:20:00+05:30,2025-08-29 10:10:00+05:30,2025-08-29 10:35:00+05:30,1487.8,4.2999999999999545,0.2881844380403427,75.0,0.0,0.92,0.0,,75.0,INFY,True,False
Sell,2025-08-29 09:35:00+05:30,3089.9,3089.9,3079.4,2025-08-29 09:35:00+05:30,2025-08-29 09:45:00+05:30,2025-08-29 10:20:00+05:30,3087.6,2.300000000000182,0.0744360658921059,45.0,0.0,0.34,0.0,,45.0,TCS,True,False
Sell,2025-08-29 10:05:00+05:30,24475.0,24515.35,24470.85,2025-08-29 10:20:00+05:30,2025-08-29 10:10:00+05:30,2025-08-29 10:20:00+05:30,24515.35,-40.34999999999855,-0.1648621041879409,15.0,0.0,0.02,0.16,-1.0,0.0,NIFTY,True,False
Sell,2025-08-29 12:20:00+05:30,1480.0,1480.0,1478.5,2025-08-29 12:20:00+05:30,2025-08-29 12:30:00+05:30,2025-08-29 12:35:00+05:30,1478.6,1.400000000000091,0.0945945945946007,15.0,0.0,0.1,0.0,,15.0,INFY,True,False
Sell,2025-08-29 13:20:00+05:30,53853.9,53853.9,53609.25,2025-08-29 13:20:00+05:30,2025-08-29 15:10:00+05:30,2025-08-29 15:15:00+05:30,53654.55,199.34999999999852,0.3701681772350721,115.0,0.0,0.45,0.0,,115.0,BANKNIFTY,True,False
Sell,2025-08-29 14:20:00+05:30,1472.4,1472.4,1469.1,2025-08-29 14:20:00+05:30,2025-08-29 14:30:00+05:30,2025-08-29 14:50:00+05:30,1470.4,2.0,0.1358326541700624,30.0,0.0,0.22,0.0,,30.0,INFY,True,False
Sell,2025-08-29 14:30:00+05:30,1367.1,1367.1,1352.7,2025-08-29 14:30:00+05:30,2025-08-29 15:15:00+05:30,2025-08-29 15:15:00+05:30,1352.7,14.399999999999864,1.0533245556286932,45.0,0.0,1.05,0.0,,45.0,RELIANCE,True,False
Sell,2025-08-29 14:35:00+05:30,24458.85,24466.15,24452.45,2025-08-29 14:45:00+05:30,2025-08-29 14:40:00+05:30,2025-08-29 14:50:00+05:30,24465.8,-6.950000000000728,-0.0284150726628632,15.0,0.0,0.03,0.03,-0.95,5.0,NIFTY,True,False
Sell,2025-08-29 14:35:00+05:30,3086.9,3088.9,3086.9,2025-08-29 14:50:00+05:30,2025-08-29 14:35:00+05:30,2025-08-29 14:50:00+05:30,3088.9,-2.0,-0.064789918688652,15.0,0.0,0.0,0.06,-1.0,0.0,TCS,True,False
Sell,2025-08-29 14:55:00+05:30,1471.0,1471.0,1468.5,2025-08-29 14:55:00+05:30,2025-08-29 15:05:00+05:30,2025-08-29 15:15:00+05:30,1469.2,1.7999999999999543,0.1223657375934707,20.0,0.0,0.17,0.0,,20.0,INFY,True,False
Sell,2025-08-29 14:55:00+05:30,24487.1,24487.1,24406.75,2025-08-29 14:55:00+05:30,2025-08-29 15:10:00+05:30,2025-08-29 15:15:00+05:30,24411.2,75.89999999999782,0.3099591213332645,20.0,0.0,0.33,0.0,,20.0,NIFTY,True,False
Sell,2025-08-29 15:05:00+05:30,3089.7,3089.7,3078.3,2025-08-29 15:05:00+05:30,2025-08-29 15:15:00+05:30,2025-08-29 15:15:00+05:30,3078.3,11.399999999999636,0.3689678609573627,10.0,0.0,0.37,0.0,,10.0,TCS,True,False
Sell,2025-09-01 09:15:00+05:30,53884.2,53920.6,53884.2,2025-09-01 09:20:00+05:30,2025-09-01 09:15:00+05:30,2025-09-01 09:20:00+05:30,53920.6,-36.400000000001455,-0.0675522694964413,5.0,0.0,0.0,0.07,-1.0,0.0,BANKNIFTY,True,False
Sell,2025-09-01 09:15:00+05:30,3117.6,3122.3,3117.6,2025-09-01 09:20:00+05:30,2025-09-01 09:15:00+05:30,2025-09-01 09:20:00+05:30,3122.3,-4.700000000000273,-0.150756992558387,5.0,0.0,0.0,0.15,-1.0,0.0,TCS,True,False
Sell,2025-09-01 09:15:00+05:30,24523.5,24529.15,24523.5,2025-09-01 09:20:00+05:30,2025-09-01 09:15:00+05:30,2025-09-01 09:20:00+05:30,24529.15,-5.650000000001455,-0.0230391257365443,5.0,0.0,0.0,0.02,-1.0,0.0,NIFTY,True,False
Sell,2025-09-01 09:15:00+05:30,1350.0,1354.0,1349.8,2025-09-01 09:50:00+05:30,2025-09-01 09:20:00+05:30,2025-09-01 10:05:00+05:30,1351.8,-1.7999999999999543,-0.1333333333333299,50.0,0.0,0.01,0.3,-0.45,15.0,RELIANCE,True,False
Buy,2025-09-01 09:35:00+05:30,3126.6,3126.6,3113.0,2025-09-01 09:35:00+05:30,2025-09-01 10:15:00+05:30,2025-09-01 10:50:00+05:30,3114.7,-11.900000000000093,-0.3806051301733542,75.0,0.0,0.0,0.43,-0.88,35.0,TCS,True,False
Buy,2025-09-01 09:50:00+05:30,1495.8,1499.9,1495.8,2025-09-01 10:25:00+05:30,2025-09-01 09:50:00+05:30,2025-09-01 11:05:00+05:30,1497.1,1.2999999999999543,0.0869100147078456,75.0,0.0,0.27,0.0,,75.0,INFY,True,False
Buy,2025-09-01 10:20:00+05:30,24512.15,24550.9,24511.9,2025-09-01 11:00:00+05:30,2025-09-01 10:30:00+05:30,2025-09-01 11:50:00+05:30,24523.0,10.849999999998545,0.0442637630725927,90.0,0.0,0.16,0.0,43.4,80.0,NIFTY,True,False
Buy,2025-09-01 12:25:00+05:30,24571.6,24617.9,24563.95,2025-09-01 14:35:00+05:30,2025-09-01 12:40:00+05:30,2025-09-01 14:35:00+05:30,24617.9,46.30000000000291,0.1884289179377936,130.0,0.0,0.19,0.03,6.05,115.0,NIFTY,True,False
Buy,2025-09-01 13:05:00+05:30,53912.9,53937.7,53889.0,2025-09-01 13:35:00+05:30,2025-09-01 13:50:00+05:30,2025-09-01 14:20:00+05:30,53896.15,-16.75,-0.0310686310697439,75.0,0.0,0.05,0.04,-0.7,30.0,BANKNIFTY,True,False
Buy,2025-09-01 14:15:00+05:30,1500.7,1501.3,1498.4,2025-09-01 14:30:00+05:30,2025-09-01 14:50:00+05:30,2025-09-01 15:05:00+05:30,1498.9,-1.7999999999999543,-0.1199440261211404,50.0,0.0,0.04,0.15,-0.78,15.0,INFY,True,False
Buy,2025-09-01 15:00:00+05:30,53977.85,54011.65,53977.85,2025-09-01 15:05:00+05:30,2025-09-01 15:00:00+05:30,2025-09-01 15:15:00+05:30,54007.15,29.30000000000291,0.0542815247365408,15.0,0.0,0.06,0.0,,15.0,BANKNIFTY,True,False
Sell,2025-09-02 09:15:00+05:30,3117.7,3117.7,3107.7,2025-09-02 09:15:00+05:30,2025-09-02 09:20:00+05:30,2025-09-02 09:35:00+05:30,3114.4,3.299999999999727,0.1058472591974765,20.0,0.0,0.32,0.0,,20.0,TCS,True,False
Buy,2025-09-02 09:15:00+05:30,53971.0,54155.95,53952.1,2025-09-02 10:00:00+05:30,2025-09-02 09:20:00+05:30,2025-09-02 11:05:00+05:30,54112.35,141.34999999999854,0.2618999092104992,110.0,0.0,0.34,0.04,7.48,105.0,BANKNIFTY,True,False
Buy,2025-09-02 09:20:00+05:30,1370.4,1384.0,1370.4,2025-09-02 10:00:00+05:30,2025-09-02 09:20:00+05:30,2025-09-02 11:05:00+05:30,1383.0,12.599999999999907,0.9194395796847568,105.0,0.0,0.99,0.0,,105.0,RELIANCE,True,False
Buy,2025-09-02 09:20:00+05:30,24641.2,24746.05,24641.2,2025-09-02 10:00:00+05:30,2025-09-02 09:20:00+05:30,2025-09-02 11:05:00+05:30,24738.7,97.5,0.3956787818775059,105.0,0.0,0.43,0.0,,105.0,NIFTY,True,False
Buy,2025-09-02 10:05:00+05:30,3129.0,3153.2,3129.0,2025-09-02 12:25:00+05:30,2025-09-02 10:05:00+05:30,2025-09-02 12:50:00+05:30,3144.6,15.599999999999907,0.4985618408437171,165.0,0.0,0.77,0.0,,165.0,TCS,True,False
Buy,2025-09-02 11:50:00+05:30,1502.8,1512.5,1502.8,2025-09-02 12:20:00+05:30,2025-09-02 11:50:00+05:30,2025-09-02 13:05:00+05:30,1507.3,4.5,0.29944104338568,75.0,0.0,0.65,0.0,,75.0,INFY,True,False
Sell,2025-09-02 13:20:00+05:30,53906.0,53906.0,53638.2,2025-09-02 13:20:00+05:30,2025-09-02 14:05:00+05:30,2025-09-02 15:05:00+05:30,53679.45,226.5500000000029,0.4202686157385131,105.0,0.0,0.5,0.0,,105.0,BANKNIFTY,True,False
Sell,2025-09-02 13:50:00+05:30,24627.7,24627.7,24540.7,2025-09-02 13:50:00+05:30,2025-09-02 14:25:00+05:30,2025-09-02 15:05:00+05:30,24586.5,41.20000000000073,0.1672913020704358,75.0,0.0,0.35,0.0,,75.0,NIFTY,True,False
Sell,2025-09-02 14:05:00+05:30,1366.5,1367.4,1364.1,2025-09-02 15:15:00+05:30,2025-09-02 14:55:00+05:30,2025-09-02 15:15:00+05:30,1367.4,-0.900000000000091,-0.0658616904500615,70.0,0.0,0.18,0.07,-1.0,0.0,RELIANCE,True,False
Sell,2025-09-02 14:05:00+05:30,3115.7,3118.1,3108.2,2025-09-02 14:55:00+05:30,2025-09-02 14:25:00+05:30,2025-09-02 15:15:00+05:30,3113.2,2.5,0.0802387906409474,70.0,0.0,0.24,0.08,1.04,20.0,TCS,True,False
Sell,2025-09-02 14:50:00+05:30,1499.0,1500.1,1497.7,2025-09-02 14:55:00+05:30,2025-09-02 15:15:00+05:30,2025-09-02 15:15:00+05:30,1497.7,1.2999999999999543,0.086724482988656,25.0,0.0,0.09,0.07,1.18,20.0,INFY,True,False
Sell,2025-09-03 09:15:00+05:30,1482.8,1489.3,1473.6,2025-09-03 09:25:00+05:30,2025-09-03 11:00:00+05:30,2025-09-03 11:20:00+05:30,1475.5,7.299999999999954,0.4923118424602073,125.0,0.0,0.62,0.44,1.12,115.0,INFY,True,False
Sell,2025-09-03 10:15:00+05:30,3108.6,3108.6,3088.7,2025-09-03 10:15:00+05:30,2025-09-03 11:30:00+05:30,2025-09-03 11:50:00+05:30,3091.4,17.199999999999818,0.553303738017108,95.0,0.0,0.64,0.0,,95.0,TCS,True,False
Sell,2025-09-03 10:50:00+05:30,24559.6,24578.25,24559.6,2025-09-03 11:05:00+05:30,2025-09-03 10:50:00+05:30,2025-09-03 11:05:00+05:30,24578.25,-18.65000000000145,-0.0759377188553618,15.0,0.0,0.0,0.08,-1.0,0.0,NIFTY,True,False
Buy,2025-09-03 12:05:00+05:30,1370.3,1373.2,1368.3,2025-09-03 12:10:00+05:30,2025-09-03 12:45:00+05:30,2025-09-03 12:50:00+05:30,1368.5,-1.7999999999999543,-0.1313580967671279,45.0,0.0,0.21,0.15,-0.9,5.0,RELIANCE,True,False
Sell,2025-09-03 13:00:00+05:30,1474.9,1475.7,1474.9,2025-09-03 13:05:00+05:30,2025-09-03 13:00:00+05:30,2025-09-03 13:05:00+05:30,1475.7,-0.7999999999999545,-0.0542409654891826,5.0,0.0,0.0,0.05,-1.0,0.0,INFY,True,False
Sell,2025-09-03 13:10:00+05:30,1475.1,1477.1,1475.1,2025-09-03 13:20:00+05:30,2025-09-03 13:10:00+05:30,2025-09-03 13:20:00+05:30,1477.1,-2.0,-0.1355840282014778,10.0,0.0,0.0,0.14,-1.0,0.0,INFY,True,False
Buy,2025-09-03 13:50:00+05:30,24644.35,24728.4,24644.35,2025-09-03 15:15:00+05:30,2025-09-03 13:50:00+05:30,2025-09-03 15:15:00+05:30,24728.4,84.05000000000291,0.3410518029487607,85.0,0.0,0.34,0.0,,85.0,NIFTY,True,False
Buy,2025-09-03 14:05:00+05:30,53870.45,54096.1,53862.8,2025-09-03 15:10:00+05:30,2025-09-03 14:10:00+05:30,2025-09-03 15:15:00+05:30,54080.4,209.9500000000044,0.3897312905312734,70.0,0.0,0.42,0.01,27.44,65.0,BANKNIFTY,True,False
Buy,2025-09-03 15:05:00+05:30,1373.3,1374.4,1373.3,2025-09-03 15:10:00+05:30,2025-09-03 15:05:00+05:30,2025-09-03 15:15:00+05:30,1373.6,0.2999999999999545,0.0218451904172398,10.0,0.0,0.08,0.0,,10.0,RELIANCE,True,False
Buy,2025-09-04 09:15:00+05:30,54259.1,54416.15,54221.2,2025-09-04 09:50:00+05:30,2025-09-04 10:10:00+05:30,2025-09-04 10:20:00+05:30,54300.3,41.200000000004366,0.0759319634863172,65.0,0.0,0.29,0.07,1.09,10.0,BANKNIFTY,True,False
Buy,2025-09-04 09:15:00+05:30,1366.1,1366.1,1365.2,2025-09-04 09:15:00+05:30,2025-09-04 09:20:00+05:30,2025-09-04 09:20:00+05:30,1365.2,-0.8999999999998636,-0.0658809750384205,5.0,0.0,0.0,0.07,-1.0,0.0,RELIANCE,True,False
Buy,2025-09-04 09:15:00+05:30,24863.8,24930.25,24835.7,2025-09-04 09:30:00+05:30,2025-09-04 10:10:00+05:30,2025-09-04 10:20:00+05:30,24873.75,9.950000000000728,0.0400180181629546,65.0,0.0,0.27,0.11,0.35,10.0,NIFTY,True,False
Sell,2025-09-04 09:35:00+05:30,1367.3,1369.8,1361.8,2025-09-04 09:50:00+05:30,2025-09-04 10:40:00+05:30,2025-09-04 11:35:00+05:30,1364.8,2.5,0.1828420975645432,120.0,0.0,0.4,0.18,1.0,105.0,RELIANCE,True,False
Buy,2025-09-04 09:50:00+05:30,3112.0,3113.5,3109.0,2025-09-04 10:30:00+05:30,2025-09-04 10:05:00+05:30,2025-09-04 10:35:00+05:30,3113.0,1.0,0.0321336760925449,45.0,0.0,0.05,0.1,0.33,30.0,TCS,True,False
Sell,2025-09-04 10:20:00+05:30,1471.6,1471.6,1468.4,2025-09-04 10:20:00+05:30,2025-09-04 10:40:00+05:30,2025-09-04 10:50:00+05:30,1468.5,3.099999999999909,0.2106550693123069,30.0,0.0,0.22,0.0,,30.0,INFY,True,False
Sell,2025-09-04 10:55:00+05:30,1471.1,1471.1,1467.8,2025-09-04 10:55:00+05:30,2025-09-04 11:35:00+05:30,2025-09-04 11:35:00+05:30,1467.8,3.2999999999999545,0.2243219359662806,40.0,0.0,0.22,0.0,,40.0,INFY,True,False
Buy,2025-09-04 12:10:00+05:30,3104.3,3104.3,3100.1,2025-09-04 12:10:00+05:30,2025-09-04 12:20:00+05:30,2025-09-04 12:20:00+05:30,3100.1,-4.200000000000273,-0.1352962020423371,10.0,0.0,0.0,0.14,-1.0,0.0,TCS,True,False
Sell,2025-09-04 12:35:00+05:30,3101.3,3101.9,3100.0,2025-09-04 12:50:00+05:30,2025-09-04 12:40:00+05:30,2025-09-04 12:50:00+05:30,3101.9,-0.599999999999909,-0.0193467255666949,15.0,0.0,0.04,0.02,-1.0,0.0,TCS,True,False
Sell,2025-09-04 12:40:00+05:30,1365.0,1365.0,1364.7,2025-09-04 12:40:00+05:30,2025-09-04 12:50:00+05:30,2025-09-04 12:50:00+05:30,1364.7,0.2999999999999545,0.0219780219780186,10.0,0.0,0.02,0.0,,10.0,RELIANCE,True,False
Sell,2025-09-04 12:55:00+05:30,3101.1,3103.2,3101.1,2025-09-04 13:00:00+05:30,2025-09-04 12:55:00+05:30,2025-09-04 13:05:00+05:30,3103.0,-1.900000000000091,-0.0612685821160262,10.0,0.0,0.0,0.07,-0.9,5.0,TCS,True,False
Buy,2025-09-04 13:20:00+05:30,3106.9,3106.9,3100.3,2025-09-04 13:20:00+05:30,2025-09-04 13:50:00+05:30,2025-09-04 13:50:00+05:30,3100.3,-6.599999999999909,-0.2124303968586021,30.0,0.0,0.0,0.21,-1.0,0.0,TCS,True,False
Sell,2025-09-04 13:35:00+05:30,1363.2,1363.2,1359.8,2025-09-04 13:35:00+05:30,2025-09-04 14:25:00+05:30,2025-09-04 14:35:00+05:30,1361.1,2.1000000000001364,0.1540492957746579,60.0,0.0,0.25,0.0,,60.0,RELIANCE,True,False
Sell,2025-09-04 14:05:00+05:30,3096.9,3099.9,3093.4,2025-09-04 14:30:00+05:30,2025-09-04 14:50:00+05:30,2025-09-04 15:15:00+05:30,3095.4,1.5,0.0484355323065,70.0,0.0,0.11,0.1,0.5,45.0,TCS,True,False
Sell,2025-09-04 14:20:00+05:30,24719.95,24771.3,24718.5,2025-09-04 14:40:00+05:30,2025-09-04 15:10:00+05:30,2025-09-04 15:15:00+05:30,24728.1,-8.149999999997817,-0.0329693223489441,55.0,0.0,0.01,0.21,-0.16,35.0,NIFTY,True,False
Sell,2025-09-04 14:20:00+05:30,1463.9,1465.3,1461.1,2025-09-04 15:00:00+05:30,2025-09-04 15:15:00+05:30,2025-09-04 15:15:00+05:30,1461.1,2.800000000000182,0.1912698954846766,55.0,0.0,0.19,0.1,2.0,15.0,INFY,True,False
Sell,2025-09-04 14:40:00+05:30,1363.8,1363.8,1362.6,2025-09-04 14:40:00+05:30,2025-09-04 14:45:00+05:30,2025-09-04 14:50:00+05:30,1362.7,1.099999999999909,0.0806569878281206,10.0,0.0,0.09,0.0,,10.0,RELIANCE,True,False
Sell,2025-09-04 14:50:00+05:30,54076.5,54081.25,54041.0,2025-09-04 14:55:00+05:30,2025-09-04 15:10:00+05:30,2025-09-04 15:15:00+05:30,54077.9,-1.4000000000014552,-0.0025889249489176,25.0,0.0,0.07,0.01,-0.29,20.0,BANKNIFTY,True,False
Sell,2025-09-04 15:10:00+05:30,1358.3,1358.7,1358.3,2025-09-04 15:15:00+05:30,2025-09-04 15:10:00+05:30,2025-09-04 15:15:00+05:30,1358.7,-0.4000000000000909,-0.0294485754251705,5.0,0.0,0.0,0.03,-1.0,0.0,RELIANCE,True,False
Sell,2025-09-05 09:15:00+05:30,3097.2,3098.2,3090.2,2025-09-05 09:30:00+05:30,2025-09-05 09:20:00+05:30,2025-09-05 09:35:00+05:30,3097.7,-0.5,-0.0161436135864651,20.0,0.0,0.23,0.03,-0.5,5.0,TCS,True,False
Sell,2025-09-05 09:15:00+05:30,1370.4,1370.4,1368.9,2025-09-05 09:15:00+05:30,2025-09-05 09:20:00+05:30,2025-09-05 09:20:00+05:30,1368.9,1.5,0.1094570928196147,5.0,0.0,0.11,0.0,,5.0,RELIANCE,True,False
Sell,2025-09-05 09:15:00+05:30,1471.6,1471.6,1467.4,2025-09-05 09:15:00+05:30,2025-09-05 09:20:00+05:30,2025-09-05 09:20:00+05:30,1467.4,4.199999999999818,0.2854036422940893,5.0,0.0,0.29,0.0,,5.0,INFY,True,False
Buy,2025-09-05 09:35:00+05:30,1369.7,1370.0,1367.2,2025-09-05 09:40:00+05:30,2025-09-05 10:05:00+05:30,2025-09-05 10:05:00+05:30,1367.2,-2.5,-0.18252172008469,30.0,0.0,0.02,0.18,-1.0,0.0,RELIANCE,True,False
Sell,2025-09-05 09:50:00+05:30,54079.35,54079.35,53814.05,2025-09-05 09:50:00+05:30,2025-09-05 10:15:00+05:30,2025-09-05 11:20:00+05:30,53849.65,229.6999999999971,0.424746229383299,90.0,0.0,0.49,0.0,,90.0,BANKNIFTY,True,False
Buy,2025-09-05 10:10:00+05:30,1364.4,1368.7,1360.3,2025-09-05 10:35:00+05:30,2025-09-05 10:50:00+05:30,2025-09-05 10:50:00+05:30,1360.3,-4.100000000000136,-0.3004983875696376,40.0,0.0,0.32,0.3,-1.0,0.0,RELIANCE,True,False
Sell,2025-09-05 10:10:00+05:30,3049.9,3058.2,3032.2,2025-09-05 10:25:00+05:30,2025-09-05 11:45:00+05:30,2025-09-05 12:05:00+05:30,3040.1,9.800000000000182,0.3213220105577291,115.0,0.0,0.58,0.27,1.18,100.0,TCS,True,False
Sell,2025-09-05 10:15:00+05:30,1435.2,1448.3,1435.2,2025-09-05 11:00:00+05:30,2025-09-05 10:15:00+05:30,2025-09-05 12:05:00+05:30,1441.7,-6.5,-0.4528985507246377,110.0,0.0,0.0,0.91,-0.5,65.0,INFY,True,False
Sell,2025-09-05 10:15:00+05:30,24650.45,24721.75,24646.35,2025-09-05 10:25:00+05:30,2025-09-05 12:15:00+05:30,2025-09-05 12:20:00+05:30,24656.7,-6.25,-0.0253545067128591,125.0,0.0,0.02,0.29,-0.09,115.0,NIFTY,True,False
Buy,2025-09-05 11:35:00+05:30,1368.5,1368.5,1366.0,2025-09-05 11:35:00+05:30,2025-09-05 12:15:00+05:30,2025-09-05 12:20:00+05:30,1366.4,-2.099999999999909,-0.1534526854219882,45.0,0.0,0.0,0.18,-0.84,5.0,RELIANCE,True,False
Sell,2025-09-05 12:20:00+05:30,53789.7,53790.05,53733.3,2025-09-05 12:25:00+05:30,2025-09-05 12:45:00+05:30,2025-09-05 13:05:00+05:30,53782.7,7.0,0.013013643876058,45.0,0.0,0.1,0.0,20.0,40.0,BANKNIFTY,True,False
Sell,2025-09-05 12:25:00+05:30,24656.95,24656.95,24628.25,2025-09-05 12:25:00+05:30,2025-09-05 12:45:00+05:30,2025-09-05 13:05:00+05:30,24652.05,4.900000000001455,0.0198726930946506,40.0,0.0,0.12,0.0,,40.0,NIFTY,True,False
Buy,2025-09-05 13:05:00+05:30,1369.1,1377.9,1369.1,2025-09-05 13:55:00+05:30,2025-09-05 13:05:00+05:30,2025-09-05 14:35:00+05:30,1372.2,3.1000000000001364,0.226426119348487,90.0,0.0,0.64,0.0,,90.0,RELIANCE,True,False
Buy,2025-09-05 14:20:00+05:30,24757.2,24757.2,24724.25,2025-09-05 14:20:00+05:30,2025-09-05 14:35:00+05:30,2025-09-05 15:15:00+05:30,24739.4,-17.799999999999272,-0.0718982760570632,55.0,0.0,0.0,0.13,-0.54,40.0,NIFTY,True,False
Buy,2025-09-05 14:20:00+05:30,54102.1,54165.75,54049.2,2025-09-05 14:55:00+05:30,2025-09-05 14:35:00+05:30,2025-09-05 15:15:00+05:30,54092.7,-9.400000000001455,-0.0173745566253462,55.0,0.0,0.12,0.1,-0.18,40.0,BANKNIFTY,True,False
Buy,2025-09-08 09:20:00+05:30,24766.9,24835.25,24766.9,2025-09-08 09:35:00+05:30,2025-09-08 09:20:00+05:30,2025-09-08 10:20:00+05:30,24796.55,29.649999999997817,0.1197162341673678,60.0,0.0,0.28,0.0,,60.0,NIFTY,True,False
Buy,2025-09-08 09:35:00+05:30,1379.0,1379.0,1376.4,2025-09-08 09:35:00+05:30,2025-09-08 09:45:00+05:30,2025-09-08 10:05:00+05:30,1377.1,-1.900000000000091,-0.1377810007251697,30.0,0.0,0.0,0.19,-0.73,20.0,RELIANCE,True,False
Buy,2025-09-08 09:35:00+05:30,54300.05,54300.05,54148.0,2025-09-08 09:35:00+05:30,2025-09-08 09:50:00+05:30,2025-09-08 10:05:00+05:30,54189.35,-110.70000000000437,-0.2038672155918905,30.0,0.0,0.0,0.28,-0.73,15.0,BANKNIFTY,True,False
Sell,2025-09-08 10:20:00+05:30,3023.7,3028.4,3019.7,2025-09-08 10:40:00+05:30,2025-09-08 11:00:00+05:30,2025-09-08 11:35:00+05:30,3021.7,2.0,0.0661441280550319,75.0,0.0,0.13,0.16,0.43,55.0,TCS,True,False
Sell,2025-09-08 11:05:00+05:30,1435.8,1436.8,1434.2,2025-09-08 11:15:00+05:30,2025-09-08 11:55:00+05:30,2025-09-08 12:05:00+05:30,1436.0,-0.2000000000000454,-0.0139295166457755,60.0,0.0,0.11,0.07,-0.2,50.0,INFY,True,False
Buy,2025-09-08 11:20:00+05:30,54201.45,54308.45,54201.45,2025-09-08 12:00:00+05:30,2025-09-08 11:20:00+05:30,2025-09-08 12:20:00+05:30,54268.35,66.90000000000146,0.1234284322651911,60.0,0.0,0.2,0.0,,60.0,BANKNIFTY,True,False
Buy,2025-09-08 11:35:00+05:30,24816.7,24827.45,24815.45,2025-09-08 11:40:00+05:30,2025-09-08 11:50:00+05:30,2025-09-08 11:50:00+05:30,24815.45,-1.25,-0.0050369307764529,15.0,0.0,0.04,0.01,-1.0,0.0,NIFTY,True,False
Buy,2025-09-08 11:55:00+05:30,24815.25,24867.8,24815.25,2025-09-08 13:10:00+05:30,2025-09-08 11:55:00+05:30,2025-09-08 13:20:00+05:30,24848.85,33.599999999998545,0.1354006105116754,85.0,0.0,0.21,0.0,,85.0,NIFTY,True,False
Buy,2025-09-08 12:35:00+05:30,1380.0,1384.4,1380.0,2025-09-08 12:55:00+05:30,2025-09-08 12:35:00+05:30,2025-09-08 13:35:00+05:30,1382.0,2.0,0.144927536231884,60.0,0.0,0.32,0.0,,60.0,RELIANCE,True,False
Buy,2025-09-08 12:50:00+05:30,54347.15,54368.0,54329.05,2025-09-08 13:05:00+05:30,2025-09-08 13:20:00+05:30,2025-09-08 13:20:00+05:30,54329.05,-18.099999999998545,-0.0333044143069113,30.0,0.0,0.04,0.03,-1.0,0.0,BANKNIFTY,True,False
Buy,2025-09-08 14:35:00+05:30,24874.9,24874.9,24779.7,2025-09-08 14:35:00+05:30,2025-09-08 14:45:00+05:30,2025-09-08 14:50:00+05:30,24812.05,-62.85000000000218,-0.2526643323189326,15.0,0.0,0.0,0.38,-0.66,5.0,NIFTY,True,False
Buy,2025-09-08 14:35:00+05:30,54493.9,54493.9,54250.75,2025-09-08 14:35:00+05:30,2025-09-08 14:45:00+05:30,2025-09-08 14:50:00+05:30,54323.15,-170.75,-0.3133378231324974,15.0,0.0,0.0,0.45,-0.7,5.0,BANKNIFTY,True,False
Buy,2025-09-09 09:20:00+05:30,1479.1,1500.5,1479.1,2025-09-09 11:20:00+05:30,2025-09-09 09:20:00+05:30,2025-09-09 11:20:00+05:30,1500.5,21.40000000000009,1.4468257724291862,120.0,0.0,1.45,0.0,,120.0,INFY,True,False
Buy,2025-09-09 09:35:00+05:30,3048.0,3056.6,3041.2,2025-09-09 09:40:00+05:30,2025-09-09 10:10:00+05:30,2025-09-09 11:05:00+05:30,3051.0,3.0,0.0984251968503937,90.0,0.0,0.28,0.22,0.44,55.0,TCS,True,False
Sell,2025-09-09 09:50:00+05:30,1376.5,1377.4,1371.0,2025-09-09 10:00:00+05:30,2025-09-09 10:50:00+05:30,2025-09-09 11:20:00+05:30,1374.2,2.2999999999999545,0.1670904467853217,90.0,0.0,0.4,0.07,2.56,80.0,RELIANCE,True,False
Sell,2025-09-09 10:15:00+05:30,54192.15,54197.85,54136.3,2025-09-09 10:30:00+05:30,2025-09-09 10:50:00+05:30,2025-09-09 11:35:00+05:30,54158.05,34.099999999998545,0.0629242427178079,80.0,0.0,0.1,0.01,5.98,65.0,BANKNIFTY,True,False
Sell,2025-09-09 12:10:00+05:30,1372.8,1373.9,1372.2,2025-09-09 12:30:00+05:30,2025-09-09 12:25:00+05:30,2025-09-09 12:35:00+05:30,1372.5,0.2999999999999545,0.0218531468531435,25.0,0.0,0.04,0.08,0.27,5.0,RELIANCE,True,False
Sell,2025-09-09 12:10:00+05:30,54127.25,54175.5,54127.15,2025-09-09 12:30:00+05:30,2025-09-09 12:25:00+05:30,2025-09-09 12:50:00+05:30,54147.85,-20.599999999998545,-0.0380584640823218,40.0,0.0,0.0,0.09,-0.43,20.0,BANKNIFTY,True,False
Buy,2025-09-09 13:05:00+05:30,24859.7,24875.8,24854.8,2025-09-09 14:25:00+05:30,2025-09-09 13:10:00+05:30,2025-09-09 14:35:00+05:30,24857.0,-2.700000000000728,-0.0108609516607228,90.0,0.0,0.06,0.02,-0.55,85.0,NIFTY,True,False
Buy,2025-09-09 13:35:00+05:30,1378.0,1378.4,1375.4,2025-09-09 13:45:00+05:30,2025-09-09 14:20:00+05:30,2025-09-09 14:20:00+05:30,1375.4,-2.599999999999909,-0.1886792452830122,45.0,0.0,0.03,0.19,-1.0,0.0,RELIANCE,True,False
Buy,2025-09-09 14:20:00+05:30,54203.5,54248.25,54203.5,2025-09-09 14:25:00+05:30,2025-09-09 14:20:00+05:30,2025-09-09 14:35:00+05:30,54225.5,22.0,0.0405877849216379,15.0,0.0,0.08,0.0,,15.0,BANKNIFTY,True,False
Buy,2025-09-09 14:55:00+05:30,54237.25,54237.25,54191.9,2025-09-09 14:55:00+05:30,2025-09-09 15:05:00+05:30,2025-09-09 15:15:00+05:30,54199.95,-37.30000000000291,-0.0687719233552639,20.0,0.0,0.0,0.08,-0.82,10.0,BANKNIFTY,True,False
Buy,2025-09-10 09:15:00+05:30,24962.65,25029.1,24962.65,2025-09-10 10:25:00+05:30,2025-09-10 09:15:00+05:30,2025-09-10 10:50:00+05:30,25008.65,46.0,0.1842753073091198,95.0,0.0,0.27,0.0,,95.0,NIFTY,True,False
Buy,2025-09-10 09:20:00+05:30,1382.1,1387.6,1381.2,2025-09-10 09:40:00+05:30,2025-09-10 09:30:00+05:30,2025-09-10 10:20:00+05:30,1381.9,-0.1999999999998181,-0.0144707329426103,60.0,0.0,0.4,0.07,-0.22,50.0,RELIANCE,True,False
Buy,2025-09-10 09:20:00+05:30,54424.85,54657.9,54424.85,2025-09-10 11:05:00+05:30,2025-09-10 09:20:00+05:30,2025-09-10 11:20:00+05:30,54576.6,151.75,0.2788248382861873,120.0,0.0,0.43,0.0,,120.0,BANKNIFTY,True,False
Buy,2025-09-10 09:20:00+05:30,3099.0,3120.4,3099.0,2025-09-10 10:40:00+05:30,2025-09-10 09:20:00+05:30,2025-09-10 11:05:00+05:30,3119.1,20.09999999999991,0.6485963213939951,105.0,0.0,0.69,0.0,,105.0,TCS,True,False
Buy,2025-09-10 09:35:00+05:30,1525.4,1534.3,1522.8,2025-09-10 11:05:00+05:30,2025-09-10 09:55:00+05:30,2025-09-10 11:05:00+05:30,1534.3,8.899999999999864,0.583453520388086,90.0,0.0,0.58,0.17,3.42,70.0,INFY,True,False
Sell,2025-09-10 14:20:00+05:30,1377.1,1377.3,1375.6,2025-09-10 14:35:00+05:30,2025-09-10 14:40:00+05:30,2025-09-10 15:15:00+05:30,1377.2,-0.1000000000001364,-0.0072616367729385,55.0,0.0,0.11,0.01,-0.5,40.0,RELIANCE,True,False
Sell,2025-09-10 14:35:00+05:30,24948.75,24972.8,24918.4,2025-09-10 15:05:00+05:30,2025-09-10 14:40:00+05:30,2025-09-10 15:05:00+05:30,24972.8,-24.049999999999272,-0.0963976151109745,30.0,0.0,0.12,0.1,-1.0,0.0,NIFTY,True,False
Buy,2025-09-11 09:50:00+05:30,1382.1,1384.9,1380.2,2025-09-11 11:00:00+05:30,2025-09-11 10:05:00+05:30,2025-09-11 11:35:00+05:30,1383.7,1.6000000000001364,0.1157658635409982,105.0,0.0,0.2,0.14,0.84,90.0,RELIANCE,True,False
Sell,2025-09-11 09:50:00+05:30,1512.2,1515.0,1510.0,2025-09-11 10:30:00+05:30,2025-09-11 10:05:00+05:30,2025-09-11 11:05:00+05:30,1512.5,-0.2999999999999545,-0.0198386456817851,75.0,0.0,0.15,0.19,-0.11,35.0,INFY,True,False
Buy,2025-09-11 12:20:00+05:30,54708.55,54728.45,54667.55,2025-09-11 13:50:00+05:30,2025-09-11 13:15:00+05:30,2025-09-11 13:50:00+05:30,54728.45,19.89999999999418,0.0363745703368014,90.0,0.0,0.04,0.07,0.49,35.0,BANKNIFTY,True,False
Buy,2025-09-11 12:20:00+05:30,25001.45,25015.5,24995.1,2025-09-11 13:50:00+05:30,2025-09-11 13:20:00+05:30,2025-09-11 14:05:00+05:30,25012.55,11.099999999998545,0.0443974249493471,105.0,0.0,0.06,0.03,1.75,45.0,NIFTY,True,False
Buy,2025-09-11 12:45:00+05:30,1384.0,1384.2,1384.0,2025-09-11 12:50:00+05:30,2025-09-11 12:45:00+05:30,2025-09-11 12:50:00+05:30,1384.2,0.2000000000000454,0.0144508670520264,5.0,0.0,0.01,0.0,,5.0,RELIANCE,True,False
Buy,2025-09-11 12:55:00+05:30,1383.1,1384.8,1383.0,2025-09-11 13:25:00+05:30,2025-09-11 13:20:00+05:30,2025-09-11 13:35:00+05:30,1384.1,1.0,0.072301352035283,40.0,0.0,0.12,0.01,10.0,15.0,RELIANCE,True,False
Buy,2025-09-11 14:20:00+05:30,25020.5,25022.5,25010.15,2025-09-11 14:35:00+05:30,2025-09-11 14:30:00+05:30,2025-09-11 14:50:00+05:30,25020.25,-0.25,-0.000999180671849,30.0,0.0,0.01,0.04,-0.02,20.0,NIFTY,True,False
Buy,2025-09-12 09:20:00+05:30,1538.0,1538.5,1524.0,2025-09-12 09:25:00+05:30,2025-09-12 09:40:00+05:30,2025-09-12 10:50:00+05:30,1527.4,-10.599999999999907,-0.6892067620286026,90.0,0.0,0.03,0.91,-0.76,70.0,INFY,True,False
Buy,2025-09-12 09:20:00+05:30,25046.75,25132.85,25046.75,2025-09-12 11:25:00+05:30,2025-09-12 09:20:00+05:30,2025-09-12 12:05:00+05:30,25123.4,76.65000000000146,0.3060277281483683,165.0,0.0,0.34,0.0,,165.0,NIFTY,True,False
Buy,2025-09-12 09:20:00+05:30,1386.9,1396.0,1386.3,2025-09-12 11:25:00+05:30,2025-09-12 09:25:00+05:30,2025-09-12 11:50:00+05:30,1394.8,7.899999999999864,0.5696156896675941,150.0,0.0,0.66,0.04,13.17,145.0,RELIANCE,True,False
Buy,2025-09-12 09:20:00+05:30,3136.7,3136.7,3126.8,2025-09-12 09:20:00+05:30,2025-09-12 09:30:00+05:30,2025-09-12 09:35:00+05:30,3127.7,-9.0,-0.2869257499920298,15.0,0.0,0.0,0.32,-0.91,5.0,TCS,True,False
Buy,2025-09-12 09:40:00+05:30,3125.3,3136.1,3125.3,2025-09-12 10:05:00+05:30,2025-09-12 09:40:00+05:30,2025-09-12 10:50:00+05:30,3130.4,5.099999999999909,0.1631843343039039,70.0,0.0,0.35,0.0,,70.0,TCS,True,False
Buy,2025-09-12 11:20:00+05:30,54766.75,54835.55,54766.7,2025-09-12 12:35:00+05:30,2025-09-12 11:55:00+05:30,2025-09-12 12:50:00+05:30,54780.85,14.099999999998545,0.025745548165627,90.0,0.0,0.13,0.0,282.0,55.0,BANKNIFTY,True,False
Buy,2025-09-12 11:30:00+05:30,3137.9,3138.2,3137.3,2025-09-12 11:40:00+05:30,2025-09-12 11:45:00+05:30,2025-09-12 11:50:00+05:30,3137.6,-0.3000000000001819,-0.0095605341151783,20.0,0.0,0.01,0.02,-0.5,5.0,TCS,True,False
Buy,2025-09-12 11:55:00+05:30,3135.6,3135.6,3133.1,2025-09-12 11:55:00+05:30,2025-09-12 12:05:00+05:30,2025-09-12 12:05:00+05:30,3133.1,-2.5,-0.0797295573414976,10.0,0.0,0.0,0.08,-1.0,0.0,TCS,True,False
Buy,2025-09-12 12:45:00+05:30,1528.3,1528.3,1527.6,2025-09-12 12:45:00+05:30,2025-09-12 12:50:00+05:30,2025-09-12 12:50:00+05:30,1527.6,-0.7000000000000455,-0.0458025256821334,5.0,0.0,0.0,0.05,-1.0,0.0,INFY,True,False
Buy,2025-09-12 13:15:00+05:30,1528.7,1528.7,1528.4,2025-09-12 13:15:00+05:30,2025-09-12 13:20:00+05:30,2025-09-12 13:20:00+05:30,1528.4,-0.2999999999999545,-0.0196245175639402,5.0,0.0,0.0,0.02,-1.0,0.0,INFY,True,False
Sell,2025-09-15 09:20:00+05:30,3116.7,3118.3,3097.4,2025-09-15 09:50:00+05:30,2025-09-15 10:45:00+05:30,2025-09-15 11:20:00+05:30,3099.8,16.899999999999636,0.542240189944481,120.0,0.0,0.62,0.05,10.56,90.0,TCS,True,False
Sell,2025-09-15 09:20:00+05:30,1505.9,1509.4,1503.8,2025-09-15 09:50:00+05:30,2025-09-15 10:45:00+05:30,2025-09-15 11:05:00+05:30,1505.4,0.5,0.0332027359054386,105.0,0.0,0.14,0.23,0.14,75.0,INFY,True,False
Buy,2025-09-15 09:25:00+05:30,54928.35,54942.3,54844.2,2025-09-15 10:35:00+05:30,2025-09-15 09:30:00+05:30,2025-09-15 11:05:00+05:30,54914.5,-13.849999999998545,-0.0252146660149058,100.0,0.0,0.03,0.15,-0.16,95.0,BANKNIFTY,True,False
Sell,2025-09-15 10:45:00+05:30,25075.4,25094.4,25074.95,2025-09-15 11:30:00+05:30,2025-09-15 11:15:00+05:30,2025-09-15 11:35:00+05:30,25089.8,-14.399999999997815,-0.0574268007688723,50.0,0.0,0.0,0.08,-0.76,5.0,NIFTY,True,False
Sell,2025-09-15 10:50:00+05:30,1392.2,1392.6,1391.7,2025-09-15 11:05:00+05:30,2025-09-15 11:15:00+05:30,2025-09-15 11:20:00+05:30,1392.2,0.0,0.0,30.0,0.0,0.04,0.03,0.0,15.0,RELIANCE,True,False
Buy,2025-09-15 11:30:00+05:30,54958.15,54958.15,54948.2,2025-09-15 11:30:00+05:30,2025-09-15 11:35:00+05:30,2025-09-15 11:35:00+05:30,54948.2,-9.950000000004366,-0.0181046851104055,5.0,0.0,0.0,0.02,-1.0,0.0,BANKNIFTY,True,False
Buy,2025-09-15 11:40:00+05:30,54928.5,55004.0,54928.5,2025-09-15 11:55:00+05:30,2025-09-15 11:40:00+05:30,2025-09-15 12:35:00+05:30,54977.9,49.400000000001455,0.0899350974448627,55.0,0.0,0.14,0.0,,55.0,BANKNIFTY,True,False
Buy,2025-09-15 12:20:00+05:30,1395.4,1398.9,1394.1,2025-09-15 13:20:00+05:30,2025-09-15 13:00:00+05:30,2025-09-15 13:35:00+05:30,1398.4,3.0,0.2149921169557116,75.0,0.0,0.25,0.09,2.31,35.0,RELIANCE,True,False
Buy,2025-09-15 13:20:00+05:30,25113.8,25113.8,25102.05,2025-09-15 13:20:00+05:30,2025-09-15 13:35:00+05:30,2025-09-15 13:35:00+05:30,25102.05,-11.75,-0.0467870254601056,15.0,0.0,0.0,0.05,-1.0,0.0,NIFTY,True,False
Buy,2025-09-15 13:40:00+05:30,1395.0,1398.0,1394.8,2025-09-15 14:05:00+05:30,2025-09-15 13:45:00+05:30,2025-09-15 14:20:00+05:30,1396.1,1.099999999999909,0.0788530465949755,40.0,0.0,0.22,0.01,5.5,35.0,RELIANCE,True,False
Sell,2025-09-15 13:45:00+05:30,25077.25,25087.15,25069.9,2025-09-15 13:50:00+05:30,2025-09-15 14:20:00+05:30,2025-09-15 14:35:00+05:30,25078.7,-1.4500000000007276,-0.0057821332083889,50.0,0.0,0.03,0.04,-0.15,45.0,NIFTY,True,False
Sell,2025-09-15 14:40:00+05:30,25094.85,25094.85,25065.1,2025-09-15 14:40:00+05:30,2025-09-15 15:15:00+05:30,2025-09-15 15:15:00+05:30,25065.1,29.75,0.1185502204635612,35.0,0.0,0.12,0.0,,35.0,NIFTY,True,False
Buy,2025-09-15 14:45:00+05:30,1399.1,1400.0,1398.9,2025-09-15 15:05:00+05:30,2025-09-15 15:15:00+05:30,2025-09-15 15:15:00+05:30,1398.9,-0.1999999999998181,-0.0142949038667584,30.0,0.0,0.06,0.01,-1.0,0.0,RELIANCE,True,False
Sell,2025-09-16 09:15:00+05:30,54888.15,54916.65,54888.15,2025-09-16 09:20:00+05:30,2025-09-16 09:15:00+05:30,2025-09-16 09:20:00+05:30,54916.65,-28.5,-0.0519237758969832,5.0,0.0,0.0,0.05,-1.0,0.0,BANKNIFTY,True,False
Sell,2025-09-16 09:15:00+05:30,25106.75,25116.9,25106.75,2025-09-16 09:20:00+05:30,2025-09-16 09:15:00+05:30,2025-09-16 09:20:00+05:30,25116.9,-10.150000000001455,-0.0404273751082934,5.0,0.0,0.0,0.04,-1.0,0.0,NIFTY,True,False
Buy,2025-09-16 09:20:00+05:30,1405.1,1406.7,1403.1,2025-09-16 10:40:00+05:30,2025-09-16 09:25:00+05:30,2025-09-16 11:05:00+05:30,1405.9,0.8000000000001819,0.0569354494342169,105.0,0.0,0.11,0.14,0.4,100.0,RELIANCE,True,False
Buy,2025-09-16 09:20:00+05:30,3111.8,3126.9,3111.8,2025-09-16 10:25:00+05:30,2025-09-16 09:20:00+05:30,2025-09-16 11:05:00+05:30,3126.2,14.399999999999636,0.4627546757503578,105.0,0.0,0.49,0.0,,105.0,TCS,True,False
Buy,2025-09-16 09:35:00+05:30,25137.15,25172.65,25134.85,2025-09-16 10:05:00+05:30,2025-09-16 09:45:00+05:30,2025-09-16 11:05:00+05:30,25156.55,19.399999999997817,0.077176609122346,90.0,0.0,0.14,0.01,8.43,80.0,NIFTY,True,False
Buy,2025-09-16 09:50:00+05:30,55053.55,55155.2,55053.0,2025-09-16 11:45:00+05:30,2025-09-16 10:20:00+05:30,2025-09-16 12:05:00+05:30,55106.4,52.84999999999855,0.095997442490082,135.0,0.0,0.18,0.0,96.09,105.0,BANKNIFTY,True,False
Sell,2025-09-16 10:25:00+05:30,1506.0,1506.0,1504.0,2025-09-16 10:25:00+05:30,2025-09-16 11:05:00+05:30,2025-09-16 11:20:00+05:30,1505.6,0.4000000000000909,0.0265604249668055,55.0,0.0,0.13,0.0,,55.0,INFY,True,False
Buy,2025-09-16 12:25:00+05:30,3135.8,3138.0,3133.5,2025-09-16 12:35:00+05:30,2025-09-16 13:00:00+05:30,2025-09-16 13:05:00+05:30,3134.5,-1.300000000000182,-0.0414567255564826,40.0,0.0,0.07,0.07,-0.57,5.0,TCS,True,False
Buy,2025-09-16 12:30:00+05:30,25195.9,25198.35,25194.55,2025-09-16 12:40:00+05:30,2025-09-16 13:00:00+05:30,2025-09-16 13:05:00+05:30,25194.95,-0.9500000000007276,-0.0037704547168417,35.0,0.0,0.01,0.01,-0.7,5.0,NIFTY,True,False
Sell,2025-09-16 13:50:00+05:30,1399.6,1402.0,1399.6,2025-09-16 14:20:00+05:30,2025-09-16 13:50:00+05:30,2025-09-16 14:20:00+05:30,1402.0,-2.400000000000091,-0.1714775650185832,30.0,0.0,0.0,0.17,-1.0,0.0,RELIANCE,True,False
Buy,2025-09-16 14:35:00+05:30,25228.75,25228.75,25211.35,2025-09-16 14:35:00+05:30,2025-09-16 14:40:00+05:30,2025-09-16 14:50:00+05:30,25212.95,-15.799999999999272,-0.0626269632859308,15.0,0.0,0.0,0.07,-0.91,10.0,NIFTY,True,False
Buy,2025-09-16 15:05:00+05:30,1512.8,1513.0,1511.3,2025-09-16 15:10:00+05:30,2025-09-16 15:15:00+05:30,2025-09-16 15:15:00+05:30,1511.3,-1.5,-0.0991538868323638,10.0,0.0,0.01,0.1,-1.0,0.0,INFY,True,False
Buy,2025-09-16 15:05:00+05:30,3147.1,3148.7,3147.1,2025-09-16 15:15:00+05:30,2025-09-16 15:05:00+05:30,2025-09-16 15:15:00+05:30,3148.7,1.599999999999909,0.0508404562930923,10.0,0.0,0.05,0.0,,10.0,TCS,True,False
Buy,2025-09-16 15:05:00+05:30,25236.1,25244.35,25236.1,2025-09-16 15:15:00+05:30,2025-09-16 15:05:00+05:30,2025-09-16 15:15:00+05:30,25244.35,8.25,0.0326912637055646,10.0,0.0,0.03,0.0,,10.0,NIFTY,True,False
Buy,2025-09-17 09:15:00+05:30,1409.9,1412.2,1408.9,2025-09-17 09:20:00+05:30,2025-09-17 09:25:00+05:30,2025-09-17 11:20:00+05:30,1411.5,1.599999999999909,0.1134832257606857,125.0,0.0,0.16,0.07,1.6,115.0,RELIANCE,True,False
Buy,2025-09-17 09:15:00+05:30,25297.05,25338.35,25297.05,2025-09-17 09:35:00+05:30,2025-09-17 09:15:00+05:30,2025-09-17 10:35:00+05:30,25328.55,31.5,0.1245204480364311,80.0,0.0,0.16,0.0,,80.0,NIFTY,True,False
Buy,2025-09-17 09:15:00+05:30,1515.4,1522.4,1515.4,2025-09-17 09:25:00+05:30,2025-09-17 09:15:00+05:30,2025-09-17 10:20:00+05:30,1516.6,1.199999999999818,0.0791870133298019,65.0,0.0,0.46,0.0,,65.0,INFY,True,False
Buy,2025-09-17 09:15:00+05:30,3152.2,3179.4,3152.2,2025-09-17 10:35:00+05:30,2025-09-17 09:15:00+05:30,2025-09-17 11:05:00+05:30,3177.9,25.700000000000276,0.8153035974874778,110.0,0.0,0.86,0.0,,110.0,TCS,True,False
Buy,2025-09-17 09:20:00+05:30,55276.2,55381.3,55244.1,2025-09-17 10:55:00+05:30,2025-09-17 09:25:00+05:30,2025-09-17 11:20:00+05:30,55322.55,46.35000000000582,0.0838516395844971,120.0,0.0,0.19,0.06,1.44,115.0,BANKNIFTY,True,False
Buy,2025-09-17 11:30:00+05:30,1520.5,1523.5,1520.5,2025-09-17 11:45:00+05:30,2025-09-17 11:30:00+05:30,2025-09-17 12:05:00+05:30,1523.0,2.5,0.1644195988161789,35.0,0.0,0.2,0.0,,35.0,INFY,True,False
Buy,2025-09-17 12:10:00+05:30,1522.8,1524.0,1521.0,2025-09-17 12:25:00+05:30,2025-09-17 12:15:00+05:30,2025-09-17 12:35:00+05:30,1523.1,0.2999999999999545,0.0197005516154422,25.0,0.0,0.08,0.12,0.17,20.0,INFY,True,False
Buy,2025-09-17 12:35:00+05:30,55383.05,55411.15,55381.9,2025-09-17 13:00:00+05:30,2025-09-17 12:40:00+05:30,2025-09-17 13:05:00+05:30,55395.55,12.5,0.0225700823627445,30.0,0.0,0.05,0.0,10.87,25.0,BANKNIFTY,True,False
Buy,2025-09-17 13:10:00+05:30,1525.5,1525.5,1524.4,2025-09-17 13:10:00+05:30,2025-09-17 13:20:00+05:30,2025-09-17 13:20:00+05:30,1524.4,-1.099999999999909,-0.0721075057358183,10.0,0.0,0.0,0.07,-1.0,0.0,INFY,True,False
Buy,2025-09-17 13:10:00+05:30,55410.45,55435.4,55410.45,2025-09-17 13:15:00+05:30,2025-09-17 13:10:00+05:30,2025-09-17 13:20:00+05:30,55428.1,17.650000000001455,0.0318531973662034,10.0,0.0,0.05,0.0,,10.0,BANKNIFTY,True,False
Buy,2025-09-18 09:20:00+05:30,55732.3,55810.8,55684.8,2025-09-18 10:05:00+05:30,2025-09-18 09:35:00+05:30,2025-09-18 10:50:00+05:30,55797.15,64.84999999999854,0.1163598128912651,90.0,0.0,0.14,0.09,1.37,75.0,BANKNIFTY,True,False
Buy,2025-09-18 09:20:00+05:30,1552.2,1553.0,1544.0,2025-09-18 09:25:00+05:30,2025-09-18 10:10:00+05:30,2025-09-18 10:20:00+05:30,1545.7,-6.5,-0.4187604690117252,60.0,0.0,0.05,0.53,-0.79,10.0,INFY,True,False
Buy,2025-09-18 09:20:00+05:30,1416.9,1420.3,1416.9,2025-09-18 09:45:00+05:30,2025-09-18 09:20:00+05:30,2025-09-18 10:20:00+05:30,1416.9,0.0,0.0,60.0,0.0,0.24,0.0,,60.0,RELIANCE,True,False
Buy,2025-09-18 09:20:00+05:30,3194.6,3202.5,3187.0,2025-09-18 09:25:00+05:30,2025-09-18 10:05:00+05:30,2025-09-18 10:05:00+05:30,3187.0,-7.599999999999909,-0.2379014587115729,45.0,0.0,0.25,0.24,-1.0,0.0,TCS,True,False
Buy,2025-09-18 09:20:00+05:30,25427.65,25431.95,25406.45,2025-09-18 11:00:00+05:30,2025-09-18 09:35:00+05:30,2025-09-18 11:05:00+05:30,25431.4,3.75,0.014747725409151,105.0,0.0,0.02,0.08,0.18,90.0,NIFTY,True,False
Buy,2025-09-18 10:10:00+05:30,3181.0,3181.3,3179.8,2025-09-18 10:15:00+05:30,2025-09-18 10:20:00+05:30,2025-09-18 10:20:00+05:30,3179.8,-1.199999999999818,-0.037723986167866,10.0,0.0,0.01,0.04,-1.0,0.0,TCS,True,False
Sell,2025-09-18 13:05:00+05:30,3172.3,3172.3,3164.0,2025-09-18 13:05:00+05:30,2025-09-18 13:50:00+05:30,2025-09-18 14:05:00+05:30,3166.1,6.200000000000273,0.1954417930208452,60.0,0.0,0.26,0.0,,60.0,TCS,True,False
Sell,2025-09-18 13:10:00+05:30,1412.3,1415.2,1412.3,2025-09-18 13:30:00+05:30,2025-09-18 13:10:00+05:30,2025-09-18 13:35:00+05:30,1414.3,-2.0,-0.1416129717482121,25.0,0.0,0.0,0.21,-0.69,5.0,RELIANCE,True,False
Sell,2025-09-18 14:05:00+05:30,25351.7,25388.85,25341.3,2025-09-18 14:50:00+05:30,2025-09-18 14:30:00+05:30,2025-09-18 14:50:00+05:30,25388.85,-37.14999999999782,-0.1465384964321833,45.0,0.0,0.04,0.15,-1.0,0.0,NIFTY,True,False
Sell,2025-09-18 14:10:00+05:30,3172.0,3172.0,3168.7,2025-09-18 14:10:00+05:30,2025-09-18 14:20:00+05:30,2025-09-18 14:35:00+05:30,3171.0,1.0,0.0315258511979823,25.0,0.0,0.1,0.0,,25.0,TCS,True,False
Sell,2025-09-18 14:30:00+05:30,55557.95,55639.6,55535.6,2025-09-18 14:50:00+05:30,2025-09-18 14:35:00+05:30,2025-09-18 14:50:00+05:30,55639.6,-81.65000000000146,-0.1469636658660038,20.0,0.0,0.04,0.15,-1.0,0.0,BANKNIFTY,True,False
Sell,2025-09-18 14:30:00+05:30,1413.2,1414.6,1412.4,2025-09-18 15:05:00+05:30,2025-09-18 14:40:00+05:30,2025-09-18 15:05:00+05:30,1414.6,-1.3999999999998636,-0.0990659496178788,35.0,0.0,0.06,0.1,-1.0,0.0,RELIANCE,True,False
Sell,2025-09-19 09:20:00+05:30,1410.8,1411.4,1404.5,2025-09-19 09:25:00+05:30,2025-09-19 10:15:00+05:30,2025-09-19 11:20:00+05:30,1405.9,4.899999999999864,0.3473206691238917,120.0,0.0,0.45,0.04,8.17,115.0,RELIANCE,True,False
Sell,2025-09-19 09:25:00+05:30,3151.4,3164.0,3149.9,2025-09-19 10:00:00+05:30,2025-09-19 09:30:00+05:30,2025-09-19 10:05:00+05:30,3164.0,-12.599999999999907,-0.399822301199464,40.0,0.0,0.05,0.4,-1.0,5.0,TCS,True,False
Sell,2025-09-19 09:25:00+05:30,1532.0,1532.0,1523.7,2025-09-19 09:25:00+05:30,2025-09-19 10:55:00+05:30,2025-09-19 11:20:00+05:30,1524.3,7.700000000000045,0.5026109660574443,115.0,0.0,0.54,0.0,,115.0,INFY,True,False
Sell,2025-09-19 09:35:00+05:30,25331.9,25340.7,25308.05,2025-09-19 09:50:00+05:30,2025-09-19 11:15:00+05:30,2025-09-19 11:35:00+05:30,25312.05,19.850000000002183,0.0783596966670568,120.0,0.0,0.09,0.03,2.26,105.0,NIFTY,True,False
Sell,2025-09-19 09:35:00+05:30,55513.55,55576.25,55404.2,2025-09-19 10:25:00+05:30,2025-09-19 11:50:00+05:30,2025-09-19 12:05:00+05:30,55410.1,103.45000000000437,0.1863508999154339,150.0,0.0,0.2,0.11,1.65,100.0,BANKNIFTY,True,False
Sell,2025-09-19 11:05:00+05:30,3158.0,3160.2,3156.6,2025-09-19 11:50:00+05:30,2025-09-19 11:25:00+05:30,2025-09-19 11:50:00+05:30,3160.2,-2.199999999999818,-0.0696643445218435,45.0,0.0,0.04,0.07,-1.0,0.0,TCS,True,False
Sell,2025-09-19 12:05:00+05:30,25294.45,25305.0,25292.4,2025-09-19 12:10:00+05:30,2025-09-19 12:15:00+05:30,2025-09-19 12:50:00+05:30,25301.6,-7.149999999997817,-0.0282670704442983,45.0,0.0,0.01,0.04,-0.68,40.0,NIFTY,True,False
Sell,2025-09-19 12:10:00+05:30,3155.9,3156.6,3153.8,2025-09-19 12:25:00+05:30,2025-09-19 12:30:00+05:30,2025-09-19 12:35:00+05:30,3154.3,1.599999999999909,0.0506986913400269,25.0,0.0,0.07,0.02,2.29,10.0,TCS,True,False
Sell,2025-09-19 12:40:00+05:30,3156.1,3158.1,3156.1,2025-09-19 12:45:00+05:30,2025-09-19 12:40:00+05:30,2025-09-19 12:50:00+05:30,3157.4,-1.300000000000182,-0.0411900763600704,10.0,0.0,0.0,0.06,-0.65,5.0,TCS,True,False
Buy,2025-09-19 13:20:00+05:30,1413.1,1413.1,1411.2,2025-09-19 13:20:00+05:30,2025-09-19 14:20:00+05:30,2025-09-19 14:20:00+05:30,1411.2,-1.899999999999864,-0.1344561602151202,60.0,0.0,0.0,0.13,-1.0,0.0,RELIANCE,True,False
Buy,2025-09-19 14:55:00+05:30,25351.6,25351.6,25311.4,2025-09-19 14:55:00+05:30,2025-09-19 15:05:00+05:30,2025-09-19 15:05:00+05:30,25311.4,-40.19999999999709,-0.1585698733018708,10.0,0.0,0.0,0.16,-1.0,0.0,NIFTY,True,False
Buy,2025-09-19 15:05:00+05:30,3165.5,3175.7,3165.5,2025-09-19 15:15:00+05:30,2025-09-19 15:05:00+05:30,2025-09-19 15:15:00+05:30,3175.7,10.199999999999818,0.3222239772547723,10.0,0.0,0.32,0.0,,10.0,TCS,True,False
Buy,2025-09-19 15:05:00+05:30,1537.4,1544.8,1537.4,2025-09-19 15:15:00+05:30,2025-09-19 15:05:00+05:30,2025-09-19 15:15:00+05:30,1544.8,7.399999999999864,0.481332119162213,10.0,0.0,0.48,0.0,,10.0,INFY,True,False
Buy,2025-09-22 09:15:00+05:30,1497.8,1502.0,1497.8,2025-09-22 09:20:00+05:30,2025-09-22 09:15:00+05:30,2025-09-22 09:20:00+05:30,1502.0,4.2000000000000455,0.280411269862468,5.0,0.0,0.28,0.0,,5.0,INFY,True,False
Sell,2025-09-22 09:15:00+05:30,1406.5,1408.7,1405.8,2025-09-22 09:45:00+05:30,2025-09-22 09:20:00+05:30,2025-09-22 09:50:00+05:30,1408.2,-1.7000000000000457,-0.1208674013508741,35.0,0.0,0.05,0.16,-0.77,5.0,RELIANCE,True,False
Buy,2025-09-22 09:15:00+05:30,3086.5,3091.0,3086.5,2025-09-22 09:20:00+05:30,2025-09-22 09:15:00+05:30,2025-09-22 09:20:00+05:30,3091.0,4.5,0.1457962092985582,5.0,0.0,0.15,0.0,,5.0,TCS,True,False
Sell,2025-09-22 09:25:00+05:30,3100.6,3105.0,3079.1,2025-09-22 09:40:00+05:30,2025-09-22 11:25:00+05:30,2025-09-22 11:35:00+05:30,3080.4,20.199999999999815,0.6514868090047029,130.0,0.0,0.69,0.14,4.59,115.0,TCS,True,False
Buy,2025-09-22 09:35:00+05:30,55573.25,55637.85,55544.65,2025-09-22 10:30:00+05:30,2025-09-22 09:55:00+05:30,2025-09-22 11:05:00+05:30,55550.35,-22.90000000000145,-0.0412068756101208,90.0,0.0,0.12,0.05,-0.8,70.0,BANKNIFTY,True,False
Sell,2025-09-22 09:35:00+05:30,25313.45,25322.2,25305.1,2025-09-22 10:00:00+05:30,2025-09-22 09:50:00+05:30,2025-09-22 10:35:00+05:30,25318.5,-5.049999999999272,-0.0199498685481405,60.0,0.0,0.03,0.03,-0.58,35.0,NIFTY,True,False
Sell,2025-09-22 09:35:00+05:30,1510.0,1513.4,1499.1,2025-09-22 09:55:00+05:30,2025-09-22 11:05:00+05:30,2025-09-22 11:35:00+05:30,1500.2,9.799999999999956,0.6490066225165533,120.0,0.0,0.72,0.23,2.88,100.0,INFY,True,False
Sell,2025-09-22 10:50:00+05:30,1406.4,1407.0,1403.5,2025-09-22 10:55:00+05:30,2025-09-22 12:00:00+05:30,2025-09-22 12:35:00+05:30,1406.2,0.2000000000000454,0.0142207053469884,105.0,0.0,0.21,0.04,0.33,100.0,RELIANCE,True,False
Sell,2025-09-22 11:05:00+05:30,25297.4,25297.4,25271.35,2025-09-22 11:05:00+05:30,2025-09-22 11:30:00+05:30,2025-09-22 12:20:00+05:30,25291.15,6.25,0.0247060962786689,75.0,0.0,0.1,0.0,,75.0,NIFTY,True,False
Buy,2025-09-22 12:45:00+05:30,55574.3,55601.6,55527.75,2025-09-22 13:00:00+05:30,2025-09-22 13:20:00+05:30,2025-09-22 13:20:00+05:30,55527.75,-46.55000000000291,-0.0837617387893377,35.0,0.0,0.05,0.08,-1.0,0.0,BANKNIFTY,True,False
Sell,2025-09-22 13:35:00+05:30,25279.15,25280.7,25178.95,2025-09-22 13:45:00+05:30,2025-09-22 14:40:00+05:30,2025-09-22 15:15:00+05:30,25202.05,77.10000000000218,0.304994432170394,100.0,0.0,0.4,0.01,49.74,90.0,NIFTY,True,False
Sell,2025-09-22 13:40:00+05:30,1403.8,1404.6,1389.9,2025-09-22 13:45:00+05:30,2025-09-22 14:40:00+05:30,2025-09-22 15:15:00+05:30,1390.3,13.5,0.9616754523436388,95.0,0.0,0.99,0.06,16.88,90.0,RELIANCE,True,False
Sell,2025-09-22 13:50:00+05:30,55484.55,55484.55,55252.0,2025-09-22 13:50:00+05:30,2025-09-22 14:40:00+05:30,2025-09-22 15:15:00+05:30,55296.1,188.4500000000044,0.339644099123097,85.0,0.0,0.42,0.0,,85.0,BANKNIFTY,True,False
Sell,2025-09-22 13:50:00+05:30,1492.2,1496.5,1491.6,2025-09-22 14:05:00+05:30,2025-09-22 13:55:00+05:30,2025-09-22 14:05:00+05:30,1496.5,-4.2999999999999545,-0.2881651253183189,15.0,0.0,0.04,0.29,-1.0,0.0,INFY,True,False
Sell,2025-09-23 09:15:00+05:30,1389.1,1391.0,1381.6,2025-09-23 09:20:00+05:30,2025-09-23 10:20:00+05:30,2025-09-23 10:35:00+05:30,1384.0,5.099999999999909,0.3671441940824929,80.0,0.0,0.54,0.14,2.68,75.0,RELIANCE,True,False
Sell,2025-09-23 09:15:00+05:30,55312.85,55312.85,55179.25,2025-09-23 09:15:00+05:30,2025-09-23 09:45:00+05:30,2025-09-23 10:05:00+05:30,55304.35,8.5,0.0153671344000535,50.0,0.0,0.24,0.0,,50.0,BANKNIFTY,True,False
Sell,2025-09-23 09:40:00+05:30,25144.95,25161.4,25118.2,2025-09-23 10:05:00+05:30,2025-09-23 10:20:00+05:30,2025-09-23 10:35:00+05:30,25137.95,7.0,0.0278385918444856,55.0,0.0,0.11,0.07,0.43,30.0,NIFTY,True,False
Sell,2025-09-23 11:20:00+05:30,25099.15,25099.75,25087.9,2025-09-23 11:25:00+05:30,2025-09-23 11:35:00+05:30,2025-09-23 11:35:00+05:30,25087.9,11.25,0.0448222350159268,15.0,0.0,0.04,0.0,18.75,10.0,NIFTY,True,False
Sell,2025-09-23 11:35:00+05:30,55186.75,55239.15,55186.75,2025-09-23 11:50:00+05:30,2025-09-23 11:35:00+05:30,2025-09-23 11:50:00+05:30,55239.15,-52.400000000001455,-0.0949503277507761,15.0,0.0,0.0,0.09,-1.0,0.0,BANKNIFTY,True,False
Sell,2025-09-23 11:40:00+05:30,25105.65,25113.3,25105.65,2025-09-23 11:50:00+05:30,2025-09-23 11:40:00+05:30,2025-09-23 11:50:00+05:30,25113.3,-7.649999999997817,-0.0304712285879784,10.0,0.0,0.0,0.03,-1.0,0.0,NIFTY,True,False
Sell,2025-09-23 11:50:00+05:30,1377.0,1381.8,1377.0,2025-09-23 12:05:00+05:30,2025-09-23 11:50:00+05:30,2025-09-23 12:05:00+05:30,1381.8,-4.7999999999999545,-0.3485838779956394,15.0,0.0,0.0,0.35,-1.0,0.0,RELIANCE,True,False
Buy,2025-09-23 12:20:00+05:30,1502.6,1506.1,1501.9,2025-09-23 13:35:00+05:30,2025-09-23 12:25:00+05:30,2025-09-23 13:50:00+05:30,1504.1,1.5,0.0998269665912418,90.0,0.0,0.23,0.05,2.14,85.0,INFY,True,False
Buy,2025-09-23 12:35:00+05:30,55547.1,55645.45,55488.6,2025-09-23 14:05:00+05:30,2025-09-23 12:40:00+05:30,2025-09-23 14:20:00+05:30,55573.55,26.45000000000437,0.0476172473450537,105.0,0.0,0.18,0.11,0.45,100.0,BANKNIFTY,True,False
Buy,2025-09-23 13:35:00+05:30,25220.0,25251.75,25186.2,2025-09-23 14:05:00+05:30,2025-09-23 14:50:00+05:30,2025-09-23 14:50:00+05:30,25186.2,-33.79999999999927,-0.1340206185566981,75.0,0.0,0.13,0.13,-1.0,0.0,NIFTY,True,False
Buy,2025-09-23 14:20:00+05:30,1393.6,1394.0,1389.6,2025-09-23 14:40:00+05:30,2025-09-23 15:05:00+05:30,2025-09-23 15:05:00+05:30,1389.6,-4.0,-0.2870264064293915,45.0,0.0,0.03,0.29,-1.0,0.0,RELIANCE,True,False
Sell,2025-09-23 15:05:00+05:30,1496.6,1497.8,1496.6,2025-09-23 15:10:00+05:30,2025-09-23 15:05:00+05:30,2025-09-23 15:15:00+05:30,1497.3,-0.7000000000000455,-0.0467726847521078,10.0,0.0,0.0,0.08,-0.58,5.0,INFY,True,False
Sell,2025-09-24 09:15:00+05:30,1492.6,1493.6,1483.5,2025-09-24 09:25:00+05:30,2025-09-24 11:25:00+05:30,2025-09-24 11:50:00+05:30,1485.7,6.899999999999864,0.4622805842154538,155.0,0.0,0.61,0.07,6.9,145.0,INFY,True,False
Sell,2025-09-24 09:20:00+05:30,25083.95,25106.1,25031.9,2025-09-24 10:15:00+05:30,2025-09-24 11:05:00+05:30,2025-09-24 11:20:00+05:30,25055.45,28.5,0.1136184691804919,120.0,0.0,0.21,0.09,1.29,65.0,NIFTY,True,False
Sell,2025-09-24 09:35:00+05:30,55294.65,55338.6,55083.65,2025-09-24 10:05:00+05:30,2025-09-24 11:05:00+05:30,2025-09-24 12:05:00+05:30,55101.1,193.5500000000029,0.350033864035676,150.0,0.0,0.38,0.08,4.4,120.0,BANKNIFTY,True,False
Sell,2025-09-24 09:35:00+05:30,3042.5,3049.5,3041.3,2025-09-24 10:20:00+05:30,2025-09-24 09:40:00+05:30,2025-09-24 10:20:00+05:30,3049.5,-7.0,-0.2300739523418241,45.0,0.0,0.04,0.23,-1.0,0.0,TCS,True,False
Sell,2025-09-24 11:25:00+05:30,25064.05,25068.3,25064.05,2025-09-24 11:35:00+05:30,2025-09-24 11:25:00+05:30,2025-09-24 11:35:00+05:30,25068.3,-4.25,-0.0169565573001968,10.0,0.0,0.0,0.02,-1.0,0.0,NIFTY,True,False
Buy,2025-09-24 11:35:00+05:30,1391.5,1395.0,1391.5,2025-09-24 12:10:00+05:30,2025-09-24 11:35:00+05:30,2025-09-24 12:50:00+05:30,1392.6,1.099999999999909,0.0790513833992029,75.0,0.0,0.25,0.0,,75.0,RELIANCE,True,False
Sell,2025-09-24 14:35:00+05:30,1389.5,1389.5,1381.6,2025-09-24 14:35:00+05:30,2025-09-24 15:15:00+05:30,2025-09-24 15:15:00+05:30,1381.6,7.900000000000091,0.5685498380712551,40.0,0.0,0.57,0.0,,40.0,RELIANCE,True,False
Sell,2025-09-24 14:35:00+05:30,55142.85,55142.85,55061.1,2025-09-24 14:35:00+05:30,2025-09-24 14:55:00+05:30,2025-09-24 15:05:00+05:30,55136.05,6.799999999995634,0.0123316078149671,30.0,0.0,0.15,0.0,,30.0,BANKNIFTY,True,False
Sell,2025-09-24 14:50:00+05:30,25065.15,25066.15,25041.1,2025-09-24 15:00:00+05:30,2025-09-24 14:55:00+05:30,2025-09-24 15:15:00+05:30,25058.4,6.75,0.026929820886769,25.0,0.0,0.1,0.0,6.75,15.0,NIFTY,True,False
Buy,2025-09-24 15:05:00+05:30,1493.6,1495.4,1493.6,2025-09-24 15:15:00+05:30,2025-09-24 15:05:00+05:30,2025-09-24 15:15:00+05:30,1495.4,1.800000000000182,0.1205141938939596,10.0,0.0,0.12,0.0,,10.0,INFY,True,False
Sell,2025-09-24 15:05:00+05:30,3035.0,3036.2,3035.0,2025-09-24 15:10:00+05:30,2025-09-24 15:05:00+05:30,2025-09-24 15:15:00+05:30,3035.0,0.0,0.0,10.0,0.0,0.0,0.04,0.0,5.0,TCS,True,False
Sell,2025-09-24 15:10:00+05:30,55144.35,55144.35,55126.65,2025-09-24 15:10:00+05:30,2025-09-24 15:15:00+05:30,2025-09-24 15:15:00+05:30,55126.65,17.69999999999709,0.0320975766329589,5.0,0.0,0.03,0.0,,5.0,BANKNIFTY,True,False
Sell,2025-09-25 09:15:00+05:30,25054.4,25081.2,25006.4,2025-09-25 09:20:00+05:30,2025-09-25 11:00:00+05:30,2025-09-25 11:05:00+05:30,25013.2,41.20000000000073,0.1644421738297493,110.0,0.0,0.19,0.11,1.54,105.0,NIFTY,True,False
Buy,2025-09-25 09:15:00+05:30,1496.6,1502.6,1496.2,2025-09-25 09:40:00+05:30,2025-09-25 10:35:00+05:30,2025-09-25 10:35:00+05:30,1496.2,-0.3999999999998636,-0.026727248429765,80.0,0.0,0.4,0.03,-1.0,0.0,INFY,True,False
Sell,2025-09-25 09:15:00+05:30,1381.9,1383.3,1376.9,2025-09-25 09:20:00+05:30,2025-09-25 10:15:00+05:30,2025-09-25 10:50:00+05:30,1377.1,4.800000000000182,0.3473478544033708,95.0,0.0,0.36,0.1,3.43,90.0,RELIANCE,True,False
Sell,2025-09-25 09:15:00+05:30,3027.2,3028.4,3001.0,2025-09-25 09:20:00+05:30,2025-09-25 11:30:00+05:30,2025-09-25 11:35:00+05:30,3001.7,25.5,0.842362579281184,140.0,0.0,0.87,0.04,21.25,135.0,TCS,True,False
Sell,2025-09-25 11:10:00+05:30,25026.1,25035.25,25025.1,2025-09-25 11:20:00+05:30,2025-09-25 11:15:00+05:30,2025-09-25 11:20:00+05:30,25035.25,-9.150000000001455,-0.0365618294500599,10.0,0.0,0.0,0.04,-1.0,0.0,NIFTY,True,False
Sell,2025-09-25 11:50:00+05:30,24985.5,24987.35,24962.35,2025-09-25 12:15:00+05:30,2025-09-25 12:40:00+05:30,2025-09-25 12:50:00+05:30,24980.05,5.450000000000728,0.0218126513377788,60.0,0.0,0.09,0.01,2.95,35.0,NIFTY,True,False
Sell,2025-09-25 12:05:00+05:30,55035.45,55105.6,55035.45,2025-09-25 12:15:00+05:30,2025-09-25 12:05:00+05:30,2025-09-25 12:20:00+05:30,55087.4,-51.950000000004366,-0.0943937044214308,15.0,0.0,0.0,0.13,-0.74,5.0,BANKNIFTY,True,False
Sell,2025-09-25 12:05:00+05:30,1373.3,1376.1,1373.3,2025-09-25 12:20:00+05:30,2025-09-25 12:05:00+05:30,2025-09-25 12:20:00+05:30,1376.1,-2.7999999999999545,-0.2038884438942659,15.0,0.0,0.0,0.2,-1.0,0.0,RELIANCE,True,False
Sell,2025-09-25 12:10:00+05:30,2993.4,2994.9,2980.4,2025-09-25 12:25:00+05:30,2025-09-25 12:45:00+05:30,2025-09-25 13:05:00+05:30,2983.5,9.900000000000093,0.3307276007215905,55.0,0.0,0.43,0.05,6.6,40.0,TCS,True,False
Sell,2025-09-25 12:20:00+05:30,1492.1,1492.1,1478.8,2025-09-25 12:20:00+05:30,2025-09-25 14:00:00+05:30,2025-09-25 14:35:00+05:30,1486.1,6.0,0.4021178205214128,135.0,0.0,0.89,0.0,,135.0,INFY,True,False
Sell,2025-09-25 13:10:00+05:30,2987.1,2987.1,2961.2,2025-09-25 13:10:00+05:30,2025-09-25 14:50:00+05:30,2025-09-25 14:50:00+05:30,2961.2,25.90000000000009,0.8670616986374775,100.0,0.0,0.87,0.0,,100.0,TCS,True,False
Buy,2025-09-25 13:20:00+05:30,55182.45,55233.85,55168.75,2025-09-25 13:45:00+05:30,2025-09-25 14:20:00+05:30,2025-09-25 14:20:00+05:30,55168.75,-13.69999999999709,-0.0248267338619381,60.0,0.0,0.09,0.02,-1.0,0.0,BANKNIFTY,True,False
Sell,2025-09-25 14:35:00+05:30,24961.6,24961.6,24881.45,2025-09-25 14:35:00+05:30,2025-09-25 15:05:00+05:30,2025-09-25 15:15:00+05:30,24900.45,61.14999999999782,0.2449762835715572,40.0,0.0,0.32,0.0,,40.0,NIFTY,True,False
Sell,2025-09-25 15:05:00+05:30,54945.85,54951.35,54944.9,2025-09-25 15:15:00+05:30,2025-09-25 15:10:00+05:30,2025-09-25 15:15:00+05:30,54951.35,-5.5,-0.0100098551573958,10.0,0.0,0.0,0.01,-1.0,0.0,BANKNIFTY,True,False
Sell,2025-09-26 09:15:00+05:30,24816.0,24817.2,24775.35,2025-09-26 09:55:00+05:30,2025-09-26 10:15:00+05:30,2025-09-26 10:35:00+05:30,24795.55,20.450000000000728,0.0824065119277914,80.0,0.0,0.16,0.0,17.04,40.0,NIFTY,True,False
Sell,2025-09-26 09:15:00+05:30,54799.2,54799.2,54647.35,2025-09-26 09:15:00+05:30,2025-09-26 10:05:00+05:30,2025-09-26 10:35:00+05:30,54687.3,111.89999999999418,0.2042000613147531,80.0,0.0,0.28,0.0,,80.0,BANKNIFTY,True,False
Sell,2025-09-26 09:20:00+05:30,2935.8,2940.9,2921.1,2025-09-26 09:25:00+05:30,2025-09-26 09:40:00+05:30,2025-09-26 10:35:00+05:30,2930.0,5.800000000000182,0.1975611417671565,75.0,0.0,0.5,0.17,1.14,70.0,TCS,True,False
Sell,2025-09-26 09:20:00+05:30,1466.3,1467.7,1459.0,2025-09-26 09:25:00+05:30,2025-09-26 09:40:00+05:30,2025-09-26 10:35:00+05:30,1464.7,1.599999999999909,0.1091181886380624,75.0,0.0,0.5,0.1,1.14,70.0,INFY,True,False
Sell,2025-09-26 09:20:00+05:30,1369.9,1370.0,1366.3,2025-09-26 10:20:00+05:30,2025-09-26 09:30:00+05:30,2025-09-26 10:20:00+05:30,1370.0,-0.099999999999909,-0.0072998029053149,60.0,0.0,0.26,0.01,-1.0,0.0,RELIANCE,True,False
Buy,2025-09-26 11:35:00+05:30,1377.1,1381.2,1377.1,2025-09-26 11:50:00+05:30,2025-09-26 11:35:00+05:30,2025-09-26 13:05:00+05:30,1380.5,3.400000000000091,0.2468956502795796,90.0,0.0,0.3,0.0,,90.0,RELIANCE,True,False
Sell,2025-09-26 13:50:00+05:30,54374.4,54380.2,54335.0,2025-09-26 13:55:00+05:30,2025-09-26 14:20:00+05:30,2025-09-26 14:35:00+05:30,54365.85,8.55000000000291,0.0157243114406833,45.0,0.0,0.07,0.01,1.47,40.0,BANKNIFTY,True,False
Sell,2025-09-26 13:50:00+05:30,24680.2,24680.2,24630.35,2025-09-26 13:50:00+05:30,2025-09-26 14:50:00+05:30,2025-09-26 14:50:00+05:30,24630.35,49.85000000000218,0.201983776468595,60.0,0.0,0.2,0.0,,60.0,NIFTY,True,False
Sell,2025-09-26 14:05:00+05:30,1447.0,1449.5,1442.3,2025-09-26 14:45:00+05:30,2025-09-26 14:20:00+05:30,2025-09-26 14:50:00+05:30,1448.2,-1.2000000000000457,-0.0829302004146541,45.0,0.0,0.32,0.17,-0.48,5.0,INFY,True,False
Sell,2025-09-26 14:40:00+05:30,54406.9,54406.9,54326.95,2025-09-26 14:40:00+05:30,2025-09-26 14:50:00+05:30,2025-09-26 14:50:00+05:30,54326.95,79.95000000000437,0.1469482731050737,10.0,0.0,0.15,0.0,,10.0,BANKNIFTY,True,False
Sell,2025-09-26 15:05:00+05:30,1376.5,1377.9,1375.6,2025-09-26 15:15:00+05:30,2025-09-26 15:10:00+05:30,2025-09-26 15:15:00+05:30,1377.9,-1.400000000000091,-0.1017072284780305,10.0,0.0,0.07,0.1,-1.0,0.0,RELIANCE,True,False
Buy,2025-09-29 09:20:00+05:30,1383.2,1386.3,1382.4,2025-09-29 10:15:00+05:30,2025-09-29 10:35:00+05:30,2025-09-29 10:35:00+05:30,1382.4,-0.7999999999999545,-0.0578368999421598,75.0,0.0,0.22,0.06,-1.0,0.0,RELIANCE,True,False
Buy,2025-09-29 10:35:00+05:30,54625.9,54625.9,54533.35,2025-09-29 10:35:00+05:30,2025-09-29 10:50:00+05:30,2025-09-29 11:05:00+05:30,54584.95,-40.950000000004366,-0.0749644399451622,30.0,0.0,0.0,0.17,-0.44,15.0,BANKNIFTY,True,False
Buy,2025-09-29 11:10:00+05:30,1387.5,1387.5,1378.6,2025-09-29 11:10:00+05:30,2025-09-29 11:35:00+05:30,2025-09-29 11:35:00+05:30,1378.6,-8.900000000000091,-0.641441441441448,25.0,0.0,0.0,0.64,-1.0,0.0,RELIANCE,True,False
Sell,2025-09-29 12:05:00+05:30,54314.35,54410.25,54249.6,2025-09-29 13:05:00+05:30,2025-09-29 12:45:00+05:30,2025-09-29 13:05:00+05:30,54410.25,-95.90000000000146,-0.1765647568276182,60.0,0.0,0.12,0.18,-1.0,0.0,BANKNIFTY,True,False
Sell,2025-09-29 12:05:00+05:30,24643.5,24681.35,24613.5,2025-09-29 13:00:00+05:30,2025-09-29 12:40:00+05:30,2025-09-29 13:05:00+05:30,24661.55,-18.049999999999272,-0.073244466086389,60.0,0.0,0.12,0.15,-0.48,5.0,NIFTY,True,False
Sell,2025-09-29 12:05:00+05:30,1449.7,1449.9,1443.6,2025-09-29 12:20:00+05:30,2025-09-29 12:45:00+05:30,2025-09-29 12:50:00+05:30,1448.2,1.5,0.1034696833827688,45.0,0.0,0.42,0.01,7.5,30.0,INFY,True,False
Sell,2025-09-29 12:35:00+05:30,2896.4,2903.7,2896.3,2025-09-29 13:00:00+05:30,2025-09-29 12:40:00+05:30,2025-09-29 13:05:00+05:30,2901.9,-5.5,-0.1898908990470929,30.0,0.0,0.0,0.25,-0.75,5.0,TCS,True,False
Sell,2025-09-29 12:35:00+05:30,1374.3,1376.0,1372.2,2025-09-29 13:20:00+05:30,2025-09-29 12:45:00+05:30,2025-09-29 14:05:00+05:30,1374.9,-0.6000000000001364,-0.0436585898275585,90.0,0.0,0.15,0.12,-0.35,45.0,RELIANCE,True,False
Sell,2025-09-29 12:55:00+05:30,1449.5,1451.3,1449.5,2025-09-29 13:05:00+05:30,2025-09-29 12:55:00+05:30,2025-09-29 13:05:00+05:30,1451.3,-1.7999999999999543,-0.1241807519834394,10.0,0.0,0.0,0.12,-1.0,0.0,INFY,True,False
Buy,2025-09-29 13:50:00+05:30,54569.0,54655.75,54569.0,2025-09-29 14:00:00+05:30,2025-09-29 13:50:00+05:30,2025-09-29 14:35:00+05:30,54569.4,0.4000000000014552,0.0007330169143679,45.0,0.0,0.16,0.0,,45.0,BANKNIFTY,True,False
Sell,2025-09-29 15:05:00+05:30,1441.6,1441.6,1437.4,2025-09-29 15:05:00+05:30,2025-09-29 15:15:00+05:30,2025-09-29 15:15:00+05:30,1437.4,4.199999999999818,0.2913429522752371,10.0,0.0,0.29,0.0,,10.0,INFY,True,False
Sell,2025-09-29 15:05:00+05:30,1369.5,1377.0,1369.5,2025-09-29 15:10:00+05:30,2025-09-29 15:05:00+05:30,2025-09-29 15:15:00+05:30,1373.7,-4.2000000000000455,-0.3066812705366955,10.0,0.0,0.0,0.55,-0.56,5.0,RELIANCE,True,False
Sell,2025-09-30 09:15:00+05:30,1444.3,1444.3,1438.7,2025-09-30 09:15:00+05:30,2025-09-30 09:35:00+05:30,2025-09-30 09:50:00+05:30,1443.7,0.599999999999909,0.0415426158000352,35.0,0.0,0.39,0.0,,35.0,INFY,True,False
Buy,2025-09-30 09:20:00+05:30,54737.0,54737.0,54577.75,2025-09-30 09:20:00+05:30,2025-09-30 10:05:00+05:30,2025-09-30 10:05:00+05:30,54577.75,-159.25,-0.2909366607596324,45.0,0.0,0.0,0.29,-1.0,0.0,BANKNIFTY,True,False
Sell,2025-09-30 09:25:00+05:30,1367.5,1371.0,1363.1,2025-09-30 10:00:00+05:30,2025-09-30 10:35:00+05:30,2025-09-30 11:05:00+05:30,1365.6,1.900000000000091,0.1389396709323649,100.0,0.0,0.32,0.26,0.54,65.0,RELIANCE,True,False
Sell,2025-09-30 10:05:00+05:30,24644.15,24649.15,24598.15,2025-09-30 10:15:00+05:30,2025-09-30 10:35:00+05:30,2025-09-30 10:50:00+05:30,24628.0,16.150000000001455,0.0655327937867666,45.0,0.0,0.19,0.02,3.23,35.0,NIFTY,True,False
Sell,2025-09-30 10:55:00+05:30,24637.25,24663.15,24637.25,2025-09-30 11:05:00+05:30,2025-09-30 10:55:00+05:30,2025-09-30 11:05:00+05:30,24663.15,-25.90000000000145,-0.1051253691057299,10.0,0.0,0.0,0.11,-1.0,0.0,NIFTY,True,False
Sell,2025-09-30 11:10:00+05:30,1366.4,1367.3,1366.2,2025-09-30 11:15:00+05:30,2025-09-30 11:20:00+05:30,2025-09-30 11:20:00+05:30,1366.2,0.2000000000000454,0.0146370023419237,10.0,0.0,0.01,0.07,0.22,5.0,RELIANCE,True,False
Buy,2025-09-30 11:10:00+05:30,54645.25,54645.25,54583.3,2025-09-30 11:10:00+05:30,2025-09-30 11:20:00+05:30,2025-09-30 11:20:00+05:30,54583.3,-61.94999999999709,-0.1133675845567493,10.0,0.0,0.0,0.11,-1.0,0.0,BANKNIFTY,True,False
Buy,2025-09-30 11:25:00+05:30,54600.45,54651.85,54600.45,2025-09-30 11:35:00+05:30,2025-09-30 11:25:00+05:30,2025-09-30 11:50:00+05:30,54601.8,1.3500000000058208,0.0024725070947324,25.0,0.0,0.09,0.0,,25.0,BANKNIFTY,True,False
Buy,2025-09-30 12:10:00+05:30,54670.3,54749.55,54670.3,2025-09-30 12:30:00+05:30,2025-09-30 12:10:00+05:30,2025-09-30 13:20:00+05:30,54698.95,28.64999999999418,0.052405053566551,70.0,0.0,0.14,0.0,,70.0,BANKNIFTY,True,False
Buy,2025-09-30 12:50:00+05:30,2904.8,2908.4,2904.3,2025-09-30 13:05:00+05:30,2025-09-30 13:35:00+05:30,2025-09-30 13:35:00+05:30,2904.3,-0.5,-0.0172128890112916,45.0,0.0,0.12,0.02,-1.0,0.0,TCS,True,False
Sell,2025-09-30 14:05:00+05:30,2901.6,2901.6,2887.7,2025-09-30 14:05:00+05:30,2025-09-30 15:05:00+05:30,2025-09-30 15:15:00+05:30,2888.2,13.400000000000093,0.461814171491594,70.0,0.0,0.48,0.0,,70.0,TCS,True,False
Sell,2025-09-30 14:20:00+05:30,24620.85,24631.95,24612.0,2025-09-30 14:35:00+05:30,2025-09-30 14:25:00+05:30,2025-09-30 14:35:00+05:30,24631.95,-11.100000000002185,-0.0450837400008618,15.0,0.0,0.04,0.05,-1.0,0.0,NIFTY,True,False
Sell,2025-09-30 14:40:00+05:30,24640.3,24640.3,24626.6,2025-09-30 14:40:00+05:30,2025-09-30 14:45:00+05:30,2025-09-30 14:50:00+05:30,24631.25,9.049999999999272,0.0367284489231026,10.0,0.0,0.06,0.0,,10.0,NIFTY,True,False
Sell,2025-09-30 14:50:00+05:30,1440.8,1442.2,1440.7,2025-09-30 15:00:00+05:30,2025-09-30 14:55:00+05:30,2025-09-30 15:15:00+05:30,1440.8,0.0,0.0,25.0,0.0,0.01,0.1,0.0,15.0,INFY,True,False
Sell,2025-09-30 15:10:00+05:30,24614.85,24614.85,24607.4,2025-09-30 15:10:00+05:30,2025-09-30 15:15:00+05:30,2025-09-30 15:15:00+05:30,24607.4,7.44999999999709,0.0302662823458078,5.0,0.0,0.03,0.0,,5.0,NIFTY,True,False
Sell,2025-10-01 09:15:00+05:30,2888.6,2891.5,2868.8,2025-10-01 09:25:00+05:30,2025-10-01 10:45:00+05:30,2025-10-01 10:50:00+05:30,2874.5,14.099999999999907,0.488125735650485,95.0,0.0,0.69,0.1,4.86,85.0,TCS,True,False
Sell,2025-10-01 09:20:00+05:30,1431.2,1437.8,1428.2,2025-10-01 09:45:00+05:30,2025-10-01 10:05:00+05:30,2025-10-01 10:50:00+05:30,1435.0,-3.7999999999999545,-0.2655114589155921,90.0,0.0,0.21,0.46,-0.58,65.0,INFY,True,False
Buy,2025-10-01 09:35:00+05:30,54840.85,55365.85,54790.6,2025-10-01 12:00:00+05:30,2025-10-01 10:00:00+05:30,2025-10-01 12:20:00+05:30,55235.05,394.2000000000044,0.7188072394939253,165.0,0.0,0.96,0.09,7.84,140.0,BANKNIFTY,True,False
Buy,2025-10-01 09:35:00+05:30,1375.1,1377.6,1373.1,2025-10-01 09:40:00+05:30,2025-10-01 10:35:00+05:30,2025-10-01 10:35:00+05:30,1373.1,-2.0,-0.1454439677114391,60.0,0.0,0.18,0.15,-1.0,0.0,RELIANCE,True,False
Buy,2025-10-01 09:50:00+05:30,24673.3,24805.95,24641.4,2025-10-01 12:00:00+05:30,2025-10-01 10:00:00+05:30,2025-10-01 12:35:00+05:30,24777.1,103.79999999999929,0.4206976772462511,165.0,0.0,0.54,0.13,3.25,155.0,NIFTY,True,False
Sell,2025-10-01 10:55:00+05:30,2878.7,2884.6,2878.7,2025-10-01 11:05:00+05:30,2025-10-01 10:55:00+05:30,2025-10-01 11:05:00+05:30,2884.6,-5.900000000000091,-0.2049536249001317,10.0,0.0,0.0,0.2,-1.0,0.0,TCS,True,False
Buy,2025-10-01 12:00:00+05:30,1375.6,1375.6,1371.2,2025-10-01 12:00:00+05:30,2025-10-01 12:20:00+05:30,2025-10-01 12:20:00+05:30,1371.2,-4.399999999999864,-0.3198604245420081,20.0,0.0,0.0,0.32,-1.0,0.0,RELIANCE,True,False
Buy,2025-10-01 12:20:00+05:30,2894.3,2903.2,2893.0,2025-10-01 13:25:00+05:30,2025-10-01 12:40:00+05:30,2025-10-01 13:50:00+05:30,2898.1,3.799999999999727,0.1312925405106494,90.0,0.0,0.31,0.04,2.92,70.0,TCS,True,False
Sell,2025-10-01 13:05:00+05:30,1367.0,1367.1,1364.2,2025-10-01 13:10:00+05:30,2025-10-01 14:10:00+05:30,2025-10-01 14:35:00+05:30,1367.0,0.0,0.0,90.0,0.0,0.2,0.01,0.0,85.0,RELIANCE,True,False
Sell,2025-10-01 13:50:00+05:30,1432.5,1433.7,1432.4,2025-10-01 14:05:00+05:30,2025-10-01 14:00:00+05:30,2025-10-01 14:05:00+05:30,1433.7,-1.2000000000000457,-0.0837696335078565,15.0,0.0,0.01,0.08,-1.0,0.0,INFY,True,False
Buy,2025-10-01 14:10:00+05:30,24795.2,24864.6,24795.2,2025-10-01 14:45:00+05:30,2025-10-01 14:10:00+05:30,2025-10-01 15:05:00+05:30,24831.1,35.89999999999782,0.144786087629855,55.0,0.0,0.28,0.0,,55.0,NIFTY,True,False
Buy,2025-10-01 14:20:00+05:30,2910.8,2923.7,2910.7,2025-10-01 14:45:00+05:30,2025-10-01 15:10:00+05:30,2025-10-01 15:15:00+05:30,2915.2,4.399999999999636,0.1511611927992179,55.0,0.0,0.44,0.0,44.0,5.0,TCS,True,False
Buy,2025-10-01 14:35:00+05:30,1445.8,1449.3,1445.1,2025-10-01 14:45:00+05:30,2025-10-01 15:05:00+05:30,2025-10-01 15:15:00+05:30,1446.7,0.900000000000091,0.0622492737584791,40.0,0.0,0.24,0.05,1.29,10.0,INFY,True,False
Buy,2025-10-03 09:15:00+05:30,1435.7,1438.7,1435.7,2025-10-03 09:20:00+05:30,2025-10-03 09:15:00+05:30,2025-10-03 09:20:00+05:30,1438.7,3.0,0.2089573030577418,5.0,0.0,0.21,0.0,,5.0,INFY,True,False
Sell,2025-10-03 09:30:00+05:30,1365.1,1365.1,1358.9,2025-10-03 09:30:00+05:30,2025-10-03 11:45:00+05:30,2025-10-03 11:50:00+05:30,1359.9,5.199999999999818,0.3809244743974667,140.0,0.0,0.45,0.0,,140.0,RELIANCE,True,False
Sell,2025-10-03 11:05:00+05:30,2895.1,2902.4,2894.5,2025-10-03 11:50:00+05:30,2025-10-03 11:10:00+05:30,2025-10-03 11:50:00+05:30,2902.4,-7.300000000000182,-0.2521501847950047,45.0,0.0,0.02,0.25,-1.0,0.0,TCS,True,False
Buy,2025-10-03 11:05:00+05:30,1442.0,1445.3,1440.2,2025-10-03 11:50:00+05:30,2025-10-03 12:20:00+05:30,2025-10-03 12:20:00+05:30,1440.2,-1.7999999999999543,-0.1248266296809954,75.0,0.0,0.23,0.12,-1.0,0.0,INFY,True,False
Sell,2025-10-03 12:30:00+05:30,2893.3,2897.4,2893.3,2025-10-03 12:50:00+05:30,2025-10-03 12:30:00+05:30,2025-10-03 12:50:00+05:30,2897.4,-4.099999999999909,-0.1417067016901085,20.0,0.0,0.0,0.14,-1.0,0.0,TCS,True,False
Buy,2025-10-03 13:10:00+05:30,1443.9,1443.9,1443.0,2025-10-03 13:10:00+05:30,2025-10-03 13:20:00+05:30,2025-10-03 13:20:00+05:30,1443.0,-0.900000000000091,-0.0623311863702535,10.0,0.0,0.0,0.06,-1.0,0.0,INFY,True,False
Sell,2025-10-03 14:00:00+05:30,2896.3,2896.3,2894.3,2025-10-03 14:00:00+05:30,2025-10-03 14:10:00+05:30,2025-10-03 14:20:00+05:30,2896.1,0.2000000000002728,0.0069053620136129,20.0,0.0,0.07,0.0,,20.0,TCS,True,False
Sell,2025-10-03 14:25:00+05:30,2897.0,2902.3,2896.3,2025-10-03 14:35:00+05:30,2025-10-03 14:30:00+05:30,2025-10-03 14:35:00+05:30,2902.3,-5.300000000000182,-0.1829478771142624,10.0,0.0,0.02,0.18,-1.0,0.0,TCS,True,False
Buy,2025-10-03 14:40:00+05:30,1446.7,1448.0,1446.0,2025-10-03 14:55:00+05:30,2025-10-03 14:45:00+05:30,2025-10-03 15:15:00+05:30,1446.7,0.0,0.0,35.0,0.0,0.09,0.05,0.0,30.0,INFY,True,False
Buy,2025-10-03 14:50:00+05:30,24881.35,24899.8,24881.35,2025-10-03 15:05:00+05:30,2025-10-03 14:50:00+05:30,2025-10-03 15:15:00+05:30,24885.65,4.30000000000291,0.0172820204691582,25.0,0.0,0.07,0.0,,25.0,NIFTY,True,False
Buy,2025-10-03 15:05:00+05:30,2902.0,2902.0,2900.3,2025-10-03 15:05:00+05:30,2025-10-03 15:15:00+05:30,2025-10-03 15:15:00+05:30,2900.3,-1.699999999999818,-0.0585802894555416,10.0,0.0,0.0,0.06,-1.0,0.0,TCS,True,False
Buy,2025-10-06 09:15:00+05:30,2916.7,2955.6,2914.0,2025-10-06 10:35:00+05:30,2025-10-06 09:20:00+05:30,2025-10-06 11:20:00+05:30,2951.0,34.30000000000018,1.1759865601536046,125.0,0.0,1.33,0.09,12.7,120.0,TCS,True,False
Buy,2025-10-06 09:15:00+05:30,24927.05,25014.8,24901.85,2025-10-06 11:10:00+05:30,2025-10-06 09:25:00+05:30,2025-10-06 11:35:00+05:30,25006.55,79.5,0.3189306396063714,140.0,0.0,0.35,0.1,3.15,130.0,NIFTY,True,False
Buy,2025-10-06 09:15:00+05:30,1451.8,1467.5,1447.2,2025-10-06 11:30:00+05:30,2025-10-06 09:20:00+05:30,2025-10-06 12:05:00+05:30,1464.5,12.700000000000044,0.8747761399641856,170.0,0.0,1.08,0.32,2.76,165.0,INFY,True,False
Buy,2025-10-06 09:20:00+05:30,55818.3,56041.8,55793.25,2025-10-06 11:10:00+05:30,2025-10-06 09:25:00+05:30,2025-10-06 11:20:00+05:30,56020.15,201.84999999999852,0.3616197555282023,120.0,0.0,0.4,0.04,8.06,115.0,BANKNIFTY,True,False
Buy,2025-10-06 09:30:00+05:30,1362.9,1366.4,1362.9,2025-10-06 10:35:00+05:30,2025-10-06 09:30:00+05:30,2025-10-06 10:50:00+05:30,1364.5,1.599999999999909,0.1173967275662124,80.0,0.0,0.26,0.0,,80.0,RELIANCE,True,False
Buy,2025-10-06 11:20:00+05:30,1368.8,1369.3,1366.0,2025-10-06 11:40:00+05:30,2025-10-06 12:00:00+05:30,2025-10-06 12:05:00+05:30,1366.2,-2.599999999999909,-0.1899473991817584,45.0,0.0,0.04,0.2,-0.93,5.0,RELIANCE,True,False
Buy,2025-10-06 12:50:00+05:30,56116.9,56154.75,56116.9,2025-10-06 13:05:00+05:30,2025-10-06 12:50:00+05:30,2025-10-06 13:05:00+05:30,56154.75,37.84999999999855,0.0674484869976754,15.0,0.0,0.07,0.0,,15.0,BANKNIFTY,True,False
Buy,2025-10-06 13:00:00+05:30,25048.85,25080.5,25048.2,2025-10-06 13:35:00+05:30,2025-10-06 13:20:00+05:30,2025-10-06 14:05:00+05:30,25062.1,13.25,0.0528966399655074,65.0,0.0,0.13,0.0,20.38,45.0,NIFTY,True,False
Buy,2025-10-06 13:05:00+05:30,1371.7,1376.2,1371.7,2025-10-06 13:30:00+05:30,2025-10-06 13:05:00+05:30,2025-10-06 14:20:00+05:30,1372.7,1.0,0.0729022380987096,75.0,0.0,0.33,0.0,,75.0,RELIANCE,True,False
Buy,2025-10-06 13:10:00+05:30,56147.3,56147.3,56100.55,2025-10-06 13:10:00+05:30,2025-10-06 13:20:00+05:30,2025-10-06 13:20:00+05:30,56100.55,-46.75,-0.0832631310855553,10.0,0.0,0.0,0.08,-1.0,0.0,BANKNIFTY,True,False
Buy,2025-10-06 13:15:00+05:30,1464.0,1464.0,1464.0,2025-10-06 13:15:00+05:30,2025-10-06 13:15:00+05:30,2025-10-06 13:20:00+05:30,1464.0,0.0,0.0,5.0,0.0,0.0,0.0,,5.0,INFY,True,False
Buy,2025-10-06 13:35:00+05:30,1465.7,1470.3,1465.6,2025-10-06 14:05:00+05:30,2025-10-06 13:50:00+05:30,2025-10-06 14:20:00+05:30,1468.1,2.399999999999864,0.1637442860066769,45.0,0.0,0.31,0.01,24.0,30.0,INFY,True,False
Buy,2025-10-06 14:10:00+05:30,2978.5,2978.5,2977.0,2025-10-06 14:10:00+05:30,2025-10-06 14:15:00+05:30,2025-10-06 14:20:00+05:30,2978.2,-0.3000000000001819,-0.0100721839852335,10.0,0.0,0.0,0.05,-0.2,5.0,TCS,True,False
Buy,2025-10-06 14:25:00+05:30,1466.8,1476.3,1466.8,2025-10-06 15:15:00+05:30,2025-10-06 14:25:00+05:30,2025-10-06 15:15:00+05:30,1476.3,9.5,0.6476683937823834,50.0,0.0,0.65,0.0,,50.0,INFY,True,False
Buy,2025-10-06 14:25:00+05:30,2974.2,2991.2,2974.2,2025-10-06 15:10:00+05:30,2025-10-06 14:25:00+05:30,2025-10-06 15:15:00+05:30,2985.2,11.0,0.3698473539102952,50.0,0.0,0.57,0.0,,50.0,TCS,True,False
Buy,2025-10-07 09:15:00+05:30,1476.0,1476.0,1471.8,2025-10-07 09:15:00+05:30,2025-10-07 09:20:00+05:30,2025-10-07 09:20:00+05:30,1471.8,-4.2000000000000455,-0.2845528455284584,5.0,0.0,0.0,0.28,-1.0,0.0,INFY,True,False
Buy,2025-10-07 09:20:00+05:30,1381.1,1389.2,1381.0,2025-10-07 10:20:00+05:30,2025-10-07 09:30:00+05:30,2025-10-07 10:35:00+05:30,1385.7,4.600000000000136,0.3330678444718077,75.0,0.0,0.59,0.01,46.0,65.0,RELIANCE,True,False
Buy,2025-10-07 09:35:00+05:30,25133.1,25199.9,25133.1,2025-10-07 10:00:00+05:30,2025-10-07 09:35:00+05:30,2025-10-07 10:35:00+05:30,25183.45,50.35000000000218,0.2003334248461279,60.0,0.0,0.27,0.0,,60.0,NIFTY,True,False
Buy,2025-10-07 09:50:00+05:30,56328.25,56362.7,56304.7,2025-10-07 10:00:00+05:30,2025-10-07 10:15:00+05:30,2025-10-07 10:50:00+05:30,56325.8,-2.4499999999970896,-0.0043495049109409,60.0,0.0,0.06,0.04,-0.1,35.0,BANKNIFTY,True,False
Sell,2025-10-07 11:35:00+05:30,1461.0,1462.1,1457.3,2025-10-07 12:00:00+05:30,2025-10-07 12:20:00+05:30,2025-10-07 12:35:00+05:30,1460.7,0.2999999999999545,0.0205338809034876,60.0,0.0,0.25,0.08,0.27,35.0,INFY,True,False
Buy,2025-10-07 12:20:00+05:30,1387.2,1389.8,1387.2,2025-10-07 12:50:00+05:30,2025-10-07 12:20:00+05:30,2025-10-07 12:50:00+05:30,1389.8,2.599999999999909,0.1874279123414005,30.0,0.0,0.19,0.0,,30.0,RELIANCE,True,False
Sell,2025-10-07 12:20:00+05:30,2956.1,2960.0,2956.1,2025-10-07 12:35:00+05:30,2025-10-07 12:20:00+05:30,2025-10-07 12:35:00+05:30,2960.0,-3.900000000000091,-0.1319305842156926,15.0,0.0,0.0,0.13,-1.0,0.0,TCS,True,False
Buy,2025-10-07 13:30:00+05:30,1388.6,1395.4,1388.6,2025-10-07 13:40:00+05:30,2025-10-07 13:30:00+05:30,2025-10-07 14:20:00+05:30,1391.7,3.1000000000001364,0.2232464352585436,50.0,0.0,0.49,0.0,,50.0,RELIANCE,True,False
Buy,2025-10-07 14:05:00+05:30,1467.7,1468.9,1466.5,2025-10-07 14:10:00+05:30,2025-10-07 14:20:00+05:30,2025-10-07 14:20:00+05:30,1466.5,-1.2000000000000457,-0.0817605777747527,15.0,0.0,0.08,0.08,-1.0,0.0,INFY,True,False
Buy,2025-10-07 14:05:00+05:30,2983.1,2988.5,2974.5,2025-10-07 14:15:00+05:30,2025-10-07 14:50:00+05:30,2025-10-07 14:50:00+05:30,2974.5,-8.599999999999909,-0.288290704300892,45.0,0.0,0.18,0.29,-1.0,0.0,TCS,True,False
Sell,2025-10-07 14:40:00+05:30,1460.7,1463.2,1454.7,2025-10-07 14:45:00+05:30,2025-10-07 15:10:00+05:30,2025-10-07 15:15:00+05:30,1457.2,3.5,0.2396111453412747,35.0,0.0,0.41,0.17,1.4,30.0,INFY,True,False
Sell,2025-10-08 09:15:00+05:30,1481.9,1484.6,1481.9,2025-10-08 09:20:00+05:30,2025-10-08 09:15:00+05:30,2025-10-08 09:20:00+05:30,1484.6,-2.699999999999818,-0.182198528915569,5.0,0.0,0.0,0.18,-1.0,0.0,INFY,True,False
Sell,2025-10-08 09:15:00+05:30,25146.05,25174.7,25146.05,2025-10-08 09:20:00+05:30,2025-10-08 09:15:00+05:30,2025-10-08 09:20:00+05:30,25174.7,-28.65000000000145,-0.11393439526288,5.0,0.0,0.0,0.11,-1.0,0.0,NIFTY,True,False
Sell,2025-10-08 09:20:00+05:30,56244.35,56265.1,55857.55,2025-10-08 09:25:00+05:30,2025-10-08 11:10:00+05:30,2025-10-08 11:50:00+05:30,55946.1,298.25,0.5302754854487607,150.0,0.0,0.69,0.04,14.37,145.0,BANKNIFTY,True,False
Buy,2025-10-08 09:20:00+05:30,3013.0,3037.4,3013.0,2025-10-08 09:50:00+05:30,2025-10-08 09:20:00+05:30,2025-10-08 10:35:00+05:30,3028.2,15.199999999999818,0.5044805841354072,75.0,0.0,0.81,0.0,,75.0,TCS,True,False
Buy,2025-10-08 09:25:00+05:30,1487.5,1491.0,1484.2,2025-10-08 09:50:00+05:30,2025-10-08 10:20:00+05:30,2025-10-08 10:50:00+05:30,1487.0,-0.5,-0.0336134453781512,85.0,0.0,0.24,0.22,-0.15,30.0,INFY,True,False
Sell,2025-10-08 10:05:00+05:30,1381.9,1381.9,1366.5,2025-10-08 10:05:00+05:30,2025-10-08 12:20:00+05:30,2025-10-08 12:20:00+05:30,1366.5,15.400000000000093,1.1144076995441123,135.0,0.0,1.11,0.0,,135.0,RELIANCE,True,False
Sell,2025-10-08 10:35:00+05:30,25133.35,25133.35,25014.8,2025-10-08 10:35:00+05:30,2025-10-08 12:20:00+05:30,2025-10-08 12:20:00+05:30,25014.8,118.54999999999929,0.4716840373447999,105.0,0.0,0.47,0.0,,105.0,NIFTY,True,False
Buy,2025-10-08 13:05:00+05:30,1490.6,1495.5,1490.6,2025-10-08 13:15:00+05:30,2025-10-08 13:05:00+05:30,2025-10-08 13:50:00+05:30,1492.8,2.200000000000045,0.147591573862877,45.0,0.0,0.33,0.0,,45.0,INFY,True,False
Buy,2025-10-08 13:55:00+05:30,1492.7,1493.0,1490.1,2025-10-08 14:00:00+05:30,2025-10-08 14:05:00+05:30,2025-10-08 14:05:00+05:30,1490.1,-2.6000000000001364,-0.1741810142694537,10.0,0.0,0.02,0.17,-1.0,0.0,INFY,True,False
Sell,2025-10-08 14:25:00+05:30,1368.0,1369.5,1367.3,2025-10-08 14:50:00+05:30,2025-10-08 14:30:00+05:30,2025-10-08 14:50:00+05:30,1369.5,-1.5,-0.1096491228070175,25.0,0.0,0.05,0.11,-1.0,0.0,RELIANCE,True,False
Buy,2025-10-08 14:45:00+05:30,1495.9,1496.9,1495.9,2025-10-08 14:50:00+05:30,2025-10-08 14:45:00+05:30,2025-10-08 14:50:00+05:30,1496.9,1.0,0.0668493883280968,5.0,0.0,0.07,0.0,,5.0,INFY,True,False
Buy,2025-10-08 14:55:00+05:30,1495.5,1496.9,1495.3,2025-10-08 15:00:00+05:30,2025-10-08 15:05:00+05:30,2025-10-08 15:05:00+05:30,1495.3,-0.2000000000000454,-0.0133734536944196,10.0,0.0,0.09,0.01,-1.0,0.0,INFY,True,False
Sell,2025-10-08 15:05:00+05:30,25052.45,25052.45,25036.4,2025-10-08 15:05:00+05:30,2025-10-08 15:10:00+05:30,2025-10-08 15:15:00+05:30,25043.25,9.200000000000728,0.0367229552399095,10.0,0.0,0.06,0.0,,10.0,NIFTY,True,False
Sell,2025-10-09 09:15:00+05:30,25058.95,25105.15,25058.95,2025-10-09 09:20:00+05:30,2025-10-09 09:15:00+05:30,2025-10-09 09:20:00+05:30,25105.15,-46.20000000000073,-0.1843652667011216,5.0,0.0,0.0,0.18,-1.0,0.0,NIFTY,True,False
Sell,2025-10-09 09:35:00+05:30,56025.4,56025.4,55888.15,2025-10-09 09:35:00+05:30,2025-10-09 10:05:00+05:30,2025-10-09 10:20:00+05:30,55982.3,43.09999999999855,0.076929392739719,45.0,0.0,0.24,0.0,,45.0,BANKNIFTY,True,False
Buy,2025-10-09 09:35:00+05:30,1500.8,1500.8,1495.1,2025-10-09 09:35:00+05:30,2025-10-09 09:50:00+05:30,2025-10-09 09:50:00+05:30,1495.1,-5.7000000000000455,-0.3797974413646086,15.0,0.0,0.0,0.38,-1.0,0.0,INFY,True,False
Sell,2025-10-09 10:05:00+05:30,25042.9,25071.9,25041.8,2025-10-09 10:20:00+05:30,2025-10-09 10:10:00+05:30,2025-10-09 10:20:00+05:30,25071.9,-29.0,-0.1158012849949486,15.0,0.0,0.0,0.12,-1.0,0.0,NIFTY,True,False
Buy,2025-10-09 10:20:00+05:30,1375.5,1379.5,1373.7,2025-10-09 11:10:00+05:30,2025-10-09 10:50:00+05:30,2025-10-09 11:50:00+05:30,1378.3,2.7999999999999545,0.2035623409669178,90.0,0.0,0.29,0.13,1.56,60.0,RELIANCE,True,False
Buy,2025-10-09 11:05:00+05:30,25151.05,25174.7,25132.05,2025-10-09 11:45:00+05:30,2025-10-09 12:05:00+05:30,2025-10-09 12:20:00+05:30,25153.45,2.400000000001455,0.0095423451506058,75.0,0.0,0.09,0.08,0.13,15.0,NIFTY,True,False
Buy,2025-10-09 11:20:00+05:30,56161.2,56257.6,56129.15,2025-10-09 11:45:00+05:30,2025-10-09 12:35:00+05:30,2025-10-09 12:35:00+05:30,56129.15,-32.049999999995634,-0.0570678689201719,75.0,0.0,0.17,0.06,-1.0,0.0,BANKNIFTY,True,False
Buy,2025-10-09 11:50:00+05:30,1501.0,1511.4,1501.0,2025-10-09 12:45:00+05:30,2025-10-09 11:50:00+05:30,2025-10-09 13:05:00+05:30,1510.0,9.0,0.5996002664890073,75.0,0.0,0.69,0.0,,75.0,INFY,True,False
Buy,2025-10-09 11:55:00+05:30,1375.7,1376.6,1375.5,2025-10-09 12:00:00+05:30,2025-10-09 12:20:00+05:30,2025-10-09 12:20:00+05:30,1375.5,-0.2000000000000454,-0.0145380533546591,25.0,0.0,0.07,0.01,-1.0,0.0,RELIANCE,True,False
Buy,2025-10-09 12:35:00+05:30,3054.6,3057.3,3046.3,2025-10-09 12:40:00+05:30,2025-10-09 13:05:00+05:30,2025-10-09 13:05:00+05:30,3046.3,-8.299999999999727,-0.271721338309426,30.0,0.0,0.09,0.27,-1.0,0.0,TCS,True,False
Buy,2025-10-09 13:10:00+05:30,1505.0,1505.0,1501.7,2025-10-09 13:10:00+05:30,2025-10-09 13:20:00+05:30,2025-10-09 13:20:00+05:30,1501.7,-3.2999999999999545,-0.2192691029900302,10.0,0.0,0.0,0.22,-1.0,0.0,INFY,True,False
Buy,2025-10-09 13:45:00+05:30,56159.4,56238.3,56125.5,2025-10-09 14:05:00+05:30,2025-10-09 14:20:00+05:30,2025-10-09 14:20:00+05:30,56125.5,-33.900000000001455,-0.0603638927766348,35.0,0.0,0.14,0.06,-1.0,0.0,BANKNIFTY,True,False
Buy,2025-10-09 13:45:00+05:30,1376.3,1379.0,1373.9,2025-10-09 14:00:00+05:30,2025-10-09 14:20:00+05:30,2025-10-09 14:20:00+05:30,1373.9,-2.399999999999864,-0.1743805856281235,35.0,0.0,0.2,0.17,-1.0,0.0,RELIANCE,True,False
Buy,2025-10-09 13:55:00+05:30,25164.8,25174.0,25164.8,2025-10-09 14:00:00+05:30,2025-10-09 13:55:00+05:30,2025-10-09 14:05:00+05:30,25167.4,2.600000000002183,0.0103318921668448,10.0,0.0,0.04,0.0,,10.0,NIFTY,True,False
Buy,2025-10-09 14:10:00+05:30,25140.25,25140.25,25129.3,2025-10-09 14:10:00+05:30,2025-10-09 14:20:00+05:30,2025-10-09 14:20:00+05:30,25129.3,-10.950000000000728,-0.043555652787863,10.0,0.0,0.0,0.04,-1.0,0.0,NIFTY,True,False
Buy,2025-10-09 14:50:00+05:30,3057.9,3063.4,3057.9,2025-10-09 15:05:00+05:30,2025-10-09 14:50:00+05:30,2025-10-09 15:15:00+05:30,3063.4,5.5,0.1798619967951862,25.0,0.0,0.18,0.0,,25.0,TCS,True,False
Buy,2025-10-09 14:55:00+05:30,1376.5,1378.7,1376.5,2025-10-09 15:15:00+05:30,2025-10-09 14:55:00+05:30,2025-10-09 15:15:00+05:30,1378.7,2.200000000000045,0.1598256447511838,20.0,0.0,0.16,0.0,,20.0,RELIANCE,True,False
Buy,2025-10-09 15:00:00+05:30,25182.25,25196.7,25177.7,2025-10-09 15:05:00+05:30,2025-10-09 15:10:00+05:30,2025-10-09 15:15:00+05:30,25188.2,5.950000000000728,0.023627753675707,15.0,0.0,0.06,0.02,1.31,5.0,NIFTY,True,False
Buy,2025-10-09 15:05:00+05:30,56222.8,56222.8,56170.55,2025-10-09 15:05:00+05:30,2025-10-09 15:10:00+05:30,2025-10-09 15:15:00+05:30,56190.75,-32.05000000000291,-0.0570053430281005,10.0,0.0,0.0,0.09,-0.61,5.0,BANKNIFTY,True,False
Buy,2025-10-10 09:15:00+05:30,3055.0,3055.0,3040.2,2025-10-10 09:15:00+05:30,2025-10-10 09:20:00+05:30,2025-10-10 09:20:00+05:30,3040.2,-14.800000000000182,-0.4844517184942776,5.0,0.0,0.0,0.48,-1.0,0.0,TCS,True,False
Buy,2025-10-10 09:15:00+05:30,1381.9,1384.7,1381.6,2025-10-10 09:40:00+05:30,2025-10-10 09:55:00+05:30,2025-10-10 10:20:00+05:30,1382.7,0.7999999999999545,0.0578913090672229,65.0,0.0,0.2,0.02,2.67,25.0,RELIANCE,True,False
Buy,2025-10-10 09:15:00+05:30,1520.9,1520.9,1519.6,2025-10-10 09:15:00+05:30,2025-10-10 09:20:00+05:30,2025-10-10 09:20:00+05:30,1519.6,-1.300000000000182,-0.0854757051745796,5.0,0.0,0.0,0.09,-1.0,0.0,INFY,True,False
Buy,2025-10-10 09:15:00+05:30,25221.2,25309.95,25221.2,2025-10-10 11:10:00+05:30,2025-10-10 09:15:00+05:30,2025-10-10 11:20:00+05:30,25290.4,69.20000000000073,0.2743723534169696,125.0,0.0,0.35,0.0,,125.0,NIFTY,True,False
Buy,2025-10-10 09:20:00+05:30,56389.7,56641.9,56389.7,2025-10-10 11:10:00+05:30,2025-10-10 09:20:00+05:30,2025-10-10 11:20:00+05:30,56607.15,217.4500000000044,0.3856200689133022,120.0,0.0,0.45,0.0,,120.0,BANKNIFTY,True,False
Buy,2025-10-10 09:35:00+05:30,1511.4,1518.0,1509.2,2025-10-10 10:20:00+05:30,2025-10-10 09:50:00+05:30,2025-10-10 10:35:00+05:30,1515.1,3.699999999999818,0.2448061400026345,60.0,0.0,0.44,0.15,1.68,45.0,INFY,True,False
Sell,2025-10-10 11:05:00+05:30,3037.5,3037.5,3014.8,2025-10-10 11:05:00+05:30,2025-10-10 11:25:00+05:30,2025-10-10 12:35:00+05:30,3027.1,10.400000000000093,0.3423868312757231,90.0,0.0,0.75,0.0,,90.0,TCS,True,False
Buy,2025-10-10 11:20:00+05:30,1515.5,1516.6,1514.5,2025-10-10 11:30:00+05:30,2025-10-10 11:25:00+05:30,2025-10-10 11:35:00+05:30,1515.4,-0.099999999999909,-0.0065984823490537,15.0,0.0,0.07,0.07,-0.1,10.0,INFY,True,False
Buy,2025-10-10 12:50:00+05:30,1386.8,1387.8,1384.4,2025-10-10 13:30:00+05:30,2025-10-10 13:05:00+05:30,2025-10-10 13:50:00+05:30,1385.3,-1.5,-0.1081626766657052,60.0,0.0,0.07,0.17,-0.63,45.0,RELIANCE,True,False
Buy,2025-10-10 12:55:00+05:30,56699.4,56718.6,56683.35,2025-10-10 13:00:00+05:30,2025-10-10 13:05:00+05:30,2025-10-10 13:05:00+05:30,56683.35,-16.05000000000291,-0.028307177853739,10.0,0.0,0.03,0.03,-1.0,0.0,BANKNIFTY,True,False
Buy,2025-10-10 12:55:00+05:30,25313.9,25316.4,25302.1,2025-10-10 13:00:00+05:30,2025-10-10 13:05:00+05:30,2025-10-10 13:05:00+05:30,25302.1,-11.80000000000291,-0.0466147057545574,10.0,0.0,0.01,0.05,-1.0,0.0,NIFTY,True,False
Buy,2025-10-10 13:10:00+05:30,56670.5,56740.5,56670.5,2025-10-10 13:20:00+05:30,2025-10-10 13:10:00+05:30,2025-10-10 13:20:00+05:30,56740.5,70.0,0.1235210559285695,10.0,0.0,0.12,0.0,,10.0,BANKNIFTY,True,False
Buy,2025-10-10 13:25:00+05:30,56707.25,56752.05,56707.25,2025-10-10 13:35:00+05:30,2025-10-10 13:25:00+05:30,2025-10-10 13:35:00+05:30,56752.05,44.80000000000291,0.0790022439811539,10.0,0.0,0.08,0.0,,10.0,BANKNIFTY,True,False
Buy,2025-10-10 13:40:00+05:30,56729.55,56730.45,56724.75,2025-10-10 13:50:00+05:30,2025-10-10 13:45:00+05:30,2025-10-10 13:50:00+05:30,56730.45,0.8999999999941792,0.0015864747737187,10.0,0.0,0.0,0.01,0.19,5.0,BANKNIFTY,True,False
Sell,2025-10-10 14:00:00+05:30,3023.5,3023.5,3018.5,2025-10-10 14:00:00+05:30,2025-10-10 14:25:00+05:30,2025-10-10 14:50:00+05:30,3023.0,0.5,0.0165371258475277,50.0,0.0,0.17,0.0,,50.0,TCS,True,False
Sell,2025-10-13 09:20:00+05:30,1503.9,1503.9,1484.1,2025-10-13 09:20:00+05:30,2025-10-13 11:40:00+05:30,2025-10-13 11:50:00+05:30,1485.4,18.5,1.2301349823791474,150.0,0.0,1.32,0.0,,150.0,INFY,True,False
Sell,2025-10-13 09:20:00+05:30,1373.0,1374.9,1369.9,2025-10-13 09:45:00+05:30,2025-10-13 10:50:00+05:30,2025-10-13 11:05:00+05:30,1370.7,2.2999999999999545,0.1675163874726842,105.0,0.0,0.23,0.14,1.21,80.0,RELIANCE,True,False
Sell,2025-10-13 09:35:00+05:30,25201.9,25229.6,25185.55,2025-10-13 09:45:00+05:30,2025-10-13 10:20:00+05:30,2025-10-13 11:05:00+05:30,25196.75,5.150000000001455,0.0204349672048593,90.0,0.0,0.06,0.11,0.19,80.0,NIFTY,True,False
Sell,2025-10-13 09:50:00+05:30,56481.6,56543.4,56481.6,2025-10-13 10:20:00+05:30,2025-10-13 09:50:00+05:30,2025-10-13 10:20:00+05:30,56543.4,-61.80000000000291,-0.1094161638480547,30.0,0.0,0.0,0.11,-1.0,0.0,BANKNIFTY,True,False
Sell,2025-10-13 10:05:00+05:30,3020.5,3020.5,3001.0,2025-10-13 10:05:00+05:30,2025-10-13 10:55:00+05:30,2025-10-13 11:50:00+05:30,3005.9,14.599999999999907,0.4833636815096808,105.0,0.0,0.65,0.0,,105.0,TCS,True,False
Sell,2025-10-13 13:55:00+05:30,56552.8,56642.85,56552.8,2025-10-13 14:05:00+05:30,2025-10-13 13:55:00+05:30,2025-10-13 14:05:00+05:30,56642.85,-90.04999999999563,-0.1592317268110432,10.0,0.0,0.0,0.16,-1.0,0.0,BANKNIFTY,True,False
Buy,2025-10-13 14:20:00+05:30,56694.75,56733.2,56602.55,2025-10-13 14:25:00+05:30,2025-10-13 15:00:00+05:30,2025-10-13 15:05:00+05:30,56617.95,-76.80000000000291,-0.1354622782532825,45.0,0.0,0.07,0.16,-0.83,5.0,BANKNIFTY,True,False
Buy,2025-10-13 14:35:00+05:30,25247.7,25253.15,25215.5,2025-10-13 14:50:00+05:30,2025-10-13 15:00:00+05:30,2025-10-13 15:15:00+05:30,25227.7,-20.0,-0.0792151364282687,40.0,0.0,0.02,0.13,-0.62,15.0,NIFTY,True,False
Buy,2025-10-13 14:50:00+05:30,1375.8,1377.2,1374.2,2025-10-13 14:55:00+05:30,2025-10-13 15:00:00+05:30,2025-10-13 15:15:00+05:30,1376.0,0.2000000000000454,0.014536996656494,25.0,0.0,0.1,0.12,0.13,15.0,RELIANCE,True,False
Buy,2025-10-14 09:15:00+05:30,1385.0,1385.4,1376.2,2025-10-14 09:25:00+05:30,2025-10-14 10:00:00+05:30,2025-10-14 10:05:00+05:30,1377.4,-7.599999999999909,-0.5487364620938563,50.0,0.0,0.03,0.64,-0.86,5.0,RELIANCE,True,False
Buy,2025-10-14 09:20:00+05:30,25301.75,25301.75,25248.35,2025-10-14 09:20:00+05:30,2025-10-14 09:35:00+05:30,2025-10-14 09:35:00+05:30,25248.35,-53.400000000001455,-0.2110525951762287,15.0,0.0,0.0,0.21,-1.0,0.0,NIFTY,True,False
Buy,2025-10-14 09:25:00+05:30,1509.6,1511.1,1498.2,2025-10-14 09:30:00+05:30,2025-10-14 09:50:00+05:30,2025-10-14 09:50:00+05:30,1498.2,-11.399999999999864,-0.7551669316375109,25.0,0.0,0.1,0.76,-1.0,0.0,INFY,True,False
Buy,2025-10-14 09:40:00+05:30,25236.85,25236.85,25224.4,2025-10-14 09:40:00+05:30,2025-10-14 09:50:00+05:30,2025-10-14 09:50:00+05:30,25224.4,-12.44999999999709,-0.0493326227322232,10.0,0.0,0.0,0.05,-1.0,0.0,NIFTY,True,False
Sell,2025-10-14 09:50:00+05:30,56548.15,56571.65,56254.65,2025-10-14 10:40:00+05:30,2025-10-14 13:05:00+05:30,2025-10-14 13:05:00+05:30,56254.65,293.5,0.5190267055597751,195.0,0.0,0.52,0.04,12.49,145.0,BANKNIFTY,True,False
Buy,2025-10-14 09:55:00+05:30,1495.7,1495.7,1492.9,2025-10-14 09:55:00+05:30,2025-10-14 10:05:00+05:30,2025-10-14 10:05:00+05:30,1492.9,-2.7999999999999545,-0.1872033161730263,10.0,0.0,0.0,0.19,-1.0,0.0,INFY,True,False
Sell,2025-10-14 10:20:00+05:30,2996.9,2996.9,2958.8,2025-10-14 10:20:00+05:30,2025-10-14 13:10:00+05:30,2025-10-14 13:20:00+05:30,2961.0,35.90000000000009,1.1979045013180316,180.0,0.0,1.27,0.0,,180.0,TCS,True,False
Sell,2025-10-14 10:20:00+05:30,25194.2,25219.05,25066.3,2025-10-14 10:40:00+05:30,2025-10-14 12:40:00+05:30,2025-10-14 13:20:00+05:30,25096.45,97.75,0.3879861237903962,180.0,0.0,0.51,0.1,3.93,160.0,NIFTY,True,False
Buy,2025-10-14 11:00:00+05:30,1380.9,1380.9,1379.0,2025-10-14 11:00:00+05:30,2025-10-14 11:20:00+05:30,2025-10-14 11:20:00+05:30,1379.0,-1.900000000000091,-0.1375914258816779,20.0,0.0,0.0,0.14,-1.0,0.0,RELIANCE,True,False
Sell,2025-10-14 11:05:00+05:30,1491.8,1494.1,1488.2,2025-10-14 12:00:00+05:30,2025-10-14 11:20:00+05:30,2025-10-14 12:50:00+05:30,1491.0,0.7999999999999545,0.0536264914867914,105.0,0.0,0.24,0.15,0.35,50.0,INFY,True,False
Buy,2025-10-14 11:55:00+05:30,1381.0,1381.2,1378.4,2025-10-14 12:00:00+05:30,2025-10-14 12:05:00+05:30,2025-10-14 12:05:00+05:30,1378.4,-2.599999999999909,-0.1882693700217168,10.0,0.0,0.01,0.19,-1.0,0.0,RELIANCE,True,False
Sell,2025-10-14 12:35:00+05:30,1371.5,1375.0,1370.7,2025-10-14 13:30:00+05:30,2025-10-14 12:40:00+05:30,2025-10-14 13:35:00+05:30,1374.6,-3.099999999999909,-0.2260298942763331,60.0,0.0,0.06,0.26,-0.89,5.0,RELIANCE,True,False
Buy,2025-10-14 14:05:00+05:30,1495.7,1501.8,1493.4,2025-10-14 14:20:00+05:30,2025-10-14 14:50:00+05:30,2025-10-14 14:50:00+05:30,1493.4,-2.2999999999999545,-0.1537741525706996,45.0,0.0,0.41,0.15,-1.0,0.0,INFY,True,False
Buy,2025-10-14 15:05:00+05:30,56482.1,56504.5,56482.1,2025-10-14 15:15:00+05:30,2025-10-14 15:05:00+05:30,2025-10-14 15:15:00+05:30,56504.5,22.40000000000145,0.0396585820994641,10.0,0.0,0.04,0.0,,10.0,BANKNIFTY,True,False
Sell,2025-10-15 09:15:00+05:30,1484.2,1486.4,1470.4,2025-10-15 09:25:00+05:30,2025-10-15 10:05:00+05:30,2025-10-15 11:05:00+05:30,1470.4,13.799999999999956,0.9297938283250204,110.0,0.0,0.93,0.15,6.27,100.0,INFY,True,False
Buy,2025-10-15 09:20:00+05:30,1380.7,1380.7,1376.3,2025-10-15 09:20:00+05:30,2025-10-15 09:50:00+05:30,2025-10-15 09:50:00+05:30,1376.3,-4.400000000000091,-0.3186789309770472,30.0,0.0,0.0,0.32,-1.0,0.0,RELIANCE,True,False
Buy,2025-10-15 09:20:00+05:30,25242.55,25319.25,25216.1,2025-10-15 11:25:00+05:30,2025-10-15 10:00:00+05:30,2025-10-15 11:35:00+05:30,25304.15,61.60000000000218,0.2440323976777393,135.0,0.0,0.3,0.1,2.33,95.0,NIFTY,True,False
Buy,2025-10-15 09:20:00+05:30,56609.8,56812.15,56528.15,2025-10-15 10:55:00+05:30,2025-10-15 09:50:00+05:30,2025-10-15 11:35:00+05:30,56780.8,171.0,0.3020678398439846,135.0,0.0,0.36,0.14,2.09,105.0,BANKNIFTY,True,False
Buy,2025-10-15 10:25:00+05:30,1377.7,1379.1,1377.7,2025-10-15 10:55:00+05:30,2025-10-15 10:25:00+05:30,2025-10-15 11:20:00+05:30,1378.1,0.3999999999998636,0.0290338970748249,55.0,0.0,0.1,0.0,,55.0,RELIANCE,True,False
Buy,2025-10-15 12:35:00+05:30,1377.8,1381.8,1377.7,2025-10-15 13:30:00+05:30,2025-10-15 13:50:00+05:30,2025-10-15 13:50:00+05:30,1377.7,-0.099999999999909,-0.0072579474524538,75.0,0.0,0.29,0.01,-1.0,0.0,RELIANCE,True,False
Buy,2025-10-15 12:35:00+05:30,2971.4,2974.8,2969.4,2025-10-15 12:55:00+05:30,2025-10-15 13:10:00+05:30,2025-10-15 13:20:00+05:30,2969.7,-1.7000000000002728,-0.0572120885777839,45.0,0.0,0.11,0.07,-0.85,10.0,TCS,True,False
Buy,2025-10-15 13:00:00+05:30,56857.9,56904.1,56828.35,2025-10-15 13:30:00+05:30,2025-10-15 13:10:00+05:30,2025-10-15 13:50:00+05:30,56846.9,-11.0,-0.0193464760393894,50.0,0.0,0.08,0.05,-0.37,40.0,BANKNIFTY,True,False
Buy,2025-10-15 13:05:00+05:30,25331.2,25360.45,25325.5,2025-10-15 13:30:00+05:30,2025-10-15 13:10:00+05:30,2025-10-15 13:50:00+05:30,25342.4,11.200000000000728,0.0442142496210235,45.0,0.0,0.12,0.02,1.96,40.0,NIFTY,True,False
Sell,2025-10-15 14:05:00+05:30,1376.8,1376.8,1373.5,2025-10-15 14:05:00+05:30,2025-10-15 14:20:00+05:30,2025-10-15 15:15:00+05:30,1374.8,2.0,0.1452643811737362,70.0,0.0,0.24,0.0,,70.0,RELIANCE,True,False
Buy,2025-10-15 14:30:00+05:30,2972.8,2974.3,2967.9,2025-10-15 14:40:00+05:30,2025-10-15 14:45:00+05:30,2025-10-15 14:50:00+05:30,2970.4,-2.400000000000091,-0.0807319698600676,20.0,0.0,0.05,0.16,-0.49,5.0,TCS,True,False
Buy,2025-10-16 09:20:00+05:30,25413.6,25467.5,25413.6,2025-10-16 10:55:00+05:30,2025-10-16 09:20:00+05:30,2025-10-16 11:20:00+05:30,25451.0,37.400000000001455,0.1471652973211251,120.0,0.0,0.21,0.0,,120.0,NIFTY,True,False
Buy,2025-10-16 09:20:00+05:30,57099.1,57147.15,57017.8,2025-10-16 09:30:00+05:30,2025-10-16 10:05:00+05:30,2025-10-16 10:05:00+05:30,57017.8,-81.29999999999563,-0.1423840305714024,45.0,0.0,0.08,0.14,-1.0,0.0,BANKNIFTY,True,False
Sell,2025-10-16 09:35:00+05:30,2956.0,2956.0,2946.9,2025-10-16 09:35:00+05:30,2025-10-16 10:40:00+05:30,2025-10-16 10:50:00+05:30,2955.6,0.4000000000000909,0.013531799729367,75.0,0.0,0.31,0.0,,75.0,TCS,True,False
Sell,2025-10-16 09:35:00+05:30,1466.5,1469.3,1463.8,2025-10-16 10:45:00+05:30,2025-10-16 10:15:00+05:30,2025-10-16 10:50:00+05:30,1469.2,-2.700000000000045,-0.1841118308898769,75.0,0.0,0.18,0.19,-0.96,5.0,INFY,True,False
Buy,2025-10-16 09:35:00+05:30,1380.0,1380.8,1377.5,2025-10-16 09:45:00+05:30,2025-10-16 10:05:00+05:30,2025-10-16 10:05:00+05:30,1377.5,-2.5,-0.181159420289855,30.0,0.0,0.06,0.18,-1.0,0.0,RELIANCE,True,False
Buy,2025-10-16 10:10:00+05:30,1377.0,1379.5,1377.0,2025-10-16 10:30:00+05:30,2025-10-16 10:10:00+05:30,2025-10-16 11:05:00+05:30,1378.5,1.5,0.1089324618736383,55.0,0.0,0.18,0.0,,55.0,RELIANCE,True,False
Buy,2025-10-16 10:10:00+05:30,57005.5,57134.05,57005.5,2025-10-16 11:00:00+05:30,2025-10-16 10:10:00+05:30,2025-10-16 11:05:00+05:30,57113.15,107.65000000000146,0.1888414275815517,55.0,0.0,0.23,0.0,,55.0,BANKNIFTY,True,False
Buy,2025-10-16 11:50:00+05:30,1379.3,1386.1,1379.3,2025-10-16 12:50:00+05:30,2025-10-16 11:50:00+05:30,2025-10-16 13:20:00+05:30,1382.0,2.700000000000045,0.1957514681360143,90.0,0.0,0.49,0.0,,90.0,RELIANCE,True,False
Buy,2025-10-16 12:25:00+05:30,25496.0,25621.0,25496.0,2025-10-16 14:55:00+05:30,2025-10-16 12:25:00+05:30,2025-10-16 15:05:00+05:30,25584.55,88.54999999999927,0.3473093818638189,160.0,0.0,0.49,0.0,,160.0,NIFTY,True,False
Buy,2025-10-16 12:25:00+05:30,57219.8,57498.5,57206.4,2025-10-16 14:35:00+05:30,2025-10-16 12:45:00+05:30,2025-10-16 14:50:00+05:30,57468.9,249.09999999999852,0.4353388162838712,145.0,0.0,0.49,0.02,18.59,125.0,BANKNIFTY,True,False
Buy,2025-10-16 13:50:00+05:30,2962.5,2972.9,2962.5,2025-10-16 15:00:00+05:30,2025-10-16 13:50:00+05:30,2025-10-16 15:15:00+05:30,2970.3,7.800000000000182,0.2632911392405124,85.0,0.0,0.35,0.0,,85.0,TCS,True,False
Buy,2025-10-16 14:00:00+05:30,1388.2,1400.2,1388.2,2025-10-16 14:50:00+05:30,2025-10-16 14:00:00+05:30,2025-10-16 15:15:00+05:30,1396.8,8.599999999999909,0.6195072756086953,75.0,0.0,0.86,0.0,,75.0,RELIANCE,True,False
Buy,2025-10-16 14:50:00+05:30,1470.9,1474.2,1470.9,2025-10-16 15:15:00+05:30,2025-10-16 14:50:00+05:30,2025-10-16 15:15:00+05:30,1474.2,3.2999999999999545,0.2243524372832928,25.0,0.0,0.22,0.0,,25.0,INFY,True,False
Buy,2025-10-17 09:20:00+05:30,1406.1,1417.2,1399.6,2025-10-17 11:15:00+05:30,2025-10-17 09:45:00+05:30,2025-10-17 11:20:00+05:30,1417.0,10.900000000000093,0.7751937984496189,120.0,0.0,0.79,0.46,1.68,95.0,RELIANCE,True,False
Sell,2025-10-17 09:20:00+05:30,1451.7,1453.3,1441.2,2025-10-17 09:25:00+05:30,2025-10-17 10:35:00+05:30,2025-10-17 11:05:00+05:30,1444.6,7.100000000000136,0.4890817662051482,105.0,0.0,0.72,0.11,4.44,100.0,INFY,True,False
Buy,2025-10-17 09:20:00+05:30,2974.8,2974.8,2960.5,2025-10-17 09:20:00+05:30,2025-10-17 09:45:00+05:30,2025-10-17 09:50:00+05:30,2963.0,-11.800000000000182,-0.3966653220384624,30.0,0.0,0.0,0.48,-0.83,5.0,TCS,True,False
Buy,2025-10-17 09:45:00+05:30,25576.3,25593.45,25576.3,2025-10-17 09:50:00+05:30,2025-10-17 09:45:00+05:30,2025-10-17 09:50:00+05:30,25593.45,17.150000000001455,0.0670542650813505,5.0,0.0,0.07,0.0,,5.0,NIFTY,True,False
Buy,2025-10-17 10:10:00+05:30,25670.15,25769.2,25670.15,2025-10-17 11:30:00+05:30,2025-10-17 10:10:00+05:30,2025-10-17 11:50:00+05:30,25741.55,71.39999999999782,0.278144070058016,100.0,0.0,0.39,0.0,,100.0,NIFTY,True,False
Buy,2025-10-17 10:20:00+05:30,2979.0,2979.0,2965.2,2025-10-17 10:20:00+05:30,2025-10-17 10:35:00+05:30,2025-10-17 10:35:00+05:30,2965.2,-13.800000000000182,-0.4632426988922518,15.0,0.0,0.0,0.46,-1.0,0.0,TCS,True,False
Buy,2025-10-17 10:35:00+05:30,57619.2,57809.35,57597.95,2025-10-17 11:10:00+05:30,2025-10-17 10:45:00+05:30,2025-10-17 11:50:00+05:30,57728.45,109.25,0.1896069365766966,75.0,0.0,0.33,0.04,5.14,65.0,BANKNIFTY,True,False
Buy,2025-10-17 10:50:00+05:30,2977.5,2987.0,2977.5,2025-10-17 11:25:00+05:30,2025-10-17 10:50:00+05:30,2025-10-17 11:35:00+05:30,2981.1,3.599999999999909,0.1209068010075536,45.0,0.0,0.32,0.0,,45.0,TCS,True,False
Buy,2025-10-17 11:25:00+05:30,1415.3,1416.9,1415.3,2025-10-17 11:30:00+05:30,2025-10-17 11:25:00+05:30,2025-10-17 11:35:00+05:30,1416.3,1.0,0.0706563979368331,10.0,0.0,0.11,0.0,,10.0,RELIANCE,True,False
Buy,2025-10-17 11:40:00+05:30,2974.0,2974.0,2964.4,2025-10-17 11:40:00+05:30,2025-10-17 11:50:00+05:30,2025-10-17 11:50:00+05:30,2964.4,-9.599999999999907,-0.3227975790181543,10.0,0.0,0.0,0.32,-1.0,0.0,TCS,True,False
Buy,2025-10-17 12:25:00+05:30,1421.6,1421.6,1420.1,2025-10-17 12:25:00+05:30,2025-10-17 12:35:00+05:30,2025-10-17 12:35:00+05:30,1420.1,-1.5,-0.1055149127743387,10.0,0.0,0.0,0.11,-1.0,0.0,RELIANCE,True,False
Sell,2025-10-17 12:50:00+05:30,1440.5,1440.5,1435.4,2025-10-17 12:50:00+05:30,2025-10-17 13:50:00+05:30,2025-10-17 13:50:00+05:30,1435.4,5.099999999999909,0.3540437348142943,60.0,0.0,0.35,0.0,,60.0,INFY,True,False
Sell,2025-10-17 13:05:00+05:30,2958.6,2968.9,2958.6,2025-10-17 13:45:00+05:30,2025-10-17 13:05:00+05:30,2025-10-17 13:50:00+05:30,2964.4,-5.800000000000182,-0.1960386669370709,45.0,0.0,0.0,0.35,-0.56,5.0,TCS,True,False
Sell,2025-10-17 13:55:00+05:30,1437.9,1438.7,1437.9,2025-10-17 14:05:00+05:30,2025-10-17 13:55:00+05:30,2025-10-17 14:05:00+05:30,1438.7,-0.7999999999999545,-0.0556366923986337,10.0,0.0,0.0,0.06,-1.0,0.0,INFY,True,False
Sell,2025-10-17 14:35:00+05:30,2962.5,2963.1,2961.3,2025-10-17 15:05:00+05:30,2025-10-17 14:50:00+05:30,2025-10-17 15:15:00+05:30,2961.7,0.8000000000001819,0.0270042194092888,40.0,0.0,0.04,0.02,1.33,10.0,TCS,True,False
Buy,2025-10-20 09:20:00+05:30,57998.5,58228.05,57925.2,2025-10-20 10:45:00+05:30,2025-10-20 09:50:00+05:30,2025-10-20 11:20:00+05:30,58163.8,165.3000000000029,0.2850073708802864,120.0,0.0,0.4,0.13,2.26,90.0,BANKNIFTY,True,False
Buy,2025-10-20 09:20:00+05:30,1460.3,1466.3,1451.9,2025-10-20 10:55:00+05:30,2025-10-20 09:25:00+05:30,2025-10-20 11:05:00+05:30,1463.3,3.0,0.2054372389235088,105.0,0.0,0.41,0.58,0.36,100.0,RELIANCE,True,False
Buy,2025-10-20 09:20:00+05:30,25859.15,25883.85,25808.55,2025-10-20 10:45:00+05:30,2025-10-20 09:55:00+05:30,2025-10-20 11:20:00+05:30,25847.7,-11.450000000000728,-0.0442783308809482,120.0,0.0,0.1,0.2,-0.23,85.0,NIFTY,True,False
Buy,2025-10-20 09:35:00+05:30,2988.3,3002.0,2988.3,2025-10-20 10:15:00+05:30,2025-10-20 09:35:00+05:30,2025-10-20 11:20:00+05:30,2998.8,10.5,0.3513703443429374,105.0,0.0,0.46,0.0,,105.0,TCS,True,False
Buy,2025-10-20 09:35:00+05:30,1459.0,1465.5,1458.2,2025-10-20 10:10:00+05:30,2025-10-20 10:30:00+05:30,2025-10-20 10:50:00+05:30,1459.0,0.0,0.0,75.0,0.0,0.45,0.05,0.0,20.0,INFY,True,False
Buy,2025-10-20 12:15:00+05:30,3007.4,3022.0,3007.0,2025-10-20 13:15:00+05:30,2025-10-20 12:20:00+05:30,2025-10-20 13:35:00+05:30,3017.6,10.199999999999818,0.3391633969541736,80.0,0.0,0.49,0.01,25.5,75.0,TCS,True,False
Buy,2025-10-21 13:50:00+05:30,1477.0,1542.9,1470.7,2025-10-23 10:40:00+05:30,2025-10-21 14:30:00+05:30,2025-10-23 11:05:00+05:30,1542.4,65.40000000000009,4.427894380501022,2715.0,0.0,4.46,0.43,10.38,2675.0,INFY,True,False
Sell,2025-10-21 14:35:00+05:30,57934.65,58267.25,57908.5,2025-10-23 09:20:00+05:30,2025-10-21 14:40:00+05:30,2025-10-23 09:20:00+05:30,58267.25,-332.59999999999854,-0.5740951226942745,2565.0,0.0,0.05,0.57,-1.0,0.0,BANKNIFTY,True,False
Buy,2025-10-23 09:20:00+05:30,26028.55,26095.9,26028.55,2025-10-23 10:10:00+05:30,2025-10-23 09:20:00+05:30,2025-10-23 10:50:00+05:30,26053.2,24.65000000000145,0.0947037003598028,90.0,0.0,0.26,0.0,,90.0,NIFTY,True,False
Buy,2025-10-23 09:35:00+05:30,3041.9,3091.0,3040.9,2025-10-23 11:15:00+05:30,2025-10-23 09:50:00+05:30,2025-10-23 11:35:00+05:30,3086.4,44.5,1.4629014760511525,120.0,0.0,1.61,0.03,44.5,105.0,TCS,True,False
Buy,2025-10-23 09:35:00+05:30,58440.6,58536.1,58429.55,2025-10-23 10:15:00+05:30,2025-10-23 09:40:00+05:30,2025-10-23 10:50:00+05:30,58443.3,2.7000000000043656,0.00462007576925,75.0,0.0,0.16,0.02,0.24,70.0,BANKNIFTY,True,False
Sell,2025-10-23 11:20:00+05:30,1461.3,1464.1,1458.8,2025-10-23 11:50:00+05:30,2025-10-23 11:25:00+05:30,2025-10-23 12:05:00+05:30,1464.1,-2.7999999999999545,-0.1916102100869058,45.0,0.0,0.17,0.19,-1.0,15.0,RELIANCE,True,False
Sell,2025-10-23 13:50:00+05:30,1464.4,1464.4,1446.5,2025-10-23 13:50:00+05:30,2025-10-23 15:10:00+05:30,2025-10-23 15:15:00+05:30,1447.8,16.600000000000136,1.133570062824374,85.0,0.0,1.22,0.0,,85.0,RELIANCE,True,False
Sell,2025-10-23 14:20:00+05:30,58107.6,58263.45,58030.8,2025-10-23 14:50:00+05:30,2025-10-23 15:10:00+05:30,2025-10-23 15:15:00+05:30,58091.8,15.799999999995634,0.0271909354370093,55.0,0.0,0.13,0.27,0.1,25.0,BANKNIFTY,True,False
Sell,2025-10-23 14:20:00+05:30,25946.95,25982.55,25865.35,2025-10-23 14:45:00+05:30,2025-10-23 15:10:00+05:30,2025-10-23 15:15:00+05:30,25900.3,46.650000000001455,0.1797899175047605,55.0,0.0,0.31,0.14,1.31,30.0,NIFTY,True,False
